account_id,outstanding,n_phones,n_callable,best_available_rpc_probability,recommended_first_contact,expected_value_of_trace_inr,skip_trace_decision,skip_trace_reasoning,skip_trace_score
AC000001,737000.0,2,2,0.2888963585434174,PH000612,736.1800000000002,DO NOT TRACE,EV(trace)=INR736 negative yield or active callable contact points available. EV(trace)=0.228x0.05xINR737000x0.1-INR104=INR736,524083.38375350134
AC000002,284200.0,3,3,0.029643721318314557,PH000581,219.98800000000006,TRACE,All contacts have poor connection likelihood P(RPC)<15.00%. EV(trace)=0.228x0.05xINR284200x0.1-INR104=INR220. Trace justified.,275775.25440133497
AC000003,766700.0,3,3,0.9424911297852473,PH000615,770.0380000000001,DO NOT TRACE,Viable contact exists P(RPC)=94.25%>=40.00%. EV(trace)=0.228x0.05xINR766700x0.1-INR104=INR770,44092.0507936509
AC000004,160200.0,2,2,0.9424911297852473,PH000618,78.62800000000001,DO NOT TRACE,Viable contact exists P(RPC)=94.25%>=40.00%. EV(trace)=0.228x0.05xINR160200x0.1-INR104=INR79,9212.921008403384
AC000005,63200.0,2,1,0.9891764705882353,PH000620,-31.951999999999998,DO NOT TRACE,Viable contact exists P(RPC)=98.92%>=40.00%. EV(trace)=0.228x0.05xINR63200x0.1-INR104=INR-32,684.0470588235275
AC000006,89250.0,3,2,0.9745437518290897,PH000622,-2.2549999999999955,DO NOT TRACE,Viable contact exists P(RPC)=97.45%>=40.00%. EV(trace)=0.228x0.05xINR89250x0.1-INR104=INR-2,2271.9701492537442
AC000007,197000.0,2,2,0.8257777777777777,PH000625,120.58000000000004,DO NOT TRACE,Viable contact exists P(RPC)=82.58%>=40.00%. EV(trace)=0.228x0.05xINR197000x0.1-INR104=INR121,34321.77777777779
AC000008,339300.0,3,3,0.9745437518290897,PH000627,282.802,DO NOT TRACE,Viable contact exists P(RPC)=97.45%>=40.00%. EV(trace)=0.228x0.05xINR339300x0.1-INR104=INR283,8637.305004389866
AC000009,37700.0,2,1,0.9891764705882353,PH000631,-61.02199999999999,DO NOT TRACE,Viable contact exists P(RPC)=98.92%>=40.00%. EV(trace)=0.228x0.05xINR37700x0.1-INR104=INR-61,408.0470588235283
AC000010,73200.0,3,1,0.9745437518290897,PH000632,-20.551999999999992,DO NOT TRACE,Viable contact exists P(RPC)=97.45%>=40.00%. EV(trace)=0.228x0.05xINR73200x0.1-INR104=INR-21,1863.397366110634
AC000011,16100.0,3,1,0.9891764705882353,PH000635,-85.646,DO NOT TRACE,Viable contact exists P(RPC)=98.92%>=40.00%. EV(trace)=0.228x0.05xINR16100x0.1-INR104=INR-86,174.2588235294113
AC000012,161950.0,2,2,0.2888963585434174,PH000638,80.62300000000002,DO NOT TRACE,EV(trace)=INR81 negative yield or active callable contact points available. EV(trace)=0.228x0.05xINR161950x0.1-INR104=INR81,115163.23473389355
AC000013,545400.0,1,1,0.9891764705882353,PH000639,517.7560000000001,DO NOT TRACE,Viable contact exists P(RPC)=98.92%>=40.00%. EV(trace)=0.228x0.05xINR545400x0.1-INR104=INR518,5903.152941176454
AC000014,186300.0,2,2,0.9891764705882353,PH000640,108.38200000000003,DO NOT TRACE,Viable contact exists P(RPC)=98.92%>=40.00%. EV(trace)=0.228x0.05xINR186300x0.1-INR104=INR108,2016.423529411759
AC000015,322000.0,3,3,0.9745437518290897,PH000643,263.08000000000004,DO NOT TRACE,Viable contact exists P(RPC)=97.45%>=40.00%. EV(trace)=0.228x0.05xINR322000x0.1-INR104=INR263,8196.911911033118
AC000016,112700.0,3,1,0.029643721318314557,PH000646,24.47800000000001,TRACE,All contacts have poor connection likelihood P(RPC)<15.00%. EV(trace)=0.228x0.05xINR112700x0.1-INR104=INR24. Trace justified.,109359.15260742595
AC000017,340800.0,4,4,0.9424911297852473,PH000648,284.51200000000006,DO NOT TRACE,Viable contact exists P(RPC)=94.25%>=40.00%. EV(trace)=0.228x0.05xINR340800x0.1-INR104=INR285,19599.02296918772
AC000018,1451100.0,3,3,0.9891764705882353,PH000651,1550.2540000000001,DO NOT TRACE,Viable contact exists P(RPC)=98.92%>=40.00%. EV(trace)=0.228x0.05xINR1451100x0.1-INR104=INR1550,15706.023529411721
AC000019,81400.0,2,2,0.9745437518290897,PH000654,-11.203999999999994,DO NOT TRACE,Viable contact exists P(RPC)=97.45%>=40.00%. EV(trace)=0.228x0.05xINR81400x0.1-INR104=INR-11,2072.1386011120985
AC000020,274550.0,2,2,0.9424911297852473,PH000657,208.98700000000002,DO NOT TRACE,Viable contact exists P(RPC)=94.25%>=40.00%. EV(trace)=0.228x0.05xINR274550x0.1-INR104=INR209,15789.060317460355
AC000021,18800.0,1,1,0.9891764705882353,PH000658,-82.568,DO NOT TRACE,Viable contact exists P(RPC)=98.92%>=40.00%. EV(trace)=0.228x0.05xINR18800x0.1-INR104=INR-83,203.48235294117592
AC000022,37700.0,2,2,0.9745437518290897,PH000659,-61.02199999999999,DO NOT TRACE,Viable contact exists P(RPC)=97.45%>=40.00%. EV(trace)=0.228x0.05xINR37700x0.1-INR104=INR-61,959.7005560433183
AC000023,256800.0,3,3,0.9745437518290897,PH000660,188.752,DO NOT TRACE,Viable contact exists P(RPC)=97.45%>=40.00%. EV(trace)=0.228x0.05xINR256800x0.1-INR104=INR189,6537.164530289765
AC000024,272800.0,3,3,0.9891764705882353,PH000664,206.99200000000002,DO NOT TRACE,Viable contact exists P(RPC)=98.92%>=40.00%. EV(trace)=0.228x0.05xINR272800x0.1-INR104=INR207,2952.658823529404
AC000025,160200.0,3,3,0.9745437518290897,PH005861,78.62800000000001,DO NOT TRACE,Viable contact exists P(RPC)=97.45%>=40.00%. EV(trace)=0.228x0.05xINR160200x0.1-INR104=INR79,4078.09095697983
AC000026,49300.0,4,1,0.8491204481792716,PH000668,-47.798,DO NOT TRACE,Viable contact exists P(RPC)=84.91%>=40.00%. EV(trace)=0.228x0.05xINR49300x0.1-INR104=INR-48,7438.361904761911
AC000027,104000.0,3,2,0.9745437518290897,PH000672,14.560000000000016,DO NOT TRACE,Viable contact exists P(RPC)=97.45%>=40.00%. EV(trace)=0.228x0.05xINR104000x0.1-INR104=INR15,2647.4498097746714
AC000028,1310400.0,2,2,0.9745437518290897,PH000674,1389.8560000000002,DO NOT TRACE,Viable contact exists P(RPC)=97.45%>=40.00%. EV(trace)=0.228x0.05xINR1310400x0.1-INR104=INR1390,33357.867603160856
AC000029,121600.0,3,3,0.9891764705882353,PH000676,34.623999999999995,DO NOT TRACE,Viable contact exists P(RPC)=98.92%>=40.00%. EV(trace)=0.228x0.05xINR121600x0.1-INR104=INR35,1316.1411764705847
AC000030,47600.0,3,3,0.9745437518290897,PH000679,-49.736,DO NOT TRACE,Viable contact exists P(RPC)=97.45%>=40.00%. EV(trace)=0.228x0.05xINR47600x0.1-INR104=INR-50,1211.7174129353302
AC000031,142500.0,3,3,0.9745437518290897,PH000682,58.45000000000002,DO NOT TRACE,Viable contact exists P(RPC)=97.45%>=40.00%. EV(trace)=0.228x0.05xINR142500x0.1-INR104=INR58,3627.515364354718
AC000032,98600.0,3,1,0.8911372549019607,PH000686,8.403999999999996,DO NOT TRACE,Viable contact exists P(RPC)=89.11%>=40.00%. EV(trace)=0.228x0.05xINR98600x0.1-INR104=INR8,10733.866666666674
AC000033,119600.0,1,1,0.008784313725490198,PH000688,32.34400000000002,TRACE,All contacts have poor connection likelihood P(RPC)<15.00%. EV(trace)=0.228x0.05xINR119600x0.1-INR104=INR32. Trace justified.,118549.39607843138
AC000034,140000.0,2,2,0.8257777777777777,PH000689,55.60000000000002,DO NOT TRACE,Viable contact exists P(RPC)=82.58%>=40.00%. EV(trace)=0.228x0.05xINR140000x0.1-INR104=INR56,24391.11111111112
AC000035,18700.0,3,1,0.9745437518290897,PH000691,-82.682,DO NOT TRACE,Viable contact exists P(RPC)=97.45%>=40.00%. EV(trace)=0.228x0.05xINR18700x0.1-INR104=INR-83,476.0318407960226
AC000036,101400.0,3,3,0.9745437518290897,PH000693,11.596000000000004,DO NOT TRACE,Viable contact exists P(RPC)=97.45%>=40.00%. EV(trace)=0.228x0.05xINR101400x0.1-INR104=INR12,2581.2635645303044
AC000037,157500.0,2,2,0.9745437518290897,PH000697,75.55000000000001,DO NOT TRACE,Viable contact exists P(RPC)=97.45%>=40.00%. EV(trace)=0.228x0.05xINR157500x0.1-INR104=INR76,4009.359086918372
AC000038,107200.0,2,2,0.9891764705882353,PH000698,18.208000000000027,DO NOT TRACE,Viable contact exists P(RPC)=98.92%>=40.00%. EV(trace)=0.228x0.05xINR107200x0.1-INR104=INR18,1160.2823529411733
AC000039,252000.0,2,2,0.9891764705882353,PH000700,183.28000000000003,DO NOT TRACE,Viable contact exists P(RPC)=98.92%>=40.00%. EV(trace)=0.228x0.05xINR252000x0.1-INR104=INR183,2727.5294117646986
AC000040,193500.0,2,2,0.9424911297852473,PH000702,116.59000000000003,DO NOT TRACE,Viable contact exists P(RPC)=94.25%>=40.00%. EV(trace)=0.228x0.05xINR193500x0.1-INR104=INR117,11127.966386554648
AC000041,407550.0,3,2,0.9745437518290897,PH000703,360.6070000000001,DO NOT TRACE,Viable contact exists P(RPC)=97.45%>=40.00%. EV(trace)=0.228x0.05xINR407550x0.1-INR104=INR361,10374.693942054493
AC000042,43500.0,3,2,0.9745437518290897,PH000706,-54.41,DO NOT TRACE,Viable contact exists P(RPC)=97.45%>=40.00%. EV(trace)=0.228x0.05xINR43500x0.1-INR104=INR-54,1107.346795434598
AC000043,275400.0,4,4,0.9424911297852473,PH000708,209.95600000000002,DO NOT TRACE,Viable contact exists P(RPC)=94.25%>=40.00%. EV(trace)=0.228x0.05xINR275400x0.1-INR104=INR210,15837.942857142894
AC000044,189800.0,2,2,0.029643721318314557,PH000713,112.37200000000004,TRACE,All contacts have poor connection likelihood P(RPC)<15.00%. EV(trace)=0.228x0.05xINR189800x0.1-INR104=INR112. Trace justified.,184173.62169378388
AC000045,26100.0,4,1,0.10069607843137254,PH000714,-74.246,DO NOT TRACE,EV(trace)=INR-74 negative yield or active callable contact points available. EV(trace)=0.228x0.05xINR26100x0.1-INR104=INR-74,23471.83235294118
AC000046,45600.0,2,2,0.8911372549019607,PH000718,-52.01599999999999,DO NOT TRACE,Viable contact exists P(RPC)=89.11%>=40.00%. EV(trace)=0.228x0.05xINR45600x0.1-INR104=INR-52,4964.141176470591
AC000047,111600.0,1,1,0.9891764705882353,PH000720,23.224000000000004,DO NOT TRACE,Viable contact exists P(RPC)=98.92%>=40.00%. EV(trace)=0.228x0.05xINR111600x0.1-INR104=INR23,1207.9058823529379
AC000048,57000.0,1,1,0.029643721318314557,PH000721,-39.019999999999996,DO NOT TRACE,EV(trace)=INR-39 negative yield or active callable contact points available. EV(trace)=0.228x0.05xINR57000x0.1-INR104=INR-39,55310.30788485607
AC000049,86400.0,2,2,0.9745437518290897,PH000722,-5.503999999999991,DO NOT TRACE,Viable contact exists P(RPC)=97.45%>=40.00%. EV(trace)=0.228x0.05xINR86400x0.1-INR104=INR-6,2199.41984196665
AC000050,92700.0,2,2,0.7440784313725489,PH000724,1.6779999999999973,DO NOT TRACE,Viable contact exists P(RPC)=74.41%>=40.00%. EV(trace)=0.228x0.05xINR92700x0.1-INR104=INR2,23723.929411764715
AC000051,110400.0,2,2,0.9424911297852473,PH000726,21.855999999999995,DO NOT TRACE,Viable contact exists P(RPC)=94.25%>=40.00%. EV(trace)=0.228x0.05xINR110400x0.1-INR104=INR22,6348.979271708698
AC000052,69350.0,2,1,0.9424911297852473,PH000728,-24.94099999999999,DO NOT TRACE,Viable contact exists P(RPC)=94.25%>=40.00%. EV(trace)=0.228x0.05xINR69350x0.1-INR104=INR-25,3988.2401493931
AC000053,61600.0,3,3,0.9745437518290897,PH000730,-33.775999999999996,DO NOT TRACE,Viable contact exists P(RPC)=97.45%>=40.00%. EV(trace)=0.228x0.05xINR61600x0.1-INR104=INR-34,1568.1048873280745
AC000054,42000.0,3,2,0.9745437518290897,PH000732,-56.12,DO NOT TRACE,Viable contact exists P(RPC)=97.45%>=40.00%. EV(trace)=0.228x0.05xINR42000x0.1-INR104=INR-56,1069.1624231782325
AC000055,168000.0,2,2,0.9745437518290897,PH000735,87.52000000000001,DO NOT TRACE,Viable contact exists P(RPC)=97.45%>=40.00%. EV(trace)=0.228x0.05xINR168000x0.1-INR104=INR88,4276.64969271293
AC000056,513000.0,3,3,0.9745437518290897,PH000737,480.82000000000005,DO NOT TRACE,Viable contact exists P(RPC)=97.45%>=40.00%. EV(trace)=0.228x0.05xINR513000x0.1-INR104=INR481,13059.055311676984
AC000057,43000.0,6,3,0.9424911297852473,PH005932,-54.97999999999999,DO NOT TRACE,Viable contact exists P(RPC)=94.25%>=40.00%. EV(trace)=0.228x0.05xINR43000x0.1-INR104=INR-55,2472.881419234366
AC000058,376200.0,2,2,0.9424911297852473,PH000743,324.86800000000005,DO NOT TRACE,Viable contact exists P(RPC)=94.25%>=40.00%. EV(trace)=0.228x0.05xINR376200x0.1-INR104=INR325,21634.836974789967
AC000059,144200.0,2,2,0.9891764705882353,PH000745,60.388000000000034,DO NOT TRACE,Viable contact exists P(RPC)=98.92%>=40.00%. EV(trace)=0.228x0.05xINR144200x0.1-INR104=INR60,1560.7529411764663
AC000060,195300.0,4,4,0.9745437518290897,PH000747,118.64200000000002,DO NOT TRACE,Viable contact exists P(RPC)=97.45%>=40.00%. EV(trace)=0.228x0.05xINR195300x0.1-INR104=INR119,4971.605267778782
AC000061,27000.0,1,1,0.9891764705882353,PH000751,-73.22,DO NOT TRACE,Viable contact exists P(RPC)=98.92%>=40.00%. EV(trace)=0.228x0.05xINR27000x0.1-INR104=INR-73,292.2352941176463
AC000062,71600.0,2,2,0.9891764705882353,PH000753,-22.37599999999999,DO NOT TRACE,Viable contact exists P(RPC)=98.92%>=40.00%. EV(trace)=0.228x0.05xINR71600x0.1-INR104=INR-22,774.9647058823508
AC000063,155000.0,2,2,0.9891764705882353,PH000754,72.70000000000002,DO NOT TRACE,Viable contact exists P(RPC)=98.92%>=40.00%. EV(trace)=0.228x0.05xINR155000x0.1-INR104=INR73,1677.6470588235247
AC000064,161650.0,2,1,0.9745437518290897,PH000756,80.28100000000003,DO NOT TRACE,Viable contact exists P(RPC)=97.45%>=40.00%. EV(trace)=0.228x0.05xINR161650x0.1-INR104=INR80,4115.00251682765
AC000065,26000.0,2,1,0.9745437518290897,PH000758,-74.36,DO NOT TRACE,Viable contact exists P(RPC)=97.45%>=40.00%. EV(trace)=0.228x0.05xINR26000x0.1-INR104=INR-74,661.8624524436678
AC000066,107900.0,2,2,0.43770588235294117,PH000761,19.006,DO NOT TRACE,Viable contact exists P(RPC)=43.77%>=40.00%. EV(trace)=0.228x0.05xINR107900x0.1-INR104=INR19,60671.535294117646
AC000067,1393200.0,3,3,0.008784313725490198,PH000762,1484.2480000000003,TRACE,All contacts have poor connection likelihood P(RPC)<15.00%. EV(trace)=0.228x0.05xINR1393200x0.1-INR104=INR1484. Trace justified.,1380961.6941176471
AC000068,85500.0,3,3,0.9891764705882353,PH000765,-6.529999999999987,DO NOT TRACE,Viable contact exists P(RPC)=98.92%>=40.00%. EV(trace)=0.228x0.05xINR85500x0.1-INR104=INR-7,925.4117647058798
AC000069,59500.0,3,2,0.9745437518290897,PH000769,-36.16999999999999,DO NOT TRACE,Viable contact exists P(RPC)=97.45%>=40.00%. EV(trace)=0.228x0.05xINR59500x0.1-INR104=INR-36,1514.646766169163
AC000070,63800.0,2,2,0.9891764705882353,PH000771,-31.267999999999986,DO NOT TRACE,Viable contact exists P(RPC)=98.92%>=40.00%. EV(trace)=0.228x0.05xINR63800x0.1-INR104=INR-31,690.5411764705864
AC000071,772800.0,2,2,0.9745437518290897,PH000773,776.9920000000001,DO NOT TRACE,Viable contact exists P(RPC)=97.45%>=40.00%. EV(trace)=0.228x0.05xINR772800x0.1-INR104=INR777,19672.58858647948
AC000072,44850.0,3,2,0.8257777777777777,PH000775,-52.870999999999995,DO NOT TRACE,Viable contact exists P(RPC)=82.58%>=40.00%. EV(trace)=0.228x0.05xINR44850x0.1-INR104=INR-53,7813.8666666666695
AC000073,113150.0,2,2,0.9745437518290897,PH000778,24.991000000000014,DO NOT TRACE,Viable contact exists P(RPC)=97.45%>=40.00%. EV(trace)=0.228x0.05xINR113150x0.1-INR104=INR25,2880.3744805385004
AC000074,58800.0,2,2,0.029643721318314557,PH000781,-36.96799999999999,DO NOT TRACE,EV(trace)=INR-37 negative yield or active callable contact points available. EV(trace)=0.228x0.05xINR58800x0.1-INR104=INR-37,57056.9491864831
AC000075,140000.0,1,1,0.9891764705882353,PH000782,55.60000000000002,DO NOT TRACE,Viable contact exists P(RPC)=98.92%>=40.00%. EV(trace)=0.228x0.05xINR140000x0.1-INR104=INR56,1515.2941176470547
AC000076,668850.0,2,2,0.2888963585434174,PH000784,658.489,DO NOT TRACE,EV(trace)=INR658 negative yield or active callable contact points available. EV(trace)=0.228x0.05xINR668850x0.1-INR104=INR658,475621.67058823525
AC000077,55500.0,3,2,0.9891764705882353,PH005825,-40.72999999999999,DO NOT TRACE,Viable contact exists P(RPC)=98.92%>=40.00%. EV(trace)=0.228x0.05xINR55500x0.1-INR104=INR-41,600.7058823529395
AC000078,101400.0,2,2,0.9891764705882353,PH000787,11.596000000000004,DO NOT TRACE,Viable contact exists P(RPC)=98.92%>=40.00%. EV(trace)=0.228x0.05xINR101400x0.1-INR104=INR12,1097.5058823529382
AC000079,89000.0,3,1,0.9007363293996365,PH005827,-2.539999999999992,DO NOT TRACE,Viable contact exists P(RPC)=90.07%>=40.00%. EV(trace)=0.228x0.05xINR89000x0.1-INR104=INR-3,8834.466683432347
AC000080,504000.0,3,3,0.9891764705882353,PH000789,470.56000000000006,DO NOT TRACE,Viable contact exists P(RPC)=98.92%>=40.00%. EV(trace)=0.228x0.05xINR504000x0.1-INR104=INR471,5455.058823529397
AC000081,68800.0,1,1,0.9424911297852473,PH000792,-25.567999999999984,DO NOT TRACE,Viable contact exists P(RPC)=94.25%>=40.00%. EV(trace)=0.228x0.05xINR68800x0.1-INR104=INR-26,3956.610270774986
AC000082,303600.0,4,4,0.9424911297852473,PH000793,242.10400000000004,DO NOT TRACE,Viable contact exists P(RPC)=94.25%>=40.00%. EV(trace)=0.228x0.05xINR303600x0.1-INR104=INR242,17459.692997198923
AC000083,130200.0,2,1,0.9891764705882353,PH000797,44.428,DO NOT TRACE,Viable contact exists P(RPC)=98.92%>=40.00%. EV(trace)=0.228x0.05xINR130200x0.1-INR104=INR44,1409.2235294117609
AC000084,213600.0,3,3,0.9745437518290897,PH000799,139.50400000000002,DO NOT TRACE,Viable contact exists P(RPC)=97.45%>=40.00%. EV(trace)=0.228x0.05xINR213600x0.1-INR104=INR140,5437.45460930644
AC000085,562000.0,4,4,0.9745437518290897,PH000802,536.6800000000001,DO NOT TRACE,Viable contact exists P(RPC)=97.45%>=40.00%. EV(trace)=0.228x0.05xINR562000x0.1-INR104=INR537,14306.411472051588
AC000086,919300.0,2,2,0.9745437518290897,PH000806,944.0020000000002,DO NOT TRACE,Viable contact exists P(RPC)=97.45%>=40.00%. EV(trace)=0.228x0.05xINR919300x0.1-INR104=INR944,23401.92894351784
AC000087,90400.0,3,1,0.9424911297852473,PH000808,-0.9440000000000026,DO NOT TRACE,Viable contact exists P(RPC)=94.25%>=40.00%. EV(trace)=0.228x0.05xINR90400x0.1-INR104=INR-1,5198.801867413645
AC000088,838500.0,3,3,0.9424911297852473,PH000811,851.89,DO NOT TRACE,Viable contact exists P(RPC)=94.25%>=40.00%. EV(trace)=0.228x0.05xINR838500x0.1-INR104=INR852,48221.18767507014
AC000089,224250.0,3,3,0.9891764705882353,PH000814,151.64500000000004,DO NOT TRACE,Viable contact exists P(RPC)=98.92%>=40.00%. EV(trace)=0.228x0.05xINR224250x0.1-INR104=INR152,2427.1764705882288
AC000090,95550.0,1,1,0.029643721318314557,PH000817,4.927000000000007,TRACE,All contacts have poor connection likelihood P(RPC)<15.00%. EV(trace)=0.228x0.05xINR95550x0.1-INR104=INR5. Trace justified.,92717.54242803504
AC000091,556450.0,3,3,0.9891764705882353,PH000818,530.3530000000001,DO NOT TRACE,Viable contact exists P(RPC)=98.92%>=40.00%. EV(trace)=0.228x0.05xINR556450x0.1-INR104=INR530,6022.752941176454
AC000092,336200.0,3,3,0.9745437518290897,PH000821,279.26800000000003,DO NOT TRACE,Viable contact exists P(RPC)=97.45%>=40.00%. EV(trace)=0.228x0.05xINR336200x0.1-INR104=INR279,8558.390635060043
AC000093,63450.0,2,1,0.9891764705882353,PH000825,-31.666999999999987,DO NOT TRACE,Viable contact exists P(RPC)=98.92%>=40.00%. EV(trace)=0.228x0.05xINR63450x0.1-INR104=INR-32,686.7529411764688
AC000094,47600.0,2,2,0.9745437518290897,PH000826,-49.736,DO NOT TRACE,Viable contact exists P(RPC)=97.45%>=40.00%. EV(trace)=0.228x0.05xINR47600x0.1-INR104=INR-50,1211.7174129353302
AC000095,142000.0,3,3,0.9745437518290897,PH000828,57.879999999999995,DO NOT TRACE,Viable contact exists P(RPC)=97.45%>=40.00%. EV(trace)=0.228x0.05xINR142000x0.1-INR104=INR58,3614.787240269263
AC000096,91800.0,3,3,0.9891764705882353,PH000831,0.652000000000001,DO NOT TRACE,Viable contact exists P(RPC)=98.92%>=40.00%. EV(trace)=0.228x0.05xINR91800x0.1-INR104=INR1,993.5999999999973
AC000097,58900.0,3,1,0.9745437518290897,PH000834,-36.854,DO NOT TRACE,Viable contact exists P(RPC)=97.45%>=40.00%. EV(trace)=0.228x0.05xINR58900x0.1-INR104=INR-37,1499.3730172666167
AC000098,312500.0,3,2,0.029209150326797384,PH000837,252.25,TRACE,All contacts have poor connection likelihood P(RPC)<15.00%. EV(trace)=0.228x0.05xINR312500x0.1-INR104=INR252. Trace justified.,303372.1405228758
AC000099,51100.0,2,0,0.008784313725490198,,-45.74599999999999,DO NOT TRACE,EV(trace)=INR-46 negative yield or active callable contact points available. EV(trace)=0.228x0.05xINR51100x0.1-INR104=INR-46,50651.12156862745
AC000100,79200.0,1,1,0.9891764705882353,PH000842,-13.711999999999989,DO NOT TRACE,Viable contact exists P(RPC)=98.92%>=40.00%. EV(trace)=0.228x0.05xINR79200x0.1-INR104=INR-14,857.2235294117623
AC000101,322500.0,1,1,0.9745437518290897,PH000843,263.65000000000003,DO NOT TRACE,Viable contact exists P(RPC)=97.45%>=40.00%. EV(trace)=0.228x0.05xINR322500x0.1-INR104=INR264,8209.640035118571
AC000102,410400.0,4,4,0.9745437518290897,PH000844,363.85600000000005,DO NOT TRACE,Viable contact exists P(RPC)=97.45%>=40.00%. EV(trace)=0.228x0.05xINR410400x0.1-INR104=INR364,10447.244249341587
AC000103,303800.0,1,1,0.9745437518290897,PH000847,242.33200000000005,DO NOT TRACE,Viable contact exists P(RPC)=97.45%>=40.00%. EV(trace)=0.228x0.05xINR303800x0.1-INR104=INR242,7733.608194322549
AC000104,434700.0,1,1,0.029643721318314557,PH000848,391.558,TRACE,All contacts have poor connection likelihood P(RPC)<15.00%. EV(trace)=0.228x0.05xINR434700x0.1-INR104=INR392. Trace justified.,421813.87434292864
AC000105,144000.0,2,2,0.9424911297852473,PH000849,60.160000000000025,DO NOT TRACE,Viable contact exists P(RPC)=94.25%>=40.00%. EV(trace)=0.228x0.05xINR144000x0.1-INR104=INR60,8281.27731092439
AC000106,65800.0,2,2,0.029643721318314557,PH000851,-28.988,DO NOT TRACE,EV(trace)=INR-29 negative yield or active callable contact points available. EV(trace)=0.228x0.05xINR65800x0.1-INR104=INR-29,63849.4431372549
AC000107,18850.0,2,1,0.9891764705882353,PH000853,-82.511,DO NOT TRACE,Viable contact exists P(RPC)=98.92%>=40.00%. EV(trace)=0.228x0.05xINR18850x0.1-INR104=INR-83,204.02352941176414
AC000108,123900.0,3,3,0.2888963585434174,PH000856,37.24600000000001,DO NOT TRACE,EV(trace)=INR37 negative yield or active callable contact points available. EV(trace)=0.228x0.05xINR123900x0.1-INR104=INR37,88105.74117647058
AC000109,91200.0,2,2,0.9424911297852473,PH000229,-0.031999999999982265,DO NOT TRACE,Viable contact exists P(RPC)=94.25%>=40.00%. EV(trace)=0.228x0.05xINR91200x0.1-INR104=INR-0,5244.808963585447
AC000110,266900.0,1,1,0.9891764705882353,PH000858,200.26600000000002,DO NOT TRACE,Viable contact exists P(RPC)=98.92%>=40.00%. EV(trace)=0.228x0.05xINR266900x0.1-INR104=INR200,2888.799999999992
AC000111,338400.0,4,4,0.9745437518290897,PH000861,281.77600000000007,DO NOT TRACE,Viable contact exists P(RPC)=97.45%>=40.00%. EV(trace)=0.228x0.05xINR338400x0.1-INR104=INR282,8614.394381036045
AC000112,649850.0,2,2,0.9891764705882353,PH000862,636.8290000000001,DO NOT TRACE,Viable contact exists P(RPC)=98.92%>=40.00%. EV(trace)=0.228x0.05xINR649850x0.1-INR104=INR637,7033.670588235275
AC000113,274000.0,2,2,0.8491204481792716,PH000865,208.36,DO NOT TRACE,Viable contact exists P(RPC)=84.91%>=40.00%. EV(trace)=0.228x0.05xINR274000x0.1-INR104=INR208,41340.99719887959
AC000114,1552500.0,1,1,0.9424911297852473,PH000866,1665.8500000000001,DO NOT TRACE,Viable contact exists P(RPC)=94.25%>=40.00%. EV(trace)=0.228x0.05xINR1552500x0.1-INR104=INR1666,89282.52100840358
AC000115,28800.0,2,1,0.9891764705882353,PH000867,-71.168,DO NOT TRACE,Viable contact exists P(RPC)=98.92%>=40.00%. EV(trace)=0.228x0.05xINR28800x0.1-INR104=INR-71,311.71764705882265
AC000116,499500.0,2,2,0.9745437518290897,PH000869,465.43000000000006,DO NOT TRACE,Viable contact exists P(RPC)=97.45%>=40.00%. EV(trace)=0.228x0.05xINR499500x0.1-INR104=INR465,12715.395961369695
AC000117,130400.0,2,2,0.9891764705882353,PH000871,44.656000000000006,DO NOT TRACE,Viable contact exists P(RPC)=98.92%>=40.00%. EV(trace)=0.228x0.05xINR130400x0.1-INR104=INR45,1411.3882352941139
AC000118,488250.0,3,3,0.2888963585434174,PH000874,452.605,DO NOT TRACE,EV(trace)=INR453 negative yield or active callable contact points available. EV(trace)=0.228x0.05xINR488250x0.1-INR104=INR453,347196.35294117645
AC000119,40050.0,3,1,0.8257777777777777,PH000875,-58.342999999999996,DO NOT TRACE,Viable contact exists P(RPC)=82.58%>=40.00%. EV(trace)=0.228x0.05xINR40050x0.1-INR104=INR-58,6977.600000000002
AC000120,68000.0,2,1,0.10069607843137254,PH000476,-26.47999999999999,DO NOT TRACE,EV(trace)=INR-26 negative yield or active callable contact points available. EV(trace)=0.228x0.05xINR68000x0.1-INR104=INR-26,61152.66666666667
AC000121,28000.0,2,2,0.9424911297852473,PH000879,-72.08,DO NOT TRACE,Viable contact exists P(RPC)=94.25%>=40.00%. EV(trace)=0.228x0.05xINR28000x0.1-INR104=INR-72,1610.2483660130758
AC000122,211050.0,4,4,0.7440784313725489,PH000513,136.59700000000004,DO NOT TRACE,Viable contact exists P(RPC)=74.41%>=40.00%. EV(trace)=0.228x0.05xINR211050x0.1-INR104=INR137,54012.24705882355
AC000123,37800.0,3,2,0.9891764705882353,PH000885,-60.907999999999994,DO NOT TRACE,Viable contact exists P(RPC)=98.92%>=40.00%. EV(trace)=0.228x0.05xINR37800x0.1-INR104=INR-61,409.12941176470474
AC000124,80850.0,2,2,0.9745437518290897,PH000887,-11.830999999999989,DO NOT TRACE,Viable contact exists P(RPC)=97.45%>=40.00%. EV(trace)=0.228x0.05xINR80850x0.1-INR104=INR-12,2058.137664618098
AC000125,112000.0,2,2,0.9745437518290897,PH000890,23.680000000000007,DO NOT TRACE,Viable contact exists P(RPC)=97.45%>=40.00%. EV(trace)=0.228x0.05xINR112000x0.1-INR104=INR24,2851.0997951419536
AC000126,332500.0,2,2,0.9891764705882353,PH000891,275.05,DO NOT TRACE,Viable contact exists P(RPC)=98.92%>=40.00%. EV(trace)=0.228x0.05xINR332500x0.1-INR104=INR275,3598.823529411755
AC000127,47000.0,3,3,0.9891764705882353,PH000893,-50.41999999999999,DO NOT TRACE,Viable contact exists P(RPC)=98.92%>=40.00%. EV(trace)=0.228x0.05xINR47000x0.1-INR104=INR-50,508.7058823529398
AC000128,135000.0,4,4,0.9745437518290897,PH000895,49.900000000000006,DO NOT TRACE,Viable contact exists P(RPC)=97.45%>=40.00%. EV(trace)=0.228x0.05xINR135000x0.1-INR104=INR50,3436.5935030728906
AC000129,291900.0,2,2,0.8911372549019607,PH000898,228.76600000000008,DO NOT TRACE,Viable contact exists P(RPC)=89.11%>=40.00%. EV(trace)=0.228x0.05xINR291900x0.1-INR104=INR229,31777.035294117668
AC000130,347600.0,2,2,0.10069607843137254,PH000900,292.26400000000007,TRACE,All contacts have poor connection likelihood P(RPC)<15.00%. EV(trace)=0.228x0.05xINR347600x0.1-INR104=INR292. Trace justified.,312598.0431372549
AC000131,234000.0,5,5,0.9891764705882353,PH000902,162.76,DO NOT TRACE,Viable contact exists P(RPC)=98.92%>=40.00%. EV(trace)=0.228x0.05xINR234000x0.1-INR104=INR163,2532.705882352934
AC000132,24800.0,2,2,0.9745437518290897,PH000907,-75.728,DO NOT TRACE,Viable contact exists P(RPC)=97.45%>=40.00%. EV(trace)=0.228x0.05xINR24800x0.1-INR104=INR-76,631.3149546385755
AC000133,430650.0,1,1,0.9891764705882353,PH000908,386.94100000000003,DO NOT TRACE,Viable contact exists P(RPC)=98.92%>=40.00%. EV(trace)=0.228x0.05xINR430650x0.1-INR104=INR387,4661.152941176458
AC000134,53600.0,2,1,0.9891764705882353,PH000909,-42.89599999999999,DO NOT TRACE,Viable contact exists P(RPC)=98.92%>=40.00%. EV(trace)=0.228x0.05xINR53600x0.1-INR104=INR-43,580.1411764705866
AC000135,32300.0,3,2,0.10069607843137254,PH000911,-67.178,DO NOT TRACE,EV(trace)=INR-67 negative yield or active callable contact points available. EV(trace)=0.228x0.05xINR32300x0.1-INR104=INR-67,29047.516666666666
AC000136,984100.0,2,2,0.9745437518290897,PH000914,1017.874,DO NOT TRACE,Viable contact exists P(RPC)=97.45%>=40.00%. EV(trace)=0.228x0.05xINR984100x0.1-INR104=INR1018,25051.493824992827
AC000137,61600.0,2,1,0.07136253650396328,PH000915,-33.775999999999996,DO NOT TRACE,EV(trace)=INR-34 negative yield or active callable contact points available. EV(trace)=0.228x0.05xINR61600x0.1-INR104=INR-34,57204.06775135586
AC000138,90000.0,2,2,0.8911372549019607,PH000027,-1.3999999999999915,DO NOT TRACE,Viable contact exists P(RPC)=89.11%>=40.00%. EV(trace)=0.228x0.05xINR90000x0.1-INR104=INR-1,9797.647058823535
AC000139,17100.0,1,0,0.008784313725490198,,-84.506,DO NOT TRACE,EV(trace)=INR-85 negative yield or active callable contact points available. EV(trace)=0.228x0.05xINR17100x0.1-INR104=INR-85,16949.78823529412
AC000140,566950.0,1,1,0.9745437518290897,PH000919,542.3230000000001,DO NOT TRACE,Viable contact exists P(RPC)=97.45%>=40.00%. EV(trace)=0.228x0.05xINR566950x0.1-INR104=INR542,14432.419900497594
AC000141,21450.0,1,1,0.9745437518290897,PH000920,-79.547,DO NOT TRACE,Viable contact exists P(RPC)=97.45%>=40.00%. EV(trace)=0.228x0.05xINR21450x0.1-INR104=INR-80,546.0365232660259
AC000142,75600.0,3,1,0.9891764705882353,PH000922,-17.81599999999999,DO NOT TRACE,Viable contact exists P(RPC)=98.92%>=40.00%. EV(trace)=0.228x0.05xINR75600x0.1-INR104=INR-18,818.2588235294095
AC000143,92250.0,2,2,0.9891764705882353,PH000924,1.1650000000000205,DO NOT TRACE,Viable contact exists P(RPC)=98.92%>=40.00%. EV(trace)=0.228x0.05xINR92250x0.1-INR104=INR1,998.4705882352914
AC000144,377400.0,3,3,0.926099611268505,PH000926,326.2360000000001,DO NOT TRACE,Viable contact exists P(RPC)=92.61%>=40.00%. EV(trace)=0.228x0.05xINR377400x0.1-INR104=INR326,27890.0067072662
AC000145,19600.0,1,1,0.9891764705882353,PH000929,-81.656,DO NOT TRACE,Viable contact exists P(RPC)=98.92%>=40.00%. EV(trace)=0.228x0.05xINR19600x0.1-INR104=INR-82,212.14117647058765
AC000146,32850.0,1,0,0.029643721318314557,,-66.55099999999999,DO NOT TRACE,EV(trace)=INR-67 negative yield or active callable contact points available. EV(trace)=0.228x0.05xINR32850x0.1-INR104=INR-67,31876.203754693364
AC000147,22500.0,5,1,0.9891764705882353,PH000931,-78.35,DO NOT TRACE,Viable contact exists P(RPC)=98.92%>=40.00%. EV(trace)=0.228x0.05xINR22500x0.1-INR104=INR-78,243.52941176470523
AC000148,86800.0,2,2,0.9745437518290897,PH000441,-5.048000000000002,DO NOT TRACE,Viable contact exists P(RPC)=97.45%>=40.00%. EV(trace)=0.228x0.05xINR86800x0.1-INR104=INR-5,2209.602341235014
AC000149,28750.0,2,1,0.9891764705882353,PH000936,-71.225,DO NOT TRACE,Viable contact exists P(RPC)=98.92%>=40.00%. EV(trace)=0.228x0.05xINR28750x0.1-INR104=INR-71,311.17647058823445
AC000150,347400.0,1,1,0.9745437518290897,PH000938,292.03600000000006,DO NOT TRACE,Viable contact exists P(RPC)=97.45%>=40.00%. EV(trace)=0.228x0.05xINR347400x0.1-INR104=INR292,8843.500614574239
AC000151,114800.0,5,5,0.9891764705882353,PH000939,26.872000000000014,DO NOT TRACE,Viable contact exists P(RPC)=98.92%>=40.00%. EV(trace)=0.228x0.05xINR114800x0.1-INR104=INR27,1242.5411764705848
AC000152,586000.0,3,3,0.9891764705882353,PH005872,564.0400000000001,DO NOT TRACE,Viable contact exists P(RPC)=98.92%>=40.00%. EV(trace)=0.228x0.05xINR586000x0.1-INR104=INR564,6342.588235294101
AC000153,154050.0,5,5,0.9424911297852473,PH000143,71.61700000000002,DO NOT TRACE,Viable contact exists P(RPC)=94.25%>=40.00%. EV(trace)=0.228x0.05xINR154050x0.1-INR104=INR72,8859.241456582655
AC000154,399000.0,3,3,0.8911372549019607,PH000948,350.86000000000007,DO NOT TRACE,Viable contact exists P(RPC)=89.11%>=40.00%. EV(trace)=0.228x0.05xINR399000x0.1-INR104=INR351,43436.23529411767
AC000155,741300.0,1,1,0.008784313725490198,PH000949,741.082,TRACE,All contacts have poor connection likelihood P(RPC)<15.00%. EV(trace)=0.228x0.05xINR741300x0.1-INR104=INR741. Trace justified.,734788.1882352942
AC000156,154400.0,3,3,0.9745437518290897,PH000950,72.01600000000002,DO NOT TRACE,Viable contact exists P(RPC)=97.45%>=40.00%. EV(trace)=0.228x0.05xINR154400x0.1-INR104=INR72,3930.4447175885502
AC000157,736750.0,1,1,0.9891764705882353,PH000952,735.8950000000001,DO NOT TRACE,Viable contact exists P(RPC)=98.92%>=40.00%. EV(trace)=0.228x0.05xINR736750x0.1-INR104=INR736,7974.235294117625
AC000158,456400.0,4,3,0.10069607843137254,PH000954,416.29600000000005,TRACE,All contacts have poor connection likelihood P(RPC)<15.00%. EV(trace)=0.228x0.05xINR456400x0.1-INR104=INR416. Trace justified.,410442.3098039216
AC000159,109200.0,1,1,0.9745437518290897,PH000956,20.488000000000014,DO NOT TRACE,Viable contact exists P(RPC)=97.45%>=40.00%. EV(trace)=0.228x0.05xINR109200x0.1-INR104=INR20,2779.822300263405
AC000160,138000.0,1,1,0.9891764705882353,PH000957,53.32000000000002,DO NOT TRACE,Viable contact exists P(RPC)=98.92%>=40.00%. EV(trace)=0.228x0.05xINR138000x0.1-INR104=INR53,1493.6470588235254
AC000161,147000.0,3,3,0.9424911297852473,PH000958,63.58000000000001,DO NOT TRACE,Viable contact exists P(RPC)=94.25%>=40.00%. EV(trace)=0.228x0.05xINR147000x0.1-INR104=INR64,8453.803921568648
AC000162,112000.0,4,3,0.9891764705882353,PH000961,23.680000000000007,DO NOT TRACE,Viable contact exists P(RPC)=98.92%>=40.00%. EV(trace)=0.228x0.05xINR112000x0.1-INR104=INR24,1212.2352941176437
AC000163,22750.0,3,1,0.10069607843137254,PH000964,-78.065,DO NOT TRACE,EV(trace)=INR-78 negative yield or active callable contact points available. EV(trace)=0.228x0.05xINR22750x0.1-INR104=INR-78,20459.164215686276
AC000164,232200.0,2,2,0.9891764705882353,PH000967,160.70800000000003,DO NOT TRACE,Viable contact exists P(RPC)=98.92%>=40.00%. EV(trace)=0.228x0.05xINR232200x0.1-INR104=INR161,2513.2235294117577
AC000165,55350.0,3,2,0.9891764705882353,PH000969,-40.900999999999996,DO NOT TRACE,Viable contact exists P(RPC)=98.92%>=40.00%. EV(trace)=0.228x0.05xINR55350x0.1-INR104=INR-41,599.0823529411748
AC000166,117000.0,1,1,0.9891764705882353,PH000972,29.379999999999995,DO NOT TRACE,Viable contact exists P(RPC)=98.92%>=40.00%. EV(trace)=0.228x0.05xINR117000x0.1-INR104=INR29,1266.352941176467
AC000167,170000.0,3,3,0.9745437518290897,PH000973,89.80000000000001,DO NOT TRACE,Viable contact exists P(RPC)=97.45%>=40.00%. EV(trace)=0.228x0.05xINR170000x0.1-INR104=INR90,4327.562189054751
AC000168,216250.0,2,2,0.9891764705882353,PH000976,142.525,DO NOT TRACE,Viable contact exists P(RPC)=98.92%>=40.00%. EV(trace)=0.228x0.05xINR216250x0.1-INR104=INR143,2340.588235294111
AC000169,59400.0,1,1,0.9891764705882353,PH000978,-36.284000000000006,DO NOT TRACE,Viable contact exists P(RPC)=98.92%>=40.00%. EV(trace)=0.228x0.05xINR59400x0.1-INR104=INR-36,642.9176470588218
AC000170,141550.0,2,2,0.9745437518290897,PH000979,57.36700000000002,DO NOT TRACE,Viable contact exists P(RPC)=97.45%>=40.00%. EV(trace)=0.228x0.05xINR141550x0.1-INR104=INR57,3603.331928592353
AC000171,489600.0,3,2,0.9745437518290897,PH000981,454.1440000000001,DO NOT TRACE,Viable contact exists P(RPC)=97.45%>=40.00%. EV(trace)=0.228x0.05xINR489600x0.1-INR104=INR454,12463.379104477683
AC000172,33000.0,4,2,0.9891764705882353,PH000984,-66.38,DO NOT TRACE,Viable contact exists P(RPC)=98.92%>=40.00%. EV(trace)=0.228x0.05xINR33000x0.1-INR104=INR-66,357.17647058823434
AC000173,1603900.0,3,2,0.9745437518290897,PH000988,1724.446,DO NOT TRACE,Viable contact exists P(RPC)=97.45%>=40.00%. EV(trace)=0.228x0.05xINR1603900x0.1-INR104=INR1724,40829.27644132303
AC000174,68250.0,2,1,0.9424911297852473,PH000991,-26.194999999999993,DO NOT TRACE,Viable contact exists P(RPC)=94.25%>=40.00%. EV(trace)=0.228x0.05xINR68250x0.1-INR104=INR-26,3924.9803921568723
AC000175,1016000.0,2,2,0.9745437518290897,PH000993,1054.24,DO NOT TRACE,Viable contact exists P(RPC)=97.45%>=40.00%. EV(trace)=0.228x0.05xINR1016000x0.1-INR104=INR1054,25863.548141644864
AC000176,157500.0,2,2,0.9424911297852473,PH000996,75.55000000000001,DO NOT TRACE,Viable contact exists P(RPC)=94.25%>=40.00%. EV(trace)=0.228x0.05xINR157500x0.1-INR104=INR76,9057.647058823552
AC000177,77400.0,1,1,0.9745437518290897,PH000997,-15.763999999999996,DO NOT TRACE,Viable contact exists P(RPC)=97.45%>=40.00%. EV(trace)=0.228x0.05xINR77400x0.1-INR104=INR-16,1970.3136084284572
AC000178,569050.0,2,2,0.9745437518290897,PH000999,544.7170000000001,DO NOT TRACE,Viable contact exists P(RPC)=97.45%>=40.00%. EV(trace)=0.228x0.05xINR569050x0.1-INR104=INR545,14485.878021656506
AC000179,158700.0,3,3,0.2888963585434174,PH001002,76.918,DO NOT TRACE,EV(trace)=INR77 negative yield or active callable contact points available. EV(trace)=0.228x0.05xINR158700x0.1-INR104=INR77,112852.14789915965
AC000180,76950.0,3,3,0.8491204481792716,PH001004,-16.276999999999987,DO NOT TRACE,Viable contact exists P(RPC)=84.91%>=40.00%. EV(trace)=0.228x0.05xINR76950x0.1-INR104=INR-16,11610.181512605053
AC000181,79000.0,2,1,0.9891764705882353,PH001006,-13.939999999999998,DO NOT TRACE,Viable contact exists P(RPC)=98.92%>=40.00%. EV(trace)=0.228x0.05xINR79000x0.1-INR104=INR-14,855.0588235294094
AC000182,120900.0,3,3,0.9891764705882353,PH001008,33.82599999999999,DO NOT TRACE,Viable contact exists P(RPC)=98.92%>=40.00%. EV(trace)=0.228x0.05xINR120900x0.1-INR104=INR34,1308.5647058823495
AC000183,49950.0,3,1,0.9424911297852473,PH001012,-47.05699999999999,DO NOT TRACE,Viable contact exists P(RPC)=94.25%>=40.00%. EV(trace)=0.228x0.05xINR49950x0.1-INR104=INR-47,2872.5680672268977
AC000184,21150.0,4,1,0.07136253650396328,PH001013,-79.889,DO NOT TRACE,EV(trace)=INR-80 negative yield or active callable contact points available. EV(trace)=0.228x0.05xINR21150x0.1-INR104=INR-80,19640.682352941178
AC000185,82950.0,3,2,0.2888963585434174,PH000557,-9.436999999999998,DO NOT TRACE,EV(trace)=INR-9 negative yield or active callable contact points available. EV(trace)=0.228x0.05xINR82950x0.1-INR104=INR-9,58986.047058823526
AC000186,191350.0,2,2,0.9745437518290897,PH001019,114.13900000000001,DO NOT TRACE,Viable contact exists P(RPC)=97.45%>=40.00%. EV(trace)=0.228x0.05xINR191350x0.1-INR104=INR114,4871.053087503686
AC000187,247500.0,4,4,0.9891764705882353,PH005935,178.15000000000003,DO NOT TRACE,Viable contact exists P(RPC)=98.92%>=40.00%. EV(trace)=0.228x0.05xINR247500x0.1-INR104=INR178,2678.8235294117576
AC000188,136000.0,2,2,0.9745437518290897,PH001022,51.04000000000002,DO NOT TRACE,Viable contact exists P(RPC)=97.45%>=40.00%. EV(trace)=0.228x0.05xINR136000x0.1-INR104=INR51,3462.049751243801
AC000189,300800.0,4,4,0.9745437518290897,PH001024,238.91200000000003,DO NOT TRACE,Viable contact exists P(RPC)=97.45%>=40.00%. EV(trace)=0.228x0.05xINR300800x0.1-INR104=INR239,7657.239449809818
AC000190,93500.0,1,1,0.9745437518290897,PH001027,2.5900000000000176,DO NOT TRACE,Viable contact exists P(RPC)=97.45%>=40.00%. EV(trace)=0.228x0.05xINR93500x0.1-INR104=INR3,2380.159203980113
AC000191,26600.0,3,1,0.9891764705882353,PH001029,-73.676,DO NOT TRACE,Viable contact exists P(RPC)=98.92%>=40.00%. EV(trace)=0.228x0.05xINR26600x0.1-INR104=INR-74,287.9058823529404
AC000192,15750.0,2,2,0.9745437518290897,PH001031,-86.045,DO NOT TRACE,Viable contact exists P(RPC)=97.45%>=40.00%. EV(trace)=0.228x0.05xINR15750x0.1-INR104=INR-86,400.93590869183726
AC000193,52800.0,3,1,0.9745437518290897,PH001033,-43.80799999999999,DO NOT TRACE,Viable contact exists P(RPC)=97.45%>=40.00%. EV(trace)=0.228x0.05xINR52800x0.1-INR104=INR-44,1344.0899034240638
AC000194,51600.0,3,2,0.9745437518290897,PH001036,-45.175999999999995,DO NOT TRACE,Viable contact exists P(RPC)=97.45%>=40.00%. EV(trace)=0.228x0.05xINR51600x0.1-INR104=INR-45,1313.5424056189715
AC000195,328000.0,2,2,0.9891764705882353,PH001039,269.9200000000001,DO NOT TRACE,Viable contact exists P(RPC)=98.92%>=40.00%. EV(trace)=0.228x0.05xINR328000x0.1-INR104=INR270,3550.117647058814
AC000196,596000.0,3,3,0.9745437518290897,PH005873,575.44,DO NOT TRACE,Viable contact exists P(RPC)=97.45%>=40.00%. EV(trace)=0.228x0.05xINR596000x0.1-INR104=INR575,15171.923909862538
AC000197,221100.0,3,3,0.2888963585434174,PH001044,148.054,DO NOT TRACE,EV(trace)=INR148 negative yield or active callable contact points available. EV(trace)=0.228x0.05xINR221100x0.1-INR104=INR148,157225.0151260504
AC000198,123000.0,3,3,0.9891764705882353,PH001045,36.22,DO NOT TRACE,Viable contact exists P(RPC)=98.92%>=40.00%. EV(trace)=0.228x0.05xINR123000x0.1-INR104=INR36,1331.2941176470551
AC000199,341600.0,1,1,0.9745437518290897,PH001047,285.42400000000004,DO NOT TRACE,Viable contact exists P(RPC)=97.45%>=40.00%. EV(trace)=0.228x0.05xINR341600x0.1-INR104=INR285,8695.854375182958
AC000200,234600.0,2,2,0.8257777777777777,PH001049,163.44400000000002,DO NOT TRACE,Viable contact exists P(RPC)=82.58%>=40.00%. EV(trace)=0.228x0.05xINR234600x0.1-INR104=INR163,40872.53333333335
AC000201,42000.0,2,2,0.9891764705882353,PH001050,-56.12,DO NOT TRACE,Viable contact exists P(RPC)=98.92%>=40.00%. EV(trace)=0.228x0.05xINR42000x0.1-INR104=INR-56,454.58823529411643
AC000202,13500.0,1,1,0.9891764705882353,PH001052,-88.61,DO NOT TRACE,Viable contact exists P(RPC)=98.92%>=40.00%. EV(trace)=0.228x0.05xINR13500x0.1-INR104=INR-89,146.11764705882314
AC000203,445500.0,2,2,0.9745437518290897,PH000327,403.87,DO NOT TRACE,Viable contact exists P(RPC)=97.45%>=40.00%. EV(trace)=0.228x0.05xINR445500x0.1-INR104=INR404,11340.758560140539
AC000204,126500.0,4,4,0.9891764705882353,PH001054,40.21000000000001,DO NOT TRACE,Viable contact exists P(RPC)=98.92%>=40.00%. EV(trace)=0.228x0.05xINR126500x0.1-INR104=INR40,1369.1764705882315
AC000205,253700.0,3,3,0.9745437518290897,PH001056,185.21800000000002,DO NOT TRACE,Viable contact exists P(RPC)=97.45%>=40.00%. EV(trace)=0.228x0.05xINR253700x0.1-INR104=INR185,6458.250160959943
AC000206,244500.0,2,2,0.9891764705882353,PH001060,174.73000000000002,DO NOT TRACE,Viable contact exists P(RPC)=98.92%>=40.00%. EV(trace)=0.228x0.05xINR244500x0.1-INR104=INR175,2646.3529411764634
AC000207,331800.0,2,2,0.9745437518290897,PH001062,274.252,DO NOT TRACE,Viable contact exists P(RPC)=97.45%>=40.00%. EV(trace)=0.228x0.05xINR331800x0.1-INR104=INR274,8446.383143108038
AC000208,81000.0,3,3,0.9745437518290897,PH001063,-11.659999999999997,DO NOT TRACE,Viable contact exists P(RPC)=97.45%>=40.00%. EV(trace)=0.228x0.05xINR81000x0.1-INR104=INR-12,2061.9561018437344
AC000209,37800.0,3,3,0.9745437518290897,PH001066,-60.907999999999994,DO NOT TRACE,Viable contact exists P(RPC)=97.45%>=40.00%. EV(trace)=0.228x0.05xINR37800x0.1-INR104=INR-61,962.2461808604094
AC000210,180000.0,2,2,0.9745437518290897,PH001069,101.20000000000002,DO NOT TRACE,Viable contact exists P(RPC)=97.45%>=40.00%. EV(trace)=0.228x0.05xINR180000x0.1-INR104=INR101,4582.124670763854
AC000211,23400.0,3,2,0.9745437518290897,PH005915,-77.324,DO NOT TRACE,Viable contact exists P(RPC)=97.45%>=40.00%. EV(trace)=0.228x0.05xINR23400x0.1-INR104=INR-77,595.6762071993011
AC000212,254400.0,3,3,0.9745437518290897,PH001072,186.01600000000002,DO NOT TRACE,Viable contact exists P(RPC)=97.45%>=40.00%. EV(trace)=0.228x0.05xINR254400x0.1-INR104=INR186,6476.06953467958
AC000213,567150.0,1,1,0.9745437518290897,PH001075,542.551,DO NOT TRACE,Viable contact exists P(RPC)=97.45%>=40.00%. EV(trace)=0.228x0.05xINR567150x0.1-INR104=INR543,14437.511150131777
AC000214,46800.0,2,1,0.43770588235294117,PH001076,-50.647999999999996,DO NOT TRACE,Viable contact exists P(RPC)=43.77%>=40.00%. EV(trace)=0.228x0.05xINR46800x0.1-INR104=INR-51,26315.36470588235
AC000215,686000.0,3,3,0.9745437518290897,PH001078,678.0400000000001,DO NOT TRACE,Viable contact exists P(RPC)=97.45%>=40.00%. EV(trace)=0.228x0.05xINR686000x0.1-INR104=INR678,17462.986245244465
AC000216,172000.0,3,3,0.8257777777777777,PH001083,92.08000000000004,DO NOT TRACE,Viable contact exists P(RPC)=82.58%>=40.00%. EV(trace)=0.228x0.05xINR172000x0.1-INR104=INR92,29966.222222222234
AC000217,469450.0,3,3,0.8491204481792716,PH001086,431.1730000000001,DO NOT TRACE,Viable contact exists P(RPC)=84.91%>=40.00%. EV(trace)=0.228x0.05xINR469450x0.1-INR104=INR431,70830.40560224096
AC000218,136500.0,3,3,0.8257777777777777,PH000380,51.610000000000014,DO NOT TRACE,Viable contact exists P(RPC)=82.58%>=40.00%. EV(trace)=0.228x0.05xINR136500x0.1-INR104=INR52,23781.33333333334
AC000219,203700.0,2,2,0.9745437518290897,PH001089,128.21800000000005,DO NOT TRACE,Viable contact exists P(RPC)=97.45%>=40.00%. EV(trace)=0.228x0.05xINR203700x0.1-INR104=INR128,5185.437752414428
AC000220,74100.0,2,2,0.9891764705882353,PH001091,-19.525999999999996,DO NOT TRACE,Viable contact exists P(RPC)=98.92%>=40.00%. EV(trace)=0.228x0.05xINR74100x0.1-INR104=INR-20,802.0235294117625
AC000221,36300.0,3,1,0.9891764705882353,PH001093,-62.617999999999995,DO NOT TRACE,Viable contact exists P(RPC)=98.92%>=40.00%. EV(trace)=0.228x0.05xINR36300x0.1-INR104=INR-63,392.8941176470577
AC000222,232100.0,2,2,0.07136253650396328,PH001097,160.594,TRACE,All contacts have poor connection likelihood P(RPC)<15.00%. EV(trace)=0.228x0.05xINR232100x0.1-INR104=INR161. Trace justified.,215536.75527743011
AC000223,47300.0,1,0,0.008784313725490198,,-50.077999999999996,DO NOT TRACE,EV(trace)=INR-50 negative yield or active callable contact points available. EV(trace)=0.228x0.05xINR47300x0.1-INR104=INR-50,46884.50196078431
AC000224,73600.0,1,1,0.9891764705882353,PH001099,-20.09599999999999,DO NOT TRACE,Viable contact exists P(RPC)=98.92%>=40.00%. EV(trace)=0.228x0.05xINR73600x0.1-INR104=INR-20,796.6117647058802
AC000225,535200.0,3,3,0.9424911297852473,PH001102,506.12800000000004,DO NOT TRACE,Viable contact exists P(RPC)=94.25%>=40.00%. EV(trace)=0.228x0.05xINR535200x0.1-INR104=INR506,30778.74733893565
AC000226,103500.0,2,2,0.9891764705882353,PH001104,13.990000000000009,DO NOT TRACE,Viable contact exists P(RPC)=98.92%>=40.00%. EV(trace)=0.228x0.05xINR103500x0.1-INR104=INR14,1120.235294117644
AC000227,86100.0,2,1,0.9745437518290897,PH001106,-5.845999999999989,DO NOT TRACE,Viable contact exists P(RPC)=97.45%>=40.00%. EV(trace)=0.228x0.05xINR86100x0.1-INR104=INR-6,2191.782967515377
AC000228,66650.0,1,1,0.9891764705882353,PH001107,-28.01899999999999,DO NOT TRACE,Viable contact exists P(RPC)=98.92%>=40.00%. EV(trace)=0.228x0.05xINR66650x0.1-INR104=INR-28,721.3882352941157
AC000229,136300.0,3,3,0.9891764705882353,PH001108,51.38200000000003,DO NOT TRACE,Viable contact exists P(RPC)=98.92%>=40.00%. EV(trace)=0.228x0.05xINR136300x0.1-INR104=INR51,1475.2470588235253
AC000230,217000.0,2,2,0.9424911297852473,PH001111,143.38000000000002,DO NOT TRACE,Viable contact exists P(RPC)=94.25%>=40.00%. EV(trace)=0.228x0.05xINR217000x0.1-INR104=INR143,12479.424836601336
AC000231,59450.0,2,2,0.8911372549019607,PH001114,-36.22699999999999,DO NOT TRACE,Viable contact exists P(RPC)=89.11%>=40.00%. EV(trace)=0.228x0.05xINR59450x0.1-INR104=INR-36,6471.890196078435
AC000232,207400.0,2,2,0.9891764705882353,PH001116,132.43600000000004,DO NOT TRACE,Viable contact exists P(RPC)=98.92%>=40.00%. EV(trace)=0.228x0.05xINR207400x0.1-INR104=INR132,2244.799999999994
AC000233,113950.0,2,2,0.008784313725490198,PH001117,25.90299999999999,TRACE,All contacts have poor connection likelihood P(RPC)<15.00%. EV(trace)=0.228x0.05xINR113950x0.1-INR104=INR26. Trace justified.,112949.0274509804
AC000234,117450.0,2,2,0.9745437518290897,PH001119,29.893,DO NOT TRACE,Viable contact exists P(RPC)=97.45%>=40.00%. EV(trace)=0.228x0.05xINR117450x0.1-INR104=INR30,2989.836347673415
AC000235,104650.0,2,1,0.9891764705882353,PH001121,15.301000000000002,DO NOT TRACE,Viable contact exists P(RPC)=98.92%>=40.00%. EV(trace)=0.228x0.05xINR104650x0.1-INR104=INR15,1132.6823529411733
AC000236,112200.0,2,1,0.9891764705882353,PH001123,23.908000000000015,DO NOT TRACE,Viable contact exists P(RPC)=98.92%>=40.00%. EV(trace)=0.228x0.05xINR112200x0.1-INR104=INR24,1214.3999999999967
AC000237,34200.0,2,2,0.2888963585434174,PH001126,-65.012,DO NOT TRACE,EV(trace)=INR-65 negative yield or active callable contact points available. EV(trace)=0.228x0.05xINR34200x0.1-INR104=INR-65,24319.744537815124
AC000238,107500.0,1,1,0.9891764705882353,PH001127,18.55000000000001,DO NOT TRACE,Viable contact exists P(RPC)=98.92%>=40.00%. EV(trace)=0.228x0.05xINR107500x0.1-INR104=INR19,1163.5294117647027
AC000239,99000.0,4,4,0.9745437518290897,PH005897,8.860000000000014,DO NOT TRACE,Viable contact exists P(RPC)=97.45%>=40.00%. EV(trace)=0.228x0.05xINR99000x0.1-INR104=INR9,2520.16856892012
AC000240,62500.0,3,2,0.9745437518290897,PH001132,-32.75,DO NOT TRACE,Viable contact exists P(RPC)=97.45%>=40.00%. EV(trace)=0.228x0.05xINR62500x0.1-INR104=INR-33,1591.0155106818938
AC000241,110050.0,3,1,0.029209150326797384,PH001134,21.456999999999994,TRACE,All contacts have poor connection likelihood P(RPC)<15.00%. EV(trace)=0.228x0.05xINR110050x0.1-INR104=INR21. Trace justified.,106835.53300653594
AC000242,31200.0,3,1,0.9745437518290897,PH001136,-68.43199999999999,DO NOT TRACE,Viable contact exists P(RPC)=97.45%>=40.00%. EV(trace)=0.228x0.05xINR31200x0.1-INR104=INR-68,794.2349429324014
AC000243,133650.0,2,2,0.9424911297852473,PH001139,48.36100000000002,DO NOT TRACE,Viable contact exists P(RPC)=94.25%>=40.00%. EV(trace)=0.228x0.05xINR133650x0.1-INR104=INR48,7686.060504201699
AC000244,436450.0,2,2,0.9891764705882353,PH001140,393.553,DO NOT TRACE,Viable contact exists P(RPC)=98.92%>=40.00%. EV(trace)=0.228x0.05xINR436450x0.1-INR104=INR394,4723.929411764693
AC000245,37800.0,2,0,0.008784313725490198,,-60.907999999999994,DO NOT TRACE,EV(trace)=INR-61 negative yield or active callable contact points available. EV(trace)=0.228x0.05xINR37800x0.1-INR104=INR-61,37467.952941176474
AC000246,282900.0,2,2,0.9745437518290897,PH001144,218.50600000000003,DO NOT TRACE,Viable contact exists P(RPC)=97.45%>=40.00%. EV(trace)=0.228x0.05xINR282900x0.1-INR104=INR219,7201.5726075505245
AC000247,59200.0,2,1,0.9891764705882353,PH001146,-36.512,DO NOT TRACE,Viable contact exists P(RPC)=98.92%>=40.00%. EV(trace)=0.228x0.05xINR59200x0.1-INR104=INR-37,640.7529411764689
AC000248,290400.0,4,4,0.9424911297852473,PH001148,227.05600000000004,DO NOT TRACE,Viable contact exists P(RPC)=94.25%>=40.00%. EV(trace)=0.228x0.05xINR290400x0.1-INR104=INR227,16700.575910364187
AC000249,66650.0,1,1,0.9745437518290897,PH001151,-28.01899999999999,DO NOT TRACE,Viable contact exists P(RPC)=97.45%>=40.00%. EV(trace)=0.228x0.05xINR66650x0.1-INR104=INR-28,1696.6589405911716
AC000250,91450.0,2,2,0.9745437518290897,PH001152,0.2530000000000001,DO NOT TRACE,Viable contact exists P(RPC)=97.45%>=40.00%. EV(trace)=0.228x0.05xINR91450x0.1-INR104=INR0,2327.973895229747
AC000251,61600.0,3,2,0.9745437518290897,PH001155,-33.775999999999996,DO NOT TRACE,Viable contact exists P(RPC)=97.45%>=40.00%. EV(trace)=0.228x0.05xINR61600x0.1-INR104=INR-34,1568.1048873280745
AC000252,26500.0,2,2,0.9745437518290897,PH001157,-73.78999999999999,DO NOT TRACE,Viable contact exists P(RPC)=97.45%>=40.00%. EV(trace)=0.228x0.05xINR26500x0.1-INR104=INR-74,674.5905765291229
AC000253,329400.0,3,3,0.10069607843137254,PH000336,271.5160000000001,TRACE,All contacts have poor connection likelihood P(RPC)<15.00%. EV(trace)=0.228x0.05xINR329400x0.1-INR104=INR272. Trace justified.,296230.7117647059
AC000254,605600.0,2,2,0.9745437518290897,PH001161,586.384,DO NOT TRACE,Viable contact exists P(RPC)=97.45%>=40.00%. EV(trace)=0.228x0.05xINR605600x0.1-INR104=INR586,15416.303892303278
AC000255,49500.0,2,1,0.9745437518290897,PH001164,-47.56999999999999,DO NOT TRACE,Viable contact exists P(RPC)=97.45%>=40.00%. EV(trace)=0.228x0.05xINR49500x0.1-INR104=INR-48,1260.08428446006
AC000256,1915050.0,1,1,0.029643721318314557,PH001165,2079.157,TRACE,All contacts have poor connection likelihood P(RPC)<15.00%. EV(trace)=0.228x0.05xINR1915050x0.1-INR104=INR2079. Trace justified.,1858280.7914893616
AC000257,193450.0,3,3,0.9745437518290897,PH001166,116.53300000000002,DO NOT TRACE,Viable contact exists P(RPC)=97.45%>=40.00%. EV(trace)=0.228x0.05xINR193450x0.1-INR104=INR117,4924.511208662598
AC000258,60800.0,2,1,0.9745437518290897,PH001169,-34.688,DO NOT TRACE,Viable contact exists P(RPC)=97.45%>=40.00%. EV(trace)=0.228x0.05xINR60800x0.1-INR104=INR-35,1547.7398887913462
AC000259,253200.0,2,2,0.8911372549019607,PH001170,184.64800000000002,DO NOT TRACE,Viable contact exists P(RPC)=89.11%>=40.00%. EV(trace)=0.228x0.05xINR253200x0.1-INR104=INR185,27564.047058823548
AC000260,68250.0,2,2,0.9745437518290897,PH005926,-26.194999999999993,DO NOT TRACE,Viable contact exists P(RPC)=97.45%>=40.00%. EV(trace)=0.228x0.05xINR68250x0.1-INR104=INR-26,1737.388937664628
AC000261,148050.0,2,2,0.9424911297852473,PH001173,64.77700000000002,DO NOT TRACE,Viable contact exists P(RPC)=94.25%>=40.00%. EV(trace)=0.228x0.05xINR148050x0.1-INR104=INR65,8514.188235294137
AC000262,101050.0,2,2,0.9424911297852473,PH001175,11.197000000000003,DO NOT TRACE,Viable contact exists P(RPC)=94.25%>=40.00%. EV(trace)=0.228x0.05xINR101050x0.1-INR104=INR11,5811.271335200761
AC000263,36250.0,2,1,0.9891764705882353,PH001177,-62.675,DO NOT TRACE,Viable contact exists P(RPC)=98.92%>=40.00%. EV(trace)=0.228x0.05xINR36250x0.1-INR104=INR-63,392.3529411764695
AC000264,37200.0,1,1,0.9891764705882353,PH001179,-61.59199999999999,DO NOT TRACE,Viable contact exists P(RPC)=98.92%>=40.00%. EV(trace)=0.228x0.05xINR37200x0.1-INR104=INR-62,402.63529411764597
AC000265,222750.0,3,3,0.9891764705882353,PH001180,149.935,DO NOT TRACE,Viable contact exists P(RPC)=98.92%>=40.00%. EV(trace)=0.228x0.05xINR222750x0.1-INR104=INR150,2410.9411764705815
AC000266,184000.0,3,3,0.9891764705882353,PH001183,105.75999999999999,DO NOT TRACE,Viable contact exists P(RPC)=98.92%>=40.00%. EV(trace)=0.228x0.05xINR184000x0.1-INR104=INR106,1991.5294117647004
AC000267,1081000.0,3,2,0.9745437518290897,PH005866,1128.3400000000001,DO NOT TRACE,Viable contact exists P(RPC)=97.45%>=40.00%. EV(trace)=0.228x0.05xINR1081000x0.1-INR104=INR1128,27518.204272754036
AC000268,127400.0,1,1,0.029209150326797384,PH001187,41.23600000000002,TRACE,All contacts have poor connection likelihood P(RPC)<15.00%. EV(trace)=0.228x0.05xINR127400x0.1-INR104=INR41. Trace justified.,123678.754248366
AC000269,25600.0,1,1,0.9745437518290897,PH001188,-74.816,DO NOT TRACE,Viable contact exists P(RPC)=97.45%>=40.00%. EV(trace)=0.228x0.05xINR25600x0.1-INR104=INR-75,651.6799531753037
AC000270,129150.0,4,4,0.9745437518290897,PH001189,43.230999999999995,DO NOT TRACE,Viable contact exists P(RPC)=97.45%>=40.00%. EV(trace)=0.228x0.05xINR129150x0.1-INR104=INR43,3287.674451273065
AC000271,341000.0,3,3,0.9745437518290897,PH001192,284.74,DO NOT TRACE,Viable contact exists P(RPC)=97.45%>=40.00%. EV(trace)=0.228x0.05xINR341000x0.1-INR104=INR285,8680.580626280413
AC000272,55000.0,1,1,0.9745437518290897,PH001195,-41.3,DO NOT TRACE,Viable contact exists P(RPC)=97.45%>=40.00%. EV(trace)=0.228x0.05xINR55000x0.1-INR104=INR-41,1400.0936494000666
AC000273,603000.0,4,4,0.9745437518290897,PH005887,583.4200000000001,DO NOT TRACE,Viable contact exists P(RPC)=97.45%>=40.00%. EV(trace)=0.228x0.05xINR603000x0.1-INR104=INR583,15350.11764705891
AC000274,105950.0,3,1,0.9891764705882353,PH001199,16.783000000000015,DO NOT TRACE,Viable contact exists P(RPC)=98.92%>=40.00%. EV(trace)=0.228x0.05xINR105950x0.1-INR104=INR17,1146.7529411764674
AC000275,50700.0,2,2,0.9745437518290897,PH001202,-46.202,DO NOT TRACE,Viable contact exists P(RPC)=97.45%>=40.00%. EV(trace)=0.228x0.05xINR50700x0.1-INR104=INR-46,1290.6317822651522
AC000276,12600.0,2,2,0.9424911297852473,PH001205,-89.636,DO NOT TRACE,Viable contact exists P(RPC)=94.25%>=40.00%. EV(trace)=0.228x0.05xINR12600x0.1-INR104=INR-90,724.6117647058841
AC000277,56400.0,2,2,0.9745437518290897,PH001207,-39.70399999999999,DO NOT TRACE,Viable contact exists P(RPC)=97.45%>=40.00%. EV(trace)=0.228x0.05xINR56400x0.1-INR104=INR-40,1435.732396839341
AC000278,176850.0,4,4,0.9424911297852473,PH001208,97.60900000000004,DO NOT TRACE,Viable contact exists P(RPC)=94.25%>=40.00%. EV(trace)=0.228x0.05xINR176850x0.1-INR104=INR98,10170.443697479015
AC000279,549450.0,2,2,0.008784313725490198,PH001211,522.373,TRACE,All contacts have poor connection likelihood P(RPC)<15.00%. EV(trace)=0.228x0.05xINR549450x0.1-INR104=INR522. Trace justified.,544623.4588235294
AC000280,60950.0,2,1,0.8257777777777777,PH001213,-34.516999999999996,DO NOT TRACE,Viable contact exists P(RPC)=82.58%>=40.00%. EV(trace)=0.228x0.05xINR60950x0.1-INR104=INR-35,10618.844444444449
AC000281,511200.0,1,1,0.8911372549019607,PH001215,478.76800000000003,DO NOT TRACE,Viable contact exists P(RPC)=89.11%>=40.00%. EV(trace)=0.228x0.05xINR511200x0.1-INR104=INR479,55650.63529411768
AC000282,265000.0,4,4,0.9891764705882353,PH001216,198.10000000000002,DO NOT TRACE,Viable contact exists P(RPC)=98.92%>=40.00%. EV(trace)=0.228x0.05xINR265000x0.1-INR104=INR198,2868.235294117639
AC000283,243600.0,4,4,0.9891764705882353,PH001220,173.704,DO NOT TRACE,Viable contact exists P(RPC)=98.92%>=40.00%. EV(trace)=0.228x0.05xINR243600x0.1-INR104=INR174,2636.611764705875
AC000284,34200.0,1,1,0.8911372549019607,PH000175,-65.012,DO NOT TRACE,Viable contact exists P(RPC)=89.11%>=40.00%. EV(trace)=0.228x0.05xINR34200x0.1-INR104=INR-65,3723.1058823529434
AC000285,75600.0,3,3,0.9891764705882353,PH005811,-17.81599999999999,DO NOT TRACE,Viable contact exists P(RPC)=98.92%>=40.00%. EV(trace)=0.228x0.05xINR75600x0.1-INR104=INR-18,818.2588235294095
AC000286,54000.0,2,2,0.8257777777777777,PH001225,-42.44,DO NOT TRACE,Viable contact exists P(RPC)=82.58%>=40.00%. EV(trace)=0.228x0.05xINR54000x0.1-INR104=INR-42,9408.000000000004
AC000287,8400.0,2,2,0.9891764705882353,PH001227,-94.424,DO NOT TRACE,Viable contact exists P(RPC)=98.92%>=40.00%. EV(trace)=0.228x0.05xINR8400x0.1-INR104=INR-94,90.91764705882328
AC000288,90000.0,2,1,0.9424911297852473,PH000355,-1.3999999999999915,DO NOT TRACE,Viable contact exists P(RPC)=94.25%>=40.00%. EV(trace)=0.228x0.05xINR90000x0.1-INR104=INR-1,5175.798319327743
AC000289,73450.0,1,1,0.07136253650396328,PH001230,-20.266999999999996,DO NOT TRACE,EV(trace)=INR-20 negative yield or active callable contact points available. EV(trace)=0.228x0.05xINR73450x0.1-INR104=INR-20,68208.4216937839
AC000290,157250.0,2,2,0.9891764705882353,PH001231,75.26500000000001,DO NOT TRACE,Viable contact exists P(RPC)=98.92%>=40.00%. EV(trace)=0.228x0.05xINR157250x0.1-INR104=INR75,1701.9999999999955
AC000291,59400.0,2,1,0.9745437518290897,PH001233,-36.284000000000006,DO NOT TRACE,Viable contact exists P(RPC)=97.45%>=40.00%. EV(trace)=0.228x0.05xINR59400x0.1-INR104=INR-36,1512.1011413520719
AC000292,655200.0,2,2,0.9424911297852473,PH001234,642.9280000000001,DO NOT TRACE,Viable contact exists P(RPC)=94.25%>=40.00%. EV(trace)=0.228x0.05xINR655200x0.1-INR104=INR643,37679.81176470597
AC000293,266400.0,3,3,0.9745437518290897,PH001236,199.69600000000003,DO NOT TRACE,Viable contact exists P(RPC)=97.45%>=40.00%. EV(trace)=0.228x0.05xINR266400x0.1-INR104=INR200,6781.544512730504
AC000294,141450.0,1,1,0.9424911297852473,PH001238,57.253000000000014,DO NOT TRACE,Viable contact exists P(RPC)=94.25%>=40.00%. EV(trace)=0.228x0.05xINR141450x0.1-INR104=INR57,8134.62969187677
AC000295,118900.0,2,2,0.9891764705882353,PH001239,31.54600000000002,DO NOT TRACE,Viable contact exists P(RPC)=98.92%>=40.00%. EV(trace)=0.228x0.05xINR118900x0.1-INR104=INR32,1286.91764705882
AC000296,43400.0,1,1,0.9891764705882353,PH001241,-54.524,DO NOT TRACE,Viable contact exists P(RPC)=98.92%>=40.00%. EV(trace)=0.228x0.05xINR43400x0.1-INR104=INR-55,469.74117647058694
AC000297,275200.0,3,3,0.9745437518290897,PH001242,209.72800000000007,DO NOT TRACE,Viable contact exists P(RPC)=97.45%>=40.00%. EV(trace)=0.228x0.05xINR275200x0.1-INR104=INR210,7005.559496634514
AC000298,52500.0,2,1,0.9891764705882353,PH001245,-44.15,DO NOT TRACE,Viable contact exists P(RPC)=98.92%>=40.00%. EV(trace)=0.228x0.05xINR52500x0.1-INR104=INR-44,568.2352941176455
AC000299,104500.0,2,2,0.9891764705882353,PH001247,15.129999999999995,DO NOT TRACE,Viable contact exists P(RPC)=98.92%>=40.00%. EV(trace)=0.228x0.05xINR104500x0.1-INR104=INR15,1131.0588235294088
AC000300,33750.0,3,2,0.9745437518290897,PH001249,-65.525,DO NOT TRACE,Viable contact exists P(RPC)=97.45%>=40.00%. EV(trace)=0.228x0.05xINR33750x0.1-INR104=INR-66,859.1483757682226
AC000301,471700.0,2,2,0.8491204481792716,PH001252,433.73800000000006,DO NOT TRACE,Viable contact exists P(RPC)=84.91%>=40.00%. EV(trace)=0.228x0.05xINR471700x0.1-INR104=INR434,71169.8845938376
AC000302,60800.0,1,1,0.9745437518290897,PH001254,-34.688,DO NOT TRACE,Viable contact exists P(RPC)=97.45%>=40.00%. EV(trace)=0.228x0.05xINR60800x0.1-INR104=INR-35,1547.7398887913462
AC000303,322400.0,3,3,0.9745437518290897,PH001256,263.53600000000006,DO NOT TRACE,Viable contact exists P(RPC)=97.45%>=40.00%. EV(trace)=0.228x0.05xINR322400x0.1-INR104=INR264,8207.09441030148
AC000304,617400.0,2,2,0.9891764705882353,PH001259,599.8360000000001,DO NOT TRACE,Viable contact exists P(RPC)=98.92%>=40.00%. EV(trace)=0.228x0.05xINR617400x0.1-INR104=INR600,6682.447058823511
AC000305,450000.0,2,2,0.9891764705882353,PH001260,409.0,DO NOT TRACE,Viable contact exists P(RPC)=98.92%>=40.00%. EV(trace)=0.228x0.05xINR450000x0.1-INR104=INR409,4870.588235294104
AC000306,109500.0,2,2,0.9745437518290897,PH001262,20.83,DO NOT TRACE,Viable contact exists P(RPC)=97.45%>=40.00%. EV(trace)=0.228x0.05xINR109500x0.1-INR104=INR21,2787.459174714678
AC000307,42500.0,2,2,0.9745437518290897,PH005845,-55.55,DO NOT TRACE,Viable contact exists P(RPC)=97.45%>=40.00%. EV(trace)=0.228x0.05xINR42500x0.1-INR104=INR-56,1081.8905472636877
AC000308,70400.0,3,3,0.9891764705882353,PH001264,-23.743999999999986,DO NOT TRACE,Viable contact exists P(RPC)=98.92%>=40.00%. EV(trace)=0.228x0.05xINR70400x0.1-INR104=INR-24,761.9764705882333
AC000309,85050.0,2,1,0.9424911297852473,PH001267,-7.042999999999992,DO NOT TRACE,Viable contact exists P(RPC)=94.25%>=40.00%. EV(trace)=0.228x0.05xINR85050x0.1-INR104=INR-7,4891.129411764718
AC000310,23750.0,3,2,0.9745437518290897,PH005842,-76.925,DO NOT TRACE,Viable contact exists P(RPC)=97.45%>=40.00%. EV(trace)=0.228x0.05xINR23750x0.1-INR104=INR-77,604.5858940591196
AC000311,102200.0,2,1,0.8911372549019607,PH001271,12.508000000000024,DO NOT TRACE,Viable contact exists P(RPC)=89.11%>=40.00%. EV(trace)=0.228x0.05xINR102200x0.1-INR104=INR13,11125.772549019615
AC000312,31950.0,1,0,0.008784313725490198,,-67.577,DO NOT TRACE,EV(trace)=INR-68 negative yield or active callable contact points available. EV(trace)=0.228x0.05xINR31950x0.1-INR104=INR-68,31669.34117647059
AC000313,202650.0,1,1,0.9745437518290897,PH001274,127.02100000000002,DO NOT TRACE,Viable contact exists P(RPC)=97.45%>=40.00%. EV(trace)=0.228x0.05xINR202650x0.1-INR104=INR127,5158.708691834972
AC000314,76500.0,2,1,0.9891764705882353,PH001276,-16.789999999999992,DO NOT TRACE,Viable contact exists P(RPC)=98.92%>=40.00%. EV(trace)=0.228x0.05xINR76500x0.1-INR104=INR-17,827.9999999999977
AC000315,57200.0,2,1,0.9891764705882353,PH001277,-38.79199999999999,DO NOT TRACE,Viable contact exists P(RPC)=98.92%>=40.00%. EV(trace)=0.228x0.05xINR57200x0.1-INR104=INR-39,619.1058823529395
AC000316,216000.0,2,2,0.7440784313725489,PH001280,142.24,DO NOT TRACE,Viable contact exists P(RPC)=74.41%>=40.00%. EV(trace)=0.228x0.05xINR216000x0.1-INR104=INR142,55279.058823529434
AC000317,257250.0,3,3,0.9424911297852473,PH001282,189.26500000000004,DO NOT TRACE,Viable contact exists P(RPC)=94.25%>=40.00%. EV(trace)=0.228x0.05xINR257250x0.1-INR104=INR189,14794.156862745134
AC000318,12600.0,2,1,0.9891764705882353,PH001283,-89.636,DO NOT TRACE,Viable contact exists P(RPC)=98.92%>=40.00%. EV(trace)=0.228x0.05xINR12600x0.1-INR104=INR-90,136.37647058823492
AC000319,148500.0,3,3,0.9745437518290897,PH001285,65.29000000000002,DO NOT TRACE,Viable contact exists P(RPC)=97.45%>=40.00%. EV(trace)=0.228x0.05xINR148500x0.1-INR104=INR65,3780.2528533801797
AC000320,64600.0,1,1,0.9891764705882353,PH001288,-30.355999999999995,DO NOT TRACE,Viable contact exists P(RPC)=98.92%>=40.00%. EV(trace)=0.228x0.05xINR64600x0.1-INR104=INR-30,699.1999999999981
AC000321,50600.0,2,1,0.9745437518290897,PH001290,-46.315999999999995,DO NOT TRACE,Viable contact exists P(RPC)=97.45%>=40.00%. EV(trace)=0.228x0.05xINR50600x0.1-INR104=INR-46,1288.0861574480612
AC000322,1000850.0,2,2,0.9891764705882353,PH001291,1036.969,DO NOT TRACE,Viable contact exists P(RPC)=98.92%>=40.00%. EV(trace)=0.228x0.05xINR1000850x0.1-INR104=INR1037,10832.729411764676
AC000323,48750.0,4,3,0.8911372549019607,PH001293,-48.425,DO NOT TRACE,Viable contact exists P(RPC)=89.11%>=40.00%. EV(trace)=0.228x0.05xINR48750x0.1-INR104=INR-48,5307.058823529415
AC000324,83200.0,1,1,0.9891764705882353,PH001297,-9.151999999999987,DO NOT TRACE,Viable contact exists P(RPC)=98.92%>=40.00%. EV(trace)=0.228x0.05xINR83200x0.1-INR104=INR-9,900.517647058821
AC000325,54050.0,2,2,0.7440784313725489,PH001299,-42.38299999999999,DO NOT TRACE,Viable contact exists P(RPC)=74.41%>=40.00%. EV(trace)=0.228x0.05xINR54050x0.1-INR104=INR-42,13832.560784313731
AC000326,43200.0,3,1,0.9891764705882353,PH001300,-54.751999999999995,DO NOT TRACE,Viable contact exists P(RPC)=98.92%>=40.00%. EV(trace)=0.228x0.05xINR43200x0.1-INR104=INR-55,467.57647058823403
AC000327,872300.0,2,2,0.9424911297852473,PH001304,890.4220000000001,DO NOT TRACE,Viable contact exists P(RPC)=94.25%>=40.00%. EV(trace)=0.228x0.05xINR872300x0.1-INR104=INR890,50164.987488328785
AC000328,151800.0,1,1,0.9424911297852473,PH001305,69.05200000000002,DO NOT TRACE,Viable contact exists P(RPC)=94.25%>=40.00%. EV(trace)=0.228x0.05xINR151800x0.1-INR104=INR69,8729.846498599461
AC000329,770400.0,3,3,0.9424911297852473,PH001307,774.256,DO NOT TRACE,Viable contact exists P(RPC)=94.25%>=40.00%. EV(trace)=0.228x0.05xINR770400x0.1-INR104=INR774,44304.83361344549
AC000330,93000.0,1,1,0.9424911297852473,PH001309,2.0200000000000102,DO NOT TRACE,Viable contact exists P(RPC)=94.25%>=40.00%. EV(trace)=0.228x0.05xINR93000x0.1-INR104=INR2,5348.324929972002
AC000331,128700.0,1,1,0.029643721318314557,PH001310,42.71800000000002,TRACE,All contacts have poor connection likelihood P(RPC)<15.00%. EV(trace)=0.228x0.05xINR128700x0.1-INR104=INR43. Trace justified.,124884.85306633291
AC000332,96600.0,2,2,0.9891764705882353,PH001312,6.124000000000009,DO NOT TRACE,Viable contact exists P(RPC)=98.92%>=40.00%. EV(trace)=0.228x0.05xINR96600x0.1-INR104=INR6,1045.5529411764678
AC000333,240750.0,3,3,0.9891764705882353,PH001313,170.45500000000004,DO NOT TRACE,Viable contact exists P(RPC)=98.92%>=40.00%. EV(trace)=0.228x0.05xINR240750x0.1-INR104=INR170,2605.764705882346
AC000334,69000.0,2,2,0.9424911297852473,PH001316,-25.33999999999999,DO NOT TRACE,Viable contact exists P(RPC)=94.25%>=40.00%. EV(trace)=0.228x0.05xINR69000x0.1-INR104=INR-25,3968.1120448179367
AC000335,81600.0,3,2,0.9891764705882353,PH001319,-10.975999999999999,DO NOT TRACE,Viable contact exists P(RPC)=98.92%>=40.00%. EV(trace)=0.228x0.05xINR81600x0.1-INR104=INR-11,883.1999999999975
AC000336,1188850.0,2,2,0.9745437518290897,PH001321,1251.2890000000002,DO NOT TRACE,Viable contact exists P(RPC)=97.45%>=40.00%. EV(trace)=0.228x0.05xINR1188850x0.1-INR104=INR1251,30263.66063798671
AC000337,196350.0,2,2,0.9891764705882353,PH001323,119.839,DO NOT TRACE,Viable contact exists P(RPC)=98.92%>=40.00%. EV(trace)=0.228x0.05xINR196350x0.1-INR104=INR120,2125.1999999999944
AC000338,503700.0,2,1,0.10069607843137254,PH001324,470.2180000000001,TRACE,All contacts have poor connection likelihood P(RPC)<15.00%. EV(trace)=0.228x0.05xINR503700x0.1-INR104=INR470. Trace justified.,452979.3852941177
AC000339,163200.0,3,3,0.9424911297852473,PH001327,82.048,DO NOT TRACE,Viable contact exists P(RPC)=94.25%>=40.00%. EV(trace)=0.228x0.05xINR163200x0.1-INR104=INR82,9385.447619047642
AC000340,336000.0,2,2,0.9745437518290897,PH001328,279.04,DO NOT TRACE,Viable contact exists P(RPC)=97.45%>=40.00%. EV(trace)=0.228x0.05xINR336000x0.1-INR104=INR279,8553.29938542586
AC000341,28800.0,3,1,0.9891764705882353,PH001331,-71.168,DO NOT TRACE,Viable contact exists P(RPC)=98.92%>=40.00%. EV(trace)=0.228x0.05xINR28800x0.1-INR104=INR-71,311.71764705882265
AC000342,282750.0,2,2,0.9745437518290897,PH001333,218.33500000000004,DO NOT TRACE,Viable contact exists P(RPC)=97.45%>=40.00%. EV(trace)=0.228x0.05xINR282750x0.1-INR104=INR218,7197.754170324887
AC000343,131200.0,3,2,0.9745437518290897,PH005879,45.56800000000001,DO NOT TRACE,Viable contact exists P(RPC)=97.45%>=40.00%. EV(trace)=0.228x0.05xINR131200x0.1-INR104=INR46,3339.8597600234316
AC000344,419400.0,3,3,0.07136253650396328,PH001338,374.116,TRACE,All contacts have poor connection likelihood P(RPC)<15.00%. EV(trace)=0.228x0.05xINR419400x0.1-INR104=INR374. Trace justified.,389470.5521902378
AC000345,181350.0,2,2,0.9745437518290897,PH001340,102.739,DO NOT TRACE,Viable contact exists P(RPC)=97.45%>=40.00%. EV(trace)=0.228x0.05xINR181350x0.1-INR104=INR103,4616.490605794583
AC000346,354900.0,4,4,0.9745437518290897,PH001342,300.586,DO NOT TRACE,Viable contact exists P(RPC)=97.45%>=40.00%. EV(trace)=0.228x0.05xINR354900x0.1-INR104=INR301,9034.422475856065
AC000347,213900.0,1,1,0.9745437518290897,PH001345,139.846,DO NOT TRACE,Viable contact exists P(RPC)=97.45%>=40.00%. EV(trace)=0.228x0.05xINR213900x0.1-INR104=INR140,5445.091483757713
AC000348,16650.0,3,2,0.9745437518290897,PH005813,-85.019,DO NOT TRACE,Viable contact exists P(RPC)=97.45%>=40.00%. EV(trace)=0.228x0.05xINR16650x0.1-INR104=INR-85,423.8465320456565
AC000349,109150.0,4,4,0.9745437518290897,PH001348,20.430999999999997,DO NOT TRACE,Viable contact exists P(RPC)=97.45%>=40.00%. EV(trace)=0.228x0.05xINR109150x0.1-INR104=INR20,2778.5494878548593
AC000350,192700.0,1,1,0.9891764705882353,PH001352,115.67800000000003,DO NOT TRACE,Viable contact exists P(RPC)=98.92%>=40.00%. EV(trace)=0.228x0.05xINR192700x0.1-INR104=INR116,2085.694117647053
AC000351,164000.0,1,1,0.9891764705882353,PH001353,82.96000000000004,DO NOT TRACE,Viable contact exists P(RPC)=98.92%>=40.00%. EV(trace)=0.228x0.05xINR164000x0.1-INR104=INR83,1775.058823529407
AC000352,102500.0,2,2,0.9891764705882353,PH001354,12.850000000000009,DO NOT TRACE,Viable contact exists P(RPC)=98.92%>=40.00%. EV(trace)=0.228x0.05xINR102500x0.1-INR104=INR13,1109.4117647058792
AC000353,471800.0,4,4,0.9745437518290897,PH001356,433.8520000000001,DO NOT TRACE,Viable contact exists P(RPC)=97.45%>=40.00%. EV(trace)=0.228x0.05xINR471800x0.1-INR104=INR434,12010.25788703548
AC000354,323350.0,2,2,0.9745437518290897,PH001360,264.619,DO NOT TRACE,Viable contact exists P(RPC)=97.45%>=40.00%. EV(trace)=0.228x0.05xINR323350x0.1-INR104=INR265,8231.277846063846
AC000355,13600.0,2,1,0.9891764705882353,PH001362,-88.496,DO NOT TRACE,Viable contact exists P(RPC)=98.92%>=40.00%. EV(trace)=0.228x0.05xINR13600x0.1-INR104=INR-88,147.1999999999996
AC000356,232300.0,3,3,0.9891764705882353,PH001365,160.82200000000006,DO NOT TRACE,Viable contact exists P(RPC)=98.92%>=40.00%. EV(trace)=0.228x0.05xINR232300x0.1-INR104=INR161,2514.3058823529345
AC000357,1387750.0,2,2,0.9745437518290897,PH001367,1478.035,DO NOT TRACE,Viable contact exists P(RPC)=97.45%>=40.00%. EV(trace)=0.228x0.05xINR1387750x0.1-INR104=INR1478,35326.90839918077
AC000358,15400.0,3,0,0.008784313725490198,,-86.444,DO NOT TRACE,EV(trace)=INR-86 negative yield or active callable contact points available. EV(trace)=0.228x0.05xINR15400x0.1-INR104=INR-86,15264.721568627452
AC000359,111000.0,1,1,0.07136253650396328,PH001372,22.54000000000002,TRACE,All contacts have poor connection likelihood P(RPC)<15.00%. EV(trace)=0.228x0.05xINR111000x0.1-INR104=INR23. Trace justified.,103078.75844806008
AC000360,321300.0,3,3,0.9891764705882353,PH001373,262.28200000000004,DO NOT TRACE,Viable contact exists P(RPC)=98.92%>=40.00%. EV(trace)=0.228x0.05xINR321300x0.1-INR104=INR262,3477.5999999999904
AC000361,858000.0,4,4,0.9424911297852473,PH005909,874.1200000000001,DO NOT TRACE,Viable contact exists P(RPC)=94.25%>=40.00%. EV(trace)=0.228x0.05xINR858000x0.1-INR104=INR874,49342.610644257824
AC000362,108000.0,1,1,0.9424911297852473,PH001379,19.120000000000005,DO NOT TRACE,Viable contact exists P(RPC)=94.25%>=40.00%. EV(trace)=0.228x0.05xINR108000x0.1-INR104=INR19,6210.957983193292
AC000363,32400.0,3,2,0.9745437518290897,PH001380,-67.064,DO NOT TRACE,Viable contact exists P(RPC)=97.45%>=40.00%. EV(trace)=0.228x0.05xINR32400x0.1-INR104=INR-67,824.7824407374937
AC000364,408000.0,2,2,0.9745437518290897,PH001383,361.12,DO NOT TRACE,Viable contact exists P(RPC)=97.45%>=40.00%. EV(trace)=0.228x0.05xINR408000x0.1-INR104=INR361,10386.149253731402
AC000365,36750.0,3,0,0.008784313725490198,,-62.105,DO NOT TRACE,EV(trace)=INR-62 negative yield or active callable contact points available. EV(trace)=0.228x0.05xINR36750x0.1-INR104=INR-62,36427.17647058824
AC000366,608400.0,4,4,0.9891764705882353,PH001387,589.576,DO NOT TRACE,Viable contact exists P(RPC)=98.92%>=40.00%. EV(trace)=0.228x0.05xINR608400x0.1-INR104=INR590,6585.035294117629
AC000367,378000.0,3,3,0.9891764705882353,PH001392,326.92,DO NOT TRACE,Viable contact exists P(RPC)=98.92%>=40.00%. EV(trace)=0.228x0.05xINR378000x0.1-INR104=INR327,4091.2941176470476
AC000368,305950.0,3,2,0.8911372549019607,PH001394,244.78300000000002,DO NOT TRACE,Viable contact exists P(RPC)=89.11%>=40.00%. EV(trace)=0.228x0.05xINR305950x0.1-INR104=INR245,33306.55686274512
AC000369,52650.0,2,1,0.9891764705882353,PH001397,-43.97899999999999,DO NOT TRACE,Viable contact exists P(RPC)=98.92%>=40.00%. EV(trace)=0.228x0.05xINR52650x0.1-INR104=INR-44,569.8588235294102
AC000370,269600.0,4,4,0.8257777777777777,PH001399,203.34400000000005,DO NOT TRACE,Viable contact exists P(RPC)=82.58%>=40.00%. EV(trace)=0.228x0.05xINR269600x0.1-INR104=INR203,46970.31111111113
AC000371,79900.0,2,2,0.9424911297852473,PH001401,-12.913999999999987,DO NOT TRACE,Viable contact exists P(RPC)=94.25%>=40.00%. EV(trace)=0.228x0.05xINR79900x0.1-INR104=INR-13,4594.958730158741
AC000372,156600.0,2,2,0.9424911297852473,PH001403,74.524,DO NOT TRACE,Viable contact exists P(RPC)=94.25%>=40.00%. EV(trace)=0.228x0.05xINR156600x0.1-INR104=INR75,9005.889075630274
AC000373,328600.0,3,3,0.9745437518290897,PH001405,270.60400000000004,DO NOT TRACE,Viable contact exists P(RPC)=97.45%>=40.00%. EV(trace)=0.228x0.05xINR328600x0.1-INR104=INR271,8364.923148961125
AC000374,39200.0,3,1,0.9891764705882353,PH001408,-59.312,DO NOT TRACE,Viable contact exists P(RPC)=98.92%>=40.00%. EV(trace)=0.228x0.05xINR39200x0.1-INR104=INR-59,424.2823529411753
AC000375,75950.0,3,3,0.8911372549019607,PH001411,-17.416999999999987,DO NOT TRACE,Viable contact exists P(RPC)=89.11%>=40.00%. EV(trace)=0.228x0.05xINR75950x0.1-INR104=INR-17,8268.125490196084
AC000376,114400.0,2,2,0.9891764705882353,PH001415,26.416000000000025,DO NOT TRACE,Viable contact exists P(RPC)=98.92%>=40.00%. EV(trace)=0.228x0.05xINR114400x0.1-INR104=INR26,1238.211764705879
AC000377,1161600.0,3,3,0.9745437518290897,PH001416,1220.2240000000002,DO NOT TRACE,Viable contact exists P(RPC)=97.45%>=40.00%. EV(trace)=0.228x0.05xINR1161600x0.1-INR104=INR1220,29569.977875329405
AC000378,297600.0,3,3,0.9891764705882353,PH001420,235.26400000000007,DO NOT TRACE,Viable contact exists P(RPC)=98.92%>=40.00%. EV(trace)=0.228x0.05xINR297600x0.1-INR104=INR235,3221.0823529411678
AC000379,184600.0,3,3,0.9891764705882353,PH001422,106.44400000000002,DO NOT TRACE,Viable contact exists P(RPC)=98.92%>=40.00%. EV(trace)=0.228x0.05xINR184600x0.1-INR104=INR106,1998.0235294117592
AC000380,119000.0,2,2,0.9745437518290897,PH001425,31.660000000000025,DO NOT TRACE,Viable contact exists P(RPC)=97.45%>=40.00%. EV(trace)=0.228x0.05xINR119000x0.1-INR104=INR32,3029.293532338326
AC000381,67650.0,3,2,0.8911372549019607,PH001427,-26.87899999999999,DO NOT TRACE,Viable contact exists P(RPC)=89.11%>=40.00%. EV(trace)=0.228x0.05xINR67650x0.1-INR104=INR-27,7364.564705882357
AC000382,438600.0,1,1,0.9745437518290897,PH001429,396.004,DO NOT TRACE,Viable contact exists P(RPC)=97.45%>=40.00%. EV(trace)=0.228x0.05xINR438600x0.1-INR104=INR396,11165.110447761257
AC000383,80850.0,3,3,0.9745437518290897,PH001430,-11.830999999999989,DO NOT TRACE,Viable contact exists P(RPC)=97.45%>=40.00%. EV(trace)=0.228x0.05xINR80850x0.1-INR104=INR-12,2058.137664618098
AC000384,129250.0,3,3,0.9891764705882353,PH001432,43.345,DO NOT TRACE,Viable contact exists P(RPC)=98.92%>=40.00%. EV(trace)=0.228x0.05xINR129250x0.1-INR104=INR43,1398.9411764705844
AC000385,312000.0,3,2,0.9745437518290897,PH001435,251.68000000000006,DO NOT TRACE,Viable contact exists P(RPC)=97.45%>=40.00%. EV(trace)=0.228x0.05xINR312000x0.1-INR104=INR252,7942.349429324014
AC000386,161200.0,3,3,0.9745437518290897,PH001438,79.76800000000003,DO NOT TRACE,Viable contact exists P(RPC)=97.45%>=40.00%. EV(trace)=0.228x0.05xINR161200x0.1-INR104=INR80,4103.54720515074
AC000387,345950.0,2,2,0.10069607843137254,PH001441,290.38300000000004,TRACE,All contacts have poor connection likelihood P(RPC)<15.00%. EV(trace)=0.228x0.05xINR345950x0.1-INR104=INR290. Trace justified.,311114.19166666665
AC000388,80500.0,3,3,0.9424911297852473,PH001442,-12.22999999999999,DO NOT TRACE,Viable contact exists P(RPC)=94.25%>=40.00%. EV(trace)=0.228x0.05xINR80500x0.1-INR104=INR-12,4629.4640522875925
AC000389,193500.0,2,2,0.9745437518290897,PH001446,116.59000000000003,DO NOT TRACE,Viable contact exists P(RPC)=97.45%>=40.00%. EV(trace)=0.228x0.05xINR193500x0.1-INR104=INR117,4925.784021071143
AC000390,464100.0,2,2,0.9891764705882353,PH001447,425.07399999999996,DO NOT TRACE,Viable contact exists P(RPC)=98.92%>=40.00%. EV(trace)=0.228x0.05xINR464100x0.1-INR104=INR425,5023.199999999986
AC000391,151800.0,3,3,0.9745437518290897,PH001449,69.05200000000002,DO NOT TRACE,Viable contact exists P(RPC)=97.45%>=40.00%. EV(trace)=0.228x0.05xINR151800x0.1-INR104=INR69,3864.2584723441837
AC000392,222750.0,2,2,0.9745437518290897,PH001451,149.935,DO NOT TRACE,Viable contact exists P(RPC)=97.45%>=40.00%. EV(trace)=0.228x0.05xINR222750x0.1-INR104=INR150,5670.3792800702695
AC000393,124800.0,2,2,0.8491204481792716,PH001453,38.27200000000002,DO NOT TRACE,Viable contact exists P(RPC)=84.91%>=40.00%. EV(trace)=0.228x0.05xINR124800x0.1-INR104=INR38,18829.76806722691
AC000394,662150.0,2,2,0.9891764705882353,PH001455,650.8510000000001,DO NOT TRACE,Viable contact exists P(RPC)=98.92%>=40.00%. EV(trace)=0.228x0.05xINR662150x0.1-INR104=INR651,7166.79999999998
AC000395,15300.0,1,1,0.10069607843137254,PH001457,-86.55799999999999,DO NOT TRACE,EV(trace)=INR-87 negative yield or active callable contact points available. EV(trace)=0.228x0.05xINR15300x0.1-INR104=INR-87,13759.35
AC000396,25200.0,2,2,0.9891764705882353,PH001458,-75.27199999999999,DO NOT TRACE,Viable contact exists P(RPC)=98.92%>=40.00%. EV(trace)=0.228x0.05xINR25200x0.1-INR104=INR-75,272.75294117646985
AC000397,73500.0,2,1,0.9745437518290897,PH001460,-20.209999999999994,DO NOT TRACE,Viable contact exists P(RPC)=97.45%>=40.00%. EV(trace)=0.228x0.05xINR73500x0.1-INR104=INR-20,1871.0342405619072
AC000398,81700.0,4,2,0.9745437518290897,PH001462,-10.861999999999995,DO NOT TRACE,Viable contact exists P(RPC)=97.45%>=40.00%. EV(trace)=0.228x0.05xINR81700x0.1-INR104=INR-11,2079.7754755633714
AC000399,138450.0,4,4,0.9745437518290897,PH001465,53.83300000000003,DO NOT TRACE,Viable contact exists P(RPC)=97.45%>=40.00%. EV(trace)=0.228x0.05xINR138450x0.1-INR104=INR54,3524.417559262531
AC000400,90000.0,1,1,0.9424911297852473,PH001469,-1.3999999999999915,DO NOT TRACE,Viable contact exists P(RPC)=94.25%>=40.00%. EV(trace)=0.228x0.05xINR90000x0.1-INR104=INR-1,5175.798319327743
AC000401,250600.0,4,4,0.9745437518290897,PH005862,181.68400000000003,DO NOT TRACE,Viable contact exists P(RPC)=97.45%>=40.00%. EV(trace)=0.228x0.05xINR250600x0.1-INR104=INR182,6379.335791630121
AC000402,7500.0,4,0,0.8280211749374288,,-95.45,DO NOT TRACE,EV(trace)=INR-95 negative yield or active callable contact points available. EV(trace)=0.228x0.05xINR7500x0.1-INR104=INR-95,1289.8411879692842
AC000403,74100.0,1,1,0.9891764705882353,PH001476,-19.525999999999996,DO NOT TRACE,Viable contact exists P(RPC)=98.92%>=40.00%. EV(trace)=0.228x0.05xINR74100x0.1-INR104=INR-20,802.0235294117625
AC000404,109800.0,2,1,0.8911372549019607,PH001477,21.17200000000001,DO NOT TRACE,Viable contact exists P(RPC)=89.11%>=40.00%. EV(trace)=0.228x0.05xINR109800x0.1-INR104=INR21,11953.129411764714
AC000405,83700.0,2,2,0.9745437518290897,PH001480,-8.581999999999994,DO NOT TRACE,Viable contact exists P(RPC)=97.45%>=40.00%. EV(trace)=0.228x0.05xINR83700x0.1-INR104=INR-9,2130.687971905192
AC000406,223100.0,2,2,0.9424911297852473,PH001481,150.33400000000003,DO NOT TRACE,Viable contact exists P(RPC)=94.25%>=40.00%. EV(trace)=0.228x0.05xINR223100x0.1-INR104=INR150,12830.228944911329
AC000407,108500.0,2,1,0.9891764705882353,PH001483,19.690000000000012,DO NOT TRACE,Viable contact exists P(RPC)=98.92%>=40.00%. EV(trace)=0.228x0.05xINR108500x0.1-INR104=INR20,1174.3529411764673
AC000408,37800.0,4,3,0.9745437518290897,PH001485,-60.907999999999994,DO NOT TRACE,Viable contact exists P(RPC)=97.45%>=40.00%. EV(trace)=0.228x0.05xINR37800x0.1-INR104=INR-61,962.2461808604094
AC000409,452000.0,4,4,0.9891764705882353,PH005814,411.2800000000001,DO NOT TRACE,Viable contact exists P(RPC)=98.92%>=40.00%. EV(trace)=0.228x0.05xINR452000x0.1-INR104=INR411,4892.235294117634
AC000410,446400.0,2,2,0.9745437518290897,PH001493,404.896,DO NOT TRACE,Viable contact exists P(RPC)=97.45%>=40.00%. EV(trace)=0.228x0.05xINR446400x0.1-INR104=INR405,11363.669183494358
AC000411,40500.0,3,1,0.9745437518290897,PH001494,-57.83,DO NOT TRACE,Viable contact exists P(RPC)=97.45%>=40.00%. EV(trace)=0.228x0.05xINR40500x0.1-INR104=INR-58,1030.9780509218672
AC000412,507500.0,2,2,0.008784313725490198,PH001497,474.55000000000007,TRACE,All contacts have poor connection likelihood P(RPC)<15.00%. EV(trace)=0.228x0.05xINR507500x0.1-INR104=INR475. Trace justified.,503041.96078431373
AC000413,65600.0,3,2,0.9745437518290897,PH001500,-29.215999999999994,DO NOT TRACE,Viable contact exists P(RPC)=97.45%>=40.00%. EV(trace)=0.228x0.05xINR65600x0.1-INR104=INR-29,1669.9298800117158
AC000414,189000.0,1,1,0.9745437518290897,PH001502,111.46000000000001,DO NOT TRACE,Viable contact exists P(RPC)=97.45%>=40.00%. EV(trace)=0.228x0.05xINR189000x0.1-INR104=INR111,4811.230904302047
AC000415,42500.0,2,2,0.9745437518290897,PH001504,-55.55,DO NOT TRACE,Viable contact exists P(RPC)=97.45%>=40.00%. EV(trace)=0.228x0.05xINR42500x0.1-INR104=INR-56,1081.8905472636877
AC000416,300300.0,2,2,0.9745437518290897,PH001505,238.34200000000004,DO NOT TRACE,Viable contact exists P(RPC)=97.45%>=40.00%. EV(trace)=0.228x0.05xINR300300x0.1-INR104=INR238,7644.511325724363
AC000417,64800.0,3,2,0.9891764705882353,PH001507,-30.128,DO NOT TRACE,Viable contact exists P(RPC)=98.92%>=40.00%. EV(trace)=0.228x0.05xINR64800x0.1-INR104=INR-30,701.364705882351
AC000418,425500.0,3,3,0.8491204481792716,PH001510,381.07,DO NOT TRACE,Viable contact exists P(RPC)=84.91%>=40.00%. EV(trace)=0.228x0.05xINR425500x0.1-INR104=INR381,64199.249299719944
AC000419,89950.0,3,1,0.029643721318314557,PH005869,-1.4569999999999936,DO NOT TRACE,EV(trace)=INR-1 negative yield or active callable contact points available. EV(trace)=0.228x0.05xINR89950x0.1-INR104=INR-1,87283.5472674176
AC000420,747300.0,3,3,0.5222518365503109,PH001517,747.9220000000001,DO NOT TRACE,Viable contact exists P(RPC)=52.23%>=40.00%. EV(trace)=0.228x0.05xINR747300x0.1-INR104=INR748,357021.20254595263
AC000421,113100.0,3,2,0.9891764705882353,PH001519,24.934000000000026,DO NOT TRACE,Viable contact exists P(RPC)=98.92%>=40.00%. EV(trace)=0.228x0.05xINR113100x0.1-INR104=INR25,1224.141176470585
AC000422,99450.0,3,1,0.9424911297852473,PH001521,9.373000000000005,DO NOT TRACE,Viable contact exists P(RPC)=94.25%>=40.00%. EV(trace)=0.228x0.05xINR99450x0.1-INR104=INR9,5719.257142857156
AC000423,359000.0,3,3,0.9891764705882353,PH001525,305.26000000000005,DO NOT TRACE,Viable contact exists P(RPC)=98.92%>=40.00%. EV(trace)=0.228x0.05xINR359000x0.1-INR104=INR305,3885.647058823519
AC000424,46000.0,2,2,0.8257777777777777,PH001527,-51.56,DO NOT TRACE,Viable contact exists P(RPC)=82.58%>=40.00%. EV(trace)=0.228x0.05xINR46000x0.1-INR104=INR-52,8014.222222222224
AC000425,1240800.0,3,3,0.9891764705882353,PH001529,1310.5120000000002,DO NOT TRACE,Viable contact exists P(RPC)=98.92%>=40.00%. EV(trace)=0.228x0.05xINR1240800x0.1-INR104=INR1311,13429.83529411761
AC000426,737000.0,4,4,0.9891764705882353,PH001531,736.1800000000002,DO NOT TRACE,Viable contact exists P(RPC)=98.92%>=40.00%. EV(trace)=0.228x0.05xINR737000x0.1-INR104=INR736,7976.9411764705665
AC000427,180400.0,3,3,0.9891764705882353,PH001535,101.656,DO NOT TRACE,Viable contact exists P(RPC)=98.92%>=40.00%. EV(trace)=0.228x0.05xINR180400x0.1-INR104=INR102,1952.5647058823477
AC000428,267750.0,3,3,0.9424911297852473,PH001538,201.235,DO NOT TRACE,Viable contact exists P(RPC)=94.25%>=40.00%. EV(trace)=0.228x0.05xINR267750x0.1-INR104=INR201,15398.000000000036
AC000429,940500.0,3,3,0.8491204481792716,PH000110,968.1700000000001,DO NOT TRACE,Viable contact exists P(RPC)=84.91%>=40.00%. EV(trace)=0.228x0.05xINR940500x0.1-INR104=INR968,141902.2184873951
AC000430,94400.0,1,1,0.9745437518290897,PH001542,3.616000000000014,DO NOT TRACE,Viable contact exists P(RPC)=97.45%>=40.00%. EV(trace)=0.228x0.05xINR94400x0.1-INR104=INR4,2403.069827333932
AC000431,770000.0,2,2,0.9745437518290897,PH001543,773.8000000000001,DO NOT TRACE,Viable contact exists P(RPC)=97.45%>=40.00%. EV(trace)=0.228x0.05xINR770000x0.1-INR104=INR774,19601.311091600932
AC000432,235350.0,3,3,0.9891764705882353,PH001546,164.29900000000004,DO NOT TRACE,Viable contact exists P(RPC)=98.92%>=40.00%. EV(trace)=0.228x0.05xINR235350x0.1-INR104=INR164,2547.3176470588164
AC000433,124550.0,2,2,0.9745437518290897,PH001548,37.98700000000002,DO NOT TRACE,Viable contact exists P(RPC)=97.45%>=40.00%. EV(trace)=0.228x0.05xINR124550x0.1-INR104=INR38,3170.575709686878
AC000434,58100.0,1,1,0.2888963585434174,PH001550,-37.76599999999999,DO NOT TRACE,EV(trace)=INR-38 negative yield or active callable contact points available. EV(trace)=0.228x0.05xINR58100x0.1-INR104=INR-38,41315.121568627445
AC000435,75250.0,3,3,0.8491204481792716,PH001551,-18.21499999999999,DO NOT TRACE,Viable contact exists P(RPC)=84.91%>=40.00%. EV(trace)=0.228x0.05xINR75250x0.1-INR104=INR-18,11353.686274509815
AC000436,688000.0,1,1,0.9891764705882353,PH001554,680.3200000000002,DO NOT TRACE,Viable contact exists P(RPC)=98.92%>=40.00%. EV(trace)=0.228x0.05xINR688000x0.1-INR104=INR680,7446.588235294097
AC000437,551100.0,2,2,0.9891764705882353,PH001555,524.254,DO NOT TRACE,Viable contact exists P(RPC)=98.92%>=40.00%. EV(trace)=0.228x0.05xINR551100x0.1-INR104=INR524,5964.847058823513
AC000438,33250.0,2,1,0.8491204481792716,PH001557,-66.095,DO NOT TRACE,Viable contact exists P(RPC)=84.91%>=40.00%. EV(trace)=0.228x0.05xINR33250x0.1-INR104=INR-66,5016.7450980392205
AC000439,94600.0,2,2,0.9745437518290897,PH001559,3.8440000000000083,DO NOT TRACE,Viable contact exists P(RPC)=97.45%>=40.00%. EV(trace)=0.228x0.05xINR94600x0.1-INR104=INR4,2408.1610769681142
AC000440,161000.0,3,3,0.9745437518290897,PH001562,79.54000000000002,DO NOT TRACE,Viable contact exists P(RPC)=97.45%>=40.00%. EV(trace)=0.228x0.05xINR161000x0.1-INR104=INR80,4098.455955516559
AC000441,692100.0,2,2,0.9891764705882353,PH001564,684.9940000000001,DO NOT TRACE,Viable contact exists P(RPC)=98.92%>=40.00%. EV(trace)=0.228x0.05xINR692100x0.1-INR104=INR685,7490.964705882332
AC000442,70500.0,3,3,0.9745437518290897,PH001566,-23.629999999999995,DO NOT TRACE,Viable contact exists P(RPC)=97.45%>=40.00%. EV(trace)=0.228x0.05xINR70500x0.1-INR104=INR-24,1794.6654960491762
AC000443,36300.0,2,2,0.9424911297852473,PH001569,-62.617999999999995,DO NOT TRACE,Viable contact exists P(RPC)=94.25%>=40.00%. EV(trace)=0.228x0.05xINR36300x0.1-INR104=INR-63,2087.5719887955233
AC000444,329400.0,3,3,0.9745437518290897,PH000143,271.5160000000001,DO NOT TRACE,Viable contact exists P(RPC)=97.45%>=40.00%. EV(trace)=0.228x0.05xINR329400x0.1-INR104=INR272,8385.288147497853
AC000445,69700.0,3,2,0.8911372549019607,PH001574,-24.541999999999987,DO NOT TRACE,Viable contact exists P(RPC)=89.11%>=40.00%. EV(trace)=0.228x0.05xINR69700x0.1-INR104=INR-25,7587.733333333338
AC000446,274800.0,4,3,0.9891764705882353,PH005850,209.27200000000005,DO NOT TRACE,Viable contact exists P(RPC)=98.92%>=40.00%. EV(trace)=0.228x0.05xINR274800x0.1-INR104=INR209,2974.305882352933
AC000447,93600.0,1,1,0.8911372549019607,PH001577,2.7040000000000077,DO NOT TRACE,Viable contact exists P(RPC)=89.11%>=40.00%. EV(trace)=0.228x0.05xINR93600x0.1-INR104=INR3,10189.552941176476
AC000448,484500.0,2,2,0.9745437518290897,PH001578,448.33000000000004,DO NOT TRACE,Viable contact exists P(RPC)=97.45%>=40.00%. EV(trace)=0.228x0.05xINR484500x0.1-INR104=INR448,12333.55223880604
AC000449,79050.0,3,1,0.9424911297852473,PH001581,-13.882999999999981,DO NOT TRACE,Viable contact exists P(RPC)=94.25%>=40.00%. EV(trace)=0.228x0.05xINR79050x0.1-INR104=INR-14,4546.076190476201
AC000450,43800.0,1,1,0.9710774557156444,PH001583,-54.068,DO NOT TRACE,Viable contact exists P(RPC)=97.11%>=40.00%. EV(trace)=0.228x0.05xINR43800x0.1-INR104=INR-54,1266.8074396547747
AC000451,112000.0,1,0,0.008784313725490198,,23.680000000000007,TRACE,All contacts exhausted. EV(trace)=0.228x0.05xINR112000x0.1-INR104=INR24. Net positive recovery yield.,111016.1568627451
AC000452,54000.0,3,1,0.9891764705882353,PH001585,-42.44,DO NOT TRACE,Viable contact exists P(RPC)=98.92%>=40.00%. EV(trace)=0.228x0.05xINR54000x0.1-INR104=INR-42,584.4705882352926
AC000453,368550.0,3,3,0.9424911297852473,PH001588,316.14700000000005,DO NOT TRACE,Viable contact exists P(RPC)=94.25%>=40.00%. EV(trace)=0.228x0.05xINR368550x0.1-INR104=INR316,21194.89411764711
AC000454,119000.0,3,2,0.10069607843137254,PH001591,31.660000000000025,TRACE,All contacts have poor connection likelihood P(RPC)<15.00%. EV(trace)=0.228x0.05xINR119000x0.1-INR104=INR32. Trace justified.,107017.16666666667
AC000455,217150.0,3,3,0.8911372549019607,PH001594,143.55100000000004,DO NOT TRACE,Viable contact exists P(RPC)=89.11%>=40.00%. EV(trace)=0.228x0.05xINR217150x0.1-INR104=INR144,23639.54509803923
AC000456,18900.0,2,1,0.9891764705882353,PH001596,-82.454,DO NOT TRACE,Viable contact exists P(RPC)=98.92%>=40.00%. EV(trace)=0.228x0.05xINR18900x0.1-INR104=INR-82,204.56470588235237
AC000457,83600.0,3,2,0.9745437518290897,PH001598,-8.695999999999984,DO NOT TRACE,Viable contact exists P(RPC)=97.45%>=40.00%. EV(trace)=0.228x0.05xINR83600x0.1-INR104=INR-9,2128.142347088101
AC000458,52250.0,2,1,0.9745437518290897,PH001601,-44.435,DO NOT TRACE,Viable contact exists P(RPC)=97.45%>=40.00%. EV(trace)=0.228x0.05xINR52250x0.1-INR104=INR-44,1330.0889669300632
AC000459,371000.0,2,2,0.9424911297852473,PH001603,318.94000000000005,DO NOT TRACE,Viable contact exists P(RPC)=94.25%>=40.00%. EV(trace)=0.228x0.05xINR371000x0.1-INR104=INR319,21335.790849673253
AC000460,312000.0,2,2,0.9891764705882353,PH001605,251.68000000000006,DO NOT TRACE,Viable contact exists P(RPC)=98.92%>=40.00%. EV(trace)=0.228x0.05xINR312000x0.1-INR104=INR252,3376.941176470579
AC000461,12000.0,3,2,0.9891764705882353,PH001607,-90.32,DO NOT TRACE,Viable contact exists P(RPC)=98.92%>=40.00%. EV(trace)=0.228x0.05xINR12000x0.1-INR104=INR-90,129.88235294117612
AC000462,103200.0,2,1,0.07136253650396328,PH001611,13.64800000000001,TRACE,All contacts have poor connection likelihood P(RPC)<15.00%. EV(trace)=0.228x0.05xINR103200x0.1-INR104=INR14. Trace justified.,95835.38623279099
AC000463,55800.0,2,2,0.9891764705882353,PH001612,-40.388,DO NOT TRACE,Viable contact exists P(RPC)=98.92%>=40.00%. EV(trace)=0.228x0.05xINR55800x0.1-INR104=INR-40,603.9529411764689
AC000464,126000.0,3,3,0.9891764705882353,PH001614,39.640000000000015,DO NOT TRACE,Viable contact exists P(RPC)=98.92%>=40.00%. EV(trace)=0.228x0.05xINR126000x0.1-INR104=INR40,1363.7647058823493
AC000465,130200.0,2,2,0.9745437518290897,PH001617,44.428,DO NOT TRACE,Viable contact exists P(RPC)=97.45%>=40.00%. EV(trace)=0.228x0.05xINR130200x0.1-INR104=INR44,3314.403511852521
AC000466,47500.0,2,2,0.9424911297852473,PH001619,-49.849999999999994,DO NOT TRACE,Viable contact exists P(RPC)=94.25%>=40.00%. EV(trace)=0.228x0.05xINR47500x0.1-INR104=INR-50,2731.6713352007537
AC000467,27500.0,1,1,0.9891764705882353,PH001620,-72.65,DO NOT TRACE,Viable contact exists P(RPC)=98.92%>=40.00%. EV(trace)=0.228x0.05xINR27500x0.1-INR104=INR-73,297.6470588235286
AC000468,148350.0,3,2,0.029643721318314557,PH001621,65.11900000000003,TRACE,All contacts have poor connection likelihood P(RPC)<15.00%. EV(trace)=0.228x0.05xINR148350x0.1-INR104=INR65. Trace justified.,143952.35394242802
AC000469,238050.0,2,2,0.07136253650396328,PH001624,167.377,TRACE,All contacts have poor connection likelihood P(RPC)<15.00%. EV(trace)=0.228x0.05xINR238050x0.1-INR104=INR167. Trace justified.,221062.14818523155
AC000470,95200.0,2,2,0.9891764705882353,PH001626,4.528000000000006,DO NOT TRACE,Viable contact exists P(RPC)=98.92%>=40.00%. EV(trace)=0.228x0.05xINR95200x0.1-INR104=INR5,1030.3999999999971
AC000471,442400.0,3,3,0.029643721318314557,PH001629,400.33600000000007,TRACE,All contacts have poor connection likelihood P(RPC)<15.00%. EV(trace)=0.228x0.05xINR442400x0.1-INR104=INR400. Trace justified.,429285.6176887776
AC000472,38400.0,3,3,0.9424911297852473,PH001632,-60.224,DO NOT TRACE,Viable contact exists P(RPC)=94.25%>=40.00%. EV(trace)=0.228x0.05xINR38400x0.1-INR104=INR-60,2208.340616246504
AC000473,795300.0,3,3,0.9424911297852473,PH001634,802.642,DO NOT TRACE,Viable contact exists P(RPC)=94.25%>=40.00%. EV(trace)=0.228x0.05xINR795300x0.1-INR104=INR803,45736.804481792824
AC000474,249600.0,3,3,0.9745437518290897,PH001637,180.54400000000004,DO NOT TRACE,Viable contact exists P(RPC)=97.45%>=40.00%. EV(trace)=0.228x0.05xINR249600x0.1-INR104=INR181,6353.879543459211
AC000475,204000.0,1,1,0.008784313725490198,PH001640,128.56,TRACE,All contacts have poor connection likelihood P(RPC)<15.00%. EV(trace)=0.228x0.05xINR204000x0.1-INR104=INR129. Trace justified.,202208.0
AC000476,158700.0,3,3,0.9424911297852473,PH001641,76.918,DO NOT TRACE,Viable contact exists P(RPC)=94.25%>=40.00%. EV(trace)=0.228x0.05xINR158700x0.1-INR104=INR77,9126.657703081255
AC000477,517000.0,4,4,0.9745437518290897,PH001644,485.38,DO NOT TRACE,Viable contact exists P(RPC)=97.45%>=40.00%. EV(trace)=0.228x0.05xINR517000x0.1-INR104=INR485,13160.880304360626
AC000478,29900.0,2,2,0.8911372549019607,PH001647,-69.91399999999999,DO NOT TRACE,Viable contact exists P(RPC)=89.11%>=40.00%. EV(trace)=0.228x0.05xINR29900x0.1-INR104=INR-70,3254.9960784313744
AC000479,56100.0,1,1,0.9891764705882353,PH001649,-40.04599999999999,DO NOT TRACE,Viable contact exists P(RPC)=98.92%>=40.00%. EV(trace)=0.228x0.05xINR56100x0.1-INR104=INR-40,607.1999999999983
AC000480,72900.0,3,3,0.10069607843137254,PH001650,-20.89399999999999,DO NOT TRACE,EV(trace)=INR-21 negative yield or active callable contact points available. EV(trace)=0.228x0.05xINR72900x0.1-INR104=INR-21,65559.25588235294
AC000481,21250.0,3,1,0.87756847019502,PH001654,-79.775,DO NOT TRACE,Viable contact exists P(RPC)=87.76%>=40.00%. EV(trace)=0.228x0.05xINR21250x0.1-INR104=INR-80,2601.670008355824
AC000482,512750.0,2,2,0.10069607843137254,PH001657,480.5350000000001,TRACE,All contacts have poor connection likelihood P(RPC)<15.00%. EV(trace)=0.228x0.05xINR512750x0.1-INR104=INR481. Trace justified.,461118.08578431373
AC000483,120250.0,1,1,0.9745437518290897,PH001658,33.08500000000001,DO NOT TRACE,Viable contact exists P(RPC)=97.45%>=40.00%. EV(trace)=0.228x0.05xINR120250x0.1-INR104=INR33,3061.1138425519634
AC000484,291100.0,3,3,0.9891764705882353,PH001659,227.85400000000004,DO NOT TRACE,Viable contact exists P(RPC)=98.92%>=40.00%. EV(trace)=0.228x0.05xINR291100x0.1-INR104=INR228,3150.7294117646975
AC000485,9200.0,2,1,0.9891764705882353,PH001662,-93.512,DO NOT TRACE,Viable contact exists P(RPC)=98.92%>=40.00%. EV(trace)=0.228x0.05xINR9200x0.1-INR104=INR-94,99.57647058823503
AC000486,47000.0,1,1,0.9891764705882353,PH001664,-50.41999999999999,DO NOT TRACE,Viable contact exists P(RPC)=98.92%>=40.00%. EV(trace)=0.228x0.05xINR47000x0.1-INR104=INR-50,508.7058823529398
AC000487,112000.0,4,3,0.9745437518290897,PH001665,23.680000000000007,DO NOT TRACE,Viable contact exists P(RPC)=97.45%>=40.00%. EV(trace)=0.228x0.05xINR112000x0.1-INR104=INR24,2851.0997951419536
AC000488,416400.0,1,1,0.9745437518290897,PH001668,370.696,DO NOT TRACE,Viable contact exists P(RPC)=97.45%>=40.00%. EV(trace)=0.228x0.05xINR416400x0.1-INR104=INR371,10599.981738367049
AC000489,244800.0,3,3,0.9745437518290897,PH001669,175.07200000000006,DO NOT TRACE,Viable contact exists P(RPC)=97.45%>=40.00%. EV(trace)=0.228x0.05xINR244800x0.1-INR104=INR175,6231.689552238841
AC000490,305900.0,2,2,0.9745437518290897,PH001672,244.72600000000006,DO NOT TRACE,Viable contact exists P(RPC)=97.45%>=40.00%. EV(trace)=0.228x0.05xINR305900x0.1-INR104=INR245,7787.066315481461
AC000491,209250.0,2,2,0.9745437518290897,PH001674,134.54500000000004,DO NOT TRACE,Viable contact exists P(RPC)=97.45%>=40.00%. EV(trace)=0.228x0.05xINR209250x0.1-INR104=INR135,5326.71992976298
AC000492,383350.0,3,3,0.8911372549019607,PH001676,333.01900000000006,DO NOT TRACE,Viable contact exists P(RPC)=89.11%>=40.00%. EV(trace)=0.228x0.05xINR383350x0.1-INR104=INR333,41732.53333333336
AC000493,85000.0,2,2,0.9891764705882353,PH001679,-7.099999999999994,DO NOT TRACE,Viable contact exists P(RPC)=98.92%>=40.00%. EV(trace)=0.228x0.05xINR85000x0.1-INR104=INR-7,919.9999999999975
AC000494,199500.0,3,3,0.9424911297852473,PH001680,123.43000000000004,DO NOT TRACE,Viable contact exists P(RPC)=94.25%>=40.00%. EV(trace)=0.228x0.05xINR199500x0.1-INR104=INR123,11473.019607843165
AC000495,31250.0,2,1,0.9745437518290897,PH001683,-68.375,DO NOT TRACE,Viable contact exists P(RPC)=97.45%>=40.00%. EV(trace)=0.228x0.05xINR31250x0.1-INR104=INR-68,795.5077553409469
AC000496,75400.0,1,1,0.9891764705882353,PH001685,-18.043999999999983,DO NOT TRACE,Viable contact exists P(RPC)=98.92%>=40.00%. EV(trace)=0.228x0.05xINR75400x0.1-INR104=INR-18,816.0941176470566
AC000497,765000.0,3,3,0.9424911297852473,PH001688,768.1,DO NOT TRACE,Viable contact exists P(RPC)=94.25%>=40.00%. EV(trace)=0.228x0.05xINR765000x0.1-INR104=INR768,43994.28571428582
AC000498,93600.0,1,1,0.9745437518290897,PH001689,2.7040000000000077,DO NOT TRACE,Viable contact exists P(RPC)=97.45%>=40.00%. EV(trace)=0.228x0.05xINR93600x0.1-INR104=INR3,2382.7048287972043
AC000499,62400.0,2,1,0.029209150326797384,PH001690,-32.86399999999999,DO NOT TRACE,EV(trace)=INR-33 negative yield or active callable contact points available. EV(trace)=0.228x0.05xINR62400x0.1-INR104=INR-33,60577.34901960784
AC000500,316200.0,2,2,0.7440784313725489,PH001692,256.4680000000001,DO NOT TRACE,Viable contact exists P(RPC)=74.41%>=40.00%. EV(trace)=0.228x0.05xINR316200x0.1-INR104=INR256,80922.40000000004
AC000501,162000.0,2,2,0.8911372549019607,PH001694,80.68,DO NOT TRACE,Viable contact exists P(RPC)=89.11%>=40.00%. EV(trace)=0.228x0.05xINR162000x0.1-INR104=INR81,17635.764705882364
AC000502,52500.0,3,1,0.9745437518290897,PH001696,-44.15,DO NOT TRACE,Viable contact exists P(RPC)=97.45%>=40.00%. EV(trace)=0.228x0.05xINR52500x0.1-INR104=INR-44,1336.453028972791
AC000503,688600.0,4,4,0.9891764705882353,PH001699,681.004,DO NOT TRACE,Viable contact exists P(RPC)=98.92%>=40.00%. EV(trace)=0.228x0.05xINR688600x0.1-INR104=INR681,7453.082352941156
AC000504,200900.0,2,2,0.9424911297852473,PH001702,125.02600000000004,DO NOT TRACE,Viable contact exists P(RPC)=94.25%>=40.00%. EV(trace)=0.228x0.05xINR200900x0.1-INR104=INR125,11553.53202614382
AC000505,315150.0,1,1,0.9424911297852473,PH001704,255.27100000000002,DO NOT TRACE,Viable contact exists P(RPC)=94.25%>=40.00%. EV(trace)=0.228x0.05xINR315150x0.1-INR104=INR255,18123.920448179317
AC000506,130200.0,2,2,0.10069607843137254,PH001705,44.428,TRACE,All contacts have poor connection likelihood P(RPC)<15.00%. EV(trace)=0.228x0.05xINR130200x0.1-INR104=INR44. Trace justified.,117089.3705882353
AC000507,19950.0,2,1,0.10069607843137254,PH001707,-81.257,DO NOT TRACE,EV(trace)=INR-81 negative yield or active callable contact points available. EV(trace)=0.228x0.05xINR19950x0.1-INR104=INR-81,17941.113235294117
AC000508,49000.0,4,3,0.9891764705882353,PH001708,-48.13999999999999,DO NOT TRACE,Viable contact exists P(RPC)=98.92%>=40.00%. EV(trace)=0.228x0.05xINR49000x0.1-INR104=INR-48,530.3529411764691
AC000509,30000.0,1,0,0.008784313725490198,,-69.8,DO NOT TRACE,EV(trace)=INR-70 negative yield or active callable contact points available. EV(trace)=0.228x0.05xINR30000x0.1-INR104=INR-70,29736.470588235294
AC000510,61200.0,3,1,0.9891764705882353,PH001713,-34.231999999999985,DO NOT TRACE,Viable contact exists P(RPC)=98.92%>=40.00%. EV(trace)=0.228x0.05xINR61200x0.1-INR104=INR-34,662.3999999999982
AC000511,134900.0,3,3,0.9891764705882353,PH001716,49.78600000000003,DO NOT TRACE,Viable contact exists P(RPC)=98.92%>=40.00%. EV(trace)=0.228x0.05xINR134900x0.1-INR104=INR50,1460.0941176470549
AC000512,213900.0,2,2,0.9891764705882353,PH001720,139.846,DO NOT TRACE,Viable contact exists P(RPC)=98.92%>=40.00%. EV(trace)=0.228x0.05xINR213900x0.1-INR104=INR140,2315.152941176464
AC000513,46500.0,2,2,0.2888963585434174,PH001721,-50.989999999999995,DO NOT TRACE,EV(trace)=INR-51 negative yield or active callable contact points available. EV(trace)=0.228x0.05xINR46500x0.1-INR104=INR-51,33066.319327731086
AC000514,184500.0,2,2,0.9745437518290897,PH001723,106.33000000000004,DO NOT TRACE,Viable contact exists P(RPC)=97.45%>=40.00%. EV(trace)=0.228x0.05xINR184500x0.1-INR104=INR106,4696.677787532951
AC000515,31200.0,2,1,0.9424911297852473,PH001726,-68.43199999999999,DO NOT TRACE,Viable contact exists P(RPC)=94.25%>=40.00%. EV(trace)=0.228x0.05xINR31200x0.1-INR104=INR-68,1794.2767507002843
AC000516,730000.0,2,2,0.9745437518290897,PH001727,728.2,DO NOT TRACE,Viable contact exists P(RPC)=97.45%>=40.00%. EV(trace)=0.228x0.05xINR730000x0.1-INR104=INR728,18583.06116476452
AC000517,299300.0,2,2,0.43770588235294117,PH001730,237.202,DO NOT TRACE,Viable contact exists P(RPC)=43.77%>=40.00%. EV(trace)=0.228x0.05xINR299300x0.1-INR104=INR237,168294.6294117647
AC000518,180000.0,1,1,0.9745437518290897,PH001731,101.20000000000002,DO NOT TRACE,Viable contact exists P(RPC)=97.45%>=40.00%. EV(trace)=0.228x0.05xINR180000x0.1-INR104=INR101,4582.124670763854
AC000519,59200.0,2,1,0.8353757309317452,PH001733,-36.512,DO NOT TRACE,Viable contact exists P(RPC)=83.54%>=40.00%. EV(trace)=0.228x0.05xINR59200x0.1-INR104=INR-37,9745.756728840683
AC000520,73500.0,2,1,0.9891764705882353,PH001734,-20.209999999999994,DO NOT TRACE,Viable contact exists P(RPC)=98.92%>=40.00%. EV(trace)=0.228x0.05xINR73500x0.1-INR104=INR-20,795.5294117647037
AC000521,145800.0,3,3,0.9745437518290897,PH001737,62.21200000000002,DO NOT TRACE,Viable contact exists P(RPC)=97.45%>=40.00%. EV(trace)=0.228x0.05xINR145800x0.1-INR104=INR62,3711.520983318722
AC000522,57600.0,3,2,0.8911372549019607,PH001739,-38.336,DO NOT TRACE,Viable contact exists P(RPC)=89.11%>=40.00%. EV(trace)=0.228x0.05xINR57600x0.1-INR104=INR-38,6270.494117647063
AC000523,223200.0,3,3,0.9424911297852473,PH001743,150.448,DO NOT TRACE,Viable contact exists P(RPC)=94.25%>=40.00%. EV(trace)=0.228x0.05xINR223200x0.1-INR104=INR150,12835.979831932804
AC000524,368150.0,3,3,0.9891764705882353,PH001744,315.69100000000003,DO NOT TRACE,Viable contact exists P(RPC)=98.92%>=40.00%. EV(trace)=0.228x0.05xINR368150x0.1-INR104=INR316,3984.6823529411654
AC000525,197600.0,2,2,0.9891764705882353,PH001747,121.26400000000001,DO NOT TRACE,Viable contact exists P(RPC)=98.92%>=40.00%. EV(trace)=0.228x0.05xINR197600x0.1-INR104=INR121,2138.7294117647
AC000526,460350.0,2,1,0.9745437518290897,PH001749,420.799,DO NOT TRACE,Viable contact exists P(RPC)=97.45%>=40.00%. EV(trace)=0.228x0.05xINR460350x0.1-INR104=INR421,11718.783845478556
AC000527,311100.0,3,3,0.8491204481792716,PH001752,250.654,DO NOT TRACE,Viable contact exists P(RPC)=84.91%>=40.00%. EV(trace)=0.228x0.05xINR311100x0.1-INR104=INR251,46938.62857142861
AC000528,273700.0,2,2,0.9891764705882353,PH001754,208.01800000000003,DO NOT TRACE,Viable contact exists P(RPC)=98.92%>=40.00%. EV(trace)=0.228x0.05xINR273700x0.1-INR104=INR208,2962.399999999992
AC000529,114000.0,4,4,0.9745437518290897,PH001756,25.960000000000008,DO NOT TRACE,Viable contact exists P(RPC)=97.45%>=40.00%. EV(trace)=0.228x0.05xINR114000x0.1-INR104=INR26,2902.0122914837743
AC000530,191000.0,3,3,0.9745437518290897,PH001761,113.74000000000001,DO NOT TRACE,Viable contact exists P(RPC)=97.45%>=40.00%. EV(trace)=0.228x0.05xINR191000x0.1-INR104=INR114,4862.143400643868
AC000531,549900.0,2,2,0.9891764705882353,PH001763,522.8860000000001,DO NOT TRACE,Viable contact exists P(RPC)=98.92%>=40.00%. EV(trace)=0.228x0.05xINR549900x0.1-INR104=INR523,5951.8588235293955
AC000532,879000.0,3,3,0.9424911297852473,PH001765,898.0600000000001,DO NOT TRACE,Viable contact exists P(RPC)=94.25%>=40.00%. EV(trace)=0.228x0.05xINR879000x0.1-INR104=INR898,50550.29691876763
AC000533,58500.0,2,1,0.9891764705882353,PH001768,-37.31,DO NOT TRACE,Viable contact exists P(RPC)=98.92%>=40.00%. EV(trace)=0.228x0.05xINR58500x0.1-INR104=INR-37,633.1764705882335
AC000534,61250.0,1,1,0.8373299655448012,PH001770,-34.175,DO NOT TRACE,Viable contact exists P(RPC)=83.73%>=40.00%. EV(trace)=0.228x0.05xINR61250x0.1-INR104=INR-34,9963.539610380925
AC000535,43500.0,2,2,0.9891764705882353,PH001771,-54.41,DO NOT TRACE,Viable contact exists P(RPC)=98.92%>=40.00%. EV(trace)=0.228x0.05xINR43500x0.1-INR104=INR-54,470.82352941176345
AC000536,81000.0,3,1,0.8911372549019607,PH001775,-11.659999999999997,DO NOT TRACE,Viable contact exists P(RPC)=89.11%>=40.00%. EV(trace)=0.228x0.05xINR81000x0.1-INR104=INR-12,8817.882352941182
AC000537,64800.0,1,1,0.9891764705882353,PH001776,-30.128,DO NOT TRACE,Viable contact exists P(RPC)=98.92%>=40.00%. EV(trace)=0.228x0.05xINR64800x0.1-INR104=INR-30,701.364705882351
AC000538,167900.0,1,1,0.9891764705882353,PH001777,87.40600000000003,DO NOT TRACE,Viable contact exists P(RPC)=98.92%>=40.00%. EV(trace)=0.228x0.05xINR167900x0.1-INR104=INR87,1817.270588235289
AC000539,73800.0,1,1,0.9891764705882353,PH001778,-19.867999999999995,DO NOT TRACE,Viable contact exists P(RPC)=98.92%>=40.00%. EV(trace)=0.228x0.05xINR73800x0.1-INR104=INR-20,798.7764705882331
AC000540,63000.0,3,2,0.9891764705882353,PH001780,-32.17999999999999,DO NOT TRACE,Viable contact exists P(RPC)=98.92%>=40.00%. EV(trace)=0.228x0.05xINR63000x0.1-INR104=INR-32,681.8823529411746
AC000541,228150.0,3,3,0.9745437518290897,PH001784,156.09100000000007,DO NOT TRACE,Viable contact exists P(RPC)=97.45%>=40.00%. EV(trace)=0.228x0.05xINR228150x0.1-INR104=INR156,5807.843020193185
AC000542,163800.0,3,3,0.9891764705882353,PH001785,82.73200000000003,DO NOT TRACE,Viable contact exists P(RPC)=98.92%>=40.00%. EV(trace)=0.228x0.05xINR163800x0.1-INR104=INR83,1772.894117647054
AC000543,75250.0,3,1,0.9891764705882353,PH001788,-18.21499999999999,DO NOT TRACE,Viable contact exists P(RPC)=98.92%>=40.00%. EV(trace)=0.228x0.05xINR75250x0.1-INR104=INR-18,814.4705882352919
AC000544,396000.0,3,3,0.029643721318314557,PH001791,347.44000000000005,TRACE,All contacts have poor connection likelihood P(RPC)<15.00%. EV(trace)=0.228x0.05xINR396000x0.1-INR104=INR347. Trace justified.,384261.08635794744
AC000545,330000.0,3,3,0.43770588235294117,PH001794,272.20000000000005,DO NOT TRACE,Viable contact exists P(RPC)=43.77%>=40.00%. EV(trace)=0.228x0.05xINR330000x0.1-INR104=INR272,185557.05882352943
AC000546,169600.0,2,2,0.9745437518290897,PH001796,89.34400000000002,DO NOT TRACE,Viable contact exists P(RPC)=97.45%>=40.00%. EV(trace)=0.228x0.05xINR169600x0.1-INR104=INR89,4317.379689786387
AC000547,598500.0,2,2,0.9745437518290897,PH001798,578.2900000000001,DO NOT TRACE,Viable contact exists P(RPC)=97.45%>=40.00%. EV(trace)=0.228x0.05xINR598500x0.1-INR104=INR578,15235.564530289816
AC000548,569000.0,2,2,0.9424911297852473,PH001800,544.6600000000001,DO NOT TRACE,Viable contact exists P(RPC)=94.25%>=40.00%. EV(trace)=0.228x0.05xINR569000x0.1-INR104=INR545,32722.54715219429
AC000549,110600.0,3,2,0.9891764705882353,PH001802,22.084000000000017,DO NOT TRACE,Viable contact exists P(RPC)=98.92%>=40.00%. EV(trace)=0.228x0.05xINR110600x0.1-INR104=INR22,1197.0823529411732
AC000550,64750.0,3,2,0.9424911297852473,PH001806,-30.185000000000002,DO NOT TRACE,Viable contact exists P(RPC)=94.25%>=40.00%. EV(trace)=0.228x0.05xINR64750x0.1-INR104=INR-30,3723.6993464052375
AC000551,1236100.0,2,2,0.9745437518290897,PH001809,1305.1540000000002,DO NOT TRACE,Viable contact exists P(RPC)=97.45%>=40.00%. EV(trace)=0.228x0.05xINR1236100x0.1-INR104=INR1305,31466.468364062224
AC000552,131600.0,2,2,0.9424911297852473,PH001810,46.024,DO NOT TRACE,Viable contact exists P(RPC)=94.25%>=40.00%. EV(trace)=0.228x0.05xINR131600x0.1-INR104=INR46,7568.167320261456
AC000553,18200.0,4,0,0.029643721318314557,,-83.252,DO NOT TRACE,EV(trace)=INR-83 negative yield or active callable contact points available. EV(trace)=0.228x0.05xINR18200x0.1-INR104=INR-83,17660.484272006674
AC000554,91300.0,2,0,0.008784313725490198,,0.08199999999999363,TRACE,All contacts exhausted. EV(trace)=0.228x0.05xINR91300x0.1-INR104=INR0. Net positive recovery yield.,90497.99215686275
AC000555,42250.0,4,2,0.8911372549019607,PH001821,-55.834999999999994,DO NOT TRACE,Viable contact exists P(RPC)=89.11%>=40.00%. EV(trace)=0.228x0.05xINR42250x0.1-INR104=INR-56,4599.45098039216
AC000556,43750.0,3,3,0.9424911297852473,PH001824,-54.125,DO NOT TRACE,Viable contact exists P(RPC)=94.25%>=40.00%. EV(trace)=0.228x0.05xINR43750x0.1-INR104=INR-54,2516.013071895431
AC000557,19000.0,3,2,0.8491204481792716,PH001825,-82.34,DO NOT TRACE,Viable contact exists P(RPC)=84.91%>=40.00%. EV(trace)=0.228x0.05xINR19000x0.1-INR104=INR-82,2866.7114845938404
AC000558,118800.0,2,2,0.9745437518290897,PH001828,31.431999999999988,DO NOT TRACE,Viable contact exists P(RPC)=97.45%>=40.00%. EV(trace)=0.228x0.05xINR118800x0.1-INR104=INR31,3024.2022827041437
AC000559,58500.0,2,1,0.43770588235294117,PH001831,-37.31,DO NOT TRACE,Viable contact exists P(RPC)=43.77%>=40.00%. EV(trace)=0.228x0.05xINR58500x0.1-INR104=INR-37,32894.205882352944
AC000560,98450.0,3,1,0.9891764705882353,PH001832,8.233000000000004,DO NOT TRACE,Viable contact exists P(RPC)=98.92%>=40.00%. EV(trace)=0.228x0.05xINR98450x0.1-INR104=INR8,1065.5764705882325
AC000561,163400.0,2,2,0.9745437518290897,PH001835,82.27600000000001,DO NOT TRACE,Viable contact exists P(RPC)=97.45%>=40.00%. EV(trace)=0.228x0.05xINR163400x0.1-INR104=INR82,4159.550951126743
AC000562,19950.0,2,2,0.9745437518290897,PH001837,-81.257,DO NOT TRACE,Viable contact exists P(RPC)=97.45%>=40.00%. EV(trace)=0.228x0.05xINR19950x0.1-INR104=INR-81,507.8521510096605
AC000563,120950.0,3,3,0.9745437518290897,PH001839,33.88300000000001,DO NOT TRACE,Viable contact exists P(RPC)=97.45%>=40.00%. EV(trace)=0.228x0.05xINR120950x0.1-INR104=INR34,3078.933216271601
AC000564,49000.0,3,1,0.2888963585434174,PH001844,-48.13999999999999,DO NOT TRACE,EV(trace)=INR-48 negative yield or active callable contact points available. EV(trace)=0.228x0.05xINR49000x0.1-INR104=INR-48,34844.078431372545
AC000565,85150.0,2,2,0.8257777777777777,PH005923,-6.928999999999988,DO NOT TRACE,Viable contact exists P(RPC)=82.58%>=40.00%. EV(trace)=0.228x0.05xINR85150x0.1-INR104=INR-7,14835.022222222227
AC000566,20150.0,1,1,0.9891764705882353,PH001846,-81.029,DO NOT TRACE,Viable contact exists P(RPC)=98.92%>=40.00%. EV(trace)=0.228x0.05xINR20150x0.1-INR104=INR-81,218.09411764705823
AC000567,80500.0,2,2,0.07136253650396328,PH005920,-12.22999999999999,DO NOT TRACE,EV(trace)=INR-12 negative yield or active callable contact points available. EV(trace)=0.228x0.05xINR80500x0.1-INR104=INR-12,74755.31581143095
AC000568,59450.0,2,2,0.9745437518290897,PH001848,-36.22699999999999,DO NOT TRACE,Viable contact exists P(RPC)=97.45%>=40.00%. EV(trace)=0.228x0.05xINR59450x0.1-INR104=INR-36,1513.3739537606173
AC000569,346500.0,2,1,0.8911372549019607,PH001850,291.01000000000005,DO NOT TRACE,Viable contact exists P(RPC)=89.11%>=40.00%. EV(trace)=0.228x0.05xINR346500x0.1-INR104=INR291,37720.94117647061
AC000570,127300.0,1,1,0.9745437518290897,PH001852,41.122000000000014,DO NOT TRACE,Viable contact exists P(RPC)=97.45%>=40.00%. EV(trace)=0.228x0.05xINR127300x0.1-INR104=INR41,3240.5803921568813
AC000571,274400.0,1,1,0.9745437518290897,PH001853,208.81600000000003,DO NOT TRACE,Viable contact exists P(RPC)=97.45%>=40.00%. EV(trace)=0.228x0.05xINR274400x0.1-INR104=INR209,6985.194498097787
AC000572,444000.0,3,3,0.9745437518290897,PH001856,402.1600000000001,DO NOT TRACE,Viable contact exists P(RPC)=97.45%>=40.00%. EV(trace)=0.228x0.05xINR444000x0.1-INR104=INR402,11302.574187884173
AC000573,135600.0,2,1,0.9745437518290897,PH001857,50.58400000000003,DO NOT TRACE,Viable contact exists P(RPC)=97.45%>=40.00%. EV(trace)=0.228x0.05xINR135600x0.1-INR104=INR51,3451.867251975437
AC000574,137500.0,1,1,0.9891764705882353,PH001859,52.75,DO NOT TRACE,Viable contact exists P(RPC)=98.92%>=40.00%. EV(trace)=0.228x0.05xINR137500x0.1-INR104=INR53,1488.235294117643
AC000575,50600.0,1,1,0.9745437518290897,PH001860,-46.315999999999995,DO NOT TRACE,Viable contact exists P(RPC)=97.45%>=40.00%. EV(trace)=0.228x0.05xINR50600x0.1-INR104=INR-46,1288.0861574480612
AC000576,630200.0,2,2,0.9891764705882353,PH001861,614.4280000000001,DO NOT TRACE,Viable contact exists P(RPC)=98.92%>=40.00%. EV(trace)=0.228x0.05xINR630200x0.1-INR104=INR614,6820.988235294099
AC000577,594700.0,1,1,0.9745437518290897,PH001863,573.9580000000001,DO NOT TRACE,Viable contact exists P(RPC)=97.45%>=40.00%. EV(trace)=0.228x0.05xINR594700x0.1-INR104=INR574,15138.830787240357
AC000578,93600.0,2,2,0.9745437518290897,PH001864,2.7040000000000077,DO NOT TRACE,Viable contact exists P(RPC)=97.45%>=40.00%. EV(trace)=0.228x0.05xINR93600x0.1-INR104=INR3,2382.7048287972043
AC000579,23400.0,1,0,0.008784313725490198,,-77.324,DO NOT TRACE,EV(trace)=INR-77 negative yield or active callable contact points available. EV(trace)=0.228x0.05xINR23400x0.1-INR104=INR-77,23194.44705882353
AC000580,81400.0,1,0,0.008784313725490198,,-11.203999999999994,DO NOT TRACE,EV(trace)=INR-11 negative yield or active callable contact points available. EV(trace)=0.228x0.05xINR81400x0.1-INR104=INR-11,80684.95686274511
AC000581,86800.0,2,2,0.9891764705882353,PH005927,-5.048000000000002,DO NOT TRACE,Viable contact exists P(RPC)=98.92%>=40.00%. EV(trace)=0.228x0.05xINR86800x0.1-INR104=INR-5,939.4823529411739
AC000582,116000.0,3,3,0.9424911297852473,PH001870,28.24000000000001,DO NOT TRACE,Viable contact exists P(RPC)=94.25%>=40.00%. EV(trace)=0.228x0.05xINR116000x0.1-INR104=INR28,6671.028944911313
AC000583,36000.0,2,2,0.2888963585434174,PH001873,-62.959999999999994,DO NOT TRACE,EV(trace)=INR-63 negative yield or active callable contact points available. EV(trace)=0.228x0.05xINR36000x0.1-INR104=INR-63,25599.73109243697
AC000584,75400.0,4,4,0.10069607843137254,PH001876,-18.043999999999983,DO NOT TRACE,EV(trace)=INR-18 negative yield or active callable contact points available. EV(trace)=0.228x0.05xINR75400x0.1-INR104=INR-18,67807.5156862745
AC000585,33150.0,3,1,0.07136253650396328,PH001878,-66.209,DO NOT TRACE,EV(trace)=INR-66 negative yield or active callable contact points available. EV(trace)=0.228x0.05xINR33150x0.1-INR104=INR-66,30784.331914893617
AC000586,137700.0,2,2,0.9745437518290897,PH001880,52.97800000000001,DO NOT TRACE,Viable contact exists P(RPC)=97.45%>=40.00%. EV(trace)=0.228x0.05xINR137700x0.1-INR104=INR53,3505.3253731343484
AC000587,16100.0,1,1,0.8911372549019607,PH001882,-85.646,DO NOT TRACE,Viable contact exists P(RPC)=89.11%>=40.00%. EV(trace)=0.228x0.05xINR16100x0.1-INR104=INR-86,1752.6901960784323
AC000588,198800.0,4,4,0.9745437518290897,PH001883,122.63200000000003,DO NOT TRACE,Viable contact exists P(RPC)=97.45%>=40.00%. EV(trace)=0.228x0.05xINR198800x0.1-INR104=INR123,5060.702136376968
AC000589,72800.0,3,3,0.9745437518290897,PH001886,-21.00799999999998,DO NOT TRACE,Viable contact exists P(RPC)=97.45%>=40.00%. EV(trace)=0.228x0.05xINR72800x0.1-INR104=INR-21,1853.2148668422699
AC000590,100000.0,2,2,0.9745437518290897,PH001889,10.0,DO NOT TRACE,Viable contact exists P(RPC)=97.45%>=40.00%. EV(trace)=0.228x0.05xINR100000x0.1-INR104=INR10,2545.62481709103
AC000591,164000.0,3,3,0.9745437518290897,PH001891,82.96000000000004,DO NOT TRACE,Viable contact exists P(RPC)=97.45%>=40.00%. EV(trace)=0.228x0.05xINR164000x0.1-INR104=INR83,4174.8247000292895
AC000592,67200.0,4,2,0.9745437518290897,PH001894,-27.391999999999996,DO NOT TRACE,Viable contact exists P(RPC)=97.45%>=40.00%. EV(trace)=0.228x0.05xINR67200x0.1-INR104=INR-27,1710.6598770851722
AC000593,101500.0,1,1,0.9891764705882353,PH001898,11.710000000000022,DO NOT TRACE,Viable contact exists P(RPC)=98.92%>=40.00%. EV(trace)=0.228x0.05xINR101500x0.1-INR104=INR12,1098.5882352941146
AC000594,59400.0,4,2,0.9891764705882353,PH001899,-36.284000000000006,DO NOT TRACE,Viable contact exists P(RPC)=98.92%>=40.00%. EV(trace)=0.228x0.05xINR59400x0.1-INR104=INR-36,642.9176470588218
AC000595,204750.0,1,0,0.07136253650396328,,129.41500000000002,TRACE,All contacts exhausted. EV(trace)=0.228x0.05xINR204750x0.1-INR104=INR129. Net positive recovery yield.,190138.5206508135
AC000596,271950.0,3,3,0.9745437518290897,PH005907,206.02300000000002,DO NOT TRACE,Viable contact exists P(RPC)=97.45%>=40.00%. EV(trace)=0.228x0.05xINR271950x0.1-INR104=INR206,6922.826690079056
AC000597,135500.0,2,2,0.9745437518290897,PH005889,50.47000000000003,DO NOT TRACE,Viable contact exists P(RPC)=97.45%>=40.00%. EV(trace)=0.228x0.05xINR135500x0.1-INR104=INR50,3449.3216271583456
AC000598,183000.0,3,2,0.10069607843137254,PH001906,104.62000000000003,TRACE,All contacts have poor connection likelihood P(RPC)<15.00%. EV(trace)=0.228x0.05xINR183000x0.1-INR104=INR105. Trace justified.,164572.61764705883
AC000599,135750.0,2,2,0.9891764705882353,PH001907,50.754999999999995,DO NOT TRACE,Viable contact exists P(RPC)=98.92%>=40.00%. EV(trace)=0.228x0.05xINR135750x0.1-INR104=INR51,1469.294117647055
AC000600,114000.0,3,3,0.9745437518290897,PH001909,25.960000000000008,DO NOT TRACE,Viable contact exists P(RPC)=97.45%>=40.00%. EV(trace)=0.228x0.05xINR114000x0.1-INR104=INR26,2902.0122914837743
AC000601,41850.0,4,3,0.9745437518290897,PH001911,-56.291,DO NOT TRACE,Viable contact exists P(RPC)=97.45%>=40.00%. EV(trace)=0.228x0.05xINR41850x0.1-INR104=INR-56,1065.343985952596
AC000602,83850.0,2,2,0.9891764705882353,PH001915,-8.411000000000001,DO NOT TRACE,Viable contact exists P(RPC)=98.92%>=40.00%. EV(trace)=0.228x0.05xINR83850x0.1-INR104=INR-8,907.5529411764682
AC000603,262200.0,3,3,0.9745437518290897,PH001917,194.90800000000002,DO NOT TRACE,Viable contact exists P(RPC)=97.45%>=40.00%. EV(trace)=0.228x0.05xINR262200x0.1-INR104=INR195,6674.628270412681
AC000604,97200.0,2,1,0.9745437518290897,PH001921,6.807999999999993,DO NOT TRACE,Viable contact exists P(RPC)=97.45%>=40.00%. EV(trace)=0.228x0.05xINR97200x0.1-INR104=INR7,2474.3473222124812
AC000605,386400.0,4,4,0.9745437518290897,PH001923,336.49600000000004,DO NOT TRACE,Viable contact exists P(RPC)=97.45%>=40.00%. EV(trace)=0.228x0.05xINR386400x0.1-INR104=INR336,9836.29429323974
AC000606,53300.0,3,2,0.8491204481792716,PH001926,-43.238,DO NOT TRACE,Viable contact exists P(RPC)=84.91%>=40.00%. EV(trace)=0.228x0.05xINR53300x0.1-INR104=INR-43,8041.880112044825
AC000607,236800.0,3,3,0.9424911297852473,PH001930,165.952,DO NOT TRACE,Viable contact exists P(RPC)=94.25%>=40.00%. EV(trace)=0.228x0.05xINR236800x0.1-INR104=INR166,13618.10046685344
AC000608,48600.0,2,1,0.9745437518290897,PH001932,-48.596000000000004,DO NOT TRACE,Viable contact exists P(RPC)=97.45%>=40.00%. EV(trace)=0.228x0.05xINR48600x0.1-INR104=INR-49,1237.1736611062406
AC000609,27450.0,1,1,0.9891764705882353,PH001934,-72.707,DO NOT TRACE,Viable contact exists P(RPC)=98.92%>=40.00%. EV(trace)=0.228x0.05xINR27450x0.1-INR104=INR-73,297.10588235294034
AC000610,58000.0,2,2,0.9891764705882353,PH001935,-37.879999999999995,DO NOT TRACE,Viable contact exists P(RPC)=98.92%>=40.00%. EV(trace)=0.228x0.05xINR58000x0.1-INR104=INR-38,627.7647058823512
AC000611,77400.0,3,1,0.9745437518290897,PH001937,-15.763999999999996,DO NOT TRACE,Viable contact exists P(RPC)=97.45%>=40.00%. EV(trace)=0.228x0.05xINR77400x0.1-INR104=INR-16,1970.3136084284572
AC000612,41800.0,1,1,0.9745437518290897,PH001939,-56.34799999999999,DO NOT TRACE,Viable contact exists P(RPC)=97.45%>=40.00%. EV(trace)=0.228x0.05xINR41800x0.1-INR104=INR-56,1064.0711735440505
AC000613,233100.0,5,4,0.008784313725490198,PH001940,161.73400000000004,TRACE,All contacts have poor connection likelihood P(RPC)<15.00%. EV(trace)=0.228x0.05xINR233100x0.1-INR104=INR162. Trace justified.,231052.37647058823
AC000614,132300.0,3,3,0.8257777777777777,PH001944,46.822,DO NOT TRACE,Viable contact exists P(RPC)=82.58%>=40.00%. EV(trace)=0.228x0.05xINR132300x0.1-INR104=INR47,23049.600000000006
AC000615,127750.0,4,4,0.9745437518290897,PH001948,41.63500000000002,DO NOT TRACE,Viable contact exists P(RPC)=97.45%>=40.00%. EV(trace)=0.228x0.05xINR127750x0.1-INR104=INR42,3252.035703833791
AC000616,9900.0,3,2,0.9745437518290897,PH001950,-92.714,DO NOT TRACE,Viable contact exists P(RPC)=97.45%>=40.00%. EV(trace)=0.228x0.05xINR9900x0.1-INR104=INR-93,252.016856892012
AC000617,492000.0,2,2,0.9424911297852473,PH001953,456.88,DO NOT TRACE,Viable contact exists P(RPC)=94.25%>=40.00%. EV(trace)=0.228x0.05xINR492000x0.1-INR104=INR457,28294.364145658332
AC000618,119850.0,2,2,0.9424911297852473,PH001955,32.62899999999999,DO NOT TRACE,Viable contact exists P(RPC)=94.25%>=40.00%. EV(trace)=0.228x0.05xINR119850x0.1-INR104=INR33,6892.438095238112
AC000619,95200.0,1,1,0.07136253650396328,PH001957,4.528000000000006,TRACE,All contacts have poor connection likelihood P(RPC)<15.00%. EV(trace)=0.228x0.05xINR95200x0.1-INR104=INR5. Trace justified.,88406.28652482269
AC000620,286750.0,1,1,0.9424911297852473,PH001958,222.89500000000004,DO NOT TRACE,Viable contact exists P(RPC)=94.25%>=40.00%. EV(trace)=0.228x0.05xINR286750x0.1-INR104=INR223,16490.668534080338
AC000621,240000.0,2,1,0.8380279105762733,PH001959,169.60000000000002,DO NOT TRACE,Viable contact exists P(RPC)=83.80%>=40.00%. EV(trace)=0.228x0.05xINR240000x0.1-INR104=INR170,38873.3014616944
AC000622,477000.0,1,1,0.9891764705882353,PH001961,439.7800000000001,DO NOT TRACE,Viable contact exists P(RPC)=98.92%>=40.00%. EV(trace)=0.228x0.05xINR477000x0.1-INR104=INR440,5162.82352941175
AC000623,42400.0,3,2,0.029643721318314557,PH001962,-55.663999999999994,DO NOT TRACE,EV(trace)=INR-56 negative yield or active callable contact points available. EV(trace)=0.228x0.05xINR42400x0.1-INR104=INR-56,41143.10621610346
AC000624,189600.0,3,3,0.9891764705882353,PH005921,112.144,DO NOT TRACE,Viable contact exists P(RPC)=98.92%>=40.00%. EV(trace)=0.228x0.05xINR189600x0.1-INR104=INR112,2052.1411764705826
AC000625,71300.0,3,2,0.9745437518290897,PH001967,-22.71799999999999,DO NOT TRACE,Viable contact exists P(RPC)=97.45%>=40.00%. EV(trace)=0.228x0.05xINR71300x0.1-INR104=INR-23,1815.0304945859045
AC000626,96800.0,4,2,0.9745437518290897,PH001970,6.352000000000004,DO NOT TRACE,Viable contact exists P(RPC)=97.45%>=40.00%. EV(trace)=0.228x0.05xINR96800x0.1-INR104=INR6,2464.164822944117
AC000627,116600.0,3,2,0.9424911297852473,PH001974,28.924000000000007,DO NOT TRACE,Viable contact exists P(RPC)=94.25%>=40.00%. EV(trace)=0.228x0.05xINR116600x0.1-INR104=INR29,6705.534267040165
AC000628,1002450.0,1,1,0.9745437518290897,PH001976,1038.7930000000001,DO NOT TRACE,Viable contact exists P(RPC)=97.45%>=40.00%. EV(trace)=0.228x0.05xINR1002450x0.1-INR104=INR1039,25518.615978929032
AC000629,143500.0,3,3,0.9891764705882353,PH001978,59.59000000000003,DO NOT TRACE,Viable contact exists P(RPC)=98.92%>=40.00%. EV(trace)=0.228x0.05xINR143500x0.1-INR104=INR60,1553.176470588231
AC000630,620400.0,3,3,0.9424911297852473,PH001980,603.2560000000001,DO NOT TRACE,Viable contact exists P(RPC)=94.25%>=40.00%. EV(trace)=0.228x0.05xINR620400x0.1-INR104=INR603,35678.50308123258
AC000631,191400.0,2,2,0.43770588235294117,PH001983,114.19600000000003,DO NOT TRACE,Viable contact exists P(RPC)=43.77%>=40.00%. EV(trace)=0.228x0.05xINR191400x0.1-INR104=INR114,107623.09411764707
AC000632,1614450.0,3,3,0.9424911297852473,PH001985,1736.473,DO NOT TRACE,Viable contact exists P(RPC)=94.25%>=40.00%. EV(trace)=0.228x0.05xINR1614450x0.1-INR104=INR1736,92845.1955182075
AC000633,46500.0,3,2,0.9745437518290897,PH001988,-50.989999999999995,DO NOT TRACE,Viable contact exists P(RPC)=97.45%>=40.00%. EV(trace)=0.228x0.05xINR46500x0.1-INR104=INR-51,1183.715539947329
AC000634,55800.0,4,1,0.9891764705882353,PH001991,-40.388,DO NOT TRACE,Viable contact exists P(RPC)=98.92%>=40.00%. EV(trace)=0.228x0.05xINR55800x0.1-INR104=INR-40,603.9529411764689
AC000635,115150.0,3,3,0.9745437518290897,PH001994,27.271000000000015,DO NOT TRACE,Viable contact exists P(RPC)=97.45%>=40.00%. EV(trace)=0.228x0.05xINR115150x0.1-INR104=INR27,2931.286976880321
AC000636,67200.0,2,2,0.9745437518290897,PH001996,-27.391999999999996,DO NOT TRACE,Viable contact exists P(RPC)=97.45%>=40.00%. EV(trace)=0.228x0.05xINR67200x0.1-INR104=INR-27,1710.6598770851722
AC000637,42050.0,3,2,0.9891764705882353,PH001998,-56.062999999999995,DO NOT TRACE,Viable contact exists P(RPC)=98.92%>=40.00%. EV(trace)=0.228x0.05xINR42050x0.1-INR104=INR-56,455.1294117647046
AC000638,589950.0,4,4,0.9745437518290897,PH002000,568.5430000000001,DO NOT TRACE,Viable contact exists P(RPC)=97.45%>=40.00%. EV(trace)=0.228x0.05xINR589950x0.1-INR104=INR569,15017.913608428531
AC000639,88000.0,1,1,0.9424911297852473,PH002004,-3.6799999999999926,DO NOT TRACE,Viable contact exists P(RPC)=94.25%>=40.00%. EV(trace)=0.228x0.05xINR88000x0.1-INR104=INR-4,5060.780578898238
AC000640,310300.0,1,1,0.008784313725490198,PH002005,249.74200000000002,TRACE,All contacts have poor connection likelihood P(RPC)<15.00%. EV(trace)=0.228x0.05xINR310300x0.1-INR104=INR250. Trace justified.,307574.2274509804
AC000641,92400.0,2,1,0.9891764705882353,PH002007,1.3360000000000127,DO NOT TRACE,Viable contact exists P(RPC)=98.92%>=40.00%. EV(trace)=0.228x0.05xINR92400x0.1-INR104=INR1,1000.0941176470561
AC000642,75600.0,3,3,0.9891764705882353,PH002009,-17.81599999999999,DO NOT TRACE,Viable contact exists P(RPC)=98.92%>=40.00%. EV(trace)=0.228x0.05xINR75600x0.1-INR104=INR-18,818.2588235294095
AC000643,54600.0,3,2,0.9745437518290897,PH002013,-41.75599999999999,DO NOT TRACE,Viable contact exists P(RPC)=97.45%>=40.00%. EV(trace)=0.228x0.05xINR54600x0.1-INR104=INR-42,1389.9111501317025
AC000644,81900.0,2,2,0.9891764705882353,PH002014,-10.633999999999986,DO NOT TRACE,Viable contact exists P(RPC)=98.92%>=40.00%. EV(trace)=0.228x0.05xINR81900x0.1-INR104=INR-11,886.447058823527
AC000645,98700.0,2,2,0.9745437518290897,PH002016,8.518000000000015,DO NOT TRACE,Viable contact exists P(RPC)=97.45%>=40.00%. EV(trace)=0.228x0.05xINR98700x0.1-INR104=INR9,2512.5316944688466
AC000646,37800.0,3,1,0.9745437518290897,PH002018,-60.907999999999994,DO NOT TRACE,Viable contact exists P(RPC)=97.45%>=40.00%. EV(trace)=0.228x0.05xINR37800x0.1-INR104=INR-61,962.2461808604094
AC000647,52650.0,1,1,0.9745437518290897,PH002021,-43.97899999999999,DO NOT TRACE,Viable contact exists P(RPC)=97.45%>=40.00%. EV(trace)=0.228x0.05xINR52650x0.1-INR104=INR-44,1340.2714661984273
AC000648,106000.0,2,2,0.8911372549019607,PH002022,16.840000000000018,DO NOT TRACE,Viable contact exists P(RPC)=89.11%>=40.00%. EV(trace)=0.228x0.05xINR106000x0.1-INR104=INR17,11539.450980392165
AC000649,354200.0,2,2,0.8257777777777777,PH002025,299.788,DO NOT TRACE,Viable contact exists P(RPC)=82.58%>=40.00%. EV(trace)=0.228x0.05xINR354200x0.1-INR104=INR300,61709.51111111113
AC000650,65600.0,1,1,0.9891764705882353,PH002026,-29.215999999999994,DO NOT TRACE,Viable contact exists P(RPC)=98.92%>=40.00%. EV(trace)=0.228x0.05xINR65600x0.1-INR104=INR-29,710.0235294117628
AC000651,219500.0,3,3,0.9424911297852473,PH002027,146.23000000000002,DO NOT TRACE,Viable contact exists P(RPC)=94.25%>=40.00%. EV(trace)=0.228x0.05xINR219500x0.1-INR104=INR146,12623.197012138218
AC000652,189200.0,2,2,0.9745437518290897,PH002030,111.68800000000002,DO NOT TRACE,Viable contact exists P(RPC)=97.45%>=40.00%. EV(trace)=0.228x0.05xINR189200x0.1-INR104=INR112,4816.3221539362285
AC000653,59850.0,2,1,0.9745437518290897,PH002032,-35.77099999999999,DO NOT TRACE,Viable contact exists P(RPC)=97.45%>=40.00%. EV(trace)=0.228x0.05xINR59850x0.1-INR104=INR-36,1523.5564530289814
AC000654,23250.0,3,1,0.9891764705882353,PH002035,-77.495,DO NOT TRACE,Viable contact exists P(RPC)=98.92%>=40.00%. EV(trace)=0.228x0.05xINR23250x0.1-INR104=INR-77,251.64705882352874
AC000655,52900.0,1,1,0.2888963585434174,PH002037,-43.69399999999999,DO NOT TRACE,EV(trace)=INR-44 negative yield or active callable contact points available. EV(trace)=0.228x0.05xINR52900x0.1-INR104=INR-44,37617.38263305322
AC000656,223100.0,4,4,0.9891764705882353,PH002039,150.33400000000003,DO NOT TRACE,Viable contact exists P(RPC)=98.92%>=40.00%. EV(trace)=0.228x0.05xINR223100x0.1-INR104=INR150,2414.7294117646993
AC000657,184500.0,3,3,0.9891764705882353,PH002042,106.33000000000004,DO NOT TRACE,Viable contact exists P(RPC)=98.92%>=40.00%. EV(trace)=0.228x0.05xINR184500x0.1-INR104=INR106,1996.9411764705828
AC000658,251450.0,3,3,0.9891764705882353,PH002045,182.65300000000002,DO NOT TRACE,Viable contact exists P(RPC)=98.92%>=40.00%. EV(trace)=0.228x0.05xINR251450x0.1-INR104=INR183,2721.576470588228
AC000659,17250.0,2,2,0.9891764705882353,PH002047,-84.335,DO NOT TRACE,Viable contact exists P(RPC)=98.92%>=40.00%. EV(trace)=0.228x0.05xINR17250x0.1-INR104=INR-84,186.70588235294068
AC000660,550800.0,1,1,0.9745437518290897,PH002049,523.912,DO NOT TRACE,Viable contact exists P(RPC)=97.45%>=40.00%. EV(trace)=0.228x0.05xINR550800x0.1-INR104=INR524,14021.301492537394
AC000661,392700.0,3,3,0.9891764705882353,PH002051,343.678,DO NOT TRACE,Viable contact exists P(RPC)=98.92%>=40.00%. EV(trace)=0.228x0.05xINR392700x0.1-INR104=INR344,4250.399999999989
AC000662,255600.0,2,2,0.9891764705882353,PH002053,187.38400000000001,DO NOT TRACE,Viable contact exists P(RPC)=98.92%>=40.00%. EV(trace)=0.228x0.05xINR255600x0.1-INR104=INR187,2766.494117647051
AC000663,193500.0,3,3,0.9745437518290897,PH002056,116.59000000000003,DO NOT TRACE,Viable contact exists P(RPC)=97.45%>=40.00%. EV(trace)=0.228x0.05xINR193500x0.1-INR104=INR117,4925.784021071143
AC000664,141750.0,3,3,0.9745437518290897,PH002058,57.59500000000003,DO NOT TRACE,Viable contact exists P(RPC)=97.45%>=40.00%. EV(trace)=0.228x0.05xINR141750x0.1-INR104=INR58,3608.423178226535
AC000665,1185000.0,2,2,0.9891764705882353,PH002061,1246.9,DO NOT TRACE,Viable contact exists P(RPC)=98.92%>=40.00%. EV(trace)=0.228x0.05xINR1185000x0.1-INR104=INR1247,12825.882352941142
AC000666,89000.0,3,2,0.9745437518290897,PH002063,-2.539999999999992,DO NOT TRACE,Viable contact exists P(RPC)=97.45%>=40.00%. EV(trace)=0.228x0.05xINR89000x0.1-INR104=INR-3,2265.6060872110165
AC000667,117500.0,4,4,0.9891764705882353,PH002066,29.950000000000017,DO NOT TRACE,Viable contact exists P(RPC)=98.92%>=40.00%. EV(trace)=0.228x0.05xINR117500x0.1-INR104=INR30,1271.7647058823495
AC000668,49800.0,2,2,0.9891764705882353,PH002070,-47.227999999999994,DO NOT TRACE,Viable contact exists P(RPC)=98.92%>=40.00%. EV(trace)=0.228x0.05xINR49800x0.1-INR104=INR-47,539.0117647058809
AC000669,57500.0,2,2,0.9891764705882353,PH002072,-38.45,DO NOT TRACE,Viable contact exists P(RPC)=98.92%>=40.00%. EV(trace)=0.228x0.05xINR57500x0.1-INR104=INR-38,622.3529411764689
AC000670,262500.0,3,3,0.9891764705882353,PH002075,195.25,DO NOT TRACE,Viable contact exists P(RPC)=98.92%>=40.00%. EV(trace)=0.228x0.05xINR262500x0.1-INR104=INR195,2841.1764705882274
AC000671,1683600.0,3,2,0.9424911297852473,PH002077,1815.304,DO NOT TRACE,Viable contact exists P(RPC)=94.25%>=40.00%. EV(trace)=0.228x0.05xINR1683600x0.1-INR104=INR1815,96821.93389355765
AC000672,61500.0,2,0,0.008784313725490198,,-33.89,DO NOT TRACE,EV(trace)=INR-34 negative yield or active callable contact points available. EV(trace)=0.228x0.05xINR61500x0.1-INR104=INR-34,60959.76470588236
AC000673,247450.0,4,3,0.9745437518290897,PH005846,178.09300000000002,DO NOT TRACE,Viable contact exists P(RPC)=97.45%>=40.00%. EV(trace)=0.228x0.05xINR247450x0.1-INR104=INR178,6299.148609891754
AC000674,154200.0,2,2,0.9891764705882353,PH002084,71.78800000000001,DO NOT TRACE,Viable contact exists P(RPC)=98.92%>=40.00%. EV(trace)=0.228x0.05xINR154200x0.1-INR104=INR72,1668.988235294113
AC000675,81700.0,2,2,0.8491204481792716,PH002086,-10.861999999999995,DO NOT TRACE,Viable contact exists P(RPC)=84.91%>=40.00%. EV(trace)=0.228x0.05xINR81700x0.1-INR104=INR-11,12326.859383753514
AC000676,215000.0,2,2,0.7935779086357665,PH002089,141.10000000000002,DO NOT TRACE,Viable contact exists P(RPC)=79.36%>=40.00%. EV(trace)=0.228x0.05xINR215000x0.1-INR104=INR141,44380.749643310206
AC000677,217150.0,4,4,0.8911372549019607,PH002091,143.55100000000004,DO NOT TRACE,Viable contact exists P(RPC)=89.11%>=40.00%. EV(trace)=0.228x0.05xINR217150x0.1-INR104=INR144,23639.54509803923
AC000678,322300.0,2,2,0.2888963585434174,PH002093,263.422,DO NOT TRACE,EV(trace)=INR263 negative yield or active callable contact points available. EV(trace)=0.228x0.05xINR322300x0.1-INR104=INR263,229188.70364145655
AC000679,83850.0,1,1,0.9891764705882353,PH002095,-8.411000000000001,DO NOT TRACE,Viable contact exists P(RPC)=98.92%>=40.00%. EV(trace)=0.228x0.05xINR83850x0.1-INR104=INR-8,907.5529411764682
AC000680,75250.0,2,2,0.9745437518290897,PH002096,-18.21499999999999,DO NOT TRACE,Viable contact exists P(RPC)=97.45%>=40.00%. EV(trace)=0.228x0.05xINR75250x0.1-INR104=INR-18,1915.5826748610002
AC000681,144300.0,2,2,0.8491204481792716,PH002098,60.50200000000001,DO NOT TRACE,Viable contact exists P(RPC)=84.91%>=40.00%. EV(trace)=0.228x0.05xINR144300x0.1-INR104=INR61,21771.919327731113
AC000682,102600.0,3,2,0.8491204481792716,PH002101,12.964000000000013,DO NOT TRACE,Viable contact exists P(RPC)=84.91%>=40.00%. EV(trace)=0.228x0.05xINR102600x0.1-INR104=INR13,15480.242016806737
AC000683,58900.0,4,4,0.9745437518290897,PH002102,-36.854,DO NOT TRACE,Viable contact exists P(RPC)=97.45%>=40.00%. EV(trace)=0.228x0.05xINR58900x0.1-INR104=INR-37,1499.3730172666167
AC000684,134550.0,1,1,0.9424911297852473,PH002106,49.38700000000003,DO NOT TRACE,Viable contact exists P(RPC)=94.25%>=40.00%. EV(trace)=0.228x0.05xINR134550x0.1-INR104=INR49,7737.818487394977
AC000685,108000.0,1,1,0.9745437518290897,PH002107,19.120000000000005,DO NOT TRACE,Viable contact exists P(RPC)=97.45%>=40.00%. EV(trace)=0.228x0.05xINR108000x0.1-INR104=INR19,2749.2748024583125
AC000686,181900.0,2,2,0.9891764705882353,PH002108,103.36599999999999,DO NOT TRACE,Viable contact exists P(RPC)=98.92%>=40.00%. EV(trace)=0.228x0.05xINR181900x0.1-INR104=INR103,1968.7999999999947
AC000687,114950.0,4,4,0.9745437518290897,PH002109,27.043000000000006,DO NOT TRACE,Viable contact exists P(RPC)=97.45%>=40.00%. EV(trace)=0.228x0.05xINR114950x0.1-INR104=INR27,2926.195727246139
AC000688,167400.0,2,2,0.9424911297852473,PH002113,86.83600000000001,DO NOT TRACE,Viable contact exists P(RPC)=94.25%>=40.00%. EV(trace)=0.228x0.05xINR167400x0.1-INR104=INR87,9626.984873949603
AC000689,438000.0,2,2,0.2888963585434174,PH000245,395.32,DO NOT TRACE,EV(trace)=INR395 negative yield or active callable contact points available. EV(trace)=0.228x0.05xINR438000x0.1-INR104=INR395,311463.39495798317
AC000690,44850.0,1,1,0.9891764705882353,PH002116,-52.870999999999995,DO NOT TRACE,Viable contact exists P(RPC)=98.92%>=40.00%. EV(trace)=0.228x0.05xINR44850x0.1-INR104=INR-53,485.43529411764575
AC000691,286900.0,1,1,0.9891764705882353,PH002117,223.06600000000003,DO NOT TRACE,Viable contact exists P(RPC)=98.92%>=40.00%. EV(trace)=0.228x0.05xINR286900x0.1-INR104=INR223,3105.2705882352857
AC000692,175200.0,2,2,0.10069607843137254,PH002119,95.72800000000001,TRACE,All contacts have poor connection likelihood P(RPC)<15.00%. EV(trace)=0.228x0.05xINR175200x0.1-INR104=INR96. Trace justified.,157558.04705882355
AC000693,46800.0,2,2,0.8911372549019607,PH002120,-50.647999999999996,DO NOT TRACE,Viable contact exists P(RPC)=89.11%>=40.00%. EV(trace)=0.228x0.05xINR46800x0.1-INR104=INR-51,5094.776470588238
AC000694,158400.0,3,3,0.8396806539600551,PH002123,76.57600000000002,DO NOT TRACE,Viable contact exists P(RPC)=83.97%>=40.00%. EV(trace)=0.228x0.05xINR158400x0.1-INR104=INR77,25394.584412727272
AC000695,20000.0,2,1,0.9891764705882353,PH002126,-81.2,DO NOT TRACE,Viable contact exists P(RPC)=98.92%>=40.00%. EV(trace)=0.228x0.05xINR20000x0.1-INR104=INR-81,216.47058823529352
AC000696,189000.0,2,2,0.9745437518290897,PH002127,111.46000000000001,DO NOT TRACE,Viable contact exists P(RPC)=97.45%>=40.00%. EV(trace)=0.228x0.05xINR189000x0.1-INR104=INR111,4811.230904302047
AC000697,24000.0,1,0,0.008784313725490198,,-76.64,DO NOT TRACE,EV(trace)=INR-77 negative yield or active callable contact points available. EV(trace)=0.228x0.05xINR24000x0.1-INR104=INR-77,23789.176470588238
AC000698,191100.0,3,3,0.9745437518290897,PH002130,113.85400000000001,DO NOT TRACE,Viable contact exists P(RPC)=97.45%>=40.00%. EV(trace)=0.228x0.05xINR191100x0.1-INR104=INR114,4864.689025460959
AC000699,173800.0,3,3,0.9891764705882353,PH002132,94.13200000000003,DO NOT TRACE,Viable contact exists P(RPC)=98.92%>=40.00%. EV(trace)=0.228x0.05xINR173800x0.1-INR104=INR94,1881.1294117647008
AC000700,126850.0,3,3,0.9891764705882353,PH002135,40.60900000000001,DO NOT TRACE,Viable contact exists P(RPC)=98.92%>=40.00%. EV(trace)=0.228x0.05xINR126850x0.1-INR104=INR41,1372.964705882349
AC000701,129000.0,3,3,0.8911372549019607,PH002138,43.06000000000003,DO NOT TRACE,Viable contact exists P(RPC)=89.11%>=40.00%. EV(trace)=0.228x0.05xINR129000x0.1-INR104=INR43,14043.294117647067
AC000702,379500.0,3,3,0.9745437518290897,PH002140,328.63000000000005,DO NOT TRACE,Viable contact exists P(RPC)=97.45%>=40.00%. EV(trace)=0.228x0.05xINR379500x0.1-INR104=INR329,9660.64618086046
AC000703,159200.0,1,1,0.008784313725490198,PH002142,77.48800000000003,TRACE,All contacts have poor connection likelihood P(RPC)<15.00%. EV(trace)=0.228x0.05xINR159200x0.1-INR104=INR77. Trace justified.,157801.53725490198
AC000704,209000.0,2,2,0.7440784313725489,PH002144,134.26,DO NOT TRACE,Viable contact exists P(RPC)=74.41%>=40.00%. EV(trace)=0.228x0.05xINR209000x0.1-INR104=INR134,53487.60784313727
AC000705,182700.0,4,3,0.9424911297852473,PH002145,104.27800000000002,DO NOT TRACE,Viable contact exists P(RPC)=94.25%>=40.00%. EV(trace)=0.228x0.05xINR182700x0.1-INR104=INR104,10506.870588235319
AC000706,149400.0,3,3,0.9424911297852473,PH002148,66.31600000000003,DO NOT TRACE,Viable contact exists P(RPC)=94.25%>=40.00%. EV(trace)=0.228x0.05xINR149400x0.1-INR104=INR66,8591.825210084055
AC000707,668700.0,2,2,0.029209150326797384,PH002151,658.3180000000001,TRACE,All contacts have poor connection likelihood P(RPC)<15.00%. EV(trace)=0.228x0.05xINR668700x0.1-INR104=INR658. Trace justified.,649167.8411764706
AC000708,13950.0,3,1,0.37082940975025835,PH002155,-88.097,DO NOT TRACE,EV(trace)=INR-88 negative yield or active callable contact points available. EV(trace)=0.228x0.05xINR13950x0.1-INR104=INR-88,8776.929733983896
AC000709,36850.0,2,2,0.9891764705882353,PH002156,-61.99099999999999,DO NOT TRACE,Viable contact exists P(RPC)=98.92%>=40.00%. EV(trace)=0.228x0.05xINR36850x0.1-INR104=INR-62,398.8470588235283
AC000710,113400.0,3,1,0.9745437518290897,PH002158,25.27600000000001,DO NOT TRACE,Viable contact exists P(RPC)=97.45%>=40.00%. EV(trace)=0.228x0.05xINR113400x0.1-INR104=INR25,2886.738542581228
AC000711,86400.0,3,2,0.9424911297852473,PH002160,-5.503999999999991,DO NOT TRACE,Viable contact exists P(RPC)=94.25%>=40.00%. EV(trace)=0.228x0.05xINR86400x0.1-INR104=INR-6,4968.766386554634
AC000712,96350.0,4,1,0.029643721318314557,PH005876,5.839000000000013,TRACE,All contacts have poor connection likelihood P(RPC)<15.00%. EV(trace)=0.228x0.05xINR96350x0.1-INR104=INR6. Trace justified.,93493.82745098039
AC000713,171500.0,2,2,0.9745437518290897,PH002165,91.51000000000002,DO NOT TRACE,Viable contact exists P(RPC)=97.45%>=40.00%. EV(trace)=0.228x0.05xINR171500x0.1-INR104=INR92,4365.746561311116
AC000714,487600.0,3,3,0.9745437518290897,PH002167,451.86400000000003,DO NOT TRACE,Viable contact exists P(RPC)=97.45%>=40.00%. EV(trace)=0.228x0.05xINR487600x0.1-INR104=INR452,12412.466608135863
AC000715,58750.0,3,2,0.9424911297852473,PH002170,-37.02499999999999,DO NOT TRACE,Viable contact exists P(RPC)=94.25%>=40.00%. EV(trace)=0.228x0.05xINR58750x0.1-INR104=INR-37,3378.6461251167216
AC000716,109200.0,1,0,0.008784313725490198,,20.488000000000014,TRACE,All contacts exhausted. EV(trace)=0.228x0.05xINR109200x0.1-INR104=INR20. Net positive recovery yield.,108240.75294117647
AC000717,67200.0,2,1,0.9424911297852473,PH002174,-27.391999999999996,DO NOT TRACE,Viable contact exists P(RPC)=94.25%>=40.00%. EV(trace)=0.228x0.05xINR67200x0.1-INR104=INR-27,3864.596078431382
AC000718,11250.0,3,1,0.9891764705882353,PH002176,-91.175,DO NOT TRACE,Viable contact exists P(RPC)=98.92%>=40.00%. EV(trace)=0.228x0.05xINR11250x0.1-INR104=INR-91,121.76470588235262
AC000719,103600.0,5,4,0.9745437518290897,PH000324,14.104,DO NOT TRACE,Viable contact exists P(RPC)=97.45%>=40.00%. EV(trace)=0.228x0.05xINR103600x0.1-INR104=INR14,2637.2673105063072
AC000720,342300.0,3,3,0.9891764705882353,PH002182,286.22200000000004,DO NOT TRACE,Viable contact exists P(RPC)=98.92%>=40.00%. EV(trace)=0.228x0.05xINR342300x0.1-INR104=INR286,3704.894117647049
AC000721,372000.0,3,3,0.9424911297852473,PH002185,320.08000000000004,DO NOT TRACE,Viable contact exists P(RPC)=94.25%>=40.00%. EV(trace)=0.228x0.05xINR372000x0.1-INR104=INR320,21393.299719888008
AC000722,85200.0,2,2,0.9745437518290897,PH002188,-6.871999999999986,DO NOT TRACE,Viable contact exists P(RPC)=97.45%>=40.00%. EV(trace)=0.228x0.05xINR85200x0.1-INR104=INR-7,2168.8723441615575
AC000723,45500.0,4,4,0.9745437518290897,PH002190,-52.129999999999995,DO NOT TRACE,Viable contact exists P(RPC)=97.45%>=40.00%. EV(trace)=0.228x0.05xINR45500x0.1-INR104=INR-52,1158.2592917764186
AC000724,281600.0,2,2,0.9745437518290897,PH002193,217.02400000000006,DO NOT TRACE,Viable contact exists P(RPC)=97.45%>=40.00%. EV(trace)=0.228x0.05xINR281600x0.1-INR104=INR217,7168.479484928341
AC000725,68850.0,2,1,0.10069607843137254,PH005822,-25.510999999999996,DO NOT TRACE,EV(trace)=INR-26 negative yield or active callable contact points available. EV(trace)=0.228x0.05xINR68850x0.1-INR104=INR-26,61917.075000000004
AC000726,141000.0,1,1,0.008784313725490198,PH002196,56.74000000000001,TRACE,All contacts have poor connection likelihood P(RPC)<15.00%. EV(trace)=0.228x0.05xINR141000x0.1-INR104=INR57. Trace justified.,139761.41176470587
AC000727,27900.0,2,1,0.9424911297852473,PH002197,-72.194,DO NOT TRACE,Viable contact exists P(RPC)=94.25%>=40.00%. EV(trace)=0.228x0.05xINR27900x0.1-INR104=INR-72,1604.4974789916005
AC000728,190450.0,3,3,0.9891764705882353,PH002199,113.11300000000003,DO NOT TRACE,Viable contact exists P(RPC)=98.92%>=40.00%. EV(trace)=0.228x0.05xINR190450x0.1-INR104=INR113,2061.3411764705825
AC000729,34850.0,2,2,0.9745437518290897,PH002201,-64.27099999999999,DO NOT TRACE,Viable contact exists P(RPC)=97.45%>=40.00%. EV(trace)=0.228x0.05xINR34850x0.1-INR104=INR-64,887.150248756224
AC000730,1376700.0,2,2,0.029209150326797384,PH002204,1465.438,TRACE,All contacts have poor connection likelihood P(RPC)<15.00%. EV(trace)=0.228x0.05xINR1376700x0.1-INR104=INR1465. Trace justified.,1336487.762745098
AC000731,168000.0,4,4,0.9745437518290897,PH002206,87.52000000000001,DO NOT TRACE,Viable contact exists P(RPC)=97.45%>=40.00%. EV(trace)=0.228x0.05xINR168000x0.1-INR104=INR88,4276.64969271293
AC000732,89100.0,2,2,0.9424911297852473,PH002210,-2.4259999999999877,DO NOT TRACE,Viable contact exists P(RPC)=94.25%>=40.00%. EV(trace)=0.228x0.05xINR89100x0.1-INR104=INR-2,5124.040336134466
AC000733,403850.0,3,3,0.9891764705882353,PH002211,356.38900000000007,DO NOT TRACE,Viable contact exists P(RPC)=98.92%>=40.00%. EV(trace)=0.228x0.05xINR403850x0.1-INR104=INR356,4371.082352941165
AC000734,31450.0,1,1,0.9891764705882353,PH002213,-68.14699999999999,DO NOT TRACE,Viable contact exists P(RPC)=98.92%>=40.00%. EV(trace)=0.228x0.05xINR31450x0.1-INR104=INR-68,340.39999999999907
AC000735,46550.0,3,3,0.9891764705882353,PH002214,-50.93299999999999,DO NOT TRACE,Viable contact exists P(RPC)=98.92%>=40.00%. EV(trace)=0.228x0.05xINR46550x0.1-INR104=INR-51,503.8352941176457
AC000736,396900.0,3,3,0.9745437518290897,PH002217,348.466,DO NOT TRACE,Viable contact exists P(RPC)=97.45%>=40.00%. EV(trace)=0.228x0.05xINR396900x0.1-INR104=INR348,10103.584899034298
AC000737,608650.0,2,2,0.43770588235294117,PH002221,589.8610000000001,DO NOT TRACE,Viable contact exists P(RPC)=43.77%>=40.00%. EV(trace)=0.228x0.05xINR608650x0.1-INR104=INR590,342240.31470588234
AC000738,180500.0,1,1,0.9891764705882353,PH002222,101.77000000000004,DO NOT TRACE,Viable contact exists P(RPC)=98.92%>=40.00%. EV(trace)=0.228x0.05xINR180500x0.1-INR104=INR102,1953.647058823524
AC000739,102300.0,1,1,0.9745437518290897,PH002223,12.622000000000014,DO NOT TRACE,Viable contact exists P(RPC)=97.45%>=40.00%. EV(trace)=0.228x0.05xINR102300x0.1-INR104=INR13,2604.174187884124
AC000740,113900.0,3,3,0.9891764705882353,PH002224,25.846000000000004,DO NOT TRACE,Viable contact exists P(RPC)=98.92%>=40.00%. EV(trace)=0.228x0.05xINR113900x0.1-INR104=INR26,1232.7999999999965
AC000741,20000.0,1,1,0.9891764705882353,PH002227,-81.2,DO NOT TRACE,Viable contact exists P(RPC)=98.92%>=40.00%. EV(trace)=0.228x0.05xINR20000x0.1-INR104=INR-81,216.47058823529352
AC000742,162800.0,2,2,0.9424911297852473,PH002228,81.59200000000001,DO NOT TRACE,Viable contact exists P(RPC)=94.25%>=40.00%. EV(trace)=0.228x0.05xINR162800x0.1-INR104=INR82,9362.444070961741
AC000743,304700.0,3,3,0.9891764705882353,PH002231,243.358,DO NOT TRACE,Viable contact exists P(RPC)=98.92%>=40.00%. EV(trace)=0.228x0.05xINR304700x0.1-INR104=INR243,3297.929411764697
AC000744,148200.0,2,2,0.9745437518290897,PH002233,64.94800000000001,DO NOT TRACE,Viable contact exists P(RPC)=97.45%>=40.00%. EV(trace)=0.228x0.05xINR148200x0.1-INR104=INR65,3772.6159789289068
AC000745,259200.0,2,2,0.9891764705882353,PH002235,191.488,DO NOT TRACE,Viable contact exists P(RPC)=98.92%>=40.00%. EV(trace)=0.228x0.05xINR259200x0.1-INR104=INR191,2805.458823529404
AC000746,117900.0,3,3,0.9891764705882353,PH002238,30.406000000000006,DO NOT TRACE,Viable contact exists P(RPC)=98.92%>=40.00%. EV(trace)=0.228x0.05xINR117900x0.1-INR104=INR30,1276.0941176470553
AC000747,197400.0,2,2,0.9745437518290897,PH002240,121.03600000000003,DO NOT TRACE,Viable contact exists P(RPC)=97.45%>=40.00%. EV(trace)=0.228x0.05xINR197400x0.1-INR104=INR121,5025.063388937693
AC000748,111000.0,1,1,0.9891764705882353,PH002241,22.54000000000002,DO NOT TRACE,Viable contact exists P(RPC)=98.92%>=40.00%. EV(trace)=0.228x0.05xINR111000x0.1-INR104=INR23,1201.411764705879
AC000749,250900.0,4,4,0.9745437518290897,PH002242,182.026,DO NOT TRACE,Viable contact exists P(RPC)=97.45%>=40.00%. EV(trace)=0.228x0.05xINR250900x0.1-INR104=INR182,6386.972666081394
AC000750,85100.0,2,2,0.8491204481792716,PH002245,-6.98599999999999,DO NOT TRACE,Viable contact exists P(RPC)=84.91%>=40.00%. EV(trace)=0.228x0.05xINR85100x0.1-INR104=INR-7,12839.84985994399
AC000751,33000.0,2,1,0.9745437518290897,PH002247,-66.38,DO NOT TRACE,Viable contact exists P(RPC)=97.45%>=40.00%. EV(trace)=0.228x0.05xINR33000x0.1-INR104=INR-66,840.05618964004
AC000752,150600.0,3,3,0.9745437518290897,PH002249,67.68400000000003,DO NOT TRACE,Viable contact exists P(RPC)=97.45%>=40.00%. EV(trace)=0.228x0.05xINR150600x0.1-INR104=INR68,3833.7109745390912
AC000753,247000.0,3,3,0.9424911297852473,PH002251,177.58000000000004,DO NOT TRACE,Viable contact exists P(RPC)=94.25%>=40.00%. EV(trace)=0.228x0.05xINR247000x0.1-INR104=INR178,14204.69094304392
AC000754,45000.0,4,1,0.9891764705882353,PH002253,-52.699999999999996,DO NOT TRACE,Viable contact exists P(RPC)=98.92%>=40.00%. EV(trace)=0.228x0.05xINR45000x0.1-INR104=INR-53,487.05882352941046
AC000755,298500.0,2,2,0.9891764705882353,PH002257,236.29000000000002,DO NOT TRACE,Viable contact exists P(RPC)=98.92%>=40.00%. EV(trace)=0.228x0.05xINR298500x0.1-INR104=INR236,3230.8235294117558
AC000756,359100.0,1,1,0.9891764705882353,PH002259,305.374,DO NOT TRACE,Viable contact exists P(RPC)=98.92%>=40.00%. EV(trace)=0.228x0.05xINR359100x0.1-INR104=INR305,3886.729411764695
AC000757,92400.0,1,1,0.9424911297852473,PH002260,1.3360000000000127,DO NOT TRACE,Viable contact exists P(RPC)=94.25%>=40.00%. EV(trace)=0.228x0.05xINR92400x0.1-INR104=INR1,5313.81960784315
AC000758,63450.0,2,2,0.9745437518290897,PH002261,-31.666999999999987,DO NOT TRACE,Viable contact exists P(RPC)=97.45%>=40.00%. EV(trace)=0.228x0.05xINR63450x0.1-INR104=INR-32,1615.1989464442586
AC000759,125400.0,3,3,0.9745437518290897,PH002263,38.95599999999999,DO NOT TRACE,Viable contact exists P(RPC)=97.45%>=40.00%. EV(trace)=0.228x0.05xINR125400x0.1-INR104=INR39,3192.213520632152
AC000760,207000.0,2,2,0.9891764705882353,PH002266,131.98000000000002,DO NOT TRACE,Viable contact exists P(RPC)=98.92%>=40.00%. EV(trace)=0.228x0.05xINR207000x0.1-INR104=INR132,2240.470588235288
AC000761,1027000.0,1,1,0.9745437518290897,PH002268,1066.7800000000002,DO NOT TRACE,Viable contact exists P(RPC)=97.45%>=40.00%. EV(trace)=0.228x0.05xINR1027000x0.1-INR104=INR1067,26143.56687152488
AC000762,94050.0,3,2,0.9745437518290897,PH002269,3.217000000000013,DO NOT TRACE,Viable contact exists P(RPC)=97.45%>=40.00%. EV(trace)=0.228x0.05xINR94050x0.1-INR104=INR3,2394.1601404741136
AC000763,210900.0,2,2,0.9745437518290897,PH002273,136.42600000000004,DO NOT TRACE,Viable contact exists P(RPC)=97.45%>=40.00%. EV(trace)=0.228x0.05xINR210900x0.1-INR104=INR136,5368.722739244982
AC000764,190350.0,2,2,0.9424911297852473,PH002274,112.99900000000002,DO NOT TRACE,Viable contact exists P(RPC)=94.25%>=40.00%. EV(trace)=0.228x0.05xINR190350x0.1-INR104=INR113,10946.813445378177
AC000765,70000.0,1,0,0.008784313725490198,,-24.19999999999999,DO NOT TRACE,EV(trace)=INR-24 negative yield or active callable contact points available. EV(trace)=0.228x0.05xINR70000x0.1-INR104=INR-24,69385.09803921569
AC000766,43200.0,1,1,0.9891764705882353,PH002277,-54.751999999999995,DO NOT TRACE,Viable contact exists P(RPC)=98.92%>=40.00%. EV(trace)=0.228x0.05xINR43200x0.1-INR104=INR-55,467.57647058823403
AC000767,484200.0,3,3,0.8257777777777777,PH002279,447.98800000000006,DO NOT TRACE,Viable contact exists P(RPC)=82.58%>=40.00%. EV(trace)=0.228x0.05xINR484200x0.1-INR104=INR448,84358.40000000002
AC000768,38000.0,1,1,0.9745437518290897,PH002281,-60.68,DO NOT TRACE,Viable contact exists P(RPC)=97.45%>=40.00%. EV(trace)=0.228x0.05xINR38000x0.1-INR104=INR-61,967.3374304945914
AC000769,103500.0,3,2,0.9424911297852473,PH002283,13.990000000000009,DO NOT TRACE,Viable contact exists P(RPC)=94.25%>=40.00%. EV(trace)=0.228x0.05xINR103500x0.1-INR104=INR14,5952.168067226905
AC000770,446500.0,3,3,0.9745437518290897,PH002285,405.01000000000005,DO NOT TRACE,Viable contact exists P(RPC)=97.45%>=40.00%. EV(trace)=0.228x0.05xINR446500x0.1-INR104=INR405,11366.21480831145
AC000771,97200.0,4,3,0.2888963585434174,PH002288,6.807999999999993,DO NOT TRACE,EV(trace)=INR7 negative yield or active callable contact points available. EV(trace)=0.228x0.05xINR97200x0.1-INR104=INR7,69119.27394957983
AC000772,49450.0,3,2,0.9424911297852473,PH002291,-47.626999999999995,DO NOT TRACE,Viable contact exists P(RPC)=94.25%>=40.00%. EV(trace)=0.228x0.05xINR49450x0.1-INR104=INR-48,2843.813632119521
AC000773,531100.0,2,2,0.9745437518290897,PH002294,501.45400000000006,DO NOT TRACE,Viable contact exists P(RPC)=97.45%>=40.00%. EV(trace)=0.228x0.05xINR531100x0.1-INR104=INR501,13519.81340357046
AC000774,266000.0,1,1,0.9891764705882353,PH002296,199.24,DO NOT TRACE,Viable contact exists P(RPC)=98.92%>=40.00%. EV(trace)=0.228x0.05xINR266000x0.1-INR104=INR199,2879.058823529404
AC000775,171450.0,2,2,0.7440784313725489,PH002297,91.453,DO NOT TRACE,Viable contact exists P(RPC)=74.41%>=40.00%. EV(trace)=0.228x0.05xINR171450x0.1-INR104=INR91,43877.752941176484
AC000776,204450.0,2,2,0.9891764705882353,PH002300,129.073,DO NOT TRACE,Viable contact exists P(RPC)=98.92%>=40.00%. EV(trace)=0.228x0.05xINR204450x0.1-INR104=INR129,2212.870588235288
AC000777,78750.0,3,3,0.9745437518290897,PH002301,-14.224999999999994,DO NOT TRACE,Viable contact exists P(RPC)=97.45%>=40.00%. EV(trace)=0.228x0.05xINR78750x0.1-INR104=INR-14,2004.679543459186
AC000778,105000.0,3,1,0.8911372549019607,PH002303,15.700000000000003,DO NOT TRACE,Viable contact exists P(RPC)=89.11%>=40.00%. EV(trace)=0.228x0.05xINR105000x0.1-INR104=INR16,11430.588235294124
AC000779,475200.0,1,1,0.8257777777777777,PH002306,437.72799999999995,DO NOT TRACE,Viable contact exists P(RPC)=82.58%>=40.00%. EV(trace)=0.228x0.05xINR475200x0.1-INR104=INR438,82790.40000000002
AC000780,343200.0,3,3,0.07136253650396328,PH002307,287.24800000000005,TRACE,All contacts have poor connection likelihood P(RPC)<15.00%. EV(trace)=0.228x0.05xINR343200x0.1-INR104=INR287. Trace justified.,318708.3774718398
AC000781,190650.0,1,1,0.9745437518290897,PH002309,113.34100000000001,DO NOT TRACE,Viable contact exists P(RPC)=97.45%>=40.00%. EV(trace)=0.228x0.05xINR190650x0.1-INR104=INR113,4853.233713784049
AC000782,59500.0,1,1,0.9891764705882353,PH002310,-36.16999999999999,DO NOT TRACE,Viable contact exists P(RPC)=98.92%>=40.00%. EV(trace)=0.228x0.05xINR59500x0.1-INR104=INR-36,643.9999999999983
AC000783,24050.0,4,2,0.9745437518290897,PH005916,-76.583,DO NOT TRACE,Viable contact exists P(RPC)=97.45%>=40.00%. EV(trace)=0.228x0.05xINR24050x0.1-INR104=INR-77,612.2227685103927
AC000784,185900.0,3,3,0.9745437518290897,PH002314,107.92600000000004,DO NOT TRACE,Viable contact exists P(RPC)=97.45%>=40.00%. EV(trace)=0.228x0.05xINR185900x0.1-INR104=INR108,4732.316534972225
AC000785,63000.0,2,1,0.8257777777777777,PH002317,-32.17999999999999,DO NOT TRACE,Viable contact exists P(RPC)=82.58%>=40.00%. EV(trace)=0.228x0.05xINR63000x0.1-INR104=INR-32,10976.000000000004
AC000786,203150.0,4,4,0.8491204481792716,PH002320,127.59100000000004,DO NOT TRACE,Viable contact exists P(RPC)=84.91%>=40.00%. EV(trace)=0.228x0.05xINR203150x0.1-INR104=INR128,30651.18095238098
AC000787,44800.0,2,2,0.9745437518290897,PH002322,-52.928,DO NOT TRACE,Viable contact exists P(RPC)=97.45%>=40.00%. EV(trace)=0.228x0.05xINR44800x0.1-INR104=INR-53,1140.4399180567814
AC000788,370300.0,1,1,0.9891764705882353,PH002324,318.14200000000005,DO NOT TRACE,Viable contact exists P(RPC)=98.92%>=40.00%. EV(trace)=0.228x0.05xINR370300x0.1-INR104=INR318,4007.9529411764597
AC000789,627300.0,3,3,0.9745437518290897,PH002325,611.1220000000001,DO NOT TRACE,Viable contact exists P(RPC)=97.45%>=40.00%. EV(trace)=0.228x0.05xINR627300x0.1-INR104=INR611,15968.704477612031
AC000790,56700.0,3,1,0.9891764705882353,PH002328,-39.361999999999995,DO NOT TRACE,Viable contact exists P(RPC)=98.92%>=40.00%. EV(trace)=0.228x0.05xINR56700x0.1-INR104=INR-39,613.6941176470572
AC000791,98600.0,3,2,0.9891764705882353,PH002330,8.403999999999996,DO NOT TRACE,Viable contact exists P(RPC)=98.92%>=40.00%. EV(trace)=0.228x0.05xINR98600x0.1-INR104=INR8,1067.199999999997
AC000792,100800.0,3,3,0.9745437518290897,PH002332,10.91200000000002,DO NOT TRACE,Viable contact exists P(RPC)=97.45%>=40.00%. EV(trace)=0.228x0.05xINR100800x0.1-INR104=INR11,2565.989815627758
AC000793,349450.0,3,3,0.8911372549019607,PH002336,294.37300000000005,DO NOT TRACE,Viable contact exists P(RPC)=89.11%>=40.00%. EV(trace)=0.228x0.05xINR349450x0.1-INR104=INR294,38042.08627450983
AC000794,28800.0,2,1,0.9891764705882353,PH002337,-71.168,DO NOT TRACE,Viable contact exists P(RPC)=98.92%>=40.00%. EV(trace)=0.228x0.05xINR28800x0.1-INR104=INR-71,311.71764705882265
AC000795,260100.0,1,1,0.9424911297852473,PH002339,192.51400000000007,DO NOT TRACE,Viable contact exists P(RPC)=94.25%>=40.00%. EV(trace)=0.228x0.05xINR260100x0.1-INR104=INR193,14958.057142857178
AC000796,204700.0,3,3,0.07136253650396328,PH002340,129.358,TRACE,All contacts have poor connection likelihood P(RPC)<15.00%. EV(trace)=0.228x0.05xINR204700x0.1-INR104=INR129. Trace justified.,190092.0887776387
AC000797,388800.0,1,1,0.9891764705882353,PH002342,339.23199999999997,DO NOT TRACE,Viable contact exists P(RPC)=98.92%>=40.00%. EV(trace)=0.228x0.05xINR388800x0.1-INR104=INR339,4208.188235294107
AC000798,1120950.0,2,2,0.9891764705882353,PH002344,1173.883,DO NOT TRACE,Viable contact exists P(RPC)=98.92%>=40.00%. EV(trace)=0.228x0.05xINR1120950x0.1-INR104=INR1174,12132.635294117614
AC000799,50050.0,1,1,0.9891764705882353,PH002345,-46.94299999999999,DO NOT TRACE,Viable contact exists P(RPC)=98.92%>=40.00%. EV(trace)=0.228x0.05xINR50050x0.1-INR104=INR-47,541.7176470588221
AC000800,286200.0,1,1,0.008784313725490198,PH002346,222.26800000000003,TRACE,All contacts have poor connection likelihood P(RPC)<15.00%. EV(trace)=0.228x0.05xINR286200x0.1-INR104=INR222. Trace justified.,283685.9294117647
AC000801,77350.0,5,4,0.9891764705882353,PH002349,-15.820999999999984,DO NOT TRACE,Viable contact exists P(RPC)=98.92%>=40.00%. EV(trace)=0.228x0.05xINR77350x0.1-INR104=INR-16,837.1999999999977
AC000802,67650.0,3,3,0.9891764705882353,PH002351,-26.87899999999999,DO NOT TRACE,Viable contact exists P(RPC)=98.92%>=40.00%. EV(trace)=0.228x0.05xINR67650x0.1-INR104=INR-27,732.2117647058803
AC000803,84800.0,1,1,0.2888963585434174,PH002354,-7.327999999999989,DO NOT TRACE,EV(trace)=INR-7 negative yield or active callable contact points available. EV(trace)=0.228x0.05xINR84800x0.1-INR104=INR-7,60301.588795518204
AC000804,450450.0,2,2,0.9891764705882353,PH002356,409.51300000000003,DO NOT TRACE,Viable contact exists P(RPC)=98.92%>=40.00%. EV(trace)=0.228x0.05xINR450450x0.1-INR104=INR410,4875.458823529399
AC000805,68400.0,2,2,0.9891764705882353,PH002357,-26.024,DO NOT TRACE,Viable contact exists P(RPC)=98.92%>=40.00%. EV(trace)=0.228x0.05xINR68400x0.1-INR104=INR-26,740.3294117647039
AC000806,188600.0,2,2,0.9745437518290897,PH002359,111.00400000000002,DO NOT TRACE,Viable contact exists P(RPC)=97.45%>=40.00%. EV(trace)=0.228x0.05xINR188600x0.1-INR104=INR111,4801.048405033683
AC000807,44850.0,1,1,0.8911372549019607,PH002361,-52.870999999999995,DO NOT TRACE,Viable contact exists P(RPC)=89.11%>=40.00%. EV(trace)=0.228x0.05xINR44850x0.1-INR104=INR-53,4882.494117647062
AC000808,361100.0,3,2,0.9745437518290897,PH002362,307.654,DO NOT TRACE,Viable contact exists P(RPC)=97.45%>=40.00%. EV(trace)=0.228x0.05xINR361100x0.1-INR104=INR308,9192.251214515709
AC000809,81650.0,4,3,0.9745437518290897,PH002365,-10.918999999999983,DO NOT TRACE,Viable contact exists P(RPC)=97.45%>=40.00%. EV(trace)=0.228x0.05xINR81650x0.1-INR104=INR-11,2078.502663154826
AC000810,139400.0,1,1,0.10069607843137254,PH002369,54.916000000000025,TRACE,All contacts have poor connection likelihood P(RPC)<15.00%. EV(trace)=0.228x0.05xINR139400x0.1-INR104=INR55. Trace justified.,125362.96666666667
AC000811,139500.0,2,2,0.9424911297852473,PH002370,55.03,DO NOT TRACE,Viable contact exists P(RPC)=94.25%>=40.00%. EV(trace)=0.228x0.05xINR139500x0.1-INR104=INR55,8022.487394958002
AC000812,156200.0,2,2,0.43770588235294117,PH002373,74.06800000000001,DO NOT TRACE,Viable contact exists P(RPC)=43.77%>=40.00%. EV(trace)=0.228x0.05xINR156200x0.1-INR104=INR74,87830.3411764706
AC000813,10150.0,2,1,0.9891764705882353,PH002374,-92.429,DO NOT TRACE,Viable contact exists P(RPC)=98.92%>=40.00%. EV(trace)=0.228x0.05xINR10150x0.1-INR104=INR-92,109.85882352941147
AC000814,134500.0,3,3,0.9424911297852473,PH000295,49.33000000000001,DO NOT TRACE,Viable contact exists P(RPC)=94.25%>=40.00%. EV(trace)=0.228x0.05xINR134500x0.1-INR104=INR49,7734.943043884239
AC000815,167900.0,2,2,0.10069607843137254,PH002379,87.40600000000003,TRACE,All contacts have poor connection likelihood P(RPC)<15.00%. EV(trace)=0.228x0.05xINR167900x0.1-INR104=INR87. Trace justified.,150993.12843137255
AC000816,1848000.0,1,1,0.9745437518290897,PH002380,2002.7200000000003,DO NOT TRACE,Viable contact exists P(RPC)=97.45%>=40.00%. EV(trace)=0.228x0.05xINR1848000x0.1-INR104=INR2003,47043.146619842235
AC000817,70500.0,3,2,0.2888963585434174,PH002381,-23.629999999999995,DO NOT TRACE,EV(trace)=INR-24 negative yield or active callable contact points available. EV(trace)=0.228x0.05xINR70500x0.1-INR104=INR-24,50132.80672268907
AC000818,171600.0,3,3,0.9891764705882353,PH002384,91.62400000000002,DO NOT TRACE,Viable contact exists P(RPC)=98.92%>=40.00%. EV(trace)=0.228x0.05xINR171600x0.1-INR104=INR92,1857.3176470588185
AC000819,105000.0,3,2,0.6428666685858972,PH002389,15.700000000000003,DO NOT TRACE,Viable contact exists P(RPC)=64.29%>=40.00%. EV(trace)=0.228x0.05xINR105000x0.1-INR104=INR16,37498.99979848079
AC000820,141000.0,2,2,0.10069607843137254,PH002390,56.74000000000001,TRACE,All contacts have poor connection likelihood P(RPC)<15.00%. EV(trace)=0.228x0.05xINR141000x0.1-INR104=INR57. Trace justified.,126801.85294117648
AC000821,231400.0,1,1,0.9891764705882353,PH002392,159.796,DO NOT TRACE,Viable contact exists P(RPC)=98.92%>=40.00%. EV(trace)=0.228x0.05xINR231400x0.1-INR104=INR160,2504.564705882346
AC000822,846000.0,2,2,0.9424911297852473,PH002393,860.44,DO NOT TRACE,Viable contact exists P(RPC)=94.25%>=40.00%. EV(trace)=0.228x0.05xINR846000x0.1-INR104=INR860,48652.504201680786
AC000823,132800.0,2,2,0.9891764705882353,PH002395,47.392000000000024,DO NOT TRACE,Viable contact exists P(RPC)=98.92%>=40.00%. EV(trace)=0.228x0.05xINR132800x0.1-INR104=INR47,1437.364705882349
AC000824,249600.0,2,2,0.9424911297852473,PH002397,180.54400000000004,DO NOT TRACE,Viable contact exists P(RPC)=94.25%>=40.00%. EV(trace)=0.228x0.05xINR249600x0.1-INR104=INR181,14354.214005602274
AC000825,30500.0,3,1,0.9891764705882353,PH002399,-69.22999999999999,DO NOT TRACE,Viable contact exists P(RPC)=98.92%>=40.00%. EV(trace)=0.228x0.05xINR30500x0.1-INR104=INR-69,330.1176470588226
AC000826,129600.0,3,3,0.8491204481792716,PH002402,43.744,DO NOT TRACE,Viable contact exists P(RPC)=84.91%>=40.00%. EV(trace)=0.228x0.05xINR129600x0.1-INR104=INR44,19553.989915966406
AC000827,168100.0,3,3,0.8491204481792716,PH002405,87.63400000000001,DO NOT TRACE,Viable contact exists P(RPC)=84.91%>=40.00%. EV(trace)=0.228x0.05xINR168100x0.1-INR104=INR88,25362.852661064448
AC000828,49400.0,3,2,0.9745437518290897,PH005847,-47.684,DO NOT TRACE,Viable contact exists P(RPC)=97.45%>=40.00%. EV(trace)=0.228x0.05xINR49400x0.1-INR104=INR-48,1257.538659642969
AC000829,23600.0,4,1,0.9745437518290897,PH002410,-77.096,DO NOT TRACE,Viable contact exists P(RPC)=97.45%>=40.00%. EV(trace)=0.228x0.05xINR23600x0.1-INR104=INR-77,600.767456833483
AC000830,121600.0,2,2,0.8355603990045335,PH002414,34.623999999999995,DO NOT TRACE,Viable contact exists P(RPC)=83.56%>=40.00%. EV(trace)=0.228x0.05xINR121600x0.1-INR104=INR35,19995.855481048726
AC000831,337750.0,2,2,0.9891764705882353,PH002415,281.0350000000001,DO NOT TRACE,Viable contact exists P(RPC)=98.92%>=40.00%. EV(trace)=0.228x0.05xINR337750x0.1-INR104=INR281,3655.6470588235193
AC000832,76000.0,2,1,0.43770588235294117,PH002418,-17.36,DO NOT TRACE,Viable contact exists P(RPC)=43.77%>=40.00%. EV(trace)=0.228x0.05xINR76000x0.1-INR104=INR-17,42734.35294117647
AC000833,256000.0,4,4,0.9745437518290897,PH002420,187.84000000000003,DO NOT TRACE,Viable contact exists P(RPC)=97.45%>=40.00%. EV(trace)=0.228x0.05xINR256000x0.1-INR104=INR188,6516.799531753037
AC000834,111800.0,2,2,0.9891764705882353,PH002423,23.451999999999998,DO NOT TRACE,Viable contact exists P(RPC)=98.92%>=40.00%. EV(trace)=0.228x0.05xINR111800x0.1-INR104=INR23,1210.0705882352909
AC000835,282000.0,3,3,0.9745437518290897,PH002425,217.48000000000002,DO NOT TRACE,Viable contact exists P(RPC)=97.45%>=40.00%. EV(trace)=0.228x0.05xINR282000x0.1-INR104=INR217,7178.661984196705
AC000836,325800.0,3,3,0.9891764705882353,PH002427,267.41200000000003,DO NOT TRACE,Viable contact exists P(RPC)=98.92%>=40.00%. EV(trace)=0.228x0.05xINR325800x0.1-INR104=INR267,3526.3058823529313
AC000837,353600.0,2,2,0.9745437518290897,PH002430,299.10400000000004,DO NOT TRACE,Viable contact exists P(RPC)=97.45%>=40.00%. EV(trace)=0.228x0.05xINR353600x0.1-INR104=INR299,9001.329353233883
AC000838,184500.0,2,2,0.9745437518290897,PH002432,106.33000000000004,DO NOT TRACE,Viable contact exists P(RPC)=97.45%>=40.00%. EV(trace)=0.228x0.05xINR184500x0.1-INR104=INR106,4696.677787532951
AC000839,52000.0,2,1,0.9745437518290897,PH002433,-44.71999999999999,DO NOT TRACE,Viable contact exists P(RPC)=97.45%>=40.00%. EV(trace)=0.228x0.05xINR52000x0.1-INR104=INR-45,1323.7249048873357
AC000840,402000.0,2,2,0.9891764705882353,PH002435,354.28000000000003,DO NOT TRACE,Viable contact exists P(RPC)=98.92%>=40.00%. EV(trace)=0.228x0.05xINR402000x0.1-INR104=INR354,4351.0588235294
AC000841,47700.0,1,1,0.9891764705882353,PH002437,-49.622,DO NOT TRACE,Viable contact exists P(RPC)=98.92%>=40.00%. EV(trace)=0.228x0.05xINR47700x0.1-INR104=INR-50,516.2823529411751
AC000842,224400.0,2,2,0.9424911297852473,PH002438,151.81600000000003,DO NOT TRACE,Viable contact exists P(RPC)=94.25%>=40.00%. EV(trace)=0.228x0.05xINR224400x0.1-INR104=INR152,12904.990476190507
AC000843,56050.0,2,1,0.9891764705882353,PH002440,-40.102999999999994,DO NOT TRACE,Viable contact exists P(RPC)=98.92%>=40.00%. EV(trace)=0.228x0.05xINR56050x0.1-INR104=INR-40,606.6588235294101
AC000844,182700.0,4,4,0.9745437518290897,PH002442,104.27800000000002,DO NOT TRACE,Viable contact exists P(RPC)=97.45%>=40.00%. EV(trace)=0.228x0.05xINR182700x0.1-INR104=INR104,4650.856540825312
AC000845,84600.0,2,1,0.9891764705882353,PH002446,-7.555999999999983,DO NOT TRACE,Viable contact exists P(RPC)=98.92%>=40.00%. EV(trace)=0.228x0.05xINR84600x0.1-INR104=INR-8,915.6705882352916
AC000846,190800.0,3,3,0.9745437518290897,PH002449,113.512,DO NOT TRACE,Viable contact exists P(RPC)=97.45%>=40.00%. EV(trace)=0.228x0.05xINR190800x0.1-INR104=INR114,4857.052151009685
AC000847,22750.0,2,1,0.8911372549019607,PH002451,-78.065,DO NOT TRACE,Viable contact exists P(RPC)=89.11%>=40.00%. EV(trace)=0.228x0.05xINR22750x0.1-INR104=INR-78,2476.627450980394
AC000848,506850.0,3,2,0.9891764705882353,PH002453,473.8090000000001,DO NOT TRACE,Viable contact exists P(RPC)=98.92%>=40.00%. EV(trace)=0.228x0.05xINR506850x0.1-INR104=INR474,5485.905882352926
AC000849,164700.0,1,1,0.9891764705882353,PH002455,83.75800000000004,DO NOT TRACE,Viable contact exists P(RPC)=98.92%>=40.00%. EV(trace)=0.228x0.05xINR164700x0.1-INR104=INR84,1782.6352941176422
AC000850,66000.0,3,3,0.9745437518290897,PH002456,-28.760000000000005,DO NOT TRACE,Viable contact exists P(RPC)=97.45%>=40.00%. EV(trace)=0.228x0.05xINR66000x0.1-INR104=INR-29,1680.11237928008
AC000851,26100.0,3,3,0.9891764705882353,PH002461,-74.246,DO NOT TRACE,Viable contact exists P(RPC)=98.92%>=40.00%. EV(trace)=0.228x0.05xINR26100x0.1-INR104=INR-74,282.49411764705803
AC000852,110550.0,1,1,0.9891764705882353,PH002462,22.027,DO NOT TRACE,Viable contact exists P(RPC)=98.92%>=40.00%. EV(trace)=0.228x0.05xINR110550x0.1-INR104=INR22,1196.541176470585
AC000853,287000.0,4,4,0.9745437518290897,PH002463,223.18000000000006,DO NOT TRACE,Viable contact exists P(RPC)=97.45%>=40.00%. EV(trace)=0.228x0.05xINR287000x0.1-INR104=INR223,7305.943225051256
AC000854,1539400.0,2,2,0.9745437518290897,PH002466,1650.9160000000002,DO NOT TRACE,Viable contact exists P(RPC)=97.45%>=40.00%. EV(trace)=0.228x0.05xINR1539400x0.1-INR104=INR1651,39187.34843429932
AC000855,122850.0,2,2,0.9424911297852473,PH002468,36.04900000000001,DO NOT TRACE,Viable contact exists P(RPC)=94.25%>=40.00%. EV(trace)=0.228x0.05xINR122850x0.1-INR104=INR36,7064.96470588237
AC000856,342700.0,5,5,0.9891764705882353,PH002471,286.67800000000005,DO NOT TRACE,Viable contact exists P(RPC)=98.92%>=40.00%. EV(trace)=0.228x0.05xINR342700x0.1-INR104=INR287,3709.2235294117545
AC000857,171500.0,1,1,0.9745437518290897,PH002474,91.51000000000002,DO NOT TRACE,Viable contact exists P(RPC)=97.45%>=40.00%. EV(trace)=0.228x0.05xINR171500x0.1-INR104=INR92,4365.746561311116
AC000858,217000.0,2,2,0.9424911297852473,PH000297,143.38000000000002,DO NOT TRACE,Viable contact exists P(RPC)=94.25%>=40.00%. EV(trace)=0.228x0.05xINR217000x0.1-INR104=INR143,12479.424836601336
AC000859,283500.0,2,2,0.9745437518290897,PH002476,219.19000000000005,DO NOT TRACE,Viable contact exists P(RPC)=97.45%>=40.00%. EV(trace)=0.228x0.05xINR283500x0.1-INR104=INR219,7216.84635645307
AC000860,39900.0,2,2,0.9891764705882353,PH002478,-58.513999999999996,DO NOT TRACE,Viable contact exists P(RPC)=98.92%>=40.00%. EV(trace)=0.228x0.05xINR39900x0.1-INR104=INR-59,431.8588235294106
AC000861,220500.0,3,3,0.9891764705882353,PH002481,147.37000000000003,DO NOT TRACE,Viable contact exists P(RPC)=98.92%>=40.00%. EV(trace)=0.228x0.05xINR220500x0.1-INR104=INR147,2386.588235294111
AC000862,267900.0,2,2,0.9891764705882353,PH002483,201.406,DO NOT TRACE,Viable contact exists P(RPC)=98.92%>=40.00%. EV(trace)=0.228x0.05xINR267900x0.1-INR104=INR201,2899.623529411757
AC000863,27900.0,2,1,0.2888963585434174,PH002486,-72.194,DO NOT TRACE,EV(trace)=INR-72 negative yield or active callable contact points available. EV(trace)=0.228x0.05xINR27900x0.1-INR104=INR-72,19839.791596638654
AC000864,793800.0,2,2,0.9745437518290897,PH002487,800.932,DO NOT TRACE,Viable contact exists P(RPC)=97.45%>=40.00%. EV(trace)=0.228x0.05xINR793800x0.1-INR104=INR801,20207.169798068597
AC000865,363350.0,2,2,0.9745437518290897,PH002489,310.21900000000005,DO NOT TRACE,Viable contact exists P(RPC)=97.45%>=40.00%. EV(trace)=0.228x0.05xINR363350x0.1-INR104=INR310,9249.527772900257
AC000866,51850.0,1,1,0.9745437518290897,PH002491,-44.89099999999999,DO NOT TRACE,Viable contact exists P(RPC)=97.45%>=40.00%. EV(trace)=0.228x0.05xINR51850x0.1-INR104=INR-45,1319.906467661699
AC000867,122400.0,3,3,0.029643721318314557,PH002493,35.53600000000003,TRACE,All contacts have poor connection likelihood P(RPC)<15.00%. EV(trace)=0.228x0.05xINR122400x0.1-INR104=INR36. Trace justified.,118771.6085106383
AC000868,70000.0,1,1,0.8911372549019607,PH002495,-24.19999999999999,DO NOT TRACE,Viable contact exists P(RPC)=89.11%>=40.00%. EV(trace)=0.228x0.05xINR70000x0.1-INR104=INR-24,7620.392156862749
AC000869,29900.0,2,1,0.9891764705882353,PH002496,-69.91399999999999,DO NOT TRACE,Viable contact exists P(RPC)=98.92%>=40.00%. EV(trace)=0.228x0.05xINR29900x0.1-INR104=INR-70,323.6235294117638
AC000870,118800.0,1,1,0.9891764705882353,PH002498,31.431999999999988,DO NOT TRACE,Viable contact exists P(RPC)=98.92%>=40.00%. EV(trace)=0.228x0.05xINR118800x0.1-INR104=INR31,1285.8352941176436
AC000871,79950.0,3,2,0.029643721318314557,PH002500,-12.856999999999985,DO NOT TRACE,EV(trace)=INR-13 negative yield or active callable contact points available. EV(trace)=0.228x0.05xINR79950x0.1-INR104=INR-13,77579.98448060075
AC000872,122850.0,5,5,0.9745437518290897,PH002502,36.04900000000001,DO NOT TRACE,Viable contact exists P(RPC)=97.45%>=40.00%. EV(trace)=0.228x0.05xINR122850x0.1-INR104=INR36,3127.3000877963304
AC000873,144900.0,2,2,0.9424911297852473,PH002506,61.186000000000035,DO NOT TRACE,Viable contact exists P(RPC)=94.25%>=40.00%. EV(trace)=0.228x0.05xINR144900x0.1-INR104=INR61,8333.035294117666
AC000874,209150.0,3,3,0.10069607843137254,PH002510,134.431,TRACE,All contacts have poor connection likelihood P(RPC)<15.00%. EV(trace)=0.228x0.05xINR209150x0.1-INR104=INR134. Trace justified.,188089.41519607845
AC000875,475600.0,2,1,0.8491204481792716,PH002511,438.1840000000001,DO NOT TRACE,Viable contact exists P(RPC)=84.91%>=40.00%. EV(trace)=0.228x0.05xINR475600x0.1-INR104=INR438,71758.31484593844
AC000876,92400.0,1,1,0.8491204481792716,PH002513,1.3360000000000127,DO NOT TRACE,Viable contact exists P(RPC)=84.91%>=40.00%. EV(trace)=0.228x0.05xINR92400x0.1-INR104=INR1,13941.270588235308
AC000877,518400.0,2,2,0.9745437518290897,PH002514,486.976,DO NOT TRACE,Viable contact exists P(RPC)=97.45%>=40.00%. EV(trace)=0.228x0.05xINR518400x0.1-INR104=INR487,13196.5190517999
AC000878,164000.0,2,2,0.9745437518290897,PH002515,82.96000000000004,DO NOT TRACE,Viable contact exists P(RPC)=97.45%>=40.00%. EV(trace)=0.228x0.05xINR164000x0.1-INR104=INR83,4174.8247000292895
AC000879,130950.0,2,2,0.008784313725490198,PH002517,45.283000000000015,TRACE,All contacts have poor connection likelihood P(RPC)<15.00%. EV(trace)=0.228x0.05xINR130950x0.1-INR104=INR45. Trace justified.,129799.69411764706
AC000880,397500.0,3,3,0.9745437518290897,PH002520,349.15000000000003,DO NOT TRACE,Viable contact exists P(RPC)=97.45%>=40.00%. EV(trace)=0.228x0.05xINR397500x0.1-INR104=INR349,10118.858647936844
AC000881,206250.0,3,3,0.9745437518290897,PH002522,131.125,DO NOT TRACE,Viable contact exists P(RPC)=97.45%>=40.00%. EV(trace)=0.228x0.05xINR206250x0.1-INR104=INR131,5250.35118525025
AC000882,43200.0,2,2,0.9745437518290897,PH002525,-54.751999999999995,DO NOT TRACE,Viable contact exists P(RPC)=97.45%>=40.00%. EV(trace)=0.228x0.05xINR43200x0.1-INR104=INR-55,1099.709920983325
AC000883,110000.0,1,1,0.9891764705882353,PH002526,21.400000000000006,DO NOT TRACE,Viable contact exists P(RPC)=98.92%>=40.00%. EV(trace)=0.228x0.05xINR110000x0.1-INR104=INR21,1190.5882352941144
AC000884,378400.0,3,3,0.9424911297852473,PH002527,327.37600000000003,DO NOT TRACE,Viable contact exists P(RPC)=94.25%>=40.00%. EV(trace)=0.228x0.05xINR378400x0.1-INR104=INR327,21761.356489262424
AC000885,803700.0,3,3,0.9424911297852473,PH002530,812.2180000000001,DO NOT TRACE,Viable contact exists P(RPC)=94.25%>=40.00%. EV(trace)=0.228x0.05xINR803700x0.1-INR104=INR812,46219.87899159675
AC000886,235500.0,3,3,0.8491204481792716,PH000217,164.47000000000003,DO NOT TRACE,Viable contact exists P(RPC)=84.91%>=40.00%. EV(trace)=0.228x0.05xINR235500x0.1-INR104=INR164,35532.134453781546
AC000887,149100.0,3,3,0.9891764705882353,PH002535,65.97400000000002,DO NOT TRACE,Viable contact exists P(RPC)=98.92%>=40.00%. EV(trace)=0.228x0.05xINR149100x0.1-INR104=INR66,1613.7882352941133
AC000888,81900.0,1,1,0.9745437518290897,PH002537,-10.633999999999986,DO NOT TRACE,Viable contact exists P(RPC)=97.45%>=40.00%. EV(trace)=0.228x0.05xINR81900x0.1-INR104=INR-11,2084.8667251975535
AC000889,36800.0,3,2,0.9424911297852473,PH002540,-62.047999999999995,DO NOT TRACE,Viable contact exists P(RPC)=94.25%>=40.00%. EV(trace)=0.228x0.05xINR36800x0.1-INR104=INR-62,2116.3264239028995
AC000890,230400.0,3,3,0.9891764705882353,PH002542,158.656,DO NOT TRACE,Viable contact exists P(RPC)=98.92%>=40.00%. EV(trace)=0.228x0.05xINR230400x0.1-INR104=INR159,2493.741176470581
AC000891,501600.0,3,3,0.9891764705882353,PH002544,467.82399999999996,DO NOT TRACE,Viable contact exists P(RPC)=98.92%>=40.00%. EV(trace)=0.228x0.05xINR501600x0.1-INR104=INR468,5429.082352941162
AC000892,313500.0,2,2,0.9745437518290897,PH002546,253.39000000000004,DO NOT TRACE,Viable contact exists P(RPC)=97.45%>=40.00%. EV(trace)=0.228x0.05xINR313500x0.1-INR104=INR253,7980.533801580379
AC000893,507000.0,2,2,0.8911372549019607,PH002548,473.98,DO NOT TRACE,Viable contact exists P(RPC)=89.11%>=40.00%. EV(trace)=0.228x0.05xINR507000x0.1-INR104=INR474,55193.41176470592
AC000894,39600.0,2,2,0.9424911297852473,PH002550,-58.855999999999995,DO NOT TRACE,Viable contact exists P(RPC)=94.25%>=40.00%. EV(trace)=0.228x0.05xINR39600x0.1-INR104=INR-59,2277.351260504207
AC000895,26400.0,4,2,0.9745437518290897,PH002552,-73.904,DO NOT TRACE,Viable contact exists P(RPC)=97.45%>=40.00%. EV(trace)=0.228x0.05xINR26400x0.1-INR104=INR-74,672.0449517120319
AC000896,117000.0,3,3,0.9745437518290897,PH002557,29.379999999999995,DO NOT TRACE,Viable contact exists P(RPC)=97.45%>=40.00%. EV(trace)=0.228x0.05xINR117000x0.1-INR104=INR29,2978.381035996505
AC000897,90000.0,1,1,0.9891764705882353,PH002559,-1.3999999999999915,DO NOT TRACE,Viable contact exists P(RPC)=98.92%>=40.00%. EV(trace)=0.228x0.05xINR90000x0.1-INR104=INR-1,974.1176470588209
AC000898,155800.0,2,2,0.9424911297852473,PH002560,73.61200000000002,DO NOT TRACE,Viable contact exists P(RPC)=94.25%>=40.00%. EV(trace)=0.228x0.05xINR155800x0.1-INR104=INR74,8959.88197945847
AC000899,304200.0,3,3,0.9745437518290897,PH002563,242.788,DO NOT TRACE,Viable contact exists P(RPC)=97.45%>=40.00%. EV(trace)=0.228x0.05xINR304200x0.1-INR104=INR243,7743.790693590913
AC000900,58750.0,3,2,0.9745437518290897,PH002565,-37.02499999999999,DO NOT TRACE,Viable contact exists P(RPC)=97.45%>=40.00%. EV(trace)=0.228x0.05xINR58750x0.1-INR104=INR-37,1495.5545800409802
AC000901,36450.0,3,2,0.9745437518290897,PH002569,-62.446999999999996,DO NOT TRACE,Viable contact exists P(RPC)=97.45%>=40.00%. EV(trace)=0.228x0.05xINR36450x0.1-INR104=INR-62,927.8802458296805
AC000902,296100.0,4,4,0.9745437518290897,PH002571,233.55400000000003,DO NOT TRACE,Viable contact exists P(RPC)=97.45%>=40.00%. EV(trace)=0.228x0.05xINR296100x0.1-INR104=INR234,7537.59508340654
AC000903,77500.0,2,1,0.9424911297852473,PH002575,-15.649999999999991,DO NOT TRACE,Viable contact exists P(RPC)=94.25%>=40.00%. EV(trace)=0.228x0.05xINR77500x0.1-INR104=INR-16,4456.937441643335
AC000904,38500.0,2,1,0.9424911297852473,PH002577,-60.10999999999999,DO NOT TRACE,Viable contact exists P(RPC)=94.25%>=40.00%. EV(trace)=0.228x0.05xINR38500x0.1-INR104=INR-60,2214.091503267979
AC000905,18600.0,3,2,0.9891764705882353,PH005817,-82.79599999999999,DO NOT TRACE,Viable contact exists P(RPC)=98.92%>=40.00%. EV(trace)=0.228x0.05xINR18600x0.1-INR104=INR-83,201.31764705882298
AC000906,864800.0,3,3,0.8911372549019607,PH002581,881.8720000000002,DO NOT TRACE,Viable contact exists P(RPC)=89.11%>=40.00%. EV(trace)=0.228x0.05xINR864800x0.1-INR104=INR882,94144.50196078437
AC000907,365200.0,3,3,0.9424911297852473,PH002584,312.328,DO NOT TRACE,Viable contact exists P(RPC)=94.25%>=40.00%. EV(trace)=0.228x0.05xINR365200x0.1-INR104=INR312,21002.239402427687
AC000908,103500.0,3,2,0.9745437518290897,PH002587,13.990000000000009,DO NOT TRACE,Viable contact exists P(RPC)=97.45%>=40.00%. EV(trace)=0.228x0.05xINR103500x0.1-INR104=INR14,2634.721685689216
AC000909,806400.0,4,4,0.9891764705882353,PH002590,815.2960000000002,DO NOT TRACE,Viable contact exists P(RPC)=98.92%>=40.00%. EV(trace)=0.228x0.05xINR806400x0.1-INR104=INR815,8728.094117647035
AC000910,118500.0,2,2,0.9745437518290897,PH002594,31.090000000000003,DO NOT TRACE,Viable contact exists P(RPC)=97.45%>=40.00%. EV(trace)=0.228x0.05xINR118500x0.1-INR104=INR31,3016.565408252871
AC000911,49300.0,2,2,0.10069607843137254,PH002597,-47.798,DO NOT TRACE,EV(trace)=INR-48 negative yield or active callable contact points available. EV(trace)=0.228x0.05xINR49300x0.1-INR104=INR-48,44335.683333333334
AC000912,300300.0,3,2,0.9745437518290897,PH002599,238.34200000000004,DO NOT TRACE,Viable contact exists P(RPC)=97.45%>=40.00%. EV(trace)=0.228x0.05xINR300300x0.1-INR104=INR238,7644.511325724363
AC000913,25500.0,2,2,0.9745437518290897,PH002600,-74.93,DO NOT TRACE,Viable contact exists P(RPC)=97.45%>=40.00%. EV(trace)=0.228x0.05xINR25500x0.1-INR104=INR-75,649.1343283582127
AC000914,185850.0,2,2,0.9745437518290897,PH002602,107.86900000000003,DO NOT TRACE,Viable contact exists P(RPC)=97.45%>=40.00%. EV(trace)=0.228x0.05xINR185850x0.1-INR104=INR108,4731.04372256368
AC000915,45600.0,2,2,0.9745437518290897,PH002604,-52.01599999999999,DO NOT TRACE,Viable contact exists P(RPC)=97.45%>=40.00%. EV(trace)=0.228x0.05xINR45600x0.1-INR104=INR-52,1160.8049165935097
AC000916,727900.0,1,1,0.9891764705882353,PH002606,725.806,DO NOT TRACE,Viable contact exists P(RPC)=98.92%>=40.00%. EV(trace)=0.228x0.05xINR727900x0.1-INR104=INR726,7878.447058823508
AC000917,125400.0,2,2,0.9745437518290897,PH002607,38.95599999999999,DO NOT TRACE,Viable contact exists P(RPC)=97.45%>=40.00%. EV(trace)=0.228x0.05xINR125400x0.1-INR104=INR39,3192.213520632152
AC000918,226600.0,3,3,0.10069607843137254,PH002610,154.324,TRACE,All contacts have poor connection likelihood P(RPC)<15.00%. EV(trace)=0.228x0.05xINR226600x0.1-INR104=INR154. Trace justified.,203782.26862745098
AC000919,86400.0,3,2,0.9891764705882353,PH002612,-5.503999999999991,DO NOT TRACE,Viable contact exists P(RPC)=98.92%>=40.00%. EV(trace)=0.228x0.05xINR86400x0.1-INR104=INR-6,935.1529411764681
AC000920,286000.0,4,4,0.8911372549019607,PH002615,222.04000000000002,DO NOT TRACE,Viable contact exists P(RPC)=89.11%>=40.00%. EV(trace)=0.228x0.05xINR286000x0.1-INR104=INR222,31134.745098039235
AC000921,162000.0,2,2,0.9891764705882353,PH002620,80.68,DO NOT TRACE,Viable contact exists P(RPC)=98.92%>=40.00%. EV(trace)=0.228x0.05xINR162000x0.1-INR104=INR81,1753.4117647058777
AC000922,405000.0,3,3,0.9745437518290897,PH002622,357.70000000000005,DO NOT TRACE,Viable contact exists P(RPC)=97.45%>=40.00%. EV(trace)=0.228x0.05xINR405000x0.1-INR104=INR358,10309.780509218672
AC000923,106950.0,2,2,0.9745437518290897,PH002624,17.923000000000002,DO NOT TRACE,Viable contact exists P(RPC)=97.45%>=40.00%. EV(trace)=0.228x0.05xINR106950x0.1-INR104=INR18,2722.5457418788565
AC000924,343400.0,3,3,0.9891764705882353,PH002626,287.47600000000006,DO NOT TRACE,Viable contact exists P(RPC)=98.92%>=40.00%. EV(trace)=0.228x0.05xINR343400x0.1-INR104=INR287,3716.7999999999897
AC000925,87000.0,3,1,0.9745437518290897,PH002629,-4.819999999999993,DO NOT TRACE,Viable contact exists P(RPC)=97.45%>=40.00%. EV(trace)=0.228x0.05xINR87000x0.1-INR104=INR-5,2214.693590869196
AC000926,69600.0,3,2,0.9745437518290897,PH002632,-24.65599999999999,DO NOT TRACE,Viable contact exists P(RPC)=97.45%>=40.00%. EV(trace)=0.228x0.05xINR69600x0.1-INR104=INR-25,1771.7548726953569
AC000927,490800.0,1,1,0.9424911297852473,PH000228,455.51200000000006,DO NOT TRACE,Viable contact exists P(RPC)=94.25%>=40.00%. EV(trace)=0.228x0.05xINR490800x0.1-INR104=INR456,28225.353501400627
AC000928,243000.0,3,3,0.9424911297852473,PH005868,173.02000000000004,DO NOT TRACE,Viable contact exists P(RPC)=94.25%>=40.00%. EV(trace)=0.228x0.05xINR243000x0.1-INR104=INR173,13974.655462184908
AC000929,128250.0,4,3,0.9745437518290897,PH002638,42.20500000000001,DO NOT TRACE,Viable contact exists P(RPC)=97.45%>=40.00%. EV(trace)=0.228x0.05xINR128250x0.1-INR104=INR42,3264.763827919246
AC000930,26400.0,3,2,0.9424911297852473,PH002641,-73.904,DO NOT TRACE,Viable contact exists P(RPC)=94.25%>=40.00%. EV(trace)=0.228x0.05xINR26400x0.1-INR104=INR-74,1518.2341736694714
AC000931,78650.0,2,1,0.9745437518290897,PH005945,-14.338999999999999,DO NOT TRACE,Viable contact exists P(RPC)=97.45%>=40.00%. EV(trace)=0.228x0.05xINR78650x0.1-INR104=INR-14,2002.133918642095
AC000932,99900.0,2,1,0.9424911297852473,PH002645,9.886000000000024,DO NOT TRACE,Viable contact exists P(RPC)=94.25%>=40.00%. EV(trace)=0.228x0.05xINR99900x0.1-INR104=INR10,5745.136134453795
AC000933,28700.0,4,1,0.9424911297852473,PH000518,-71.282,DO NOT TRACE,Viable contact exists P(RPC)=94.25%>=40.00%. EV(trace)=0.228x0.05xINR28700x0.1-INR104=INR-71,1650.5045751634027
AC000934,212500.0,2,2,0.7440784313725489,PH005854,138.25,DO NOT TRACE,Viable contact exists P(RPC)=74.41%>=40.00%. EV(trace)=0.228x0.05xINR212500x0.1-INR104=INR138,54383.33333333336
AC000935,92400.0,4,2,0.10069607843137254,PH002651,1.3360000000000127,TRACE,All contacts have poor connection likelihood P(RPC)<15.00%. EV(trace)=0.228x0.05xINR92400x0.1-INR104=INR1. Trace justified.,83095.68235294118
AC000936,492000.0,1,1,0.008784313725490198,PH002655,456.88,TRACE,All contacts have poor connection likelihood P(RPC)<15.00%. EV(trace)=0.228x0.05xINR492000x0.1-INR104=INR457. Trace justified.,487678.11764705885
AC000937,79050.0,3,2,0.9745437518290897,PH002657,-13.882999999999981,DO NOT TRACE,Viable contact exists P(RPC)=97.45%>=40.00%. EV(trace)=0.228x0.05xINR79050x0.1-INR104=INR-14,2012.3164179104592
AC000938,41300.0,2,2,0.9891764705882353,PH002659,-56.918,DO NOT TRACE,Viable contact exists P(RPC)=98.92%>=40.00%. EV(trace)=0.228x0.05xINR41300x0.1-INR104=INR-57,447.01176470588115
AC000939,177750.0,1,1,0.9424911297852473,PH002661,98.63500000000002,DO NOT TRACE,Viable contact exists P(RPC)=94.25%>=40.00%. EV(trace)=0.228x0.05xINR177750x0.1-INR104=INR99,10222.201680672293
AC000940,1293900.0,2,2,0.9745437518290897,PH002662,1371.0460000000003,DO NOT TRACE,Viable contact exists P(RPC)=97.45%>=40.00%. EV(trace)=0.228x0.05xINR1293900x0.1-INR104=INR1371,32937.83950834084
AC000941,660000.0,2,2,0.9891764705882353,PH002664,648.4000000000001,DO NOT TRACE,Viable contact exists P(RPC)=98.92%>=40.00%. EV(trace)=0.228x0.05xINR660000x0.1-INR104=INR648,7143.529411764686
AC000942,47300.0,3,2,0.9424911297852473,PH002667,-50.077999999999996,DO NOT TRACE,Viable contact exists P(RPC)=94.25%>=40.00%. EV(trace)=0.228x0.05xINR47300x0.1-INR104=INR-50,2720.169561157803
AC000943,365850.0,3,3,0.029643721318314557,PH002669,313.0690000000001,TRACE,All contacts have poor connection likelihood P(RPC)<15.00%. EV(trace)=0.228x0.05xINR365850x0.1-INR104=INR313. Trace justified.,355004.8445556946
AC000944,64800.0,1,1,0.029209150326797384,PH002672,-30.128,DO NOT TRACE,EV(trace)=INR-30 negative yield or active callable contact points available. EV(trace)=0.228x0.05xINR64800x0.1-INR104=INR-30,62907.24705882353
AC000945,548100.0,2,2,0.9424911297852473,PH002673,520.8340000000001,DO NOT TRACE,Viable contact exists P(RPC)=94.25%>=40.00%. EV(trace)=0.228x0.05xINR548100x0.1-INR104=INR521,31520.61176470596
AC000946,73000.0,2,1,0.8491204481792716,PH002674,-20.779999999999987,DO NOT TRACE,Viable contact exists P(RPC)=84.91%>=40.00%. EV(trace)=0.228x0.05xINR73000x0.1-INR104=INR-21,11014.207282913176
AC000947,78400.0,3,1,0.9424911297852473,PH002677,-14.623999999999995,DO NOT TRACE,Viable contact exists P(RPC)=94.25%>=40.00%. EV(trace)=0.228x0.05xINR78400x0.1-INR104=INR-15,4508.695424836612
AC000948,430500.0,2,2,0.9891764705882353,PH002680,386.77,DO NOT TRACE,Viable contact exists P(RPC)=98.92%>=40.00%. EV(trace)=0.228x0.05xINR430500x0.1-INR104=INR387,4659.529411764694
AC000949,204750.0,2,2,0.9745437518290897,PH002681,129.41500000000002,DO NOT TRACE,Viable contact exists P(RPC)=97.45%>=40.00%. EV(trace)=0.228x0.05xINR204750x0.1-INR104=INR129,5212.166812993884
AC000950,96100.0,1,1,0.9745437518290897,PH002683,5.554000000000002,DO NOT TRACE,Viable contact exists P(RPC)=97.45%>=40.00%. EV(trace)=0.228x0.05xINR96100x0.1-INR104=INR6,2446.34544922448
AC000951,199200.0,2,2,0.8042663384889368,PH002685,123.08800000000002,DO NOT TRACE,Viable contact exists P(RPC)=80.43%>=40.00%. EV(trace)=0.228x0.05xINR199200x0.1-INR104=INR123,38990.14537300379
AC000952,80300.0,1,1,0.9745437518290897,PH002686,-12.457999999999984,DO NOT TRACE,Viable contact exists P(RPC)=97.45%>=40.00%. EV(trace)=0.228x0.05xINR80300x0.1-INR104=INR-12,2044.136728124097
AC000953,606800.0,1,1,0.9745437518290897,PH002687,587.7520000000001,DO NOT TRACE,Viable contact exists P(RPC)=97.45%>=40.00%. EV(trace)=0.228x0.05xINR606800x0.1-INR104=INR588,15446.85139010837
AC000954,195650.0,2,2,0.9891764705882353,PH002688,119.041,DO NOT TRACE,Viable contact exists P(RPC)=98.92%>=40.00%. EV(trace)=0.228x0.05xINR195650x0.1-INR104=INR119,2117.623529411759
AC000955,23750.0,4,1,0.9745437518290897,PH002690,-76.925,DO NOT TRACE,Viable contact exists P(RPC)=97.45%>=40.00%. EV(trace)=0.228x0.05xINR23750x0.1-INR104=INR-77,604.5858940591196
AC000956,101250.0,1,0,0.008784313725490198,,11.425000000000011,TRACE,All contacts exhausted. EV(trace)=0.228x0.05xINR101250x0.1-INR104=INR11. Net positive recovery yield.,100360.58823529413
AC000957,151800.0,3,3,0.9424911297852473,PH002695,69.05200000000002,DO NOT TRACE,Viable contact exists P(RPC)=94.25%>=40.00%. EV(trace)=0.228x0.05xINR151800x0.1-INR104=INR69,8729.846498599461
AC000958,461250.0,1,1,0.9745437518290897,PH002698,421.82500000000005,DO NOT TRACE,Viable contact exists P(RPC)=97.45%>=40.00%. EV(trace)=0.228x0.05xINR461250x0.1-INR104=INR422,11741.694468832377
AC000959,236550.0,2,2,0.9745437518290897,PH002700,165.66700000000003,DO NOT TRACE,Viable contact exists P(RPC)=97.45%>=40.00%. EV(trace)=0.228x0.05xINR236550x0.1-INR104=INR166,6021.675504828831
AC000960,66000.0,2,1,0.9891764705882353,PH002701,-28.760000000000005,DO NOT TRACE,Viable contact exists P(RPC)=98.92%>=40.00%. EV(trace)=0.228x0.05xINR66000x0.1-INR104=INR-29,714.3529411764687
AC000961,100700.0,1,1,0.9891764705882353,PH002703,10.798000000000002,DO NOT TRACE,Viable contact exists P(RPC)=98.92%>=40.00%. EV(trace)=0.228x0.05xINR100700x0.1-INR104=INR11,1089.929411764703
AC000962,43750.0,3,3,0.9891764705882353,PH002705,-54.125,DO NOT TRACE,Viable contact exists P(RPC)=98.92%>=40.00%. EV(trace)=0.228x0.05xINR43750x0.1-INR104=INR-54,473.5294117647046
AC000963,363350.0,2,2,0.7440784313725489,PH002707,310.21900000000005,DO NOT TRACE,Viable contact exists P(RPC)=74.41%>=40.00%. EV(trace)=0.228x0.05xINR363350x0.1-INR104=INR310,92989.10196078435
AC000964,118950.0,2,2,0.9891764705882353,PH002709,31.60300000000001,DO NOT TRACE,Viable contact exists P(RPC)=98.92%>=40.00%. EV(trace)=0.228x0.05xINR118950x0.1-INR104=INR32,1287.4588235294082
AC000965,86000.0,3,3,0.9424911297852473,PH002711,-5.9599999999999795,DO NOT TRACE,Viable contact exists P(RPC)=94.25%>=40.00%. EV(trace)=0.228x0.05xINR86000x0.1-INR104=INR-6,4945.762838468732
AC000966,664800.0,1,1,0.008784313725490198,PH002713,653.8720000000001,TRACE,All contacts have poor connection likelihood P(RPC)<15.00%. EV(trace)=0.228x0.05xINR664800x0.1-INR104=INR654. Trace justified.,658960.1882352942
AC000967,92950.0,2,1,0.9424911297852473,PH000426,1.9630000000000223,DO NOT TRACE,Viable contact exists P(RPC)=94.25%>=40.00%. EV(trace)=0.228x0.05xINR92950x0.1-INR104=INR2,5345.449486461264
AC000968,108800.0,3,2,0.9424911297852473,PH002716,20.031999999999996,DO NOT TRACE,Viable contact exists P(RPC)=94.25%>=40.00%. EV(trace)=0.228x0.05xINR108800x0.1-INR104=INR20,6256.965079365094
AC000969,39600.0,3,2,0.029643721318314557,PH002720,-58.855999999999995,DO NOT TRACE,EV(trace)=INR-59 negative yield or active callable contact points available. EV(trace)=0.228x0.05xINR39600x0.1-INR104=INR-59,38426.10863579474
AC000970,206800.0,2,2,0.9745437518290897,PH002721,131.752,DO NOT TRACE,Viable contact exists P(RPC)=97.45%>=40.00%. EV(trace)=0.228x0.05xINR206800x0.1-INR104=INR132,5264.35212174425
AC000971,500000.0,3,3,0.9424911297852473,PH002724,466.0,DO NOT TRACE,Viable contact exists P(RPC)=94.25%>=40.00%. EV(trace)=0.228x0.05xINR500000x0.1-INR104=INR466,28754.435107376354
AC000972,243600.0,2,2,0.7440784313725489,PH002727,173.704,DO NOT TRACE,Viable contact exists P(RPC)=74.41%>=40.00%. EV(trace)=0.228x0.05xINR243600x0.1-INR104=INR174,62342.49411764708
AC000973,169400.0,2,2,0.8911372549019607,PH002728,89.11600000000001,DO NOT TRACE,Viable contact exists P(RPC)=89.11%>=40.00%. EV(trace)=0.228x0.05xINR169400x0.1-INR104=INR89,18441.349019607853
AC000974,100000.0,3,3,0.2888963585434174,PH002731,10.0,DO NOT TRACE,EV(trace)=INR10 negative yield or active callable contact points available. EV(trace)=0.228x0.05xINR100000x0.1-INR104=INR10,71110.36414565826
AC000975,137000.0,2,2,0.9745437518290897,PH002732,52.18000000000001,DO NOT TRACE,Viable contact exists P(RPC)=97.45%>=40.00%. EV(trace)=0.228x0.05xINR137000x0.1-INR104=INR52,3487.5059994147114
AC000976,186900.0,2,2,0.8491204481792716,PH002734,109.066,DO NOT TRACE,Viable contact exists P(RPC)=84.91%>=40.00%. EV(trace)=0.228x0.05xINR186900x0.1-INR104=INR109,28199.388235294144
AC000977,197500.0,2,2,0.9745437518290897,PH002736,121.15,DO NOT TRACE,Viable contact exists P(RPC)=97.45%>=40.00%. EV(trace)=0.228x0.05xINR197500x0.1-INR104=INR121,5027.609013754784
AC000978,413400.0,1,1,0.9745437518290897,PH002738,367.27600000000007,DO NOT TRACE,Viable contact exists P(RPC)=97.45%>=40.00%. EV(trace)=0.228x0.05xINR413400x0.1-INR104=INR367,10523.612993854318
AC000979,72200.0,4,0,0.008784313725490198,,-21.691999999999993,DO NOT TRACE,EV(trace)=INR-22 negative yield or active callable contact points available. EV(trace)=0.228x0.05xINR72200x0.1-INR104=INR-22,71565.77254901962
AC000980,38500.0,2,2,0.2888963585434174,PH002744,-60.10999999999999,DO NOT TRACE,EV(trace)=INR-60 negative yield or active callable contact points available. EV(trace)=0.228x0.05xINR38500x0.1-INR104=INR-60,27377.49019607843
AC000981,120000.0,3,3,0.9891764705882353,PH005899,32.80000000000001,DO NOT TRACE,Viable contact exists P(RPC)=98.92%>=40.00%. EV(trace)=0.228x0.05xINR120000x0.1-INR104=INR33,1298.8235294117612
AC000982,253700.0,3,3,0.9891764705882353,PH002747,185.21800000000002,DO NOT TRACE,Viable contact exists P(RPC)=98.92%>=40.00%. EV(trace)=0.228x0.05xINR253700x0.1-INR104=INR185,2745.929411764698
AC000983,57750.0,4,1,0.9251487280106795,PH002750,-38.16499999999999,DO NOT TRACE,Viable contact exists P(RPC)=92.51%>=40.00%. EV(trace)=0.228x0.05xINR57750x0.1-INR104=INR-38,4322.660957383259
AC000984,149450.0,3,3,0.9424911297852473,PH002753,66.37300000000002,DO NOT TRACE,Viable contact exists P(RPC)=94.25%>=40.00%. EV(trace)=0.228x0.05xINR149450x0.1-INR104=INR66,8594.700653594791
AC000985,297600.0,3,2,0.9745437518290897,PH002757,235.26400000000007,DO NOT TRACE,Viable contact exists P(RPC)=97.45%>=40.00%. EV(trace)=0.228x0.05xINR297600x0.1-INR104=INR235,7575.779455662905
AC000986,239000.0,2,2,0.8491204481792716,PH002759,168.45999999999998,DO NOT TRACE,Viable contact exists P(RPC)=84.91%>=40.00%. EV(trace)=0.228x0.05xINR239000x0.1-INR104=INR168,36060.2128851541
AC000987,87150.0,3,3,0.9424911297852473,PH002763,-4.649000000000001,DO NOT TRACE,Viable contact exists P(RPC)=94.25%>=40.00%. EV(trace)=0.228x0.05xINR87150x0.1-INR104=INR-5,5011.898039215698
AC000988,284000.0,3,3,0.9891764705882353,PH002764,219.76,DO NOT TRACE,Viable contact exists P(RPC)=98.92%>=40.00%. EV(trace)=0.228x0.05xINR284000x0.1-INR104=INR220,3073.882352941168
AC000989,14700.0,2,2,0.9891764705882353,PH002767,-87.24199999999999,DO NOT TRACE,Viable contact exists P(RPC)=98.92%>=40.00%. EV(trace)=0.228x0.05xINR14700x0.1-INR104=INR-87,159.10588235294074
AC000990,131400.0,3,3,0.9745437518290897,PH002769,45.79600000000002,DO NOT TRACE,Viable contact exists P(RPC)=97.45%>=40.00%. EV(trace)=0.228x0.05xINR131400x0.1-INR104=INR46,3344.9510096576137
AC000991,345000.0,2,2,0.8911372549019607,PH002771,289.3,DO NOT TRACE,Viable contact exists P(RPC)=89.11%>=40.00%. EV(trace)=0.228x0.05xINR345000x0.1-INR104=INR289,37557.64705882355
AC000992,11050.0,1,0,0.029643721318314557,,-91.40299999999999,DO NOT TRACE,EV(trace)=INR-91 negative yield or active callable contact points available. EV(trace)=0.228x0.05xINR11050x0.1-INR104=INR-91,10722.436879432624
AC000993,161500.0,3,3,0.9745437518290897,PH002774,80.11000000000001,DO NOT TRACE,Viable contact exists P(RPC)=97.45%>=40.00%. EV(trace)=0.228x0.05xINR161500x0.1-INR104=INR80,4111.184079602013
AC000994,53650.0,3,2,0.9891764705882353,PH002777,-42.839,DO NOT TRACE,Viable contact exists P(RPC)=98.92%>=40.00%. EV(trace)=0.228x0.05xINR53650x0.1-INR104=INR-43,580.6823529411749
AC000995,274850.0,3,3,0.9891764705882353,PH002780,209.329,DO NOT TRACE,Viable contact exists P(RPC)=98.92%>=40.00%. EV(trace)=0.228x0.05xINR274850x0.1-INR104=INR209,2974.8470588235214
AC000996,190000.0,3,3,0.9424911297852473,PH002782,112.60000000000002,DO NOT TRACE,Viable contact exists P(RPC)=94.25%>=40.00%. EV(trace)=0.228x0.05xINR190000x0.1-INR104=INR113,10926.685340803015
AC000997,49000.0,1,1,0.8911372549019607,PH002784,-48.13999999999999,DO NOT TRACE,Viable contact exists P(RPC)=89.11%>=40.00%. EV(trace)=0.228x0.05xINR49000x0.1-INR104=INR-48,5334.274509803925
AC000998,487500.0,1,1,0.9424911297852473,PH002785,451.75,DO NOT TRACE,Viable contact exists P(RPC)=94.25%>=40.00%. EV(trace)=0.228x0.05xINR487500x0.1-INR104=INR452,28035.574229691945
AC000999,295000.0,4,4,0.8491204481792716,PH002786,232.3,DO NOT TRACE,Viable contact exists P(RPC)=84.91%>=40.00%. EV(trace)=0.228x0.05xINR295000x0.1-INR104=INR232,44509.46778711489
AC001000,102400.0,2,2,0.9745437518290897,PH002789,12.736000000000018,DO NOT TRACE,Viable contact exists P(RPC)=97.45%>=40.00%. EV(trace)=0.228x0.05xINR102400x0.1-INR104=INR13,2606.719812701215
AC001001,24800.0,2,1,0.9891764705882353,PH002791,-75.728,DO NOT TRACE,Viable contact exists P(RPC)=98.92%>=40.00%. EV(trace)=0.228x0.05xINR24800x0.1-INR104=INR-76,268.423529411764
AC001002,56400.0,2,1,0.9745437518290897,PH002793,-39.70399999999999,DO NOT TRACE,Viable contact exists P(RPC)=97.45%>=40.00%. EV(trace)=0.228x0.05xINR56400x0.1-INR104=INR-40,1435.732396839341
AC001003,128100.0,4,4,0.9891764705882353,PH002796,42.03400000000002,DO NOT TRACE,Viable contact exists P(RPC)=98.92%>=40.00%. EV(trace)=0.228x0.05xINR128100x0.1-INR104=INR42,1386.494117647055
AC001004,449750.0,2,1,0.9745437518290897,PH005928,408.71500000000003,DO NOT TRACE,Viable contact exists P(RPC)=97.45%>=40.00%. EV(trace)=0.228x0.05xINR449750x0.1-INR104=INR409,11448.947614866907
AC001005,429000.0,3,3,0.9745437518290897,PH002800,385.06000000000006,DO NOT TRACE,Viable contact exists P(RPC)=97.45%>=40.00%. EV(trace)=0.228x0.05xINR429000x0.1-INR104=INR385,10920.73046532052
AC001006,106800.0,3,1,0.9424911297852473,PH002802,17.75200000000001,DO NOT TRACE,Viable contact exists P(RPC)=94.25%>=40.00%. EV(trace)=0.228x0.05xINR106800x0.1-INR104=INR18,6141.947338935589
AC001007,74250.0,4,3,0.9745437518290897,PH002806,-19.35499999999999,DO NOT TRACE,Viable contact exists P(RPC)=97.45%>=40.00%. EV(trace)=0.228x0.05xINR74250x0.1-INR104=INR-19,1890.1264266900898
AC001008,166400.0,3,3,0.9424911297852473,PH002808,85.69600000000003,DO NOT TRACE,Viable contact exists P(RPC)=94.25%>=40.00%. EV(trace)=0.228x0.05xINR166400x0.1-INR104=INR86,9569.47600373485
AC001009,452800.0,1,1,0.9424911297852473,PH002810,412.192,DO NOT TRACE,Viable contact exists P(RPC)=94.25%>=40.00%. EV(trace)=0.228x0.05xINR452800x0.1-INR104=INR412,26040.016433240024
AC001010,34800.0,4,1,0.2888963585434174,PH002811,-64.328,DO NOT TRACE,EV(trace)=INR-64 negative yield or active callable contact points available. EV(trace)=0.228x0.05xINR34800x0.1-INR104=INR-64,24746.406722689073
AC001011,129600.0,1,1,0.9424911297852473,PH002815,43.744,DO NOT TRACE,Viable contact exists P(RPC)=94.25%>=40.00%. EV(trace)=0.228x0.05xINR129600x0.1-INR104=INR44,7453.14957983195
AC001012,211900.0,2,2,0.9745437518290897,PH002816,137.56600000000003,DO NOT TRACE,Viable contact exists P(RPC)=97.45%>=40.00%. EV(trace)=0.228x0.05xINR211900x0.1-INR104=INR138,5394.178987415893
AC001013,78000.0,2,2,0.10069607843137254,PH002818,-15.079999999999984,DO NOT TRACE,EV(trace)=INR-15 negative yield or active callable contact points available. EV(trace)=0.228x0.05xINR78000x0.1-INR104=INR-15,70145.70588235294
AC001014,58900.0,2,2,0.9891764705882353,PH002819,-36.854,DO NOT TRACE,Viable contact exists P(RPC)=98.92%>=40.00%. EV(trace)=0.228x0.05xINR58900x0.1-INR104=INR-37,637.5058823529395
AC001015,150000.0,3,3,0.9891764705882353,PH002821,67.0,DO NOT TRACE,Viable contact exists P(RPC)=98.92%>=40.00%. EV(trace)=0.228x0.05xINR150000x0.1-INR104=INR67,1623.5294117647015
AC001016,115200.0,2,2,0.9891764705882353,PH002824,27.328000000000003,DO NOT TRACE,Viable contact exists P(RPC)=98.92%>=40.00%. EV(trace)=0.228x0.05xINR115200x0.1-INR104=INR27,1246.8705882352906
AC001017,18000.0,2,1,0.9745437518290897,PH002826,-83.47999999999999,DO NOT TRACE,Viable contact exists P(RPC)=97.45%>=40.00%. EV(trace)=0.228x0.05xINR18000x0.1-INR104=INR-83,458.2124670763854
AC001018,117150.0,3,3,0.9891764705882353,PH002828,29.551000000000016,DO NOT TRACE,Viable contact exists P(RPC)=98.92%>=40.00%. EV(trace)=0.228x0.05xINR117150x0.1-INR104=INR30,1267.976470588232
AC001019,74700.0,3,2,0.9891764705882353,PH002830,-18.841999999999985,DO NOT TRACE,Viable contact exists P(RPC)=98.92%>=40.00%. EV(trace)=0.228x0.05xINR74700x0.1-INR104=INR-19,808.5176470588214
AC001020,417750.0,1,1,0.9745437518290897,PH002833,372.23500000000007,DO NOT TRACE,Viable contact exists P(RPC)=97.45%>=40.00%. EV(trace)=0.228x0.05xINR417750x0.1-INR104=INR372,10634.347673397779
AC001021,176850.0,2,2,0.9891764705882353,PH002834,97.60900000000004,DO NOT TRACE,Viable contact exists P(RPC)=98.92%>=40.00%. EV(trace)=0.228x0.05xINR176850x0.1-INR104=INR98,1914.141176470583
AC001022,89600.0,4,1,0.9891764705882353,PH002835,-1.8559999999999945,DO NOT TRACE,Viable contact exists P(RPC)=98.92%>=40.00%. EV(trace)=0.228x0.05xINR89600x0.1-INR104=INR-2,969.788235294115
AC001023,25200.0,2,1,0.2888963585434174,PH000070,-75.27199999999999,DO NOT TRACE,EV(trace)=INR-75 negative yield or active callable contact points available. EV(trace)=0.228x0.05xINR25200x0.1-INR104=INR-75,17919.81176470588
AC001024,94050.0,4,2,0.9745437518290897,PH002842,3.217000000000013,DO NOT TRACE,Viable contact exists P(RPC)=97.45%>=40.00%. EV(trace)=0.228x0.05xINR94050x0.1-INR104=INR3,2394.1601404741136
AC001025,182600.0,2,2,0.8257777777777777,PH002844,104.16399999999999,DO NOT TRACE,Viable contact exists P(RPC)=82.58%>=40.00%. EV(trace)=0.228x0.05xINR182600x0.1-INR104=INR104,31812.97777777779
AC001026,123900.0,3,3,0.9891764705882353,PH002845,37.24600000000001,DO NOT TRACE,Viable contact exists P(RPC)=98.92%>=40.00%. EV(trace)=0.228x0.05xINR123900x0.1-INR104=INR37,1341.0352941176434
AC001027,113100.0,4,2,0.9745437518290897,PH002848,24.934000000000026,DO NOT TRACE,Viable contact exists P(RPC)=97.45%>=40.00%. EV(trace)=0.228x0.05xINR113100x0.1-INR104=INR25,2879.101668129955
AC001028,307200.0,2,2,0.10069607843137254,PH002852,246.20800000000003,TRACE,All contacts have poor connection likelihood P(RPC)<15.00%. EV(trace)=0.228x0.05xINR307200x0.1-INR104=INR246. Trace justified.,276266.1647058824
AC001029,76500.0,3,3,0.2888963585434174,PH002855,-16.789999999999992,DO NOT TRACE,EV(trace)=INR-17 negative yield or active callable contact points available. EV(trace)=0.228x0.05xINR76500x0.1-INR104=INR-17,54399.428571428565
AC001030,104000.0,4,3,0.8911372549019607,PH005858,14.560000000000016,DO NOT TRACE,Viable contact exists P(RPC)=89.11%>=40.00%. EV(trace)=0.228x0.05xINR104000x0.1-INR104=INR15,11321.725490196086
AC001031,31500.0,2,2,0.9891764705882353,PH002858,-68.09,DO NOT TRACE,Viable contact exists P(RPC)=98.92%>=40.00%. EV(trace)=0.228x0.05xINR31500x0.1-INR104=INR-68,340.9411764705873
AC001032,226800.0,2,2,0.07136253650396328,PH002860,154.55200000000002,TRACE,All contacts have poor connection likelihood P(RPC)<15.00%. EV(trace)=0.228x0.05xINR226800x0.1-INR104=INR155. Trace justified.,210614.97672090112
AC001033,42500.0,3,2,0.8368926569202146,PH002861,-55.55,DO NOT TRACE,Viable contact exists P(RPC)=83.69%>=40.00%. EV(trace)=0.228x0.05xINR42500x0.1-INR104=INR-56,6932.062080890878
AC001034,35100.0,3,1,0.9745437518290897,PH002864,-63.986,DO NOT TRACE,Viable contact exists P(RPC)=97.45%>=40.00%. EV(trace)=0.228x0.05xINR35100x0.1-INR104=INR-64,893.5143107989516
AC001035,70300.0,3,2,0.9891764705882353,PH002869,-23.85799999999999,DO NOT TRACE,Viable contact exists P(RPC)=98.92%>=40.00%. EV(trace)=0.228x0.05xINR70300x0.1-INR104=INR-24,760.8941176470568
AC001036,961800.0,2,2,0.9745437518290897,PH002870,992.452,DO NOT TRACE,Viable contact exists P(RPC)=97.45%>=40.00%. EV(trace)=0.228x0.05xINR961800x0.1-INR104=INR992,24483.819490781527
AC001037,1284400.0,3,3,0.008784313725490198,PH002872,1360.2160000000001,TRACE,All contacts have poor connection likelihood P(RPC)<15.00%. EV(trace)=0.228x0.05xINR1284400x0.1-INR104=INR1360. Trace justified.,1273117.4274509805
AC001038,288200.0,1,1,0.9891764705882353,PH002875,224.548,DO NOT TRACE,Viable contact exists P(RPC)=98.92%>=40.00%. EV(trace)=0.228x0.05xINR288200x0.1-INR104=INR225,3119.3411764705797
AC001039,97200.0,3,3,0.9424911297852473,PH002876,6.807999999999993,DO NOT TRACE,Viable contact exists P(RPC)=94.25%>=40.00%. EV(trace)=0.228x0.05xINR97200x0.1-INR104=INR7,5589.862184873963
AC001040,365700.0,3,3,0.9745437518290897,PH002879,312.8980000000001,DO NOT TRACE,Viable contact exists P(RPC)=97.45%>=40.00%. EV(trace)=0.228x0.05xINR365700x0.1-INR104=INR313,9309.349956101896
AC001041,443100.0,2,2,0.9745437518290897,PH002882,401.134,DO NOT TRACE,Viable contact exists P(RPC)=97.45%>=40.00%. EV(trace)=0.228x0.05xINR443100x0.1-INR104=INR401,11279.663564530354
AC001042,25300.0,2,0,0.008784313725490198,,-75.158,DO NOT TRACE,EV(trace)=INR-75 negative yield or active callable contact points available. EV(trace)=0.228x0.05xINR25300x0.1-INR104=INR-75,25077.7568627451
AC001043,129000.0,2,2,0.9745437518290897,PH002886,43.06000000000003,DO NOT TRACE,Viable contact exists P(RPC)=97.45%>=40.00%. EV(trace)=0.228x0.05xINR129000x0.1-INR104=INR43,3283.8560140474287
AC001044,179550.0,3,3,0.9745437518290897,PH002889,100.68700000000001,DO NOT TRACE,Viable contact exists P(RPC)=97.45%>=40.00%. EV(trace)=0.228x0.05xINR179550x0.1-INR104=INR101,4570.6693590869445
AC001045,339300.0,3,3,0.9891764705882353,PH002890,282.802,DO NOT TRACE,Viable contact exists P(RPC)=98.92%>=40.00%. EV(trace)=0.228x0.05xINR339300x0.1-INR104=INR283,3672.4235294117548
AC001046,119700.0,2,2,0.9745437518290897,PH002891,32.45800000000003,DO NOT TRACE,Viable contact exists P(RPC)=97.45%>=40.00%. EV(trace)=0.228x0.05xINR119700x0.1-INR104=INR32,3047.112906057963
AC001047,294000.0,3,3,0.9745437518290897,PH002894,231.16000000000003,DO NOT TRACE,Viable contact exists P(RPC)=97.45%>=40.00%. EV(trace)=0.228x0.05xINR294000x0.1-INR104=INR231,7484.136962247629
AC001048,438400.0,3,3,0.8911372549019607,PH002897,395.77600000000007,DO NOT TRACE,Viable contact exists P(RPC)=89.11%>=40.00%. EV(trace)=0.228x0.05xINR438400x0.1-INR104=INR396,47725.42745098042
AC001049,201450.0,1,1,0.9424911297852473,PH002899,125.65300000000002,DO NOT TRACE,Viable contact exists P(RPC)=94.25%>=40.00%. EV(trace)=0.228x0.05xINR201450x0.1-INR104=INR126,11585.161904761933
AC001050,66000.0,2,2,0.8911372549019607,PH002900,-28.760000000000005,DO NOT TRACE,Viable contact exists P(RPC)=89.11%>=40.00%. EV(trace)=0.228x0.05xINR66000x0.1-INR104=INR-29,7184.941176470593
AC001051,81000.0,3,2,0.9891764705882353,PH002902,-11.659999999999997,DO NOT TRACE,Viable contact exists P(RPC)=98.92%>=40.00%. EV(trace)=0.228x0.05xINR81000x0.1-INR104=INR-12,876.7058823529388
AC001052,97150.0,1,1,0.9745437518290897,PH002905,6.751000000000005,DO NOT TRACE,Viable contact exists P(RPC)=97.45%>=40.00%. EV(trace)=0.228x0.05xINR97150x0.1-INR104=INR7,2473.0745098039356
AC001053,70000.0,3,1,0.9891764705882353,PH002906,-24.19999999999999,DO NOT TRACE,Viable contact exists P(RPC)=98.92%>=40.00%. EV(trace)=0.228x0.05xINR70000x0.1-INR104=INR-24,757.6470588235273
AC001054,35700.0,3,1,0.9891764705882353,PH002909,-63.30199999999999,DO NOT TRACE,Viable contact exists P(RPC)=98.92%>=40.00%. EV(trace)=0.228x0.05xINR35700x0.1-INR104=INR-63,386.39999999999895
AC001055,148800.0,3,3,0.9745437518290897,PH005890,65.63200000000003,DO NOT TRACE,Viable contact exists P(RPC)=97.45%>=40.00%. EV(trace)=0.228x0.05xINR148800x0.1-INR104=INR66,3787.8897278314525
AC001056,118950.0,1,1,0.9745437518290897,PH000162,31.60300000000001,DO NOT TRACE,Viable contact exists P(RPC)=97.45%>=40.00%. EV(trace)=0.228x0.05xINR118950x0.1-INR104=INR32,3028.02071992978
AC001057,170250.0,2,2,0.9891764705882353,PH002914,90.08500000000004,DO NOT TRACE,Viable contact exists P(RPC)=98.92%>=40.00%. EV(trace)=0.228x0.05xINR170250x0.1-INR104=INR90,1842.7058823529362
AC001058,102600.0,2,2,0.9745437518290897,PH002916,12.964000000000013,DO NOT TRACE,Viable contact exists P(RPC)=97.45%>=40.00%. EV(trace)=0.228x0.05xINR102600x0.1-INR104=INR13,2611.811062335397
AC001059,37800.0,3,2,0.9891764705882353,PH002918,-60.907999999999994,DO NOT TRACE,Viable contact exists P(RPC)=98.92%>=40.00%. EV(trace)=0.228x0.05xINR37800x0.1-INR104=INR-61,409.12941176470474
AC001060,432600.0,2,2,0.9424911297852473,PH002920,389.16400000000004,DO NOT TRACE,Viable contact exists P(RPC)=94.25%>=40.00%. EV(trace)=0.228x0.05xINR432600x0.1-INR104=INR389,24878.33725490202
AC001061,259350.0,2,2,0.9891764705882353,PH002922,191.65900000000005,DO NOT TRACE,Viable contact exists P(RPC)=98.92%>=40.00%. EV(trace)=0.228x0.05xINR259350x0.1-INR104=INR192,2807.0823529411687
AC001062,55350.0,3,3,0.9745437518290897,PH002925,-40.900999999999996,DO NOT TRACE,Viable contact exists P(RPC)=97.45%>=40.00%. EV(trace)=0.228x0.05xINR55350x0.1-INR104=INR-41,1409.0033362598851
AC001063,31500.0,3,1,0.9891764705882353,PH002928,-68.09,DO NOT TRACE,Viable contact exists P(RPC)=98.92%>=40.00%. EV(trace)=0.228x0.05xINR31500x0.1-INR104=INR-68,340.9411764705873
AC001064,44000.0,2,1,0.9745437518290897,PH002930,-53.839999999999996,DO NOT TRACE,Viable contact exists P(RPC)=97.45%>=40.00%. EV(trace)=0.228x0.05xINR44000x0.1-INR104=INR-54,1120.0749195200533
AC001065,139400.0,3,3,0.9745437518290897,PH002933,54.916000000000025,DO NOT TRACE,Viable contact exists P(RPC)=97.45%>=40.00%. EV(trace)=0.228x0.05xINR139400x0.1-INR104=INR55,3548.600995024896
AC001066,75000.0,2,2,0.9891764705882353,PH002935,-18.5,DO NOT TRACE,Viable contact exists P(RPC)=98.92%>=40.00%. EV(trace)=0.228x0.05xINR75000x0.1-INR104=INR-18,811.7647058823508
AC001067,40050.0,4,4,0.9891764705882353,PH002938,-58.342999999999996,DO NOT TRACE,Viable contact exists P(RPC)=98.92%>=40.00%. EV(trace)=0.228x0.05xINR40050x0.1-INR104=INR-58,433.4823529411753
AC001068,351000.0,4,2,0.8257777777777777,PH002941,296.14000000000004,DO NOT TRACE,Viable contact exists P(RPC)=82.58%>=40.00%. EV(trace)=0.228x0.05xINR351000x0.1-INR104=INR296,61152.00000000002
AC001069,30000.0,1,1,0.9891764705882353,PH002945,-69.8,DO NOT TRACE,Viable contact exists P(RPC)=98.92%>=40.00%. EV(trace)=0.228x0.05xINR30000x0.1-INR104=INR-70,324.7058823529403
AC001070,142350.0,3,3,0.9745437518290897,PH002946,58.278999999999996,DO NOT TRACE,Viable contact exists P(RPC)=97.45%>=40.00%. EV(trace)=0.228x0.05xINR142350x0.1-INR104=INR58,3623.6969271290814
AC001071,47600.0,2,2,0.9891764705882353,PH002950,-49.736,DO NOT TRACE,Viable contact exists P(RPC)=98.92%>=40.00%. EV(trace)=0.228x0.05xINR47600x0.1-INR104=INR-50,515.1999999999986
AC001072,92400.0,2,2,0.9891764705882353,PH002951,1.3360000000000127,DO NOT TRACE,Viable contact exists P(RPC)=98.92%>=40.00%. EV(trace)=0.228x0.05xINR92400x0.1-INR104=INR1,1000.0941176470561
AC001073,20800.0,3,2,0.10069607843137254,PH000283,-80.288,DO NOT TRACE,EV(trace)=INR-80 negative yield or active callable contact points available. EV(trace)=0.228x0.05xINR20800x0.1-INR104=INR-80,18705.521568627453
AC001074,268550.0,4,3,0.8257777777777777,PH002955,202.14700000000005,DO NOT TRACE,Viable contact exists P(RPC)=82.58%>=40.00%. EV(trace)=0.228x0.05xINR268550x0.1-INR104=INR202,46787.377777777794
AC001075,156200.0,3,3,0.9745437518290897,PH002958,74.06800000000001,DO NOT TRACE,Viable contact exists P(RPC)=97.45%>=40.00%. EV(trace)=0.228x0.05xINR156200x0.1-INR104=INR74,3976.265964296189
AC001076,47250.0,3,3,0.9424911297852473,PH002963,-50.135,DO NOT TRACE,Viable contact exists P(RPC)=94.25%>=40.00%. EV(trace)=0.228x0.05xINR47250x0.1-INR104=INR-50,2717.2941176470654
AC001077,276800.0,1,1,0.9891764705882353,PH002964,211.55200000000002,DO NOT TRACE,Viable contact exists P(RPC)=98.92%>=40.00%. EV(trace)=0.228x0.05xINR276800x0.1-INR104=INR212,2995.9529411764624
AC001078,204000.0,2,2,0.9563482892842639,PH005818,128.56,DO NOT TRACE,Viable contact exists P(RPC)=95.63%>=40.00%. EV(trace)=0.228x0.05xINR204000x0.1-INR104=INR129,8904.948986010175
AC001079,94050.0,3,1,0.9891764705882353,PH002967,3.217000000000013,DO NOT TRACE,Viable contact exists P(RPC)=98.92%>=40.00%. EV(trace)=0.228x0.05xINR94050x0.1-INR104=INR3,1017.9529411764678
AC001080,52000.0,2,2,0.9424911297852473,PH002969,-44.71999999999999,DO NOT TRACE,Viable contact exists P(RPC)=94.25%>=40.00%. EV(trace)=0.228x0.05xINR52000x0.1-INR104=INR-45,2990.4612511671407
AC001081,193550.0,3,3,0.9745437518290897,PH002971,116.64700000000005,DO NOT TRACE,Viable contact exists P(RPC)=97.45%>=40.00%. EV(trace)=0.228x0.05xINR193550x0.1-INR104=INR117,4927.056833479689
AC001082,90200.0,1,1,0.9745437518290897,PH002974,-1.171999999999997,DO NOT TRACE,Viable contact exists P(RPC)=97.45%>=40.00%. EV(trace)=0.228x0.05xINR90200x0.1-INR104=INR-1,2296.153585016109
AC001083,209250.0,1,1,0.9424911297852473,PH002975,134.54500000000004,DO NOT TRACE,Viable contact exists P(RPC)=94.25%>=40.00%. EV(trace)=0.228x0.05xINR209250x0.1-INR104=INR135,12033.731092437003
AC001084,27600.0,2,2,0.10069607843137254,PH002976,-72.536,DO NOT TRACE,EV(trace)=INR-73 negative yield or active callable contact points available. EV(trace)=0.228x0.05xINR27600x0.1-INR104=INR-73,24820.78823529412
AC001085,60000.0,4,4,0.9424911297852473,PH002980,-35.599999999999994,DO NOT TRACE,Viable contact exists P(RPC)=94.25%>=40.00%. EV(trace)=0.228x0.05xINR60000x0.1-INR104=INR-36,3450.532212885162
AC001086,159900.0,1,1,0.008784313725490198,PH002981,78.28600000000003,TRACE,All contacts have poor connection likelihood P(RPC)<15.00%. EV(trace)=0.228x0.05xINR159900x0.1-INR104=INR78. Trace justified.,158495.38823529411
AC001087,458800.0,4,4,0.9424911297852473,PH002983,419.03200000000004,DO NOT TRACE,Viable contact exists P(RPC)=94.25%>=40.00%. EV(trace)=0.228x0.05xINR458800x0.1-INR104=INR419,26385.069654528543
AC001088,81250.0,1,1,0.9424911297852473,PH002985,-11.375,DO NOT TRACE,Viable contact exists P(RPC)=94.25%>=40.00%. EV(trace)=0.228x0.05xINR81250x0.1-INR104=INR-11,4672.595704948657
AC001089,170100.0,4,4,0.9424911297852473,PH002987,89.91400000000002,DO NOT TRACE,Viable contact exists P(RPC)=94.25%>=40.00%. EV(trace)=0.228x0.05xINR170100x0.1-INR104=INR90,9782.258823529435
AC001090,201500.0,2,2,0.9745437518290897,PH002989,125.71000000000001,DO NOT TRACE,Viable contact exists P(RPC)=97.45%>=40.00%. EV(trace)=0.228x0.05xINR201500x0.1-INR104=INR126,5129.434006438426
AC001091,116550.0,2,2,0.029643721318314557,PH002991,28.86700000000002,TRACE,All contacts have poor connection likelihood P(RPC)<15.00%. EV(trace)=0.228x0.05xINR116550x0.1-INR104=INR29. Trace justified.,113095.02428035044
AC001092,36800.0,1,1,0.9891764705882353,PH002993,-62.047999999999995,DO NOT TRACE,Viable contact exists P(RPC)=98.92%>=40.00%. EV(trace)=0.228x0.05xINR36800x0.1-INR104=INR-62,398.3058823529401
AC001093,141900.0,3,3,0.2888963585434174,PH002996,57.76600000000002,DO NOT TRACE,EV(trace)=INR58 negative yield or active callable contact points available. EV(trace)=0.228x0.05xINR141900x0.1-INR104=INR58,100905.60672268906
AC001094,125550.0,2,2,0.9891764705882353,PH002997,39.12700000000001,DO NOT TRACE,Viable contact exists P(RPC)=98.92%>=40.00%. EV(trace)=0.228x0.05xINR125550x0.1-INR104=INR39,1358.894117647055
AC001095,546000.0,2,2,0.9745437518290897,PH002999,518.44,DO NOT TRACE,Viable contact exists P(RPC)=97.45%>=40.00%. EV(trace)=0.228x0.05xINR546000x0.1-INR104=INR518,13899.111501317024
AC001096,579600.0,2,2,0.9745437518290897,PH003001,556.7440000000001,DO NOT TRACE,Viable contact exists P(RPC)=97.45%>=40.00%. EV(trace)=0.228x0.05xINR579600x0.1-INR104=INR557,14754.44143985961
AC001097,21150.0,2,2,0.9891764705882353,PH003003,-79.889,DO NOT TRACE,Viable contact exists P(RPC)=98.92%>=40.00%. EV(trace)=0.228x0.05xINR21150x0.1-INR104=INR-80,228.9176470588229
AC001098,55200.0,3,1,0.9891764705882353,PH003005,-41.072,DO NOT TRACE,Viable contact exists P(RPC)=98.92%>=40.00%. EV(trace)=0.228x0.05xINR55200x0.1-INR104=INR-41,597.4588235294101
AC001099,657900.0,2,2,0.9745437518290897,PH003008,646.0060000000001,DO NOT TRACE,Viable contact exists P(RPC)=97.45%>=40.00%. EV(trace)=0.228x0.05xINR657900x0.1-INR104=INR646,16747.665671641887
AC001100,286000.0,3,3,0.9745437518290897,PH003011,222.04000000000002,DO NOT TRACE,Viable contact exists P(RPC)=97.45%>=40.00%. EV(trace)=0.228x0.05xINR286000x0.1-INR104=INR222,7280.4869768803455
AC001101,118500.0,3,3,0.9745437518290897,PH003013,31.090000000000003,DO NOT TRACE,Viable contact exists P(RPC)=97.45%>=40.00%. EV(trace)=0.228x0.05xINR118500x0.1-INR104=INR31,3016.565408252871
AC001102,387750.0,2,2,0.9424911297852473,PH005882,338.0350000000001,DO NOT TRACE,Viable contact exists P(RPC)=94.25%>=40.00%. EV(trace)=0.228x0.05xINR387750x0.1-INR104=INR338,22299.06442577036
AC001103,506000.0,1,1,0.9745437518290897,PH003016,472.84000000000003,DO NOT TRACE,Viable contact exists P(RPC)=97.45%>=40.00%. EV(trace)=0.228x0.05xINR506000x0.1-INR104=INR473,12880.861574480612
AC001104,270000.0,2,2,0.9424911297852473,PH003017,203.8,DO NOT TRACE,Viable contact exists P(RPC)=94.25%>=40.00%. EV(trace)=0.228x0.05xINR270000x0.1-INR104=INR204,15527.39495798323
AC001105,29600.0,2,2,0.9891764705882353,PH003020,-70.256,DO NOT TRACE,Viable contact exists P(RPC)=98.92%>=40.00%. EV(trace)=0.228x0.05xINR29600x0.1-INR104=INR-70,320.37647058823444
AC001106,272600.0,3,2,0.8491204481792716,PH003023,206.76400000000007,DO NOT TRACE,Viable contact exists P(RPC)=84.91%>=40.00%. EV(trace)=0.228x0.05xINR272600x0.1-INR104=INR207,41129.76582633057
AC001107,48300.0,1,1,0.9891764705882353,PH003024,-48.937999999999995,DO NOT TRACE,Viable contact exists P(RPC)=98.92%>=40.00%. EV(trace)=0.228x0.05xINR48300x0.1-INR104=INR-49,522.7764705882339
AC001108,140300.0,2,2,0.9745437518290897,PH003025,55.94200000000001,DO NOT TRACE,Viable contact exists P(RPC)=97.45%>=40.00%. EV(trace)=0.228x0.05xINR140300x0.1-INR104=INR56,3571.511618378715
AC001109,169200.0,2,2,0.9424911297852473,PH000137,88.88800000000003,DO NOT TRACE,Viable contact exists P(RPC)=94.25%>=40.00%. EV(trace)=0.228x0.05xINR169200x0.1-INR104=INR89,9730.500840336157
AC001110,1497600.0,1,1,0.9891764705882353,PH003028,1603.2640000000001,DO NOT TRACE,Viable contact exists P(RPC)=98.92%>=40.00%. EV(trace)=0.228x0.05xINR1497600x0.1-INR104=INR1603,16209.317647058779
AC001111,668800.0,3,3,0.9891764705882353,PH003029,658.4320000000001,DO NOT TRACE,Viable contact exists P(RPC)=98.92%>=40.00%. EV(trace)=0.228x0.05xINR668800x0.1-INR104=INR658,7238.7764705882155
AC001112,217100.0,3,3,0.9745437518290897,PH003032,143.49400000000003,DO NOT TRACE,Viable contact exists P(RPC)=97.45%>=40.00%. EV(trace)=0.228x0.05xINR217100x0.1-INR104=INR143,5526.551477904626
AC001113,333000.0,3,3,0.9424911297852473,PH003035,275.62000000000006,DO NOT TRACE,Viable contact exists P(RPC)=94.25%>=40.00%. EV(trace)=0.228x0.05xINR333000x0.1-INR104=INR276,19150.45378151265
AC001114,406800.0,2,2,0.2888963585434174,PH003037,359.75200000000007,DO NOT TRACE,EV(trace)=INR360 negative yield or active callable contact points available. EV(trace)=0.228x0.05xINR406800x0.1-INR104=INR360,289276.9613445378
AC001115,165100.0,3,3,0.9891764705882353,PH003040,84.21400000000003,DO NOT TRACE,Viable contact exists P(RPC)=98.92%>=40.00%. EV(trace)=0.228x0.05xINR165100x0.1-INR104=INR84,1786.964705882348
AC001116,83200.0,2,2,0.9745437518290897,PH003043,-9.151999999999987,DO NOT TRACE,Viable contact exists P(RPC)=97.45%>=40.00%. EV(trace)=0.228x0.05xINR83200x0.1-INR104=INR-9,2117.959847819737
AC001117,125400.0,2,2,0.9745437518290897,PH003044,38.95599999999999,DO NOT TRACE,Viable contact exists P(RPC)=97.45%>=40.00%. EV(trace)=0.228x0.05xINR125400x0.1-INR104=INR39,3192.213520632152
AC001118,1228500.0,2,2,0.8257777777777777,PH003046,1296.49,DO NOT TRACE,Viable contact exists P(RPC)=82.58%>=40.00%. EV(trace)=0.228x0.05xINR1228500x0.1-INR104=INR1296,214032.00000000006
AC001119,195800.0,2,2,0.9745437518290897,PH003049,119.21199999999999,DO NOT TRACE,Viable contact exists P(RPC)=97.45%>=40.00%. EV(trace)=0.228x0.05xINR195800x0.1-INR104=INR119,4984.333391864237
AC001120,63700.0,4,4,0.7440784313725489,PH003050,-31.38199999999999,DO NOT TRACE,Viable contact exists P(RPC)=74.41%>=40.00%. EV(trace)=0.228x0.05xINR63700x0.1-INR104=INR-31,16302.203921568635
AC001121,72200.0,2,1,0.9891764705882353,PH003053,-21.691999999999993,DO NOT TRACE,Viable contact exists P(RPC)=98.92%>=40.00%. EV(trace)=0.228x0.05xINR72200x0.1-INR104=INR-22,781.4588235294096
AC001122,68850.0,1,0,0.008784313725490198,,-25.510999999999996,DO NOT TRACE,EV(trace)=INR-26 negative yield or active callable contact points available. EV(trace)=0.228x0.05xINR68850x0.1-INR104=INR-26,68245.2
AC001123,584800.0,3,3,0.9745437518290897,PH003056,562.672,DO NOT TRACE,Viable contact exists P(RPC)=97.45%>=40.00%. EV(trace)=0.228x0.05xINR584800x0.1-INR104=INR563,14886.813930348344
AC001124,86400.0,2,1,0.9745437518290897,PH003059,-5.503999999999991,DO NOT TRACE,Viable contact exists P(RPC)=97.45%>=40.00%. EV(trace)=0.228x0.05xINR86400x0.1-INR104=INR-6,2199.41984196665
AC001125,197500.0,2,2,0.9891764705882353,PH003061,121.15,DO NOT TRACE,Viable contact exists P(RPC)=98.92%>=40.00%. EV(trace)=0.228x0.05xINR197500x0.1-INR104=INR121,2137.6470588235234
AC001126,33600.0,4,1,0.9745437518290897,PH003064,-65.696,DO NOT TRACE,Viable contact exists P(RPC)=97.45%>=40.00%. EV(trace)=0.228x0.05xINR33600x0.1-INR104=INR-66,855.3299385425861
AC001127,29900.0,2,1,0.9745437518290897,PH003066,-69.91399999999999,DO NOT TRACE,Viable contact exists P(RPC)=97.45%>=40.00%. EV(trace)=0.228x0.05xINR29900x0.1-INR104=INR-70,761.141820310218
AC001128,84000.0,2,1,0.9424911297852473,PH003068,-8.239999999999995,DO NOT TRACE,Viable contact exists P(RPC)=94.25%>=40.00%. EV(trace)=0.228x0.05xINR84000x0.1-INR104=INR-8,4830.745098039227
AC001129,129200.0,3,3,0.9891764705882353,PH003070,43.28800000000001,DO NOT TRACE,Viable contact exists P(RPC)=98.92%>=40.00%. EV(trace)=0.228x0.05xINR129200x0.1-INR104=INR43,1398.3999999999962
AC001130,201400.0,1,1,0.9745437518290897,PH003072,125.596,DO NOT TRACE,Viable contact exists P(RPC)=97.45%>=40.00%. EV(trace)=0.228x0.05xINR201400x0.1-INR104=INR126,5126.888381621335
AC001131,232900.0,3,3,0.8491204481792716,PH003073,161.50600000000003,DO NOT TRACE,Viable contact exists P(RPC)=84.91%>=40.00%. EV(trace)=0.228x0.05xINR232900x0.1-INR104=INR162,35139.84761904765
AC001132,102600.0,3,2,0.9891764705882353,PH003076,12.964000000000013,DO NOT TRACE,Viable contact exists P(RPC)=98.92%>=40.00%. EV(trace)=0.228x0.05xINR102600x0.1-INR104=INR13,1110.4941176470559
AC001133,80100.0,1,1,0.9424911297852473,PH003078,-12.685999999999993,DO NOT TRACE,Viable contact exists P(RPC)=94.25%>=40.00%. EV(trace)=0.228x0.05xINR80100x0.1-INR104=INR-13,4606.460504201692
AC001134,159850.0,2,2,0.10069607843137254,PH000494,78.22900000000001,TRACE,All contacts have poor connection likelihood P(RPC)<15.00%. EV(trace)=0.228x0.05xINR159850x0.1-INR104=INR78. Trace justified.,143753.7318627451
AC001135,15500.0,2,1,0.9745437518290897,PH003080,-86.33,DO NOT TRACE,Viable contact exists P(RPC)=97.45%>=40.00%. EV(trace)=0.228x0.05xINR15500x0.1-INR104=INR-86,394.57184664910966
AC001136,344000.0,3,3,0.9745437518290897,PH003083,288.1600000000001,DO NOT TRACE,Viable contact exists P(RPC)=97.45%>=40.00%. EV(trace)=0.228x0.05xINR344000x0.1-INR104=INR288,8756.949370793143
AC001137,262400.0,2,2,0.9424911297852473,PH003084,195.13600000000002,DO NOT TRACE,Viable contact exists P(RPC)=94.25%>=40.00%. EV(trace)=0.228x0.05xINR262400x0.1-INR104=INR195,15090.32754435111
AC001138,550000.0,3,3,0.9745437518290897,PH003086,523.0,DO NOT TRACE,Viable contact exists P(RPC)=97.45%>=40.00%. EV(trace)=0.228x0.05xINR550000x0.1-INR104=INR523,14000.936494000665
AC001139,785450.0,3,3,0.2888963585434174,PH003089,791.4130000000001,DO NOT TRACE,EV(trace)=INR791 negative yield or active callable contact points available. EV(trace)=0.228x0.05xINR785450x0.1-INR104=INR791,558536.3551820727
AC001140,124550.0,3,3,0.9745437518290897,PH003090,37.98700000000002,DO NOT TRACE,Viable contact exists P(RPC)=97.45%>=40.00%. EV(trace)=0.228x0.05xINR124550x0.1-INR104=INR38,3170.575709686878
AC001141,175500.0,5,5,0.9891764705882353,PH005946,96.07000000000002,DO NOT TRACE,Viable contact exists P(RPC)=98.92%>=40.00%. EV(trace)=0.228x0.05xINR175500x0.1-INR104=INR96,1899.5294117647006
AC001142,47300.0,3,2,0.9745437518290897,PH003096,-50.077999999999996,DO NOT TRACE,Viable contact exists P(RPC)=97.45%>=40.00%. EV(trace)=0.228x0.05xINR47300x0.1-INR104=INR-50,1204.0805384840571
AC001143,1607700.0,3,3,0.9891764705882353,PH003099,1728.7780000000002,DO NOT TRACE,Viable contact exists P(RPC)=98.92%>=40.00%. EV(trace)=0.228x0.05xINR1607700x0.1-INR104=INR1729,17400.98823529407
AC001144,386400.0,4,4,0.9745437518290897,PH003102,336.49600000000004,DO NOT TRACE,Viable contact exists P(RPC)=97.45%>=40.00%. EV(trace)=0.228x0.05xINR386400x0.1-INR104=INR336,9836.29429323974
AC001145,50050.0,3,1,0.029209150326797384,PH003107,-46.94299999999999,DO NOT TRACE,EV(trace)=INR-47 negative yield or active callable contact points available. EV(trace)=0.228x0.05xINR50050x0.1-INR104=INR-47,48588.08202614379
AC001146,105400.0,2,2,0.9745437518290897,PH003108,16.156000000000006,DO NOT TRACE,Viable contact exists P(RPC)=97.45%>=40.00%. EV(trace)=0.228x0.05xINR105400x0.1-INR104=INR16,2683.0885572139455
AC001147,395000.0,2,2,0.9745437518290897,PH005918,346.3,DO NOT TRACE,Viable contact exists P(RPC)=97.45%>=40.00%. EV(trace)=0.228x0.05xINR395000x0.1-INR104=INR346,10055.218027509569
AC001148,63450.0,2,2,0.9745437518290897,PH003111,-31.666999999999987,DO NOT TRACE,Viable contact exists P(RPC)=97.45%>=40.00%. EV(trace)=0.228x0.05xINR63450x0.1-INR104=INR-32,1615.1989464442586
AC001149,64800.0,4,3,0.10069607843137254,PH003115,-30.128,DO NOT TRACE,EV(trace)=INR-30 negative yield or active callable contact points available. EV(trace)=0.228x0.05xINR64800x0.1-INR104=INR-30,58274.89411764706
AC001150,718150.0,1,1,0.008784313725490198,PH003116,714.691,TRACE,All contacts have poor connection likelihood P(RPC)<15.00%. EV(trace)=0.228x0.05xINR718150x0.1-INR104=INR715. Trace justified.,711841.5450980392
AC001151,56550.0,3,1,0.9891764705882353,PH003118,-39.53299999999999,DO NOT TRACE,Viable contact exists P(RPC)=98.92%>=40.00%. EV(trace)=0.228x0.05xINR56550x0.1-INR104=INR-40,612.0705882352925
AC001152,116900.0,3,2,0.9745437518290897,PH003120,29.26600000000002,DO NOT TRACE,Viable contact exists P(RPC)=97.45%>=40.00%. EV(trace)=0.228x0.05xINR116900x0.1-INR104=INR29,2975.835411179414
AC001153,141900.0,1,1,0.9891764705882353,PH003123,57.76600000000002,DO NOT TRACE,Viable contact exists P(RPC)=98.92%>=40.00%. EV(trace)=0.228x0.05xINR141900x0.1-INR104=INR58,1535.8588235294076
AC001154,32550.0,3,1,0.9424911297852473,PH003124,-66.893,DO NOT TRACE,Viable contact exists P(RPC)=94.25%>=40.00%. EV(trace)=0.228x0.05xINR32550x0.1-INR104=INR-67,1871.9137254902005
AC001155,116600.0,2,1,0.9891764705882353,PH003127,28.924000000000007,DO NOT TRACE,Viable contact exists P(RPC)=98.92%>=40.00%. EV(trace)=0.228x0.05xINR116600x0.1-INR104=INR29,1262.0235294117613
AC001156,83650.0,1,1,0.8911372549019607,PH003128,-8.638999999999996,DO NOT TRACE,Viable contact exists P(RPC)=89.11%>=40.00%. EV(trace)=0.228x0.05xINR83650x0.1-INR104=INR-9,9106.368627450986
AC001157,70350.0,1,1,0.8911372549019607,PH003129,-23.800999999999988,DO NOT TRACE,Viable contact exists P(RPC)=89.11%>=40.00%. EV(trace)=0.228x0.05xINR70350x0.1-INR104=INR-24,7658.494117647064
AC001158,54400.0,3,2,0.9745437518290897,PH003130,-41.984,DO NOT TRACE,Viable contact exists P(RPC)=97.45%>=40.00%. EV(trace)=0.228x0.05xINR54400x0.1-INR104=INR-42,1384.8199004975204
AC001159,171450.0,4,4,0.8911372549019607,PH003133,91.453,DO NOT TRACE,Viable contact exists P(RPC)=89.11%>=40.00%. EV(trace)=0.228x0.05xINR171450x0.1-INR104=INR91,18664.517647058834
AC001160,277500.0,4,4,0.9891764705882353,PH003137,212.35000000000002,DO NOT TRACE,Viable contact exists P(RPC)=98.92%>=40.00%. EV(trace)=0.228x0.05xINR277500x0.1-INR104=INR212,3003.5294117646977
AC001161,201000.0,4,4,0.7440784313725489,PH003142,125.14000000000001,DO NOT TRACE,Viable contact exists P(RPC)=74.41%>=40.00%. EV(trace)=0.228x0.05xINR201000x0.1-INR104=INR125,51440.235294117665
AC001162,29700.0,2,0,0.029643721318314557,,-70.142,DO NOT TRACE,EV(trace)=INR-70 negative yield or active callable contact points available. EV(trace)=0.228x0.05xINR29700x0.1-INR104=INR-70,28819.581476846055
AC001163,66150.0,1,1,0.9891764705882353,PH003145,-28.589,DO NOT TRACE,Viable contact exists P(RPC)=98.92%>=40.00%. EV(trace)=0.228x0.05xINR66150x0.1-INR104=INR-29,715.9764705882334
AC001164,1493400.0,2,2,0.9745437518290897,PH003146,1598.4760000000003,DO NOT TRACE,Viable contact exists P(RPC)=97.45%>=40.00%. EV(trace)=0.228x0.05xINR1493400x0.1-INR104=INR1598,38016.36101843744
AC001165,28600.0,2,0,0.008784313725490198,,-71.39599999999999,DO NOT TRACE,EV(trace)=INR-71 negative yield or active callable contact points available. EV(trace)=0.228x0.05xINR28600x0.1-INR104=INR-71,28348.768627450983
AC001166,30750.0,3,2,0.9745437518290897,PH003150,-68.945,DO NOT TRACE,Viable contact exists P(RPC)=97.45%>=40.00%. EV(trace)=0.228x0.05xINR30750x0.1-INR104=INR-69,782.7796312554917
AC001167,874500.0,1,1,0.9424911297852473,PH003152,892.9300000000002,DO NOT TRACE,Viable contact exists P(RPC)=94.25%>=40.00%. EV(trace)=0.228x0.05xINR874500x0.1-INR104=INR893,50291.50700280124
AC001168,298800.0,2,2,0.9745437518290897,PH003153,236.63200000000006,DO NOT TRACE,Viable contact exists P(RPC)=97.45%>=40.00%. EV(trace)=0.228x0.05xINR298800x0.1-INR104=INR237,7606.326953467998
AC001169,89600.0,3,3,0.9745437518290897,PH003155,-1.8559999999999945,DO NOT TRACE,Viable contact exists P(RPC)=97.45%>=40.00%. EV(trace)=0.228x0.05xINR89600x0.1-INR104=INR-2,2280.8798361135628
AC001170,117900.0,3,3,0.9891764705882353,PH003158,30.406000000000006,DO NOT TRACE,Viable contact exists P(RPC)=98.92%>=40.00%. EV(trace)=0.228x0.05xINR117900x0.1-INR104=INR30,1276.0941176470553
AC001171,178500.0,1,1,0.029643721318314557,PH003161,99.49000000000001,TRACE,All contacts have poor connection likelihood P(RPC)<15.00%. EV(trace)=0.228x0.05xINR178500x0.1-INR104=INR99. Trace justified.,173208.59574468085
AC001172,64350.0,1,1,0.9891764705882353,PH003162,-30.64099999999999,DO NOT TRACE,Viable contact exists P(RPC)=98.92%>=40.00%. EV(trace)=0.228x0.05xINR64350x0.1-INR104=INR-31,696.4941176470569
AC001173,21600.0,2,1,0.9745437518290897,PH003164,-79.376,DO NOT TRACE,Viable contact exists P(RPC)=97.45%>=40.00%. EV(trace)=0.228x0.05xINR21600x0.1-INR104=INR-79,549.8549604916625
AC001174,63800.0,2,2,0.9891764705882353,PH003165,-31.267999999999986,DO NOT TRACE,Viable contact exists P(RPC)=98.92%>=40.00%. EV(trace)=0.228x0.05xINR63800x0.1-INR104=INR-31,690.5411764705864
AC001175,162400.0,4,4,0.9891764705882353,PH003167,81.13600000000002,DO NOT TRACE,Viable contact exists P(RPC)=98.92%>=40.00%. EV(trace)=0.228x0.05xINR162400x0.1-INR104=INR81,1757.7411764705835
AC001176,53250.0,2,1,0.9891764705882353,PH003170,-43.29499999999999,DO NOT TRACE,Viable contact exists P(RPC)=98.92%>=40.00%. EV(trace)=0.228x0.05xINR53250x0.1-INR104=INR-43,576.352941176469
AC001177,65000.0,4,2,0.9891764705882353,PH003173,-29.89999999999999,DO NOT TRACE,Viable contact exists P(RPC)=98.92%>=40.00%. EV(trace)=0.228x0.05xINR65000x0.1-INR104=INR-30,703.5294117647039
AC001178,477750.0,3,3,0.8911372549019607,PH003177,440.6350000000001,DO NOT TRACE,Viable contact exists P(RPC)=89.11%>=40.00%. EV(trace)=0.228x0.05xINR477750x0.1-INR104=INR441,52009.17647058827
AC001179,118750.0,3,3,0.9891764705882353,PH003179,31.375,DO NOT TRACE,Viable contact exists P(RPC)=98.92%>=40.00%. EV(trace)=0.228x0.05xINR118750x0.1-INR104=INR31,1285.2941176470554
AC001180,52800.0,2,1,0.9891764705882353,PH003182,-43.80799999999999,DO NOT TRACE,Viable contact exists P(RPC)=98.92%>=40.00%. EV(trace)=0.228x0.05xINR52800x0.1-INR104=INR-44,571.4823529411749
AC001181,440300.0,3,3,0.9891764705882353,PH003185,397.942,DO NOT TRACE,Viable contact exists P(RPC)=98.92%>=40.00%. EV(trace)=0.228x0.05xINR440300x0.1-INR104=INR398,4765.599999999987
AC001182,136400.0,1,1,0.9891764705882353,PH003187,51.49600000000001,DO NOT TRACE,Viable contact exists P(RPC)=98.92%>=40.00%. EV(trace)=0.228x0.05xINR136400x0.1-INR104=INR51,1476.329411764702
AC001183,623500.0,1,1,0.9891764705882353,PH003188,606.7900000000001,DO NOT TRACE,Viable contact exists P(RPC)=98.92%>=40.00%. EV(trace)=0.228x0.05xINR623500x0.1-INR104=INR607,6748.4705882352755
AC001184,264000.0,1,1,0.8491204481792716,PH003189,196.95999999999998,DO NOT TRACE,Viable contact exists P(RPC)=84.91%>=40.00%. EV(trace)=0.228x0.05xINR264000x0.1-INR104=INR197,39832.201680672304
AC001185,38000.0,2,2,0.9891764705882353,PH003190,-60.68,DO NOT TRACE,Viable contact exists P(RPC)=98.92%>=40.00%. EV(trace)=0.228x0.05xINR38000x0.1-INR104=INR-61,411.2941176470577
AC001186,153300.0,4,4,0.9745437518290897,PH003193,70.76200000000003,DO NOT TRACE,Viable contact exists P(RPC)=97.45%>=40.00%. EV(trace)=0.228x0.05xINR153300x0.1-INR104=INR71,3902.442844600549
AC001187,81000.0,5,1,0.9745437518290897,PH003195,-11.659999999999997,DO NOT TRACE,Viable contact exists P(RPC)=97.45%>=40.00%. EV(trace)=0.228x0.05xINR81000x0.1-INR104=INR-12,2061.9561018437344
AC001188,15000.0,1,1,0.9424911297852473,PH003199,-86.9,DO NOT TRACE,Viable contact exists P(RPC)=94.25%>=40.00%. EV(trace)=0.228x0.05xINR15000x0.1-INR104=INR-87,862.6330532212905
AC001189,259200.0,2,2,0.9424911297852473,PH003200,191.488,DO NOT TRACE,Viable contact exists P(RPC)=94.25%>=40.00%. EV(trace)=0.228x0.05xINR259200x0.1-INR104=INR191,14906.2991596639
AC001190,64750.0,2,1,0.8911372549019607,PH003203,-30.185000000000002,DO NOT TRACE,Viable contact exists P(RPC)=89.11%>=40.00%. EV(trace)=0.228x0.05xINR64750x0.1-INR104=INR-30,7048.862745098044
AC001191,40700.0,2,2,0.9745437518290897,PH003204,-57.602,DO NOT TRACE,Viable contact exists P(RPC)=97.45%>=40.00%. EV(trace)=0.228x0.05xINR40700x0.1-INR104=INR-58,1036.0693005560493
AC001192,56000.0,3,2,0.9424911297852473,PH003206,-40.16,DO NOT TRACE,Viable contact exists P(RPC)=94.25%>=40.00%. EV(trace)=0.228x0.05xINR56000x0.1-INR104=INR-40,3220.4967320261517
AC001193,303050.0,1,1,0.9745437518290897,PH003209,241.47700000000003,DO NOT TRACE,Viable contact exists P(RPC)=97.45%>=40.00%. EV(trace)=0.228x0.05xINR303050x0.1-INR104=INR241,7714.516008194367
AC001194,16500.0,2,1,0.9424911297852473,PH003211,-85.19,DO NOT TRACE,Viable contact exists P(RPC)=94.25%>=40.00%. EV(trace)=0.228x0.05xINR16500x0.1-INR104=INR-85,948.8963585434196
AC001195,62400.0,4,4,0.9745437518290897,PH003212,-32.86399999999999,DO NOT TRACE,Viable contact exists P(RPC)=97.45%>=40.00%. EV(trace)=0.228x0.05xINR62400x0.1-INR104=INR-33,1588.4698858648028
AC001196,107250.0,3,2,0.8911372549019607,PH003217,18.265000000000015,DO NOT TRACE,Viable contact exists P(RPC)=89.11%>=40.00%. EV(trace)=0.228x0.05xINR107250x0.1-INR104=INR18,11675.529411764714
AC001197,37700.0,2,2,0.10069607843137254,PH003218,-61.02199999999999,DO NOT TRACE,EV(trace)=INR-61 negative yield or active callable contact points available. EV(trace)=0.228x0.05xINR37700x0.1-INR104=INR-61,33903.75784313725
AC001198,53200.0,3,3,0.9745437518290897,PH003222,-43.352,DO NOT TRACE,Viable contact exists P(RPC)=97.45%>=40.00%. EV(trace)=0.228x0.05xINR53200x0.1-INR104=INR-43,1354.272402692428
AC001199,49000.0,1,1,0.9891764705882353,PH003223,-48.13999999999999,DO NOT TRACE,Viable contact exists P(RPC)=98.92%>=40.00%. EV(trace)=0.228x0.05xINR49000x0.1-INR104=INR-48,530.3529411764691
AC001200,52500.0,1,1,0.9745437518290897,PH003224,-44.15,DO NOT TRACE,Viable contact exists P(RPC)=97.45%>=40.00%. EV(trace)=0.228x0.05xINR52500x0.1-INR104=INR-44,1336.453028972791
AC001201,29150.0,3,1,0.9891764705882353,PH003226,-70.769,DO NOT TRACE,Viable contact exists P(RPC)=98.92%>=40.00%. EV(trace)=0.228x0.05xINR29150x0.1-INR104=INR-71,315.5058823529403
AC001202,52800.0,1,0,0.008784313725490198,,-43.80799999999999,DO NOT TRACE,EV(trace)=INR-44 negative yield or active callable contact points available. EV(trace)=0.228x0.05xINR52800x0.1-INR104=INR-44,52336.18823529412
AC001203,32250.0,4,2,0.9891764705882353,PH005859,-67.23499999999999,DO NOT TRACE,Viable contact exists P(RPC)=98.92%>=40.00%. EV(trace)=0.228x0.05xINR32250x0.1-INR104=INR-67,349.0588235294108
AC001204,277400.0,3,3,0.8911372549019607,PH003231,212.23600000000005,DO NOT TRACE,Viable contact exists P(RPC)=89.11%>=40.00%. EV(trace)=0.228x0.05xINR277400x0.1-INR104=INR212,30198.525490196098
AC001205,140250.0,2,2,0.9745437518290897,PH003234,55.88500000000002,DO NOT TRACE,Viable contact exists P(RPC)=97.45%>=40.00%. EV(trace)=0.228x0.05xINR140250x0.1-INR104=INR56,3570.23880597017
AC001206,100800.0,4,2,0.9891764705882353,PH003236,10.91200000000002,DO NOT TRACE,Viable contact exists P(RPC)=98.92%>=40.00%. EV(trace)=0.228x0.05xINR100800x0.1-INR104=INR11,1091.0117647058794
AC001207,36850.0,2,1,0.9424911297852473,PH003238,-61.99099999999999,DO NOT TRACE,Viable contact exists P(RPC)=94.25%>=40.00%. EV(trace)=0.228x0.05xINR36850x0.1-INR104=INR-62,2119.201867413637
AC001208,185650.0,2,2,0.9745437518290897,PH003240,107.64099999999999,DO NOT TRACE,Viable contact exists P(RPC)=97.45%>=40.00%. EV(trace)=0.228x0.05xINR185650x0.1-INR104=INR108,4725.952472929497
AC001209,162600.0,2,2,0.9891764705882353,PH003242,81.36400000000003,DO NOT TRACE,Viable contact exists P(RPC)=98.92%>=40.00%. EV(trace)=0.228x0.05xINR162600x0.1-INR104=INR81,1759.9058823529363
AC001210,36300.0,2,2,0.8911372549019607,PH003245,-62.617999999999995,DO NOT TRACE,Viable contact exists P(RPC)=89.11%>=40.00%. EV(trace)=0.228x0.05xINR36300x0.1-INR104=INR-63,3951.717647058826
AC001211,100100.0,3,2,0.9745437518290897,PH005936,10.114000000000019,DO NOT TRACE,Viable contact exists P(RPC)=97.45%>=40.00%. EV(trace)=0.228x0.05xINR100100x0.1-INR104=INR10,2548.170441908121
AC001212,47450.0,1,1,0.9891764705882353,PH003248,-49.90699999999999,DO NOT TRACE,Viable contact exists P(RPC)=98.92%>=40.00%. EV(trace)=0.228x0.05xINR47450x0.1-INR104=INR-50,513.5764705882339
AC001213,29400.0,1,1,0.9891764705882353,PH003249,-70.484,DO NOT TRACE,Viable contact exists P(RPC)=98.92%>=40.00%. EV(trace)=0.228x0.05xINR29400x0.1-INR104=INR-70,318.2117647058815
AC001214,32400.0,2,1,0.9745437518290897,PH003250,-67.064,DO NOT TRACE,Viable contact exists P(RPC)=97.45%>=40.00%. EV(trace)=0.228x0.05xINR32400x0.1-INR104=INR-67,824.7824407374937
AC001215,56000.0,3,1,0.9745437518290897,PH003253,-40.16,DO NOT TRACE,Viable contact exists P(RPC)=97.45%>=40.00%. EV(trace)=0.228x0.05xINR56000x0.1-INR104=INR-40,1425.5498975709768
AC001216,784350.0,3,3,0.10069607843137254,PH003255,790.1590000000001,TRACE,All contacts have poor connection likelihood P(RPC)<15.00%. EV(trace)=0.228x0.05xINR784350x0.1-INR104=INR790. Trace justified.,705369.030882353
AC001217,36900.0,3,3,0.9891764705882353,PH005823,-61.934,DO NOT TRACE,Viable contact exists P(RPC)=98.92%>=40.00%. EV(trace)=0.228x0.05xINR36900x0.1-INR104=INR-62,399.38823529411655
AC001218,205400.0,2,2,0.9745437518290897,PH003260,130.156,DO NOT TRACE,Viable contact exists P(RPC)=97.45%>=40.00%. EV(trace)=0.228x0.05xINR205400x0.1-INR104=INR130,5228.713374304975
AC001219,112800.0,3,3,0.2888963585434174,PH003263,24.592000000000013,DO NOT TRACE,EV(trace)=INR25 negative yield or active callable contact points available. EV(trace)=0.228x0.05xINR112800x0.1-INR104=INR25,80212.49075630252
AC001220,190050.0,2,1,0.9745437518290897,PH003265,112.65700000000004,DO NOT TRACE,Viable contact exists P(RPC)=97.45%>=40.00%. EV(trace)=0.228x0.05xINR190050x0.1-INR104=INR113,4837.959964881503
AC001221,78000.0,2,2,0.8911372549019607,PH000464,-15.079999999999984,DO NOT TRACE,Viable contact exists P(RPC)=89.11%>=40.00%. EV(trace)=0.228x0.05xINR78000x0.1-INR104=INR-15,8491.294117647063
AC001222,112800.0,3,3,0.9745437518290897,PH003268,24.592000000000013,DO NOT TRACE,Viable contact exists P(RPC)=97.45%>=40.00%. EV(trace)=0.228x0.05xINR112800x0.1-INR104=INR25,2871.464793678682
AC001223,636500.0,2,2,0.9891764705882353,PH003272,621.6100000000001,DO NOT TRACE,Viable contact exists P(RPC)=98.92%>=40.00%. EV(trace)=0.228x0.05xINR636500x0.1-INR104=INR622,6889.176470588216
AC001224,57500.0,1,1,0.9424911297852473,PH003273,-38.45,DO NOT TRACE,Viable contact exists P(RPC)=94.25%>=40.00%. EV(trace)=0.228x0.05xINR57500x0.1-INR104=INR-38,3306.7600373482805
AC001225,121000.0,3,3,0.9424911297852473,PH000195,33.940000000000026,DO NOT TRACE,Viable contact exists P(RPC)=94.25%>=40.00%. EV(trace)=0.228x0.05xINR121000x0.1-INR104=INR34,6958.5732959850775
AC001226,48000.0,4,3,0.9424911297852473,PH003278,-49.279999999999994,DO NOT TRACE,Viable contact exists P(RPC)=94.25%>=40.00%. EV(trace)=0.228x0.05xINR48000x0.1-INR104=INR-49,2760.42577030813
AC001227,290400.0,4,4,0.9891764705882353,PH003279,227.05600000000004,DO NOT TRACE,Viable contact exists P(RPC)=98.92%>=40.00%. EV(trace)=0.228x0.05xINR290400x0.1-INR104=INR227,3143.152941176462
AC001228,48000.0,2,1,0.9891764705882353,PH003283,-49.279999999999994,DO NOT TRACE,Viable contact exists P(RPC)=98.92%>=40.00%. EV(trace)=0.228x0.05xINR48000x0.1-INR104=INR-49,519.5294117647045
AC001229,432000.0,2,2,0.9891764705882353,PH003285,388.48,DO NOT TRACE,Viable contact exists P(RPC)=98.92%>=40.00%. EV(trace)=0.228x0.05xINR432000x0.1-INR104=INR388,4675.76470588234
AC001230,124000.0,3,3,0.9424911297852473,PH003287,37.360000000000014,DO NOT TRACE,Viable contact exists P(RPC)=94.25%>=40.00%. EV(trace)=0.228x0.05xINR124000x0.1-INR104=INR37,7131.099906629335
AC001231,120400.0,2,2,0.9424911297852473,PH003289,33.256,DO NOT TRACE,Viable contact exists P(RPC)=94.25%>=40.00%. EV(trace)=0.228x0.05xINR120400x0.1-INR104=INR33,6924.067973856226
AC001232,225000.0,2,2,0.43770588235294117,PH000361,152.5,DO NOT TRACE,Viable contact exists P(RPC)=43.77%>=40.00%. EV(trace)=0.228x0.05xINR225000x0.1-INR104=INR152,126516.17647058824
AC001233,24000.0,2,1,0.9745437518290897,PH003292,-76.64,DO NOT TRACE,Viable contact exists P(RPC)=97.45%>=40.00%. EV(trace)=0.228x0.05xINR24000x0.1-INR104=INR-77,610.9499561018472
AC001234,255000.0,2,2,0.5684288915438558,PH003294,186.7,DO NOT TRACE,Viable contact exists P(RPC)=56.84%>=40.00%. EV(trace)=0.228x0.05xINR255000x0.1-INR104=INR187,110050.63265631677
AC001235,68800.0,2,1,0.9891764705882353,PH003296,-25.567999999999984,DO NOT TRACE,Viable contact exists P(RPC)=98.92%>=40.00%. EV(trace)=0.228x0.05xINR68800x0.1-INR104=INR-26,744.6588235294097
AC001236,55250.0,2,1,0.9424911297852473,PH003299,-41.01499999999999,DO NOT TRACE,Viable contact exists P(RPC)=94.25%>=40.00%. EV(trace)=0.228x0.05xINR55250x0.1-INR104=INR-41,3177.365079365087
AC001237,83300.0,3,3,0.029643721318314557,PH003300,-9.037999999999997,DO NOT TRACE,EV(trace)=INR-9 negative yield or active callable contact points available. EV(trace)=0.228x0.05xINR83300x0.1-INR104=INR-9,80830.67801418439
AC001238,403100.0,2,2,0.9424911297852473,PH003303,355.53400000000005,DO NOT TRACE,Viable contact exists P(RPC)=94.25%>=40.00%. EV(trace)=0.228x0.05xINR403100x0.1-INR104=INR356,23181.825583566817
AC001239,142800.0,2,2,0.07136253650396328,PH003306,58.79200000000003,TRACE,All contacts have poor connection likelihood P(RPC)<15.00%. EV(trace)=0.228x0.05xINR142800x0.1-INR104=INR59. Trace justified.,132609.42978723405
AC001240,95550.0,3,1,0.9424911297852473,PH003307,4.927000000000007,DO NOT TRACE,Viable contact exists P(RPC)=94.25%>=40.00%. EV(trace)=0.228x0.05xINR95550x0.1-INR104=INR5,5494.972549019621
AC001241,100800.0,2,1,0.9891764705882353,PH003310,10.91200000000002,DO NOT TRACE,Viable contact exists P(RPC)=98.92%>=40.00%. EV(trace)=0.228x0.05xINR100800x0.1-INR104=INR11,1091.0117647058794
AC001242,43200.0,2,1,0.8257777777777777,PH003313,-54.751999999999995,DO NOT TRACE,Viable contact exists P(RPC)=82.58%>=40.00%. EV(trace)=0.228x0.05xINR43200x0.1-INR104=INR-55,7526.400000000002
AC001243,62700.0,2,1,0.9891764705882353,PH003314,-32.522000000000006,DO NOT TRACE,Viable contact exists P(RPC)=98.92%>=40.00%. EV(trace)=0.228x0.05xINR62700x0.1-INR104=INR-33,678.6352941176452
AC001244,487600.0,2,2,0.9891764705882353,PH003316,451.86400000000003,DO NOT TRACE,Viable contact exists P(RPC)=98.92%>=40.00%. EV(trace)=0.228x0.05xINR487600x0.1-INR104=INR452,5277.552941176456
AC001245,319300.0,3,3,0.8911372549019607,PH005877,260.002,DO NOT TRACE,Viable contact exists P(RPC)=89.11%>=40.00%. EV(trace)=0.228x0.05xINR319300x0.1-INR104=INR260,34759.87450980394
AC001246,82450.0,2,2,0.9424911297852473,PH003320,-10.00699999999999,DO NOT TRACE,Viable contact exists P(RPC)=94.25%>=40.00%. EV(trace)=0.228x0.05xINR82450x0.1-INR104=INR-10,4741.60634920636
AC001247,1100550.0,2,2,0.9745437518290897,PH003322,1150.6270000000002,DO NOT TRACE,Viable contact exists P(RPC)=97.45%>=40.00%. EV(trace)=0.228x0.05xINR1100550x0.1-INR104=INR1151,28015.873924495332
AC001248,213400.0,3,3,0.9745437518290897,PH003324,139.27600000000004,DO NOT TRACE,Viable contact exists P(RPC)=97.45%>=40.00%. EV(trace)=0.228x0.05xINR213400x0.1-INR104=INR139,5432.363359672258
AC001249,39000.0,2,1,0.9891764705882353,PH003328,-59.53999999999999,DO NOT TRACE,Viable contact exists P(RPC)=98.92%>=40.00%. EV(trace)=0.228x0.05xINR39000x0.1-INR104=INR-60,422.1176470588224
AC001250,538200.0,3,3,0.9424911297852473,PH003329,509.5480000000001,DO NOT TRACE,Viable contact exists P(RPC)=94.25%>=40.00%. EV(trace)=0.228x0.05xINR538200x0.1-INR104=INR510,30951.273949579907
AC001251,156000.0,1,1,0.8491204481792716,PH003332,73.84000000000003,DO NOT TRACE,Viable contact exists P(RPC)=84.91%>=40.00%. EV(trace)=0.228x0.05xINR156000x0.1-INR104=INR74,23537.210084033635
AC001252,91450.0,3,3,0.9891764705882353,PH003333,0.2530000000000001,DO NOT TRACE,Viable contact exists P(RPC)=98.92%>=40.00%. EV(trace)=0.228x0.05xINR91450x0.1-INR104=INR0,989.8117647058797
AC001253,162000.0,3,3,0.9745437518290897,PH003336,80.68,DO NOT TRACE,Viable contact exists P(RPC)=97.45%>=40.00%. EV(trace)=0.228x0.05xINR162000x0.1-INR104=INR81,4123.912203687469
AC001254,55000.0,3,2,0.9745437518290897,PH003339,-41.3,DO NOT TRACE,Viable contact exists P(RPC)=97.45%>=40.00%. EV(trace)=0.228x0.05xINR55000x0.1-INR104=INR-41,1400.0936494000666
AC001255,334250.0,3,3,0.9891764705882353,PH003342,277.0450000000001,DO NOT TRACE,Viable contact exists P(RPC)=98.92%>=40.00%. EV(trace)=0.228x0.05xINR334250x0.1-INR104=INR277,3617.764705882343
AC001256,91300.0,2,2,0.9745437518290897,PH003345,0.08199999999999363,DO NOT TRACE,Viable contact exists P(RPC)=97.45%>=40.00%. EV(trace)=0.228x0.05xINR91300x0.1-INR104=INR0,2324.1554580041106
AC001257,110400.0,2,1,0.9891764705882353,PH003347,21.855999999999995,DO NOT TRACE,Viable contact exists P(RPC)=98.92%>=40.00%. EV(trace)=0.228x0.05xINR110400x0.1-INR104=INR22,1194.9176470588202
AC001258,55650.0,3,1,0.9891764705882353,PH003350,-40.559,DO NOT TRACE,Viable contact exists P(RPC)=98.92%>=40.00%. EV(trace)=0.228x0.05xINR55650x0.1-INR104=INR-41,602.3294117647042
AC001259,156750.0,4,4,0.9745437518290897,PH003353,74.69500000000002,DO NOT TRACE,Viable contact exists P(RPC)=97.45%>=40.00%. EV(trace)=0.228x0.05xINR156750x0.1-INR104=INR75,3990.2669007901895
AC001260,823200.0,4,4,0.008784313725490198,PH003355,834.448,TRACE,All contacts have poor connection likelihood P(RPC)<15.00%. EV(trace)=0.228x0.05xINR823200x0.1-INR104=INR834. Trace justified.,815968.7529411765
AC001261,115200.0,3,3,0.9424911297852473,PH003359,27.328000000000003,DO NOT TRACE,Viable contact exists P(RPC)=94.25%>=40.00%. EV(trace)=0.228x0.05xINR115200x0.1-INR104=INR27,6625.021848739511
AC001262,123250.0,3,3,0.9891764705882353,PH003362,36.504999999999995,DO NOT TRACE,Viable contact exists P(RPC)=98.92%>=40.00%. EV(trace)=0.228x0.05xINR123250x0.1-INR104=INR37,1333.9999999999964
AC001263,390000.0,4,4,0.9891764705882353,PH003366,340.6,DO NOT TRACE,Viable contact exists P(RPC)=98.92%>=40.00%. EV(trace)=0.228x0.05xINR390000x0.1-INR104=INR341,4221.176470588223
AC001264,26350.0,3,2,0.9891764705882353,PH003370,-73.961,DO NOT TRACE,Viable contact exists P(RPC)=98.92%>=40.00%. EV(trace)=0.228x0.05xINR26350x0.1-INR104=INR-74,285.1999999999992
AC001265,72200.0,2,2,0.029643721318314557,PH003372,-21.691999999999993,DO NOT TRACE,EV(trace)=INR-22 negative yield or active callable contact points available. EV(trace)=0.228x0.05xINR72200x0.1-INR104=INR-22,70059.72332081769
AC001266,1738000.0,2,2,0.9745437518290897,PH003374,1877.3200000000002,DO NOT TRACE,Viable contact exists P(RPC)=97.45%>=40.00%. EV(trace)=0.228x0.05xINR1738000x0.1-INR104=INR1877,44242.9593210421
AC001267,745200.0,3,3,0.9891764705882353,PH003376,745.5280000000001,DO NOT TRACE,Viable contact exists P(RPC)=98.92%>=40.00%. EV(trace)=0.228x0.05xINR745200x0.1-INR104=INR746,8065.694117647036
AC001268,460650.0,3,3,0.9424911297852473,PH003379,421.14099999999996,DO NOT TRACE,Viable contact exists P(RPC)=94.25%>=40.00%. EV(trace)=0.228x0.05xINR460650x0.1-INR104=INR421,26491.461064425836
AC001269,52500.0,4,3,0.9745437518290897,PH003382,-44.15,DO NOT TRACE,Viable contact exists P(RPC)=97.45%>=40.00%. EV(trace)=0.228x0.05xINR52500x0.1-INR104=INR-44,1336.453028972791
AC001270,122450.0,4,4,0.9745437518290897,PH003386,35.59300000000002,DO NOT TRACE,Viable contact exists P(RPC)=97.45%>=40.00%. EV(trace)=0.228x0.05xINR122450x0.1-INR104=INR36,3117.1175885279663
AC001271,119600.0,1,1,0.2888963585434174,PH003390,32.34400000000002,DO NOT TRACE,EV(trace)=INR32 negative yield or active callable contact points available. EV(trace)=0.228x0.05xINR119600x0.1-INR104=INR32,85047.99551820727
AC001272,50400.0,2,2,0.9891764705882353,PH003391,-46.54399999999999,DO NOT TRACE,Viable contact exists P(RPC)=98.92%>=40.00%. EV(trace)=0.228x0.05xINR50400x0.1-INR104=INR-47,545.5058823529397
AC001273,231400.0,4,4,0.9891764705882353,PH003392,159.796,DO NOT TRACE,Viable contact exists P(RPC)=98.92%>=40.00%. EV(trace)=0.228x0.05xINR231400x0.1-INR104=INR160,2504.564705882346
AC001274,121800.0,2,2,0.9745437518290897,PH003395,34.852000000000004,DO NOT TRACE,Viable contact exists P(RPC)=97.45%>=40.00%. EV(trace)=0.228x0.05xINR121800x0.1-INR104=INR35,3100.5710272168744
AC001275,125500.0,4,4,0.9745437518290897,PH003396,39.07000000000002,DO NOT TRACE,Viable contact exists P(RPC)=97.45%>=40.00%. EV(trace)=0.228x0.05xINR125500x0.1-INR104=INR39,3194.7591454492426
AC001276,206550.0,2,1,0.9891764705882353,PH003399,131.467,DO NOT TRACE,Viable contact exists P(RPC)=98.92%>=40.00%. EV(trace)=0.228x0.05xINR206550x0.1-INR104=INR131,2235.599999999994
AC001277,370500.0,2,2,0.9891764705882353,PH003400,318.37,DO NOT TRACE,Viable contact exists P(RPC)=98.92%>=40.00%. EV(trace)=0.228x0.05xINR370500x0.1-INR104=INR318,4010.1176470588125
AC001278,812400.0,2,2,0.8911372549019607,PH003402,822.1360000000001,DO NOT TRACE,Viable contact exists P(RPC)=89.11%>=40.00%. EV(trace)=0.228x0.05xINR812400x0.1-INR104=INR822,88440.09411764711
AC001279,266900.0,3,3,0.9891764705882353,PH003404,200.26600000000002,DO NOT TRACE,Viable contact exists P(RPC)=98.92%>=40.00%. EV(trace)=0.228x0.05xINR266900x0.1-INR104=INR200,2888.799999999992
AC001280,285600.0,3,3,0.9745437518290897,PH003407,221.58400000000006,DO NOT TRACE,Viable contact exists P(RPC)=97.45%>=40.00%. EV(trace)=0.228x0.05xINR285600x0.1-INR104=INR222,7270.304477611982
AC001281,113750.0,3,1,0.9891764705882353,PH003410,25.67500000000001,DO NOT TRACE,Viable contact exists P(RPC)=98.92%>=40.00%. EV(trace)=0.228x0.05xINR113750x0.1-INR104=INR26,1231.176470588232
AC001282,74800.0,1,1,0.9891764705882353,PH003413,-18.727999999999994,DO NOT TRACE,Viable contact exists P(RPC)=98.92%>=40.00%. EV(trace)=0.228x0.05xINR74800x0.1-INR104=INR-19,809.5999999999977
AC001283,40300.0,2,1,0.029643721318314557,PH003414,-58.05799999999999,DO NOT TRACE,EV(trace)=INR-58 negative yield or active callable contact points available. EV(trace)=0.228x0.05xINR40300x0.1-INR104=INR-58,39105.358030871925
AC001284,93150.0,1,1,0.9891764705882353,PH003416,2.1910000000000167,DO NOT TRACE,Viable contact exists P(RPC)=98.92%>=40.00%. EV(trace)=0.228x0.05xINR93150x0.1-INR104=INR2,1008.2117647058795
AC001285,172200.0,3,3,0.9745437518290897,PH003417,92.30800000000002,DO NOT TRACE,Viable contact exists P(RPC)=97.45%>=40.00%. EV(trace)=0.228x0.05xINR172200x0.1-INR104=INR92,4383.565935030754
AC001286,68600.0,2,2,0.9424911297852473,PH003420,-25.795999999999992,DO NOT TRACE,Viable contact exists P(RPC)=94.25%>=40.00%. EV(trace)=0.228x0.05xINR68600x0.1-INR104=INR-26,3945.1084967320357
AC001287,19600.0,2,1,0.8491204481792716,PH003423,-81.656,DO NOT TRACE,Viable contact exists P(RPC)=84.91%>=40.00%. EV(trace)=0.228x0.05xINR19600x0.1-INR104=INR-82,2957.239215686277
AC001288,535500.0,2,2,0.9745437518290897,PH003425,506.47,DO NOT TRACE,Viable contact exists P(RPC)=97.45%>=40.00%. EV(trace)=0.228x0.05xINR535500x0.1-INR104=INR506,13631.820895522465
AC001289,58500.0,1,0,0.008784313725490198,,-37.31,DO NOT TRACE,EV(trace)=INR-37 negative yield or active callable contact points available. EV(trace)=0.228x0.05xINR58500x0.1-INR104=INR-37,57986.117647058825
AC001290,55800.0,3,2,0.9891764705882353,PH003427,-40.388,DO NOT TRACE,Viable contact exists P(RPC)=98.92%>=40.00%. EV(trace)=0.228x0.05xINR55800x0.1-INR104=INR-40,603.9529411764689
AC001291,572800.0,3,3,0.9891764705882353,PH003430,548.9920000000001,DO NOT TRACE,Viable contact exists P(RPC)=98.92%>=40.00%. EV(trace)=0.228x0.05xINR572800x0.1-INR104=INR549,6199.7176470588065
AC001292,38400.0,2,2,0.9891764705882353,PH003433,-60.224,DO NOT TRACE,Viable contact exists P(RPC)=98.92%>=40.00%. EV(trace)=0.228x0.05xINR38400x0.1-INR104=INR-60,415.62352941176357
AC001293,32250.0,2,1,0.9891764705882353,PH003435,-67.23499999999999,DO NOT TRACE,Viable contact exists P(RPC)=98.92%>=40.00%. EV(trace)=0.228x0.05xINR32250x0.1-INR104=INR-67,349.0588235294108
AC001294,15400.0,2,1,0.9891764705882353,PH003436,-86.444,DO NOT TRACE,Viable contact exists P(RPC)=98.92%>=40.00%. EV(trace)=0.228x0.05xINR15400x0.1-INR104=INR-86,166.68235294117602
AC001295,70300.0,3,2,0.9424911297852473,PH003439,-23.85799999999999,DO NOT TRACE,Viable contact exists P(RPC)=94.25%>=40.00%. EV(trace)=0.228x0.05xINR70300x0.1-INR104=INR-24,4042.8735760971153
AC001296,133200.0,3,3,0.8911372549019607,PH003441,47.84800000000001,DO NOT TRACE,Viable contact exists P(RPC)=89.11%>=40.00%. EV(trace)=0.228x0.05xINR133200x0.1-INR104=INR48,14500.517647058832
AC001297,129500.0,3,3,0.9745437518290897,PH003444,43.629999999999995,DO NOT TRACE,Viable contact exists P(RPC)=97.45%>=40.00%. EV(trace)=0.228x0.05xINR129500x0.1-INR104=INR44,3296.5841381328837
AC001298,71550.0,1,0,0.008784313725490198,,-22.432999999999993,DO NOT TRACE,EV(trace)=INR-22 negative yield or active callable contact points available. EV(trace)=0.228x0.05xINR71550x0.1-INR104=INR-22,70921.48235294118
AC001299,576250.0,3,3,0.9745437518290897,PH003448,552.9250000000001,DO NOT TRACE,Viable contact exists P(RPC)=97.45%>=40.00%. EV(trace)=0.228x0.05xINR576250x0.1-INR104=INR553,14669.163008487061
AC001300,266700.0,4,4,0.9891764705882353,PH003451,200.038,DO NOT TRACE,Viable contact exists P(RPC)=98.92%>=40.00%. EV(trace)=0.228x0.05xINR266700x0.1-INR104=INR200,2886.635294117639
AC001301,455700.0,2,2,0.9424911297852473,PH003454,415.49800000000005,DO NOT TRACE,Viable contact exists P(RPC)=94.25%>=40.00%. EV(trace)=0.228x0.05xINR455700x0.1-INR104=INR415,26206.792156862808
AC001302,42700.0,2,1,0.8911372549019607,PH003456,-55.321999999999996,DO NOT TRACE,Viable contact exists P(RPC)=89.11%>=40.00%. EV(trace)=0.228x0.05xINR42700x0.1-INR104=INR-55,4648.439215686278
AC001303,141600.0,2,1,0.10069607843137254,PH003459,57.42400000000001,TRACE,All contacts have poor connection likelihood P(RPC)<15.00%. EV(trace)=0.228x0.05xINR141600x0.1-INR104=INR57. Trace justified.,127341.43529411765
AC001304,40500.0,1,1,0.9745437518290897,PH003460,-57.83,DO NOT TRACE,Viable contact exists P(RPC)=97.45%>=40.00%. EV(trace)=0.228x0.05xINR40500x0.1-INR104=INR-58,1030.9780509218672
AC001305,313500.0,2,2,0.9745437518290897,PH003461,253.39000000000004,DO NOT TRACE,Viable contact exists P(RPC)=97.45%>=40.00%. EV(trace)=0.228x0.05xINR313500x0.1-INR104=INR253,7980.533801580379
AC001306,463600.0,3,3,0.9745437518290897,PH003463,424.504,DO NOT TRACE,Viable contact exists P(RPC)=97.45%>=40.00%. EV(trace)=0.228x0.05xINR463600x0.1-INR104=INR425,11801.516652034015
AC001307,29250.0,1,1,0.9891764705882353,PH003465,-70.655,DO NOT TRACE,Viable contact exists P(RPC)=98.92%>=40.00%. EV(trace)=0.228x0.05xINR29250x0.1-INR104=INR-71,316.58823529411677
AC001308,137200.0,3,3,0.9891764705882353,PH003466,52.408000000000015,DO NOT TRACE,Viable contact exists P(RPC)=98.92%>=40.00%. EV(trace)=0.228x0.05xINR137200x0.1-INR104=INR52,1484.9882352941136
AC001309,83600.0,2,1,0.9745437518290897,PH003469,-8.695999999999984,DO NOT TRACE,Viable contact exists P(RPC)=97.45%>=40.00%. EV(trace)=0.228x0.05xINR83600x0.1-INR104=INR-9,2128.142347088101
AC001310,47600.0,2,2,0.9891764705882353,PH003471,-49.736,DO NOT TRACE,Viable contact exists P(RPC)=98.92%>=40.00%. EV(trace)=0.228x0.05xINR47600x0.1-INR104=INR-50,515.1999999999986
AC001311,538150.0,3,3,0.9745437518290897,PH003473,509.491,DO NOT TRACE,Viable contact exists P(RPC)=97.45%>=40.00%. EV(trace)=0.228x0.05xINR538150x0.1-INR104=INR509,13699.279953175379
AC001312,354000.0,2,2,0.9424911297852473,PH000212,299.56000000000006,DO NOT TRACE,Viable contact exists P(RPC)=94.25%>=40.00%. EV(trace)=0.228x0.05xINR354000x0.1-INR104=INR300,20358.140056022457
AC001313,53550.0,1,1,0.2888963585434174,PH003477,-42.952999999999996,DO NOT TRACE,EV(trace)=INR-43 negative yield or active callable contact points available. EV(trace)=0.228x0.05xINR53550x0.1-INR104=INR-43,38079.6
AC001314,48000.0,2,2,0.9745437518290897,PH003478,-49.279999999999994,DO NOT TRACE,Viable contact exists P(RPC)=97.45%>=40.00%. EV(trace)=0.228x0.05xINR48000x0.1-INR104=INR-49,1221.8999122036944
AC001315,20300.0,3,1,0.9891764705882353,PH003481,-80.858,DO NOT TRACE,Viable contact exists P(RPC)=98.92%>=40.00%. EV(trace)=0.228x0.05xINR20300x0.1-INR104=INR-81,219.71764705882293
AC001316,63750.0,2,2,0.9891764705882353,PH003483,-31.325000000000003,DO NOT TRACE,Viable contact exists P(RPC)=98.92%>=40.00%. EV(trace)=0.228x0.05xINR63750x0.1-INR104=INR-31,689.9999999999981
AC001317,38500.0,2,1,0.9745437518290897,PH000208,-60.10999999999999,DO NOT TRACE,Viable contact exists P(RPC)=97.45%>=40.00%. EV(trace)=0.228x0.05xINR38500x0.1-INR104=INR-60,980.0655545800465
AC001318,10450.0,1,1,0.9891764705882353,PH003485,-92.087,DO NOT TRACE,Viable contact exists P(RPC)=98.92%>=40.00%. EV(trace)=0.228x0.05xINR10450x0.1-INR104=INR-92,113.10588235294087
AC001319,707350.0,2,2,0.10069607843137254,PH003486,702.379,TRACE,All contacts have poor connection likelihood P(RPC)<15.00%. EV(trace)=0.228x0.05xINR707350x0.1-INR104=INR702. Trace justified.,636122.6289215686
AC001320,70200.0,3,3,0.7440784313725489,PH003489,-23.971999999999994,DO NOT TRACE,Viable contact exists P(RPC)=74.41%>=40.00%. EV(trace)=0.228x0.05xINR70200x0.1-INR104=INR-24,17965.694117647065
AC001321,55000.0,1,1,0.9745437518290897,PH003490,-41.3,DO NOT TRACE,Viable contact exists P(RPC)=97.45%>=40.00%. EV(trace)=0.228x0.05xINR55000x0.1-INR104=INR-41,1400.0936494000666
AC001322,357500.0,2,2,0.9501568379530653,PH003491,303.55,DO NOT TRACE,Viable contact exists P(RPC)=95.02%>=40.00%. EV(trace)=0.228x0.05xINR357500x0.1-INR104=INR304,17818.930431779165
AC001323,61100.0,3,2,0.9891764705882353,PH003493,-34.34599999999999,DO NOT TRACE,Viable contact exists P(RPC)=98.92%>=40.00%. EV(trace)=0.228x0.05xINR61100x0.1-INR104=INR-34,661.3176470588218
AC001324,62700.0,1,1,0.9745437518290897,PH003496,-32.522000000000006,DO NOT TRACE,Viable contact exists P(RPC)=97.45%>=40.00%. EV(trace)=0.228x0.05xINR62700x0.1-INR104=INR-33,1596.106760316076
AC001325,57000.0,1,1,0.9891764705882353,PH003497,-39.019999999999996,DO NOT TRACE,Viable contact exists P(RPC)=98.92%>=40.00%. EV(trace)=0.228x0.05xINR57000x0.1-INR104=INR-39,616.9411764705866
AC001326,27500.0,3,1,0.9745437518290897,PH003498,-72.65,DO NOT TRACE,Viable contact exists P(RPC)=97.45%>=40.00%. EV(trace)=0.228x0.05xINR27500x0.1-INR104=INR-73,700.0468247000333
AC001327,204000.0,3,3,0.9745437518290897,PH003500,128.56,DO NOT TRACE,Viable contact exists P(RPC)=97.45%>=40.00%. EV(trace)=0.228x0.05xINR204000x0.1-INR104=INR129,5193.074626865701
AC001328,204000.0,1,1,0.9891764705882353,PH003503,128.56,DO NOT TRACE,Viable contact exists P(RPC)=98.92%>=40.00%. EV(trace)=0.228x0.05xINR204000x0.1-INR104=INR129,2207.999999999994
AC001329,505750.0,4,4,0.2888963585434174,PH003505,472.55500000000006,DO NOT TRACE,EV(trace)=INR473 negative yield or active callable contact points available. EV(trace)=0.228x0.05xINR505750x0.1-INR104=INR473,359640.6666666666
AC001330,250800.0,3,2,0.9891764705882353,PH003508,181.91199999999998,DO NOT TRACE,Viable contact exists P(RPC)=98.92%>=40.00%. EV(trace)=0.228x0.05xINR250800x0.1-INR104=INR182,2714.541176470581
AC001331,79050.0,2,1,0.7440784313725489,PH003510,-13.882999999999981,DO NOT TRACE,Viable contact exists P(RPC)=74.41%>=40.00%. EV(trace)=0.228x0.05xINR79050x0.1-INR104=INR-14,20230.60000000001
AC001332,57400.0,2,2,0.9424911297852473,PH003513,-38.56399999999999,DO NOT TRACE,Viable contact exists P(RPC)=94.25%>=40.00%. EV(trace)=0.228x0.05xINR57400x0.1-INR104=INR-39,3301.0091503268054
AC001333,84000.0,3,3,0.9891764705882353,PH003514,-8.239999999999995,DO NOT TRACE,Viable contact exists P(RPC)=98.92%>=40.00%. EV(trace)=0.228x0.05xINR84000x0.1-INR104=INR-8,909.1764705882329
AC001334,76500.0,3,3,0.9424911297852473,PH003519,-16.789999999999992,DO NOT TRACE,Viable contact exists P(RPC)=94.25%>=40.00%. EV(trace)=0.228x0.05xINR76500x0.1-INR104=INR-17,4399.428571428582
AC001335,85800.0,2,1,0.9891764705882353,PH003520,-6.187999999999988,DO NOT TRACE,Viable contact exists P(RPC)=98.92%>=40.00%. EV(trace)=0.228x0.05xINR85800x0.1-INR104=INR-6,928.6588235294092
AC001336,1093750.0,1,1,0.9745437518290897,PH003522,1142.875,DO NOT TRACE,Viable contact exists P(RPC)=97.45%>=40.00%. EV(trace)=0.228x0.05xINR1093750x0.1-INR104=INR1143,27842.77143693314
AC001337,41600.0,2,2,0.9891764705882353,PH003523,-56.57599999999999,DO NOT TRACE,Viable contact exists P(RPC)=98.92%>=40.00%. EV(trace)=0.228x0.05xINR41600x0.1-INR104=INR-57,450.2588235294105
AC001338,72800.0,2,2,0.9745437518290897,PH003525,-21.00799999999998,DO NOT TRACE,Viable contact exists P(RPC)=97.45%>=40.00%. EV(trace)=0.228x0.05xINR72800x0.1-INR104=INR-21,1853.2148668422699
AC001339,22500.0,4,1,0.9424911297852473,PH003527,-78.35,DO NOT TRACE,Viable contact exists P(RPC)=94.25%>=40.00%. EV(trace)=0.228x0.05xINR22500x0.1-INR104=INR-78,1293.9495798319358
AC001340,800550.0,3,3,0.9745437518290897,PH003531,808.6270000000001,DO NOT TRACE,Viable contact exists P(RPC)=97.45%>=40.00%. EV(trace)=0.228x0.05xINR800550x0.1-INR104=INR809,20378.99947322224
AC001341,403000.0,4,3,0.9891764705882353,PH003534,355.42,DO NOT TRACE,Viable contact exists P(RPC)=98.92%>=40.00%. EV(trace)=0.228x0.05xINR403000x0.1-INR104=INR355,4361.882352941165
AC001342,29400.0,1,0,0.008784313725490198,,-70.484,DO NOT TRACE,EV(trace)=INR-70 negative yield or active callable contact points available. EV(trace)=0.228x0.05xINR29400x0.1-INR104=INR-70,29141.74117647059
AC001343,250600.0,3,3,0.10069607843137254,PH000448,181.68400000000003,TRACE,All contacts have poor connection likelihood P(RPC)<15.00%. EV(trace)=0.228x0.05xINR250600x0.1-INR104=INR182. Trace justified.,225365.56274509805
AC001344,1094400.0,2,2,0.9424911297852473,PH003539,1143.616,DO NOT TRACE,Viable contact exists P(RPC)=94.25%>=40.00%. EV(trace)=0.228x0.05xINR1094400x0.1-INR104=INR1144,62937.70756302536
AC001345,174200.0,1,1,0.9745437518290897,PH003541,94.58800000000002,DO NOT TRACE,Viable contact exists P(RPC)=97.45%>=40.00%. EV(trace)=0.228x0.05xINR174200x0.1-INR104=INR95,4434.478431372574
AC001346,864000.0,3,3,0.832097675344733,PH003542,880.96,DO NOT TRACE,Viable contact exists P(RPC)=83.21%>=40.00%. EV(trace)=0.228x0.05xINR864000x0.1-INR104=INR881,145067.6085021507
AC001347,219300.0,5,5,0.9891764705882353,PH003546,146.002,DO NOT TRACE,Viable contact exists P(RPC)=98.92%>=40.00%. EV(trace)=0.228x0.05xINR219300x0.1-INR104=INR146,2373.5999999999935
AC001348,53950.0,3,2,0.9424911297852473,PH003550,-42.497,DO NOT TRACE,Viable contact exists P(RPC)=94.25%>=40.00%. EV(trace)=0.228x0.05xINR53950x0.1-INR104=INR-42,3102.6035480859086
AC001349,148000.0,4,4,0.9745437518290897,PH005924,64.72000000000003,DO NOT TRACE,Viable contact exists P(RPC)=97.45%>=40.00%. EV(trace)=0.228x0.05xINR148000x0.1-INR104=INR65,3767.5247292947247
AC001350,324450.0,2,2,0.9424911297852473,PH003556,265.87300000000005,DO NOT TRACE,Viable contact exists P(RPC)=94.25%>=40.00%. EV(trace)=0.228x0.05xINR324450x0.1-INR104=INR266,18658.752941176514
AC001351,70200.0,5,5,0.9891764705882353,PH003557,-23.971999999999994,DO NOT TRACE,Viable contact exists P(RPC)=98.92%>=40.00%. EV(trace)=0.228x0.05xINR70200x0.1-INR104=INR-24,759.8117647058803
AC001352,41400.0,3,2,0.9891764705882353,PH003561,-56.803999999999995,DO NOT TRACE,Viable contact exists P(RPC)=98.92%>=40.00%. EV(trace)=0.228x0.05xINR41400x0.1-INR104=INR-57,448.0941176470576
AC001353,108650.0,2,2,0.9745437518290897,PH003564,19.86100000000002,DO NOT TRACE,Viable contact exists P(RPC)=97.45%>=40.00%. EV(trace)=0.228x0.05xINR108650x0.1-INR104=INR20,2765.8213637694043
AC001354,60000.0,3,2,0.9745437518290897,PH003565,-35.599999999999994,DO NOT TRACE,Viable contact exists P(RPC)=97.45%>=40.00%. EV(trace)=0.228x0.05xINR60000x0.1-INR104=INR-36,1527.374890254618
AC001355,59400.0,1,1,0.9891764705882353,PH003567,-36.284000000000006,DO NOT TRACE,Viable contact exists P(RPC)=98.92%>=40.00%. EV(trace)=0.228x0.05xINR59400x0.1-INR104=INR-36,642.9176470588218
AC001356,86400.0,2,2,0.9745437518290897,PH003569,-5.503999999999991,DO NOT TRACE,Viable contact exists P(RPC)=97.45%>=40.00%. EV(trace)=0.228x0.05xINR86400x0.1-INR104=INR-6,2199.41984196665
AC001357,292600.0,2,2,0.9424911297852473,PH003571,229.56400000000008,DO NOT TRACE,Viable contact exists P(RPC)=94.25%>=40.00%. EV(trace)=0.228x0.05xINR292600x0.1-INR104=INR230,16827.095424836643
AC001358,150100.0,1,1,0.9891764705882353,PH003572,67.11400000000003,DO NOT TRACE,Viable contact exists P(RPC)=98.92%>=40.00%. EV(trace)=0.228x0.05xINR150100x0.1-INR104=INR67,1624.611764705878
AC001359,831900.0,1,1,0.9745437518290897,PH003573,844.366,DO NOT TRACE,Viable contact exists P(RPC)=97.45%>=40.00%. EV(trace)=0.228x0.05xINR831900x0.1-INR104=INR844,21177.05285338028
AC001360,288600.0,2,2,0.9424911297852473,PH003574,225.00400000000002,DO NOT TRACE,Viable contact exists P(RPC)=94.25%>=40.00%. EV(trace)=0.228x0.05xINR288600x0.1-INR104=INR225,16597.05994397763
AC001361,81600.0,2,2,0.8257777777777777,PH003576,-10.975999999999999,DO NOT TRACE,Viable contact exists P(RPC)=82.58%>=40.00%. EV(trace)=0.228x0.05xINR81600x0.1-INR104=INR-11,14216.533333333338
AC001362,119700.0,4,4,0.9745437518290897,PH003578,32.45800000000003,DO NOT TRACE,Viable contact exists P(RPC)=97.45%>=40.00%. EV(trace)=0.228x0.05xINR119700x0.1-INR104=INR32,3047.112906057963
AC001363,279650.0,3,3,0.7969544199696745,PH003583,214.80100000000004,DO NOT TRACE,Viable contact exists P(RPC)=79.70%>=40.00%. EV(trace)=0.228x0.05xINR279650x0.1-INR104=INR215,56781.696455480516
AC001364,93100.0,1,1,0.07136253650396328,PH003584,2.1340000000000146,TRACE,All contacts have poor connection likelihood P(RPC)<15.00%. EV(trace)=0.228x0.05xINR93100x0.1-INR104=INR2. Trace justified.,86456.14785148102
AC001365,36800.0,1,1,0.9891764705882353,PH003585,-62.047999999999995,DO NOT TRACE,Viable contact exists P(RPC)=98.92%>=40.00%. EV(trace)=0.228x0.05xINR36800x0.1-INR104=INR-62,398.3058823529401
AC001366,29700.0,2,2,0.9891764705882353,PH003586,-70.142,DO NOT TRACE,Viable contact exists P(RPC)=98.92%>=40.00%. EV(trace)=0.228x0.05xINR29700x0.1-INR104=INR-70,321.4588235294109
AC001367,262400.0,4,4,0.9891764705882353,PH003589,195.13600000000002,DO NOT TRACE,Viable contact exists P(RPC)=98.92%>=40.00%. EV(trace)=0.228x0.05xINR262400x0.1-INR104=INR195,2840.094117647051
AC001368,149600.0,3,3,0.9745437518290897,PH003593,66.54400000000001,DO NOT TRACE,Viable contact exists P(RPC)=97.45%>=40.00%. EV(trace)=0.228x0.05xINR149600x0.1-INR104=INR67,3808.254726368181
AC001369,222950.0,2,2,0.9424911297852473,PH003595,150.163,DO NOT TRACE,Viable contact exists P(RPC)=94.25%>=40.00%. EV(trace)=0.228x0.05xINR222950x0.1-INR104=INR150,12821.602614379115
AC001370,364800.0,2,2,0.2888963585434174,PH000283,311.87200000000007,DO NOT TRACE,EV(trace)=INR312 negative yield or active callable contact points available. EV(trace)=0.228x0.05xINR364800x0.1-INR104=INR312,259410.60840336132
AC001371,35100.0,2,2,0.9891764705882353,PH003599,-63.986,DO NOT TRACE,Viable contact exists P(RPC)=98.92%>=40.00%. EV(trace)=0.228x0.05xINR35100x0.1-INR104=INR-64,379.9058823529401
AC001372,52200.0,4,1,0.9745437518290897,PH003600,-44.49199999999999,DO NOT TRACE,Viable contact exists P(RPC)=97.45%>=40.00%. EV(trace)=0.228x0.05xINR52200x0.1-INR104=INR-44,1328.8161545215178
AC001373,76950.0,1,1,0.9745437518290897,PH003604,-16.276999999999987,DO NOT TRACE,Viable contact exists P(RPC)=97.45%>=40.00%. EV(trace)=0.228x0.05xINR76950x0.1-INR104=INR-16,1958.8582967515476
AC001374,1146800.0,2,2,0.7440784313725489,PH003606,1203.352,DO NOT TRACE,Viable contact exists P(RPC)=74.41%>=40.00%. EV(trace)=0.228x0.05xINR1146800x0.1-INR104=INR1203,293490.8549019609
AC001375,162000.0,3,3,0.8911372549019607,PH003607,80.68,DO NOT TRACE,Viable contact exists P(RPC)=89.11%>=40.00%. EV(trace)=0.228x0.05xINR162000x0.1-INR104=INR81,17635.764705882364
AC001376,77900.0,2,1,0.029643721318314557,PH003611,-15.193999999999988,DO NOT TRACE,EV(trace)=INR-15 negative yield or active callable contact points available. EV(trace)=0.228x0.05xINR77900x0.1-INR104=INR-15,75590.75410930329
AC001377,72000.0,2,2,0.9745437518290897,PH003612,-21.919999999999987,DO NOT TRACE,Viable contact exists P(RPC)=97.45%>=40.00%. EV(trace)=0.228x0.05xINR72000x0.1-INR104=INR-22,1832.8498683055416
AC001378,62100.0,3,2,0.9891764705882353,PH003615,-33.20599999999999,DO NOT TRACE,Viable contact exists P(RPC)=98.92%>=40.00%. EV(trace)=0.228x0.05xINR62100x0.1-INR104=INR-33,672.1411764705864
AC001379,183000.0,4,3,0.9745437518290897,PH003617,104.62000000000003,DO NOT TRACE,Viable contact exists P(RPC)=97.45%>=40.00%. EV(trace)=0.228x0.05xINR183000x0.1-INR104=INR105,4658.493415276585
AC001380,376000.0,2,2,0.9424911297852473,PH003620,324.6400000000001,DO NOT TRACE,Viable contact exists P(RPC)=94.25%>=40.00%. EV(trace)=0.228x0.05xINR376000x0.1-INR104=INR325,21623.335200747017
AC001381,1080000.0,3,3,0.9745437518290897,PH003622,1127.2,DO NOT TRACE,Viable contact exists P(RPC)=97.45%>=40.00%. EV(trace)=0.228x0.05xINR1080000x0.1-INR104=INR1127,27492.748024583125
AC001382,88550.0,3,1,0.9745437518290897,PH003625,-3.0529999999999973,DO NOT TRACE,Viable contact exists P(RPC)=97.45%>=40.00%. EV(trace)=0.228x0.05xINR88550x0.1-INR104=INR-3,2254.150775534107
AC001383,264600.0,2,2,0.8257777777777777,PH003629,197.644,DO NOT TRACE,Viable contact exists P(RPC)=82.58%>=40.00%. EV(trace)=0.228x0.05xINR264600x0.1-INR104=INR198,46099.20000000001
AC001384,170200.0,2,2,0.9891764705882353,PH003630,90.02800000000002,DO NOT TRACE,Viable contact exists P(RPC)=98.92%>=40.00%. EV(trace)=0.228x0.05xINR170200x0.1-INR104=INR90,1842.164705882348
AC001385,269800.0,4,4,0.029643721318314557,PH003633,203.57200000000006,TRACE,All contacts have poor connection likelihood P(RPC)<15.00%. EV(trace)=0.228x0.05xINR269800x0.1-INR104=INR204. Trace justified.,261802.12398831872
AC001386,48600.0,2,2,0.43770588235294117,PH003637,-48.596000000000004,DO NOT TRACE,Viable contact exists P(RPC)=43.77%>=40.00%. EV(trace)=0.228x0.05xINR48600x0.1-INR104=INR-49,27327.49411764706
AC001387,69600.0,2,1,0.8257777777777777,PH003639,-24.65599999999999,DO NOT TRACE,Viable contact exists P(RPC)=82.58%>=40.00%. EV(trace)=0.228x0.05xINR69600x0.1-INR104=INR-25,12125.86666666667
AC001388,64800.0,2,2,0.07136253650396328,PH003640,-30.128,DO NOT TRACE,EV(trace)=INR-30 negative yield or active callable contact points available. EV(trace)=0.228x0.05xINR64800x0.1-INR104=INR-30,60175.70763454318
AC001389,28350.0,2,0,0.008784313725490198,,-71.681,DO NOT TRACE,EV(trace)=INR-72 negative yield or active callable contact points available. EV(trace)=0.228x0.05xINR28350x0.1-INR104=INR-72,28100.964705882354
AC001390,155750.0,1,1,0.9424911297852473,PH003644,73.555,DO NOT TRACE,Viable contact exists P(RPC)=94.25%>=40.00%. EV(trace)=0.228x0.05xINR155750x0.1-INR104=INR74,8957.006535947734
AC001391,226100.0,2,2,0.9745437518290897,PH003645,153.75400000000002,DO NOT TRACE,Viable contact exists P(RPC)=97.45%>=40.00%. EV(trace)=0.228x0.05xINR226100x0.1-INR104=INR154,5755.657711442819
AC001392,157500.0,3,3,0.9891764705882353,PH003648,75.55000000000001,DO NOT TRACE,Viable contact exists P(RPC)=98.92%>=40.00%. EV(trace)=0.228x0.05xINR157500x0.1-INR104=INR76,1704.7058823529364
AC001393,483750.0,2,2,0.8911372549019607,PH003650,447.475,DO NOT TRACE,Viable contact exists P(RPC)=89.11%>=40.00%. EV(trace)=0.228x0.05xINR483750x0.1-INR104=INR447,52662.352941176505
AC001394,45600.0,2,0,0.43770588235294117,,-52.01599999999999,DO NOT TRACE,EV(trace)=INR-52 negative yield or active callable contact points available. EV(trace)=0.228x0.05xINR45600x0.1-INR104=INR-52,25640.61176470588
AC001395,26000.0,4,1,0.9745437518290897,PH003654,-74.36,DO NOT TRACE,Viable contact exists P(RPC)=97.45%>=40.00%. EV(trace)=0.228x0.05xINR26000x0.1-INR104=INR-74,661.8624524436678
AC001396,25600.0,2,1,0.9891764705882353,PH003658,-74.816,DO NOT TRACE,Viable contact exists P(RPC)=98.92%>=40.00%. EV(trace)=0.228x0.05xINR25600x0.1-INR104=INR-75,277.0823529411757
AC001397,69000.0,2,1,0.9891764705882353,PH003660,-25.33999999999999,DO NOT TRACE,Viable contact exists P(RPC)=98.92%>=40.00%. EV(trace)=0.228x0.05xINR69000x0.1-INR104=INR-25,746.8235294117627
AC001398,160950.0,2,2,0.9745437518290897,PH003662,79.48300000000003,DO NOT TRACE,Viable contact exists P(RPC)=97.45%>=40.00%. EV(trace)=0.228x0.05xINR160950x0.1-INR104=INR79,4097.183143108013
AC001399,138750.0,2,2,0.029643721318314557,PH003665,54.17500000000001,TRACE,All contacts have poor connection likelihood P(RPC)<15.00%. EV(trace)=0.228x0.05xINR138750x0.1-INR104=INR54. Trace justified.,134636.93366708385
AC001400,361500.0,3,3,0.9891764705882353,PH003666,308.11000000000007,DO NOT TRACE,Viable contact exists P(RPC)=98.92%>=40.00%. EV(trace)=0.228x0.05xINR361500x0.1-INR104=INR308,3912.7058823529305
AC001401,820800.0,3,3,0.9424911297852473,PH003670,831.7120000000001,DO NOT TRACE,Viable contact exists P(RPC)=94.25%>=40.00%. EV(trace)=0.228x0.05xINR820800x0.1-INR104=INR832,47203.28067226902
AC001402,150150.0,3,3,0.9891764705882353,PH003672,67.17100000000002,DO NOT TRACE,Viable contact exists P(RPC)=98.92%>=40.00%. EV(trace)=0.228x0.05xINR150150x0.1-INR104=INR67,1625.1529411764661
AC001403,46800.0,2,1,0.8491204481792716,PH003675,-50.647999999999996,DO NOT TRACE,Viable contact exists P(RPC)=84.91%>=40.00%. EV(trace)=0.228x0.05xINR46800x0.1-INR104=INR-51,7061.16302521009
AC001404,44400.0,2,2,0.9745437518290897,PH003676,-53.38399999999999,DO NOT TRACE,Viable contact exists P(RPC)=97.45%>=40.00%. EV(trace)=0.228x0.05xINR44400x0.1-INR104=INR-53,1130.2574187884175
AC001405,66000.0,3,2,0.43770588235294117,PH003680,-28.760000000000005,DO NOT TRACE,Viable contact exists P(RPC)=43.77%>=40.00%. EV(trace)=0.228x0.05xINR66000x0.1-INR104=INR-29,37111.41176470588
AC001406,516150.0,2,2,0.9424911297852473,PH003682,484.41100000000006,DO NOT TRACE,Viable contact exists P(RPC)=94.25%>=40.00%. EV(trace)=0.228x0.05xINR516150x0.1-INR104=INR484,29683.203361344607
AC001407,257600.0,2,2,0.07136253650396328,PH003684,189.66400000000004,TRACE,All contacts have poor connection likelihood P(RPC)<15.00%. EV(trace)=0.228x0.05xINR257600x0.1-INR104=INR190. Trace justified.,239217.01059657906
AC001408,127500.0,1,1,0.9891764705882353,PH003685,41.349999999999994,DO NOT TRACE,Viable contact exists P(RPC)=98.92%>=40.00%. EV(trace)=0.228x0.05xINR127500x0.1-INR104=INR41,1379.9999999999961
AC001409,68400.0,2,1,0.9745437518290897,PH003686,-26.024,DO NOT TRACE,Viable contact exists P(RPC)=97.45%>=40.00%. EV(trace)=0.228x0.05xINR68400x0.1-INR104=INR-26,1741.2073748902646
AC001410,891250.0,1,1,0.9891764705882353,PH003688,912.0250000000001,DO NOT TRACE,Viable contact exists P(RPC)=98.92%>=40.00%. EV(trace)=0.228x0.05xINR891250x0.1-INR104=INR912,9646.470588235268
AC001411,40000.0,2,2,0.9745437518290897,PH003689,-58.4,DO NOT TRACE,Viable contact exists P(RPC)=97.45%>=40.00%. EV(trace)=0.228x0.05xINR40000x0.1-INR104=INR-58,1018.249926836412
AC001412,652500.0,1,1,0.9745437518290897,PH003691,639.85,DO NOT TRACE,Viable contact exists P(RPC)=97.45%>=40.00%. EV(trace)=0.228x0.05xINR652500x0.1-INR104=INR640,16610.201931518972
AC001413,40000.0,3,1,0.8257777777777777,PH003692,-58.4,DO NOT TRACE,Viable contact exists P(RPC)=82.58%>=40.00%. EV(trace)=0.228x0.05xINR40000x0.1-INR104=INR-58,6968.888888888891
AC001414,85500.0,3,3,0.9424911297852473,PH003695,-6.529999999999987,DO NOT TRACE,Viable contact exists P(RPC)=94.25%>=40.00%. EV(trace)=0.228x0.05xINR85500x0.1-INR104=INR-7,4917.008403361357
AC001415,779400.0,3,3,0.8911372549019607,PH003698,784.5160000000001,DO NOT TRACE,Viable contact exists P(RPC)=89.11%>=40.00%. EV(trace)=0.228x0.05xINR779400x0.1-INR104=INR785,84847.62352941182
AC001416,21600.0,2,2,0.9745437518290897,PH003701,-79.376,DO NOT TRACE,Viable contact exists P(RPC)=97.45%>=40.00%. EV(trace)=0.228x0.05xINR21600x0.1-INR104=INR-79,549.8549604916625
AC001417,184500.0,1,1,0.9891764705882353,PH003703,106.33000000000004,DO NOT TRACE,Viable contact exists P(RPC)=98.92%>=40.00%. EV(trace)=0.228x0.05xINR184500x0.1-INR104=INR106,1996.9411764705828
AC001418,135700.0,2,2,0.9745437518290897,PH003704,50.69800000000001,DO NOT TRACE,Viable contact exists P(RPC)=97.45%>=40.00%. EV(trace)=0.228x0.05xINR135700x0.1-INR104=INR51,3454.4128767925276
AC001419,98900.0,2,1,0.9891764705882353,PH003706,8.74600000000001,DO NOT TRACE,Viable contact exists P(RPC)=98.92%>=40.00%. EV(trace)=0.228x0.05xINR98900x0.1-INR104=INR9,1070.4470588235265
AC001420,106250.0,3,2,0.9745437518290897,PH000194,17.125,DO NOT TRACE,Viable contact exists P(RPC)=97.45%>=40.00%. EV(trace)=0.228x0.05xINR106250x0.1-INR104=INR17,2704.7263681592194
AC001421,144300.0,3,3,0.10069607843137254,PH003710,60.50200000000001,TRACE,All contacts have poor connection likelihood P(RPC)<15.00%. EV(trace)=0.228x0.05xINR144300x0.1-INR104=INR61. Trace justified.,129769.55588235294
AC001422,37800.0,2,0,0.008784313725490198,,-60.907999999999994,DO NOT TRACE,EV(trace)=INR-61 negative yield or active callable contact points available. EV(trace)=0.228x0.05xINR37800x0.1-INR104=INR-61,37467.952941176474
AC001423,602600.0,2,2,0.2888963585434174,PH003715,582.964,DO NOT TRACE,EV(trace)=INR583 negative yield or active callable contact points available. EV(trace)=0.228x0.05xINR602600x0.1-INR104=INR583,428511.05434173666
AC001424,159600.0,3,3,0.10069607843137254,PH003716,77.94400000000002,TRACE,All contacts have poor connection likelihood P(RPC)<15.00%. EV(trace)=0.228x0.05xINR159600x0.1-INR104=INR78. Trace justified.,143528.90588235293
AC001425,63000.0,4,3,0.8257777777777777,PH003721,-32.17999999999999,DO NOT TRACE,Viable contact exists P(RPC)=82.58%>=40.00%. EV(trace)=0.228x0.05xINR63000x0.1-INR104=INR-32,10976.000000000004
AC001426,90600.0,2,2,0.9745437518290897,PH003722,-0.7159999999999798,DO NOT TRACE,Viable contact exists P(RPC)=97.45%>=40.00%. EV(trace)=0.228x0.05xINR90600x0.1-INR104=INR-1,2306.336084284473
AC001427,26400.0,2,1,0.9745437518290897,PH003724,-73.904,DO NOT TRACE,Viable contact exists P(RPC)=97.45%>=40.00%. EV(trace)=0.228x0.05xINR26400x0.1-INR104=INR-74,672.0449517120319
AC001428,504400.0,3,3,0.9424911297852473,PH003726,471.01599999999996,DO NOT TRACE,Viable contact exists P(RPC)=94.25%>=40.00%. EV(trace)=0.228x0.05xINR504400x0.1-INR104=INR471,29007.474136321263
AC001429,54250.0,3,1,0.9891764705882353,PH003729,-42.154999999999994,DO NOT TRACE,Viable contact exists P(RPC)=98.92%>=40.00%. EV(trace)=0.228x0.05xINR54250x0.1-INR104=INR-42,587.1764705882337
AC001430,123600.0,2,2,0.07136253650396328,PH005956,36.903999999999996,TRACE,All contacts have poor connection likelihood P(RPC)<15.00%. EV(trace)=0.228x0.05xINR123600x0.1-INR104=INR37. Trace justified.,114779.59048811013
AC001431,149850.0,1,1,0.9891764705882353,PH003733,66.82900000000001,DO NOT TRACE,Viable contact exists P(RPC)=98.92%>=40.00%. EV(trace)=0.228x0.05xINR149850x0.1-INR104=INR67,1621.9058823529367
AC001432,60200.0,3,1,0.9424911297852473,PH003735,-35.372,DO NOT TRACE,Viable contact exists P(RPC)=94.25%>=40.00%. EV(trace)=0.228x0.05xINR60200x0.1-INR104=INR-35,3462.033986928113
AC001433,84600.0,4,4,0.9745437518290897,PH000143,-7.555999999999983,DO NOT TRACE,Viable contact exists P(RPC)=97.45%>=40.00%. EV(trace)=0.228x0.05xINR84600x0.1-INR104=INR-8,2153.5985952590113
AC001434,114700.0,1,1,0.9891764705882353,PH003739,26.75800000000001,DO NOT TRACE,Viable contact exists P(RPC)=98.92%>=40.00%. EV(trace)=0.228x0.05xINR114700x0.1-INR104=INR27,1241.4588235294084
AC001435,288750.0,2,2,0.9891764705882353,PH003741,225.175,DO NOT TRACE,Viable contact exists P(RPC)=98.92%>=40.00%. EV(trace)=0.228x0.05xINR288750x0.1-INR104=INR225,3125.2941176470504
AC001436,171500.0,2,2,0.9745437518290897,PH000146,91.51000000000002,DO NOT TRACE,Viable contact exists P(RPC)=97.45%>=40.00%. EV(trace)=0.228x0.05xINR171500x0.1-INR104=INR92,4365.746561311116
AC001437,42900.0,1,0,0.008784313725490198,,-55.093999999999994,DO NOT TRACE,EV(trace)=INR-55 negative yield or active callable contact points available. EV(trace)=0.228x0.05xINR42900x0.1-INR104=INR-55,42523.15294117647
AC001438,104000.0,4,3,0.8911372549019607,PH003744,14.560000000000016,DO NOT TRACE,Viable contact exists P(RPC)=89.11%>=40.00%. EV(trace)=0.228x0.05xINR104000x0.1-INR104=INR15,11321.725490196086
AC001439,207000.0,2,2,0.9424911297852473,PH005828,131.98000000000002,DO NOT TRACE,Viable contact exists P(RPC)=94.25%>=40.00%. EV(trace)=0.228x0.05xINR207000x0.1-INR104=INR132,11904.33613445381
AC001440,545400.0,4,4,0.9891764705882353,PH003748,517.7560000000001,DO NOT TRACE,Viable contact exists P(RPC)=98.92%>=40.00%. EV(trace)=0.228x0.05xINR545400x0.1-INR104=INR518,5903.152941176454
AC001441,63000.0,1,1,0.8911372549019607,PH003752,-32.17999999999999,DO NOT TRACE,Viable contact exists P(RPC)=89.11%>=40.00%. EV(trace)=0.228x0.05xINR63000x0.1-INR104=INR-32,6858.352941176475
AC001442,364250.0,1,1,0.9891764705882353,PH003753,311.245,DO NOT TRACE,Viable contact exists P(RPC)=98.92%>=40.00%. EV(trace)=0.228x0.05xINR364250x0.1-INR104=INR311,3942.4705882352832
AC001443,1071000.0,2,2,0.9745437518290897,PH003754,1116.94,DO NOT TRACE,Viable contact exists P(RPC)=97.45%>=40.00%. EV(trace)=0.228x0.05xINR1071000x0.1-INR104=INR1117,27263.64179104493
AC001444,423000.0,2,2,0.8491204481792716,PH003757,378.22,DO NOT TRACE,Viable contact exists P(RPC)=84.91%>=40.00%. EV(trace)=0.228x0.05xINR423000x0.1-INR104=INR378,63822.050420168125
AC001445,556050.0,3,3,0.9891764705882353,PH003759,529.897,DO NOT TRACE,Viable contact exists P(RPC)=98.92%>=40.00%. EV(trace)=0.228x0.05xINR556050x0.1-INR104=INR530,6018.423529411748
AC001446,176250.0,3,3,0.9891764705882353,PH003762,96.92500000000001,DO NOT TRACE,Viable contact exists P(RPC)=98.92%>=40.00%. EV(trace)=0.228x0.05xINR176250x0.1-INR104=INR97,1907.6470588235243
AC001447,499100.0,1,1,0.9745437518290897,PH003764,464.97400000000005,DO NOT TRACE,Viable contact exists P(RPC)=97.45%>=40.00%. EV(trace)=0.228x0.05xINR499100x0.1-INR104=INR465,12705.21346210133
AC001448,44950.0,3,1,0.9891764705882353,PH003765,-52.75699999999999,DO NOT TRACE,Viable contact exists P(RPC)=98.92%>=40.00%. EV(trace)=0.228x0.05xINR44950x0.1-INR104=INR-53,486.5176470588222
AC001449,492200.0,2,2,0.9745437518290897,PH003768,457.10800000000006,DO NOT TRACE,Viable contact exists P(RPC)=97.45%>=40.00%. EV(trace)=0.228x0.05xINR492200x0.1-INR104=INR457,12529.56534972205
AC001450,14850.0,3,1,0.9891764705882353,PH003770,-87.071,DO NOT TRACE,Viable contact exists P(RPC)=98.92%>=40.00%. EV(trace)=0.228x0.05xINR14850x0.1-INR104=INR-87,160.72941176470545
AC001451,345800.0,3,3,0.9424911297852473,PH000543,290.21200000000005,DO NOT TRACE,Viable contact exists P(RPC)=94.25%>=40.00%. EV(trace)=0.228x0.05xINR345800x0.1-INR104=INR290,19886.567320261485
AC001452,112000.0,2,1,0.9424911297852473,PH003775,23.680000000000007,DO NOT TRACE,Viable contact exists P(RPC)=94.25%>=40.00%. EV(trace)=0.228x0.05xINR112000x0.1-INR104=INR24,6440.993464052303
AC001453,59850.0,1,1,0.9424911297852473,PH003777,-35.77099999999999,DO NOT TRACE,Viable contact exists P(RPC)=94.25%>=40.00%. EV(trace)=0.228x0.05xINR59850x0.1-INR104=INR-36,3441.9058823529494
AC001454,94600.0,2,1,0.9891764705882353,PH003778,3.8440000000000083,DO NOT TRACE,Viable contact exists P(RPC)=98.92%>=40.00%. EV(trace)=0.228x0.05xINR94600x0.1-INR104=INR4,1023.9058823529384
AC001455,610000.0,4,4,0.9745437518290897,PH003781,591.4000000000001,DO NOT TRACE,Viable contact exists P(RPC)=97.45%>=40.00%. EV(trace)=0.228x0.05xINR610000x0.1-INR104=INR591,15528.311384255283
AC001456,134400.0,4,4,0.9745437518290897,PH003784,49.21600000000001,DO NOT TRACE,Viable contact exists P(RPC)=97.45%>=40.00%. EV(trace)=0.228x0.05xINR134400x0.1-INR104=INR49,3421.3197541703444
AC001457,636550.0,1,1,0.9745437518290897,PH003788,621.667,DO NOT TRACE,Viable contact exists P(RPC)=97.45%>=40.00%. EV(trace)=0.228x0.05xINR636550x0.1-INR104=INR622,16204.174773192952
AC001458,342350.0,5,5,0.9745437518290897,PH003790,286.279,DO NOT TRACE,Viable contact exists P(RPC)=97.45%>=40.00%. EV(trace)=0.228x0.05xINR342350x0.1-INR104=INR286,8714.94656131114
AC001459,382500.0,3,3,0.9745437518290897,PH003793,332.05,DO NOT TRACE,Viable contact exists P(RPC)=97.45%>=40.00%. EV(trace)=0.228x0.05xINR382500x0.1-INR104=INR332,9737.01492537319
AC001460,185900.0,4,4,0.9745437518290897,PH003797,107.92600000000004,DO NOT TRACE,Viable contact exists P(RPC)=97.45%>=40.00%. EV(trace)=0.228x0.05xINR185900x0.1-INR104=INR108,4732.316534972225
AC001461,242050.0,2,2,0.9891764705882353,PH003801,171.937,DO NOT TRACE,Viable contact exists P(RPC)=98.92%>=40.00%. EV(trace)=0.228x0.05xINR242050x0.1-INR104=INR172,2619.83529411764
AC001462,1656000.0,1,1,0.9745437518290897,PH003802,1783.8400000000001,DO NOT TRACE,Viable contact exists P(RPC)=97.45%>=40.00%. EV(trace)=0.228x0.05xINR1656000x0.1-INR104=INR1784,42155.546971027456
AC001463,56550.0,2,1,0.9745437518290897,PH003803,-39.53299999999999,DO NOT TRACE,Viable contact exists P(RPC)=97.45%>=40.00%. EV(trace)=0.228x0.05xINR56550x0.1-INR104=INR-40,1439.5508340649776
AC001464,24750.0,3,2,0.9745437518290897,PH005864,-75.785,DO NOT TRACE,Viable contact exists P(RPC)=97.45%>=40.00%. EV(trace)=0.228x0.05xINR24750x0.1-INR104=INR-76,630.04214223003
AC001465,402900.0,4,4,0.9745437518290897,PH003808,355.30600000000004,DO NOT TRACE,Viable contact exists P(RPC)=97.45%>=40.00%. EV(trace)=0.228x0.05xINR402900x0.1-INR104=INR355,10256.32238805976
AC001466,1130500.0,2,2,0.8911372549019607,PH003810,1184.7700000000002,DO NOT TRACE,Viable contact exists P(RPC)=89.11%>=40.00%. EV(trace)=0.228x0.05xINR1130500x0.1-INR104=INR1185,123069.3333333334
AC001467,15750.0,1,1,0.9891764705882353,PH003812,-86.045,DO NOT TRACE,Viable contact exists P(RPC)=98.92%>=40.00%. EV(trace)=0.228x0.05xINR15750x0.1-INR104=INR-86,170.47058823529366
AC001468,64600.0,2,1,0.10069607843137254,PH003813,-30.355999999999995,DO NOT TRACE,EV(trace)=INR-30 negative yield or active callable contact points available. EV(trace)=0.228x0.05xINR64600x0.1-INR104=INR-30,58095.03333333333
AC001469,90000.0,3,3,0.9424911297852473,PH003815,-1.3999999999999915,DO NOT TRACE,Viable contact exists P(RPC)=94.25%>=40.00%. EV(trace)=0.228x0.05xINR90000x0.1-INR104=INR-1,5175.798319327743
AC001470,422000.0,3,3,0.9745437518290897,PH003819,377.08000000000004,DO NOT TRACE,Viable contact exists P(RPC)=97.45%>=40.00%. EV(trace)=0.228x0.05xINR422000x0.1-INR104=INR377,10742.536728124147
AC001471,88800.0,3,1,0.9424911297852473,PH003821,-2.7679999999999865,DO NOT TRACE,Viable contact exists P(RPC)=94.25%>=40.00%. EV(trace)=0.228x0.05xINR88800x0.1-INR104=INR-3,5106.787675070041
AC001472,41650.0,3,2,0.8257777777777777,PH003823,-56.519,DO NOT TRACE,Viable contact exists P(RPC)=82.58%>=40.00%. EV(trace)=0.228x0.05xINR41650x0.1-INR104=INR-57,7256.355555555558
AC001473,123000.0,3,3,0.9745437518290897,PH005942,36.22,DO NOT TRACE,Viable contact exists P(RPC)=97.45%>=40.00%. EV(trace)=0.228x0.05xINR123000x0.1-INR104=INR36,3131.118525021967
AC001474,415650.0,2,2,0.9745437518290897,PH003828,369.841,DO NOT TRACE,Viable contact exists P(RPC)=97.45%>=40.00%. EV(trace)=0.228x0.05xINR415650x0.1-INR104=INR370,10580.889552238867
AC001475,431200.0,2,2,0.9891764705882353,PH003830,387.56800000000004,DO NOT TRACE,Viable contact exists P(RPC)=98.92%>=40.00%. EV(trace)=0.228x0.05xINR431200x0.1-INR104=INR388,4667.105882352928
AC001476,381600.0,2,2,0.029643721318314557,PH003832,331.024,TRACE,All contacts have poor connection likelihood P(RPC)<15.00%. EV(trace)=0.228x0.05xINR381600x0.1-INR104=INR331. Trace justified.,370287.95594493113
AC001477,320450.0,1,1,0.008784313725490198,PH003834,261.31300000000005,TRACE,All contacts have poor connection likelihood P(RPC)<15.00%. EV(trace)=0.228x0.05xINR320450x0.1-INR104=INR261. Trace justified.,317635.06666666665
AC001478,266250.0,1,1,0.9424911297852473,PH003835,199.52500000000003,DO NOT TRACE,Viable contact exists P(RPC)=94.25%>=40.00%. EV(trace)=0.228x0.05xINR266250x0.1-INR104=INR200,15311.736694677908
AC001479,186900.0,4,4,0.07136253650396328,PH003837,109.066,TRACE,All contacts have poor connection likelihood P(RPC)<15.00%. EV(trace)=0.228x0.05xINR186900x0.1-INR104=INR109. Trace justified.,173562.34192740926
AC001480,34200.0,2,2,0.9891764705882353,PH003840,-65.012,DO NOT TRACE,Viable contact exists P(RPC)=98.92%>=40.00%. EV(trace)=0.228x0.05xINR34200x0.1-INR104=INR-65,370.16470588235194
AC001481,247650.0,2,2,0.8257777777777777,PH003841,178.32100000000003,DO NOT TRACE,Viable contact exists P(RPC)=82.58%>=40.00%. EV(trace)=0.228x0.05xINR247650x0.1-INR104=INR178,43146.133333333346
AC001482,75200.0,4,4,0.9424911297852473,PH003843,-18.27199999999999,DO NOT TRACE,Viable contact exists P(RPC)=94.25%>=40.00%. EV(trace)=0.228x0.05xINR75200x0.1-INR104=INR-18,4324.667040149404
AC001483,94250.0,3,3,0.9891764705882353,PH003847,3.4450000000000074,DO NOT TRACE,Viable contact exists P(RPC)=98.92%>=40.00%. EV(trace)=0.228x0.05xINR94250x0.1-INR104=INR3,1020.1176470588207
AC001484,920000.0,4,3,0.9891764705882353,PH003849,944.8,DO NOT TRACE,Viable contact exists P(RPC)=98.92%>=40.00%. EV(trace)=0.228x0.05xINR920000x0.1-INR104=INR945,9957.647058823502
AC001485,71400.0,4,2,0.9891764705882353,PH003853,-22.603999999999985,DO NOT TRACE,Viable contact exists P(RPC)=98.92%>=40.00%. EV(trace)=0.228x0.05xINR71400x0.1-INR104=INR-23,772.7999999999979
AC001486,74100.0,2,2,0.8491204481792716,PH003856,-19.525999999999996,DO NOT TRACE,Viable contact exists P(RPC)=84.91%>=40.00%. EV(trace)=0.228x0.05xINR74100x0.1-INR104=INR-20,11180.174789915976
AC001487,381100.0,2,2,0.9745437518290897,PH003858,330.454,DO NOT TRACE,Viable contact exists P(RPC)=97.45%>=40.00%. EV(trace)=0.228x0.05xINR381100x0.1-INR104=INR330,9701.376177933915
AC001488,50000.0,3,3,0.9745437518290897,PH005836,-47.0,DO NOT TRACE,Viable contact exists P(RPC)=97.45%>=40.00%. EV(trace)=0.228x0.05xINR50000x0.1-INR104=INR-47,1272.812408545515
AC001489,1780200.0,2,2,0.9745437518290897,PH003862,1925.4280000000003,DO NOT TRACE,Viable contact exists P(RPC)=97.45%>=40.00%. EV(trace)=0.228x0.05xINR1780200x0.1-INR104=INR1925,45317.21299385452
AC001490,84000.0,3,1,0.029643721318314557,PH000015,-8.239999999999995,DO NOT TRACE,EV(trace)=INR-8 negative yield or active callable contact points available. EV(trace)=0.228x0.05xINR84000x0.1-INR104=INR-8,81509.92740926157
AC001491,137250.0,2,2,0.9745437518290897,PH003866,52.46500000000003,DO NOT TRACE,Viable contact exists P(RPC)=97.45%>=40.00%. EV(trace)=0.228x0.05xINR137250x0.1-INR104=INR52,3493.8700614574386
AC001492,173800.0,1,1,0.9891764705882353,PH003867,94.13200000000003,DO NOT TRACE,Viable contact exists P(RPC)=98.92%>=40.00%. EV(trace)=0.228x0.05xINR173800x0.1-INR104=INR94,1881.1294117647008
AC001493,82500.0,2,2,0.9745437518290897,PH003869,-9.949999999999989,DO NOT TRACE,Viable contact exists P(RPC)=97.45%>=40.00%. EV(trace)=0.228x0.05xINR82500x0.1-INR104=INR-10,2100.1404741000997
AC001494,414950.0,4,4,0.07136253650396328,PH003870,369.04300000000006,TRACE,All contacts have poor connection likelihood P(RPC)<15.00%. EV(trace)=0.228x0.05xINR414950x0.1-INR104=INR369. Trace justified.,385338.1154776804
AC001495,32550.0,1,1,0.8911372549019607,PH003873,-66.893,DO NOT TRACE,Viable contact exists P(RPC)=89.11%>=40.00%. EV(trace)=0.228x0.05xINR32550x0.1-INR104=INR-67,3543.4823529411788
AC001496,230850.0,4,4,0.9745437518290897,PH003874,159.16900000000004,DO NOT TRACE,Viable contact exists P(RPC)=97.45%>=40.00%. EV(trace)=0.228x0.05xINR230850x0.1-INR104=INR159,5876.574890254643
AC001497,660000.0,3,3,0.9424911297852473,PH003878,648.4000000000001,DO NOT TRACE,Viable contact exists P(RPC)=94.25%>=40.00%. EV(trace)=0.228x0.05xINR660000x0.1-INR104=INR648,37955.854341736784
AC001498,112000.0,3,3,0.9745437518290897,PH003881,23.680000000000007,DO NOT TRACE,Viable contact exists P(RPC)=97.45%>=40.00%. EV(trace)=0.228x0.05xINR112000x0.1-INR104=INR24,2851.0997951419536
AC001499,168000.0,1,1,0.9424911297852473,PH003884,87.52000000000001,DO NOT TRACE,Viable contact exists P(RPC)=94.25%>=40.00%. EV(trace)=0.228x0.05xINR168000x0.1-INR104=INR88,9661.490196078454
AC001500,96250.0,2,2,0.43770588235294117,PH003885,5.7250000000000085,DO NOT TRACE,Viable contact exists P(RPC)=43.77%>=40.00%. EV(trace)=0.228x0.05xINR96250x0.1-INR104=INR6,54120.80882352941
AC001501,44950.0,3,3,0.9424911297852473,PH003887,-52.75699999999999,DO NOT TRACE,Viable contact exists P(RPC)=94.25%>=40.00%. EV(trace)=0.228x0.05xINR44950x0.1-INR104=INR-53,2585.023716153134
AC001502,27900.0,1,1,0.9891764705882353,PH003890,-72.194,DO NOT TRACE,Viable contact exists P(RPC)=98.92%>=40.00%. EV(trace)=0.228x0.05xINR27900x0.1-INR104=INR-72,301.97647058823446
AC001503,163800.0,2,2,0.9745437518290897,PH003891,82.73200000000003,DO NOT TRACE,Viable contact exists P(RPC)=97.45%>=40.00%. EV(trace)=0.228x0.05xINR163800x0.1-INR104=INR83,4169.733450395107
AC001504,1312400.0,3,3,0.9745437518290897,PH003893,1392.1360000000002,DO NOT TRACE,Viable contact exists P(RPC)=97.45%>=40.00%. EV(trace)=0.228x0.05xINR1312400x0.1-INR104=INR1392,33408.78009950268
AC001505,175750.0,2,2,0.7440784313725489,PH003897,96.35500000000002,DO NOT TRACE,Viable contact exists P(RPC)=74.41%>=40.00%. EV(trace)=0.228x0.05xINR175750x0.1-INR104=INR96,44978.215686274525
AC001506,46250.0,4,2,0.029209150326797384,PH003898,-51.275,DO NOT TRACE,EV(trace)=INR-51 negative yield or active callable contact points available. EV(trace)=0.228x0.05xINR46250x0.1-INR104=INR-51,44899.07679738562
AC001507,328100.0,3,3,0.9745437518290897,PH003902,270.03400000000005,DO NOT TRACE,Viable contact exists P(RPC)=97.45%>=40.00%. EV(trace)=0.228x0.05xINR328100x0.1-INR104=INR270,8352.19502487567
AC001508,274950.0,3,3,0.8257777777777777,PH003905,209.44300000000004,DO NOT TRACE,Viable contact exists P(RPC)=82.58%>=40.00%. EV(trace)=0.228x0.05xINR274950x0.1-INR104=INR209,47902.400000000016
AC001509,56250.0,3,2,0.9424911297852473,PH003909,-39.875,DO NOT TRACE,Viable contact exists P(RPC)=94.25%>=40.00%. EV(trace)=0.228x0.05xINR56250x0.1-INR104=INR-40,3234.8739495798395
AC001510,561000.0,3,3,0.9745437518290897,PH003911,535.5400000000001,DO NOT TRACE,Viable contact exists P(RPC)=97.45%>=40.00%. EV(trace)=0.228x0.05xINR561000x0.1-INR104=INR536,14280.95522388068
AC001511,91000.0,2,1,0.8491204481792716,PH000108,-0.2599999999999909,DO NOT TRACE,Viable contact exists P(RPC)=84.91%>=40.00%. EV(trace)=0.228x0.05xINR91000x0.1-INR104=INR-0,13730.039215686287
AC001512,312800.0,3,3,0.9745437518290897,PH003915,252.59200000000004,DO NOT TRACE,Viable contact exists P(RPC)=97.45%>=40.00%. EV(trace)=0.228x0.05xINR312800x0.1-INR104=INR253,7962.714427860742
AC001513,103250.0,1,1,0.9891764705882353,PH003918,13.704999999999998,DO NOT TRACE,Viable contact exists P(RPC)=98.92%>=40.00%. EV(trace)=0.228x0.05xINR103250x0.1-INR104=INR14,1117.529411764703
AC001514,49500.0,1,1,0.9891764705882353,PH003919,-47.56999999999999,DO NOT TRACE,Viable contact exists P(RPC)=98.92%>=40.00%. EV(trace)=0.228x0.05xINR49500x0.1-INR104=INR-48,535.7647058823514
AC001515,1227400.0,2,2,0.9745437518290897,PH003921,1295.236,DO NOT TRACE,Viable contact exists P(RPC)=97.45%>=40.00%. EV(trace)=0.228x0.05xINR1227400x0.1-INR104=INR1295,31244.999004975303
AC001516,462500.0,3,3,0.8911372549019607,PH003922,423.25,DO NOT TRACE,Viable contact exists P(RPC)=89.11%>=40.00%. EV(trace)=0.228x0.05xINR462500x0.1-INR104=INR423,50349.01960784317
AC001517,37500.0,1,1,0.8911372549019607,PH003924,-61.25,DO NOT TRACE,Viable contact exists P(RPC)=89.11%>=40.00%. EV(trace)=0.228x0.05xINR37500x0.1-INR104=INR-61,4082.352941176473
AC001518,1470000.0,3,3,0.9745437518290897,PH003925,1571.8000000000002,DO NOT TRACE,Viable contact exists P(RPC)=97.45%>=40.00%. EV(trace)=0.228x0.05xINR1470000x0.1-INR104=INR1572,37420.68481123814
AC001519,1864800.0,2,2,0.9891764705882353,PH003928,2021.8720000000003,DO NOT TRACE,Viable contact exists P(RPC)=98.92%>=40.00%. EV(trace)=0.228x0.05xINR1864800x0.1-INR104=INR2022,20183.71764705877
AC001520,37000.0,1,1,0.8911372549019607,PH003930,-61.81999999999999,DO NOT TRACE,Viable contact exists P(RPC)=89.11%>=40.00%. EV(trace)=0.228x0.05xINR37000x0.1-INR104=INR-62,4027.9215686274533
AC001521,91650.0,2,2,0.9891764705882353,PH003931,0.48099999999999454,DO NOT TRACE,Viable contact exists P(RPC)=98.92%>=40.00%. EV(trace)=0.228x0.05xINR91650x0.1-INR104=INR0,991.9764705882326
AC001522,75000.0,3,2,0.9891764705882353,PH003933,-18.5,DO NOT TRACE,Viable contact exists P(RPC)=98.92%>=40.00%. EV(trace)=0.228x0.05xINR75000x0.1-INR104=INR-18,811.7647058823508
AC001523,11000.0,1,0,0.029643721318314557,,-91.46,DO NOT TRACE,EV(trace)=INR-91 negative yield or active callable contact points available. EV(trace)=0.228x0.05xINR11000x0.1-INR104=INR-91,10673.91906549854
AC001524,58800.0,3,1,0.2888963585434174,PH003938,-36.96799999999999,DO NOT TRACE,EV(trace)=INR-37 negative yield or active callable contact points available. EV(trace)=0.228x0.05xINR58800x0.1-INR104=INR-37,41812.894117647054
AC001525,460350.0,3,3,0.9891764705882353,PH003941,420.799,DO NOT TRACE,Viable contact exists P(RPC)=98.92%>=40.00%. EV(trace)=0.228x0.05xINR460350x0.1-INR104=INR421,4982.611764705869
AC001526,88000.0,2,1,0.9891764705882353,PH003942,-3.6799999999999926,DO NOT TRACE,Viable contact exists P(RPC)=98.92%>=40.00%. EV(trace)=0.228x0.05xINR88000x0.1-INR104=INR-4,952.4705882352915
AC001527,139650.0,4,4,0.9891764705882353,PH003946,55.20100000000002,DO NOT TRACE,Viable contact exists P(RPC)=98.92%>=40.00%. EV(trace)=0.228x0.05xINR139650x0.1-INR104=INR55,1511.505882352937
AC001528,79800.0,3,1,0.9891764705882353,PH003948,-13.027999999999992,DO NOT TRACE,Viable contact exists P(RPC)=98.92%>=40.00%. EV(trace)=0.228x0.05xINR79800x0.1-INR104=INR-13,863.7176470588212
AC001529,120900.0,3,3,0.9745437518290897,PH003950,33.82599999999999,DO NOT TRACE,Viable contact exists P(RPC)=97.45%>=40.00%. EV(trace)=0.228x0.05xINR120900x0.1-INR104=INR34,3077.6604038630553
AC001530,41600.0,4,1,0.9745437518290897,PH003953,-56.57599999999999,DO NOT TRACE,Viable contact exists P(RPC)=97.45%>=40.00%. EV(trace)=0.228x0.05xINR41600x0.1-INR104=INR-57,1058.9799239098686
AC001531,404700.0,2,2,0.9745437518290897,PH003956,357.358,DO NOT TRACE,Viable contact exists P(RPC)=97.45%>=40.00%. EV(trace)=0.228x0.05xINR404700x0.1-INR104=INR357,10302.143634767399
AC001532,127100.0,1,1,0.9745437518290897,PH003958,40.894000000000005,DO NOT TRACE,Viable contact exists P(RPC)=97.45%>=40.00%. EV(trace)=0.228x0.05xINR127100x0.1-INR104=INR41,3235.4891425226992
AC001533,368000.0,1,1,0.9745437518290897,PH000066,315.52,DO NOT TRACE,Viable contact exists P(RPC)=97.45%>=40.00%. EV(trace)=0.228x0.05xINR368000x0.1-INR104=INR316,9367.89932689499
AC001534,1117200.0,2,2,0.9745437518290897,PH003959,1169.6080000000002,DO NOT TRACE,Viable contact exists P(RPC)=97.45%>=40.00%. EV(trace)=0.228x0.05xINR1117200x0.1-INR104=INR1170,28439.72045654099
AC001535,129200.0,3,3,0.9745437518290897,PH003961,43.28800000000001,DO NOT TRACE,Viable contact exists P(RPC)=97.45%>=40.00%. EV(trace)=0.228x0.05xINR129200x0.1-INR104=INR43,3288.947263681611
AC001536,604800.0,4,4,0.9891764705882353,PH003964,585.4720000000001,DO NOT TRACE,Viable contact exists P(RPC)=98.92%>=40.00%. EV(trace)=0.228x0.05xINR604800x0.1-INR104=INR585,6546.070588235276
AC001537,24800.0,2,1,0.9745437518290897,PH003967,-75.728,DO NOT TRACE,Viable contact exists P(RPC)=97.45%>=40.00%. EV(trace)=0.228x0.05xINR24800x0.1-INR104=INR-76,631.3149546385755
AC001538,64900.0,1,1,0.9424911297852473,PH003969,-30.013999999999996,DO NOT TRACE,Viable contact exists P(RPC)=94.25%>=40.00%. EV(trace)=0.228x0.05xINR64900x0.1-INR104=INR-30,3732.3256769374507
AC001539,31500.0,3,1,0.9424911297852473,PH003972,-68.09,DO NOT TRACE,Viable contact exists P(RPC)=94.25%>=40.00%. EV(trace)=0.228x0.05xINR31500x0.1-INR104=INR-68,1811.5294117647102
AC001540,63750.0,3,1,0.9745437518290897,PH003973,-31.325000000000003,DO NOT TRACE,Viable contact exists P(RPC)=97.45%>=40.00%. EV(trace)=0.228x0.05xINR63750x0.1-INR104=INR-31,1622.8358208955317
AC001541,383050.0,3,3,0.9891764705882353,PH005829,332.6770000000001,DO NOT TRACE,Viable contact exists P(RPC)=98.92%>=40.00%. EV(trace)=0.228x0.05xINR383050x0.1-INR104=INR333,4145.952941176459
AC001542,245050.0,1,1,0.9891764705882353,PH003976,175.35700000000003,DO NOT TRACE,Viable contact exists P(RPC)=98.92%>=40.00%. EV(trace)=0.228x0.05xINR245050x0.1-INR104=INR175,2652.305882352934
AC001543,143200.0,4,4,0.9745437518290897,PH003977,59.24800000000002,DO NOT TRACE,Viable contact exists P(RPC)=97.45%>=40.00%. EV(trace)=0.228x0.05xINR143200x0.1-INR104=INR59,3645.334738074355
AC001544,158900.0,2,2,0.9745437518290897,PH003980,77.14600000000002,DO NOT TRACE,Viable contact exists P(RPC)=97.45%>=40.00%. EV(trace)=0.228x0.05xINR158900x0.1-INR104=INR77,4044.9978343576468
AC001545,13050.0,1,1,0.9745437518290897,PH003982,-89.12299999999999,DO NOT TRACE,Viable contact exists P(RPC)=97.45%>=40.00%. EV(trace)=0.228x0.05xINR13050x0.1-INR104=INR-89,332.20403863037944
AC001546,134300.0,2,2,0.9424911297852473,PH005865,49.102000000000004,DO NOT TRACE,Viable contact exists P(RPC)=94.25%>=40.00%. EV(trace)=0.228x0.05xINR134300x0.1-INR104=INR49,7723.441269841288
AC001547,226950.0,4,4,0.8257777777777777,PH003984,154.723,DO NOT TRACE,Viable contact exists P(RPC)=82.58%>=40.00%. EV(trace)=0.228x0.05xINR226950x0.1-INR104=INR155,39539.733333333344
AC001548,30000.0,2,1,0.9745437518290897,PH003988,-69.8,DO NOT TRACE,Viable contact exists P(RPC)=97.45%>=40.00%. EV(trace)=0.228x0.05xINR30000x0.1-INR104=INR-70,763.687445127309
AC001549,78000.0,3,2,0.9745437518290897,PH003990,-15.079999999999984,DO NOT TRACE,Viable contact exists P(RPC)=97.45%>=40.00%. EV(trace)=0.228x0.05xINR78000x0.1-INR104=INR-15,1985.5873573310034
AC001550,78000.0,2,2,0.9891764705882353,PH003993,-15.079999999999984,DO NOT TRACE,Viable contact exists P(RPC)=98.92%>=40.00%. EV(trace)=0.228x0.05xINR78000x0.1-INR104=INR-15,844.2352941176448
AC001551,137200.0,3,3,0.9424911297852473,PH003996,52.408000000000015,DO NOT TRACE,Viable contact exists P(RPC)=94.25%>=40.00%. EV(trace)=0.228x0.05xINR137200x0.1-INR104=INR52,7890.2169934640715
AC001552,106150.0,1,1,0.9891764705882353,PH003998,17.011000000000024,DO NOT TRACE,Viable contact exists P(RPC)=98.92%>=40.00%. EV(trace)=0.228x0.05xINR106150x0.1-INR104=INR17,1148.9176470588204
AC001553,457500.0,2,2,0.8491204481792716,PH003999,417.55000000000007,DO NOT TRACE,Viable contact exists P(RPC)=84.91%>=40.00%. EV(trace)=0.228x0.05xINR457500x0.1-INR104=INR418,69027.39495798326
AC001554,430100.0,4,4,0.9424911297852473,PH004002,386.3140000000001,DO NOT TRACE,Viable contact exists P(RPC)=94.25%>=40.00%. EV(trace)=0.228x0.05xINR430100x0.1-INR104=INR386,24734.56507936514
AC001555,28000.0,2,1,0.9745437518290897,PH005839,-72.08,DO NOT TRACE,Viable contact exists P(RPC)=97.45%>=40.00%. EV(trace)=0.228x0.05xINR28000x0.1-INR104=INR-72,712.7749487854884
AC001556,64500.0,3,1,0.9891764705882353,PH004006,-30.469999999999985,DO NOT TRACE,Viable contact exists P(RPC)=98.92%>=40.00%. EV(trace)=0.228x0.05xINR64500x0.1-INR104=INR-30,698.1176470588216
AC001557,1158850.0,2,2,0.9745437518290897,PH004009,1217.0890000000002,DO NOT TRACE,Viable contact exists P(RPC)=97.45%>=40.00%. EV(trace)=0.228x0.05xINR1158850x0.1-INR104=INR1217,29499.9731928594
AC001558,87400.0,2,2,0.10069607843137254,PH000247,-4.36399999999999,DO NOT TRACE,EV(trace)=INR-4 negative yield or active callable contact points available. EV(trace)=0.228x0.05xINR87400x0.1-INR104=INR-4,78599.16274509804
AC001559,27200.0,4,1,0.9424911297852473,PH004011,-72.992,DO NOT TRACE,Viable contact exists P(RPC)=94.25%>=40.00%. EV(trace)=0.228x0.05xINR27200x0.1-INR104=INR-73,1564.2412698412736
AC001560,265000.0,2,1,0.9745437518290897,PH004015,198.10000000000002,DO NOT TRACE,Viable contact exists P(RPC)=97.45%>=40.00%. EV(trace)=0.228x0.05xINR265000x0.1-INR104=INR198,6745.90576529123
AC001561,31900.0,2,1,0.8491204481792716,PH004018,-67.63399999999999,DO NOT TRACE,Viable contact exists P(RPC)=84.91%>=40.00%. EV(trace)=0.228x0.05xINR31900x0.1-INR104=INR-68,4813.057703081237
AC001562,33150.0,3,1,0.9745437518290897,PH005833,-66.209,DO NOT TRACE,Viable contact exists P(RPC)=97.45%>=40.00%. EV(trace)=0.228x0.05xINR33150x0.1-INR104=INR-66,843.8746268656764
AC001563,144000.0,2,2,0.9424911297852473,PH004021,60.160000000000025,DO NOT TRACE,Viable contact exists P(RPC)=94.25%>=40.00%. EV(trace)=0.228x0.05xINR144000x0.1-INR104=INR60,8281.27731092439
AC001564,47250.0,4,4,0.9424911297852473,PH004023,-50.135,DO NOT TRACE,Viable contact exists P(RPC)=94.25%>=40.00%. EV(trace)=0.228x0.05xINR47250x0.1-INR104=INR-50,2717.2941176470654
AC001565,215600.0,2,2,0.9891764705882353,PH004027,141.78400000000002,DO NOT TRACE,Viable contact exists P(RPC)=98.92%>=40.00%. EV(trace)=0.228x0.05xINR215600x0.1-INR104=INR142,2333.552941176464
AC001566,37100.0,2,1,0.7492606214912553,PH004029,-61.705999999999996,DO NOT TRACE,Viable contact exists P(RPC)=74.93%>=40.00%. EV(trace)=0.228x0.05xINR37100x0.1-INR104=INR-62,9302.43094267443
AC001567,590150.0,2,2,0.9424911297852473,PH004032,568.7710000000001,DO NOT TRACE,Viable contact exists P(RPC)=94.25%>=40.00%. EV(trace)=0.228x0.05xINR590150x0.1-INR104=INR569,33938.85975723631
AC001568,274800.0,2,2,0.9891764705882353,PH004033,209.27200000000005,DO NOT TRACE,Viable contact exists P(RPC)=98.92%>=40.00%. EV(trace)=0.228x0.05xINR274800x0.1-INR104=INR209,2974.305882352933
AC001569,45100.0,3,1,0.9891764705882353,PH004035,-52.586,DO NOT TRACE,Viable contact exists P(RPC)=98.92%>=40.00%. EV(trace)=0.228x0.05xINR45100x0.1-INR104=INR-53,488.1411764705869
AC001570,46500.0,2,2,0.9745437518290897,PH004038,-50.989999999999995,DO NOT TRACE,Viable contact exists P(RPC)=97.45%>=40.00%. EV(trace)=0.228x0.05xINR46500x0.1-INR104=INR-51,1183.715539947329
AC001571,281200.0,3,3,0.9745437518290897,PH004039,216.56800000000004,DO NOT TRACE,Viable contact exists P(RPC)=97.45%>=40.00%. EV(trace)=0.228x0.05xINR281200x0.1-INR104=INR217,7158.296985659977
AC001572,137350.0,3,3,0.9891764705882353,PH004041,52.57900000000001,DO NOT TRACE,Viable contact exists P(RPC)=98.92%>=40.00%. EV(trace)=0.228x0.05xINR137350x0.1-INR104=INR53,1486.6117647058784
AC001573,329400.0,3,2,0.7440784313725489,PH000265,271.5160000000001,DO NOT TRACE,Viable contact exists P(RPC)=74.41%>=40.00%. EV(trace)=0.228x0.05xINR329400x0.1-INR104=INR272,84300.56470588238
AC001574,318000.0,4,4,0.9424911297852473,PH004048,258.52000000000004,DO NOT TRACE,Viable contact exists P(RPC)=94.25%>=40.00%. EV(trace)=0.228x0.05xINR318000x0.1-INR104=INR259,18287.82072829136
AC001575,31200.0,2,1,0.7440784313725489,PH004050,-68.43199999999999,DO NOT TRACE,Viable contact exists P(RPC)=74.41%>=40.00%. EV(trace)=0.228x0.05xINR31200x0.1-INR104=INR-68,7984.7529411764735
AC001576,569800.0,5,5,0.9745437518290897,PH004052,545.5720000000001,DO NOT TRACE,Viable contact exists P(RPC)=97.45%>=40.00%. EV(trace)=0.228x0.05xINR569800x0.1-INR104=INR546,14504.970207784689
AC001577,292500.0,1,1,0.008784313725490198,PH004055,229.45000000000005,TRACE,All contacts have poor connection likelihood P(RPC)<15.00%. EV(trace)=0.228x0.05xINR292500x0.1-INR104=INR229. Trace justified.,289930.58823529416
AC001578,47700.0,1,1,0.9891764705882353,PH004056,-49.622,DO NOT TRACE,Viable contact exists P(RPC)=98.92%>=40.00%. EV(trace)=0.228x0.05xINR47700x0.1-INR104=INR-50,516.2823529411751
AC001579,139650.0,3,2,0.9891764705882353,PH004057,55.20100000000002,DO NOT TRACE,Viable contact exists P(RPC)=98.92%>=40.00%. EV(trace)=0.228x0.05xINR139650x0.1-INR104=INR55,1511.505882352937
AC001580,120050.0,2,2,0.8911372549019607,PH004061,32.857,DO NOT TRACE,Viable contact exists P(RPC)=89.11%>=40.00%. EV(trace)=0.228x0.05xINR120050x0.1-INR104=INR33,13068.972549019616
AC001581,118900.0,2,1,0.8911372549019607,PH004062,31.54600000000002,DO NOT TRACE,Viable contact exists P(RPC)=89.11%>=40.00%. EV(trace)=0.228x0.05xINR118900x0.1-INR104=INR32,12943.78039215687
AC001582,118900.0,2,1,0.8257777777777777,PH004063,31.54600000000002,DO NOT TRACE,Viable contact exists P(RPC)=82.58%>=40.00%. EV(trace)=0.228x0.05xINR118900x0.1-INR104=INR32,20715.02222222223
AC001583,135800.0,3,3,0.9891764705882353,PH004066,50.81200000000001,DO NOT TRACE,Viable contact exists P(RPC)=98.92%>=40.00%. EV(trace)=0.228x0.05xINR135800x0.1-INR104=INR51,1469.8352941176431
AC001584,79800.0,1,1,0.9424911297852473,PH004068,-13.027999999999992,DO NOT TRACE,Viable contact exists P(RPC)=94.25%>=40.00%. EV(trace)=0.228x0.05xINR79800x0.1-INR104=INR-13,4589.207843137266
AC001585,92650.0,3,2,0.9745437518290897,PH004070,1.6210000000000093,DO NOT TRACE,Viable contact exists P(RPC)=97.45%>=40.00%. EV(trace)=0.228x0.05xINR92650x0.1-INR104=INR2,2358.5213930348395
AC001586,88000.0,2,2,0.7440784313725489,PH004072,-3.6799999999999926,DO NOT TRACE,Viable contact exists P(RPC)=74.41%>=40.00%. EV(trace)=0.228x0.05xINR88000x0.1-INR104=INR-4,22521.098039215696
AC001587,74100.0,2,2,0.10069607843137254,PH000401,-19.525999999999996,DO NOT TRACE,EV(trace)=INR-20 negative yield or active callable contact points available. EV(trace)=0.228x0.05xINR74100x0.1-INR104=INR-20,66638.4205882353
AC001588,32300.0,1,1,0.9891764705882353,PH004075,-67.178,DO NOT TRACE,Viable contact exists P(RPC)=98.92%>=40.00%. EV(trace)=0.228x0.05xINR32300x0.1-INR104=INR-67,349.59999999999906
AC001589,95000.0,2,2,0.9891764705882353,PH004076,4.300000000000011,DO NOT TRACE,Viable contact exists P(RPC)=98.92%>=40.00%. EV(trace)=0.228x0.05xINR95000x0.1-INR104=INR4,1028.2352941176443
AC001590,65700.0,2,1,0.9745437518290897,PH004078,-29.10199999999999,DO NOT TRACE,Viable contact exists P(RPC)=97.45%>=40.00%. EV(trace)=0.228x0.05xINR65700x0.1-INR104=INR-29,1672.4755048288068
AC001591,262500.0,2,2,0.9745437518290897,PH004081,195.25,DO NOT TRACE,Viable contact exists P(RPC)=97.45%>=40.00%. EV(trace)=0.228x0.05xINR262500x0.1-INR104=INR195,6682.2651448639535
AC001592,24000.0,3,3,0.43770588235294117,PH004083,-76.64,DO NOT TRACE,Viable contact exists P(RPC)=43.77%>=40.00%. EV(trace)=0.228x0.05xINR24000x0.1-INR104=INR-77,13495.058823529413
AC001593,170400.0,3,3,0.9745437518290897,PH004085,90.25600000000003,DO NOT TRACE,Viable contact exists P(RPC)=97.45%>=40.00%. EV(trace)=0.228x0.05xINR170400x0.1-INR104=INR90,4337.744688323115
AC001594,158000.0,3,3,0.07136253650396328,PH004088,76.12,TRACE,All contacts have poor connection likelihood P(RPC)<15.00%. EV(trace)=0.228x0.05xINR158000x0.1-INR104=INR76. Trace justified.,146724.7192323738
AC001595,132500.0,2,2,0.9424911297852473,PH004090,47.05000000000001,DO NOT TRACE,Viable contact exists P(RPC)=94.25%>=40.00%. EV(trace)=0.228x0.05xINR132500x0.1-INR104=INR47,7619.925303454734
AC001596,843750.0,2,2,0.9745437518290897,PH004092,857.875,DO NOT TRACE,Viable contact exists P(RPC)=97.45%>=40.00%. EV(trace)=0.228x0.05xINR843750x0.1-INR104=INR858,21478.709394205565
AC001597,58050.0,3,2,0.9745437518290897,PH004094,-37.82299999999999,DO NOT TRACE,Viable contact exists P(RPC)=97.45%>=40.00%. EV(trace)=0.228x0.05xINR58050x0.1-INR104=INR-38,1477.735206321343
AC001598,32400.0,2,1,0.8257777777777777,PH004097,-67.064,DO NOT TRACE,Viable contact exists P(RPC)=82.58%>=40.00%. EV(trace)=0.228x0.05xINR32400x0.1-INR104=INR-67,5644.800000000002
AC001599,50700.0,3,1,0.9891764705882353,PH004099,-46.202,DO NOT TRACE,Viable contact exists P(RPC)=98.92%>=40.00%. EV(trace)=0.228x0.05xINR50700x0.1-INR104=INR-46,548.7529411764691
AC001600,217700.0,3,3,0.9891764705882353,PH004101,144.17800000000003,DO NOT TRACE,Viable contact exists P(RPC)=98.92%>=40.00%. EV(trace)=0.228x0.05xINR217700x0.1-INR104=INR144,2356.28235294117
AC001601,134400.0,2,2,0.9745437518290897,PH004105,49.21600000000001,DO NOT TRACE,Viable contact exists P(RPC)=97.45%>=40.00%. EV(trace)=0.228x0.05xINR134400x0.1-INR104=INR49,3421.3197541703444
AC001602,117600.0,2,2,0.9891764705882353,PH004106,30.06400000000002,DO NOT TRACE,Viable contact exists P(RPC)=98.92%>=40.00%. EV(trace)=0.228x0.05xINR117600x0.1-INR104=INR30,1272.847058823526
AC001603,752700.0,1,1,0.9745437518290897,PH004108,754.0780000000001,DO NOT TRACE,Viable contact exists P(RPC)=97.45%>=40.00%. EV(trace)=0.228x0.05xINR752700x0.1-INR104=INR754,19160.917998244182
AC001604,87500.0,1,1,0.9891764705882353,PH004109,-4.25,DO NOT TRACE,Viable contact exists P(RPC)=98.92%>=40.00%. EV(trace)=0.228x0.05xINR87500x0.1-INR104=INR-4,947.0588235294092
AC001605,111800.0,4,2,0.8491204481792716,PH004113,23.451999999999998,DO NOT TRACE,Viable contact exists P(RPC)=84.91%>=40.00%. EV(trace)=0.228x0.05xINR111800x0.1-INR104=INR23,16868.33389355744
AC001606,353800.0,3,3,0.9745437518290897,PH004115,299.33200000000005,DO NOT TRACE,Viable contact exists P(RPC)=97.45%>=40.00%. EV(trace)=0.228x0.05xINR353800x0.1-INR104=INR299,9006.420602868064
AC001607,829400.0,2,2,0.9745437518290897,PH004117,841.5160000000001,DO NOT TRACE,Viable contact exists P(RPC)=97.45%>=40.00%. EV(trace)=0.228x0.05xINR829400x0.1-INR104=INR842,21113.412232953004
AC001608,154000.0,1,1,0.008784313725490198,PH004119,71.56000000000003,TRACE,All contacts have poor connection likelihood P(RPC)<15.00%. EV(trace)=0.228x0.05xINR154000x0.1-INR104=INR72. Trace justified.,152647.21568627452
AC001609,664950.0,3,3,0.9891764705882353,PH004120,654.0430000000001,DO NOT TRACE,Viable contact exists P(RPC)=98.92%>=40.00%. EV(trace)=0.228x0.05xINR664950x0.1-INR104=INR654,7197.105882352921
AC001610,52250.0,2,1,0.9745437518290897,PH004122,-44.435,DO NOT TRACE,Viable contact exists P(RPC)=97.45%>=40.00%. EV(trace)=0.228x0.05xINR52250x0.1-INR104=INR-44,1330.0889669300632
AC001611,22400.0,2,1,0.9745437518290897,PH004124,-78.464,DO NOT TRACE,Viable contact exists P(RPC)=97.45%>=40.00%. EV(trace)=0.228x0.05xINR22400x0.1-INR104=INR-78,570.2199590283907
AC001612,90650.0,2,1,0.8257777777777777,PH004126,-0.6589999999999918,DO NOT TRACE,Viable contact exists P(RPC)=82.58%>=40.00%. EV(trace)=0.228x0.05xINR90650x0.1-INR104=INR-1,15793.24444444445
AC001613,131950.0,3,3,0.9745437518290897,PH004128,46.423,DO NOT TRACE,Viable contact exists P(RPC)=97.45%>=40.00%. EV(trace)=0.228x0.05xINR131950x0.1-INR104=INR46,3358.9519461516143
AC001614,140400.0,3,3,0.8911372549019607,PH004131,56.05600000000001,DO NOT TRACE,Viable contact exists P(RPC)=89.11%>=40.00%. EV(trace)=0.228x0.05xINR140400x0.1-INR104=INR56,15284.329411764715
AC001615,144000.0,2,2,0.8491204481792716,PH004135,60.160000000000025,DO NOT TRACE,Viable contact exists P(RPC)=84.91%>=40.00%. EV(trace)=0.228x0.05xINR144000x0.1-INR104=INR60,21726.655462184895
AC001616,251600.0,2,2,0.9891764705882353,PH004136,182.824,DO NOT TRACE,Viable contact exists P(RPC)=98.92%>=40.00%. EV(trace)=0.228x0.05xINR251600x0.1-INR104=INR183,2723.1999999999925
AC001617,53200.0,2,1,0.029643721318314557,PH005830,-43.352,DO NOT TRACE,EV(trace)=INR-43 negative yield or active callable contact points available. EV(trace)=0.228x0.05xINR53200x0.1-INR104=INR-43,51622.95402586566
AC001618,26350.0,1,1,0.9424911297852473,PH004139,-73.961,DO NOT TRACE,Viable contact exists P(RPC)=94.25%>=40.00%. EV(trace)=0.228x0.05xINR26350x0.1-INR104=INR-74,1515.3587301587338
AC001619,19800.0,2,1,0.9745437518290897,PH004140,-81.428,DO NOT TRACE,Viable contact exists P(RPC)=97.45%>=40.00%. EV(trace)=0.228x0.05xINR19800x0.1-INR104=INR-81,504.033713784024
AC001620,51600.0,1,1,0.9891764705882353,PH004142,-45.175999999999995,DO NOT TRACE,Viable contact exists P(RPC)=98.92%>=40.00%. EV(trace)=0.228x0.05xINR51600x0.1-INR104=INR-45,558.4941176470574
AC001621,100450.0,1,1,0.9745437518290897,PH004143,10.51300000000002,DO NOT TRACE,Viable contact exists P(RPC)=97.45%>=40.00%. EV(trace)=0.228x0.05xINR100450x0.1-INR104=INR11,2557.0801287679396
AC001622,107100.0,2,1,0.9891764705882353,PH004144,18.09400000000001,DO NOT TRACE,Viable contact exists P(RPC)=98.92%>=40.00%. EV(trace)=0.228x0.05xINR107100x0.1-INR104=INR18,1159.1999999999969
AC001623,138600.0,2,2,0.2888963585434174,PH004147,54.00400000000002,DO NOT TRACE,EV(trace)=INR54 negative yield or active callable contact points available. EV(trace)=0.228x0.05xINR138600x0.1-INR104=INR54,98558.96470588235
AC001624,174800.0,3,2,0.2888963585434174,PH004148,95.27200000000002,DO NOT TRACE,EV(trace)=INR95 negative yield or active callable contact points available. EV(trace)=0.228x0.05xINR174800x0.1-INR104=INR95,124300.91652661063
AC001625,38400.0,2,1,0.43770588235294117,PH004151,-60.224,DO NOT TRACE,Viable contact exists P(RPC)=43.77%>=40.00%. EV(trace)=0.228x0.05xINR38400x0.1-INR104=INR-60,21592.09411764706
AC001626,152100.0,2,2,0.9891764705882353,PH004152,69.394,DO NOT TRACE,Viable contact exists P(RPC)=98.92%>=40.00%. EV(trace)=0.228x0.05xINR152100x0.1-INR104=INR69,1646.2588235294072
AC001627,31450.0,4,0,0.008784313725490198,,-68.14699999999999,DO NOT TRACE,EV(trace)=INR-68 negative yield or active callable contact points available. EV(trace)=0.228x0.05xINR31450x0.1-INR104=INR-68,31173.733333333334
AC001628,300000.0,2,2,0.9745437518290897,PH004158,238.0,DO NOT TRACE,Viable contact exists P(RPC)=97.45%>=40.00%. EV(trace)=0.228x0.05xINR300000x0.1-INR104=INR238,7636.87445127309
AC001629,215600.0,3,3,0.9745437518290897,PH004160,141.78400000000002,DO NOT TRACE,Viable contact exists P(RPC)=97.45%>=40.00%. EV(trace)=0.228x0.05xINR215600x0.1-INR104=INR142,5488.367105648261
AC001630,205800.0,3,3,0.07136253650396328,PH004162,130.612,TRACE,All contacts have poor connection likelihood P(RPC)<15.00%. EV(trace)=0.228x0.05xINR205800x0.1-INR104=INR131. Trace justified.,191113.58998748436
AC001631,42000.0,3,1,0.9424911297852473,PH004165,-56.12,DO NOT TRACE,Viable contact exists P(RPC)=94.25%>=40.00%. EV(trace)=0.228x0.05xINR42000x0.1-INR104=INR-56,2415.3725490196134
AC001632,246500.0,2,2,0.9891764705882353,PH004167,177.01,DO NOT TRACE,Viable contact exists P(RPC)=98.92%>=40.00%. EV(trace)=0.228x0.05xINR246500x0.1-INR104=INR177,2667.9999999999927
AC001633,53300.0,1,1,0.9745437518290897,PH004169,-43.238,DO NOT TRACE,Viable contact exists P(RPC)=97.45%>=40.00%. EV(trace)=0.228x0.05xINR53300x0.1-INR104=INR-43,1356.818027509519
AC001634,150000.0,2,2,0.9891764705882353,PH004171,67.0,DO NOT TRACE,Viable contact exists P(RPC)=98.92%>=40.00%. EV(trace)=0.228x0.05xINR150000x0.1-INR104=INR67,1623.5294117647015
AC001635,140600.0,2,2,0.7440784313725489,PH004173,56.28400000000002,DO NOT TRACE,Viable contact exists P(RPC)=74.41%>=40.00%. EV(trace)=0.228x0.05xINR140600x0.1-INR104=INR56,35982.57254901962
AC001636,137800.0,5,4,0.9891764705882353,PH004174,53.09200000000001,DO NOT TRACE,Viable contact exists P(RPC)=98.92%>=40.00%. EV(trace)=0.228x0.05xINR137800x0.1-INR104=INR53,1491.4823529411724
AC001637,358150.0,3,3,0.9891764705882353,PH004178,304.29100000000005,DO NOT TRACE,Viable contact exists P(RPC)=98.92%>=40.00%. EV(trace)=0.228x0.05xINR358150x0.1-INR104=INR304,3876.447058823519
AC001638,342000.0,3,3,0.9424911297852473,PH004181,285.88000000000005,DO NOT TRACE,Viable contact exists P(RPC)=94.25%>=40.00%. EV(trace)=0.228x0.05xINR342000x0.1-INR104=INR286,19668.033613445426
AC001639,330750.0,1,1,0.9891764705882353,PH004184,273.05500000000006,DO NOT TRACE,Viable contact exists P(RPC)=98.92%>=40.00%. EV(trace)=0.228x0.05xINR330750x0.1-INR104=INR273,3579.8823529411666
AC001640,226100.0,2,2,0.9891764705882353,PH004185,153.75400000000002,DO NOT TRACE,Viable contact exists P(RPC)=98.92%>=40.00%. EV(trace)=0.228x0.05xINR226100x0.1-INR104=INR154,2447.1999999999935
AC001641,57600.0,1,1,0.8257777777777777,PH004187,-38.336,DO NOT TRACE,Viable contact exists P(RPC)=82.58%>=40.00%. EV(trace)=0.228x0.05xINR57600x0.1-INR104=INR-38,10035.200000000003
AC001642,508500.0,4,4,0.9891764705882353,PH004188,475.69000000000005,DO NOT TRACE,Viable contact exists P(RPC)=98.92%>=40.00%. EV(trace)=0.228x0.05xINR508500x0.1-INR104=INR476,5503.764705882338
AC001643,226000.0,3,3,0.9745437518290897,PH004191,153.64000000000004,DO NOT TRACE,Viable contact exists P(RPC)=97.45%>=40.00%. EV(trace)=0.228x0.05xINR226000x0.1-INR104=INR154,5753.112086625728
AC001644,54750.0,3,2,0.9891764705882353,PH004194,-41.585,DO NOT TRACE,Viable contact exists P(RPC)=98.92%>=40.00%. EV(trace)=0.228x0.05xINR54750x0.1-INR104=INR-42,592.588235294116
AC001645,20800.0,4,1,0.9745437518290897,PH004196,-80.288,DO NOT TRACE,Viable contact exists P(RPC)=97.45%>=40.00%. EV(trace)=0.228x0.05xINR20800x0.1-INR104=INR-80,529.4899619549343
AC001646,125050.0,1,1,0.008784313725490198,PH004200,38.557000000000016,TRACE,All contacts have poor connection likelihood P(RPC)<15.00%. EV(trace)=0.228x0.05xINR125050x0.1-INR104=INR39. Trace justified.,123951.52156862746
AC001647,98000.0,3,2,0.10069607843137254,PH004202,7.720000000000013,TRACE,All contacts have poor connection likelihood P(RPC)<15.00%. EV(trace)=0.228x0.05xINR98000x0.1-INR104=INR8. Trace justified.,88131.7843137255
AC001648,96000.0,2,2,0.9891764705882353,PH004203,5.440000000000012,DO NOT TRACE,Viable contact exists P(RPC)=98.92%>=40.00%. EV(trace)=0.228x0.05xINR96000x0.1-INR104=INR5,1039.058823529409
AC001649,173600.0,4,4,0.9745437518290897,PH004205,93.904,DO NOT TRACE,Viable contact exists P(RPC)=97.45%>=40.00%. EV(trace)=0.228x0.05xINR173600x0.1-INR104=INR94,4419.204682470028
AC001650,50400.0,3,2,0.9891764705882353,PH004208,-46.54399999999999,DO NOT TRACE,Viable contact exists P(RPC)=98.92%>=40.00%. EV(trace)=0.228x0.05xINR50400x0.1-INR104=INR-47,545.5058823529397
AC001651,368500.0,3,3,0.9891764705882353,PH004212,316.0900000000001,DO NOT TRACE,Viable contact exists P(RPC)=98.92%>=40.00%. EV(trace)=0.228x0.05xINR368500x0.1-INR104=INR316,3988.4705882352832
AC001652,811900.0,3,3,0.9424911297852473,PH004214,821.566,DO NOT TRACE,Viable contact exists P(RPC)=94.25%>=40.00%. EV(trace)=0.228x0.05xINR811900x0.1-INR104=INR822,46691.45172735772
AC001653,217500.0,4,4,0.7440784313725489,PH004217,143.95000000000002,DO NOT TRACE,Viable contact exists P(RPC)=74.41%>=40.00%. EV(trace)=0.228x0.05xINR217500x0.1-INR104=INR144,55662.94117647061
AC001654,106750.0,4,3,0.9424911297852473,PH005905,17.695000000000007,DO NOT TRACE,Viable contact exists P(RPC)=94.25%>=40.00%. EV(trace)=0.228x0.05xINR106750x0.1-INR104=INR18,6139.071895424851
AC001655,90000.0,2,2,0.9891764705882353,PH004221,-1.3999999999999915,DO NOT TRACE,Viable contact exists P(RPC)=98.92%>=40.00%. EV(trace)=0.228x0.05xINR90000x0.1-INR104=INR-1,974.1176470588209
AC001656,118400.0,2,2,0.9745437518290897,PH004222,30.976,DO NOT TRACE,Viable contact exists P(RPC)=97.45%>=40.00%. EV(trace)=0.228x0.05xINR118400x0.1-INR104=INR31,3014.0197834357796
AC001657,49500.0,1,0,0.008784313725490198,,-47.56999999999999,DO NOT TRACE,EV(trace)=INR-48 negative yield or active callable contact points available. EV(trace)=0.228x0.05xINR49500x0.1-INR104=INR-48,49065.17647058824
AC001658,146900.0,2,2,0.9745437518290897,PH004225,63.46600000000001,DO NOT TRACE,Viable contact exists P(RPC)=97.45%>=40.00%. EV(trace)=0.228x0.05xINR146900x0.1-INR104=INR63,3739.522856306723
AC001659,144000.0,2,2,0.9745437518290897,PH004227,60.160000000000025,DO NOT TRACE,Viable contact exists P(RPC)=97.45%>=40.00%. EV(trace)=0.228x0.05xINR144000x0.1-INR104=INR60,3665.699736611083
AC001660,88200.0,2,2,0.9424911297852473,PH004230,-3.451999999999998,DO NOT TRACE,Viable contact exists P(RPC)=94.25%>=40.00%. EV(trace)=0.228x0.05xINR88200x0.1-INR104=INR-3,5072.282352941189
AC001661,48100.0,3,1,0.9745437518290897,PH005834,-49.166,DO NOT TRACE,Viable contact exists P(RPC)=97.45%>=40.00%. EV(trace)=0.228x0.05xINR48100x0.1-INR104=INR-49,1224.4455370207854
AC001662,113600.0,2,2,0.07136253650396328,PH004233,25.50399999999999,TRACE,All contacts have poor connection likelihood P(RPC)<15.00%. EV(trace)=0.228x0.05xINR113600x0.1-INR104=INR26. Trace justified.,105493.21585314977
AC001663,136500.0,3,3,0.9424911297852473,PH004236,51.610000000000014,DO NOT TRACE,Viable contact exists P(RPC)=94.25%>=40.00%. EV(trace)=0.228x0.05xINR136500x0.1-INR104=INR52,7849.960784313745
AC001664,38000.0,3,3,0.9891764705882353,PH004238,-60.68,DO NOT TRACE,Viable contact exists P(RPC)=98.92%>=40.00%. EV(trace)=0.228x0.05xINR38000x0.1-INR104=INR-61,411.2941176470577
AC001665,274050.0,3,2,0.9891764705882353,PH004242,208.41700000000003,DO NOT TRACE,Viable contact exists P(RPC)=98.92%>=40.00%. EV(trace)=0.228x0.05xINR274050x0.1-INR104=INR208,2966.1882352941097
AC001666,91300.0,3,3,0.10069607843137254,PH004245,0.08199999999999363,TRACE,All contacts have poor connection likelihood P(RPC)<15.00%. EV(trace)=0.228x0.05xINR91300x0.1-INR104=INR0. Trace justified.,82106.44803921568
AC001667,146250.0,3,3,0.8911372549019607,PH004247,62.72500000000002,DO NOT TRACE,Viable contact exists P(RPC)=89.11%>=40.00%. EV(trace)=0.228x0.05xINR146250x0.1-INR104=INR63,15921.176470588245
AC001668,19000.0,2,0,0.008784313725490198,,-82.34,DO NOT TRACE,EV(trace)=INR-82 negative yield or active callable contact points available. EV(trace)=0.228x0.05xINR19000x0.1-INR104=INR-82,18833.098039215685
AC001669,53750.0,2,1,0.9891764705882353,PH004252,-42.724999999999994,DO NOT TRACE,Viable contact exists P(RPC)=98.92%>=40.00%. EV(trace)=0.228x0.05xINR53750x0.1-INR104=INR-43,581.7647058823513
AC001670,305900.0,1,1,0.9424911297852473,PH004253,244.72600000000006,DO NOT TRACE,Viable contact exists P(RPC)=94.25%>=40.00%. EV(trace)=0.228x0.05xINR305900x0.1-INR104=INR245,17591.963398692853
AC001671,40300.0,1,1,0.9891764705882353,PH004254,-58.05799999999999,DO NOT TRACE,Viable contact exists P(RPC)=98.92%>=40.00%. EV(trace)=0.228x0.05xINR40300x0.1-INR104=INR-58,436.18823529411645
AC001672,147000.0,4,4,0.9891764705882353,PH004256,63.58000000000001,DO NOT TRACE,Viable contact exists P(RPC)=98.92%>=40.00%. EV(trace)=0.228x0.05xINR147000x0.1-INR104=INR64,1591.0588235294074
AC001673,33350.0,3,2,0.9891764705882353,PH004259,-65.981,DO NOT TRACE,Viable contact exists P(RPC)=98.92%>=40.00%. EV(trace)=0.228x0.05xINR33350x0.1-INR104=INR-66,360.96470588235195
AC001674,136500.0,2,2,0.07136253650396328,PH004261,51.610000000000014,TRACE,All contacts have poor connection likelihood P(RPC)<15.00%. EV(trace)=0.228x0.05xINR136500x0.1-INR104=INR52. Trace justified.,126759.013767209
AC001675,110250.0,3,3,0.9891764705882353,PH004264,21.685000000000016,DO NOT TRACE,Viable contact exists P(RPC)=98.92%>=40.00%. EV(trace)=0.228x0.05xINR110250x0.1-INR104=INR22,1193.2941176470556
AC001676,73500.0,2,2,0.8911372549019607,PH004267,-20.209999999999994,DO NOT TRACE,Viable contact exists P(RPC)=89.11%>=40.00%. EV(trace)=0.228x0.05xINR73500x0.1-INR104=INR-20,8001.411764705887
AC001677,54600.0,1,1,0.9891764705882353,PH004268,-41.75599999999999,DO NOT TRACE,Viable contact exists P(RPC)=98.92%>=40.00%. EV(trace)=0.228x0.05xINR54600x0.1-INR104=INR-42,590.9647058823514
AC001678,134750.0,2,2,0.9745437518290897,PH004269,49.61500000000001,DO NOT TRACE,Viable contact exists P(RPC)=97.45%>=40.00%. EV(trace)=0.228x0.05xINR134750x0.1-INR104=INR50,3430.229441030163
AC001679,144000.0,1,1,0.9424911297852473,PH004271,60.160000000000025,DO NOT TRACE,Viable contact exists P(RPC)=94.25%>=40.00%. EV(trace)=0.228x0.05xINR144000x0.1-INR104=INR60,8281.27731092439
AC001680,742500.0,3,3,0.9745437518290897,PH004272,742.45,DO NOT TRACE,Viable contact exists P(RPC)=97.45%>=40.00%. EV(trace)=0.228x0.05xINR742500x0.1-INR104=INR742,18901.264266900896
AC001681,64000.0,4,1,0.9745437518290897,PH004276,-31.039999999999992,DO NOT TRACE,Viable contact exists P(RPC)=97.45%>=40.00%. EV(trace)=0.228x0.05xINR64000x0.1-INR104=INR-31,1629.1998829382592
AC001682,57600.0,3,3,0.8911372549019607,PH004278,-38.336,DO NOT TRACE,Viable contact exists P(RPC)=89.11%>=40.00%. EV(trace)=0.228x0.05xINR57600x0.1-INR104=INR-38,6270.494117647063
AC001683,31500.0,4,2,0.9424911297852473,PH004282,-68.09,DO NOT TRACE,Viable contact exists P(RPC)=94.25%>=40.00%. EV(trace)=0.228x0.05xINR31500x0.1-INR104=INR-68,1811.5294117647102
AC001684,532100.0,2,2,0.9745437518290897,PH004284,502.59400000000005,DO NOT TRACE,Viable contact exists P(RPC)=97.45%>=40.00%. EV(trace)=0.228x0.05xINR532100x0.1-INR104=INR503,13545.269651741371
AC001685,651900.0,3,3,0.9891764705882353,PH004287,639.166,DO NOT TRACE,Viable contact exists P(RPC)=98.92%>=40.00%. EV(trace)=0.228x0.05xINR651900x0.1-INR104=INR639,7055.858823529393
AC001686,33000.0,4,2,0.8491204481792716,PH004291,-66.38,DO NOT TRACE,Viable contact exists P(RPC)=84.91%>=40.00%. EV(trace)=0.228x0.05xINR33000x0.1-INR104=INR-66,4979.025210084038
AC001687,377850.0,3,3,0.9745437518290897,PH004293,326.749,DO NOT TRACE,Viable contact exists P(RPC)=97.45%>=40.00%. EV(trace)=0.228x0.05xINR377850x0.1-INR104=INR327,9618.643371378457
AC001688,105600.0,2,1,0.9891764705882353,PH004297,16.384000000000015,DO NOT TRACE,Viable contact exists P(RPC)=98.92%>=40.00%. EV(trace)=0.228x0.05xINR105600x0.1-INR104=INR16,1142.9647058823498
AC001689,51250.0,3,2,0.9891764705882353,PH004299,-45.574999999999996,DO NOT TRACE,Viable contact exists P(RPC)=98.92%>=40.00%. EV(trace)=0.228x0.05xINR51250x0.1-INR104=INR-46,554.7058823529396
AC001690,82800.0,2,2,0.9424911297852473,PH000399,-9.60799999999999,DO NOT TRACE,Viable contact exists P(RPC)=94.25%>=40.00%. EV(trace)=0.228x0.05xINR82800x0.1-INR104=INR-10,4761.734453781524
AC001691,102600.0,3,3,0.7440784313725489,PH004302,12.964000000000013,DO NOT TRACE,Viable contact exists P(RPC)=74.41%>=40.00%. EV(trace)=0.228x0.05xINR102600x0.1-INR104=INR13,26257.55294117648
AC001692,100000.0,2,1,0.9891764705882353,PH004304,10.0,DO NOT TRACE,Viable contact exists P(RPC)=98.92%>=40.00%. EV(trace)=0.228x0.05xINR100000x0.1-INR104=INR10,1082.3529411764675
AC001693,56350.0,1,1,0.8491204481792716,PH004306,-39.760999999999996,DO NOT TRACE,Viable contact exists P(RPC)=84.91%>=40.00%. EV(trace)=0.228x0.05xINR56350x0.1-INR104=INR-40,8502.062745098046
AC001694,218400.0,2,2,0.9745437518290897,PH004307,144.97600000000003,DO NOT TRACE,Viable contact exists P(RPC)=97.45%>=40.00%. EV(trace)=0.228x0.05xINR218400x0.1-INR104=INR145,5559.64460052681
AC001695,65550.0,2,2,0.9891764705882353,PH004310,-29.272999999999996,DO NOT TRACE,Viable contact exists P(RPC)=98.92%>=40.00%. EV(trace)=0.228x0.05xINR65550x0.1-INR104=INR-29,709.4823529411746
AC001696,21750.0,3,1,0.9424911297852473,PH004311,-79.205,DO NOT TRACE,Viable contact exists P(RPC)=94.25%>=40.00%. EV(trace)=0.228x0.05xINR21750x0.1-INR104=INR-79,1250.8179271708714
AC001697,75600.0,1,1,0.8491204481792716,PH004313,-17.81599999999999,DO NOT TRACE,Viable contact exists P(RPC)=84.91%>=40.00%. EV(trace)=0.228x0.05xINR75600x0.1-INR104=INR-18,11406.49411764707
AC001698,20650.0,3,2,0.9891764705882353,PH004315,-80.459,DO NOT TRACE,Viable contact exists P(RPC)=98.92%>=40.00%. EV(trace)=0.228x0.05xINR20650x0.1-INR104=INR-80,223.50588235294057
AC001699,123200.0,2,2,0.07136253650396328,PH005892,36.44800000000001,TRACE,All contacts have poor connection likelihood P(RPC)<15.00%. EV(trace)=0.228x0.05xINR123200x0.1-INR104=INR36. Trace justified.,114408.13550271172
AC001700,644100.0,2,2,0.9745437518290897,PH004318,630.2740000000001,DO NOT TRACE,Viable contact exists P(RPC)=97.45%>=40.00%. EV(trace)=0.228x0.05xINR644100x0.1-INR104=INR630,16396.369446883324
AC001701,206700.0,3,3,0.9891764705882353,PH004320,131.63800000000003,DO NOT TRACE,Viable contact exists P(RPC)=98.92%>=40.00%. EV(trace)=0.228x0.05xINR206700x0.1-INR104=INR132,2237.2235294117586
AC001702,186000.0,3,3,0.9424911297852473,PH004323,108.04000000000002,DO NOT TRACE,Viable contact exists P(RPC)=94.25%>=40.00%. EV(trace)=0.228x0.05xINR186000x0.1-INR104=INR108,10696.649859944004
AC001703,27500.0,4,2,0.9891764705882353,PH004326,-72.65,DO NOT TRACE,Viable contact exists P(RPC)=98.92%>=40.00%. EV(trace)=0.228x0.05xINR27500x0.1-INR104=INR-73,297.6470588235286
AC001704,361900.0,3,3,0.9745437518290897,PH004330,308.56600000000003,DO NOT TRACE,Viable contact exists P(RPC)=97.45%>=40.00%. EV(trace)=0.228x0.05xINR361900x0.1-INR104=INR309,9212.616213052437
AC001705,525000.0,1,1,0.10069607843137254,PH004332,494.5,TRACE,All contacts have poor connection likelihood P(RPC)<15.00%. EV(trace)=0.228x0.05xINR525000x0.1-INR104=INR494. Trace justified.,472134.55882352946
AC001706,184500.0,4,4,0.43770588235294117,PH005949,106.33000000000004,DO NOT TRACE,Viable contact exists P(RPC)=43.77%>=40.00%. EV(trace)=0.228x0.05xINR184500x0.1-INR104=INR106,103743.26470588235
AC001707,166750.0,3,2,0.9745437518290897,PH004336,86.09500000000003,DO NOT TRACE,Viable contact exists P(RPC)=97.45%>=40.00%. EV(trace)=0.228x0.05xINR166750x0.1-INR104=INR86,4244.8293824992925
AC001708,166500.0,3,3,0.9745437518290897,PH004339,85.81000000000003,DO NOT TRACE,Viable contact exists P(RPC)=97.45%>=40.00%. EV(trace)=0.228x0.05xINR166500x0.1-INR104=INR86,4238.465320456565
AC001709,153000.0,2,2,0.9424911297852473,PH004342,70.42000000000002,DO NOT TRACE,Viable contact exists P(RPC)=94.25%>=40.00%. EV(trace)=0.228x0.05xINR153000x0.1-INR104=INR70,8798.857142857163
AC001710,1075500.0,2,2,0.9745437518290897,PH004344,1122.0700000000002,DO NOT TRACE,Viable contact exists P(RPC)=97.45%>=40.00%. EV(trace)=0.228x0.05xINR1075500x0.1-INR104=INR1122,27378.194907814028
AC001711,110200.0,2,1,0.9745437518290897,PH004347,21.628,DO NOT TRACE,Viable contact exists P(RPC)=97.45%>=40.00%. EV(trace)=0.228x0.05xINR110200x0.1-INR104=INR22,2805.2785484343153
AC001712,746200.0,1,1,0.9424911297852473,PH004348,746.6680000000001,DO NOT TRACE,Viable contact exists P(RPC)=94.25%>=40.00%. EV(trace)=0.228x0.05xINR746200x0.1-INR104=INR747,42913.11895424847
AC001713,557600.0,1,1,0.9891764705882353,PH004349,531.6640000000001,DO NOT TRACE,Viable contact exists P(RPC)=98.92%>=40.00%. EV(trace)=0.228x0.05xINR557600x0.1-INR104=INR532,6035.199999999983
AC001714,80000.0,2,1,0.9891764705882353,PH004350,-12.799999999999997,DO NOT TRACE,Viable contact exists P(RPC)=98.92%>=40.00%. EV(trace)=0.228x0.05xINR80000x0.1-INR104=INR-13,865.8823529411741
AC001715,235950.0,3,3,0.9891764705882353,PH004352,164.983,DO NOT TRACE,Viable contact exists P(RPC)=98.92%>=40.00%. EV(trace)=0.228x0.05xINR235950x0.1-INR104=INR165,2553.8117647058752
AC001716,87600.0,2,1,0.10069607843137254,PH004355,-4.135999999999996,DO NOT TRACE,EV(trace)=INR-4 negative yield or active callable contact points available. EV(trace)=0.228x0.05xINR87600x0.1-INR104=INR-4,78779.02352941177
AC001717,194400.0,3,3,0.9891764705882353,PH004356,117.61599999999999,DO NOT TRACE,Viable contact exists P(RPC)=98.92%>=40.00%. EV(trace)=0.228x0.05xINR194400x0.1-INR104=INR118,2104.0941176470533
AC001718,136500.0,2,2,0.9424911297852473,PH004359,51.610000000000014,DO NOT TRACE,Viable contact exists P(RPC)=94.25%>=40.00%. EV(trace)=0.228x0.05xINR136500x0.1-INR104=INR52,7849.960784313745
AC001719,606300.0,2,2,0.8911372549019607,PH004361,587.1820000000001,DO NOT TRACE,Viable contact exists P(RPC)=89.11%>=40.00%. EV(trace)=0.228x0.05xINR606300x0.1-INR104=INR587,66003.48235294121
AC001720,163400.0,2,2,0.9891764705882353,PH004362,82.27600000000001,DO NOT TRACE,Viable contact exists P(RPC)=98.92%>=40.00%. EV(trace)=0.228x0.05xINR163400x0.1-INR104=INR82,1768.564705882348
AC001721,141400.0,4,4,0.9891764705882353,PH004364,57.196000000000026,DO NOT TRACE,Viable contact exists P(RPC)=98.92%>=40.00%. EV(trace)=0.228x0.05xINR141400x0.1-INR104=INR57,1530.4470588235251
AC001722,120750.0,2,2,0.9745437518290897,PH004367,33.655,DO NOT TRACE,Viable contact exists P(RPC)=97.45%>=40.00%. EV(trace)=0.228x0.05xINR120750x0.1-INR104=INR34,3073.841966637419
AC001723,1247400.0,2,2,0.9745437518290897,PH004368,1318.036,DO NOT TRACE,Viable contact exists P(RPC)=97.45%>=40.00%. EV(trace)=0.228x0.05xINR1247400x0.1-INR104=INR1318,31754.12396839351
AC001724,15600.0,2,2,0.4679817920495213,PH004371,-86.216,DO NOT TRACE,Viable contact exists P(RPC)=46.80%>=40.00%. EV(trace)=0.228x0.05xINR15600x0.1-INR104=INR-86,8299.484044027467
AC001725,225000.0,3,2,0.9745437518290897,PH004372,152.5,DO NOT TRACE,Viable contact exists P(RPC)=97.45%>=40.00%. EV(trace)=0.228x0.05xINR225000x0.1-INR104=INR152,5727.655838454818
AC001726,173800.0,2,2,0.9891764705882353,PH004375,94.13200000000003,DO NOT TRACE,Viable contact exists P(RPC)=98.92%>=40.00%. EV(trace)=0.228x0.05xINR173800x0.1-INR104=INR94,1881.1294117647008
AC001727,130350.0,1,1,0.9745437518290897,PH004377,44.59900000000002,DO NOT TRACE,Viable contact exists P(RPC)=97.45%>=40.00%. EV(trace)=0.228x0.05xINR130350x0.1-INR104=INR45,3318.2219490781576
AC001728,128650.0,1,1,0.008784313725490198,PH004378,42.66100000000003,TRACE,All contacts have poor connection likelihood P(RPC)<15.00%. EV(trace)=0.228x0.05xINR128650x0.1-INR104=INR43. Trace justified.,127519.8980392157
AC001729,224200.0,3,3,0.9745437518290897,PH004379,151.58800000000002,DO NOT TRACE,Viable contact exists P(RPC)=97.45%>=40.00%. EV(trace)=0.228x0.05xINR224200x0.1-INR104=INR152,5707.29083991809
AC001730,25650.0,2,1,0.8491204481792716,PH004382,-74.759,DO NOT TRACE,Viable contact exists P(RPC)=84.91%>=40.00%. EV(trace)=0.228x0.05xINR25650x0.1-INR104=INR-75,3870.060504201684
AC001731,65800.0,2,2,0.8911372549019607,PH004385,-28.988,DO NOT TRACE,Viable contact exists P(RPC)=89.11%>=40.00%. EV(trace)=0.228x0.05xINR65800x0.1-INR104=INR-29,7163.168627450985
AC001732,24400.0,2,1,0.9745437518290897,PH004386,-76.184,DO NOT TRACE,Viable contact exists P(RPC)=97.45%>=40.00%. EV(trace)=0.228x0.05xINR24400x0.1-INR104=INR-76,621.1324553702113
AC001733,187200.0,2,2,0.9745437518290897,PH004388,109.40800000000002,DO NOT TRACE,Viable contact exists P(RPC)=97.45%>=40.00%. EV(trace)=0.228x0.05xINR187200x0.1-INR104=INR109,4765.409657594409
AC001734,25500.0,2,2,0.9745437518290897,PH004390,-74.93,DO NOT TRACE,Viable contact exists P(RPC)=97.45%>=40.00%. EV(trace)=0.228x0.05xINR25500x0.1-INR104=INR-75,649.1343283582127
AC001735,188400.0,1,1,0.9745437518290897,PH004391,110.77600000000004,DO NOT TRACE,Viable contact exists P(RPC)=97.45%>=40.00%. EV(trace)=0.228x0.05xINR188400x0.1-INR104=INR111,4795.957155399501
AC001736,98800.0,2,2,0.8257777777777777,PH004392,8.632000000000005,DO NOT TRACE,Viable contact exists P(RPC)=82.58%>=40.00%. EV(trace)=0.228x0.05xINR98800x0.1-INR104=INR9,17213.15555555556
AC001737,86950.0,2,2,0.9745437518290897,PH004395,-4.876999999999995,DO NOT TRACE,Viable contact exists P(RPC)=97.45%>=40.00%. EV(trace)=0.228x0.05xINR86950x0.1-INR104=INR-5,2213.4207784606506
AC001738,569250.0,2,2,0.7440784313725489,PH004397,544.945,DO NOT TRACE,Viable contact exists P(RPC)=74.41%>=40.00%. EV(trace)=0.228x0.05xINR569250x0.1-INR104=INR545,145683.35294117653
AC001739,51800.0,3,3,0.9891764705882353,PH004398,-44.948,DO NOT TRACE,Viable contact exists P(RPC)=98.92%>=40.00%. EV(trace)=0.228x0.05xINR51800x0.1-INR104=INR-45,560.6588235294103
AC001740,90300.0,2,1,0.9891764705882353,PH004401,-1.0579999999999927,DO NOT TRACE,Viable contact exists P(RPC)=98.92%>=40.00%. EV(trace)=0.228x0.05xINR90300x0.1-INR104=INR-1,977.3647058823502
AC001741,9000.0,2,1,0.9424911297852473,PH004404,-93.74,DO NOT TRACE,Viable contact exists P(RPC)=94.25%>=40.00%. EV(trace)=0.228x0.05xINR9000x0.1-INR104=INR-94,517.5798319327744
AC001742,442000.0,4,4,0.9424911297852473,PH004406,399.88000000000005,DO NOT TRACE,Viable contact exists P(RPC)=94.25%>=40.00%. EV(trace)=0.228x0.05xINR442000x0.1-INR104=INR400,25418.920634920694
AC001743,160950.0,2,2,0.9891764705882353,PH004410,79.48300000000003,DO NOT TRACE,Viable contact exists P(RPC)=98.92%>=40.00%. EV(trace)=0.228x0.05xINR160950x0.1-INR104=INR79,1742.0470588235246
AC001744,177750.0,2,2,0.9745437518290897,PH000093,98.63500000000002,DO NOT TRACE,Viable contact exists P(RPC)=97.45%>=40.00%. EV(trace)=0.228x0.05xINR177750x0.1-INR104=INR99,4524.848112379306
AC001745,394000.0,1,1,0.9891764705882353,PH004412,345.1600000000001,DO NOT TRACE,Viable contact exists P(RPC)=98.92%>=40.00%. EV(trace)=0.228x0.05xINR394000x0.1-INR104=INR345,4264.470588235283
AC001746,176300.0,3,3,0.9891764705882353,PH005867,96.98200000000003,DO NOT TRACE,Viable contact exists P(RPC)=98.92%>=40.00%. EV(trace)=0.228x0.05xINR176300x0.1-INR104=INR97,1908.1882352941125
AC001747,135900.0,2,2,0.9891764705882353,PH004415,50.926000000000016,DO NOT TRACE,Viable contact exists P(RPC)=98.92%>=40.00%. EV(trace)=0.228x0.05xINR135900x0.1-INR104=INR51,1470.9176470588195
AC001748,874650.0,1,1,0.008784313725490198,PH004417,893.1010000000001,TRACE,All contacts have poor connection likelihood P(RPC)<15.00%. EV(trace)=0.228x0.05xINR874650x0.1-INR104=INR893. Trace justified.,866966.8
AC001749,598500.0,2,2,0.8257777777777777,PH004418,578.2900000000001,DO NOT TRACE,Viable contact exists P(RPC)=82.58%>=40.00%. EV(trace)=0.228x0.05xINR598500x0.1-INR104=INR578,104272.00000000003
AC001750,48750.0,1,1,0.9745437518290897,PH004420,-48.425,DO NOT TRACE,Viable contact exists P(RPC)=97.45%>=40.00%. EV(trace)=0.228x0.05xINR48750x0.1-INR104=INR-48,1240.992098331877
AC001751,249900.0,2,2,0.9424911297852473,PH004422,180.88600000000002,DO NOT TRACE,Viable contact exists P(RPC)=94.25%>=40.00%. EV(trace)=0.228x0.05xINR249900x0.1-INR104=INR181,14371.466666666702
AC001752,137350.0,2,2,0.9891764705882353,PH004423,52.57900000000001,DO NOT TRACE,Viable contact exists P(RPC)=98.92%>=40.00%. EV(trace)=0.228x0.05xINR137350x0.1-INR104=INR53,1486.6117647058784
AC001753,489000.0,1,1,0.9745437518290897,PH004425,453.46000000000004,DO NOT TRACE,Viable contact exists P(RPC)=97.45%>=40.00%. EV(trace)=0.228x0.05xINR489000x0.1-INR104=INR453,12448.105355575137
AC001754,1233000.0,3,3,0.9745437518290897,PH004427,1301.6200000000001,DO NOT TRACE,Viable contact exists P(RPC)=97.45%>=40.00%. EV(trace)=0.228x0.05xINR1233000x0.1-INR104=INR1302,31387.5539947324
AC001755,38000.0,2,1,0.029209150326797384,PH004429,-60.68,DO NOT TRACE,EV(trace)=INR-61 negative yield or active callable contact points available. EV(trace)=0.228x0.05xINR38000x0.1-INR104=INR-61,36890.0522875817
AC001756,62250.0,2,2,0.9891764705882353,PH004431,-33.035,DO NOT TRACE,Viable contact exists P(RPC)=98.92%>=40.00%. EV(trace)=0.228x0.05xINR62250x0.1-INR104=INR-33,673.7647058823511
AC001757,57400.0,3,3,0.8257777777777777,PH004434,-38.56399999999999,DO NOT TRACE,Viable contact exists P(RPC)=82.58%>=40.00%. EV(trace)=0.228x0.05xINR57400x0.1-INR104=INR-39,10000.35555555556
AC001758,91800.0,2,2,0.9424911297852473,PH004436,0.652000000000001,DO NOT TRACE,Viable contact exists P(RPC)=94.25%>=40.00%. EV(trace)=0.228x0.05xINR91800x0.1-INR104=INR1,5279.314285714298
AC001759,17850.0,2,1,0.9891764705882353,PH004437,-83.651,DO NOT TRACE,Viable contact exists P(RPC)=98.92%>=40.00%. EV(trace)=0.228x0.05xINR17850x0.1-INR104=INR-84,193.19999999999948
AC001760,148000.0,2,2,0.9424911297852473,PH004439,64.72000000000003,DO NOT TRACE,Viable contact exists P(RPC)=94.25%>=40.00%. EV(trace)=0.228x0.05xINR148000x0.1-INR104=INR65,8511.3127917834
AC001761,57600.0,3,3,0.9891764705882353,PH004440,-38.336,DO NOT TRACE,Viable contact exists P(RPC)=98.92%>=40.00%. EV(trace)=0.228x0.05xINR57600x0.1-INR104=INR-38,623.4352941176453
AC001762,408000.0,4,4,0.9745437518290897,PH004443,361.12,DO NOT TRACE,Viable contact exists P(RPC)=97.45%>=40.00%. EV(trace)=0.228x0.05xINR408000x0.1-INR104=INR361,10386.149253731402
AC001763,869400.0,1,1,0.9745437518290897,PH004447,887.116,DO NOT TRACE,Viable contact exists P(RPC)=97.45%>=40.00%. EV(trace)=0.228x0.05xINR869400x0.1-INR104=INR887,22131.662159789415
AC001764,106250.0,3,3,0.9745437518290897,PH004448,17.125,DO NOT TRACE,Viable contact exists P(RPC)=97.45%>=40.00%. EV(trace)=0.228x0.05xINR106250x0.1-INR104=INR17,2704.7263681592194
AC001765,112000.0,2,2,0.029209150326797384,PH004450,23.680000000000007,TRACE,All contacts have poor connection likelihood P(RPC)<15.00%. EV(trace)=0.228x0.05xINR112000x0.1-INR104=INR24. Trace justified.,108728.5751633987
AC001766,49400.0,2,2,0.9745437518290897,PH004452,-47.684,DO NOT TRACE,Viable contact exists P(RPC)=97.45%>=40.00%. EV(trace)=0.228x0.05xINR49400x0.1-INR104=INR-48,1257.538659642969
AC001767,229500.0,3,3,0.9891764705882353,PH004454,157.63000000000005,DO NOT TRACE,Viable contact exists P(RPC)=98.92%>=40.00%. EV(trace)=0.228x0.05xINR229500x0.1-INR104=INR158,2483.999999999993
AC001768,19500.0,2,1,0.9745437518290897,PH005884,-81.77,DO NOT TRACE,Viable contact exists P(RPC)=97.45%>=40.00%. EV(trace)=0.228x0.05xINR19500x0.1-INR104=INR-82,496.39683933275086
AC001769,108000.0,3,3,0.9891764705882353,PH004457,19.120000000000005,DO NOT TRACE,Viable contact exists P(RPC)=98.92%>=40.00%. EV(trace)=0.228x0.05xINR108000x0.1-INR104=INR19,1168.941176470585
AC001770,667400.0,2,2,0.9891764705882353,PH004461,656.8360000000001,DO NOT TRACE,Viable contact exists P(RPC)=98.92%>=40.00%. EV(trace)=0.228x0.05xINR667400x0.1-INR104=INR657,7223.623529411745
AC001771,130950.0,3,3,0.9424911297852473,PH000295,45.283000000000015,DO NOT TRACE,Viable contact exists P(RPC)=94.25%>=40.00%. EV(trace)=0.228x0.05xINR130950x0.1-INR104=INR45,7530.786554621866
AC001772,6800.0,2,1,0.9424911297852473,PH004464,-96.248,DO NOT TRACE,Viable contact exists P(RPC)=94.25%>=40.00%. EV(trace)=0.228x0.05xINR6800x0.1-INR104=INR-96,391.0603174603184
AC001773,51800.0,3,2,0.9424911297852473,PH004466,-44.948,DO NOT TRACE,Viable contact exists P(RPC)=94.25%>=40.00%. EV(trace)=0.228x0.05xINR51800x0.1-INR104=INR-45,2978.95947712419
AC001774,40800.0,2,1,0.9891764705882353,PH004470,-57.488,DO NOT TRACE,Viable contact exists P(RPC)=98.92%>=40.00%. EV(trace)=0.228x0.05xINR40800x0.1-INR104=INR-57,441.5999999999988
AC001775,34100.0,3,1,0.9891764705882353,PH005835,-65.126,DO NOT TRACE,Viable contact exists P(RPC)=98.92%>=40.00%. EV(trace)=0.228x0.05xINR34100x0.1-INR104=INR-65,369.0823529411755
AC001776,19200.0,2,1,0.9891764705882353,PH004473,-82.112,DO NOT TRACE,Viable contact exists P(RPC)=98.92%>=40.00%. EV(trace)=0.228x0.05xINR19200x0.1-INR104=INR-82,207.81176470588179
AC001777,384000.0,3,3,0.8491204481792716,PH004475,333.76000000000005,DO NOT TRACE,Viable contact exists P(RPC)=84.91%>=40.00%. EV(trace)=0.228x0.05xINR384000x0.1-INR104=INR334,57937.747899159716
AC001778,34800.0,4,1,0.9745437518290897,PH004477,-64.328,DO NOT TRACE,Viable contact exists P(RPC)=97.45%>=40.00%. EV(trace)=0.228x0.05xINR34800x0.1-INR104=INR-64,885.8774363476784
AC001779,81600.0,2,1,0.9424911297852473,PH004481,-10.975999999999999,DO NOT TRACE,Viable contact exists P(RPC)=94.25%>=40.00%. EV(trace)=0.228x0.05xINR81600x0.1-INR104=INR-11,4692.723809523821
AC001780,550000.0,2,2,0.9891764705882353,PH004483,523.0,DO NOT TRACE,Viable contact exists P(RPC)=98.92%>=40.00%. EV(trace)=0.228x0.05xINR550000x0.1-INR104=INR523,5952.941176470572
AC001781,254800.0,1,1,0.9891764705882353,PH004484,186.47200000000004,DO NOT TRACE,Viable contact exists P(RPC)=98.92%>=40.00%. EV(trace)=0.228x0.05xINR254800x0.1-INR104=INR186,2757.8352941176395
AC001782,210800.0,1,1,0.07136253650396328,PH004485,136.312,TRACE,All contacts have poor connection likelihood P(RPC)<15.00%. EV(trace)=0.228x0.05xINR210800x0.1-INR104=INR136. Trace justified.,195756.77730496455
AC001783,352950.0,3,3,0.9891764705882353,PH004486,298.36300000000006,DO NOT TRACE,Viable contact exists P(RPC)=98.92%>=40.00%. EV(trace)=0.228x0.05xINR352950x0.1-INR104=INR298,3820.1647058823423
AC001784,90000.0,3,2,0.9424911297852473,PH004489,-1.3999999999999915,DO NOT TRACE,Viable contact exists P(RPC)=94.25%>=40.00%. EV(trace)=0.228x0.05xINR90000x0.1-INR104=INR-1,5175.798319327743
AC001785,98000.0,2,2,0.8911372549019607,PH004492,7.720000000000013,DO NOT TRACE,Viable contact exists P(RPC)=89.11%>=40.00%. EV(trace)=0.228x0.05xINR98000x0.1-INR104=INR8,10668.54901960785
AC001786,175500.0,2,2,0.9424911297852473,PH004494,96.07000000000002,DO NOT TRACE,Viable contact exists P(RPC)=94.25%>=40.00%. EV(trace)=0.228x0.05xINR175500x0.1-INR104=INR96,10092.8067226891
AC001787,121800.0,2,2,0.9424911297852473,PH004496,34.852000000000004,DO NOT TRACE,Viable contact exists P(RPC)=94.25%>=40.00%. EV(trace)=0.228x0.05xINR121800x0.1-INR104=INR35,7004.5803921568795
AC001788,450950.0,1,1,0.9891764705882353,PH004498,410.08299999999997,DO NOT TRACE,Viable contact exists P(RPC)=98.92%>=40.00%. EV(trace)=0.228x0.05xINR450950x0.1-INR104=INR410,4880.870588235281
AC001789,181300.0,1,1,0.8491204481792716,PH004499,102.68200000000002,DO NOT TRACE,Viable contact exists P(RPC)=84.91%>=40.00%. EV(trace)=0.228x0.05xINR181300x0.1-INR104=INR103,27354.462745098066
AC001790,494250.0,3,3,0.9745437518290897,PH004500,459.44500000000005,DO NOT TRACE,Viable contact exists P(RPC)=97.45%>=40.00%. EV(trace)=0.228x0.05xINR494250x0.1-INR104=INR459,12581.750658472416
AC001791,200100.0,2,2,0.9745437518290897,PH004503,124.114,DO NOT TRACE,Viable contact exists P(RPC)=97.45%>=40.00%. EV(trace)=0.228x0.05xINR200100x0.1-INR104=INR124,5093.795258999151
AC001792,282750.0,1,1,0.9745437518290897,PH004505,218.33500000000004,DO NOT TRACE,Viable contact exists P(RPC)=97.45%>=40.00%. EV(trace)=0.228x0.05xINR282750x0.1-INR104=INR218,7197.754170324887
AC001793,796250.0,3,3,0.9424911297852473,PH004508,803.725,DO NOT TRACE,Viable contact exists P(RPC)=94.25%>=40.00%. EV(trace)=0.228x0.05xINR796250x0.1-INR104=INR804,45791.43790849684
AC001794,134400.0,2,2,0.7440784313725489,PH004509,49.21600000000001,DO NOT TRACE,Viable contact exists P(RPC)=74.41%>=40.00%. EV(trace)=0.228x0.05xINR134400x0.1-INR104=INR49,34395.85882352942
AC001795,168750.0,3,3,0.9891764705882353,PH004510,88.375,DO NOT TRACE,Viable contact exists P(RPC)=98.92%>=40.00%. EV(trace)=0.228x0.05xINR168750x0.1-INR104=INR88,1826.4705882352891
AC001796,135700.0,2,2,0.43770588235294117,PH004513,50.69800000000001,DO NOT TRACE,Viable contact exists P(RPC)=43.77%>=40.00%. EV(trace)=0.228x0.05xINR135700x0.1-INR104=INR51,76303.31176470588
AC001797,70000.0,2,2,0.9745437518290897,PH004514,-24.19999999999999,DO NOT TRACE,Viable contact exists P(RPC)=97.45%>=40.00%. EV(trace)=0.228x0.05xINR70000x0.1-INR104=INR-24,1781.937371963721
AC001798,49300.0,2,1,0.9424911297852473,PH004516,-47.798,DO NOT TRACE,Viable contact exists P(RPC)=94.25%>=40.00%. EV(trace)=0.228x0.05xINR49300x0.1-INR104=INR-48,2835.1873015873084
AC001799,40800.0,2,2,0.9891764705882353,PH004518,-57.488,DO NOT TRACE,Viable contact exists P(RPC)=98.92%>=40.00%. EV(trace)=0.228x0.05xINR40800x0.1-INR104=INR-57,441.5999999999988
AC001800,118950.0,2,2,0.008784313725490198,PH004520,31.60300000000001,TRACE,All contacts have poor connection likelihood P(RPC)<15.00%. EV(trace)=0.228x0.05xINR118950x0.1-INR104=INR32. Trace justified.,117905.10588235295
AC001801,84400.0,2,1,0.9891764705882353,PH005843,-7.783999999999992,DO NOT TRACE,Viable contact exists P(RPC)=98.92%>=40.00%. EV(trace)=0.228x0.05xINR84400x0.1-INR104=INR-8,913.5058823529387
AC001802,25200.0,2,2,0.9424911297852473,PH004524,-75.27199999999999,DO NOT TRACE,Viable contact exists P(RPC)=94.25%>=40.00%. EV(trace)=0.228x0.05xINR25200x0.1-INR104=INR-75,1449.2235294117681
AC001803,216000.0,5,5,0.9891764705882353,PH004526,142.24,DO NOT TRACE,Viable contact exists P(RPC)=98.92%>=40.00%. EV(trace)=0.228x0.05xINR216000x0.1-INR104=INR142,2337.88235294117
AC001804,68750.0,4,2,0.9745437518290897,PH004529,-25.625,DO NOT TRACE,Viable contact exists P(RPC)=97.45%>=40.00%. EV(trace)=0.228x0.05xINR68750x0.1-INR104=INR-26,1750.1170617500832
AC001805,24500.0,1,1,0.9424911297852473,PH004533,-76.07,DO NOT TRACE,Viable contact exists P(RPC)=94.25%>=40.00%. EV(trace)=0.228x0.05xINR24500x0.1-INR104=INR-76,1408.9673202614413
AC001806,39200.0,2,1,0.8491204481792716,PH004535,-59.312,DO NOT TRACE,Viable contact exists P(RPC)=84.91%>=40.00%. EV(trace)=0.228x0.05xINR39200x0.1-INR104=INR-59,5914.478431372554
AC001807,64800.0,3,1,0.9745437518290897,PH004537,-30.128,DO NOT TRACE,Viable contact exists P(RPC)=97.45%>=40.00%. EV(trace)=0.228x0.05xINR64800x0.1-INR104=INR-30,1649.5648814749875
AC001808,32000.0,2,2,0.9891764705882353,PH004539,-67.52,DO NOT TRACE,Viable contact exists P(RPC)=98.92%>=40.00%. EV(trace)=0.228x0.05xINR32000x0.1-INR104=INR-68,346.35294117646964
AC001809,31500.0,3,2,0.8911372549019607,PH004540,-68.09,DO NOT TRACE,Viable contact exists P(RPC)=89.11%>=40.00%. EV(trace)=0.228x0.05xINR31500x0.1-INR104=INR-68,3429.1764705882374
AC001810,45600.0,2,2,0.9745437518290897,PH004544,-52.01599999999999,DO NOT TRACE,Viable contact exists P(RPC)=97.45%>=40.00%. EV(trace)=0.228x0.05xINR45600x0.1-INR104=INR-52,1160.8049165935097
AC001811,36000.0,3,2,0.9745437518290897,PH004545,-62.959999999999994,DO NOT TRACE,Viable contact exists P(RPC)=97.45%>=40.00%. EV(trace)=0.228x0.05xINR36000x0.1-INR104=INR-63,916.4249341527708
AC001812,239800.0,4,3,0.43770588235294117,PH004550,169.372,DO NOT TRACE,Viable contact exists P(RPC)=43.77%>=40.00%. EV(trace)=0.228x0.05xINR239800x0.1-INR104=INR169,134838.1294117647
AC001813,147400.0,4,4,0.9891764705882353,PH005930,64.03600000000003,DO NOT TRACE,Viable contact exists P(RPC)=98.92%>=40.00%. EV(trace)=0.228x0.05xINR147400x0.1-INR104=INR64,1595.3882352941132
AC001814,411200.0,2,2,0.008784313725490198,PH004553,364.76800000000003,TRACE,All contacts have poor connection likelihood P(RPC)<15.00%. EV(trace)=0.228x0.05xINR411200x0.1-INR104=INR365. Trace justified.,407587.89019607846
AC001815,44000.0,3,3,0.9891764705882353,PH004555,-53.839999999999996,DO NOT TRACE,Viable contact exists P(RPC)=98.92%>=40.00%. EV(trace)=0.228x0.05xINR44000x0.1-INR104=INR-54,476.23529411764576
AC001816,371000.0,2,2,0.8911372549019607,PH004558,318.94000000000005,DO NOT TRACE,Viable contact exists P(RPC)=89.11%>=40.00%. EV(trace)=0.228x0.05xINR371000x0.1-INR104=INR319,40388.078431372574
AC001817,91200.0,3,1,0.43770588235294117,PH004562,-0.031999999999982265,DO NOT TRACE,Viable contact exists P(RPC)=43.77%>=40.00%. EV(trace)=0.228x0.05xINR91200x0.1-INR104=INR-0,51281.22352941176
AC001818,152650.0,2,2,0.029643721318314557,PH004563,70.02100000000002,TRACE,All contacts have poor connection likelihood P(RPC)<15.00%. EV(trace)=0.228x0.05xINR152650x0.1-INR104=INR70. Trace justified.,148124.88594075927
AC001819,78200.0,3,3,0.9424911297852473,PH004565,-14.85199999999999,DO NOT TRACE,Viable contact exists P(RPC)=94.25%>=40.00%. EV(trace)=0.228x0.05xINR78200x0.1-INR104=INR-15,4497.193650793662
AC001820,218750.0,1,1,0.8911372549019607,PH004568,145.375,DO NOT TRACE,Viable contact exists P(RPC)=89.11%>=40.00%. EV(trace)=0.228x0.05xINR218750x0.1-INR104=INR145,23813.72549019609
AC001821,45750.0,1,1,0.9891764705882353,PH004569,-51.84499999999999,DO NOT TRACE,Viable contact exists P(RPC)=98.92%>=40.00%. EV(trace)=0.228x0.05xINR45750x0.1-INR104=INR-52,495.17647058823394
AC001822,445400.0,3,2,0.9745437518290897,PH004570,403.7560000000001,DO NOT TRACE,Viable contact exists P(RPC)=97.45%>=40.00%. EV(trace)=0.228x0.05xINR445400x0.1-INR104=INR404,11338.212935323449
AC001823,46750.0,2,1,0.9745437518290897,PH004572,-50.70499999999999,DO NOT TRACE,Viable contact exists P(RPC)=97.45%>=40.00%. EV(trace)=0.228x0.05xINR46750x0.1-INR104=INR-51,1190.0796019900565
AC001824,117600.0,2,2,0.9745437518290897,PH004574,30.06400000000002,DO NOT TRACE,Viable contact exists P(RPC)=97.45%>=40.00%. EV(trace)=0.228x0.05xINR117600x0.1-INR104=INR30,2993.6547848990513
AC001825,110200.0,1,1,0.9745437518290897,PH004576,21.628,DO NOT TRACE,Viable contact exists P(RPC)=97.45%>=40.00%. EV(trace)=0.228x0.05xINR110200x0.1-INR104=INR22,2805.2785484343153
AC001826,101250.0,2,1,0.9891764705882353,PH004577,11.425000000000011,DO NOT TRACE,Viable contact exists P(RPC)=98.92%>=40.00%. EV(trace)=0.228x0.05xINR101250x0.1-INR104=INR11,1095.8823529411734
AC001827,21700.0,1,1,0.9745437518290897,PH004579,-79.262,DO NOT TRACE,Viable contact exists P(RPC)=97.45%>=40.00%. EV(trace)=0.228x0.05xINR21700x0.1-INR104=INR-79,552.4005853087535
AC001828,78300.0,3,2,0.9424911297852473,PH004580,-14.738,DO NOT TRACE,Viable contact exists P(RPC)=94.25%>=40.00%. EV(trace)=0.228x0.05xINR78300x0.1-INR104=INR-15,4502.944537815137
AC001829,16200.0,1,0,0.008784313725490198,,-85.532,DO NOT TRACE,EV(trace)=INR-86 negative yield or active callable contact points available. EV(trace)=0.228x0.05xINR16200x0.1-INR104=INR-86,16057.69411764706
AC001830,896000.0,3,3,0.9745437518290897,PH004584,917.44,DO NOT TRACE,Viable contact exists P(RPC)=97.45%>=40.00%. EV(trace)=0.228x0.05xINR896000x0.1-INR104=INR917,22808.79836113563
AC001831,40850.0,3,1,0.9424911297852473,PH004586,-57.431,DO NOT TRACE,Viable contact exists P(RPC)=94.25%>=40.00%. EV(trace)=0.228x0.05xINR40850x0.1-INR104=INR-57,2349.237348272648
AC001832,162150.0,2,1,0.9891764705882353,PH004589,80.851,DO NOT TRACE,Viable contact exists P(RPC)=98.92%>=40.00%. EV(trace)=0.228x0.05xINR162150x0.1-INR104=INR81,1755.0352941176423
AC001833,150750.0,3,3,0.7440784313725489,PH004593,67.85500000000002,DO NOT TRACE,Viable contact exists P(RPC)=74.41%>=40.00%. EV(trace)=0.228x0.05xINR150750x0.1-INR104=INR68,38580.17647058825
AC001834,20700.0,1,1,0.9891764705882353,PH004594,-80.402,DO NOT TRACE,Viable contact exists P(RPC)=98.92%>=40.00%. EV(trace)=0.228x0.05xINR20700x0.1-INR104=INR-80,224.0470588235288
AC001835,358050.0,2,2,0.015895891465503863,PH004595,304.177,TRACE,All contacts have poor connection likelihood P(RPC)<15.00%. EV(trace)=0.228x0.05xINR358050x0.1-INR104=INR304. Trace justified.,352358.47606077633
AC001836,54000.0,3,2,0.9745437518290897,PH004597,-42.44,DO NOT TRACE,Viable contact exists P(RPC)=97.45%>=40.00%. EV(trace)=0.228x0.05xINR54000x0.1-INR104=INR-42,1374.6374012291562
AC001837,694450.0,1,1,0.8491204481792716,PH004599,687.6730000000001,DO NOT TRACE,Viable contact exists P(RPC)=84.91%>=40.00%. EV(trace)=0.228x0.05xINR694450x0.1-INR104=INR688,104778.30476190486
AC001838,112800.0,1,0,0.008784313725490198,,24.592000000000013,TRACE,All contacts exhausted. EV(trace)=0.228x0.05xINR112800x0.1-INR104=INR25. Net positive recovery yield.,111809.1294117647
AC001839,120700.0,1,1,0.9424911297852473,PH004601,33.59800000000001,DO NOT TRACE,Viable contact exists P(RPC)=94.25%>=40.00%. EV(trace)=0.228x0.05xINR120700x0.1-INR104=INR34,6941.320634920651
AC001840,91650.0,2,1,0.9745437518290897,PH004602,0.48099999999999454,DO NOT TRACE,Viable contact exists P(RPC)=97.45%>=40.00%. EV(trace)=0.228x0.05xINR91650x0.1-INR104=INR0,2333.065144863929
AC001841,114800.0,2,2,0.9424911297852473,PH004604,26.872000000000014,DO NOT TRACE,Viable contact exists P(RPC)=94.25%>=40.00%. EV(trace)=0.228x0.05xINR114800x0.1-INR104=INR27,6602.018300653611
AC001842,164250.0,3,3,0.029643721318314557,PH004608,83.245,TRACE,All contacts have poor connection likelihood P(RPC)<15.00%. EV(trace)=0.228x0.05xINR164250x0.1-INR104=INR83. Trace justified.,159381.0187734668
AC001843,705200.0,2,2,0.9745437518290897,PH004610,699.9280000000001,DO NOT TRACE,Viable contact exists P(RPC)=97.45%>=40.00%. EV(trace)=0.228x0.05xINR705200x0.1-INR104=INR700,17951.746210125944
AC001844,162400.0,2,2,0.9424911297852473,PH004611,81.13600000000002,DO NOT TRACE,Viable contact exists P(RPC)=94.25%>=40.00%. EV(trace)=0.228x0.05xINR162400x0.1-INR104=INR81,9339.440522875839
AC001845,109650.0,3,3,0.9745437518290897,PH004613,21.001000000000005,DO NOT TRACE,Viable contact exists P(RPC)=97.45%>=40.00%. EV(trace)=0.228x0.05xINR109650x0.1-INR104=INR21,2791.2776119403143
AC001846,841750.0,2,2,0.10069607843137254,PH004616,855.5950000000001,TRACE,All contacts have poor connection likelihood P(RPC)<15.00%. EV(trace)=0.228x0.05xINR841750x0.1-INR104=INR856. Trace justified.,756989.0759803922
AC001847,22400.0,1,1,0.9891764705882353,PH004618,-78.464,DO NOT TRACE,Viable contact exists P(RPC)=98.92%>=40.00%. EV(trace)=0.228x0.05xINR22400x0.1-INR104=INR-78,242.44705882352875
AC001848,98700.0,2,2,0.9745437518290897,PH004619,8.518000000000015,DO NOT TRACE,Viable contact exists P(RPC)=97.45%>=40.00%. EV(trace)=0.228x0.05xINR98700x0.1-INR104=INR9,2512.5316944688466
AC001849,303750.0,2,1,0.9424911297852473,PH004621,242.27500000000003,DO NOT TRACE,Viable contact exists P(RPC)=94.25%>=40.00%. EV(trace)=0.228x0.05xINR303750x0.1-INR104=INR242,17468.319327731133
AC001850,86800.0,2,2,0.9424911297852473,PH004623,-5.048000000000002,DO NOT TRACE,Viable contact exists P(RPC)=94.25%>=40.00%. EV(trace)=0.228x0.05xINR86800x0.1-INR104=INR-5,4991.769934640535
AC001851,120750.0,1,1,0.9745437518290897,PH004625,33.655,DO NOT TRACE,Viable contact exists P(RPC)=97.45%>=40.00%. EV(trace)=0.228x0.05xINR120750x0.1-INR104=INR34,3073.841966637419
AC001852,45900.0,3,2,0.9891764705882353,PH004627,-51.674,DO NOT TRACE,Viable contact exists P(RPC)=98.92%>=40.00%. EV(trace)=0.228x0.05xINR45900x0.1-INR104=INR-52,496.79999999999865
AC001853,134400.0,3,3,0.9424911297852473,PH004628,49.21600000000001,DO NOT TRACE,Viable contact exists P(RPC)=94.25%>=40.00%. EV(trace)=0.228x0.05xINR134400x0.1-INR104=INR49,7729.192156862764
AC001854,178850.0,2,2,0.9891764705882353,PH004631,99.88900000000001,DO NOT TRACE,Viable contact exists P(RPC)=98.92%>=40.00%. EV(trace)=0.228x0.05xINR178850x0.1-INR104=INR100,1935.7882352941124
AC001855,928700.0,1,1,0.9891764705882353,PH004633,954.7180000000001,DO NOT TRACE,Viable contact exists P(RPC)=98.92%>=40.00%. EV(trace)=0.228x0.05xINR928700x0.1-INR104=INR955,10051.811764705855
AC001856,75000.0,2,2,0.9891764705882353,PH004635,-18.5,DO NOT TRACE,Viable contact exists P(RPC)=98.92%>=40.00%. EV(trace)=0.228x0.05xINR75000x0.1-INR104=INR-18,811.7647058823508
AC001857,58000.0,1,1,0.029643721318314557,PH004636,-37.879999999999995,DO NOT TRACE,EV(trace)=INR-38 negative yield or active callable contact points available. EV(trace)=0.228x0.05xINR58000x0.1-INR104=INR-38,56280.66416353775
AC001858,541200.0,3,2,0.9745437518290897,PH004637,512.9680000000001,DO NOT TRACE,Viable contact exists P(RPC)=97.45%>=40.00%. EV(trace)=0.228x0.05xINR541200x0.1-INR104=INR513,13776.921510096654
AC001859,184300.0,2,2,0.9891764705882353,PH004639,106.102,DO NOT TRACE,Viable contact exists P(RPC)=98.92%>=40.00%. EV(trace)=0.228x0.05xINR184300x0.1-INR104=INR106,1994.7764705882298
AC001860,184600.0,2,2,0.9745437518290897,PH004641,106.44400000000002,DO NOT TRACE,Viable contact exists P(RPC)=97.45%>=40.00%. EV(trace)=0.228x0.05xINR184600x0.1-INR104=INR106,4699.223412350041
AC001861,340600.0,3,3,0.9745437518290897,PH004643,284.28400000000005,DO NOT TRACE,Viable contact exists P(RPC)=97.45%>=40.00%. EV(trace)=0.228x0.05xINR340600x0.1-INR104=INR284,8670.398127012048
AC001862,777600.0,4,4,0.9891764705882353,PH004647,782.4639999999999,DO NOT TRACE,Viable contact exists P(RPC)=98.92%>=40.00%. EV(trace)=0.228x0.05xINR777600x0.1-INR104=INR782,8416.376470588213
AC001863,50350.0,2,1,0.9745437518290897,PH004649,-46.601,DO NOT TRACE,Viable contact exists P(RPC)=97.45%>=40.00%. EV(trace)=0.228x0.05xINR50350x0.1-INR104=INR-47,1281.7220954053337
AC001864,176000.0,3,3,0.9891764705882353,PH004651,96.64000000000001,DO NOT TRACE,Viable contact exists P(RPC)=98.92%>=40.00%. EV(trace)=0.228x0.05xINR176000x0.1-INR104=INR97,1904.941176470583
AC001865,75850.0,3,2,0.9891764705882353,PH004655,-17.53099999999999,DO NOT TRACE,Viable contact exists P(RPC)=98.92%>=40.00%. EV(trace)=0.228x0.05xINR75850x0.1-INR104=INR-18,820.9647058823507
AC001866,19200.0,4,1,0.9891764705882353,PH004658,-82.112,DO NOT TRACE,Viable contact exists P(RPC)=98.92%>=40.00%. EV(trace)=0.228x0.05xINR19200x0.1-INR104=INR-82,207.81176470588179
AC001867,79550.0,2,1,0.07136253650396328,PH005855,-13.312999999999988,DO NOT TRACE,EV(trace)=INR-13 negative yield or active callable contact points available. EV(trace)=0.228x0.05xINR79550x0.1-INR104=INR-13,73873.11022110972
AC001868,40000.0,2,1,0.9891764705882353,PH004662,-58.4,DO NOT TRACE,Viable contact exists P(RPC)=98.92%>=40.00%. EV(trace)=0.228x0.05xINR40000x0.1-INR104=INR-58,432.94117647058704
AC001869,58900.0,4,3,0.9745437518290897,PH000516,-36.854,DO NOT TRACE,Viable contact exists P(RPC)=97.45%>=40.00%. EV(trace)=0.228x0.05xINR58900x0.1-INR104=INR-37,1499.3730172666167
AC001870,39900.0,2,2,0.9745437518290897,PH004667,-58.513999999999996,DO NOT TRACE,Viable contact exists P(RPC)=97.45%>=40.00%. EV(trace)=0.228x0.05xINR39900x0.1-INR104=INR-59,1015.704302019321
AC001871,405300.0,2,2,0.8257777777777777,PH004669,358.04200000000003,DO NOT TRACE,Viable contact exists P(RPC)=82.58%>=40.00%. EV(trace)=0.228x0.05xINR405300x0.1-INR104=INR358,70612.26666666669
AC001872,170150.0,4,4,0.03917295033383052,PH004673,89.971,TRACE,All contacts have poor connection likelihood P(RPC)<15.00%. EV(trace)=0.228x0.05xINR170150x0.1-INR104=INR90. Trace justified.,163484.72250069873
AC001873,437800.0,2,2,0.9424911297852473,PH000546,395.09200000000004,DO NOT TRACE,Viable contact exists P(RPC)=94.25%>=40.00%. EV(trace)=0.228x0.05xINR437800x0.1-INR104=INR395,25177.383380018735
AC001874,236350.0,4,4,0.9745437518290897,PH004676,165.43900000000002,DO NOT TRACE,Viable contact exists P(RPC)=97.45%>=40.00%. EV(trace)=0.228x0.05xINR236350x0.1-INR104=INR165,6016.58425519465
AC001875,17850.0,2,2,0.9745437518290897,PH004680,-83.651,DO NOT TRACE,Viable contact exists P(RPC)=97.45%>=40.00%. EV(trace)=0.228x0.05xINR17850x0.1-INR104=INR-84,454.3940298507489
AC001876,57000.0,2,2,0.9891764705882353,PH004682,-39.019999999999996,DO NOT TRACE,Viable contact exists P(RPC)=98.92%>=40.00%. EV(trace)=0.228x0.05xINR57000x0.1-INR104=INR-39,616.9411764705866
AC001877,116800.0,2,2,0.9424911297852473,PH004684,29.152000000000015,DO NOT TRACE,Viable contact exists P(RPC)=94.25%>=40.00%. EV(trace)=0.228x0.05xINR116800x0.1-INR104=INR29,6717.036041083116
AC001878,23000.0,2,1,0.9745437518290897,PH004687,-77.78,DO NOT TRACE,Viable contact exists P(RPC)=97.45%>=40.00%. EV(trace)=0.228x0.05xINR23000x0.1-INR104=INR-78,585.4937079309369
AC001879,715000.0,3,3,0.9745437518290897,PH004688,711.1,DO NOT TRACE,Viable contact exists P(RPC)=97.45%>=40.00%. EV(trace)=0.228x0.05xINR715000x0.1-INR104=INR711,18201.217442200865
AC001880,24000.0,2,0,0.008784313725490198,,-76.64,DO NOT TRACE,EV(trace)=INR-77 negative yield or active callable contact points available. EV(trace)=0.228x0.05xINR24000x0.1-INR104=INR-77,23789.176470588238
AC001881,133800.0,5,4,0.7440784313725489,PH004694,48.53200000000001,DO NOT TRACE,Viable contact exists P(RPC)=74.41%>=40.00%. EV(trace)=0.228x0.05xINR133800x0.1-INR104=INR49,34242.30588235296
AC001882,267150.0,3,3,0.9745437518290897,PH004697,200.55100000000004,DO NOT TRACE,Viable contact exists P(RPC)=97.45%>=40.00%. EV(trace)=0.228x0.05xINR267150x0.1-INR104=INR201,6800.636698858687
AC001883,190400.0,2,2,0.9891764705882353,PH004700,113.05600000000001,DO NOT TRACE,Viable contact exists P(RPC)=98.92%>=40.00%. EV(trace)=0.228x0.05xINR190400x0.1-INR104=INR113,2060.7999999999943
AC001884,60300.0,2,2,0.9891764705882353,PH004702,-35.257999999999996,DO NOT TRACE,Viable contact exists P(RPC)=98.92%>=40.00%. EV(trace)=0.228x0.05xINR60300x0.1-INR104=INR-35,652.65882352941
AC001885,201300.0,2,2,0.9891764705882353,PH004703,125.48200000000003,DO NOT TRACE,Viable contact exists P(RPC)=98.92%>=40.00%. EV(trace)=0.228x0.05xINR201300x0.1-INR104=INR125,2178.776470588229
AC001886,49500.0,2,2,0.9745437518290897,PH004705,-47.56999999999999,DO NOT TRACE,Viable contact exists P(RPC)=97.45%>=40.00%. EV(trace)=0.228x0.05xINR49500x0.1-INR104=INR-48,1260.08428446006
AC001887,127650.0,2,2,0.9745437518290897,PH004707,41.521000000000015,DO NOT TRACE,Viable contact exists P(RPC)=97.45%>=40.00%. EV(trace)=0.228x0.05xINR127650x0.1-INR104=INR42,3249.4900790167
AC001888,89100.0,2,1,0.9745437518290897,PH004709,-2.4259999999999877,DO NOT TRACE,Viable contact exists P(RPC)=97.45%>=40.00%. EV(trace)=0.228x0.05xINR89100x0.1-INR104=INR-2,2268.151712028108
AC001889,36000.0,2,1,0.9745437518290897,PH004711,-62.959999999999994,DO NOT TRACE,Viable contact exists P(RPC)=97.45%>=40.00%. EV(trace)=0.228x0.05xINR36000x0.1-INR104=INR-63,916.4249341527708
AC001890,233100.0,1,1,0.9424911297852473,PH004713,161.73400000000004,DO NOT TRACE,Viable contact exists P(RPC)=94.25%>=40.00%. EV(trace)=0.228x0.05xINR233100x0.1-INR104=INR162,13405.317647058855
AC001891,24300.0,3,2,0.9745437518290897,PH004715,-76.298,DO NOT TRACE,Viable contact exists P(RPC)=97.45%>=40.00%. EV(trace)=0.228x0.05xINR24300x0.1-INR104=INR-76,618.5868305531203
AC001892,148200.0,3,3,0.9424911297852473,PH004718,64.94800000000001,DO NOT TRACE,Viable contact exists P(RPC)=94.25%>=40.00%. EV(trace)=0.228x0.05xINR148200x0.1-INR104=INR65,8522.814565826351
AC001893,123900.0,2,2,0.9891764705882353,PH004719,37.24600000000001,DO NOT TRACE,Viable contact exists P(RPC)=98.92%>=40.00%. EV(trace)=0.228x0.05xINR123900x0.1-INR104=INR37,1341.0352941176434
AC001894,123000.0,1,1,0.9424911297852473,PH004721,36.22,DO NOT TRACE,Viable contact exists P(RPC)=94.25%>=40.00%. EV(trace)=0.228x0.05xINR123000x0.1-INR104=INR36,7073.591036414583
AC001895,29700.0,4,2,0.9891764705882353,PH005844,-70.142,DO NOT TRACE,Viable contact exists P(RPC)=98.92%>=40.00%. EV(trace)=0.228x0.05xINR29700x0.1-INR104=INR-70,321.4588235294109
AC001896,159600.0,3,3,0.9745437518290897,PH004724,77.94400000000002,DO NOT TRACE,Viable contact exists P(RPC)=97.45%>=40.00%. EV(trace)=0.228x0.05xINR159600x0.1-INR104=INR78,4062.817208077284
AC001897,39900.0,2,1,0.9745437518290897,PH004728,-58.513999999999996,DO NOT TRACE,Viable contact exists P(RPC)=97.45%>=40.00%. EV(trace)=0.228x0.05xINR39900x0.1-INR104=INR-59,1015.704302019321
AC001898,56000.0,4,3,0.8911372549019607,PH004730,-40.16,DO NOT TRACE,Viable contact exists P(RPC)=89.11%>=40.00%. EV(trace)=0.228x0.05xINR56000x0.1-INR104=INR-40,6096.313725490199
AC001899,1450400.0,2,2,0.9745437518290897,PH004732,1549.4560000000001,DO NOT TRACE,Viable contact exists P(RPC)=97.45%>=40.00%. EV(trace)=0.228x0.05xINR1450400x0.1-INR104=INR1549,36921.7423470883
AC001900,186450.0,3,3,0.9745437518290897,PH004734,108.55300000000003,DO NOT TRACE,Viable contact exists P(RPC)=97.45%>=40.00%. EV(trace)=0.228x0.05xINR186450x0.1-INR104=INR109,4746.3174714662255
AC001901,28050.0,2,1,0.9745437518290897,PH004738,-72.023,DO NOT TRACE,Viable contact exists P(RPC)=97.45%>=40.00%. EV(trace)=0.228x0.05xINR28050x0.1-INR104=INR-72,714.0477611940339
AC001902,404200.0,2,2,0.9891764705882353,PH004739,356.788,DO NOT TRACE,Viable contact exists P(RPC)=98.92%>=40.00%. EV(trace)=0.228x0.05xINR404200x0.1-INR104=INR357,4374.870588235282
AC001903,265200.0,2,2,0.9891764705882353,PH004741,198.32800000000003,DO NOT TRACE,Viable contact exists P(RPC)=98.92%>=40.00%. EV(trace)=0.228x0.05xINR265200x0.1-INR104=INR198,2870.3999999999924
AC001904,196800.0,1,1,0.8257777777777777,PH004743,120.352,DO NOT TRACE,Viable contact exists P(RPC)=82.58%>=40.00%. EV(trace)=0.228x0.05xINR196800x0.1-INR104=INR120,34286.93333333334
AC001905,196800.0,2,2,0.7440784313725489,PH004745,120.352,DO NOT TRACE,Viable contact exists P(RPC)=74.41%>=40.00%. EV(trace)=0.228x0.05xINR196800x0.1-INR104=INR120,50365.36470588237
AC001906,41000.0,2,1,0.9745437518290897,PH004746,-57.25999999999999,DO NOT TRACE,Viable contact exists P(RPC)=97.45%>=40.00%. EV(trace)=0.228x0.05xINR41000x0.1-INR104=INR-57,1043.7061750073224
AC001907,894250.0,3,3,0.9745437518290897,PH004749,915.4450000000002,DO NOT TRACE,Viable contact exists P(RPC)=97.45%>=40.00%. EV(trace)=0.228x0.05xINR894250x0.1-INR104=INR915,22764.249926836535
AC001908,10500.0,2,1,0.9891764705882353,PH004751,-92.03,DO NOT TRACE,Viable contact exists P(RPC)=98.92%>=40.00%. EV(trace)=0.228x0.05xINR10500x0.1-INR104=INR-92,113.64705882352911
AC001909,34400.0,3,2,0.9891764705882353,PH004754,-64.78399999999999,DO NOT TRACE,Viable contact exists P(RPC)=98.92%>=40.00%. EV(trace)=0.228x0.05xINR34400x0.1-INR104=INR-65,372.32941176470484
AC001910,26400.0,4,0,0.008784313725490198,,-73.904,DO NOT TRACE,EV(trace)=INR-74 negative yield or active callable contact points available. EV(trace)=0.228x0.05xINR26400x0.1-INR104=INR-74,26168.09411764706
AC001911,398400.0,1,1,0.9891764705882353,PH004760,350.17600000000004,DO NOT TRACE,Viable contact exists P(RPC)=98.92%>=40.00%. EV(trace)=0.228x0.05xINR398400x0.1-INR104=INR350,4312.094117647047
AC001912,575250.0,4,4,0.9745437518290897,PH004761,551.7850000000001,DO NOT TRACE,Viable contact exists P(RPC)=97.45%>=40.00%. EV(trace)=0.228x0.05xINR575250x0.1-INR104=INR552,14643.70676031615
AC001913,120600.0,1,1,0.7440784313725489,PH004764,33.48400000000001,DO NOT TRACE,Viable contact exists P(RPC)=74.41%>=40.00%. EV(trace)=0.228x0.05xINR120600x0.1-INR104=INR33,30864.1411764706
AC001914,65800.0,3,2,0.029643721318314557,PH004767,-28.988,DO NOT TRACE,EV(trace)=INR-29 negative yield or active callable contact points available. EV(trace)=0.228x0.05xINR65800x0.1-INR104=INR-29,63849.4431372549
AC001915,537600.0,2,2,0.9891764705882353,PH004768,508.86400000000003,DO NOT TRACE,Viable contact exists P(RPC)=98.92%>=40.00%. EV(trace)=0.228x0.05xINR537600x0.1-INR104=INR509,5818.72941176469
AC001916,680550.0,3,3,0.9891764705882353,PH004770,671.8270000000001,DO NOT TRACE,Viable contact exists P(RPC)=98.92%>=40.00%. EV(trace)=0.228x0.05xINR680550x0.1-INR104=INR672,7365.952941176451
AC001917,482850.0,1,1,0.9891764705882353,PH004772,446.44899999999996,DO NOT TRACE,Viable contact exists P(RPC)=98.92%>=40.00%. EV(trace)=0.228x0.05xINR482850x0.1-INR104=INR446,5226.141176470574
AC001918,428400.0,2,2,0.9424911297852473,PH004773,384.37600000000003,DO NOT TRACE,Viable contact exists P(RPC)=94.25%>=40.00%. EV(trace)=0.228x0.05xINR428400x0.1-INR104=INR384,24636.800000000057
AC001919,108600.0,2,0,0.008784313725490198,,19.804000000000002,TRACE,All contacts exhausted. EV(trace)=0.228x0.05xINR108600x0.1-INR104=INR20. Net positive recovery yield.,107646.02352941177
AC001920,360750.0,2,2,0.9424911297852473,PH000516,307.25500000000005,DO NOT TRACE,Viable contact exists P(RPC)=94.25%>=40.00%. EV(trace)=0.228x0.05xINR360750x0.1-INR104=INR307,20746.324929972037
AC001921,146250.0,4,4,0.9891764705882353,PH004779,62.72500000000002,DO NOT TRACE,Viable contact exists P(RPC)=98.92%>=40.00%. EV(trace)=0.228x0.05xINR146250x0.1-INR104=INR63,1582.941176470584
AC001922,131250.0,4,4,0.9891764705882353,PH004783,45.625,DO NOT TRACE,Viable contact exists P(RPC)=98.92%>=40.00%. EV(trace)=0.228x0.05xINR131250x0.1-INR104=INR46,1420.5882352941137
AC001923,77900.0,2,1,0.8491204481792716,PH004786,-15.193999999999988,DO NOT TRACE,Viable contact exists P(RPC)=84.91%>=40.00%. EV(trace)=0.228x0.05xINR77900x0.1-INR104=INR-15,11753.517086834745
AC001924,18700.0,2,1,0.07136253650396328,PH004789,-82.682,DO NOT TRACE,EV(trace)=INR-83 negative yield or active callable contact points available. EV(trace)=0.228x0.05xINR18700x0.1-INR104=INR-83,17365.520567375886
AC001925,121100.0,2,2,0.9745437518290897,PH004790,34.054,DO NOT TRACE,Viable contact exists P(RPC)=97.45%>=40.00%. EV(trace)=0.228x0.05xINR121100x0.1-INR104=INR34,3082.7516534972374
AC001926,68250.0,2,1,0.9424911297852473,PH004793,-26.194999999999993,DO NOT TRACE,Viable contact exists P(RPC)=94.25%>=40.00%. EV(trace)=0.228x0.05xINR68250x0.1-INR104=INR-26,3924.9803921568723
AC001927,28050.0,2,0,0.9424911297852473,,-72.023,DO NOT TRACE,EV(trace)=INR-72 negative yield or active callable contact points available. EV(trace)=0.228x0.05xINR28050x0.1-INR104=INR-72,1613.1238095238134
AC001928,50400.0,2,1,0.9891764705882353,PH004796,-46.54399999999999,DO NOT TRACE,Viable contact exists P(RPC)=98.92%>=40.00%. EV(trace)=0.228x0.05xINR50400x0.1-INR104=INR-47,545.5058823529397
AC001929,78100.0,2,1,0.9745437518290897,PH004797,-14.965999999999994,DO NOT TRACE,Viable contact exists P(RPC)=97.45%>=40.00%. EV(trace)=0.228x0.05xINR78100x0.1-INR104=INR-15,1988.1329821480945
AC001930,244200.0,2,2,0.9891764705882353,PH004799,174.38800000000003,DO NOT TRACE,Viable contact exists P(RPC)=98.92%>=40.00%. EV(trace)=0.228x0.05xINR244200x0.1-INR104=INR174,2643.105882352934
AC001931,116400.0,3,3,0.9745437518290897,PH004802,28.695999999999998,DO NOT TRACE,Viable contact exists P(RPC)=97.45%>=40.00%. EV(trace)=0.228x0.05xINR116400x0.1-INR104=INR29,2963.107287093959
AC001932,131400.0,2,1,0.029209150326797384,PH004804,45.79600000000002,TRACE,All contacts have poor connection likelihood P(RPC)<15.00%. EV(trace)=0.228x0.05xINR131400x0.1-INR104=INR46. Trace justified.,127561.91764705883
AC001933,34200.0,3,1,0.9891764705882353,PH004807,-65.012,DO NOT TRACE,Viable contact exists P(RPC)=98.92%>=40.00%. EV(trace)=0.228x0.05xINR34200x0.1-INR104=INR-65,370.16470588235194
AC001934,64800.0,1,1,0.9424911297852473,PH004809,-30.128,DO NOT TRACE,Viable contact exists P(RPC)=94.25%>=40.00%. EV(trace)=0.228x0.05xINR64800x0.1-INR104=INR-30,3726.574789915975
AC001935,67200.0,2,1,0.43770588235294117,PH004811,-27.391999999999996,DO NOT TRACE,Viable contact exists P(RPC)=43.77%>=40.00%. EV(trace)=0.228x0.05xINR67200x0.1-INR104=INR-27,37786.16470588235
AC001936,150150.0,2,2,0.9891764705882353,PH004813,67.17100000000002,DO NOT TRACE,Viable contact exists P(RPC)=98.92%>=40.00%. EV(trace)=0.228x0.05xINR150150x0.1-INR104=INR67,1625.1529411764661
AC001937,78400.0,1,1,0.8257777777777777,PH004814,-14.623999999999995,DO NOT TRACE,Viable contact exists P(RPC)=82.58%>=40.00%. EV(trace)=0.228x0.05xINR78400x0.1-INR104=INR-15,13659.022222222227
AC001938,172900.0,1,1,0.9891764705882353,PH004815,93.10600000000002,DO NOT TRACE,Viable contact exists P(RPC)=98.92%>=40.00%. EV(trace)=0.228x0.05xINR172900x0.1-INR104=INR93,1871.3882352941125
AC001939,585900.0,2,2,0.9745437518290897,PH004816,563.926,DO NOT TRACE,Viable contact exists P(RPC)=97.45%>=40.00%. EV(trace)=0.228x0.05xINR585900x0.1-INR104=INR564,14914.815803336345
AC001940,98000.0,2,1,0.9424911297852473,PH005894,7.720000000000013,DO NOT TRACE,Viable contact exists P(RPC)=94.25%>=40.00%. EV(trace)=0.228x0.05xINR98000x0.1-INR104=INR8,5635.869281045765
AC001941,342000.0,2,2,0.9745437518290897,PH004819,285.88000000000005,DO NOT TRACE,Viable contact exists P(RPC)=97.45%>=40.00%. EV(trace)=0.228x0.05xINR342000x0.1-INR104=INR286,8706.036874451323
AC001942,144000.0,1,1,0.9891764705882353,PH004821,60.160000000000025,DO NOT TRACE,Viable contact exists P(RPC)=98.92%>=40.00%. EV(trace)=0.228x0.05xINR144000x0.1-INR104=INR60,1558.5882352941135
AC001943,112700.0,3,3,0.9891764705882353,PH005840,24.47800000000001,DO NOT TRACE,Viable contact exists P(RPC)=98.92%>=40.00%. EV(trace)=0.228x0.05xINR112700x0.1-INR104=INR24,1219.811764705879
AC001944,49500.0,2,2,0.07136253650396328,PH004825,-47.56999999999999,DO NOT TRACE,EV(trace)=INR-48 negative yield or active callable contact points available. EV(trace)=0.228x0.05xINR49500x0.1-INR104=INR-48,45967.554443053814
AC001945,39950.0,4,4,0.9891764705882353,PH004826,-58.456999999999994,DO NOT TRACE,Viable contact exists P(RPC)=98.92%>=40.00%. EV(trace)=0.228x0.05xINR39950x0.1-INR104=INR-58,432.39999999999884
AC001946,213850.0,4,4,0.9424911297852473,PH004829,139.789,DO NOT TRACE,Viable contact exists P(RPC)=94.25%>=40.00%. EV(trace)=0.228x0.05xINR213850x0.1-INR104=INR140,12298.271895424867
AC001947,163200.0,2,2,0.9745437518290897,PH004832,82.048,DO NOT TRACE,Viable contact exists P(RPC)=97.45%>=40.00%. EV(trace)=0.228x0.05xINR163200x0.1-INR104=INR82,4154.459701492561
AC001948,260550.0,2,2,0.9745437518290897,PH004834,193.027,DO NOT TRACE,Viable contact exists P(RPC)=97.45%>=40.00%. EV(trace)=0.228x0.05xINR260550x0.1-INR104=INR193,6632.625460930679
AC001949,29900.0,3,2,0.9745437518290897,PH005870,-69.91399999999999,DO NOT TRACE,Viable contact exists P(RPC)=97.45%>=40.00%. EV(trace)=0.228x0.05xINR29900x0.1-INR104=INR-70,761.141820310218
AC001950,399900.0,1,1,0.9891764705882353,PH004838,351.8860000000001,DO NOT TRACE,Viable contact exists P(RPC)=98.92%>=40.00%. EV(trace)=0.228x0.05xINR399900x0.1-INR104=INR352,4328.329411764694
AC001951,85850.0,2,2,0.9891764705882353,PH005943,-6.130999999999986,DO NOT TRACE,Viable contact exists P(RPC)=98.92%>=40.00%. EV(trace)=0.228x0.05xINR85850x0.1-INR104=INR-6,929.1999999999974
AC001952,68900.0,2,1,0.9891764705882353,PH004840,-25.453999999999994,DO NOT TRACE,Viable contact exists P(RPC)=98.92%>=40.00%. EV(trace)=0.228x0.05xINR68900x0.1-INR104=INR-25,745.7411764705862
AC001953,30500.0,2,0,0.029643721318314557,,-69.22999999999999,DO NOT TRACE,EV(trace)=INR-69 negative yield or active callable contact points available. EV(trace)=0.228x0.05xINR30500x0.1-INR104=INR-69,29595.866499791406
AC001954,118000.0,3,3,0.9891764705882353,PH004844,30.52000000000001,DO NOT TRACE,Viable contact exists P(RPC)=98.92%>=40.00%. EV(trace)=0.228x0.05xINR118000x0.1-INR104=INR31,1277.1764705882317
AC001955,118800.0,1,1,0.9424911297852473,PH004847,31.431999999999988,DO NOT TRACE,Viable contact exists P(RPC)=94.25%>=40.00%. EV(trace)=0.228x0.05xINR118800x0.1-INR104=INR31,6832.053781512622
AC001956,29400.0,3,1,0.9891764705882353,PH004849,-70.484,DO NOT TRACE,Viable contact exists P(RPC)=98.92%>=40.00%. EV(trace)=0.228x0.05xINR29400x0.1-INR104=INR-70,318.2117647058815
AC001957,13500.0,2,2,0.9424911297852473,PH004851,-88.61,DO NOT TRACE,Viable contact exists P(RPC)=94.25%>=40.00%. EV(trace)=0.228x0.05xINR13500x0.1-INR104=INR-89,776.3697478991616
AC001958,207900.0,1,1,0.9745437518290897,PH004853,133.006,DO NOT TRACE,Viable contact exists P(RPC)=97.45%>=40.00%. EV(trace)=0.228x0.05xINR207900x0.1-INR104=INR133,5292.3539947322515
AC001959,70150.0,3,3,0.9891764705882353,PH004854,-24.028999999999996,DO NOT TRACE,Viable contact exists P(RPC)=98.92%>=40.00%. EV(trace)=0.228x0.05xINR70150x0.1-INR104=INR-24,759.270588235292
AC001960,78600.0,2,2,0.9891764705882353,PH004857,-14.395999999999987,DO NOT TRACE,Viable contact exists P(RPC)=98.92%>=40.00%. EV(trace)=0.228x0.05xINR78600x0.1-INR104=INR-14,850.7294117647035
AC001961,330000.0,4,4,0.9745437518290897,PH004860,272.20000000000005,DO NOT TRACE,Viable contact exists P(RPC)=97.45%>=40.00%. EV(trace)=0.228x0.05xINR330000x0.1-INR104=INR272,8400.561896400399
AC001962,43700.0,3,3,0.9891764705882353,PH004863,-54.181999999999995,DO NOT TRACE,Viable contact exists P(RPC)=98.92%>=40.00%. EV(trace)=0.228x0.05xINR43700x0.1-INR104=INR-54,472.98823529411635
AC001963,48600.0,2,2,0.9745437518290897,PH004864,-48.596000000000004,DO NOT TRACE,Viable contact exists P(RPC)=97.45%>=40.00%. EV(trace)=0.228x0.05xINR48600x0.1-INR104=INR-49,1237.1736611062406
AC001964,113850.0,3,3,0.9424911297852473,PH000344,25.789000000000016,DO NOT TRACE,Viable contact exists P(RPC)=94.25%>=40.00%. EV(trace)=0.228x0.05xINR113850x0.1-INR104=INR26,6547.384873949595
AC001965,43400.0,3,2,0.9745437518290897,PH004867,-54.524,DO NOT TRACE,Viable contact exists P(RPC)=97.45%>=40.00%. EV(trace)=0.228x0.05xINR43400x0.1-INR104=INR-55,1104.801170617507
AC001966,33600.0,3,0,0.008784313725490198,,-65.696,DO NOT TRACE,EV(trace)=INR-66 negative yield or active callable contact points available. EV(trace)=0.228x0.05xINR33600x0.1-INR104=INR-66,33304.84705882353
AC001967,40500.0,3,2,0.9424911297852473,PH004873,-57.83,DO NOT TRACE,Viable contact exists P(RPC)=94.25%>=40.00%. EV(trace)=0.228x0.05xINR40500x0.1-INR104=INR-58,2329.1092436974845
AC001968,234300.0,4,4,0.9745437518290897,PH004877,163.10200000000003,DO NOT TRACE,Viable contact exists P(RPC)=97.45%>=40.00%. EV(trace)=0.228x0.05xINR234300x0.1-INR104=INR163,5964.398946444284
AC001969,703500.0,2,2,0.9745437518290897,PH004880,697.9900000000001,DO NOT TRACE,Viable contact exists P(RPC)=97.45%>=40.00%. EV(trace)=0.228x0.05xINR703500x0.1-INR104=INR698,17908.470588235396
AC001970,336700.0,2,2,0.9745437518290897,PH004883,279.838,DO NOT TRACE,Viable contact exists P(RPC)=97.45%>=40.00%. EV(trace)=0.228x0.05xINR336700x0.1-INR104=INR280,8571.118759145498
AC001971,227500.0,3,3,0.9424911297852473,PH004885,155.35000000000002,DO NOT TRACE,Viable contact exists P(RPC)=94.25%>=40.00%. EV(trace)=0.228x0.05xINR227500x0.1-INR104=INR155,13083.26797385624
AC001972,342500.0,2,2,0.7440784313725489,PH004886,286.45000000000005,DO NOT TRACE,Viable contact exists P(RPC)=74.41%>=40.00%. EV(trace)=0.228x0.05xINR342500x0.1-INR104=INR286,87653.137254902
AC001973,103550.0,4,3,0.9891764705882353,PH004887,14.047000000000011,DO NOT TRACE,Viable contact exists P(RPC)=98.92%>=40.00%. EV(trace)=0.228x0.05xINR103550x0.1-INR104=INR14,1120.7764705882323
AC001974,92750.0,1,1,0.9891764705882353,PH004890,1.7350000000000136,DO NOT TRACE,Viable contact exists P(RPC)=98.92%>=40.00%. EV(trace)=0.228x0.05xINR92750x0.1-INR104=INR2,1003.8823529411737
AC001975,1070650.0,2,2,0.9424911297852473,PH004891,1116.541,DO NOT TRACE,Viable contact exists P(RPC)=94.25%>=40.00%. EV(trace)=0.228x0.05xINR1070650x0.1-INR104=INR1117,61571.871895424985
AC001976,33550.0,4,1,0.9267592971976264,PH004893,-65.75299999999999,DO NOT TRACE,Viable contact exists P(RPC)=92.68%>=40.00%. EV(trace)=0.228x0.05xINR33550x0.1-INR104=INR-66,2457.2255790196346
AC001977,595200.0,1,1,0.9891764705882353,PH004897,574.5280000000001,DO NOT TRACE,Viable contact exists P(RPC)=98.92%>=40.00%. EV(trace)=0.228x0.05xINR595200x0.1-INR104=INR575,6442.1647058823355
AC001978,21000.0,2,2,0.9891764705882353,PH004898,-80.06,DO NOT TRACE,Viable contact exists P(RPC)=98.92%>=40.00%. EV(trace)=0.228x0.05xINR21000x0.1-INR104=INR-80,227.29411764705821
AC001979,209600.0,3,3,0.029209150326797384,PH004900,134.94400000000002,TRACE,All contacts have poor connection likelihood P(RPC)<15.00%. EV(trace)=0.228x0.05xINR209600x0.1-INR104=INR135. Trace justified.,203477.76209150327
AC001980,212750.0,4,4,0.9745437518290897,PH004902,138.535,DO NOT TRACE,Viable contact exists P(RPC)=97.45%>=40.00%. EV(trace)=0.228x0.05xINR212750x0.1-INR104=INR139,5415.816798361167
AC001981,152000.0,3,1,0.9891764705882353,PH004906,69.28,DO NOT TRACE,Viable contact exists P(RPC)=98.92%>=40.00%. EV(trace)=0.228x0.05xINR152000x0.1-INR104=INR69,1645.1764705882308
AC001982,211200.0,3,3,0.43770588235294117,PH004909,136.76800000000003,DO NOT TRACE,Viable contact exists P(RPC)=43.77%>=40.00%. EV(trace)=0.228x0.05xINR211200x0.1-INR104=INR137,118756.51764705882
AC001983,216200.0,2,2,0.10069607843137254,PH004910,142.46800000000005,TRACE,All contacts have poor connection likelihood P(RPC)<15.00%. EV(trace)=0.228x0.05xINR216200x0.1-INR104=INR142. Trace justified.,194429.50784313725
AC001984,825600.0,3,3,0.9745437518290897,PH004912,837.1840000000001,DO NOT TRACE,Viable contact exists P(RPC)=97.45%>=40.00%. EV(trace)=0.228x0.05xINR825600x0.1-INR104=INR837,21016.678489903545
AC001985,49200.0,2,1,0.2888963585434174,PH004916,-47.912,DO NOT TRACE,EV(trace)=INR-48 negative yield or active callable contact points available. EV(trace)=0.228x0.05xINR49200x0.1-INR104=INR-48,34986.29915966386
AC001986,94600.0,3,1,0.9891764705882353,PH004917,3.8440000000000083,DO NOT TRACE,Viable contact exists P(RPC)=98.92%>=40.00%. EV(trace)=0.228x0.05xINR94600x0.1-INR104=INR4,1023.9058823529384
AC001987,324700.0,4,4,0.9424911297852473,PH000546,266.158,DO NOT TRACE,Viable contact exists P(RPC)=94.25%>=40.00%. EV(trace)=0.228x0.05xINR324700x0.1-INR104=INR266,18673.130158730204
AC001988,878900.0,3,3,0.9424911297852473,PH004922,897.9460000000001,DO NOT TRACE,Viable contact exists P(RPC)=94.25%>=40.00%. EV(trace)=0.228x0.05xINR878900x0.1-INR104=INR898,50544.546031746155
AC001989,28000.0,3,1,0.9891764705882353,PH004926,-72.08,DO NOT TRACE,Viable contact exists P(RPC)=98.92%>=40.00%. EV(trace)=0.228x0.05xINR28000x0.1-INR104=INR-72,303.0588235294109
AC001990,125950.0,3,3,0.029643721318314557,PH004929,39.58300000000003,TRACE,All contacts have poor connection likelihood P(RPC)<15.00%. EV(trace)=0.228x0.05xINR125950x0.1-INR104=INR40. Trace justified.,122216.37329995827
AC001991,54600.0,3,1,0.9891764705882353,PH004932,-41.75599999999999,DO NOT TRACE,Viable contact exists P(RPC)=98.92%>=40.00%. EV(trace)=0.228x0.05xINR54600x0.1-INR104=INR-42,590.9647058823514
AC001992,164500.0,3,3,0.9745437518290897,PH000056,83.53,DO NOT TRACE,Viable contact exists P(RPC)=97.45%>=40.00%. EV(trace)=0.228x0.05xINR164500x0.1-INR104=INR84,4187.552824114744
AC001993,101750.0,3,3,0.9745437518290897,PH004936,11.995000000000005,DO NOT TRACE,Viable contact exists P(RPC)=97.45%>=40.00%. EV(trace)=0.228x0.05xINR101750x0.1-INR104=INR12,2590.173251390123
AC001994,153000.0,2,2,0.9891764705882353,PH004939,70.42000000000002,DO NOT TRACE,Viable contact exists P(RPC)=98.92%>=40.00%. EV(trace)=0.228x0.05xINR153000x0.1-INR104=INR70,1655.9999999999955
AC001995,79900.0,3,3,0.9745437518290897,PH004941,-12.913999999999987,DO NOT TRACE,Viable contact exists P(RPC)=97.45%>=40.00%. EV(trace)=0.228x0.05xINR79900x0.1-INR104=INR-13,2033.954228855733
AC001996,125800.0,2,2,0.9745437518290897,PH004943,39.412000000000006,DO NOT TRACE,Viable contact exists P(RPC)=97.45%>=40.00%. EV(trace)=0.228x0.05xINR125800x0.1-INR104=INR39,3202.396019900516
AC001997,402800.0,2,2,0.9745437518290897,PH004945,355.192,DO NOT TRACE,Viable contact exists P(RPC)=97.45%>=40.00%. EV(trace)=0.228x0.05xINR402800x0.1-INR104=INR355,10253.77676324267
AC001998,200100.0,3,3,0.9424911297852473,PH005819,124.114,DO NOT TRACE,Viable contact exists P(RPC)=94.25%>=40.00%. EV(trace)=0.228x0.05xINR200100x0.1-INR104=INR124,11507.524929972016
AC001999,91200.0,3,2,0.9745437518290897,PH004948,-0.031999999999982265,DO NOT TRACE,Viable contact exists P(RPC)=97.45%>=40.00%. EV(trace)=0.228x0.05xINR91200x0.1-INR104=INR-0,2321.6098331870194
AC002000,235950.0,2,2,0.9891764705882353,PH004951,164.983,DO NOT TRACE,Viable contact exists P(RPC)=98.92%>=40.00%. EV(trace)=0.228x0.05xINR235950x0.1-INR104=INR165,2553.8117647058752
AC002001,185000.0,2,2,0.7440784313725489,PH004954,106.9,DO NOT TRACE,Viable contact exists P(RPC)=74.41%>=40.00%. EV(trace)=0.228x0.05xINR185000x0.1-INR104=INR107,47345.49019607845
AC002002,321750.0,2,2,0.9424911297852473,PH004955,262.7950000000001,DO NOT TRACE,Viable contact exists P(RPC)=94.25%>=40.00%. EV(trace)=0.228x0.05xINR321750x0.1-INR104=INR263,18503.478991596683
AC002003,36750.0,3,1,0.9745437518290897,PH004957,-62.105,DO NOT TRACE,Viable contact exists P(RPC)=97.45%>=40.00%. EV(trace)=0.228x0.05xINR36750x0.1-INR104=INR-62,935.5171202809536
AC002004,74400.0,3,3,0.07136253650396328,PH004960,-19.183999999999983,DO NOT TRACE,EV(trace)=INR-19 negative yield or active callable contact points available. EV(trace)=0.228x0.05xINR74400x0.1-INR104=INR-19,69090.62728410512
AC002005,52800.0,2,2,0.43770588235294117,PH004962,-43.80799999999999,DO NOT TRACE,Viable contact exists P(RPC)=43.77%>=40.00%. EV(trace)=0.228x0.05xINR52800x0.1-INR104=INR-44,29689.129411764705
AC002006,147600.0,1,1,0.008784313725490198,PH004964,64.26400000000001,TRACE,All contacts have poor connection likelihood P(RPC)<15.00%. EV(trace)=0.228x0.05xINR147600x0.1-INR104=INR64. Trace justified.,146303.43529411766
AC002007,148500.0,3,3,0.9745437518290897,PH004965,65.29000000000002,DO NOT TRACE,Viable contact exists P(RPC)=97.45%>=40.00%. EV(trace)=0.228x0.05xINR148500x0.1-INR104=INR65,3780.2528533801797
AC002008,35700.0,1,1,0.9424911297852473,PH004968,-63.30199999999999,DO NOT TRACE,Viable contact exists P(RPC)=94.25%>=40.00%. EV(trace)=0.228x0.05xINR35700x0.1-INR104=INR-63,2053.0666666666716
AC002009,35200.0,1,1,0.9745437518290897,PH004969,-63.87199999999999,DO NOT TRACE,Viable contact exists P(RPC)=97.45%>=40.00%. EV(trace)=0.228x0.05xINR35200x0.1-INR104=INR-64,896.0599356160426
AC002010,774150.0,1,1,0.008784313725490198,PH004970,778.531,TRACE,All contacts have poor connection likelihood P(RPC)<15.00%. EV(trace)=0.228x0.05xINR774150x0.1-INR104=INR779. Trace justified.,767349.6235294119
AC002011,294100.0,3,3,0.9745437518290897,PH004971,231.27400000000006,DO NOT TRACE,Viable contact exists P(RPC)=97.45%>=40.00%. EV(trace)=0.228x0.05xINR294100x0.1-INR104=INR231,7486.682587064719
AC002012,53550.0,3,2,0.9424911297852473,PH004974,-42.952999999999996,DO NOT TRACE,Viable contact exists P(RPC)=94.25%>=40.00%. EV(trace)=0.228x0.05xINR53550x0.1-INR104=INR-43,3079.600000000007
AC002013,66500.0,1,1,0.9891764705882353,PH004977,-28.189999999999998,DO NOT TRACE,Viable contact exists P(RPC)=98.92%>=40.00%. EV(trace)=0.228x0.05xINR66500x0.1-INR104=INR-28,719.764705882351
AC002014,130000.0,4,4,0.029643721318314557,PH004979,44.20000000000002,TRACE,All contacts have poor connection likelihood P(RPC)<15.00%. EV(trace)=0.228x0.05xINR130000x0.1-INR104=INR44. Trace justified.,126146.31622861911
AC002015,128000.0,2,2,0.9891764705882353,PH004981,41.920000000000016,DO NOT TRACE,Viable contact exists P(RPC)=98.92%>=40.00%. EV(trace)=0.228x0.05xINR128000x0.1-INR104=INR42,1385.4117647058786
AC002016,144000.0,1,1,0.9891764705882353,PH004983,60.160000000000025,DO NOT TRACE,Viable contact exists P(RPC)=98.92%>=40.00%. EV(trace)=0.228x0.05xINR144000x0.1-INR104=INR60,1558.5882352941135
AC002017,138450.0,3,3,0.9891764705882353,PH005821,53.83300000000003,DO NOT TRACE,Viable contact exists P(RPC)=98.92%>=40.00%. EV(trace)=0.228x0.05xINR138450x0.1-INR104=INR54,1498.5176470588194
AC002018,902500.0,2,2,0.7440784313725489,PH004986,924.8500000000001,DO NOT TRACE,Viable contact exists P(RPC)=74.41%>=40.00%. EV(trace)=0.228x0.05xINR902500x0.1-INR104=INR925,230969.2156862746
AC002019,60000.0,1,1,0.9891764705882353,PH004988,-35.599999999999994,DO NOT TRACE,Viable contact exists P(RPC)=98.92%>=40.00%. EV(trace)=0.228x0.05xINR60000x0.1-INR104=INR-36,649.4117647058806
AC002020,245050.0,2,2,0.9424911297852473,PH004989,175.35700000000003,DO NOT TRACE,Viable contact exists P(RPC)=94.25%>=40.00%. EV(trace)=0.228x0.05xINR245050x0.1-INR104=INR175,14092.548646125151
AC002021,56350.0,2,0,0.008784313725490198,,-39.760999999999996,DO NOT TRACE,EV(trace)=INR-40 negative yield or active callable contact points available. EV(trace)=0.228x0.05xINR56350x0.1-INR104=INR-40,55855.00392156863
AC002022,68250.0,1,1,0.8911372549019607,PH004993,-26.194999999999993,DO NOT TRACE,Viable contact exists P(RPC)=89.11%>=40.00%. EV(trace)=0.228x0.05xINR68250x0.1-INR104=INR-26,7429.882352941181
AC002023,230250.0,2,2,0.9424911297852473,PH004994,158.485,DO NOT TRACE,Viable contact exists P(RPC)=94.25%>=40.00%. EV(trace)=0.228x0.05xINR230250x0.1-INR104=INR158,13241.417366946811
AC002024,35100.0,3,2,0.43770588235294117,PH004995,-63.986,DO NOT TRACE,Viable contact exists P(RPC)=43.77%>=40.00%. EV(trace)=0.228x0.05xINR35100x0.1-INR104=INR-64,19736.523529411767
AC002025,408000.0,3,3,0.9891764705882353,PH004999,361.12,DO NOT TRACE,Viable contact exists P(RPC)=98.92%>=40.00%. EV(trace)=0.228x0.05xINR408000x0.1-INR104=INR361,4415.999999999988
AC002026,105000.0,1,1,0.029643721318314557,PH005001,15.700000000000003,TRACE,All contacts have poor connection likelihood P(RPC)<15.00%. EV(trace)=0.228x0.05xINR105000x0.1-INR104=INR16. Trace justified.,101887.40926157696
AC002027,141900.0,1,1,0.9424911297852473,PH005002,57.76600000000002,DO NOT TRACE,Viable contact exists P(RPC)=94.25%>=40.00%. EV(trace)=0.228x0.05xINR141900x0.1-INR104=INR58,8160.508683473409
AC002028,158000.0,3,3,0.9745437518290897,PH005003,76.12,DO NOT TRACE,Viable contact exists P(RPC)=97.45%>=40.00%. EV(trace)=0.228x0.05xINR158000x0.1-INR104=INR76,4022.0872110038276
AC002029,116450.0,2,2,0.008784313725490198,PH005005,28.753000000000014,TRACE,All contacts have poor connection likelihood P(RPC)<15.00%. EV(trace)=0.228x0.05xINR116450x0.1-INR104=INR29. Trace justified.,115427.06666666667
AC002030,50700.0,2,1,0.9424911297852473,PH005008,-46.202,DO NOT TRACE,Viable contact exists P(RPC)=94.25%>=40.00%. EV(trace)=0.228x0.05xINR50700x0.1-INR104=INR-46,2915.699719887962
AC002031,98000.0,1,0,0.008784313725490198,,7.720000000000013,TRACE,All contacts exhausted. EV(trace)=0.228x0.05xINR98000x0.1-INR104=INR8. Net positive recovery yield.,97139.13725490196
AC002032,270900.0,1,1,0.9891764705882353,PH005010,204.82600000000002,DO NOT TRACE,Viable contact exists P(RPC)=98.92%>=40.00%. EV(trace)=0.228x0.05xINR270900x0.1-INR104=INR205,2932.094117647051
AC002033,99400.0,2,2,0.9891764705882353,PH005011,9.316000000000017,DO NOT TRACE,Viable contact exists P(RPC)=98.92%>=40.00%. EV(trace)=0.228x0.05xINR99400x0.1-INR104=INR9,1075.858823529409
AC002034,80500.0,2,1,0.10069607843137254,PH005013,-12.22999999999999,DO NOT TRACE,EV(trace)=INR-12 negative yield or active callable contact points available. EV(trace)=0.228x0.05xINR80500x0.1-INR104=INR-12,72393.96568627452
AC002035,25500.0,3,1,0.9891764705882353,PH005015,-74.93,DO NOT TRACE,Viable contact exists P(RPC)=98.92%>=40.00%. EV(trace)=0.228x0.05xINR25500x0.1-INR104=INR-75,275.99999999999926
AC002036,17600.0,1,1,0.9891764705882353,PH005018,-83.93599999999999,DO NOT TRACE,Viable contact exists P(RPC)=98.92%>=40.00%. EV(trace)=0.228x0.05xINR17600x0.1-INR104=INR-84,190.49411764705832
AC002037,33000.0,1,1,0.7440784313725489,PH005019,-66.38,DO NOT TRACE,Viable contact exists P(RPC)=74.41%>=40.00%. EV(trace)=0.228x0.05xINR33000x0.1-INR104=INR-66,8445.411764705885
AC002038,454950.0,3,3,0.9424911297852473,PH005020,414.64300000000003,DO NOT TRACE,Viable contact exists P(RPC)=94.25%>=40.00%. EV(trace)=0.228x0.05xINR454950x0.1-INR104=INR415,26163.660504201744
AC002039,88800.0,1,1,0.9424911297852473,PH005023,-2.7679999999999865,DO NOT TRACE,Viable contact exists P(RPC)=94.25%>=40.00%. EV(trace)=0.228x0.05xINR88800x0.1-INR104=INR-3,5106.787675070041
AC002040,40050.0,4,2,0.9745437518290897,PH005871,-58.342999999999996,DO NOT TRACE,Viable contact exists P(RPC)=97.45%>=40.00%. EV(trace)=0.228x0.05xINR40050x0.1-INR104=INR-58,1019.5227392449575
AC002041,400400.0,3,3,0.9424911297852473,PH005029,352.4560000000001,DO NOT TRACE,Viable contact exists P(RPC)=94.25%>=40.00%. EV(trace)=0.228x0.05xINR400400x0.1-INR104=INR352,23026.551633986983
AC002042,700700.0,2,2,0.8257777777777777,PH005030,694.7980000000001,DO NOT TRACE,Viable contact exists P(RPC)=82.58%>=40.00%. EV(trace)=0.228x0.05xINR700700x0.1-INR104=INR695,122077.51111111115
AC002043,20800.0,3,2,0.9891764705882353,PH005032,-80.288,DO NOT TRACE,Viable contact exists P(RPC)=98.92%>=40.00%. EV(trace)=0.228x0.05xINR20800x0.1-INR104=INR-80,225.12941176470525
AC002044,759050.0,3,3,0.9891764705882353,PH005035,761.317,DO NOT TRACE,Viable contact exists P(RPC)=98.92%>=40.00%. EV(trace)=0.228x0.05xINR759050x0.1-INR104=INR761,8215.599999999977
AC002045,156650.0,3,3,0.9745437518290897,PH005037,74.58100000000002,DO NOT TRACE,Viable contact exists P(RPC)=97.45%>=40.00%. EV(trace)=0.228x0.05xINR156650x0.1-INR104=INR75,3987.7212759730987
AC002046,289850.0,4,4,0.9745437518290897,PH005040,226.42900000000003,DO NOT TRACE,Viable contact exists P(RPC)=97.45%>=40.00%. EV(trace)=0.228x0.05xINR289850x0.1-INR104=INR226,7378.493532338351
AC002047,432400.0,3,3,0.9745437518290897,PH005043,388.9360000000001,DO NOT TRACE,Viable contact exists P(RPC)=97.45%>=40.00%. EV(trace)=0.228x0.05xINR432400x0.1-INR104=INR389,11007.281709101613
AC002048,43750.0,4,1,0.8491204481792716,PH005933,-54.125,DO NOT TRACE,Viable contact exists P(RPC)=84.91%>=40.00%. EV(trace)=0.228x0.05xINR43750x0.1-INR104=INR-54,6600.980392156869
AC002049,75900.0,4,3,0.9891764705882353,PH005050,-17.47399999999999,DO NOT TRACE,Viable contact exists P(RPC)=98.92%>=40.00%. EV(trace)=0.228x0.05xINR75900x0.1-INR104=INR-17,821.5058823529389
AC002050,44250.0,2,2,0.9745437518290897,PH005053,-53.55499999999999,DO NOT TRACE,Viable contact exists P(RPC)=97.45%>=40.00%. EV(trace)=0.228x0.05xINR44250x0.1-INR104=INR-54,1126.4389815627808
AC002051,112100.0,3,3,0.07136253650396328,PH005056,23.79400000000001,TRACE,All contacts have poor connection likelihood P(RPC)<15.00%. EV(trace)=0.228x0.05xINR112100x0.1-INR104=INR24. Trace justified.,104100.25965790571
AC002052,159800.0,4,4,0.9745437518290897,PH005058,78.17200000000003,DO NOT TRACE,Viable contact exists P(RPC)=97.45%>=40.00%. EV(trace)=0.228x0.05xINR159800x0.1-INR104=INR78,4067.908457711466
AC002053,89400.0,3,3,0.9745437518290897,PH005878,-2.083999999999989,DO NOT TRACE,Viable contact exists P(RPC)=97.45%>=40.00%. EV(trace)=0.228x0.05xINR89400x0.1-INR104=INR-2,2275.7885864793807
AC002054,33150.0,2,1,0.9891764705882353,PH005064,-66.209,DO NOT TRACE,Viable contact exists P(RPC)=98.92%>=40.00%. EV(trace)=0.228x0.05xINR33150x0.1-INR104=INR-66,358.79999999999905
AC002055,170200.0,2,2,0.9745437518290897,PH005066,90.02800000000002,DO NOT TRACE,Viable contact exists P(RPC)=97.45%>=40.00%. EV(trace)=0.228x0.05xINR170200x0.1-INR104=INR90,4332.653438688933
AC002056,43550.0,3,3,0.9424911297852473,PH000106,-54.352999999999994,DO NOT TRACE,Viable contact exists P(RPC)=94.25%>=40.00%. EV(trace)=0.228x0.05xINR43550x0.1-INR104=INR-54,2504.5112978524803
AC002057,64400.0,2,1,0.9745437518290897,PH005071,-30.58399999999999,DO NOT TRACE,Viable contact exists P(RPC)=97.45%>=40.00%. EV(trace)=0.228x0.05xINR64400x0.1-INR104=INR-31,1639.3823822066233
AC002058,75950.0,2,1,0.9891764705882353,PH005072,-17.416999999999987,DO NOT TRACE,Viable contact exists P(RPC)=98.92%>=40.00%. EV(trace)=0.228x0.05xINR75950x0.1-INR104=INR-17,822.0470588235272
AC002059,74100.0,1,0,0.008784313725490198,,-19.525999999999996,DO NOT TRACE,EV(trace)=INR-20 negative yield or active callable contact points available. EV(trace)=0.228x0.05xINR74100x0.1-INR104=INR-20,73449.08235294119
AC002060,121800.0,1,1,0.9891764705882353,PH005075,34.852000000000004,DO NOT TRACE,Viable contact exists P(RPC)=98.92%>=40.00%. EV(trace)=0.228x0.05xINR121800x0.1-INR104=INR35,1318.3058823529375
AC002061,34650.0,1,1,0.9745437518290897,PH005076,-64.499,DO NOT TRACE,Viable contact exists P(RPC)=97.45%>=40.00%. EV(trace)=0.228x0.05xINR34650x0.1-INR104=INR-64,882.0589991220419
AC002062,446250.0,1,1,0.008784313725490198,PH005077,404.725,TRACE,All contacts have poor connection likelihood P(RPC)<15.00%. EV(trace)=0.228x0.05xINR446250x0.1-INR104=INR405. Trace justified.,442330.0
AC002063,61100.0,3,1,0.8911372549019607,PH005078,-34.34599999999999,DO NOT TRACE,Viable contact exists P(RPC)=89.11%>=40.00%. EV(trace)=0.228x0.05xINR61100x0.1-INR104=INR-34,6651.5137254902
AC002064,136800.0,2,2,0.9891764705882353,PH005080,51.952,DO NOT TRACE,Viable contact exists P(RPC)=98.92%>=40.00%. EV(trace)=0.228x0.05xINR136800x0.1-INR104=INR52,1480.6588235294078
AC002065,295000.0,3,3,0.8491204481792716,PH005922,232.3,DO NOT TRACE,Viable contact exists P(RPC)=84.91%>=40.00%. EV(trace)=0.228x0.05xINR295000x0.1-INR104=INR232,44509.46778711489
AC002066,135450.0,4,3,0.9745437518290897,PH005083,50.41300000000001,DO NOT TRACE,Viable contact exists P(RPC)=97.45%>=40.00%. EV(trace)=0.228x0.05xINR135450x0.1-INR104=INR50,3448.0488147498004
AC002067,57750.0,1,1,0.9745437518290897,PH005086,-38.16499999999999,DO NOT TRACE,Viable contact exists P(RPC)=97.45%>=40.00%. EV(trace)=0.228x0.05xINR57750x0.1-INR104=INR-38,1470.0983318700698
AC002068,47700.0,1,1,0.9891764705882353,PH005087,-49.622,DO NOT TRACE,Viable contact exists P(RPC)=98.92%>=40.00%. EV(trace)=0.228x0.05xINR47700x0.1-INR104=INR-50,516.2823529411751
AC002069,717200.0,2,2,0.9891764705882353,PH005088,713.6080000000001,DO NOT TRACE,Viable contact exists P(RPC)=98.92%>=40.00%. EV(trace)=0.228x0.05xINR717200x0.1-INR104=INR714,7762.635294117626
AC002070,171000.0,3,3,0.9745437518290897,PH005090,90.94000000000003,DO NOT TRACE,Viable contact exists P(RPC)=97.45%>=40.00%. EV(trace)=0.228x0.05xINR171000x0.1-INR104=INR91,4353.018437225662
AC002071,124550.0,2,2,0.8911372549019607,PH005824,37.98700000000002,DO NOT TRACE,Viable contact exists P(RPC)=89.11%>=40.00%. EV(trace)=0.228x0.05xINR124550x0.1-INR104=INR38,13558.854901960793
AC002072,101250.0,4,2,0.9745437518290897,PH005094,11.425000000000011,DO NOT TRACE,Viable contact exists P(RPC)=97.45%>=40.00%. EV(trace)=0.228x0.05xINR101250x0.1-INR104=INR11,2577.445127304668
AC002073,34650.0,2,1,0.9745437518290897,PH005096,-64.499,DO NOT TRACE,Viable contact exists P(RPC)=97.45%>=40.00%. EV(trace)=0.228x0.05xINR34650x0.1-INR104=INR-64,882.0589991220419
AC002074,54050.0,1,1,0.9891764705882353,PH005098,-42.38299999999999,DO NOT TRACE,Viable contact exists P(RPC)=98.92%>=40.00%. EV(trace)=0.228x0.05xINR54050x0.1-INR104=INR-42,585.0117647058808
AC002075,80300.0,2,1,0.10069607843137254,PH005100,-12.457999999999984,DO NOT TRACE,EV(trace)=INR-12 negative yield or active callable contact points available. EV(trace)=0.228x0.05xINR80300x0.1-INR104=INR-12,72214.10490196079
AC002076,134550.0,2,2,0.9891764705882353,PH005102,49.38700000000003,DO NOT TRACE,Viable contact exists P(RPC)=98.92%>=40.00%. EV(trace)=0.228x0.05xINR134550x0.1-INR104=INR49,1456.3058823529373
AC002077,413600.0,3,2,0.9891764705882353,PH005103,367.504,DO NOT TRACE,Viable contact exists P(RPC)=98.92%>=40.00%. EV(trace)=0.228x0.05xINR413600x0.1-INR104=INR368,4476.61176470587
AC002078,197500.0,4,4,0.9424911297852473,PH005105,121.15,DO NOT TRACE,Viable contact exists P(RPC)=94.25%>=40.00%. EV(trace)=0.228x0.05xINR197500x0.1-INR104=INR121,11358.001867413659
AC002079,45000.0,4,1,0.9891764705882353,PH005108,-52.699999999999996,DO NOT TRACE,Viable contact exists P(RPC)=98.92%>=40.00%. EV(trace)=0.228x0.05xINR45000x0.1-INR104=INR-53,487.05882352941046
AC002080,770400.0,3,3,0.9424911297852473,PH005112,774.256,DO NOT TRACE,Viable contact exists P(RPC)=94.25%>=40.00%. EV(trace)=0.228x0.05xINR770400x0.1-INR104=INR774,44304.83361344549
AC002081,770500.0,2,2,0.9424911297852473,PH005116,774.3700000000001,DO NOT TRACE,Viable contact exists P(RPC)=94.25%>=40.00%. EV(trace)=0.228x0.05xINR770500x0.1-INR104=INR774,44310.58450046696
AC002082,388500.0,3,3,0.9745437518290897,PH005117,338.8900000000001,DO NOT TRACE,Viable contact exists P(RPC)=97.45%>=40.00%. EV(trace)=0.228x0.05xINR388500x0.1-INR104=INR339,9889.752414398652
AC002083,455400.0,3,3,0.9424911297852473,PH005120,415.15600000000006,DO NOT TRACE,Viable contact exists P(RPC)=94.25%>=40.00%. EV(trace)=0.228x0.05xINR455400x0.1-INR104=INR415,26189.53949579838
AC002084,123200.0,1,1,0.9891764705882353,PH005122,36.44800000000001,DO NOT TRACE,Viable contact exists P(RPC)=98.92%>=40.00%. EV(trace)=0.228x0.05xINR123200x0.1-INR104=INR36,1333.4588235294082
AC002085,59450.0,2,2,0.7440784313725489,PH005123,-36.22699999999999,DO NOT TRACE,Viable contact exists P(RPC)=74.41%>=40.00%. EV(trace)=0.228x0.05xINR59450x0.1-INR104=INR-36,15214.537254901967
AC002086,1169600.0,2,2,0.029643721318314557,PH005125,1229.344,TRACE,All contacts have poor connection likelihood P(RPC)<15.00%. EV(trace)=0.228x0.05xINR1169600x0.1-INR104=INR1229. Trace justified.,1134928.7035460991
AC002087,41000.0,2,2,0.9745437518290897,PH005127,-57.25999999999999,DO NOT TRACE,Viable contact exists P(RPC)=97.45%>=40.00%. EV(trace)=0.228x0.05xINR41000x0.1-INR104=INR-57,1043.7061750073224
AC002088,984000.0,2,2,0.9745437518290897,PH005129,1017.76,DO NOT TRACE,Viable contact exists P(RPC)=97.45%>=40.00%. EV(trace)=0.228x0.05xINR984000x0.1-INR104=INR1018,25048.948200175735
AC002089,184300.0,2,2,0.9745437518290897,PH005131,106.102,DO NOT TRACE,Viable contact exists P(RPC)=97.45%>=40.00%. EV(trace)=0.228x0.05xINR184300x0.1-INR104=INR106,4691.586537898768
AC002090,858950.0,4,4,0.9745437518290897,PH005133,875.2030000000001,DO NOT TRACE,Viable contact exists P(RPC)=97.45%>=40.00%. EV(trace)=0.228x0.05xINR858950x0.1-INR104=INR875,21865.6443664034
AC002091,166500.0,3,3,0.9891764705882353,PH005137,85.81000000000003,DO NOT TRACE,Viable contact exists P(RPC)=98.92%>=40.00%. EV(trace)=0.228x0.05xINR166500x0.1-INR104=INR86,1802.1176470588186
AC002092,347000.0,2,2,0.8911372549019607,PH000139,291.58000000000004,DO NOT TRACE,Viable contact exists P(RPC)=89.11%>=40.00%. EV(trace)=0.228x0.05xINR347000x0.1-INR104=INR292,37775.37254901963
AC002093,66600.0,3,3,0.9424911297852473,PH005140,-28.075999999999993,DO NOT TRACE,Viable contact exists P(RPC)=94.25%>=40.00%. EV(trace)=0.228x0.05xINR66600x0.1-INR104=INR-28,3830.0907563025303
AC002094,242250.0,3,3,0.9745437518290897,PH005141,172.16500000000002,DO NOT TRACE,Viable contact exists P(RPC)=97.45%>=40.00%. EV(trace)=0.228x0.05xINR242250x0.1-INR104=INR172,6166.77611940302
AC002095,261800.0,3,3,0.9745437518290897,PH005144,194.452,DO NOT TRACE,Viable contact exists P(RPC)=97.45%>=40.00%. EV(trace)=0.228x0.05xINR261800x0.1-INR104=INR194,6664.4457711443165
AC002096,572400.0,4,4,0.43770588235294117,PH005149,548.5360000000001,DO NOT TRACE,Viable contact exists P(RPC)=43.77%>=40.00%. EV(trace)=0.228x0.05xINR572400x0.1-INR104=INR549,321857.1529411765
AC002097,239250.0,2,2,0.10069607843137254,PH005151,168.74500000000006,TRACE,All contacts have poor connection likelihood P(RPC)<15.00%. EV(trace)=0.228x0.05xINR239250x0.1-INR104=INR169. Trace justified.,215158.46323529413
AC002098,409500.0,2,2,0.8911372549019607,PH005153,362.83000000000004,DO NOT TRACE,Viable contact exists P(RPC)=89.11%>=40.00%. EV(trace)=0.228x0.05xINR409500x0.1-INR104=INR363,44579.294117647085
AC002099,53300.0,2,2,0.039239163275057574,PH000213,-43.238,DO NOT TRACE,EV(trace)=INR-43 negative yield or active callable contact points available. EV(trace)=0.228x0.05xINR53300x0.1-INR104=INR-43,51208.552597439426
AC002100,122850.0,3,3,0.9424911297852473,PH005155,36.04900000000001,DO NOT TRACE,Viable contact exists P(RPC)=94.25%>=40.00%. EV(trace)=0.228x0.05xINR122850x0.1-INR104=INR36,7064.96470588237
AC002101,87750.0,2,1,0.029643721318314557,PH005159,-3.964999999999989,DO NOT TRACE,EV(trace)=INR-4 negative yield or active callable contact points available. EV(trace)=0.228x0.05xINR87750x0.1-INR104=INR-4,85148.76345431789
AC002102,84700.0,1,1,0.9891764705882353,PH005160,-7.441999999999993,DO NOT TRACE,Viable contact exists P(RPC)=98.92%>=40.00%. EV(trace)=0.228x0.05xINR84700x0.1-INR104=INR-7,916.7529411764681
AC002103,137200.0,4,4,0.9424911297852473,PH005812,52.408000000000015,DO NOT TRACE,Viable contact exists P(RPC)=94.25%>=40.00%. EV(trace)=0.228x0.05xINR137200x0.1-INR104=INR52,7890.2169934640715
AC002104,680400.0,3,3,0.9891764705882353,PH005163,671.6560000000001,DO NOT TRACE,Viable contact exists P(RPC)=98.92%>=40.00%. EV(trace)=0.228x0.05xINR680400x0.1-INR104=INR672,7364.329411764686
AC002105,131250.0,4,4,0.9745437518290897,PH005167,45.625,DO NOT TRACE,Viable contact exists P(RPC)=97.45%>=40.00%. EV(trace)=0.228x0.05xINR131250x0.1-INR104=INR46,3341.1325724319768
AC002106,401800.0,2,2,0.9891764705882353,PH005837,354.0520000000001,DO NOT TRACE,Viable contact exists P(RPC)=98.92%>=40.00%. EV(trace)=0.228x0.05xINR401800x0.1-INR104=INR354,4348.894117647047
AC002107,49000.0,4,4,0.9745437518290897,PH005173,-48.13999999999999,DO NOT TRACE,Viable contact exists P(RPC)=97.45%>=40.00%. EV(trace)=0.228x0.05xINR49000x0.1-INR104=INR-48,1247.3561603746048
AC002108,60800.0,4,2,0.9424911297852473,PH005857,-34.688,DO NOT TRACE,Viable contact exists P(RPC)=94.25%>=40.00%. EV(trace)=0.228x0.05xINR60800x0.1-INR104=INR-35,3496.5393090569646
AC002109,756000.0,2,2,0.9745437518290897,PH005177,757.84,DO NOT TRACE,Viable contact exists P(RPC)=97.45%>=40.00%. EV(trace)=0.228x0.05xINR756000x0.1-INR104=INR758,19244.923617208187
AC002110,128250.0,1,1,0.9745437518290897,PH005179,42.20500000000001,DO NOT TRACE,Viable contact exists P(RPC)=97.45%>=40.00%. EV(trace)=0.228x0.05xINR128250x0.1-INR104=INR42,3264.763827919246
AC002111,94000.0,3,2,0.9891764705882353,PH005181,3.160000000000025,DO NOT TRACE,Viable contact exists P(RPC)=98.92%>=40.00%. EV(trace)=0.228x0.05xINR94000x0.1-INR104=INR3,1017.4117647058796
AC002112,163200.0,3,3,0.07136253650396328,PH005183,82.048,TRACE,All contacts have poor connection likelihood P(RPC)<15.00%. EV(trace)=0.228x0.05xINR163200x0.1-INR104=INR82. Trace justified.,151553.6340425532
AC002113,570850.0,2,2,0.9891764705882353,PH005186,546.7690000000001,DO NOT TRACE,Viable contact exists P(RPC)=98.92%>=40.00%. EV(trace)=0.228x0.05xINR570850x0.1-INR104=INR547,6178.611764705865
AC002114,441600.0,3,3,0.7440784313725489,PH005190,399.424,DO NOT TRACE,Viable contact exists P(RPC)=74.41%>=40.00%. EV(trace)=0.228x0.05xINR441600x0.1-INR104=INR399,113014.96470588239
AC002115,129950.0,4,4,0.9745437518290897,PH005191,44.143,DO NOT TRACE,Viable contact exists P(RPC)=97.45%>=40.00%. EV(trace)=0.228x0.05xINR129950x0.1-INR104=INR44,3308.0394498097935
AC002116,29500.0,2,1,0.9891764705882353,PH005194,-70.37,DO NOT TRACE,Viable contact exists P(RPC)=98.92%>=40.00%. EV(trace)=0.228x0.05xINR29500x0.1-INR104=INR-70,319.29411764705793
AC002117,202100.0,4,4,0.9745437518290897,PH005196,126.394,DO NOT TRACE,Viable contact exists P(RPC)=97.45%>=40.00%. EV(trace)=0.228x0.05xINR202100x0.1-INR104=INR126,5144.707755340972
AC002118,208000.0,2,2,0.2888963585434174,PH005200,133.12000000000003,DO NOT TRACE,EV(trace)=INR133 negative yield or active callable contact points available. EV(trace)=0.228x0.05xINR208000x0.1-INR104=INR133,147909.55742296917
AC002119,44000.0,1,1,0.9891764705882353,PH005202,-53.839999999999996,DO NOT TRACE,Viable contact exists P(RPC)=98.92%>=40.00%. EV(trace)=0.228x0.05xINR44000x0.1-INR104=INR-54,476.23529411764576
AC002120,75600.0,3,3,0.9891764705882353,PH005203,-17.81599999999999,DO NOT TRACE,Viable contact exists P(RPC)=98.92%>=40.00%. EV(trace)=0.228x0.05xINR75600x0.1-INR104=INR-18,818.2588235294095
AC002121,70400.0,3,3,0.9891764705882353,PH005205,-23.743999999999986,DO NOT TRACE,Viable contact exists P(RPC)=98.92%>=40.00%. EV(trace)=0.228x0.05xINR70400x0.1-INR104=INR-24,761.9764705882333
AC002122,31200.0,1,1,0.9745437518290897,PH005208,-68.43199999999999,DO NOT TRACE,Viable contact exists P(RPC)=97.45%>=40.00%. EV(trace)=0.228x0.05xINR31200x0.1-INR104=INR-68,794.2349429324014
AC002123,156600.0,2,2,0.9891764705882353,PH005209,74.524,DO NOT TRACE,Viable contact exists P(RPC)=98.92%>=40.00%. EV(trace)=0.228x0.05xINR156600x0.1-INR104=INR75,1694.9647058823482
AC002124,100750.0,2,1,0.9424911297852473,PH005210,10.855000000000004,DO NOT TRACE,Viable contact exists P(RPC)=94.25%>=40.00%. EV(trace)=0.228x0.05xINR100750x0.1-INR104=INR11,5794.018674136335
AC002125,88800.0,2,2,0.9891764705882353,PH005212,-2.7679999999999865,DO NOT TRACE,Viable contact exists P(RPC)=98.92%>=40.00%. EV(trace)=0.228x0.05xINR88800x0.1-INR104=INR-3,961.1294117647033
AC002126,110200.0,3,2,0.9424911297852473,PH005214,21.628,DO NOT TRACE,Viable contact exists P(RPC)=94.25%>=40.00%. EV(trace)=0.228x0.05xINR110200x0.1-INR104=INR22,6337.477497665748
AC002127,67200.0,3,2,0.9745437518290897,PH005216,-27.391999999999996,DO NOT TRACE,Viable contact exists P(RPC)=97.45%>=40.00%. EV(trace)=0.228x0.05xINR67200x0.1-INR104=INR-27,1710.6598770851722
AC002128,117150.0,2,2,0.9891764705882353,PH005220,29.551000000000016,DO NOT TRACE,Viable contact exists P(RPC)=98.92%>=40.00%. EV(trace)=0.228x0.05xINR117150x0.1-INR104=INR30,1267.976470588232
AC002129,37800.0,1,0,0.008784313725490198,,-60.907999999999994,DO NOT TRACE,EV(trace)=INR-61 negative yield or active callable contact points available. EV(trace)=0.228x0.05xINR37800x0.1-INR104=INR-61,37467.952941176474
AC002130,28000.0,2,1,0.9745437518290897,PH005223,-72.08,DO NOT TRACE,Viable contact exists P(RPC)=97.45%>=40.00%. EV(trace)=0.228x0.05xINR28000x0.1-INR104=INR-72,712.7749487854884
AC002131,125550.0,3,2,0.9745437518290897,PH005224,39.12700000000001,DO NOT TRACE,Viable contact exists P(RPC)=97.45%>=40.00%. EV(trace)=0.228x0.05xINR125550x0.1-INR104=INR39,3196.0319578577883
AC002132,36000.0,3,3,0.9424911297852473,PH005228,-62.959999999999994,DO NOT TRACE,Viable contact exists P(RPC)=94.25%>=40.00%. EV(trace)=0.228x0.05xINR36000x0.1-INR104=INR-63,2070.3193277310975
AC002133,69750.0,4,4,0.2888963585434174,PH005229,-24.485,DO NOT TRACE,EV(trace)=INR-24 negative yield or active callable contact points available. EV(trace)=0.228x0.05xINR69750x0.1-INR104=INR-24,49599.47899159663
AC002134,728700.0,3,3,0.07136253650396328,PH005233,726.7180000000001,TRACE,All contacts have poor connection likelihood P(RPC)<15.00%. EV(trace)=0.228x0.05xINR728700x0.1-INR104=INR727. Trace justified.,676698.1196495619
AC002135,1235000.0,2,2,0.9745437518290897,PH005236,1303.9,DO NOT TRACE,Viable contact exists P(RPC)=97.45%>=40.00%. EV(trace)=0.228x0.05xINR1235000x0.1-INR104=INR1304,31438.46649107422
AC002136,339750.0,1,1,0.9891764705882353,PH005237,283.31500000000005,DO NOT TRACE,Viable contact exists P(RPC)=98.92%>=40.00%. EV(trace)=0.228x0.05xINR339750x0.1-INR104=INR283,3677.2941176470486
AC002137,33750.0,3,1,0.9745437518290897,PH005848,-65.525,DO NOT TRACE,Viable contact exists P(RPC)=97.45%>=40.00%. EV(trace)=0.228x0.05xINR33750x0.1-INR104=INR-66,859.1483757682226
AC002138,42000.0,2,2,0.9745437518290897,PH005240,-56.12,DO NOT TRACE,Viable contact exists P(RPC)=97.45%>=40.00%. EV(trace)=0.228x0.05xINR42000x0.1-INR104=INR-56,1069.1624231782325
AC002139,712000.0,1,1,0.9745437518290897,PH005242,707.6800000000001,DO NOT TRACE,Viable contact exists P(RPC)=97.45%>=40.00%. EV(trace)=0.228x0.05xINR712000x0.1-INR104=INR708,18124.848697688132
AC002140,68850.0,4,1,0.9745437518290897,PH005245,-25.510999999999996,DO NOT TRACE,Viable contact exists P(RPC)=97.45%>=40.00%. EV(trace)=0.228x0.05xINR68850x0.1-INR104=INR-26,1752.6626865671742
AC002141,149500.0,3,3,0.9891764705882353,PH005247,66.43,DO NOT TRACE,Viable contact exists P(RPC)=98.92%>=40.00%. EV(trace)=0.228x0.05xINR149500x0.1-INR104=INR66,1618.117647058819
AC002142,27000.0,4,2,0.9745437518290897,PH005251,-73.22,DO NOT TRACE,Viable contact exists P(RPC)=97.45%>=40.00%. EV(trace)=0.228x0.05xINR27000x0.1-INR104=INR-73,687.3187006145781
AC002143,147250.0,1,1,0.9891764705882353,PH005254,63.86500000000001,DO NOT TRACE,Viable contact exists P(RPC)=98.92%>=40.00%. EV(trace)=0.228x0.05xINR147250x0.1-INR104=INR64,1593.7647058823486
AC002144,826100.0,2,2,0.8911372549019607,PH005256,837.7540000000001,DO NOT TRACE,Viable contact exists P(RPC)=89.11%>=40.00%. EV(trace)=0.228x0.05xINR826100x0.1-INR104=INR838,89931.51372549025
AC002145,125800.0,2,2,0.8911372549019607,PH005257,39.412000000000006,DO NOT TRACE,Viable contact exists P(RPC)=89.11%>=40.00%. EV(trace)=0.228x0.05xINR125800x0.1-INR104=INR39,13694.933333333342
AC002146,140600.0,3,2,0.9424911297852473,PH005259,56.28400000000002,DO NOT TRACE,Viable contact exists P(RPC)=94.25%>=40.00%. EV(trace)=0.228x0.05xINR140600x0.1-INR104=INR56,8085.747152194231
AC002147,243600.0,3,3,0.029643721318314557,PH005264,173.704,TRACE,All contacts have poor connection likelihood P(RPC)<15.00%. EV(trace)=0.228x0.05xINR243600x0.1-INR104=INR174. Trace justified.,236378.78948685856
AC002148,42750.0,5,3,0.9745437518290897,PH005901,-55.26499999999999,DO NOT TRACE,Viable contact exists P(RPC)=97.45%>=40.00%. EV(trace)=0.228x0.05xINR42750x0.1-INR104=INR-55,1088.2546093064154
AC002149,32850.0,1,1,0.9424911297852473,PH005269,-66.55099999999999,DO NOT TRACE,Viable contact exists P(RPC)=94.25%>=40.00%. EV(trace)=0.228x0.05xINR32850x0.1-INR104=INR-67,1889.1663865546263
AC002150,23450.0,3,1,0.8911372549019607,PH005270,-77.267,DO NOT TRACE,Viable contact exists P(RPC)=89.11%>=40.00%. EV(trace)=0.228x0.05xINR23450x0.1-INR104=INR-77,2552.831372549021
AC002151,84800.0,3,2,0.7440784313725489,PH000513,-7.327999999999989,DO NOT TRACE,Viable contact exists P(RPC)=74.41%>=40.00%. EV(trace)=0.228x0.05xINR84800x0.1-INR104=INR-7,21702.149019607852
AC002152,276000.0,1,1,0.9891764705882353,PH005274,210.64000000000004,DO NOT TRACE,Viable contact exists P(RPC)=98.92%>=40.00%. EV(trace)=0.228x0.05xINR276000x0.1-INR104=INR211,2987.294117647051
AC002153,98700.0,2,1,0.9424911297852473,PH005275,8.518000000000015,DO NOT TRACE,Viable contact exists P(RPC)=94.25%>=40.00%. EV(trace)=0.228x0.05xINR98700x0.1-INR104=INR9,5676.125490196092
AC002154,52800.0,2,2,0.9891764705882353,PH005277,-43.80799999999999,DO NOT TRACE,Viable contact exists P(RPC)=98.92%>=40.00%. EV(trace)=0.228x0.05xINR52800x0.1-INR104=INR-44,571.4823529411749
AC002155,174150.0,2,2,0.9745437518290897,PH005279,94.53100000000003,DO NOT TRACE,Viable contact exists P(RPC)=97.45%>=40.00%. EV(trace)=0.228x0.05xINR174150x0.1-INR104=INR95,4433.205618964029
AC002156,162250.0,2,2,0.9745437518290897,PH005281,80.96500000000003,DO NOT TRACE,Viable contact exists P(RPC)=97.45%>=40.00%. EV(trace)=0.228x0.05xINR162250x0.1-INR104=INR81,4130.276265730196
AC002157,66150.0,2,2,0.9424911297852473,PH005284,-28.589,DO NOT TRACE,Viable contact exists P(RPC)=94.25%>=40.00%. EV(trace)=0.228x0.05xINR66150x0.1-INR104=INR-29,3804.2117647058913
AC002158,113750.0,3,2,0.9424911297852473,PH005285,25.67500000000001,DO NOT TRACE,Viable contact exists P(RPC)=94.25%>=40.00%. EV(trace)=0.228x0.05xINR113750x0.1-INR104=INR26,6541.63398692812
AC002159,158200.0,3,3,0.9745437518290897,PH005288,76.34800000000001,DO NOT TRACE,Viable contact exists P(RPC)=97.45%>=40.00%. EV(trace)=0.228x0.05xINR158200x0.1-INR104=INR76,4027.1784606380097
AC002160,212800.0,2,2,0.9891764705882353,PH005291,138.592,DO NOT TRACE,Viable contact exists P(RPC)=98.92%>=40.00%. EV(trace)=0.228x0.05xINR212800x0.1-INR104=INR139,2303.2470588235233
AC002161,18200.0,2,1,0.9891764705882353,PH005292,-83.252,DO NOT TRACE,Viable contact exists P(RPC)=98.92%>=40.00%. EV(trace)=0.228x0.05xINR18200x0.1-INR104=INR-83,196.98823529411712
AC002162,8550.0,4,2,0.9745437518290897,PH005296,-94.253,DO NOT TRACE,Viable contact exists P(RPC)=97.45%>=40.00%. EV(trace)=0.228x0.05xINR8550x0.1-INR104=INR-94,217.65092186128308
AC002163,206550.0,2,2,0.9891764705882353,PH005298,131.467,DO NOT TRACE,Viable contact exists P(RPC)=98.92%>=40.00%. EV(trace)=0.228x0.05xINR206550x0.1-INR104=INR131,2235.599999999994
AC002164,662400.0,1,1,0.029643721318314557,PH005300,651.1360000000001,TRACE,All contacts have poor connection likelihood P(RPC)<15.00%. EV(trace)=0.228x0.05xINR662400x0.1-INR104=INR651. Trace justified.,642763.9989987484
AC002165,71050.0,4,4,0.9891764705882353,PH005301,-23.002999999999986,DO NOT TRACE,Viable contact exists P(RPC)=98.92%>=40.00%. EV(trace)=0.228x0.05xINR71050x0.1-INR104=INR-23,769.0117647058803
AC002166,49500.0,2,1,0.9891764705882353,PH005305,-47.56999999999999,DO NOT TRACE,Viable contact exists P(RPC)=98.92%>=40.00%. EV(trace)=0.228x0.05xINR49500x0.1-INR104=INR-48,535.7647058823514
AC002167,414000.0,2,2,0.9891764705882353,PH005308,367.96000000000004,DO NOT TRACE,Viable contact exists P(RPC)=98.92%>=40.00%. EV(trace)=0.228x0.05xINR414000x0.1-INR104=INR368,4480.941176470576
AC002168,1635750.0,3,3,0.9745437518290897,PH005310,1760.755,DO NOT TRACE,Viable contact exists P(RPC)=97.45%>=40.00%. EV(trace)=0.228x0.05xINR1635750x0.1-INR104=INR1761,41640.05794556652
AC002169,95200.0,1,1,0.9891764705882353,PH005312,4.528000000000006,DO NOT TRACE,Viable contact exists P(RPC)=98.92%>=40.00%. EV(trace)=0.228x0.05xINR95200x0.1-INR104=INR5,1030.3999999999971
AC002170,392000.0,4,4,0.2888963585434174,PH005315,342.88000000000005,DO NOT TRACE,EV(trace)=INR343 negative yield or active callable contact points available. EV(trace)=0.228x0.05xINR392000x0.1-INR104=INR343,278752.62745098036
AC002171,86800.0,4,3,0.9891764705882353,PH005316,-5.048000000000002,DO NOT TRACE,Viable contact exists P(RPC)=98.92%>=40.00%. EV(trace)=0.228x0.05xINR86800x0.1-INR104=INR-5,939.4823529411739
AC002172,390000.0,3,3,0.9891764705882353,PH005320,340.6,DO NOT TRACE,Viable contact exists P(RPC)=98.92%>=40.00%. EV(trace)=0.228x0.05xINR390000x0.1-INR104=INR341,4221.176470588223
AC002173,12600.0,1,1,0.9891764705882353,PH005323,-89.636,DO NOT TRACE,Viable contact exists P(RPC)=98.92%>=40.00%. EV(trace)=0.228x0.05xINR12600x0.1-INR104=INR-90,136.37647058823492
AC002174,733700.0,1,1,0.10069607843137254,PH005324,732.4180000000001,TRACE,All contacts have poor connection likelihood P(RPC)<15.00%. EV(trace)=0.228x0.05xINR733700x0.1-INR104=INR732. Trace justified.,659819.287254902
AC002175,92250.0,4,4,0.8911372549019607,PH005325,1.1650000000000205,DO NOT TRACE,Viable contact exists P(RPC)=89.11%>=40.00%. EV(trace)=0.228x0.05xINR92250x0.1-INR104=INR1,10042.588235294124
AC002176,624000.0,2,2,0.8911372549019607,PH005330,607.3600000000001,DO NOT TRACE,Viable contact exists P(RPC)=89.11%>=40.00%. EV(trace)=0.228x0.05xINR624000x0.1-INR104=INR607,67930.3529411765
AC002177,56100.0,1,1,0.9891764705882353,PH005331,-40.04599999999999,DO NOT TRACE,Viable contact exists P(RPC)=98.92%>=40.00%. EV(trace)=0.228x0.05xINR56100x0.1-INR104=INR-40,607.1999999999983
AC002178,476850.0,3,3,0.10069607843137254,PH005333,439.60900000000004,TRACE,All contacts have poor connection likelihood P(RPC)<15.00%. EV(trace)=0.228x0.05xINR476850x0.1-INR104=INR440. Trace justified.,428833.075
AC002179,63000.0,3,2,0.9891764705882353,PH005334,-32.17999999999999,DO NOT TRACE,Viable contact exists P(RPC)=98.92%>=40.00%. EV(trace)=0.228x0.05xINR63000x0.1-INR104=INR-32,681.8823529411746
AC002180,866400.0,3,3,0.9424911297852473,PH005337,883.6960000000001,DO NOT TRACE,Viable contact exists P(RPC)=94.25%>=40.00%. EV(trace)=0.228x0.05xINR866400x0.1-INR104=INR884,49825.68515406174
AC002181,493500.0,3,3,0.9891764705882353,PH005341,458.59000000000003,DO NOT TRACE,Viable contact exists P(RPC)=98.92%>=40.00%. EV(trace)=0.228x0.05xINR493500x0.1-INR104=INR459,5341.411764705867
AC002182,580800.0,2,2,0.8491204481792716,PH005344,558.1120000000001,DO NOT TRACE,Viable contact exists P(RPC)=84.91%>=40.00%. EV(trace)=0.228x0.05xINR580800x0.1-INR104=INR558,87630.84369747907
AC002183,119600.0,2,2,0.8421843280916753,PH005346,32.34400000000002,DO NOT TRACE,Viable contact exists P(RPC)=84.22%>=40.00%. EV(trace)=0.228x0.05xINR119600x0.1-INR104=INR32,18874.75436023563
AC002184,208800.0,3,3,0.9891764705882353,PH005347,134.03200000000004,DO NOT TRACE,Viable contact exists P(RPC)=98.92%>=40.00%. EV(trace)=0.228x0.05xINR208800x0.1-INR104=INR134,2259.9529411764643
AC002185,55500.0,1,0,0.008784313725490198,,-40.72999999999999,DO NOT TRACE,EV(trace)=INR-41 negative yield or active callable contact points available. EV(trace)=0.228x0.05xINR55500x0.1-INR104=INR-41,55012.470588235294
AC002186,110500.0,2,2,0.9424911297852473,PH005352,21.970000000000013,DO NOT TRACE,Viable contact exists P(RPC)=94.25%>=40.00%. EV(trace)=0.228x0.05xINR110500x0.1-INR104=INR22,6354.730158730174
AC002187,838950.0,2,2,0.9424911297852473,PH005354,852.4030000000001,DO NOT TRACE,Viable contact exists P(RPC)=94.25%>=40.00%. EV(trace)=0.228x0.05xINR838950x0.1-INR104=INR852,48247.06666666678
AC002188,192000.0,2,2,0.9745437518290897,PH005356,114.88000000000002,DO NOT TRACE,Viable contact exists P(RPC)=97.45%>=40.00%. EV(trace)=0.228x0.05xINR192000x0.1-INR104=INR115,4887.5996488147775
AC002189,85800.0,2,2,0.9424911297852473,PH005358,-6.187999999999988,DO NOT TRACE,Viable contact exists P(RPC)=94.25%>=40.00%. EV(trace)=0.228x0.05xINR85800x0.1-INR104=INR-6,4934.261064425782
AC002190,963000.0,1,1,0.9745437518290897,PH005359,993.8200000000002,DO NOT TRACE,Viable contact exists P(RPC)=97.45%>=40.00%. EV(trace)=0.228x0.05xINR963000x0.1-INR104=INR994,24514.36698858662
AC002191,60800.0,3,2,0.9424911297852473,PH005361,-34.688,DO NOT TRACE,Viable contact exists P(RPC)=94.25%>=40.00%. EV(trace)=0.228x0.05xINR60800x0.1-INR104=INR-35,3496.5393090569646
AC002192,336000.0,3,3,0.9745437518290897,PH005841,279.04,DO NOT TRACE,Viable contact exists P(RPC)=97.45%>=40.00%. EV(trace)=0.228x0.05xINR336000x0.1-INR104=INR279,8553.29938542586
AC002193,45600.0,3,2,0.9745437518290897,PH005365,-52.01599999999999,DO NOT TRACE,Viable contact exists P(RPC)=97.45%>=40.00%. EV(trace)=0.228x0.05xINR45600x0.1-INR104=INR-52,1160.8049165935097
AC002194,46500.0,2,1,0.9745437518290897,PH005367,-50.989999999999995,DO NOT TRACE,Viable contact exists P(RPC)=97.45%>=40.00%. EV(trace)=0.228x0.05xINR46500x0.1-INR104=INR-51,1183.715539947329
AC002195,35100.0,2,2,0.9424911297852473,PH005369,-63.986,DO NOT TRACE,Viable contact exists P(RPC)=94.25%>=40.00%. EV(trace)=0.228x0.05xINR35100x0.1-INR104=INR-64,2018.5613445378199
AC002196,278000.0,1,1,0.008784313725490198,PH005371,212.92000000000007,TRACE,All contacts have poor connection likelihood P(RPC)<15.00%. EV(trace)=0.228x0.05xINR278000x0.1-INR104=INR213. Trace justified.,275557.96078431373
AC002197,162800.0,2,2,0.8491204481792716,PH005372,81.59200000000001,DO NOT TRACE,Viable contact exists P(RPC)=84.91%>=40.00%. EV(trace)=0.228x0.05xINR162800x0.1-INR104=INR82,24563.191036414588
AC002198,76250.0,2,2,0.9745437518290897,PH005374,-17.07499999999999,DO NOT TRACE,Viable contact exists P(RPC)=97.45%>=40.00%. EV(trace)=0.228x0.05xINR76250x0.1-INR104=INR-17,1941.0389230319104
AC002199,239400.0,1,1,0.9891764705882353,PH005376,168.91600000000005,DO NOT TRACE,Viable contact exists P(RPC)=98.92%>=40.00%. EV(trace)=0.228x0.05xINR239400x0.1-INR104=INR169,2591.1529411764636
AC002200,279650.0,3,2,0.8197596246351816,PH005377,214.80100000000004,DO NOT TRACE,Viable contact exists P(RPC)=81.98%>=40.00%. EV(trace)=0.228x0.05xINR279650x0.1-INR104=INR215,50404.220970771465
AC002201,632800.0,3,3,0.9424911297852473,PH005379,617.392,DO NOT TRACE,Viable contact exists P(RPC)=94.25%>=40.00%. EV(trace)=0.228x0.05xINR632800x0.1-INR104=INR617,36391.61307189551
AC002202,60350.0,3,2,0.9891764705882353,PH005382,-35.20099999999999,DO NOT TRACE,Viable contact exists P(RPC)=98.92%>=40.00%. EV(trace)=0.228x0.05xINR60350x0.1-INR104=INR-35,653.1999999999982
AC002203,488000.0,3,3,0.9891764705882353,PH005385,452.32000000000005,DO NOT TRACE,Viable contact exists P(RPC)=98.92%>=40.00%. EV(trace)=0.228x0.05xINR488000x0.1-INR104=INR452,5281.882352941162
AC002204,208500.0,3,3,0.9745437518290897,PH005816,133.69000000000003,DO NOT TRACE,Viable contact exists P(RPC)=97.45%>=40.00%. EV(trace)=0.228x0.05xINR208500x0.1-INR104=INR134,5307.627743634797
AC002205,346150.0,3,2,0.8911372549019607,PH005387,290.61100000000005,DO NOT TRACE,Viable contact exists P(RPC)=89.11%>=40.00%. EV(trace)=0.228x0.05xINR346150x0.1-INR104=INR291,37682.8392156863
AC002206,207900.0,1,1,0.9891764705882353,PH005390,133.006,DO NOT TRACE,Viable contact exists P(RPC)=98.92%>=40.00%. EV(trace)=0.228x0.05xINR207900x0.1-INR104=INR133,2250.2117647058762
AC002207,336000.0,2,2,0.7440784313725489,PH005392,279.04,DO NOT TRACE,Viable contact exists P(RPC)=74.41%>=40.00%. EV(trace)=0.228x0.05xINR336000x0.1-INR104=INR279,85989.64705882357
AC002208,82950.0,4,3,0.9891764705882353,PH005394,-9.436999999999998,DO NOT TRACE,Viable contact exists P(RPC)=98.92%>=40.00%. EV(trace)=0.228x0.05xINR82950x0.1-INR104=INR-9,897.8117647058799
AC002209,34200.0,3,2,0.8491204481792716,PH005396,-65.012,DO NOT TRACE,Viable contact exists P(RPC)=84.91%>=40.00%. EV(trace)=0.228x0.05xINR34200x0.1-INR104=INR-65,5160.080672268912
AC002210,27900.0,3,1,0.9745437518290897,PH005398,-72.194,DO NOT TRACE,Viable contact exists P(RPC)=97.45%>=40.00%. EV(trace)=0.228x0.05xINR27900x0.1-INR104=INR-72,710.2293239683974
AC002211,268200.0,3,3,0.9745437518290897,PH005401,201.748,DO NOT TRACE,Viable contact exists P(RPC)=97.45%>=40.00%. EV(trace)=0.228x0.05xINR268200x0.1-INR104=INR202,6827.365759438143
AC002212,354900.0,3,3,0.2888963585434174,PH005406,300.586,DO NOT TRACE,EV(trace)=INR301 negative yield or active callable contact points available. EV(trace)=0.228x0.05xINR354900x0.1-INR104=INR301,252370.68235294116
AC002213,10200.0,2,1,0.9424911297852473,PH005407,-92.372,DO NOT TRACE,Viable contact exists P(RPC)=94.25%>=40.00%. EV(trace)=0.228x0.05xINR10200x0.1-INR104=INR-92,586.5904761904776
AC002214,102350.0,3,3,0.9424911297852473,PH005409,12.679000000000002,DO NOT TRACE,Viable contact exists P(RPC)=94.25%>=40.00%. EV(trace)=0.228x0.05xINR102350x0.1-INR104=INR13,5886.032866479939
AC002215,67200.0,3,3,0.9745437518290897,PH005412,-27.391999999999996,DO NOT TRACE,Viable contact exists P(RPC)=97.45%>=40.00%. EV(trace)=0.228x0.05xINR67200x0.1-INR104=INR-27,1710.6598770851722
AC002216,437500.0,2,2,0.9891764705882353,PH005415,394.75,DO NOT TRACE,Viable contact exists P(RPC)=98.92%>=40.00%. EV(trace)=0.228x0.05xINR437500x0.1-INR104=INR395,4735.294117647046
AC002217,43050.0,4,1,0.9745437518290897,PH005416,-54.922999999999995,DO NOT TRACE,Viable contact exists P(RPC)=97.45%>=40.00%. EV(trace)=0.228x0.05xINR43050x0.1-INR104=INR-55,1095.8914837576885
AC002218,455400.0,2,2,0.9745437518290897,PH005419,415.15600000000006,DO NOT TRACE,Viable contact exists P(RPC)=97.45%>=40.00%. EV(trace)=0.228x0.05xINR455400x0.1-INR104=INR415,11592.775417032552
AC002219,57600.0,1,1,0.8257777777777777,PH005421,-38.336,DO NOT TRACE,Viable contact exists P(RPC)=82.58%>=40.00%. EV(trace)=0.228x0.05xINR57600x0.1-INR104=INR-38,10035.200000000003
AC002220,55200.0,2,2,0.9745437518290897,PH005423,-41.072,DO NOT TRACE,Viable contact exists P(RPC)=97.45%>=40.00%. EV(trace)=0.228x0.05xINR55200x0.1-INR104=INR-41,1405.1848990342487
AC002221,540000.0,3,3,0.9891764705882353,PH005424,511.6,DO NOT TRACE,Viable contact exists P(RPC)=98.92%>=40.00%. EV(trace)=0.228x0.05xINR540000x0.1-INR104=INR512,5844.705882352925
AC002222,513900.0,3,3,0.8911372549019607,PH005426,481.846,DO NOT TRACE,Viable contact exists P(RPC)=89.11%>=40.00%. EV(trace)=0.228x0.05xINR513900x0.1-INR104=INR482,55944.56470588239
AC002223,122200.0,3,3,0.9891764705882353,PH005430,35.30800000000002,DO NOT TRACE,Viable contact exists P(RPC)=98.92%>=40.00%. EV(trace)=0.228x0.05xINR122200x0.1-INR104=INR35,1322.6352941176435
AC002224,2117000.0,3,3,0.9745437518290897,PH005432,2309.38,DO NOT TRACE,Viable contact exists P(RPC)=97.45%>=40.00%. EV(trace)=0.228x0.05xINR2117000x0.1-INR104=INR2309,53890.87737781711
AC002225,96200.0,1,0,0.008784313725490198,,5.668000000000006,TRACE,All contacts exhausted. EV(trace)=0.228x0.05xINR96200x0.1-INR104=INR6. Net positive recovery yield.,95354.94901960784
AC002226,98700.0,2,1,0.9891764705882353,PH005436,8.518000000000015,DO NOT TRACE,Viable contact exists P(RPC)=98.92%>=40.00%. EV(trace)=0.228x0.05xINR98700x0.1-INR104=INR9,1068.2823529411735
AC002227,39600.0,3,2,0.2888963585434174,PH000012,-58.855999999999995,DO NOT TRACE,EV(trace)=INR-59 negative yield or active callable contact points available. EV(trace)=0.228x0.05xINR39600x0.1-INR104=INR-59,28159.70420168067
AC002228,1152000.0,3,3,0.9424911297852473,PH005440,1209.2800000000002,DO NOT TRACE,Viable contact exists P(RPC)=94.25%>=40.00%. EV(trace)=0.228x0.05xINR1152000x0.1-INR104=INR1209,66250.21848739512
AC002229,43400.0,3,2,0.9891764705882353,PH005444,-54.524,DO NOT TRACE,Viable contact exists P(RPC)=98.92%>=40.00%. EV(trace)=0.228x0.05xINR43400x0.1-INR104=INR-55,469.74117647058694
AC002230,93600.0,2,1,0.9745437518290897,PH005446,2.7040000000000077,DO NOT TRACE,Viable contact exists P(RPC)=97.45%>=40.00%. EV(trace)=0.228x0.05xINR93600x0.1-INR104=INR3,2382.7048287972043
AC002231,512600.0,2,2,0.9424911297852473,PH005449,480.36400000000003,DO NOT TRACE,Viable contact exists P(RPC)=94.25%>=40.00%. EV(trace)=0.228x0.05xINR512600x0.1-INR104=INR480,29479.046872082235
AC002232,75900.0,1,1,0.9424911297852473,PH005450,-17.47399999999999,DO NOT TRACE,Viable contact exists P(RPC)=94.25%>=40.00%. EV(trace)=0.228x0.05xINR75900x0.1-INR104=INR-17,4364.923249299731
AC002233,96000.0,2,2,0.9891764705882353,PH005451,5.440000000000012,DO NOT TRACE,Viable contact exists P(RPC)=98.92%>=40.00%. EV(trace)=0.228x0.05xINR96000x0.1-INR104=INR5,1039.058823529409
AC002234,110400.0,3,2,0.9745437518290897,PH005893,21.855999999999995,DO NOT TRACE,Viable contact exists P(RPC)=97.45%>=40.00%. EV(trace)=0.228x0.05xINR110400x0.1-INR104=INR22,2810.3697980684974
AC002235,78300.0,2,1,0.9745437518290897,PH005455,-14.738,DO NOT TRACE,Viable contact exists P(RPC)=97.45%>=40.00%. EV(trace)=0.228x0.05xINR78300x0.1-INR104=INR-15,1993.2242317822765
AC002236,363300.0,1,1,0.008784313725490198,PH005457,310.16200000000003,TRACE,All contacts have poor connection likelihood P(RPC)<15.00%. EV(trace)=0.228x0.05xINR363300x0.1-INR104=INR310. Trace justified.,360108.65882352943
AC002237,103400.0,4,4,0.07136253650396328,PH005459,13.876000000000005,TRACE,All contacts have poor connection likelihood P(RPC)<15.00%. EV(trace)=0.228x0.05xINR103400x0.1-INR104=INR14. Trace justified.,96021.1137254902
AC002238,106400.0,1,1,0.029643721318314557,PH005462,17.296000000000006,TRACE,All contacts have poor connection likelihood P(RPC)<15.00%. EV(trace)=0.228x0.05xINR106400x0.1-INR104=INR17. Trace justified.,103245.90805173133
AC002239,315700.0,4,4,0.9745437518290897,PH005463,255.89800000000002,DO NOT TRACE,Viable contact exists P(RPC)=97.45%>=40.00%. EV(trace)=0.228x0.05xINR315700x0.1-INR104=INR256,8036.5375475563815
AC002240,145200.0,4,4,0.9745437518290897,PH005467,61.52800000000002,DO NOT TRACE,Viable contact exists P(RPC)=97.45%>=40.00%. EV(trace)=0.228x0.05xINR145200x0.1-INR104=INR62,3696.2472344161756
AC002241,34400.0,1,1,0.9745437518290897,PH005470,-64.78399999999999,DO NOT TRACE,Viable contact exists P(RPC)=97.45%>=40.00%. EV(trace)=0.228x0.05xINR34400x0.1-INR104=INR-65,875.6949370793143
AC002242,169200.0,1,1,0.9745437518290897,PH005471,88.88800000000003,DO NOT TRACE,Viable contact exists P(RPC)=97.45%>=40.00%. EV(trace)=0.228x0.05xINR169200x0.1-INR104=INR89,4307.197190518023
AC002243,87750.0,2,2,0.7440784313725489,PH005472,-3.964999999999989,DO NOT TRACE,Viable contact exists P(RPC)=74.41%>=40.00%. EV(trace)=0.228x0.05xINR87750x0.1-INR104=INR-4,22457.117647058833
AC002244,17500.0,3,1,0.9891764705882353,PH005475,-84.05,DO NOT TRACE,Viable contact exists P(RPC)=98.92%>=40.00%. EV(trace)=0.228x0.05xINR17500x0.1-INR104=INR-84,189.41176470588184
AC002245,273200.0,1,1,0.9745437518290897,PH005477,207.44800000000004,DO NOT TRACE,Viable contact exists P(RPC)=97.45%>=40.00%. EV(trace)=0.228x0.05xINR273200x0.1-INR104=INR207,6954.647000292694
AC002246,39600.0,3,3,0.9424911297852473,PH005478,-58.855999999999995,DO NOT TRACE,Viable contact exists P(RPC)=94.25%>=40.00%. EV(trace)=0.228x0.05xINR39600x0.1-INR104=INR-59,2277.351260504207
AC002247,57400.0,2,1,0.9424911297852473,PH005481,-38.56399999999999,DO NOT TRACE,Viable contact exists P(RPC)=94.25%>=40.00%. EV(trace)=0.228x0.05xINR57400x0.1-INR104=INR-39,3301.0091503268054
AC002248,19500.0,2,0,0.029209150326797384,,-81.77,DO NOT TRACE,EV(trace)=INR-82 negative yield or active callable contact points available. EV(trace)=0.228x0.05xINR19500x0.1-INR104=INR-82,18930.42156862745
AC002249,24000.0,3,1,0.9745437518290897,PH005486,-76.64,DO NOT TRACE,Viable contact exists P(RPC)=97.45%>=40.00%. EV(trace)=0.228x0.05xINR24000x0.1-INR104=INR-77,610.9499561018472
AC002250,94000.0,3,2,0.9424911297852473,PH005488,3.160000000000025,DO NOT TRACE,Viable contact exists P(RPC)=94.25%>=40.00%. EV(trace)=0.228x0.05xINR94000x0.1-INR104=INR3,5405.833800186754
AC002251,178250.0,5,5,0.9745437518290897,PH005491,99.20500000000004,DO NOT TRACE,Viable contact exists P(RPC)=97.45%>=40.00%. EV(trace)=0.228x0.05xINR178250x0.1-INR104=INR99,4537.576236464761
AC002252,22500.0,2,1,0.9891764705882353,PH005496,-78.35,DO NOT TRACE,Viable contact exists P(RPC)=98.92%>=40.00%. EV(trace)=0.228x0.05xINR22500x0.1-INR104=INR-78,243.52941176470523
AC002253,29900.0,2,2,0.9891764705882353,PH005497,-69.91399999999999,DO NOT TRACE,Viable contact exists P(RPC)=98.92%>=40.00%. EV(trace)=0.228x0.05xINR29900x0.1-INR104=INR-70,323.6235294117638
AC002254,246500.0,2,2,0.9891764705882353,PH005499,177.01,DO NOT TRACE,Viable contact exists P(RPC)=98.92%>=40.00%. EV(trace)=0.228x0.05xINR246500x0.1-INR104=INR177,2667.9999999999927
AC002255,226100.0,2,1,0.9891764705882353,PH005501,153.75400000000002,DO NOT TRACE,Viable contact exists P(RPC)=98.92%>=40.00%. EV(trace)=0.228x0.05xINR226100x0.1-INR104=INR154,2447.1999999999935
AC002256,45600.0,1,1,0.9891764705882353,PH005503,-52.01599999999999,DO NOT TRACE,Viable contact exists P(RPC)=98.92%>=40.00%. EV(trace)=0.228x0.05xINR45600x0.1-INR104=INR-52,493.55294117646923
AC002257,413600.0,2,2,0.9891764705882353,PH005505,367.504,DO NOT TRACE,Viable contact exists P(RPC)=98.92%>=40.00%. EV(trace)=0.228x0.05xINR413600x0.1-INR104=INR368,4476.61176470587
AC002258,458900.0,2,2,0.9891764705882353,PH005506,419.1460000000001,DO NOT TRACE,Viable contact exists P(RPC)=98.92%>=40.00%. EV(trace)=0.228x0.05xINR458900x0.1-INR104=INR419,4966.91764705881
AC002259,64800.0,3,1,0.9745437518290897,PH005509,-30.128,DO NOT TRACE,Viable contact exists P(RPC)=97.45%>=40.00%. EV(trace)=0.228x0.05xINR64800x0.1-INR104=INR-30,1649.5648814749875
AC002260,75850.0,3,2,0.9745437518290897,PH005511,-17.53099999999999,DO NOT TRACE,Viable contact exists P(RPC)=97.45%>=40.00%. EV(trace)=0.228x0.05xINR75850x0.1-INR104=INR-18,1930.8564237635462
AC002261,206800.0,2,2,0.9745437518290897,PH005515,131.752,DO NOT TRACE,Viable contact exists P(RPC)=97.45%>=40.00%. EV(trace)=0.228x0.05xINR206800x0.1-INR104=INR132,5264.35212174425
AC002262,441600.0,3,3,0.9745437518290897,PH005516,399.424,DO NOT TRACE,Viable contact exists P(RPC)=97.45%>=40.00%. EV(trace)=0.228x0.05xINR441600x0.1-INR104=INR399,11241.47919227399
AC002263,232200.0,5,5,0.9745437518290897,PH005519,160.70800000000003,DO NOT TRACE,Viable contact exists P(RPC)=97.45%>=40.00%. EV(trace)=0.228x0.05xINR232200x0.1-INR104=INR161,5910.940825285372
AC002264,134550.0,3,3,0.029643721318314557,PH005523,49.38700000000003,TRACE,All contacts have poor connection likelihood P(RPC)<15.00%. EV(trace)=0.228x0.05xINR134550x0.1-INR104=INR49. Trace justified.,130561.43729662077
AC002265,168750.0,2,2,0.9745437518290897,PH005526,88.375,DO NOT TRACE,Viable contact exists P(RPC)=97.45%>=40.00%. EV(trace)=0.228x0.05xINR168750x0.1-INR104=INR88,4295.741878841113
AC002266,6300.0,2,1,0.9891764705882353,PH005528,-96.818,DO NOT TRACE,Viable contact exists P(RPC)=98.92%>=40.00%. EV(trace)=0.228x0.05xINR6300x0.1-INR104=INR-97,68.18823529411746
AC002267,28750.0,1,1,0.9745437518290897,PH005530,-71.225,DO NOT TRACE,Viable contact exists P(RPC)=97.45%>=40.00%. EV(trace)=0.228x0.05xINR28750x0.1-INR104=INR-71,731.8671349136712
AC002268,52500.0,2,2,0.9745437518290897,PH005531,-44.15,DO NOT TRACE,Viable contact exists P(RPC)=97.45%>=40.00%. EV(trace)=0.228x0.05xINR52500x0.1-INR104=INR-44,1336.453028972791
AC002269,49500.0,4,3,0.9424911297852473,PH005536,-47.56999999999999,DO NOT TRACE,Viable contact exists P(RPC)=94.25%>=40.00%. EV(trace)=0.228x0.05xINR49500x0.1-INR104=INR-48,2846.689075630259
AC002270,441600.0,1,1,0.9424911297852473,PH005537,399.424,DO NOT TRACE,Viable contact exists P(RPC)=94.25%>=40.00%. EV(trace)=0.228x0.05xINR441600x0.1-INR104=INR399,25395.917086834794
AC002271,28050.0,3,1,0.9745437518290897,PH005538,-72.023,DO NOT TRACE,Viable contact exists P(RPC)=97.45%>=40.00%. EV(trace)=0.228x0.05xINR28050x0.1-INR104=INR-72,714.0477611940339
AC002272,344400.0,2,2,0.7440784313725489,PH005919,288.61600000000004,DO NOT TRACE,Viable contact exists P(RPC)=74.41%>=40.00%. EV(trace)=0.228x0.05xINR344400x0.1-INR104=INR289,88139.38823529416
AC002273,46750.0,1,1,0.9891764705882353,PH005542,-50.70499999999999,DO NOT TRACE,Viable contact exists P(RPC)=98.92%>=40.00%. EV(trace)=0.228x0.05xINR46750x0.1-INR104=INR-51,505.99999999999864
AC002274,48050.0,3,1,0.9891764705882353,PH005543,-49.223,DO NOT TRACE,Viable contact exists P(RPC)=98.92%>=40.00%. EV(trace)=0.228x0.05xINR48050x0.1-INR104=INR-49,520.0705882352927
AC002275,49950.0,1,1,0.9424911297852473,PH005546,-47.05699999999999,DO NOT TRACE,Viable contact exists P(RPC)=94.25%>=40.00%. EV(trace)=0.228x0.05xINR49950x0.1-INR104=INR-47,2872.5680672268977
AC002276,24300.0,3,2,0.8911372549019607,PH005547,-76.298,DO NOT TRACE,Viable contact exists P(RPC)=89.11%>=40.00%. EV(trace)=0.228x0.05xINR24300x0.1-INR104=INR-76,2645.3647058823544
AC002277,63250.0,2,1,0.9424911297852473,PH005551,-31.894999999999996,DO NOT TRACE,Viable contact exists P(RPC)=94.25%>=40.00%. EV(trace)=0.228x0.05xINR63250x0.1-INR104=INR-32,3637.4360410831086
AC002278,103200.0,2,2,0.9891764705882353,PH005553,13.64800000000001,DO NOT TRACE,Viable contact exists P(RPC)=98.92%>=40.00%. EV(trace)=0.228x0.05xINR103200x0.1-INR104=INR14,1116.9882352941147
AC002279,155800.0,2,2,0.9891764705882353,PH005554,73.61200000000002,DO NOT TRACE,Viable contact exists P(RPC)=98.92%>=40.00%. EV(trace)=0.228x0.05xINR155800x0.1-INR104=INR74,1686.3058823529366
AC002280,489450.0,2,2,0.9745437518290897,PH005556,453.97300000000007,DO NOT TRACE,Viable contact exists P(RPC)=97.45%>=40.00%. EV(trace)=0.228x0.05xINR489450x0.1-INR104=INR454,12459.560667252046
AC002281,108650.0,3,2,0.9745437518290897,PH005558,19.86100000000002,DO NOT TRACE,Viable contact exists P(RPC)=97.45%>=40.00%. EV(trace)=0.228x0.05xINR108650x0.1-INR104=INR20,2765.8213637694043
AC002282,54400.0,2,2,0.9891764705882353,PH005561,-41.984,DO NOT TRACE,Viable contact exists P(RPC)=98.92%>=40.00%. EV(trace)=0.228x0.05xINR54400x0.1-INR104=INR-42,588.7999999999984
AC002283,24400.0,2,1,0.9745437518290897,PH005564,-76.184,DO NOT TRACE,Viable contact exists P(RPC)=97.45%>=40.00%. EV(trace)=0.228x0.05xINR24400x0.1-INR104=INR-76,621.1324553702113
AC002284,878900.0,2,2,0.9745437518290897,PH005565,897.9460000000001,DO NOT TRACE,Viable contact exists P(RPC)=97.45%>=40.00%. EV(trace)=0.228x0.05xINR878900x0.1-INR104=INR898,22373.496517413063
AC002285,246000.0,2,2,0.9424911297852473,PH000117,176.44,DO NOT TRACE,Viable contact exists P(RPC)=94.25%>=40.00%. EV(trace)=0.228x0.05xINR246000x0.1-INR104=INR176,14147.182072829166
AC002286,57800.0,1,1,0.9891764705882353,PH005567,-38.10799999999999,DO NOT TRACE,Viable contact exists P(RPC)=98.92%>=40.00%. EV(trace)=0.228x0.05xINR57800x0.1-INR104=INR-38,625.5999999999983
AC002287,35100.0,3,3,0.9745437518290897,PH005569,-63.986,DO NOT TRACE,Viable contact exists P(RPC)=97.45%>=40.00%. EV(trace)=0.228x0.05xINR35100x0.1-INR104=INR-64,893.5143107989516
AC002288,92000.0,2,2,0.9891764705882353,PH005570,0.8799999999999955,DO NOT TRACE,Viable contact exists P(RPC)=98.92%>=40.00%. EV(trace)=0.228x0.05xINR92000x0.1-INR104=INR1,995.7647058823502
AC002289,89500.0,3,1,0.07136253650396328,PH000391,-1.9699999999999847,DO NOT TRACE,EV(trace)=INR-2 negative yield or active callable contact points available. EV(trace)=0.228x0.05xINR89500x0.1-INR104=INR-2,83113.05298289529
AC002290,144000.0,2,2,0.9891764705882353,PH005575,60.160000000000025,DO NOT TRACE,Viable contact exists P(RPC)=98.92%>=40.00%. EV(trace)=0.228x0.05xINR144000x0.1-INR104=INR60,1558.5882352941135
AC002291,389550.0,3,2,0.9745437518290897,PH005576,340.087,DO NOT TRACE,Viable contact exists P(RPC)=97.45%>=40.00%. EV(trace)=0.228x0.05xINR389550x0.1-INR104=INR340,9916.481474978107
AC002292,120700.0,4,4,0.9745437518290897,PH005579,33.59800000000001,DO NOT TRACE,Viable contact exists P(RPC)=97.45%>=40.00%. EV(trace)=0.228x0.05xINR120700x0.1-INR104=INR34,3072.5691542288732
AC002293,335000.0,5,5,0.9891764705882353,PH005584,277.90000000000003,DO NOT TRACE,Viable contact exists P(RPC)=98.92%>=40.00%. EV(trace)=0.228x0.05xINR335000x0.1-INR104=INR278,3625.8823529411666
AC002294,245700.0,2,2,0.9891764705882353,PH005587,176.098,DO NOT TRACE,Viable contact exists P(RPC)=98.92%>=40.00%. EV(trace)=0.228x0.05xINR245700x0.1-INR104=INR176,2659.341176470581
AC002295,196800.0,2,2,0.8491204481792716,PH005590,120.352,DO NOT TRACE,Viable contact exists P(RPC)=84.91%>=40.00%. EV(trace)=0.228x0.05xINR196800x0.1-INR104=INR120,29693.095798319355
AC002296,134300.0,4,3,0.9745437518290897,PH005591,49.102000000000004,DO NOT TRACE,Viable contact exists P(RPC)=97.45%>=40.00%. EV(trace)=0.228x0.05xINR134300x0.1-INR104=INR49,3418.7741293532536
AC002297,61050.0,1,1,0.9891764705882353,PH005594,-34.40299999999999,DO NOT TRACE,Viable contact exists P(RPC)=98.92%>=40.00%. EV(trace)=0.228x0.05xINR61050x0.1-INR104=INR-34,660.7764705882335
AC002298,745500.0,3,3,0.9745437518290897,PH005596,745.8700000000001,DO NOT TRACE,Viable contact exists P(RPC)=97.45%>=40.00%. EV(trace)=0.228x0.05xINR745500x0.1-INR104=INR746,18977.63301141363
AC002299,146200.0,2,2,0.9891764705882353,PH005599,62.668000000000006,DO NOT TRACE,Viable contact exists P(RPC)=98.92%>=40.00%. EV(trace)=0.228x0.05xINR146200x0.1-INR104=INR63,1582.3999999999958
AC002300,115150.0,2,2,0.9891764705882353,PH005601,27.271000000000015,DO NOT TRACE,Viable contact exists P(RPC)=98.92%>=40.00%. EV(trace)=0.228x0.05xINR115150x0.1-INR104=INR27,1246.3294117647024
AC002301,212500.0,1,1,0.9745437518290897,PH005602,138.25,DO NOT TRACE,Viable contact exists P(RPC)=97.45%>=40.00%. EV(trace)=0.228x0.05xINR212500x0.1-INR104=INR138,5409.452736318439
AC002302,74400.0,3,1,0.9745437518290897,PH005603,-19.183999999999983,DO NOT TRACE,Viable contact exists P(RPC)=97.45%>=40.00%. EV(trace)=0.228x0.05xINR74400x0.1-INR104=INR-19,1893.9448639157263
AC002303,90300.0,3,1,0.9745437518290897,PH005607,-1.0579999999999927,DO NOT TRACE,Viable contact exists P(RPC)=97.45%>=40.00%. EV(trace)=0.228x0.05xINR90300x0.1-INR104=INR-1,2298.6992098332003
AC002304,122100.0,2,2,0.9891764705882353,PH005609,35.19400000000002,DO NOT TRACE,Viable contact exists P(RPC)=98.92%>=40.00%. EV(trace)=0.228x0.05xINR122100x0.1-INR104=INR35,1321.552941176467
AC002305,38000.0,4,2,0.9891764705882353,PH005610,-60.68,DO NOT TRACE,Viable contact exists P(RPC)=98.92%>=40.00%. EV(trace)=0.228x0.05xINR38000x0.1-INR104=INR-61,411.2941176470577
AC002306,510400.0,4,4,0.9424911297852473,PH005614,477.8560000000001,DO NOT TRACE,Viable contact exists P(RPC)=94.25%>=40.00%. EV(trace)=0.228x0.05xINR510400x0.1-INR104=INR478,29352.527357609782
AC002307,178200.0,2,2,0.9891764705882353,PH005618,99.14800000000002,DO NOT TRACE,Viable contact exists P(RPC)=98.92%>=40.00%. EV(trace)=0.228x0.05xINR178200x0.1-INR104=INR99,1928.7529411764654
AC002308,155100.0,2,2,0.9891764705882353,PH005619,72.81400000000002,DO NOT TRACE,Viable contact exists P(RPC)=98.92%>=40.00%. EV(trace)=0.228x0.05xINR155100x0.1-INR104=INR73,1678.7294117647014
AC002309,103400.0,2,2,0.9424911297852473,PH005621,13.876000000000005,DO NOT TRACE,Viable contact exists P(RPC)=94.25%>=40.00%. EV(trace)=0.228x0.05xINR103400x0.1-INR104=INR14,5946.41718020543
AC002310,87150.0,2,0,0.008784313725490198,,-4.649000000000001,DO NOT TRACE,EV(trace)=INR-5 negative yield or active callable contact points available. EV(trace)=0.228x0.05xINR87150x0.1-INR104=INR-5,86384.44705882353
AC002311,118800.0,4,4,0.9891764705882353,PH005625,31.431999999999988,DO NOT TRACE,Viable contact exists P(RPC)=98.92%>=40.00%. EV(trace)=0.228x0.05xINR118800x0.1-INR104=INR31,1285.8352941176436
AC002312,494500.0,2,2,0.9891764705882353,PH005630,459.73,DO NOT TRACE,Viable contact exists P(RPC)=98.92%>=40.00%. EV(trace)=0.228x0.05xINR494500x0.1-INR104=INR460,5352.235294117632
AC002313,817200.0,2,2,0.9745437518290897,PH005631,827.6080000000001,DO NOT TRACE,Viable contact exists P(RPC)=97.45%>=40.00%. EV(trace)=0.228x0.05xINR817200x0.1-INR104=INR828,20802.846005267897
AC002314,105600.0,2,1,0.9745437518290897,PH005633,16.384000000000015,DO NOT TRACE,Viable contact exists P(RPC)=97.45%>=40.00%. EV(trace)=0.228x0.05xINR105600x0.1-INR104=INR16,2688.1798068481276
AC002315,508800.0,3,3,0.9424911297852473,PH005635,476.03200000000004,DO NOT TRACE,Viable contact exists P(RPC)=94.25%>=40.00%. EV(trace)=0.228x0.05xINR508800x0.1-INR104=INR476,29260.513165266177
AC002316,82800.0,1,1,0.9745437518290897,PH005638,-9.60799999999999,DO NOT TRACE,Viable contact exists P(RPC)=97.45%>=40.00%. EV(trace)=0.228x0.05xINR82800x0.1-INR104=INR-10,2107.777348551373
AC002317,96000.0,2,1,0.9891764705882353,PH005640,5.440000000000012,DO NOT TRACE,Viable contact exists P(RPC)=98.92%>=40.00%. EV(trace)=0.228x0.05xINR96000x0.1-INR104=INR5,1039.058823529409
AC002318,654500.0,2,2,0.9745437518290897,PH005838,642.1300000000001,DO NOT TRACE,Viable contact exists P(RPC)=97.45%>=40.00%. EV(trace)=0.228x0.05xINR654500x0.1-INR104=INR642,16661.114427860794
AC002319,46800.0,3,3,0.8326192220622106,PH005925,-50.647999999999996,DO NOT TRACE,Viable contact exists P(RPC)=83.26%>=40.00%. EV(trace)=0.228x0.05xINR46800x0.1-INR104=INR-51,7833.420407488543
AC002320,75600.0,1,1,0.9891764705882353,PH005643,-17.81599999999999,DO NOT TRACE,Viable contact exists P(RPC)=98.92%>=40.00%. EV(trace)=0.228x0.05xINR75600x0.1-INR104=INR-18,818.2588235294095
AC002321,20900.0,3,2,0.8491204481792716,PH005644,-80.17399999999999,DO NOT TRACE,Viable contact exists P(RPC)=84.91%>=40.00%. EV(trace)=0.228x0.05xINR20900x0.1-INR104=INR-80,3153.3826330532243
AC002322,37400.0,3,2,0.9745437518290897,PH005849,-61.364,DO NOT TRACE,Viable contact exists P(RPC)=97.45%>=40.00%. EV(trace)=0.228x0.05xINR37400x0.1-INR104=INR-61,952.0636815920452
AC002323,31500.0,1,0,0.008784313725490198,,-68.09,DO NOT TRACE,EV(trace)=INR-68 negative yield or active callable contact points available. EV(trace)=0.228x0.05xINR31500x0.1-INR104=INR-68,31223.29411764706
AC002324,93600.0,3,2,0.9424911297852473,PH005652,2.7040000000000077,DO NOT TRACE,Viable contact exists P(RPC)=94.25%>=40.00%. EV(trace)=0.228x0.05xINR93600x0.1-INR104=INR3,5382.830252100854
AC002325,121800.0,4,4,0.9745437518290897,PH005655,34.852000000000004,DO NOT TRACE,Viable contact exists P(RPC)=97.45%>=40.00%. EV(trace)=0.228x0.05xINR121800x0.1-INR104=INR35,3100.5710272168744
AC002326,78000.0,2,2,0.8911372549019607,PH005934,-15.079999999999984,DO NOT TRACE,Viable contact exists P(RPC)=89.11%>=40.00%. EV(trace)=0.228x0.05xINR78000x0.1-INR104=INR-15,8491.294117647063
AC002327,22800.0,3,1,0.9891764705882353,PH005657,-78.008,DO NOT TRACE,Viable contact exists P(RPC)=98.92%>=40.00%. EV(trace)=0.228x0.05xINR22800x0.1-INR104=INR-78,246.77647058823462
AC002328,187850.0,2,2,0.9745437518290897,PH005660,110.14900000000003,DO NOT TRACE,Viable contact exists P(RPC)=97.45%>=40.00%. EV(trace)=0.228x0.05xINR187850x0.1-INR104=INR110,4781.9562189055
AC002329,218900.0,2,2,0.9424911297852473,PH005662,145.54600000000002,DO NOT TRACE,Viable contact exists P(RPC)=94.25%>=40.00%. EV(trace)=0.228x0.05xINR218900x0.1-INR104=INR146,12588.691690009367
AC002330,85200.0,3,1,0.9424911297852473,PH005664,-6.871999999999986,DO NOT TRACE,Viable contact exists P(RPC)=94.25%>=40.00%. EV(trace)=0.228x0.05xINR85200x0.1-INR104=INR-7,4899.75574229693
AC002331,1182850.0,3,3,0.10069607843137254,PH005668,1244.449,TRACE,All contacts have poor connection likelihood P(RPC)<15.00%. EV(trace)=0.228x0.05xINR1182850x0.1-INR104=INR1244. Trace justified.,1063741.643627451
AC002332,294500.0,3,3,0.9424911297852473,PH005669,231.73000000000002,DO NOT TRACE,Viable contact exists P(RPC)=94.25%>=40.00%. EV(trace)=0.228x0.05xINR294500x0.1-INR104=INR232,16936.362278244673
AC002333,65800.0,2,2,0.9745437518290897,PH005671,-28.988,DO NOT TRACE,Viable contact exists P(RPC)=97.45%>=40.00%. EV(trace)=0.228x0.05xINR65800x0.1-INR104=INR-29,1675.0211296458979
AC002334,41600.0,2,2,0.9891764705882353,PH005674,-56.57599999999999,DO NOT TRACE,Viable contact exists P(RPC)=98.92%>=40.00%. EV(trace)=0.228x0.05xINR41600x0.1-INR104=INR-57,450.2588235294105
AC002335,122850.0,3,3,0.029643721318314557,PH005675,36.04900000000001,TRACE,All contacts have poor connection likelihood P(RPC)<15.00%. EV(trace)=0.228x0.05xINR122850x0.1-INR104=INR36. Trace justified.,119208.26883604506
AC002336,161000.0,3,3,0.8911372549019607,PH000067,79.54000000000002,DO NOT TRACE,Viable contact exists P(RPC)=89.11%>=40.00%. EV(trace)=0.228x0.05xINR161000x0.1-INR104=INR80,17526.901960784326
AC002337,242550.0,2,2,0.9891764705882353,PH005679,172.507,DO NOT TRACE,Viable contact exists P(RPC)=98.92%>=40.00%. EV(trace)=0.228x0.05xINR242550x0.1-INR104=INR173,2625.2470588235224
AC002338,99600.0,3,2,0.9745437518290897,PH005681,9.544000000000011,DO NOT TRACE,Viable contact exists P(RPC)=97.45%>=40.00%. EV(trace)=0.228x0.05xINR99600x0.1-INR104=INR10,2535.442317822666
AC002339,331800.0,2,2,0.9891764705882353,PH005684,274.252,DO NOT TRACE,Viable contact exists P(RPC)=98.92%>=40.00%. EV(trace)=0.228x0.05xINR331800x0.1-INR104=INR274,3591.2470588235196
AC002340,397650.0,3,3,0.9891764705882353,PH005687,349.321,DO NOT TRACE,Viable contact exists P(RPC)=98.92%>=40.00%. EV(trace)=0.228x0.05xINR397650x0.1-INR104=INR349,4303.9764705882235
AC002341,46200.0,3,2,0.2888963585434174,PH005691,-51.331999999999994,DO NOT TRACE,EV(trace)=INR-51 negative yield or active callable contact points available. EV(trace)=0.228x0.05xINR46200x0.1-INR104=INR-51,32852.98823529411
AC002342,235200.0,2,2,0.9745437518290897,PH005692,164.12800000000004,DO NOT TRACE,Viable contact exists P(RPC)=97.45%>=40.00%. EV(trace)=0.228x0.05xINR235200x0.1-INR104=INR164,5987.3095697981025
AC002343,99000.0,1,1,0.029643721318314557,PH005694,8.860000000000014,TRACE,All contacts have poor connection likelihood P(RPC)<15.00%. EV(trace)=0.228x0.05xINR99000x0.1-INR104=INR9. Trace justified.,96065.27158948686
AC002344,490000.0,1,1,0.9745437518290897,PH005695,454.6,DO NOT TRACE,Viable contact exists P(RPC)=97.45%>=40.00%. EV(trace)=0.228x0.05xINR490000x0.1-INR104=INR455,12473.561603746048
AC002345,137250.0,2,1,0.9424911297852473,PH005885,52.46500000000003,DO NOT TRACE,Viable contact exists P(RPC)=94.25%>=40.00%. EV(trace)=0.228x0.05xINR137250x0.1-INR104=INR52,7893.092436974809
AC002346,12150.0,2,1,0.9424911297852473,PH005698,-90.149,DO NOT TRACE,Viable contact exists P(RPC)=94.25%>=40.00%. EV(trace)=0.228x0.05xINR12150x0.1-INR104=INR-90,698.7327731092454
AC002347,84000.0,3,3,0.2888963585434174,PH005699,-8.239999999999995,DO NOT TRACE,EV(trace)=INR-8 negative yield or active callable contact points available. EV(trace)=0.228x0.05xINR84000x0.1-INR104=INR-8,59732.70588235294
AC002348,812900.0,3,3,0.9424911297852473,PH005702,822.706,DO NOT TRACE,Viable contact exists P(RPC)=94.25%>=40.00%. EV(trace)=0.228x0.05xINR812900x0.1-INR104=INR823,46748.96059757248
AC002349,126400.0,1,1,0.9424911297852473,PH005705,40.096000000000004,DO NOT TRACE,Viable contact exists P(RPC)=94.25%>=40.00%. EV(trace)=0.228x0.05xINR126400x0.1-INR104=INR40,7269.121195144742
AC002350,40500.0,1,1,0.9891764705882353,PH005706,-57.83,DO NOT TRACE,Viable contact exists P(RPC)=98.92%>=40.00%. EV(trace)=0.228x0.05xINR40500x0.1-INR104=INR-58,438.3529411764694
AC002351,38750.0,2,2,0.9745437518290897,PH005707,-59.824999999999996,DO NOT TRACE,Viable contact exists P(RPC)=97.45%>=40.00%. EV(trace)=0.228x0.05xINR38750x0.1-INR104=INR-60,986.4296166227741
AC002352,286200.0,2,2,0.9891764705882353,PH005709,222.26800000000003,DO NOT TRACE,Viable contact exists P(RPC)=98.92%>=40.00%. EV(trace)=0.228x0.05xINR286200x0.1-INR104=INR222,3097.6941176470505
AC002353,561600.0,1,1,0.9891764705882353,PH005711,536.224,DO NOT TRACE,Viable contact exists P(RPC)=98.92%>=40.00%. EV(trace)=0.228x0.05xINR561600x0.1-INR104=INR536,6078.494117647042
AC002354,260400.0,1,1,0.9891764705882353,PH005712,192.856,DO NOT TRACE,Viable contact exists P(RPC)=98.92%>=40.00%. EV(trace)=0.228x0.05xINR260400x0.1-INR104=INR193,2818.4470588235217
AC002355,591000.0,2,2,0.2888963585434174,PH005713,569.7400000000001,DO NOT TRACE,EV(trace)=INR570 negative yield or active callable contact points available. EV(trace)=0.228x0.05xINR591000x0.1-INR104=INR570,420262.25210084027
AC002356,257850.0,2,2,0.9424911297852473,PH005715,189.949,DO NOT TRACE,Viable contact exists P(RPC)=94.25%>=40.00%. EV(trace)=0.228x0.05xINR257850x0.1-INR104=INR190,14828.662184873985
AC002357,260800.0,1,1,0.9891764705882353,PH005717,193.312,DO NOT TRACE,Viable contact exists P(RPC)=98.92%>=40.00%. EV(trace)=0.228x0.05xINR260800x0.1-INR104=INR193,2822.7764705882278
AC002358,24750.0,4,2,0.9424911297852473,PH005718,-75.785,DO NOT TRACE,Viable contact exists P(RPC)=94.25%>=40.00%. EV(trace)=0.228x0.05xINR24750x0.1-INR104=INR-76,1423.3445378151296
AC002359,247200.0,2,2,0.9745437518290897,PH005914,177.808,DO NOT TRACE,Viable contact exists P(RPC)=97.45%>=40.00%. EV(trace)=0.228x0.05xINR247200x0.1-INR104=INR178,6292.784547849026
AC002360,94300.0,3,1,0.9891764705882353,PH005723,3.5020000000000095,DO NOT TRACE,Viable contact exists P(RPC)=98.92%>=40.00%. EV(trace)=0.228x0.05xINR94300x0.1-INR104=INR4,1020.658823529409
AC002361,26250.0,2,1,0.9745437518290897,PH005725,-74.075,DO NOT TRACE,Viable contact exists P(RPC)=97.45%>=40.00%. EV(trace)=0.228x0.05xINR26250x0.1-INR104=INR-74,668.2265144863954
AC002362,32500.0,4,3,0.9424911297852473,PH005727,-66.94999999999999,DO NOT TRACE,Viable contact exists P(RPC)=94.25%>=40.00%. EV(trace)=0.228x0.05xINR32500x0.1-INR104=INR-67,1869.038281979463
AC002363,34650.0,2,2,0.9891764705882353,PH005729,-64.499,DO NOT TRACE,Viable contact exists P(RPC)=98.92%>=40.00%. EV(trace)=0.228x0.05xINR34650x0.1-INR104=INR-64,375.03529411764606
AC002364,348000.0,2,2,0.9745437518290897,PH005831,292.72,DO NOT TRACE,Viable contact exists P(RPC)=97.45%>=40.00%. EV(trace)=0.228x0.05xINR348000x0.1-INR104=INR293,8858.774363476785
AC002365,200100.0,3,3,0.9891764705882353,PH005929,124.114,DO NOT TRACE,Viable contact exists P(RPC)=98.92%>=40.00%. EV(trace)=0.228x0.05xINR200100x0.1-INR104=INR124,2165.788235294112
AC002366,551850.0,3,3,0.8911372549019607,PH005734,525.109,DO NOT TRACE,Viable contact exists P(RPC)=89.11%>=40.00%. EV(trace)=0.228x0.05xINR551850x0.1-INR104=INR525,60075.90588235298
AC002367,98700.0,2,1,0.9745437518290897,PH005737,8.518000000000015,DO NOT TRACE,Viable contact exists P(RPC)=97.45%>=40.00%. EV(trace)=0.228x0.05xINR98700x0.1-INR104=INR9,2512.5316944688466
AC002368,187600.0,2,2,0.2888963585434174,PH005739,109.864,DO NOT TRACE,EV(trace)=INR110 negative yield or active callable contact points available. EV(trace)=0.228x0.05xINR187600x0.1-INR104=INR110,133403.0431372549
AC002369,70200.0,1,0,0.008784313725490198,,-23.971999999999994,DO NOT TRACE,EV(trace)=INR-24 negative yield or active callable contact points available. EV(trace)=0.228x0.05xINR70200x0.1-INR104=INR-24,69583.3411764706
AC002370,233800.0,4,4,0.9424911297852473,PH005742,162.53200000000004,DO NOT TRACE,Viable contact exists P(RPC)=94.25%>=40.00%. EV(trace)=0.228x0.05xINR233800x0.1-INR104=INR163,13445.573856209183
AC002371,278350.0,2,2,0.9424911297852473,PH005745,213.31900000000002,DO NOT TRACE,Viable contact exists P(RPC)=94.25%>=40.00%. EV(trace)=0.228x0.05xINR278350x0.1-INR104=INR213,16007.594024276415
AC002372,430400.0,3,3,0.9745437518290897,PH005748,386.65600000000006,DO NOT TRACE,Viable contact exists P(RPC)=97.45%>=40.00%. EV(trace)=0.228x0.05xINR430400x0.1-INR104=INR387,10956.369212759793
AC002373,28500.0,2,2,0.9745437518290897,PH000056,-71.50999999999999,DO NOT TRACE,Viable contact exists P(RPC)=97.45%>=40.00%. EV(trace)=0.228x0.05xINR28500x0.1-INR104=INR-72,725.5030728709436
AC002374,474700.0,1,1,0.9891764705882353,PH005751,437.158,DO NOT TRACE,Viable contact exists P(RPC)=98.92%>=40.00%. EV(trace)=0.228x0.05xINR474700x0.1-INR104=INR437,5137.929411764691
AC002375,125800.0,3,3,0.9745437518290897,PH005860,39.412000000000006,DO NOT TRACE,Viable contact exists P(RPC)=97.45%>=40.00%. EV(trace)=0.228x0.05xINR125800x0.1-INR104=INR39,3202.396019900516
AC002376,132800.0,3,3,0.9424911297852473,PH005755,47.392000000000024,DO NOT TRACE,Viable contact exists P(RPC)=94.25%>=40.00%. EV(trace)=0.228x0.05xINR132800x0.1-INR104=INR47,7637.177964519159
AC002377,103500.0,2,2,0.9745437518290897,PH005757,13.990000000000009,DO NOT TRACE,Viable contact exists P(RPC)=97.45%>=40.00%. EV(trace)=0.228x0.05xINR103500x0.1-INR104=INR14,2634.721685689216
AC002378,21850.0,3,1,0.9745437518290897,PH005759,-79.091,DO NOT TRACE,Viable contact exists P(RPC)=97.45%>=40.00%. EV(trace)=0.228x0.05xINR21850x0.1-INR104=INR-79,556.2190225343901
AC002379,216000.0,1,1,0.2888963585434174,PH005762,142.24,DO NOT TRACE,EV(trace)=INR142 negative yield or active callable contact points available. EV(trace)=0.228x0.05xINR216000x0.1-INR104=INR142,153598.38655462183
AC002380,403000.0,3,3,0.9891764705882353,PH005763,355.42,DO NOT TRACE,Viable contact exists P(RPC)=98.92%>=40.00%. EV(trace)=0.228x0.05xINR403000x0.1-INR104=INR355,4361.882352941165
AC002381,546000.0,3,3,0.9891764705882353,PH005767,518.44,DO NOT TRACE,Viable contact exists P(RPC)=98.92%>=40.00%. EV(trace)=0.228x0.05xINR546000x0.1-INR104=INR518,5909.647058823513
AC002382,95400.0,1,1,0.9891764705882353,PH005769,4.756,DO NOT TRACE,Viable contact exists P(RPC)=98.92%>=40.00%. EV(trace)=0.228x0.05xINR95400x0.1-INR104=INR5,1032.5647058823502
AC002383,24700.0,3,1,0.9745437518290897,PH005770,-75.842,DO NOT TRACE,Viable contact exists P(RPC)=97.45%>=40.00%. EV(trace)=0.228x0.05xINR24700x0.1-INR104=INR-76,628.7693298214845
AC002384,169950.0,4,4,0.2888963585434174,PH005774,89.74300000000002,DO NOT TRACE,EV(trace)=INR90 negative yield or active callable contact points available. EV(trace)=0.228x0.05xINR169950x0.1-INR104=INR90,120852.06386554621
AC002385,126000.0,4,4,0.9745437518290897,PH005776,39.640000000000015,DO NOT TRACE,Viable contact exists P(RPC)=97.45%>=40.00%. EV(trace)=0.228x0.05xINR126000x0.1-INR104=INR40,3207.487269534698
AC002386,758250.0,2,2,0.5488591165570315,PH005779,760.4050000000002,DO NOT TRACE,Viable contact exists P(RPC)=54.89%>=40.00%. EV(trace)=0.228x0.05xINR758250x0.1-INR104=INR760,342077.5748706309
AC002387,42000.0,2,1,0.9424911297852473,PH005782,-56.12,DO NOT TRACE,Viable contact exists P(RPC)=94.25%>=40.00%. EV(trace)=0.228x0.05xINR42000x0.1-INR104=INR-56,2415.3725490196134
AC002388,73150.0,1,1,0.9891764705882353,PH005783,-20.60899999999998,DO NOT TRACE,Viable contact exists P(RPC)=98.92%>=40.00%. EV(trace)=0.228x0.05xINR73150x0.1-INR104=INR-21,791.7411764705861
AC002389,25800.0,1,1,0.9891764705882353,PH005784,-74.588,DO NOT TRACE,Viable contact exists P(RPC)=98.92%>=40.00%. EV(trace)=0.228x0.05xINR25800x0.1-INR104=INR-75,279.2470588235287
AC002390,88150.0,2,2,0.9891764705882353,PH005785,-3.508999999999986,DO NOT TRACE,Viable contact exists P(RPC)=98.92%>=40.00%. EV(trace)=0.228x0.05xINR88150x0.1-INR104=INR-4,954.0941176470562
AC002391,34000.0,3,1,0.9745437518290897,PH005787,-65.24,DO NOT TRACE,Viable contact exists P(RPC)=97.45%>=40.00%. EV(trace)=0.228x0.05xINR34000x0.1-INR104=INR-65,865.5124378109502
AC002392,243100.0,3,3,0.07136253650396328,PH005791,173.13400000000001,TRACE,All contacts have poor connection likelihood P(RPC)<15.00%. EV(trace)=0.228x0.05xINR243100x0.1-INR104=INR173. Trace justified.,225751.76737588653
AC002393,380700.0,3,3,0.9424911297852473,PH005793,329.99800000000005,DO NOT TRACE,Viable contact exists P(RPC)=94.25%>=40.00%. EV(trace)=0.228x0.05xINR380700x0.1-INR104=INR330,21893.626890756354
AC002394,62000.0,4,4,0.8911372549019607,PH005796,-33.31999999999999,DO NOT TRACE,Viable contact exists P(RPC)=89.11%>=40.00%. EV(trace)=0.228x0.05xINR62000x0.1-INR104=INR-33,6749.4901960784355
AC002395,188600.0,3,3,0.9891764705882353,PH005799,111.00400000000002,DO NOT TRACE,Viable contact exists P(RPC)=98.92%>=40.00%. EV(trace)=0.228x0.05xINR188600x0.1-INR104=INR111,2041.317647058818
AC002396,242550.0,2,2,0.9891764705882353,PH005801,172.507,DO NOT TRACE,Viable contact exists P(RPC)=98.92%>=40.00%. EV(trace)=0.228x0.05xINR242550x0.1-INR104=INR173,2625.2470588235224
AC002397,87450.0,2,2,0.9424911297852473,PH005803,-4.306999999999988,DO NOT TRACE,Viable contact exists P(RPC)=94.25%>=40.00%. EV(trace)=0.228x0.05xINR87450x0.1-INR104=INR-4,5029.1507002801245
AC002398,131400.0,3,3,0.9745437518290897,PH005804,45.79600000000002,DO NOT TRACE,Viable contact exists P(RPC)=97.45%>=40.00%. EV(trace)=0.228x0.05xINR131400x0.1-INR104=INR46,3344.9510096576137
AC002399,832650.0,2,2,0.9891764705882353,PH005807,845.2210000000001,DO NOT TRACE,Viable contact exists P(RPC)=98.92%>=40.00%. EV(trace)=0.228x0.05xINR832650x0.1-INR104=INR845,9012.211764705859
AC002400,417300.0,2,2,0.43770588235294117,PH005809,371.72200000000004,DO NOT TRACE,Viable contact exists P(RPC)=43.77%>=40.00%. EV(trace)=0.228x0.05xINR417300x0.1-INR104=INR372,234645.33529411766
