account_id,contact_point_id,phone_source,priority_slot,rpc_probability,contact_health,priority_rank,recommended_action,expected_value_call_inr,reason,total_attempts,wrong_number_count,switched_off_count,avg_talk_s,outstanding,split
AC000001,PH000612,1,1,0.2888963585434174,Fair,1,Call,1059.5830812324932,EV(call)=INR1060 [P(RPC)=28.89% x 5% x INR737000 x 10% - INR5],7.0,1.0,0.0,13.571428571428571,737000.0,train
AC000001,PH000611,3,0,0.008784313725490198,Poor,2,Call,27.370196078431377,EV(call)=INR27 [P(RPC)=0.88% x 5% x INR737000 x 10% - INR5],8.0,0.0,3.0,0.0,737000.0,train
AC000002,PH000581,2,1,0.029643721318314557,Poor,1,Call,37.12372799332499,EV(call)=INR37 [P(RPC)=2.96% x 5% x INR284200 x 10% - INR5],8.0,0.0,0.0,61.375,284200.0,train
AC000002,PH000613,3,0,0.008784313725490198,Poor,2,Call,7.482509803921573,EV(call)=INR7 [P(RPC)=0.88% x 5% x INR284200 x 10% - INR5],1.0,0.0,0.0,0.0,284200.0,train
AC000002,PH000614,4,2,0.008784313725490198,Poor,3,Call,7.482509803921573,EV(call)=INR7 [P(RPC)=0.88% x 5% x INR284200 x 10% - INR5],-1.0,-1.0,-1.0,-1.0,284200.0,train
AC000003,PH000615,3,0,0.9424911297852473,Excellent,1,Call,3608.039746031746,EV(call)=INR3608 [P(RPC)=94.25% x 5% x INR766700 x 10% - INR5],5.0,0.0,0.0,10.2,766700.0,train
AC000003,PH000616,1,1,0.029209150326797384,Poor,2,Call,106.97327777777778,EV(call)=INR107 [P(RPC)=2.92% x 5% x INR766700 x 10% - INR5],-1.0,-1.0,-1.0,-1.0,766700.0,train
AC000003,PH000617,4,2,0.008784313725490198,Poor,3,Call,28.674666666666674,EV(call)=INR29 [P(RPC)=0.88% x 5% x INR766700 x 10% - INR5],-1.0,-1.0,-1.0,-1.0,766700.0,train
AC000004,PH000618,3,0,0.9424911297852473,Excellent,1,Call,749.9353949579831,EV(call)=INR750 [P(RPC)=94.25% x 5% x INR160200 x 10% - INR5],5.0,0.0,0.0,9.8,160200.0,train
AC000004,PH000619,1,1,0.029643721318314557,Poor,2,Call,18.744620775969963,EV(call)=INR19 [P(RPC)=2.96% x 5% x INR160200 x 10% - INR5],-1.0,-1.0,-1.0,-1.0,160200.0,train
AC000005,PH000620,3,0,0.9891764705882353,Excellent,1,Call,307.5797647058824,EV(call)=INR308 [P(RPC)=98.92% x 5% x INR63200 x 10% - INR5],57.0,0.0,0.0,52.91228070175438,63200.0,train
AC000005,PH000621,1,1,0.008784313725490198,Poor,2,Suppress,-2.2241568627450974,"EV(call)=INR-2, EV(visit)=INR-132 — negative economic yield",-1.0,-1.0,-1.0,-1.0,63200.0,train
AC000006,PH000622,3,0,0.9745437518290897,Excellent,1,Call,429.89014925373135,EV(call)=INR430 [P(RPC)=97.45% x 5% x INR89250 x 10% - INR5],8.0,0.0,0.0,46.5,89250.0,train
AC000006,PH000623,0,1,0.029643721318314557,Poor,2,Call,8.228510638297871,EV(call)=INR8 [P(RPC)=2.96% x 5% x INR89250 x 10% - INR5],-1.0,-1.0,-1.0,-1.0,89250.0,train
AC000006,PH000624,1,2,0.008784313725490198,Poor,3,Suppress,-1.0799999999999987,"EV(call)=INR-1, EV(visit)=INR-104 — negative economic yield",-1.0,-1.0,-1.0,-1.0,89250.0,train
AC000007,PH000625,3,0,0.8257777777777777,Excellent,1,Call,808.3911111111112,EV(call)=INR808 [P(RPC)=82.58% x 5% x INR197000 x 10% - INR5],2.0,0.0,0.0,64.0,197000.0,train
AC000007,PH000626,4,1,0.10069607843137254,Poor,2,Call,94.18563725490198,EV(call)=INR94 [P(RPC)=10.07% x 5% x INR197000 x 10% - INR5],2.0,0.0,0.0,50.5,197000.0,train
AC000008,PH000627,3,0,0.9745437518290897,Excellent,1,Call,1648.3134749780509,EV(call)=INR1648 [P(RPC)=97.45% x 5% x INR339300 x 10% - INR5],8.0,0.0,0.0,50.625,339300.0,train
AC000008,PH000628,0,1,0.029209150326797384,Poor,2,Call,44.55332352941177,EV(call)=INR45 [P(RPC)=2.92% x 5% x INR339300 x 10% - INR5],-1.0,-1.0,-1.0,-1.0,339300.0,train
AC000008,PH000629,4,2,0.008784313725490198,Poor,3,Call,9.902588235294122,EV(call)=INR10 [P(RPC)=0.88% x 5% x INR339300 x 10% - INR5],-1.0,-1.0,-1.0,-1.0,339300.0,train
AC000009,PH000631,1,1,0.9891764705882353,Excellent,1,Call,181.45976470588238,EV(call)=INR181 [P(RPC)=98.92% x 5% x INR37700 x 10% - INR5],18.0,0.0,0.0,58.888888888888886,37700.0,train
AC000009,PH000630,3,0,0.008784313725490198,Poor,2,Suppress,-3.3441568627450975,"EV(call)=INR-3, EV(visit)=INR-159 — negative economic yield",8.0,0.0,7.0,0.0,37700.0,train
AC000010,PH000632,3,0,0.9745437518290897,Excellent,1,Call,351.6830131694469,EV(call)=INR352 [P(RPC)=97.45% x 5% x INR73200 x 10% - INR5],14.0,0.0,0.0,82.78571428571429,73200.0,train
AC000010,PH000633,1,1,0.008784313725490198,Poor,2,Suppress,-1.7849411764705874,Compliance: Verified invalid/wrong phone number,-1.0,-1.0,-1.0,-1.0,73200.0,train
AC000010,PH000420,2,2,0.008784313725490198,Poor,3,Suppress,-1.7849411764705874,"EV(call)=INR-2, EV(visit)=INR-121 — negative economic yield",-1.0,-1.0,-1.0,-1.0,73200.0,train
AC000011,PH000635,0,1,0.9891764705882353,Excellent,1,Call,74.62870588235296,EV(call)=INR75 [P(RPC)=98.92% x 5% x INR16100 x 10% - INR5],20.0,0.0,0.0,56.25,16100.0,validation
AC000011,PH000634,3,0,0.008784313725490198,Poor,2,Suppress,-4.292862745098039,"EV(call)=INR-4, EV(visit)=INR-183 — negative economic yield",8.0,0.0,0.0,0.0,16100.0,validation
AC000011,PH000636,4,2,0.008784313725490198,Poor,3,Suppress,-4.292862745098039,"EV(call)=INR-4, EV(visit)=INR-183 — negative economic yield",-1.0,-1.0,-1.0,-1.0,16100.0,validation
AC000012,PH000638,4,1,0.2888963585434174,Fair,1,Call,228.93382633053227,EV(call)=INR229 [P(RPC)=28.89% x 5% x INR161950 x 10% - INR5],13.0,1.0,0.0,63.53846153846154,161950.0,train
AC000012,PH000637,3,0,0.008784313725490198,Poor,2,Call,2.1130980392156875,EV(call)=INR2 [P(RPC)=0.88% x 5% x INR161950 x 10% - INR5],16.0,0.0,1.0,0.0,161950.0,train
AC000013,PH000639,3,0,0.9891764705882353,Excellent,1,Call,2692.484235294118,EV(call)=INR2692 [P(RPC)=98.92% x 5% x INR545400 x 10% - INR5],38.0,0.0,0.0,30.94736842105263,545400.0,validation
AC000014,PH000640,3,0,0.9891764705882353,Excellent,1,Call,916.4178823529414,EV(call)=INR916 [P(RPC)=98.92% x 5% x INR186300 x 10% - INR5],36.0,0.0,1.0,42.388888888888886,186300.0,train
AC000014,PH000641,1,1,0.008784313725490198,Poor,2,Call,3.1825882352941193,EV(call)=INR3 [P(RPC)=0.88% x 5% x INR186300 x 10% - INR5],-1.0,-1.0,-1.0,-1.0,186300.0,train
AC000015,PH000643,0,1,0.9745437518290897,Excellent,1,Call,1564.0154404448347,EV(call)=INR1564 [P(RPC)=97.45% x 5% x INR322000 x 10% - INR5],13.0,0.0,0.0,64.61538461538461,322000.0,train
AC000015,PH000642,3,0,0.008784313725490198,Poor,2,Call,9.14274509803922,EV(call)=INR9 [P(RPC)=0.88% x 5% x INR322000 x 10% - INR5],8.0,0.0,6.0,0.0,322000.0,train
AC000015,PH000644,4,2,0.008784313725490198,Poor,3,Call,9.14274509803922,EV(call)=INR9 [P(RPC)=0.88% x 5% x INR322000 x 10% - INR5],-1.0,-1.0,-1.0,-1.0,322000.0,train
AC000016,PH000646,1,1,0.029643721318314557,Poor,1,Call,11.704236962870255,EV(call)=INR12 [P(RPC)=2.96% x 5% x INR112700 x 10% - INR5],-1.0,-1.0,-1.0,-1.0,112700.0,train
AC000016,PH000645,3,0,0.008784313725490198,Poor,2,Suppress,-0.05003921568627323,"EV(call)=INR-0, EV(visit)=INR-78 — negative economic yield",-1.0,-1.0,-1.0,-1.0,112700.0,train
AC000016,PH000647,4,2,0.008784313725490198,Poor,3,Suppress,-0.05003921568627323,"EV(call)=INR-0, EV(visit)=INR-78 — negative economic yield",-1.0,-1.0,-1.0,-1.0,112700.0,train
AC000017,PH000648,3,0,0.9424911297852473,Excellent,1,Call,1601.0048851540614,EV(call)=INR1601 [P(RPC)=94.25% x 5% x INR340800 x 10% - INR5],2.0,0.0,0.0,22.0,340800.0,validation
AC000017,PH000649,1,1,0.008784313725490198,Poor,2,Call,9.968470588235299,EV(call)=INR10 [P(RPC)=0.88% x 5% x INR340800 x 10% - INR5],-1.0,-1.0,-1.0,-1.0,340800.0,validation
AC000017,PH000286,2,2,0.008784313725490198,Poor,3,Call,9.968470588235299,EV(call)=INR10 [P(RPC)=0.88% x 5% x INR340800 x 10% - INR5],-1.0,-1.0,-1.0,-1.0,340800.0,validation
AC000017,PH000650,4,3,0.008784313725490198,Poor,4,Call,9.968470588235299,EV(call)=INR10 [P(RPC)=0.88% x 5% x INR340800 x 10% - INR5],-1.0,-1.0,-1.0,-1.0,340800.0,validation
AC000018,PH000651,3,0,0.9891764705882353,Excellent,1,Call,7171.969882352943,EV(call)=INR7172 [P(RPC)=98.92% x 5% x INR1451100 x 10% - INR5],22.0,0.0,0.0,36.86363636363637,1451100.0,test
AC000018,PH000652,0,1,0.008784313725490198,Poor,2,Call,58.73458823529413,EV(call)=INR59 [P(RPC)=0.88% x 5% x INR1451100 x 10% - INR5],-1.0,-1.0,-1.0,-1.0,1451100.0,test
AC000018,PH000653,1,2,0.008784313725490198,Poor,3,Call,58.73458823529413,EV(call)=INR59 [P(RPC)=0.88% x 5% x INR1451100 x 10% - INR5],-1.0,-1.0,-1.0,-1.0,1451100.0,test
AC000019,PH000654,3,0,0.9745437518290897,Excellent,1,Call,391.63930699443955,EV(call)=INR392 [P(RPC)=97.45% x 5% x INR81400 x 10% - INR5],9.0,0.0,0.0,100.22222222222223,81400.0,test
AC000019,PH000655,0,1,0.029209150326797384,Poor,2,Call,6.888124183006537,EV(call)=INR7 [P(RPC)=2.92% x 5% x INR81400 x 10% - INR5],-1.0,-1.0,-1.0,-1.0,81400.0,test
AC000020,PH000657,1,1,0.9424911297852473,Excellent,1,Call,1288.8046984126984,EV(call)=INR1289 [P(RPC)=94.25% x 5% x INR274550 x 10% - INR5],10.0,1.0,0.0,61.1,274550.0,test
AC000020,PH000656,3,0,0.029643721318314557,Poor,2,Call,35.69341843971631,EV(call)=INR36 [P(RPC)=2.96% x 5% x INR274550 x 10% - INR5],8.0,2.0,0.0,5.25,274550.0,test
AC000021,PH000658,3,0,0.9891764705882353,Excellent,1,Call,87.98258823529414,EV(call)=INR88 [P(RPC)=98.92% x 5% x INR18800 x 10% - INR5],20.0,0.0,0.0,76.85,18800.0,train
AC000022,PH000659,3,0,0.9745437518290897,Excellent,1,Call,178.70149721978342,EV(call)=INR179 [P(RPC)=97.45% x 5% x INR37700 x 10% - INR5],9.0,0.0,0.0,26.666666666666668,37700.0,test
AC000022,PH000258,2,1,0.029643721318314557,Poor,2,Call,0.5878414685022939,EV(call)=INR1 [P(RPC)=2.96% x 5% x INR37700 x 10% - INR5],8.0,0.0,0.0,73.625,37700.0,test
AC000023,PH000660,3,0,0.9745437518290897,Excellent,1,Call,1246.3141773485513,EV(call)=INR1246 [P(RPC)=97.45% x 5% x INR256800 x 10% - INR5],11.0,0.0,0.0,60.45454545454545,256800.0,validation
AC000023,PH000661,1,1,0.9745437518290897,Excellent,2,Call,1246.3141773485513,EV(call)=INR1246 [P(RPC)=97.45% x 5% x INR256800 x 10% - INR5],13.0,0.0,2.0,44.38461538461539,256800.0,validation
AC000023,PH000662,4,2,0.008784313725490198,Poor,3,Call,6.2790588235294145,EV(call)=INR6 [P(RPC)=0.88% x 5% x INR256800 x 10% - INR5],-1.0,-1.0,-1.0,-1.0,256800.0,validation
AC000024,PH000664,0,1,0.9891764705882353,Excellent,1,Call,1344.2367058823531,EV(call)=INR1344 [P(RPC)=98.92% x 5% x INR272800 x 10% - INR5],13.0,0.0,0.0,42.61538461538461,272800.0,train
AC000024,PH000663,3,0,0.8911372549019607,Excellent,2,Call,1210.5112156862747,EV(call)=INR1211 [P(RPC)=89.11% x 5% x INR272800 x 10% - INR5],17.0,0.0,1.0,17.41176470588235,272800.0,train
AC000024,PH000665,4,2,0.07136253650396328,Poor,3,Call,92.33849979140592,EV(call)=INR92 [P(RPC)=7.14% x 5% x INR272800 x 10% - INR5],8.0,1.0,0.0,52.875,272800.0,train
AC000025,PH005861,5,2,0.9745437518290897,Excellent,1,Call,775.609545215101,EV(call)=INR776 [P(RPC)=97.45% x 5% x INR160200 x 10% - INR5],4.0,0.0,0.0,91.25,160200.0,train
AC000025,PH000465,2,1,0.2888963585434174,Fair,2,Call,226.40598319327734,EV(call)=INR226 [P(RPC)=28.89% x 5% x INR160200 x 10% - INR5],7.0,0.0,0.0,39.285714285714285,160200.0,train
AC000025,PH000666,3,0,0.008784313725490198,Poor,3,Call,2.036235294117649,EV(call)=INR2 [P(RPC)=0.88% x 5% x INR160200 x 10% - INR5],8.0,0.0,0.0,0.0,160200.0,train
AC000026,PH000668,0,1,0.8491204481792716,Excellent,1,Call,204.30819047619048,EV(call)=INR204 [P(RPC)=84.91% x 5% x INR49300 x 10% - INR5],4.0,0.0,0.0,34.25,49300.0,test
AC000026,PH000667,3,0,0.008784313725490198,Poor,2,Suppress,-2.8346666666666662,"EV(call)=INR-3, EV(visit)=INR-147 — negative economic yield",8.0,0.0,0.0,0.0,49300.0,test
AC000026,PH000669,1,2,0.008784313725490198,Poor,3,Suppress,-2.8346666666666662,"EV(call)=INR-3, EV(visit)=INR-147 — negative economic yield",-1.0,-1.0,-1.0,-1.0,49300.0,test
AC000026,PH000670,4,3,0.008784313725490198,Poor,4,Suppress,-2.8346666666666662,"EV(call)=INR-3, EV(visit)=INR-147 — negative economic yield",-1.0,-1.0,-1.0,-1.0,49300.0,test
AC000027,PH000671,3,0,0.9745437518290897,Excellent,1,Suppress,501.7627509511267,Compliance: Verified invalid/wrong phone number,18.0,0.0,0.0,64.11111111111111,104000.0,train
AC000027,PH000672,0,1,0.029643721318314557,Poor,2,Call,10.414735085523569,EV(call)=INR10 [P(RPC)=2.96% x 5% x INR104000 x 10% - INR5],4.0,0.0,0.0,0.0,104000.0,train
AC000027,PH000673,4,2,0.029643721318314557,Poor,3,Call,10.414735085523569,EV(call)=INR10 [P(RPC)=2.96% x 5% x INR104000 x 10% - INR5],-1.0,-1.0,-1.0,-1.0,104000.0,train
AC000028,PH000674,3,0,0.9745437518290897,Excellent,1,Call,6380.210661984196,EV(call)=INR6380 [P(RPC)=97.45% x 5% x INR1310400 x 10% - INR5],9.0,0.0,0.0,19.88888888888889,1310400.0,train
AC000028,PH000675,1,1,0.8257777777777777,Excellent,2,Call,5405.496,EV(call)=INR5405 [P(RPC)=82.58% x 5% x INR1310400 x 10% - INR5],9.0,0.0,0.0,16.333333333333332,1310400.0,train
AC000029,PH000676,3,0,0.9891764705882353,Excellent,1,Call,596.4192941176472,EV(call)=INR596 [P(RPC)=98.92% x 5% x INR121600 x 10% - INR5],23.0,0.0,0.0,44.17391304347826,121600.0,train
AC000029,PH000677,1,1,0.9745437518290897,Excellent,2,Call,587.5226011120866,EV(call)=INR588 [P(RPC)=97.45% x 5% x INR121600 x 10% - INR5],5.0,0.0,0.0,72.2,121600.0,train
AC000029,PH000678,4,2,0.008784313725490198,Poor,3,Call,0.3408627450980406,EV(call)=INR0 [P(RPC)=0.88% x 5% x INR121600 x 10% - INR5],-1.0,-1.0,-1.0,-1.0,121600.0,train
AC000030,PH000679,3,0,0.9745437518290897,Excellent,1,Call,226.94141293532334,EV(call)=INR227 [P(RPC)=97.45% x 5% x INR47600 x 10% - INR5],11.0,0.0,0.0,63.72727272727273,47600.0,validation
AC000030,PH000680,0,1,0.029643721318314557,Poor,2,Call,2.0552056737588646,EV(call)=INR2 [P(RPC)=2.96% x 5% x INR47600 x 10% - INR5],-1.0,-1.0,-1.0,-1.0,47600.0,validation
AC000030,PH000681,1,2,0.029643721318314557,Poor,3,Call,2.0552056737588646,EV(call)=INR2 [P(RPC)=2.96% x 5% x INR47600 x 10% - INR5],-1.0,-1.0,-1.0,-1.0,47600.0,validation
AC000031,PH000682,3,0,0.9745437518290897,Excellent,1,Call,689.3624231782264,EV(call)=INR689 [P(RPC)=97.45% x 5% x INR142500 x 10% - INR5],12.0,0.0,0.0,44.916666666666664,142500.0,validation
AC000031,PH000683,0,1,0.029643721318314557,Poor,2,Call,16.121151439299126,EV(call)=INR16 [P(RPC)=2.96% x 5% x INR142500 x 10% - INR5],-1.0,-1.0,-1.0,-1.0,142500.0,validation
AC000031,PH000684,1,2,0.029209150326797384,Poor,3,Call,15.811519607843138,EV(call)=INR16 [P(RPC)=2.92% x 5% x INR142500 x 10% - INR5],-1.0,-1.0,-1.0,-1.0,142500.0,validation
AC000032,PH000686,0,1,0.8911372549019607,Excellent,1,Call,434.33066666666673,EV(call)=INR434 [P(RPC)=89.11% x 5% x INR98600 x 10% - INR5],3.0,0.0,0.0,49.666666666666664,98600.0,train
AC000032,PH000685,3,0,0.008784313725490198,Poor,2,Suppress,-0.6693333333333324,Compliance: Verified invalid/wrong phone number,8.0,0.0,4.0,0.0,98600.0,train
AC000032,PH000687,4,2,0.008784313725490198,Poor,3,Suppress,-0.6693333333333324,"EV(call)=INR-1, EV(visit)=INR-94 — negative economic yield",-1.0,-1.0,-1.0,-1.0,98600.0,train
AC000033,PH000688,3,0,0.008784313725490198,Poor,1,Call,0.2530196078431386,EV(call)=INR0 [P(RPC)=0.88% x 5% x INR119600 x 10% - INR5],45.0,0.0,39.0,0.0,119600.0,train
AC000034,PH000689,3,0,0.8257777777777777,Excellent,1,Call,573.0444444444445,EV(call)=INR573 [P(RPC)=82.58% x 5% x INR140000 x 10% - INR5],7.0,0.0,0.0,19.714285714285715,140000.0,train
AC000034,PH000690,4,1,0.008784313725490198,Poor,2,Call,1.1490196078431385,EV(call)=INR1 [P(RPC)=0.88% x 5% x INR140000 x 10% - INR5],-1.0,-1.0,-1.0,-1.0,140000.0,train
AC000035,PH000691,3,0,0.9745437518290897,Excellent,1,Call,86.1198407960199,EV(call)=INR86 [P(RPC)=97.45% x 5% x INR18700 x 10% - INR5],6.0,0.0,0.0,33.0,18700.0,train
AC000035,PH000602,2,1,0.10069607843137254,Poor,2,Suppress,4.4150833333333335,Compliance: Verified third-party — contact strictly prohibited,6.0,0.0,0.0,7.5,18700.0,train
AC000035,PH000692,4,2,0.008784313725490198,Poor,3,Suppress,-4.1786666666666665,"EV(call)=INR-4, EV(visit)=INR-180 — negative economic yield",-1.0,-1.0,-1.0,-1.0,18700.0,train
AC000036,PH000693,3,0,0.9745437518290897,Excellent,1,Call,489.09368217734857,EV(call)=INR489 [P(RPC)=97.45% x 5% x INR101400 x 10% - INR5],17.0,0.0,0.0,43.470588235294116,101400.0,validation
AC000036,PH000694,0,1,0.2888963585434174,Fair,2,Call,141.47045378151265,EV(call)=INR141 [P(RPC)=28.89% x 5% x INR101400 x 10% - INR5],8.0,0.0,0.0,10.375,101400.0,validation
AC000036,PH000695,1,2,0.2888963585434174,Fair,3,Call,141.47045378151265,EV(call)=INR141 [P(RPC)=28.89% x 5% x INR101400 x 10% - INR5],5.0,0.0,0.0,17.0,101400.0,validation
AC000037,PH000697,1,1,0.9745437518290897,Excellent,1,Call,762.4532045654082,EV(call)=INR762 [P(RPC)=97.45% x 5% x INR157500 x 10% - INR5],14.0,0.0,0.0,46.357142857142854,157500.0,train
AC000037,PH000696,3,0,0.008784313725490198,Poor,2,Call,1.9176470588235306,EV(call)=INR2 [P(RPC)=0.88% x 5% x INR157500 x 10% - INR5],3.0,2.0,0.0,14.333333333333334,157500.0,train
AC000038,PH000698,3,0,0.9891764705882353,Excellent,1,Call,525.1985882352942,EV(call)=INR525 [P(RPC)=98.92% x 5% x INR107200 x 10% - INR5],17.0,0.0,0.0,25.294117647058822,107200.0,train
AC000038,PH000699,4,1,0.9891764705882353,Excellent,2,Call,525.1985882352942,EV(call)=INR525 [P(RPC)=98.92% x 5% x INR107200 x 10% - INR5],24.0,0.0,0.0,33.75,107200.0,train
AC000039,PH000700,3,0,0.9891764705882353,Excellent,1,Call,1241.3623529411768,EV(call)=INR1241 [P(RPC)=98.92% x 5% x INR252000 x 10% - INR5],32.0,0.0,1.0,77.875,252000.0,validation
AC000039,PH000291,2,1,0.008784313725490198,Poor,2,Call,6.068235294117649,EV(call)=INR6 [P(RPC)=0.88% x 5% x INR252000 x 10% - INR5],-1.0,-1.0,-1.0,-1.0,252000.0,validation
AC000040,PH000702,0,1,0.9424911297852473,Excellent,1,Call,906.8601680672268,EV(call)=INR907 [P(RPC)=94.25% x 5% x INR193500 x 10% - INR5],11.0,0.0,0.0,9.636363636363637,193500.0,train
AC000040,PH000701,3,0,0.07136253650396328,Poor,2,Call,64.04325406758447,EV(call)=INR64 [P(RPC)=7.14% x 5% x INR193500 x 10% - INR5],8.0,1.0,0.0,2.5,193500.0,train
AC000041,PH000703,3,0,0.9745437518290897,Excellent,1,Call,1980.876530289728,EV(call)=INR1981 [P(RPC)=97.45% x 5% x INR407550 x 10% - INR5],7.0,0.0,0.0,104.85714285714286,407550.0,validation
AC000041,PH000704,1,1,0.008784313725490198,Poor,2,Call,12.90023529411765,EV(call)=INR13 [P(RPC)=0.88% x 5% x INR407550 x 10% - INR5],-1.0,-1.0,-1.0,-1.0,407550.0,validation
AC000041,PH000705,4,2,0.008784313725490198,Poor,3,Suppress,12.90023529411765,Compliance: Verified third-party — contact strictly prohibited,-1.0,-1.0,-1.0,-1.0,407550.0,validation
AC000042,PH000706,3,0,0.9745437518290897,Excellent,1,Call,206.96326602282704,EV(call)=INR207 [P(RPC)=97.45% x 5% x INR43500 x 10% - INR5],13.0,0.0,0.0,32.69230769230769,43500.0,test
AC000042,PH000263,2,1,0.9424911297852473,Excellent,2,Suppress,199.99182072829132,Compliance: Verified third-party — contact strictly prohibited,27.0,1.0,0.0,41.03703703703704,43500.0,test
AC000042,PH000707,4,2,0.2888963585434174,Fair,3,Call,57.834957983193284,EV(call)=INR58 [P(RPC)=28.89% x 5% x INR43500 x 10% - INR5],8.0,0.0,0.0,54.875,43500.0,test
AC000043,PH000708,3,0,0.9424911297852473,Excellent,1,Call,1292.8102857142858,EV(call)=INR1293 [P(RPC)=94.25% x 5% x INR275400 x 10% - INR5],21.0,0.0,0.0,8.523809523809524,275400.0,train
AC000043,PH000711,4,3,0.029643721318314557,Poor,2,Call,35.81940425531915,EV(call)=INR36 [P(RPC)=2.96% x 5% x INR275400 x 10% - INR5],-1.0,-1.0,-1.0,-1.0,275400.0,train
AC000043,PH000710,1,2,0.029209150326797384,Poor,3,Call,35.221000000000004,EV(call)=INR35 [P(RPC)=2.92% x 5% x INR275400 x 10% - INR5],-1.0,-1.0,-1.0,-1.0,275400.0,train
AC000043,PH000709,0,1,0.008784313725490198,Poor,4,Call,7.096000000000004,EV(call)=INR7 [P(RPC)=0.88% x 5% x INR275400 x 10% - INR5],1.0,0.0,1.0,0.0,275400.0,train
AC000044,PH000713,1,1,0.029643721318314557,Poor,1,Call,23.131891531080516,EV(call)=INR23 [P(RPC)=2.96% x 5% x INR189800 x 10% - INR5],-1.0,-1.0,-1.0,-1.0,189800.0,train
AC000044,PH000712,3,0,0.008784313725490198,Poor,2,Call,3.3363137254901982,EV(call)=INR3 [P(RPC)=0.88% x 5% x INR189800 x 10% - INR5],3.0,0.0,0.0,0.0,189800.0,train
AC000045,PH000714,3,0,0.10069607843137254,Poor,1,Call,8.140838235294119,EV(call)=INR8 [P(RPC)=10.07% x 5% x INR26100 x 10% - INR5],8.0,0.0,1.0,33.875,26100.0,validation
AC000045,PH000715,0,1,0.008784313725490198,Poor,2,Suppress,-3.8536470588235288,"EV(call)=INR-4, EV(visit)=INR-172 — negative economic yield",-1.0,-1.0,-1.0,-1.0,26100.0,validation
AC000045,PH000716,1,2,0.008784313725490198,Poor,3,Suppress,-3.8536470588235288,"EV(call)=INR-4, EV(visit)=INR-172 — negative economic yield",-1.0,-1.0,-1.0,-1.0,26100.0,validation
AC000045,PH000717,4,3,0.008784313725490198,Poor,4,Suppress,-3.8536470588235288,"EV(call)=INR-4, EV(visit)=INR-172 — negative economic yield",-1.0,-1.0,-1.0,-1.0,26100.0,validation
AC000046,PH000718,3,0,0.8911372549019607,Excellent,1,Call,198.1792941176471,EV(call)=INR198 [P(RPC)=89.11% x 5% x INR45600 x 10% - INR5],10.0,0.0,0.0,13.0,45600.0,train
AC000046,PH000719,4,1,0.8257777777777777,Excellent,2,Call,183.27733333333333,EV(call)=INR183 [P(RPC)=82.58% x 5% x INR45600 x 10% - INR5],7.0,0.0,0.0,46.42857142857143,45600.0,train
AC000047,PH000720,3,0,0.9891764705882353,Excellent,1,Call,546.9604705882354,EV(call)=INR547 [P(RPC)=98.92% x 5% x INR111600 x 10% - INR5],13.0,0.0,1.0,35.23076923076923,111600.0,train
AC000048,PH000721,3,0,0.029643721318314557,Poor,1,Call,3.4484605757196487,EV(call)=INR3 [P(RPC)=2.96% x 5% x INR57000 x 10% - INR5],8.0,2.0,0.0,5.75,57000.0,train
AC000049,PH000722,3,0,0.9745437518290897,Excellent,1,Call,416.0029007901668,EV(call)=INR416 [P(RPC)=97.45% x 5% x INR86400 x 10% - INR5],1.0,0.0,0.0,42.0,86400.0,test
AC000049,PH000723,0,1,0.10069607843137254,Poor,2,Call,38.500705882352946,EV(call)=INR39 [P(RPC)=10.07% x 5% x INR86400 x 10% - INR5],-1.0,-1.0,-1.0,-1.0,86400.0,test
AC000050,PH000724,3,0,0.7440784313725489,Excellent,1,Call,339.8803529411764,EV(call)=INR340 [P(RPC)=74.41% x 5% x INR92700 x 10% - INR5],17.0,0.0,0.0,24.647058823529413,92700.0,test
AC000050,PH000725,4,1,0.029643721318314557,Poor,2,Call,8.7398648310388,EV(call)=INR9 [P(RPC)=2.96% x 5% x INR92700 x 10% - INR5],8.0,1.0,0.0,23.0,92700.0,test
AC000051,PH000726,3,0,0.9424911297852473,Excellent,1,Call,515.2551036414565,EV(call)=INR515 [P(RPC)=94.25% x 5% x INR110400 x 10% - INR5],2.0,0.0,0.0,27.0,110400.0,test
AC000051,PH000727,0,1,0.10069607843137254,Poor,2,Call,50.584235294117654,EV(call)=INR51 [P(RPC)=10.07% x 5% x INR110400 x 10% - INR5],-1.0,-1.0,-1.0,-1.0,110400.0,test
AC000052,PH000728,3,0,0.9424911297852473,Excellent,1,Call,321.8087992530345,EV(call)=INR322 [P(RPC)=94.25% x 5% x INR69350 x 10% - INR5],5.0,0.0,0.0,15.8,69350.0,train
AC000052,PH000729,1,1,0.008784313725490198,Poor,2,Suppress,-1.954039215686274,"EV(call)=INR-2, EV(visit)=INR-125 — negative economic yield",-1.0,-1.0,-1.0,-1.0,69350.0,train
AC000053,PH000730,3,0,0.9745437518290897,Excellent,1,Call,295.15947556335965,EV(call)=INR295 [P(RPC)=97.45% x 5% x INR61600 x 10% - INR5],13.0,0.0,8.0,29.076923076923077,61600.0,validation
AC000053,PH005910,5,2,0.9745437518290897,Excellent,2,Call,295.15947556335965,EV(call)=INR295 [P(RPC)=97.45% x 5% x INR61600 x 10% - INR5],12.0,0.0,0.0,74.5,61600.0,validation
AC000053,PH000731,1,1,0.10069607843137254,Poor,3,Call,26.01439215686275,EV(call)=INR26 [P(RPC)=10.07% x 5% x INR61600 x 10% - INR5],5.0,2.0,0.0,12.6,61600.0,validation
AC000054,PH000732,3,0,0.9745437518290897,Excellent,1,Call,199.65418788410886,EV(call)=INR200 [P(RPC)=97.45% x 5% x INR42000 x 10% - INR5],16.0,0.0,0.0,22.5625,42000.0,train
AC000054,PH000733,0,1,0.029209150326797384,Poor,2,Call,1.1339215686274517,EV(call)=INR1 [P(RPC)=2.92% x 5% x INR42000 x 10% - INR5],-1.0,-1.0,-1.0,-1.0,42000.0,train
AC000054,PH000734,4,2,0.008784313725490198,Poor,3,Suppress,-3.155294117647059,"EV(call)=INR-3, EV(visit)=INR-155 — negative economic yield",-1.0,-1.0,-1.0,-1.0,42000.0,train
AC000055,PH000735,3,0,0.9745437518290897,Excellent,1,Call,813.6167515364355,EV(call)=INR814 [P(RPC)=97.45% x 5% x INR168000 x 10% - INR5],17.0,0.0,0.0,36.05882352941177,168000.0,train
AC000055,PH000736,0,1,0.008784313725490198,Poor,2,Call,2.3788235294117657,EV(call)=INR2 [P(RPC)=0.88% x 5% x INR168000 x 10% - INR5],3.0,0.0,3.0,0.0,168000.0,train
AC000056,PH000737,0,1,0.9745437518290897,Excellent,1,Call,2494.7047234416154,EV(call)=INR2495 [P(RPC)=97.45% x 5% x INR513000 x 10% - INR5],11.0,0.0,0.0,11.090909090909092,513000.0,train
AC000056,PH000045,3,0,0.10069607843137254,Poor,2,Call,253.2854411764706,EV(call)=INR253 [P(RPC)=10.07% x 5% x INR513000 x 10% - INR5],8.0,0.0,0.0,19.125,513000.0,train
AC000056,PH000738,4,2,0.10069607843137254,Poor,3,Call,253.2854411764706,EV(call)=INR253 [P(RPC)=10.07% x 5% x INR513000 x 10% - INR5],4.0,0.0,0.0,45.25,513000.0,train
AC000057,PH005932,5,5,0.9424911297852473,Excellent,1,Call,197.63559290382818,EV(call)=INR198 [P(RPC)=94.25% x 5% x INR43000 x 10% - INR5],4.0,0.0,0.0,9.75,43000.0,train
AC000057,PH000739,3,0,0.8491204481792716,Excellent,2,Call,177.5608963585434,EV(call)=INR178 [P(RPC)=84.91% x 5% x INR43000 x 10% - INR5],22.0,1.0,0.0,29.772727272727273,43000.0,train
AC000057,PH000740,0,1,0.10069607843137254,Poor,3,Call,16.649656862745104,EV(call)=INR17 [P(RPC)=10.07% x 5% x INR43000 x 10% - INR5],7.0,0.0,2.0,8.428571428571429,43000.0,train
AC000057,PH000741,1,2,0.008784313725490198,Poor,4,Suppress,-3.1113725490196074,"EV(call)=INR-3, EV(visit)=INR-154 — negative economic yield",-1.0,-1.0,-1.0,-1.0,43000.0,train
AC000057,PH000498,2,3,0.008784313725490198,Poor,5,Suppress,-3.1113725490196074,"EV(call)=INR-3, EV(visit)=INR-154 — negative economic yield",-1.0,-1.0,-1.0,-1.0,43000.0,train
AC000057,PH000742,4,4,0.008784313725490198,Poor,6,Suppress,-3.1113725490196074,"EV(call)=INR-3, EV(visit)=INR-154 — negative economic yield",-1.0,-1.0,-1.0,-1.0,43000.0,train
AC000058,PH000743,3,0,0.9424911297852473,Excellent,1,Call,1767.8258151260504,EV(call)=INR1768 [P(RPC)=94.25% x 5% x INR376200 x 10% - INR5],4.0,0.0,0.0,8.75,376200.0,train
AC000058,PH000744,4,1,0.008784313725490198,Poor,2,Call,11.523294117647065,EV(call)=INR12 [P(RPC)=0.88% x 5% x INR376200 x 10% - INR5],-1.0,-1.0,-1.0,-1.0,376200.0,train
AC000059,PH000745,3,0,0.9891764705882353,Excellent,1,Call,708.1962352941177,EV(call)=INR708 [P(RPC)=98.92% x 5% x INR144200 x 10% - INR5],32.0,0.0,0.0,51.21875,144200.0,train
AC000059,PH000746,1,1,0.008784313725490198,Poor,2,Call,1.3334901960784329,EV(call)=INR1 [P(RPC)=0.88% x 5% x INR144200 x 10% - INR5],-1.0,-1.0,-1.0,-1.0,144200.0,train
AC000060,PH000747,3,0,0.9745437518290897,Excellent,1,Call,946.6419736611062,EV(call)=INR947 [P(RPC)=97.45% x 5% x INR195300 x 10% - INR5],12.0,0.0,0.0,113.08333333333333,195300.0,train
AC000060,PH000748,0,1,0.029643721318314557,Poor,2,Call,23.947093867334168,EV(call)=INR24 [P(RPC)=2.96% x 5% x INR195300 x 10% - INR5],-1.0,-1.0,-1.0,-1.0,195300.0,train
AC000060,PH000749,1,2,0.008784313725490198,Poor,3,Call,3.577882352941179,EV(call)=INR4 [P(RPC)=0.88% x 5% x INR195300 x 10% - INR5],-1.0,-1.0,-1.0,-1.0,195300.0,train
AC000060,PH000750,4,3,0.008784313725490198,Poor,4,Call,3.577882352941179,EV(call)=INR4 [P(RPC)=0.88% x 5% x INR195300 x 10% - INR5],-1.0,-1.0,-1.0,-1.0,195300.0,train
AC000061,PH000751,3,0,0.9891764705882353,Excellent,1,Call,128.5388235294118,EV(call)=INR129 [P(RPC)=98.92% x 5% x INR27000 x 10% - INR5],22.0,0.0,0.0,49.63636363636363,27000.0,validation
AC000062,PH000753,0,1,0.9891764705882353,Excellent,1,Call,349.12517647058826,EV(call)=INR349 [P(RPC)=98.92% x 5% x INR71600 x 10% - INR5],30.0,0.0,0.0,40.266666666666666,71600.0,train
AC000062,PH000752,3,0,0.029643721318314557,Poor,2,Call,5.6124522319566115,EV(call)=INR6 [P(RPC)=2.96% x 5% x INR71600 x 10% - INR5],10.0,0.0,2.0,0.0,71600.0,train
AC000063,PH000754,3,0,0.9891764705882353,Excellent,1,Call,761.6117647058825,EV(call)=INR762 [P(RPC)=98.92% x 5% x INR155000 x 10% - INR5],28.0,0.0,0.0,21.571428571428573,155000.0,train
AC000063,PH000755,4,1,0.2888963585434174,Fair,2,Call,218.8946778711485,EV(call)=INR219 [P(RPC)=28.89% x 5% x INR155000 x 10% - INR5],15.0,0.0,0.0,8.933333333333334,155000.0,train
AC000064,PH000756,3,0,0.9745437518290897,Excellent,1,Call,782.6749874158618,EV(call)=INR783 [P(RPC)=97.45% x 5% x INR161650 x 10% - INR5],16.0,0.0,1.0,25.6875,161650.0,test
AC000064,PH000757,4,1,0.43770588235294117,Good,2,Suppress,348.7757794117647,Compliance: Verified third-party — contact strictly prohibited,4.0,0.0,0.0,51.0,161650.0,test
AC000065,PH000758,3,0,0.9745437518290897,Excellent,1,Call,121.69068773778167,EV(call)=INR122 [P(RPC)=97.45% x 5% x INR26000 x 10% - INR5],12.0,0.0,0.0,97.58333333333333,26000.0,train
AC000065,PH000759,4,1,0.008784313725490198,Poor,2,Suppress,-3.858039215686274,"EV(call)=INR-4, EV(visit)=INR-172 — negative economic yield",-1.0,-1.0,-1.0,-1.0,26000.0,train
AC000066,PH000761,4,1,0.43770588235294117,Good,1,Call,231.14232352941178,EV(call)=INR231 [P(RPC)=43.77% x 5% x INR107900 x 10% - INR5],14.0,0.0,0.0,60.0,107900.0,train
AC000066,PH000760,3,0,0.10069607843137254,Poor,2,Call,49.3255343137255,EV(call)=INR49 [P(RPC)=10.07% x 5% x INR107900 x 10% - INR5],12.0,0.0,0.0,26.666666666666668,107900.0,train
AC000067,PH000762,3,0,0.008784313725490198,Poor,1,Call,56.19152941176472,EV(call)=INR56 [P(RPC)=0.88% x 5% x INR1393200 x 10% - INR5],1.0,0.0,0.0,0.0,1393200.0,train
AC000067,PH000763,0,1,0.008784313725490198,Poor,2,Call,56.19152941176472,EV(call)=INR56 [P(RPC)=0.88% x 5% x INR1393200 x 10% - INR5],-1.0,-1.0,-1.0,-1.0,1393200.0,train
AC000067,PH000764,4,2,0.008784313725490198,Poor,3,Call,56.19152941176472,EV(call)=INR56 [P(RPC)=0.88% x 5% x INR1393200 x 10% - INR5],-1.0,-1.0,-1.0,-1.0,1393200.0,train
AC000068,PH000765,3,0,0.9891764705882353,Excellent,1,Call,417.87294117647065,EV(call)=INR418 [P(RPC)=98.92% x 5% x INR85500 x 10% - INR5],19.0,0.0,1.0,72.3157894736842,85500.0,train
AC000068,PH000766,1,1,0.029643721318314557,Poor,2,Call,7.672690863579474,EV(call)=INR8 [P(RPC)=2.96% x 5% x INR85500 x 10% - INR5],-1.0,-1.0,-1.0,-1.0,85500.0,train
AC000068,PH000767,4,2,0.029209150326797384,Poor,3,Call,7.486911764705884,EV(call)=INR7 [P(RPC)=2.92% x 5% x INR85500 x 10% - INR5],-1.0,-1.0,-1.0,-1.0,85500.0,train
AC000069,PH000769,0,1,0.9745437518290897,Excellent,1,Call,284.9267661691542,EV(call)=INR285 [P(RPC)=97.45% x 5% x INR59500 x 10% - INR5],17.0,0.0,0.0,32.411764705882355,59500.0,validation
AC000069,PH000770,1,2,0.029209150326797384,Poor,2,Call,3.6897222222222226,EV(call)=INR4 [P(RPC)=2.92% x 5% x INR59500 x 10% - INR5],-1.0,-1.0,-1.0,-1.0,59500.0,validation
AC000069,PH000768,3,0,0.008784313725490198,Poor,3,Suppress,-2.386666666666666,Compliance: Verified invalid/wrong phone number,8.0,0.0,3.0,0.0,59500.0,validation
AC000070,PH000771,3,0,0.9891764705882353,Excellent,1,Call,310.54729411764714,EV(call)=INR311 [P(RPC)=98.92% x 5% x INR63800 x 10% - INR5],29.0,0.0,0.0,18.17241379310345,63800.0,validation
AC000070,PH000772,0,1,0.9745437518290897,Excellent,2,Call,305.87945683347965,EV(call)=INR306 [P(RPC)=97.45% x 5% x INR63800 x 10% - INR5],15.0,0.0,0.0,1.7333333333333334,63800.0,validation
AC000071,PH000773,3,0,0.9745437518290897,Excellent,1,Call,3760.637057067603,EV(call)=INR3761 [P(RPC)=97.45% x 5% x INR772800 x 10% - INR5],16.0,0.0,0.0,46.125,772800.0,test
AC000071,PH000774,1,1,0.008784313725490198,Poor,2,Call,28.942588235294124,EV(call)=INR29 [P(RPC)=0.88% x 5% x INR772800 x 10% - INR5],-1.0,-1.0,-1.0,-1.0,772800.0,test
AC000072,PH000775,3,0,0.8257777777777777,Excellent,1,Call,180.18066666666667,EV(call)=INR180 [P(RPC)=82.58% x 5% x INR44850 x 10% - INR5],13.0,0.0,0.0,5.153846153846154,44850.0,train
AC000072,PH000777,4,2,0.10069607843137254,Poor,2,Call,17.5810955882353,EV(call)=INR18 [P(RPC)=10.07% x 5% x INR44850 x 10% - INR5],7.0,1.0,0.0,55.285714285714285,44850.0,train
AC000072,PH000776,0,1,0.008784313725490198,Poor,3,Suppress,-3.030117647058823,"EV(call)=INR-3, EV(visit)=INR-152 — negative economic yield",6.0,1.0,0.0,2.0,44850.0,train
AC000073,PH000778,3,0,0.9745437518290897,Excellent,1,Call,546.3481275973076,EV(call)=INR546 [P(RPC)=97.45% x 5% x INR113150 x 10% - INR5],21.0,2.0,0.0,63.19047619047619,113150.0,validation
AC000073,PH000779,4,1,0.8491204481792716,Excellent,2,Call,475.38989355742297,EV(call)=INR475 [P(RPC)=84.91% x 5% x INR113150 x 10% - INR5],19.0,0.0,0.0,14.789473684210526,113150.0,validation
AC000074,PH000781,4,1,0.029643721318314557,Poor,1,Call,3.71525406758448,EV(call)=INR4 [P(RPC)=2.96% x 5% x INR58800 x 10% - INR5],8.0,0.0,0.0,42.75,58800.0,train
AC000074,PH000780,3,0,0.029209150326797384,Poor,2,Call,3.5874901960784324,EV(call)=INR4 [P(RPC)=2.92% x 5% x INR58800 x 10% - INR5],13.0,0.0,5.0,0.0,58800.0,train
AC000075,PH000782,3,0,0.9891764705882353,Excellent,1,Call,687.4235294117648,EV(call)=INR687 [P(RPC)=98.92% x 5% x INR140000 x 10% - INR5],17.0,0.0,0.0,46.35294117647059,140000.0,train
AC000076,PH000784,4,1,0.2888963585434174,Fair,1,Call,961.1416470588237,EV(call)=INR961 [P(RPC)=28.89% x 5% x INR668850 x 10% - INR5],2.0,0.0,0.0,77.5,668850.0,train
AC000076,PH000783,3,0,0.008784313725490198,Poor,2,Call,24.376941176470595,EV(call)=INR24 [P(RPC)=0.88% x 5% x INR668850 x 10% - INR5],8.0,0.0,4.0,0.0,668850.0,train
AC000077,PH005825,5,2,0.9891764705882353,Excellent,1,Call,269.49647058823535,EV(call)=INR269 [P(RPC)=98.92% x 5% x INR55500 x 10% - INR5],16.0,0.0,0.0,37.375,55500.0,train
AC000077,PH000786,4,1,0.21695105678064014,Fair,2,Call,55.203918256627645,EV(call)=INR55 [P(RPC)=21.70% x 5% x INR55500 x 10% - INR5],7.0,0.0,0.0,27.285714285714285,55500.0,train
AC000077,PH000785,3,0,0.008784313725490198,Poor,3,Suppress,-2.56235294117647,"EV(call)=INR-3, EV(visit)=INR-140 — negative economic yield",8.0,0.0,6.0,0.0,55500.0,train
AC000078,PH000787,0,1,0.9891764705882353,Excellent,1,Call,496.5124705882354,EV(call)=INR497 [P(RPC)=98.92% x 5% x INR101400 x 10% - INR5],15.0,0.0,0.0,45.93333333333333,101400.0,train
AC000078,PH000241,3,0,0.10069607843137254,Poor,2,Call,46.05291176470589,EV(call)=INR46 [P(RPC)=10.07% x 5% x INR101400 x 10% - INR5],9.0,0.0,0.0,28.555555555555557,101400.0,train
AC000079,PH005827,5,2,0.9007363293996365,Excellent,1,Call,395.82766658283833,EV(call)=INR396 [P(RPC)=90.07% x 5% x INR89000 x 10% - INR5],12.0,0.0,0.0,3.5833333333333335,89000.0,train
AC000079,PH000788,3,0,0.008784313725490198,Poor,2,Suppress,-1.0909803921568617,"EV(call)=INR-1, EV(visit)=INR-104 — negative economic yield",8.0,0.0,8.0,0.0,89000.0,train
AC000079,PH000346,2,1,0.008784313725490198,Poor,3,Suppress,-1.0909803921568617,"EV(call)=INR-1, EV(visit)=INR-104 — negative economic yield",8.0,1.0,0.0,40.25,89000.0,train
AC000080,PH000789,3,0,0.9891764705882353,Excellent,1,Call,2487.7247058823536,EV(call)=INR2488 [P(RPC)=98.92% x 5% x INR504000 x 10% - INR5],20.0,0.0,0.0,40.3,504000.0,train
AC000080,PH000790,0,1,0.8911372549019607,Excellent,2,Call,2240.665882352941,EV(call)=INR2241 [P(RPC)=89.11% x 5% x INR504000 x 10% - INR5],1.0,0.0,0.0,55.0,504000.0,train
AC000080,PH000791,4,2,0.008784313725490198,Poor,3,Call,17.136470588235298,EV(call)=INR17 [P(RPC)=0.88% x 5% x INR504000 x 10% - INR5],-1.0,-1.0,-1.0,-1.0,504000.0,train
AC000081,PH000792,3,0,0.9424911297852473,Excellent,1,Call,319.21694864612505,EV(call)=INR319 [P(RPC)=94.25% x 5% x INR68800 x 10% - INR5],1.0,0.0,0.0,26.0,68800.0,test
AC000082,PH000793,3,0,0.9424911297852473,Excellent,1,Call,1425.7015350140055,EV(call)=INR1426 [P(RPC)=94.25% x 5% x INR303600 x 10% - INR5],6.0,0.0,0.0,26.0,303600.0,train
AC000082,PH000794,0,1,0.029643721318314557,Poor,2,Call,39.9991689612015,EV(call)=INR40 [P(RPC)=2.96% x 5% x INR303600 x 10% - INR5],-1.0,-1.0,-1.0,-1.0,303600.0,train
AC000082,PH000795,1,2,0.029643721318314557,Poor,3,Call,39.9991689612015,EV(call)=INR40 [P(RPC)=2.96% x 5% x INR303600 x 10% - INR5],-1.0,-1.0,-1.0,-1.0,303600.0,train
AC000082,PH000796,4,3,0.029643721318314557,Poor,4,Call,39.9991689612015,EV(call)=INR40 [P(RPC)=2.96% x 5% x INR303600 x 10% - INR5],-1.0,-1.0,-1.0,-1.0,303600.0,train
AC000083,PH000797,3,0,0.9891764705882353,Excellent,1,Call,638.9538823529413,EV(call)=INR639 [P(RPC)=98.92% x 5% x INR130200 x 10% - INR5],29.0,0.0,0.0,93.27586206896552,130200.0,train
AC000083,PH000798,4,1,0.008784313725490198,Poor,2,Suppress,0.7185882352941189,Compliance: Verified third-party — contact strictly prohibited,-1.0,-1.0,-1.0,-1.0,130200.0,train
AC000084,PH000799,3,0,0.9745437518290897,Excellent,1,Call,1035.8127269534677,EV(call)=INR1036 [P(RPC)=97.45% x 5% x INR213600 x 10% - INR5],18.0,0.0,0.0,26.11111111111111,213600.0,test
AC000084,PH000800,1,1,0.008784313725490198,Poor,2,Call,4.381647058823532,EV(call)=INR4 [P(RPC)=0.88% x 5% x INR213600 x 10% - INR5],8.0,0.0,7.0,0.0,213600.0,test
AC000084,PH000801,4,2,0.008784313725490198,Poor,3,Call,4.381647058823532,EV(call)=INR4 [P(RPC)=0.88% x 5% x INR213600 x 10% - INR5],-1.0,-1.0,-1.0,-1.0,213600.0,test
AC000085,PH000802,3,0,0.9745437518290897,Excellent,1,Call,2733.4679426397424,EV(call)=INR2733 [P(RPC)=97.45% x 5% x INR562000 x 10% - INR5],21.0,0.0,0.0,39.23809523809524,562000.0,validation
AC000085,PH000803,0,1,0.008784313725490198,Poor,2,Call,19.683921568627458,EV(call)=INR20 [P(RPC)=0.88% x 5% x INR562000 x 10% - INR5],-1.0,-1.0,-1.0,-1.0,562000.0,validation
AC000085,PH000804,1,2,0.008784313725490198,Poor,3,Call,19.683921568627458,EV(call)=INR20 [P(RPC)=0.88% x 5% x INR562000 x 10% - INR5],-1.0,-1.0,-1.0,-1.0,562000.0,validation
AC000085,PH000805,4,3,0.008784313725490198,Poor,4,Call,19.683921568627458,EV(call)=INR20 [P(RPC)=0.88% x 5% x INR562000 x 10% - INR5],-1.0,-1.0,-1.0,-1.0,562000.0,validation
AC000086,PH000806,3,0,0.9745437518290897,Excellent,1,Call,4474.490355282411,EV(call)=INR4474 [P(RPC)=97.45% x 5% x INR919300 x 10% - INR5],20.0,0.0,0.0,43.55,919300.0,train
AC000086,PH000807,4,1,0.029643721318314557,Poor,2,Call,131.25736503963287,EV(call)=INR131 [P(RPC)=2.96% x 5% x INR919300 x 10% - INR5],-1.0,-1.0,-1.0,-1.0,919300.0,train
AC000087,PH000808,3,0,0.9424911297852473,Excellent,1,Call,421.0059906629318,EV(call)=INR421 [P(RPC)=94.25% x 5% x INR90400 x 10% - INR5],3.0,0.0,0.0,9.0,90400.0,test
AC000087,PH000809,1,1,0.008784313725490198,Poor,2,Suppress,-1.0294901960784308,"EV(call)=INR-1, EV(visit)=INR-102 — negative economic yield",-1.0,-1.0,-1.0,-1.0,90400.0,test
AC000087,PH000810,4,2,0.008784313725490198,Poor,3,Suppress,-1.0294901960784308,"EV(call)=INR-1, EV(visit)=INR-102 — negative economic yield",-1.0,-1.0,-1.0,-1.0,90400.0,test
AC000088,PH000811,3,0,0.9424911297852473,Excellent,1,Call,3946.3940616246496,EV(call)=INR3946 [P(RPC)=94.25% x 5% x INR838500 x 10% - INR5],9.0,0.0,0.0,5.777777777777778,838500.0,train
AC000088,PH000812,1,1,0.8911372549019607,Excellent,2,Call,3731.092941176471,EV(call)=INR3731 [P(RPC)=89.11% x 5% x INR838500 x 10% - INR5],10.0,0.0,0.0,13.5,838500.0,train
AC000088,PH000813,4,2,0.2888963585434174,Fair,3,Call,1206.1979831932774,EV(call)=INR1206 [P(RPC)=28.89% x 5% x INR838500 x 10% - INR5],5.0,0.0,0.0,11.4,838500.0,train
AC000089,PH000814,3,0,0.9891764705882353,Excellent,1,Call,1104.114117647059,EV(call)=INR1104 [P(RPC)=98.92% x 5% x INR224250 x 10% - INR5],31.0,2.0,0.0,21.129032258064516,224250.0,train
AC000089,PH000815,0,1,0.9745437518290897,Excellent,2,Call,1087.707181738367,EV(call)=INR1088 [P(RPC)=97.45% x 5% x INR224250 x 10% - INR5],1.0,0.0,0.0,171.0,224250.0,train
AC000089,PH000816,4,2,0.029209150326797384,Poor,3,Call,27.750759803921568,EV(call)=INR28 [P(RPC)=2.92% x 5% x INR224250 x 10% - INR5],-1.0,-1.0,-1.0,-1.0,224250.0,train
AC000090,PH000817,3,0,0.029643721318314557,Poor,1,Call,9.162287859824781,EV(call)=INR9 [P(RPC)=2.96% x 5% x INR95550 x 10% - INR5],6.0,0.0,0.0,0.0,95550.0,train
AC000091,PH000818,3,0,0.9891764705882353,Excellent,1,Call,2747.136235294118,EV(call)=INR2747 [P(RPC)=98.92% x 5% x INR556450 x 10% - INR5],19.0,0.0,0.0,24.42105263157895,556450.0,train
AC000091,PH000820,4,2,0.8911372549019607,Excellent,2,Call,2474.3666274509806,EV(call)=INR2474 [P(RPC)=89.11% x 5% x INR556450 x 10% - INR5],11.0,1.0,0.0,38.72727272727273,556450.0,train
AC000091,PH000819,1,1,0.029209150326797384,Poor,3,Call,76.26715849673204,EV(call)=INR76 [P(RPC)=2.92% x 5% x INR556450 x 10% - INR5],4.0,2.0,0.0,9.75,556450.0,train
AC000092,PH000821,3,0,0.9745437518290897,Excellent,1,Call,1633.2080468247,EV(call)=INR1633 [P(RPC)=97.45% x 5% x INR336200 x 10% - INR5],22.0,0.0,6.0,36.0,336200.0,train
AC000092,PH000822,0,1,0.9745437518290897,Excellent,2,Call,1633.2080468247,EV(call)=INR1633 [P(RPC)=97.45% x 5% x INR336200 x 10% - INR5],5.0,0.0,0.0,43.0,336200.0,train
AC000092,PH000823,4,2,0.008784313725490198,Poor,3,Call,9.766431372549022,EV(call)=INR10 [P(RPC)=0.88% x 5% x INR336200 x 10% - INR5],-1.0,-1.0,-1.0,-1.0,336200.0,train
AC000093,PH000825,4,1,0.9891764705882353,Excellent,1,Call,308.8162352941177,EV(call)=INR309 [P(RPC)=98.92% x 5% x INR63450 x 10% - INR5],32.0,0.0,0.0,23.15625,63450.0,train
AC000093,PH000824,3,0,0.008784313725490198,Poor,2,Suppress,-2.2131764705882344,"EV(call)=INR-2, EV(visit)=INR-131 — negative economic yield",2.0,0.0,0.0,0.0,63450.0,train
AC000094,PH000826,3,0,0.9745437518290897,Excellent,1,Call,226.94141293532334,EV(call)=INR227 [P(RPC)=97.45% x 5% x INR47600 x 10% - INR5],6.0,0.0,0.0,140.0,47600.0,validation
AC000094,PH000827,4,1,0.029209150326797384,Poor,2,Call,1.951777777777778,EV(call)=INR2 [P(RPC)=2.92% x 5% x INR47600 x 10% - INR5],-1.0,-1.0,-1.0,-1.0,47600.0,validation
AC000095,PH000828,3,0,0.9745437518290897,Excellent,1,Call,686.9260637986538,EV(call)=INR687 [P(RPC)=97.45% x 5% x INR142000 x 10% - INR5],19.0,0.0,0.0,27.263157894736842,142000.0,train
AC000095,PH000830,4,2,0.10069607843137254,Poor,2,Call,66.49421568627452,EV(call)=INR66 [P(RPC)=10.07% x 5% x INR142000 x 10% - INR5],1.0,0.0,0.0,65.0,142000.0,train
AC000095,PH000829,0,1,0.008784313725490198,Poor,3,Call,1.2368627450980405,EV(call)=INR1 [P(RPC)=0.88% x 5% x INR142000 x 10% - INR5],8.0,0.0,0.0,0.0,142000.0,train
AC000096,PH000831,3,0,0.9891764705882353,Excellent,1,Call,449.0320000000001,EV(call)=INR449 [P(RPC)=98.92% x 5% x INR91800 x 10% - INR5],3.0,0.0,0.0,172.33333333333334,91800.0,train
AC000096,PH000832,1,1,0.029643721318314557,Poor,2,Call,8.606468085106384,EV(call)=INR9 [P(RPC)=2.96% x 5% x INR91800 x 10% - INR5],-1.0,-1.0,-1.0,-1.0,91800.0,train
AC000096,PH000833,4,2,0.029209150326797384,Poor,3,Call,8.407000000000004,EV(call)=INR8 [P(RPC)=2.92% x 5% x INR91800 x 10% - INR5],-1.0,-1.0,-1.0,-1.0,91800.0,train
AC000097,PH000834,3,0,0.9745437518290897,Excellent,1,Call,282.00313491366694,EV(call)=INR282 [P(RPC)=97.45% x 5% x INR58900 x 10% - INR5],1.0,0.0,0.0,68.0,58900.0,train
AC000097,PH000835,0,1,0.008784313725490198,Poor,2,Suppress,-2.4130196078431365,"EV(call)=INR-2, EV(visit)=INR-136 — negative economic yield",-1.0,-1.0,-1.0,-1.0,58900.0,train
AC000097,PH000836,4,2,0.008784313725490198,Poor,3,Suppress,-2.4130196078431365,"EV(call)=INR-2, EV(visit)=INR-136 — negative economic yield",-1.0,-1.0,-1.0,-1.0,58900.0,train
AC000098,PH000837,3,0,0.029209150326797384,Poor,1,Call,40.63929738562092,EV(call)=INR41 [P(RPC)=2.92% x 5% x INR312500 x 10% - INR5],3.0,0.0,0.0,0.0,312500.0,train
AC000098,PH000838,1,1,0.029209150326797384,Poor,2,Suppress,40.63929738562092,Compliance: Verified invalid/wrong phone number,-1.0,-1.0,-1.0,-1.0,312500.0,train
AC000098,PH000839,4,2,0.008784313725490198,Poor,3,Call,8.725490196078434,EV(call)=INR9 [P(RPC)=0.88% x 5% x INR312500 x 10% - INR5],-1.0,-1.0,-1.0,-1.0,312500.0,train
AC000099,PH000840,3,0,0.008784313725490198,Poor,1,Suppress,-2.755607843137254,"EV(call)=INR-3, EV(visit)=INR-145 — negative economic yield",-1.0,-1.0,-1.0,-1.0,51100.0,train
AC000099,PH000841,4,1,0.008784313725490198,Poor,2,Suppress,-2.755607843137254,"EV(call)=INR-3, EV(visit)=INR-145 — negative economic yield",-1.0,-1.0,-1.0,-1.0,51100.0,train
AC000100,PH000842,3,0,0.9891764705882353,Excellent,1,Call,386.71388235294125,EV(call)=INR387 [P(RPC)=98.92% x 5% x INR79200 x 10% - INR5],35.0,0.0,0.0,35.02857142857143,79200.0,train
AC000101,PH000843,3,0,0.9745437518290897,Excellent,1,Call,1566.4517998244073,EV(call)=INR1566 [P(RPC)=97.45% x 5% x INR322500 x 10% - INR5],6.0,0.0,0.0,96.16666666666667,322500.0,train
AC000102,PH000844,3,0,0.9745437518290897,Excellent,1,Call,1994.7637787532924,EV(call)=INR1995 [P(RPC)=97.45% x 5% x INR410400 x 10% - INR5],5.0,0.0,0.0,61.8,410400.0,train
AC000102,PH000845,0,1,0.07136253650396328,Poor,2,Call,141.43592490613267,EV(call)=INR141 [P(RPC)=7.14% x 5% x INR410400 x 10% - INR5],-1.0,-1.0,-1.0,-1.0,410400.0,train
AC000102,PH000347,2,2,0.008784313725490198,Poor,3,Call,13.025411764705886,EV(call)=INR13 [P(RPC)=0.88% x 5% x INR410400 x 10% - INR5],-1.0,-1.0,-1.0,-1.0,410400.0,train
AC000102,PH000846,4,3,0.008784313725490198,Poor,4,Call,13.025411764705886,EV(call)=INR13 [P(RPC)=0.88% x 5% x INR410400 x 10% - INR5],-1.0,-1.0,-1.0,-1.0,410400.0,train
AC000103,PH000847,3,0,0.9745437518290897,Excellent,1,Call,1475.3319590283875,EV(call)=INR1475 [P(RPC)=97.45% x 5% x INR303800 x 10% - INR5],25.0,1.0,0.0,2.16,303800.0,train
AC000104,PH000848,3,0,0.029643721318314557,Poor,1,Call,59.43062828535669,EV(call)=INR59 [P(RPC)=2.96% x 5% x INR434700 x 10% - INR5],6.0,2.0,0.0,7.166666666666667,434700.0,train
AC000105,PH000849,3,0,0.9424911297852473,Excellent,1,Call,673.5936134453781,EV(call)=INR674 [P(RPC)=94.25% x 5% x INR144000 x 10% - INR5],3.0,0.0,0.0,9.333333333333334,144000.0,train
AC000105,PH000850,4,1,0.029209150326797384,Poor,2,Call,16.03058823529412,EV(call)=INR16 [P(RPC)=2.92% x 5% x INR144000 x 10% - INR5],-1.0,-1.0,-1.0,-1.0,144000.0,train
AC000106,PH000851,3,0,0.029643721318314557,Poor,1,Call,4.75278431372549,EV(call)=INR5 [P(RPC)=2.96% x 5% x INR65800 x 10% - INR5],-1.0,-1.0,-1.0,-1.0,65800.0,train
AC000106,PH000852,4,1,0.029643721318314557,Poor,2,Call,4.75278431372549,EV(call)=INR5 [P(RPC)=2.96% x 5% x INR65800 x 10% - INR5],-1.0,-1.0,-1.0,-1.0,65800.0,train
AC000107,PH000853,3,0,0.9891764705882353,Excellent,1,Call,88.22988235294119,EV(call)=INR88 [P(RPC)=98.92% x 5% x INR18850 x 10% - INR5],24.0,0.0,0.0,82.375,18850.0,train
AC000107,PH000854,0,1,0.008784313725490198,Poor,2,Suppress,-4.172078431372549,"EV(call)=INR-4, EV(visit)=INR-180 — negative economic yield",-1.0,-1.0,-1.0,-1.0,18850.0,train
AC000108,PH000856,4,1,0.2888963585434174,Fair,1,Call,173.9712941176471,EV(call)=INR174 [P(RPC)=28.89% x 5% x INR123900 x 10% - INR5],13.0,0.0,0.0,53.46153846153846,123900.0,test
AC000108,PH005886,5,2,0.2888963585434174,Fair,2,Call,173.9712941176471,EV(call)=INR174 [P(RPC)=28.89% x 5% x INR123900 x 10% - INR5],8.0,1.0,0.0,1.75,123900.0,test
AC000108,PH000855,3,0,0.008784313725490198,Poor,3,Call,0.44188235294117817,EV(call)=INR0 [P(RPC)=0.88% x 5% x INR123900 x 10% - INR5],23.0,0.0,19.0,0.0,123900.0,test
AC000109,PH000229,3,0,0.9424911297852473,Excellent,1,Call,424.7759551820727,EV(call)=INR425 [P(RPC)=94.25% x 5% x INR91200 x 10% - INR5],18.0,1.0,0.0,30.555555555555557,91200.0,train
AC000109,PH000857,4,1,0.8911372549019607,Excellent,2,Call,401.3585882352942,EV(call)=INR401 [P(RPC)=89.11% x 5% x INR91200 x 10% - INR5],19.0,1.0,0.0,46.10526315789474,91200.0,train
AC000110,PH000858,3,0,0.9891764705882353,Excellent,1,Call,1315.0560000000003,EV(call)=INR1315 [P(RPC)=98.92% x 5% x INR266900 x 10% - INR5],24.0,0.0,0.0,18.458333333333332,266900.0,train
AC000111,PH000861,4,3,0.9745437518290897,Excellent,1,Call,1643.9280280948199,EV(call)=INR1644 [P(RPC)=97.45% x 5% x INR338400 x 10% - INR5],10.0,0.0,0.0,72.0,338400.0,train
AC000111,PH000464,2,2,0.9424911297852473,Excellent,2,Call,1589.6949915966386,EV(call)=INR1590 [P(RPC)=94.25% x 5% x INR338400 x 10% - INR5],40.0,0.0,0.0,52.75,338400.0,train
AC000111,PH000859,3,0,0.008784313725490198,Poor,3,Call,9.863058823529414,EV(call)=INR10 [P(RPC)=0.88% x 5% x INR338400 x 10% - INR5],8.0,0.0,7.0,0.0,338400.0,train
AC000111,PH000860,0,1,0.008784313725490198,Poor,4,Call,9.863058823529414,EV(call)=INR10 [P(RPC)=0.88% x 5% x INR338400 x 10% - INR5],8.0,0.0,5.0,0.0,338400.0,train
AC000112,PH000862,3,0,0.9891764705882353,Excellent,1,Call,3209.081647058824,EV(call)=INR3209 [P(RPC)=98.92% x 5% x INR649850 x 10% - INR5],21.0,0.0,0.0,45.857142857142854,649850.0,train
AC000112,PH000863,4,1,0.008784313725490198,Poor,2,Call,23.54243137254903,EV(call)=INR24 [P(RPC)=0.88% x 5% x INR649850 x 10% - INR5],-1.0,-1.0,-1.0,-1.0,649850.0,train
AC000113,PH000865,4,1,0.8491204481792716,Excellent,1,Call,1158.2950140056023,EV(call)=INR1158 [P(RPC)=84.91% x 5% x INR274000 x 10% - INR5],16.0,1.0,0.0,24.875,274000.0,train
AC000113,PH000864,3,0,0.029643721318314557,Poor,2,Call,35.61189820609095,EV(call)=INR36 [P(RPC)=2.96% x 5% x INR274000 x 10% - INR5],16.0,1.0,0.0,0.4375,274000.0,train
AC000114,PH000866,3,0,0.9424911297852473,Excellent,1,Call,7311.087394957983,EV(call)=INR7311 [P(RPC)=94.25% x 5% x INR1552500 x 10% - INR5],34.0,1.0,0.0,25.88235294117647,1552500.0,train
AC000115,PH000867,3,0,0.9891764705882353,Excellent,1,Call,137.4414117647059,EV(call)=INR137 [P(RPC)=98.92% x 5% x INR28800 x 10% - INR5],5.0,0.0,0.0,52.6,28800.0,validation
AC000115,PH000868,4,1,0.008784313725490198,Poor,2,Suppress,-3.7350588235294113,"EV(call)=INR-4, EV(visit)=INR-169 — negative economic yield",-1.0,-1.0,-1.0,-1.0,28800.0,validation
AC000116,PH000869,3,0,0.9745437518290897,Excellent,1,Call,2428.923020193152,EV(call)=INR2429 [P(RPC)=97.45% x 5% x INR499500 x 10% - INR5],14.0,0.0,0.0,58.07142857142857,499500.0,train
AC000116,PH000870,4,1,0.43770588235294117,Good,2,Call,1088.1704411764706,EV(call)=INR1088 [P(RPC)=43.77% x 5% x INR499500 x 10% - INR5],7.0,0.0,0.0,15.857142857142858,499500.0,train
AC000117,PH000871,3,0,0.9891764705882353,Excellent,1,Call,639.9430588235296,EV(call)=INR640 [P(RPC)=98.92% x 5% x INR130400 x 10% - INR5],30.0,0.0,0.0,27.933333333333334,130400.0,test
AC000117,PH000872,4,1,0.43770588235294117,Good,2,Call,280.3842352941177,EV(call)=INR280 [P(RPC)=43.77% x 5% x INR130400 x 10% - INR5],9.0,0.0,0.0,37.333333333333336,130400.0,test
AC000118,PH000874,4,1,0.2888963585434174,Fair,1,Call,700.2682352941179,EV(call)=INR700 [P(RPC)=28.89% x 5% x INR488250 x 10% - INR5],7.0,0.0,0.0,36.714285714285715,488250.0,train
AC000118,PH005896,5,2,0.029209150326797384,Poor,2,Call,66.30683823529412,EV(call)=INR66 [P(RPC)=2.92% x 5% x INR488250 x 10% - INR5],8.0,0.0,0.0,0.0,488250.0,train
AC000118,PH000873,3,0,0.008784313725490198,Poor,3,Call,16.44470588235295,EV(call)=INR16 [P(RPC)=0.88% x 5% x INR488250 x 10% - INR5],10.0,0.0,9.0,0.0,488250.0,train
AC000119,PH000875,3,0,0.8257777777777777,Excellent,1,Call,160.362,EV(call)=INR160 [P(RPC)=82.58% x 5% x INR40050 x 10% - INR5],2.0,0.0,0.0,67.5,40050.0,validation
AC000119,PH000876,1,1,0.008784313725490198,Poor,2,Suppress,-3.2409411764705878,"EV(call)=INR-3, EV(visit)=INR-157 — negative economic yield",-1.0,-1.0,-1.0,-1.0,40050.0,validation
AC000119,PH000877,4,2,0.008784313725490198,Poor,3,Suppress,-3.2409411764705878,"EV(call)=INR-3, EV(visit)=INR-157 — negative economic yield",-1.0,-1.0,-1.0,-1.0,40050.0,validation
AC000120,PH000476,2,1,0.10069607843137254,Poor,1,Call,29.23666666666667,EV(call)=INR29 [P(RPC)=10.07% x 5% x INR68000 x 10% - INR5],22.0,0.0,0.0,23.136363636363637,68000.0,train
AC000120,PH000878,3,0,0.008784313725490198,Poor,2,Suppress,-2.0133333333333323,"EV(call)=INR-2, EV(visit)=INR-127 — negative economic yield",8.0,0.0,6.0,0.0,68000.0,train
AC000121,PH000879,3,0,0.9424911297852473,Excellent,1,Call,126.94875816993462,EV(call)=INR127 [P(RPC)=94.25% x 5% x INR28000 x 10% - INR5],24.0,0.0,0.0,9.916666666666666,28000.0,validation
AC000121,PH000880,4,1,0.8491204481792716,Excellent,2,Call,113.87686274509804,EV(call)=INR114 [P(RPC)=84.91% x 5% x INR28000 x 10% - INR5],20.0,2.0,0.0,42.2,28000.0,validation
AC000122,PH000513,2,2,0.7440784313725489,Excellent,1,Call,780.1887647058822,EV(call)=INR780 [P(RPC)=74.41% x 5% x INR211050 x 10% - INR5],21.0,1.0,0.0,23.857142857142858,211050.0,test
AC000122,PH000882,1,1,0.029643721318314557,Poor,2,Call,26.281536921151442,EV(call)=INR26 [P(RPC)=2.96% x 5% x INR211050 x 10% - INR5],4.0,2.0,0.0,17.0,211050.0,test
AC000122,PH000881,3,0,0.008784313725490198,Poor,3,Call,4.269647058823532,EV(call)=INR4 [P(RPC)=0.88% x 5% x INR211050 x 10% - INR5],8.0,0.0,5.0,0.0,211050.0,test
AC000122,PH000883,4,3,0.008784313725490198,Poor,4,Call,4.269647058823532,EV(call)=INR4 [P(RPC)=0.88% x 5% x INR211050 x 10% - INR5],-1.0,-1.0,-1.0,-1.0,211050.0,test
AC000123,PH000885,0,1,0.9891764705882353,Excellent,1,Call,181.9543529411765,EV(call)=INR182 [P(RPC)=98.92% x 5% x INR37800 x 10% - INR5],20.0,0.0,0.0,45.5,37800.0,train
AC000123,PH000884,3,0,0.9745437518290897,Excellent,2,Call,179.18876909569798,EV(call)=INR179 [P(RPC)=97.45% x 5% x INR37800 x 10% - INR5],9.0,0.0,0.0,22.77777777777778,37800.0,train
AC000123,PH000886,4,2,0.008784313725490198,Poor,3,Suppress,-3.3397647058823523,"EV(call)=INR-3, EV(visit)=INR-159 — negative economic yield",-1.0,-1.0,-1.0,-1.0,37800.0,train
AC000124,PH000887,3,0,0.9745437518290897,Excellent,1,Call,388.9593116769096,EV(call)=INR389 [P(RPC)=97.45% x 5% x INR80850 x 10% - INR5],22.0,0.0,0.0,24.09090909090909,80850.0,train
AC000124,PH000888,1,1,0.9424911297852473,Excellent,2,Call,376.00203921568624,EV(call)=INR376 [P(RPC)=94.25% x 5% x INR80850 x 10% - INR5],9.0,0.0,0.0,54.0,80850.0,train
AC000125,PH000890,4,1,0.9745437518290897,Excellent,1,Call,540.7445010242903,EV(call)=INR541 [P(RPC)=97.45% x 5% x INR112000 x 10% - INR5],2.0,0.0,0.0,169.5,112000.0,train
AC000125,PH000889,3,0,0.029209150326797384,Poor,2,Call,11.357124183006537,EV(call)=INR11 [P(RPC)=2.92% x 5% x INR112000 x 10% - INR5],8.0,0.0,3.0,0.0,112000.0,train
AC000126,PH000891,0,1,0.9891764705882353,Excellent,1,Call,1639.5058823529414,EV(call)=INR1640 [P(RPC)=98.92% x 5% x INR332500 x 10% - INR5],21.0,0.0,0.0,17.38095238095238,332500.0,train
AC000126,PH000064,3,0,0.2888963585434174,Fair,2,Call,475.2901960784315,EV(call)=INR475 [P(RPC)=28.89% x 5% x INR332500 x 10% - INR5],13.0,1.0,0.0,27.384615384615383,332500.0,train
AC000127,PH000893,0,1,0.9891764705882353,Excellent,1,Call,227.45647058823533,EV(call)=INR227 [P(RPC)=98.92% x 5% x INR47000 x 10% - INR5],20.0,0.0,0.0,55.8,47000.0,train
AC000127,PH000892,3,0,0.9424911297852473,Excellent,2,Call,216.48541549953313,EV(call)=INR216 [P(RPC)=94.25% x 5% x INR47000 x 10% - INR5],10.0,0.0,0.0,3.6,47000.0,train
AC000127,PH000894,4,2,0.43770588235294117,Good,3,Call,97.86088235294118,EV(call)=INR98 [P(RPC)=43.77% x 5% x INR47000 x 10% - INR5],6.0,0.0,0.0,38.166666666666664,47000.0,train
AC000128,PH000895,3,0,0.9745437518290897,Excellent,1,Call,652.8170324846355,EV(call)=INR653 [P(RPC)=97.45% x 5% x INR135000 x 10% - INR5],21.0,0.0,0.0,59.38095238095238,135000.0,train
AC000128,PH000355,2,2,0.9424911297852473,Excellent,2,Call,631.1815126050419,EV(call)=INR631 [P(RPC)=94.25% x 5% x INR135000 x 10% - INR5],20.0,0.0,0.0,39.0,135000.0,train
AC000128,PH000896,0,1,0.029209150326797384,Poor,3,Call,14.716176470588238,EV(call)=INR15 [P(RPC)=2.92% x 5% x INR135000 x 10% - INR5],-1.0,-1.0,-1.0,-1.0,135000.0,train
AC000128,PH000897,4,3,0.029209150326797384,Poor,4,Call,14.716176470588238,EV(call)=INR15 [P(RPC)=2.92% x 5% x INR135000 x 10% - INR5],-1.0,-1.0,-1.0,-1.0,135000.0,train
AC000129,PH000898,3,0,0.8911372549019607,Excellent,1,Call,1295.614823529412,EV(call)=INR1296 [P(RPC)=89.11% x 5% x INR291900 x 10% - INR5],6.0,0.0,0.0,6.333333333333333,291900.0,train
AC000129,PH000899,4,1,0.008784313725490198,Poor,2,Call,7.8207058823529465,EV(call)=INR8 [P(RPC)=0.88% x 5% x INR291900 x 10% - INR5],-1.0,-1.0,-1.0,-1.0,291900.0,train
AC000130,PH000900,3,0,0.10069607843137254,Poor,1,Call,170.0097843137255,EV(call)=INR170 [P(RPC)=10.07% x 5% x INR347600 x 10% - INR5],8.0,0.0,0.0,25.375,347600.0,train
AC000130,PH000901,4,1,0.008784313725490198,Poor,2,Call,10.267137254901966,EV(call)=INR10 [P(RPC)=0.88% x 5% x INR347600 x 10% - INR5],-1.0,-1.0,-1.0,-1.0,347600.0,train
AC000131,PH000902,3,0,0.9891764705882353,Excellent,1,Call,1152.3364705882354,EV(call)=INR1152 [P(RPC)=98.92% x 5% x INR234000 x 10% - INR5],23.0,0.0,0.0,23.82608695652174,234000.0,train
AC000131,PH000903,0,1,0.029643721318314557,Poor,2,Call,29.683153942428035,EV(call)=INR30 [P(RPC)=2.96% x 5% x INR234000 x 10% - INR5],-1.0,-1.0,-1.0,-1.0,234000.0,train
AC000131,PH000904,1,2,0.029209150326797384,Poor,3,Call,29.174705882352946,EV(call)=INR29 [P(RPC)=2.92% x 5% x INR234000 x 10% - INR5],-1.0,-1.0,-1.0,-1.0,234000.0,train
AC000131,PH000385,2,3,0.008784313725490198,Poor,4,Call,5.277647058823533,EV(call)=INR5 [P(RPC)=0.88% x 5% x INR234000 x 10% - INR5],-1.0,-1.0,-1.0,-1.0,234000.0,train
AC000131,PH000905,4,4,0.008784313725490198,Poor,5,Call,5.277647058823533,EV(call)=INR5 [P(RPC)=0.88% x 5% x INR234000 x 10% - INR5],-1.0,-1.0,-1.0,-1.0,234000.0,train
AC000132,PH000907,4,1,0.9745437518290897,Excellent,1,Call,115.84342522680714,EV(call)=INR116 [P(RPC)=97.45% x 5% x INR24800 x 10% - INR5],23.0,0.0,0.0,32.21739130434783,24800.0,validation
AC000132,PH000906,3,0,0.10069607843137254,Poor,2,Call,7.486313725490199,EV(call)=INR7 [P(RPC)=10.07% x 5% x INR24800 x 10% - INR5],5.0,2.0,0.0,17.8,24800.0,validation
AC000133,PH000908,3,0,0.9891764705882353,Excellent,1,Call,2124.9442352941182,EV(call)=INR2125 [P(RPC)=98.92% x 5% x INR430650 x 10% - INR5],31.0,0.0,0.0,45.38709677419355,430650.0,train
AC000134,PH000909,3,0,0.9891764705882353,Excellent,1,Call,260.0992941176471,EV(call)=INR260 [P(RPC)=98.92% x 5% x INR53600 x 10% - INR5],21.0,0.0,0.0,32.714285714285715,53600.0,test
AC000134,PH000910,0,1,0.008784313725490198,Poor,2,Suppress,-2.645803921568627,"EV(call)=INR-3, EV(visit)=INR-142 — negative economic yield",8.0,0.0,0.0,0.0,53600.0,test
AC000135,PH000911,3,0,0.10069607843137254,Poor,1,Call,11.262416666666667,EV(call)=INR11 [P(RPC)=10.07% x 5% x INR32300 x 10% - INR5],10.0,2.0,0.0,9.6,32300.0,train
AC000135,PH000912,4,1,0.10069607843137254,Poor,2,Call,11.262416666666667,EV(call)=INR11 [P(RPC)=10.07% x 5% x INR32300 x 10% - INR5],15.0,1.0,0.0,50.666666666666664,32300.0,train
AC000135,PH005853,5,2,0.029643721318314557,Poor,3,Suppress,-0.21253900709219842,"EV(call)=INR-0, EV(visit)=INR-165 — negative economic yield",9.0,0.0,0.0,0.0,32300.0,train
AC000136,PH000914,0,1,0.9745437518290897,Excellent,1,Call,4790.242530875036,EV(call)=INR4790 [P(RPC)=97.45% x 5% x INR984100 x 10% - INR5],7.0,0.0,0.0,63.57142857142857,984100.0,train
AC000136,PH000913,3,0,0.029643721318314557,Poor,2,Call,140.86193074676677,EV(call)=INR141 [P(RPC)=2.96% x 5% x INR984100 x 10% - INR5],6.0,2.0,0.0,7.833333333333333,984100.0,train
AC000137,PH000916,1,1,0.07136253650396328,Poor,1,Suppress,16.97966124322069,Compliance: Verified invalid/wrong phone number,3.0,1.0,0.0,13.666666666666666,61600.0,train
AC000137,PH000915,3,0,0.029643721318314557,Poor,2,Call,4.130266166040883,EV(call)=INR4 [P(RPC)=2.96% x 5% x INR61600 x 10% - INR5],8.0,0.0,1.0,0.0,61600.0,train
AC000138,PH000027,3,0,0.8911372549019607,Excellent,1,Call,396.0117647058824,EV(call)=INR396 [P(RPC)=89.11% x 5% x INR90000 x 10% - INR5],19.0,0.0,0.0,37.8421052631579,90000.0,train
AC000138,PH000917,4,1,0.10069607843137254,Poor,2,Call,40.31323529411765,EV(call)=INR40 [P(RPC)=10.07% x 5% x INR90000 x 10% - INR5],9.0,0.0,0.0,24.0,90000.0,train
AC000139,PH000918,3,0,0.008784313725490198,Poor,1,Suppress,-4.248941176470588,"EV(call)=INR-4, EV(visit)=INR-182 — negative economic yield",19.0,0.0,10.0,0.0,17100.0,validation
AC000140,PH000919,3,0,0.9745437518290897,Excellent,1,Call,2757.5879004975122,EV(call)=INR2758 [P(RPC)=97.45% x 5% x INR566950 x 10% - INR5],30.0,0.0,0.0,46.2,566950.0,train
AC000141,PH000920,3,0,0.9745437518290897,Excellent,1,Call,99.51981738366987,EV(call)=INR100 [P(RPC)=97.45% x 5% x INR21450 x 10% - INR5],28.0,1.0,0.0,39.464285714285715,21450.0,validation
AC000142,PH000922,1,1,0.9891764705882353,Excellent,1,Call,368.908705882353,EV(call)=INR369 [P(RPC)=98.92% x 5% x INR75600 x 10% - INR5],35.0,1.0,0.0,58.65714285714286,75600.0,validation
AC000142,PH000923,4,2,0.029643721318314557,Poor,2,Suppress,6.205326658322903,Compliance: Verified third-party — contact strictly prohibited,-1.0,-1.0,-1.0,-1.0,75600.0,validation
AC000142,PH000921,3,0,0.008784313725490198,Poor,3,Suppress,-1.679529411764705,"EV(call)=INR-2, EV(visit)=INR-118 — negative economic yield",8.0,0.0,7.0,0.0,75600.0,validation
AC000143,PH000924,3,0,0.9891764705882353,Excellent,1,Call,451.2576470588236,EV(call)=INR451 [P(RPC)=98.92% x 5% x INR92250 x 10% - INR5],21.0,1.0,0.0,39.76190476190476,92250.0,train
AC000143,PH000925,4,1,0.029643721318314557,Poor,2,Call,8.67316645807259,EV(call)=INR9 [P(RPC)=2.96% x 5% x INR92250 x 10% - INR5],8.0,1.0,0.0,40.25,92250.0,train
AC000144,PH000926,3,0,0.926099611268505,Excellent,1,Call,1742.549966463669,EV(call)=INR1743 [P(RPC)=92.61% x 5% x INR377400 x 10% - INR5],12.0,0.0,0.0,13.75,377400.0,train
AC000144,PH000927,0,1,0.029643721318314557,Poor,2,Call,50.93770212765957,EV(call)=INR51 [P(RPC)=2.96% x 5% x INR377400 x 10% - INR5],-1.0,-1.0,-1.0,-1.0,377400.0,train
AC000144,PH000928,4,2,0.008784313725490198,Poor,3,Call,11.576000000000004,EV(call)=INR12 [P(RPC)=0.88% x 5% x INR377400 x 10% - INR5],-1.0,-1.0,-1.0,-1.0,377400.0,train
AC000145,PH000929,3,0,0.9891764705882353,Excellent,1,Call,91.93929411764708,EV(call)=INR92 [P(RPC)=98.92% x 5% x INR19600 x 10% - INR5],24.0,0.0,0.0,32.25,19600.0,test
AC000146,PH000930,3,0,0.029643721318314557,Poor,1,Suppress,-0.13101877346683377,"EV(call)=INR-0, EV(visit)=INR-165 — negative economic yield",19.0,2.0,12.0,3.1578947368421053,32850.0,test
AC000147,PH000931,3,0,0.9891764705882353,Excellent,1,Call,106.2823529411765,EV(call)=INR106 [P(RPC)=98.92% x 5% x INR22500 x 10% - INR5],24.0,0.0,0.0,17.958333333333332,22500.0,train
AC000147,PH000932,0,1,0.008784313725490198,Poor,2,Suppress,-4.011764705882353,"EV(call)=INR-4, EV(visit)=INR-176 — negative economic yield",-1.0,-1.0,-1.0,-1.0,22500.0,train
AC000147,PH000933,1,2,0.008784313725490198,Poor,3,Suppress,-4.011764705882353,"EV(call)=INR-4, EV(visit)=INR-176 — negative economic yield",-1.0,-1.0,-1.0,-1.0,22500.0,train
AC000147,PH000499,2,3,0.008784313725490198,Poor,4,Suppress,-4.011764705882353,"EV(call)=INR-4, EV(visit)=INR-176 — negative economic yield",5.0,0.0,0.0,0.0,22500.0,train
AC000147,PH000934,4,4,0.008784313725490198,Poor,5,Suppress,-4.011764705882353,"EV(call)=INR-4, EV(visit)=INR-176 — negative economic yield",-1.0,-1.0,-1.0,-1.0,22500.0,train
AC000148,PH000441,2,1,0.9745437518290897,Excellent,1,Call,417.951988293825,EV(call)=INR418 [P(RPC)=97.45% x 5% x INR86800 x 10% - INR5],17.0,0.0,0.0,30.823529411764707,86800.0,train
AC000148,PH000935,3,0,0.9424911297852473,Excellent,2,Call,404.0411503267974,EV(call)=INR404 [P(RPC)=94.25% x 5% x INR86800 x 10% - INR5],2.0,0.0,0.0,27.0,86800.0,train
AC000149,PH000936,3,0,0.9891764705882353,Excellent,1,Call,137.19411764705885,EV(call)=INR137 [P(RPC)=98.92% x 5% x INR28750 x 10% - INR5],23.0,0.0,3.0,29.608695652173914,28750.0,train
AC000149,PH000937,4,1,0.029643721318314557,Poor,2,Suppress,-0.7387150604922823,"EV(call)=INR-1, EV(visit)=INR-169 — negative economic yield",8.0,1.0,0.0,24.375,28750.0,train
AC000150,PH000938,3,0,0.9745437518290897,Excellent,1,Call,1687.782496927129,EV(call)=INR1688 [P(RPC)=97.45% x 5% x INR347400 x 10% - INR5],11.0,0.0,0.0,121.0909090909091,347400.0,train
AC000151,PH000939,3,0,0.9891764705882353,Excellent,1,Call,562.7872941176472,EV(call)=INR563 [P(RPC)=98.92% x 5% x INR114800 x 10% - INR5],37.0,0.0,0.0,28.405405405405407,114800.0,train
AC000151,PH000940,0,1,0.008784313725490198,Poor,2,Call,0.04219607843137396,EV(call)=INR0 [P(RPC)=0.88% x 5% x INR114800 x 10% - INR5],-1.0,-1.0,-1.0,-1.0,114800.0,train
AC000151,PH000941,1,2,0.008784313725490198,Poor,3,Call,0.04219607843137396,EV(call)=INR0 [P(RPC)=0.88% x 5% x INR114800 x 10% - INR5],-1.0,-1.0,-1.0,-1.0,114800.0,train
AC000151,PH000547,2,3,0.008784313725490198,Poor,4,Call,0.04219607843137396,EV(call)=INR0 [P(RPC)=0.88% x 5% x INR114800 x 10% - INR5],-1.0,-1.0,-1.0,-1.0,114800.0,train
AC000151,PH000942,4,4,0.008784313725490198,Poor,5,Call,0.04219607843137396,EV(call)=INR0 [P(RPC)=0.88% x 5% x INR114800 x 10% - INR5],-1.0,-1.0,-1.0,-1.0,114800.0,train
AC000152,PH005872,5,2,0.9891764705882353,Excellent,1,Call,2893.28705882353,EV(call)=INR2893 [P(RPC)=98.92% x 5% x INR586000 x 10% - INR5],10.0,0.0,0.0,37.3,586000.0,train
AC000152,PH000944,4,1,0.07136253650396328,Poor,2,Call,204.09223195661244,EV(call)=INR204 [P(RPC)=7.14% x 5% x INR586000 x 10% - INR5],8.0,0.0,0.0,20.75,586000.0,train
AC000152,PH000943,3,0,0.029643721318314557,Poor,3,Call,81.85610346266166,EV(call)=INR82 [P(RPC)=2.96% x 5% x INR586000 x 10% - INR5],8.0,0.0,2.0,0.0,586000.0,train
AC000153,PH000143,3,0,0.9424911297852473,Excellent,1,Call,720.9537927170868,EV(call)=INR721 [P(RPC)=94.25% x 5% x INR154050 x 10% - INR5],27.0,2.0,0.0,30.296296296296298,154050.0,train
AC000153,PH005832,5,4,0.9424911297852473,Excellent,2,Call,720.9537927170868,EV(call)=INR721 [P(RPC)=94.25% x 5% x INR154050 x 10% - INR5],6.0,0.0,0.0,10.833333333333334,154050.0,train
AC000153,PH000945,1,1,0.029643721318314557,Poor,3,Call,17.83307634543179,EV(call)=INR18 [P(RPC)=2.96% x 5% x INR154050 x 10% - INR5],8.0,2.0,0.0,5.75,154050.0,train
AC000153,PH000489,2,2,0.029643721318314557,Poor,4,Call,17.83307634543179,EV(call)=INR18 [P(RPC)=2.96% x 5% x INR154050 x 10% - INR5],-1.0,-1.0,-1.0,-1.0,154050.0,train
AC000153,PH000946,4,3,0.029643721318314557,Poor,5,Call,17.83307634543179,EV(call)=INR18 [P(RPC)=2.96% x 5% x INR154050 x 10% - INR5],-1.0,-1.0,-1.0,-1.0,154050.0,train
AC000154,PH000948,4,1,0.8911372549019607,Excellent,1,Call,1772.818823529412,EV(call)=INR1773 [P(RPC)=89.11% x 5% x INR399000 x 10% - INR5],9.0,1.0,0.0,48.55555555555556,399000.0,train
AC000154,PH005906,5,2,0.07136253650396328,Poor,2,Call,137.36826032540677,EV(call)=INR137 [P(RPC)=7.14% x 5% x INR399000 x 10% - INR5],7.0,0.0,0.0,0.0,399000.0,train
AC000154,PH000947,3,0,0.008784313725490198,Poor,3,Call,12.524705882352944,EV(call)=INR13 [P(RPC)=0.88% x 5% x INR399000 x 10% - INR5],15.0,0.0,14.0,0.0,399000.0,train
AC000155,PH000949,3,0,0.008784313725490198,Poor,1,Call,27.55905882352942,EV(call)=INR28 [P(RPC)=0.88% x 5% x INR741300 x 10% - INR5],21.0,0.0,6.0,0.0,741300.0,train
AC000156,PH000950,3,0,0.9745437518290897,Excellent,1,Call,747.3477764120573,EV(call)=INR747 [P(RPC)=97.45% x 5% x INR154400 x 10% - INR5],13.0,0.0,0.0,46.15384615384615,154400.0,train
AC000156,PH000951,1,1,0.10069607843137254,Poor,2,Call,72.73737254901963,EV(call)=INR73 [P(RPC)=10.07% x 5% x INR154400 x 10% - INR5],10.0,2.0,0.0,5.8,154400.0,train
AC000156,PH000362,2,2,0.07136253650396328,Poor,3,Call,50.091878181059656,EV(call)=INR50 [P(RPC)=7.14% x 5% x INR154400 x 10% - INR5],20.0,1.0,0.0,48.3,154400.0,train
AC000157,PH000952,3,0,0.9891764705882353,Excellent,1,Call,3638.8788235294123,EV(call)=INR3639 [P(RPC)=98.92% x 5% x INR736750 x 10% - INR5],32.0,0.0,0.0,28.6875,736750.0,train
AC000158,PH000602,2,2,0.10069607843137254,Poor,1,Suppress,224.7884509803922,Compliance: Verified third-party — contact strictly prohibited,6.0,0.0,0.0,7.5,456400.0,validation
AC000158,PH000954,1,1,0.029643721318314557,Poor,2,Call,62.64697204839382,EV(call)=INR63 [P(RPC)=2.96% x 5% x INR456400 x 10% - INR5],7.0,2.0,0.0,6.285714285714286,456400.0,validation
AC000158,PH000953,3,0,0.008784313725490198,Poor,3,Call,15.045803921568634,EV(call)=INR15 [P(RPC)=0.88% x 5% x INR456400 x 10% - INR5],8.0,0.0,6.0,0.0,456400.0,validation
AC000158,PH000955,4,3,0.008784313725490198,Poor,4,Call,15.045803921568634,EV(call)=INR15 [P(RPC)=0.88% x 5% x INR456400 x 10% - INR5],-1.0,-1.0,-1.0,-1.0,456400.0,validation
AC000159,PH000956,3,0,0.9745437518290897,Excellent,1,Call,527.100888498683,EV(call)=INR527 [P(RPC)=97.45% x 5% x INR109200 x 10% - INR5],13.0,0.0,0.0,38.92307692307692,109200.0,train
AC000160,PH000957,3,0,0.9891764705882353,Excellent,1,Call,677.5317647058824,EV(call)=INR678 [P(RPC)=98.92% x 5% x INR138000 x 10% - INR5],42.0,0.0,0.0,44.5,138000.0,train
AC000161,PH000958,3,0,0.9424911297852473,Excellent,1,Call,687.7309803921568,EV(call)=INR688 [P(RPC)=94.25% x 5% x INR147000 x 10% - INR5],4.0,0.0,0.0,19.75,147000.0,train
AC000161,PH000959,0,1,0.07136253650396328,Poor,2,Call,47.45146433041302,EV(call)=INR47 [P(RPC)=7.14% x 5% x INR147000 x 10% - INR5],-1.0,-1.0,-1.0,-1.0,147000.0,train
AC000161,PH000960,4,2,0.029643721318314557,Poor,3,Call,16.7881351689612,EV(call)=INR17 [P(RPC)=2.96% x 5% x INR147000 x 10% - INR5],-1.0,-1.0,-1.0,-1.0,147000.0,train
AC000162,PH000961,0,1,0.9891764705882353,Excellent,1,Call,548.9388235294118,EV(call)=INR549 [P(RPC)=98.92% x 5% x INR112000 x 10% - INR5],13.0,0.0,0.0,33.46153846153846,112000.0,train
AC000162,PH000963,4,3,0.43770588235294117,Good,2,Call,240.11529411764707,EV(call)=INR240 [P(RPC)=43.77% x 5% x INR112000 x 10% - INR5],5.0,0.0,0.0,39.8,112000.0,train
AC000162,PH000167,3,0,0.029643721318314557,Poor,3,Call,11.600483938256154,EV(call)=INR12 [P(RPC)=2.96% x 5% x INR112000 x 10% - INR5],8.0,0.0,0.0,34.375,112000.0,train
AC000162,PH000962,1,2,0.008784313725490198,Poor,4,Suppress,-0.08078431372548867,"EV(call)=INR-0, EV(visit)=INR-79 — negative economic yield",8.0,0.0,0.0,0.0,112000.0,train
AC000163,PH000964,3,0,0.10069607843137254,Poor,1,Call,6.454178921568628,EV(call)=INR6 [P(RPC)=10.07% x 5% x INR22750 x 10% - INR5],13.0,2.0,0.0,42.38461538461539,22750.0,validation
AC000163,PH000965,0,1,0.008784313725490198,Poor,2,Suppress,-4.0007843137254895,"EV(call)=INR-4, EV(visit)=INR-175 — negative economic yield",14.0,0.0,6.0,0.0,22750.0,validation
AC000163,PH000966,1,2,0.008784313725490198,Poor,3,Suppress,-4.0007843137254895,"EV(call)=INR-4, EV(visit)=INR-175 — negative economic yield",2.0,2.0,0.0,33.5,22750.0,validation
AC000164,PH000967,3,0,0.9891764705882353,Excellent,1,Call,1143.4338823529413,EV(call)=INR1143 [P(RPC)=98.92% x 5% x INR232200 x 10% - INR5],29.0,1.0,0.0,19.137931034482758,232200.0,validation
AC000164,PH000968,4,1,0.10069607843137254,Poor,2,Call,111.90814705882354,EV(call)=INR112 [P(RPC)=10.07% x 5% x INR232200 x 10% - INR5],3.0,2.0,0.0,64.66666666666667,232200.0,validation
AC000165,PH000969,3,0,0.9891764705882353,Excellent,1,Call,268.7545882352942,EV(call)=INR269 [P(RPC)=98.92% x 5% x INR55350 x 10% - INR5],18.0,0.0,8.0,24.833333333333332,55350.0,train
AC000165,PH000970,0,1,0.9891764705882353,Excellent,2,Call,268.7545882352942,EV(call)=INR269 [P(RPC)=98.92% x 5% x INR55350 x 10% - INR5],10.0,0.0,0.0,30.3,55350.0,train
AC000165,PH000971,4,2,0.008784313725490198,Poor,3,Suppress,-2.5689411764705876,"EV(call)=INR-3, EV(visit)=INR-140 — negative economic yield",-1.0,-1.0,-1.0,-1.0,55350.0,train
AC000166,PH000972,3,0,0.9891764705882353,Excellent,1,Call,573.6682352941177,EV(call)=INR574 [P(RPC)=98.92% x 5% x INR117000 x 10% - INR5],36.0,0.0,0.0,75.61111111111111,117000.0,validation
AC000167,PH000973,3,0,0.9745437518290897,Excellent,1,Call,823.3621890547264,EV(call)=INR823 [P(RPC)=97.45% x 5% x INR170000 x 10% - INR5],2.0,0.0,0.0,28.5,170000.0,train
AC000167,PH000975,1,2,0.07136253650396328,Poor,2,Call,55.6581560283688,EV(call)=INR56 [P(RPC)=7.14% x 5% x INR170000 x 10% - INR5],-1.0,-1.0,-1.0,-1.0,170000.0,train
AC000167,PH000974,0,1,0.029643721318314557,Poor,3,Call,20.197163120567375,EV(call)=INR20 [P(RPC)=2.96% x 5% x INR170000 x 10% - INR5],-1.0,-1.0,-1.0,-1.0,170000.0,train
AC000168,PH000976,3,0,0.9891764705882353,Excellent,1,Call,1064.5470588235296,EV(call)=INR1065 [P(RPC)=98.92% x 5% x INR216250 x 10% - INR5],23.0,0.0,0.0,57.08695652173913,216250.0,test
AC000168,PH000977,4,1,0.029643721318314557,Poor,2,Call,27.052273675427614,EV(call)=INR27 [P(RPC)=2.96% x 5% x INR216250 x 10% - INR5],-1.0,-1.0,-1.0,-1.0,216250.0,test
AC000169,PH000978,3,0,0.9891764705882353,Excellent,1,Call,288.7854117647059,EV(call)=INR289 [P(RPC)=98.92% x 5% x INR59400 x 10% - INR5],30.0,0.0,0.0,43.5,59400.0,test
AC000170,PH000979,3,0,0.9745437518290897,Excellent,1,Call,684.7333403570383,EV(call)=INR685 [P(RPC)=97.45% x 5% x INR141550 x 10% - INR5],15.0,0.0,0.0,77.6,141550.0,train
AC000170,PH000980,1,1,0.029209150326797384,Poor,2,Call,15.672776143790852,EV(call)=INR16 [P(RPC)=2.92% x 5% x INR141550 x 10% - INR5],-1.0,-1.0,-1.0,-1.0,141550.0,train
AC000171,PH000981,3,0,0.9745437518290897,Excellent,1,Call,2380.683104477612,EV(call)=INR2381 [P(RPC)=97.45% x 5% x INR489600 x 10% - INR5],13.0,0.0,0.0,30.0,489600.0,train
AC000171,PH000982,0,1,0.07136253650396328,Poor,2,Call,169.69548936170213,EV(call)=INR170 [P(RPC)=7.14% x 5% x INR489600 x 10% - INR5],-1.0,-1.0,-1.0,-1.0,489600.0,train
AC000171,PH000983,4,2,0.008784313725490198,Poor,3,Suppress,16.504000000000005,Compliance: Verified third-party — contact strictly prohibited,-1.0,-1.0,-1.0,-1.0,489600.0,train
AC000172,PH000984,3,0,0.9891764705882353,Excellent,1,Call,158.21411764705886,EV(call)=INR158 [P(RPC)=98.92% x 5% x INR33000 x 10% - INR5],12.0,0.0,0.0,17.583333333333332,33000.0,train
AC000172,PH000985,0,1,0.9891764705882353,Excellent,2,Call,158.21411764705886,EV(call)=INR158 [P(RPC)=98.92% x 5% x INR33000 x 10% - INR5],12.0,0.0,0.0,38.75,33000.0,train
AC000172,PH000986,1,2,0.008784313725490198,Poor,3,Suppress,-3.550588235294117,"EV(call)=INR-4, EV(visit)=INR-164 — negative economic yield",-1.0,-1.0,-1.0,-1.0,33000.0,train
AC000172,PH000987,4,3,0.008784313725490198,Poor,4,Suppress,-3.550588235294117,"EV(call)=INR-4, EV(visit)=INR-164 — negative economic yield",-1.0,-1.0,-1.0,-1.0,33000.0,train
AC000173,PH000988,3,0,0.9745437518290897,Excellent,1,Call,7810.353617793386,EV(call)=INR7810 [P(RPC)=97.45% x 5% x INR1603900 x 10% - INR5],19.0,0.0,0.0,29.842105263157894,1603900.0,train
AC000173,PH000989,1,1,0.029643721318314557,Poor,2,Call,232.7278231122236,EV(call)=INR233 [P(RPC)=2.96% x 5% x INR1603900 x 10% - INR5],6.0,1.0,0.0,4.833333333333333,1603900.0,train
AC000173,PH000990,4,2,0.008784313725490198,Poor,3,Suppress,65.44580392156864,Compliance: Verified third-party — contact strictly prohibited,-1.0,-1.0,-1.0,-1.0,1603900.0,train
AC000174,PH000991,3,0,0.9424911297852473,Excellent,1,Call,316.62509803921563,EV(call)=INR317 [P(RPC)=94.25% x 5% x INR68250 x 10% - INR5],3.0,0.0,0.0,16.666666666666668,68250.0,train
AC000174,PH000992,0,1,0.008784313725490198,Poor,2,Suppress,-2.00235294117647,"EV(call)=INR-2, EV(visit)=INR-126 — negative economic yield",-1.0,-1.0,-1.0,-1.0,68250.0,train
AC000175,PH000993,3,0,0.9745437518290897,Excellent,1,Call,4945.682259291776,EV(call)=INR4946 [P(RPC)=97.45% x 5% x INR1016000 x 10% - INR5],8.0,0.0,0.0,33.0,1016000.0,validation
AC000175,PH000994,1,1,0.008784313725490198,Poor,2,Call,39.624313725490204,EV(call)=INR40 [P(RPC)=0.88% x 5% x INR1016000 x 10% - INR5],-1.0,-1.0,-1.0,-1.0,1016000.0,validation
AC000176,PH000996,4,1,0.9424911297852473,Excellent,1,Call,737.2117647058823,EV(call)=INR737 [P(RPC)=94.25% x 5% x INR157500 x 10% - INR5],22.0,0.0,0.0,31.545454545454547,157500.0,train
AC000176,PH000995,3,0,0.07136253650396328,Poor,2,Call,51.19799749687109,EV(call)=INR51 [P(RPC)=7.14% x 5% x INR157500 x 10% - INR5],5.0,2.0,0.0,8.0,157500.0,train
AC000177,PH000997,3,0,0.9745437518290897,Excellent,1,Call,372.1484319578578,EV(call)=INR372 [P(RPC)=97.45% x 5% x INR77400 x 10% - INR5],29.0,0.0,0.0,107.0,77400.0,train
AC000178,PH000999,4,1,0.9745437518290897,Excellent,1,Call,2767.820609891718,EV(call)=INR2768 [P(RPC)=97.45% x 5% x INR569050 x 10% - INR5],25.0,0.0,0.0,23.08,569050.0,train
AC000178,PH000998,3,0,0.07136253650396328,Poor,2,Call,198.04425698790155,EV(call)=INR198 [P(RPC)=7.14% x 5% x INR569050 x 10% - INR5],16.0,0.0,0.0,0.0,569050.0,train
AC000179,PH001002,4,2,0.2888963585434174,Fair,1,Call,224.23926050420175,EV(call)=INR224 [P(RPC)=28.89% x 5% x INR158700 x 10% - INR5],9.0,1.0,0.0,26.88888888888889,158700.0,validation
AC000179,PH001001,1,1,0.029209150326797384,Poor,2,Call,18.177460784313727,EV(call)=INR18 [P(RPC)=2.92% x 5% x INR158700 x 10% - INR5],8.0,1.0,0.0,0.875,158700.0,validation
AC000179,PH001000,3,0,0.008784313725490198,Poor,3,Call,1.970352941176472,EV(call)=INR2 [P(RPC)=0.88% x 5% x INR158700 x 10% - INR5],15.0,0.0,9.0,0.0,158700.0,validation
AC000180,PH001004,1,1,0.8491204481792716,Excellent,1,Call,321.69909243697475,EV(call)=INR322 [P(RPC)=84.91% x 5% x INR76950 x 10% - INR5],3.0,0.0,0.0,63.0,76950.0,train
AC000180,PH001003,3,0,0.8020977296323418,Excellent,2,Call,303.60710147604357,EV(call)=INR304 [P(RPC)=80.21% x 5% x INR76950 x 10% - INR5],4.0,2.0,0.0,82.75,76950.0,train
AC000180,PH001005,4,2,0.029643721318314557,Poor,3,Call,6.405421777221527,EV(call)=INR6 [P(RPC)=2.96% x 5% x INR76950 x 10% - INR5],-1.0,-1.0,-1.0,-1.0,76950.0,train
AC000181,PH001006,3,0,0.9891764705882353,Excellent,1,Call,385.72470588235296,EV(call)=INR386 [P(RPC)=98.92% x 5% x INR79000 x 10% - INR5],31.0,0.0,2.0,38.83870967741935,79000.0,validation
AC000181,PH001007,1,1,0.008784313725490198,Poor,2,Suppress,-1.5301960784313717,"EV(call)=INR-2, EV(visit)=INR-115 — negative economic yield",3.0,2.0,0.0,14.0,79000.0,validation
AC000182,PH001008,3,0,0.9891764705882353,Excellent,1,Call,592.9571764705883,EV(call)=INR593 [P(RPC)=98.92% x 5% x INR120900 x 10% - INR5],14.0,0.0,0.0,13.857142857142858,120900.0,train
AC000182,PH001009,0,1,0.008784313725490198,Poor,2,Call,0.3101176470588243,EV(call)=INR0 [P(RPC)=0.88% x 5% x INR120900 x 10% - INR5],-1.0,-1.0,-1.0,-1.0,120900.0,train
AC000182,PH000531,2,2,0.008784313725490198,Poor,3,Call,0.3101176470588243,EV(call)=INR0 [P(RPC)=0.88% x 5% x INR120900 x 10% - INR5],-1.0,-1.0,-1.0,-1.0,120900.0,train
AC000183,PH001012,4,2,0.9424911297852473,Excellent,1,Call,230.38715966386553,EV(call)=INR230 [P(RPC)=94.25% x 5% x INR49950 x 10% - INR5],21.0,0.0,0.0,25.0,49950.0,train
AC000183,PH001010,3,0,0.008784313725490198,Poor,2,Suppress,-2.806117647058823,"EV(call)=INR-3, EV(visit)=INR-146 — negative economic yield",3.0,0.0,0.0,0.0,49950.0,train
AC000183,PH001011,0,1,0.008784313725490198,Poor,3,Suppress,-2.806117647058823,"EV(call)=INR-3, EV(visit)=INR-146 — negative economic yield",8.0,0.0,0.0,0.0,49950.0,train
AC000184,PH001013,3,0,0.07136253650396328,Poor,1,Call,2.5465882352941183,EV(call)=INR3 [P(RPC)=7.14% x 5% x INR21150 x 10% - INR5],5.0,1.0,0.0,3.2,21150.0,validation
AC000184,PH001014,0,1,0.029209150326797384,Poor,2,Suppress,-1.9111323529411761,"EV(call)=INR-2, EV(visit)=INR-177 — negative economic yield",-1.0,-1.0,-1.0,-1.0,21150.0,validation
AC000184,PH001015,1,2,0.008784313725490198,Poor,3,Suppress,-4.071058823529412,"EV(call)=INR-4, EV(visit)=INR-177 — negative economic yield",-1.0,-1.0,-1.0,-1.0,21150.0,validation
AC000184,PH001016,4,3,0.008784313725490198,Poor,4,Suppress,-4.071058823529412,"EV(call)=INR-4, EV(visit)=INR-177 — negative economic yield",-1.0,-1.0,-1.0,-1.0,21150.0,validation
AC000185,PH000557,2,2,0.2888963585434174,Fair,1,Call,114.81976470588236,EV(call)=INR115 [P(RPC)=28.89% x 5% x INR82950 x 10% - INR5],13.0,0.0,0.0,40.23076923076923,82950.0,validation
AC000185,PH001018,1,1,0.029643721318314557,Poor,2,Call,7.294733416770963,EV(call)=INR7 [P(RPC)=2.96% x 5% x INR82950 x 10% - INR5],16.0,1.0,0.0,1.125,82950.0,validation
AC000185,PH001017,3,0,0.008784313725490198,Poor,3,Suppress,-1.3567058823529408,"EV(call)=INR-1, EV(visit)=INR-110 — negative economic yield",11.0,2.0,7.0,4.818181818181818,82950.0,validation
AC000186,PH001019,3,0,0.9745437518290897,Excellent,1,Call,927.3947345624816,EV(call)=INR927 [P(RPC)=97.45% x 5% x INR191350 x 10% - INR5],17.0,0.0,0.0,50.294117647058826,191350.0,train
AC000186,PH000368,2,1,0.029643721318314557,Poor,2,Call,23.36163037129745,EV(call)=INR23 [P(RPC)=2.96% x 5% x INR191350 x 10% - INR5],8.0,0.0,0.0,45.875,191350.0,train
AC000187,PH005935,5,3,0.9891764705882353,Excellent,1,Call,1219.1058823529413,EV(call)=INR1219 [P(RPC)=98.92% x 5% x INR247500 x 10% - INR5],1.0,0.0,0.0,177.0,247500.0,train
AC000187,PH001021,4,2,0.10069607843137254,Poor,2,Call,119.61139705882354,EV(call)=INR120 [P(RPC)=10.07% x 5% x INR247500 x 10% - INR5],8.0,0.0,0.0,11.0,247500.0,train
AC000187,PH000579,2,1,0.029643721318314557,Poor,3,Call,31.684105131414263,EV(call)=INR32 [P(RPC)=2.96% x 5% x INR247500 x 10% - INR5],8.0,0.0,0.0,23.5,247500.0,train
AC000187,PH001020,3,0,0.008784313725490198,Poor,4,Call,5.870588235294122,EV(call)=INR6 [P(RPC)=0.88% x 5% x INR247500 x 10% - INR5],9.0,0.0,5.0,0.0,247500.0,train
AC000188,PH001022,3,0,0.9745437518290897,Excellent,1,Call,657.6897512437811,EV(call)=INR658 [P(RPC)=97.45% x 5% x INR136000 x 10% - INR5],12.0,0.0,0.0,50.916666666666664,136000.0,train
AC000188,PH001023,0,1,0.029643721318314557,Poor,2,Call,15.157730496453901,EV(call)=INR15 [P(RPC)=2.96% x 5% x INR136000 x 10% - INR5],-1.0,-1.0,-1.0,-1.0,136000.0,train
AC000189,PH001024,3,0,0.9745437518290897,Excellent,1,Call,1460.7138027509511,EV(call)=INR1461 [P(RPC)=97.45% x 5% x INR300800 x 10% - INR5],4.0,0.0,0.0,177.0,300800.0,train
AC000189,PH001025,1,1,0.008784313725490198,Poor,2,Call,8.211607843137259,EV(call)=INR8 [P(RPC)=0.88% x 5% x INR300800 x 10% - INR5],-1.0,-1.0,-1.0,-1.0,300800.0,train
AC000189,PH000342,2,2,0.008784313725490198,Poor,3,Call,8.211607843137259,EV(call)=INR8 [P(RPC)=0.88% x 5% x INR300800 x 10% - INR5],-1.0,-1.0,-1.0,-1.0,300800.0,train
AC000189,PH001026,4,3,0.008784313725490198,Poor,4,Call,8.211607843137259,EV(call)=INR8 [P(RPC)=0.88% x 5% x INR300800 x 10% - INR5],-1.0,-1.0,-1.0,-1.0,300800.0,train
AC000190,PH001027,3,0,0.9745437518290897,Excellent,1,Call,450.59920398009945,EV(call)=INR451 [P(RPC)=97.45% x 5% x INR93500 x 10% - INR5],24.0,1.0,0.0,52.375,93500.0,train
AC000191,PH001029,0,1,0.9891764705882353,Excellent,1,Call,126.56047058823532,EV(call)=INR127 [P(RPC)=98.92% x 5% x INR26600 x 10% - INR5],14.0,0.0,1.0,43.5,26600.0,train
AC000191,PH001030,4,2,0.029209150326797384,Poor,2,Suppress,-1.1151830065359474,"EV(call)=INR-1, EV(visit)=INR-171 — negative economic yield",2.0,2.0,0.0,102.5,26600.0,train
AC000191,PH001028,3,0,0.008784313725490198,Poor,3,Suppress,-3.8316862745098037,"EV(call)=INR-4, EV(visit)=INR-171 — negative economic yield",8.0,0.0,4.0,0.0,26600.0,train
AC000192,PH001031,3,0,0.9745437518290897,Excellent,1,Call,71.74532045654082,EV(call)=INR72 [P(RPC)=97.45% x 5% x INR15750 x 10% - INR5],19.0,1.0,0.0,29.105263157894736,15750.0,train
AC000192,PH001032,0,1,0.8491204481792716,Excellent,2,Call,61.86823529411764,EV(call)=INR62 [P(RPC)=84.91% x 5% x INR15750 x 10% - INR5],4.0,0.0,0.0,8.5,15750.0,train
AC000193,PH001033,3,0,0.9745437518290897,Excellent,1,Call,252.2795504828797,EV(call)=INR252 [P(RPC)=97.45% x 5% x INR52800 x 10% - INR5],22.0,0.0,0.0,41.63636363636363,52800.0,validation
AC000193,PH000421,2,1,0.008784313725490198,Poor,2,Suppress,-2.6809411764705877,"EV(call)=INR-3, EV(visit)=INR-143 — negative economic yield",-1.0,-1.0,-1.0,-1.0,52800.0,validation
AC000193,PH001034,4,2,0.008784313725490198,Poor,3,Suppress,-2.6809411764705877,"EV(call)=INR-3, EV(visit)=INR-143 — negative economic yield",-1.0,-1.0,-1.0,-1.0,52800.0,validation
AC000194,PH001036,0,1,0.9745437518290897,Excellent,1,Call,246.43228797190514,EV(call)=INR246 [P(RPC)=97.45% x 5% x INR51600 x 10% - INR5],8.0,0.0,0.0,77.25,51600.0,train
AC000194,PH001035,3,0,0.07136253650396328,Poor,2,Call,13.411534418022526,EV(call)=INR13 [P(RPC)=7.14% x 5% x INR51600 x 10% - INR5],8.0,2.0,0.0,7.375,51600.0,train
AC000194,PH001037,4,2,0.008784313725490198,Poor,3,Suppress,-2.733647058823529,"EV(call)=INR-3, EV(visit)=INR-144 — negative economic yield",-1.0,-1.0,-1.0,-1.0,51600.0,train
AC000195,PH001039,4,1,0.9891764705882353,Excellent,1,Call,1617.249411764706,EV(call)=INR1617 [P(RPC)=98.92% x 5% x INR328000 x 10% - INR5],25.0,0.0,0.0,98.84,328000.0,train
AC000195,PH001038,3,0,0.008784313725490198,Poor,2,Call,9.406274509803925,EV(call)=INR9 [P(RPC)=0.88% x 5% x INR328000 x 10% - INR5],2.0,0.0,0.0,0.0,328000.0,train
AC000196,PH005873,5,2,0.9745437518290897,Excellent,1,Call,2899.1403804506876,EV(call)=INR2899 [P(RPC)=97.45% x 5% x INR596000 x 10% - INR5],13.0,0.0,0.0,29.615384615384617,596000.0,validation
AC000196,PH001041,4,1,0.8911372549019607,Excellent,2,Call,2650.5890196078435,EV(call)=INR2651 [P(RPC)=89.11% x 5% x INR596000 x 10% - INR5],19.0,1.0,0.0,41.05263157894737,596000.0,validation
AC000196,PH001040,3,0,0.029643721318314557,Poor,3,Call,83.33828952857738,EV(call)=INR83 [P(RPC)=2.96% x 5% x INR596000 x 10% - INR5],3.0,2.0,0.0,19.0,596000.0,validation
AC000197,PH001044,4,2,0.2888963585434174,Fair,1,Call,314.374924369748,EV(call)=INR314 [P(RPC)=28.89% x 5% x INR221100 x 10% - INR5],12.0,0.0,0.0,57.333333333333336,221100.0,train
AC000197,PH001043,0,1,0.029209150326797384,Poor,2,Call,27.290715686274517,EV(call)=INR27 [P(RPC)=2.92% x 5% x INR221100 x 10% - INR5],13.0,0.0,0.0,0.0,221100.0,train
AC000197,PH001042,3,0,0.008784313725490198,Poor,3,Call,4.711058823529413,EV(call)=INR5 [P(RPC)=0.88% x 5% x INR221100 x 10% - INR5],13.0,0.0,8.0,0.0,221100.0,train
AC000198,PH001045,3,0,0.9891764705882353,Excellent,1,Call,603.3435294117647,EV(call)=INR603 [P(RPC)=98.92% x 5% x INR123000 x 10% - INR5],21.0,0.0,0.0,36.523809523809526,123000.0,train
AC000198,PH001046,0,1,0.029643721318314557,Poor,2,Call,13.230888610763454,EV(call)=INR13 [P(RPC)=2.96% x 5% x INR123000 x 10% - INR5],-1.0,-1.0,-1.0,-1.0,123000.0,train
AC000198,PH000514,2,2,0.029643721318314557,Poor,3,Call,13.230888610763454,EV(call)=INR13 [P(RPC)=2.96% x 5% x INR123000 x 10% - INR5],-1.0,-1.0,-1.0,-1.0,123000.0,train
AC000199,PH001047,3,0,0.9745437518290897,Excellent,1,Call,1659.5207281240853,EV(call)=INR1660 [P(RPC)=97.45% x 5% x INR341600 x 10% - INR5],21.0,1.0,0.0,98.14285714285714,341600.0,test
AC000200,PH001049,4,1,0.8257777777777777,Excellent,1,Call,963.6373333333333,EV(call)=INR964 [P(RPC)=82.58% x 5% x INR234600 x 10% - INR5],12.0,0.0,0.0,53.333333333333336,234600.0,train
AC000200,PH001048,3,0,0.008784313725490198,Poor,2,Call,5.304000000000002,EV(call)=INR5 [P(RPC)=0.88% x 5% x INR234600 x 10% - INR5],16.0,0.0,4.0,0.0,234600.0,train
AC000201,PH001050,3,0,0.9891764705882353,Excellent,1,Call,202.72705882352943,EV(call)=INR203 [P(RPC)=98.92% x 5% x INR42000 x 10% - INR5],16.0,0.0,0.0,52.0,42000.0,validation
AC000201,PH001051,4,1,0.43770588235294117,Good,2,Call,86.91823529411765,EV(call)=INR87 [P(RPC)=43.77% x 5% x INR42000 x 10% - INR5],14.0,0.0,0.0,33.0,42000.0,validation
AC000202,PH001052,3,0,0.9891764705882353,Excellent,1,Call,61.76941176470589,EV(call)=INR62 [P(RPC)=98.92% x 5% x INR13500 x 10% - INR5],26.0,0.0,0.0,41.07692307692308,13500.0,validation
AC000203,PH000327,2,1,0.9745437518290897,Excellent,1,Call,2165.7962071992974,EV(call)=INR2166 [P(RPC)=97.45% x 5% x INR445500 x 10% - INR5],24.0,0.0,0.0,47.083333333333336,445500.0,train
AC000203,PH000223,3,0,0.10069607843137254,Poor,2,Call,219.3005147058824,EV(call)=INR219 [P(RPC)=10.07% x 5% x INR445500 x 10% - INR5],10.0,2.0,0.0,44.9,445500.0,train
AC000204,PH001054,0,1,0.9891764705882353,Excellent,1,Call,620.6541176470589,EV(call)=INR621 [P(RPC)=98.92% x 5% x INR126500 x 10% - INR5],20.0,0.0,0.0,71.4,126500.0,train
AC000204,PH000305,2,3,0.9424911297852473,Excellent,2,Call,591.1256395891689,EV(call)=INR591 [P(RPC)=94.25% x 5% x INR126500 x 10% - INR5],11.0,0.0,0.0,21.454545454545453,126500.0,train
AC000204,PH001053,3,0,0.029209150326797384,Poor,3,Call,13.47478758169935,EV(call)=INR13 [P(RPC)=2.92% x 5% x INR126500 x 10% - INR5],7.0,2.0,0.0,7.142857142857143,126500.0,train
AC000204,PH001055,1,2,0.008784313725490198,Poor,4,Call,0.5560784313725504,EV(call)=INR1 [P(RPC)=0.88% x 5% x INR126500 x 10% - INR5],8.0,1.0,0.0,2.375,126500.0,train
AC000205,PH001056,3,0,0.9745437518290897,Excellent,1,Call,1231.2087491952004,EV(call)=INR1231 [P(RPC)=97.45% x 5% x INR253700 x 10% - INR5],19.0,0.0,0.0,43.21052631578947,253700.0,train
AC000205,PH001057,1,1,0.008784313725490198,Poor,2,Call,6.142901960784316,EV(call)=INR6 [P(RPC)=0.88% x 5% x INR253700 x 10% - INR5],-1.0,-1.0,-1.0,-1.0,253700.0,train
AC000205,PH001058,4,2,0.008784313725490198,Poor,3,Call,6.142901960784316,EV(call)=INR6 [P(RPC)=0.88% x 5% x INR253700 x 10% - INR5],-1.0,-1.0,-1.0,-1.0,253700.0,train
AC000206,PH001060,1,1,0.9891764705882353,Excellent,1,Call,1204.2682352941179,EV(call)=INR1204 [P(RPC)=98.92% x 5% x INR244500 x 10% - INR5],19.0,0.0,0.0,60.8421052631579,244500.0,train
AC000206,PH001059,3,0,0.9745437518290897,Excellent,2,Call,1186.3797366110623,EV(call)=INR1186 [P(RPC)=97.45% x 5% x INR244500 x 10% - INR5],12.0,0.0,0.0,29.0,244500.0,train
AC000207,PH001062,4,1,0.9745437518290897,Excellent,1,Call,1611.76808428446,EV(call)=INR1612 [P(RPC)=97.45% x 5% x INR331800 x 10% - INR5],25.0,1.0,0.0,53.92,331800.0,train
AC000207,PH001061,3,0,0.10069607843137254,Poor,2,Call,162.05479411764708,EV(call)=INR162 [P(RPC)=10.07% x 5% x INR331800 x 10% - INR5],12.0,2.0,0.0,4.833333333333333,331800.0,train
AC000208,PH001063,3,0,0.9745437518290897,Excellent,1,Call,389.6902194907814,EV(call)=INR390 [P(RPC)=97.45% x 5% x INR81000 x 10% - INR5],21.0,1.0,0.0,5.0476190476190474,81000.0,train
AC000208,PH001065,4,2,0.07136253650396328,Poor,2,Call,23.901827284105128,EV(call)=INR24 [P(RPC)=7.14% x 5% x INR81000 x 10% - INR5],5.0,2.0,0.0,59.0,81000.0,train
AC000208,PH001064,1,1,0.029643721318314557,Poor,3,Call,7.005707133917397,EV(call)=INR7 [P(RPC)=2.96% x 5% x INR81000 x 10% - INR5],8.0,2.0,0.0,4.625,81000.0,train
AC000209,PH001066,3,0,0.9745437518290897,Excellent,1,Call,179.18876909569798,EV(call)=INR179 [P(RPC)=97.45% x 5% x INR37800 x 10% - INR5],11.0,0.0,0.0,26.181818181818183,37800.0,train
AC000209,PH001067,1,1,0.9424911297852473,Excellent,2,Call,173.13082352941174,EV(call)=INR173 [P(RPC)=94.25% x 5% x INR37800 x 10% - INR5],9.0,0.0,0.0,7.222222222222222,37800.0,train
AC000209,PH001068,4,2,0.029643721318314557,Poor,3,Call,0.6026633291614516,EV(call)=INR1 [P(RPC)=2.96% x 5% x INR37800 x 10% - INR5],8.0,0.0,0.0,25.125,37800.0,train
AC000210,PH001069,3,0,0.9745437518290897,Excellent,1,Call,872.0893766461809,EV(call)=INR872 [P(RPC)=97.45% x 5% x INR180000 x 10% - INR5],17.0,0.0,0.0,21.352941176470587,180000.0,test
AC000210,PH001070,4,1,0.10069607843137254,Poor,2,Call,85.6264705882353,EV(call)=INR86 [P(RPC)=10.07% x 5% x INR180000 x 10% - INR5],5.0,0.0,0.0,51.4,180000.0,test
AC000211,PH005915,5,2,0.9745437518290897,Excellent,1,Call,109.02161896400351,EV(call)=INR109 [P(RPC)=97.45% x 5% x INR23400 x 10% - INR5],12.0,0.0,0.0,39.5,23400.0,train
AC000211,PH000030,3,0,0.8911372549019607,Excellent,2,Call,99.26305882352943,EV(call)=INR99 [P(RPC)=89.11% x 5% x INR23400 x 10% - INR5],17.0,1.0,0.0,52.470588235294116,23400.0,train
AC000211,PH001071,1,1,0.008784313725490198,Poor,3,Suppress,-3.972235294117647,"EV(call)=INR-4, EV(visit)=INR-175 — negative economic yield",8.0,1.0,0.0,3.5,23400.0,train
AC000212,PH001072,3,0,0.9745437518290897,Excellent,1,Call,1234.6196523266024,EV(call)=INR1235 [P(RPC)=97.45% x 5% x INR254400 x 10% - INR5],9.0,0.0,0.0,36.44444444444444,254400.0,validation
AC000212,PH001073,0,1,0.07136253650396328,Poor,2,Call,85.7731464330413,EV(call)=INR86 [P(RPC)=7.14% x 5% x INR254400 x 10% - INR5],-1.0,-1.0,-1.0,-1.0,254400.0,validation
AC000212,PH001074,4,2,0.029209150326797384,Poor,3,Call,32.154039215686275,EV(call)=INR32 [P(RPC)=2.92% x 5% x INR254400 x 10% - INR5],-1.0,-1.0,-1.0,-1.0,254400.0,validation
AC000213,PH001075,3,0,0.9745437518290897,Excellent,1,Call,2758.5624442493413,EV(call)=INR2759 [P(RPC)=97.45% x 5% x INR567150 x 10% - INR5],11.0,2.0,0.0,88.27272727272727,567150.0,train
AC000214,PH001076,3,0,0.43770588235294117,Good,1,Call,97.42317647058825,EV(call)=INR97 [P(RPC)=43.77% x 5% x INR46800 x 10% - INR5],12.0,1.0,0.0,3.25,46800.0,validation
AC000214,PH001077,4,1,0.43770588235294117,Good,2,Suppress,97.42317647058825,Compliance: Verified third-party — contact strictly prohibited,12.0,0.0,0.0,27.666666666666668,46800.0,validation
AC000215,PH001078,3,0,0.9745437518290897,Excellent,1,Call,3337.6850687737783,EV(call)=INR3338 [P(RPC)=97.45% x 5% x INR686000 x 10% - INR5],13.0,0.0,0.0,89.46153846153847,686000.0,train
AC000215,PH001079,0,1,0.008784313725490198,Poor,2,Call,25.130196078431382,EV(call)=INR25 [P(RPC)=0.88% x 5% x INR686000 x 10% - INR5],-1.0,-1.0,-1.0,-1.0,686000.0,train
AC000215,PH001080,4,2,0.008784313725490198,Poor,3,Call,25.130196078431382,EV(call)=INR25 [P(RPC)=0.88% x 5% x INR686000 x 10% - INR5],-1.0,-1.0,-1.0,-1.0,686000.0,train
AC000216,PH001083,4,2,0.8257777777777777,Excellent,1,Call,705.1688888888889,EV(call)=INR705 [P(RPC)=82.58% x 5% x INR172000 x 10% - INR5],12.0,0.0,0.0,33.583333333333336,172000.0,train
AC000216,PH001082,1,1,0.029643721318314557,Poor,2,Call,20.49360033375052,EV(call)=INR20 [P(RPC)=2.96% x 5% x INR172000 x 10% - INR5],8.0,0.0,0.0,45.875,172000.0,train
AC000216,PH001081,3,0,0.029209150326797384,Poor,3,Call,20.119869281045755,EV(call)=INR20 [P(RPC)=2.92% x 5% x INR172000 x 10% - INR5],8.0,0.0,0.0,0.0,172000.0,train
AC000217,PH001086,1,2,0.8491204481792716,Excellent,1,Call,1988.0979719887955,EV(call)=INR1988 [P(RPC)=84.91% x 5% x INR469450 x 10% - INR5],14.0,0.0,0.0,25.142857142857142,469450.0,validation
AC000217,PH001084,3,0,0.008784313725490198,Poor,2,Call,15.618980392156871,EV(call)=INR16 [P(RPC)=0.88% x 5% x INR469450 x 10% - INR5],8.0,0.0,6.0,0.0,469450.0,validation
AC000217,PH001085,0,1,0.008784313725490198,Poor,3,Call,15.618980392156871,EV(call)=INR16 [P(RPC)=0.88% x 5% x INR469450 x 10% - INR5],8.0,0.0,1.0,0.0,469450.0,validation
AC000218,PH000380,2,1,0.8257777777777777,Excellent,1,Call,558.5933333333334,EV(call)=INR559 [P(RPC)=82.58% x 5% x INR136500 x 10% - INR5],13.0,1.0,0.0,35.07692307692308,136500.0,train
AC000218,PH001088,4,2,0.7440784313725489,Excellent,2,Call,502.83352941176463,EV(call)=INR503 [P(RPC)=74.41% x 5% x INR136500 x 10% - INR5],6.0,1.0,0.0,68.16666666666667,136500.0,train
AC000218,PH001087,3,0,0.008784313725490198,Poor,3,Call,0.9952941176470604,EV(call)=INR1 [P(RPC)=0.88% x 5% x INR136500 x 10% - INR5],8.0,0.0,6.0,0.0,136500.0,train
AC000219,PH001089,3,0,0.9745437518290897,Excellent,1,Call,987.572811237928,EV(call)=INR988 [P(RPC)=97.45% x 5% x INR203700 x 10% - INR5],11.0,0.0,0.0,29.727272727272727,203700.0,train
AC000219,PH001090,1,1,0.029643721318314557,Poor,2,Call,25.19213016270338,EV(call)=INR25 [P(RPC)=2.96% x 5% x INR203700 x 10% - INR5],-1.0,-1.0,-1.0,-1.0,203700.0,train
AC000220,PH001091,3,0,0.9891764705882353,Excellent,1,Call,361.48988235294127,EV(call)=INR361 [P(RPC)=98.92% x 5% x INR74100 x 10% - INR5],22.0,0.0,0.0,50.27272727272727,74100.0,train
AC000220,PH001092,4,1,0.029643721318314557,Poor,2,Call,5.982998748435545,EV(call)=INR6 [P(RPC)=2.96% x 5% x INR74100 x 10% - INR5],8.0,0.0,0.0,45.375,74100.0,train
AC000221,PH001093,3,0,0.9891764705882353,Excellent,1,Call,174.53552941176474,EV(call)=INR175 [P(RPC)=98.92% x 5% x INR36300 x 10% - INR5],22.0,0.0,0.0,70.77272727272727,36300.0,train
AC000221,PH001094,0,1,0.008784313725490198,Poor,2,Suppress,-3.4056470588235292,"EV(call)=INR-3, EV(visit)=INR-161 — negative economic yield",-1.0,-1.0,-1.0,-1.0,36300.0,train
AC000221,PH001095,1,2,0.008784313725490198,Poor,3,Suppress,-3.4056470588235292,"EV(call)=INR-3, EV(visit)=INR-161 — negative economic yield",-1.0,-1.0,-1.0,-1.0,36300.0,train
AC000222,PH001097,4,1,0.07136253650396328,Poor,1,Call,77.8162236128494,EV(call)=INR78 [P(RPC)=7.14% x 5% x INR232100 x 10% - INR5],4.0,0.0,0.0,51.5,232100.0,train
AC000222,PH001096,3,0,0.008784313725490198,Poor,2,Call,5.194196078431375,EV(call)=INR5 [P(RPC)=0.88% x 5% x INR232100 x 10% - INR5],8.0,0.0,8.0,0.0,232100.0,train
AC000223,PH001098,3,0,0.008784313725490198,Poor,1,Suppress,-2.922509803921568,"EV(call)=INR-3, EV(visit)=INR-149 — negative economic yield",6.0,0.0,0.0,0.0,47300.0,train
AC000224,PH001099,3,0,0.9891764705882353,Excellent,1,Call,359.01694117647065,EV(call)=INR359 [P(RPC)=98.92% x 5% x INR73600 x 10% - INR5],33.0,0.0,18.0,49.45454545454545,73600.0,train
AC000225,PH001102,4,2,0.9424911297852473,Excellent,1,Call,2517.106263305322,EV(call)=INR2517 [P(RPC)=94.25% x 5% x INR535200 x 10% - INR5],10.0,0.0,0.0,41.5,535200.0,validation
AC000225,PH001100,3,0,0.8911372549019607,Excellent,2,Call,2379.683294117647,EV(call)=INR2380 [P(RPC)=89.11% x 5% x INR535200 x 10% - INR5],10.0,0.0,0.0,11.0,535200.0,validation
AC000225,PH001101,1,1,0.07136253650396328,Poor,3,Call,185.96614768460574,EV(call)=INR186 [P(RPC)=7.14% x 5% x INR535200 x 10% - INR5],8.0,2.0,0.0,5.75,535200.0,validation
AC000226,PH001104,0,1,0.9891764705882353,Excellent,1,Call,506.89882352941186,EV(call)=INR507 [P(RPC)=98.92% x 5% x INR103500 x 10% - INR5],16.0,0.0,0.0,32.0,103500.0,test
AC000226,PH001103,3,0,0.9745437518290897,Excellent,2,Call,499.3263915715539,EV(call)=INR499 [P(RPC)=97.45% x 5% x INR103500 x 10% - INR5],14.0,1.0,0.0,51.785714285714285,103500.0,test
AC000227,PH001106,4,1,0.9745437518290897,Excellent,1,Call,414.54108516242314,EV(call)=INR415 [P(RPC)=97.45% x 5% x INR86100 x 10% - INR5],27.0,0.0,0.0,30.37037037037037,86100.0,test
AC000227,PH001105,3,0,0.008784313725490198,Poor,2,Suppress,-1.2183529411764695,"EV(call)=INR-1, EV(visit)=INR-107 — negative economic yield",3.0,0.0,0.0,0.0,86100.0,test
AC000228,PH001107,3,0,0.9891764705882353,Excellent,1,Call,324.6430588235295,EV(call)=INR325 [P(RPC)=98.92% x 5% x INR66650 x 10% - INR5],24.0,0.0,0.0,30.25,66650.0,train
AC000229,PH001108,3,0,0.9891764705882353,Excellent,1,Call,669.1237647058824,EV(call)=INR669 [P(RPC)=98.92% x 5% x INR136300 x 10% - INR5],25.0,0.0,0.0,49.92,136300.0,train
AC000229,PH001109,1,1,0.029643721318314557,Poor,2,Call,15.20219607843137,EV(call)=INR15 [P(RPC)=2.96% x 5% x INR136300 x 10% - INR5],1.0,0.0,0.0,0.0,136300.0,train
AC000229,PH001110,4,2,0.029209150326797384,Poor,3,Call,14.906035947712422,EV(call)=INR15 [P(RPC)=2.92% x 5% x INR136300 x 10% - INR5],-1.0,-1.0,-1.0,-1.0,136300.0,train
AC000230,PH001111,3,0,0.9424911297852473,Excellent,1,Call,1017.6028758169934,EV(call)=INR1018 [P(RPC)=94.25% x 5% x INR217000 x 10% - INR5],11.0,0.0,0.0,4.545454545454546,217000.0,validation
AC000230,PH001112,4,1,0.07136253650396328,Poor,2,Call,72.42835210680016,EV(call)=INR72 [P(RPC)=7.14% x 5% x INR217000 x 10% - INR5],8.0,0.0,0.0,20.0,217000.0,validation
AC000231,PH001114,0,1,0.8911372549019607,Excellent,1,Call,259.8905490196079,EV(call)=INR260 [P(RPC)=89.11% x 5% x INR59450 x 10% - INR5],6.0,0.0,0.0,4.833333333333333,59450.0,test
AC000231,PH001113,3,0,0.2888963585434174,Fair,2,Call,80.87444257703083,EV(call)=INR81 [P(RPC)=28.89% x 5% x INR59450 x 10% - INR5],12.0,0.0,0.0,0.0,59450.0,test
AC000232,PH001116,4,1,0.9891764705882353,Excellent,1,Call,1020.7760000000003,EV(call)=INR1021 [P(RPC)=98.92% x 5% x INR207400 x 10% - INR5],23.0,0.0,0.0,39.73913043478261,207400.0,train
AC000232,PH001115,3,0,0.008784313725490198,Poor,2,Call,4.1093333333333355,EV(call)=INR4 [P(RPC)=0.88% x 5% x INR207400 x 10% - INR5],9.0,2.0,4.0,6.0,207400.0,train
AC000233,PH001117,3,0,0.008784313725490198,Poor,1,Call,0.004862745098041188,EV(call)=INR0 [P(RPC)=0.88% x 5% x INR113950 x 10% - INR5],2.0,0.0,2.0,0.0,113950.0,train
AC000233,PH001118,0,1,0.008784313725490198,Poor,2,Call,0.004862745098041188,EV(call)=INR0 [P(RPC)=0.88% x 5% x INR113950 x 10% - INR5],-1.0,-1.0,-1.0,-1.0,113950.0,train
AC000234,PH001119,3,0,0.9745437518290897,Excellent,1,Call,567.300818261633,EV(call)=INR567 [P(RPC)=97.45% x 5% x INR117450 x 10% - INR5],7.0,0.0,0.0,106.85714285714286,117450.0,train
AC000234,PH001120,4,1,0.008784313725490198,Poor,2,Call,0.15858823529411836,EV(call)=INR0 [P(RPC)=0.88% x 5% x INR117450 x 10% - INR5],-1.0,-1.0,-1.0,-1.0,117450.0,train
AC000235,PH001121,3,0,0.9891764705882353,Excellent,1,Call,512.5865882352942,EV(call)=INR513 [P(RPC)=98.92% x 5% x INR104650 x 10% - INR5],24.0,0.0,0.0,68.20833333333333,104650.0,train
AC000235,PH001122,4,1,0.008784313725490198,Poor,2,Suppress,-0.4036078431372534,"EV(call)=INR-0, EV(visit)=INR-87 — negative economic yield",-1.0,-1.0,-1.0,-1.0,104650.0,train
AC000236,PH001123,3,0,0.9891764705882353,Excellent,1,Call,549.9280000000001,EV(call)=INR550 [P(RPC)=98.92% x 5% x INR112200 x 10% - INR5],27.0,0.0,0.0,87.66666666666667,112200.0,train
AC000236,PH001124,4,1,0.008784313725490198,Poor,2,Suppress,-0.07199999999999918,"EV(call)=INR-0, EV(visit)=INR-79 — negative economic yield",-1.0,-1.0,-1.0,-1.0,112200.0,train
AC000237,PH001126,4,1,0.2888963585434174,Fair,1,Call,44.40127731092438,EV(call)=INR44 [P(RPC)=28.89% x 5% x INR34200 x 10% - INR5],7.0,0.0,0.0,50.42857142857143,34200.0,validation
AC000237,PH001125,3,0,0.029643721318314557,Poor,2,Call,0.06907634543178975,EV(call)=INR0 [P(RPC)=2.96% x 5% x INR34200 x 10% - INR5],8.0,0.0,0.0,0.0,34200.0,validation
AC000238,PH001127,3,0,0.9891764705882353,Excellent,1,Call,526.6823529411765,EV(call)=INR527 [P(RPC)=98.92% x 5% x INR107500 x 10% - INR5],25.0,1.0,0.0,51.64,107500.0,train
AC000239,PH005897,5,3,0.9745437518290897,Excellent,1,Call,477.3991571553995,EV(call)=INR477 [P(RPC)=97.45% x 5% x INR99000 x 10% - INR5],10.0,0.0,0.0,74.4,99000.0,train
AC000239,PH001130,4,2,0.8257777777777777,Excellent,2,Call,403.76,EV(call)=INR404 [P(RPC)=82.58% x 5% x INR99000 x 10% - INR5],12.0,0.0,0.0,37.833333333333336,99000.0,train
AC000239,PH001128,3,0,0.10069607843137254,Poor,3,Call,44.84455882352942,EV(call)=INR45 [P(RPC)=10.07% x 5% x INR99000 x 10% - INR5],15.0,0.0,0.0,25.133333333333333,99000.0,train
AC000239,PH001129,1,1,0.057047513919097265,Poor,4,Call,23.23851938995315,EV(call)=INR23 [P(RPC)=5.70% x 5% x INR99000 x 10% - INR5],4.0,2.0,0.0,19.0,99000.0,train
AC000240,PH001131,3,0,0.9745437518290897,Excellent,1,Suppress,299.54492244659053,Compliance: Verified invalid/wrong phone number,13.0,0.0,0.0,43.38461538461539,62500.0,train
AC000240,PH001132,4,2,0.7440784313725489,Excellent,2,Call,227.52450980392155,EV(call)=INR228 [P(RPC)=74.41% x 5% x INR62500 x 10% - INR5],16.0,0.0,0.0,37.625,62500.0,train
AC000240,PH000521,2,1,0.43770588235294117,Good,3,Call,131.78308823529412,EV(call)=INR132 [P(RPC)=43.77% x 5% x INR62500 x 10% - INR5],8.0,0.0,0.0,43.375,62500.0,train
AC000241,PH001134,1,1,0.029209150326797384,Poor,1,Call,11.072334967320263,EV(call)=INR11 [P(RPC)=2.92% x 5% x INR110050 x 10% - INR5],-1.0,-1.0,-1.0,-1.0,110050.0,train
AC000241,PH001133,3,0,0.008784313725490198,Poor,2,Suppress,-0.16643137254901852,"EV(call)=INR-0, EV(visit)=INR-81 — negative economic yield",-1.0,-1.0,-1.0,-1.0,110050.0,train
AC000241,PH001135,4,2,0.008784313725490198,Poor,3,Suppress,-0.16643137254901852,"EV(call)=INR-0, EV(visit)=INR-81 — negative economic yield",-1.0,-1.0,-1.0,-1.0,110050.0,train
AC000242,PH001136,3,0,0.9745437518290897,Excellent,1,Call,147.028825285338,EV(call)=INR147 [P(RPC)=97.45% x 5% x INR31200 x 10% - INR5],10.0,0.0,0.0,56.8,31200.0,validation
AC000242,PH001137,1,1,0.008784313725490198,Poor,2,Suppress,-3.629647058823529,"EV(call)=INR-4, EV(visit)=INR-166 — negative economic yield",-1.0,-1.0,-1.0,-1.0,31200.0,validation
AC000242,PH001138,4,2,0.008784313725490198,Poor,3,Suppress,-3.629647058823529,"EV(call)=INR-4, EV(visit)=INR-166 — negative economic yield",-1.0,-1.0,-1.0,-1.0,31200.0,validation
AC000243,PH001139,3,0,0.9424911297852473,Excellent,1,Call,624.8196974789915,EV(call)=INR625 [P(RPC)=94.25% x 5% x INR133650 x 10% - INR5],9.0,0.0,0.0,14.666666666666666,133650.0,train
AC000243,PH000540,2,1,0.029643721318314557,Poor,2,Call,14.809416770963704,EV(call)=INR15 [P(RPC)=2.96% x 5% x INR133650 x 10% - INR5],-1.0,-1.0,-1.0,-1.0,133650.0,train
AC000244,PH001140,3,0,0.9891764705882353,Excellent,1,Call,2153.630352941177,EV(call)=INR2154 [P(RPC)=98.92% x 5% x INR436450 x 10% - INR5],18.0,0.0,0.0,23.166666666666668,436450.0,train
AC000244,PH001141,0,1,0.008784313725490198,Poor,2,Call,14.169568627450985,EV(call)=INR14 [P(RPC)=0.88% x 5% x INR436450 x 10% - INR5],-1.0,-1.0,-1.0,-1.0,436450.0,train
AC000245,PH001142,3,0,0.008784313725490198,Poor,1,Suppress,-3.3397647058823523,"EV(call)=INR-3, EV(visit)=INR-159 — negative economic yield",1.0,0.0,0.0,0.0,37800.0,train
AC000245,PH001143,4,1,0.008784313725490198,Poor,2,Suppress,-3.3397647058823523,"EV(call)=INR-3, EV(visit)=INR-159 — negative economic yield",-1.0,-1.0,-1.0,-1.0,37800.0,train
AC000246,PH001144,3,0,0.9745437518290897,Excellent,1,Call,1373.4921369622475,EV(call)=INR1373 [P(RPC)=97.45% x 5% x INR282900 x 10% - INR5],15.0,0.0,0.0,55.333333333333336,282900.0,test
AC000246,PH001145,0,1,0.029643721318314557,Poor,2,Call,36.931043804755944,EV(call)=INR37 [P(RPC)=2.96% x 5% x INR282900 x 10% - INR5],-1.0,-1.0,-1.0,-1.0,282900.0,test
AC000247,PH001146,3,0,0.9891764705882353,Excellent,1,Call,287.7962352941177,EV(call)=INR288 [P(RPC)=98.92% x 5% x INR59200 x 10% - INR5],27.0,1.0,0.0,71.85185185185185,59200.0,train
AC000247,PH001147,0,1,0.008784313725490198,Poor,2,Suppress,-2.3998431372549014,"EV(call)=INR-2, EV(visit)=INR-136 — negative economic yield",-1.0,-1.0,-1.0,-1.0,59200.0,train
AC000248,PH001148,3,0,0.9424911297852473,Excellent,1,Call,1363.4971204481792,EV(call)=INR1363 [P(RPC)=94.25% x 5% x INR290400 x 10% - INR5],10.0,0.0,4.0,6.7,290400.0,train
AC000248,PH001149,0,1,0.029643721318314557,Poor,2,Call,38.04268335419274,EV(call)=INR38 [P(RPC)=2.96% x 5% x INR290400 x 10% - INR5],-1.0,-1.0,-1.0,-1.0,290400.0,train
AC000248,PH000405,2,2,0.008784313725490198,Poor,3,Call,7.754823529411768,EV(call)=INR8 [P(RPC)=0.88% x 5% x INR290400 x 10% - INR5],-1.0,-1.0,-1.0,-1.0,290400.0,train
AC000248,PH001150,4,3,0.008784313725490198,Poor,4,Call,7.754823529411768,EV(call)=INR8 [P(RPC)=0.88% x 5% x INR290400 x 10% - INR5],-1.0,-1.0,-1.0,-1.0,290400.0,train
AC000249,PH001151,3,0,0.9745437518290897,Excellent,1,Call,319.76670529704415,EV(call)=INR320 [P(RPC)=97.45% x 5% x INR66650 x 10% - INR5],11.0,0.0,0.0,37.45454545454545,66650.0,test
AC000250,PH001152,3,0,0.9745437518290897,Excellent,1,Call,440.61013052385135,EV(call)=INR441 [P(RPC)=97.45% x 5% x INR91450 x 10% - INR5],14.0,0.0,0.0,57.57142857142857,91450.0,validation
AC000250,PH001153,4,1,0.029209150326797384,Poor,2,Call,8.355883986928106,EV(call)=INR8 [P(RPC)=2.92% x 5% x INR91450 x 10% - INR5],-1.0,-1.0,-1.0,-1.0,91450.0,validation
AC000251,PH001155,1,1,0.9745437518290897,Excellent,1,Call,295.15947556335965,EV(call)=INR295 [P(RPC)=97.45% x 5% x INR61600 x 10% - INR5],11.0,0.0,0.0,23.545454545454547,61600.0,train
AC000251,PH001154,3,0,0.9424911297852473,Excellent,2,Call,285.28726797385616,EV(call)=INR285 [P(RPC)=94.25% x 5% x INR61600 x 10% - INR5],17.0,0.0,0.0,11.235294117647058,61600.0,train
AC000251,PH001156,4,2,0.008784313725490198,Poor,3,Suppress,-2.2944313725490186,"EV(call)=INR-2, EV(visit)=INR-133 — negative economic yield",-1.0,-1.0,-1.0,-1.0,61600.0,train
AC000252,PH001157,3,0,0.9745437518290897,Excellent,1,Call,124.12704711735441,EV(call)=INR124 [P(RPC)=97.45% x 5% x INR26500 x 10% - INR5],17.0,0.0,0.0,57.23529411764706,26500.0,test
AC000252,PH001158,4,1,0.9424911297852473,Excellent,2,Call,119.88007469654526,EV(call)=INR120 [P(RPC)=94.25% x 5% x INR26500 x 10% - INR5],21.0,0.0,0.0,28.666666666666668,26500.0,test
AC000253,PH000336,2,2,0.10069607843137254,Poor,1,Call,160.84644117647062,EV(call)=INR161 [P(RPC)=10.07% x 5% x INR329400 x 10% - INR5],16.0,0.0,0.0,51.375,329400.0,train
AC000253,PH001159,3,0,0.05973140542824347,Poor,2,Call,93.377624740317,EV(call)=INR93 [P(RPC)=5.97% x 5% x INR329400 x 10% - INR5],3.0,2.0,0.0,14.666666666666666,329400.0,train
AC000253,PH001160,1,1,0.029643721318314557,Poor,3,Call,43.82320901126408,EV(call)=INR44 [P(RPC)=2.96% x 5% x INR329400 x 10% - INR5],12.0,0.0,0.0,0.0,329400.0,train
AC000254,PH001161,3,0,0.9745437518290897,Excellent,1,Call,2945.918480538484,EV(call)=INR2946 [P(RPC)=97.45% x 5% x INR605600 x 10% - INR5],48.0,0.0,0.0,56.458333333333336,605600.0,train
AC000254,PH001162,4,1,0.07136253650396328,Poor,2,Call,211.08576053400085,EV(call)=INR211 [P(RPC)=7.14% x 5% x INR605600 x 10% - INR5],3.0,1.0,0.0,18.0,605600.0,train
AC000255,PH001164,4,1,0.9745437518290897,Excellent,1,Call,236.19957857769975,EV(call)=INR236 [P(RPC)=97.45% x 5% x INR49500 x 10% - INR5],25.0,1.0,0.0,44.96,49500.0,train
AC000255,PH001163,3,0,0.008784313725490198,Poor,2,Suppress,-2.825882352941176,"EV(call)=INR-3, EV(visit)=INR-147 — negative economic yield",2.0,0.0,0.0,0.0,49500.0,train
AC000256,PH001165,3,0,0.029643721318314557,Poor,1,Call,278.84604255319147,EV(call)=INR279 [P(RPC)=2.96% x 5% x INR1915050 x 10% - INR5],10.0,0.0,0.0,0.0,1915050.0,train
AC000257,PH001166,3,0,0.9745437518290897,Excellent,1,Call,937.6274439566871,EV(call)=INR938 [P(RPC)=97.45% x 5% x INR193450 x 10% - INR5],22.0,0.0,1.0,78.18181818181819,193450.0,train
AC000257,PH001167,0,1,0.008784313725490198,Poor,2,Call,3.4966274509803945,EV(call)=INR3 [P(RPC)=0.88% x 5% x INR193450 x 10% - INR5],-1.0,-1.0,-1.0,-1.0,193450.0,train
AC000257,PH000573,2,2,0.008784313725490198,Poor,3,Call,3.4966274509803945,EV(call)=INR3 [P(RPC)=0.88% x 5% x INR193450 x 10% - INR5],-1.0,-1.0,-1.0,-1.0,193450.0,train
AC000258,PH001169,0,1,0.9745437518290897,Excellent,1,Call,291.2613005560433,EV(call)=INR291 [P(RPC)=97.45% x 5% x INR60800 x 10% - INR5],11.0,0.0,0.0,75.81818181818181,60800.0,train
AC000258,PH001168,3,0,0.008784313725490198,Poor,2,Suppress,-2.3295686274509797,"EV(call)=INR-2, EV(visit)=INR-134 — negative economic yield",8.0,0.0,5.0,0.0,60800.0,train
AC000259,PH001170,3,0,0.8911372549019607,Excellent,1,Call,1123.1797647058825,EV(call)=INR1123 [P(RPC)=89.11% x 5% x INR253200 x 10% - INR5],4.0,0.0,0.0,9.5,253200.0,validation
AC000259,PH001171,4,1,0.008784313725490198,Poor,2,Call,6.120941176470591,EV(call)=INR6 [P(RPC)=0.88% x 5% x INR253200 x 10% - INR5],-1.0,-1.0,-1.0,-1.0,253200.0,validation
AC000260,PH005926,5,1,0.9745437518290897,Excellent,1,Call,327.56305531167686,EV(call)=INR328 [P(RPC)=97.45% x 5% x INR68250 x 10% - INR5],4.0,0.0,0.0,63.5,68250.0,validation
AC000260,PH001172,3,0,0.9424911297852473,Excellent,2,Call,316.62509803921563,EV(call)=INR317 [P(RPC)=94.25% x 5% x INR68250 x 10% - INR5],32.0,0.0,26.0,5.21875,68250.0,validation
AC000261,PH001173,3,0,0.9424911297852473,Excellent,1,Call,692.6790588235294,EV(call)=INR693 [P(RPC)=94.25% x 5% x INR148050 x 10% - INR5],2.0,0.0,0.0,21.5,148050.0,train
AC000261,PH001174,0,1,0.029643721318314557,Poor,2,Call,16.94376470588235,EV(call)=INR17 [P(RPC)=2.96% x 5% x INR148050 x 10% - INR5],-1.0,-1.0,-1.0,-1.0,148050.0,train
AC000262,PH001175,3,0,0.9424911297852473,Excellent,1,Call,471.1936433239962,EV(call)=INR471 [P(RPC)=94.25% x 5% x INR101050 x 10% - INR5],3.0,0.0,0.0,17.666666666666668,101050.0,validation
AC000262,PH001176,4,1,0.07136253650396328,Poor,2,Call,31.055921568627454,EV(call)=INR31 [P(RPC)=7.14% x 5% x INR101050 x 10% - INR5],-1.0,-1.0,-1.0,-1.0,101050.0,validation
AC000263,PH001177,3,0,0.9891764705882353,Excellent,1,Call,174.28823529411767,EV(call)=INR174 [P(RPC)=98.92% x 5% x INR36250 x 10% - INR5],21.0,0.0,0.0,48.38095238095238,36250.0,train
AC000263,PH001178,4,1,0.008784313725490198,Poor,2,Suppress,-3.4078431372549014,"EV(call)=INR-3, EV(visit)=INR-161 — negative economic yield",-1.0,-1.0,-1.0,-1.0,36250.0,train
AC000264,PH001179,3,0,0.9891764705882353,Excellent,1,Call,178.9868235294118,EV(call)=INR179 [P(RPC)=98.92% x 5% x INR37200 x 10% - INR5],36.0,0.0,1.0,28.5,37200.0,train
AC000265,PH001180,3,0,0.9891764705882353,Excellent,1,Call,1096.6952941176473,EV(call)=INR1097 [P(RPC)=98.92% x 5% x INR222750 x 10% - INR5],21.0,0.0,0.0,45.095238095238095,222750.0,train
AC000265,PH001182,4,2,0.8911372549019607,Excellent,2,Call,987.504117647059,EV(call)=INR988 [P(RPC)=89.11% x 5% x INR222750 x 10% - INR5],11.0,0.0,0.0,16.90909090909091,222750.0,train
AC000265,PH001181,1,1,0.008784313725490198,Poor,3,Call,4.783529411764709,EV(call)=INR5 [P(RPC)=0.88% x 5% x INR222750 x 10% - INR5],8.0,0.0,5.0,0.0,222750.0,train
AC000266,PH001183,0,1,0.9891764705882353,Excellent,1,Call,905.0423529411767,EV(call)=INR905 [P(RPC)=98.92% x 5% x INR184000 x 10% - INR5],18.0,0.0,0.0,45.888888888888886,184000.0,train
AC000266,PH000200,3,0,0.10069607843137254,Poor,2,Call,87.64039215686276,EV(call)=INR88 [P(RPC)=10.07% x 5% x INR184000 x 10% - INR5],8.0,0.0,0.0,87.0,184000.0,train
AC000266,PH001184,1,2,0.029643721318314557,Poor,3,Call,22.272223612849395,EV(call)=INR22 [P(RPC)=2.96% x 5% x INR184000 x 10% - INR5],-1.0,-1.0,-1.0,-1.0,184000.0,train
AC000267,PH005866,5,2,0.9745437518290897,Excellent,1,Call,5262.408978636231,EV(call)=INR5262 [P(RPC)=97.45% x 5% x INR1081000 x 10% - INR5],8.0,0.0,0.0,65.5,1081000.0,train
AC000267,PH001186,4,1,0.9424911297852473,Excellent,2,Suppress,5089.1645564892615,Compliance: Verified third-party — contact strictly prohibited,20.0,0.0,0.0,48.4,1081000.0,train
AC000267,PH001185,3,0,0.008784313725490198,Poor,3,Call,42.47921568627452,EV(call)=INR42 [P(RPC)=0.88% x 5% x INR1081000 x 10% - INR5],3.0,2.0,0.0,20.0,1081000.0,train
AC000268,PH001187,3,0,0.029209150326797384,Poor,1,Call,13.606228758169937,EV(call)=INR14 [P(RPC)=2.92% x 5% x INR127400 x 10% - INR5],-1.0,-1.0,-1.0,-1.0,127400.0,train
AC000269,PH001188,3,0,0.9745437518290897,Excellent,1,Call,119.7416002341235,EV(call)=INR120 [P(RPC)=97.45% x 5% x INR25600 x 10% - INR5],16.0,0.0,0.0,73.125,25600.0,train
AC000270,PH001189,3,0,0.9745437518290897,Excellent,1,Call,624.3116277436347,EV(call)=INR624 [P(RPC)=97.45% x 5% x INR129150 x 10% - INR5],18.0,0.0,0.0,32.388888888888886,129150.0,train
AC000270,PH001190,1,1,0.9424911297852473,Excellent,2,Call,603.6136470588234,EV(call)=INR604 [P(RPC)=94.25% x 5% x INR129150 x 10% - INR5],12.0,0.0,0.0,35.916666666666664,129150.0,train
AC000270,PH000339,2,2,0.07136253650396328,Poor,3,Call,41.082357947434296,EV(call)=INR41 [P(RPC)=7.14% x 5% x INR129150 x 10% - INR5],6.0,0.0,0.0,49.166666666666664,129150.0,train
AC000270,PH001191,4,3,0.029209150326797384,Poor,4,Call,13.861808823529412,EV(call)=INR14 [P(RPC)=2.92% x 5% x INR129150 x 10% - INR5],-1.0,-1.0,-1.0,-1.0,129150.0,train
AC000271,PH001192,3,0,0.9745437518290897,Excellent,1,Call,1656.5970968685979,EV(call)=INR1657 [P(RPC)=97.45% x 5% x INR341000 x 10% - INR5],8.0,0.0,0.0,76.5,341000.0,validation
AC000271,PH001193,0,1,0.008784313725490198,Poor,2,Call,9.977254901960789,EV(call)=INR10 [P(RPC)=0.88% x 5% x INR341000 x 10% - INR5],-1.0,-1.0,-1.0,-1.0,341000.0,validation
AC000271,PH001194,4,2,0.008784313725490198,Poor,3,Call,9.977254901960789,EV(call)=INR10 [P(RPC)=0.88% x 5% x INR341000 x 10% - INR5],-1.0,-1.0,-1.0,-1.0,341000.0,validation
AC000272,PH001195,3,0,0.9745437518290897,Excellent,1,Call,262.9995317529997,EV(call)=INR263 [P(RPC)=97.45% x 5% x INR55000 x 10% - INR5],16.0,0.0,0.0,32.9375,55000.0,train
AC000273,PH005887,5,3,0.9745437518290897,Excellent,1,Call,2933.2494117647057,EV(call)=INR2933 [P(RPC)=97.45% x 5% x INR603000 x 10% - INR5],6.0,0.0,0.0,66.66666666666667,603000.0,train
AC000273,PH001196,3,0,0.008784313725490198,Poor,2,Call,21.484705882352944,EV(call)=INR21 [P(RPC)=0.88% x 5% x INR603000 x 10% - INR5],8.0,0.0,0.0,0.0,603000.0,train
AC000273,PH001197,0,1,0.008784313725490198,Poor,3,Call,21.484705882352944,EV(call)=INR21 [P(RPC)=0.88% x 5% x INR603000 x 10% - INR5],8.0,0.0,7.0,0.0,603000.0,train
AC000273,PH001198,4,2,0.008784313725490198,Poor,4,Call,21.484705882352944,EV(call)=INR21 [P(RPC)=0.88% x 5% x INR603000 x 10% - INR5],-1.0,-1.0,-1.0,-1.0,603000.0,train
AC000274,PH001199,3,0,0.9891764705882353,Excellent,1,Call,519.0162352941178,EV(call)=INR519 [P(RPC)=98.92% x 5% x INR105950 x 10% - INR5],31.0,0.0,0.0,45.064516129032256,105950.0,train
AC000274,PH001200,1,1,0.008784313725490198,Poor,2,Suppress,-0.3465098039215677,"EV(call)=INR-0, EV(visit)=INR-86 — negative economic yield",-1.0,-1.0,-1.0,-1.0,105950.0,train
AC000274,PH001201,4,2,0.008784313725490198,Poor,3,Suppress,-0.3465098039215677,"EV(call)=INR-0, EV(visit)=INR-86 — negative economic yield",-1.0,-1.0,-1.0,-1.0,105950.0,train
AC000275,PH001202,3,0,0.9745437518290897,Excellent,1,Call,242.04684108867428,EV(call)=INR242 [P(RPC)=97.45% x 5% x INR50700 x 10% - INR5],2.0,0.0,0.0,21.5,50700.0,train
AC000275,PH001203,4,1,0.10069607843137254,Poor,2,Call,20.526455882352945,EV(call)=INR21 [P(RPC)=10.07% x 5% x INR50700 x 10% - INR5],2.0,0.0,0.0,9.0,50700.0,train
AC000276,PH001205,4,1,0.9424911297852473,Excellent,1,Call,54.37694117647058,EV(call)=INR54 [P(RPC)=94.25% x 5% x INR12600 x 10% - INR5],31.0,0.0,0.0,55.806451612903224,12600.0,validation
AC000276,PH001204,3,0,0.43770588235294117,Good,2,Call,22.575470588235294,EV(call)=INR23 [P(RPC)=43.77% x 5% x INR12600 x 10% - INR5],13.0,2.0,0.0,5.384615384615385,12600.0,validation
AC000277,PH001207,4,1,0.9745437518290897,Excellent,1,Call,269.8213380158033,EV(call)=INR270 [P(RPC)=97.45% x 5% x INR56400 x 10% - INR5],23.0,1.0,0.0,49.82608695652174,56400.0,train
AC000277,PH001206,3,0,0.10069607843137254,Poor,2,Call,23.396294117647063,EV(call)=INR23 [P(RPC)=10.07% x 5% x INR56400 x 10% - INR5],16.0,0.0,0.0,0.0,56400.0,train
AC000278,PH001208,3,0,0.9424911297852473,Excellent,1,Call,828.397781512605,EV(call)=INR828 [P(RPC)=94.25% x 5% x INR176850 x 10% - INR5],4.0,0.0,0.0,13.25,176850.0,train
AC000278,PH001209,1,1,0.029643721318314557,Poor,2,Call,21.21246057571965,EV(call)=INR21 [P(RPC)=2.96% x 5% x INR176850 x 10% - INR5],-1.0,-1.0,-1.0,-1.0,176850.0,train
AC000278,PH000432,2,2,0.029643721318314557,Poor,3,Call,21.21246057571965,EV(call)=INR21 [P(RPC)=2.96% x 5% x INR176850 x 10% - INR5],8.0,1.0,0.0,66.375,176850.0,train
AC000278,PH001210,4,3,0.029643721318314557,Poor,4,Call,21.21246057571965,EV(call)=INR21 [P(RPC)=2.96% x 5% x INR176850 x 10% - INR5],-1.0,-1.0,-1.0,-1.0,176850.0,train
AC000279,PH001211,3,0,0.008784313725490198,Poor,1,Call,19.132705882352948,EV(call)=INR19 [P(RPC)=0.88% x 5% x INR549450 x 10% - INR5],16.0,2.0,10.0,1.875,549450.0,train
AC000279,PH001212,1,1,0.008784313725490198,Poor,2,Call,19.132705882352948,EV(call)=INR19 [P(RPC)=0.88% x 5% x INR549450 x 10% - INR5],3.0,2.0,0.0,21.0,549450.0,train
AC000280,PH001213,3,0,0.8257777777777777,Excellent,1,Call,246.65577777777776,EV(call)=INR247 [P(RPC)=82.58% x 5% x INR60950 x 10% - INR5],3.0,0.0,0.0,67.66666666666667,60950.0,validation
AC000280,PH001214,0,1,0.008784313725490198,Poor,2,Suppress,-2.322980392156862,"EV(call)=INR-2, EV(visit)=INR-134 — negative economic yield",-1.0,-1.0,-1.0,-1.0,60950.0,validation
AC000281,PH001215,3,0,0.8911372549019607,Excellent,1,Call,2272.7468235294123,EV(call)=INR2273 [P(RPC)=89.11% x 5% x INR511200 x 10% - INR5],5.0,0.0,0.0,38.0,511200.0,train
AC000282,PH001216,3,0,0.9891764705882353,Excellent,1,Call,1305.658823529412,EV(call)=INR1306 [P(RPC)=98.92% x 5% x INR265000 x 10% - INR5],25.0,0.0,0.0,92.92,265000.0,train
AC000282,PH001217,0,1,0.008784313725490198,Poor,2,Call,6.639215686274513,EV(call)=INR7 [P(RPC)=0.88% x 5% x INR265000 x 10% - INR5],-1.0,-1.0,-1.0,-1.0,265000.0,train
AC000282,PH000474,2,2,0.008784313725490198,Poor,3,Call,6.639215686274513,EV(call)=INR7 [P(RPC)=0.88% x 5% x INR265000 x 10% - INR5],-1.0,-1.0,-1.0,-1.0,265000.0,train
AC000282,PH001218,4,3,0.008784313725490198,Poor,4,Call,6.639215686274513,EV(call)=INR7 [P(RPC)=0.88% x 5% x INR265000 x 10% - INR5],-1.0,-1.0,-1.0,-1.0,265000.0,train
AC000283,PH001220,0,1,0.9891764705882353,Excellent,1,Call,1199.816941176471,EV(call)=INR1200 [P(RPC)=98.92% x 5% x INR243600 x 10% - INR5],21.0,0.0,0.0,67.9047619047619,243600.0,test
AC000283,PH001219,3,0,0.07136253650396328,Poor,2,Call,81.91956946182728,EV(call)=INR82 [P(RPC)=7.14% x 5% x INR243600 x 10% - INR5],7.0,2.0,0.0,6.142857142857143,243600.0,test
AC000283,PH001221,1,2,0.008784313725490198,Poor,3,Call,5.699294117647062,EV(call)=INR6 [P(RPC)=0.88% x 5% x INR243600 x 10% - INR5],-1.0,-1.0,-1.0,-1.0,243600.0,test
AC000283,PH001222,4,3,0.008784313725490198,Poor,4,Call,5.699294117647062,EV(call)=INR6 [P(RPC)=0.88% x 5% x INR243600 x 10% - INR5],-1.0,-1.0,-1.0,-1.0,243600.0,test
AC000284,PH000175,3,0,0.8911372549019607,Excellent,1,Call,147.3844705882353,EV(call)=INR147 [P(RPC)=89.11% x 5% x INR34200 x 10% - INR5],17.0,2.0,0.0,59.11764705882353,34200.0,train
AC000285,PH005811,5,2,0.9891764705882353,Excellent,1,Call,368.908705882353,EV(call)=INR369 [P(RPC)=98.92% x 5% x INR75600 x 10% - INR5],21.0,0.0,0.0,21.238095238095237,75600.0,validation
AC000285,PH001224,1,1,0.2888963585434174,Fair,2,Call,104.20282352941179,EV(call)=INR104 [P(RPC)=28.89% x 5% x INR75600 x 10% - INR5],5.0,2.0,0.0,17.4,75600.0,validation
AC000285,PH001223,3,0,0.029643721318314557,Poor,3,Call,6.205326658322903,EV(call)=INR6 [P(RPC)=2.96% x 5% x INR75600 x 10% - INR5],14.0,2.0,9.0,3.142857142857143,75600.0,validation
AC000286,PH001225,3,0,0.8257777777777777,Excellent,1,Call,217.96,EV(call)=INR218 [P(RPC)=82.58% x 5% x INR54000 x 10% - INR5],18.0,0.0,0.0,1.8333333333333333,54000.0,test
AC000286,PH001226,4,1,0.10069607843137254,Poor,2,Call,22.187941176470588,EV(call)=INR22 [P(RPC)=10.07% x 5% x INR54000 x 10% - INR5],8.0,0.0,0.0,38.5,54000.0,test
AC000287,PH001227,3,0,0.9891764705882353,Excellent,1,Call,36.54541176470589,EV(call)=INR37 [P(RPC)=98.92% x 5% x INR8400 x 10% - INR5],30.0,0.0,0.0,23.233333333333334,8400.0,test
AC000287,PH001228,1,1,0.2888963585434174,Fair,2,Call,7.133647058823533,EV(call)=INR7 [P(RPC)=28.89% x 5% x INR8400 x 10% - INR5],6.0,2.0,0.0,16.666666666666668,8400.0,test
AC000288,PH000355,2,1,0.9424911297852473,Excellent,1,Call,419.12100840336126,EV(call)=INR419 [P(RPC)=94.25% x 5% x INR90000 x 10% - INR5],20.0,0.0,0.0,39.0,90000.0,validation
AC000288,PH001229,3,0,0.008784313725490198,Poor,2,Suppress,-1.0470588235294107,"EV(call)=INR-1, EV(visit)=INR-103 — negative economic yield",8.0,0.0,7.0,0.0,90000.0,validation
AC000289,PH001230,3,0,0.07136253650396328,Poor,1,Call,21.207891531080517,EV(call)=INR21 [P(RPC)=7.14% x 5% x INR73450 x 10% - INR5],31.0,2.0,0.0,0.8709677419354839,73450.0,train
AC000290,PH001231,3,0,0.9891764705882353,Excellent,1,Call,772.7400000000001,EV(call)=INR773 [P(RPC)=98.92% x 5% x INR157250 x 10% - INR5],13.0,0.0,0.0,17.846153846153847,157250.0,train
AC000290,PH001232,0,1,0.029643721318314557,Poor,2,Call,18.307375886524824,EV(call)=INR18 [P(RPC)=2.96% x 5% x INR157250 x 10% - INR5],-1.0,-1.0,-1.0,-1.0,157250.0,train
AC000291,PH001233,3,0,0.9745437518290897,Excellent,1,Call,284.43949429323965,EV(call)=INR284 [P(RPC)=97.45% x 5% x INR59400 x 10% - INR5],17.0,0.0,0.0,101.3529411764706,59400.0,train
AC000291,PH000413,2,1,0.008784313725490198,Poor,2,Suppress,-2.391058823529411,"EV(call)=INR-2, EV(visit)=INR-136 — negative economic yield",-1.0,-1.0,-1.0,-1.0,59400.0,train
AC000292,PH001234,3,0,0.9424911297852473,Excellent,1,Call,3082.6009411764703,EV(call)=INR3083 [P(RPC)=94.25% x 5% x INR655200 x 10% - INR5],19.0,1.0,0.0,6.2631578947368425,655200.0,train
AC000292,PH001235,4,1,0.07136253650396328,Poor,2,Call,228.7836695869837,EV(call)=INR229 [P(RPC)=7.14% x 5% x INR655200 x 10% - INR5],8.0,0.0,0.0,48.0,655200.0,train
AC000293,PH001236,3,0,0.9745437518290897,Excellent,1,Call,1293.0922774363476,EV(call)=INR1293 [P(RPC)=97.45% x 5% x INR266400 x 10% - INR5],18.0,0.0,0.0,105.77777777777777,266400.0,train
AC000293,PH000579,2,1,0.029643721318314557,Poor,2,Call,34.48543679599499,EV(call)=INR34 [P(RPC)=2.96% x 5% x INR266400 x 10% - INR5],8.0,0.0,0.0,23.5,266400.0,train
AC000293,PH001237,4,2,0.008784313725490198,Poor,3,Call,6.700705882352944,EV(call)=INR7 [P(RPC)=0.88% x 5% x INR266400 x 10% - INR5],-1.0,-1.0,-1.0,-1.0,266400.0,train
AC000294,PH001238,3,0,0.9424911297852473,Excellent,1,Call,661.5768515406162,EV(call)=INR662 [P(RPC)=94.25% x 5% x INR141450 x 10% - INR5],31.0,0.0,0.0,32.83870967741935,141450.0,validation
AC000295,PH001239,3,0,0.9891764705882353,Excellent,1,Call,583.0654117647059,EV(call)=INR583 [P(RPC)=98.92% x 5% x INR118900 x 10% - INR5],24.0,1.0,0.0,10.541666666666666,118900.0,train
AC000295,PH001240,1,1,0.008784313725490198,Poor,2,Call,0.22227450980392316,EV(call)=INR0 [P(RPC)=0.88% x 5% x INR118900 x 10% - INR5],2.0,2.0,0.0,23.0,118900.0,train
AC000296,PH001241,3,0,0.9891764705882353,Excellent,1,Call,209.65129411764713,EV(call)=INR210 [P(RPC)=98.92% x 5% x INR43400 x 10% - INR5],32.0,0.0,0.0,15.0625,43400.0,train
AC000297,PH001242,3,0,0.9745437518290897,Excellent,1,Call,1335.9722025168276,EV(call)=INR1336 [P(RPC)=97.45% x 5% x INR275200 x 10% - INR5],21.0,0.0,0.0,46.904761904761905,275200.0,train
AC000297,PH001243,0,1,0.008784313725490198,Poor,2,Call,7.087215686274513,EV(call)=INR7 [P(RPC)=0.88% x 5% x INR275200 x 10% - INR5],-1.0,-1.0,-1.0,-1.0,275200.0,train
AC000297,PH001244,4,2,0.008784313725490198,Poor,3,Call,7.087215686274513,EV(call)=INR7 [P(RPC)=0.88% x 5% x INR275200 x 10% - INR5],-1.0,-1.0,-1.0,-1.0,275200.0,train
AC000298,PH001245,3,0,0.9891764705882353,Excellent,1,Call,254.6588235294118,EV(call)=INR255 [P(RPC)=98.92% x 5% x INR52500 x 10% - INR5],23.0,2.0,2.0,30.82608695652174,52500.0,train
AC000298,PH001246,0,1,0.008784313725490198,Poor,2,Suppress,-2.6941176470588233,"EV(call)=INR-3, EV(visit)=INR-143 — negative economic yield",4.0,0.0,0.0,0.0,52500.0,train
AC000299,PH001247,3,0,0.9891764705882353,Excellent,1,Call,511.84470588235297,EV(call)=INR512 [P(RPC)=98.92% x 5% x INR104500 x 10% - INR5],32.0,0.0,0.0,47.53125,104500.0,test
AC000299,PH001248,0,1,0.029643721318314557,Poor,2,Call,10.488844388819357,EV(call)=INR10 [P(RPC)=2.96% x 5% x INR104500 x 10% - INR5],2.0,0.0,0.0,0.0,104500.0,test
AC000300,PH001249,3,0,0.9745437518290897,Excellent,1,Call,159.4542581211589,EV(call)=INR159 [P(RPC)=97.45% x 5% x INR33750 x 10% - INR5],6.0,0.0,0.0,63.5,33750.0,train
AC000300,PH001250,1,1,0.029643721318314557,Poor,2,Call,0.0023779724655819123,EV(call)=INR0 [P(RPC)=2.96% x 5% x INR33750 x 10% - INR5],-1.0,-1.0,-1.0,-1.0,33750.0,train
AC000300,PH001251,4,2,0.008784313725490198,Poor,3,Suppress,-3.5176470588235293,"EV(call)=INR-4, EV(visit)=INR-164 — negative economic yield",-1.0,-1.0,-1.0,-1.0,33750.0,train
AC000301,PH001252,3,0,0.8491204481792716,Excellent,1,Call,1997.6505770308122,EV(call)=INR1998 [P(RPC)=84.91% x 5% x INR471700 x 10% - INR5],11.0,0.0,0.0,11.090909090909092,471700.0,train
AC000301,PH001253,4,1,0.07136253650396328,Poor,2,Call,163.3085423445974,EV(call)=INR163 [P(RPC)=7.14% x 5% x INR471700 x 10% - INR5],8.0,0.0,0.0,18.875,471700.0,train
AC000302,PH001254,3,0,0.9745437518290897,Excellent,1,Call,291.2613005560433,EV(call)=INR291 [P(RPC)=97.45% x 5% x INR60800 x 10% - INR5],14.0,0.0,0.0,33.714285714285715,60800.0,validation
AC000303,PH001256,1,1,0.9745437518290897,Excellent,1,Call,1565.9645279484928,EV(call)=INR1566 [P(RPC)=97.45% x 5% x INR322400 x 10% - INR5],2.0,0.0,0.0,107.0,322400.0,validation
AC000303,PH001255,3,0,0.008784313725490198,Poor,2,Call,9.160313725490198,EV(call)=INR9 [P(RPC)=0.88% x 5% x INR322400 x 10% - INR5],8.0,0.0,1.0,0.0,322400.0,validation
AC000303,PH001257,4,2,0.008784313725490198,Poor,3,Call,9.160313725490198,EV(call)=INR9 [P(RPC)=0.88% x 5% x INR322400 x 10% - INR5],-1.0,-1.0,-1.0,-1.0,322400.0,validation
AC000304,PH001259,0,1,0.9891764705882353,Excellent,1,Call,3048.587764705883,EV(call)=INR3049 [P(RPC)=98.92% x 5% x INR617400 x 10% - INR5],20.0,0.0,0.0,45.45,617400.0,train
AC000304,PH001258,3,0,0.008784313725490198,Poor,2,Call,22.117176470588245,EV(call)=INR22 [P(RPC)=0.88% x 5% x INR617400 x 10% - INR5],8.0,0.0,5.0,0.0,617400.0,train
AC000305,PH001260,3,0,0.9891764705882353,Excellent,1,Call,2220.6470588235297,EV(call)=INR2221 [P(RPC)=98.92% x 5% x INR450000 x 10% - INR5],33.0,0.0,0.0,33.06060606060606,450000.0,train
AC000305,PH001261,4,1,0.008784313725490198,Poor,2,Call,14.764705882352946,EV(call)=INR15 [P(RPC)=0.88% x 5% x INR450000 x 10% - INR5],-1.0,-1.0,-1.0,-1.0,450000.0,train
AC000306,PH001262,3,0,0.9745437518290897,Excellent,1,Call,528.5627041264266,EV(call)=INR529 [P(RPC)=97.45% x 5% x INR109500 x 10% - INR5],19.0,0.0,0.0,37.63157894736842,109500.0,train
AC000306,PH001263,4,1,0.029643721318314557,Poor,2,Call,11.229937421777219,EV(call)=INR11 [P(RPC)=2.96% x 5% x INR109500 x 10% - INR5],8.0,0.0,0.0,34.5,109500.0,train
AC000307,PH005845,5,1,0.9745437518290897,Excellent,1,Call,202.0905472636816,EV(call)=INR202 [P(RPC)=97.45% x 5% x INR42500 x 10% - INR5],8.0,0.0,0.0,41.125,42500.0,train
AC000307,PH000226,3,0,0.2888963585434174,Fair,2,Call,56.39047619047619,EV(call)=INR56 [P(RPC)=28.89% x 5% x INR42500 x 10% - INR5],15.0,0.0,0.0,38.46666666666667,42500.0,train
AC000308,PH001264,3,0,0.9891764705882353,Excellent,1,Call,343.1901176470589,EV(call)=INR343 [P(RPC)=98.92% x 5% x INR70400 x 10% - INR5],13.0,1.0,0.0,17.076923076923077,70400.0,train
AC000308,PH001265,0,1,0.9424911297852473,Excellent,2,Call,326.7568776844071,EV(call)=INR327 [P(RPC)=94.25% x 5% x INR70400 x 10% - INR5],12.0,0.0,5.0,10.583333333333334,70400.0,train
AC000308,PH001266,4,2,0.7440784313725489,Excellent,3,Call,256.9156078431372,EV(call)=INR257 [P(RPC)=74.41% x 5% x INR70400 x 10% - INR5],3.0,1.0,0.0,73.66666666666667,70400.0,train
AC000309,PH001267,3,0,0.9424911297852473,Excellent,1,Call,395.79435294117644,EV(call)=INR396 [P(RPC)=94.25% x 5% x INR85050 x 10% - INR5],3.0,0.0,0.0,13.666666666666666,85050.0,train
AC000309,PH001268,0,1,0.008784313725490198,Poor,2,Suppress,-1.2644705882352927,"EV(call)=INR-1, EV(visit)=INR-108 — negative economic yield",-1.0,-1.0,-1.0,-1.0,85050.0,train
AC000310,PH005842,5,2,0.9745437518290897,Excellent,1,Call,110.7270705297044,EV(call)=INR111 [P(RPC)=97.45% x 5% x INR23750 x 10% - INR5],10.0,0.0,0.0,49.3,23750.0,train
AC000310,PH001269,3,0,0.8911372549019607,Excellent,2,Call,100.82254901960785,EV(call)=INR101 [P(RPC)=89.11% x 5% x INR23750 x 10% - INR5],12.0,0.0,9.0,2.1666666666666665,23750.0,train
AC000310,PH001270,1,1,0.029643721318314557,Poor,3,Suppress,-1.479808093450146,"EV(call)=INR-1, EV(visit)=INR-174 — negative economic yield",5.0,2.0,0.0,9.0,23750.0,train
AC000311,PH001271,3,0,0.8911372549019607,Excellent,1,Call,450.371137254902,EV(call)=INR450 [P(RPC)=89.11% x 5% x INR102200 x 10% - INR5],5.0,0.0,0.0,21.4,102200.0,train
AC000311,PH001272,1,1,0.008784313725490198,Poor,2,Suppress,-0.5112156862745083,"EV(call)=INR-1, EV(visit)=INR-90 — negative economic yield",-1.0,-1.0,-1.0,-1.0,102200.0,train
AC000312,PH001273,3,0,0.008784313725490198,Poor,1,Suppress,-3.596705882352941,"EV(call)=INR-4, EV(visit)=INR-165 — negative economic yield",47.0,0.0,21.0,0.0,31950.0,train
AC000313,PH001274,3,0,0.9745437518290897,Excellent,1,Call,982.4564565408253,EV(call)=INR982 [P(RPC)=97.45% x 5% x INR202650 x 10% - INR5],17.0,0.0,0.0,78.05882352941177,202650.0,train
AC000314,PH001276,4,1,0.9891764705882353,Excellent,1,Call,373.36000000000007,EV(call)=INR373 [P(RPC)=98.92% x 5% x INR76500 x 10% - INR5],14.0,0.0,0.0,79.78571428571429,76500.0,train
AC000314,PH001275,3,0,0.008784313725490198,Poor,2,Suppress,-1.6399999999999988,"EV(call)=INR-2, EV(visit)=INR-117 — negative economic yield",8.0,0.0,4.0,0.0,76500.0,train
AC000315,PH001277,3,0,0.9891764705882353,Excellent,1,Call,277.90447058823537,EV(call)=INR278 [P(RPC)=98.92% x 5% x INR57200 x 10% - INR5],20.0,0.0,0.0,55.85,57200.0,train
AC000315,PH001278,4,1,0.008784313725490198,Poor,2,Suppress,-2.4876862745098034,"EV(call)=INR-2, EV(visit)=INR-138 — negative economic yield",-1.0,-1.0,-1.0,-1.0,57200.0,train
AC000316,PH001280,4,1,0.7440784313725489,Excellent,1,Call,798.6047058823528,EV(call)=INR799 [P(RPC)=74.41% x 5% x INR216000 x 10% - INR5],13.0,0.0,0.0,30.692307692307693,216000.0,test
AC000316,PH001279,3,0,0.008784313725490198,Poor,2,Call,4.487058823529415,EV(call)=INR4 [P(RPC)=0.88% x 5% x INR216000 x 10% - INR5],9.0,0.0,7.0,0.0,216000.0,test
AC000317,PH001282,0,1,0.9424911297852473,Excellent,1,Call,1207.2792156862743,EV(call)=INR1207 [P(RPC)=94.25% x 5% x INR257250 x 10% - INR5],11.0,0.0,0.0,3.1818181818181817,257250.0,train
AC000317,PH001281,3,0,0.07136253650396328,Poor,2,Call,86.79006257822277,EV(call)=INR87 [P(RPC)=7.14% x 5% x INR257250 x 10% - INR5],16.0,0.0,1.0,0.0,257250.0,train
AC000317,PH000591,2,2,0.029209150326797384,Poor,3,Call,32.570269607843144,EV(call)=INR33 [P(RPC)=2.92% x 5% x INR257250 x 10% - INR5],8.0,0.0,0.0,49.125,257250.0,train
AC000318,PH001283,3,0,0.9891764705882353,Excellent,1,Call,57.318117647058834,EV(call)=INR57 [P(RPC)=98.92% x 5% x INR12600 x 10% - INR5],19.0,0.0,0.0,24.42105263157895,12600.0,train
AC000318,PH001284,4,1,0.008784313725490198,Poor,2,Suppress,-4.446588235294118,"EV(call)=INR-4, EV(visit)=INR-186 — negative economic yield",-1.0,-1.0,-1.0,-1.0,12600.0,train
AC000319,PH001285,3,0,0.9745437518290897,Excellent,1,Call,718.5987357330991,EV(call)=INR719 [P(RPC)=97.45% x 5% x INR148500 x 10% - INR5],28.0,0.0,0.0,46.107142857142854,148500.0,train
AC000319,PH001286,0,1,0.008784313725490198,Poor,2,Call,1.5223529411764716,EV(call)=INR2 [P(RPC)=0.88% x 5% x INR148500 x 10% - INR5],-1.0,-1.0,-1.0,-1.0,148500.0,train
AC000319,PH001287,4,2,0.008784313725490198,Poor,3,Call,1.5223529411764716,EV(call)=INR2 [P(RPC)=0.88% x 5% x INR148500 x 10% - INR5],-1.0,-1.0,-1.0,-1.0,148500.0,train
AC000320,PH001288,3,0,0.9891764705882353,Excellent,1,Call,314.5040000000001,EV(call)=INR315 [P(RPC)=98.92% x 5% x INR64600 x 10% - INR5],23.0,0.0,0.0,37.608695652173914,64600.0,train
AC000321,PH001290,0,1,0.9745437518290897,Excellent,1,Call,241.5595692127597,EV(call)=INR242 [P(RPC)=97.45% x 5% x INR50600 x 10% - INR5],3.0,0.0,0.0,90.0,50600.0,train
AC000321,PH001289,3,0,0.008784313725490198,Poor,2,Suppress,-2.7775686274509797,"EV(call)=INR-3, EV(visit)=INR-145 — negative economic yield",8.0,0.0,2.0,0.0,50600.0,train
AC000322,PH001291,3,0,0.9891764705882353,Excellent,1,Call,4945.086352941177,EV(call)=INR4945 [P(RPC)=98.92% x 5% x INR1000850 x 10% - INR5],31.0,1.0,0.0,69.41935483870968,1000850.0,test
AC000322,PH001292,4,1,0.008784313725490198,Poor,2,Call,38.958901960784324,EV(call)=INR39 [P(RPC)=0.88% x 5% x INR1000850 x 10% - INR5],-1.0,-1.0,-1.0,-1.0,1000850.0,test
AC000323,PH001293,3,0,0.8911372549019607,Excellent,1,Call,212.21470588235297,EV(call)=INR212 [P(RPC)=89.11% x 5% x INR48750 x 10% - INR5],3.0,0.0,0.0,55.0,48750.0,validation
AC000323,PH001294,0,1,0.029643721318314557,Poor,2,Call,2.2256570713391746,EV(call)=INR2 [P(RPC)=2.96% x 5% x INR48750 x 10% - INR5],-1.0,-1.0,-1.0,-1.0,48750.0,validation
AC000323,PH001295,1,2,0.029209150326797384,Poor,3,Call,2.119730392156864,EV(call)=INR2 [P(RPC)=2.92% x 5% x INR48750 x 10% - INR5],-1.0,-1.0,-1.0,-1.0,48750.0,validation
AC000323,PH001296,4,3,0.008784313725490198,Poor,4,Suppress,-2.858823529411764,"EV(call)=INR-3, EV(visit)=INR-147 — negative economic yield",-1.0,-1.0,-1.0,-1.0,48750.0,validation
AC000324,PH001297,3,0,0.9891764705882353,Excellent,1,Call,406.49741176470593,EV(call)=INR406 [P(RPC)=98.92% x 5% x INR83200 x 10% - INR5],26.0,2.0,0.0,27.423076923076923,83200.0,train
AC000325,PH001299,1,1,0.7440784313725489,Excellent,1,Call,196.08719607843136,EV(call)=INR196 [P(RPC)=74.41% x 5% x INR54050 x 10% - INR5],16.0,1.0,0.0,45.625,54050.0,train
AC000325,PH001298,3,0,0.07136253650396328,Poor,2,Call,14.285725490196079,EV(call)=INR14 [P(RPC)=7.14% x 5% x INR54050 x 10% - INR5],16.0,1.0,0.0,1.1875,54050.0,train
AC000326,PH001300,3,0,0.9891764705882353,Excellent,1,Call,208.66211764705886,EV(call)=INR209 [P(RPC)=98.92% x 5% x INR43200 x 10% - INR5],27.0,0.0,2.0,32.7037037037037,43200.0,train
AC000326,PH001301,1,1,0.008784313725490198,Poor,2,Suppress,-3.1025882352941174,"EV(call)=INR-3, EV(visit)=INR-153 — negative economic yield",-1.0,-1.0,-1.0,-1.0,43200.0,train
AC000326,PH001302,4,2,0.008784313725490198,Poor,3,Suppress,-3.1025882352941174,"EV(call)=INR-3, EV(visit)=INR-153 — negative economic yield",-1.0,-1.0,-1.0,-1.0,43200.0,train
AC000327,PH001304,4,1,0.9424911297852473,Excellent,1,Call,4105.675062558356,EV(call)=INR4106 [P(RPC)=94.25% x 5% x INR872300 x 10% - INR5],11.0,0.0,0.0,110.63636363636364,872300.0,validation
AC000327,PH001303,3,0,0.008784313725490198,Poor,2,Call,33.312784313725494,EV(call)=INR33 [P(RPC)=0.88% x 5% x INR872300 x 10% - INR5],8.0,0.0,0.0,0.0,872300.0,validation
AC000328,PH001305,3,0,0.9424911297852473,Excellent,1,Call,710.3507675070027,EV(call)=INR710 [P(RPC)=94.25% x 5% x INR151800 x 10% - INR5],1.0,0.0,0.0,39.0,151800.0,train
AC000329,PH001307,0,1,0.9424911297852473,Excellent,1,Call,3625.4758319327725,EV(call)=INR3625 [P(RPC)=94.25% x 5% x INR770400 x 10% - INR5],3.0,0.0,0.0,10.0,770400.0,train
AC000329,PH001306,3,0,0.7440784313725489,Excellent,2,Call,2861.1901176470583,EV(call)=INR2861 [P(RPC)=74.41% x 5% x INR770400 x 10% - INR5],8.0,0.0,0.0,0.0,770400.0,train
AC000329,PH001308,4,2,0.008784313725490198,Poor,3,Call,28.83717647058824,EV(call)=INR29 [P(RPC)=0.88% x 5% x INR770400 x 10% - INR5],-1.0,-1.0,-1.0,-1.0,770400.0,train
AC000330,PH001309,3,0,0.9424911297852473,Excellent,1,Call,433.25837535014,EV(call)=INR433 [P(RPC)=94.25% x 5% x INR93000 x 10% - INR5],47.0,1.0,0.0,1.8085106382978724,93000.0,train
AC000331,PH001310,3,0,0.029643721318314557,Poor,1,Call,14.075734668335418,EV(call)=INR14 [P(RPC)=2.96% x 5% x INR128700 x 10% - INR5],5.0,0.0,0.0,0.0,128700.0,validation
AC000332,PH001312,0,1,0.9891764705882353,Excellent,1,Call,472.7722352941177,EV(call)=INR473 [P(RPC)=98.92% x 5% x INR96600 x 10% - INR5],14.0,0.0,0.0,45.92857142857143,96600.0,validation
AC000332,PH001311,3,0,0.9424911297852473,Excellent,2,Call,450.2232156862745,EV(call)=INR450 [P(RPC)=94.25% x 5% x INR96600 x 10% - INR5],10.0,0.0,0.0,7.0,96600.0,validation
AC000333,PH001313,3,0,0.9891764705882353,Excellent,1,Call,1185.7211764705885,EV(call)=INR1186 [P(RPC)=98.92% x 5% x INR240750 x 10% - INR5],35.0,0.0,0.0,29.857142857142858,240750.0,train
AC000333,PH001314,1,1,0.7440784313725489,Excellent,2,Call,890.6844117647057,EV(call)=INR891 [P(RPC)=74.41% x 5% x INR240750 x 10% - INR5],4.0,1.0,0.0,11.75,240750.0,train
AC000333,PH001315,4,2,0.029643721318314557,Poor,3,Call,30.683629536921153,EV(call)=INR31 [P(RPC)=2.96% x 5% x INR240750 x 10% - INR5],-1.0,-1.0,-1.0,-1.0,240750.0,train
AC000334,PH001316,3,0,0.9424911297852473,Excellent,1,Call,320.15943977591036,EV(call)=INR320 [P(RPC)=94.25% x 5% x INR69000 x 10% - INR5],2.0,0.0,0.0,25.5,69000.0,train
AC000334,PH001317,0,1,0.029643721318314557,Poor,2,Call,5.227083854818524,EV(call)=INR5 [P(RPC)=2.96% x 5% x INR69000 x 10% - INR5],-1.0,-1.0,-1.0,-1.0,69000.0,train
AC000335,PH001319,0,1,0.9891764705882353,Excellent,1,Call,398.58400000000006,EV(call)=INR399 [P(RPC)=98.92% x 5% x INR81600 x 10% - INR5],12.0,0.0,0.0,24.5,81600.0,validation
AC000335,PH001320,4,2,0.7440784313725489,Excellent,2,Suppress,298.584,Compliance: Verified invalid/wrong phone number,13.0,0.0,0.0,18.307692307692307,81600.0,validation
AC000335,PH001318,3,0,0.2888963585434174,Fair,3,Call,112.86971428571431,EV(call)=INR113 [P(RPC)=28.89% x 5% x INR81600 x 10% - INR5],13.0,0.0,0.0,3.076923076923077,81600.0,validation
AC000336,PH001321,3,0,0.9745437518290897,Excellent,1,Call,5787.9316968100675,EV(call)=INR5788 [P(RPC)=97.45% x 5% x INR1188850 x 10% - INR5],12.0,0.0,0.0,28.25,1188850.0,train
AC000336,PH001322,0,1,0.029643721318314557,Poor,2,Call,171.2096904463913,EV(call)=INR171 [P(RPC)=2.96% x 5% x INR1188850 x 10% - INR5],8.0,0.0,1.0,0.0,1188850.0,train
AC000337,PH001323,3,0,0.9891764705882353,Excellent,1,Call,966.1240000000003,EV(call)=INR966 [P(RPC)=98.92% x 5% x INR196350 x 10% - INR5],32.0,0.0,0.0,21.0,196350.0,train
AC000337,PH000544,2,1,0.10069607843137254,Poor,2,Call,93.85837500000002,EV(call)=INR94 [P(RPC)=10.07% x 5% x INR196350 x 10% - INR5],11.0,0.0,0.0,32.45454545454545,196350.0,train
AC000338,PH000263,2,1,0.10069607843137254,Poor,1,Suppress,248.60307352941177,Compliance: Verified third-party — contact strictly prohibited,27.0,1.0,0.0,41.03703703703704,503700.0,train
AC000338,PH001324,3,0,0.008784313725490198,Poor,2,Call,17.123294117647063,EV(call)=INR17 [P(RPC)=0.88% x 5% x INR503700 x 10% - INR5],17.0,0.0,8.0,0.0,503700.0,train
AC000339,PH001327,4,2,0.9424911297852473,Excellent,1,Call,764.0727619047618,EV(call)=INR764 [P(RPC)=94.25% x 5% x INR163200 x 10% - INR5],19.0,1.0,0.0,48.73684210526316,163200.0,test
AC000339,PH001326,1,1,0.07136253650396328,Poor,2,Call,53.23182978723404,EV(call)=INR53 [P(RPC)=7.14% x 5% x INR163200 x 10% - INR5],7.0,2.0,0.0,6.571428571428571,163200.0,test
AC000339,PH001325,3,0,0.029643721318314557,Poor,3,Call,19.18927659574468,EV(call)=INR19 [P(RPC)=2.96% x 5% x INR163200 x 10% - INR5],5.0,2.0,0.0,11.4,163200.0,test
AC000340,PH001328,3,0,0.9745437518290897,Excellent,1,Call,1632.233503072871,EV(call)=INR1632 [P(RPC)=97.45% x 5% x INR336000 x 10% - INR5],7.0,0.0,0.0,116.42857142857143,336000.0,train
AC000340,PH001329,0,1,0.029643721318314557,Poor,2,Call,44.801451814768456,EV(call)=INR45 [P(RPC)=2.96% x 5% x INR336000 x 10% - INR5],-1.0,-1.0,-1.0,-1.0,336000.0,train
AC000341,PH001331,0,1,0.9891764705882353,Excellent,1,Call,137.4414117647059,EV(call)=INR137 [P(RPC)=98.92% x 5% x INR28800 x 10% - INR5],11.0,0.0,0.0,29.636363636363637,28800.0,train
AC000341,PH001330,3,0,0.008784313725490198,Poor,2,Suppress,-3.7350588235294113,"EV(call)=INR-4, EV(visit)=INR-169 — negative economic yield",8.0,0.0,0.0,0.0,28800.0,train
AC000341,PH001332,4,2,0.008784313725490198,Poor,3,Suppress,-3.7350588235294113,"EV(call)=INR-4, EV(visit)=INR-169 — negative economic yield",-1.0,-1.0,-1.0,-1.0,28800.0,train
AC000342,PH001333,3,0,0.9745437518290897,Excellent,1,Call,1372.7612291483756,EV(call)=INR1373 [P(RPC)=97.45% x 5% x INR282750 x 10% - INR5],5.0,0.0,0.0,78.6,282750.0,train
AC000342,PH001334,1,1,0.029209150326797384,Poor,2,Call,36.29443627450981,EV(call)=INR36 [P(RPC)=2.92% x 5% x INR282750 x 10% - INR5],-1.0,-1.0,-1.0,-1.0,282750.0,train
AC000343,PH005879,5,2,0.9745437518290897,Excellent,1,Call,634.300701199883,EV(call)=INR634 [P(RPC)=97.45% x 5% x INR131200 x 10% - INR5],16.0,1.0,0.0,27.5625,131200.0,train
AC000343,PH001336,4,1,0.2888963585434174,Fair,2,Suppress,184.51601120448183,Compliance: Verified third-party — contact strictly prohibited,13.0,0.0,0.0,36.92307692307692,131200.0,train
AC000343,PH001335,3,0,0.029209150326797384,Poor,3,Call,14.16120261437909,EV(call)=INR14 [P(RPC)=2.92% x 5% x INR131200 x 10% - INR5],2.0,0.0,0.0,0.0,131200.0,train
AC000344,PH001338,0,1,0.07136253650396328,Poor,1,Call,144.647239048811,EV(call)=INR145 [P(RPC)=7.14% x 5% x INR419400 x 10% - INR5],-1.0,-1.0,-1.0,-1.0,419400.0,train
AC000344,PH001337,3,0,0.008784313725490198,Poor,2,Call,13.420705882352944,EV(call)=INR13 [P(RPC)=0.88% x 5% x INR419400 x 10% - INR5],-1.0,-1.0,-1.0,-1.0,419400.0,train
AC000344,PH001339,4,2,0.008784313725490198,Poor,3,Call,13.420705882352944,EV(call)=INR13 [P(RPC)=0.88% x 5% x INR419400 x 10% - INR5],-1.0,-1.0,-1.0,-1.0,419400.0,train
AC000345,PH001340,3,0,0.9745437518290897,Excellent,1,Call,878.6675469710271,EV(call)=INR879 [P(RPC)=97.45% x 5% x INR181350 x 10% - INR5],13.0,0.0,0.0,30.076923076923077,181350.0,train
AC000345,PH001341,4,1,0.2888963585434174,Fair,2,Call,256.9567731092438,EV(call)=INR257 [P(RPC)=28.89% x 5% x INR181350 x 10% - INR5],16.0,0.0,0.0,25.5,181350.0,train
AC000346,PH001342,3,0,0.9745437518290897,Excellent,1,Call,1724.3278876207198,EV(call)=INR1724 [P(RPC)=97.45% x 5% x INR354900 x 10% - INR5],5.0,0.0,0.0,41.0,354900.0,train
AC000346,PH001343,0,1,0.029643721318314557,Poor,2,Call,47.602783479349185,EV(call)=INR48 [P(RPC)=2.96% x 5% x INR354900 x 10% - INR5],-1.0,-1.0,-1.0,-1.0,354900.0,train
AC000346,PH000486,2,2,0.008784313725490198,Poor,3,Call,10.587764705882357,EV(call)=INR11 [P(RPC)=0.88% x 5% x INR354900 x 10% - INR5],-1.0,-1.0,-1.0,-1.0,354900.0,train
AC000346,PH001344,4,3,0.008784313725490198,Poor,4,Call,10.587764705882357,EV(call)=INR11 [P(RPC)=0.88% x 5% x INR354900 x 10% - INR5],-1.0,-1.0,-1.0,-1.0,354900.0,train
AC000347,PH001345,3,0,0.9745437518290897,Excellent,1,Call,1037.2745425812116,EV(call)=INR1037 [P(RPC)=97.45% x 5% x INR213900 x 10% - INR5],3.0,0.0,0.0,82.0,213900.0,train
AC000348,PH005813,5,2,0.9745437518290897,Excellent,1,Call,76.13076733977172,EV(call)=INR76 [P(RPC)=97.45% x 5% x INR16650 x 10% - INR5],3.0,0.0,0.0,83.66666666666667,16650.0,train
AC000348,PH001347,0,1,0.07136253650396328,Poor,2,Call,0.9409311639549438,EV(call)=INR1 [P(RPC)=7.14% x 5% x INR16650 x 10% - INR5],4.0,2.0,0.0,13.25,16650.0,train
AC000348,PH001346,3,0,0.008784313725490198,Poor,3,Suppress,-4.268705882352941,Compliance: Verified invalid/wrong phone number,12.0,0.0,10.0,0.0,16650.0,train
AC000349,PH001348,3,0,0.9745437518290897,Excellent,1,Call,526.8572525607258,EV(call)=INR527 [P(RPC)=97.45% x 5% x INR109150 x 10% - INR5],15.0,0.0,0.0,35.13333333333333,109150.0,train
AC000349,PH001349,0,1,0.029643721318314557,Poor,2,Call,11.178060909470172,EV(call)=INR11 [P(RPC)=2.96% x 5% x INR109150 x 10% - INR5],-1.0,-1.0,-1.0,-1.0,109150.0,train
AC000349,PH001351,4,3,0.029643721318314557,Poor,3,Call,11.178060909470172,EV(call)=INR11 [P(RPC)=2.96% x 5% x INR109150 x 10% - INR5],-1.0,-1.0,-1.0,-1.0,109150.0,train
AC000349,PH001350,1,2,0.029209150326797384,Poor,4,Call,10.940893790849675,EV(call)=INR11 [P(RPC)=2.92% x 5% x INR109150 x 10% - INR5],-1.0,-1.0,-1.0,-1.0,109150.0,train
AC000350,PH001352,3,0,0.9891764705882353,Excellent,1,Call,948.0715294117649,EV(call)=INR948 [P(RPC)=98.92% x 5% x INR192700 x 10% - INR5],29.0,0.0,1.0,49.89655172413793,192700.0,train
AC000351,PH001353,3,0,0.9891764705882353,Excellent,1,Call,806.124705882353,EV(call)=INR806 [P(RPC)=98.92% x 5% x INR164000 x 10% - INR5],33.0,0.0,0.0,36.303030303030305,164000.0,train
AC000352,PH001354,3,0,0.9891764705882353,Excellent,1,Call,501.95294117647063,EV(call)=INR502 [P(RPC)=98.92% x 5% x INR102500 x 10% - INR5],28.0,0.0,0.0,45.035714285714285,102500.0,train
AC000352,PH001355,0,1,0.8911372549019607,Excellent,2,Call,451.70784313725494,EV(call)=INR452 [P(RPC)=89.11% x 5% x INR102500 x 10% - INR5],3.0,0.0,0.0,31.333333333333332,102500.0,train
AC000353,PH001356,3,0,0.9745437518290897,Excellent,1,Call,2293.9487105648227,EV(call)=INR2294 [P(RPC)=97.45% x 5% x INR471800 x 10% - INR5],6.0,0.0,0.0,48.833333333333336,471800.0,test
AC000353,PH001357,0,1,0.029209150326797384,Poor,2,Call,63.904385620915036,EV(call)=INR64 [P(RPC)=2.92% x 5% x INR471800 x 10% - INR5],-1.0,-1.0,-1.0,-1.0,471800.0,test
AC000353,PH001358,1,2,0.008784313725490198,Poor,3,Call,15.72219607843138,EV(call)=INR16 [P(RPC)=0.88% x 5% x INR471800 x 10% - INR5],-1.0,-1.0,-1.0,-1.0,471800.0,test
AC000353,PH001359,4,3,0.008784313725490198,Poor,4,Call,15.72219607843138,EV(call)=INR16 [P(RPC)=0.88% x 5% x INR471800 x 10% - INR5],-1.0,-1.0,-1.0,-1.0,471800.0,test
AC000354,PH001360,3,0,0.9745437518290897,Excellent,1,Call,1570.593610769681,EV(call)=INR1571 [P(RPC)=97.45% x 5% x INR323350 x 10% - INR5],17.0,0.0,0.0,51.94117647058823,323350.0,train
AC000354,PH001361,4,1,0.7440784313725489,Excellent,2,Call,1197.9888039215684,EV(call)=INR1198 [P(RPC)=74.41% x 5% x INR323350 x 10% - INR5],16.0,0.0,0.0,48.375,323350.0,train
AC000355,PH001362,3,0,0.9891764705882353,Excellent,1,Call,62.26400000000001,EV(call)=INR62 [P(RPC)=98.92% x 5% x INR13600 x 10% - INR5],30.0,0.0,0.0,54.8,13600.0,train
AC000355,PH001363,0,1,0.008784313725490198,Poor,2,Suppress,-4.402666666666667,"EV(call)=INR-4, EV(visit)=INR-185 — negative economic yield",-1.0,-1.0,-1.0,-1.0,13600.0,train
AC000356,PH001365,0,1,0.9891764705882353,Excellent,1,Call,1143.9284705882353,EV(call)=INR1144 [P(RPC)=98.92% x 5% x INR232300 x 10% - INR5],13.0,0.0,0.0,24.692307692307693,232300.0,validation
AC000356,PH001364,3,0,0.8257777777777777,Excellent,2,Call,954.140888888889,EV(call)=INR954 [P(RPC)=82.58% x 5% x INR232300 x 10% - INR5],12.0,1.0,0.0,4.583333333333333,232300.0,validation
AC000356,PH001366,4,2,0.2888963585434174,Fair,3,Call,330.5531204481793,EV(call)=INR331 [P(RPC)=28.89% x 5% x INR232300 x 10% - INR5],6.0,0.0,0.0,47.833333333333336,232300.0,validation
AC000357,PH001367,3,0,0.9745437518290897,Excellent,1,Call,6757.115458004097,EV(call)=INR6757 [P(RPC)=97.45% x 5% x INR1387750 x 10% - INR5],9.0,0.0,0.0,94.33333333333333,1387750.0,train
AC000357,PH001368,0,1,0.008784313725490198,Poor,2,Call,55.95215686274511,EV(call)=INR56 [P(RPC)=0.88% x 5% x INR1387750 x 10% - INR5],-1.0,-1.0,-1.0,-1.0,1387750.0,train
AC000358,PH001369,3,0,0.008784313725490198,Poor,1,Suppress,-4.323607843137255,"EV(call)=INR-4, EV(visit)=INR-183 — negative economic yield",3.0,0.0,2.0,0.0,15400.0,train
AC000358,PH001370,1,1,0.008784313725490198,Poor,2,Suppress,-4.323607843137255,"EV(call)=INR-4, EV(visit)=INR-183 — negative economic yield",-1.0,-1.0,-1.0,-1.0,15400.0,train
AC000358,PH001371,4,2,0.008784313725490198,Poor,3,Suppress,-4.323607843137255,"EV(call)=INR-4, EV(visit)=INR-183 — negative economic yield",-1.0,-1.0,-1.0,-1.0,15400.0,train
AC000359,PH001372,3,0,0.07136253650396328,Poor,1,Call,34.60620775969963,EV(call)=INR35 [P(RPC)=7.14% x 5% x INR111000 x 10% - INR5],6.0,2.0,0.0,8.166666666666666,111000.0,validation
AC000360,PH001373,3,0,0.9891764705882353,Excellent,1,Call,1584.1120000000003,EV(call)=INR1584 [P(RPC)=98.92% x 5% x INR321300 x 10% - INR5],28.0,1.0,0.0,17.821428571428573,321300.0,train
AC000360,PH001374,0,1,0.9745437518290897,Excellent,2,Call,1560.604537313433,EV(call)=INR1561 [P(RPC)=97.45% x 5% x INR321300 x 10% - INR5],10.0,0.0,0.0,50.3,321300.0,train
AC000360,PH001375,1,2,0.008784313725490198,Poor,3,Call,9.112000000000004,EV(call)=INR9 [P(RPC)=0.88% x 5% x INR321300 x 10% - INR5],-1.0,-1.0,-1.0,-1.0,321300.0,train
AC000361,PH005909,5,3,0.9424911297852473,Excellent,1,Call,4038.2869467787114,EV(call)=INR4038 [P(RPC)=94.25% x 5% x INR858000 x 10% - INR5],7.0,0.0,1.0,9.857142857142858,858000.0,test
AC000361,PH001376,3,0,0.8911372549019607,Excellent,2,Call,3817.978823529412,EV(call)=INR3818 [P(RPC)=89.11% x 5% x INR858000 x 10% - INR5],10.0,0.0,8.0,3.7,858000.0,test
AC000361,PH001378,4,2,0.029643721318314557,Poor,3,Call,122.17156445556947,EV(call)=INR122 [P(RPC)=2.96% x 5% x INR858000 x 10% - INR5],1.0,0.0,0.0,0.0,858000.0,test
AC000361,PH001377,1,1,0.008784313725490198,Poor,4,Call,32.68470588235295,EV(call)=INR33 [P(RPC)=0.88% x 5% x INR858000 x 10% - INR5],7.0,2.0,0.0,4.571428571428571,858000.0,test
AC000362,PH001379,3,0,0.9424911297852473,Excellent,1,Call,503.94521008403353,EV(call)=INR504 [P(RPC)=94.25% x 5% x INR108000 x 10% - INR5],10.0,0.0,0.0,16.2,108000.0,train
AC000363,PH001380,3,0,0.9745437518290897,Excellent,1,Call,152.87608779631256,EV(call)=INR153 [P(RPC)=97.45% x 5% x INR32400 x 10% - INR5],20.0,0.0,0.0,39.75,32400.0,test
AC000363,PH000445,2,1,0.07136253650396328,Poor,2,Call,6.560730913642054,EV(call)=INR7 [P(RPC)=7.14% x 5% x INR32400 x 10% - INR5],8.0,0.0,0.0,51.625,32400.0,test
AC000363,PH001381,4,2,0.008784313725490198,Poor,3,Suppress,-3.576941176470588,"EV(call)=INR-4, EV(visit)=INR-165 — negative economic yield",-1.0,-1.0,-1.0,-1.0,32400.0,test
AC000364,PH001383,1,1,0.9745437518290897,Excellent,1,Call,1983.0692537313435,EV(call)=INR1983 [P(RPC)=97.45% x 5% x INR408000 x 10% - INR5],39.0,1.0,0.0,33.82051282051282,408000.0,train
AC000364,PH001382,3,0,0.008784313725490198,Poor,2,Call,12.920000000000005,EV(call)=INR13 [P(RPC)=0.88% x 5% x INR408000 x 10% - INR5],4.0,2.0,0.0,7.0,408000.0,train
AC000365,PH001384,3,0,0.008784313725490198,Poor,1,Suppress,-3.3858823529411763,"EV(call)=INR-3, EV(visit)=INR-160 — negative economic yield",1.0,0.0,0.0,0.0,36750.0,train
AC000365,PH001385,0,1,0.008784313725490198,Poor,2,Suppress,-3.3858823529411763,"EV(call)=INR-3, EV(visit)=INR-160 — negative economic yield",-1.0,-1.0,-1.0,-1.0,36750.0,train
AC000365,PH001386,1,2,0.008784313725490198,Poor,3,Suppress,-3.3858823529411763,"EV(call)=INR-3, EV(visit)=INR-160 — negative economic yield",-1.0,-1.0,-1.0,-1.0,36750.0,train
AC000366,PH001387,3,0,0.9891764705882353,Excellent,1,Call,3004.0748235294122,EV(call)=INR3004 [P(RPC)=98.92% x 5% x INR608400 x 10% - INR5],23.0,0.0,0.0,35.08695652173913,608400.0,train
AC000366,PH001388,0,1,0.029643721318314557,Poor,2,Call,85.17620025031289,EV(call)=INR85 [P(RPC)=2.96% x 5% x INR608400 x 10% - INR5],-1.0,-1.0,-1.0,-1.0,608400.0,train
AC000366,PH001389,1,2,0.008784313725490198,Poor,3,Call,21.72188235294118,EV(call)=INR22 [P(RPC)=0.88% x 5% x INR608400 x 10% - INR5],-1.0,-1.0,-1.0,-1.0,608400.0,train
AC000366,PH001390,4,3,0.008784313725490198,Poor,4,Call,21.72188235294118,EV(call)=INR22 [P(RPC)=0.88% x 5% x INR608400 x 10% - INR5],-1.0,-1.0,-1.0,-1.0,608400.0,train
AC000367,PH001392,0,1,0.9891764705882353,Excellent,1,Call,1864.543529411765,EV(call)=INR1865 [P(RPC)=98.92% x 5% x INR378000 x 10% - INR5],12.0,0.0,1.0,72.41666666666667,378000.0,train
AC000367,PH001391,3,0,0.9745437518290897,Excellent,2,Call,1836.88769095698,EV(call)=INR1837 [P(RPC)=97.45% x 5% x INR378000 x 10% - INR5],17.0,0.0,0.0,4.529411764705882,378000.0,train
AC000367,PH001393,1,2,0.029643721318314557,Poor,3,Call,51.02663329161452,EV(call)=INR51 [P(RPC)=2.96% x 5% x INR378000 x 10% - INR5],-1.0,-1.0,-1.0,-1.0,378000.0,train
AC000368,PH000263,2,2,0.8911372549019607,Excellent,1,Suppress,1358.2172156862746,Compliance: Verified third-party — contact strictly prohibited,27.0,1.0,0.0,41.03703703703704,305950.0,validation
AC000368,PH001394,3,0,0.7440784313725489,Excellent,2,Call,1133.2539803921568,EV(call)=INR1133 [P(RPC)=74.41% x 5% x INR305950 x 10% - INR5],3.0,0.0,0.0,69.66666666666667,305950.0,validation
AC000368,PH001395,0,1,0.029643721318314557,Poor,3,Call,40.3474826866917,EV(call)=INR40 [P(RPC)=2.96% x 5% x INR305950 x 10% - INR5],-1.0,-1.0,-1.0,-1.0,305950.0,validation
AC000369,PH001397,0,1,0.9891764705882353,Excellent,1,Call,255.400705882353,EV(call)=INR255 [P(RPC)=98.92% x 5% x INR52650 x 10% - INR5],22.0,0.0,0.0,23.727272727272727,52650.0,train
AC000369,PH001396,3,0,0.008784313725490198,Poor,2,Suppress,-2.6875294117647055,"EV(call)=INR-3, EV(visit)=INR-143 — negative economic yield",8.0,1.0,2.0,2.0,52650.0,train
AC000370,PH001399,1,1,0.8257777777777777,Excellent,1,Call,1108.1484444444445,EV(call)=INR1108 [P(RPC)=82.58% x 5% x INR269600 x 10% - INR5],1.0,0.0,0.0,24.0,269600.0,test
AC000370,PH001398,3,0,0.10069607843137254,Poor,2,Call,130.7383137254902,EV(call)=INR131 [P(RPC)=10.07% x 5% x INR269600 x 10% - INR5],8.0,1.0,0.0,3.125,269600.0,test
AC000370,PH000581,2,2,0.008784313725490198,Poor,3,Call,6.841254901960788,EV(call)=INR7 [P(RPC)=0.88% x 5% x INR269600 x 10% - INR5],8.0,0.0,0.0,61.375,269600.0,test
AC000370,PH001400,4,3,0.008784313725490198,Poor,4,Call,6.841254901960788,EV(call)=INR7 [P(RPC)=0.88% x 5% x INR269600 x 10% - INR5],-1.0,-1.0,-1.0,-1.0,269600.0,test
AC000371,PH001401,3,0,0.9424911297852473,Excellent,1,Call,371.5252063492063,EV(call)=INR372 [P(RPC)=94.25% x 5% x INR79900 x 10% - INR5],2.0,0.0,0.0,100.5,79900.0,train
AC000371,PH001402,1,1,0.029643721318314557,Poor,2,Call,6.842666666666666,EV(call)=INR7 [P(RPC)=2.96% x 5% x INR79900 x 10% - INR5],-1.0,-1.0,-1.0,-1.0,79900.0,train
AC000372,PH001403,3,0,0.9424911297852473,Excellent,1,Call,732.9705546218487,EV(call)=INR733 [P(RPC)=94.25% x 5% x INR156600 x 10% - INR5],14.0,0.0,0.0,9.0,156600.0,train
AC000372,PH001404,4,1,0.029643721318314557,Poor,2,Call,18.2110337922403,EV(call)=INR18 [P(RPC)=2.96% x 5% x INR156600 x 10% - INR5],-1.0,-1.0,-1.0,-1.0,156600.0,train
AC000373,PH001405,3,0,0.9745437518290897,Excellent,1,Call,1596.1753842551946,EV(call)=INR1596 [P(RPC)=97.45% x 5% x INR328600 x 10% - INR5],10.0,0.0,0.0,35.0,328600.0,train
AC000373,PH001407,4,2,0.9424911297852473,Excellent,2,Call,1543.5129262371613,EV(call)=INR1544 [P(RPC)=94.25% x 5% x INR328600 x 10% - INR5],10.0,0.0,0.0,23.3,328600.0,train
AC000373,PH001406,1,1,0.029643721318314557,Poor,3,Call,43.70463412599082,EV(call)=INR44 [P(RPC)=2.96% x 5% x INR328600 x 10% - INR5],7.0,2.0,0.0,11.285714285714286,328600.0,train
AC000374,PH001408,3,0,0.9891764705882353,Excellent,1,Call,188.87858823529416,EV(call)=INR189 [P(RPC)=98.92% x 5% x INR39200 x 10% - INR5],29.0,1.0,0.0,65.20689655172414,39200.0,train
AC000374,PH001409,0,1,0.008784313725490198,Poor,2,Suppress,-3.278274509803921,"EV(call)=INR-3, EV(visit)=INR-158 — negative economic yield",-1.0,-1.0,-1.0,-1.0,39200.0,train
AC000374,PH001410,4,2,0.008784313725490198,Poor,3,Suppress,-3.278274509803921,"EV(call)=INR-3, EV(visit)=INR-158 — negative economic yield",-1.0,-1.0,-1.0,-1.0,39200.0,train
AC000375,PH001411,3,0,0.8911372549019607,Excellent,1,Call,333.4093725490197,EV(call)=INR333 [P(RPC)=89.11% x 5% x INR75950 x 10% - INR5],14.0,0.0,0.0,6.714285714285714,75950.0,train
AC000375,PH001413,4,2,0.10069607843137254,Poor,2,Call,33.23933578431373,EV(call)=INR33 [P(RPC)=10.07% x 5% x INR75950 x 10% - INR5],8.0,0.0,0.0,13.875,75950.0,train
AC000375,PH001412,1,1,0.07136253650396328,Poor,3,Call,22.099923237380057,EV(call)=INR22 [P(RPC)=7.14% x 5% x INR75950 x 10% - INR5],4.0,2.0,0.0,14.75,75950.0,train
AC000376,PH001415,0,1,0.9891764705882353,Excellent,1,Call,560.8089411764707,EV(call)=INR561 [P(RPC)=98.92% x 5% x INR114400 x 10% - INR5],21.0,0.0,0.0,43.76190476190476,114400.0,validation
AC000376,PH001414,3,0,0.008784313725490198,Poor,2,Call,0.024627450980393206,EV(call)=INR0 [P(RPC)=0.88% x 5% x INR114400 x 10% - INR5],2.0,0.0,0.0,0.0,114400.0,validation
AC000377,PH001416,3,0,0.9745437518290897,Excellent,1,Call,5655.150110623354,EV(call)=INR5655 [P(RPC)=97.45% x 5% x INR1161600 x 10% - INR5],12.0,0.0,0.0,70.0,1161600.0,train
AC000377,PH001417,1,1,0.008784313725490198,Poor,2,Call,46.01929411764707,EV(call)=INR46 [P(RPC)=0.88% x 5% x INR1161600 x 10% - INR5],-1.0,-1.0,-1.0,-1.0,1161600.0,train
AC000377,PH001418,4,2,0.008784313725490198,Poor,3,Call,46.01929411764707,EV(call)=INR46 [P(RPC)=0.88% x 5% x INR1161600 x 10% - INR5],-1.0,-1.0,-1.0,-1.0,1161600.0,train
AC000378,PH001420,0,1,0.9891764705882353,Excellent,1,Call,1466.8945882352943,EV(call)=INR1467 [P(RPC)=98.92% x 5% x INR297600 x 10% - INR5],4.0,0.0,0.0,71.5,297600.0,test
AC000378,PH001419,3,0,0.008784313725490198,Poor,2,Call,8.071058823529416,EV(call)=INR8 [P(RPC)=0.88% x 5% x INR297600 x 10% - INR5],3.0,0.0,0.0,0.0,297600.0,test
AC000378,PH001421,4,2,0.008784313725490198,Poor,3,Call,8.071058823529416,EV(call)=INR8 [P(RPC)=0.88% x 5% x INR297600 x 10% - INR5],-1.0,-1.0,-1.0,-1.0,297600.0,test
AC000379,PH001422,3,0,0.9891764705882353,Excellent,1,Call,908.0098823529414,EV(call)=INR908 [P(RPC)=98.92% x 5% x INR184600 x 10% - INR5],31.0,0.0,0.0,84.6774193548387,184600.0,train
AC000379,PH001423,1,1,0.029643721318314557,Poor,2,Call,22.361154776804337,EV(call)=INR22 [P(RPC)=2.96% x 5% x INR184600 x 10% - INR5],-1.0,-1.0,-1.0,-1.0,184600.0,train
AC000379,PH001424,4,2,0.029643721318314557,Poor,3,Call,22.361154776804337,EV(call)=INR22 [P(RPC)=2.96% x 5% x INR184600 x 10% - INR5],-1.0,-1.0,-1.0,-1.0,184600.0,train
AC000380,PH001425,3,0,0.9745437518290897,Excellent,1,Call,574.8535323383084,EV(call)=INR575 [P(RPC)=97.45% x 5% x INR119000 x 10% - INR5],12.0,0.0,0.0,86.91666666666667,119000.0,test
AC000380,PH001426,4,1,0.008784313725490198,Poor,2,Call,0.22666666666666835,EV(call)=INR0 [P(RPC)=0.88% x 5% x INR119000 x 10% - INR5],-1.0,-1.0,-1.0,-1.0,119000.0,test
AC000381,PH001427,3,0,0.8911372549019607,Excellent,1,Call,296.4271764705883,EV(call)=INR296 [P(RPC)=89.11% x 5% x INR67650 x 10% - INR5],22.0,1.0,0.0,26.681818181818183,67650.0,test
AC000381,PH000607,2,2,0.2888963585434174,Fair,2,Call,92.71919327731094,EV(call)=INR93 [P(RPC)=28.89% x 5% x INR67650 x 10% - INR5],9.0,0.0,0.0,47.44444444444444,67650.0,test
AC000381,PH001428,1,1,0.029643721318314557,Poor,3,Suppress,5.0269887359199,Compliance: Verified invalid/wrong phone number,5.0,2.0,0.0,14.8,67650.0,test
AC000382,PH001429,3,0,0.9745437518290897,Excellent,1,Call,2132.1744477611937,EV(call)=INR2132 [P(RPC)=97.45% x 5% x INR438600 x 10% - INR5],18.0,0.0,0.0,24.88888888888889,438600.0,test
AC000383,PH001430,3,0,0.9745437518290897,Excellent,1,Call,388.9593116769096,EV(call)=INR389 [P(RPC)=97.45% x 5% x INR80850 x 10% - INR5],15.0,0.0,0.0,68.93333333333334,80850.0,train
AC000383,PH001431,1,1,0.029643721318314557,Poor,2,Call,6.983474342928661,EV(call)=INR7 [P(RPC)=2.96% x 5% x INR80850 x 10% - INR5],-1.0,-1.0,-1.0,-1.0,80850.0,train
AC000383,PH000434,2,2,0.029209150326797384,Poor,3,Call,6.807799019607845,EV(call)=INR7 [P(RPC)=2.92% x 5% x INR80850 x 10% - INR5],-1.0,-1.0,-1.0,-1.0,80850.0,train
AC000384,PH001432,3,0,0.9891764705882353,Excellent,1,Call,634.2552941176472,EV(call)=INR634 [P(RPC)=98.92% x 5% x INR129250 x 10% - INR5],26.0,0.0,0.0,36.84615384615385,129250.0,train
AC000384,PH001433,0,1,0.029643721318314557,Poor,2,Call,14.157254901960783,EV(call)=INR14 [P(RPC)=2.96% x 5% x INR129250 x 10% - INR5],-1.0,-1.0,-1.0,-1.0,129250.0,train
AC000384,PH001434,4,2,0.008784313725490198,Poor,3,Call,0.6768627450980409,EV(call)=INR1 [P(RPC)=0.88% x 5% x INR129250 x 10% - INR5],-1.0,-1.0,-1.0,-1.0,129250.0,train
AC000385,PH001435,3,0,0.9745437518290897,Excellent,1,Call,1515.28825285338,EV(call)=INR1515 [P(RPC)=97.45% x 5% x INR312000 x 10% - INR5],13.0,0.0,0.0,43.92307692307692,312000.0,validation
AC000385,PH001437,4,2,0.10069607843137254,Poor,2,Call,152.0858823529412,EV(call)=INR152 [P(RPC)=10.07% x 5% x INR312000 x 10% - INR5],3.0,1.0,0.0,30.0,312000.0,validation
AC000385,PH001436,0,1,0.008784313725490198,Poor,3,Suppress,8.703529411764709,Compliance: Verified invalid/wrong phone number,8.0,0.0,3.0,0.0,312000.0,validation
AC000386,PH001438,3,0,0.9745437518290897,Excellent,1,Call,780.4822639742464,EV(call)=INR780 [P(RPC)=97.45% x 5% x INR161200 x 10% - INR5],31.0,0.0,6.0,65.70967741935483,161200.0,train
AC000386,PH001439,4,2,0.2888963585434174,Fair,2,Call,227.85046498599442,EV(call)=INR228 [P(RPC)=28.89% x 5% x INR161200 x 10% - INR5],-1.0,-1.0,-1.0,-1.0,161200.0,train
AC000386,PH000459,2,1,0.10069607843137254,Poor,3,Call,76.16103921568629,EV(call)=INR76 [P(RPC)=10.07% x 5% x INR161200 x 10% - INR5],6.0,0.0,0.0,43.333333333333336,161200.0,train
AC000387,PH001441,4,1,0.10069607843137254,Poor,1,Call,169.17904166666668,EV(call)=INR169 [P(RPC)=10.07% x 5% x INR345950 x 10% - INR5],5.0,0.0,0.0,3.8,345950.0,train
AC000387,PH001440,3,0,0.029643721318314557,Poor,2,Call,46.276226950354605,EV(call)=INR46 [P(RPC)=2.96% x 5% x INR345950 x 10% - INR5],7.0,1.0,0.0,1.0,345950.0,train
AC000388,PH001442,3,0,0.9424911297852473,Excellent,1,Call,374.3526797385621,EV(call)=INR374 [P(RPC)=94.25% x 5% x INR80500 x 10% - INR5],12.0,0.0,1.0,9.916666666666666,80500.0,train
AC000388,PH001443,0,1,0.9424911297852473,Excellent,2,Call,374.3526797385621,EV(call)=INR374 [P(RPC)=94.25% x 5% x INR80500 x 10% - INR5],2.0,0.0,0.0,47.0,80500.0,train
AC000388,PH001444,4,2,0.029209150326797384,Poor,3,Call,6.756683006535949,EV(call)=INR7 [P(RPC)=2.92% x 5% x INR80500 x 10% - INR5],-1.0,-1.0,-1.0,-1.0,80500.0,train
AC000389,PH001446,0,1,0.9745437518290897,Excellent,1,Call,937.8710798946445,EV(call)=INR938 [P(RPC)=97.45% x 5% x INR193500 x 10% - INR5],16.0,0.0,0.0,15.1875,193500.0,train
AC000389,PH001445,3,0,0.8911372549019607,Excellent,2,Call,857.1752941176472,EV(call)=INR857 [P(RPC)=89.11% x 5% x INR193500 x 10% - INR5],18.0,0.0,0.0,7.277777777777778,193500.0,train
AC000390,PH001447,3,0,0.9891764705882353,Excellent,1,Call,2290.3840000000005,EV(call)=INR2290 [P(RPC)=98.92% x 5% x INR464100 x 10% - INR5],21.0,0.0,0.0,33.476190476190474,464100.0,train
AC000390,PH001448,0,1,0.008784313725490198,Poor,2,Call,15.384000000000004,EV(call)=INR15 [P(RPC)=0.88% x 5% x INR464100 x 10% - INR5],-1.0,-1.0,-1.0,-1.0,464100.0,train
AC000391,PH001449,3,0,0.9745437518290897,Excellent,1,Call,734.6787076382792,EV(call)=INR735 [P(RPC)=97.45% x 5% x INR151800 x 10% - INR5],12.0,0.0,0.0,46.166666666666664,151800.0,train
AC000391,PH000582,2,1,0.9424911297852473,Excellent,2,Call,710.3507675070027,EV(call)=INR710 [P(RPC)=94.25% x 5% x INR151800 x 10% - INR5],20.0,0.0,0.0,36.9,151800.0,train
AC000391,PH001450,4,2,0.07136253650396328,Poor,3,Call,49.16416520650813,EV(call)=INR49 [P(RPC)=7.14% x 5% x INR151800 x 10% - INR5],8.0,0.0,0.0,0.0,151800.0,train
AC000392,PH001451,3,0,0.9745437518290897,Excellent,1,Call,1080.3981035996487,EV(call)=INR1080 [P(RPC)=97.45% x 5% x INR222750 x 10% - INR5],16.0,0.0,0.0,22.9375,222750.0,train
AC000392,PH001452,4,1,0.8491204481792716,Excellent,2,Call,940.7078991596638,EV(call)=INR941 [P(RPC)=84.91% x 5% x INR222750 x 10% - INR5],9.0,0.0,0.0,39.77777777777778,222750.0,train
AC000393,PH001453,3,0,0.8491204481792716,Excellent,1,Call,524.8511596638655,EV(call)=INR525 [P(RPC)=84.91% x 5% x INR124800 x 10% - INR5],8.0,0.0,0.0,3.375,124800.0,train
AC000393,PH001454,0,1,0.029209150326797384,Poor,2,Call,13.22650980392157,EV(call)=INR13 [P(RPC)=2.92% x 5% x INR124800 x 10% - INR5],-1.0,-1.0,-1.0,-1.0,124800.0,train
AC000394,PH001455,3,0,0.9891764705882353,Excellent,1,Call,3269.9160000000006,EV(call)=INR3270 [P(RPC)=98.92% x 5% x INR662150 x 10% - INR5],13.0,0.0,0.0,24.76923076923077,662150.0,train
AC000394,PH001456,0,1,0.9891764705882353,Excellent,2,Call,3269.9160000000006,EV(call)=INR3270 [P(RPC)=98.92% x 5% x INR662150 x 10% - INR5],15.0,0.0,0.0,46.6,662150.0,train
AC000395,PH001457,3,0,0.10069607843137254,Poor,1,Call,2.7032500000000015,EV(call)=INR3 [P(RPC)=10.07% x 5% x INR15300 x 10% - INR5],31.0,2.0,24.0,1.6129032258064515,15300.0,validation
AC000396,PH001458,3,0,0.9891764705882353,Excellent,1,Call,119.63623529411767,EV(call)=INR120 [P(RPC)=98.92% x 5% x INR25200 x 10% - INR5],27.0,0.0,0.0,48.148148148148145,25200.0,train
AC000396,PH001459,0,1,0.8911372549019607,Excellent,2,Call,107.28329411764707,EV(call)=INR107 [P(RPC)=89.11% x 5% x INR25200 x 10% - INR5],6.0,0.0,0.0,17.833333333333332,25200.0,train
AC000397,PH001460,3,0,0.9745437518290897,Excellent,1,Call,353.1448287971905,EV(call)=INR353 [P(RPC)=97.45% x 5% x INR73500 x 10% - INR5],16.0,0.0,0.0,49.125,73500.0,train
AC000397,PH001461,0,1,0.008784313725490198,Poor,2,Suppress,-1.7717647058823522,"EV(call)=INR-2, EV(visit)=INR-121 — negative economic yield",-1.0,-1.0,-1.0,-1.0,73500.0,train
AC000398,PH001462,3,0,0.9745437518290897,Excellent,1,Call,393.1011226221832,EV(call)=INR393 [P(RPC)=97.45% x 5% x INR81700 x 10% - INR5],16.0,0.0,0.0,52.5625,81700.0,train
AC000398,PH000550,2,2,0.029643721318314557,Poor,2,Call,7.109460158531498,EV(call)=INR7 [P(RPC)=2.96% x 5% x INR81700 x 10% - INR5],8.0,0.0,0.0,33.5,81700.0,train
AC000398,PH001463,0,1,0.008784313725490198,Poor,3,Suppress,-1.4116078431372543,"EV(call)=INR-1, EV(visit)=INR-112 — negative economic yield",8.0,0.0,3.0,0.0,81700.0,train
AC000398,PH001464,4,3,0.008784313725490198,Poor,4,Suppress,-1.4116078431372543,"EV(call)=INR-1, EV(visit)=INR-112 — negative economic yield",-1.0,-1.0,-1.0,-1.0,81700.0,train
AC000399,PH001465,3,0,0.9745437518290897,Excellent,1,Call,669.6279122036874,EV(call)=INR670 [P(RPC)=97.45% x 5% x INR138450 x 10% - INR5],9.0,0.0,0.0,82.55555555555556,138450.0,train
AC000399,PH001466,0,1,0.07136253650396328,Poor,2,Call,44.40071589486859,EV(call)=INR44 [P(RPC)=7.14% x 5% x INR138450 x 10% - INR5],-1.0,-1.0,-1.0,-1.0,138450.0,train
AC000399,PH001467,1,2,0.029643721318314557,Poor,3,Call,15.520866082603252,EV(call)=INR16 [P(RPC)=2.96% x 5% x INR138450 x 10% - INR5],-1.0,-1.0,-1.0,-1.0,138450.0,train
AC000399,PH001468,4,3,0.029643721318314557,Poor,4,Call,15.520866082603252,EV(call)=INR16 [P(RPC)=2.96% x 5% x INR138450 x 10% - INR5],-1.0,-1.0,-1.0,-1.0,138450.0,train
AC000400,PH001469,3,0,0.9424911297852473,Excellent,1,Call,419.12100840336126,EV(call)=INR419 [P(RPC)=94.25% x 5% x INR90000 x 10% - INR5],8.0,0.0,0.0,39.375,90000.0,train
AC000401,PH005862,5,3,0.9745437518290897,Excellent,1,Call,1216.1033210418495,EV(call)=INR1216 [P(RPC)=97.45% x 5% x INR250600 x 10% - INR5],10.0,0.0,1.0,12.5,250600.0,test
AC000401,PH000188,3,0,0.2888963585434174,Fair,2,Call,356.98713725490205,EV(call)=INR357 [P(RPC)=28.89% x 5% x INR250600 x 10% - INR5],8.0,0.0,0.0,4.625,250600.0,test
AC000401,PH001470,1,1,0.029643721318314557,Poor,3,Call,32.14358281184814,EV(call)=INR32 [P(RPC)=2.96% x 5% x INR250600 x 10% - INR5],4.0,2.0,0.0,14.5,250600.0,test
AC000401,PH001471,4,2,0.029643721318314557,Poor,4,Call,32.14358281184814,EV(call)=INR32 [P(RPC)=2.96% x 5% x INR250600 x 10% - INR5],3.0,0.0,0.0,0.0,250600.0,test
AC000402,PH001475,4,3,0.8280211749374288,Excellent,1,Suppress,26.050794060153585,Compliance: Verified third-party — contact strictly prohibited,12.0,0.0,0.0,28.083333333333332,7500.0,train
AC000402,PH001472,3,0,0.008784313725490198,Poor,2,Suppress,-4.670588235294118,"EV(call)=INR-5, EV(visit)=INR-192 — negative economic yield",3.0,2.0,0.0,9.666666666666666,7500.0,train
AC000402,PH001473,0,1,0.008784313725490198,Poor,3,Suppress,-4.670588235294118,"EV(call)=INR-5, EV(visit)=INR-192 — negative economic yield",11.0,0.0,2.0,0.0,7500.0,train
AC000402,PH001474,1,2,0.008784313725490198,Poor,4,Suppress,-4.670588235294118,"EV(call)=INR-5, EV(visit)=INR-192 — negative economic yield",8.0,0.0,7.0,0.0,7500.0,train
AC000403,PH001476,3,0,0.9891764705882353,Excellent,1,Call,361.48988235294127,EV(call)=INR361 [P(RPC)=98.92% x 5% x INR74100 x 10% - INR5],18.0,0.0,0.0,51.166666666666664,74100.0,test
AC000404,PH001477,3,0,0.8911372549019607,Excellent,1,Call,484.23435294117655,EV(call)=INR484 [P(RPC)=89.11% x 5% x INR109800 x 10% - INR5],16.0,0.0,0.0,14.1875,109800.0,train
AC000404,PH001478,4,1,0.008784313725490198,Poor,2,Suppress,-0.17741176470588105,"EV(call)=INR-0, EV(visit)=INR-81 — negative economic yield",-1.0,-1.0,-1.0,-1.0,109800.0,train
AC000405,PH001480,4,1,0.9745437518290897,Excellent,1,Call,402.8465601404741,EV(call)=INR403 [P(RPC)=97.45% x 5% x INR83700 x 10% - INR5],13.0,0.0,0.0,51.53846153846154,83700.0,test
AC000405,PH001479,3,0,0.07136253650396328,Poor,2,Call,24.865221526908638,EV(call)=INR25 [P(RPC)=7.14% x 5% x INR83700 x 10% - INR5],6.0,2.0,0.0,10.166666666666666,83700.0,test
AC000406,PH001481,3,0,0.9424911297852473,Excellent,1,Call,1046.3488552754434,EV(call)=INR1046 [P(RPC)=94.25% x 5% x INR223100 x 10% - INR5],9.0,0.0,0.0,11.777777777777779,223100.0,train
AC000406,PH001482,1,1,0.029209150326797384,Poor,2,Call,27.582807189542486,EV(call)=INR28 [P(RPC)=2.92% x 5% x INR223100 x 10% - INR5],-1.0,-1.0,-1.0,-1.0,223100.0,train
AC000407,PH001483,3,0,0.9891764705882353,Excellent,1,Call,531.6282352941178,EV(call)=INR532 [P(RPC)=98.92% x 5% x INR108500 x 10% - INR5],24.0,1.0,0.0,27.541666666666668,108500.0,test
AC000407,PH001484,4,1,0.008784313725490198,Poor,2,Suppress,-0.23450980392156762,"EV(call)=INR-0, EV(visit)=INR-83 — negative economic yield",8.0,0.0,0.0,42.125,108500.0,test
AC000408,PH001485,3,0,0.9745437518290897,Excellent,1,Call,179.18876909569798,EV(call)=INR179 [P(RPC)=97.45% x 5% x INR37800 x 10% - INR5],22.0,0.0,0.0,30.227272727272727,37800.0,validation
AC000408,PH001486,0,1,0.9745437518290897,Excellent,2,Call,179.18876909569798,EV(call)=INR179 [P(RPC)=97.45% x 5% x INR37800 x 10% - INR5],3.0,0.0,0.0,123.66666666666667,37800.0,validation
AC000408,PH001487,1,2,0.029643721318314557,Poor,3,Call,0.6026633291614516,EV(call)=INR1 [P(RPC)=2.96% x 5% x INR37800 x 10% - INR5],-1.0,-1.0,-1.0,-1.0,37800.0,validation
AC000408,PH001488,4,3,0.008784313725490198,Poor,4,Suppress,-3.3397647058823523,"EV(call)=INR-3, EV(visit)=INR-159 — negative economic yield",-1.0,-1.0,-1.0,-1.0,37800.0,validation
AC000409,PH005814,5,3,0.9891764705882353,Excellent,1,Call,2230.538823529412,EV(call)=INR2231 [P(RPC)=98.92% x 5% x INR452000 x 10% - INR5],18.0,0.0,7.0,36.166666666666664,452000.0,validation
AC000409,PH001490,0,1,0.10069607843137254,Poor,2,Call,222.573137254902,EV(call)=INR223 [P(RPC)=10.07% x 5% x INR452000 x 10% - INR5],8.0,0.0,0.0,0.0,452000.0,validation
AC000409,PH001489,3,0,0.008784313725490198,Poor,3,Call,14.85254901960785,EV(call)=INR15 [P(RPC)=0.88% x 5% x INR452000 x 10% - INR5],10.0,0.0,6.0,0.0,452000.0,validation
AC000409,PH001491,1,2,0.008784313725490198,Poor,4,Call,14.85254901960785,EV(call)=INR15 [P(RPC)=0.88% x 5% x INR452000 x 10% - INR5],-1.0,-1.0,-1.0,-1.0,452000.0,validation
AC000410,PH001493,4,1,0.9745437518290897,Excellent,1,Call,2170.1816540825284,EV(call)=INR2170 [P(RPC)=97.45% x 5% x INR446400 x 10% - INR5],29.0,1.0,0.0,33.10344827586207,446400.0,train
AC000410,PH001492,3,0,0.029643721318314557,Poor,2,Call,61.164785982478094,EV(call)=INR61 [P(RPC)=2.96% x 5% x INR446400 x 10% - INR5],5.0,2.0,0.0,10.6,446400.0,train
AC000411,PH001494,3,0,0.9745437518290897,Excellent,1,Call,192.3451097453907,EV(call)=INR192 [P(RPC)=97.45% x 5% x INR40500 x 10% - INR5],17.0,0.0,3.0,29.294117647058822,40500.0,test
AC000411,PH001495,0,1,0.008784313725490198,Poor,2,Suppress,-3.221176470588235,"EV(call)=INR-3, EV(visit)=INR-156 — negative economic yield",-1.0,-1.0,-1.0,-1.0,40500.0,test
AC000411,PH001496,4,2,0.008784313725490198,Poor,3,Suppress,-3.221176470588235,"EV(call)=INR-3, EV(visit)=INR-156 — negative economic yield",-1.0,-1.0,-1.0,-1.0,40500.0,test
AC000412,PH001497,3,0,0.008784313725490198,Poor,1,Call,17.29019607843138,EV(call)=INR17 [P(RPC)=0.88% x 5% x INR507500 x 10% - INR5],-1.0,-1.0,-1.0,-1.0,507500.0,train
AC000412,PH001498,4,1,0.008784313725490198,Poor,2,Call,17.29019607843138,EV(call)=INR17 [P(RPC)=0.88% x 5% x INR507500 x 10% - INR5],-1.0,-1.0,-1.0,-1.0,507500.0,train
AC000413,PH001500,0,1,0.9745437518290897,Excellent,1,Call,314.6503505999415,EV(call)=INR315 [P(RPC)=97.45% x 5% x INR65600 x 10% - INR5],19.0,0.0,0.0,80.10526315789474,65600.0,test
AC000413,PH001499,3,0,0.029209150326797384,Poor,2,Call,4.580601307189545,EV(call)=INR5 [P(RPC)=2.92% x 5% x INR65600 x 10% - INR5],8.0,0.0,0.0,0.0,65600.0,test
AC000413,PH001501,4,2,0.008784313725490198,Poor,3,Suppress,-2.1187450980392146,"EV(call)=INR-2, EV(visit)=INR-129 — negative economic yield",-1.0,-1.0,-1.0,-1.0,65600.0,test
AC000414,PH001502,3,0,0.9745437518290897,Excellent,1,Call,915.94384547849,EV(call)=INR916 [P(RPC)=97.45% x 5% x INR189000 x 10% - INR5],17.0,0.0,0.0,40.0,189000.0,train
AC000415,PH001504,0,1,0.9745437518290897,Excellent,1,Call,202.0905472636816,EV(call)=INR202 [P(RPC)=97.45% x 5% x INR42500 x 10% - INR5],9.0,0.0,0.0,15.666666666666666,42500.0,train
AC000415,PH001503,3,0,0.8911372549019607,Excellent,2,Call,184.36666666666667,EV(call)=INR184 [P(RPC)=89.11% x 5% x INR42500 x 10% - INR5],14.0,0.0,0.0,11.714285714285714,42500.0,train
AC000416,PH001505,3,0,0.9745437518290897,Excellent,1,Call,1458.2774433713785,EV(call)=INR1458 [P(RPC)=97.45% x 5% x INR300300 x 10% - INR5],47.0,1.0,0.0,6.574468085106383,300300.0,train
AC000416,PH001506,1,1,0.008784313725490198,Poor,2,Call,8.189647058823533,EV(call)=INR8 [P(RPC)=0.88% x 5% x INR300300 x 10% - INR5],2.0,2.0,0.0,30.0,300300.0,train
AC000417,PH001507,3,0,0.9891764705882353,Excellent,1,Call,315.4931764705883,EV(call)=INR315 [P(RPC)=98.92% x 5% x INR64800 x 10% - INR5],7.0,0.0,0.0,65.85714285714286,64800.0,train
AC000417,PH001508,0,1,0.029209150326797384,Poor,2,Call,4.463764705882353,EV(call)=INR4 [P(RPC)=2.92% x 5% x INR64800 x 10% - INR5],-1.0,-1.0,-1.0,-1.0,64800.0,train
AC000417,PH001509,4,2,0.008784313725490198,Poor,3,Suppress,-2.1538823529411757,"EV(call)=INR-2, EV(visit)=INR-130 — negative economic yield",-1.0,-1.0,-1.0,-1.0,64800.0,train
AC000418,PH001510,3,0,0.8491204481792716,Excellent,1,Call,1801.5037535014003,EV(call)=INR1802 [P(RPC)=84.91% x 5% x INR425500 x 10% - INR5],15.0,0.0,0.0,9.066666666666666,425500.0,train
AC000418,PH001512,1,2,0.029209150326797384,Poor,2,Call,57.14246732026144,EV(call)=INR57 [P(RPC)=2.92% x 5% x INR425500 x 10% - INR5],8.0,0.0,0.0,0.0,425500.0,train
AC000418,PH001511,0,1,0.008784313725490198,Poor,3,Call,13.688627450980398,EV(call)=INR14 [P(RPC)=0.88% x 5% x INR425500 x 10% - INR5],3.0,2.0,0.0,7.666666666666667,425500.0,train
AC000419,PH005869,5,2,0.029643721318314557,Poor,1,Call,8.332263662911974,EV(call)=INR8 [P(RPC)=2.96% x 5% x INR89950 x 10% - INR5],8.0,0.0,0.0,0.0,89950.0,train
AC000419,PH001513,3,0,0.008784313725490198,Poor,2,Suppress,-1.0492549019607833,"EV(call)=INR-1, EV(visit)=INR-103 — negative economic yield",21.0,0.0,18.0,0.0,89950.0,train
AC000419,PH001514,1,1,0.008784313725490198,Poor,3,Suppress,-1.0492549019607833,"EV(call)=INR-1, EV(visit)=INR-103 — negative economic yield",2.0,2.0,0.0,17.5,89950.0,train
AC000420,PH001517,4,2,0.5222518365503109,Good,1,Call,1946.393987270237,EV(call)=INR1946 [P(RPC)=52.23% x 5% x INR747300 x 10% - INR5],8.0,0.0,0.0,20.25,747300.0,train
AC000420,PH001515,3,0,0.029209150326797384,Poor,2,Call,104.13999019607843,EV(call)=INR104 [P(RPC)=2.92% x 5% x INR747300 x 10% - INR5],8.0,0.0,0.0,0.0,747300.0,train
AC000420,PH001516,1,1,0.008784313725490198,Poor,3,Call,27.822588235294127,EV(call)=INR28 [P(RPC)=0.88% x 5% x INR747300 x 10% - INR5],8.0,0.0,7.0,0.0,747300.0,train
AC000421,PH001519,0,1,0.9891764705882353,Excellent,1,Call,554.3792941176471,EV(call)=INR554 [P(RPC)=98.92% x 5% x INR113100 x 10% - INR5],11.0,0.0,0.0,91.54545454545455,113100.0,validation
AC000421,PH001520,4,2,0.029643721318314557,Poor,2,Call,11.763524405506882,EV(call)=INR12 [P(RPC)=2.96% x 5% x INR113100 x 10% - INR5],-1.0,-1.0,-1.0,-1.0,113100.0,validation
AC000421,PH001518,3,0,0.008784313725490198,Poor,3,Suppress,-0.032470588235292475,"EV(call)=INR-0, EV(visit)=INR-78 — negative economic yield",8.0,0.0,5.0,0.0,113100.0,validation
AC000422,PH001521,3,0,0.9424911297852473,Excellent,1,Call,463.6537142857143,EV(call)=INR464 [P(RPC)=94.25% x 5% x INR99450 x 10% - INR5],3.0,0.0,0.0,15.0,99450.0,train
AC000422,PH001522,0,1,0.008784313725490198,Poor,2,Suppress,-0.6319999999999988,"EV(call)=INR-1, EV(visit)=INR-93 — negative economic yield",-1.0,-1.0,-1.0,-1.0,99450.0,train
AC000422,PH001523,4,2,0.008784313725490198,Poor,3,Suppress,-0.6319999999999988,"EV(call)=INR-1, EV(visit)=INR-93 — negative economic yield",-1.0,-1.0,-1.0,-1.0,99450.0,train
AC000423,PH001525,0,1,0.9891764705882353,Excellent,1,Call,1770.5717647058825,EV(call)=INR1771 [P(RPC)=98.92% x 5% x INR359000 x 10% - INR5],17.0,0.0,1.0,26.88235294117647,359000.0,train
AC000423,PH001524,3,0,0.8257777777777777,Excellent,2,Call,1477.2711111111112,EV(call)=INR1477 [P(RPC)=82.58% x 5% x INR359000 x 10% - INR5],11.0,1.0,0.0,17.727272727272727,359000.0,train
AC000423,PH001526,1,2,0.008784313725490198,Poor,3,Call,10.767843137254907,EV(call)=INR11 [P(RPC)=0.88% x 5% x INR359000 x 10% - INR5],-1.0,-1.0,-1.0,-1.0,359000.0,train
AC000424,PH001527,4,1,0.8257777777777777,Excellent,1,Call,184.92888888888888,EV(call)=INR185 [P(RPC)=82.58% x 5% x INR46000 x 10% - INR5],9.0,0.0,0.0,48.77777777777778,46000.0,train
AC000424,PH000235,3,0,0.10069607843137254,Poor,2,Call,18.16009803921569,EV(call)=INR18 [P(RPC)=10.07% x 5% x INR46000 x 10% - INR5],8.0,0.0,0.0,71.625,46000.0,train
AC000425,PH001529,0,1,0.9891764705882353,Excellent,1,Call,6131.850823529413,EV(call)=INR6132 [P(RPC)=98.92% x 5% x INR1240800 x 10% - INR5],21.0,0.0,0.0,36.23809523809524,1240800.0,train
AC000425,PH001530,4,2,0.10069607843137254,Poor,2,Call,619.7184705882354,EV(call)=INR620 [P(RPC)=10.07% x 5% x INR1240800 x 10% - INR5],2.0,0.0,0.0,31.0,1240800.0,train
AC000425,PH001528,3,0,0.029643721318314557,Poor,3,Call,178.90964705882354,EV(call)=INR179 [P(RPC)=2.96% x 5% x INR1240800 x 10% - INR5],8.0,1.0,0.0,1.5,1240800.0,train
AC000426,PH001531,3,0,0.9891764705882353,Excellent,1,Call,3640.1152941176474,EV(call)=INR3640 [P(RPC)=98.92% x 5% x INR737000 x 10% - INR5],11.0,0.0,0.0,34.81818181818182,737000.0,train
AC000426,PH000485,2,2,0.029643721318314557,Poor,2,Call,104.23711305798916,EV(call)=INR104 [P(RPC)=2.96% x 5% x INR737000 x 10% - INR5],8.0,0.0,0.0,65.75,737000.0,train
AC000426,PH001532,0,1,0.008784313725490198,Poor,3,Call,27.370196078431377,EV(call)=INR27 [P(RPC)=0.88% x 5% x INR737000 x 10% - INR5],-1.0,-1.0,-1.0,-1.0,737000.0,train
AC000426,PH001533,4,3,0.008784313725490198,Poor,4,Call,27.370196078431377,EV(call)=INR27 [P(RPC)=0.88% x 5% x INR737000 x 10% - INR5],-1.0,-1.0,-1.0,-1.0,737000.0,train
AC000427,PH001535,0,1,0.9891764705882353,Excellent,1,Call,887.2371764705885,EV(call)=INR887 [P(RPC)=98.92% x 5% x INR180400 x 10% - INR5],30.0,0.0,0.0,75.5,180400.0,train
AC000427,PH001536,1,2,0.029643721318314557,Poor,2,Call,21.738636629119732,EV(call)=INR22 [P(RPC)=2.96% x 5% x INR180400 x 10% - INR5],-1.0,-1.0,-1.0,-1.0,180400.0,train
AC000427,PH001534,3,0,0.008784313725490198,Poor,3,Call,2.9234509803921584,EV(call)=INR3 [P(RPC)=0.88% x 5% x INR180400 x 10% - INR5],8.0,0.0,7.0,0.0,180400.0,train
AC000428,PH001538,0,1,0.9424911297852473,Excellent,1,Call,1256.76,EV(call)=INR1257 [P(RPC)=94.25% x 5% x INR267750 x 10% - INR5],3.0,0.0,0.0,9.666666666666666,267750.0,train
AC000428,PH001537,3,0,0.029643721318314557,Poor,2,Call,34.685531914893616,EV(call)=INR35 [P(RPC)=2.96% x 5% x INR267750 x 10% - INR5],8.0,0.0,0.0,0.0,267750.0,train
AC000428,PH001539,4,2,0.008784313725490198,Poor,3,Call,6.760000000000003,EV(call)=INR7 [P(RPC)=0.88% x 5% x INR267750 x 10% - INR5],-1.0,-1.0,-1.0,-1.0,267750.0,train
AC000429,PH000110,3,0,0.8491204481792716,Excellent,1,Call,3987.9889075630254,EV(call)=INR3988 [P(RPC)=84.91% x 5% x INR940500 x 10% - INR5],7.0,0.0,0.0,43.142857142857146,940500.0,train
AC000429,PH001540,0,1,0.029643721318314557,Poor,2,Call,134.3995994993742,EV(call)=INR134 [P(RPC)=2.96% x 5% x INR940500 x 10% - INR5],-1.0,-1.0,-1.0,-1.0,940500.0,train
AC000429,PH001541,4,2,0.008784313725490198,Poor,3,Call,36.30823529411766,EV(call)=INR36 [P(RPC)=0.88% x 5% x INR940500 x 10% - INR5],-1.0,-1.0,-1.0,-1.0,940500.0,train
AC000430,PH001542,3,0,0.9745437518290897,Excellent,1,Call,454.9846508633304,EV(call)=INR455 [P(RPC)=97.45% x 5% x INR94400 x 10% - INR5],15.0,0.0,0.0,58.13333333333333,94400.0,train
AC000431,PH001543,3,0,0.9745437518290897,Excellent,1,Call,3746.9934445419954,EV(call)=INR3747 [P(RPC)=97.45% x 5% x INR770000 x 10% - INR5],11.0,0.0,0.0,24.90909090909091,770000.0,train
AC000431,PH001544,0,1,0.008784313725490198,Poor,2,Call,28.819607843137263,EV(call)=INR29 [P(RPC)=0.88% x 5% x INR770000 x 10% - INR5],-1.0,-1.0,-1.0,-1.0,770000.0,train
AC000432,PH001546,0,1,0.9891764705882353,Excellent,1,Call,1159.013411764706,EV(call)=INR1159 [P(RPC)=98.92% x 5% x INR235350 x 10% - INR5],19.0,0.0,1.0,25.68421052631579,235350.0,train
AC000432,PH001547,4,2,0.07136253650396328,Poor,2,Call,78.97586483103879,EV(call)=INR79 [P(RPC)=7.14% x 5% x INR235350 x 10% - INR5],3.0,0.0,0.0,31.0,235350.0,train
AC000432,PH001545,3,0,0.008784313725490198,Poor,3,Call,5.3369411764705905,EV(call)=INR5 [P(RPC)=0.88% x 5% x INR235350 x 10% - INR5],8.0,0.0,6.0,0.0,235350.0,train
AC000433,PH001548,3,0,0.9745437518290897,Excellent,1,Call,601.8971214515657,EV(call)=INR602 [P(RPC)=97.45% x 5% x INR124550 x 10% - INR5],14.0,0.0,0.0,43.214285714285715,124550.0,test
AC000433,PH001549,4,1,0.008784313725490198,Poor,2,Call,0.47043137254902145,EV(call)=INR0 [P(RPC)=0.88% x 5% x INR124550 x 10% - INR5],-1.0,-1.0,-1.0,-1.0,124550.0,test
AC000434,PH001550,3,0,0.2888963585434174,Fair,1,Call,78.92439215686277,EV(call)=INR79 [P(RPC)=28.89% x 5% x INR58100 x 10% - INR5],2.0,0.0,0.0,9.5,58100.0,train
AC000435,PH001551,3,0,0.8491204481792716,Excellent,1,Call,314.481568627451,EV(call)=INR314 [P(RPC)=84.91% x 5% x INR75250 x 10% - INR5],15.0,0.0,0.0,15.866666666666667,75250.0,train
AC000435,PH001552,1,1,0.029643721318314557,Poor,2,Call,6.153450146015853,EV(call)=INR6 [P(RPC)=2.96% x 5% x INR75250 x 10% - INR5],-1.0,-1.0,-1.0,-1.0,75250.0,train
AC000435,PH001553,4,2,0.029643721318314557,Poor,3,Call,6.153450146015853,EV(call)=INR6 [P(RPC)=2.96% x 5% x INR75250 x 10% - INR5],-1.0,-1.0,-1.0,-1.0,75250.0,train
AC000436,PH001554,3,0,0.9891764705882353,Excellent,1,Call,3397.76705882353,EV(call)=INR3398 [P(RPC)=98.92% x 5% x INR688000 x 10% - INR5],25.0,1.0,0.0,20.52,688000.0,validation
AC000437,PH001555,3,0,0.9891764705882353,Excellent,1,Call,2720.675764705883,EV(call)=INR2721 [P(RPC)=98.92% x 5% x INR551100 x 10% - INR5],31.0,0.0,0.0,27.35483870967742,551100.0,test
AC000437,PH001556,4,1,0.008784313725490198,Poor,2,Call,19.205176470588242,EV(call)=INR19 [P(RPC)=0.88% x 5% x INR551100 x 10% - INR5],-1.0,-1.0,-1.0,-1.0,551100.0,test
AC000438,PH001557,3,0,0.8491204481792716,Excellent,1,Call,136.1662745098039,EV(call)=INR136 [P(RPC)=84.91% x 5% x INR33250 x 10% - INR5],16.0,0.0,0.0,14.375,33250.0,train
AC000438,PH001558,4,1,0.008784313725490198,Poor,2,Suppress,-3.5396078431372544,"EV(call)=INR-4, EV(visit)=INR-164 — negative economic yield",8.0,0.0,0.0,47.875,33250.0,train
AC000439,PH001559,3,0,0.9745437518290897,Excellent,1,Call,455.95919461515945,EV(call)=INR456 [P(RPC)=97.45% x 5% x INR94600 x 10% - INR5],15.0,0.0,1.0,75.66666666666667,94600.0,train
AC000439,PH001560,0,1,0.029643721318314557,Poor,2,Call,9.021480183562787,EV(call)=INR9 [P(RPC)=2.96% x 5% x INR94600 x 10% - INR5],-1.0,-1.0,-1.0,-1.0,94600.0,train
AC000440,PH001562,4,1,0.9745437518290897,Excellent,1,Call,779.5077202224173,EV(call)=INR780 [P(RPC)=97.45% x 5% x INR161000 x 10% - INR5],28.0,2.0,0.0,32.285714285714285,161000.0,train
AC000440,PH001561,3,0,0.029643721318314557,Poor,2,Call,18.86319566124322,EV(call)=INR19 [P(RPC)=2.96% x 5% x INR161000 x 10% - INR5],5.0,2.0,0.0,6.4,161000.0,train
AC000440,PH005957,5,2,0.029643721318314557,Poor,3,Call,18.86319566124322,EV(call)=INR19 [P(RPC)=2.96% x 5% x INR161000 x 10% - INR5],-1.0,-1.0,-1.0,-1.0,161000.0,train
AC000441,PH001564,0,1,0.9891764705882353,Excellent,1,Call,3418.045176470589,EV(call)=INR3418 [P(RPC)=98.92% x 5% x INR692100 x 10% - INR5],10.0,0.0,0.0,33.6,692100.0,validation
AC000441,PH001563,3,0,0.029643721318314557,Poor,2,Call,97.58209762202753,EV(call)=INR98 [P(RPC)=2.96% x 5% x INR692100 x 10% - INR5],8.0,1.0,0.0,2.25,692100.0,validation
AC000442,PH001566,0,1,0.9745437518290897,Excellent,1,Call,338.52667251975413,EV(call)=INR339 [P(RPC)=97.45% x 5% x INR70500 x 10% - INR5],18.0,0.0,0.0,22.61111111111111,70500.0,test
AC000442,PH001565,3,0,0.07136253650396328,Poor,2,Call,20.15529411764706,EV(call)=INR20 [P(RPC)=7.14% x 5% x INR70500 x 10% - INR5],8.0,0.0,0.0,9.625,70500.0,test
AC000442,PH001567,4,2,0.07136253650396328,Poor,3,Call,20.15529411764706,EV(call)=INR20 [P(RPC)=7.14% x 5% x INR70500 x 10% - INR5],3.0,0.0,0.0,13.0,70500.0,test
AC000443,PH001569,4,1,0.9424911297852473,Excellent,1,Call,166.0621400560224,EV(call)=INR166 [P(RPC)=94.25% x 5% x INR36300 x 10% - INR5],32.0,0.0,0.0,34.59375,36300.0,train
AC000443,PH001568,3,0,0.8257777777777777,Excellent,2,Call,144.87866666666667,EV(call)=INR145 [P(RPC)=82.58% x 5% x INR36300 x 10% - INR5],10.0,2.0,0.0,8.8,36300.0,train
AC000444,PH000143,3,0,0.9745437518290897,Excellent,1,Call,1600.0735592625108,EV(call)=INR1600 [P(RPC)=97.45% x 5% x INR329400 x 10% - INR5],27.0,2.0,0.0,30.296296296296298,329400.0,train
AC000444,PH001571,4,2,0.9424911297852473,Excellent,2,Call,1547.2828907563025,EV(call)=INR1547 [P(RPC)=94.25% x 5% x INR329400 x 10% - INR5],18.0,0.0,0.0,50.333333333333336,329400.0,train
AC000444,PH001570,1,1,0.07136253650396328,Poor,3,Call,112.53409762202753,EV(call)=INR113 [P(RPC)=7.14% x 5% x INR329400 x 10% - INR5],3.0,2.0,0.0,17.666666666666668,329400.0,train
AC000445,PH001574,4,2,0.8911372549019607,Excellent,1,Call,305.5613333333334,EV(call)=INR306 [P(RPC)=89.11% x 5% x INR69700 x 10% - INR5],19.0,1.0,0.0,39.10526315789474,69700.0,test
AC000445,PH001572,3,0,0.029209150326797384,Poor,2,Call,5.179388888888891,EV(call)=INR5 [P(RPC)=2.92% x 5% x INR69700 x 10% - INR5],10.0,0.0,0.0,0.0,69700.0,test
AC000445,PH001573,1,1,0.008784313725490198,Poor,3,Suppress,-1.9386666666666659,"EV(call)=INR-2, EV(visit)=INR-125 — negative economic yield",8.0,0.0,0.0,0.0,69700.0,test
AC000446,PH005850,5,3,0.9891764705882353,Excellent,1,Call,1354.1284705882354,EV(call)=INR1354 [P(RPC)=98.92% x 5% x INR274800 x 10% - INR5],14.0,0.0,0.0,29.285714285714285,274800.0,train
AC000446,PH001576,4,2,0.10069607843137254,Poor,2,Suppress,133.3564117647059,Compliance: Verified third-party — contact strictly prohibited,5.0,1.0,0.0,61.2,274800.0,train
AC000446,PH000577,2,1,0.07136253650396328,Poor,3,Call,93.05212515644556,EV(call)=INR93 [P(RPC)=7.14% x 5% x INR274800 x 10% - INR5],8.0,0.0,0.0,48.875,274800.0,train
AC000446,PH001575,3,0,0.029643721318314557,Poor,4,Call,35.7304730913642,EV(call)=INR36 [P(RPC)=2.96% x 5% x INR274800 x 10% - INR5],2.0,2.0,0.0,36.0,274800.0,train
AC000447,PH001577,3,0,0.8911372549019607,Excellent,1,Call,412.05223529411774,EV(call)=INR412 [P(RPC)=89.11% x 5% x INR93600 x 10% - INR5],21.0,0.0,11.0,1.8095238095238095,93600.0,train
AC000448,PH001578,3,0,0.9745437518290897,Excellent,1,Call,2355.83223880597,EV(call)=INR2356 [P(RPC)=97.45% x 5% x INR484500 x 10% - INR5],7.0,0.0,0.0,83.42857142857143,484500.0,train
AC000448,PH001579,4,1,0.008784313725490198,Poor,2,Call,16.280000000000005,EV(call)=INR16 [P(RPC)=0.88% x 5% x INR484500 x 10% - INR5],-1.0,-1.0,-1.0,-1.0,484500.0,train
AC000449,PH001582,4,2,0.9424911297852473,Excellent,1,Suppress,367.519619047619,Compliance: Verified third-party — contact strictly prohibited,13.0,0.0,0.0,49.61538461538461,79050.0,train
AC000449,PH001581,1,1,0.7440784313725489,Excellent,2,Call,289.0969999999999,EV(call)=INR289 [P(RPC)=74.41% x 5% x INR79050 x 10% - INR5],7.0,2.0,0.0,11.857142857142858,79050.0,train
AC000449,PH001580,3,0,0.008784313725490198,Poor,3,Suppress,-1.5279999999999991,"EV(call)=INR-2, EV(visit)=INR-115 — negative economic yield",8.0,0.0,7.0,0.0,79050.0,train
AC000450,PH001583,3,0,0.9710774557156444,Excellent,1,Call,207.66596280172612,EV(call)=INR208 [P(RPC)=97.11% x 5% x INR43800 x 10% - INR5],1.0,0.0,0.0,48.0,43800.0,train
AC000451,PH001584,3,0,0.008784313725490198,Poor,1,Suppress,-0.08078431372548867,"EV(call)=INR-0, EV(visit)=INR-79 — negative economic yield",8.0,0.0,0.0,0.0,112000.0,test
AC000452,PH001585,3,0,0.9891764705882353,Excellent,1,Call,262.0776470588236,EV(call)=INR262 [P(RPC)=98.92% x 5% x INR54000 x 10% - INR5],24.0,0.0,0.0,83.95833333333333,54000.0,validation
AC000452,PH001586,1,1,0.008784313725490198,Poor,2,Suppress,-2.6282352941176463,"EV(call)=INR-3, EV(visit)=INR-142 — negative economic yield",-1.0,-1.0,-1.0,-1.0,54000.0,validation
AC000452,PH001587,4,2,0.008784313725490198,Poor,3,Suppress,-2.6282352941176463,"EV(call)=INR-3, EV(visit)=INR-142 — negative economic yield",-1.0,-1.0,-1.0,-1.0,54000.0,validation
AC000453,PH001588,3,0,0.9424911297852473,Excellent,1,Call,1731.7755294117644,EV(call)=INR1732 [P(RPC)=94.25% x 5% x INR368550 x 10% - INR5],17.0,0.0,0.0,2.764705882352941,368550.0,test
AC000453,PH001590,4,2,0.07136253650396328,Poor,2,Call,126.50331414267836,EV(call)=INR127 [P(RPC)=7.14% x 5% x INR368550 x 10% - INR5],8.0,1.0,0.0,30.75,368550.0,test
AC000453,PH001589,1,1,0.008784313725490198,Poor,3,Call,11.187294117647063,EV(call)=INR11 [P(RPC)=0.88% x 5% x INR368550 x 10% - INR5],8.0,1.0,0.0,1.125,368550.0,test
AC000454,PH001591,3,0,0.10069607843137254,Poor,1,Call,54.91416666666668,EV(call)=INR55 [P(RPC)=10.07% x 5% x INR119000 x 10% - INR5],8.0,1.0,0.0,18.625,119000.0,train
AC000454,PH001593,4,2,0.029643721318314557,Poor,2,Suppress,12.63801418439716,Compliance: Verified third-party — contact strictly prohibited,-1.0,-1.0,-1.0,-1.0,119000.0,train
AC000454,PH001592,1,1,0.008784313725490198,Poor,3,Call,0.22666666666666835,EV(call)=INR0 [P(RPC)=0.88% x 5% x INR119000 x 10% - INR5],1.0,0.0,1.0,0.0,119000.0,train
AC000455,PH001594,3,0,0.8911372549019607,Excellent,1,Call,962.5522745098041,EV(call)=INR963 [P(RPC)=89.11% x 5% x INR217150 x 10% - INR5],10.0,0.0,0.0,9.8,217150.0,train
AC000455,PH000337,2,1,0.029209150326797384,Poor,2,Call,26.713834967320267,EV(call)=INR27 [P(RPC)=2.92% x 5% x INR217150 x 10% - INR5],-1.0,-1.0,-1.0,-1.0,217150.0,train
AC000455,PH001595,4,2,0.029209150326797384,Poor,3,Call,26.713834967320267,EV(call)=INR27 [P(RPC)=2.92% x 5% x INR217150 x 10% - INR5],-1.0,-1.0,-1.0,-1.0,217150.0,train
AC000456,PH001596,3,0,0.9891764705882353,Excellent,1,Call,88.47717647058825,EV(call)=INR88 [P(RPC)=98.92% x 5% x INR18900 x 10% - INR5],23.0,0.0,0.0,68.0,18900.0,train
AC000456,PH001597,1,1,0.008784313725490198,Poor,2,Suppress,-4.169882352941176,"EV(call)=INR-4, EV(visit)=INR-180 — negative economic yield",-1.0,-1.0,-1.0,-1.0,18900.0,train
AC000457,PH001598,3,0,0.9745437518290897,Excellent,1,Call,402.35928826455955,EV(call)=INR402 [P(RPC)=97.45% x 5% x INR83600 x 10% - INR5],1.0,0.0,0.0,29.0,83600.0,train
AC000457,PH001599,1,1,0.029209150326797384,Poor,2,Call,7.209424836601308,EV(call)=INR7 [P(RPC)=2.92% x 5% x INR83600 x 10% - INR5],-1.0,-1.0,-1.0,-1.0,83600.0,train
AC000457,PH001600,4,2,0.008784313725490198,Poor,3,Suppress,-1.328156862745097,"EV(call)=INR-1, EV(visit)=INR-110 — negative economic yield",-1.0,-1.0,-1.0,-1.0,83600.0,train
AC000458,PH001601,3,0,0.9745437518290897,Excellent,1,Call,249.5995551653497,EV(call)=INR250 [P(RPC)=97.45% x 5% x INR52250 x 10% - INR5],23.0,0.0,0.0,85.21739130434783,52250.0,test
AC000458,PH001602,4,1,0.008784313725490198,Poor,2,Suppress,-2.705098039215686,"EV(call)=INR-3, EV(visit)=INR-144 — negative economic yield",-1.0,-1.0,-1.0,-1.0,52250.0,test
AC000459,PH001603,3,0,0.9424911297852473,Excellent,1,Call,1743.3210457516336,EV(call)=INR1743 [P(RPC)=94.25% x 5% x INR371000 x 10% - INR5],13.0,0.0,0.0,16.615384615384617,371000.0,train
AC000459,PH001604,4,1,0.008784313725490198,Poor,2,Call,11.294901960784319,EV(call)=INR11 [P(RPC)=0.88% x 5% x INR371000 x 10% - INR5],-1.0,-1.0,-1.0,-1.0,371000.0,train
AC000460,PH001605,3,0,0.9891764705882353,Excellent,1,Call,1538.1152941176474,EV(call)=INR1538 [P(RPC)=98.92% x 5% x INR312000 x 10% - INR5],18.0,0.0,1.0,56.611111111111114,312000.0,test
AC000460,PH001606,4,1,0.2888963585434174,Fair,2,Call,445.6783193277312,EV(call)=INR446 [P(RPC)=28.89% x 5% x INR312000 x 10% - INR5],6.0,1.0,0.0,67.5,312000.0,test
AC000461,PH001607,3,0,0.9891764705882353,Excellent,1,Call,54.35058823529413,EV(call)=INR54 [P(RPC)=98.92% x 5% x INR12000 x 10% - INR5],26.0,0.0,0.0,52.26923076923077,12000.0,train
AC000461,PH001608,1,1,0.8678183971375439,Excellent,2,Call,47.06910382825264,EV(call)=INR47 [P(RPC)=86.78% x 5% x INR12000 x 10% - INR5],7.0,0.0,0.0,17.571428571428573,12000.0,train
AC000461,PH001609,4,2,0.008784313725490198,Poor,3,Suppress,-4.472941176470588,"EV(call)=INR-4, EV(visit)=INR-187 — negative economic yield",-1.0,-1.0,-1.0,-1.0,12000.0,train
AC000462,PH001611,4,1,0.07136253650396328,Poor,1,Call,31.823068836045053,EV(call)=INR32 [P(RPC)=7.14% x 5% x INR103200 x 10% - INR5],6.0,2.0,0.0,41.0,103200.0,train
AC000462,PH001610,3,0,0.008784313725490198,Poor,2,Suppress,-0.4672941176470582,"EV(call)=INR-0, EV(visit)=INR-89 — negative economic yield",20.0,0.0,7.0,0.0,103200.0,train
AC000463,PH001612,3,0,0.9891764705882353,Excellent,1,Call,270.9802352941177,EV(call)=INR271 [P(RPC)=98.92% x 5% x INR55800 x 10% - INR5],5.0,0.0,0.0,162.6,55800.0,train
AC000463,PH001613,4,1,0.7440784313725489,Excellent,2,Call,202.59788235294116,EV(call)=INR203 [P(RPC)=74.41% x 5% x INR55800 x 10% - INR5],9.0,1.0,0.0,42.55555555555556,55800.0,train
AC000464,PH001614,3,0,0.9891764705882353,Excellent,1,Call,618.1811764705884,EV(call)=INR618 [P(RPC)=98.92% x 5% x INR126000 x 10% - INR5],18.0,0.0,0.0,45.5,126000.0,train
AC000464,PH001615,0,1,0.029209150326797384,Poor,2,Call,13.401764705882353,EV(call)=INR13 [P(RPC)=2.92% x 5% x INR126000 x 10% - INR5],8.0,0.0,0.0,0.0,126000.0,train
AC000464,PH001616,1,2,0.008784313725490198,Poor,3,Call,0.5341176470588245,EV(call)=INR1 [P(RPC)=0.88% x 5% x INR126000 x 10% - INR5],8.0,0.0,0.0,0.0,126000.0,train
AC000465,PH001617,3,0,0.9745437518290897,Excellent,1,Call,629.4279824407375,EV(call)=INR629 [P(RPC)=97.45% x 5% x INR130200 x 10% - INR5],18.0,0.0,0.0,38.333333333333336,130200.0,validation
AC000465,PH001618,4,1,0.9424911297852473,Excellent,2,Call,608.5617254901961,EV(call)=INR609 [P(RPC)=94.25% x 5% x INR130200 x 10% - INR5],25.0,1.0,0.0,47.6,130200.0,validation
AC000466,PH001619,4,1,0.9424911297852473,Excellent,1,Call,218.84164332399624,EV(call)=INR219 [P(RPC)=94.25% x 5% x INR47500 x 10% - INR5],19.0,1.0,0.0,34.1578947368421,47500.0,train
AC000466,PH000121,3,0,0.10069607843137254,Poor,2,Call,18.915318627450986,EV(call)=INR19 [P(RPC)=10.07% x 5% x INR47500 x 10% - INR5],8.0,0.0,0.0,7.0,47500.0,train
AC000467,PH001620,3,0,0.9891764705882353,Excellent,1,Call,131.01176470588237,EV(call)=INR131 [P(RPC)=98.92% x 5% x INR27500 x 10% - INR5],23.0,0.0,8.0,33.95652173913044,27500.0,validation
AC000468,PH001623,1,2,0.029643721318314557,Poor,1,Suppress,16.988230287859825,Compliance: Verified invalid/wrong phone number,-1.0,-1.0,-1.0,-1.0,148350.0,train
AC000468,PH001621,3,0,0.029209150326797384,Poor,2,Call,16.665887254901964,EV(call)=INR17 [P(RPC)=2.92% x 5% x INR148350 x 10% - INR5],-1.0,-1.0,-1.0,-1.0,148350.0,train
AC000468,PH001622,0,1,0.029209150326797384,Poor,3,Call,16.665887254901964,EV(call)=INR17 [P(RPC)=2.92% x 5% x INR148350 x 10% - INR5],-1.0,-1.0,-1.0,-1.0,148350.0,train
AC000469,PH001624,3,0,0.07136253650396328,Poor,1,Call,79.93925907384231,EV(call)=INR80 [P(RPC)=7.14% x 5% x INR238050 x 10% - INR5],18.0,2.0,9.0,4.888888888888889,238050.0,train
AC000469,PH001625,1,1,0.029643721318314557,Poor,2,Call,30.283439299123906,EV(call)=INR30 [P(RPC)=2.96% x 5% x INR238050 x 10% - INR5],5.0,2.0,0.0,9.8,238050.0,train
AC000470,PH001626,3,0,0.9891764705882353,Excellent,1,Call,465.84800000000007,EV(call)=INR466 [P(RPC)=98.92% x 5% x INR95200 x 10% - INR5],28.0,0.0,1.0,41.107142857142854,95200.0,train
AC000470,PH001627,4,1,0.10069607843137254,Poor,2,Call,42.93133333333334,EV(call)=INR43 [P(RPC)=10.07% x 5% x INR95200 x 10% - INR5],13.0,1.0,0.0,45.92307692307692,95200.0,train
AC000471,PH001629,0,1,0.029643721318314557,Poor,1,Call,60.5719115561118,EV(call)=INR61 [P(RPC)=2.96% x 5% x INR442400 x 10% - INR5],-1.0,-1.0,-1.0,-1.0,442400.0,validation
AC000471,PH001628,3,0,0.008784313725490198,Poor,2,Call,14.430901960784318,EV(call)=INR14 [P(RPC)=0.88% x 5% x INR442400 x 10% - INR5],-1.0,-1.0,-1.0,-1.0,442400.0,validation
AC000471,PH001630,4,2,0.008784313725490198,Poor,3,Call,14.430901960784318,EV(call)=INR14 [P(RPC)=0.88% x 5% x INR442400 x 10% - INR5],-1.0,-1.0,-1.0,-1.0,442400.0,validation
AC000472,PH001632,0,1,0.9424911297852473,Excellent,1,Call,175.95829691876747,EV(call)=INR176 [P(RPC)=94.25% x 5% x INR38400 x 10% - INR5],20.0,0.0,7.0,7.25,38400.0,train
AC000472,PH001633,4,2,0.10069607843137254,Poor,2,Call,14.33364705882353,EV(call)=INR14 [P(RPC)=10.07% x 5% x INR38400 x 10% - INR5],10.0,0.0,0.0,22.9,38400.0,train
AC000472,PH001631,3,0,0.029643721318314557,Poor,3,Call,0.6915944931163951,EV(call)=INR1 [P(RPC)=2.96% x 5% x INR38400 x 10% - INR5],16.0,0.0,7.0,0.0,38400.0,train
AC000473,PH001634,3,0,0.9424911297852473,Excellent,1,Call,3742.8159775910362,EV(call)=INR3743 [P(RPC)=94.25% x 5% x INR795300 x 10% - INR5],6.0,0.0,0.0,11.333333333333334,795300.0,train
AC000473,PH001635,1,1,0.029209150326797384,Poor,2,Call,111.15018627450982,EV(call)=INR111 [P(RPC)=2.92% x 5% x INR795300 x 10% - INR5],-1.0,-1.0,-1.0,-1.0,795300.0,train
AC000473,PH001636,4,2,0.008784313725490198,Poor,3,Call,29.930823529411775,EV(call)=INR30 [P(RPC)=0.88% x 5% x INR795300 x 10% - INR5],-1.0,-1.0,-1.0,-1.0,795300.0,train
AC000474,PH001637,3,0,0.9745437518290897,Excellent,1,Call,1211.230602282704,EV(call)=INR1211 [P(RPC)=97.45% x 5% x INR249600 x 10% - INR5],9.0,0.0,0.0,84.44444444444444,249600.0,train
AC000474,PH001639,4,2,0.10069607843137254,Poor,2,Call,120.66870588235295,EV(call)=INR121 [P(RPC)=10.07% x 5% x INR249600 x 10% - INR5],9.0,0.0,0.0,50.77777777777778,249600.0,train
AC000474,PH001638,1,1,0.008784313725490198,Poor,3,Call,5.962823529411768,EV(call)=INR6 [P(RPC)=0.88% x 5% x INR249600 x 10% - INR5],2.0,2.0,0.0,21.5,249600.0,train
AC000475,PH001640,3,0,0.008784313725490198,Poor,1,Call,3.9600000000000026,EV(call)=INR4 [P(RPC)=0.88% x 5% x INR204000 x 10% - INR5],2.0,2.0,0.0,11.5,204000.0,train
AC000476,PH001641,3,0,0.9424911297852473,Excellent,1,Call,742.8667114845938,EV(call)=INR743 [P(RPC)=94.25% x 5% x INR158700 x 10% - INR5],1.0,0.0,0.0,41.0,158700.0,train
AC000476,PH001642,1,1,0.029643721318314557,Poor,2,Call,18.5222928660826,EV(call)=INR19 [P(RPC)=2.96% x 5% x INR158700 x 10% - INR5],-1.0,-1.0,-1.0,-1.0,158700.0,train
AC000476,PH001643,4,2,0.029209150326797384,Poor,3,Call,18.177460784313727,EV(call)=INR18 [P(RPC)=2.92% x 5% x INR158700 x 10% - INR5],-1.0,-1.0,-1.0,-1.0,158700.0,train
AC000477,PH001644,3,0,0.9745437518290897,Excellent,1,Call,2514.195598478197,EV(call)=INR2514 [P(RPC)=97.45% x 5% x INR517000 x 10% - INR5],15.0,0.0,0.0,16.466666666666665,517000.0,validation
AC000477,PH000441,2,2,0.9424911297852473,Excellent,2,Call,2431.3395704948643,EV(call)=INR2431 [P(RPC)=94.25% x 5% x INR517000 x 10% - INR5],17.0,0.0,0.0,30.823529411764707,517000.0,validation
AC000477,PH001646,4,3,0.10069607843137254,Poor,3,Call,255.29936274509805,EV(call)=INR255 [P(RPC)=10.07% x 5% x INR517000 x 10% - INR5],2.0,0.0,0.0,110.5,517000.0,validation
AC000477,PH001645,1,1,0.029643721318314557,Poor,4,Call,71.62901960784313,EV(call)=INR72 [P(RPC)=2.96% x 5% x INR517000 x 10% - INR5],8.0,1.0,0.0,4.5,517000.0,validation
AC000478,PH001647,3,0,0.8911372549019607,Excellent,1,Call,128.22501960784314,EV(call)=INR128 [P(RPC)=89.11% x 5% x INR29900 x 10% - INR5],7.0,0.0,0.0,10.428571428571429,29900.0,train
AC000478,PH001648,4,1,0.8416115326368464,Excellent,2,Call,120.82092412920855,EV(call)=INR121 [P(RPC)=84.16% x 5% x INR29900 x 10% - INR5],11.0,1.0,0.0,37.45454545454545,29900.0,train
AC000479,PH001649,3,0,0.9891764705882353,Excellent,1,Call,272.46400000000006,EV(call)=INR272 [P(RPC)=98.92% x 5% x INR56100 x 10% - INR5],27.0,0.0,0.0,14.148148148148149,56100.0,train
AC000480,PH001650,3,0,0.10069607843137254,Poor,1,Call,31.7037205882353,EV(call)=INR32 [P(RPC)=10.07% x 5% x INR72900 x 10% - INR5],8.0,1.0,0.0,7.625,72900.0,train
AC000480,PH001651,0,1,0.029643721318314557,Poor,2,Call,5.805136420525656,EV(call)=INR6 [P(RPC)=2.96% x 5% x INR72900 x 10% - INR5],-1.0,-1.0,-1.0,-1.0,72900.0,train
AC000480,PH001652,4,2,0.029643721318314557,Poor,3,Call,5.805136420525656,EV(call)=INR6 [P(RPC)=2.96% x 5% x INR72900 x 10% - INR5],-1.0,-1.0,-1.0,-1.0,72900.0,train
AC000481,PH001654,0,1,0.87756847019502,Excellent,1,Call,88.24164995822089,EV(call)=INR88 [P(RPC)=87.76% x 5% x INR21250 x 10% - INR5],7.0,0.0,0.0,13.285714285714286,21250.0,train
AC000481,PH001653,3,0,0.008784313725490198,Poor,2,Suppress,-4.066666666666666,"EV(call)=INR-4, EV(visit)=INR-177 — negative economic yield",8.0,0.0,0.0,0.0,21250.0,train
AC000481,PH001655,4,2,0.008784313725490198,Poor,3,Suppress,-4.066666666666666,"EV(call)=INR-4, EV(visit)=INR-177 — negative economic yield",-1.0,-1.0,-1.0,-1.0,21250.0,train
AC000482,PH001657,0,1,0.10069607843137254,Poor,1,Call,253.15957107843138,EV(call)=INR253 [P(RPC)=10.07% x 5% x INR512750 x 10% - INR5],-1.0,-1.0,-1.0,-1.0,512750.0,test
AC000482,PH001656,3,0,0.029643721318314557,Poor,2,Call,70.99909052982895,EV(call)=INR71 [P(RPC)=2.96% x 5% x INR512750 x 10% - INR5],1.0,0.0,0.0,0.0,512750.0,test
AC000483,PH001658,3,0,0.9745437518290897,Excellent,1,Call,580.9444307872403,EV(call)=INR581 [P(RPC)=97.45% x 5% x INR120250 x 10% - INR5],9.0,0.0,0.0,34.888888888888886,120250.0,validation
AC000484,PH001659,3,0,0.9891764705882353,Excellent,1,Call,1434.7463529411768,EV(call)=INR1435 [P(RPC)=98.92% x 5% x INR291100 x 10% - INR5],24.0,0.0,1.0,62.833333333333336,291100.0,test
AC000484,PH001660,0,1,0.008784313725490198,Poor,2,Call,7.785568627450985,EV(call)=INR8 [P(RPC)=0.88% x 5% x INR291100 x 10% - INR5],-1.0,-1.0,-1.0,-1.0,291100.0,test
AC000484,PH001661,1,2,0.008784313725490198,Poor,3,Call,7.785568627450985,EV(call)=INR8 [P(RPC)=0.88% x 5% x INR291100 x 10% - INR5],-1.0,-1.0,-1.0,-1.0,291100.0,test
AC000485,PH001662,3,0,0.9891764705882353,Excellent,1,Call,40.50211764705883,EV(call)=INR41 [P(RPC)=98.92% x 5% x INR9200 x 10% - INR5],23.0,0.0,0.0,66.21739130434783,9200.0,test
AC000485,PH001663,0,1,0.029643721318314557,Poor,2,Suppress,-3.6363888193575304,"EV(call)=INR-4, EV(visit)=INR-190 — negative economic yield",-1.0,-1.0,-1.0,-1.0,9200.0,test
AC000486,PH001664,3,0,0.9891764705882353,Excellent,1,Call,227.45647058823533,EV(call)=INR227 [P(RPC)=98.92% x 5% x INR47000 x 10% - INR5],22.0,0.0,0.0,48.40909090909091,47000.0,train
AC000487,PH001665,3,0,0.9745437518290897,Excellent,1,Call,540.7445010242903,EV(call)=INR541 [P(RPC)=97.45% x 5% x INR112000 x 10% - INR5],11.0,0.0,1.0,34.72727272727273,112000.0,train
AC000487,PH000548,2,2,0.07136253650396328,Poor,2,Call,34.96302044221944,EV(call)=INR35 [P(RPC)=7.14% x 5% x INR112000 x 10% - INR5],12.0,0.0,0.0,69.41666666666667,112000.0,train
AC000487,PH001667,4,3,0.07136253650396328,Poor,3,Call,34.96302044221944,EV(call)=INR35 [P(RPC)=7.14% x 5% x INR112000 x 10% - INR5],9.0,0.0,0.0,1.6666666666666667,112000.0,train
AC000487,PH001666,0,1,0.008784313725490198,Poor,4,Suppress,-0.08078431372548867,"EV(call)=INR-0, EV(visit)=INR-79 — negative economic yield",4.0,0.0,0.0,0.0,112000.0,train
AC000488,PH001668,3,0,0.9745437518290897,Excellent,1,Call,2024.0000913081649,EV(call)=INR2024 [P(RPC)=97.45% x 5% x INR416400 x 10% - INR5],9.0,0.0,0.0,48.333333333333336,416400.0,train
AC000489,PH001669,3,0,0.9745437518290897,Excellent,1,Call,1187.841552238806,EV(call)=INR1188 [P(RPC)=97.45% x 5% x INR244800 x 10% - INR5],9.0,0.0,0.0,65.88888888888889,244800.0,validation
AC000489,PH001670,1,1,0.008784313725490198,Poor,2,Call,5.7520000000000024,EV(call)=INR6 [P(RPC)=0.88% x 5% x INR244800 x 10% - INR5],-1.0,-1.0,-1.0,-1.0,244800.0,validation
AC000489,PH001671,4,2,0.008784313725490198,Poor,3,Call,5.7520000000000024,EV(call)=INR6 [P(RPC)=0.88% x 5% x INR244800 x 10% - INR5],-1.0,-1.0,-1.0,-1.0,244800.0,validation
AC000490,PH001672,3,0,0.9745437518290897,Excellent,1,Call,1485.5646684225928,EV(call)=INR1486 [P(RPC)=97.45% x 5% x INR305900 x 10% - INR5],12.0,0.0,0.0,25.333333333333332,305900.0,train
AC000490,PH001673,4,1,0.9745437518290897,Excellent,2,Call,1485.5646684225928,EV(call)=INR1486 [P(RPC)=97.45% x 5% x INR305900 x 10% - INR5],14.0,0.0,0.0,34.92857142857143,305900.0,train
AC000491,PH001674,3,0,0.9745437518290897,Excellent,1,Call,1014.6164003511851,EV(call)=INR1015 [P(RPC)=97.45% x 5% x INR209250 x 10% - INR5],13.0,0.0,0.0,38.23076923076923,209250.0,train
AC000491,PH001675,4,1,0.07136253650396328,Poor,2,Call,69.66305381727159,EV(call)=INR70 [P(RPC)=7.14% x 5% x INR209250 x 10% - INR5],8.0,0.0,0.0,48.5,209250.0,train
AC000492,PH001676,3,0,0.8911372549019607,Excellent,1,Call,1703.0873333333334,EV(call)=INR1703 [P(RPC)=89.11% x 5% x INR383350 x 10% - INR5],9.0,0.0,0.0,14.11111111111111,383350.0,train
AC000492,PH000469,2,1,0.10069607843137254,Poor,2,Call,188.00920833333336,EV(call)=INR188 [P(RPC)=10.07% x 5% x INR383350 x 10% - INR5],5.0,0.0,0.0,13.8,383350.0,train
AC000492,PH001677,4,2,0.008784313725490198,Poor,3,Call,11.837333333333337,EV(call)=INR12 [P(RPC)=0.88% x 5% x INR383350 x 10% - INR5],-1.0,-1.0,-1.0,-1.0,383350.0,train
AC000493,PH001679,0,1,0.9891764705882353,Excellent,1,Call,415.4000000000001,EV(call)=INR415 [P(RPC)=98.92% x 5% x INR85000 x 10% - INR5],10.0,0.0,0.0,36.1,85000.0,train
AC000493,PH001678,3,0,0.8491204481792716,Excellent,2,Call,355.87619047619046,EV(call)=INR356 [P(RPC)=84.91% x 5% x INR85000 x 10% - INR5],15.0,0.0,0.0,1.9333333333333333,85000.0,train
AC000494,PH001680,3,0,0.9424911297852473,Excellent,1,Call,935.1349019607842,EV(call)=INR935 [P(RPC)=94.25% x 5% x INR199500 x 10% - INR5],12.0,0.0,0.0,8.916666666666666,199500.0,train
AC000494,PH001682,4,2,0.9424911297852473,Excellent,2,Call,935.1349019607842,EV(call)=INR935 [P(RPC)=94.25% x 5% x INR199500 x 10% - INR5],9.0,0.0,0.0,18.333333333333332,199500.0,train
AC000494,PH001681,0,1,0.008784313725490198,Poor,3,Call,3.762352941176472,EV(call)=INR4 [P(RPC)=0.88% x 5% x INR199500 x 10% - INR5],8.0,0.0,0.0,0.0,199500.0,train
AC000495,PH001683,3,0,0.9745437518290897,Excellent,1,Call,147.27246122329527,EV(call)=INR147 [P(RPC)=97.45% x 5% x INR31250 x 10% - INR5],12.0,0.0,0.0,50.166666666666664,31250.0,train
AC000495,PH001684,4,1,0.008784313725490198,Poor,2,Suppress,-3.6274509803921564,"EV(call)=INR-4, EV(visit)=INR-166 — negative economic yield",-1.0,-1.0,-1.0,-1.0,31250.0,train
AC000496,PH001685,3,0,0.9891764705882353,Excellent,1,Call,367.91952941176476,EV(call)=INR368 [P(RPC)=98.92% x 5% x INR75400 x 10% - INR5],17.0,0.0,0.0,81.58823529411765,75400.0,test
AC000497,PH001688,4,2,0.9424911297852473,Excellent,1,Call,3600.028571428571,EV(call)=INR3600 [P(RPC)=94.25% x 5% x INR765000 x 10% - INR5],12.0,1.0,0.0,70.08333333333333,765000.0,train
AC000497,PH001687,1,1,0.07136253650396328,Poor,2,Call,267.9617021276596,EV(call)=INR268 [P(RPC)=7.14% x 5% x INR765000 x 10% - INR5],8.0,1.0,0.0,4.75,765000.0,train
AC000497,PH001686,3,0,0.029643721318314557,Poor,3,Call,108.38723404255319,EV(call)=INR108 [P(RPC)=2.96% x 5% x INR765000 x 10% - INR5],5.0,2.0,0.0,22.2,765000.0,train
AC000498,PH001689,3,0,0.9745437518290897,Excellent,1,Call,451.08647585601403,EV(call)=INR451 [P(RPC)=97.45% x 5% x INR93600 x 10% - INR5],15.0,0.0,0.0,42.93333333333333,93600.0,train
AC000499,PH001690,3,0,0.029209150326797384,Poor,1,Call,4.113254901960785,EV(call)=INR4 [P(RPC)=2.92% x 5% x INR62400 x 10% - INR5],8.0,1.0,0.0,1.0,62400.0,train
AC000499,PH001691,0,1,0.008784313725490198,Poor,2,Suppress,-2.259294117647058,"EV(call)=INR-2, EV(visit)=INR-133 — negative economic yield",2.0,0.0,0.0,0.0,62400.0,train
AC000500,PH001692,3,0,0.7440784313725489,Excellent,1,Call,1171.3879999999997,EV(call)=INR1171 [P(RPC)=74.41% x 5% x INR316200 x 10% - INR5],16.0,0.0,0.0,1.125,316200.0,train
AC000500,PH001693,4,1,0.7440784313725489,Excellent,2,Call,1171.3879999999997,EV(call)=INR1171 [P(RPC)=74.41% x 5% x INR316200 x 10% - INR5],3.0,0.0,0.0,9.0,316200.0,train
AC000501,PH001694,3,0,0.8911372549019607,Excellent,1,Call,716.8211764705884,EV(call)=INR717 [P(RPC)=89.11% x 5% x INR162000 x 10% - INR5],16.0,1.0,0.0,16.4375,162000.0,train
AC000501,PH001695,4,1,0.8257777777777777,Excellent,2,Call,663.8800000000001,EV(call)=INR664 [P(RPC)=82.58% x 5% x INR162000 x 10% - INR5],10.0,0.0,0.0,51.4,162000.0,train
AC000502,PH001696,3,0,0.9745437518290897,Excellent,1,Call,250.81773485513605,EV(call)=INR251 [P(RPC)=97.45% x 5% x INR52500 x 10% - INR5],16.0,0.0,0.0,78.0625,52500.0,train
AC000502,PH001697,0,1,0.008784313725490198,Poor,2,Suppress,-2.6941176470588233,"EV(call)=INR-3, EV(visit)=INR-143 — negative economic yield",-1.0,-1.0,-1.0,-1.0,52500.0,train
AC000502,PH001698,4,2,0.008784313725490198,Poor,3,Suppress,-2.6941176470588233,"EV(call)=INR-3, EV(visit)=INR-143 — negative economic yield",-1.0,-1.0,-1.0,-1.0,52500.0,train
AC000503,PH001699,3,0,0.9891764705882353,Excellent,1,Call,3400.7345882352947,EV(call)=INR3401 [P(RPC)=98.92% x 5% x INR688600 x 10% - INR5],33.0,0.0,0.0,52.39393939393939,688600.0,train
AC000503,PH001700,0,1,0.9424911297852473,Excellent,2,Call,3239.996959850607,EV(call)=INR3240 [P(RPC)=94.25% x 5% x INR688600 x 10% - INR5],1.0,0.0,0.0,47.0,688600.0,train
AC000503,PH000600,2,2,0.008784313725490198,Poor,3,Call,25.24439215686275,EV(call)=INR25 [P(RPC)=0.88% x 5% x INR688600 x 10% - INR5],-1.0,-1.0,-1.0,-1.0,688600.0,train
AC000503,PH001701,4,3,0.008784313725490198,Poor,4,Call,25.24439215686275,EV(call)=INR25 [P(RPC)=0.88% x 5% x INR688600 x 10% - INR5],-1.0,-1.0,-1.0,-1.0,688600.0,train
AC000504,PH001702,3,0,0.9424911297852473,Excellent,1,Call,941.7323398692811,EV(call)=INR942 [P(RPC)=94.25% x 5% x INR200900 x 10% - INR5],20.0,0.0,0.0,1.65,200900.0,validation
AC000504,PH001703,1,1,0.7440784313725489,Excellent,2,Call,742.4267843137254,EV(call)=INR742 [P(RPC)=74.41% x 5% x INR200900 x 10% - INR5],13.0,0.0,0.0,56.69230769230769,200900.0,validation
AC000505,PH001704,3,0,0.9424911297852473,Excellent,1,Call,1480.1303977591035,EV(call)=INR1480 [P(RPC)=94.25% x 5% x INR315150 x 10% - INR5],33.0,0.0,0.0,3.9696969696969697,315150.0,train
AC000506,PH001705,4,1,0.10069607843137254,Poor,1,Call,60.55314705882354,EV(call)=INR61 [P(RPC)=10.07% x 5% x INR130200 x 10% - INR5],11.0,1.0,0.0,27.727272727272727,130200.0,train
AC000506,PH000031,3,0,0.07136253650396328,Poor,2,Call,41.4570112640801,EV(call)=INR41 [P(RPC)=7.14% x 5% x INR130200 x 10% - INR5],8.0,0.0,0.0,19.625,130200.0,train
AC000507,PH001707,4,1,0.10069607843137254,Poor,1,Call,5.044433823529413,EV(call)=INR5 [P(RPC)=10.07% x 5% x INR19950 x 10% - INR5],16.0,0.0,0.0,31.625,19950.0,train
AC000507,PH001706,3,0,0.029643721318314557,Poor,2,Suppress,-2.043038798498123,"EV(call)=INR-2, EV(visit)=INR-178 — negative economic yield",16.0,0.0,0.0,0.0,19950.0,train
AC000508,PH001708,3,0,0.9891764705882353,Excellent,1,Call,237.3482352941177,EV(call)=INR237 [P(RPC)=98.92% x 5% x INR49000 x 10% - INR5],29.0,0.0,0.0,32.62068965517241,49000.0,train
AC000508,PH001709,0,1,0.029643721318314557,Poor,2,Call,2.262711722987067,EV(call)=INR2 [P(RPC)=2.96% x 5% x INR49000 x 10% - INR5],-1.0,-1.0,-1.0,-1.0,49000.0,train
AC000508,PH001711,4,3,0.029209150326797384,Poor,3,Call,2.156241830065361,EV(call)=INR2 [P(RPC)=2.92% x 5% x INR49000 x 10% - INR5],-1.0,-1.0,-1.0,-1.0,49000.0,train
AC000508,PH001710,1,2,0.008784313725490198,Poor,4,Suppress,-2.8478431372549013,"EV(call)=INR-3, EV(visit)=INR-147 — negative economic yield",-1.0,-1.0,-1.0,-1.0,49000.0,train
AC000509,PH001712,3,0,0.008784313725490198,Poor,1,Suppress,-3.68235294117647,"EV(call)=INR-4, EV(visit)=INR-168 — negative economic yield",2.0,0.0,1.0,0.0,30000.0,train
AC000510,PH001713,3,0,0.9891764705882353,Excellent,1,Call,297.68800000000005,EV(call)=INR298 [P(RPC)=98.92% x 5% x INR61200 x 10% - INR5],20.0,0.0,0.0,103.2,61200.0,train
AC000510,PH001714,0,1,0.008784313725490198,Poor,2,Suppress,-2.3119999999999994,"EV(call)=INR-2, EV(visit)=INR-134 — negative economic yield",-1.0,-1.0,-1.0,-1.0,61200.0,train
AC000510,PH001715,1,2,0.008784313725490198,Poor,3,Suppress,-2.3119999999999994,"EV(call)=INR-2, EV(visit)=INR-134 — negative economic yield",-1.0,-1.0,-1.0,-1.0,61200.0,train
AC000511,PH001716,3,0,0.9891764705882353,Excellent,1,Call,662.1995294117648,EV(call)=INR662 [P(RPC)=98.92% x 5% x INR134900 x 10% - INR5],15.0,0.0,0.0,47.06666666666667,134900.0,train
AC000511,PH001717,0,1,0.43770588235294117,Good,2,Call,290.2326176470588,EV(call)=INR290 [P(RPC)=43.77% x 5% x INR134900 x 10% - INR5],-1.0,-1.0,-1.0,-1.0,134900.0,train
AC000511,PH001718,4,2,0.10069607843137254,Poor,3,Call,62.91950490196079,EV(call)=INR63 [P(RPC)=10.07% x 5% x INR134900 x 10% - INR5],-1.0,-1.0,-1.0,-1.0,134900.0,train
AC000512,PH001720,0,1,0.9891764705882353,Excellent,1,Call,1052.9242352941178,EV(call)=INR1053 [P(RPC)=98.92% x 5% x INR213900 x 10% - INR5],23.0,0.0,0.0,60.17391304347826,213900.0,train
AC000512,PH001719,3,0,0.07136253650396328,Poor,2,Call,71.32223279098874,EV(call)=INR71 [P(RPC)=7.14% x 5% x INR213900 x 10% - INR5],10.0,0.0,0.0,0.0,213900.0,train
AC000513,PH001721,3,0,0.2888963585434174,Fair,1,Call,62.168403361344545,EV(call)=INR62 [P(RPC)=28.89% x 5% x INR46500 x 10% - INR5],12.0,2.0,0.0,3.3333333333333335,46500.0,validation
AC000513,PH001722,1,1,0.029643721318314557,Poor,2,Call,1.8921652065081354,EV(call)=INR2 [P(RPC)=2.96% x 5% x INR46500 x 10% - INR5],7.0,2.0,3.0,7.714285714285714,46500.0,validation
AC000514,PH001723,3,0,0.9745437518290897,Excellent,1,Call,894.0166110623354,EV(call)=INR894 [P(RPC)=97.45% x 5% x INR184500 x 10% - INR5],19.0,0.0,0.0,27.473684210526315,184500.0,train
AC000514,PH001724,4,1,0.7833766628699386,Excellent,2,Call,717.6649714975183,EV(call)=INR718 [P(RPC)=78.34% x 5% x INR184500 x 10% - INR5],7.0,0.0,0.0,24.142857142857142,184500.0,train
AC000515,PH001726,0,1,0.9424911297852473,Excellent,1,Call,142.0286162464986,EV(call)=INR142 [P(RPC)=94.25% x 5% x INR31200 x 10% - INR5],14.0,0.0,0.0,7.0,31200.0,test
AC000515,PH001725,3,0,0.029643721318314557,Poor,2,Suppress,-0.3755794743429286,"EV(call)=INR-0, EV(visit)=INR-166 — negative economic yield",16.0,1.0,0.0,1.125,31200.0,test
AC000516,PH001727,3,0,0.9745437518290897,Excellent,1,Call,3552.0846941761774,EV(call)=INR3552 [P(RPC)=97.45% x 5% x INR730000 x 10% - INR5],27.0,0.0,0.0,35.48148148148148,730000.0,test
AC000516,PH001728,1,1,0.008784313725490198,Poor,2,Call,27.062745098039223,EV(call)=INR27 [P(RPC)=0.88% x 5% x INR730000 x 10% - INR5],2.0,2.0,0.0,23.0,730000.0,test
AC000517,PH001730,4,1,0.43770588235294117,Good,1,Call,650.0268529411765,EV(call)=INR650 [P(RPC)=43.77% x 5% x INR299300 x 10% - INR5],16.0,0.0,0.0,26.5,299300.0,test
AC000517,PH001729,3,0,0.008784313725490198,Poor,2,Call,8.145725490196083,EV(call)=INR8 [P(RPC)=0.88% x 5% x INR299300 x 10% - INR5],2.0,0.0,0.0,0.0,299300.0,test
AC000518,PH001731,3,0,0.9745437518290897,Excellent,1,Call,872.0893766461809,EV(call)=INR872 [P(RPC)=97.45% x 5% x INR180000 x 10% - INR5],20.0,0.0,0.0,51.85,180000.0,train
AC000519,PH001733,4,1,0.8353757309317452,Excellent,1,Call,242.2712163557966,EV(call)=INR242 [P(RPC)=83.54% x 5% x INR59200 x 10% - INR5],12.0,0.0,0.0,28.666666666666668,59200.0,train
AC000519,PH001732,3,0,0.008784313725490198,Poor,2,Suppress,-2.3998431372549014,"EV(call)=INR-2, EV(visit)=INR-136 — negative economic yield",8.0,0.0,4.0,0.0,59200.0,train
AC000520,PH001734,3,0,0.9891764705882353,Excellent,1,Call,358.5223529411765,EV(call)=INR359 [P(RPC)=98.92% x 5% x INR73500 x 10% - INR5],25.0,0.0,0.0,59.72,73500.0,train
AC000520,PH001735,4,1,0.008784313725490198,Poor,2,Suppress,-1.7717647058823522,"EV(call)=INR-2, EV(visit)=INR-121 — negative economic yield",-1.0,-1.0,-1.0,-1.0,73500.0,train
AC000521,PH001737,0,1,0.9745437518290897,Excellent,1,Call,705.4423950834065,EV(call)=INR705 [P(RPC)=97.45% x 5% x INR145800 x 10% - INR5],19.0,0.0,0.0,67.73684210526316,145800.0,train
AC000521,PH001738,4,2,0.029643721318314557,Poor,2,Call,16.610272841051312,EV(call)=INR17 [P(RPC)=2.96% x 5% x INR145800 x 10% - INR5],-1.0,-1.0,-1.0,-1.0,145800.0,train
AC000521,PH001736,3,0,0.008784313725490198,Poor,3,Call,1.4037647058823541,EV(call)=INR1 [P(RPC)=0.88% x 5% x INR145800 x 10% - INR5],8.0,0.0,7.0,0.0,145800.0,train
AC000522,PH001739,3,0,0.8911372549019607,Excellent,1,Call,251.6475294117647,EV(call)=INR252 [P(RPC)=89.11% x 5% x INR57600 x 10% - INR5],21.0,0.0,0.0,44.142857142857146,57600.0,train
AC000522,PH001740,4,1,0.029209150326797384,Poor,2,Call,3.4122352941176484,EV(call)=INR3 [P(RPC)=2.92% x 5% x INR57600 x 10% - INR5],8.0,0.0,0.0,23.75,57600.0,train
AC000522,PH005954,5,2,0.008784313725490198,Poor,3,Suppress,-2.4701176470588226,"EV(call)=INR-2, EV(visit)=INR-138 — negative economic yield",-1.0,-1.0,-1.0,-1.0,57600.0,train
AC000523,PH001743,4,2,0.9424911297852473,Excellent,1,Call,1046.820100840336,EV(call)=INR1047 [P(RPC)=94.25% x 5% x INR223200 x 10% - INR5],14.0,2.0,0.0,49.357142857142854,223200.0,train
AC000523,PH001741,3,0,0.029643721318314557,Poor,2,Call,28.082392991239047,EV(call)=INR28 [P(RPC)=2.96% x 5% x INR223200 x 10% - INR5],17.0,1.0,0.0,0.5882352941176471,223200.0,train
AC000523,PH001742,1,1,0.029643721318314557,Poor,3,Call,28.082392991239047,EV(call)=INR28 [P(RPC)=2.96% x 5% x INR223200 x 10% - INR5],6.0,2.0,0.0,8.833333333333334,223200.0,train
AC000524,PH001744,3,0,0.9891764705882353,Excellent,1,Call,1815.8265882352944,EV(call)=INR1816 [P(RPC)=98.92% x 5% x INR368150 x 10% - INR5],25.0,0.0,0.0,32.88,368150.0,train
AC000524,PH001745,0,1,0.029209150326797384,Poor,2,Call,48.76674346405229,EV(call)=INR49 [P(RPC)=2.92% x 5% x INR368150 x 10% - INR5],-1.0,-1.0,-1.0,-1.0,368150.0,train
AC000524,PH001746,4,2,0.008784313725490198,Poor,3,Call,11.169725490196083,EV(call)=INR11 [P(RPC)=0.88% x 5% x INR368150 x 10% - INR5],-1.0,-1.0,-1.0,-1.0,368150.0,train
AC000525,PH001747,3,0,0.9891764705882353,Excellent,1,Call,972.3063529411766,EV(call)=INR972 [P(RPC)=98.92% x 5% x INR197600 x 10% - INR5],32.0,0.0,1.0,39.4375,197600.0,validation
AC000525,PH001748,0,1,0.9745437518290897,Excellent,2,Call,957.8492268071407,EV(call)=INR958 [P(RPC)=97.45% x 5% x INR197600 x 10% - INR5],9.0,0.0,0.0,7.444444444444445,197600.0,validation
AC000526,PH001749,3,0,0.9745437518290897,Excellent,1,Call,2238.1560807726073,EV(call)=INR2238 [P(RPC)=97.45% x 5% x INR460350 x 10% - INR5],5.0,0.0,0.0,66.0,460350.0,train
AC000526,PH001750,4,1,0.008784313725490198,Poor,2,Suppress,15.219294117647067,Compliance: Verified third-party — contact strictly prohibited,-1.0,-1.0,-1.0,-1.0,460350.0,train
AC000527,PH001752,1,1,0.8491204481792716,Excellent,1,Call,1315.806857142857,EV(call)=INR1316 [P(RPC)=84.91% x 5% x INR311100 x 10% - INR5],10.0,0.0,0.0,43.2,311100.0,test
AC000527,PH001751,3,0,0.029643721318314557,Poor,2,Call,41.11080851063829,EV(call)=INR41 [P(RPC)=2.96% x 5% x INR311100 x 10% - INR5],8.0,0.0,0.0,0.0,311100.0,test
AC000527,PH001753,4,2,0.008784313725490198,Poor,3,Call,8.664000000000001,EV(call)=INR9 [P(RPC)=0.88% x 5% x INR311100 x 10% - INR5],-1.0,-1.0,-1.0,-1.0,311100.0,test
AC000528,PH001754,3,0,0.9891764705882353,Excellent,1,Call,1348.688,EV(call)=INR1349 [P(RPC)=98.92% x 5% x INR273700 x 10% - INR5],32.0,0.0,1.0,38.59375,273700.0,validation
AC000528,PH001755,4,1,0.029209150326797384,Poor,2,Call,34.972722222222224,EV(call)=INR35 [P(RPC)=2.92% x 5% x INR273700 x 10% - INR5],-1.0,-1.0,-1.0,-1.0,273700.0,validation
AC000529,PH001756,3,0,0.9745437518290897,Excellent,1,Call,550.4899385425812,EV(call)=INR550 [P(RPC)=97.45% x 5% x INR114000 x 10% - INR5],16.0,0.0,0.0,83.3125,114000.0,train
AC000529,PH001757,0,1,0.008784313725490198,Poor,2,Call,0.00705882352941245,EV(call)=INR0 [P(RPC)=0.88% x 5% x INR114000 x 10% - INR5],-1.0,-1.0,-1.0,-1.0,114000.0,train
AC000529,PH001758,1,2,0.008784313725490198,Poor,3,Call,0.00705882352941245,EV(call)=INR0 [P(RPC)=0.88% x 5% x INR114000 x 10% - INR5],-1.0,-1.0,-1.0,-1.0,114000.0,train
AC000529,PH001759,4,3,0.008784313725490198,Poor,4,Call,0.00705882352941245,EV(call)=INR0 [P(RPC)=0.88% x 5% x INR114000 x 10% - INR5],-1.0,-1.0,-1.0,-1.0,114000.0,train
AC000530,PH001761,1,1,0.9745437518290897,Excellent,1,Call,925.6892829967807,EV(call)=INR926 [P(RPC)=97.45% x 5% x INR191000 x 10% - INR5],4.0,0.0,0.0,87.75,191000.0,train
AC000530,PH001760,3,0,0.029643721318314557,Poor,2,Call,23.309753858990405,EV(call)=INR23 [P(RPC)=2.96% x 5% x INR191000 x 10% - INR5],4.0,2.0,0.0,10.0,191000.0,train
AC000530,PH001762,4,2,0.008784313725490198,Poor,3,Call,3.3890196078431387,EV(call)=INR3 [P(RPC)=0.88% x 5% x INR191000 x 10% - INR5],-1.0,-1.0,-1.0,-1.0,191000.0,train
AC000531,PH001763,3,0,0.9891764705882353,Excellent,1,Call,2714.7407058823537,EV(call)=INR2715 [P(RPC)=98.92% x 5% x INR549900 x 10% - INR5],15.0,0.0,0.0,37.53333333333333,549900.0,validation
AC000531,PH001764,4,1,0.008784313725490198,Poor,2,Call,19.1524705882353,EV(call)=INR19 [P(RPC)=0.88% x 5% x INR549900 x 10% - INR5],-1.0,-1.0,-1.0,-1.0,549900.0,validation
AC000532,PH001765,3,0,0.9424911297852473,Excellent,1,Call,4137.248515406162,EV(call)=INR4137 [P(RPC)=94.25% x 5% x INR879000 x 10% - INR5],2.0,0.0,0.0,16.5,879000.0,validation
AC000532,PH001766,0,1,0.07136253650396328,Poor,2,Call,308.63834793491867,EV(call)=INR309 [P(RPC)=7.14% x 5% x INR879000 x 10% - INR5],-1.0,-1.0,-1.0,-1.0,879000.0,validation
AC000532,PH001767,1,2,0.029643721318314557,Poor,3,Call,125.28415519399249,EV(call)=INR125 [P(RPC)=2.96% x 5% x INR879000 x 10% - INR5],-1.0,-1.0,-1.0,-1.0,879000.0,validation
AC000533,PH001768,3,0,0.9891764705882353,Excellent,1,Call,284.33411764705886,EV(call)=INR284 [P(RPC)=98.92% x 5% x INR58500 x 10% - INR5],3.0,0.0,0.0,78.66666666666667,58500.0,validation
AC000533,PH001769,0,1,0.008784313725490198,Poor,2,Suppress,-2.430588235294117,"EV(call)=INR-2, EV(visit)=INR-137 — negative economic yield",-1.0,-1.0,-1.0,-1.0,58500.0,validation
AC000534,PH001770,3,0,0.8373299655448012,Excellent,1,Call,251.43230194809541,EV(call)=INR251 [P(RPC)=83.73% x 5% x INR61250 x 10% - INR5],6.0,0.0,0.0,6.166666666666667,61250.0,test
AC000535,PH001771,3,0,0.9891764705882353,Excellent,1,Call,210.1458823529412,EV(call)=INR210 [P(RPC)=98.92% x 5% x INR43500 x 10% - INR5],28.0,0.0,1.0,47.535714285714285,43500.0,train
AC000535,PH001772,4,1,0.029643721318314557,Poor,2,Call,1.447509386733417,EV(call)=INR1 [P(RPC)=2.96% x 5% x INR43500 x 10% - INR5],8.0,1.0,0.0,25.75,43500.0,train
AC000536,PH001775,4,2,0.8911372549019607,Excellent,1,Call,355.9105882352942,EV(call)=INR356 [P(RPC)=89.11% x 5% x INR81000 x 10% - INR5],17.0,0.0,0.0,42.11764705882353,81000.0,train
AC000536,PH001773,3,0,0.029643721318314557,Poor,2,Suppress,7.005707133917397,Compliance: Verified invalid/wrong phone number,8.0,1.0,0.0,2.75,81000.0,train
AC000536,PH001774,1,1,0.008784313725490198,Poor,3,Suppress,-1.4423529411764697,"EV(call)=INR-1, EV(visit)=INR-113 — negative economic yield",2.0,2.0,0.0,25.0,81000.0,train
AC000537,PH001776,3,0,0.9891764705882353,Excellent,1,Call,315.4931764705883,EV(call)=INR315 [P(RPC)=98.92% x 5% x INR64800 x 10% - INR5],39.0,0.0,0.0,44.48717948717949,64800.0,train
AC000538,PH001777,3,0,0.9891764705882353,Excellent,1,Call,825.4136470588237,EV(call)=INR825 [P(RPC)=98.92% x 5% x INR167900 x 10% - INR5],33.0,0.0,0.0,12.757575757575758,167900.0,train
AC000539,PH001778,3,0,0.9891764705882353,Excellent,1,Call,360.0061176470589,EV(call)=INR360 [P(RPC)=98.92% x 5% x INR73800 x 10% - INR5],24.0,0.0,0.0,21.166666666666668,73800.0,train
AC000540,PH001780,0,1,0.9891764705882353,Excellent,1,Call,306.5905882352942,EV(call)=INR307 [P(RPC)=98.92% x 5% x INR63000 x 10% - INR5],15.0,1.0,0.0,57.53333333333333,63000.0,test
AC000540,PH001781,4,2,0.43770588235294117,Good,2,Call,132.87735294117647,EV(call)=INR133 [P(RPC)=43.77% x 5% x INR63000 x 10% - INR5],7.0,0.0,0.0,25.428571428571427,63000.0,test
AC000540,PH001779,3,0,0.008784313725490198,Poor,3,Suppress,-2.2329411764705878,"EV(call)=INR-2, EV(visit)=INR-132 — negative economic yield",8.0,0.0,0.0,0.0,63000.0,test
AC000541,PH001784,4,2,0.9745437518290897,Excellent,1,Call,1106.7107848990343,EV(call)=INR1107 [P(RPC)=97.45% x 5% x INR228150 x 10% - INR5],6.0,0.0,0.0,150.5,228150.0,train
AC000541,PH001782,3,0,0.8734936122654104,Excellent,2,Call,991.437838191767,EV(call)=INR991 [P(RPC)=87.35% x 5% x INR228150 x 10% - INR5],16.0,1.0,0.0,4.8125,228150.0,train
AC000541,PH001783,1,1,0.07136253650396328,Poor,3,Call,76.40681351689612,EV(call)=INR76 [P(RPC)=7.14% x 5% x INR228150 x 10% - INR5],8.0,1.0,0.0,4.125,228150.0,train
AC000542,PH001785,3,0,0.9891764705882353,Excellent,1,Call,805.1355294117648,EV(call)=INR805 [P(RPC)=98.92% x 5% x INR163800 x 10% - INR5],17.0,0.0,12.0,40.35294117647059,163800.0,train
AC000542,PH001786,0,1,0.9891764705882353,Excellent,2,Call,805.1355294117648,EV(call)=INR805 [P(RPC)=98.92% x 5% x INR163800 x 10% - INR5],9.0,0.0,0.0,75.88888888888889,163800.0,train
AC000542,PH001787,4,2,0.8257777777777777,Excellent,3,Call,671.312,EV(call)=INR671 [P(RPC)=82.58% x 5% x INR163800 x 10% - INR5],11.0,0.0,0.0,34.63636363636363,163800.0,train
AC000543,PH001788,3,0,0.9891764705882353,Excellent,1,Call,367.1776470588236,EV(call)=INR367 [P(RPC)=98.92% x 5% x INR75250 x 10% - INR5],26.0,1.0,0.0,48.53846153846154,75250.0,train
AC000543,PH000490,2,1,0.008784313725490198,Poor,2,Suppress,-1.6949019607843132,"EV(call)=INR-2, EV(visit)=INR-119 — negative economic yield",-1.0,-1.0,-1.0,-1.0,75250.0,train
AC000543,PH001789,4,2,0.008784313725490198,Poor,3,Suppress,-1.6949019607843132,"EV(call)=INR-2, EV(visit)=INR-119 — negative economic yield",-1.0,-1.0,-1.0,-1.0,75250.0,train
AC000544,PH001791,0,1,0.029643721318314557,Poor,1,Call,53.69456821026282,EV(call)=INR54 [P(RPC)=2.96% x 5% x INR396000 x 10% - INR5],-1.0,-1.0,-1.0,-1.0,396000.0,train
AC000544,PH001790,3,0,0.008784313725490198,Poor,2,Call,12.392941176470593,EV(call)=INR12 [P(RPC)=0.88% x 5% x INR396000 x 10% - INR5],5.0,0.0,3.0,0.0,396000.0,train
AC000544,PH001792,1,2,0.008784313725490198,Poor,3,Call,12.392941176470593,EV(call)=INR12 [P(RPC)=0.88% x 5% x INR396000 x 10% - INR5],-1.0,-1.0,-1.0,-1.0,396000.0,train
AC000545,PH001794,1,1,0.43770588235294117,Good,1,Call,717.214705882353,EV(call)=INR717 [P(RPC)=43.77% x 5% x INR330000 x 10% - INR5],6.0,0.0,0.0,17.333333333333332,330000.0,train
AC000545,PH001793,3,0,0.029643721318314557,Poor,2,Call,43.91214017521902,EV(call)=INR44 [P(RPC)=2.96% x 5% x INR330000 x 10% - INR5],8.0,0.0,0.0,0.0,330000.0,train
AC000545,PH001795,4,2,0.008784313725490198,Poor,3,Call,9.494117647058827,EV(call)=INR9 [P(RPC)=0.88% x 5% x INR330000 x 10% - INR5],-1.0,-1.0,-1.0,-1.0,330000.0,train
AC000546,PH001796,3,0,0.9745437518290897,Excellent,1,Call,821.413101551068,EV(call)=INR821 [P(RPC)=97.45% x 5% x INR169600 x 10% - INR5],14.0,0.0,0.0,23.428571428571427,169600.0,train
AC000546,PH001797,1,1,0.008784313725490198,Poor,2,Call,2.449098039215688,EV(call)=INR2 [P(RPC)=0.88% x 5% x INR169600 x 10% - INR5],-1.0,-1.0,-1.0,-1.0,169600.0,train
AC000547,PH001798,3,0,0.9745437518290897,Excellent,1,Call,2911.322177348551,EV(call)=INR2911 [P(RPC)=97.45% x 5% x INR598500 x 10% - INR5],7.0,0.0,0.0,66.28571428571429,598500.0,validation
AC000547,PH001799,1,1,0.008784313725490198,Poor,2,Call,21.28705882352942,EV(call)=INR21 [P(RPC)=0.88% x 5% x INR598500 x 10% - INR5],-1.0,-1.0,-1.0,-1.0,598500.0,validation
AC000548,PH001800,3,0,0.9424911297852473,Excellent,1,Call,2676.387264239029,EV(call)=INR2676 [P(RPC)=94.25% x 5% x INR569000 x 10% - INR5],5.0,0.0,0.0,11.8,569000.0,train
AC000548,PH001801,4,1,0.008784313725490198,Poor,2,Call,19.991372549019616,EV(call)=INR20 [P(RPC)=0.88% x 5% x INR569000 x 10% - INR5],-1.0,-1.0,-1.0,-1.0,569000.0,train
AC000549,PH001802,3,0,0.9891764705882353,Excellent,1,Call,542.0145882352942,EV(call)=INR542 [P(RPC)=98.92% x 5% x INR110600 x 10% - INR5],19.0,0.0,0.0,28.526315789473685,110600.0,train
AC000549,PH001803,0,1,0.029643721318314557,Poor,2,Call,11.39297788902795,EV(call)=INR11 [P(RPC)=2.96% x 5% x INR110600 x 10% - INR5],-1.0,-1.0,-1.0,-1.0,110600.0,train
AC000549,PH001804,4,2,0.008784313725490198,Poor,3,Suppress,-0.14227450980392042,"EV(call)=INR-0, EV(visit)=INR-81 — negative economic yield",-1.0,-1.0,-1.0,-1.0,110600.0,train
AC000550,PH001806,1,1,0.9424911297852473,Excellent,1,Call,300.1315032679738,EV(call)=INR300 [P(RPC)=94.25% x 5% x INR64750 x 10% - INR5],11.0,1.0,0.0,39.09090909090909,64750.0,test
AC000550,PH001807,4,2,0.9424911297852473,Excellent,2,Call,300.1315032679738,EV(call)=INR300 [P(RPC)=94.25% x 5% x INR64750 x 10% - INR5],9.0,1.0,0.0,63.55555555555556,64750.0,test
AC000550,PH001805,3,0,0.008784313725490198,Poor,3,Suppress,-2.1560784313725483,"EV(call)=INR-2, EV(visit)=INR-130 — negative economic yield",9.0,0.0,0.0,0.0,64750.0,test
AC000551,PH001809,0,1,0.9745437518290897,Excellent,1,Call,6018.167658179689,EV(call)=INR6018 [P(RPC)=97.45% x 5% x INR1236100 x 10% - INR5],19.0,0.0,0.0,5.947368421052632,1236100.0,train
AC000551,PH001808,3,0,0.008784313725490198,Poor,2,Call,49.29145098039217,EV(call)=INR49 [P(RPC)=0.88% x 5% x INR1236100 x 10% - INR5],7.0,2.0,0.0,6.285714285714286,1236100.0,train
AC000552,PH001810,3,0,0.9424911297852473,Excellent,1,Call,615.1591633986927,EV(call)=INR615 [P(RPC)=94.25% x 5% x INR131600 x 10% - INR5],5.0,0.0,0.0,8.6,131600.0,train
AC000552,PH001811,4,1,0.008784313725490198,Poor,2,Call,0.7800784313725506,EV(call)=INR1 [P(RPC)=0.88% x 5% x INR131600 x 10% - INR5],-1.0,-1.0,-1.0,-1.0,131600.0,train
AC000553,PH001812,3,0,0.029643721318314557,Poor,1,Suppress,-2.302421360033375,"EV(call)=INR-2, EV(visit)=INR-180 — negative economic yield",2.0,2.0,0.0,26.0,18200.0,test
AC000553,PH001813,0,1,0.029209150326797384,Poor,2,Suppress,-2.3419673202614373,"EV(call)=INR-2, EV(visit)=INR-180 — negative economic yield",4.0,0.0,0.0,0.0,18200.0,test
AC000553,PH001814,1,2,0.008784313725490198,Poor,3,Suppress,-4.200627450980392,"EV(call)=INR-4, EV(visit)=INR-180 — negative economic yield",-1.0,-1.0,-1.0,-1.0,18200.0,test
AC000553,PH001815,4,3,0.008784313725490198,Poor,4,Suppress,-4.200627450980392,"EV(call)=INR-4, EV(visit)=INR-180 — negative economic yield",-1.0,-1.0,-1.0,-1.0,18200.0,test
AC000554,PH001816,3,0,0.008784313725490198,Poor,1,Suppress,-0.9899607843137241,"EV(call)=INR-1, EV(visit)=INR-101 — negative economic yield",4.0,0.0,0.0,0.0,91300.0,validation
AC000554,PH001817,4,1,0.008784313725490198,Poor,2,Suppress,-0.9899607843137241,"EV(call)=INR-1, EV(visit)=INR-101 — negative economic yield",-1.0,-1.0,-1.0,-1.0,91300.0,validation
AC000555,PH001821,4,3,0.8911372549019607,Excellent,1,Call,183.25274509803924,EV(call)=INR183 [P(RPC)=89.11% x 5% x INR42250 x 10% - INR5],11.0,0.0,0.0,61.45454545454545,42250.0,train
AC000555,PH001820,1,2,0.029643721318314557,Poor,2,Call,1.2622361284939503,EV(call)=INR1 [P(RPC)=2.96% x 5% x INR42250 x 10% - INR5],4.0,2.0,0.0,9.5,42250.0,train
AC000555,PH001818,3,0,0.008784313725490198,Poor,3,Suppress,-3.1443137254901954,"EV(call)=INR-3, EV(visit)=INR-154 — negative economic yield",8.0,0.0,0.0,0.0,42250.0,train
AC000555,PH001819,0,1,0.008784313725490198,Poor,4,Suppress,-3.1443137254901954,"EV(call)=INR-3, EV(visit)=INR-154 — negative economic yield",8.0,0.0,0.0,0.0,42250.0,train
AC000556,PH001824,4,2,0.9424911297852473,Excellent,1,Call,201.16993464052285,EV(call)=INR201 [P(RPC)=94.25% x 5% x INR43750 x 10% - INR5],24.0,0.0,0.0,41.916666666666664,43750.0,train
AC000556,PH001822,3,0,0.43770588235294117,Good,2,Call,90.74816176470588,EV(call)=INR91 [P(RPC)=43.77% x 5% x INR43750 x 10% - INR5],14.0,0.0,0.0,0.0,43750.0,train
AC000556,PH001823,1,1,0.029643721318314557,Poor,3,Call,1.4845640383813095,EV(call)=INR1 [P(RPC)=2.96% x 5% x INR43750 x 10% - INR5],4.0,2.0,0.0,17.5,43750.0,train
AC000557,PH001825,3,0,0.8491204481792716,Excellent,1,Call,75.66644257703081,EV(call)=INR76 [P(RPC)=84.91% x 5% x INR19000 x 10% - INR5],12.0,0.0,0.0,17.916666666666668,19000.0,train
AC000557,PH001826,0,1,0.10069607843137254,Poor,2,Call,4.566127450980394,EV(call)=INR5 [P(RPC)=10.07% x 5% x INR19000 x 10% - INR5],-1.0,-1.0,-1.0,-1.0,19000.0,train
AC000557,PH001827,4,2,0.008784313725490198,Poor,3,Suppress,-4.165490196078431,"EV(call)=INR-4, EV(visit)=INR-179 — negative economic yield",-1.0,-1.0,-1.0,-1.0,19000.0,train
AC000558,PH001828,3,0,0.9745437518290897,Excellent,1,Call,573.8789885864793,EV(call)=INR574 [P(RPC)=97.45% x 5% x INR118800 x 10% - INR5],16.0,0.0,0.0,81.4375,118800.0,test
AC000558,PH001829,4,1,0.008784313725490198,Poor,2,Call,0.21788235294117797,EV(call)=INR0 [P(RPC)=0.88% x 5% x INR118800 x 10% - INR5],-1.0,-1.0,-1.0,-1.0,118800.0,test
AC000559,PH001831,4,1,0.43770588235294117,Good,1,Call,123.0289705882353,EV(call)=INR123 [P(RPC)=43.77% x 5% x INR58500 x 10% - INR5],14.0,2.0,0.0,21.714285714285715,58500.0,validation
AC000559,PH001830,3,0,0.008784313725490198,Poor,2,Suppress,-2.430588235294117,"EV(call)=INR-2, EV(visit)=INR-137 — negative economic yield",2.0,2.0,0.0,14.0,58500.0,validation
AC000560,PH001832,3,0,0.9891764705882353,Excellent,1,Call,481.92211764705894,EV(call)=INR482 [P(RPC)=98.92% x 5% x INR98450 x 10% - INR5],26.0,0.0,0.0,40.88461538461539,98450.0,test
AC000560,PH001833,0,1,0.008784313725490198,Poor,2,Suppress,-0.6759215686274498,"EV(call)=INR-1, EV(visit)=INR-94 — negative economic yield",-1.0,-1.0,-1.0,-1.0,98450.0,test
AC000560,PH001834,4,2,0.008784313725490198,Poor,3,Suppress,-0.6759215686274498,"EV(call)=INR-1, EV(visit)=INR-94 — negative economic yield",-1.0,-1.0,-1.0,-1.0,98450.0,test
AC000561,PH001835,3,0,0.9745437518290897,Excellent,1,Call,791.2022452443664,EV(call)=INR791 [P(RPC)=97.45% x 5% x INR163400 x 10% - INR5],12.0,1.0,0.0,68.08333333333333,163400.0,train
AC000561,PH001836,4,1,0.9745437518290897,Excellent,2,Call,791.2022452443664,EV(call)=INR791 [P(RPC)=97.45% x 5% x INR163400 x 10% - INR5],5.0,0.0,0.0,81.4,163400.0,train
AC000562,PH001837,3,0,0.9745437518290897,Excellent,1,Call,92.21073924495171,EV(call)=INR92 [P(RPC)=97.45% x 5% x INR19950 x 10% - INR5],16.0,0.0,0.0,46.0,19950.0,test
AC000562,PH001838,4,1,0.43770588235294117,Good,2,Call,38.66116176470589,EV(call)=INR39 [P(RPC)=43.77% x 5% x INR19950 x 10% - INR5],15.0,0.0,0.0,58.4,19950.0,test
AC000563,PH001839,3,0,0.9745437518290897,Excellent,1,Call,584.355333918642,EV(call)=INR584 [P(RPC)=97.45% x 5% x INR120950 x 10% - INR5],15.0,0.0,0.0,44.733333333333334,120950.0,train
AC000563,PH001841,4,2,0.9745437518290897,Excellent,2,Call,584.355333918642,EV(call)=INR584 [P(RPC)=97.45% x 5% x INR120950 x 10% - INR5],11.0,0.0,0.0,45.81818181818182,120950.0,train
AC000563,PH001840,1,1,0.008784313725490198,Poor,3,Call,0.3123137254901973,EV(call)=INR0 [P(RPC)=0.88% x 5% x INR120950 x 10% - INR5],2.0,2.0,0.0,14.0,120950.0,train
AC000564,PH001844,4,2,0.2888963585434174,Fair,1,Call,65.77960784313727,EV(call)=INR66 [P(RPC)=28.89% x 5% x INR49000 x 10% - INR5],14.0,0.0,0.0,42.642857142857146,49000.0,train
AC000564,PH001842,3,0,0.008784313725490198,Poor,2,Suppress,-2.8478431372549013,"EV(call)=INR-3, EV(visit)=INR-147 — negative economic yield",16.0,0.0,13.0,0.0,49000.0,train
AC000564,PH001843,1,1,0.008784313725490198,Poor,3,Suppress,-2.8478431372549013,"EV(call)=INR-3, EV(visit)=INR-147 — negative economic yield",16.0,0.0,12.0,0.0,49000.0,train
AC000565,PH005923,5,1,0.8257777777777777,Excellent,1,Call,346.5748888888889,EV(call)=INR347 [P(RPC)=82.58% x 5% x INR85150 x 10% - INR5],7.0,1.0,0.0,28.0,85150.0,test
AC000565,PH001845,3,0,0.07136253650396328,Poor,2,Call,25.38259991656237,EV(call)=INR25 [P(RPC)=7.14% x 5% x INR85150 x 10% - INR5],15.0,1.0,8.0,2.6,85150.0,test
AC000566,PH001846,3,0,0.9891764705882353,Excellent,1,Call,94.65952941176472,EV(call)=INR95 [P(RPC)=98.92% x 5% x INR20150 x 10% - INR5],21.0,0.0,0.0,49.0,20150.0,train
AC000567,PH005920,5,1,0.07136253650396328,Poor,1,Call,23.723420942845223,EV(call)=INR24 [P(RPC)=7.14% x 5% x INR80500 x 10% - INR5],4.0,0.0,0.0,0.0,80500.0,train
AC000567,PH001847,3,0,0.029643721318314557,Poor,2,Call,6.931597830621611,EV(call)=INR7 [P(RPC)=2.96% x 5% x INR80500 x 10% - INR5],14.0,2.0,9.0,5.714285714285714,80500.0,train
AC000568,PH001848,3,0,0.9745437518290897,Excellent,1,Call,284.68313023119697,EV(call)=INR285 [P(RPC)=97.45% x 5% x INR59450 x 10% - INR5],14.0,0.0,0.0,49.92857142857143,59450.0,test
AC000568,PH001849,1,1,0.10069607843137254,Poor,2,Call,24.931909313725495,EV(call)=INR25 [P(RPC)=10.07% x 5% x INR59450 x 10% - INR5],13.0,1.0,0.0,1.1538461538461537,59450.0,test
AC000569,PH001851,4,1,0.8911372549019607,Excellent,1,Suppress,1538.8952941176472,Compliance: Verified third-party — contact strictly prohibited,3.0,0.0,0.0,75.33333333333333,346500.0,train
AC000569,PH001850,3,0,0.008784313725490198,Poor,2,Call,10.218823529411768,EV(call)=INR10 [P(RPC)=0.88% x 5% x INR346500 x 10% - INR5],1.0,0.0,0.0,0.0,346500.0,train
AC000570,PH001852,3,0,0.9745437518290897,Excellent,1,Call,615.2970980392156,EV(call)=INR615 [P(RPC)=97.45% x 5% x INR127300 x 10% - INR5],24.0,0.0,0.0,21.0,127300.0,validation
AC000571,PH001853,3,0,0.9745437518290897,Excellent,1,Call,1332.0740275095113,EV(call)=INR1332 [P(RPC)=97.45% x 5% x INR274400 x 10% - INR5],39.0,1.0,0.0,7.051282051282051,274400.0,train
AC000572,PH001856,4,2,0.9745437518290897,Excellent,1,Call,2158.4871290605793,EV(call)=INR2158 [P(RPC)=97.45% x 5% x INR444000 x 10% - INR5],4.0,0.0,0.0,69.75,444000.0,train
AC000572,PH001854,3,0,0.07136253650396328,Poor,2,Call,153.42483103879852,EV(call)=INR153 [P(RPC)=7.14% x 5% x INR444000 x 10% - INR5],8.0,0.0,0.0,0.0,444000.0,train
AC000572,PH001855,0,1,0.07136253650396328,Poor,3,Call,153.42483103879852,EV(call)=INR153 [P(RPC)=7.14% x 5% x INR444000 x 10% - INR5],8.0,0.0,0.0,0.0,444000.0,train
AC000573,PH001857,3,0,0.9745437518290897,Excellent,1,Call,655.7406637401228,EV(call)=INR656 [P(RPC)=97.45% x 5% x INR135600 x 10% - INR5],9.0,0.0,0.0,33.666666666666664,135600.0,train
AC000573,PH001858,4,1,0.8257777777777777,Excellent,2,Suppress,554.8773333333334,Compliance: Verified third-party — contact strictly prohibited,12.0,1.0,0.0,60.583333333333336,135600.0,train
AC000574,PH001859,3,0,0.9891764705882353,Excellent,1,Call,675.0588235294118,EV(call)=INR675 [P(RPC)=98.92% x 5% x INR137500 x 10% - INR5],23.0,1.0,0.0,13.217391304347826,137500.0,test
AC000575,PH001860,3,0,0.9745437518290897,Excellent,1,Call,241.5595692127597,EV(call)=INR242 [P(RPC)=97.45% x 5% x INR50600 x 10% - INR5],9.0,0.0,0.0,46.44444444444444,50600.0,train
AC000576,PH001861,3,0,0.9891764705882353,Excellent,1,Call,3111.89505882353,EV(call)=INR3112 [P(RPC)=98.92% x 5% x INR630200 x 10% - INR5],23.0,0.0,0.0,34.78260869565217,630200.0,test
AC000576,PH001862,4,1,0.008784313725490198,Poor,2,Call,22.679372549019618,EV(call)=INR23 [P(RPC)=0.88% x 5% x INR630200 x 10% - INR5],-1.0,-1.0,-1.0,-1.0,630200.0,test
AC000577,PH001863,3,0,0.9745437518290897,Excellent,1,Call,2892.8058460637985,EV(call)=INR2893 [P(RPC)=97.45% x 5% x INR594700 x 10% - INR5],1.0,0.0,0.0,215.0,594700.0,validation
AC000578,PH001864,3,0,0.9745437518290897,Excellent,1,Call,451.08647585601403,EV(call)=INR451 [P(RPC)=97.45% x 5% x INR93600 x 10% - INR5],13.0,0.0,1.0,67.23076923076923,93600.0,train
AC000578,PH001865,1,1,0.029209150326797384,Poor,2,Call,8.66988235294118,EV(call)=INR9 [P(RPC)=2.92% x 5% x INR93600 x 10% - INR5],-1.0,-1.0,-1.0,-1.0,93600.0,train
AC000579,PH001866,3,0,0.008784313725490198,Poor,1,Suppress,-3.972235294117647,"EV(call)=INR-4, EV(visit)=INR-175 — negative economic yield",38.0,0.0,14.0,0.0,23400.0,train
AC000580,PH001867,3,0,0.008784313725490198,Poor,1,Suppress,-1.4247843137254894,"EV(call)=INR-1, EV(visit)=INR-112 — negative economic yield",25.0,0.0,6.0,0.0,81400.0,train
AC000581,PH005927,5,1,0.9891764705882353,Excellent,1,Call,424.30258823529425,EV(call)=INR424 [P(RPC)=98.92% x 5% x INR86800 x 10% - INR5],4.0,0.0,0.0,43.0,86800.0,validation
AC000581,PH001868,3,0,0.07136253650396328,Poor,2,Call,25.971340842720068,EV(call)=INR26 [P(RPC)=7.14% x 5% x INR86800 x 10% - INR5],5.0,2.0,0.0,10.4,86800.0,validation
AC000582,PH001870,0,1,0.9424911297852473,Excellent,1,Call,541.6448552754434,EV(call)=INR542 [P(RPC)=94.25% x 5% x INR116000 x 10% - INR5],7.0,0.0,0.0,4.714285714285714,116000.0,train
AC000582,PH001871,1,2,0.07136253650396328,Poor,2,Call,36.390271172298704,EV(call)=INR36 [P(RPC)=7.14% x 5% x INR116000 x 10% - INR5],-1.0,-1.0,-1.0,-1.0,116000.0,train
AC000582,PH001869,3,0,0.008784313725490198,Poor,3,Call,0.09490196078431534,EV(call)=INR0 [P(RPC)=0.88% x 5% x INR116000 x 10% - INR5],8.0,0.0,8.0,0.0,116000.0,train
AC000583,PH001873,4,1,0.2888963585434174,Fair,1,Call,47.001344537815136,EV(call)=INR47 [P(RPC)=28.89% x 5% x INR36000 x 10% - INR5],16.0,0.0,0.0,29.8125,36000.0,validation
AC000583,PH001872,3,0,0.07136253650396328,Poor,2,Call,7.845256570713392,EV(call)=INR8 [P(RPC)=7.14% x 5% x INR36000 x 10% - INR5],16.0,1.0,7.0,1.9375,36000.0,validation
AC000584,PH001876,1,2,0.10069607843137254,Poor,1,Call,32.962421568627455,EV(call)=INR33 [P(RPC)=10.07% x 5% x INR75400 x 10% - INR5],4.0,0.0,0.0,29.75,75400.0,train
AC000584,PH000476,2,3,0.10069607843137254,Poor,2,Call,32.962421568627455,EV(call)=INR33 [P(RPC)=10.07% x 5% x INR75400 x 10% - INR5],22.0,0.0,0.0,23.136363636363637,75400.0,train
AC000584,PH001874,3,0,0.03556257010272177,Poor,3,Call,8.40708892872611,EV(call)=INR8 [P(RPC)=3.56% x 5% x INR75400 x 10% - INR5],8.0,0.0,0.0,0.0,75400.0,train
AC000584,PH001875,0,1,0.029209150326797384,Poor,4,Call,6.011849673202615,EV(call)=INR6 [P(RPC)=2.92% x 5% x INR75400 x 10% - INR5],8.0,1.0,0.0,0.875,75400.0,train
AC000585,PH001878,0,1,0.07136253650396328,Poor,1,Call,6.8283404255319144,EV(call)=INR7 [P(RPC)=7.14% x 5% x INR33150 x 10% - INR5],-1.0,-1.0,-1.0,-1.0,33150.0,train
AC000585,PH001877,3,0,0.008784313725490198,Poor,2,Suppress,-3.5439999999999996,"EV(call)=INR-4, EV(visit)=INR-164 — negative economic yield",6.0,0.0,2.0,0.0,33150.0,train
AC000585,PH001879,4,2,0.008784313725490198,Poor,3,Suppress,-3.5439999999999996,"EV(call)=INR-4, EV(visit)=INR-164 — negative economic yield",-1.0,-1.0,-1.0,-1.0,33150.0,train
AC000586,PH001880,3,0,0.9745437518290897,Excellent,1,Call,665.9733731343283,EV(call)=INR666 [P(RPC)=97.45% x 5% x INR137700 x 10% - INR5],23.0,0.0,0.0,51.04347826086956,137700.0,train
AC000586,PH001881,0,1,0.029643721318314557,Poor,2,Call,15.409702127659575,EV(call)=INR15 [P(RPC)=2.96% x 5% x INR137700 x 10% - INR5],-1.0,-1.0,-1.0,-1.0,137700.0,train
AC000587,PH001882,3,0,0.8911372549019607,Excellent,1,Call,66.73654901960785,EV(call)=INR67 [P(RPC)=89.11% x 5% x INR16100 x 10% - INR5],15.0,0.0,0.0,16.4,16100.0,train
AC000588,PH001883,3,0,0.9745437518290897,Excellent,1,Call,963.6964893181153,EV(call)=INR964 [P(RPC)=97.45% x 5% x INR198800 x 10% - INR5],20.0,0.0,0.0,65.0,198800.0,train
AC000588,PH005911,5,3,0.8911372549019607,Excellent,2,Call,880.790431372549,EV(call)=INR881 [P(RPC)=89.11% x 5% x INR198800 x 10% - INR5],7.0,0.0,0.0,7.142857142857143,198800.0,train
AC000588,PH001884,1,1,0.008784313725490198,Poor,3,Call,3.7316078431372564,EV(call)=INR4 [P(RPC)=0.88% x 5% x INR198800 x 10% - INR5],7.0,0.0,0.0,0.0,198800.0,train
AC000588,PH001885,4,2,0.008784313725490198,Poor,4,Call,3.7316078431372564,EV(call)=INR4 [P(RPC)=0.88% x 5% x INR198800 x 10% - INR5],-1.0,-1.0,-1.0,-1.0,198800.0,train
AC000589,PH001886,3,0,0.9745437518290897,Excellent,1,Call,349.7339256657887,EV(call)=INR350 [P(RPC)=97.45% x 5% x INR72800 x 10% - INR5],20.0,1.0,0.0,46.6,72800.0,train
AC000589,PH001887,0,1,0.029433142013042465,Poor,2,Call,5.713663692747458,EV(call)=INR6 [P(RPC)=2.94% x 5% x INR72800 x 10% - INR5],-1.0,-1.0,-1.0,-1.0,72800.0,train
AC000589,PH001888,4,2,0.029209150326797384,Poor,3,Call,5.632130718954251,EV(call)=INR6 [P(RPC)=2.92% x 5% x INR72800 x 10% - INR5],-1.0,-1.0,-1.0,-1.0,72800.0,train
AC000590,PH001889,3,0,0.9745437518290897,Excellent,1,Call,482.27187591454486,EV(call)=INR482 [P(RPC)=97.45% x 5% x INR100000 x 10% - INR5],8.0,0.0,0.0,71.875,100000.0,test
AC000590,PH001890,0,1,0.029209150326797384,Poor,2,Call,9.604575163398692,EV(call)=INR10 [P(RPC)=2.92% x 5% x INR100000 x 10% - INR5],-1.0,-1.0,-1.0,-1.0,100000.0,test
AC000591,PH001891,3,0,0.9745437518290897,Excellent,1,Call,794.1258764998537,EV(call)=INR794 [P(RPC)=97.45% x 5% x INR164000 x 10% - INR5],16.0,0.0,0.0,47.875,164000.0,train
AC000591,PH001893,4,2,0.029643721318314557,Poor,2,Call,19.307851481017938,EV(call)=INR19 [P(RPC)=2.96% x 5% x INR164000 x 10% - INR5],-1.0,-1.0,-1.0,-1.0,164000.0,train
AC000591,PH001892,0,1,0.008784313725490198,Poor,3,Call,2.2031372549019625,EV(call)=INR2 [P(RPC)=0.88% x 5% x INR164000 x 10% - INR5],-1.0,-1.0,-1.0,-1.0,164000.0,train
AC000592,PH001894,3,0,0.9745437518290897,Excellent,1,Call,322.4467006145742,EV(call)=INR322 [P(RPC)=97.45% x 5% x INR67200 x 10% - INR5],14.0,0.0,0.0,60.92857142857143,67200.0,test
AC000592,PH001895,0,1,0.029209150326797384,Poor,2,Call,4.814274509803923,EV(call)=INR5 [P(RPC)=2.92% x 5% x INR67200 x 10% - INR5],-1.0,-1.0,-1.0,-1.0,67200.0,test
AC000592,PH001896,1,2,0.008784313725490198,Poor,3,Suppress,-2.0484705882352934,"EV(call)=INR-2, EV(visit)=INR-127 — negative economic yield",-1.0,-1.0,-1.0,-1.0,67200.0,test
AC000592,PH001897,4,3,0.008784313725490198,Poor,4,Suppress,-2.0484705882352934,"EV(call)=INR-2, EV(visit)=INR-127 — negative economic yield",-1.0,-1.0,-1.0,-1.0,67200.0,test
AC000593,PH001898,3,0,0.9891764705882353,Excellent,1,Call,497.0070588235295,EV(call)=INR497 [P(RPC)=98.92% x 5% x INR101500 x 10% - INR5],26.0,0.0,2.0,16.115384615384617,101500.0,test
AC000594,PH001899,0,1,0.9891764705882353,Excellent,1,Call,288.7854117647059,EV(call)=INR289 [P(RPC)=98.92% x 5% x INR59400 x 10% - INR5],10.0,0.0,0.0,50.3,59400.0,validation
AC000594,PH000194,3,0,0.8911372549019607,Excellent,2,Call,259.6677647058824,EV(call)=INR260 [P(RPC)=89.11% x 5% x INR59400 x 10% - INR5],22.0,2.0,0.0,40.5,59400.0,validation
AC000594,PH001900,1,2,0.008784313725490198,Poor,3,Suppress,-2.391058823529411,"EV(call)=INR-2, EV(visit)=INR-136 — negative economic yield",-1.0,-1.0,-1.0,-1.0,59400.0,validation
AC000594,PH001901,4,3,0.008784313725490198,Poor,4,Suppress,-2.391058823529411,"EV(call)=INR-2, EV(visit)=INR-136 — negative economic yield",-1.0,-1.0,-1.0,-1.0,59400.0,validation
AC000595,PH001902,3,0,0.07136253650396328,Poor,1,Suppress,68.05739674593241,Compliance: Verified invalid/wrong phone number,7.0,2.0,1.0,11.0,204750.0,test
AC000596,PH005907,5,2,0.9745437518290897,Excellent,1,Call,1320.1358665496048,EV(call)=INR1320 [P(RPC)=97.45% x 5% x INR271950 x 10% - INR5],6.0,0.0,0.0,125.33333333333333,271950.0,train
AC000596,PH001903,3,0,0.10069607843137254,Poor,2,Call,131.92149264705884,EV(call)=INR132 [P(RPC)=10.07% x 5% x INR271950 x 10% - INR5],11.0,2.0,0.0,3.6363636363636362,271950.0,train
AC000596,PH000476,2,1,0.10069607843137254,Poor,3,Call,131.92149264705884,EV(call)=INR132 [P(RPC)=10.07% x 5% x INR271950 x 10% - INR5],22.0,0.0,0.0,23.136363636363637,271950.0,train
AC000597,PH005889,5,1,0.9745437518290897,Excellent,1,Call,655.2533918642084,EV(call)=INR655 [P(RPC)=97.45% x 5% x INR135500 x 10% - INR5],9.0,0.0,0.0,63.44444444444444,135500.0,train
AC000597,PH001904,3,0,0.008784313725490198,Poor,2,Call,0.9513725490196094,EV(call)=INR1 [P(RPC)=0.88% x 5% x INR135500 x 10% - INR5],15.0,0.0,12.0,0.0,135500.0,train
AC000598,PH000610,2,1,0.10069607843137254,Poor,1,Suppress,87.1369117647059,Compliance: Verified third-party — contact strictly prohibited,16.0,1.0,0.0,36.625,183000.0,train
AC000598,PH001906,4,2,0.07136253650396328,Poor,2,Call,60.296720901126406,EV(call)=INR60 [P(RPC)=7.14% x 5% x INR183000 x 10% - INR5],10.0,1.0,0.0,31.0,183000.0,train
AC000598,PH001905,3,0,0.008784313725490198,Poor,3,Call,3.0376470588235307,EV(call)=INR3 [P(RPC)=0.88% x 5% x INR183000 x 10% - INR5],16.0,0.0,4.0,0.0,183000.0,train
AC000599,PH001907,3,0,0.9891764705882353,Excellent,1,Call,666.4035294117648,EV(call)=INR666 [P(RPC)=98.92% x 5% x INR135750 x 10% - INR5],25.0,1.0,0.0,52.12,135750.0,train
AC000599,PH001908,4,1,0.07136253650396328,Poor,2,Call,43.43732165206508,EV(call)=INR43 [P(RPC)=7.14% x 5% x INR135750 x 10% - INR5],8.0,0.0,0.0,35.125,135750.0,train
AC000600,PH001909,3,0,0.9745437518290897,Excellent,1,Call,550.4899385425812,EV(call)=INR550 [P(RPC)=97.45% x 5% x INR114000 x 10% - INR5],18.0,0.0,0.0,24.38888888888889,114000.0,validation
AC000600,PH000575,2,2,0.43770588235294117,Good,2,Call,244.49235294117648,EV(call)=INR244 [P(RPC)=43.77% x 5% x INR114000 x 10% - INR5],10.0,0.0,0.0,30.4,114000.0,validation
AC000600,PH001910,1,1,0.008784313725490198,Poor,3,Call,0.00705882352941245,EV(call)=INR0 [P(RPC)=0.88% x 5% x INR114000 x 10% - INR5],2.0,2.0,0.0,15.0,114000.0,validation
AC000601,PH001911,3,0,0.9745437518290897,Excellent,1,Call,198.92328007023704,EV(call)=INR199 [P(RPC)=97.45% x 5% x INR41850 x 10% - INR5],4.0,0.0,0.0,94.75,41850.0,train
AC000601,PH001912,0,1,0.029643721318314557,Poor,2,Call,1.2029486858573222,EV(call)=INR1 [P(RPC)=2.96% x 5% x INR41850 x 10% - INR5],-1.0,-1.0,-1.0,-1.0,41850.0,train
AC000601,PH001913,1,2,0.029643721318314557,Poor,3,Call,1.2029486858573222,EV(call)=INR1 [P(RPC)=2.96% x 5% x INR41850 x 10% - INR5],-1.0,-1.0,-1.0,-1.0,41850.0,train
AC000601,PH001914,4,3,0.008784313725490198,Poor,4,Suppress,-3.161882352941176,"EV(call)=INR-3, EV(visit)=INR-155 — negative economic yield",-1.0,-1.0,-1.0,-1.0,41850.0,train
AC000602,PH001915,3,0,0.9891764705882353,Excellent,1,Call,409.71223529411776,EV(call)=INR410 [P(RPC)=98.92% x 5% x INR83850 x 10% - INR5],30.0,0.0,1.0,58.86666666666667,83850.0,train
AC000602,PH001916,1,1,0.10069607843137254,Poor,2,Call,37.21683088235295,EV(call)=INR37 [P(RPC)=10.07% x 5% x INR83850 x 10% - INR5],8.0,0.0,0.0,4.75,83850.0,train
AC000603,PH001917,3,0,0.9745437518290897,Excellent,1,Call,1272.6268586479368,EV(call)=INR1273 [P(RPC)=97.45% x 5% x INR262200 x 10% - INR5],1.0,0.0,0.0,314.0,262200.0,validation
AC000603,PH001918,0,1,0.029209150326797384,Poor,2,Call,33.29319607843137,EV(call)=INR33 [P(RPC)=2.92% x 5% x INR262200 x 10% - INR5],-1.0,-1.0,-1.0,-1.0,262200.0,validation
AC000603,PH001919,4,2,0.008784313725490198,Poor,3,Call,6.516235294117649,EV(call)=INR7 [P(RPC)=0.88% x 5% x INR262200 x 10% - INR5],-1.0,-1.0,-1.0,-1.0,262200.0,validation
AC000604,PH001921,0,1,0.9745437518290897,Excellent,1,Call,468.6282633889377,EV(call)=INR469 [P(RPC)=97.45% x 5% x INR97200 x 10% - INR5],19.0,0.0,5.0,23.0,97200.0,train
AC000604,PH001920,3,0,0.008784313725490198,Poor,2,Suppress,-0.7308235294117633,"EV(call)=INR-1, EV(visit)=INR-95 — negative economic yield",8.0,0.0,0.0,0.0,97200.0,train
AC000605,PH001923,0,1,0.9745437518290897,Excellent,1,Call,1877.8185285338016,EV(call)=INR1878 [P(RPC)=97.45% x 5% x INR386400 x 10% - INR5],13.0,0.0,0.0,76.92307692307692,386400.0,train
AC000605,PH001922,3,0,0.029643721318314557,Poor,2,Call,52.271669586983734,EV(call)=INR52 [P(RPC)=2.96% x 5% x INR386400 x 10% - INR5],7.0,2.0,0.0,6.571428571428571,386400.0,train
AC000605,PH001924,1,2,0.008784313725490198,Poor,3,Call,11.971294117647062,EV(call)=INR12 [P(RPC)=0.88% x 5% x INR386400 x 10% - INR5],-1.0,-1.0,-1.0,-1.0,386400.0,train
AC000605,PH001925,4,3,0.008784313725490198,Poor,4,Call,11.971294117647062,EV(call)=INR12 [P(RPC)=0.88% x 5% x INR386400 x 10% - INR5],-1.0,-1.0,-1.0,-1.0,386400.0,train
AC000606,PH001926,3,0,0.8491204481792716,Excellent,1,Call,221.29059943977592,EV(call)=INR221 [P(RPC)=84.91% x 5% x INR53300 x 10% - INR5],9.0,0.0,0.0,5.777777777777778,53300.0,train
AC000606,PH001928,4,2,0.07136253650396328,Poor,2,Call,14.018115978306216,EV(call)=INR14 [P(RPC)=7.14% x 5% x INR53300 x 10% - INR5],8.0,1.0,0.0,53.125,53300.0,train
AC000606,PH001927,0,1,0.008784313725490198,Poor,3,Suppress,-2.658980392156862,"EV(call)=INR-3, EV(visit)=INR-142 — negative economic yield",8.0,0.0,1.0,0.0,53300.0,train
AC000607,PH001930,0,1,0.9424911297852473,Excellent,1,Call,1110.909497665733,EV(call)=INR1111 [P(RPC)=94.25% x 5% x INR236800 x 10% - INR5],17.0,0.0,1.0,21.470588235294116,236800.0,test
AC000607,PH001931,4,2,0.07136253650396328,Poor,2,Call,79.49324322069253,EV(call)=INR79 [P(RPC)=7.14% x 5% x INR236800 x 10% - INR5],8.0,0.0,0.0,50.625,236800.0,test
AC000607,PH001929,3,0,0.029209150326797384,Poor,3,Call,29.583633986928106,EV(call)=INR30 [P(RPC)=2.92% x 5% x INR236800 x 10% - INR5],2.0,0.0,0.0,0.0,236800.0,test
AC000608,PH001932,3,0,0.9745437518290897,Excellent,1,Call,231.81413169446884,EV(call)=INR232 [P(RPC)=97.45% x 5% x INR48600 x 10% - INR5],18.0,0.0,0.0,41.5,48600.0,test
AC000608,PH001933,4,1,0.008784313725490198,Poor,2,Suppress,-2.8654117647058817,"EV(call)=INR-3, EV(visit)=INR-148 — negative economic yield",-1.0,-1.0,-1.0,-1.0,48600.0,test
AC000609,PH001934,3,0,0.9891764705882353,Excellent,1,Call,130.7644705882353,EV(call)=INR131 [P(RPC)=98.92% x 5% x INR27450 x 10% - INR5],23.0,0.0,0.0,16.0,27450.0,train
AC000610,PH001935,3,0,0.9891764705882353,Excellent,1,Call,281.8611764705883,EV(call)=INR282 [P(RPC)=98.92% x 5% x INR58000 x 10% - INR5],30.0,0.0,0.0,32.9,58000.0,train
AC000610,PH001936,4,1,0.39230643120098646,Fair,2,Call,108.76886504828609,EV(call)=INR109 [P(RPC)=39.23% x 5% x INR58000 x 10% - INR5],-1.0,-1.0,-1.0,-1.0,58000.0,train
AC000611,PH001937,3,0,0.9745437518290897,Excellent,1,Call,372.1484319578578,EV(call)=INR372 [P(RPC)=97.45% x 5% x INR77400 x 10% - INR5],4.0,0.0,0.0,180.25,77400.0,train
AC000611,PH000609,2,1,0.008784313725490198,Poor,2,Suppress,-1.6004705882352934,"EV(call)=INR-2, EV(visit)=INR-116 — negative economic yield",-1.0,-1.0,-1.0,-1.0,77400.0,train
AC000611,PH001938,4,2,0.008784313725490198,Poor,3,Suppress,-1.6004705882352934,"EV(call)=INR-2, EV(visit)=INR-116 — negative economic yield",-1.0,-1.0,-1.0,-1.0,77400.0,train
AC000612,PH001939,3,0,0.9745437518290897,Excellent,1,Call,198.67964413227978,EV(call)=INR199 [P(RPC)=97.45% x 5% x INR41800 x 10% - INR5],23.0,0.0,0.0,6.043478260869565,41800.0,validation
AC000613,PH001940,3,0,0.008784313725490198,Poor,1,Call,5.238117647058827,EV(call)=INR5 [P(RPC)=0.88% x 5% x INR233100 x 10% - INR5],-1.0,-1.0,-1.0,-1.0,233100.0,train
AC000613,PH001941,0,1,0.008784313725490198,Poor,2,Call,5.238117647058827,EV(call)=INR5 [P(RPC)=0.88% x 5% x INR233100 x 10% - INR5],-1.0,-1.0,-1.0,-1.0,233100.0,train
AC000613,PH001942,1,2,0.008784313725490198,Poor,3,Call,5.238117647058827,EV(call)=INR5 [P(RPC)=0.88% x 5% x INR233100 x 10% - INR5],-1.0,-1.0,-1.0,-1.0,233100.0,train
AC000613,PH000299,2,3,0.008784313725490198,Poor,4,Suppress,5.238117647058827,Compliance: Verified third-party — contact strictly prohibited,-1.0,-1.0,-1.0,-1.0,233100.0,train
AC000613,PH001943,4,4,0.008784313725490198,Poor,5,Call,5.238117647058827,EV(call)=INR5 [P(RPC)=0.88% x 5% x INR233100 x 10% - INR5],-1.0,-1.0,-1.0,-1.0,233100.0,train
AC000614,PH001944,3,0,0.8257777777777777,Excellent,1,Call,541.2520000000001,EV(call)=INR541 [P(RPC)=82.58% x 5% x INR132300 x 10% - INR5],12.0,0.0,0.0,0.0,132300.0,train
AC000614,PH001946,4,2,0.029643721318314557,Poor,2,Call,14.60932165206508,EV(call)=INR15 [P(RPC)=2.96% x 5% x INR132300 x 10% - INR5],8.0,0.0,0.0,13.75,132300.0,train
AC000614,PH001945,1,1,0.008784313725490198,Poor,3,Call,0.810823529411766,EV(call)=INR1 [P(RPC)=0.88% x 5% x INR132300 x 10% - INR5],8.0,0.0,7.0,0.0,132300.0,train
AC000615,PH001948,1,1,0.9745437518290897,Excellent,1,Call,617.4898214808311,EV(call)=INR617 [P(RPC)=97.45% x 5% x INR127750 x 10% - INR5],19.0,1.0,0.0,54.05263157894737,127750.0,train
AC000615,PH000451,2,2,0.029209150326797384,Poor,2,Call,13.657344771241831,EV(call)=INR14 [P(RPC)=2.92% x 5% x INR127750 x 10% - INR5],-1.0,-1.0,-1.0,-1.0,127750.0,train
AC000615,PH001949,4,3,0.029209150326797384,Poor,3,Call,13.657344771241831,EV(call)=INR14 [P(RPC)=2.92% x 5% x INR127750 x 10% - INR5],-1.0,-1.0,-1.0,-1.0,127750.0,train
AC000615,PH001947,3,0,0.008784313725490198,Poor,4,Call,0.6109803921568648,EV(call)=INR1 [P(RPC)=0.88% x 5% x INR127750 x 10% - INR5],8.0,0.0,7.0,0.0,127750.0,train
AC000616,PH001950,3,0,0.9745437518290897,Excellent,1,Call,43.23991571553995,EV(call)=INR43 [P(RPC)=97.45% x 5% x INR9900 x 10% - INR5],13.0,0.0,0.0,61.46153846153846,9900.0,train
AC000616,PH001952,4,2,0.9424911297852473,Excellent,2,Call,41.65331092436975,EV(call)=INR42 [P(RPC)=94.25% x 5% x INR9900 x 10% - INR5],9.0,1.0,0.0,37.666666666666664,9900.0,train
AC000616,PH001951,0,1,0.008784313725490198,Poor,3,Suppress,-4.565176470588235,"EV(call)=INR-5, EV(visit)=INR-189 — negative economic yield",8.0,0.0,3.0,0.0,9900.0,train
AC000617,PH001953,3,0,0.9424911297852473,Excellent,1,Call,2313.5281792717083,EV(call)=INR2314 [P(RPC)=94.25% x 5% x INR492000 x 10% - INR5],12.0,0.0,0.0,5.666666666666667,492000.0,validation
AC000617,PH001954,1,1,0.2888963585434174,Fair,2,Call,705.6850420168068,EV(call)=INR706 [P(RPC)=28.89% x 5% x INR492000 x 10% - INR5],8.0,0.0,0.0,12.875,492000.0,validation
AC000618,PH001955,3,0,0.9424911297852473,Excellent,1,Call,559.7878095238095,EV(call)=INR560 [P(RPC)=94.25% x 5% x INR119850 x 10% - INR5],5.0,0.0,0.0,33.8,119850.0,train
AC000618,PH001956,0,1,0.029643721318314557,Poor,2,Call,12.764,EV(call)=INR13 [P(RPC)=2.96% x 5% x INR119850 x 10% - INR5],-1.0,-1.0,-1.0,-1.0,119850.0,train
AC000619,PH001957,3,0,0.07136253650396328,Poor,1,Call,28.968567375886522,EV(call)=INR29 [P(RPC)=7.14% x 5% x INR95200 x 10% - INR5],4.0,2.0,0.0,12.25,95200.0,train
AC000620,PH001958,3,0,0.9424911297852473,Excellent,1,Call,1346.2966573295985,EV(call)=INR1346 [P(RPC)=94.25% x 5% x INR286750 x 10% - INR5],11.0,0.0,2.0,11.454545454545455,286750.0,train
AC000621,PH001959,3,0,0.8380279105762733,Excellent,1,Call,1000.6334926915281,EV(call)=INR1001 [P(RPC)=83.80% x 5% x INR240000 x 10% - INR5],15.0,0.0,2.0,9.2,240000.0,train
AC000621,PH001960,4,1,0.008784313725490198,Poor,2,Suppress,5.541176470588239,Compliance: Verified third-party — contact strictly prohibited,-1.0,-1.0,-1.0,-1.0,240000.0,train
AC000622,PH001961,3,0,0.9891764705882353,Excellent,1,Call,2354.1858823529415,EV(call)=INR2354 [P(RPC)=98.92% x 5% x INR477000 x 10% - INR5],32.0,1.0,0.0,12.125,477000.0,train
AC000623,PH001962,3,0,0.029643721318314557,Poor,1,Call,1.2844689194826868,EV(call)=INR1 [P(RPC)=2.96% x 5% x INR42400 x 10% - INR5],-1.0,-1.0,-1.0,-1.0,42400.0,train
AC000623,PH001963,0,1,0.029643721318314557,Poor,2,Call,1.2844689194826868,EV(call)=INR1 [P(RPC)=2.96% x 5% x INR42400 x 10% - INR5],-1.0,-1.0,-1.0,-1.0,42400.0,train
AC000623,PH001964,4,2,0.008784313725490198,Poor,3,Suppress,-3.137725490196078,"EV(call)=INR-3, EV(visit)=INR-154 — negative economic yield",-1.0,-1.0,-1.0,-1.0,42400.0,train
AC000624,PH005921,5,2,0.9891764705882353,Excellent,1,Call,932.7392941176472,EV(call)=INR933 [P(RPC)=98.92% x 5% x INR189600 x 10% - INR5],7.0,0.0,0.0,40.714285714285715,189600.0,validation
AC000624,PH001966,0,1,0.9745437518290897,Excellent,2,Call,918.8674767339771,EV(call)=INR919 [P(RPC)=97.45% x 5% x INR189600 x 10% - INR5],26.0,1.0,17.0,23.076923076923077,189600.0,validation
AC000624,PH001965,3,0,0.07136253650396328,Poor,3,Call,62.6516846057572,EV(call)=INR63 [P(RPC)=7.14% x 5% x INR189600 x 10% - INR5],24.0,0.0,3.0,0.0,189600.0,validation
AC000625,PH001967,3,0,0.9745437518290897,Excellent,1,Call,342.42484752707054,EV(call)=INR342 [P(RPC)=97.45% x 5% x INR71300 x 10% - INR5],9.0,0.0,0.0,26.11111111111111,71300.0,test
AC000625,PH001968,0,1,0.9745437518290897,Excellent,2,Call,342.42484752707054,EV(call)=INR342 [P(RPC)=97.45% x 5% x INR71300 x 10% - INR5],6.0,0.0,0.0,54.5,71300.0,test
AC000625,PH001969,1,2,0.008784313725490198,Poor,3,Suppress,-1.8683921568627442,"EV(call)=INR-2, EV(visit)=INR-123 — negative economic yield",-1.0,-1.0,-1.0,-1.0,71300.0,test
AC000626,PH001970,3,0,0.9745437518290897,Excellent,1,Call,466.67917588527945,EV(call)=INR467 [P(RPC)=97.45% x 5% x INR96800 x 10% - INR5],12.0,0.0,0.0,60.583333333333336,96800.0,train
AC000626,PH001971,0,1,0.06714700396290174,Poor,2,Call,27.499149918044445,EV(call)=INR27 [P(RPC)=6.71% x 5% x INR96800 x 10% - INR5],-1.0,-1.0,-1.0,-1.0,96800.0,train
AC000626,PH001972,1,2,0.008784313725490198,Poor,3,Suppress,-0.7483921568627441,"EV(call)=INR-1, EV(visit)=INR-95 — negative economic yield",-1.0,-1.0,-1.0,-1.0,96800.0,train
AC000626,PH000284,2,3,0.008784313725490198,Poor,4,Suppress,-0.7483921568627441,"EV(call)=INR-1, EV(visit)=INR-95 — negative economic yield",-1.0,-1.0,-1.0,-1.0,96800.0,train
AC000627,PH001974,0,1,0.9424911297852473,Excellent,1,Call,544.4723286647992,EV(call)=INR544 [P(RPC)=94.25% x 5% x INR116600 x 10% - INR5],1.0,0.0,0.0,125.0,116600.0,train
AC000627,PH001973,3,0,0.04927103147699539,Poor,2,Call,23.725011351088312,EV(call)=INR24 [P(RPC)=4.93% x 5% x INR116600 x 10% - INR5],8.0,1.0,0.0,36.75,116600.0,train
AC000627,PH001975,1,2,0.029643721318314557,Poor,3,Suppress,12.28228952857739,Compliance: Verified third-party — contact strictly prohibited,-1.0,-1.0,-1.0,-1.0,116600.0,train
AC000628,PH001976,3,0,0.9745437518290897,Excellent,1,Call,4879.656920105355,EV(call)=INR4880 [P(RPC)=97.45% x 5% x INR1002450 x 10% - INR5],25.0,1.0,0.0,15.44,1002450.0,train
AC000629,PH001978,0,1,0.9891764705882353,Excellent,1,Call,704.734117647059,EV(call)=INR705 [P(RPC)=98.92% x 5% x INR143500 x 10% - INR5],11.0,0.0,0.0,55.90909090909091,143500.0,train
AC000629,PH001979,4,2,0.8911372549019607,Excellent,2,Call,634.390980392157,EV(call)=INR634 [P(RPC)=89.11% x 5% x INR143500 x 10% - INR5],10.0,0.0,0.0,29.1,143500.0,train
AC000629,PH001977,3,0,0.8257777777777777,Excellent,3,Call,587.4955555555556,EV(call)=INR587 [P(RPC)=82.58% x 5% x INR143500 x 10% - INR5],15.0,1.0,0.0,4.6,143500.0,train
AC000630,PH001980,3,0,0.9424911297852473,Excellent,1,Call,2918.6074845938374,EV(call)=INR2919 [P(RPC)=94.25% x 5% x INR620400 x 10% - INR5],1.0,0.0,0.0,49.0,620400.0,train
AC000630,PH001981,0,1,0.029643721318314557,Poor,2,Call,86.95482352941177,EV(call)=INR87 [P(RPC)=2.96% x 5% x INR620400 x 10% - INR5],-1.0,-1.0,-1.0,-1.0,620400.0,train
AC000630,PH001982,4,2,0.008784313725490198,Poor,3,Call,22.248941176470595,EV(call)=INR22 [P(RPC)=0.88% x 5% x INR620400 x 10% - INR5],-1.0,-1.0,-1.0,-1.0,620400.0,train
AC000631,PH001983,3,0,0.43770588235294117,Good,1,Call,413.8845294117647,EV(call)=INR414 [P(RPC)=43.77% x 5% x INR191400 x 10% - INR5],8.0,0.0,0.0,17.75,191400.0,train
AC000631,PH001984,0,1,0.07136253650396328,Poor,2,Call,63.29394743429286,EV(call)=INR63 [P(RPC)=7.14% x 5% x INR191400 x 10% - INR5],10.0,0.0,0.0,0.0,191400.0,train
AC000632,PH001985,3,0,0.9424911297852473,Excellent,1,Call,7603.024022408962,EV(call)=INR7603 [P(RPC)=94.25% x 5% x INR1614450 x 10% - INR5],1.0,0.0,0.0,48.0,1614450.0,train
AC000632,PH001986,1,1,0.008784313725490198,Poor,2,Call,65.90917647058825,EV(call)=INR66 [P(RPC)=0.88% x 5% x INR1614450 x 10% - INR5],-1.0,-1.0,-1.0,-1.0,1614450.0,train
AC000632,PH001987,4,2,0.008784313725490198,Poor,3,Call,65.90917647058825,EV(call)=INR66 [P(RPC)=0.88% x 5% x INR1614450 x 10% - INR5],-1.0,-1.0,-1.0,-1.0,1614450.0,train
AC000633,PH001988,3,0,0.9745437518290897,Excellent,1,Call,221.5814223002634,EV(call)=INR222 [P(RPC)=97.45% x 5% x INR46500 x 10% - INR5],10.0,0.0,8.0,24.3,46500.0,test
AC000633,PH001990,4,2,0.8491204481792716,Excellent,2,Call,192.42050420168067,EV(call)=INR192 [P(RPC)=84.91% x 5% x INR46500 x 10% - INR5],12.0,1.0,0.0,45.333333333333336,46500.0,test
AC000633,PH001989,1,1,0.2888963585434174,Fair,3,Suppress,62.168403361344545,Compliance: Verified third-party — contact strictly prohibited,4.0,2.0,0.0,25.25,46500.0,test
AC000634,PH001991,3,0,0.9891764705882353,Excellent,1,Call,270.9802352941177,EV(call)=INR271 [P(RPC)=98.92% x 5% x INR55800 x 10% - INR5],25.0,0.0,0.0,48.52,55800.0,validation
AC000634,PH001992,1,1,0.008784313725490198,Poor,2,Suppress,-2.5491764705882347,Compliance: Verified invalid/wrong phone number,-1.0,-1.0,-1.0,-1.0,55800.0,validation
AC000634,PH000461,2,2,0.008784313725490198,Poor,3,Suppress,-2.5491764705882347,"EV(call)=INR-3, EV(visit)=INR-140 — negative economic yield",-1.0,-1.0,-1.0,-1.0,55800.0,validation
AC000634,PH001993,4,3,0.008784313725490198,Poor,4,Suppress,-2.5491764705882347,"EV(call)=INR-3, EV(visit)=INR-140 — negative economic yield",-1.0,-1.0,-1.0,-1.0,55800.0,validation
AC000635,PH001994,3,0,0.9745437518290897,Excellent,1,Call,556.0935651155985,EV(call)=INR556 [P(RPC)=97.45% x 5% x INR115150 x 10% - INR5],7.0,0.0,0.0,51.142857142857146,115150.0,train
AC000635,PH001995,0,1,0.029643721318314557,Poor,2,Call,12.067372549019606,EV(call)=INR12 [P(RPC)=2.96% x 5% x INR115150 x 10% - INR5],-1.0,-1.0,-1.0,-1.0,115150.0,train
AC000635,PH000306,2,2,0.008784313725490198,Poor,3,Call,0.05756862745098168,EV(call)=INR0 [P(RPC)=0.88% x 5% x INR115150 x 10% - INR5],-1.0,-1.0,-1.0,-1.0,115150.0,train
AC000636,PH001996,3,0,0.9745437518290897,Excellent,1,Call,322.4467006145742,EV(call)=INR322 [P(RPC)=97.45% x 5% x INR67200 x 10% - INR5],12.0,0.0,0.0,40.25,67200.0,validation
AC000636,PH001997,1,1,0.029209150326797384,Poor,2,Call,4.814274509803923,EV(call)=INR5 [P(RPC)=2.92% x 5% x INR67200 x 10% - INR5],-1.0,-1.0,-1.0,-1.0,67200.0,validation
AC000637,PH001998,3,0,0.9891764705882353,Excellent,1,Call,202.9743529411765,EV(call)=INR203 [P(RPC)=98.92% x 5% x INR42050 x 10% - INR5],20.0,0.0,0.0,38.3,42050.0,train
AC000637,PH000295,2,1,0.9424911297852473,Excellent,2,Call,193.15876003734826,EV(call)=INR193 [P(RPC)=94.25% x 5% x INR42050 x 10% - INR5],22.0,0.0,0.0,39.95454545454545,42050.0,train
AC000637,PH001999,4,2,0.008784313725490198,Poor,3,Suppress,-3.1530980392156858,"EV(call)=INR-3, EV(visit)=INR-155 — negative economic yield",-1.0,-1.0,-1.0,-1.0,42050.0,train
AC000638,PH002000,3,0,0.9745437518290897,Excellent,1,Call,2869.660431957858,EV(call)=INR2870 [P(RPC)=97.45% x 5% x INR589950 x 10% - INR5],15.0,0.0,0.0,69.0,589950.0,test
AC000638,PH002003,4,3,0.2888963585434174,Fair,2,Call,847.1720336134455,EV(call)=INR847 [P(RPC)=28.89% x 5% x INR589950 x 10% - INR5],2.0,0.0,0.0,10.5,589950.0,test
AC000638,PH002001,0,1,0.029643721318314557,Poor,3,Call,82.44156695869837,EV(call)=INR82 [P(RPC)=2.96% x 5% x INR589950 x 10% - INR5],8.0,0.0,0.0,0.0,589950.0,test
AC000638,PH002002,1,2,0.008784313725490198,Poor,4,Call,20.911529411764715,EV(call)=INR21 [P(RPC)=0.88% x 5% x INR589950 x 10% - INR5],5.0,2.0,1.0,6.2,589950.0,test
AC000639,PH002004,3,0,0.9424911297852473,Excellent,1,Call,409.6960971055089,EV(call)=INR410 [P(RPC)=94.25% x 5% x INR88000 x 10% - INR5],28.0,2.0,16.0,3.142857142857143,88000.0,train
AC000640,PH002005,3,0,0.008784313725490198,Poor,1,Call,8.628862745098042,EV(call)=INR9 [P(RPC)=0.88% x 5% x INR310300 x 10% - INR5],27.0,0.0,8.0,0.0,310300.0,train
AC000641,PH002007,0,1,0.9891764705882353,Excellent,1,Call,451.9995294117648,EV(call)=INR452 [P(RPC)=98.92% x 5% x INR92400 x 10% - INR5],17.0,0.0,0.0,98.52941176470588,92400.0,train
AC000641,PH002006,3,0,0.008784313725490198,Poor,2,Suppress,-0.941647058823528,Compliance: Verified invalid/wrong phone number,8.0,0.0,7.0,0.0,92400.0,train
AC000642,PH002009,0,1,0.9891764705882353,Excellent,1,Call,368.908705882353,EV(call)=INR369 [P(RPC)=98.92% x 5% x INR75600 x 10% - INR5],9.0,0.0,0.0,49.666666666666664,75600.0,train
AC000642,PH002008,3,0,0.9745437518290897,Excellent,2,Call,363.37753819139596,EV(call)=INR363 [P(RPC)=97.45% x 5% x INR75600 x 10% - INR5],9.0,0.0,0.0,39.111111111111114,75600.0,train
AC000642,PH002010,1,2,0.029643721318314557,Poor,3,Call,6.205326658322903,EV(call)=INR6 [P(RPC)=2.96% x 5% x INR75600 x 10% - INR5],-1.0,-1.0,-1.0,-1.0,75600.0,train
AC000643,PH002013,4,2,0.9745437518290897,Excellent,1,Call,261.0504442493415,EV(call)=INR261 [P(RPC)=97.45% x 5% x INR54600 x 10% - INR5],27.0,2.0,0.0,55.592592592592595,54600.0,train
AC000643,PH002011,3,0,0.029643721318314557,Poor,2,Call,3.0927359198998747,EV(call)=INR3 [P(RPC)=2.96% x 5% x INR54600 x 10% - INR5],3.0,2.0,0.0,16.0,54600.0,train
AC000643,PH002012,1,1,0.008784313725490198,Poor,3,Suppress,-2.6018823529411756,"EV(call)=INR-3, EV(visit)=INR-141 — negative economic yield",2.0,2.0,0.0,23.5,54600.0,train
AC000644,PH002014,3,0,0.9891764705882353,Excellent,1,Call,400.0677647058824,EV(call)=INR400 [P(RPC)=98.92% x 5% x INR81900 x 10% - INR5],39.0,1.0,0.0,35.64102564102564,81900.0,test
AC000644,PH002015,1,1,0.2888963585434174,Fair,2,Call,113.30305882352944,EV(call)=INR113 [P(RPC)=28.89% x 5% x INR81900 x 10% - INR5],7.0,0.0,0.0,13.0,81900.0,test
AC000645,PH002016,3,0,0.9745437518290897,Excellent,1,Call,475.93734152765586,EV(call)=INR476 [P(RPC)=97.45% x 5% x INR98700 x 10% - INR5],21.0,0.0,0.0,51.0,98700.0,train
AC000645,PH002017,4,1,0.029209150326797384,Poor,2,Call,9.414715686274512,EV(call)=INR9 [P(RPC)=2.92% x 5% x INR98700 x 10% - INR5],-1.0,-1.0,-1.0,-1.0,98700.0,train
AC000646,PH002018,3,0,0.9745437518290897,Excellent,1,Call,179.18876909569798,EV(call)=INR179 [P(RPC)=97.45% x 5% x INR37800 x 10% - INR5],17.0,0.0,0.0,50.05882352941177,37800.0,test
AC000646,PH002019,0,1,0.008784313725490198,Poor,2,Suppress,-3.3397647058823523,"EV(call)=INR-3, EV(visit)=INR-159 — negative economic yield",-1.0,-1.0,-1.0,-1.0,37800.0,test
AC000646,PH002020,4,2,0.008784313725490198,Poor,3,Suppress,-3.3397647058823523,"EV(call)=INR-3, EV(visit)=INR-159 — negative economic yield",-1.0,-1.0,-1.0,-1.0,37800.0,test
AC000647,PH002021,3,0,0.9745437518290897,Excellent,1,Call,251.54864266900785,EV(call)=INR252 [P(RPC)=97.45% x 5% x INR52650 x 10% - INR5],16.0,0.0,0.0,49.375,52650.0,train
AC000648,PH002022,3,0,0.8911372549019607,Excellent,1,Call,467.3027450980392,EV(call)=INR467 [P(RPC)=89.11% x 5% x INR106000 x 10% - INR5],13.0,0.0,0.0,2.6153846153846154,106000.0,train
AC000648,PH002023,4,1,0.2888963585434174,Fair,2,Call,148.11507002801122,EV(call)=INR148 [P(RPC)=28.89% x 5% x INR106000 x 10% - INR5],6.0,0.0,0.0,68.33333333333333,106000.0,train
AC000649,PH002025,1,1,0.8257777777777777,Excellent,1,Call,1457.4524444444446,EV(call)=INR1457 [P(RPC)=82.58% x 5% x INR354200 x 10% - INR5],10.0,1.0,0.0,31.4,354200.0,train
AC000649,PH002024,3,0,0.029643721318314557,Poor,2,Call,47.49903045473508,EV(call)=INR47 [P(RPC)=2.96% x 5% x INR354200 x 10% - INR5],8.0,0.0,0.0,0.0,354200.0,train
AC000650,PH002026,3,0,0.9891764705882353,Excellent,1,Call,319.44988235294124,EV(call)=INR319 [P(RPC)=98.92% x 5% x INR65600 x 10% - INR5],43.0,0.0,0.0,33.74418604651163,65600.0,train
AC000651,PH002027,3,0,0.9424911297852473,Excellent,1,Call,1029.3840149393088,EV(call)=INR1029 [P(RPC)=94.25% x 5% x INR219500 x 10% - INR5],2.0,0.0,0.0,18.0,219500.0,train
AC000651,PH002028,0,1,0.029643721318314557,Poor,2,Call,27.533984146850223,EV(call)=INR28 [P(RPC)=2.96% x 5% x INR219500 x 10% - INR5],-1.0,-1.0,-1.0,-1.0,219500.0,train
AC000651,PH002029,1,2,0.029209150326797384,Poor,3,Call,27.057042483660133,EV(call)=INR27 [P(RPC)=2.92% x 5% x INR219500 x 10% - INR5],-1.0,-1.0,-1.0,-1.0,219500.0,train
AC000652,PH002030,3,0,0.9745437518290897,Excellent,1,Call,916.9183892303189,EV(call)=INR917 [P(RPC)=97.45% x 5% x INR189200 x 10% - INR5],13.0,0.0,0.0,57.38461538461539,189200.0,train
AC000652,PH002031,4,1,0.008784313725490198,Poor,2,Call,3.309960784313729,EV(call)=INR3 [P(RPC)=0.88% x 5% x INR189200 x 10% - INR5],-1.0,-1.0,-1.0,-1.0,189200.0,train
AC000653,PH002032,3,0,0.9745437518290897,Excellent,1,Call,286.63221773485515,EV(call)=INR287 [P(RPC)=97.45% x 5% x INR59850 x 10% - INR5],15.0,0.0,0.0,51.2,59850.0,train
AC000653,PH002033,1,1,0.008784313725490198,Poor,2,Suppress,-2.371294117647058,"EV(call)=INR-2, EV(visit)=INR-135 — negative economic yield",-1.0,-1.0,-1.0,-1.0,59850.0,train
AC000654,PH002035,1,1,0.9891764705882353,Excellent,1,Call,109.99176470588236,EV(call)=INR110 [P(RPC)=98.92% x 5% x INR23250 x 10% - INR5],23.0,0.0,0.0,25.217391304347824,23250.0,train
AC000654,PH002036,4,2,0.029643721318314557,Poor,2,Suppress,-1.5539173967459323,"EV(call)=INR-2, EV(visit)=INR-175 — negative economic yield",8.0,1.0,0.0,31.625,23250.0,train
AC000654,PH002034,3,0,0.008784313725490198,Poor,3,Suppress,-3.9788235294117644,"EV(call)=INR-4, EV(visit)=INR-175 — negative economic yield",2.0,2.0,0.0,29.0,23250.0,train
AC000655,PH002037,3,0,0.2888963585434174,Fair,1,Call,71.4130868347339,EV(call)=INR71 [P(RPC)=28.89% x 5% x INR52900 x 10% - INR5],5.0,0.0,0.0,16.2,52900.0,train
AC000656,PH002039,0,1,0.9891764705882353,Excellent,1,Call,1098.4263529411767,EV(call)=INR1098 [P(RPC)=98.92% x 5% x INR223100 x 10% - INR5],24.0,0.0,0.0,56.0,223100.0,train
AC000656,PH002038,3,0,0.008784313725490198,Poor,2,Call,4.798901960784317,EV(call)=INR5 [P(RPC)=0.88% x 5% x INR223100 x 10% - INR5],8.0,0.0,0.0,0.0,223100.0,train
AC000656,PH000439,2,2,0.008784313725490198,Poor,3,Call,4.798901960784317,EV(call)=INR5 [P(RPC)=0.88% x 5% x INR223100 x 10% - INR5],1.0,0.0,0.0,0.0,223100.0,train
AC000656,PH002040,4,3,0.008784313725490198,Poor,4,Call,4.798901960784317,EV(call)=INR5 [P(RPC)=0.88% x 5% x INR223100 x 10% - INR5],-1.0,-1.0,-1.0,-1.0,223100.0,train
AC000657,PH002042,0,1,0.9891764705882353,Excellent,1,Call,907.5152941176472,EV(call)=INR908 [P(RPC)=98.92% x 5% x INR184500 x 10% - INR5],24.0,0.0,0.0,70.83333333333333,184500.0,train
AC000657,PH002043,1,2,0.2888963585434174,Fair,2,Call,261.5068907563026,EV(call)=INR262 [P(RPC)=28.89% x 5% x INR184500 x 10% - INR5],-1.0,-1.0,-1.0,-1.0,184500.0,train
AC000657,PH002041,3,0,0.07136253650396328,Poor,3,Call,60.83193992490612,EV(call)=INR61 [P(RPC)=7.14% x 5% x INR184500 x 10% - INR5],8.0,0.0,0.0,0.0,184500.0,train
AC000658,PH002045,0,1,0.9891764705882353,Excellent,1,Call,1238.642117647059,EV(call)=INR1239 [P(RPC)=98.92% x 5% x INR251450 x 10% - INR5],15.0,0.0,0.0,53.53333333333333,251450.0,train
AC000658,PH002046,4,2,0.01524799830792102,Poor,2,Call,14.170545872633706,EV(call)=INR14 [P(RPC)=1.52% x 5% x INR251450 x 10% - INR5],-1.0,-1.0,-1.0,-1.0,251450.0,train
AC000658,PH002044,3,0,0.008784313725490198,Poor,3,Call,6.044078431372553,EV(call)=INR6 [P(RPC)=0.88% x 5% x INR251450 x 10% - INR5],8.0,0.0,8.0,0.0,251450.0,train
AC000659,PH002047,3,0,0.9891764705882353,Excellent,1,Call,80.3164705882353,EV(call)=INR80 [P(RPC)=98.92% x 5% x INR17250 x 10% - INR5],27.0,0.0,5.0,21.40740740740741,17250.0,train
AC000659,PH002048,4,1,0.9424911297852473,Excellent,2,Call,76.28985994397759,EV(call)=INR76 [P(RPC)=94.25% x 5% x INR17250 x 10% - INR5],9.0,0.0,0.0,48.333333333333336,17250.0,train
AC000660,PH002049,3,0,0.9745437518290897,Excellent,1,Call,2678.8934925373133,EV(call)=INR2679 [P(RPC)=97.45% x 5% x INR550800 x 10% - INR5],1.0,0.0,0.0,41.0,550800.0,train
AC000661,PH002051,0,1,0.9891764705882353,Excellent,1,Call,1937.2480000000005,EV(call)=INR1937 [P(RPC)=98.92% x 5% x INR392700 x 10% - INR5],41.0,0.0,0.0,39.19512195121951,392700.0,test
AC000661,PH002050,3,0,0.07136253650396328,Poor,2,Call,135.1203404255319,EV(call)=INR135 [P(RPC)=7.14% x 5% x INR392700 x 10% - INR5],8.0,0.0,0.0,0.0,392700.0,test
AC000661,PH002052,4,2,0.008784313725490198,Poor,3,Call,12.248000000000005,EV(call)=INR12 [P(RPC)=0.88% x 5% x INR392700 x 10% - INR5],-1.0,-1.0,-1.0,-1.0,392700.0,test
AC000662,PH002053,3,0,0.9891764705882353,Excellent,1,Call,1259.167529411765,EV(call)=INR1259 [P(RPC)=98.92% x 5% x INR255600 x 10% - INR5],33.0,0.0,0.0,39.54545454545455,255600.0,train
AC000662,PH002054,0,1,0.029643721318314557,Poor,2,Call,32.884675844806004,EV(call)=INR33 [P(RPC)=2.96% x 5% x INR255600 x 10% - INR5],-1.0,-1.0,-1.0,-1.0,255600.0,train
AC000663,PH002056,0,1,0.9745437518290897,Excellent,1,Call,937.8710798946445,EV(call)=INR938 [P(RPC)=97.45% x 5% x INR193500 x 10% - INR5],9.0,0.0,0.0,34.111111111111114,193500.0,train
AC000663,PH002055,3,0,0.7440784313725489,Excellent,2,Call,714.895882352941,EV(call)=INR715 [P(RPC)=74.41% x 5% x INR193500 x 10% - INR5],11.0,0.0,0.0,0.0,193500.0,train
AC000663,PH002057,4,2,0.008784313725490198,Poor,3,Call,3.4988235294117658,EV(call)=INR3 [P(RPC)=0.88% x 5% x INR193500 x 10% - INR5],-1.0,-1.0,-1.0,-1.0,193500.0,train
AC000664,PH002058,3,0,0.9745437518290897,Excellent,1,Call,685.7078841088673,EV(call)=INR686 [P(RPC)=97.45% x 5% x INR141750 x 10% - INR5],6.0,0.0,0.0,69.66666666666667,141750.0,train
AC000664,PH002060,4,2,0.7440784313725489,Excellent,2,Call,522.365588235294,EV(call)=INR522 [P(RPC)=74.41% x 5% x INR141750 x 10% - INR5],9.0,0.0,0.0,49.77777777777778,141750.0,train
AC000664,PH002059,1,1,0.008784313725490198,Poor,3,Call,1.225882352941178,EV(call)=INR1 [P(RPC)=0.88% x 5% x INR141750 x 10% - INR5],11.0,0.0,9.0,0.0,141750.0,train
AC000665,PH002061,3,0,0.9891764705882353,Excellent,1,Call,5855.870588235295,EV(call)=INR5856 [P(RPC)=98.92% x 5% x INR1185000 x 10% - INR5],29.0,0.0,0.0,53.10344827586207,1185000.0,train
AC000665,PH002062,4,1,0.008784313725490198,Poor,2,Call,47.047058823529426,EV(call)=INR47 [P(RPC)=0.88% x 5% x INR1185000 x 10% - INR5],-1.0,-1.0,-1.0,-1.0,1185000.0,train
AC000666,PH002063,3,0,0.9745437518290897,Excellent,1,Call,428.6719695639449,EV(call)=INR429 [P(RPC)=97.45% x 5% x INR89000 x 10% - INR5],11.0,0.0,0.0,19.272727272727273,89000.0,train
AC000666,PH002064,0,1,0.9424911297852473,Excellent,2,Call,414.40855275443505,EV(call)=INR414 [P(RPC)=94.25% x 5% x INR89000 x 10% - INR5],15.0,0.0,0.0,13.2,89000.0,train
AC000666,PH002065,1,2,0.008784313725490198,Poor,3,Suppress,-1.0909803921568617,"EV(call)=INR-1, EV(visit)=INR-104 — negative economic yield",4.0,2.0,0.0,7.25,89000.0,train
AC000667,PH002066,3,0,0.9891764705882353,Excellent,1,Call,576.1411764705883,EV(call)=INR576 [P(RPC)=98.92% x 5% x INR117500 x 10% - INR5],7.0,0.0,0.0,85.28571428571429,117500.0,test
AC000667,PH002067,0,1,0.10069607843137254,Poor,2,Call,54.158946078431384,EV(call)=INR54 [P(RPC)=10.07% x 5% x INR117500 x 10% - INR5],-1.0,-1.0,-1.0,-1.0,117500.0,test
AC000667,PH002068,1,2,0.07136253650396328,Poor,3,Call,36.925490196078435,EV(call)=INR37 [P(RPC)=7.14% x 5% x INR117500 x 10% - INR5],-1.0,-1.0,-1.0,-1.0,117500.0,test
AC000667,PH002069,4,3,0.029643721318314557,Poor,4,Call,12.415686274509806,EV(call)=INR12 [P(RPC)=2.96% x 5% x INR117500 x 10% - INR5],-1.0,-1.0,-1.0,-1.0,117500.0,test
AC000668,PH002070,3,0,0.9891764705882353,Excellent,1,Call,241.30494117647063,EV(call)=INR241 [P(RPC)=98.92% x 5% x INR49800 x 10% - INR5],31.0,1.0,0.0,49.806451612903224,49800.0,validation
AC000668,PH002071,4,1,0.07136253650396328,Poor,2,Call,12.76927158948686,EV(call)=INR13 [P(RPC)=7.14% x 5% x INR49800 x 10% - INR5],8.0,1.0,0.0,23.25,49800.0,validation
AC000669,PH002072,3,0,0.9891764705882353,Excellent,1,Call,279.3882352941177,EV(call)=INR279 [P(RPC)=98.92% x 5% x INR57500 x 10% - INR5],21.0,0.0,2.0,35.142857142857146,57500.0,validation
AC000669,PH002073,4,1,0.029209150326797384,Poor,2,Call,3.3976307189542503,EV(call)=INR3 [P(RPC)=2.92% x 5% x INR57500 x 10% - INR5],-1.0,-1.0,-1.0,-1.0,57500.0,validation
AC000670,PH002075,0,1,0.9891764705882353,Excellent,1,Call,1293.294117647059,EV(call)=INR1293 [P(RPC)=98.92% x 5% x INR262500 x 10% - INR5],20.0,0.0,0.0,57.9,262500.0,train
AC000670,PH000469,2,2,0.07136253650396328,Poor,2,Call,88.66332916145181,EV(call)=INR89 [P(RPC)=7.14% x 5% x INR262500 x 10% - INR5],5.0,0.0,0.0,13.8,262500.0,train
AC000670,PH002074,3,0,0.008784313725490198,Poor,3,Call,6.529411764705884,EV(call)=INR7 [P(RPC)=0.88% x 5% x INR262500 x 10% - INR5],3.0,2.0,0.0,13.333333333333334,262500.0,train
AC000671,PH002077,0,1,0.9424911297852473,Excellent,1,Call,7928.890330532213,EV(call)=INR7929 [P(RPC)=94.25% x 5% x INR1683600 x 10% - INR5],1.0,0.0,0.0,69.0,1683600.0,train
AC000671,PH002076,3,0,0.008784313725490198,Poor,2,Call,68.94635294117649,EV(call)=INR69 [P(RPC)=0.88% x 5% x INR1683600 x 10% - INR5],2.0,0.0,0.0,0.0,1683600.0,train
AC000671,PH002078,4,2,0.008784313725490198,Poor,3,Suppress,68.94635294117649,Compliance: Verified third-party — contact strictly prohibited,-1.0,-1.0,-1.0,-1.0,1683600.0,train
AC000672,PH002079,3,0,0.008784313725490198,Poor,1,Suppress,-2.298823529411764,"EV(call)=INR-2, EV(visit)=INR-134 — negative economic yield",2.0,0.0,0.0,0.0,61500.0,train
AC000672,PH002080,0,1,0.008784313725490198,Poor,2,Suppress,-2.298823529411764,Compliance: Verified invalid/wrong phone number,34.0,0.0,13.0,0.0,61500.0,train
AC000673,PH005846,5,3,0.9745437518290897,Excellent,1,Call,1200.7542569505413,EV(call)=INR1201 [P(RPC)=97.45% x 5% x INR247450 x 10% - INR5],11.0,0.0,0.0,6.909090909090909,247450.0,train
AC000673,PH002081,3,0,0.008784313725490198,Poor,2,Call,5.868392156862747,EV(call)=INR6 [P(RPC)=0.88% x 5% x INR247450 x 10% - INR5],8.0,0.0,6.0,0.0,247450.0,train
AC000673,PH002082,0,1,0.008784313725490198,Poor,3,Suppress,5.868392156862747,Compliance: Verified invalid/wrong phone number,7.0,0.0,6.0,0.0,247450.0,train
AC000673,PH002083,4,2,0.008784313725490198,Poor,4,Call,5.868392156862747,EV(call)=INR6 [P(RPC)=0.88% x 5% x INR247450 x 10% - INR5],-1.0,-1.0,-1.0,-1.0,247450.0,train
AC000674,PH002084,3,0,0.9891764705882353,Excellent,1,Call,757.6550588235295,EV(call)=INR758 [P(RPC)=98.92% x 5% x INR154200 x 10% - INR5],23.0,0.0,0.0,44.130434782608695,154200.0,train
AC000674,PH002085,0,1,0.008784313725490198,Poor,2,Call,1.772705882352942,EV(call)=INR2 [P(RPC)=0.88% x 5% x INR154200 x 10% - INR5],-1.0,-1.0,-1.0,-1.0,154200.0,train
AC000675,PH002086,3,0,0.8491204481792716,Excellent,1,Call,341.8657030812325,EV(call)=INR342 [P(RPC)=84.91% x 5% x INR81700 x 10% - INR5],11.0,0.0,0.0,2.272727272727273,81700.0,train
AC000675,PH002087,4,1,0.10069607843137254,Poor,2,Call,36.134348039215695,EV(call)=INR36 [P(RPC)=10.07% x 5% x INR81700 x 10% - INR5],9.0,0.0,0.0,16.88888888888889,81700.0,train
AC000676,PH002089,4,1,0.7935779086357665,Excellent,1,Call,848.0962517834491,EV(call)=INR848 [P(RPC)=79.36% x 5% x INR215000 x 10% - INR5],15.0,1.0,0.0,36.666666666666664,215000.0,train
AC000676,PH002088,3,0,0.029643721318314557,Poor,2,Call,26.86700041718815,EV(call)=INR27 [P(RPC)=2.96% x 5% x INR215000 x 10% - INR5],8.0,0.0,0.0,0.0,215000.0,train
AC000677,PH002091,0,1,0.8911372549019607,Excellent,1,Call,962.5522745098041,EV(call)=INR963 [P(RPC)=89.11% x 5% x INR217150 x 10% - INR5],5.0,0.0,0.0,26.8,217150.0,train
AC000677,PH002092,1,2,0.8487843634950452,Excellent,2,Call,916.5676226647455,EV(call)=INR917 [P(RPC)=84.88% x 5% x INR217150 x 10% - INR5],11.0,0.0,0.0,2.909090909090909,217150.0,train
AC000677,PH000483,2,3,0.10069607843137254,Poor,3,Call,104.33076715686275,EV(call)=INR104 [P(RPC)=10.07% x 5% x INR217150 x 10% - INR5],12.0,1.0,0.0,39.166666666666664,217150.0,train
AC000677,PH002090,3,0,0.008784313725490198,Poor,4,Call,4.537568627450982,EV(call)=INR5 [P(RPC)=0.88% x 5% x INR217150 x 10% - INR5],12.0,0.0,8.0,0.0,217150.0,train
AC000678,PH002093,3,0,0.2888963585434174,Fair,1,Call,460.55648179271714,EV(call)=INR461 [P(RPC)=28.89% x 5% x INR322300 x 10% - INR5],6.0,1.0,0.0,17.166666666666668,322300.0,test
AC000678,PH002094,4,1,0.008784313725490198,Poor,2,Call,9.155921568627456,EV(call)=INR9 [P(RPC)=0.88% x 5% x INR322300 x 10% - INR5],-1.0,-1.0,-1.0,-1.0,322300.0,test
AC000679,PH002095,3,0,0.9891764705882353,Excellent,1,Call,409.71223529411776,EV(call)=INR410 [P(RPC)=98.92% x 5% x INR83850 x 10% - INR5],32.0,0.0,0.0,33.125,83850.0,train
AC000680,PH002096,3,0,0.9745437518290897,Excellent,1,Call,361.67208662569504,EV(call)=INR362 [P(RPC)=97.45% x 5% x INR75250 x 10% - INR5],17.0,1.0,0.0,48.76470588235294,75250.0,train
AC000680,PH002097,4,1,0.10069607843137254,Poor,2,Call,32.886899509803925,EV(call)=INR33 [P(RPC)=10.07% x 5% x INR75250 x 10% - INR5],1.0,0.0,0.0,18.0,75250.0,train
AC000681,PH002098,3,0,0.8491204481792716,Excellent,1,Call,607.6404033613445,EV(call)=INR608 [P(RPC)=84.91% x 5% x INR144300 x 10% - INR5],6.0,1.0,0.0,10.5,144300.0,train
AC000681,PH002099,0,1,0.008784313725490198,Poor,2,Call,1.337882352941178,EV(call)=INR1 [P(RPC)=0.88% x 5% x INR144300 x 10% - INR5],-1.0,-1.0,-1.0,-1.0,144300.0,train
AC000682,PH002101,4,1,0.8491204481792716,Excellent,1,Call,430.59878991596634,EV(call)=INR431 [P(RPC)=84.91% x 5% x INR102600 x 10% - INR5],22.0,0.0,0.0,18.5,102600.0,validation
AC000682,PH002100,3,0,0.029643721318314557,Poor,2,Call,10.207229036295368,EV(call)=INR10 [P(RPC)=2.96% x 5% x INR102600 x 10% - INR5],2.0,0.0,0.0,0.0,102600.0,validation
AC000682,PH005902,5,2,0.008784313725490198,Poor,3,Suppress,-0.49364705882352844,"EV(call)=INR-0, EV(visit)=INR-89 — negative economic yield",8.0,0.0,7.0,0.0,102600.0,validation
AC000683,PH002102,3,0,0.9745437518290897,Excellent,1,Call,282.00313491366694,EV(call)=INR282 [P(RPC)=97.45% x 5% x INR58900 x 10% - INR5],19.0,0.0,0.0,50.526315789473685,58900.0,train
AC000683,PH002103,0,1,0.029643721318314557,Poor,2,Call,3.7300759282436378,EV(call)=INR4 [P(RPC)=2.96% x 5% x INR58900 x 10% - INR5],-1.0,-1.0,-1.0,-1.0,58900.0,train
AC000683,PH002104,1,2,0.029643721318314557,Poor,3,Call,3.7300759282436378,EV(call)=INR4 [P(RPC)=2.96% x 5% x INR58900 x 10% - INR5],-1.0,-1.0,-1.0,-1.0,58900.0,train
AC000683,PH002105,4,3,0.029209150326797384,Poor,4,Call,3.6020947712418305,EV(call)=INR4 [P(RPC)=2.92% x 5% x INR58900 x 10% - INR5],-1.0,-1.0,-1.0,-1.0,58900.0,train
AC000684,PH002106,3,0,0.9424911297852473,Excellent,1,Call,629.0609075630251,EV(call)=INR629 [P(RPC)=94.25% x 5% x INR134550 x 10% - INR5],38.0,0.0,11.0,3.289473684210526,134550.0,train
AC000685,PH002107,3,0,0.9745437518290897,Excellent,1,Call,521.2536259877085,EV(call)=INR521 [P(RPC)=97.45% x 5% x INR108000 x 10% - INR5],12.0,0.0,0.0,73.41666666666667,108000.0,train
AC000686,PH002108,3,0,0.9891764705882353,Excellent,1,Call,894.6560000000002,EV(call)=INR895 [P(RPC)=98.92% x 5% x INR181900 x 10% - INR5],24.0,0.0,0.0,51.166666666666664,181900.0,test
AC000686,PH000335,2,1,0.029209150326797384,Poor,2,Call,21.565722222222224,EV(call)=INR22 [P(RPC)=2.92% x 5% x INR181900 x 10% - INR5],8.0,0.0,0.0,53.625,181900.0,test
AC000687,PH002109,3,0,0.9745437518290897,Excellent,1,Call,555.1190213637693,EV(call)=INR555 [P(RPC)=97.45% x 5% x INR114950 x 10% - INR5],4.0,0.0,0.0,75.25,114950.0,train
AC000687,PH002110,0,1,0.029643721318314557,Poor,2,Call,12.037728827701294,EV(call)=INR12 [P(RPC)=2.96% x 5% x INR114950 x 10% - INR5],-1.0,-1.0,-1.0,-1.0,114950.0,train
AC000687,PH002111,1,2,0.008784313725490198,Poor,3,Call,0.0487843137254913,EV(call)=INR0 [P(RPC)=0.88% x 5% x INR114950 x 10% - INR5],-1.0,-1.0,-1.0,-1.0,114950.0,train
AC000687,PH002112,4,3,0.008784313725490198,Poor,4,Call,0.0487843137254913,EV(call)=INR0 [P(RPC)=0.88% x 5% x INR114950 x 10% - INR5],-1.0,-1.0,-1.0,-1.0,114950.0,train
AC000688,PH002113,3,0,0.9424911297852473,Excellent,1,Call,783.865075630252,EV(call)=INR784 [P(RPC)=94.25% x 5% x INR167400 x 10% - INR5],14.0,0.0,0.0,6.785714285714286,167400.0,train
AC000688,PH002114,4,1,0.8491204481792716,Excellent,2,Call,705.7138151260505,EV(call)=INR706 [P(RPC)=84.91% x 5% x INR167400 x 10% - INR5],13.0,1.0,0.0,41.53846153846154,167400.0,train
AC000689,PH000245,3,0,0.2888963585434174,Fair,1,Call,627.6830252100841,EV(call)=INR628 [P(RPC)=28.89% x 5% x INR438000 x 10% - INR5],5.0,0.0,0.0,60.0,438000.0,train
AC000689,PH002115,4,1,0.008784313725490198,Poor,2,Call,14.237647058823534,EV(call)=INR14 [P(RPC)=0.88% x 5% x INR438000 x 10% - INR5],-1.0,-1.0,-1.0,-1.0,438000.0,train
AC000690,PH002116,3,0,0.9891764705882353,Excellent,1,Call,216.8228235294118,EV(call)=INR217 [P(RPC)=98.92% x 5% x INR44850 x 10% - INR5],25.0,1.0,1.0,52.8,44850.0,train
AC000691,PH002117,3,0,0.9891764705882353,Excellent,1,Call,1413.9736470588239,EV(call)=INR1414 [P(RPC)=98.92% x 5% x INR286900 x 10% - INR5],14.0,0.0,0.0,28.285714285714285,286900.0,validation
AC000692,PH002119,4,1,0.10069607843137254,Poor,1,Call,83.20976470588236,EV(call)=INR83 [P(RPC)=10.07% x 5% x INR175200 x 10% - INR5],22.0,0.0,0.0,46.81818181818182,175200.0,train
AC000692,PH002118,3,0,0.008784313725490198,Poor,2,Call,2.695058823529414,EV(call)=INR3 [P(RPC)=0.88% x 5% x INR175200 x 10% - INR5],2.0,2.0,0.0,22.0,175200.0,train
AC000693,PH002120,3,0,0.8911372549019607,Excellent,1,Call,203.52611764705887,EV(call)=INR204 [P(RPC)=89.11% x 5% x INR46800 x 10% - INR5],22.0,0.0,0.0,4.5,46800.0,train
AC000693,PH002121,4,1,0.07136253650396328,Poor,2,Call,11.69883354192741,EV(call)=INR12 [P(RPC)=7.14% x 5% x INR46800 x 10% - INR5],8.0,0.0,0.0,22.0,46800.0,train
AC000694,PH002123,0,1,0.8396806539600551,Excellent,1,Call,660.0270779363636,EV(call)=INR660 [P(RPC)=83.97% x 5% x INR158400 x 10% - INR5],4.0,0.0,0.0,30.0,158400.0,train
AC000694,PH002122,3,0,0.10069607843137254,Poor,2,Call,74.75129411764708,EV(call)=INR75 [P(RPC)=10.07% x 5% x INR158400 x 10% - INR5],8.0,0.0,0.0,43.875,158400.0,train
AC000694,PH002124,4,2,0.029643721318314557,Poor,3,Call,18.477827284105132,EV(call)=INR18 [P(RPC)=2.96% x 5% x INR158400 x 10% - INR5],-1.0,-1.0,-1.0,-1.0,158400.0,train
AC000695,PH002126,0,1,0.9891764705882353,Excellent,1,Call,93.91764705882355,EV(call)=INR94 [P(RPC)=98.92% x 5% x INR20000 x 10% - INR5],25.0,0.0,0.0,74.76,20000.0,train
AC000695,PH002125,3,0,0.008784313725490198,Poor,2,Suppress,-4.12156862745098,"EV(call)=INR-4, EV(visit)=INR-178 — negative economic yield",8.0,0.0,0.0,0.0,20000.0,train
AC000696,PH002127,3,0,0.9745437518290897,Excellent,1,Call,915.94384547849,EV(call)=INR916 [P(RPC)=97.45% x 5% x INR189000 x 10% - INR5],27.0,0.0,0.0,8.25925925925926,189000.0,train
AC000696,PH002128,4,1,0.9424911297852473,Excellent,2,Call,885.6541176470588,EV(call)=INR886 [P(RPC)=94.25% x 5% x INR189000 x 10% - INR5],9.0,0.0,0.0,38.55555555555556,189000.0,train
AC000697,PH002129,3,0,0.008784313725490198,Poor,1,Suppress,-3.945882352941176,"EV(call)=INR-4, EV(visit)=INR-174 — negative economic yield",1.0,0.0,0.0,0.0,24000.0,train
AC000698,PH002130,3,0,0.9745437518290897,Excellent,1,Call,926.1765548726953,EV(call)=INR926 [P(RPC)=97.45% x 5% x INR191100 x 10% - INR5],12.0,0.0,0.0,121.41666666666667,191100.0,train
AC000698,PH000491,2,1,0.029209150326797384,Poor,2,Call,22.909343137254908,EV(call)=INR23 [P(RPC)=2.92% x 5% x INR191100 x 10% - INR5],-1.0,-1.0,-1.0,-1.0,191100.0,train
AC000698,PH002131,4,2,0.029209150326797384,Poor,3,Call,22.909343137254908,EV(call)=INR23 [P(RPC)=2.92% x 5% x INR191100 x 10% - INR5],-1.0,-1.0,-1.0,-1.0,191100.0,train
AC000699,PH002132,3,0,0.9891764705882353,Excellent,1,Call,854.5943529411767,EV(call)=INR855 [P(RPC)=98.92% x 5% x INR173800 x 10% - INR5],21.0,0.0,0.0,35.57142857142857,173800.0,train
AC000699,PH002133,0,1,0.07136253650396328,Poor,2,Call,57.0140442219441,EV(call)=INR57 [P(RPC)=7.14% x 5% x INR173800 x 10% - INR5],-1.0,-1.0,-1.0,-1.0,173800.0,train
AC000699,PH002134,1,2,0.07136253650396328,Poor,3,Call,57.0140442219441,EV(call)=INR57 [P(RPC)=7.14% x 5% x INR173800 x 10% - INR5],-1.0,-1.0,-1.0,-1.0,173800.0,train
AC000700,PH002135,3,0,0.9891764705882353,Excellent,1,Call,622.3851764705884,EV(call)=INR622 [P(RPC)=98.92% x 5% x INR126850 x 10% - INR5],35.0,0.0,0.0,74.2,126850.0,train
AC000700,PH002136,0,1,0.029209150326797384,Poor,2,Call,13.525903594771243,EV(call)=INR14 [P(RPC)=2.92% x 5% x INR126850 x 10% - INR5],-1.0,-1.0,-1.0,-1.0,126850.0,train
AC000700,PH002137,4,2,0.029209150326797384,Poor,3,Call,13.525903594771243,EV(call)=INR14 [P(RPC)=2.92% x 5% x INR126850 x 10% - INR5],-1.0,-1.0,-1.0,-1.0,126850.0,train
AC000701,PH002138,3,0,0.8911372549019607,Excellent,1,Call,569.7835294117648,EV(call)=INR570 [P(RPC)=89.11% x 5% x INR129000 x 10% - INR5],10.0,0.0,0.0,3.4,129000.0,train
AC000701,PH000340,2,1,0.029643721318314557,Poor,2,Call,14.120200250312891,EV(call)=INR14 [P(RPC)=2.96% x 5% x INR129000 x 10% - INR5],8.0,0.0,0.0,28.875,129000.0,train
AC000701,PH002139,4,2,0.008784313725490198,Poor,3,Call,0.6658823529411784,EV(call)=INR1 [P(RPC)=0.88% x 5% x INR129000 x 10% - INR5],-1.0,-1.0,-1.0,-1.0,129000.0,train
AC000702,PH002140,3,0,0.9745437518290897,Excellent,1,Call,1844.196769095698,EV(call)=INR1844 [P(RPC)=97.45% x 5% x INR379500 x 10% - INR5],6.0,0.0,0.0,87.16666666666667,379500.0,test
AC000702,PH000585,2,1,0.008784313725490198,Poor,2,Call,11.66823529411765,EV(call)=INR12 [P(RPC)=0.88% x 5% x INR379500 x 10% - INR5],-1.0,-1.0,-1.0,-1.0,379500.0,test
AC000702,PH002141,4,2,0.008784313725490198,Poor,3,Call,11.66823529411765,EV(call)=INR12 [P(RPC)=0.88% x 5% x INR379500 x 10% - INR5],-1.0,-1.0,-1.0,-1.0,379500.0,test
AC000703,PH002142,3,0,0.008784313725490198,Poor,1,Call,1.992313725490198,EV(call)=INR2 [P(RPC)=0.88% x 5% x INR159200 x 10% - INR5],1.0,0.0,0.0,0.0,159200.0,test
AC000704,PH002144,4,1,0.7440784313725489,Excellent,1,Call,772.5619607843137,EV(call)=INR773 [P(RPC)=74.41% x 5% x INR209000 x 10% - INR5],2.0,0.0,0.0,36.5,209000.0,test
AC000704,PH002143,3,0,0.008784313725490198,Poor,2,Call,4.179607843137257,EV(call)=INR4 [P(RPC)=0.88% x 5% x INR209000 x 10% - INR5],8.0,1.0,4.0,3.375,209000.0,test
AC000705,PH002145,3,0,0.9424911297852473,Excellent,1,Call,855.9656470588234,EV(call)=INR856 [P(RPC)=94.25% x 5% x INR182700 x 10% - INR5],1.0,0.0,0.0,63.0,182700.0,train
AC000705,PH002146,0,1,0.05059559702663918,Poor,2,Call,41.2190778838349,EV(call)=INR41 [P(RPC)=5.06% x 5% x INR182700 x 10% - INR5],-1.0,-1.0,-1.0,-1.0,182700.0,train
AC000705,PH000309,2,2,0.029643721318314557,Poor,3,Suppress,22.079539424280348,Compliance: Verified third-party — contact strictly prohibited,-1.0,-1.0,-1.0,-1.0,182700.0,train
AC000705,PH002147,4,3,0.029643721318314557,Poor,4,Call,22.079539424280348,EV(call)=INR22 [P(RPC)=2.96% x 5% x INR182700 x 10% - INR5],-1.0,-1.0,-1.0,-1.0,182700.0,train
AC000706,PH002148,3,0,0.9424911297852473,Excellent,1,Call,699.0408739495797,EV(call)=INR699 [P(RPC)=94.25% x 5% x INR149400 x 10% - INR5],11.0,0.0,0.0,13.909090909090908,149400.0,train
AC000706,PH002149,1,1,0.008784313725490198,Poor,2,Call,1.5618823529411792,EV(call)=INR2 [P(RPC)=0.88% x 5% x INR149400 x 10% - INR5],-1.0,-1.0,-1.0,-1.0,149400.0,train
AC000706,PH002150,4,2,0.008784313725490198,Poor,3,Call,1.5618823529411792,EV(call)=INR2 [P(RPC)=0.88% x 5% x INR149400 x 10% - INR5],-1.0,-1.0,-1.0,-1.0,149400.0,train
AC000707,PH002151,3,0,0.029209150326797384,Poor,1,Call,92.66079411764707,EV(call)=INR93 [P(RPC)=2.92% x 5% x INR668700 x 10% - INR5],2.0,0.0,0.0,0.0,668700.0,train
AC000707,PH002152,4,1,0.008784313725490198,Poor,2,Call,24.370352941176478,EV(call)=INR24 [P(RPC)=0.88% x 5% x INR668700 x 10% - INR5],-1.0,-1.0,-1.0,-1.0,668700.0,train
AC000708,PH002155,4,2,0.37082940975025835,Fair,1,Call,20.865351330080525,EV(call)=INR21 [P(RPC)=37.08% x 5% x INR13950 x 10% - INR5],16.0,0.0,0.0,32.375,13950.0,test
AC000708,PH002153,3,0,0.008784313725490198,Poor,2,Suppress,-4.387294117647059,"EV(call)=INR-4, EV(visit)=INR-185 — negative economic yield",12.0,0.0,3.0,0.0,13950.0,test
AC000708,PH002154,1,1,0.008784313725490198,Poor,3,Suppress,-4.387294117647059,"EV(call)=INR-4, EV(visit)=INR-185 — negative economic yield",2.0,2.0,0.0,27.0,13950.0,test
AC000709,PH002156,3,0,0.9891764705882353,Excellent,1,Call,177.25576470588237,EV(call)=INR177 [P(RPC)=98.92% x 5% x INR36850 x 10% - INR5],32.0,0.0,0.0,76.5,36850.0,train
AC000709,PH002157,4,1,0.029209150326797384,Poor,2,Call,0.38178594771241947,EV(call)=INR0 [P(RPC)=2.92% x 5% x INR36850 x 10% - INR5],-1.0,-1.0,-1.0,-1.0,36850.0,train
AC000710,PH002158,3,0,0.9745437518290897,Excellent,1,Call,547.5663072870939,EV(call)=INR548 [P(RPC)=97.45% x 5% x INR113400 x 10% - INR5],23.0,0.0,5.0,96.17391304347827,113400.0,train
AC000710,PH002159,1,1,0.008784313725490198,Poor,2,Suppress,-0.019294117647056908,"EV(call)=INR-0, EV(visit)=INR-78 — negative economic yield",-1.0,-1.0,-1.0,-1.0,113400.0,train
AC000710,PH000319,2,2,0.008784313725490198,Poor,3,Suppress,-0.019294117647056908,"EV(call)=INR-0, EV(visit)=INR-78 — negative economic yield",-1.0,-1.0,-1.0,-1.0,113400.0,train
AC000711,PH002160,3,0,0.9424911297852473,Excellent,1,Call,402.1561680672269,EV(call)=INR402 [P(RPC)=94.25% x 5% x INR86400 x 10% - INR5],20.0,0.0,0.0,13.65,86400.0,validation
AC000711,PH000452,2,1,0.10069607843137254,Poor,2,Call,38.500705882352946,EV(call)=INR39 [P(RPC)=10.07% x 5% x INR86400 x 10% - INR5],3.0,1.0,0.0,49.333333333333336,86400.0,validation
AC000711,PH002161,4,2,0.008784313725490198,Poor,3,Suppress,-1.2051764705882348,"EV(call)=INR-1, EV(visit)=INR-107 — negative economic yield",-1.0,-1.0,-1.0,-1.0,86400.0,validation
AC000712,PH005876,5,3,0.029643721318314557,Poor,1,Call,9.280862745098037,EV(call)=INR9 [P(RPC)=2.96% x 5% x INR96350 x 10% - INR5],7.0,0.0,0.0,0.0,96350.0,train
AC000712,PH002162,3,0,0.008784313725490198,Poor,2,Suppress,-0.768156862745097,"EV(call)=INR-1, EV(visit)=INR-96 — negative economic yield",8.0,0.0,7.0,0.0,96350.0,train
AC000712,PH002163,0,1,0.008784313725490198,Poor,3,Suppress,-0.768156862745097,"EV(call)=INR-1, EV(visit)=INR-96 — negative economic yield",7.0,2.0,4.0,9.0,96350.0,train
AC000712,PH002164,1,2,0.008784313725490198,Poor,4,Suppress,-0.768156862745097,"EV(call)=INR-1, EV(visit)=INR-96 — negative economic yield",-1.0,-1.0,-1.0,-1.0,96350.0,train
AC000713,PH002165,3,0,0.9745437518290897,Excellent,1,Call,830.6712671934446,EV(call)=INR831 [P(RPC)=97.45% x 5% x INR171500 x 10% - INR5],16.0,0.0,0.0,48.25,171500.0,train
AC000713,PH002166,4,1,0.07136253650396328,Poor,2,Call,56.193375052148525,EV(call)=INR56 [P(RPC)=7.14% x 5% x INR171500 x 10% - INR5],8.0,0.0,0.0,34.25,171500.0,train
AC000714,PH002167,3,0,0.9745437518290897,Excellent,1,Call,2370.937666959321,EV(call)=INR2371 [P(RPC)=97.45% x 5% x INR487600 x 10% - INR5],6.0,0.0,0.0,60.0,487600.0,train
AC000714,PH002168,1,1,0.029643721318314557,Poor,2,Call,67.27139257405089,EV(call)=INR67 [P(RPC)=2.96% x 5% x INR487600 x 10% - INR5],-1.0,-1.0,-1.0,-1.0,487600.0,train
AC000714,PH002169,4,2,0.008784313725490198,Poor,3,Call,16.416156862745105,EV(call)=INR16 [P(RPC)=0.88% x 5% x INR487600 x 10% - INR5],-1.0,-1.0,-1.0,-1.0,487600.0,train
AC000715,PH002170,3,0,0.9424911297852473,Excellent,1,Call,271.8567693744164,EV(call)=INR272 [P(RPC)=94.25% x 5% x INR58750 x 10% - INR5],8.0,0.0,0.0,94.875,58750.0,train
AC000715,PH002171,1,1,0.7440784313725489,Excellent,2,Call,213.57303921568624,EV(call)=INR214 [P(RPC)=74.41% x 5% x INR58750 x 10% - INR5],8.0,0.0,0.0,29.875,58750.0,train
AC000715,PH002172,4,2,0.43770588235294117,Good,3,Suppress,123.57610294117646,Compliance: Verified third-party — contact strictly prohibited,8.0,0.0,0.0,20.0,58750.0,train
AC000716,PH002173,3,0,0.008784313725490198,Poor,1,Suppress,-0.2037647058823513,Compliance: Verified invalid/wrong phone number,-1.0,-1.0,-1.0,-1.0,109200.0,train
AC000717,PH002174,3,0,0.9424911297852473,Excellent,1,Call,311.67701960784314,EV(call)=INR312 [P(RPC)=94.25% x 5% x INR67200 x 10% - INR5],4.0,0.0,0.0,17.5,67200.0,test
AC000717,PH002175,4,1,0.008784313725490198,Poor,2,Suppress,-2.0484705882352934,"EV(call)=INR-2, EV(visit)=INR-127 — negative economic yield",-1.0,-1.0,-1.0,-1.0,67200.0,test
AC000718,PH002176,3,0,0.9891764705882353,Excellent,1,Call,50.64117647058825,EV(call)=INR51 [P(RPC)=98.92% x 5% x INR11250 x 10% - INR5],24.0,0.0,0.0,54.5,11250.0,train
AC000718,PH002177,0,1,0.008784313725490198,Poor,2,Suppress,-4.5058823529411764,"EV(call)=INR-5, EV(visit)=INR-188 — negative economic yield",-1.0,-1.0,-1.0,-1.0,11250.0,train
AC000718,PH000402,2,2,0.008784313725490198,Poor,3,Suppress,-4.5058823529411764,"EV(call)=INR-5, EV(visit)=INR-188 — negative economic yield",-1.0,-1.0,-1.0,-1.0,11250.0,train
AC000719,PH000324,2,3,0.9745437518290897,Excellent,1,Call,499.8136634474685,EV(call)=INR500 [P(RPC)=97.45% x 5% x INR103600 x 10% - INR5],19.0,2.0,0.0,47.68421052631579,103600.0,train
AC000719,PH002178,3,0,0.9424911297852473,Excellent,2,Call,483.21040522875813,EV(call)=INR483 [P(RPC)=94.25% x 5% x INR103600 x 10% - INR5],5.0,0.0,0.0,9.4,103600.0,train
AC000719,PH002179,0,1,0.029209150326797384,Poor,3,Call,10.130339869281048,EV(call)=INR10 [P(RPC)=2.92% x 5% x INR103600 x 10% - INR5],-1.0,-1.0,-1.0,-1.0,103600.0,train
AC000719,PH002181,4,4,0.029209150326797384,Poor,4,Call,10.130339869281048,EV(call)=INR10 [P(RPC)=2.92% x 5% x INR103600 x 10% - INR5],-1.0,-1.0,-1.0,-1.0,103600.0,train
AC000719,PH002180,1,2,0.008784313725490198,Poor,5,Suppress,-0.44972549019607744,"EV(call)=INR-0, EV(visit)=INR-88 — negative economic yield",-1.0,-1.0,-1.0,-1.0,103600.0,train
AC000720,PH002182,3,0,0.9891764705882353,Excellent,1,Call,1687.975529411765,EV(call)=INR1688 [P(RPC)=98.92% x 5% x INR342300 x 10% - INR5],21.0,0.0,0.0,18.333333333333332,342300.0,train
AC000720,PH002183,0,1,0.008784313725490198,Poor,2,Call,10.034352941176474,EV(call)=INR10 [P(RPC)=0.88% x 5% x INR342300 x 10% - INR5],-1.0,-1.0,-1.0,-1.0,342300.0,train
AC000720,PH002184,4,2,0.008784313725490198,Poor,3,Call,10.034352941176474,EV(call)=INR10 [P(RPC)=0.88% x 5% x INR342300 x 10% - INR5],-1.0,-1.0,-1.0,-1.0,342300.0,train
AC000721,PH002185,3,0,0.9424911297852473,Excellent,1,Call,1748.03350140056,EV(call)=INR1748 [P(RPC)=94.25% x 5% x INR372000 x 10% - INR5],7.0,0.0,0.0,11.285714285714286,372000.0,train
AC000721,PH002186,1,1,0.029209150326797384,Poor,2,Call,49.32901960784315,EV(call)=INR49 [P(RPC)=2.92% x 5% x INR372000 x 10% - INR5],-1.0,-1.0,-1.0,-1.0,372000.0,train
AC000721,PH002187,4,2,0.008784313725490198,Poor,3,Call,11.33882352941177,EV(call)=INR11 [P(RPC)=0.88% x 5% x INR372000 x 10% - INR5],-1.0,-1.0,-1.0,-1.0,372000.0,train
AC000722,PH002188,3,0,0.9745437518290897,Excellent,1,Call,410.15563827919226,EV(call)=INR410 [P(RPC)=97.45% x 5% x INR85200 x 10% - INR5],5.0,0.0,0.0,40.6,85200.0,train
AC000722,PH002189,0,1,0.9424911297852473,Excellent,2,Call,396.50122128851535,EV(call)=INR397 [P(RPC)=94.25% x 5% x INR85200 x 10% - INR5],7.0,0.0,0.0,16.857142857142858,85200.0,train
AC000723,PH002190,3,0,0.9745437518290897,Excellent,1,Call,216.70870354111796,EV(call)=INR217 [P(RPC)=97.45% x 5% x INR45500 x 10% - INR5],6.0,0.0,0.0,87.66666666666667,45500.0,test
AC000723,PH000448,2,3,0.2888963585434174,Fair,2,Call,60.72392156862746,EV(call)=INR61 [P(RPC)=28.89% x 5% x INR45500 x 10% - INR5],9.0,0.0,0.0,26.555555555555557,45500.0,test
AC000723,PH002191,0,1,0.07136253650396328,Poor,3,Call,11.234977054651647,EV(call)=INR11 [P(RPC)=7.14% x 5% x INR45500 x 10% - INR5],-1.0,-1.0,-1.0,-1.0,45500.0,test
AC000723,PH002192,1,2,0.029643721318314557,Poor,4,Call,1.743946599916562,EV(call)=INR2 [P(RPC)=2.96% x 5% x INR45500 x 10% - INR5],-1.0,-1.0,-1.0,-1.0,45500.0,test
AC000724,PH002193,3,0,0.9745437518290897,Excellent,1,Call,1367.1576025753584,EV(call)=INR1367 [P(RPC)=97.45% x 5% x INR281600 x 10% - INR5],4.0,0.0,0.0,111.25,281600.0,validation
AC000724,PH002194,0,1,0.008784313725490198,Poor,2,Call,7.368313725490198,EV(call)=INR7 [P(RPC)=0.88% x 5% x INR281600 x 10% - INR5],-1.0,-1.0,-1.0,-1.0,281600.0,validation
AC000725,PH005822,5,1,0.10069607843137254,Poor,1,Call,29.664625,EV(call)=INR30 [P(RPC)=10.07% x 5% x INR68850 x 10% - INR5],10.0,0.0,0.0,0.0,68850.0,validation
AC000725,PH002195,3,0,0.008784313725490198,Poor,2,Suppress,-1.975999999999999,"EV(call)=INR-2, EV(visit)=INR-126 — negative economic yield",3.0,0.0,0.0,0.0,68850.0,validation
AC000726,PH002196,3,0,0.008784313725490198,Poor,1,Call,1.1929411764705904,EV(call)=INR1 [P(RPC)=0.88% x 5% x INR141000 x 10% - INR5],24.0,0.0,6.0,0.0,141000.0,train
AC000727,PH002197,3,0,0.9424911297852473,Excellent,1,Call,126.477512605042,EV(call)=INR126 [P(RPC)=94.25% x 5% x INR27900 x 10% - INR5],4.0,0.0,0.0,39.0,27900.0,test
AC000727,PH002198,0,1,0.008784313725490198,Poor,2,Suppress,-3.774588235294117,"EV(call)=INR-4, EV(visit)=INR-170 — negative economic yield",-1.0,-1.0,-1.0,-1.0,27900.0,test
AC000728,PH002199,3,0,0.9891764705882353,Excellent,1,Call,936.9432941176473,EV(call)=INR937 [P(RPC)=98.92% x 5% x INR190450 x 10% - INR5],24.0,0.0,0.0,85.95833333333333,190450.0,train
AC000728,PH002200,0,1,0.029209150326797384,Poor,2,Call,22.814413398692814,EV(call)=INR23 [P(RPC)=2.92% x 5% x INR190450 x 10% - INR5],-1.0,-1.0,-1.0,-1.0,190450.0,train
AC000728,PH000341,2,2,0.008784313725490198,Poor,3,Call,3.3648627450980424,EV(call)=INR3 [P(RPC)=0.88% x 5% x INR190450 x 10% - INR5],-1.0,-1.0,-1.0,-1.0,190450.0,train
AC000729,PH002201,3,0,0.9745437518290897,Excellent,1,Call,164.81424875621892,EV(call)=INR165 [P(RPC)=97.45% x 5% x INR34850 x 10% - INR5],32.0,0.0,7.0,18.78125,34850.0,train
AC000729,PH002202,4,1,0.07136253650396328,Poor,2,Call,7.434921985815603,EV(call)=INR7 [P(RPC)=7.14% x 5% x INR34850 x 10% - INR5],8.0,0.0,0.0,37.625,34850.0,train
AC000730,PH002204,0,1,0.029209150326797384,Poor,1,Call,196.06118627450985,EV(call)=INR196 [P(RPC)=2.92% x 5% x INR1376700 x 10% - INR5],-1.0,-1.0,-1.0,-1.0,1376700.0,train
AC000730,PH002203,3,0,0.008784313725490198,Poor,2,Call,55.466823529411776,EV(call)=INR55 [P(RPC)=0.88% x 5% x INR1376700 x 10% - INR5],3.0,0.0,2.0,0.0,1376700.0,train
AC000731,PH002206,0,1,0.9745437518290897,Excellent,1,Call,813.6167515364355,EV(call)=INR814 [P(RPC)=97.45% x 5% x INR168000 x 10% - INR5],18.0,0.0,0.0,32.611111111111114,168000.0,test
AC000731,PH002208,4,3,0.2888963585434174,Fair,2,Call,237.67294117647063,EV(call)=INR238 [P(RPC)=28.89% x 5% x INR168000 x 10% - INR5],5.0,0.0,0.0,36.8,168000.0,test
AC000731,PH002207,1,2,0.029209150326797384,Poor,3,Call,19.535686274509807,EV(call)=INR20 [P(RPC)=2.92% x 5% x INR168000 x 10% - INR5],4.0,2.0,0.0,14.5,168000.0,test
AC000731,PH002205,3,0,0.008784313725490198,Poor,4,Call,2.3788235294117657,EV(call)=INR2 [P(RPC)=0.88% x 5% x INR168000 x 10% - INR5],8.0,0.0,0.0,0.0,168000.0,test
AC000732,PH002210,4,1,0.9424911297852473,Excellent,1,Call,414.87979831932773,EV(call)=INR415 [P(RPC)=94.25% x 5% x INR89100 x 10% - INR5],25.0,1.0,0.0,20.2,89100.0,train
AC000732,PH002209,3,0,0.7440784313725489,Excellent,2,Call,326.4869411764705,EV(call)=INR326 [P(RPC)=74.41% x 5% x INR89100 x 10% - INR5],6.0,2.0,0.0,54.5,89100.0,train
AC000733,PH002211,3,0,0.9891764705882353,Excellent,1,Call,1992.3945882352943,EV(call)=INR1992 [P(RPC)=98.92% x 5% x INR403850 x 10% - INR5],28.0,0.0,0.0,73.67857142857143,403850.0,test
AC000733,PH000321,2,2,0.43770588235294117,Good,2,Call,878.8376029411764,EV(call)=INR879 [P(RPC)=43.77% x 5% x INR403850 x 10% - INR5],14.0,1.0,0.0,57.785714285714285,403850.0,test
AC000733,PH002212,0,1,0.029643721318314557,Poor,3,Call,54.85808427200667,EV(call)=INR55 [P(RPC)=2.96% x 5% x INR403850 x 10% - INR5],-1.0,-1.0,-1.0,-1.0,403850.0,test
AC000734,PH002213,3,0,0.9891764705882353,Excellent,1,Call,150.54800000000003,EV(call)=INR151 [P(RPC)=98.92% x 5% x INR31450 x 10% - INR5],19.0,0.0,0.0,27.31578947368421,31450.0,train
AC000735,PH002214,3,0,0.9891764705882353,Excellent,1,Call,225.2308235294118,EV(call)=INR225 [P(RPC)=98.92% x 5% x INR46550 x 10% - INR5],34.0,0.0,0.0,40.44117647058823,46550.0,train
AC000735,PH002215,1,1,0.029643721318314557,Poor,2,Call,1.8995761368377133,EV(call)=INR2 [P(RPC)=2.96% x 5% x INR46550 x 10% - INR5],2.0,0.0,0.0,0.0,46550.0,train
AC000735,PH002216,4,2,0.029643721318314557,Poor,3,Call,1.8995761368377133,EV(call)=INR2 [P(RPC)=2.96% x 5% x INR46550 x 10% - INR5],-1.0,-1.0,-1.0,-1.0,46550.0,train
AC000736,PH002217,3,0,0.9745437518290897,Excellent,1,Call,1928.9820755048288,EV(call)=INR1929 [P(RPC)=97.45% x 5% x INR396900 x 10% - INR5],13.0,0.0,0.0,110.61538461538461,396900.0,validation
AC000736,PH002218,0,1,0.029643721318314557,Poor,2,Call,53.827964956195245,EV(call)=INR54 [P(RPC)=2.96% x 5% x INR396900 x 10% - INR5],-1.0,-1.0,-1.0,-1.0,396900.0,validation
AC000736,PH002219,4,2,0.008784313725490198,Poor,3,Call,12.4324705882353,EV(call)=INR12 [P(RPC)=0.88% x 5% x INR396900 x 10% - INR5],-1.0,-1.0,-1.0,-1.0,396900.0,validation
AC000737,PH002221,4,1,0.43770588235294117,Good,1,Call,1327.0484264705883,EV(call)=INR1327 [P(RPC)=43.77% x 5% x INR608650 x 10% - INR5],5.0,0.0,0.0,5.6,608650.0,validation
AC000737,PH002220,3,0,0.029209150326797384,Poor,2,Call,83.89074673202616,EV(call)=INR84 [P(RPC)=2.92% x 5% x INR608650 x 10% - INR5],8.0,0.0,0.0,0.0,608650.0,validation
AC000738,PH002222,3,0,0.9891764705882353,Excellent,1,Call,887.7317647058825,EV(call)=INR888 [P(RPC)=98.92% x 5% x INR180500 x 10% - INR5],37.0,1.0,0.0,22.2972972972973,180500.0,train
AC000739,PH002223,3,0,0.9745437518290897,Excellent,1,Call,493.47912906057945,EV(call)=INR493 [P(RPC)=97.45% x 5% x INR102300 x 10% - INR5],28.0,0.0,0.0,38.714285714285715,102300.0,validation
AC000740,PH002224,3,0,0.9891764705882353,Excellent,1,Call,558.3360000000001,EV(call)=INR558 [P(RPC)=98.92% x 5% x INR113900 x 10% - INR5],26.0,0.0,0.0,26.653846153846153,113900.0,validation
AC000740,PH002225,0,1,0.008784313725490198,Poor,2,Call,0.0026666666666681493,EV(call)=INR0 [P(RPC)=0.88% x 5% x INR113900 x 10% - INR5],8.0,0.0,4.0,0.0,113900.0,validation
AC000740,PH002226,4,2,0.008784313725490198,Poor,3,Call,0.0026666666666681493,EV(call)=INR0 [P(RPC)=0.88% x 5% x INR113900 x 10% - INR5],1.0,0.0,0.0,0.0,113900.0,validation
AC000741,PH002227,3,0,0.9891764705882353,Excellent,1,Call,93.91764705882355,EV(call)=INR94 [P(RPC)=98.92% x 5% x INR20000 x 10% - INR5],20.0,0.0,0.0,38.0,20000.0,train
AC000742,PH002228,3,0,0.9424911297852473,Excellent,1,Call,762.1877796451913,EV(call)=INR762 [P(RPC)=94.25% x 5% x INR162800 x 10% - INR5],22.0,0.0,0.0,11.136363636363637,162800.0,validation
AC000742,PH002229,4,1,0.008784313725490198,Poor,2,Call,2.150431372549021,EV(call)=INR2 [P(RPC)=0.88% x 5% x INR162800 x 10% - INR5],8.0,2.0,0.0,49.875,162800.0,validation
AC000743,PH002231,1,1,0.9891764705882353,Excellent,1,Call,1502.0103529411767,EV(call)=INR1502 [P(RPC)=98.92% x 5% x INR304700 x 10% - INR5],28.0,0.0,0.0,44.035714285714285,304700.0,train
AC000743,PH002230,3,0,0.07136253650396328,Poor,2,Call,103.72082436378805,EV(call)=INR104 [P(RPC)=7.14% x 5% x INR304700 x 10% - INR5],8.0,0.0,0.0,0.0,304700.0,train
AC000743,PH002232,4,2,0.008784313725490198,Poor,3,Call,8.382901960784316,EV(call)=INR8 [P(RPC)=0.88% x 5% x INR304700 x 10% - INR5],-1.0,-1.0,-1.0,-1.0,304700.0,train
AC000744,PH002233,3,0,0.9745437518290897,Excellent,1,Call,717.1369201053556,EV(call)=INR717 [P(RPC)=97.45% x 5% x INR148200 x 10% - INR5],11.0,0.0,0.0,78.81818181818181,148200.0,test
AC000744,PH002234,4,1,0.029643721318314557,Poor,2,Call,16.96599749687109,EV(call)=INR17 [P(RPC)=2.96% x 5% x INR148200 x 10% - INR5],-1.0,-1.0,-1.0,-1.0,148200.0,test
AC000745,PH002235,3,0,0.9891764705882353,Excellent,1,Call,1276.9727058823532,EV(call)=INR1277 [P(RPC)=98.92% x 5% x INR259200 x 10% - INR5],21.0,0.0,0.0,31.19047619047619,259200.0,validation
AC000745,PH002236,4,1,0.029209150326797384,Poor,2,Call,32.85505882352941,EV(call)=INR33 [P(RPC)=2.92% x 5% x INR259200 x 10% - INR5],-1.0,-1.0,-1.0,-1.0,259200.0,validation
AC000746,PH002238,0,1,0.9891764705882353,Excellent,1,Call,578.1195294117648,EV(call)=INR578 [P(RPC)=98.92% x 5% x INR117900 x 10% - INR5],23.0,0.0,0.0,79.3913043478261,117900.0,validation
AC000746,PH002237,3,0,0.2888963585434174,Fair,2,Call,165.30440336134458,EV(call)=INR165 [P(RPC)=28.89% x 5% x INR117900 x 10% - INR5],8.0,0.0,0.0,16.125,117900.0,validation
AC000746,PH002239,1,2,0.07136253650396328,Poor,3,Call,37.06821526908636,EV(call)=INR37 [P(RPC)=7.14% x 5% x INR117900 x 10% - INR5],-1.0,-1.0,-1.0,-1.0,117900.0,validation
AC000747,PH002240,3,0,0.9745437518290897,Excellent,1,Call,956.8746830553117,EV(call)=INR957 [P(RPC)=97.45% x 5% x INR197400 x 10% - INR5],21.0,0.0,15.0,27.333333333333332,197400.0,validation
AC000747,PH005880,5,1,0.2888963585434174,Fair,2,Call,280.140705882353,EV(call)=INR280 [P(RPC)=28.89% x 5% x INR197400 x 10% - INR5],8.0,1.0,0.0,26.75,197400.0,validation
AC000748,PH002241,3,0,0.9891764705882353,Excellent,1,Call,543.9929411764707,EV(call)=INR544 [P(RPC)=98.92% x 5% x INR111000 x 10% - INR5],32.0,1.0,0.0,52.40625,111000.0,test
AC000749,PH002242,3,0,0.9745437518290897,Excellent,1,Call,1217.5651366695931,EV(call)=INR1218 [P(RPC)=97.45% x 5% x INR250900 x 10% - INR5],2.0,0.0,0.0,158.0,250900.0,train
AC000749,PH002243,0,1,0.2888963585434174,Fair,2,Call,357.42048179271717,EV(call)=INR357 [P(RPC)=28.89% x 5% x INR250900 x 10% - INR5],-1.0,-1.0,-1.0,-1.0,250900.0,train
AC000749,PH002244,4,3,0.07136253650396328,Poor,3,Call,84.52430204422194,EV(call)=INR85 [P(RPC)=7.14% x 5% x INR250900 x 10% - INR5],-1.0,-1.0,-1.0,-1.0,250900.0,train
AC000749,PH000578,2,2,0.029209150326797384,Poor,4,Call,31.642879084967326,EV(call)=INR32 [P(RPC)=2.92% x 5% x INR250900 x 10% - INR5],8.0,0.0,0.0,46.5,250900.0,train
AC000750,PH002245,3,0,0.8491204481792716,Excellent,1,Call,356.3007507002801,EV(call)=INR356 [P(RPC)=84.91% x 5% x INR85100 x 10% - INR5],11.0,0.0,0.0,10.636363636363637,85100.0,validation
AC000750,PH002246,4,1,0.43770588235294117,Good,2,Call,181.24385294117647,EV(call)=INR181 [P(RPC)=43.77% x 5% x INR85100 x 10% - INR5],13.0,1.0,0.0,29.692307692307693,85100.0,validation
AC000751,PH002247,3,0,0.9745437518290897,Excellent,1,Call,155.79971905179983,EV(call)=INR156 [P(RPC)=97.45% x 5% x INR33000 x 10% - INR5],18.0,0.0,0.0,40.833333333333336,33000.0,train
AC000751,PH002248,4,1,0.008784313725490198,Poor,2,Suppress,-3.550588235294117,"EV(call)=INR-4, EV(visit)=INR-164 — negative economic yield",-1.0,-1.0,-1.0,-1.0,33000.0,train
AC000752,PH002249,3,0,0.9745437518290897,Excellent,1,Call,728.8314451273046,EV(call)=INR729 [P(RPC)=97.45% x 5% x INR150600 x 10% - INR5],18.0,0.0,0.0,9.722222222222221,150600.0,train
AC000752,PH000324,2,1,0.9745437518290897,Excellent,2,Call,728.8314451273046,EV(call)=INR729 [P(RPC)=97.45% x 5% x INR150600 x 10% - INR5],19.0,2.0,0.0,47.68421052631579,150600.0,train
AC000752,PH002250,4,2,0.43770588235294117,Good,3,Call,324.5925294117647,EV(call)=INR325 [P(RPC)=43.77% x 5% x INR150600 x 10% - INR5],2.0,0.0,0.0,10.0,150600.0,train
AC000753,PH002251,3,0,0.9424911297852473,Excellent,1,Call,1158.9765452847803,EV(call)=INR1159 [P(RPC)=94.25% x 5% x INR247000 x 10% - INR5],3.0,0.0,0.0,15.0,247000.0,train
AC000753,PH002252,1,1,0.029209150326797384,Poor,2,Call,31.07330065359477,EV(call)=INR31 [P(RPC)=2.92% x 5% x INR247000 x 10% - INR5],-1.0,-1.0,-1.0,-1.0,247000.0,train
AC000753,PH000536,2,2,0.029209150326797384,Poor,3,Call,31.07330065359477,EV(call)=INR31 [P(RPC)=2.92% x 5% x INR247000 x 10% - INR5],-1.0,-1.0,-1.0,-1.0,247000.0,train
AC000754,PH002253,3,0,0.9891764705882353,Excellent,1,Call,217.564705882353,EV(call)=INR218 [P(RPC)=98.92% x 5% x INR45000 x 10% - INR5],30.0,0.0,0.0,33.3,45000.0,validation
AC000754,PH002254,0,1,0.008784313725490198,Poor,2,Suppress,-3.0235294117647054,"EV(call)=INR-3, EV(visit)=INR-151 — negative economic yield",-1.0,-1.0,-1.0,-1.0,45000.0,validation
AC000754,PH002255,1,2,0.008784313725490198,Poor,3,Suppress,-3.0235294117647054,"EV(call)=INR-3, EV(visit)=INR-151 — negative economic yield",-1.0,-1.0,-1.0,-1.0,45000.0,validation
AC000754,PH002256,4,3,0.008784313725490198,Poor,4,Suppress,-3.0235294117647054,"EV(call)=INR-3, EV(visit)=INR-151 — negative economic yield",-1.0,-1.0,-1.0,-1.0,45000.0,validation
AC000755,PH002257,3,0,0.9891764705882353,Excellent,1,Call,1471.3458823529415,EV(call)=INR1471 [P(RPC)=98.92% x 5% x INR298500 x 10% - INR5],42.0,0.0,1.0,83.92857142857143,298500.0,test
AC000755,PH002258,4,1,0.029643721318314557,Poor,2,Call,39.24325406758448,EV(call)=INR39 [P(RPC)=2.96% x 5% x INR298500 x 10% - INR5],-1.0,-1.0,-1.0,-1.0,298500.0,test
AC000756,PH002259,3,0,0.9891764705882353,Excellent,1,Call,1771.0663529411768,EV(call)=INR1771 [P(RPC)=98.92% x 5% x INR359100 x 10% - INR5],31.0,0.0,0.0,31.483870967741936,359100.0,train
AC000757,PH002260,3,0,0.9424911297852473,Excellent,1,Call,430.4309019607843,EV(call)=INR430 [P(RPC)=94.25% x 5% x INR92400 x 10% - INR5],3.0,0.0,0.0,13.666666666666666,92400.0,test
AC000758,PH002261,3,0,0.9745437518290897,Excellent,1,Call,304.17400526777874,EV(call)=INR304 [P(RPC)=97.45% x 5% x INR63450 x 10% - INR5],17.0,0.0,0.0,40.0,63450.0,train
AC000758,PH002262,4,1,0.8257777777777777,Excellent,2,Call,256.978,EV(call)=INR257 [P(RPC)=82.58% x 5% x INR63450 x 10% - INR5],5.0,0.0,0.0,21.8,63450.0,train
AC000759,PH002263,3,0,0.9745437518290897,Excellent,1,Call,606.0389323968393,EV(call)=INR606 [P(RPC)=97.45% x 5% x INR125400 x 10% - INR5],5.0,0.0,0.0,61.4,125400.0,test
AC000759,PH002264,0,1,0.029209150326797384,Poor,2,Call,13.314137254901961,EV(call)=INR13 [P(RPC)=2.92% x 5% x INR125400 x 10% - INR5],-1.0,-1.0,-1.0,-1.0,125400.0,test
AC000759,PH002265,1,2,0.008784313725490198,Poor,3,Call,0.5077647058823542,EV(call)=INR1 [P(RPC)=0.88% x 5% x INR125400 x 10% - INR5],-1.0,-1.0,-1.0,-1.0,125400.0,test
AC000760,PH002266,3,0,0.9891764705882353,Excellent,1,Call,1018.7976470588237,EV(call)=INR1019 [P(RPC)=98.92% x 5% x INR207000 x 10% - INR5],31.0,1.0,0.0,19.322580645161292,207000.0,validation
AC000760,PH002267,1,1,0.029643721318314557,Poor,2,Call,25.681251564455568,EV(call)=INR26 [P(RPC)=2.96% x 5% x INR207000 x 10% - INR5],6.0,2.0,0.0,4.0,207000.0,validation
AC000761,PH002268,3,0,0.9745437518290897,Excellent,1,Call,4999.282165642377,EV(call)=INR4999 [P(RPC)=97.45% x 5% x INR1027000 x 10% - INR5],13.0,0.0,0.0,16.53846153846154,1027000.0,train
AC000762,PH002269,3,0,0.9745437518290897,Excellent,1,Call,453.2791992976295,EV(call)=INR453 [P(RPC)=97.45% x 5% x INR94050 x 10% - INR5],15.0,0.0,0.0,10.733333333333333,94050.0,train
AC000762,PH002270,0,1,0.9424911297852473,Excellent,2,Call,438.2064537815126,EV(call)=INR438 [P(RPC)=94.25% x 5% x INR94050 x 10% - INR5],2.0,0.0,0.0,48.0,94050.0,train
AC000762,PH002271,4,2,0.008784313725490198,Poor,3,Suppress,-0.8691764705882337,"EV(call)=INR-1, EV(visit)=INR-98 — negative economic yield",-1.0,-1.0,-1.0,-1.0,94050.0,train
AC000763,PH002273,0,1,0.9745437518290897,Excellent,1,Call,1022.6563863037752,EV(call)=INR1023 [P(RPC)=97.45% x 5% x INR210900 x 10% - INR5],14.0,1.0,0.0,30.285714285714285,210900.0,train
AC000763,PH002272,3,0,0.008784313725490198,Poor,2,Call,4.2630588235294145,EV(call)=INR4 [P(RPC)=0.88% x 5% x INR210900 x 10% - INR5],14.0,0.0,2.0,0.0,210900.0,train
AC000764,PH002274,3,0,0.9424911297852473,Excellent,1,Call,892.0159327731092,EV(call)=INR892 [P(RPC)=94.25% x 5% x INR190350 x 10% - INR5],3.0,0.0,0.0,14.0,190350.0,validation
AC000764,PH002275,4,1,0.008784313725490198,Poor,2,Call,3.3604705882352963,EV(call)=INR3 [P(RPC)=0.88% x 5% x INR190350 x 10% - INR5],-1.0,-1.0,-1.0,-1.0,190350.0,validation
AC000765,PH002276,3,0,0.008784313725490198,Poor,1,Suppress,-1.9254901960784307,"EV(call)=INR-2, EV(visit)=INR-124 — negative economic yield",6.0,2.0,0.0,2.6666666666666665,70000.0,train
AC000766,PH002277,3,0,0.9891764705882353,Excellent,1,Call,208.66211764705886,EV(call)=INR209 [P(RPC)=98.92% x 5% x INR43200 x 10% - INR5],36.0,0.0,0.0,18.083333333333332,43200.0,train
AC000767,PH002279,1,1,0.8257777777777777,Excellent,1,Call,1994.2080000000003,EV(call)=INR1994 [P(RPC)=82.58% x 5% x INR484200 x 10% - INR5],1.0,0.0,0.0,32.0,484200.0,validation
AC000767,PH002278,3,0,0.029209150326797384,Poor,2,Call,65.71535294117648,EV(call)=INR66 [P(RPC)=2.92% x 5% x INR484200 x 10% - INR5],8.0,0.0,0.0,0.0,484200.0,validation
AC000767,PH002280,4,2,0.008784313725490198,Poor,3,Call,16.26682352941177,EV(call)=INR16 [P(RPC)=0.88% x 5% x INR484200 x 10% - INR5],-1.0,-1.0,-1.0,-1.0,484200.0,validation
AC000768,PH002281,3,0,0.9745437518290897,Excellent,1,Call,180.16331284752707,EV(call)=INR180 [P(RPC)=97.45% x 5% x INR38000 x 10% - INR5],20.0,0.0,0.0,44.6,38000.0,validation
AC000769,PH002283,1,1,0.9424911297852473,Excellent,1,Call,482.7391596638655,EV(call)=INR483 [P(RPC)=94.25% x 5% x INR103500 x 10% - INR5],12.0,0.0,0.0,16.916666666666668,103500.0,train
AC000769,PH002284,4,2,0.029643721318314557,Poor,2,Call,10.340625782227784,EV(call)=INR10 [P(RPC)=2.96% x 5% x INR103500 x 10% - INR5],-1.0,-1.0,-1.0,-1.0,103500.0,train
AC000769,PH002282,3,0,0.008784313725490198,Poor,3,Suppress,-0.4541176470588226,"EV(call)=INR-0, EV(visit)=INR-88 — negative economic yield",8.0,0.0,6.0,0.0,103500.0,train
AC000770,PH002285,3,0,0.9745437518290897,Excellent,1,Call,2170.668925958443,EV(call)=INR2171 [P(RPC)=97.45% x 5% x INR446500 x 10% - INR5],15.0,0.0,1.0,40.13333333333333,446500.0,train
AC000770,PH002286,0,1,0.029209150326797384,Poor,2,Call,60.20942810457517,EV(call)=INR60 [P(RPC)=2.92% x 5% x INR446500 x 10% - INR5],-1.0,-1.0,-1.0,-1.0,446500.0,train
AC000770,PH000318,2,2,0.008784313725490198,Poor,3,Call,14.610980392156868,EV(call)=INR15 [P(RPC)=0.88% x 5% x INR446500 x 10% - INR5],-1.0,-1.0,-1.0,-1.0,446500.0,train
AC000771,PH002288,0,1,0.2888963585434174,Fair,1,Call,135.40363025210087,EV(call)=INR135 [P(RPC)=28.89% x 5% x INR97200 x 10% - INR5],8.0,0.0,0.0,15.5,97200.0,validation
AC000771,PH002290,4,3,0.2888963585434174,Fair,2,Call,135.40363025210087,EV(call)=INR135 [P(RPC)=28.89% x 5% x INR97200 x 10% - INR5],8.0,0.0,0.0,28.5,97200.0,validation
AC000771,PH002289,1,2,0.07136253650396328,Poor,3,Call,29.682192740926155,EV(call)=INR30 [P(RPC)=7.14% x 5% x INR97200 x 10% - INR5],6.0,2.0,0.0,9.0,97200.0,validation
AC000771,PH002287,3,0,0.008784313725490198,Poor,4,Suppress,-0.7308235294117633,"EV(call)=INR-1, EV(visit)=INR-95 — negative economic yield",8.0,0.0,3.0,0.0,97200.0,validation
AC000772,PH002291,3,0,0.9424911297852473,Excellent,1,Call,228.03093183940243,EV(call)=INR228 [P(RPC)=94.25% x 5% x INR49450 x 10% - INR5],6.0,0.0,0.0,22.333333333333332,49450.0,train
AC000772,PH002292,0,1,0.029643721318314557,Poor,2,Call,2.329410095953275,EV(call)=INR2 [P(RPC)=2.96% x 5% x INR49450 x 10% - INR5],-1.0,-1.0,-1.0,-1.0,49450.0,train
AC000772,PH002293,4,2,0.008784313725490198,Poor,3,Suppress,-2.8280784313725484,"EV(call)=INR-3, EV(visit)=INR-147 — negative economic yield",-1.0,-1.0,-1.0,-1.0,49450.0,train
AC000773,PH002294,3,0,0.9745437518290897,Excellent,1,Call,2582.900932982148,EV(call)=INR2583 [P(RPC)=97.45% x 5% x INR531100 x 10% - INR5],29.0,1.0,0.0,5.655172413793103,531100.0,train
AC000773,PH002295,4,1,0.10069607843137254,Poor,2,Call,262.39843627450983,EV(call)=INR262 [P(RPC)=10.07% x 5% x INR531100 x 10% - INR5],18.0,1.0,0.0,37.05555555555556,531100.0,train
AC000774,PH002296,3,0,0.9891764705882353,Excellent,1,Call,1310.6047058823533,EV(call)=INR1311 [P(RPC)=98.92% x 5% x INR266000 x 10% - INR5],32.0,1.0,0.0,33.53125,266000.0,train
AC000775,PH002297,3,0,0.7440784313725489,Excellent,1,Call,632.8612352941176,EV(call)=INR633 [P(RPC)=74.41% x 5% x INR171450 x 10% - INR5],10.0,0.0,0.0,14.4,171450.0,train
AC000775,PH002298,0,1,0.008784313725490198,Poor,2,Call,2.5303529411764716,EV(call)=INR3 [P(RPC)=0.88% x 5% x INR171450 x 10% - INR5],8.0,0.0,8.0,0.0,171450.0,train
AC000776,PH002300,0,1,0.9891764705882353,Excellent,1,Call,1006.1856470588236,EV(call)=INR1006 [P(RPC)=98.92% x 5% x INR204450 x 10% - INR5],31.0,0.0,0.0,53.29032258064516,204450.0,train
AC000776,PH002299,3,0,0.008784313725490198,Poor,2,Call,3.9797647058823546,EV(call)=INR4 [P(RPC)=0.88% x 5% x INR204450 x 10% - INR5],8.0,0.0,1.0,0.0,204450.0,train
AC000777,PH002301,3,0,0.9745437518290897,Excellent,1,Call,378.7266022827041,EV(call)=INR379 [P(RPC)=97.45% x 5% x INR78750 x 10% - INR5],10.0,0.0,7.0,33.1,78750.0,train
AC000777,PH000424,2,1,0.10069607843137254,Poor,2,Call,34.64908088235295,EV(call)=INR35 [P(RPC)=10.07% x 5% x INR78750 x 10% - INR5],4.0,1.0,0.0,36.5,78750.0,train
AC000777,PH002302,4,2,0.10069607843137254,Poor,3,Call,34.64908088235295,EV(call)=INR35 [P(RPC)=10.07% x 5% x INR78750 x 10% - INR5],8.0,1.0,0.0,50.875,78750.0,train
AC000778,PH002303,3,0,0.8911372549019607,Excellent,1,Call,462.8470588235295,EV(call)=INR463 [P(RPC)=89.11% x 5% x INR105000 x 10% - INR5],7.0,0.0,0.0,7.571428571428571,105000.0,test
AC000778,PH002304,1,1,0.008784313725490198,Poor,2,Suppress,-0.38823529411764657,"EV(call)=INR-0, EV(visit)=INR-87 — negative economic yield",-1.0,-1.0,-1.0,-1.0,105000.0,test
AC000778,PH002305,4,2,0.008784313725490198,Poor,3,Suppress,-0.38823529411764657,"EV(call)=INR-0, EV(visit)=INR-87 — negative economic yield",-1.0,-1.0,-1.0,-1.0,105000.0,test
AC000779,PH002306,3,0,0.8257777777777777,Excellent,1,Call,1957.048,EV(call)=INR1957 [P(RPC)=82.58% x 5% x INR475200 x 10% - INR5],2.0,0.0,0.0,24.0,475200.0,test
AC000780,PH002307,3,0,0.07136253650396328,Poor,1,Call,117.458112640801,EV(call)=INR117 [P(RPC)=7.14% x 5% x INR343200 x 10% - INR5],2.0,0.0,0.0,0.0,343200.0,validation
AC000780,PH002308,0,1,0.008784313725490198,Poor,2,Call,10.073882352941181,EV(call)=INR10 [P(RPC)=0.88% x 5% x INR343200 x 10% - INR5],-1.0,-1.0,-1.0,-1.0,343200.0,validation
AC000780,PH000531,2,2,0.008784313725490198,Poor,3,Call,10.073882352941181,EV(call)=INR10 [P(RPC)=0.88% x 5% x INR343200 x 10% - INR5],-1.0,-1.0,-1.0,-1.0,343200.0,validation
AC000781,PH002309,3,0,0.9745437518290897,Excellent,1,Call,923.9838314310799,EV(call)=INR924 [P(RPC)=97.45% x 5% x INR190650 x 10% - INR5],37.0,0.0,0.0,1.7567567567567568,190650.0,test
AC000782,PH002310,3,0,0.9891764705882353,Excellent,1,Call,289.28000000000003,EV(call)=INR289 [P(RPC)=98.92% x 5% x INR59500 x 10% - INR5],7.0,0.0,0.0,90.0,59500.0,validation
AC000783,PH005916,5,3,0.9745437518290897,Excellent,1,Call,112.18888615744805,EV(call)=INR112 [P(RPC)=97.45% x 5% x INR24050 x 10% - INR5],7.0,0.0,0.0,111.0,24050.0,test
AC000783,PH002311,3,0,0.8911372549019607,Excellent,2,Call,102.15925490196081,EV(call)=INR102 [P(RPC)=89.11% x 5% x INR24050 x 10% - INR5],18.0,1.0,0.0,57.888888888888886,24050.0,test
AC000783,PH002312,0,1,0.008784313725490198,Poor,3,Suppress,-3.943686274509804,"EV(call)=INR-4, EV(visit)=INR-174 — negative economic yield",2.0,2.0,0.0,29.5,24050.0,test
AC000783,PH002313,4,2,0.008784313725490198,Poor,4,Suppress,-3.943686274509804,"EV(call)=INR-4, EV(visit)=INR-174 — negative economic yield",5.0,0.0,0.0,0.0,24050.0,test
AC000784,PH002314,3,0,0.9745437518290897,Excellent,1,Call,900.8384173251391,EV(call)=INR901 [P(RPC)=97.45% x 5% x INR185900 x 10% - INR5],15.0,0.0,0.0,45.333333333333336,185900.0,validation
AC000784,PH002315,0,1,0.008784313725490198,Poor,2,Call,3.1650196078431403,EV(call)=INR3 [P(RPC)=0.88% x 5% x INR185900 x 10% - INR5],-1.0,-1.0,-1.0,-1.0,185900.0,validation
AC000784,PH002316,1,2,0.008784313725490198,Poor,3,Call,3.1650196078431403,EV(call)=INR3 [P(RPC)=0.88% x 5% x INR185900 x 10% - INR5],-1.0,-1.0,-1.0,-1.0,185900.0,validation
AC000785,PH002317,3,0,0.8257777777777777,Excellent,1,Call,255.12,EV(call)=INR255 [P(RPC)=82.58% x 5% x INR63000 x 10% - INR5],10.0,0.0,0.0,13.8,63000.0,test
AC000785,PH002318,0,1,0.008784313725490198,Poor,2,Suppress,-2.2329411764705878,"EV(call)=INR-2, EV(visit)=INR-132 — negative economic yield",-1.0,-1.0,-1.0,-1.0,63000.0,test
AC000786,PH002320,0,1,0.8491204481792716,Excellent,1,Call,857.4940952380953,EV(call)=INR857 [P(RPC)=84.91% x 5% x INR203150 x 10% - INR5],11.0,1.0,0.0,5.363636363636363,203150.0,validation
AC000786,PH000339,2,2,0.07136253650396328,Poor,2,Call,67.4864964539007,EV(call)=INR67 [P(RPC)=7.14% x 5% x INR203150 x 10% - INR5],6.0,0.0,0.0,49.166666666666664,203150.0,validation
AC000786,PH002319,3,0,0.008784313725490198,Poor,3,Call,3.92266666666667,EV(call)=INR4 [P(RPC)=0.88% x 5% x INR203150 x 10% - INR5],8.0,0.0,0.0,0.0,203150.0,validation
AC000786,PH002321,4,3,0.008784313725490198,Poor,4,Call,3.92266666666667,EV(call)=INR4 [P(RPC)=0.88% x 5% x INR203150 x 10% - INR5],-1.0,-1.0,-1.0,-1.0,203150.0,validation
AC000787,PH002322,3,0,0.9745437518290897,Excellent,1,Call,213.2978004097161,EV(call)=INR213 [P(RPC)=97.45% x 5% x INR44800 x 10% - INR5],26.0,0.0,0.0,6.730769230769231,44800.0,train
AC000787,PH002323,4,1,0.10069607843137254,Poor,2,Call,17.555921568627454,EV(call)=INR18 [P(RPC)=10.07% x 5% x INR44800 x 10% - INR5],12.0,0.0,0.0,59.916666666666664,44800.0,train
AC000788,PH002324,3,0,0.9891764705882353,Excellent,1,Call,1826.460235294118,EV(call)=INR1826 [P(RPC)=98.92% x 5% x INR370300 x 10% - INR5],26.0,0.0,1.0,20.23076923076923,370300.0,train
AC000789,PH002325,3,0,0.9745437518290897,Excellent,1,Call,3051.6564776119403,EV(call)=INR3052 [P(RPC)=97.45% x 5% x INR627300 x 10% - INR5],21.0,0.0,4.0,68.19047619047619,627300.0,train
AC000789,PH002326,1,1,0.029209150326797384,Poor,2,Call,86.61450000000002,EV(call)=INR87 [P(RPC)=2.92% x 5% x INR627300 x 10% - INR5],-1.0,-1.0,-1.0,-1.0,627300.0,train
AC000789,PH002327,4,2,0.008784313725490198,Poor,3,Call,22.552000000000007,EV(call)=INR23 [P(RPC)=0.88% x 5% x INR627300 x 10% - INR5],-1.0,-1.0,-1.0,-1.0,627300.0,train
AC000790,PH002328,3,0,0.9891764705882353,Excellent,1,Call,275.43152941176476,EV(call)=INR275 [P(RPC)=98.92% x 5% x INR56700 x 10% - INR5],25.0,0.0,0.0,35.04,56700.0,train
AC000790,PH000508,2,1,0.008784313725490198,Poor,2,Suppress,-2.5096470588235285,"EV(call)=INR-3, EV(visit)=INR-139 — negative economic yield",-1.0,-1.0,-1.0,-1.0,56700.0,train
AC000790,PH002329,4,2,0.008784313725490198,Poor,3,Suppress,-2.5096470588235285,Compliance: Verified third-party — contact strictly prohibited,-1.0,-1.0,-1.0,-1.0,56700.0,train
AC000791,PH002330,3,0,0.9891764705882353,Excellent,1,Call,482.66400000000004,EV(call)=INR483 [P(RPC)=98.92% x 5% x INR98600 x 10% - INR5],34.0,0.0,0.0,56.705882352941174,98600.0,train
AC000791,PH000411,2,1,0.029643721318314557,Poor,2,Call,9.614354609929078,EV(call)=INR10 [P(RPC)=2.96% x 5% x INR98600 x 10% - INR5],5.0,1.0,0.0,47.0,98600.0,train
AC000791,PH002331,4,2,0.008784313725490198,Poor,3,Suppress,-0.6693333333333324,"EV(call)=INR-1, EV(visit)=INR-94 — negative economic yield",-1.0,-1.0,-1.0,-1.0,98600.0,train
AC000792,PH002332,3,0,0.9745437518290897,Excellent,1,Call,486.1700509218613,EV(call)=INR486 [P(RPC)=97.45% x 5% x INR100800 x 10% - INR5],15.0,0.0,0.0,36.0,100800.0,validation
AC000792,PH002333,1,1,0.029209150326797384,Poor,2,Call,9.721411764705884,EV(call)=INR10 [P(RPC)=2.92% x 5% x INR100800 x 10% - INR5],-1.0,-1.0,-1.0,-1.0,100800.0,validation
AC000792,PH002334,4,2,0.029209150326797384,Poor,3,Call,9.721411764705884,EV(call)=INR10 [P(RPC)=2.92% x 5% x INR100800 x 10% - INR5],-1.0,-1.0,-1.0,-1.0,100800.0,validation
AC000793,PH002336,4,2,0.8911372549019607,Excellent,1,Call,1552.0395686274512,EV(call)=INR1552 [P(RPC)=89.11% x 5% x INR349450 x 10% - INR5],15.0,1.0,0.0,58.4,349450.0,train
AC000793,PH000310,2,1,0.7440784313725489,Excellent,2,Call,1295.0910392156861,EV(call)=INR1295 [P(RPC)=74.41% x 5% x INR349450 x 10% - INR5],12.0,0.0,0.0,68.66666666666667,349450.0,train
AC000793,PH002335,3,0,0.008784313725490198,Poor,3,Call,10.34839215686275,EV(call)=INR10 [P(RPC)=0.88% x 5% x INR349450 x 10% - INR5],9.0,0.0,3.0,0.0,349450.0,train
AC000794,PH002337,3,0,0.9891764705882353,Excellent,1,Call,137.4414117647059,EV(call)=INR137 [P(RPC)=98.92% x 5% x INR28800 x 10% - INR5],23.0,0.0,0.0,34.08695652173913,28800.0,train
AC000794,PH002338,1,1,0.008784313725490198,Poor,2,Suppress,-3.7350588235294113,"EV(call)=INR-4, EV(visit)=INR-169 — negative economic yield",-1.0,-1.0,-1.0,-1.0,28800.0,train
AC000795,PH002339,3,0,0.9424911297852473,Excellent,1,Call,1220.7097142857142,EV(call)=INR1221 [P(RPC)=94.25% x 5% x INR260100 x 10% - INR5],4.0,0.0,0.0,7.25,260100.0,train
AC000796,PH002340,3,0,0.07136253650396328,Poor,1,Call,68.03955611180642,EV(call)=INR68 [P(RPC)=7.14% x 5% x INR204700 x 10% - INR5],12.0,2.0,0.0,4.166666666666667,204700.0,test
AC000796,PH005898,5,2,0.029643721318314557,Poor,2,Call,25.340348769294952,EV(call)=INR25 [P(RPC)=2.96% x 5% x INR204700 x 10% - INR5],8.0,0.0,0.0,0.0,204700.0,test
AC000796,PH002341,4,1,0.029209150326797384,Poor,3,Call,24.89556535947713,EV(call)=INR25 [P(RPC)=2.92% x 5% x INR204700 x 10% - INR5],8.0,1.0,0.0,77.625,204700.0,test
AC000797,PH002342,3,0,0.9891764705882353,Excellent,1,Call,1917.9590588235296,EV(call)=INR1918 [P(RPC)=98.92% x 5% x INR388800 x 10% - INR5],26.0,0.0,0.0,45.76923076923077,388800.0,train
AC000798,PH002344,1,1,0.9891764705882353,Excellent,1,Call,5539.086823529413,EV(call)=INR5539 [P(RPC)=98.92% x 5% x INR1120950 x 10% - INR5],21.0,0.0,0.0,15.238095238095237,1120950.0,test
AC000798,PH002343,3,0,0.10069607843137254,Poor,2,Call,559.3763455882354,EV(call)=INR559 [P(RPC)=10.07% x 5% x INR1120950 x 10% - INR5],10.0,2.0,0.0,6.2,1120950.0,test
AC000799,PH002345,3,0,0.9891764705882353,Excellent,1,Call,242.5414117647059,EV(call)=INR243 [P(RPC)=98.92% x 5% x INR50050 x 10% - INR5],36.0,1.0,0.0,15.666666666666666,50050.0,test
AC000800,PH002346,3,0,0.008784313725490198,Poor,1,Call,7.570352941176473,EV(call)=INR8 [P(RPC)=0.88% x 5% x INR286200 x 10% - INR5],2.0,0.0,0.0,0.0,286200.0,validation
AC000801,PH002349,1,2,0.9891764705882353,Excellent,1,Call,377.5640000000001,EV(call)=INR378 [P(RPC)=98.92% x 5% x INR77350 x 10% - INR5],16.0,0.0,0.0,32.625,77350.0,train
AC000801,PH002348,0,1,0.029643721318314557,Poor,2,Call,6.464709219858156,EV(call)=INR6 [P(RPC)=2.96% x 5% x INR77350 x 10% - INR5],8.0,1.0,0.0,0.625,77350.0,train
AC000801,PH000431,2,3,0.029209150326797384,Poor,3,Call,6.296638888888891,EV(call)=INR6 [P(RPC)=2.92% x 5% x INR77350 x 10% - INR5],-1.0,-1.0,-1.0,-1.0,77350.0,train
AC000801,PH002350,4,4,0.029209150326797384,Poor,4,Call,6.296638888888891,EV(call)=INR6 [P(RPC)=2.92% x 5% x INR77350 x 10% - INR5],-1.0,-1.0,-1.0,-1.0,77350.0,train
AC000801,PH002347,3,0,0.008784313725490198,Poor,5,Suppress,-1.6026666666666656,"EV(call)=INR-2, EV(visit)=INR-116 — negative economic yield",8.0,0.0,0.0,0.0,77350.0,train
AC000802,PH002351,3,0,0.9891764705882353,Excellent,1,Call,329.58894117647066,EV(call)=INR330 [P(RPC)=98.92% x 5% x INR67650 x 10% - INR5],26.0,0.0,0.0,40.46153846153846,67650.0,train
AC000802,PH002353,4,2,0.7440784313725489,Excellent,2,Call,246.68452941176466,EV(call)=INR247 [P(RPC)=74.41% x 5% x INR67650 x 10% - INR5],3.0,1.0,0.0,65.33333333333333,67650.0,train
AC000802,PH002352,1,1,0.07136253650396328,Poor,3,Call,19.13837797246558,EV(call)=INR19 [P(RPC)=7.14% x 5% x INR67650 x 10% - INR5],5.0,2.0,0.0,11.0,67650.0,train
AC000803,PH002354,3,0,0.2888963585434174,Fair,1,Call,117.49205602240897,EV(call)=INR117 [P(RPC)=28.89% x 5% x INR84800 x 10% - INR5],14.0,2.0,0.0,27.214285714285715,84800.0,train
AC000804,PH002356,0,1,0.9891764705882353,Excellent,1,Call,2222.8727058823533,EV(call)=INR2223 [P(RPC)=98.92% x 5% x INR450450 x 10% - INR5],10.0,0.0,0.0,95.0,450450.0,train
AC000804,PH002355,3,0,0.9745437518290897,Excellent,2,Call,2189.9161650570672,EV(call)=INR2190 [P(RPC)=97.45% x 5% x INR450450 x 10% - INR5],11.0,0.0,0.0,44.45454545454545,450450.0,train
AC000805,PH002357,3,0,0.9891764705882353,Excellent,1,Call,333.2983529411765,EV(call)=INR333 [P(RPC)=98.92% x 5% x INR68400 x 10% - INR5],26.0,0.0,0.0,9.961538461538462,68400.0,train
AC000805,PH002358,1,1,0.9745437518290897,Excellent,2,Call,328.2939631255487,EV(call)=INR328 [P(RPC)=97.45% x 5% x INR68400 x 10% - INR5],15.0,0.0,0.0,24.133333333333333,68400.0,train
AC000806,PH002359,3,0,0.9745437518290897,Excellent,1,Call,913.9947579748316,EV(call)=INR914 [P(RPC)=97.45% x 5% x INR188600 x 10% - INR5],8.0,0.0,0.0,40.875,188600.0,train
AC000806,PH002360,0,1,0.07136253650396328,Poor,2,Call,62.29487192323738,EV(call)=INR62 [P(RPC)=7.14% x 5% x INR188600 x 10% - INR5],-1.0,-1.0,-1.0,-1.0,188600.0,train
AC000807,PH002361,3,0,0.8911372549019607,Excellent,1,Call,194.83752941176473,EV(call)=INR195 [P(RPC)=89.11% x 5% x INR44850 x 10% - INR5],3.0,0.0,0.0,11.0,44850.0,train
AC000808,PH002362,3,0,0.9745437518290897,Excellent,1,Call,1754.5387439274216,EV(call)=INR1755 [P(RPC)=97.45% x 5% x INR361100 x 10% - INR5],17.0,0.0,2.0,44.23529411764706,361100.0,train
AC000808,PH002363,1,1,0.008784313725490198,Poor,2,Suppress,10.860078431372552,Compliance: Verified invalid/wrong phone number,5.0,0.0,5.0,0.0,361100.0,train
AC000808,PH002364,4,2,0.008784313725490198,Poor,3,Call,10.860078431372552,EV(call)=INR11 [P(RPC)=0.88% x 5% x INR361100 x 10% - INR5],-1.0,-1.0,-1.0,-1.0,361100.0,train
AC000809,PH002365,3,0,0.9745437518290897,Excellent,1,Call,392.85748668422593,EV(call)=INR393 [P(RPC)=97.45% x 5% x INR81650 x 10% - INR5],14.0,0.0,0.0,52.42857142857143,81650.0,train
AC000809,PH002366,0,1,0.9424911297852473,Excellent,2,Call,379.7720037348272,EV(call)=INR380 [P(RPC)=94.25% x 5% x INR81650 x 10% - INR5],6.0,0.0,0.0,9.833333333333334,81650.0,train
AC000809,PH002367,1,2,0.029643721318314557,Poor,3,Suppress,7.102049228201919,Compliance: Verified invalid/wrong phone number,-1.0,-1.0,-1.0,-1.0,81650.0,train
AC000809,PH002368,4,3,0.029643721318314557,Poor,4,Call,7.102049228201919,EV(call)=INR7 [P(RPC)=2.96% x 5% x INR81650 x 10% - INR5],-1.0,-1.0,-1.0,-1.0,81650.0,train
AC000810,PH002369,3,0,0.10069607843137254,Poor,1,Call,65.18516666666667,EV(call)=INR65 [P(RPC)=10.07% x 5% x INR139400 x 10% - INR5],12.0,2.0,0.0,6.0,139400.0,train
AC000811,PH002370,3,0,0.9424911297852473,Excellent,1,Call,652.38756302521,EV(call)=INR652 [P(RPC)=94.25% x 5% x INR139500 x 10% - INR5],2.0,0.0,0.0,19.0,139500.0,train
AC000811,PH002371,0,1,0.008784313725490198,Poor,2,Call,1.1270588235294134,EV(call)=INR1 [P(RPC)=0.88% x 5% x INR139500 x 10% - INR5],-1.0,-1.0,-1.0,-1.0,139500.0,train
AC000812,PH002373,1,1,0.43770588235294117,Good,1,Call,336.8482941176471,EV(call)=INR337 [P(RPC)=43.77% x 5% x INR156200 x 10% - INR5],7.0,2.0,0.0,11.142857142857142,156200.0,train
AC000812,PH002372,3,0,0.008784313725490198,Poor,2,Call,1.860549019607845,EV(call)=INR2 [P(RPC)=0.88% x 5% x INR156200 x 10% - INR5],24.0,0.0,19.0,0.0,156200.0,train
AC000813,PH002374,3,0,0.9891764705882353,Excellent,1,Call,45.20070588235295,EV(call)=INR45 [P(RPC)=98.92% x 5% x INR10150 x 10% - INR5],2.0,0.0,0.0,81.5,10150.0,train
AC000813,PH002375,0,1,0.008784313725490198,Poor,2,Suppress,-4.554196078431373,"EV(call)=INR-5, EV(visit)=INR-189 — negative economic yield",-1.0,-1.0,-1.0,-1.0,10150.0,train
AC000814,PH000295,2,1,0.9424911297852473,Excellent,1,Call,628.8252847805788,EV(call)=INR629 [P(RPC)=94.25% x 5% x INR134500 x 10% - INR5],22.0,0.0,0.0,39.95454545454545,134500.0,validation
AC000814,PH002376,3,0,0.07136253650396328,Poor,2,Call,42.991305798915306,EV(call)=INR43 [P(RPC)=7.14% x 5% x INR134500 x 10% - INR5],8.0,1.0,0.0,2.0,134500.0,validation
AC000814,PH002377,4,2,0.008784313725490198,Poor,3,Call,0.9074509803921584,EV(call)=INR1 [P(RPC)=0.88% x 5% x INR134500 x 10% - INR5],-1.0,-1.0,-1.0,-1.0,134500.0,validation
AC000815,PH002379,4,1,0.10069607843137254,Poor,1,Call,79.53435784313727,EV(call)=INR80 [P(RPC)=10.07% x 5% x INR167900 x 10% - INR5],10.0,0.0,0.0,13.5,167900.0,train
AC000815,PH002378,3,0,0.029643721318314557,Poor,2,Call,19.885904046725074,EV(call)=INR20 [P(RPC)=2.96% x 5% x INR167900 x 10% - INR5],16.0,0.0,0.0,0.0,167900.0,train
AC000816,PH002380,3,0,0.9745437518290897,Excellent,1,Call,8999.78426690079,EV(call)=INR9000 [P(RPC)=97.45% x 5% x INR1848000 x 10% - INR5],30.0,1.0,0.0,14.4,1848000.0,train
AC000817,PH002381,3,0,0.2888963585434174,Fair,1,Call,96.83596638655463,EV(call)=INR97 [P(RPC)=28.89% x 5% x INR70500 x 10% - INR5],8.0,0.0,0.0,25.875,70500.0,validation
AC000817,PH002382,0,1,0.029643721318314557,Poor,2,Call,5.449411764705882,EV(call)=INR5 [P(RPC)=2.96% x 5% x INR70500 x 10% - INR5],-1.0,-1.0,-1.0,-1.0,70500.0,validation
AC000817,PH002383,4,2,0.008784313725490198,Poor,3,Suppress,-1.9035294117647048,"EV(call)=INR-2, EV(visit)=INR-124 — negative economic yield",-1.0,-1.0,-1.0,-1.0,70500.0,validation
AC000818,PH002384,3,0,0.9891764705882353,Excellent,1,Call,843.713411764706,EV(call)=INR844 [P(RPC)=98.92% x 5% x INR171600 x 10% - INR5],31.0,0.0,0.0,39.806451612903224,171600.0,train
AC000818,PH002385,0,1,0.029209150326797384,Poor,2,Call,20.06145098039216,EV(call)=INR20 [P(RPC)=2.92% x 5% x INR171600 x 10% - INR5],-1.0,-1.0,-1.0,-1.0,171600.0,train
AC000818,PH002386,1,2,0.008784313725490198,Poor,3,Call,2.5369411764705907,EV(call)=INR3 [P(RPC)=0.88% x 5% x INR171600 x 10% - INR5],-1.0,-1.0,-1.0,-1.0,171600.0,train
AC000819,PH002389,4,2,0.6428666685858972,Good,1,Call,332.5050010075961,EV(call)=INR333 [P(RPC)=64.29% x 5% x INR105000 x 10% - INR5],12.0,0.0,0.0,32.0,105000.0,test
AC000819,PH002387,3,0,0.2888963585434174,Fair,2,Call,146.67058823529416,EV(call)=INR147 [P(RPC)=28.89% x 5% x INR105000 x 10% - INR5],8.0,0.0,0.0,14.25,105000.0,test
AC000819,PH002388,1,1,0.008784313725490198,Poor,3,Suppress,-0.38823529411764657,"EV(call)=INR-0, EV(visit)=INR-87 — negative economic yield",8.0,0.0,1.0,0.0,105000.0,test
AC000820,PH002390,3,0,0.10069607843137254,Poor,1,Call,65.99073529411766,EV(call)=INR66 [P(RPC)=10.07% x 5% x INR141000 x 10% - INR5],14.0,1.0,0.0,0.6428571428571429,141000.0,train
AC000820,PH002391,4,1,0.029643721318314557,Poor,2,Call,15.898823529411764,EV(call)=INR16 [P(RPC)=2.96% x 5% x INR141000 x 10% - INR5],8.0,0.0,0.0,14.375,141000.0,train
AC000821,PH002392,3,0,0.9891764705882353,Excellent,1,Call,1139.4771764705883,EV(call)=INR1139 [P(RPC)=98.92% x 5% x INR231400 x 10% - INR5],34.0,2.0,0.0,9.764705882352942,231400.0,train
AC000822,PH002393,3,0,0.9424911297852473,Excellent,1,Call,3981.7374789915957,EV(call)=INR3982 [P(RPC)=94.25% x 5% x INR846000 x 10% - INR5],15.0,0.0,0.0,3.466666666666667,846000.0,validation
AC000822,PH002394,0,1,0.9424911297852473,Excellent,2,Call,3981.7374789915957,EV(call)=INR3982 [P(RPC)=94.25% x 5% x INR846000 x 10% - INR5],6.0,0.0,0.0,7.166666666666667,846000.0,validation
AC000823,PH002395,3,0,0.9891764705882353,Excellent,1,Call,651.8131764705884,EV(call)=INR652 [P(RPC)=98.92% x 5% x INR132800 x 10% - INR5],27.0,0.0,0.0,75.18518518518519,132800.0,train
AC000823,PH002396,4,1,0.029209150326797384,Poor,2,Call,14.394875816993466,EV(call)=INR14 [P(RPC)=2.92% x 5% x INR132800 x 10% - INR5],-1.0,-1.0,-1.0,-1.0,132800.0,train
AC000824,PH002397,3,0,0.9424911297852473,Excellent,1,Call,1171.2289299719887,EV(call)=INR1171 [P(RPC)=94.25% x 5% x INR249600 x 10% - INR5],3.0,0.0,0.0,22.333333333333332,249600.0,train
AC000824,PH002398,0,1,0.029209150326797384,Poor,2,Call,31.45301960784314,EV(call)=INR31 [P(RPC)=2.92% x 5% x INR249600 x 10% - INR5],-1.0,-1.0,-1.0,-1.0,249600.0,train
AC000825,PH002399,3,0,0.9891764705882353,Excellent,1,Call,145.8494117647059,EV(call)=INR146 [P(RPC)=98.92% x 5% x INR30500 x 10% - INR5],7.0,0.0,0.0,82.28571428571429,30500.0,train
AC000825,PH002400,1,1,0.029209150326797384,Poor,2,Suppress,-0.5456045751633987,"EV(call)=INR-1, EV(visit)=INR-167 — negative economic yield",-1.0,-1.0,-1.0,-1.0,30500.0,train
AC000825,PH002401,4,2,0.008784313725490198,Poor,3,Suppress,-3.660392156862745,"EV(call)=INR-4, EV(visit)=INR-167 — negative economic yield",-1.0,-1.0,-1.0,-1.0,30500.0,train
AC000826,PH002402,3,0,0.8491204481792716,Excellent,1,Call,545.230050420168,EV(call)=INR545 [P(RPC)=84.91% x 5% x INR129600 x 10% - INR5],13.0,0.0,0.0,15.307692307692308,129600.0,train
AC000826,PH002403,0,1,0.008784313725490198,Poor,2,Call,0.6922352941176486,EV(call)=INR1 [P(RPC)=0.88% x 5% x INR129600 x 10% - INR5],-1.0,-1.0,-1.0,-1.0,129600.0,train
AC000826,PH002404,4,2,0.008784313725490198,Poor,3,Call,0.6922352941176486,EV(call)=INR1 [P(RPC)=0.88% x 5% x INR129600 x 10% - INR5],-1.0,-1.0,-1.0,-1.0,129600.0,train
AC000827,PH002405,3,0,0.8491204481792716,Excellent,1,Call,708.6857366946779,EV(call)=INR709 [P(RPC)=84.91% x 5% x INR168100 x 10% - INR5],3.0,0.0,0.0,54.666666666666664,168100.0,validation
AC000827,PH002406,0,1,0.029643721318314557,Poor,2,Call,19.915547768043385,EV(call)=INR20 [P(RPC)=2.96% x 5% x INR168100 x 10% - INR5],-1.0,-1.0,-1.0,-1.0,168100.0,validation
AC000827,PH002407,4,2,0.029209150326797384,Poor,3,Call,19.550290849673203,EV(call)=INR20 [P(RPC)=2.92% x 5% x INR168100 x 10% - INR5],-1.0,-1.0,-1.0,-1.0,168100.0,validation
AC000828,PH005847,5,2,0.9745437518290897,Excellent,1,Call,235.71230670178517,EV(call)=INR236 [P(RPC)=97.45% x 5% x INR49400 x 10% - INR5],13.0,0.0,0.0,61.38461538461539,49400.0,test
AC000828,PH002408,3,0,0.2888963585434174,Fair,2,Call,66.3574005602241,EV(call)=INR66 [P(RPC)=28.89% x 5% x INR49400 x 10% - INR5],8.0,0.0,0.0,32.25,49400.0,test
AC000828,PH002409,4,1,0.2888963585434174,Fair,3,Suppress,66.3574005602241,Compliance: Verified third-party — contact strictly prohibited,7.0,0.0,0.0,63.0,49400.0,test
AC000829,PH002410,3,0,0.9745437518290897,Excellent,1,Call,109.9961627158326,EV(call)=INR110 [P(RPC)=97.45% x 5% x INR23600 x 10% - INR5],13.0,0.0,0.0,111.76923076923077,23600.0,train
AC000829,PH002411,0,1,0.029209150326797384,Poor,2,Suppress,-1.5533202614379085,"EV(call)=INR-2, EV(visit)=INR-175 — negative economic yield",-1.0,-1.0,-1.0,-1.0,23600.0,train
AC000829,PH002412,4,3,0.029209150326797384,Poor,3,Suppress,-1.5533202614379085,"EV(call)=INR-2, EV(visit)=INR-175 — negative economic yield",-1.0,-1.0,-1.0,-1.0,23600.0,train
AC000829,PH000332,2,2,0.008784313725490198,Poor,4,Suppress,-3.9634509803921567,"EV(call)=INR-4, EV(visit)=INR-175 — negative economic yield",-1.0,-1.0,-1.0,-1.0,23600.0,train
AC000830,PH002414,4,1,0.8355603990045335,Excellent,1,Call,503.02072259475636,EV(call)=INR503 [P(RPC)=83.56% x 5% x INR121600 x 10% - INR5],14.0,0.0,0.0,43.42857142857143,121600.0,train
AC000830,PH002413,3,0,0.10069607843137254,Poor,2,Call,56.223215686274514,EV(call)=INR56 [P(RPC)=10.07% x 5% x INR121600 x 10% - INR5],11.0,2.0,0.0,58.54545454545455,121600.0,train
AC000831,PH002415,3,0,0.9891764705882353,Excellent,1,Call,1665.4717647058824,EV(call)=INR1665 [P(RPC)=98.92% x 5% x INR337750 x 10% - INR5],3.0,0.0,0.0,136.33333333333334,337750.0,train
AC000831,PH002416,4,1,0.10069607843137254,Poor,2,Call,165.05050245098042,EV(call)=INR165 [P(RPC)=10.07% x 5% x INR337750 x 10% - INR5],3.0,0.0,0.0,37.333333333333336,337750.0,train
AC000832,PH002418,1,1,0.43770588235294117,Good,1,Call,161.32823529411766,EV(call)=INR161 [P(RPC)=43.77% x 5% x INR76000 x 10% - INR5],10.0,2.0,0.0,5.3,76000.0,train
AC000832,PH002417,3,0,0.008784313725490198,Poor,2,Suppress,-1.6619607843137243,"EV(call)=INR-2, EV(visit)=INR-118 — negative economic yield",20.0,0.0,17.0,0.0,76000.0,train
AC000833,PH002420,1,1,0.9745437518290897,Excellent,1,Call,1242.416002341235,EV(call)=INR1242 [P(RPC)=97.45% x 5% x INR256000 x 10% - INR5],20.0,0.0,6.0,25.65,256000.0,test
AC000833,PH005940,5,3,0.10069607843137254,Poor,2,Call,123.89098039215688,EV(call)=INR124 [P(RPC)=10.07% x 5% x INR256000 x 10% - INR5],3.0,0.0,0.0,0.0,256000.0,test
AC000833,PH002419,3,0,0.029643721318314557,Poor,3,Call,32.943963287442635,EV(call)=INR33 [P(RPC)=2.96% x 5% x INR256000 x 10% - INR5],10.0,2.0,0.0,27.8,256000.0,test
AC000833,PH002421,4,2,0.008784313725490198,Poor,4,Call,6.243921568627455,EV(call)=INR6 [P(RPC)=0.88% x 5% x INR256000 x 10% - INR5],2.0,2.0,0.0,57.0,256000.0,test
AC000834,PH002423,1,1,0.9891764705882353,Excellent,1,Call,547.9496470588236,EV(call)=INR548 [P(RPC)=98.92% x 5% x INR111800 x 10% - INR5],4.0,0.0,0.0,130.5,111800.0,test
AC000834,PH002422,3,0,0.07136253650396328,Poor,2,Call,34.891657905715476,EV(call)=INR35 [P(RPC)=7.14% x 5% x INR111800 x 10% - INR5],8.0,0.0,0.0,0.0,111800.0,test
AC000835,PH002425,0,1,0.9745437518290897,Excellent,1,Call,1369.1066900790165,EV(call)=INR1369 [P(RPC)=97.45% x 5% x INR282000 x 10% - INR5],26.0,1.0,0.0,40.5,282000.0,train
AC000835,PH002426,4,2,0.029643721318314557,Poor,2,Call,36.79764705882353,EV(call)=INR37 [P(RPC)=2.96% x 5% x INR282000 x 10% - INR5],8.0,1.0,0.0,11.875,282000.0,train
AC000835,PH002424,3,0,0.029209150326797384,Poor,3,Call,36.184901960784316,EV(call)=INR36 [P(RPC)=2.92% x 5% x INR282000 x 10% - INR5],10.0,2.0,0.0,5.3,282000.0,train
AC000836,PH002427,3,0,0.9891764705882353,Excellent,1,Call,1606.3684705882356,EV(call)=INR1606 [P(RPC)=98.92% x 5% x INR325800 x 10% - INR5],26.0,0.0,0.0,30.153846153846153,325800.0,train
AC000836,PH002428,0,1,0.029643721318314557,Poor,2,Call,43.28962202753442,EV(call)=INR43 [P(RPC)=2.96% x 5% x INR325800 x 10% - INR5],-1.0,-1.0,-1.0,-1.0,325800.0,train
AC000836,PH002429,4,2,0.008784313725490198,Poor,3,Call,9.309647058823533,EV(call)=INR9 [P(RPC)=0.88% x 5% x INR325800 x 10% - INR5],-1.0,-1.0,-1.0,-1.0,325800.0,train
AC000837,PH002430,3,0,0.9745437518290897,Excellent,1,Call,1717.9933532338307,EV(call)=INR1718 [P(RPC)=97.45% x 5% x INR353600 x 10% - INR5],10.0,0.0,0.0,32.0,353600.0,train
AC000837,PH002431,0,1,0.9745437518290897,Excellent,2,Call,1717.9933532338307,EV(call)=INR1718 [P(RPC)=97.45% x 5% x INR353600 x 10% - INR5],13.0,0.0,0.0,67.23076923076923,353600.0,train
AC000838,PH002432,3,0,0.9745437518290897,Excellent,1,Call,894.0166110623354,EV(call)=INR894 [P(RPC)=97.45% x 5% x INR184500 x 10% - INR5],18.0,0.0,0.0,34.72222222222222,184500.0,test
AC000838,PH000498,2,1,0.008784313725490198,Poor,2,Call,3.1035294117647076,EV(call)=INR3 [P(RPC)=0.88% x 5% x INR184500 x 10% - INR5],-1.0,-1.0,-1.0,-1.0,184500.0,test
AC000839,PH002433,3,0,0.9745437518290897,Excellent,1,Call,248.38137547556335,EV(call)=INR248 [P(RPC)=97.45% x 5% x INR52000 x 10% - INR5],15.0,0.0,0.0,45.93333333333333,52000.0,train
AC000839,PH002434,4,1,0.008784313725490198,Poor,2,Suppress,-2.7160784313725483,"EV(call)=INR-3, EV(visit)=INR-144 — negative economic yield",-1.0,-1.0,-1.0,-1.0,52000.0,train
AC000840,PH002435,3,0,0.9891764705882353,Excellent,1,Call,1983.2447058823532,EV(call)=INR1983 [P(RPC)=98.92% x 5% x INR402000 x 10% - INR5],23.0,0.0,0.0,21.73913043478261,402000.0,train
AC000840,PH002436,4,1,0.9745437518290897,Excellent,2,Call,1953.8329411764707,EV(call)=INR1954 [P(RPC)=97.45% x 5% x INR402000 x 10% - INR5],9.0,0.0,0.0,83.44444444444444,402000.0,train
AC000841,PH002437,3,0,0.9891764705882353,Excellent,1,Call,230.91858823529415,EV(call)=INR231 [P(RPC)=98.92% x 5% x INR47700 x 10% - INR5],37.0,0.0,0.0,11.891891891891891,47700.0,validation
AC000842,PH002438,3,0,0.9424911297852473,Excellent,1,Call,1052.4750476190475,EV(call)=INR1052 [P(RPC)=94.25% x 5% x INR224400 x 10% - INR5],20.0,0.0,0.0,21.95,224400.0,train
AC000842,PH002439,1,1,0.029209150326797384,Poor,2,Call,27.772666666666673,EV(call)=INR28 [P(RPC)=2.92% x 5% x INR224400 x 10% - INR5],4.0,2.0,0.0,6.5,224400.0,train
AC000843,PH002440,3,0,0.9891764705882353,Excellent,1,Call,272.216705882353,EV(call)=INR272 [P(RPC)=98.92% x 5% x INR56050 x 10% - INR5],23.0,0.0,0.0,34.21739130434783,56050.0,train
AC000843,PH002441,4,1,0.008784313725490198,Poor,2,Suppress,-2.5381960784313717,"EV(call)=INR-3, EV(visit)=INR-139 — negative economic yield",-1.0,-1.0,-1.0,-1.0,56050.0,train
AC000844,PH002442,3,0,0.9745437518290897,Excellent,1,Call,885.2457172958735,EV(call)=INR885 [P(RPC)=97.45% x 5% x INR182700 x 10% - INR5],18.0,1.0,5.0,37.166666666666664,182700.0,test
AC000844,PH002443,0,1,0.9745437518290897,Excellent,2,Call,885.2457172958735,EV(call)=INR885 [P(RPC)=97.45% x 5% x INR182700 x 10% - INR5],12.0,0.0,0.0,25.166666666666668,182700.0,test
AC000844,PH002445,4,3,0.021733091203019802,Poor,3,Call,14.853178813958593,EV(call)=INR15 [P(RPC)=2.17% x 5% x INR182700 x 10% - INR5],-1.0,-1.0,-1.0,-1.0,182700.0,test
AC000844,PH002444,1,2,0.008784313725490198,Poor,4,Call,3.024470588235296,EV(call)=INR3 [P(RPC)=0.88% x 5% x INR182700 x 10% - INR5],-1.0,-1.0,-1.0,-1.0,182700.0,test
AC000845,PH002446,3,0,0.9891764705882353,Excellent,1,Call,413.4216470588236,EV(call)=INR413 [P(RPC)=98.92% x 5% x INR84600 x 10% - INR5],33.0,0.0,0.0,78.0909090909091,84600.0,train
AC000845,PH002447,1,1,0.008784313725490198,Poor,2,Suppress,-1.2842352941176465,"EV(call)=INR-1, EV(visit)=INR-109 — negative economic yield",-1.0,-1.0,-1.0,-1.0,84600.0,train
AC000846,PH002449,0,1,0.9745437518290897,Excellent,1,Call,924.7147392449517,EV(call)=INR925 [P(RPC)=97.45% x 5% x INR190800 x 10% - INR5],5.0,0.0,0.0,166.6,190800.0,validation
AC000846,PH002448,3,0,0.029643721318314557,Poor,2,Call,23.280110137672086,EV(call)=INR23 [P(RPC)=2.96% x 5% x INR190800 x 10% - INR5],8.0,0.0,0.0,0.0,190800.0,validation
AC000846,PH002450,1,2,0.029643721318314557,Poor,3,Call,23.280110137672086,EV(call)=INR23 [P(RPC)=2.96% x 5% x INR190800 x 10% - INR5],-1.0,-1.0,-1.0,-1.0,190800.0,validation
AC000847,PH002451,3,0,0.8911372549019607,Excellent,1,Call,96.36686274509805,EV(call)=INR96 [P(RPC)=89.11% x 5% x INR22750 x 10% - INR5],5.0,0.0,0.0,13.0,22750.0,train
AC000847,PH002452,4,1,0.008784313725490198,Poor,2,Suppress,-4.0007843137254895,"EV(call)=INR-4, EV(visit)=INR-175 — negative economic yield",-1.0,-1.0,-1.0,-1.0,22750.0,train
AC000848,PH002453,3,0,0.9891764705882353,Excellent,1,Call,2501.820470588236,EV(call)=INR2502 [P(RPC)=98.92% x 5% x INR506850 x 10% - INR5],15.0,0.0,0.0,24.4,506850.0,train
AC000848,PH000571,2,2,0.9424911297852473,Excellent,2,Call,2383.508145658263,EV(call)=INR2384 [P(RPC)=94.25% x 5% x INR506850 x 10% - INR5],22.0,0.0,0.0,38.81818181818182,506850.0,train
AC000848,PH002454,1,1,0.029209150326797384,Poor,3,Suppress,69.02328921568629,Compliance: Verified invalid/wrong phone number,4.0,2.0,0.0,15.75,506850.0,train
AC000849,PH002455,3,0,0.9891764705882353,Excellent,1,Call,809.586823529412,EV(call)=INR810 [P(RPC)=98.92% x 5% x INR164700 x 10% - INR5],35.0,0.0,0.0,9.82857142857143,164700.0,train
AC000850,PH002456,3,0,0.9745437518290897,Excellent,1,Call,316.59943810359965,EV(call)=INR317 [P(RPC)=97.45% x 5% x INR66000 x 10% - INR5],18.0,1.0,0.0,42.333333333333336,66000.0,train
AC000850,PH002457,0,1,0.029643721318314557,Poor,2,Call,4.7824280350438055,EV(call)=INR5 [P(RPC)=2.96% x 5% x INR66000 x 10% - INR5],-1.0,-1.0,-1.0,-1.0,66000.0,train
AC000850,PH002458,4,2,0.029209150326797384,Poor,3,Call,4.639019607843139,EV(call)=INR5 [P(RPC)=2.92% x 5% x INR66000 x 10% - INR5],-1.0,-1.0,-1.0,-1.0,66000.0,train
AC000851,PH002461,1,2,0.9891764705882353,Excellent,1,Call,124.08752941176473,EV(call)=INR124 [P(RPC)=98.92% x 5% x INR26100 x 10% - INR5],12.0,0.0,0.0,46.916666666666664,26100.0,train
AC000851,PH002459,3,0,0.9745437518290897,Excellent,2,Call,122.1779596136962,EV(call)=INR122 [P(RPC)=97.45% x 5% x INR26100 x 10% - INR5],9.0,0.0,0.0,92.11111111111111,26100.0,train
AC000851,PH002460,0,1,0.9424911297852473,Excellent,3,Call,117.99509243697479,EV(call)=INR118 [P(RPC)=94.25% x 5% x INR26100 x 10% - INR5],8.0,0.0,0.0,5.75,26100.0,train
AC000852,PH002462,3,0,0.9891764705882353,Excellent,1,Call,541.7672941176471,EV(call)=INR542 [P(RPC)=98.92% x 5% x INR110550 x 10% - INR5],25.0,0.0,0.0,61.32,110550.0,train
AC000853,PH002463,3,0,0.9745437518290897,Excellent,1,Call,1393.470283874744,EV(call)=INR1393 [P(RPC)=97.45% x 5% x INR287000 x 10% - INR5],18.0,0.0,1.0,63.333333333333336,287000.0,train
AC000853,PH002464,0,1,0.029209150326797384,Poor,2,Call,36.91513071895426,EV(call)=INR37 [P(RPC)=2.92% x 5% x INR287000 x 10% - INR5],-1.0,-1.0,-1.0,-1.0,287000.0,train
AC000853,PH000254,2,2,0.008784313725490198,Poor,3,Call,7.605490196078435,EV(call)=INR8 [P(RPC)=0.88% x 5% x INR287000 x 10% - INR5],-1.0,-1.0,-1.0,-1.0,287000.0,train
AC000853,PH002465,4,3,0.008784313725490198,Poor,4,Call,7.605490196078435,EV(call)=INR8 [P(RPC)=0.88% x 5% x INR287000 x 10% - INR5],-1.0,-1.0,-1.0,-1.0,287000.0,train
AC000854,PH002466,3,0,0.9745437518290897,Excellent,1,Call,7496.063257828504,EV(call)=INR7496 [P(RPC)=97.45% x 5% x INR1539400 x 10% - INR5],12.0,0.0,0.0,46.166666666666664,1539400.0,train
AC000854,PH002467,4,1,0.008784313725490198,Poor,2,Call,62.612862745098056,EV(call)=INR63 [P(RPC)=0.88% x 5% x INR1539400 x 10% - INR5],-1.0,-1.0,-1.0,-1.0,1539400.0,train
AC000855,PH002468,3,0,0.9424911297852473,Excellent,1,Call,573.9251764705881,EV(call)=INR574 [P(RPC)=94.25% x 5% x INR122850 x 10% - INR5],6.0,0.0,0.0,8.166666666666666,122850.0,test
AC000855,PH002469,0,1,0.029643721318314557,Poor,2,Call,13.208655819774716,EV(call)=INR13 [P(RPC)=2.96% x 5% x INR122850 x 10% - INR5],-1.0,-1.0,-1.0,-1.0,122850.0,test
AC000856,PH002471,0,1,0.9891764705882353,Excellent,1,Call,1689.9538823529413,EV(call)=INR1690 [P(RPC)=98.92% x 5% x INR342700 x 10% - INR5],40.0,0.0,0.0,82.925,342700.0,test
AC000856,PH002470,3,0,0.07136253650396328,Poor,2,Call,117.27970629954109,EV(call)=INR117 [P(RPC)=7.14% x 5% x INR342700 x 10% - INR5],8.0,1.0,0.0,2.0,342700.0,test
AC000856,PH002472,1,2,0.07136253650396328,Poor,3,Call,117.27970629954109,EV(call)=INR117 [P(RPC)=7.14% x 5% x INR342700 x 10% - INR5],-1.0,-1.0,-1.0,-1.0,342700.0,test
AC000856,PH000347,2,3,0.029643721318314557,Poor,4,Call,45.794516478931996,EV(call)=INR46 [P(RPC)=2.96% x 5% x INR342700 x 10% - INR5],-1.0,-1.0,-1.0,-1.0,342700.0,test
AC000856,PH002473,4,4,0.029643721318314557,Poor,5,Call,45.794516478931996,EV(call)=INR46 [P(RPC)=2.96% x 5% x INR342700 x 10% - INR5],-1.0,-1.0,-1.0,-1.0,342700.0,test
AC000857,PH002474,3,0,0.9745437518290897,Excellent,1,Call,830.6712671934446,EV(call)=INR831 [P(RPC)=97.45% x 5% x INR171500 x 10% - INR5],13.0,0.0,0.0,21.23076923076923,171500.0,test
AC000858,PH000297,2,1,0.9424911297852473,Excellent,1,Call,1017.6028758169934,EV(call)=INR1018 [P(RPC)=94.25% x 5% x INR217000 x 10% - INR5],14.0,0.0,0.0,40.642857142857146,217000.0,train
AC000858,PH002475,3,0,0.029643721318314557,Poor,2,Call,27.1634376303713,EV(call)=INR27 [P(RPC)=2.96% x 5% x INR217000 x 10% - INR5],10.0,0.0,0.0,0.0,217000.0,train
AC000859,PH002476,3,0,0.9745437518290897,Excellent,1,Call,1376.4157682177347,EV(call)=INR1376 [P(RPC)=97.45% x 5% x INR283500 x 10% - INR5],7.0,0.0,0.0,123.28571428571429,283500.0,test
AC000859,PH002477,0,1,0.008784313725490198,Poor,2,Call,7.451764705882356,EV(call)=INR7 [P(RPC)=0.88% x 5% x INR283500 x 10% - INR5],-1.0,-1.0,-1.0,-1.0,283500.0,test
AC000860,PH002478,3,0,0.9891764705882353,Excellent,1,Call,192.34070588235298,EV(call)=INR192 [P(RPC)=98.92% x 5% x INR39900 x 10% - INR5],29.0,0.0,0.0,30.24137931034483,39900.0,train
AC000860,PH002479,4,1,0.10069607843137254,Poor,2,Call,15.088867647058827,EV(call)=INR15 [P(RPC)=10.07% x 5% x INR39900 x 10% - INR5],8.0,0.0,0.0,50.125,39900.0,train
AC000861,PH002481,0,1,0.9891764705882353,Excellent,1,Call,1085.5670588235296,EV(call)=INR1086 [P(RPC)=98.92% x 5% x INR220500 x 10% - INR5],17.0,0.0,0.0,22.058823529411764,220500.0,train
AC000861,PH002480,3,0,0.43770588235294117,Good,2,Call,477.57073529411764,EV(call)=INR478 [P(RPC)=43.77% x 5% x INR220500 x 10% - INR5],8.0,2.0,0.0,6.375,220500.0,train
AC000861,PH002482,1,2,0.029643721318314557,Poor,3,Call,27.6822027534418,EV(call)=INR28 [P(RPC)=2.96% x 5% x INR220500 x 10% - INR5],1.0,0.0,0.0,0.0,220500.0,train
AC000862,PH002483,3,0,0.9891764705882353,Excellent,1,Call,1320.0018823529415,EV(call)=INR1320 [P(RPC)=98.92% x 5% x INR267900 x 10% - INR5],25.0,0.0,0.0,55.72,267900.0,train
AC000862,PH002484,1,1,0.029643721318314557,Poor,2,Call,34.707764705882354,EV(call)=INR35 [P(RPC)=2.96% x 5% x INR267900 x 10% - INR5],-1.0,-1.0,-1.0,-1.0,267900.0,train
AC000863,PH002486,4,1,0.2888963585434174,Fair,1,Call,35.30104201680673,EV(call)=INR35 [P(RPC)=28.89% x 5% x INR27900 x 10% - INR5],5.0,0.0,0.0,35.8,27900.0,validation
AC000863,PH002485,3,0,0.008784313725490198,Poor,2,Suppress,-3.774588235294117,"EV(call)=INR-4, EV(visit)=INR-170 — negative economic yield",8.0,1.0,0.0,1.25,27900.0,validation
AC000864,PH002487,3,0,0.9745437518290897,Excellent,1,Call,3862.9641510096576,EV(call)=INR3863 [P(RPC)=97.45% x 5% x INR793800 x 10% - INR5],20.0,0.0,0.0,52.3,793800.0,train
AC000864,PH002488,4,1,0.008784313725490198,Poor,2,Call,29.8649411764706,EV(call)=INR30 [P(RPC)=0.88% x 5% x INR793800 x 10% - INR5],-1.0,-1.0,-1.0,-1.0,793800.0,train
AC000865,PH002489,3,0,0.9745437518290897,Excellent,1,Call,1765.5023611354989,EV(call)=INR1766 [P(RPC)=97.45% x 5% x INR363350 x 10% - INR5],14.0,0.0,0.0,26.285714285714285,363350.0,train
AC000865,PH002490,0,1,0.43770588235294117,Good,2,Call,790.2021617647059,EV(call)=INR790 [P(RPC)=43.77% x 5% x INR363350 x 10% - INR5],-1.0,-1.0,-1.0,-1.0,363350.0,train
AC000866,PH002491,3,0,0.9745437518290897,Excellent,1,Call,247.65046766169155,EV(call)=INR248 [P(RPC)=97.45% x 5% x INR51850 x 10% - INR5],11.0,0.0,0.0,84.27272727272727,51850.0,train
AC000867,PH002493,0,1,0.029643721318314557,Poor,1,Call,13.141957446808512,EV(call)=INR13 [P(RPC)=2.96% x 5% x INR122400 x 10% - INR5],-1.0,-1.0,-1.0,-1.0,122400.0,test
AC000867,PH002492,3,0,0.008784313725490198,Poor,2,Call,0.3760000000000012,EV(call)=INR0 [P(RPC)=0.88% x 5% x INR122400 x 10% - INR5],-1.0,-1.0,-1.0,-1.0,122400.0,test
AC000867,PH002494,4,2,0.008784313725490198,Poor,3,Call,0.3760000000000012,EV(call)=INR0 [P(RPC)=0.88% x 5% x INR122400 x 10% - INR5],-1.0,-1.0,-1.0,-1.0,122400.0,test
AC000868,PH002495,3,0,0.8911372549019607,Excellent,1,Call,306.8980392156863,EV(call)=INR307 [P(RPC)=89.11% x 5% x INR70000 x 10% - INR5],7.0,0.0,0.0,6.285714285714286,70000.0,test
AC000869,PH002496,3,0,0.9891764705882353,Excellent,1,Call,142.8818823529412,EV(call)=INR143 [P(RPC)=98.92% x 5% x INR29900 x 10% - INR5],21.0,0.0,0.0,45.80952380952381,29900.0,train
AC000869,PH002497,1,1,0.008784313725490198,Poor,2,Suppress,-3.686745098039215,"EV(call)=INR-4, EV(visit)=INR-168 — negative economic yield",-1.0,-1.0,-1.0,-1.0,29900.0,train
AC000870,PH002498,3,0,0.9891764705882353,Excellent,1,Call,582.5708235294118,EV(call)=INR583 [P(RPC)=98.92% x 5% x INR118800 x 10% - INR5],4.0,0.0,0.0,195.0,118800.0,validation
AC000871,PH002500,1,1,0.029643721318314557,Poor,1,Call,6.850077596996245,EV(call)=INR7 [P(RPC)=2.96% x 5% x INR79950 x 10% - INR5],-1.0,-1.0,-1.0,-1.0,79950.0,train
AC000871,PH002499,3,0,0.029209150326797384,Poor,2,Call,6.676357843137255,EV(call)=INR7 [P(RPC)=2.92% x 5% x INR79950 x 10% - INR5],3.0,0.0,0.0,0.0,79950.0,train
AC000871,PH002501,4,2,0.008784313725490198,Poor,3,Suppress,-1.4884705882352929,"EV(call)=INR-1, EV(visit)=INR-114 — negative economic yield",-1.0,-1.0,-1.0,-1.0,79950.0,train
AC000872,PH002502,3,0,0.9745437518290897,Excellent,1,Call,593.6134995610184,EV(call)=INR594 [P(RPC)=97.45% x 5% x INR122850 x 10% - INR5],11.0,0.0,0.0,25.90909090909091,122850.0,validation
AC000872,PH002503,0,1,0.008784313725490198,Poor,2,Call,0.39576470588235413,EV(call)=INR0 [P(RPC)=0.88% x 5% x INR122850 x 10% - INR5],-1.0,-1.0,-1.0,-1.0,122850.0,validation
AC000872,PH002504,1,2,0.008784313725490198,Poor,3,Call,0.39576470588235413,EV(call)=INR0 [P(RPC)=0.88% x 5% x INR122850 x 10% - INR5],-1.0,-1.0,-1.0,-1.0,122850.0,validation
AC000872,PH000387,2,3,0.008784313725490198,Poor,4,Call,0.39576470588235413,EV(call)=INR0 [P(RPC)=0.88% x 5% x INR122850 x 10% - INR5],-1.0,-1.0,-1.0,-1.0,122850.0,validation
AC000872,PH002505,4,4,0.008784313725490198,Poor,5,Call,0.39576470588235413,EV(call)=INR0 [P(RPC)=0.88% x 5% x INR122850 x 10% - INR5],-1.0,-1.0,-1.0,-1.0,122850.0,validation
AC000873,PH002506,3,0,0.9424911297852473,Excellent,1,Call,677.8348235294117,EV(call)=INR678 [P(RPC)=94.25% x 5% x INR144900 x 10% - INR5],19.0,0.0,0.0,43.421052631578945,144900.0,test
AC000873,PH002507,1,1,0.008784313725490198,Poor,2,Call,1.3642352941176483,EV(call)=INR1 [P(RPC)=0.88% x 5% x INR144900 x 10% - INR5],1.0,0.0,0.0,0.0,144900.0,test
AC000874,PH002510,4,2,0.10069607843137254,Poor,1,Call,100.30292401960786,EV(call)=INR100 [P(RPC)=10.07% x 5% x INR209150 x 10% - INR5],1.0,0.0,0.0,58.0,209150.0,train
AC000874,PH002508,3,0,0.008784313725490198,Poor,2,Call,4.186196078431374,EV(call)=INR4 [P(RPC)=0.88% x 5% x INR209150 x 10% - INR5],8.0,0.0,0.0,0.0,209150.0,train
AC000874,PH002509,1,1,0.008784313725490198,Poor,3,Call,4.186196078431374,EV(call)=INR4 [P(RPC)=0.88% x 5% x INR209150 x 10% - INR5],8.0,2.0,0.0,6.0,209150.0,train
AC000875,PH002511,3,0,0.8491204481792716,Excellent,1,Call,2014.208425770308,EV(call)=INR2014 [P(RPC)=84.91% x 5% x INR475600 x 10% - INR5],5.0,0.0,0.0,40.4,475600.0,train
AC000875,PH002512,4,1,0.008784313725490198,Poor,2,Suppress,15.889098039215693,Compliance: Verified third-party — contact strictly prohibited,-1.0,-1.0,-1.0,-1.0,475600.0,train
AC000876,PH002513,3,0,0.8491204481792716,Excellent,1,Call,387.2936470588235,EV(call)=INR387 [P(RPC)=84.91% x 5% x INR92400 x 10% - INR5],22.0,2.0,0.0,49.77272727272727,92400.0,test
AC000877,PH002514,3,0,0.9745437518290897,Excellent,1,Call,2521.017404741001,EV(call)=INR2521 [P(RPC)=97.45% x 5% x INR518400 x 10% - INR5],20.0,0.0,0.0,19.65,518400.0,train
AC000877,PH000432,2,1,0.029209150326797384,Poor,2,Call,70.71011764705882,EV(call)=INR71 [P(RPC)=2.92% x 5% x INR518400 x 10% - INR5],8.0,1.0,0.0,66.375,518400.0,train
AC000878,PH002515,3,0,0.9745437518290897,Excellent,1,Call,794.1258764998537,EV(call)=INR794 [P(RPC)=97.45% x 5% x INR164000 x 10% - INR5],10.0,0.0,0.0,54.9,164000.0,train
AC000878,PH002516,0,1,0.9424911297852473,Excellent,2,Call,767.8427264239028,EV(call)=INR768 [P(RPC)=94.25% x 5% x INR164000 x 10% - INR5],18.0,0.0,0.0,9.055555555555555,164000.0,train
AC000879,PH002517,3,0,0.008784313725490198,Poor,1,Call,0.7515294117647073,EV(call)=INR1 [P(RPC)=0.88% x 5% x INR130950 x 10% - INR5],16.0,1.0,1.0,0.875,130950.0,test
AC000879,PH002518,0,1,0.008784313725490198,Poor,2,Call,0.7515294117647073,EV(call)=INR1 [P(RPC)=0.88% x 5% x INR130950 x 10% - INR5],9.0,0.0,8.0,0.0,130950.0,test
AC000880,PH002520,0,1,0.9745437518290897,Excellent,1,Call,1931.9057067603162,EV(call)=INR1932 [P(RPC)=97.45% x 5% x INR397500 x 10% - INR5],13.0,0.0,0.0,67.0,397500.0,test
AC000880,PH002519,3,0,0.10069607843137254,Poor,2,Call,195.13345588235296,EV(call)=INR195 [P(RPC)=10.07% x 5% x INR397500 x 10% - INR5],8.0,1.0,2.0,3.625,397500.0,test
AC000880,PH002521,1,2,0.008784313725490198,Poor,3,Call,12.45882352941177,EV(call)=INR12 [P(RPC)=0.88% x 5% x INR397500 x 10% - INR5],-1.0,-1.0,-1.0,-1.0,397500.0,test
AC000881,PH002522,3,0,0.9745437518290897,Excellent,1,Call,999.9982440737488,EV(call)=INR1000 [P(RPC)=97.45% x 5% x INR206250 x 10% - INR5],18.0,0.0,0.0,31.944444444444443,206250.0,validation
AC000881,PH002523,0,1,0.029209150326797384,Poor,2,Call,25.121936274509807,EV(call)=INR25 [P(RPC)=2.92% x 5% x INR206250 x 10% - INR5],-1.0,-1.0,-1.0,-1.0,206250.0,validation
AC000881,PH002524,1,2,0.008784313725490198,Poor,3,Call,4.058823529411766,EV(call)=INR4 [P(RPC)=0.88% x 5% x INR206250 x 10% - INR5],-1.0,-1.0,-1.0,-1.0,206250.0,validation
AC000882,PH002525,3,0,0.9745437518290897,Excellent,1,Call,205.5014503950834,EV(call)=INR206 [P(RPC)=97.45% x 5% x INR43200 x 10% - INR5],19.0,0.0,0.0,77.36842105263158,43200.0,train
AC000882,PH000264,2,1,0.029643721318314557,Poor,2,Call,1.4030438047559448,EV(call)=INR1 [P(RPC)=2.96% x 5% x INR43200 x 10% - INR5],8.0,1.0,0.0,36.25,43200.0,train
AC000883,PH002526,3,0,0.9891764705882353,Excellent,1,Call,539.0470588235295,EV(call)=INR539 [P(RPC)=98.92% x 5% x INR110000 x 10% - INR5],30.0,0.0,0.0,71.26666666666667,110000.0,train
AC000884,PH002527,3,0,0.9424911297852473,Excellent,1,Call,1778.193217553688,EV(call)=INR1778 [P(RPC)=94.25% x 5% x INR378400 x 10% - INR5],4.0,0.0,0.0,37.75,378400.0,train
AC000884,PH002528,0,1,0.029209150326797384,Poor,2,Call,50.263712418300656,EV(call)=INR50 [P(RPC)=2.92% x 5% x INR378400 x 10% - INR5],-1.0,-1.0,-1.0,-1.0,378400.0,train
AC000884,PH002529,4,2,0.008784313725490198,Poor,3,Call,11.619921568627458,EV(call)=INR12 [P(RPC)=0.88% x 5% x INR378400 x 10% - INR5],-1.0,-1.0,-1.0,-1.0,378400.0,train
AC000885,PH002530,3,0,0.9424911297852473,Excellent,1,Call,3782.400605042016,EV(call)=INR3782 [P(RPC)=94.25% x 5% x INR803700 x 10% - INR5],17.0,0.0,6.0,2.411764705882353,803700.0,train
AC000885,PH005937,5,2,0.9424911297852473,Excellent,2,Call,3782.400605042016,EV(call)=INR3782 [P(RPC)=94.25% x 5% x INR803700 x 10% - INR5],1.0,0.0,0.0,58.0,803700.0,train
AC000885,PH002531,0,1,0.07136253650396328,Poor,3,Call,281.77035294117644,EV(call)=INR282 [P(RPC)=7.14% x 5% x INR803700 x 10% - INR5],12.0,0.0,0.0,0.0,803700.0,train
AC000886,PH000217,3,0,0.8491204481792716,Excellent,1,Call,994.8393277310923,EV(call)=INR995 [P(RPC)=84.91% x 5% x INR235500 x 10% - INR5],12.0,0.0,0.0,35.166666666666664,235500.0,train
AC000886,PH002532,1,1,0.5081914397726556,Good,2,Call,593.3954203323019,EV(call)=INR593 [P(RPC)=50.82% x 5% x INR235500 x 10% - INR5],8.0,0.0,0.0,0.0,235500.0,train
AC000886,PH002533,4,2,0.10069607843137254,Poor,3,Call,113.56963235294118,EV(call)=INR114 [P(RPC)=10.07% x 5% x INR235500 x 10% - INR5],7.0,1.0,0.0,100.42857142857143,235500.0,train
AC000887,PH002535,0,1,0.9891764705882353,Excellent,1,Call,732.4310588235295,EV(call)=INR732 [P(RPC)=98.92% x 5% x INR149100 x 10% - INR5],36.0,1.0,0.0,45.888888888888886,149100.0,test
AC000887,PH002536,4,2,0.029643721318314557,Poor,2,Call,17.099394242803502,EV(call)=INR17 [P(RPC)=2.96% x 5% x INR149100 x 10% - INR5],-1.0,-1.0,-1.0,-1.0,149100.0,test
AC000887,PH002534,3,0,0.008784313725490198,Poor,3,Call,1.5487058823529427,EV(call)=INR2 [P(RPC)=0.88% x 5% x INR149100 x 10% - INR5],3.0,0.0,0.0,0.0,149100.0,test
AC000888,PH002537,3,0,0.9745437518290897,Excellent,1,Call,394.07566637401226,EV(call)=INR394 [P(RPC)=97.45% x 5% x INR81900 x 10% - INR5],15.0,0.0,0.0,84.0,81900.0,validation
AC000889,PH002540,4,2,0.9424911297852473,Excellent,1,Call,168.4183678804855,EV(call)=INR168 [P(RPC)=94.25% x 5% x INR36800 x 10% - INR5],11.0,1.0,0.0,23.545454545454547,36800.0,train
AC000889,PH002539,0,1,0.8911372549019607,Excellent,2,Call,158.9692549019608,EV(call)=INR159 [P(RPC)=89.11% x 5% x INR36800 x 10% - INR5],9.0,0.0,0.0,2.111111111111111,36800.0,train
AC000889,PH002538,3,0,0.008784313725490198,Poor,3,Suppress,-3.3836862745098033,"EV(call)=INR-3, EV(visit)=INR-160 — negative economic yield",8.0,0.0,0.0,0.0,36800.0,train
AC000890,PH002542,0,1,0.9891764705882353,Excellent,1,Call,1134.5312941176471,EV(call)=INR1135 [P(RPC)=98.92% x 5% x INR230400 x 10% - INR5],25.0,0.0,0.0,101.8,230400.0,train
AC000890,PH002541,3,0,0.008784313725490198,Poor,2,Call,5.119529411764709,EV(call)=INR5 [P(RPC)=0.88% x 5% x INR230400 x 10% - INR5],8.0,0.0,8.0,0.0,230400.0,train
AC000890,PH002543,4,2,0.008784313725490198,Poor,3,Call,5.119529411764709,EV(call)=INR5 [P(RPC)=0.88% x 5% x INR230400 x 10% - INR5],-1.0,-1.0,-1.0,-1.0,230400.0,train
AC000891,PH002544,3,0,0.9891764705882353,Excellent,1,Call,2475.8545882352946,EV(call)=INR2476 [P(RPC)=98.92% x 5% x INR501600 x 10% - INR5],23.0,1.0,0.0,16.608695652173914,501600.0,train
AC000891,PH002545,1,1,0.029643721318314557,Poor,2,Call,69.34645306633291,EV(call)=INR69 [P(RPC)=2.96% x 5% x INR501600 x 10% - INR5],8.0,1.0,0.0,7.5,501600.0,train
AC000891,PH000282,2,2,0.029643721318314557,Poor,3,Call,69.34645306633291,EV(call)=INR69 [P(RPC)=2.96% x 5% x INR501600 x 10% - INR5],8.0,0.0,0.0,26.375,501600.0,train
AC000892,PH002546,3,0,0.9745437518290897,Excellent,1,Call,1522.5973309920983,EV(call)=INR1523 [P(RPC)=97.45% x 5% x INR313500 x 10% - INR5],15.0,0.0,2.0,19.533333333333335,313500.0,test
AC000892,PH002547,4,1,0.07136253650396328,Poor,2,Call,106.86077596996245,EV(call)=INR107 [P(RPC)=7.14% x 5% x INR313500 x 10% - INR5],8.0,0.0,0.0,107.25,313500.0,test
AC000893,PH002548,3,0,0.8911372549019607,Excellent,1,Call,2254.0329411764706,EV(call)=INR2254 [P(RPC)=89.11% x 5% x INR507000 x 10% - INR5],16.0,0.0,0.0,2.4375,507000.0,test
AC000893,PH002549,4,1,0.7440784313725489,Excellent,2,Call,1881.2388235294115,EV(call)=INR1881 [P(RPC)=74.41% x 5% x INR507000 x 10% - INR5],1.0,0.0,0.0,26.0,507000.0,test
AC000894,PH002550,3,0,0.9424911297852473,Excellent,1,Call,181.613243697479,EV(call)=INR182 [P(RPC)=94.25% x 5% x INR39600 x 10% - INR5],19.0,0.0,0.0,9.894736842105264,39600.0,test
AC000894,PH002551,0,1,0.7440784313725489,Excellent,2,Call,142.3275294117647,EV(call)=INR142 [P(RPC)=74.41% x 5% x INR39600 x 10% - INR5],5.0,0.0,0.0,10.4,39600.0,test
AC000895,PH002552,3,0,0.9745437518290897,Excellent,1,Call,123.63977524143985,EV(call)=INR124 [P(RPC)=97.45% x 5% x INR26400 x 10% - INR5],16.0,0.0,0.0,19.8125,26400.0,train
AC000895,PH002553,0,1,0.9745437518290897,Excellent,2,Call,123.63977524143985,EV(call)=INR124 [P(RPC)=97.45% x 5% x INR26400 x 10% - INR5],11.0,0.0,1.0,57.63636363636363,26400.0,train
AC000895,PH002554,1,2,0.008784313725490198,Poor,3,Suppress,-3.840470588235294,"EV(call)=INR-4, EV(visit)=INR-171 — negative economic yield",-1.0,-1.0,-1.0,-1.0,26400.0,train
AC000895,PH002555,4,3,0.008784313725490198,Poor,4,Suppress,-3.840470588235294,"EV(call)=INR-4, EV(visit)=INR-171 — negative economic yield",-1.0,-1.0,-1.0,-1.0,26400.0,train
AC000896,PH002557,0,1,0.9745437518290897,Excellent,1,Call,565.1080948200175,EV(call)=INR565 [P(RPC)=97.45% x 5% x INR117000 x 10% - INR5],7.0,0.0,0.0,89.0,117000.0,validation
AC000896,PH002558,4,2,0.029209150326797384,Poor,2,Call,12.087352941176473,EV(call)=INR12 [P(RPC)=2.92% x 5% x INR117000 x 10% - INR5],-1.0,-1.0,-1.0,-1.0,117000.0,validation
AC000896,PH002556,3,0,0.008784313725490198,Poor,3,Call,0.13882352941176634,EV(call)=INR0 [P(RPC)=0.88% x 5% x INR117000 x 10% - INR5],8.0,0.0,0.0,0.0,117000.0,validation
AC000897,PH002559,3,0,0.9891764705882353,Excellent,1,Call,440.129411764706,EV(call)=INR440 [P(RPC)=98.92% x 5% x INR90000 x 10% - INR5],32.0,0.0,0.0,51.0,90000.0,validation
AC000898,PH002560,3,0,0.9424911297852473,Excellent,1,Call,729.2005901027077,EV(call)=INR729 [P(RPC)=94.25% x 5% x INR155800 x 10% - INR5],15.0,0.0,0.0,10.4,155800.0,train
AC000898,PH002561,4,1,0.029209150326797384,Poor,2,Call,17.753928104575166,EV(call)=INR18 [P(RPC)=2.92% x 5% x INR155800 x 10% - INR5],-1.0,-1.0,-1.0,-1.0,155800.0,train
AC000899,PH002563,0,1,0.9745437518290897,Excellent,1,Call,1477.2810465320456,EV(call)=INR1477 [P(RPC)=97.45% x 5% x INR304200 x 10% - INR5],4.0,0.0,0.0,98.25,304200.0,train
AC000899,PH002562,3,0,0.10069607843137254,Poor,2,Call,148.15873529411766,EV(call)=INR148 [P(RPC)=10.07% x 5% x INR304200 x 10% - INR5],8.0,0.0,0.0,29.875,304200.0,train
AC000899,PH002564,1,2,0.029643721318314557,Poor,3,Call,40.088100125156444,EV(call)=INR40 [P(RPC)=2.96% x 5% x INR304200 x 10% - INR5],-1.0,-1.0,-1.0,-1.0,304200.0,train
AC000900,PH002565,3,0,0.9745437518290897,Excellent,1,Call,281.2722270997951,EV(call)=INR281 [P(RPC)=97.45% x 5% x INR58750 x 10% - INR5],16.0,0.0,0.0,52.1875,58750.0,train
AC000900,PH002566,1,1,0.9424911297852473,Excellent,2,Call,271.8567693744164,EV(call)=INR272 [P(RPC)=94.25% x 5% x INR58750 x 10% - INR5],12.0,0.0,0.0,1.5,58750.0,train
AC000900,PH002567,4,2,0.008784313725490198,Poor,3,Suppress,-2.4196078431372543,"EV(call)=INR-2, EV(visit)=INR-137 — negative economic yield",1.0,0.0,0.0,0.0,58750.0,train
AC000901,PH002569,0,1,0.9745437518290897,Excellent,1,Call,172.61059877085162,EV(call)=INR173 [P(RPC)=97.45% x 5% x INR36450 x 10% - INR5],12.0,1.0,0.0,4.25,36450.0,train
AC000901,PH002568,3,0,0.07136253650396328,Poor,2,Call,8.00582227784731,EV(call)=INR8 [P(RPC)=7.14% x 5% x INR36450 x 10% - INR5],12.0,0.0,0.0,0.0,36450.0,train
AC000901,PH002570,4,2,0.029643721318314557,Poor,3,Suppress,0.4025682102628281,Compliance: Verified third-party — contact strictly prohibited,8.0,0.0,0.0,69.625,36450.0,train
AC000902,PH002571,3,0,0.9745437518290897,Excellent,1,Call,1437.8120245829675,EV(call)=INR1438 [P(RPC)=97.45% x 5% x INR296100 x 10% - INR5],17.0,0.0,0.0,31.176470588235293,296100.0,train
AC000902,PH002572,0,1,0.9424911297852473,Excellent,2,Call,1390.3581176470589,EV(call)=INR1390 [P(RPC)=94.25% x 5% x INR296100 x 10% - INR5],16.0,0.0,0.0,6.25,296100.0,train
AC000902,PH002573,1,2,0.029209150326797384,Poor,3,Call,38.244147058823536,EV(call)=INR38 [P(RPC)=2.92% x 5% x INR296100 x 10% - INR5],1.0,0.0,0.0,0.0,296100.0,train
AC000902,PH002574,4,3,0.008784313725490198,Poor,4,Call,8.00517647058824,EV(call)=INR8 [P(RPC)=0.88% x 5% x INR296100 x 10% - INR5],-1.0,-1.0,-1.0,-1.0,296100.0,train
AC000903,PH002575,3,0,0.9424911297852473,Excellent,1,Call,360.2153127917834,EV(call)=INR360 [P(RPC)=94.25% x 5% x INR77500 x 10% - INR5],1.0,0.0,0.0,52.0,77500.0,train
AC000903,PH002576,4,1,0.008784313725490198,Poor,2,Suppress,-1.5960784313725482,"EV(call)=INR-2, EV(visit)=INR-116 — negative economic yield",-1.0,-1.0,-1.0,-1.0,77500.0,train
AC000904,PH002577,3,0,0.9424911297852473,Excellent,1,Call,176.42954248366013,EV(call)=INR176 [P(RPC)=94.25% x 5% x INR38500 x 10% - INR5],2.0,0.0,0.0,14.0,38500.0,train
AC000904,PH002578,4,1,0.008784313725490198,Poor,2,Suppress,-3.309019607843137,"EV(call)=INR-3, EV(visit)=INR-158 — negative economic yield",-1.0,-1.0,-1.0,-1.0,38500.0,train
AC000905,PH005817,5,2,0.9891764705882353,Excellent,1,Call,86.9934117647059,EV(call)=INR87 [P(RPC)=98.92% x 5% x INR18600 x 10% - INR5],21.0,0.0,0.0,59.095238095238095,18600.0,validation
AC000905,PH002580,4,1,0.2888963585434174,Fair,2,Call,21.86736134453782,EV(call)=INR22 [P(RPC)=28.89% x 5% x INR18600 x 10% - INR5],9.0,0.0,0.0,33.888888888888886,18600.0,validation
AC000905,PH002579,3,0,0.029643721318314557,Poor,3,Suppress,-2.243133917396746,"EV(call)=INR-2, EV(visit)=INR-180 — negative economic yield",7.0,2.0,2.0,6.714285714285714,18600.0,validation
AC000906,PH002581,3,0,0.8911372549019607,Excellent,1,Call,3848.277490196079,EV(call)=INR3848 [P(RPC)=89.11% x 5% x INR864800 x 10% - INR5],12.0,0.0,1.0,11.583333333333334,864800.0,validation
AC000906,PH002583,4,2,0.10069607843137254,Poor,2,Call,430.40984313725494,EV(call)=INR430 [P(RPC)=10.07% x 5% x INR864800 x 10% - INR5],8.0,0.0,0.0,51.125,864800.0,validation
AC000906,PH002582,0,1,0.008784313725490198,Poor,3,Call,32.98337254901962,EV(call)=INR33 [P(RPC)=0.88% x 5% x INR864800 x 10% - INR5],8.0,0.0,3.0,0.0,864800.0,validation
AC000907,PH002584,3,0,0.9424911297852473,Excellent,1,Call,1715.9888029878618,EV(call)=INR1716 [P(RPC)=94.25% x 5% x INR365200 x 10% - INR5],21.0,0.0,0.0,7.904761904761905,365200.0,train
AC000907,PH002586,4,2,0.43770588235294117,Good,2,Call,794.2509411764706,EV(call)=INR794 [P(RPC)=43.77% x 5% x INR365200 x 10% - INR5],16.0,1.0,0.0,30.6875,365200.0,train
AC000907,PH002585,0,1,0.07136253650396328,Poor,3,Call,125.30799165623696,EV(call)=INR125 [P(RPC)=7.14% x 5% x INR365200 x 10% - INR5],3.0,2.0,0.0,20.666666666666668,365200.0,train
AC000908,PH002587,3,0,0.9745437518290897,Excellent,1,Call,499.3263915715539,EV(call)=INR499 [P(RPC)=97.45% x 5% x INR103500 x 10% - INR5],17.0,0.0,0.0,33.470588235294116,103500.0,train
AC000908,PH002588,1,1,0.029209150326797384,Poor,2,Call,10.115735294117648,EV(call)=INR10 [P(RPC)=2.92% x 5% x INR103500 x 10% - INR5],-1.0,-1.0,-1.0,-1.0,103500.0,train
AC000908,PH002589,4,2,0.008784313725490198,Poor,3,Suppress,-0.4541176470588226,"EV(call)=INR-0, EV(visit)=INR-88 — negative economic yield",-1.0,-1.0,-1.0,-1.0,103500.0,train
AC000909,PH002590,3,0,0.9891764705882353,Excellent,1,Call,3983.3595294117654,EV(call)=INR3983 [P(RPC)=98.92% x 5% x INR806400 x 10% - INR5],32.0,0.0,0.0,59.8125,806400.0,test
AC000909,PH002591,0,1,0.9745437518290897,Excellent,2,Call,3924.36040737489,EV(call)=INR3924 [P(RPC)=97.45% x 5% x INR806400 x 10% - INR5],2.0,0.0,0.0,126.5,806400.0,test
AC000909,PH002592,1,2,0.008784313725490198,Poor,3,Call,30.41835294117648,EV(call)=INR30 [P(RPC)=0.88% x 5% x INR806400 x 10% - INR5],-1.0,-1.0,-1.0,-1.0,806400.0,test
AC000909,PH002593,4,3,0.008784313725490198,Poor,4,Call,30.41835294117648,EV(call)=INR30 [P(RPC)=0.88% x 5% x INR806400 x 10% - INR5],-1.0,-1.0,-1.0,-1.0,806400.0,test
AC000910,PH002594,3,0,0.9745437518290897,Excellent,1,Call,572.4171729587357,EV(call)=INR572 [P(RPC)=97.45% x 5% x INR118500 x 10% - INR5],20.0,0.0,0.0,79.0,118500.0,train
AC000910,PH002595,1,1,0.029209150326797384,Poor,2,Call,12.306421568627453,EV(call)=INR12 [P(RPC)=2.92% x 5% x INR118500 x 10% - INR5],-1.0,-1.0,-1.0,-1.0,118500.0,train
AC000911,PH002597,4,1,0.10069607843137254,Poor,1,Call,19.821583333333336,EV(call)=INR20 [P(RPC)=10.07% x 5% x INR49300 x 10% - INR5],6.0,2.0,0.0,58.666666666666664,49300.0,train
AC000911,PH002596,3,0,0.029209150326797384,Poor,2,Call,2.200055555555557,EV(call)=INR2 [P(RPC)=2.92% x 5% x INR49300 x 10% - INR5],5.0,2.0,0.0,10.0,49300.0,train
AC000912,PH002599,0,1,0.9745437518290897,Excellent,1,Call,1458.2774433713785,EV(call)=INR1458 [P(RPC)=97.45% x 5% x INR300300 x 10% - INR5],9.0,0.0,5.0,23.333333333333332,300300.0,validation
AC000912,PH002598,3,0,0.9424911297852473,Excellent,2,Call,1410.150431372549,EV(call)=INR1410 [P(RPC)=94.25% x 5% x INR300300 x 10% - INR5],12.0,0.0,0.0,10.916666666666666,300300.0,validation
AC000912,PH000443,2,2,0.9424911297852473,Excellent,3,Suppress,1410.150431372549,Compliance: Verified third-party — contact strictly prohibited,32.0,0.0,0.0,30.15625,300300.0,validation
AC000913,PH002600,3,0,0.9745437518290897,Excellent,1,Call,119.25432835820897,EV(call)=INR119 [P(RPC)=97.45% x 5% x INR25500 x 10% - INR5],21.0,1.0,0.0,38.523809523809526,25500.0,train
AC000913,PH002601,4,1,0.9745437518290897,Excellent,2,Call,119.25432835820897,EV(call)=INR119 [P(RPC)=97.45% x 5% x INR25500 x 10% - INR5],15.0,0.0,0.0,27.333333333333332,25500.0,train
AC000914,PH002602,3,0,0.9745437518290897,Excellent,1,Call,900.5947813871817,EV(call)=INR901 [P(RPC)=97.45% x 5% x INR185850 x 10% - INR5],17.0,0.0,0.0,38.94117647058823,185850.0,validation
AC000914,PH002603,0,1,0.029643721318314557,Poor,2,Call,22.546428035043803,EV(call)=INR23 [P(RPC)=2.96% x 5% x INR185850 x 10% - INR5],-1.0,-1.0,-1.0,-1.0,185850.0,validation
AC000915,PH002604,3,0,0.9745437518290897,Excellent,1,Call,217.19597541703249,EV(call)=INR217 [P(RPC)=97.45% x 5% x INR45600 x 10% - INR5],13.0,0.0,0.0,56.84615384615385,45600.0,train
AC000915,PH002605,4,1,0.029209150326797384,Poor,2,Call,1.659686274509804,EV(call)=INR2 [P(RPC)=2.92% x 5% x INR45600 x 10% - INR5],-1.0,-1.0,-1.0,-1.0,45600.0,train
AC000916,PH002606,3,0,0.9891764705882353,Excellent,1,Call,3595.107764705883,EV(call)=INR3595 [P(RPC)=98.92% x 5% x INR727900 x 10% - INR5],27.0,0.0,0.0,41.074074074074076,727900.0,test
AC000917,PH002607,3,0,0.9745437518290897,Excellent,1,Call,606.0389323968393,EV(call)=INR606 [P(RPC)=97.45% x 5% x INR125400 x 10% - INR5],8.0,0.0,0.0,125.25,125400.0,validation
AC000917,PH002608,0,1,0.029209150326797384,Poor,2,Call,13.314137254901961,EV(call)=INR13 [P(RPC)=2.92% x 5% x INR125400 x 10% - INR5],-1.0,-1.0,-1.0,-1.0,125400.0,validation
AC000918,PH002610,1,1,0.10069607843137254,Poor,1,Call,109.0886568627451,EV(call)=INR109 [P(RPC)=10.07% x 5% x INR226600 x 10% - INR5],7.0,0.0,0.0,17.571428571428573,226600.0,train
AC000918,PH002609,3,0,0.008784313725490198,Poor,2,Call,4.952627450980394,EV(call)=INR5 [P(RPC)=0.88% x 5% x INR226600 x 10% - INR5],8.0,0.0,0.0,0.0,226600.0,train
AC000918,PH002611,4,2,0.008784313725490198,Poor,3,Call,4.952627450980394,EV(call)=INR5 [P(RPC)=0.88% x 5% x INR226600 x 10% - INR5],-1.0,-1.0,-1.0,-1.0,226600.0,train
AC000919,PH002612,3,0,0.9891764705882353,Excellent,1,Call,422.3242352941177,EV(call)=INR422 [P(RPC)=98.92% x 5% x INR86400 x 10% - INR5],25.0,0.0,0.0,30.52,86400.0,train
AC000919,PH002613,0,1,0.029209150326797384,Poor,2,Call,7.618352941176472,EV(call)=INR8 [P(RPC)=2.92% x 5% x INR86400 x 10% - INR5],-1.0,-1.0,-1.0,-1.0,86400.0,train
AC000919,PH002614,4,2,0.008784313725490198,Poor,3,Suppress,-1.2051764705882348,"EV(call)=INR-1, EV(visit)=INR-107 — negative economic yield",-1.0,-1.0,-1.0,-1.0,86400.0,train
AC000920,PH002615,3,0,0.8911372549019607,Excellent,1,Call,1269.326274509804,EV(call)=INR1269 [P(RPC)=89.11% x 5% x INR286000 x 10% - INR5],6.0,0.0,0.0,6.833333333333333,286000.0,validation
AC000920,PH002616,0,1,0.07136253650396328,Poor,2,Call,97.0484272006675,EV(call)=INR97 [P(RPC)=7.14% x 5% x INR286000 x 10% - INR5],-1.0,-1.0,-1.0,-1.0,286000.0,validation
AC000920,PH002617,1,2,0.008784313725490198,Poor,3,Call,7.561568627450983,EV(call)=INR8 [P(RPC)=0.88% x 5% x INR286000 x 10% - INR5],-1.0,-1.0,-1.0,-1.0,286000.0,validation
AC000920,PH002618,4,3,0.008784313725490198,Poor,4,Call,7.561568627450983,EV(call)=INR8 [P(RPC)=0.88% x 5% x INR286000 x 10% - INR5],-1.0,-1.0,-1.0,-1.0,286000.0,validation
AC000921,PH002620,0,1,0.9891764705882353,Excellent,1,Call,796.2329411764707,EV(call)=INR796 [P(RPC)=98.92% x 5% x INR162000 x 10% - INR5],24.0,0.0,11.0,15.75,162000.0,train
AC000921,PH002619,3,0,0.07136253650396328,Poor,2,Call,52.803654568210256,EV(call)=INR53 [P(RPC)=7.14% x 5% x INR162000 x 10% - INR5],19.0,2.0,4.0,2.9473684210526314,162000.0,train
AC000922,PH002622,0,1,0.9745437518290897,Excellent,1,Call,1968.451097453907,EV(call)=INR1968 [P(RPC)=97.45% x 5% x INR405000 x 10% - INR5],12.0,0.0,0.0,54.083333333333336,405000.0,train
AC000922,PH002621,3,0,0.029643721318314557,Poor,2,Call,55.02853566958699,EV(call)=INR55 [P(RPC)=2.96% x 5% x INR405000 x 10% - INR5],8.0,0.0,0.0,0.0,405000.0,train
AC000922,PH002623,4,2,0.008784313725490198,Poor,3,Call,12.788235294117651,EV(call)=INR13 [P(RPC)=0.88% x 5% x INR405000 x 10% - INR5],-1.0,-1.0,-1.0,-1.0,405000.0,train
AC000923,PH002624,3,0,0.9745437518290897,Excellent,1,Call,516.1372712906058,EV(call)=INR516 [P(RPC)=97.45% x 5% x INR106950 x 10% - INR5],20.0,0.0,0.0,19.25,106950.0,train
AC000923,PH002625,0,1,0.029643721318314557,Poor,2,Call,10.851979974968712,EV(call)=INR11 [P(RPC)=2.96% x 5% x INR106950 x 10% - INR5],16.0,0.0,0.0,0.0,106950.0,train
AC000924,PH002626,3,0,0.9891764705882353,Excellent,1,Call,1693.4160000000004,EV(call)=INR1693 [P(RPC)=98.92% x 5% x INR343400 x 10% - INR5],5.0,0.0,0.0,42.8,343400.0,test
AC000924,PH002627,0,1,0.9891764705882353,Excellent,2,Call,1693.4160000000004,EV(call)=INR1693 [P(RPC)=98.92% x 5% x INR343400 x 10% - INR5],2.0,0.0,0.0,99.0,343400.0,test
AC000924,PH002628,4,2,0.2888963585434174,Fair,3,Call,491.0350476190477,EV(call)=INR491 [P(RPC)=28.89% x 5% x INR343400 x 10% - INR5],1.0,0.0,0.0,88.0,343400.0,test
AC000925,PH002629,3,0,0.9745437518290897,Excellent,1,Call,418.9265320456541,EV(call)=INR419 [P(RPC)=97.45% x 5% x INR87000 x 10% - INR5],1.0,0.0,0.0,37.0,87000.0,train
AC000925,PH002630,1,1,0.008784313725490198,Poor,2,Suppress,-1.1788235294117637,"EV(call)=INR-1, EV(visit)=INR-106 — negative economic yield",-1.0,-1.0,-1.0,-1.0,87000.0,train
AC000925,PH002631,4,2,0.008784313725490198,Poor,3,Suppress,-1.1788235294117637,"EV(call)=INR-1, EV(visit)=INR-106 — negative economic yield",-1.0,-1.0,-1.0,-1.0,87000.0,train
AC000926,PH002632,3,0,0.9745437518290897,Excellent,1,Call,334.14122563652325,EV(call)=INR334 [P(RPC)=97.45% x 5% x INR69600 x 10% - INR5],10.0,1.0,0.0,76.6,69600.0,train
AC000926,PH002634,4,2,0.10069607843137254,Poor,2,Call,30.042235294117653,EV(call)=INR30 [P(RPC)=10.07% x 5% x INR69600 x 10% - INR5],14.0,0.0,0.0,56.357142857142854,69600.0,train
AC000926,PH002633,1,1,0.008784313725490198,Poor,3,Suppress,-1.943058823529411,"EV(call)=INR-2, EV(visit)=INR-125 — negative economic yield",2.0,2.0,0.0,13.5,69600.0,train
AC000927,PH000228,3,0,0.9424911297852473,Excellent,1,Call,2307.873232492997,EV(call)=INR2308 [P(RPC)=94.25% x 5% x INR490800 x 10% - INR5],24.0,2.0,0.0,60.875,490800.0,train
AC000928,PH005868,5,2,0.9424911297852473,Excellent,1,Call,1140.1267226890757,EV(call)=INR1140 [P(RPC)=94.25% x 5% x INR243000 x 10% - INR5],1.0,0.0,0.0,34.0,243000.0,test
AC000928,PH002636,4,1,0.43770588235294117,Good,2,Call,526.8126470588235,EV(call)=INR527 [P(RPC)=43.77% x 5% x INR243000 x 10% - INR5],7.0,0.0,0.0,5.428571428571429,243000.0,test
AC000928,PH002635,3,0,0.008784313725490198,Poor,3,Call,5.672941176470591,EV(call)=INR6 [P(RPC)=0.88% x 5% x INR243000 x 10% - INR5],8.0,1.0,6.0,1.125,243000.0,test
AC000929,PH002638,0,1,0.9745437518290897,Excellent,1,Call,619.9261808604039,EV(call)=INR620 [P(RPC)=97.45% x 5% x INR128250 x 10% - INR5],6.0,0.0,0.0,41.166666666666664,128250.0,train
AC000929,PH002639,1,2,0.7440784313725489,Excellent,2,Call,472.140294117647,EV(call)=INR472 [P(RPC)=74.41% x 5% x INR128250 x 10% - INR5],8.0,2.0,0.0,11.75,128250.0,train
AC000929,PH002640,4,3,0.2888963585434174,Fair,3,Suppress,180.2547899159664,Compliance: Verified third-party — contact strictly prohibited,6.0,0.0,0.0,40.833333333333336,128250.0,train
AC000929,PH002637,3,0,0.008784313725490198,Poor,4,Call,0.6329411764705899,EV(call)=INR1 [P(RPC)=0.88% x 5% x INR128250 x 10% - INR5],6.0,0.0,2.0,0.0,128250.0,train
AC000930,PH002641,3,0,0.9424911297852473,Excellent,1,Call,119.40882913165265,EV(call)=INR119 [P(RPC)=94.25% x 5% x INR26400 x 10% - INR5],13.0,0.0,0.0,3.6153846153846154,26400.0,train
AC000930,PH002643,4,2,0.2888963585434174,Fair,2,Call,33.1343193277311,EV(call)=INR33 [P(RPC)=28.89% x 5% x INR26400 x 10% - INR5],4.0,0.0,0.0,38.0,26400.0,train
AC000930,PH002642,0,1,0.008784313725490198,Poor,3,Suppress,-3.840470588235294,"EV(call)=INR-4, EV(visit)=INR-171 — negative economic yield",7.0,2.0,4.0,6.857142857142857,26400.0,train
AC000931,PH002644,3,0,0.9745437518290897,Excellent,1,Suppress,378.2393304067896,Compliance: Verified third-party — contact strictly prohibited,32.0,1.0,0.0,16.65625,78650.0,train
AC000931,PH005945,5,1,0.029643721318314557,Poor,2,Call,6.6573934084272,EV(call)=INR7 [P(RPC)=2.96% x 5% x INR78650 x 10% - INR5],1.0,0.0,0.0,0.0,78650.0,train
AC000932,PH002645,3,0,0.9424911297852473,Excellent,1,Call,465.77431932773106,EV(call)=INR466 [P(RPC)=94.25% x 5% x INR99900 x 10% - INR5],21.0,0.0,0.0,11.523809523809524,99900.0,validation
AC000932,PH002646,4,1,0.008784313725490198,Poor,2,Suppress,-0.6122352941176459,"EV(call)=INR-1, EV(visit)=INR-92 — negative economic yield",-1.0,-1.0,-1.0,-1.0,99900.0,validation
AC000933,PH002649,4,3,0.9424911297852473,Excellent,1,Suppress,130.24747712418298,Compliance: Verified third-party — contact strictly prohibited,15.0,1.0,0.0,31.666666666666668,28700.0,train
AC000933,PH000518,2,2,0.07136253650396328,Poor,2,Call,5.240523988318731,EV(call)=INR5 [P(RPC)=7.14% x 5% x INR28700 x 10% - INR5],8.0,0.0,0.0,7.875,28700.0,train
AC000933,PH002647,3,0,0.008784313725490198,Poor,3,Suppress,-3.7394509803921565,"EV(call)=INR-4, EV(visit)=INR-169 — negative economic yield",3.0,2.0,0.0,9.666666666666666,28700.0,train
AC000933,PH002648,0,1,0.008784313725490198,Poor,4,Suppress,-3.7394509803921565,"EV(call)=INR-4, EV(visit)=INR-169 — negative economic yield",8.0,0.0,0.0,0.0,28700.0,train
AC000934,PH005854,5,1,0.7440784313725489,Excellent,1,Call,785.5833333333333,EV(call)=INR786 [P(RPC)=74.41% x 5% x INR212500 x 10% - INR5],12.0,0.0,0.0,0.0,212500.0,train
AC000934,PH002650,3,0,0.008784313725490198,Poor,2,Call,4.333333333333336,EV(call)=INR4 [P(RPC)=0.88% x 5% x INR212500 x 10% - INR5],19.0,2.0,12.0,1.5263157894736843,212500.0,train
AC000935,PH002651,3,0,0.10069607843137254,Poor,1,Call,41.521588235294125,EV(call)=INR42 [P(RPC)=10.07% x 5% x INR92400 x 10% - INR5],11.0,1.0,0.0,9.181818181818182,92400.0,train
AC000935,PH002653,1,2,0.029643721318314557,Poor,2,Suppress,8.695399249061325,Compliance: Verified third-party — contact strictly prohibited,8.0,0.0,0.0,57.875,92400.0,train
AC000935,PH002654,4,3,0.029643721318314557,Poor,3,Call,8.695399249061325,EV(call)=INR9 [P(RPC)=2.96% x 5% x INR92400 x 10% - INR5],8.0,0.0,0.0,42.5,92400.0,train
AC000935,PH002652,0,1,0.008784313725490198,Poor,4,Suppress,-0.941647058823528,"EV(call)=INR-1, EV(visit)=INR-100 — negative economic yield",8.0,0.0,8.0,0.0,92400.0,train
AC000936,PH002655,3,0,0.008784313725490198,Poor,1,Call,16.60941176470589,EV(call)=INR17 [P(RPC)=0.88% x 5% x INR492000 x 10% - INR5],-1.0,-1.0,-1.0,-1.0,492000.0,train
AC000937,PH002657,0,1,0.9745437518290897,Excellent,1,Call,380.18841791044775,EV(call)=INR380 [P(RPC)=97.45% x 5% x INR79050 x 10% - INR5],11.0,0.0,0.0,53.63636363636363,79050.0,test
AC000937,PH002656,3,0,0.6315387206914262,Good,2,Call,244.61567935328623,EV(call)=INR245 [P(RPC)=63.15% x 5% x INR79050 x 10% - INR5],10.0,0.0,6.0,5.1,79050.0,test
AC000937,PH002658,4,2,0.008784313725490198,Poor,3,Suppress,-1.5279999999999991,Compliance: Verified third-party — contact strictly prohibited,-1.0,-1.0,-1.0,-1.0,79050.0,test
AC000938,PH002659,3,0,0.9891764705882353,Excellent,1,Call,199.26494117647064,EV(call)=INR199 [P(RPC)=98.92% x 5% x INR41300 x 10% - INR5],39.0,0.0,0.0,50.794871794871796,41300.0,train
AC000938,PH002660,1,1,0.029209150326797384,Poor,2,Call,1.0316895424836607,EV(call)=INR1 [P(RPC)=2.92% x 5% x INR41300 x 10% - INR5],-1.0,-1.0,-1.0,-1.0,41300.0,train
AC000939,PH002661,3,0,0.9424911297852473,Excellent,1,Call,832.6389915966386,EV(call)=INR833 [P(RPC)=94.25% x 5% x INR177750 x 10% - INR5],9.0,0.0,0.0,5.0,177750.0,train
AC000940,PH002662,3,0,0.9745437518290897,Excellent,1,Call,6299.810802458297,EV(call)=INR6300 [P(RPC)=97.45% x 5% x INR1293900 x 10% - INR5],33.0,0.0,0.0,61.90909090909091,1293900.0,validation
AC000940,PH002663,1,1,0.008784313725490198,Poor,2,Call,51.830117647058835,EV(call)=INR52 [P(RPC)=0.88% x 5% x INR1293900 x 10% - INR5],-1.0,-1.0,-1.0,-1.0,1293900.0,validation
AC000941,PH002664,3,0,0.9891764705882353,Excellent,1,Call,3259.282352941177,EV(call)=INR3259 [P(RPC)=98.92% x 5% x INR660000 x 10% - INR5],30.0,0.0,0.0,70.43333333333334,660000.0,train
AC000941,PH002665,0,1,0.029643721318314557,Poor,2,Call,92.82428035043804,EV(call)=INR93 [P(RPC)=2.96% x 5% x INR660000 x 10% - INR5],-1.0,-1.0,-1.0,-1.0,660000.0,train
AC000942,PH002667,0,1,0.9424911297852473,Excellent,1,Call,217.899152194211,EV(call)=INR218 [P(RPC)=94.25% x 5% x INR47300 x 10% - INR5],20.0,0.0,0.0,2.0,47300.0,train
AC000942,PH002668,4,2,0.10069607843137254,Poor,2,Call,18.81462254901961,EV(call)=INR19 [P(RPC)=10.07% x 5% x INR47300 x 10% - INR5],11.0,0.0,0.0,47.63636363636363,47300.0,train
AC000942,PH002666,3,0,0.008784313725490198,Poor,3,Suppress,-2.922509803921568,"EV(call)=INR-3, EV(visit)=INR-149 — negative economic yield",3.0,0.0,0.0,0.0,47300.0,train
AC000943,PH002669,3,0,0.029643721318314557,Poor,1,Call,49.225777221526904,EV(call)=INR49 [P(RPC)=2.96% x 5% x INR365850 x 10% - INR5],-1.0,-1.0,-1.0,-1.0,365850.0,test
AC000943,PH002670,1,1,0.029643721318314557,Poor,2,Call,49.225777221526904,EV(call)=INR49 [P(RPC)=2.96% x 5% x INR365850 x 10% - INR5],-1.0,-1.0,-1.0,-1.0,365850.0,test
AC000943,PH002671,4,2,0.008784313725490198,Poor,3,Call,11.068705882352944,EV(call)=INR11 [P(RPC)=0.88% x 5% x INR365850 x 10% - INR5],-1.0,-1.0,-1.0,-1.0,365850.0,test
AC000944,PH002672,3,0,0.029209150326797384,Poor,1,Call,4.463764705882353,EV(call)=INR4 [P(RPC)=2.92% x 5% x INR64800 x 10% - INR5],5.0,2.0,0.0,9.6,64800.0,test
AC000945,PH002673,0,1,0.9424911297852473,Excellent,1,Call,2577.89694117647,EV(call)=INR2578 [P(RPC)=94.25% x 5% x INR548100 x 10% - INR5],9.0,0.0,0.0,16.333333333333332,548100.0,train
AC000945,PH000211,3,0,0.8491204481792716,Excellent,2,Call,2322.014588235294,EV(call)=INR2322 [P(RPC)=84.91% x 5% x INR548100 x 10% - INR5],13.0,0.0,0.0,34.0,548100.0,train
AC000946,PH002674,3,0,0.8491204481792716,Excellent,1,Call,304.92896358543413,EV(call)=INR305 [P(RPC)=84.91% x 5% x INR73000 x 10% - INR5],18.0,0.0,3.0,8.277777777777779,73000.0,test
AC000946,PH002675,1,1,0.011357912563610663,Poor,2,Suppress,-0.8543619142821077,"EV(call)=INR-1, EV(visit)=INR-121 — negative economic yield",-1.0,-1.0,-1.0,-1.0,73000.0,test
AC000947,PH002677,0,1,0.9424911297852473,Excellent,1,Call,364.456522875817,EV(call)=INR364 [P(RPC)=94.25% x 5% x INR78400 x 10% - INR5],3.0,0.0,0.0,16.666666666666668,78400.0,test
AC000947,PH002676,3,0,0.008784313725490198,Poor,2,Suppress,-1.556549019607842,"EV(call)=INR-2, EV(visit)=INR-115 — negative economic yield",8.0,0.0,8.0,0.0,78400.0,test
AC000947,PH002678,1,2,0.008784313725490198,Poor,3,Suppress,-1.556549019607842,"EV(call)=INR-2, EV(visit)=INR-115 — negative economic yield",-1.0,-1.0,-1.0,-1.0,78400.0,test
AC000948,PH002680,0,1,0.9891764705882353,Excellent,1,Call,2124.2023529411767,EV(call)=INR2124 [P(RPC)=98.92% x 5% x INR430500 x 10% - INR5],23.0,0.0,0.0,63.34782608695652,430500.0,train
AC000948,PH002679,3,0,0.029643721318314557,Poor,2,Call,58.80811013767209,EV(call)=INR59 [P(RPC)=2.96% x 5% x INR430500 x 10% - INR5],8.0,0.0,0.0,0.0,430500.0,train
AC000949,PH002681,3,0,0.9745437518290897,Excellent,1,Call,992.6891659350308,EV(call)=INR993 [P(RPC)=97.45% x 5% x INR204750 x 10% - INR5],18.0,0.0,0.0,4.666666666666667,204750.0,train
AC000949,PH002682,1,1,0.7440784313725489,Excellent,2,Call,756.750294117647,EV(call)=INR757 [P(RPC)=74.41% x 5% x INR204750 x 10% - INR5],4.0,2.0,0.0,22.0,204750.0,train
AC000950,PH002683,3,0,0.9745437518290897,Excellent,1,Call,463.2682727538776,EV(call)=INR463 [P(RPC)=97.45% x 5% x INR96100 x 10% - INR5],3.0,0.0,0.0,150.66666666666666,96100.0,train
AC000951,PH002685,4,1,0.8042663384889368,Excellent,1,Call,796.0492731349811,EV(call)=INR796 [P(RPC)=80.43% x 5% x INR199200 x 10% - INR5],18.0,0.0,0.0,21.333333333333332,199200.0,test
AC000951,PH002684,3,0,0.43770588235294117,Good,2,Call,430.9550588235294,EV(call)=INR431 [P(RPC)=43.77% x 5% x INR199200 x 10% - INR5],20.0,1.0,0.0,50.3,199200.0,test
AC000952,PH002686,3,0,0.9745437518290897,Excellent,1,Call,386.27931635937955,EV(call)=INR386 [P(RPC)=97.45% x 5% x INR80300 x 10% - INR5],15.0,0.0,0.0,43.666666666666664,80300.0,train
AC000953,PH002687,3,0,0.9745437518290897,Excellent,1,Call,2951.7657430494583,EV(call)=INR2952 [P(RPC)=97.45% x 5% x INR606800 x 10% - INR5],14.0,0.0,0.0,75.21428571428571,606800.0,test
AC000954,PH002688,3,0,0.9891764705882353,Excellent,1,Call,962.6618823529412,EV(call)=INR963 [P(RPC)=98.92% x 5% x INR195650 x 10% - INR5],12.0,0.0,0.0,31.166666666666668,195650.0,train
AC000954,PH002689,4,1,0.008784313725490198,Poor,2,Call,3.593254901960787,EV(call)=INR4 [P(RPC)=0.88% x 5% x INR195650 x 10% - INR5],-1.0,-1.0,-1.0,-1.0,195650.0,train
AC000955,PH002690,3,0,0.9745437518290897,Excellent,1,Call,110.7270705297044,EV(call)=INR111 [P(RPC)=97.45% x 5% x INR23750 x 10% - INR5],15.0,0.0,0.0,32.06666666666667,23750.0,train
AC000955,PH002693,4,3,0.029209150326797384,Poor,2,Suppress,-1.5314133986928105,"EV(call)=INR-2, EV(visit)=INR-174 — negative economic yield",-1.0,-1.0,-1.0,-1.0,23750.0,train
AC000955,PH002691,0,1,0.008784313725490198,Poor,3,Suppress,-3.956862745098039,"EV(call)=INR-4, EV(visit)=INR-174 — negative economic yield",8.0,0.0,8.0,0.0,23750.0,train
AC000955,PH002692,1,2,0.008784313725490198,Poor,4,Suppress,-3.956862745098039,"EV(call)=INR-4, EV(visit)=INR-174 — negative economic yield",2.0,0.0,0.0,0.0,23750.0,train
AC000956,PH002694,3,0,0.008784313725490198,Poor,1,Suppress,-0.5529411764705872,"EV(call)=INR-1, EV(visit)=INR-91 — negative economic yield",8.0,0.0,8.0,0.0,101250.0,train
AC000957,PH002695,3,0,0.9424911297852473,Excellent,1,Call,710.3507675070027,EV(call)=INR710 [P(RPC)=94.25% x 5% x INR151800 x 10% - INR5],17.0,0.0,0.0,3.9411764705882355,151800.0,train
AC000957,PH002697,1,2,0.10069607843137254,Poor,2,Call,71.42832352941177,EV(call)=INR71 [P(RPC)=10.07% x 5% x INR151800 x 10% - INR5],4.0,2.0,0.0,12.0,151800.0,train
AC000957,PH002696,0,1,0.008784313725490198,Poor,3,Call,1.6672941176470601,EV(call)=INR2 [P(RPC)=0.88% x 5% x INR151800 x 10% - INR5],8.0,0.0,8.0,0.0,151800.0,train
AC000958,PH002698,3,0,0.9745437518290897,Excellent,1,Call,2242.5415276558383,EV(call)=INR2243 [P(RPC)=97.45% x 5% x INR461250 x 10% - INR5],28.0,1.0,0.0,8.607142857142858,461250.0,train
AC000959,PH002700,1,1,0.9745437518290897,Excellent,1,Call,1147.641622475856,EV(call)=INR1148 [P(RPC)=97.45% x 5% x INR236550 x 10% - INR5],18.0,0.0,0.0,18.88888888888889,236550.0,train
AC000959,PH002699,3,0,0.029643721318314557,Poor,2,Call,30.061111389236544,EV(call)=INR30 [P(RPC)=2.96% x 5% x INR236550 x 10% - INR5],16.0,0.0,0.0,0.0,236550.0,train
AC000960,PH002701,3,0,0.9891764705882353,Excellent,1,Call,321.4282352941177,EV(call)=INR321 [P(RPC)=98.92% x 5% x INR66000 x 10% - INR5],9.0,0.0,0.0,73.55555555555556,66000.0,train
AC000960,PH002702,4,1,0.008784313725490198,Poor,2,Suppress,-2.1011764705882343,Compliance: Verified invalid/wrong phone number,-1.0,-1.0,-1.0,-1.0,66000.0,train
AC000961,PH002703,3,0,0.9891764705882353,Excellent,1,Call,493.0503529411765,EV(call)=INR493 [P(RPC)=98.92% x 5% x INR100700 x 10% - INR5],24.0,0.0,0.0,62.625,100700.0,train
AC000962,PH002705,1,1,0.9891764705882353,Excellent,1,Call,211.3823529411765,EV(call)=INR211 [P(RPC)=98.92% x 5% x INR43750 x 10% - INR5],20.0,1.0,0.0,53.15,43750.0,train
AC000962,PH002706,4,2,0.7440784313725489,Excellent,2,Call,157.76715686274508,EV(call)=INR158 [P(RPC)=74.41% x 5% x INR43750 x 10% - INR5],2.0,0.0,0.0,26.0,43750.0,train
AC000962,PH002704,3,0,0.029209150326797384,Poor,3,Call,1.3895016339869288,EV(call)=INR1 [P(RPC)=2.92% x 5% x INR43750 x 10% - INR5],8.0,0.0,0.0,0.0,43750.0,train
AC000963,PH002707,3,0,0.7440784313725489,Excellent,1,Call,1346.8044901960784,EV(call)=INR1347 [P(RPC)=74.41% x 5% x INR363350 x 10% - INR5],11.0,0.0,0.0,33.0,363350.0,test
AC000963,PH002708,4,1,0.008784313725490198,Poor,2,Call,10.958901960784317,EV(call)=INR11 [P(RPC)=0.88% x 5% x INR363350 x 10% - INR5],-1.0,-1.0,-1.0,-1.0,363350.0,test
AC000964,PH002709,3,0,0.9891764705882353,Excellent,1,Call,583.312705882353,EV(call)=INR583 [P(RPC)=98.92% x 5% x INR118950 x 10% - INR5],21.0,0.0,0.0,23.904761904761905,118950.0,train
AC000964,PH002710,1,1,0.008784313725490198,Poor,2,Call,0.2244705882352953,EV(call)=INR0 [P(RPC)=0.88% x 5% x INR118950 x 10% - INR5],-1.0,-1.0,-1.0,-1.0,118950.0,train
AC000965,PH002711,3,0,0.9424911297852473,Excellent,1,Call,400.27118580765637,EV(call)=INR400 [P(RPC)=94.25% x 5% x INR86000 x 10% - INR5],9.0,0.0,0.0,6.777777777777778,86000.0,train
AC000965,PH000524,2,1,0.8257777777777777,Excellent,2,Call,350.08444444444444,EV(call)=INR350 [P(RPC)=82.58% x 5% x INR86000 x 10% - INR5],3.0,0.0,0.0,43.666666666666664,86000.0,train
AC000965,PH002712,4,2,0.8257777777777777,Excellent,3,Call,350.08444444444444,EV(call)=INR350 [P(RPC)=82.58% x 5% x INR86000 x 10% - INR5],5.0,0.0,0.0,48.2,86000.0,train
AC000966,PH002713,3,0,0.008784313725490198,Poor,1,Call,24.19905882352942,EV(call)=INR24 [P(RPC)=0.88% x 5% x INR664800 x 10% - INR5],9.0,0.0,3.0,0.0,664800.0,train
AC000967,PH000426,2,1,0.9424911297852473,Excellent,1,Call,433.0227525676937,EV(call)=INR433 [P(RPC)=94.25% x 5% x INR92950 x 10% - INR5],36.0,0.0,0.0,28.13888888888889,92950.0,train
AC000967,PH002714,3,0,0.008784313725490198,Poor,2,Suppress,-0.9174901960784299,"EV(call)=INR-1, EV(visit)=INR-100 — negative economic yield",2.0,0.0,0.0,0.0,92950.0,train
AC000968,PH002716,0,1,0.9424911297852473,Excellent,1,Call,507.71517460317455,EV(call)=INR508 [P(RPC)=94.25% x 5% x INR108800 x 10% - INR5],3.0,0.0,0.0,14.0,108800.0,train
AC000968,PH002715,3,0,0.029643721318314557,Poor,2,Call,11.126184397163119,EV(call)=INR11 [P(RPC)=2.96% x 5% x INR108800 x 10% - INR5],8.0,1.0,0.0,2.5,108800.0,train
AC000968,PH002717,4,2,0.008784313725490198,Poor,3,Suppress,-0.22133333333333205,"EV(call)=INR-0, EV(visit)=INR-82 — negative economic yield",-1.0,-1.0,-1.0,-1.0,108800.0,train
AC000969,PH002720,4,2,0.029643721318314557,Poor,1,Call,0.869456821026283,EV(call)=INR1 [P(RPC)=2.96% x 5% x INR39600 x 10% - INR5],8.0,0.0,0.0,49.375,39600.0,train
AC000969,PH002719,0,1,0.029209150326797384,Poor,2,Call,0.7834117647058827,EV(call)=INR1 [P(RPC)=2.92% x 5% x INR39600 x 10% - INR5],8.0,1.0,2.0,1.5,39600.0,train
AC000969,PH002718,3,0,0.008784313725490198,Poor,3,Suppress,-3.2607058823529407,"EV(call)=INR-3, EV(visit)=INR-157 — negative economic yield",11.0,0.0,0.0,0.0,39600.0,train
AC000970,PH002721,3,0,0.9745437518290897,Excellent,1,Call,1002.6782393912789,EV(call)=INR1003 [P(RPC)=97.45% x 5% x INR206800 x 10% - INR5],16.0,0.0,0.0,86.1875,206800.0,train
AC000970,PH002722,4,1,0.008784313725490198,Poor,2,Call,4.082980392156864,EV(call)=INR4 [P(RPC)=0.88% x 5% x INR206800 x 10% - INR5],-1.0,-1.0,-1.0,-1.0,206800.0,train
AC000971,PH002724,1,1,0.9424911297852473,Excellent,1,Call,2351.2278244631184,EV(call)=INR2351 [P(RPC)=94.25% x 5% x INR500000 x 10% - INR5],14.0,0.0,0.0,7.714285714285714,500000.0,train
AC000971,PH002725,4,2,0.2888963585434174,Fair,2,Call,717.2408963585435,EV(call)=INR717 [P(RPC)=28.89% x 5% x INR500000 x 10% - INR5],2.0,0.0,0.0,44.5,500000.0,train
AC000971,PH002723,3,0,0.008784313725490198,Poor,3,Call,16.960784313725497,EV(call)=INR17 [P(RPC)=0.88% x 5% x INR500000 x 10% - INR5],8.0,0.0,2.0,0.0,500000.0,train
AC000972,PH002727,4,1,0.7440784313725489,Excellent,1,Call,901.2875294117647,EV(call)=INR901 [P(RPC)=74.41% x 5% x INR243600 x 10% - INR5],18.0,0.0,0.0,23.77777777777778,243600.0,test
AC000972,PH002726,3,0,0.008784313725490198,Poor,2,Call,5.699294117647062,EV(call)=INR6 [P(RPC)=0.88% x 5% x INR243600 x 10% - INR5],2.0,0.0,0.0,0.0,243600.0,test
AC000973,PH002728,3,0,0.8911372549019607,Excellent,1,Call,749.7932549019608,EV(call)=INR750 [P(RPC)=89.11% x 5% x INR169400 x 10% - INR5],3.0,0.0,0.0,57.666666666666664,169400.0,test
AC000973,PH002729,1,1,0.029643721318314557,Poor,2,Call,20.108231956612432,EV(call)=INR20 [P(RPC)=2.96% x 5% x INR169400 x 10% - INR5],-1.0,-1.0,-1.0,-1.0,169400.0,test
AC000974,PH002731,4,1,0.2888963585434174,Fair,1,Call,139.4481792717087,EV(call)=INR139 [P(RPC)=28.89% x 5% x INR100000 x 10% - INR5],16.0,2.0,0.0,18.8125,100000.0,validation
AC000974,PH005958,5,2,0.029643721318314557,Poor,2,Call,9.821860659157279,EV(call)=INR10 [P(RPC)=2.96% x 5% x INR100000 x 10% - INR5],-1.0,-1.0,-1.0,-1.0,100000.0,validation
AC000974,PH002730,3,0,0.029209150326797384,Poor,3,Call,9.604575163398692,EV(call)=INR10 [P(RPC)=2.92% x 5% x INR100000 x 10% - INR5],6.0,2.0,0.0,6.166666666666667,100000.0,validation
AC000975,PH002732,3,0,0.9745437518290897,Excellent,1,Call,662.5624700029266,EV(call)=INR663 [P(RPC)=97.45% x 5% x INR137000 x 10% - INR5],6.0,0.0,0.0,60.833333333333336,137000.0,validation
AC000975,PH002733,1,1,0.029643721318314557,Poor,2,Call,15.305949103045474,EV(call)=INR15 [P(RPC)=2.96% x 5% x INR137000 x 10% - INR5],-1.0,-1.0,-1.0,-1.0,137000.0,validation
AC000976,PH002734,3,0,0.8491204481792716,Excellent,1,Call,788.5030588235294,EV(call)=INR789 [P(RPC)=84.91% x 5% x INR186900 x 10% - INR5],7.0,0.0,0.0,6.0,186900.0,train
AC000976,PH002735,0,1,0.029643721318314557,Poor,2,Call,22.702057571964954,EV(call)=INR23 [P(RPC)=2.96% x 5% x INR186900 x 10% - INR5],-1.0,-1.0,-1.0,-1.0,186900.0,train
AC000977,PH002736,3,0,0.9745437518290897,Excellent,1,Call,957.3619549312261,EV(call)=INR957 [P(RPC)=97.45% x 5% x INR197500 x 10% - INR5],17.0,0.0,8.0,83.88235294117646,197500.0,train
AC000977,PH002737,0,1,0.029643721318314557,Poor,2,Call,24.273174801835626,EV(call)=INR24 [P(RPC)=2.96% x 5% x INR197500 x 10% - INR5],7.0,1.0,0.0,1.5714285714285714,197500.0,train
AC000978,PH002738,3,0,0.9745437518290897,Excellent,1,Call,2009.3819350307285,EV(call)=INR2009 [P(RPC)=97.45% x 5% x INR413400 x 10% - INR5],9.0,0.0,0.0,37.55555555555556,413400.0,train
AC000979,PH002739,3,0,0.008784313725490198,Poor,1,Suppress,-1.8288627450980384,"EV(call)=INR-2, EV(visit)=INR-122 — negative economic yield",4.0,0.0,0.0,0.0,72200.0,train
AC000979,PH002740,0,1,0.008784313725490198,Poor,2,Suppress,-1.8288627450980384,"EV(call)=INR-2, EV(visit)=INR-122 — negative economic yield",-1.0,-1.0,-1.0,-1.0,72200.0,train
AC000979,PH002741,1,2,0.008784313725490198,Poor,3,Suppress,-1.8288627450980384,"EV(call)=INR-2, EV(visit)=INR-122 — negative economic yield",-1.0,-1.0,-1.0,-1.0,72200.0,train
AC000979,PH002742,4,3,0.008784313725490198,Poor,4,Suppress,-1.8288627450980384,"EV(call)=INR-2, EV(visit)=INR-122 — negative economic yield",-1.0,-1.0,-1.0,-1.0,72200.0,train
AC000980,PH002744,1,1,0.2888963585434174,Fair,1,Call,50.612549019607854,EV(call)=INR51 [P(RPC)=28.89% x 5% x INR38500 x 10% - INR5],7.0,2.0,0.0,9.714285714285714,38500.0,validation
AC000980,PH002743,3,0,0.029209150326797384,Poor,2,Call,0.6227614379084976,EV(call)=INR1 [P(RPC)=2.92% x 5% x INR38500 x 10% - INR5],13.0,2.0,7.0,3.076923076923077,38500.0,validation
AC000981,PH005899,5,2,0.9891764705882353,Excellent,1,Call,588.5058823529413,EV(call)=INR589 [P(RPC)=98.92% x 5% x INR120000 x 10% - INR5],12.0,0.0,0.0,58.5,120000.0,train
AC000981,PH000146,3,0,0.9424911297852473,Excellent,2,Call,560.4946778711484,EV(call)=INR560 [P(RPC)=94.25% x 5% x INR120000 x 10% - INR5],26.0,0.0,0.0,28.576923076923077,120000.0,train
AC000981,PH002745,0,1,0.008784313725490198,Poor,3,Call,0.27058823529411935,EV(call)=INR0 [P(RPC)=0.88% x 5% x INR120000 x 10% - INR5],7.0,0.0,5.0,0.0,120000.0,train
AC000982,PH002747,0,1,0.9891764705882353,Excellent,1,Call,1249.7703529411767,EV(call)=INR1250 [P(RPC)=98.92% x 5% x INR253700 x 10% - INR5],23.0,0.0,0.0,22.869565217391305,253700.0,train
AC000982,PH002748,4,2,0.07136253650396328,Poor,2,Call,85.52337755527742,EV(call)=INR86 [P(RPC)=7.14% x 5% x INR253700 x 10% - INR5],8.0,0.0,0.0,5.5,253700.0,train
AC000982,PH002746,3,0,0.029643721318314557,Poor,3,Call,32.60306049228202,EV(call)=INR33 [P(RPC)=2.96% x 5% x INR253700 x 10% - INR5],8.0,2.0,0.0,5.375,253700.0,train
AC000983,PH002750,0,1,0.9251487280106795,Excellent,1,Call,262.1366952130838,EV(call)=INR262 [P(RPC)=92.51% x 5% x INR57750 x 10% - INR5],14.0,0.0,0.0,7.785714285714286,57750.0,train
AC000983,PH002749,3,0,0.008784313725490198,Poor,2,Suppress,-2.4635294117647053,"EV(call)=INR-2, EV(visit)=INR-138 — negative economic yield",8.0,0.0,0.0,0.0,57750.0,train
AC000983,PH002751,1,2,0.008784313725490198,Poor,3,Suppress,-2.4635294117647053,"EV(call)=INR-2, EV(visit)=INR-138 — negative economic yield",2.0,0.0,0.0,0.0,57750.0,train
AC000983,PH002752,4,3,0.008784313725490198,Poor,4,Suppress,-2.4635294117647053,"EV(call)=INR-2, EV(visit)=INR-138 — negative economic yield",-1.0,-1.0,-1.0,-1.0,57750.0,train
AC000984,PH002753,3,0,0.9424911297852473,Excellent,1,Call,699.2764967320261,EV(call)=INR699 [P(RPC)=94.25% x 5% x INR149450 x 10% - INR5],10.0,0.0,0.0,3.5,149450.0,train
AC000984,PH002755,4,2,0.7440784313725489,Excellent,2,Call,551.0126078431372,EV(call)=INR551 [P(RPC)=74.41% x 5% x INR149450 x 10% - INR5],4.0,0.0,0.0,40.0,149450.0,train
AC000984,PH002754,0,1,0.029643721318314557,Poor,3,Call,17.151270755110556,EV(call)=INR17 [P(RPC)=2.96% x 5% x INR149450 x 10% - INR5],8.0,0.0,0.0,0.0,149450.0,train
AC000985,PH002757,0,1,0.9745437518290897,Excellent,1,Call,1445.1211027216857,EV(call)=INR1445 [P(RPC)=97.45% x 5% x INR297600 x 10% - INR5],21.0,0.0,1.0,22.285714285714285,297600.0,train
AC000985,PH002758,4,2,0.9424911297852473,Excellent,2,Call,1397.426801120448,EV(call)=INR1397 [P(RPC)=94.25% x 5% x INR297600 x 10% - INR5],12.0,1.0,0.0,46.333333333333336,297600.0,train
AC000985,PH002756,3,0,0.8257777777777777,Excellent,3,Suppress,1223.7573333333335,Compliance: Verified invalid/wrong phone number,11.0,0.0,7.0,9.090909090909092,297600.0,train
AC000986,PH002759,3,0,0.8491204481792716,Excellent,1,Call,1009.6989355742297,EV(call)=INR1010 [P(RPC)=84.91% x 5% x INR239000 x 10% - INR5],9.0,0.0,2.0,11.333333333333334,239000.0,train
AC000986,PH002760,4,1,0.2888963585434174,Fair,2,Call,340.2311484593838,EV(call)=INR340 [P(RPC)=28.89% x 5% x INR239000 x 10% - INR5],3.0,0.0,0.0,40.666666666666664,239000.0,train
AC000987,PH002763,4,2,0.9424911297852473,Excellent,1,Call,405.6905098039215,EV(call)=INR406 [P(RPC)=94.25% x 5% x INR87150 x 10% - INR5],12.0,0.0,0.0,28.583333333333332,87150.0,test
AC000987,PH002762,1,1,0.8257777777777777,Excellent,2,Call,354.8326666666667,EV(call)=INR355 [P(RPC)=82.58% x 5% x INR87150 x 10% - INR5],10.0,0.0,0.0,19.6,87150.0,test
AC000987,PH002761,3,0,0.2888963585434174,Fair,3,Call,120.88658823529414,EV(call)=INR121 [P(RPC)=28.89% x 5% x INR87150 x 10% - INR5],12.0,2.0,0.0,10.166666666666666,87150.0,test
AC000988,PH002764,3,0,0.9891764705882353,Excellent,1,Call,1399.6305882352945,EV(call)=INR1400 [P(RPC)=98.92% x 5% x INR284000 x 10% - INR5],25.0,0.0,0.0,33.36,284000.0,train
AC000988,PH002765,1,1,0.10069607843137254,Poor,2,Call,137.98843137254903,EV(call)=INR138 [P(RPC)=10.07% x 5% x INR284000 x 10% - INR5],7.0,0.0,0.0,14.857142857142858,284000.0,train
AC000988,PH002766,4,2,0.029209150326797384,Poor,3,Call,36.47699346405229,EV(call)=INR36 [P(RPC)=2.92% x 5% x INR284000 x 10% - INR5],-1.0,-1.0,-1.0,-1.0,284000.0,train
AC000989,PH002767,3,0,0.9891764705882353,Excellent,1,Call,67.70447058823531,EV(call)=INR68 [P(RPC)=98.92% x 5% x INR14700 x 10% - INR5],21.0,0.0,1.0,28.571428571428573,14700.0,train
AC000989,PH002768,0,1,0.9891764705882353,Excellent,2,Call,67.70447058823531,EV(call)=INR68 [P(RPC)=98.92% x 5% x INR14700 x 10% - INR5],15.0,1.0,1.0,36.06666666666667,14700.0,train
AC000990,PH002769,3,0,0.9745437518290897,Excellent,1,Call,635.275244951712,EV(call)=INR635 [P(RPC)=97.45% x 5% x INR131400 x 10% - INR5],10.0,0.0,0.0,32.9,131400.0,train
AC000990,PH000390,2,1,0.008784313725490198,Poor,2,Call,0.7712941176470602,EV(call)=INR1 [P(RPC)=0.88% x 5% x INR131400 x 10% - INR5],-1.0,-1.0,-1.0,-1.0,131400.0,train
AC000990,PH002770,4,2,0.008784313725490198,Poor,3,Call,0.7712941176470602,EV(call)=INR1 [P(RPC)=0.88% x 5% x INR131400 x 10% - INR5],-1.0,-1.0,-1.0,-1.0,131400.0,train
AC000991,PH002771,3,0,0.8911372549019607,Excellent,1,Call,1532.2117647058824,EV(call)=INR1532 [P(RPC)=89.11% x 5% x INR345000 x 10% - INR5],10.0,0.0,7.0,3.6,345000.0,train
AC000991,PH002772,4,1,0.10069607843137254,Poor,2,Call,168.70073529411766,EV(call)=INR169 [P(RPC)=10.07% x 5% x INR345000 x 10% - INR5],6.0,0.0,0.0,46.833333333333336,345000.0,train
AC000992,PH002773,3,0,0.029643721318314557,Poor,1,Suppress,-3.3621843971631207,"EV(call)=INR-3, EV(visit)=INR-188 — negative economic yield",7.0,2.0,0.0,8.571428571428571,11050.0,test
AC000993,PH002774,3,0,0.9745437518290897,Excellent,1,Call,781.94407960199,EV(call)=INR782 [P(RPC)=97.45% x 5% x INR161500 x 10% - INR5],18.0,1.0,0.0,33.94444444444444,161500.0,train
AC000993,PH005947,5,2,0.07136253650396328,Poor,2,Call,52.625248226950355,EV(call)=INR53 [P(RPC)=7.14% x 5% x INR161500 x 10% - INR5],-1.0,-1.0,-1.0,-1.0,161500.0,train
AC000993,PH002775,4,1,0.008784313725490198,Poor,3,Call,2.0933333333333355,EV(call)=INR2 [P(RPC)=0.88% x 5% x INR161500 x 10% - INR5],7.0,0.0,4.0,0.0,161500.0,train
AC000994,PH002777,0,1,0.9891764705882353,Excellent,1,Call,260.3465882352942,EV(call)=INR260 [P(RPC)=98.92% x 5% x INR53650 x 10% - INR5],26.0,0.0,0.0,56.11538461538461,53650.0,train
AC000994,PH002776,3,0,0.029209150326797384,Poor,2,Call,2.8353545751633993,EV(call)=INR3 [P(RPC)=2.92% x 5% x INR53650 x 10% - INR5],8.0,0.0,0.0,0.0,53650.0,train
AC000994,PH002778,4,2,0.008784313725490198,Poor,3,Suppress,-2.643607843137254,"EV(call)=INR-3, EV(visit)=INR-142 — negative economic yield",-1.0,-1.0,-1.0,-1.0,53650.0,train
AC000995,PH002780,1,1,0.9891764705882353,Excellent,1,Call,1354.3757647058826,EV(call)=INR1354 [P(RPC)=98.92% x 5% x INR274850 x 10% - INR5],28.0,0.0,0.0,96.71428571428571,274850.0,validation
AC000995,PH002779,3,0,0.07136253650396328,Poor,2,Call,93.06996579057154,EV(call)=INR93 [P(RPC)=7.14% x 5% x INR274850 x 10% - INR5],8.0,1.0,0.0,1.0,274850.0,validation
AC000995,PH002781,4,2,0.029209150326797384,Poor,3,Call,35.14067483660131,EV(call)=INR35 [P(RPC)=2.92% x 5% x INR274850 x 10% - INR5],-1.0,-1.0,-1.0,-1.0,274850.0,validation
AC000996,PH002782,3,0,0.9424911297852473,Excellent,1,Call,890.366573295985,EV(call)=INR890 [P(RPC)=94.25% x 5% x INR190000 x 10% - INR5],2.0,0.0,0.0,23.5,190000.0,train
AC000996,PH000574,2,1,0.10069607843137254,Poor,2,Call,90.66127450980395,EV(call)=INR91 [P(RPC)=10.07% x 5% x INR190000 x 10% - INR5],4.0,0.0,0.0,19.25,190000.0,train
AC000996,PH002783,4,2,0.008784313725490198,Poor,3,Call,3.3450980392156886,EV(call)=INR3 [P(RPC)=0.88% x 5% x INR190000 x 10% - INR5],-1.0,-1.0,-1.0,-1.0,190000.0,train
AC000997,PH002784,3,0,0.8911372549019607,Excellent,1,Call,213.32862745098043,EV(call)=INR213 [P(RPC)=89.11% x 5% x INR49000 x 10% - INR5],4.0,0.0,0.0,37.25,49000.0,train
AC000998,PH002785,3,0,0.9424911297852473,Excellent,1,Call,2292.3221288515406,EV(call)=INR2292 [P(RPC)=94.25% x 5% x INR487500 x 10% - INR5],21.0,0.0,1.0,12.428571428571429,487500.0,train
AC000999,PH002786,3,0,0.8491204481792716,Excellent,1,Call,1247.4526610644257,EV(call)=INR1247 [P(RPC)=84.91% x 5% x INR295000 x 10% - INR5],7.0,0.0,0.0,11.285714285714286,295000.0,train
AC000999,PH002787,0,1,0.029643721318314557,Poor,2,Call,38.72448894451398,EV(call)=INR39 [P(RPC)=2.96% x 5% x INR295000 x 10% - INR5],-1.0,-1.0,-1.0,-1.0,295000.0,train
AC000999,PH002788,1,2,0.008784313725490198,Poor,3,Call,7.956862745098043,EV(call)=INR8 [P(RPC)=0.88% x 5% x INR295000 x 10% - INR5],-1.0,-1.0,-1.0,-1.0,295000.0,train
AC000999,PH000595,2,3,0.008784313725490198,Poor,4,Call,7.956862745098043,EV(call)=INR8 [P(RPC)=0.88% x 5% x INR295000 x 10% - INR5],-1.0,-1.0,-1.0,-1.0,295000.0,train
AC001000,PH002789,3,0,0.9745437518290897,Excellent,1,Call,493.966400936494,EV(call)=INR494 [P(RPC)=97.45% x 5% x INR102400 x 10% - INR5],7.0,0.0,0.0,84.85714285714286,102400.0,train
AC001000,PH002790,0,1,0.029643721318314557,Poor,2,Call,10.177585314977055,EV(call)=INR10 [P(RPC)=2.96% x 5% x INR102400 x 10% - INR5],-1.0,-1.0,-1.0,-1.0,102400.0,train
AC001001,PH002791,3,0,0.9891764705882353,Excellent,1,Call,117.6578823529412,EV(call)=INR118 [P(RPC)=98.92% x 5% x INR24800 x 10% - INR5],27.0,0.0,0.0,97.25925925925925,24800.0,train
AC001001,PH002792,1,1,0.008784313725490198,Poor,2,Suppress,-3.9107450980392153,"EV(call)=INR-4, EV(visit)=INR-173 — negative economic yield",-1.0,-1.0,-1.0,-1.0,24800.0,train
AC001002,PH002793,3,0,0.9745437518290897,Excellent,1,Call,269.8213380158033,EV(call)=INR270 [P(RPC)=97.45% x 5% x INR56400 x 10% - INR5],14.0,0.0,1.0,95.21428571428571,56400.0,test
AC001002,PH002794,4,1,0.008784313725490198,Poor,2,Suppress,-2.522823529411764,"EV(call)=INR-3, EV(visit)=INR-139 — negative economic yield",-1.0,-1.0,-1.0,-1.0,56400.0,test
AC001003,PH002796,0,1,0.9891764705882353,Excellent,1,Call,628.5675294117648,EV(call)=INR629 [P(RPC)=98.92% x 5% x INR128100 x 10% - INR5],29.0,1.0,0.0,42.172413793103445,128100.0,validation
AC001003,PH002795,3,0,0.9745437518290897,Excellent,2,Call,619.1952730465321,EV(call)=INR619 [P(RPC)=97.45% x 5% x INR128100 x 10% - INR5],22.0,1.0,0.0,26.681818181818183,128100.0,validation
AC001003,PH002797,1,2,0.029209150326797384,Poor,3,Call,13.708460784313726,EV(call)=INR14 [P(RPC)=2.92% x 5% x INR128100 x 10% - INR5],-1.0,-1.0,-1.0,-1.0,128100.0,validation
AC001003,PH002798,4,3,0.008784313725490198,Poor,4,Call,0.6263529411764717,EV(call)=INR1 [P(RPC)=0.88% x 5% x INR128100 x 10% - INR5],-1.0,-1.0,-1.0,-1.0,128100.0,validation
AC001004,PH005928,5,1,0.9745437518290897,Excellent,1,Call,2186.5052619256658,EV(call)=INR2187 [P(RPC)=97.45% x 5% x INR449750 x 10% - INR5],10.0,0.0,0.0,43.7,449750.0,test
AC001004,PH002799,3,0,0.2888963585434174,Fair,2,Suppress,644.6556862745099,Compliance: Verified invalid/wrong phone number,15.0,1.0,2.0,6.4,449750.0,test
AC001005,PH002800,3,0,0.9745437518290897,Excellent,1,Call,2085.3963476733975,EV(call)=INR2085 [P(RPC)=97.45% x 5% x INR429000 x 10% - INR5],4.0,0.0,0.0,70.5,429000.0,train
AC001005,PH002801,0,1,0.07136253650396328,Poor,2,Call,148.07264080100126,EV(call)=INR148 [P(RPC)=7.14% x 5% x INR429000 x 10% - INR5],-1.0,-1.0,-1.0,-1.0,429000.0,train
AC001005,PH000260,2,2,0.07136253650396328,Poor,3,Call,148.07264080100126,EV(call)=INR148 [P(RPC)=7.14% x 5% x INR429000 x 10% - INR5],6.0,0.0,0.0,19.0,429000.0,train
AC001006,PH002802,3,0,0.9424911297852473,Excellent,1,Call,498.29026330532207,EV(call)=INR498 [P(RPC)=94.25% x 5% x INR106800 x 10% - INR5],1.0,0.0,0.0,48.0,106800.0,train
AC001006,PH002803,1,1,0.008784313725490198,Poor,2,Suppress,-0.30917647058823405,"EV(call)=INR-0, EV(visit)=INR-85 — negative economic yield",-1.0,-1.0,-1.0,-1.0,106800.0,train
AC001006,PH002804,4,2,0.008784313725490198,Poor,3,Suppress,-0.30917647058823405,"EV(call)=INR-0, EV(visit)=INR-85 — negative economic yield",-1.0,-1.0,-1.0,-1.0,106800.0,train
AC001007,PH002806,0,1,0.9745437518290897,Excellent,1,Call,356.7993678665496,EV(call)=INR357 [P(RPC)=97.45% x 5% x INR74250 x 10% - INR5],12.0,0.0,0.0,2.75,74250.0,train
AC001007,PH002807,4,3,0.9424911297852473,Excellent,2,Call,344.8998319327731,EV(call)=INR345 [P(RPC)=94.25% x 5% x INR74250 x 10% - INR5],9.0,0.0,0.0,14.444444444444445,74250.0,train
AC001007,PH000468,2,2,0.029209150326797384,Poor,3,Call,5.843897058823531,EV(call)=INR6 [P(RPC)=2.92% x 5% x INR74250 x 10% - INR5],8.0,1.0,0.0,22.125,74250.0,train
AC001007,PH002805,3,0,0.008784313725490198,Poor,4,Suppress,-1.7388235294117642,Compliance: Verified invalid/wrong phone number,8.0,0.0,6.0,0.0,74250.0,train
AC001008,PH002808,3,0,0.9424911297852473,Excellent,1,Call,779.1526199813258,EV(call)=INR779 [P(RPC)=94.25% x 5% x INR166400 x 10% - INR5],19.0,0.0,0.0,24.42105263157895,166400.0,train
AC001008,PH002809,4,2,0.10069607843137254,Poor,2,Call,78.77913725490197,EV(call)=INR79 [P(RPC)=10.07% x 5% x INR166400 x 10% - INR5],-1.0,-1.0,-1.0,-1.0,166400.0,train
AC001008,PH000555,2,1,0.07136253650396328,Poor,3,Call,54.37363037129745,EV(call)=INR54 [P(RPC)=7.14% x 5% x INR166400 x 10% - INR5],-1.0,-1.0,-1.0,-1.0,166400.0,train
AC001009,PH002810,3,0,0.9424911297852473,Excellent,1,Call,2128.7999178338,EV(call)=INR2129 [P(RPC)=94.25% x 5% x INR452800 x 10% - INR5],2.0,0.0,0.0,15.0,452800.0,train
AC001010,PH002811,3,0,0.2888963585434174,Fair,1,Call,45.26796638655463,EV(call)=INR45 [P(RPC)=28.89% x 5% x INR34800 x 10% - INR5],4.0,1.0,0.0,19.0,34800.0,validation
AC001010,PH002812,0,1,0.008784313725490198,Poor,2,Suppress,-3.4715294117647053,"EV(call)=INR-3, EV(visit)=INR-162 — negative economic yield",-1.0,-1.0,-1.0,-1.0,34800.0,validation
AC001010,PH002813,1,2,0.008784313725490198,Poor,3,Suppress,-3.4715294117647053,"EV(call)=INR-3, EV(visit)=INR-162 — negative economic yield",-1.0,-1.0,-1.0,-1.0,34800.0,validation
AC001010,PH002814,4,3,0.008784313725490198,Poor,4,Suppress,-3.4715294117647053,"EV(call)=INR-3, EV(visit)=INR-162 — negative economic yield",-1.0,-1.0,-1.0,-1.0,34800.0,validation
AC001011,PH002815,3,0,0.9424911297852473,Excellent,1,Call,605.7342521008403,EV(call)=INR606 [P(RPC)=94.25% x 5% x INR129600 x 10% - INR5],9.0,0.0,0.0,3.7777777777777777,129600.0,validation
AC001012,PH002816,3,0,0.9745437518290897,Excellent,1,Call,1027.5291050629207,EV(call)=INR1028 [P(RPC)=97.45% x 5% x INR211900 x 10% - INR5],7.0,0.0,0.0,60.142857142857146,211900.0,train
AC001012,PH000338,2,1,0.008784313725490198,Poor,2,Call,4.306980392156865,EV(call)=INR4 [P(RPC)=0.88% x 5% x INR211900 x 10% - INR5],-1.0,-1.0,-1.0,-1.0,211900.0,train
AC001013,PH002818,4,1,0.10069607843137254,Poor,1,Call,34.2714705882353,EV(call)=INR34 [P(RPC)=10.07% x 5% x INR78000 x 10% - INR5],19.0,1.0,0.0,40.68421052631579,78000.0,train
AC001013,PH002817,3,0,0.07136253650396328,Poor,2,Call,22.831389236545682,EV(call)=INR23 [P(RPC)=7.14% x 5% x INR78000 x 10% - INR5],19.0,2.0,6.0,3.0,78000.0,train
AC001014,PH002819,3,0,0.9891764705882353,Excellent,1,Call,286.3124705882353,EV(call)=INR286 [P(RPC)=98.92% x 5% x INR58900 x 10% - INR5],29.0,0.0,0.0,39.793103448275865,58900.0,train
AC001014,PH002820,0,1,0.07136253650396328,Poor,2,Call,16.016267000417187,EV(call)=INR16 [P(RPC)=7.14% x 5% x INR58900 x 10% - INR5],14.0,0.0,0.0,0.0,58900.0,train
AC001015,PH002821,3,0,0.9891764705882353,Excellent,1,Call,736.8823529411766,EV(call)=INR737 [P(RPC)=98.92% x 5% x INR150000 x 10% - INR5],26.0,0.0,0.0,58.76923076923077,150000.0,train
AC001015,PH002823,4,2,0.029420066960384458,Poor,2,Call,17.065050220288345,EV(call)=INR17 [P(RPC)=2.94% x 5% x INR150000 x 10% - INR5],-1.0,-1.0,-1.0,-1.0,150000.0,train
AC001015,PH002822,1,1,0.029209150326797384,Poor,3,Call,16.906862745098042,EV(call)=INR17 [P(RPC)=2.92% x 5% x INR150000 x 10% - INR5],-1.0,-1.0,-1.0,-1.0,150000.0,train
AC001016,PH002824,3,0,0.9891764705882353,Excellent,1,Call,564.7656470588236,EV(call)=INR565 [P(RPC)=98.92% x 5% x INR115200 x 10% - INR5],28.0,0.0,13.0,32.142857142857146,115200.0,validation
AC001016,PH002825,4,1,0.8257777777777777,Excellent,2,Call,470.64799999999997,EV(call)=INR471 [P(RPC)=82.58% x 5% x INR115200 x 10% - INR5],18.0,0.0,0.0,18.88888888888889,115200.0,validation
AC001017,PH002826,3,0,0.9745437518290897,Excellent,1,Call,82.70893766461808,EV(call)=INR83 [P(RPC)=97.45% x 5% x INR18000 x 10% - INR5],19.0,0.0,0.0,84.52631578947368,18000.0,train
AC001017,PH002827,4,1,0.008784313725490198,Poor,2,Suppress,-4.209411764705882,"EV(call)=INR-4, EV(visit)=INR-181 — negative economic yield",-1.0,-1.0,-1.0,-1.0,18000.0,train
AC001018,PH002828,3,0,0.9891764705882353,Excellent,1,Call,574.4101176470589,EV(call)=INR574 [P(RPC)=98.92% x 5% x INR117150 x 10% - INR5],39.0,0.0,0.0,62.30769230769231,117150.0,validation
AC001018,PH000362,2,1,0.7440784313725489,Excellent,2,Call,430.84394117647054,EV(call)=INR431 [P(RPC)=74.41% x 5% x INR117150 x 10% - INR5],20.0,1.0,0.0,48.3,117150.0,validation
AC001018,PH002829,4,2,0.008784313725490198,Poor,3,Call,0.14541176470588368,EV(call)=INR0 [P(RPC)=0.88% x 5% x INR117150 x 10% - INR5],-1.0,-1.0,-1.0,-1.0,117150.0,validation
AC001019,PH002830,3,0,0.9891764705882353,Excellent,1,Call,364.45741176470597,EV(call)=INR364 [P(RPC)=98.92% x 5% x INR74700 x 10% - INR5],35.0,0.0,0.0,51.114285714285714,74700.0,train
AC001019,PH002831,0,1,0.029209150326797384,Poor,2,Call,5.909617647058825,EV(call)=INR6 [P(RPC)=2.92% x 5% x INR74700 x 10% - INR5],-1.0,-1.0,-1.0,-1.0,74700.0,train
AC001019,PH002832,1,2,0.008784313725490198,Poor,3,Suppress,-1.7190588235294104,"EV(call)=INR-2, EV(visit)=INR-119 — negative economic yield",-1.0,-1.0,-1.0,-1.0,74700.0,train
AC001020,PH002833,3,0,0.9745437518290897,Excellent,1,Call,2030.5782616330112,EV(call)=INR2031 [P(RPC)=97.45% x 5% x INR417750 x 10% - INR5],24.0,0.0,0.0,9.75,417750.0,train
AC001021,PH002834,3,0,0.9891764705882353,Excellent,1,Call,869.6792941176471,EV(call)=INR870 [P(RPC)=98.92% x 5% x INR176850 x 10% - INR5],33.0,0.0,0.0,35.666666666666664,176850.0,validation
AC001021,PH000496,2,1,0.029643721318314557,Poor,2,Call,21.21246057571965,EV(call)=INR21 [P(RPC)=2.96% x 5% x INR176850 x 10% - INR5],-1.0,-1.0,-1.0,-1.0,176850.0,validation
AC001022,PH002835,3,0,0.9891764705882353,Excellent,1,Call,438.15105882352947,EV(call)=INR438 [P(RPC)=98.92% x 5% x INR89600 x 10% - INR5],33.0,0.0,0.0,58.42424242424242,89600.0,train
AC001022,PH002836,0,1,0.008784313725490198,Poor,2,Suppress,-1.0646274509803915,"EV(call)=INR-1, EV(visit)=INR-103 — negative economic yield",-1.0,-1.0,-1.0,-1.0,89600.0,train
AC001022,PH000316,2,2,0.008784313725490198,Poor,3,Suppress,-1.0646274509803915,"EV(call)=INR-1, EV(visit)=INR-103 — negative economic yield",-1.0,-1.0,-1.0,-1.0,89600.0,train
AC001022,PH002837,4,3,0.008784313725490198,Poor,4,Suppress,-1.0646274509803915,"EV(call)=INR-1, EV(visit)=INR-103 — negative economic yield",-1.0,-1.0,-1.0,-1.0,89600.0,train
AC001023,PH000070,3,0,0.2888963585434174,Fair,1,Call,31.400941176470596,EV(call)=INR31 [P(RPC)=28.89% x 5% x INR25200 x 10% - INR5],9.0,0.0,0.0,23.11111111111111,25200.0,validation
AC001023,PH002838,0,1,0.008784313725490198,Poor,2,Suppress,-3.893176470588235,"EV(call)=INR-4, EV(visit)=INR-173 — negative economic yield",8.0,0.0,0.0,0.0,25200.0,validation
AC001024,PH002842,4,3,0.9745437518290897,Excellent,1,Call,453.2791992976295,EV(call)=INR453 [P(RPC)=97.45% x 5% x INR94050 x 10% - INR5],16.0,0.0,0.0,93.625,94050.0,train
AC001024,PH002839,3,0,0.07136253650396328,Poor,2,Call,28.558232790988733,EV(call)=INR29 [P(RPC)=7.14% x 5% x INR94050 x 10% - INR5],8.0,0.0,0.0,0.0,94050.0,train
AC001024,PH002840,0,1,0.008784313725490198,Poor,3,Suppress,-0.8691764705882337,"EV(call)=INR-1, EV(visit)=INR-98 — negative economic yield",8.0,0.0,1.0,0.0,94050.0,train
AC001024,PH002841,1,2,0.008784313725490198,Poor,4,Suppress,-0.8691764705882337,"EV(call)=INR-1, EV(visit)=INR-98 — negative economic yield",5.0,2.0,0.0,7.8,94050.0,train
AC001025,PH002844,4,1,0.8257777777777777,Excellent,1,Call,748.9351111111112,EV(call)=INR749 [P(RPC)=82.58% x 5% x INR182600 x 10% - INR5],11.0,0.0,0.0,7.090909090909091,182600.0,train
AC001025,PH002843,3,0,0.10069607843137254,Poor,2,Call,86.93551960784315,EV(call)=INR87 [P(RPC)=10.07% x 5% x INR182600 x 10% - INR5],8.0,0.0,0.0,14.875,182600.0,train
AC001026,PH002845,3,0,0.9891764705882353,Excellent,1,Call,607.7948235294119,EV(call)=INR608 [P(RPC)=98.92% x 5% x INR123900 x 10% - INR5],24.0,0.0,0.0,89.25,123900.0,train
AC001026,PH002846,0,1,0.008784313725490198,Poor,2,Call,0.44188235294117817,EV(call)=INR0 [P(RPC)=0.88% x 5% x INR123900 x 10% - INR5],6.0,0.0,4.0,0.0,123900.0,train
AC001026,PH002847,4,2,0.008784313725490198,Poor,3,Call,0.44188235294117817,EV(call)=INR0 [P(RPC)=0.88% x 5% x INR123900 x 10% - INR5],-1.0,-1.0,-1.0,-1.0,123900.0,train
AC001027,PH002848,3,0,0.9745437518290897,Excellent,1,Call,546.1044916593503,EV(call)=INR546 [P(RPC)=97.45% x 5% x INR113100 x 10% - INR5],15.0,0.0,0.0,24.866666666666667,113100.0,test
AC001027,PH002849,0,1,0.029643721318314557,Poor,2,Call,11.763524405506882,EV(call)=INR12 [P(RPC)=2.96% x 5% x INR113100 x 10% - INR5],-1.0,-1.0,-1.0,-1.0,113100.0,test
AC001027,PH002850,1,2,0.008784313725490198,Poor,3,Suppress,-0.032470588235292475,"EV(call)=INR-0, EV(visit)=INR-78 — negative economic yield",-1.0,-1.0,-1.0,-1.0,113100.0,test
AC001027,PH002851,4,3,0.008784313725490198,Poor,4,Suppress,-0.032470588235292475,"EV(call)=INR-0, EV(visit)=INR-78 — negative economic yield",-1.0,-1.0,-1.0,-1.0,113100.0,test
AC001028,PH002852,3,0,0.10069607843137254,Poor,1,Call,149.66917647058824,EV(call)=INR150 [P(RPC)=10.07% x 5% x INR307200 x 10% - INR5],8.0,0.0,0.0,26.625,307200.0,test
AC001028,PH002853,1,1,0.008784313725490198,Poor,2,Call,8.492705882352945,EV(call)=INR8 [P(RPC)=0.88% x 5% x INR307200 x 10% - INR5],-1.0,-1.0,-1.0,-1.0,307200.0,test
AC001029,PH002855,4,1,0.2888963585434174,Fair,1,Call,105.50285714285715,EV(call)=INR106 [P(RPC)=28.89% x 5% x INR76500 x 10% - INR5],9.0,1.0,0.0,62.44444444444444,76500.0,test
AC001029,PH002854,3,0,0.07136253650396328,Poor,2,Call,22.296170212765958,EV(call)=INR22 [P(RPC)=7.14% x 5% x INR76500 x 10% - INR5],16.0,0.0,5.0,0.0,76500.0,test
AC001029,PH005955,5,2,0.07136253650396328,Poor,3,Call,22.296170212765958,EV(call)=INR22 [P(RPC)=7.14% x 5% x INR76500 x 10% - INR5],-1.0,-1.0,-1.0,-1.0,76500.0,test
AC001030,PH005858,5,3,0.8911372549019607,Excellent,1,Call,458.39137254901965,EV(call)=INR458 [P(RPC)=89.11% x 5% x INR104000 x 10% - INR5],7.0,0.0,0.0,43.142857142857146,104000.0,test
AC001030,PH002857,4,2,0.2888963585434174,Fair,2,Call,145.22610644257705,EV(call)=INR145 [P(RPC)=28.89% x 5% x INR104000 x 10% - INR5],3.0,0.0,0.0,48.0,104000.0,test
AC001030,PH000100,3,0,0.07136253650396328,Poor,3,Call,32.10851898206091,EV(call)=INR32 [P(RPC)=7.14% x 5% x INR104000 x 10% - INR5],8.0,1.0,0.0,47.125,104000.0,test
AC001030,PH002856,1,1,0.008784313725490198,Poor,4,Suppress,-0.4321568627450967,"EV(call)=INR-0, EV(visit)=INR-88 — negative economic yield",4.0,2.0,0.0,12.0,104000.0,test
AC001031,PH002858,3,0,0.9891764705882353,Excellent,1,Call,150.7952941176471,EV(call)=INR151 [P(RPC)=98.92% x 5% x INR31500 x 10% - INR5],14.0,0.0,0.0,17.071428571428573,31500.0,train
AC001031,PH002859,4,1,0.9745437518290897,Excellent,2,Call,148.49064091308165,EV(call)=INR148 [P(RPC)=97.45% x 5% x INR31500 x 10% - INR5],8.0,0.0,1.0,35.125,31500.0,train
AC001032,PH002860,3,0,0.07136253650396328,Poor,1,Call,75.92511639549437,EV(call)=INR76 [P(RPC)=7.14% x 5% x INR226800 x 10% - INR5],7.0,2.0,2.0,8.428571428571429,226800.0,train
AC001032,PH005917,5,1,0.029643721318314557,Poor,2,Call,28.61597997496871,EV(call)=INR29 [P(RPC)=2.96% x 5% x INR226800 x 10% - INR5],-1.0,-1.0,-1.0,-1.0,226800.0,train
AC001033,PH002861,3,0,0.8368926569202146,Excellent,1,Call,172.83968959554562,EV(call)=INR173 [P(RPC)=83.69% x 5% x INR42500 x 10% - INR5],15.0,1.0,0.0,17.266666666666666,42500.0,train
AC001033,PH002863,4,2,0.10069607843137254,Poor,2,Call,16.39791666666667,EV(call)=INR16 [P(RPC)=10.07% x 5% x INR42500 x 10% - INR5],7.0,0.0,0.0,22.142857142857142,42500.0,train
AC001033,PH002862,0,1,0.008784313725490198,Poor,3,Suppress,-3.133333333333333,"EV(call)=INR-3, EV(visit)=INR-154 — negative economic yield",8.0,0.0,1.0,0.0,42500.0,train
AC001034,PH002864,3,0,0.9745437518290897,Excellent,1,Call,166.03242844600527,EV(call)=INR166 [P(RPC)=97.45% x 5% x INR35100 x 10% - INR5],9.0,0.0,0.0,68.55555555555556,35100.0,validation
AC001034,PH002865,1,1,0.008784313725490198,Poor,2,Suppress,-3.45835294117647,"EV(call)=INR-3, EV(visit)=INR-162 — negative economic yield",-1.0,-1.0,-1.0,-1.0,35100.0,validation
AC001034,PH002866,4,2,0.008784313725490198,Poor,3,Suppress,-3.45835294117647,"EV(call)=INR-3, EV(visit)=INR-162 — negative economic yield",-1.0,-1.0,-1.0,-1.0,35100.0,validation
AC001035,PH002869,1,2,0.9891764705882353,Excellent,1,Call,342.69552941176477,EV(call)=INR343 [P(RPC)=98.92% x 5% x INR70300 x 10% - INR5],11.0,0.0,0.0,34.45454545454545,70300.0,validation
AC001035,PH002867,3,0,0.9424911297852473,Excellent,2,Call,326.28563211951445,EV(call)=INR326 [P(RPC)=94.25% x 5% x INR70300 x 10% - INR5],15.0,0.0,0.0,3.466666666666667,70300.0,validation
AC001035,PH002868,0,1,0.008784313725490198,Poor,3,Suppress,-1.9123137254901952,"EV(call)=INR-2, EV(visit)=INR-124 — negative economic yield",8.0,0.0,0.0,0.0,70300.0,validation
AC001036,PH002870,3,0,0.9745437518290897,Excellent,1,Call,4681.580902546093,EV(call)=INR4682 [P(RPC)=97.45% x 5% x INR961800 x 10% - INR5],10.0,0.0,0.0,51.2,961800.0,train
AC001036,PH002871,4,1,0.8257777777777777,Excellent,2,Call,3966.165333333334,EV(call)=INR3966 [P(RPC)=82.58% x 5% x INR961800 x 10% - INR5],8.0,0.0,0.0,15.875,961800.0,train
AC001037,PH002872,3,0,0.008784313725490198,Poor,1,Call,51.41286274509805,EV(call)=INR51 [P(RPC)=0.88% x 5% x INR1284400 x 10% - INR5],-1.0,-1.0,-1.0,-1.0,1284400.0,train
AC001037,PH002873,1,1,0.008784313725490198,Poor,2,Call,51.41286274509805,EV(call)=INR51 [P(RPC)=0.88% x 5% x INR1284400 x 10% - INR5],-1.0,-1.0,-1.0,-1.0,1284400.0,train
AC001037,PH002874,4,2,0.008784313725490198,Poor,3,Call,51.41286274509805,EV(call)=INR51 [P(RPC)=0.88% x 5% x INR1284400 x 10% - INR5],-1.0,-1.0,-1.0,-1.0,1284400.0,train
AC001038,PH002875,3,0,0.9891764705882353,Excellent,1,Call,1420.4032941176474,EV(call)=INR1420 [P(RPC)=98.92% x 5% x INR288200 x 10% - INR5],24.0,1.0,0.0,16.291666666666668,288200.0,train
AC001039,PH002876,3,0,0.9424911297852473,Excellent,1,Call,453.0506890756302,EV(call)=INR453 [P(RPC)=94.25% x 5% x INR97200 x 10% - INR5],10.0,0.0,0.0,10.8,97200.0,test
AC001039,PH002877,0,1,0.07136253650396328,Poor,2,Call,29.682192740926155,EV(call)=INR30 [P(RPC)=7.14% x 5% x INR97200 x 10% - INR5],-1.0,-1.0,-1.0,-1.0,97200.0,test
AC001039,PH002878,1,2,0.029643721318314557,Poor,3,Call,9.406848560700874,EV(call)=INR9 [P(RPC)=2.96% x 5% x INR97200 x 10% - INR5],-1.0,-1.0,-1.0,-1.0,97200.0,test
AC001040,PH002879,3,0,0.9745437518290897,Excellent,1,Call,1776.9532502194907,EV(call)=INR1777 [P(RPC)=97.45% x 5% x INR365700 x 10% - INR5],9.0,0.0,0.0,55.22222222222222,365700.0,train
AC001040,PH002880,1,1,0.029643721318314557,Poor,2,Call,49.20354443053817,EV(call)=INR49 [P(RPC)=2.96% x 5% x INR365700 x 10% - INR5],-1.0,-1.0,-1.0,-1.0,365700.0,train
AC001040,PH002881,4,2,0.008784313725490198,Poor,3,Call,11.062117647058827,EV(call)=INR11 [P(RPC)=0.88% x 5% x INR365700 x 10% - INR5],-1.0,-1.0,-1.0,-1.0,365700.0,train
AC001041,PH002882,3,0,0.9745437518290897,Excellent,1,Call,2154.1016821773483,EV(call)=INR2154 [P(RPC)=97.45% x 5% x INR443100 x 10% - INR5],17.0,0.0,0.0,38.529411764705884,443100.0,validation
AC001041,PH002883,0,1,0.07136253650396328,Poor,2,Call,153.10369962453066,EV(call)=INR153 [P(RPC)=7.14% x 5% x INR443100 x 10% - INR5],-1.0,-1.0,-1.0,-1.0,443100.0,validation
AC001042,PH002884,3,0,0.008784313725490198,Poor,1,Suppress,-3.88878431372549,"EV(call)=INR-4, EV(visit)=INR-173 — negative economic yield",16.0,2.0,10.0,5.9375,25300.0,test
AC001042,PH002885,1,1,0.008784313725490198,Poor,2,Suppress,-3.88878431372549,"EV(call)=INR-4, EV(visit)=INR-173 — negative economic yield",11.0,0.0,6.0,0.0,25300.0,test
AC001043,PH002886,3,0,0.9745437518290897,Excellent,1,Call,623.580719929763,EV(call)=INR624 [P(RPC)=97.45% x 5% x INR129000 x 10% - INR5],29.0,0.0,0.0,83.0,129000.0,train
AC001043,PH002887,1,1,0.008784313725490198,Poor,2,Call,0.6658823529411784,EV(call)=INR1 [P(RPC)=0.88% x 5% x INR129000 x 10% - INR5],-1.0,-1.0,-1.0,-1.0,129000.0,train
AC001044,PH002889,1,1,0.9745437518290897,Excellent,1,Call,869.8966532045654,EV(call)=INR870 [P(RPC)=97.45% x 5% x INR179550 x 10% - INR5],10.0,0.0,0.0,84.3,179550.0,train
AC001044,PH002888,3,0,0.10069607843137254,Poor,2,Call,85.39990441176472,EV(call)=INR85 [P(RPC)=10.07% x 5% x INR179550 x 10% - INR5],7.0,2.0,0.0,96.0,179550.0,train
AC001044,PH000316,2,2,0.029209150326797384,Poor,3,Call,21.222514705882357,EV(call)=INR21 [P(RPC)=2.92% x 5% x INR179550 x 10% - INR5],-1.0,-1.0,-1.0,-1.0,179550.0,train
AC001045,PH002890,4,2,0.9891764705882353,Excellent,1,Call,1673.1378823529412,EV(call)=INR1673 [P(RPC)=98.92% x 5% x INR339300 x 10% - INR5],25.0,0.0,1.0,54.88,339300.0,train
AC001045,PH000080,3,0,0.07136253650396328,Poor,2,Call,116.06654317897372,EV(call)=INR116 [P(RPC)=7.14% x 5% x INR339300 x 10% - INR5],8.0,0.0,0.0,28.875,339300.0,train
AC001045,PH000479,2,1,0.008784313725490198,Poor,3,Call,9.902588235294122,EV(call)=INR10 [P(RPC)=0.88% x 5% x INR339300 x 10% - INR5],8.0,0.0,0.0,41.25,339300.0,train
AC001046,PH002891,3,0,0.9745437518290897,Excellent,1,Call,578.2644354697103,EV(call)=INR578 [P(RPC)=97.45% x 5% x INR119700 x 10% - INR5],21.0,0.0,0.0,25.61904761904762,119700.0,validation
AC001046,PH002892,4,1,0.07136253650396328,Poor,2,Call,37.71047809762203,EV(call)=INR38 [P(RPC)=7.14% x 5% x INR119700 x 10% - INR5],8.0,0.0,0.0,8.75,119700.0,validation
AC001047,PH002894,0,1,0.9745437518290897,Excellent,1,Call,1427.579315188762,EV(call)=INR1428 [P(RPC)=97.45% x 5% x INR294000 x 10% - INR5],9.0,0.0,0.0,17.444444444444443,294000.0,train
AC001047,PH002893,3,0,0.8911372549019607,Excellent,2,Call,1304.9717647058824,EV(call)=INR1305 [P(RPC)=89.11% x 5% x INR294000 x 10% - INR5],11.0,0.0,1.0,9.454545454545455,294000.0,train
AC001047,PH002895,4,2,0.029209150326797384,Poor,3,Call,37.93745098039216,EV(call)=INR38 [P(RPC)=2.92% x 5% x INR294000 x 10% - INR5],-1.0,-1.0,-1.0,-1.0,294000.0,train
AC001048,PH002897,1,1,0.8911372549019607,Excellent,1,Call,1948.3728627450982,EV(call)=INR1948 [P(RPC)=89.11% x 5% x INR438400 x 10% - INR5],14.0,2.0,0.0,58.357142857142854,438400.0,train
AC001048,PH002898,4,2,0.7440784313725489,Excellent,2,Call,1626.0199215686273,EV(call)=INR1626 [P(RPC)=74.41% x 5% x INR438400 x 10% - INR5],6.0,0.0,0.0,48.5,438400.0,train
AC001048,PH002896,3,0,0.029643721318314557,Poor,3,Call,59.97903712974551,EV(call)=INR60 [P(RPC)=2.96% x 5% x INR438400 x 10% - INR5],8.0,0.0,0.0,0.0,438400.0,train
AC001049,PH002899,3,0,0.9424911297852473,Excellent,1,Call,944.3241904761904,EV(call)=INR944 [P(RPC)=94.25% x 5% x INR201450 x 10% - INR5],2.0,0.0,0.0,25.0,201450.0,train
AC001050,PH002900,3,0,0.8911372549019607,Excellent,1,Call,289.0752941176471,EV(call)=INR289 [P(RPC)=89.11% x 5% x INR66000 x 10% - INR5],9.0,0.0,0.0,18.666666666666668,66000.0,train
AC001050,PH002901,4,1,0.10069607843137254,Poor,2,Call,28.229705882352945,EV(call)=INR28 [P(RPC)=10.07% x 5% x INR66000 x 10% - INR5],3.0,1.0,0.0,93.66666666666667,66000.0,train
AC001051,PH002902,3,0,0.9891764705882353,Excellent,1,Call,395.61647058823536,EV(call)=INR396 [P(RPC)=98.92% x 5% x INR81000 x 10% - INR5],20.0,0.0,0.0,26.0,81000.0,train
AC001051,PH002903,0,1,0.9891764705882353,Excellent,2,Call,395.61647058823536,EV(call)=INR396 [P(RPC)=98.92% x 5% x INR81000 x 10% - INR5],2.0,0.0,0.0,162.0,81000.0,train
AC001051,PH002904,1,2,0.008784313725490198,Poor,3,Suppress,-1.4423529411764697,"EV(call)=INR-1, EV(visit)=INR-113 — negative economic yield",-1.0,-1.0,-1.0,-1.0,81000.0,train
AC001052,PH002905,3,0,0.9745437518290897,Excellent,1,Call,468.38462745098036,EV(call)=INR468 [P(RPC)=97.45% x 5% x INR97150 x 10% - INR5],8.0,0.0,0.0,85.75,97150.0,train
AC001053,PH002906,3,0,0.9891764705882353,Excellent,1,Call,341.2117647058824,EV(call)=INR341 [P(RPC)=98.92% x 5% x INR70000 x 10% - INR5],39.0,0.0,0.0,58.53846153846154,70000.0,train
AC001053,PH002907,1,1,0.008784313725490198,Poor,2,Suppress,-1.9254901960784307,"EV(call)=INR-2, EV(visit)=INR-124 — negative economic yield",-1.0,-1.0,-1.0,-1.0,70000.0,train
AC001053,PH002908,4,2,0.008784313725490198,Poor,3,Suppress,-1.9254901960784307,"EV(call)=INR-2, EV(visit)=INR-124 — negative economic yield",-1.0,-1.0,-1.0,-1.0,70000.0,train
AC001054,PH002909,3,0,0.9891764705882353,Excellent,1,Call,171.56800000000004,EV(call)=INR172 [P(RPC)=98.92% x 5% x INR35700 x 10% - INR5],37.0,1.0,1.0,37.4054054054054,35700.0,train
AC001054,PH002910,1,1,0.008784313725490198,Poor,2,Suppress,-3.4319999999999995,"EV(call)=INR-3, EV(visit)=INR-161 — negative economic yield",-1.0,-1.0,-1.0,-1.0,35700.0,train
AC001054,PH002911,4,2,0.008784313725490198,Poor,3,Suppress,-3.4319999999999995,"EV(call)=INR-3, EV(visit)=INR-161 — negative economic yield",-1.0,-1.0,-1.0,-1.0,35700.0,train
AC001055,PH005890,5,2,0.9745437518290897,Excellent,1,Call,720.0605513608429,EV(call)=INR720 [P(RPC)=97.45% x 5% x INR148800 x 10% - INR5],9.0,0.0,0.0,81.88888888888889,148800.0,train
AC001055,PH002912,3,0,0.029209150326797384,Poor,2,Call,16.731607843137258,EV(call)=INR17 [P(RPC)=2.92% x 5% x INR148800 x 10% - INR5],8.0,0.0,0.0,0.0,148800.0,train
AC001055,PH002913,0,1,0.008784313725490198,Poor,3,Call,1.535529411764708,EV(call)=INR2 [P(RPC)=0.88% x 5% x INR148800 x 10% - INR5],7.0,0.0,5.0,0.0,148800.0,train
AC001056,PH000162,3,0,0.9745437518290897,Excellent,1,Call,574.6098964003512,EV(call)=INR575 [P(RPC)=97.45% x 5% x INR118950 x 10% - INR5],27.0,0.0,0.0,27.37037037037037,118950.0,train
AC001057,PH002914,3,0,0.9891764705882353,Excellent,1,Call,837.0364705882354,EV(call)=INR837 [P(RPC)=98.92% x 5% x INR170250 x 10% - INR5],23.0,0.0,0.0,27.304347826086957,170250.0,train
AC001057,PH002915,4,1,0.2888963585434174,Fair,2,Call,240.92302521008406,EV(call)=INR241 [P(RPC)=28.89% x 5% x INR170250 x 10% - INR5],2.0,0.0,0.0,107.5,170250.0,train
AC001058,PH002916,3,0,0.9745437518290897,Excellent,1,Call,494.9409446883231,EV(call)=INR495 [P(RPC)=97.45% x 5% x INR102600 x 10% - INR5],17.0,0.0,0.0,41.88235294117647,102600.0,train
AC001058,PH000358,2,1,0.029643721318314557,Poor,2,Call,10.207229036295368,EV(call)=INR10 [P(RPC)=2.96% x 5% x INR102600 x 10% - INR5],-1.0,-1.0,-1.0,-1.0,102600.0,train
AC001059,PH002918,0,1,0.9891764705882353,Excellent,1,Call,181.9543529411765,EV(call)=INR182 [P(RPC)=98.92% x 5% x INR37800 x 10% - INR5],10.0,0.0,0.0,60.4,37800.0,validation
AC001059,PH002917,3,0,0.9745437518290897,Excellent,2,Call,179.18876909569798,EV(call)=INR179 [P(RPC)=97.45% x 5% x INR37800 x 10% - INR5],20.0,0.0,0.0,46.7,37800.0,validation
AC001059,PH002919,4,2,0.008784313725490198,Poor,3,Suppress,-3.3397647058823523,"EV(call)=INR-3, EV(visit)=INR-159 — negative economic yield",-1.0,-1.0,-1.0,-1.0,37800.0,validation
AC001060,PH002920,3,0,0.9424911297852473,Excellent,1,Call,2033.60831372549,EV(call)=INR2034 [P(RPC)=94.25% x 5% x INR432600 x 10% - INR5],4.0,0.0,0.0,22.0,432600.0,train
AC001060,PH002921,4,1,0.008784313725490198,Poor,2,Call,14.000470588235299,EV(call)=INR14 [P(RPC)=0.88% x 5% x INR432600 x 10% - INR5],-1.0,-1.0,-1.0,-1.0,432600.0,train
AC001061,PH002922,3,0,0.9891764705882353,Excellent,1,Call,1277.7145882352943,EV(call)=INR1278 [P(RPC)=98.92% x 5% x INR259350 x 10% - INR5],20.0,1.0,0.0,27.5,259350.0,validation
AC001061,PH002923,4,1,0.8491204481792716,Excellent,2,Call,1096.0969411764706,EV(call)=INR1096 [P(RPC)=84.91% x 5% x INR259350 x 10% - INR5],21.0,0.0,0.0,29.666666666666668,259350.0,validation
AC001062,PH002925,0,1,0.9745437518290897,Excellent,1,Call,264.7049833187006,EV(call)=INR265 [P(RPC)=97.45% x 5% x INR55350 x 10% - INR5],4.0,0.0,0.0,95.25,55350.0,train
AC001062,PH002924,3,0,0.8911372549019607,Excellent,2,Call,241.62223529411767,EV(call)=INR242 [P(RPC)=89.11% x 5% x INR55350 x 10% - INR5],13.0,1.0,0.0,12.692307692307692,55350.0,train
AC001062,PH002926,4,2,0.029643721318314557,Poor,3,Call,3.203899874843554,EV(call)=INR3 [P(RPC)=2.96% x 5% x INR55350 x 10% - INR5],-1.0,-1.0,-1.0,-1.0,55350.0,train
AC001063,PH002928,0,1,0.9891764705882353,Excellent,1,Call,150.7952941176471,EV(call)=INR151 [P(RPC)=98.92% x 5% x INR31500 x 10% - INR5],23.0,1.0,0.0,39.608695652173914,31500.0,train
AC001063,PH002927,3,0,0.008784313725490198,Poor,2,Suppress,-3.616470588235294,"EV(call)=INR-4, EV(visit)=INR-166 — negative economic yield",8.0,1.0,0.0,1.625,31500.0,train
AC001063,PH002929,4,2,0.008784313725490198,Poor,3,Suppress,-3.616470588235294,"EV(call)=INR-4, EV(visit)=INR-166 — negative economic yield",-1.0,-1.0,-1.0,-1.0,31500.0,train
AC001064,PH002930,3,0,0.9745437518290897,Excellent,1,Call,209.39962540239978,EV(call)=INR209 [P(RPC)=97.45% x 5% x INR44000 x 10% - INR5],6.0,0.0,0.0,180.16666666666666,44000.0,train
AC001064,PH002931,4,1,0.008784313725490198,Poor,2,Suppress,-3.067450980392157,"EV(call)=INR-3, EV(visit)=INR-152 — negative economic yield",-1.0,-1.0,-1.0,-1.0,44000.0,train
AC001065,PH002933,0,1,0.9745437518290897,Excellent,1,Call,674.2569950248757,EV(call)=INR674 [P(RPC)=97.45% x 5% x INR139400 x 10% - INR5],20.0,1.0,0.0,7.25,139400.0,train
AC001065,PH002932,3,0,0.029643721318314557,Poor,2,Call,15.661673758865248,EV(call)=INR16 [P(RPC)=2.96% x 5% x INR139400 x 10% - INR5],3.0,2.0,1.0,17.666666666666668,139400.0,train
AC001065,PH002934,1,2,0.029643721318314557,Poor,3,Call,15.661673758865248,EV(call)=INR16 [P(RPC)=2.96% x 5% x INR139400 x 10% - INR5],3.0,2.0,0.0,18.666666666666668,139400.0,train
AC001066,PH002935,3,0,0.9891764705882353,Excellent,1,Call,365.9411764705883,EV(call)=INR366 [P(RPC)=98.92% x 5% x INR75000 x 10% - INR5],25.0,0.0,0.0,34.64,75000.0,train
AC001066,PH002936,0,1,0.029209150326797384,Poor,2,Call,5.953431372549021,EV(call)=INR6 [P(RPC)=2.92% x 5% x INR75000 x 10% - INR5],8.0,0.0,0.0,0.0,75000.0,train
AC001067,PH002938,0,1,0.9891764705882353,Excellent,1,Call,193.08258823529414,EV(call)=INR193 [P(RPC)=98.92% x 5% x INR40050 x 10% - INR5],16.0,0.0,0.0,28.5,40050.0,validation
AC001067,PH002937,3,0,0.9745437518290897,Excellent,2,Call,190.15238630377524,EV(call)=INR190 [P(RPC)=97.45% x 5% x INR40050 x 10% - INR5],19.0,0.0,0.0,13.526315789473685,40050.0,validation
AC001067,PH002939,1,2,0.029209150326797384,Poor,3,Call,0.8491323529411767,EV(call)=INR1 [P(RPC)=2.92% x 5% x INR40050 x 10% - INR5],-1.0,-1.0,-1.0,-1.0,40050.0,validation
AC001067,PH002940,4,3,0.029209150326797384,Poor,4,Call,0.8491323529411767,EV(call)=INR1 [P(RPC)=2.92% x 5% x INR40050 x 10% - INR5],-1.0,-1.0,-1.0,-1.0,40050.0,validation
AC001068,PH002941,3,0,0.8257777777777777,Excellent,1,Call,1444.24,EV(call)=INR1444 [P(RPC)=82.58% x 5% x INR351000 x 10% - INR5],11.0,0.0,0.0,18.818181818181817,351000.0,test
AC001068,PH002942,0,1,0.008784313725490198,Poor,2,Suppress,10.416470588235297,Compliance: Verified invalid/wrong phone number,8.0,2.0,5.0,6.875,351000.0,test
AC001068,PH002943,1,2,0.008784313725490198,Poor,3,Suppress,10.416470588235297,Compliance: Verified invalid/wrong phone number,8.0,0.0,7.0,0.0,351000.0,test
AC001068,PH002944,4,3,0.008784313725490198,Poor,4,Call,10.416470588235297,EV(call)=INR10 [P(RPC)=0.88% x 5% x INR351000 x 10% - INR5],-1.0,-1.0,-1.0,-1.0,351000.0,test
AC001069,PH002945,3,0,0.9891764705882353,Excellent,1,Call,143.37647058823532,EV(call)=INR143 [P(RPC)=98.92% x 5% x INR30000 x 10% - INR5],30.0,0.0,1.0,14.566666666666666,30000.0,validation
AC001070,PH002946,3,0,0.9745437518290897,Excellent,1,Call,688.6315153643546,EV(call)=INR689 [P(RPC)=97.45% x 5% x INR142350 x 10% - INR5],11.0,0.0,0.0,53.90909090909091,142350.0,validation
AC001070,PH002947,0,1,0.029643721318314557,Poor,2,Call,16.098918648310388,EV(call)=INR16 [P(RPC)=2.96% x 5% x INR142350 x 10% - INR5],-1.0,-1.0,-1.0,-1.0,142350.0,validation
AC001070,PH002948,4,2,0.029209150326797384,Poor,3,Call,15.78961274509804,EV(call)=INR16 [P(RPC)=2.92% x 5% x INR142350 x 10% - INR5],-1.0,-1.0,-1.0,-1.0,142350.0,validation
AC001071,PH002950,0,1,0.9891764705882353,Excellent,1,Call,230.42400000000004,EV(call)=INR230 [P(RPC)=98.92% x 5% x INR47600 x 10% - INR5],11.0,0.0,0.0,52.18181818181818,47600.0,train
AC001071,PH002949,3,0,0.07136253650396328,Poor,2,Call,11.984283687943261,EV(call)=INR12 [P(RPC)=7.14% x 5% x INR47600 x 10% - INR5],9.0,0.0,0.0,0.0,47600.0,train
AC001072,PH002951,3,0,0.9891764705882353,Excellent,1,Call,451.9995294117648,EV(call)=INR452 [P(RPC)=98.92% x 5% x INR92400 x 10% - INR5],30.0,0.0,0.0,63.93333333333333,92400.0,train
AC001072,PH002952,0,1,0.029209150326797384,Poor,2,Call,8.494627450980396,EV(call)=INR8 [P(RPC)=2.92% x 5% x INR92400 x 10% - INR5],-1.0,-1.0,-1.0,-1.0,92400.0,train
AC001073,PH000283,2,2,0.10069607843137254,Poor,1,Call,5.472392156862746,EV(call)=INR5 [P(RPC)=10.07% x 5% x INR20800 x 10% - INR5],16.0,1.0,0.0,53.8125,20800.0,train
AC001073,PH002953,3,0,0.07136253650396328,Poor,2,Call,2.4217037964121815,EV(call)=INR2 [P(RPC)=7.14% x 5% x INR20800 x 10% - INR5],17.0,1.0,0.0,1.0588235294117647,20800.0,train
AC001073,PH002954,1,1,0.029643721318314557,Poor,3,Suppress,-1.9170529828952856,"EV(call)=INR-2, EV(visit)=INR-178 — negative economic yield",4.0,2.0,0.0,13.25,20800.0,train
AC001074,PH002955,3,0,0.8257777777777777,Excellent,1,Call,1103.8131111111113,EV(call)=INR1104 [P(RPC)=82.58% x 5% x INR268550 x 10% - INR5],7.0,0.0,0.0,24.0,268550.0,train
AC001074,PH002956,0,1,0.029643721318314557,Poor,2,Call,34.80410680016688,EV(call)=INR35 [P(RPC)=2.96% x 5% x INR268550 x 10% - INR5],-1.0,-1.0,-1.0,-1.0,268550.0,train
AC001074,PH002957,1,2,0.008784313725490198,Poor,3,Suppress,6.795137254901965,Compliance: Verified invalid/wrong phone number,-1.0,-1.0,-1.0,-1.0,268550.0,train
AC001074,PH000290,2,3,0.008784313725490198,Poor,4,Call,6.795137254901965,EV(call)=INR7 [P(RPC)=0.88% x 5% x INR268550 x 10% - INR5],-1.0,-1.0,-1.0,-1.0,268550.0,train
AC001075,PH002958,3,0,0.9745437518290897,Excellent,1,Call,756.1186701785191,EV(call)=INR756 [P(RPC)=97.45% x 5% x INR156200 x 10% - INR5],7.0,0.0,0.0,77.28571428571429,156200.0,test
AC001075,PH002959,0,1,0.029643721318314557,Poor,2,Call,18.15174634960367,EV(call)=INR18 [P(RPC)=2.96% x 5% x INR156200 x 10% - INR5],-1.0,-1.0,-1.0,-1.0,156200.0,test
AC001075,PH002960,4,2,0.029643721318314557,Poor,3,Call,18.15174634960367,EV(call)=INR18 [P(RPC)=2.96% x 5% x INR156200 x 10% - INR5],-1.0,-1.0,-1.0,-1.0,156200.0,test
AC001076,PH002963,4,2,0.9424911297852473,Excellent,1,Call,217.6635294117647,EV(call)=INR218 [P(RPC)=94.25% x 5% x INR47250 x 10% - INR5],22.0,1.0,0.0,44.90909090909091,47250.0,train
AC001076,PH002962,1,1,0.7440784313725489,Excellent,2,Call,170.78852941176467,EV(call)=INR171 [P(RPC)=74.41% x 5% x INR47250 x 10% - INR5],3.0,2.0,0.0,21.333333333333332,47250.0,train
AC001076,PH002961,3,0,0.07136253650396328,Poor,3,Call,11.859399249061326,EV(call)=INR12 [P(RPC)=7.14% x 5% x INR47250 x 10% - INR5],4.0,2.0,0.0,15.75,47250.0,train
AC001077,PH002964,3,0,0.9891764705882353,Excellent,1,Call,1364.0202352941178,EV(call)=INR1364 [P(RPC)=98.92% x 5% x INR276800 x 10% - INR5],26.0,0.0,0.0,74.0,276800.0,validation
AC001078,PH005818,5,1,0.9563482892842639,Excellent,1,Call,970.4752550699492,EV(call)=INR970 [P(RPC)=95.63% x 5% x INR204000 x 10% - INR5],17.0,0.0,0.0,5.823529411764706,204000.0,train
AC001078,PH002965,3,0,0.008784313725490198,Poor,2,Call,3.9600000000000026,EV(call)=INR4 [P(RPC)=0.88% x 5% x INR204000 x 10% - INR5],23.0,0.0,19.0,0.0,204000.0,train
AC001079,PH002967,0,1,0.9891764705882353,Excellent,1,Call,460.1602352941177,EV(call)=INR460 [P(RPC)=98.92% x 5% x INR94050 x 10% - INR5],24.0,0.0,0.0,48.083333333333336,94050.0,train
AC001079,PH002966,3,0,0.008784313725490198,Poor,2,Suppress,-0.8691764705882337,"EV(call)=INR-1, EV(visit)=INR-98 — negative economic yield",8.0,0.0,1.0,0.0,94050.0,train
AC001079,PH002968,4,2,0.008784313725490198,Poor,3,Suppress,-0.8691764705882337,"EV(call)=INR-1, EV(visit)=INR-98 — negative economic yield",-1.0,-1.0,-1.0,-1.0,94050.0,train
AC001080,PH002969,3,0,0.9424911297852473,Excellent,1,Call,240.0476937441643,EV(call)=INR240 [P(RPC)=94.25% x 5% x INR52000 x 10% - INR5],21.0,1.0,0.0,11.476190476190476,52000.0,train
AC001080,PH002970,4,1,0.029209150326797384,Poor,2,Call,2.594379084967321,EV(call)=INR3 [P(RPC)=2.92% x 5% x INR52000 x 10% - INR5],-1.0,-1.0,-1.0,-1.0,52000.0,train
AC001081,PH002971,3,0,0.9745437518290897,Excellent,1,Call,938.1147158326016,EV(call)=INR938 [P(RPC)=97.45% x 5% x INR193550 x 10% - INR5],10.0,0.0,0.0,111.1,193550.0,train
AC001081,PH002972,1,1,0.029643721318314557,Poor,2,Call,23.687711305798913,EV(call)=INR24 [P(RPC)=2.96% x 5% x INR193550 x 10% - INR5],-1.0,-1.0,-1.0,-1.0,193550.0,train
AC001081,PH002973,4,2,0.029209150326797384,Poor,3,Call,23.267155228758174,EV(call)=INR23 [P(RPC)=2.92% x 5% x INR193550 x 10% - INR5],-1.0,-1.0,-1.0,-1.0,193550.0,train
AC001082,PH002974,3,0,0.9745437518290897,Excellent,1,Call,434.5192320749195,EV(call)=INR435 [P(RPC)=97.45% x 5% x INR90200 x 10% - INR5],1.0,0.0,0.0,26.0,90200.0,train
AC001083,PH002975,3,0,0.9424911297852473,Excellent,1,Call,981.081344537815,EV(call)=INR981 [P(RPC)=94.25% x 5% x INR209250 x 10% - INR5],35.0,1.0,0.0,4.514285714285714,209250.0,train
AC001084,PH002976,3,0,0.10069607843137254,Poor,1,Call,8.896058823529414,EV(call)=INR9 [P(RPC)=10.07% x 5% x INR27600 x 10% - INR5],6.0,2.0,0.0,8.5,27600.0,train
AC001084,PH002977,4,1,0.10069607843137254,Poor,2,Call,8.896058823529414,EV(call)=INR9 [P(RPC)=10.07% x 5% x INR27600 x 10% - INR5],3.0,0.0,0.0,75.0,27600.0,train
AC001085,PH002980,4,2,0.9424911297852473,Excellent,1,Call,277.7473389355742,EV(call)=INR278 [P(RPC)=94.25% x 5% x INR60000 x 10% - INR5],24.0,2.0,0.0,35.541666666666664,60000.0,train
AC001085,PH005948,5,3,0.07136253650396328,Poor,2,Call,16.408760951188984,EV(call)=INR16 [P(RPC)=7.14% x 5% x INR60000 x 10% - INR5],4.0,0.0,0.0,0.0,60000.0,train
AC001085,PH002978,3,0,0.029643721318314557,Poor,3,Call,3.893116395494367,EV(call)=INR4 [P(RPC)=2.96% x 5% x INR60000 x 10% - INR5],8.0,2.0,0.0,6.25,60000.0,train
AC001085,PH002979,1,1,0.029643721318314557,Poor,4,Call,3.893116395494367,EV(call)=INR4 [P(RPC)=2.96% x 5% x INR60000 x 10% - INR5],5.0,2.0,0.0,14.6,60000.0,train
AC001086,PH002981,3,0,0.008784313725490198,Poor,1,Call,2.0230588235294142,EV(call)=INR2 [P(RPC)=0.88% x 5% x INR159900 x 10% - INR5],2.0,0.0,0.0,0.0,159900.0,train
AC001087,PH002983,0,1,0.9424911297852473,Excellent,1,Call,2157.0746517273574,EV(call)=INR2157 [P(RPC)=94.25% x 5% x INR458800 x 10% - INR5],12.0,0.0,0.0,6.916666666666667,458800.0,train
AC001087,PH002982,3,0,0.029643721318314557,Poor,2,Call,63.002696704213605,EV(call)=INR63 [P(RPC)=2.96% x 5% x INR458800 x 10% - INR5],5.0,2.0,0.0,7.4,458800.0,train
AC001087,PH002984,1,2,0.008784313725490198,Poor,3,Call,15.151215686274515,EV(call)=INR15 [P(RPC)=0.88% x 5% x INR458800 x 10% - INR5],-1.0,-1.0,-1.0,-1.0,458800.0,train
AC001087,PH000471,2,3,0.008784313725490198,Poor,4,Call,15.151215686274515,EV(call)=INR15 [P(RPC)=0.88% x 5% x INR458800 x 10% - INR5],-1.0,-1.0,-1.0,-1.0,458800.0,train
AC001088,PH002985,3,0,0.9424911297852473,Excellent,1,Call,377.88702147525674,EV(call)=INR378 [P(RPC)=94.25% x 5% x INR81250 x 10% - INR5],1.0,0.0,0.0,30.0,81250.0,train
AC001089,PH002987,1,1,0.9424911297852473,Excellent,1,Call,796.5887058823529,EV(call)=INR797 [P(RPC)=94.25% x 5% x INR170100 x 10% - INR5],17.0,0.0,0.0,24.529411764705884,170100.0,train
AC001089,PH000313,2,2,0.029209150326797384,Poor,2,Call,19.84238235294118,EV(call)=INR20 [P(RPC)=2.92% x 5% x INR170100 x 10% - INR5],8.0,0.0,0.0,27.0,170100.0,train
AC001089,PH002988,4,3,0.029209150326797384,Poor,3,Call,19.84238235294118,EV(call)=INR20 [P(RPC)=2.92% x 5% x INR170100 x 10% - INR5],1.0,0.0,0.0,0.0,170100.0,train
AC001089,PH002986,3,0,0.008784313725490198,Poor,4,Call,2.4710588235294146,EV(call)=INR2 [P(RPC)=0.88% x 5% x INR170100 x 10% - INR5],8.0,0.0,3.0,0.0,170100.0,train
AC001090,PH002989,3,0,0.9745437518290897,Excellent,1,Call,976.8528299678079,EV(call)=INR977 [P(RPC)=97.45% x 5% x INR201500 x 10% - INR5],11.0,0.0,0.0,40.45454545454545,201500.0,train
AC001090,PH002990,4,1,0.008784313725490198,Poor,2,Call,3.850196078431374,EV(call)=INR4 [P(RPC)=0.88% x 5% x INR201500 x 10% - INR5],-1.0,-1.0,-1.0,-1.0,201500.0,train
AC001091,PH002991,3,0,0.029643721318314557,Poor,1,Call,12.27487859824781,EV(call)=INR12 [P(RPC)=2.96% x 5% x INR116550 x 10% - INR5],7.0,0.0,0.0,0.0,116550.0,test
AC001091,PH002992,4,1,0.008784313725490198,Poor,2,Call,0.11905882352941344,EV(call)=INR0 [P(RPC)=0.88% x 5% x INR116550 x 10% - INR5],-1.0,-1.0,-1.0,-1.0,116550.0,test
AC001092,PH002993,3,0,0.9891764705882353,Excellent,1,Call,177.00847058823533,EV(call)=INR177 [P(RPC)=98.92% x 5% x INR36800 x 10% - INR5],29.0,0.0,0.0,40.44827586206897,36800.0,train
AC001093,PH002996,4,2,0.2888963585434174,Fair,1,Call,199.97196638655464,EV(call)=INR200 [P(RPC)=28.89% x 5% x INR141900 x 10% - INR5],16.0,1.0,0.0,17.5,141900.0,train
AC001093,PH002994,3,0,0.008784313725490198,Poor,2,Call,1.2324705882352953,EV(call)=INR1 [P(RPC)=0.88% x 5% x INR141900 x 10% - INR5],18.0,0.0,7.0,0.0,141900.0,train
AC001093,PH002995,1,1,0.008784313725490198,Poor,3,Call,1.2324705882352953,EV(call)=INR1 [P(RPC)=0.88% x 5% x INR141900 x 10% - INR5],5.0,2.0,0.0,7.6,141900.0,train
AC001094,PH002997,3,0,0.9891764705882353,Excellent,1,Call,615.9555294117648,EV(call)=INR616 [P(RPC)=98.92% x 5% x INR125550 x 10% - INR5],36.0,0.0,0.0,64.0,125550.0,train
AC001094,PH002998,4,1,0.008784313725490198,Poor,2,Call,0.5143529411764725,EV(call)=INR1 [P(RPC)=0.88% x 5% x INR125550 x 10% - INR5],-1.0,-1.0,-1.0,-1.0,125550.0,train
AC001095,PH002999,3,0,0.9745437518290897,Excellent,1,Call,2655.504442493415,EV(call)=INR2656 [P(RPC)=97.45% x 5% x INR546000 x 10% - INR5],22.0,1.0,0.0,26.136363636363637,546000.0,train
AC001095,PH003000,4,1,0.10069607843137254,Poor,2,Call,269.9002941176471,EV(call)=INR270 [P(RPC)=10.07% x 5% x INR546000 x 10% - INR5],6.0,0.0,0.0,13.5,546000.0,train
AC001096,PH003001,3,0,0.9745437518290897,Excellent,1,Call,2819.2277928007024,EV(call)=INR2819 [P(RPC)=97.45% x 5% x INR579600 x 10% - INR5],15.0,0.0,0.0,47.13333333333333,579600.0,train
AC001096,PH003002,4,1,0.07136253650396328,Poor,2,Call,201.80863078848563,EV(call)=INR202 [P(RPC)=7.14% x 5% x INR579600 x 10% - INR5],8.0,0.0,0.0,17.75,579600.0,train
AC001097,PH003003,3,0,0.9891764705882353,Excellent,1,Call,99.6054117647059,EV(call)=INR100 [P(RPC)=98.92% x 5% x INR21150 x 10% - INR5],24.0,0.0,6.0,16.25,21150.0,train
AC001097,PH003004,0,1,0.9891764705882353,Excellent,2,Call,99.6054117647059,EV(call)=INR100 [P(RPC)=98.92% x 5% x INR21150 x 10% - INR5],14.0,0.0,0.0,28.357142857142858,21150.0,train
AC001098,PH003005,3,0,0.9891764705882353,Excellent,1,Call,268.012705882353,EV(call)=INR268 [P(RPC)=98.92% x 5% x INR55200 x 10% - INR5],27.0,1.0,0.0,72.11111111111111,55200.0,test
AC001098,PH003006,1,1,0.008784313725490198,Poor,2,Suppress,-2.5755294117647054,"EV(call)=INR-3, EV(visit)=INR-140 — negative economic yield",-1.0,-1.0,-1.0,-1.0,55200.0,test
AC001098,PH003007,4,2,0.008784313725490198,Poor,3,Suppress,-2.5755294117647054,"EV(call)=INR-3, EV(visit)=INR-140 — negative economic yield",-1.0,-1.0,-1.0,-1.0,55200.0,test
AC001099,PH003008,3,0,0.9745437518290897,Excellent,1,Call,3200.7616716417906,EV(call)=INR3201 [P(RPC)=97.45% x 5% x INR657900 x 10% - INR5],46.0,0.0,0.0,43.04347826086956,657900.0,train
AC001099,PH003009,1,1,0.008784313725490198,Poor,2,Call,23.896000000000004,EV(call)=INR24 [P(RPC)=0.88% x 5% x INR657900 x 10% - INR5],-1.0,-1.0,-1.0,-1.0,657900.0,train
AC001100,PH003011,1,1,0.9745437518290897,Excellent,1,Call,1388.5975651155984,EV(call)=INR1389 [P(RPC)=97.45% x 5% x INR286000 x 10% - INR5],12.0,0.0,0.0,23.75,286000.0,validation
AC001100,PH003010,3,0,0.8257777777777777,Excellent,2,Call,1175.8622222222223,EV(call)=INR1176 [P(RPC)=82.58% x 5% x INR286000 x 10% - INR5],18.0,0.0,0.0,2.611111111111111,286000.0,validation
AC001100,PH003012,4,2,0.07136253650396328,Poor,3,Call,97.0484272006675,EV(call)=INR97 [P(RPC)=7.14% x 5% x INR286000 x 10% - INR5],8.0,0.0,0.0,18.25,286000.0,validation
AC001101,PH003013,3,0,0.9745437518290897,Excellent,1,Call,572.4171729587357,EV(call)=INR572 [P(RPC)=97.45% x 5% x INR118500 x 10% - INR5],14.0,0.0,0.0,54.785714285714285,118500.0,train
AC001101,PH003014,1,1,0.008784313725490198,Poor,2,Call,0.2047058823529424,EV(call)=INR0 [P(RPC)=0.88% x 5% x INR118500 x 10% - INR5],-1.0,-1.0,-1.0,-1.0,118500.0,train
AC001101,PH000329,2,2,0.008784313725490198,Poor,3,Call,0.2047058823529424,EV(call)=INR0 [P(RPC)=0.88% x 5% x INR118500 x 10% - INR5],8.0,1.0,0.0,22.125,118500.0,train
AC001102,PH005882,5,1,0.9424911297852473,Excellent,1,Call,1822.2546778711485,EV(call)=INR1822 [P(RPC)=94.25% x 5% x INR387750 x 10% - INR5],19.0,0.0,0.0,3.473684210526316,387750.0,train
AC001102,PH003015,3,0,0.8491204481792716,Excellent,2,Call,1641.2322689075627,EV(call)=INR1641 [P(RPC)=84.91% x 5% x INR387750 x 10% - INR5],20.0,2.0,5.0,5.55,387750.0,train
AC001103,PH003016,3,0,0.9745437518290897,Excellent,1,Call,2460.5956921275974,EV(call)=INR2461 [P(RPC)=97.45% x 5% x INR506000 x 10% - INR5],38.0,0.0,0.0,58.28947368421053,506000.0,train
AC001104,PH003017,3,0,0.9424911297852473,Excellent,1,Call,1267.3630252100838,EV(call)=INR1267 [P(RPC)=94.25% x 5% x INR270000 x 10% - INR5],21.0,2.0,0.0,6.666666666666667,270000.0,train
AC001104,PH003018,0,1,0.9424911297852473,Excellent,2,Call,1267.3630252100838,EV(call)=INR1267 [P(RPC)=94.25% x 5% x INR270000 x 10% - INR5],2.0,0.0,0.0,25.0,270000.0,train
AC001105,PH003020,1,1,0.9891764705882353,Excellent,1,Call,141.39811764705885,EV(call)=INR141 [P(RPC)=98.92% x 5% x INR29600 x 10% - INR5],18.0,0.0,1.0,51.888888888888886,29600.0,train
AC001105,PH003019,3,0,0.9424911297852473,Excellent,2,Call,134.48868720821662,EV(call)=INR134 [P(RPC)=94.25% x 5% x INR29600 x 10% - INR5],20.0,0.0,7.0,13.4,29600.0,train
AC001106,PH003023,4,2,0.8491204481792716,Excellent,1,Call,1152.3511708683473,EV(call)=INR1152 [P(RPC)=84.91% x 5% x INR272600 x 10% - INR5],10.0,0.0,0.0,39.9,272600.0,train
AC001106,PH003021,3,0,0.10069607843137254,Poor,2,Suppress,132.2487549019608,Compliance: Verified invalid/wrong phone number,13.0,1.0,6.0,5.461538461538462,272600.0,train
AC001106,PH003022,0,1,0.008784313725490198,Poor,3,Call,6.97301960784314,EV(call)=INR7 [P(RPC)=0.88% x 5% x INR272600 x 10% - INR5],8.0,0.0,0.0,0.0,272600.0,train
AC001107,PH003024,3,0,0.9891764705882353,Excellent,1,Call,233.88611764705885,EV(call)=INR234 [P(RPC)=98.92% x 5% x INR48300 x 10% - INR5],38.0,0.0,0.0,53.73684210526316,48300.0,train
AC001108,PH003025,3,0,0.9745437518290897,Excellent,1,Call,678.6424419081065,EV(call)=INR679 [P(RPC)=97.45% x 5% x INR140300 x 10% - INR5],14.0,0.0,0.0,49.857142857142854,140300.0,validation
AC001108,PH003026,1,1,0.029643721318314557,Poor,2,Call,15.795070504797664,EV(call)=INR16 [P(RPC)=2.96% x 5% x INR140300 x 10% - INR5],-1.0,-1.0,-1.0,-1.0,140300.0,validation
AC001109,PH000137,3,0,0.9424911297852473,Excellent,1,Call,792.3474957983193,EV(call)=INR792 [P(RPC)=94.25% x 5% x INR169200 x 10% - INR5],20.0,1.0,0.0,34.25,169200.0,train
AC001109,PH003027,0,1,0.9424911297852473,Excellent,2,Call,792.3474957983193,EV(call)=INR792 [P(RPC)=94.25% x 5% x INR169200 x 10% - INR5],9.0,0.0,0.0,4.666666666666667,169200.0,train
AC001110,PH003028,3,0,0.9891764705882353,Excellent,1,Call,7401.953411764707,EV(call)=INR7402 [P(RPC)=98.92% x 5% x INR1497600 x 10% - INR5],26.0,0.0,10.0,16.76923076923077,1497600.0,train
AC001111,PH003029,3,0,0.9891764705882353,Excellent,1,Call,3302.806117647059,EV(call)=INR3303 [P(RPC)=98.92% x 5% x INR668800 x 10% - INR5],23.0,0.0,0.0,45.391304347826086,668800.0,train
AC001111,PH000565,2,2,0.029209150326797384,Poor,2,Call,92.67539869281046,EV(call)=INR93 [P(RPC)=2.92% x 5% x INR668800 x 10% - INR5],8.0,0.0,0.0,0.0,668800.0,train
AC001111,PH003030,0,1,0.008784313725490198,Poor,3,Call,24.374745098039224,EV(call)=INR24 [P(RPC)=0.88% x 5% x INR668800 x 10% - INR5],8.0,0.0,6.0,0.0,668800.0,train
AC001112,PH003032,0,1,0.9745437518290897,Excellent,1,Call,1052.867242610477,EV(call)=INR1053 [P(RPC)=97.45% x 5% x INR217100 x 10% - INR5],9.0,0.0,2.0,58.333333333333336,217100.0,validation
AC001112,PH003031,3,0,0.43770588235294117,Good,2,Call,470.12973529411767,EV(call)=INR470 [P(RPC)=43.77% x 5% x INR217100 x 10% - INR5],16.0,1.0,0.0,48.5625,217100.0,validation
AC001112,PH003033,4,2,0.029643721318314557,Poor,3,Call,27.178259491030452,EV(call)=INR27 [P(RPC)=2.96% x 5% x INR217100 x 10% - INR5],-1.0,-1.0,-1.0,-1.0,217100.0,validation
AC001113,PH003035,0,1,0.9424911297852473,Excellent,1,Call,1564.2477310924369,EV(call)=INR1564 [P(RPC)=94.25% x 5% x INR333000 x 10% - INR5],10.0,0.0,0.0,11.2,333000.0,train
AC001113,PH003036,1,2,0.029209150326797384,Poor,2,Call,43.633235294117654,EV(call)=INR44 [P(RPC)=2.92% x 5% x INR333000 x 10% - INR5],8.0,1.0,0.0,2.625,333000.0,train
AC001113,PH003034,3,0,0.008784313725490198,Poor,3,Call,9.62588235294118,EV(call)=INR10 [P(RPC)=0.88% x 5% x INR333000 x 10% - INR5],16.0,0.0,7.0,0.0,333000.0,train
AC001114,PH003037,3,0,0.2888963585434174,Fair,1,Call,582.615193277311,EV(call)=INR583 [P(RPC)=28.89% x 5% x INR406800 x 10% - INR5],13.0,1.0,0.0,1.0,406800.0,validation
AC001114,PH003038,4,1,0.10069607843137254,Poor,2,Call,199.81582352941177,EV(call)=INR200 [P(RPC)=10.07% x 5% x INR406800 x 10% - INR5],8.0,1.0,0.0,74.75,406800.0,validation
AC001115,PH003040,0,1,0.9891764705882353,Excellent,1,Call,811.5651764705884,EV(call)=INR812 [P(RPC)=98.92% x 5% x INR165100 x 10% - INR5],11.0,0.0,0.0,35.45454545454545,165100.0,train
AC001115,PH003039,3,0,0.9745437518290897,Excellent,2,Call,799.4858671349136,EV(call)=INR799 [P(RPC)=97.45% x 5% x INR165100 x 10% - INR5],16.0,0.0,0.0,29.875,165100.0,train
AC001115,PH003041,4,2,0.008784313725490198,Poor,3,Call,2.2514509803921587,EV(call)=INR2 [P(RPC)=0.88% x 5% x INR165100 x 10% - INR5],-1.0,-1.0,-1.0,-1.0,165100.0,train
AC001116,PH003043,4,1,0.9745437518290897,Excellent,1,Call,400.4102007609014,EV(call)=INR400 [P(RPC)=97.45% x 5% x INR83200 x 10% - INR5],25.0,0.0,0.0,24.08,83200.0,test
AC001116,PH003042,3,0,0.8257777777777777,Excellent,2,Call,338.52355555555556,EV(call)=INR339 [P(RPC)=82.58% x 5% x INR83200 x 10% - INR5],19.0,1.0,0.0,7.052631578947368,83200.0,test
AC001117,PH003044,3,0,0.9745437518290897,Excellent,1,Call,606.0389323968393,EV(call)=INR606 [P(RPC)=97.45% x 5% x INR125400 x 10% - INR5],33.0,0.0,1.0,48.75757575757576,125400.0,test
AC001117,PH003045,0,1,0.029643721318314557,Poor,2,Call,13.586613266583228,EV(call)=INR14 [P(RPC)=2.96% x 5% x INR125400 x 10% - INR5],-1.0,-1.0,-1.0,-1.0,125400.0,test
AC001118,PH003046,3,0,0.8257777777777777,Excellent,1,Call,5067.34,EV(call)=INR5067 [P(RPC)=82.58% x 5% x INR1228500 x 10% - INR5],7.0,0.0,0.0,17.428571428571427,1228500.0,validation
AC001118,PH003047,0,1,0.008784313725490198,Poor,2,Call,48.95764705882355,EV(call)=INR49 [P(RPC)=0.88% x 5% x INR1228500 x 10% - INR5],-1.0,-1.0,-1.0,-1.0,1228500.0,validation
AC001119,PH003049,0,1,0.9745437518290897,Excellent,1,Call,949.0783330406789,EV(call)=INR949 [P(RPC)=97.45% x 5% x INR195800 x 10% - INR5],8.0,0.0,0.0,122.375,195800.0,train
AC001119,PH003048,3,0,0.2888963585434174,Fair,2,Call,277.8295350140056,EV(call)=INR278 [P(RPC)=28.89% x 5% x INR195800 x 10% - INR5],8.0,0.0,0.0,13.125,195800.0,train
AC001120,PH003050,3,0,0.7440784313725489,Excellent,1,Call,231.98898039215683,EV(call)=INR232 [P(RPC)=74.41% x 5% x INR63700 x 10% - INR5],8.0,0.0,0.0,11.75,63700.0,train
AC001120,PH003051,1,1,0.029643721318314557,Poor,2,Call,4.4415252398831875,EV(call)=INR4 [P(RPC)=2.96% x 5% x INR63700 x 10% - INR5],-1.0,-1.0,-1.0,-1.0,63700.0,train
AC001120,PH000315,2,2,0.029209150326797384,Poor,3,Call,4.303114379084969,EV(call)=INR4 [P(RPC)=2.92% x 5% x INR63700 x 10% - INR5],-1.0,-1.0,-1.0,-1.0,63700.0,train
AC001120,PH003052,4,3,0.029209150326797384,Poor,4,Call,4.303114379084969,EV(call)=INR4 [P(RPC)=2.92% x 5% x INR63700 x 10% - INR5],-1.0,-1.0,-1.0,-1.0,63700.0,train
AC001121,PH003053,3,0,0.9891764705882353,Excellent,1,Call,352.092705882353,EV(call)=INR352 [P(RPC)=98.92% x 5% x INR72200 x 10% - INR5],5.0,0.0,0.0,56.0,72200.0,test
AC001121,PH003054,4,1,0.008784313725490198,Poor,2,Suppress,-1.8288627450980384,"EV(call)=INR-2, EV(visit)=INR-122 — negative economic yield",-1.0,-1.0,-1.0,-1.0,72200.0,test
AC001122,PH003055,3,0,0.008784313725490198,Poor,1,Suppress,-1.975999999999999,"EV(call)=INR-2, EV(visit)=INR-126 — negative economic yield",42.0,0.0,26.0,0.0,68850.0,test
AC001123,PH003056,3,0,0.9745437518290897,Excellent,1,Call,2844.565930348259,EV(call)=INR2845 [P(RPC)=97.45% x 5% x INR584800 x 10% - INR5],13.0,0.0,0.0,54.84615384615385,584800.0,validation
AC001123,PH003057,0,1,0.07136253650396328,Poor,2,Call,203.66405673758865,EV(call)=INR204 [P(RPC)=7.14% x 5% x INR584800 x 10% - INR5],-1.0,-1.0,-1.0,-1.0,584800.0,validation
AC001123,PH003058,1,2,0.029209150326797384,Poor,3,Call,80.40755555555558,EV(call)=INR80 [P(RPC)=2.92% x 5% x INR584800 x 10% - INR5],-1.0,-1.0,-1.0,-1.0,584800.0,validation
AC001124,PH003059,3,0,0.9745437518290897,Excellent,1,Call,416.0029007901668,EV(call)=INR416 [P(RPC)=97.45% x 5% x INR86400 x 10% - INR5],8.0,0.0,0.0,70.875,86400.0,train
AC001124,PH003060,4,1,0.008784313725490198,Poor,2,Suppress,-1.2051764705882348,"EV(call)=INR-1, EV(visit)=INR-107 — negative economic yield",-1.0,-1.0,-1.0,-1.0,86400.0,train
AC001125,PH003061,3,0,0.9891764705882353,Excellent,1,Call,971.8117647058825,EV(call)=INR972 [P(RPC)=98.92% x 5% x INR197500 x 10% - INR5],19.0,0.0,0.0,23.210526315789473,197500.0,validation
AC001125,PH003062,0,1,0.9745437518290897,Excellent,2,Call,957.3619549312261,EV(call)=INR957 [P(RPC)=97.45% x 5% x INR197500 x 10% - INR5],13.0,0.0,0.0,4.923076923076923,197500.0,validation
AC001126,PH003064,0,1,0.9745437518290897,Excellent,1,Call,158.7233503072871,EV(call)=INR159 [P(RPC)=97.45% x 5% x INR33600 x 10% - INR5],8.0,0.0,0.0,141.75,33600.0,validation
AC001126,PH000369,2,2,0.029643721318314557,Poor,2,Suppress,-0.01985481852315374,"EV(call)=INR-0, EV(visit)=INR-164 — negative economic yield",8.0,0.0,0.0,49.625,33600.0,validation
AC001126,PH003063,3,0,0.008784313725490198,Poor,3,Suppress,-3.5242352941176467,"EV(call)=INR-4, EV(visit)=INR-164 — negative economic yield",8.0,1.0,5.0,1.75,33600.0,validation
AC001126,PH003065,4,3,0.008784313725490198,Poor,4,Suppress,-3.5242352941176467,"EV(call)=INR-4, EV(visit)=INR-164 — negative economic yield",-1.0,-1.0,-1.0,-1.0,33600.0,validation
AC001127,PH003066,3,0,0.9745437518290897,Excellent,1,Call,140.6942908984489,EV(call)=INR141 [P(RPC)=97.45% x 5% x INR29900 x 10% - INR5],10.0,0.0,0.0,62.6,29900.0,test
AC001127,PH003067,4,1,0.008784313725490198,Poor,2,Suppress,-3.686745098039215,"EV(call)=INR-4, EV(visit)=INR-168 — negative economic yield",-1.0,-1.0,-1.0,-1.0,29900.0,test
AC001128,PH003068,3,0,0.9424911297852473,Excellent,1,Call,390.8462745098039,EV(call)=INR391 [P(RPC)=94.25% x 5% x INR84000 x 10% - INR5],15.0,0.0,0.0,11.0,84000.0,train
AC001128,PH003069,4,1,0.008784313725490198,Poor,2,Suppress,-1.3105882352941172,"EV(call)=INR-1, EV(visit)=INR-109 — negative economic yield",-1.0,-1.0,-1.0,-1.0,84000.0,train
AC001129,PH003070,0,1,0.9891764705882353,Excellent,1,Call,634.0080000000002,EV(call)=INR634 [P(RPC)=98.92% x 5% x INR129200 x 10% - INR5],16.0,1.0,0.0,49.0,129200.0,train
AC001129,PH000199,3,0,0.07136253650396328,Poor,2,Call,41.100198581560285,EV(call)=INR41 [P(RPC)=7.14% x 5% x INR129200 x 10% - INR5],8.0,0.0,0.0,58.375,129200.0,train
AC001129,PH003071,1,2,0.029209150326797384,Poor,3,Call,13.869111111111113,EV(call)=INR14 [P(RPC)=2.92% x 5% x INR129200 x 10% - INR5],-1.0,-1.0,-1.0,-1.0,129200.0,train
AC001130,PH003072,3,0,0.9745437518290897,Excellent,1,Call,976.3655580918935,EV(call)=INR976 [P(RPC)=97.45% x 5% x INR201400 x 10% - INR5],9.0,0.0,0.0,75.88888888888889,201400.0,train
AC001131,PH003073,3,0,0.8491204481792716,Excellent,1,Call,983.8007619047618,EV(call)=INR984 [P(RPC)=84.91% x 5% x INR232900 x 10% - INR5],8.0,0.0,0.0,5.5,232900.0,train
AC001131,PH003074,0,1,0.029643721318314557,Poor,2,Call,29.520113475177304,EV(call)=INR30 [P(RPC)=2.96% x 5% x INR232900 x 10% - INR5],-1.0,-1.0,-1.0,-1.0,232900.0,train
AC001131,PH003075,4,2,0.008784313725490198,Poor,3,Call,5.2293333333333365,EV(call)=INR5 [P(RPC)=0.88% x 5% x INR232900 x 10% - INR5],-1.0,-1.0,-1.0,-1.0,232900.0,train
AC001132,PH003076,3,0,0.9891764705882353,Excellent,1,Call,502.4475294117648,EV(call)=INR502 [P(RPC)=98.92% x 5% x INR102600 x 10% - INR5],27.0,0.0,5.0,18.77777777777778,102600.0,train
AC001132,PH005891,5,2,0.8257777777777777,Excellent,2,Call,418.624,EV(call)=INR419 [P(RPC)=82.58% x 5% x INR102600 x 10% - INR5],8.0,1.0,0.0,1.0,102600.0,train
AC001132,PH003077,1,1,0.008784313725490198,Poor,3,Suppress,-0.49364705882352844,"EV(call)=INR-0, EV(visit)=INR-89 — negative economic yield",7.0,0.0,6.0,0.0,102600.0,train
AC001133,PH003078,3,0,0.9424911297852473,Excellent,1,Call,372.46769747899157,EV(call)=INR372 [P(RPC)=94.25% x 5% x INR80100 x 10% - INR5],2.0,0.0,0.0,13.0,80100.0,train
AC001134,PH000494,2,1,0.10069607843137254,Poor,1,Call,75.48134068627452,EV(call)=INR75 [P(RPC)=10.07% x 5% x INR159850 x 10% - INR5],16.0,0.0,0.0,14.3125,159850.0,train
AC001134,PH003079,3,0,0.008784313725490198,Poor,2,Call,2.0208627450980403,EV(call)=INR2 [P(RPC)=0.88% x 5% x INR159850 x 10% - INR5],19.0,0.0,10.0,0.0,159850.0,train
AC001135,PH003080,3,0,0.9745437518290897,Excellent,1,Call,70.52714076675446,EV(call)=INR71 [P(RPC)=97.45% x 5% x INR15500 x 10% - INR5],7.0,0.0,0.0,55.857142857142854,15500.0,train
AC001135,PH000372,2,1,0.008784313725490198,Poor,2,Suppress,-4.31921568627451,"EV(call)=INR-4, EV(visit)=INR-183 — negative economic yield",-1.0,-1.0,-1.0,-1.0,15500.0,train
AC001136,PH003083,1,2,0.9745437518290897,Excellent,1,Call,1671.2152531460342,EV(call)=INR1671 [P(RPC)=97.45% x 5% x INR344000 x 10% - INR5],25.0,1.0,0.0,24.08,344000.0,train
AC001136,PH003082,0,1,0.07136253650396328,Poor,2,Call,117.74356278681685,EV(call)=INR118 [P(RPC)=7.14% x 5% x INR344000 x 10% - INR5],16.0,0.0,0.0,0.0,344000.0,train
AC001136,PH003081,3,0,0.029643721318314557,Poor,3,Call,45.98720066750104,EV(call)=INR46 [P(RPC)=2.96% x 5% x INR344000 x 10% - INR5],3.0,2.0,0.0,20.666666666666668,344000.0,train
AC001137,PH003084,3,0,0.9424911297852473,Excellent,1,Call,1231.5483622782447,EV(call)=INR1232 [P(RPC)=94.25% x 5% x INR262400 x 10% - INR5],1.0,0.0,0.0,54.0,262400.0,train
AC001137,PH003085,4,1,0.029209150326797384,Poor,2,Call,33.32240522875818,EV(call)=INR33 [P(RPC)=2.92% x 5% x INR262400 x 10% - INR5],-1.0,-1.0,-1.0,-1.0,262400.0,train
AC001138,PH003086,3,0,0.9745437518290897,Excellent,1,Call,2674.995317529997,EV(call)=INR2675 [P(RPC)=97.45% x 5% x INR550000 x 10% - INR5],15.0,0.0,0.0,87.53333333333333,550000.0,train
AC001138,PH000392,2,1,0.008784313725490198,Poor,2,Call,19.156862745098046,EV(call)=INR19 [P(RPC)=0.88% x 5% x INR550000 x 10% - INR5],-1.0,-1.0,-1.0,-1.0,550000.0,train
AC001138,PH003087,4,2,0.008784313725490198,Poor,3,Call,19.156862745098046,EV(call)=INR19 [P(RPC)=0.88% x 5% x INR550000 x 10% - INR5],-1.0,-1.0,-1.0,-1.0,550000.0,train
AC001139,PH003089,4,2,0.2888963585434174,Fair,1,Call,1129.568224089636,EV(call)=INR1130 [P(RPC)=28.89% x 5% x INR785450 x 10% - INR5],10.0,1.0,0.0,34.0,785450.0,test
AC001139,PH000020,3,0,0.10069607843137254,Poor,2,Call,390.4586740196079,EV(call)=INR390 [P(RPC)=10.07% x 5% x INR785450 x 10% - INR5],5.0,2.0,0.0,102.6,785450.0,test
AC001139,PH003088,1,1,0.029643721318314557,Poor,3,Call,111.41830454735084,EV(call)=INR111 [P(RPC)=2.96% x 5% x INR785450 x 10% - INR5],8.0,1.0,4.0,8.25,785450.0,test
AC001140,PH003090,3,0,0.9745437518290897,Excellent,1,Call,601.8971214515657,EV(call)=INR602 [P(RPC)=97.45% x 5% x INR124550 x 10% - INR5],11.0,0.0,0.0,32.72727272727273,124550.0,test
AC001140,PH003092,4,2,0.8491204481792716,Excellent,2,Call,523.7897591036415,EV(call)=INR524 [P(RPC)=84.91% x 5% x INR124550 x 10% - INR5],9.0,0.0,0.0,32.666666666666664,124550.0,test
AC001140,PH003091,0,1,0.2888963585434174,Fair,3,Call,174.9102072829132,EV(call)=INR175 [P(RPC)=28.89% x 5% x INR124550 x 10% - INR5],8.0,0.0,0.0,17.75,124550.0,test
AC001141,PH005946,5,4,0.9891764705882353,Excellent,1,Call,863.0023529411767,EV(call)=INR863 [P(RPC)=98.92% x 5% x INR175500 x 10% - INR5],3.0,0.0,0.0,103.33333333333333,175500.0,train
AC001141,PH003093,3,0,0.9424911297852473,Excellent,2,Call,822.0359663865546,EV(call)=INR822 [P(RPC)=94.25% x 5% x INR175500 x 10% - INR5],9.0,0.0,0.0,6.111111111111111,175500.0,train
AC001141,PH003094,0,1,0.008784313725490198,Poor,3,Call,2.7082352941176486,EV(call)=INR3 [P(RPC)=0.88% x 5% x INR175500 x 10% - INR5],7.0,0.0,5.0,0.0,175500.0,train
AC001141,PH000491,2,2,0.008784313725490198,Poor,4,Call,2.7082352941176486,EV(call)=INR3 [P(RPC)=0.88% x 5% x INR175500 x 10% - INR5],-1.0,-1.0,-1.0,-1.0,175500.0,train
AC001141,PH003095,4,3,0.008784313725490198,Poor,5,Call,2.7082352941176486,EV(call)=INR3 [P(RPC)=0.88% x 5% x INR175500 x 10% - INR5],-1.0,-1.0,-1.0,-1.0,175500.0,train
AC001142,PH003096,3,0,0.9745437518290897,Excellent,1,Call,225.47959730757972,EV(call)=INR225 [P(RPC)=97.45% x 5% x INR47300 x 10% - INR5],4.0,0.0,0.0,56.75,47300.0,test
AC001142,PH003097,0,1,0.029643721318314557,Poor,2,Call,2.0107400917813933,EV(call)=INR2 [P(RPC)=2.96% x 5% x INR47300 x 10% - INR5],-1.0,-1.0,-1.0,-1.0,47300.0,test
AC001142,PH003098,4,2,0.008784313725490198,Poor,3,Suppress,-2.922509803921568,"EV(call)=INR-3, EV(visit)=INR-149 — negative economic yield",-1.0,-1.0,-1.0,-1.0,47300.0,test
AC001143,PH003099,3,0,0.9891764705882353,Excellent,1,Call,7946.49505882353,EV(call)=INR7946 [P(RPC)=98.92% x 5% x INR1607700 x 10% - INR5],26.0,0.0,2.0,54.15384615384615,1607700.0,train
AC001143,PH003100,0,1,0.9745437518290897,Excellent,2,Call,7828.869949078138,EV(call)=INR7829 [P(RPC)=97.45% x 5% x INR1607700 x 10% - INR5],4.0,0.0,0.0,54.5,1607700.0,train
AC001143,PH003101,4,2,0.008784313725490198,Poor,3,Call,65.61270588235296,EV(call)=INR66 [P(RPC)=0.88% x 5% x INR1607700 x 10% - INR5],-1.0,-1.0,-1.0,-1.0,1607700.0,train
AC001144,PH003102,3,0,0.9745437518290897,Excellent,1,Call,1877.8185285338016,EV(call)=INR1878 [P(RPC)=97.45% x 5% x INR386400 x 10% - INR5],13.0,0.0,0.0,52.92307692307692,386400.0,validation
AC001144,PH003103,0,1,0.008784313725490198,Poor,2,Call,11.971294117647062,EV(call)=INR12 [P(RPC)=0.88% x 5% x INR386400 x 10% - INR5],-1.0,-1.0,-1.0,-1.0,386400.0,validation
AC001144,PH000293,2,2,0.008784313725490198,Poor,3,Call,11.971294117647062,EV(call)=INR12 [P(RPC)=0.88% x 5% x INR386400 x 10% - INR5],-1.0,-1.0,-1.0,-1.0,386400.0,validation
AC001144,PH003104,4,3,0.008784313725490198,Poor,4,Call,11.971294117647062,EV(call)=INR12 [P(RPC)=0.88% x 5% x INR386400 x 10% - INR5],-1.0,-1.0,-1.0,-1.0,386400.0,validation
AC001145,PH003107,4,2,0.029209150326797384,Poor,1,Call,2.309589869281047,EV(call)=INR2 [P(RPC)=2.92% x 5% x INR50050 x 10% - INR5],8.0,0.0,0.0,20.625,50050.0,test
AC001145,PH003105,3,0,0.008784313725490198,Poor,2,Suppress,-2.8017254901960778,"EV(call)=INR-3, EV(visit)=INR-146 — negative economic yield",12.0,0.0,6.0,0.0,50050.0,test
AC001145,PH003106,1,1,0.008784313725490198,Poor,3,Suppress,-2.8017254901960778,"EV(call)=INR-3, EV(visit)=INR-146 — negative economic yield",5.0,2.0,0.0,5.4,50050.0,test
AC001146,PH003108,3,0,0.9745437518290897,Excellent,1,Call,508.58455721393034,EV(call)=INR509 [P(RPC)=97.45% x 5% x INR105400 x 10% - INR5],16.0,0.0,0.0,49.875,105400.0,train
AC001146,PH003109,4,1,0.10069607843137254,Poor,2,Call,48.06683333333334,EV(call)=INR48 [P(RPC)=10.07% x 5% x INR105400 x 10% - INR5],8.0,0.0,0.0,18.375,105400.0,train
AC001147,PH005918,5,1,0.9745437518290897,Excellent,1,Call,1919.7239098624523,EV(call)=INR1920 [P(RPC)=97.45% x 5% x INR395000 x 10% - INR5],5.0,0.0,0.0,92.8,395000.0,test
AC001147,PH003110,3,0,0.008784313725490198,Poor,2,Call,12.349019607843143,EV(call)=INR12 [P(RPC)=0.88% x 5% x INR395000 x 10% - INR5],3.0,2.0,0.0,16.666666666666668,395000.0,test
AC001148,PH003111,3,0,0.9745437518290897,Excellent,1,Call,304.17400526777874,EV(call)=INR304 [P(RPC)=97.45% x 5% x INR63450 x 10% - INR5],16.0,0.0,0.0,21.125,63450.0,train
AC001148,PH003112,4,1,0.07136253650396328,Poor,2,Call,17.639764705882353,EV(call)=INR18 [P(RPC)=7.14% x 5% x INR63450 x 10% - INR5],8.0,0.0,0.0,19.0,63450.0,train
AC001149,PH003115,4,2,0.10069607843137254,Poor,1,Call,27.62552941176471,EV(call)=INR28 [P(RPC)=10.07% x 5% x INR64800 x 10% - INR5],13.0,0.0,0.0,20.0,64800.0,train
AC001149,PH003113,3,0,0.07136253650396328,Poor,2,Call,18.121461827284108,EV(call)=INR18 [P(RPC)=7.14% x 5% x INR64800 x 10% - INR5],16.0,1.0,0.0,48.125,64800.0,train
AC001149,PH005938,5,3,0.029643721318314557,Poor,3,Call,4.604565707133917,EV(call)=INR5 [P(RPC)=2.96% x 5% x INR64800 x 10% - INR5],1.0,0.0,0.0,0.0,64800.0,train
AC001149,PH003114,1,1,0.008784313725490198,Poor,4,Suppress,-2.1538823529411757,"EV(call)=INR-2, EV(visit)=INR-130 — negative economic yield",5.0,2.0,0.0,8.4,64800.0,train
AC001150,PH003116,3,0,0.008784313725490198,Poor,1,Call,26.54227450980393,EV(call)=INR27 [P(RPC)=0.88% x 5% x INR718150 x 10% - INR5],27.0,0.0,23.0,0.0,718150.0,train
AC001151,PH003118,0,1,0.9891764705882353,Excellent,1,Call,274.68964705882354,EV(call)=INR275 [P(RPC)=98.92% x 5% x INR56550 x 10% - INR5],13.0,0.0,0.0,30.615384615384617,56550.0,train
AC001151,PH003117,3,0,0.008784313725490198,Poor,2,Suppress,-2.5162352941176462,"EV(call)=INR-3, EV(visit)=INR-139 — negative economic yield",8.0,0.0,2.0,0.0,56550.0,train
AC001151,PH003119,1,2,0.008784313725490198,Poor,3,Suppress,-2.5162352941176462,"EV(call)=INR-3, EV(visit)=INR-139 — negative economic yield",-1.0,-1.0,-1.0,-1.0,56550.0,train
AC001152,PH003120,3,0,0.9745437518290897,Excellent,1,Call,564.620822944103,EV(call)=INR565 [P(RPC)=97.45% x 5% x INR116900 x 10% - INR5],17.0,1.0,0.0,27.705882352941178,116900.0,validation
AC001152,PH003121,1,1,0.2888963585434174,Fair,2,Call,163.85992156862747,EV(call)=INR164 [P(RPC)=28.89% x 5% x INR116900 x 10% - INR5],4.0,0.0,0.0,35.75,116900.0,validation
AC001152,PH003122,4,2,0.008784313725490198,Poor,3,Suppress,0.13443137254902116,Compliance: Verified third-party — contact strictly prohibited,-1.0,-1.0,-1.0,-1.0,116900.0,validation
AC001153,PH003123,3,0,0.9891764705882353,Excellent,1,Call,696.8207058823531,EV(call)=INR697 [P(RPC)=98.92% x 5% x INR141900 x 10% - INR5],29.0,2.0,0.0,11.241379310344827,141900.0,train
AC001154,PH003124,3,0,0.9424911297852473,Excellent,1,Call,148.39043137254902,EV(call)=INR148 [P(RPC)=94.25% x 5% x INR32550 x 10% - INR5],3.0,0.0,0.0,24.666666666666668,32550.0,train
AC001154,PH003126,1,2,0.8911372549019607,Excellent,2,Suppress,140.03258823529413,Compliance: Verified third-party — contact strictly prohibited,1.0,0.0,0.0,140.0,32550.0,train
AC001154,PH003125,0,1,0.029209150326797384,Poor,3,Suppress,-0.24621078431372556,"EV(call)=INR-0, EV(visit)=INR-165 — negative economic yield",-1.0,-1.0,-1.0,-1.0,32550.0,train
AC001155,PH003127,3,0,0.9891764705882353,Excellent,1,Call,571.6898823529413,EV(call)=INR572 [P(RPC)=98.92% x 5% x INR116600 x 10% - INR5],15.0,1.0,0.0,10.6,116600.0,train
AC001155,PH000502,2,1,0.7440784313725489,Excellent,2,Suppress,428.797725490196,Compliance: Verified third-party — contact strictly prohibited,9.0,0.0,0.0,51.77777777777778,116600.0,train
AC001156,PH003128,3,0,0.8911372549019607,Excellent,1,Call,367.71815686274516,EV(call)=INR368 [P(RPC)=89.11% x 5% x INR83650 x 10% - INR5],1.0,0.0,0.0,23.0,83650.0,train
AC001157,PH003129,3,0,0.8911372549019607,Excellent,1,Call,308.4575294117647,EV(call)=INR308 [P(RPC)=89.11% x 5% x INR70350 x 10% - INR5],7.0,0.0,1.0,24.714285714285715,70350.0,train
AC001158,PH003130,3,0,0.9745437518290897,Excellent,1,Call,260.07590049751246,EV(call)=INR260 [P(RPC)=97.45% x 5% x INR54400 x 10% - INR5],17.0,0.0,0.0,47.11764705882353,54400.0,train
AC001158,PH003131,0,1,0.029209150326797384,Poor,2,Call,2.9448888888888893,EV(call)=INR3 [P(RPC)=2.92% x 5% x INR54400 x 10% - INR5],-1.0,-1.0,-1.0,-1.0,54400.0,train
AC001158,PH003132,4,2,0.008784313725490198,Poor,3,Suppress,-2.610666666666666,"EV(call)=INR-3, EV(visit)=INR-141 — negative economic yield",-1.0,-1.0,-1.0,-1.0,54400.0,train
AC001159,PH003133,3,0,0.8911372549019607,Excellent,1,Call,758.927411764706,EV(call)=INR759 [P(RPC)=89.11% x 5% x INR171450 x 10% - INR5],15.0,0.0,0.0,13.066666666666666,171450.0,train
AC001159,PH003134,1,1,0.008784313725490198,Poor,2,Call,2.5303529411764716,EV(call)=INR3 [P(RPC)=0.88% x 5% x INR171450 x 10% - INR5],-1.0,-1.0,-1.0,-1.0,171450.0,train
AC001159,PH000471,2,2,0.008784313725490198,Poor,3,Call,2.5303529411764716,EV(call)=INR3 [P(RPC)=0.88% x 5% x INR171450 x 10% - INR5],-1.0,-1.0,-1.0,-1.0,171450.0,train
AC001159,PH003135,4,3,0.008784313725490198,Poor,4,Call,2.5303529411764716,EV(call)=INR3 [P(RPC)=0.88% x 5% x INR171450 x 10% - INR5],-1.0,-1.0,-1.0,-1.0,171450.0,train
AC001160,PH003137,0,1,0.9891764705882353,Excellent,1,Call,1367.4823529411767,EV(call)=INR1367 [P(RPC)=98.92% x 5% x INR277500 x 10% - INR5],19.0,0.0,0.0,33.421052631578945,277500.0,validation
AC001160,PH003136,3,0,0.029643721318314557,Poor,2,Call,36.13066332916145,EV(call)=INR36 [P(RPC)=2.96% x 5% x INR277500 x 10% - INR5],8.0,0.0,0.0,0.0,277500.0,validation
AC001160,PH003138,1,2,0.029209150326797384,Poor,3,Call,35.527696078431376,EV(call)=INR36 [P(RPC)=2.92% x 5% x INR277500 x 10% - INR5],-1.0,-1.0,-1.0,-1.0,277500.0,validation
AC001160,PH003139,4,3,0.029209150326797384,Poor,4,Call,35.527696078431376,EV(call)=INR36 [P(RPC)=2.92% x 5% x INR277500 x 10% - INR5],-1.0,-1.0,-1.0,-1.0,277500.0,validation
AC001161,PH003142,4,2,0.7440784313725489,Excellent,1,Call,742.7988235294117,EV(call)=INR743 [P(RPC)=74.41% x 5% x INR201000 x 10% - INR5],9.0,0.0,0.0,20.22222222222222,201000.0,train
AC001161,PH005900,5,3,0.07136253650396328,Poor,2,Call,66.7193491864831,EV(call)=INR67 [P(RPC)=7.14% x 5% x INR201000 x 10% - INR5],2.0,0.0,0.0,0.0,201000.0,train
AC001161,PH003140,3,0,0.008784313725490198,Poor,3,Call,3.8282352941176487,EV(call)=INR4 [P(RPC)=0.88% x 5% x INR201000 x 10% - INR5],14.0,0.0,4.0,0.0,201000.0,train
AC001161,PH003141,0,1,0.008784313725490198,Poor,4,Call,3.8282352941176487,EV(call)=INR4 [P(RPC)=0.88% x 5% x INR201000 x 10% - INR5],11.0,0.0,10.0,0.0,201000.0,train
AC001162,PH003143,3,0,0.029643721318314557,Poor,1,Suppress,-0.5979073842302878,"EV(call)=INR-1, EV(visit)=INR-168 — negative economic yield",21.0,0.0,0.0,0.0,29700.0,train
AC001162,PH003144,1,1,0.029643721318314557,Poor,2,Suppress,-0.5979073842302878,"EV(call)=INR-1, EV(visit)=INR-168 — negative economic yield",14.0,2.0,0.0,3.142857142857143,29700.0,train
AC001163,PH003145,3,0,0.9891764705882353,Excellent,1,Call,322.1701176470589,EV(call)=INR322 [P(RPC)=98.92% x 5% x INR66150 x 10% - INR5],19.0,0.0,0.0,17.0,66150.0,train
AC001164,PH003146,3,0,0.9745437518290897,Excellent,1,Call,7271.918194907814,EV(call)=INR7272 [P(RPC)=97.45% x 5% x INR1493400 x 10% - INR5],16.0,0.0,0.0,64.8125,1493400.0,test
AC001164,PH003147,4,1,0.008784313725490198,Poor,2,Call,60.592470588235315,EV(call)=INR61 [P(RPC)=0.88% x 5% x INR1493400 x 10% - INR5],-1.0,-1.0,-1.0,-1.0,1493400.0,test
AC001165,PH003148,3,0,0.008784313725490198,Poor,1,Suppress,-3.7438431372549017,"EV(call)=INR-4, EV(visit)=INR-169 — negative economic yield",-1.0,-1.0,-1.0,-1.0,28600.0,train
AC001165,PH003149,0,1,0.008784313725490198,Poor,2,Suppress,-3.7438431372549017,"EV(call)=INR-4, EV(visit)=INR-169 — negative economic yield",-1.0,-1.0,-1.0,-1.0,28600.0,train
AC001166,PH003150,3,0,0.9745437518290897,Excellent,1,Call,144.83610184372256,EV(call)=INR145 [P(RPC)=97.45% x 5% x INR30750 x 10% - INR5],9.0,1.0,0.0,50.888888888888886,30750.0,test
AC001166,PH000513,2,1,0.43770588235294117,Good,2,Call,62.297279411764706,EV(call)=INR62 [P(RPC)=43.77% x 5% x INR30750 x 10% - INR5],21.0,1.0,0.0,23.857142857142858,30750.0,test
AC001166,PH003151,4,2,0.008784313725490198,Poor,3,Suppress,-3.649411764705882,"EV(call)=INR-4, EV(visit)=INR-167 — negative economic yield",-1.0,-1.0,-1.0,-1.0,30750.0,test
AC001167,PH003152,3,0,0.9424911297852473,Excellent,1,Call,4116.042464985994,EV(call)=INR4116 [P(RPC)=94.25% x 5% x INR874500 x 10% - INR5],9.0,2.0,0.0,48.333333333333336,874500.0,train
AC001168,PH003153,3,0,0.9745437518290897,Excellent,1,Call,1450.9683652326603,EV(call)=INR1451 [P(RPC)=97.45% x 5% x INR298800 x 10% - INR5],14.0,0.0,2.0,60.07142857142857,298800.0,train
AC001168,PH003154,1,1,0.029643721318314557,Poor,2,Call,39.28771964956195,EV(call)=INR39 [P(RPC)=2.96% x 5% x INR298800 x 10% - INR5],-1.0,-1.0,-1.0,-1.0,298800.0,train
AC001169,PH003155,3,0,0.9745437518290897,Excellent,1,Call,431.5956008194322,EV(call)=INR432 [P(RPC)=97.45% x 5% x INR89600 x 10% - INR5],21.0,0.0,0.0,4.380952380952381,89600.0,train
AC001169,PH003156,1,1,0.029643721318314557,Poor,2,Call,8.280387150604922,EV(call)=INR8 [P(RPC)=2.96% x 5% x INR89600 x 10% - INR5],-1.0,-1.0,-1.0,-1.0,89600.0,train
AC001169,PH003157,4,2,0.029209150326797384,Poor,3,Call,8.08569934640523,EV(call)=INR8 [P(RPC)=2.92% x 5% x INR89600 x 10% - INR5],-1.0,-1.0,-1.0,-1.0,89600.0,train
AC001170,PH003158,3,0,0.9891764705882353,Excellent,1,Call,578.1195294117648,EV(call)=INR578 [P(RPC)=98.92% x 5% x INR117900 x 10% - INR5],28.0,0.0,0.0,50.392857142857146,117900.0,train
AC001170,PH003160,4,2,0.8257777777777777,Excellent,2,Call,481.79600000000005,EV(call)=INR482 [P(RPC)=82.58% x 5% x INR117900 x 10% - INR5],3.0,0.0,0.0,55.333333333333336,117900.0,train
AC001170,PH003159,1,1,0.07136253650396328,Poor,3,Call,37.06821526908636,EV(call)=INR37 [P(RPC)=7.14% x 5% x INR117900 x 10% - INR5],8.0,0.0,0.0,0.0,117900.0,train
AC001171,PH003161,3,0,0.029643721318314557,Poor,1,Call,21.457021276595743,EV(call)=INR21 [P(RPC)=2.96% x 5% x INR178500 x 10% - INR5],-1.0,-1.0,-1.0,-1.0,178500.0,train
AC001172,PH003162,3,0,0.9891764705882353,Excellent,1,Call,313.26752941176477,EV(call)=INR313 [P(RPC)=98.92% x 5% x INR64350 x 10% - INR5],18.0,0.0,0.0,43.111111111111114,64350.0,train
AC001173,PH003164,0,1,0.9745437518290897,Excellent,1,Call,100.2507251975417,EV(call)=INR100 [P(RPC)=97.45% x 5% x INR21600 x 10% - INR5],11.0,0.0,0.0,3.6363636363636362,21600.0,validation
AC001173,PH003163,3,0,0.008784313725490198,Poor,2,Suppress,-4.051294117647059,"EV(call)=INR-4, EV(visit)=INR-177 — negative economic yield",8.0,0.0,0.0,0.0,21600.0,validation
AC001174,PH003165,3,0,0.9891764705882353,Excellent,1,Call,310.54729411764714,EV(call)=INR311 [P(RPC)=98.92% x 5% x INR63800 x 10% - INR5],17.0,0.0,0.0,20.294117647058822,63800.0,train
AC001174,PH003166,0,1,0.8911372549019607,Excellent,2,Call,279.27278431372554,EV(call)=INR279 [P(RPC)=89.11% x 5% x INR63800 x 10% - INR5],4.0,0.0,0.0,37.25,63800.0,train
AC001175,PH003167,3,0,0.9891764705882353,Excellent,1,Call,798.2112941176472,EV(call)=INR798 [P(RPC)=98.92% x 5% x INR162400 x 10% - INR5],24.0,0.0,0.0,36.75,162400.0,train
AC001175,PH003168,0,1,0.9745437518290897,Excellent,2,Call,786.3295264852209,EV(call)=INR786 [P(RPC)=97.45% x 5% x INR162400 x 10% - INR5],6.0,0.0,0.0,182.5,162400.0,train
AC001175,PH000506,2,2,0.029643721318314557,Poor,3,Call,19.070701710471422,EV(call)=INR19 [P(RPC)=2.96% x 5% x INR162400 x 10% - INR5],-1.0,-1.0,-1.0,-1.0,162400.0,train
AC001175,PH003169,4,3,0.029643721318314557,Poor,4,Call,19.070701710471422,EV(call)=INR19 [P(RPC)=2.96% x 5% x INR162400 x 10% - INR5],-1.0,-1.0,-1.0,-1.0,162400.0,train
AC001176,PH003170,3,0,0.9891764705882353,Excellent,1,Call,258.3682352941177,EV(call)=INR258 [P(RPC)=98.92% x 5% x INR53250 x 10% - INR5],30.0,0.0,0.0,60.166666666666664,53250.0,train
AC001176,PH003171,4,1,0.008784313725490198,Poor,2,Suppress,-2.661176470588235,"EV(call)=INR-3, EV(visit)=INR-142 — negative economic yield",-1.0,-1.0,-1.0,-1.0,53250.0,train
AC001177,PH003173,0,1,0.9891764705882353,Excellent,1,Call,316.4823529411765,EV(call)=INR316 [P(RPC)=98.92% x 5% x INR65000 x 10% - INR5],21.0,0.0,0.0,49.095238095238095,65000.0,validation
AC001177,PH003174,1,2,0.029643721318314557,Poor,2,Call,4.634209428452232,EV(call)=INR5 [P(RPC)=2.96% x 5% x INR65000 x 10% - INR5],-1.0,-1.0,-1.0,-1.0,65000.0,validation
AC001177,PH003172,3,0,0.008784313725490198,Poor,3,Suppress,-2.1450980392156858,"EV(call)=INR-2, EV(visit)=INR-130 — negative economic yield",8.0,0.0,0.0,0.0,65000.0,validation
AC001177,PH003175,4,3,0.008784313725490198,Poor,4,Suppress,-2.1450980392156858,"EV(call)=INR-2, EV(visit)=INR-130 — negative economic yield",-1.0,-1.0,-1.0,-1.0,65000.0,validation
AC001178,PH003177,0,1,0.8911372549019607,Excellent,1,Call,2123.704117647059,EV(call)=INR2124 [P(RPC)=89.11% x 5% x INR477750 x 10% - INR5],5.0,0.0,0.0,10.8,477750.0,validation
AC001178,PH003176,3,0,0.2888963585434174,Fair,2,Call,685.1011764705884,EV(call)=INR685 [P(RPC)=28.89% x 5% x INR477750 x 10% - INR5],7.0,1.0,0.0,36.285714285714285,477750.0,validation
AC001178,PH003178,4,2,0.10069607843137254,Poor,3,Call,235.5377573529412,EV(call)=INR236 [P(RPC)=10.07% x 5% x INR477750 x 10% - INR5],6.0,0.0,0.0,54.666666666666664,477750.0,validation
AC001179,PH003179,3,0,0.9891764705882353,Excellent,1,Call,582.3235294117648,EV(call)=INR582 [P(RPC)=98.92% x 5% x INR118750 x 10% - INR5],17.0,0.0,0.0,19.11764705882353,118750.0,test
AC001179,PH003181,4,2,0.43770588235294117,Good,2,Call,254.88786764705884,EV(call)=INR255 [P(RPC)=43.77% x 5% x INR118750 x 10% - INR5],16.0,0.0,0.0,20.9375,118750.0,test
AC001179,PH003180,1,1,0.029643721318314557,Poor,3,Call,12.600959532749268,EV(call)=INR13 [P(RPC)=2.96% x 5% x INR118750 x 10% - INR5],2.0,2.0,0.0,23.5,118750.0,test
AC001180,PH003182,3,0,0.9891764705882353,Excellent,1,Call,256.14258823529417,EV(call)=INR256 [P(RPC)=98.92% x 5% x INR52800 x 10% - INR5],4.0,0.0,0.0,106.75,52800.0,train
AC001180,PH003183,1,1,0.008784313725490198,Poor,2,Suppress,-2.6809411764705877,"EV(call)=INR-3, EV(visit)=INR-143 — negative economic yield",-1.0,-1.0,-1.0,-1.0,52800.0,train
AC001181,PH003185,0,1,0.9891764705882353,Excellent,1,Call,2172.672,EV(call)=INR2173 [P(RPC)=98.92% x 5% x INR440300 x 10% - INR5],21.0,0.0,0.0,54.095238095238095,440300.0,train
AC001181,PH003184,3,0,0.008784313725490198,Poor,2,Call,14.338666666666672,EV(call)=INR14 [P(RPC)=0.88% x 5% x INR440300 x 10% - INR5],2.0,0.0,0.0,0.0,440300.0,train
AC001181,PH003186,4,2,0.008784313725490198,Poor,3,Call,14.338666666666672,EV(call)=INR14 [P(RPC)=0.88% x 5% x INR440300 x 10% - INR5],-1.0,-1.0,-1.0,-1.0,440300.0,train
AC001182,PH003187,3,0,0.9891764705882353,Excellent,1,Call,669.6183529411766,EV(call)=INR670 [P(RPC)=98.92% x 5% x INR136400 x 10% - INR5],36.0,0.0,0.0,36.833333333333336,136400.0,train
AC001183,PH003188,3,0,0.9891764705882353,Excellent,1,Call,3078.757647058824,EV(call)=INR3079 [P(RPC)=98.92% x 5% x INR623500 x 10% - INR5],29.0,0.0,0.0,9.03448275862069,623500.0,train
AC001184,PH003189,3,0,0.8491204481792716,Excellent,1,Call,1115.8389915966386,EV(call)=INR1116 [P(RPC)=84.91% x 5% x INR264000 x 10% - INR5],15.0,0.0,0.0,35.666666666666664,264000.0,train
AC001185,PH003190,3,0,0.9891764705882353,Excellent,1,Call,182.94352941176476,EV(call)=INR183 [P(RPC)=98.92% x 5% x INR38000 x 10% - INR5],17.0,0.0,0.0,38.35294117647059,38000.0,train
AC001185,PH003191,4,1,0.9891764705882353,Excellent,2,Call,182.94352941176476,EV(call)=INR183 [P(RPC)=98.92% x 5% x INR38000 x 10% - INR5],15.0,0.0,0.0,53.06666666666667,38000.0,train
AC001186,PH003193,0,1,0.9745437518290897,Excellent,1,Call,741.9877857769974,EV(call)=INR742 [P(RPC)=97.45% x 5% x INR153300 x 10% - INR5],8.0,0.0,0.0,37.25,153300.0,train
AC001186,PH003192,3,0,0.9424911297852473,Excellent,2,Call,717.4194509803921,EV(call)=INR717 [P(RPC)=94.25% x 5% x INR153300 x 10% - INR5],12.0,0.0,0.0,3.25,153300.0,train
AC001186,PH000332,2,2,0.029643721318314557,Poor,3,Call,17.72191239048811,EV(call)=INR18 [P(RPC)=2.96% x 5% x INR153300 x 10% - INR5],-1.0,-1.0,-1.0,-1.0,153300.0,train
AC001186,PH003194,4,3,0.029643721318314557,Poor,4,Call,17.72191239048811,EV(call)=INR18 [P(RPC)=2.96% x 5% x INR153300 x 10% - INR5],-1.0,-1.0,-1.0,-1.0,153300.0,train
AC001187,PH003195,3,0,0.9745437518290897,Excellent,1,Call,389.6902194907814,EV(call)=INR390 [P(RPC)=97.45% x 5% x INR81000 x 10% - INR5],20.0,0.0,0.0,64.65,81000.0,train
AC001187,PH003196,0,1,0.008784313725490198,Poor,2,Suppress,-1.4423529411764697,"EV(call)=INR-1, EV(visit)=INR-113 — negative economic yield",-1.0,-1.0,-1.0,-1.0,81000.0,train
AC001187,PH003197,1,2,0.008784313725490198,Poor,3,Suppress,-1.4423529411764697,Compliance: Verified third-party — contact strictly prohibited,-1.0,-1.0,-1.0,-1.0,81000.0,train
AC001187,PH000608,2,3,0.008784313725490198,Poor,4,Suppress,-1.4423529411764697,"EV(call)=INR-1, EV(visit)=INR-113 — negative economic yield",-1.0,-1.0,-1.0,-1.0,81000.0,train
AC001187,PH003198,4,4,0.008784313725490198,Poor,5,Suppress,-1.4423529411764697,"EV(call)=INR-1, EV(visit)=INR-113 — negative economic yield",-1.0,-1.0,-1.0,-1.0,81000.0,train
AC001188,PH003199,3,0,0.9424911297852473,Excellent,1,Call,65.68683473389355,EV(call)=INR66 [P(RPC)=94.25% x 5% x INR15000 x 10% - INR5],7.0,0.0,0.0,13.714285714285714,15000.0,train
AC001189,PH003200,3,0,0.9424911297852473,Excellent,1,Call,1216.4685042016806,EV(call)=INR1216 [P(RPC)=94.25% x 5% x INR259200 x 10% - INR5],1.0,0.0,0.0,55.0,259200.0,validation
AC001189,PH003201,1,1,0.029209150326797384,Poor,2,Call,32.85505882352941,EV(call)=INR33 [P(RPC)=2.92% x 5% x INR259200 x 10% - INR5],-1.0,-1.0,-1.0,-1.0,259200.0,validation
AC001190,PH003203,4,1,0.8911372549019607,Excellent,1,Call,283.5056862745098,EV(call)=INR284 [P(RPC)=89.11% x 5% x INR64750 x 10% - INR5],19.0,1.0,0.0,50.68421052631579,64750.0,train
AC001190,PH003202,3,0,0.008784313725490198,Poor,2,Suppress,-2.1560784313725483,"EV(call)=INR-2, EV(visit)=INR-130 — negative economic yield",16.0,0.0,15.0,0.0,64750.0,train
AC001191,PH003204,3,0,0.9745437518290897,Excellent,1,Call,193.31965349721978,EV(call)=INR193 [P(RPC)=97.45% x 5% x INR40700 x 10% - INR5],22.0,0.0,0.0,47.72727272727273,40700.0,validation
AC001191,PH003205,1,1,0.029643721318314557,Poor,2,Call,1.0324972882770131,EV(call)=INR1 [P(RPC)=2.96% x 5% x INR40700 x 10% - INR5],8.0,1.0,4.0,8.0,40700.0,validation
AC001192,PH003206,3,0,0.9424911297852473,Excellent,1,Call,258.89751633986924,EV(call)=INR259 [P(RPC)=94.25% x 5% x INR56000 x 10% - INR5],23.0,0.0,0.0,2.0869565217391304,56000.0,validation
AC001192,PH003208,4,2,0.10069607843137254,Poor,2,Call,23.19490196078432,EV(call)=INR23 [P(RPC)=10.07% x 5% x INR56000 x 10% - INR5],8.0,0.0,0.0,33.625,56000.0,validation
AC001192,PH003207,1,1,0.008784313725490198,Poor,3,Suppress,-2.5403921568627443,"EV(call)=INR-3, EV(visit)=INR-140 — negative economic yield",8.0,0.0,7.0,0.0,56000.0,validation
AC001193,PH003209,3,0,0.9745437518290897,Excellent,1,Call,1471.6774199590284,EV(call)=INR1472 [P(RPC)=97.45% x 5% x INR303050 x 10% - INR5],18.0,0.0,0.0,63.388888888888886,303050.0,train
AC001194,PH003211,0,1,0.9424911297852473,Excellent,1,Call,72.7555182072829,EV(call)=INR73 [P(RPC)=94.25% x 5% x INR16500 x 10% - INR5],5.0,0.0,0.0,7.4,16500.0,test
AC001194,PH003210,3,0,0.008784313725490198,Poor,2,Suppress,-4.275294117647059,"EV(call)=INR-4, EV(visit)=INR-182 — negative economic yield",8.0,0.0,0.0,0.0,16500.0,test
AC001195,PH003212,3,0,0.9745437518290897,Excellent,1,Call,299.057650570676,EV(call)=INR299 [P(RPC)=97.45% x 5% x INR62400 x 10% - INR5],13.0,1.0,0.0,63.76923076923077,62400.0,validation
AC001195,PH003213,0,1,0.07136253650396328,Poor,2,Call,17.265111389236544,EV(call)=INR17 [P(RPC)=7.14% x 5% x INR62400 x 10% - INR5],-1.0,-1.0,-1.0,-1.0,62400.0,validation
AC001195,PH003214,1,2,0.029643721318314557,Poor,3,Call,4.248841051314143,EV(call)=INR4 [P(RPC)=2.96% x 5% x INR62400 x 10% - INR5],-1.0,-1.0,-1.0,-1.0,62400.0,validation
AC001195,PH003215,4,3,0.029643721318314557,Poor,4,Call,4.248841051314143,EV(call)=INR4 [P(RPC)=2.96% x 5% x INR62400 x 10% - INR5],-1.0,-1.0,-1.0,-1.0,62400.0,validation
AC001196,PH003217,1,1,0.8911372549019607,Excellent,1,Call,472.8723529411765,EV(call)=INR473 [P(RPC)=89.11% x 5% x INR107250 x 10% - INR5],13.0,0.0,0.0,40.46153846153846,107250.0,train
AC001196,PH005815,5,2,0.029209150326797384,Poor,2,Call,10.6634068627451,EV(call)=INR11 [P(RPC)=2.92% x 5% x INR107250 x 10% - INR5],8.0,0.0,0.0,0.0,107250.0,train
AC001196,PH003216,3,0,0.008784313725490198,Poor,3,Suppress,-0.28941176470588115,"EV(call)=INR-0, EV(visit)=INR-84 — negative economic yield",16.0,1.0,11.0,2.1875,107250.0,train
AC001197,PH003218,3,0,0.10069607843137254,Poor,1,Call,13.981210784313728,EV(call)=INR14 [P(RPC)=10.07% x 5% x INR37700 x 10% - INR5],8.0,0.0,0.0,7.125,37700.0,train
AC001197,PH003219,4,1,0.029643721318314557,Poor,2,Call,0.5878414685022939,EV(call)=INR1 [P(RPC)=2.96% x 5% x INR37700 x 10% - INR5],8.0,0.0,0.0,30.875,37700.0,train
AC001198,PH003222,4,2,0.9745437518290897,Excellent,1,Call,254.22863798653788,EV(call)=INR254 [P(RPC)=97.45% x 5% x INR53200 x 10% - INR5],8.0,0.0,0.0,124.0,53200.0,train
AC001198,PH003221,0,1,0.9424911297852473,Excellent,2,Call,245.7026405228758,EV(call)=INR246 [P(RPC)=94.25% x 5% x INR53200 x 10% - INR5],14.0,0.0,0.0,5.142857142857143,53200.0,train
AC001198,PH003220,3,0,0.7440784313725489,Excellent,3,Call,192.92486274509804,EV(call)=INR193 [P(RPC)=74.41% x 5% x INR53200 x 10% - INR5],12.0,0.0,0.0,47.25,53200.0,train
AC001199,PH003223,3,0,0.9891764705882353,Excellent,1,Call,237.3482352941177,EV(call)=INR237 [P(RPC)=98.92% x 5% x INR49000 x 10% - INR5],30.0,0.0,4.0,27.266666666666666,49000.0,validation
AC001200,PH003224,3,0,0.9745437518290897,Excellent,1,Call,250.81773485513605,EV(call)=INR251 [P(RPC)=97.45% x 5% x INR52500 x 10% - INR5],17.0,0.0,0.0,5.0,52500.0,train
AC001201,PH003226,0,1,0.9891764705882353,Excellent,1,Call,139.1724705882353,EV(call)=INR139 [P(RPC)=98.92% x 5% x INR29150 x 10% - INR5],17.0,0.0,0.0,20.88235294117647,29150.0,train
AC001201,PH003225,3,0,0.029643721318314557,Poor,2,Suppress,-0.6794276178556524,"EV(call)=INR-1, EV(visit)=INR-169 — negative economic yield",8.0,1.0,0.0,1.625,29150.0,train
AC001201,PH003227,4,2,0.008784313725490198,Poor,3,Suppress,-3.7196862745098036,"EV(call)=INR-4, EV(visit)=INR-169 — negative economic yield",3.0,0.0,0.0,0.0,29150.0,train
AC001202,PH003228,3,0,0.008784313725490198,Poor,1,Suppress,-2.6809411764705877,"EV(call)=INR-3, EV(visit)=INR-143 — negative economic yield",3.0,0.0,0.0,0.0,52800.0,test
AC001203,PH005859,5,3,0.9891764705882353,Excellent,1,Call,154.50470588235297,EV(call)=INR155 [P(RPC)=98.92% x 5% x INR32250 x 10% - INR5],13.0,0.0,0.0,18.846153846153847,32250.0,train
AC001203,PH000574,2,2,0.07136253650396328,Poor,2,Call,6.507209011264081,EV(call)=INR7 [P(RPC)=7.14% x 5% x INR32250 x 10% - INR5],4.0,0.0,0.0,19.25,32250.0,train
AC001203,PH003229,3,0,0.029643721318314557,Poor,3,Suppress,-0.21994993742177726,"EV(call)=INR-0, EV(visit)=INR-165 — negative economic yield",8.0,2.0,0.0,7.25,32250.0,train
AC001203,PH003230,1,1,0.008784313725490198,Poor,4,Suppress,-3.5835294117647054,"EV(call)=INR-4, EV(visit)=INR-165 — negative economic yield",8.0,2.0,0.0,3.75,32250.0,train
AC001204,PH003231,3,0,0.8911372549019607,Excellent,1,Call,1231.0073725490197,EV(call)=INR1231 [P(RPC)=89.11% x 5% x INR277400 x 10% - INR5],12.0,0.0,0.0,13.416666666666666,277400.0,train
AC001204,PH000495,2,2,0.10069607843137254,Poor,2,Call,134.66546078431375,EV(call)=INR135 [P(RPC)=10.07% x 5% x INR277400 x 10% - INR5],7.0,0.0,0.0,33.714285714285715,277400.0,train
AC001204,PH003232,1,1,0.008784313725490198,Poor,3,Call,7.183843137254904,EV(call)=INR7 [P(RPC)=0.88% x 5% x INR277400 x 10% - INR5],2.0,2.0,0.0,31.5,277400.0,train
AC001205,PH003234,4,1,0.9745437518290897,Excellent,1,Call,678.3988059701492,EV(call)=INR678 [P(RPC)=97.45% x 5% x INR140250 x 10% - INR5],26.0,2.0,0.0,46.23076923076923,140250.0,train
AC001205,PH003233,3,0,0.008784313725490198,Poor,2,Call,1.160000000000002,EV(call)=INR1 [P(RPC)=0.88% x 5% x INR140250 x 10% - INR5],2.0,0.0,0.0,0.0,140250.0,train
AC001206,PH003236,0,1,0.9891764705882353,Excellent,1,Call,493.5449411764707,EV(call)=INR494 [P(RPC)=98.92% x 5% x INR100800 x 10% - INR5],21.0,0.0,4.0,21.0,100800.0,validation
AC001206,PH000260,2,2,0.10069607843137254,Poor,2,Call,45.750823529411775,EV(call)=INR46 [P(RPC)=10.07% x 5% x INR100800 x 10% - INR5],6.0,0.0,0.0,19.0,100800.0,validation
AC001206,PH003235,3,0,0.008784313725490198,Poor,3,Suppress,-0.5727058823529401,"EV(call)=INR-1, EV(visit)=INR-91 — negative economic yield",8.0,0.0,0.0,0.0,100800.0,validation
AC001206,PH003237,4,3,0.008784313725490198,Poor,4,Suppress,-0.5727058823529401,"EV(call)=INR-1, EV(visit)=INR-91 — negative economic yield",-1.0,-1.0,-1.0,-1.0,100800.0,validation
AC001207,PH003238,3,0,0.9424911297852473,Excellent,1,Call,168.65399066293185,EV(call)=INR169 [P(RPC)=94.25% x 5% x INR36850 x 10% - INR5],2.0,0.0,0.0,58.5,36850.0,validation
AC001207,PH003239,4,1,0.008784313725490198,Poor,2,Suppress,-3.381490196078431,"EV(call)=INR-3, EV(visit)=INR-160 — negative economic yield",-1.0,-1.0,-1.0,-1.0,36850.0,validation
AC001208,PH003240,3,0,0.9745437518290897,Excellent,1,Call,899.6202376353526,EV(call)=INR900 [P(RPC)=97.45% x 5% x INR185650 x 10% - INR5],20.0,0.0,2.0,42.45,185650.0,train
AC001208,PH003241,4,1,0.7440784313725489,Excellent,2,Call,685.6908039215685,EV(call)=INR686 [P(RPC)=74.41% x 5% x INR185650 x 10% - INR5],9.0,0.0,0.0,24.88888888888889,185650.0,train
AC001209,PH003242,3,0,0.9891764705882353,Excellent,1,Call,799.2004705882355,EV(call)=INR799 [P(RPC)=98.92% x 5% x INR162600 x 10% - INR5],22.0,0.0,0.0,31.40909090909091,162600.0,validation
AC001209,PH003243,0,1,0.029643721318314557,Poor,2,Call,19.100345431789737,EV(call)=INR19 [P(RPC)=2.96% x 5% x INR162600 x 10% - INR5],8.0,0.0,0.0,0.0,162600.0,validation
AC001210,PH003245,1,1,0.8911372549019607,Excellent,1,Call,156.7414117647059,EV(call)=INR157 [P(RPC)=89.11% x 5% x INR36300 x 10% - INR5],1.0,0.0,0.0,43.0,36300.0,validation
AC001210,PH003244,3,0,0.029643721318314557,Poor,2,Call,0.3803354192740924,EV(call)=INR0 [P(RPC)=2.96% x 5% x INR36300 x 10% - INR5],5.0,2.0,0.0,9.4,36300.0,validation
AC001211,PH005936,5,2,0.9745437518290897,Excellent,1,Call,482.75914779045945,EV(call)=INR483 [P(RPC)=97.45% x 5% x INR100100 x 10% - INR5],7.0,0.0,0.0,57.857142857142854,100100.0,train
AC001211,PH003247,4,1,0.7440784313725489,Excellent,2,Call,367.4112549019608,EV(call)=INR367 [P(RPC)=74.41% x 5% x INR100100 x 10% - INR5],12.0,0.0,0.0,34.25,100100.0,train
AC001211,PH003246,3,0,0.008784313725490198,Poor,3,Suppress,-0.6034509803921555,"EV(call)=INR-1, EV(visit)=INR-92 — negative economic yield",16.0,0.0,13.0,0.0,100100.0,train
AC001212,PH003248,3,0,0.9891764705882353,Excellent,1,Call,229.68211764705885,EV(call)=INR230 [P(RPC)=98.92% x 5% x INR47450 x 10% - INR5],27.0,0.0,0.0,55.18518518518518,47450.0,train
AC001213,PH003249,3,0,0.9891764705882353,Excellent,1,Call,140.40894117647062,EV(call)=INR140 [P(RPC)=98.92% x 5% x INR29400 x 10% - INR5],24.0,0.0,0.0,24.833333333333332,29400.0,train
AC001214,PH003250,3,0,0.9745437518290897,Excellent,1,Call,152.87608779631256,EV(call)=INR153 [P(RPC)=97.45% x 5% x INR32400 x 10% - INR5],11.0,0.0,1.0,80.81818181818181,32400.0,train
AC001214,PH003251,4,1,0.008784313725490198,Poor,2,Suppress,-3.576941176470588,"EV(call)=INR-4, EV(visit)=INR-165 — negative economic yield",-1.0,-1.0,-1.0,-1.0,32400.0,train
AC001215,PH003253,0,1,0.9745437518290897,Excellent,1,Call,267.8722505121452,EV(call)=INR268 [P(RPC)=97.45% x 5% x INR56000 x 10% - INR5],19.0,0.0,0.0,36.36842105263158,56000.0,train
AC001215,PH003252,3,0,0.008784313725490198,Poor,2,Suppress,-2.5403921568627443,"EV(call)=INR-3, EV(visit)=INR-140 — negative economic yield",8.0,1.0,0.0,1.0,56000.0,train
AC001215,PH003254,1,2,0.008784313725490198,Poor,3,Suppress,-2.5403921568627443,"EV(call)=INR-3, EV(visit)=INR-140 — negative economic yield",-1.0,-1.0,-1.0,-1.0,56000.0,train
AC001216,PH003255,3,0,0.10069607843137254,Poor,1,Call,389.90484558823533,EV(call)=INR390 [P(RPC)=10.07% x 5% x INR784350 x 10% - INR5],19.0,0.0,0.0,48.0,784350.0,train
AC001216,PH003256,1,1,0.008784313725490198,Poor,2,Call,29.44988235294118,EV(call)=INR29 [P(RPC)=0.88% x 5% x INR784350 x 10% - INR5],3.0,0.0,3.0,0.0,784350.0,train
AC001216,PH003257,4,2,0.008784313725490198,Poor,3,Call,29.44988235294118,EV(call)=INR29 [P(RPC)=0.88% x 5% x INR784350 x 10% - INR5],-1.0,-1.0,-1.0,-1.0,784350.0,train
AC001217,PH005823,5,2,0.9891764705882353,Excellent,1,Call,177.50305882352944,EV(call)=INR178 [P(RPC)=98.92% x 5% x INR36900 x 10% - INR5],13.0,0.0,0.0,39.07692307692308,36900.0,validation
AC001217,PH003259,4,1,0.9424911297852473,Excellent,2,Call,168.88961344537813,EV(call)=INR169 [P(RPC)=94.25% x 5% x INR36900 x 10% - INR5],18.0,1.0,0.0,68.22222222222223,36900.0,validation
AC001217,PH003258,3,0,0.029643721318314557,Poor,3,Call,0.4692665832290359,EV(call)=INR0 [P(RPC)=2.96% x 5% x INR36900 x 10% - INR5],17.0,1.0,12.0,1.9411764705882353,36900.0,validation
AC001218,PH003260,3,0,0.9745437518290897,Excellent,1,Call,995.8564331284751,EV(call)=INR996 [P(RPC)=97.45% x 5% x INR205400 x 10% - INR5],7.0,0.0,0.0,61.714285714285715,205400.0,train
AC001218,PH003261,4,1,0.8257777777777777,Excellent,2,Call,843.0737777777779,EV(call)=INR843 [P(RPC)=82.58% x 5% x INR205400 x 10% - INR5],3.0,0.0,0.0,32.666666666666664,205400.0,train
AC001219,PH003263,0,1,0.2888963585434174,Fair,1,Call,157.93754621848743,EV(call)=INR158 [P(RPC)=28.89% x 5% x INR112800 x 10% - INR5],-1.0,-1.0,-1.0,-1.0,112800.0,train
AC001219,PH003264,1,2,0.2888963585434174,Fair,2,Call,157.93754621848743,EV(call)=INR158 [P(RPC)=28.89% x 5% x INR112800 x 10% - INR5],-1.0,-1.0,-1.0,-1.0,112800.0,train
AC001219,PH003262,3,0,0.07136253650396328,Poor,3,Call,35.24847058823529,EV(call)=INR35 [P(RPC)=7.14% x 5% x INR112800 x 10% - INR5],3.0,0.0,0.0,0.0,112800.0,train
AC001220,PH003265,3,0,0.9745437518290897,Excellent,1,Call,921.0602001755926,EV(call)=INR921 [P(RPC)=97.45% x 5% x INR190050 x 10% - INR5],15.0,0.0,0.0,38.733333333333334,190050.0,train
AC001220,PH003266,4,1,0.10069607843137254,Poor,2,Suppress,90.68644852941178,Compliance: Verified third-party — contact strictly prohibited,8.0,0.0,0.0,7.125,190050.0,train
AC001221,PH000464,2,1,0.8911372549019607,Excellent,1,Call,342.5435294117647,EV(call)=INR343 [P(RPC)=89.11% x 5% x INR78000 x 10% - INR5],40.0,0.0,0.0,52.75,78000.0,test
AC001221,PH003267,3,0,0.029209150326797384,Poor,2,Call,6.391568627450981,EV(call)=INR6 [P(RPC)=2.92% x 5% x INR78000 x 10% - INR5],12.0,2.0,7.0,4.5,78000.0,test
AC001222,PH003268,3,0,0.9745437518290897,Excellent,1,Call,544.6426760316066,EV(call)=INR545 [P(RPC)=97.45% x 5% x INR112800 x 10% - INR5],8.0,0.0,0.0,80.0,112800.0,train
AC001222,PH003269,1,1,0.029643721318314557,Poor,2,Call,11.719058823529412,EV(call)=INR12 [P(RPC)=2.96% x 5% x INR112800 x 10% - INR5],-1.0,-1.0,-1.0,-1.0,112800.0,train
AC001222,PH003270,4,2,0.029209150326797384,Poor,3,Call,11.473960784313729,EV(call)=INR11 [P(RPC)=2.92% x 5% x INR112800 x 10% - INR5],-1.0,-1.0,-1.0,-1.0,112800.0,train
AC001223,PH003272,1,1,0.9891764705882353,Excellent,1,Call,3143.0541176470597,EV(call)=INR3143 [P(RPC)=98.92% x 5% x INR636500 x 10% - INR5],19.0,0.0,0.0,67.0,636500.0,validation
AC001223,PH003271,3,0,0.008784313725490198,Poor,2,Call,22.956078431372557,EV(call)=INR23 [P(RPC)=0.88% x 5% x INR636500 x 10% - INR5],8.0,0.0,0.0,0.0,636500.0,validation
AC001224,PH003273,3,0,0.9424911297852473,Excellent,1,Call,265.96619981325864,EV(call)=INR266 [P(RPC)=94.25% x 5% x INR57500 x 10% - INR5],12.0,0.0,0.0,10.5,57500.0,train
AC001225,PH000195,3,0,0.9424911297852473,Excellent,1,Call,565.2071335200746,EV(call)=INR565 [P(RPC)=94.25% x 5% x INR121000 x 10% - INR5],4.0,0.0,0.0,43.75,121000.0,train
AC001225,PH003274,1,1,0.008784313725490198,Poor,2,Call,0.31450980392157035,EV(call)=INR0 [P(RPC)=0.88% x 5% x INR121000 x 10% - INR5],-1.0,-1.0,-1.0,-1.0,121000.0,train
AC001225,PH003275,4,2,0.008784313725490198,Poor,3,Call,0.31450980392157035,EV(call)=INR0 [P(RPC)=0.88% x 5% x INR121000 x 10% - INR5],-1.0,-1.0,-1.0,-1.0,121000.0,train
AC001226,PH003278,4,2,0.9424911297852473,Excellent,1,Call,221.19787114845937,EV(call)=INR221 [P(RPC)=94.25% x 5% x INR48000 x 10% - INR5],9.0,0.0,0.0,20.88888888888889,48000.0,train
AC001226,PH003277,1,1,0.029643721318314557,Poor,2,Call,2.1144931163954936,EV(call)=INR2 [P(RPC)=2.96% x 5% x INR48000 x 10% - INR5],14.0,2.0,7.0,2.2857142857142856,48000.0,train
AC001226,PH005851,5,3,0.029643721318314557,Poor,3,Call,2.1144931163954936,EV(call)=INR2 [P(RPC)=2.96% x 5% x INR48000 x 10% - INR5],8.0,0.0,0.0,0.0,48000.0,train
AC001226,PH003276,3,0,0.008784313725490198,Poor,4,Suppress,-2.8917647058823523,"EV(call)=INR-3, EV(visit)=INR-148 — negative economic yield",10.0,2.0,8.0,4.7,48000.0,train
AC001227,PH003279,3,0,0.9891764705882353,Excellent,1,Call,1431.284235294118,EV(call)=INR1431 [P(RPC)=98.92% x 5% x INR290400 x 10% - INR5],9.0,0.0,0.0,31.11111111111111,290400.0,validation
AC001227,PH003280,0,1,0.9424911297852473,Excellent,2,Call,1363.4971204481792,EV(call)=INR1363 [P(RPC)=94.25% x 5% x INR290400 x 10% - INR5],6.0,0.0,0.0,37.0,290400.0,validation
AC001227,PH003281,1,2,0.029643721318314557,Poor,3,Call,38.04268335419274,EV(call)=INR38 [P(RPC)=2.96% x 5% x INR290400 x 10% - INR5],-1.0,-1.0,-1.0,-1.0,290400.0,validation
AC001227,PH003282,4,3,0.029209150326797384,Poor,4,Call,37.411686274509805,EV(call)=INR37 [P(RPC)=2.92% x 5% x INR290400 x 10% - INR5],-1.0,-1.0,-1.0,-1.0,290400.0,validation
AC001228,PH003283,3,0,0.9891764705882353,Excellent,1,Call,232.40235294117653,EV(call)=INR232 [P(RPC)=98.92% x 5% x INR48000 x 10% - INR5],30.0,0.0,0.0,52.1,48000.0,train
AC001228,PH003284,4,1,0.008784313725490198,Poor,2,Suppress,-2.8917647058823523,"EV(call)=INR-3, EV(visit)=INR-148 — negative economic yield",-1.0,-1.0,-1.0,-1.0,48000.0,train
AC001229,PH003285,3,0,0.9891764705882353,Excellent,1,Call,2131.6211764705886,EV(call)=INR2132 [P(RPC)=98.92% x 5% x INR432000 x 10% - INR5],25.0,0.0,0.0,113.08,432000.0,train
AC001229,PH003286,1,1,0.008784313725490198,Poor,2,Call,13.97411764705883,EV(call)=INR14 [P(RPC)=0.88% x 5% x INR432000 x 10% - INR5],-1.0,-1.0,-1.0,-1.0,432000.0,train
AC001230,PH003287,3,0,0.9424911297852473,Excellent,1,Call,579.3445004668533,EV(call)=INR579 [P(RPC)=94.25% x 5% x INR124000 x 10% - INR5],7.0,0.0,0.0,29.142857142857142,124000.0,train
AC001230,PH000601,2,1,0.008784313725490198,Poor,2,Call,0.44627450980392336,EV(call)=INR0 [P(RPC)=0.88% x 5% x INR124000 x 10% - INR5],-1.0,-1.0,-1.0,-1.0,124000.0,train
AC001230,PH003288,4,2,0.008784313725490198,Poor,3,Call,0.44627450980392336,EV(call)=INR0 [P(RPC)=0.88% x 5% x INR124000 x 10% - INR5],-1.0,-1.0,-1.0,-1.0,124000.0,train
AC001231,PH003289,3,0,0.9424911297852473,Excellent,1,Call,562.3796601307189,EV(call)=INR562 [P(RPC)=94.25% x 5% x INR120400 x 10% - INR5],9.0,0.0,0.0,6.222222222222222,120400.0,train
AC001231,PH003290,1,1,0.029643721318314557,Poor,2,Call,12.845520233625365,EV(call)=INR13 [P(RPC)=2.96% x 5% x INR120400 x 10% - INR5],3.0,2.0,0.0,13.0,120400.0,train
AC001232,PH000361,2,1,0.43770588235294117,Good,1,Call,487.41911764705884,EV(call)=INR487 [P(RPC)=43.77% x 5% x INR225000 x 10% - INR5],16.0,0.0,0.0,36.375,225000.0,test
AC001232,PH003291,3,0,0.008784313725490198,Poor,2,Call,4.882352941176473,EV(call)=INR5 [P(RPC)=0.88% x 5% x INR225000 x 10% - INR5],16.0,0.0,7.0,0.0,225000.0,test
AC001233,PH003292,3,0,0.9745437518290897,Excellent,1,Call,111.94525021949079,EV(call)=INR112 [P(RPC)=97.45% x 5% x INR24000 x 10% - INR5],11.0,1.0,0.0,30.272727272727273,24000.0,train
AC001233,PH003293,4,1,0.029643721318314557,Poor,2,Suppress,-1.4427534418022532,"EV(call)=INR-1, EV(visit)=INR-174 — negative economic yield",8.0,0.0,0.0,60.75,24000.0,train
AC001234,PH003294,3,0,0.5684288915438558,Good,1,Call,719.7468367184161,EV(call)=INR720 [P(RPC)=56.84% x 5% x INR255000 x 10% - INR5],8.0,0.0,0.0,10.625,255000.0,test
AC001234,PH003295,1,1,0.008784313725490198,Poor,2,Call,6.200000000000003,EV(call)=INR6 [P(RPC)=0.88% x 5% x INR255000 x 10% - INR5],-1.0,-1.0,-1.0,-1.0,255000.0,test
AC001235,PH003296,3,0,0.9891764705882353,Excellent,1,Call,335.276705882353,EV(call)=INR335 [P(RPC)=98.92% x 5% x INR68800 x 10% - INR5],30.0,0.0,0.0,70.26666666666667,68800.0,train
AC001235,PH003297,4,1,0.008784313725490198,Poor,2,Suppress,-1.9781960784313717,"EV(call)=INR-2, EV(visit)=INR-126 — negative economic yield",-1.0,-1.0,-1.0,-1.0,68800.0,train
AC001236,PH003299,4,1,0.9424911297852473,Excellent,1,Call,255.36317460317457,EV(call)=INR255 [P(RPC)=94.25% x 5% x INR55250 x 10% - INR5],22.0,0.0,0.0,38.36363636363637,55250.0,validation
AC001236,PH003298,3,0,0.008784313725490198,Poor,2,Suppress,-2.5733333333333324,"EV(call)=INR-3, EV(visit)=INR-140 — negative economic yield",10.0,0.0,0.0,0.0,55250.0,validation
AC001237,PH003300,3,0,0.029643721318314557,Poor,1,Call,7.346609929078014,EV(call)=INR7 [P(RPC)=2.96% x 5% x INR83300 x 10% - INR5],1.0,0.0,0.0,0.0,83300.0,validation
AC001237,PH003301,1,1,0.029643721318314557,Poor,2,Call,7.346609929078014,EV(call)=INR7 [P(RPC)=2.96% x 5% x INR83300 x 10% - INR5],-1.0,-1.0,-1.0,-1.0,83300.0,validation
AC001237,PH003302,4,2,0.029209150326797384,Poor,3,Call,7.165611111111112,EV(call)=INR7 [P(RPC)=2.92% x 5% x INR83300 x 10% - INR5],-1.0,-1.0,-1.0,-1.0,83300.0,validation
AC001238,PH003303,3,0,0.9424911297852473,Excellent,1,Call,1894.590872082166,EV(call)=INR1895 [P(RPC)=94.25% x 5% x INR403100 x 10% - INR5],3.0,0.0,0.0,14.666666666666666,403100.0,train
AC001238,PH003304,4,1,0.008784313725490198,Poor,2,Call,12.704784313725494,EV(call)=INR13 [P(RPC)=0.88% x 5% x INR403100 x 10% - INR5],-1.0,-1.0,-1.0,-1.0,403100.0,train
AC001239,PH003306,1,1,0.07136253650396328,Poor,1,Call,45.95285106382979,EV(call)=INR46 [P(RPC)=7.14% x 5% x INR142800 x 10% - INR5],3.0,2.0,0.0,12.333333333333334,142800.0,train
AC001239,PH003305,3,0,0.029643721318314557,Poor,2,Call,16.165617021276596,EV(call)=INR16 [P(RPC)=2.96% x 5% x INR142800 x 10% - INR5],8.0,2.0,0.0,4.25,142800.0,train
AC001240,PH003307,3,0,0.9424911297852473,Excellent,1,Call,445.2751372549019,EV(call)=INR445 [P(RPC)=94.25% x 5% x INR95550 x 10% - INR5],5.0,0.0,0.0,15.4,95550.0,train
AC001240,PH003308,1,1,0.008784313725490198,Poor,2,Suppress,-0.8032941176470576,"EV(call)=INR-1, EV(visit)=INR-97 — negative economic yield",-1.0,-1.0,-1.0,-1.0,95550.0,train
AC001240,PH003309,4,2,0.008784313725490198,Poor,3,Suppress,-0.8032941176470576,"EV(call)=INR-1, EV(visit)=INR-97 — negative economic yield",-1.0,-1.0,-1.0,-1.0,95550.0,train
AC001241,PH003310,3,0,0.9891764705882353,Excellent,1,Call,493.5449411764707,EV(call)=INR494 [P(RPC)=98.92% x 5% x INR100800 x 10% - INR5],23.0,0.0,0.0,53.47826086956522,100800.0,train
AC001241,PH003311,0,1,0.008784313725490198,Poor,2,Suppress,-0.5727058823529401,"EV(call)=INR-1, EV(visit)=INR-91 — negative economic yield",-1.0,-1.0,-1.0,-1.0,100800.0,train
AC001242,PH003313,4,1,0.8257777777777777,Excellent,1,Call,173.36800000000002,EV(call)=INR173 [P(RPC)=82.58% x 5% x INR43200 x 10% - INR5],12.0,0.0,0.0,28.416666666666668,43200.0,train
AC001242,PH003312,3,0,0.008784313725490198,Poor,2,Suppress,-3.1025882352941174,"EV(call)=INR-3, EV(visit)=INR-153 — negative economic yield",8.0,0.0,0.0,0.0,43200.0,train
AC001243,PH003314,3,0,0.9891764705882353,Excellent,1,Call,305.1068235294118,EV(call)=INR305 [P(RPC)=98.92% x 5% x INR62700 x 10% - INR5],33.0,0.0,0.0,51.93939393939394,62700.0,train
AC001243,PH003315,1,1,0.008784313725490198,Poor,2,Suppress,-2.246117647058823,"EV(call)=INR-2, EV(visit)=INR-132 — negative economic yield",-1.0,-1.0,-1.0,-1.0,62700.0,train
AC001244,PH003316,3,0,0.9891764705882353,Excellent,1,Call,2406.612235294118,EV(call)=INR2407 [P(RPC)=98.92% x 5% x INR487600 x 10% - INR5],24.0,0.0,0.0,64.83333333333333,487600.0,train
AC001244,PH003317,0,1,0.9745437518290897,Excellent,2,Call,2370.937666959321,EV(call)=INR2371 [P(RPC)=97.45% x 5% x INR487600 x 10% - INR5],11.0,0.0,0.0,22.09090909090909,487600.0,train
AC001245,PH005877,5,2,0.8911372549019607,Excellent,1,Call,1417.7006274509804,EV(call)=INR1418 [P(RPC)=89.11% x 5% x INR319300 x 10% - INR5],7.0,0.0,0.0,7.285714285714286,319300.0,test
AC001245,PH003319,4,1,0.07136253650396328,Poor,2,Call,108.93028952857738,EV(call)=INR109 [P(RPC)=7.14% x 5% x INR319300 x 10% - INR5],8.0,0.0,0.0,27.375,319300.0,test
AC001245,PH003318,3,0,0.008784313725490198,Poor,3,Call,9.024156862745102,EV(call)=INR9 [P(RPC)=0.88% x 5% x INR319300 x 10% - INR5],8.0,0.0,8.0,0.0,319300.0,test
AC001246,PH003320,3,0,0.9424911297852473,Excellent,1,Call,383.5419682539682,EV(call)=INR384 [P(RPC)=94.25% x 5% x INR82450 x 10% - INR5],7.0,0.0,0.0,15.571428571428571,82450.0,test
AC001246,PH003321,4,1,0.029209150326797384,Poor,2,Call,7.0414722222222235,EV(call)=INR7 [P(RPC)=2.92% x 5% x INR82450 x 10% - INR5],-1.0,-1.0,-1.0,-1.0,82450.0,test
AC001247,PH003322,3,0,0.9745437518290897,Excellent,1,Call,5357.6706303775245,EV(call)=INR5358 [P(RPC)=97.45% x 5% x INR1100550 x 10% - INR5],16.0,0.0,0.0,35.1875,1100550.0,test
AC001247,PH003323,0,1,0.07136253650396328,Poor,2,Call,387.69019774718396,EV(call)=INR388 [P(RPC)=7.14% x 5% x INR1100550 x 10% - INR5],-1.0,-1.0,-1.0,-1.0,1100550.0,test
AC001248,PH003324,3,0,0.9745437518290897,Excellent,1,Call,1034.838183201639,EV(call)=INR1035 [P(RPC)=97.45% x 5% x INR213400 x 10% - INR5],15.0,0.0,0.0,52.46666666666667,213400.0,train
AC001248,PH003325,0,1,0.029209150326797384,Poor,2,Call,26.166163398692813,EV(call)=INR26 [P(RPC)=2.92% x 5% x INR213400 x 10% - INR5],-1.0,-1.0,-1.0,-1.0,213400.0,train
AC001248,PH003326,4,2,0.008784313725490198,Poor,3,Call,4.3728627450980415,EV(call)=INR4 [P(RPC)=0.88% x 5% x INR213400 x 10% - INR5],-1.0,-1.0,-1.0,-1.0,213400.0,train
AC001249,PH003328,0,1,0.9891764705882353,Excellent,1,Call,187.88941176470593,EV(call)=INR188 [P(RPC)=98.92% x 5% x INR39000 x 10% - INR5],15.0,0.0,0.0,22.2,39000.0,train
AC001249,PH003327,3,0,0.008784313725490198,Poor,2,Suppress,-3.2870588235294114,"EV(call)=INR-3, EV(visit)=INR-158 — negative economic yield",8.0,0.0,2.0,0.0,39000.0,train
AC001250,PH003329,3,0,0.9424911297852473,Excellent,1,Call,2531.2436302521005,EV(call)=INR2531 [P(RPC)=94.25% x 5% x INR538200 x 10% - INR5],18.0,0.0,0.0,1.8333333333333333,538200.0,validation
AC001250,PH003330,1,1,0.8257777777777777,Excellent,2,Call,2217.168,EV(call)=INR2217 [P(RPC)=82.58% x 5% x INR538200 x 10% - INR5],10.0,0.0,0.0,34.3,538200.0,validation
AC001250,PH003331,4,2,0.07136253650396328,Poor,3,Call,187.0365857321652,EV(call)=INR187 [P(RPC)=7.14% x 5% x INR538200 x 10% - INR5],8.0,0.0,0.0,21.125,538200.0,validation
AC001251,PH003332,3,0,0.8491204481792716,Excellent,1,Call,657.3139495798318,EV(call)=INR657 [P(RPC)=84.91% x 5% x INR156000 x 10% - INR5],13.0,0.0,1.0,7.230769230769231,156000.0,train
AC001252,PH003333,3,0,0.9891764705882353,Excellent,1,Call,447.3009411764707,EV(call)=INR447 [P(RPC)=98.92% x 5% x INR91450 x 10% - INR5],26.0,0.0,0.0,35.84615384615385,91450.0,test
AC001252,PH003334,0,1,0.07136253650396328,Poor,2,Call,27.630519816437207,EV(call)=INR28 [P(RPC)=7.14% x 5% x INR91450 x 10% - INR5],-1.0,-1.0,-1.0,-1.0,91450.0,test
AC001252,PH003335,1,2,0.029643721318314557,Poor,3,Call,8.554591572799332,EV(call)=INR9 [P(RPC)=2.96% x 5% x INR91450 x 10% - INR5],-1.0,-1.0,-1.0,-1.0,91450.0,test
AC001253,PH003336,3,0,0.9745437518290897,Excellent,1,Call,784.3804389815627,EV(call)=INR784 [P(RPC)=97.45% x 5% x INR162000 x 10% - INR5],10.0,0.0,0.0,32.8,162000.0,train
AC001253,PH003337,0,1,0.029643721318314557,Poor,2,Call,19.011414267834795,EV(call)=INR19 [P(RPC)=2.96% x 5% x INR162000 x 10% - INR5],-1.0,-1.0,-1.0,-1.0,162000.0,train
AC001253,PH003338,4,2,0.029209150326797384,Poor,3,Call,18.659411764705887,EV(call)=INR19 [P(RPC)=2.92% x 5% x INR162000 x 10% - INR5],-1.0,-1.0,-1.0,-1.0,162000.0,train
AC001254,PH003339,3,0,0.9745437518290897,Excellent,1,Call,262.9995317529997,EV(call)=INR263 [P(RPC)=97.45% x 5% x INR55000 x 10% - INR5],12.0,0.0,0.0,51.083333333333336,55000.0,validation
AC001254,PH003340,0,1,0.029209150326797384,Poor,2,Call,3.0325163398692805,EV(call)=INR3 [P(RPC)=2.92% x 5% x INR55000 x 10% - INR5],-1.0,-1.0,-1.0,-1.0,55000.0,validation
AC001254,PH003341,4,2,0.008784313725490198,Poor,3,Suppress,-2.5843137254901953,"EV(call)=INR-3, EV(visit)=INR-141 — negative economic yield",-1.0,-1.0,-1.0,-1.0,55000.0,validation
AC001255,PH003342,3,0,0.9891764705882353,Excellent,1,Call,1648.1611764705885,EV(call)=INR1648 [P(RPC)=98.92% x 5% x INR334250 x 10% - INR5],19.0,0.0,0.0,43.78947368421053,334250.0,validation
AC001255,PH003343,0,1,0.008784313725490198,Poor,2,Call,9.680784313725495,EV(call)=INR10 [P(RPC)=0.88% x 5% x INR334250 x 10% - INR5],-1.0,-1.0,-1.0,-1.0,334250.0,validation
AC001255,PH003344,4,2,0.008784313725490198,Poor,3,Call,9.680784313725495,EV(call)=INR10 [P(RPC)=0.88% x 5% x INR334250 x 10% - INR5],-1.0,-1.0,-1.0,-1.0,334250.0,validation
AC001256,PH003345,3,0,0.9745437518290897,Excellent,1,Call,439.87922270997956,EV(call)=INR440 [P(RPC)=97.45% x 5% x INR91300 x 10% - INR5],4.0,0.0,0.0,192.75,91300.0,test
AC001256,PH003346,0,1,0.8491204481792716,Excellent,2,Call,382.6234845938375,EV(call)=INR383 [P(RPC)=84.91% x 5% x INR91300 x 10% - INR5],4.0,0.0,0.0,14.25,91300.0,test
AC001257,PH003347,3,0,0.9891764705882353,Excellent,1,Call,541.025411764706,EV(call)=INR541 [P(RPC)=98.92% x 5% x INR110400 x 10% - INR5],23.0,0.0,0.0,35.91304347826087,110400.0,train
AC001257,PH003348,4,1,0.008784313725490198,Poor,2,Suppress,-0.1510588235294108,"EV(call)=INR-0, EV(visit)=INR-81 — negative economic yield",-1.0,-1.0,-1.0,-1.0,110400.0,train
AC001258,PH003350,0,1,0.9891764705882353,Excellent,1,Call,270.2383529411765,EV(call)=INR270 [P(RPC)=98.92% x 5% x INR55650 x 10% - INR5],9.0,0.0,0.0,122.77777777777777,55650.0,train
AC001258,PH003349,3,0,0.008784313725490198,Poor,2,Suppress,-2.555764705882352,"EV(call)=INR-3, EV(visit)=INR-140 — negative economic yield",8.0,0.0,0.0,0.0,55650.0,train
AC001258,PH000272,2,2,0.008784313725490198,Poor,3,Suppress,-2.555764705882352,"EV(call)=INR-3, EV(visit)=INR-140 — negative economic yield",-1.0,-1.0,-1.0,-1.0,55650.0,train
AC001259,PH003353,1,2,0.9745437518290897,Excellent,1,Call,758.7986654960491,EV(call)=INR759 [P(RPC)=97.45% x 5% x INR156750 x 10% - INR5],20.0,1.0,0.0,37.2,156750.0,validation
AC001259,PH003351,3,0,0.10069607843137254,Poor,2,Call,73.92055147058824,EV(call)=INR74 [P(RPC)=10.07% x 5% x INR156750 x 10% - INR5],4.0,2.0,0.0,14.25,156750.0,validation
AC001259,PH003354,4,3,0.07136253650396328,Poor,3,Call,50.93038798498122,EV(call)=INR51 [P(RPC)=7.14% x 5% x INR156750 x 10% - INR5],8.0,0.0,0.0,39.25,156750.0,validation
AC001259,PH003352,0,1,0.008784313725490198,Poor,4,Call,1.884705882352943,EV(call)=INR2 [P(RPC)=0.88% x 5% x INR156750 x 10% - INR5],8.0,0.0,0.0,0.0,156750.0,validation
AC001260,PH003355,3,0,0.008784313725490198,Poor,1,Call,31.156235294117657,EV(call)=INR31 [P(RPC)=0.88% x 5% x INR823200 x 10% - INR5],8.0,0.0,0.0,0.0,823200.0,train
AC001260,PH003356,0,1,0.008784313725490198,Poor,2,Call,31.156235294117657,EV(call)=INR31 [P(RPC)=0.88% x 5% x INR823200 x 10% - INR5],6.0,0.0,0.0,0.0,823200.0,train
AC001260,PH003357,1,2,0.008784313725490198,Poor,3,Call,31.156235294117657,EV(call)=INR31 [P(RPC)=0.88% x 5% x INR823200 x 10% - INR5],-1.0,-1.0,-1.0,-1.0,823200.0,train
AC001260,PH003358,4,3,0.008784313725490198,Poor,4,Call,31.156235294117657,EV(call)=INR31 [P(RPC)=0.88% x 5% x INR823200 x 10% - INR5],-1.0,-1.0,-1.0,-1.0,823200.0,train
AC001261,PH003359,3,0,0.9424911297852473,Excellent,1,Call,537.8748907563025,EV(call)=INR538 [P(RPC)=94.25% x 5% x INR115200 x 10% - INR5],2.0,0.0,0.0,22.0,115200.0,test
AC001261,PH003360,0,1,0.029643721318314557,Poor,2,Call,12.074783479349186,EV(call)=INR12 [P(RPC)=2.96% x 5% x INR115200 x 10% - INR5],-1.0,-1.0,-1.0,-1.0,115200.0,test
AC001261,PH003361,4,2,0.008784313725490198,Poor,3,Call,0.05976470588235472,EV(call)=INR0 [P(RPC)=0.88% x 5% x INR115200 x 10% - INR5],-1.0,-1.0,-1.0,-1.0,115200.0,test
AC001262,PH003362,3,0,0.9891764705882353,Excellent,1,Call,604.5800000000002,EV(call)=INR605 [P(RPC)=98.92% x 5% x INR123250 x 10% - INR5],23.0,0.0,0.0,50.04347826086956,123250.0,train
AC001262,PH003363,0,1,0.008784313725490198,Poor,2,Call,0.4133333333333349,EV(call)=INR0 [P(RPC)=0.88% x 5% x INR123250 x 10% - INR5],-1.0,-1.0,-1.0,-1.0,123250.0,train
AC001262,PH003364,4,2,0.008784313725490198,Poor,3,Call,0.4133333333333349,EV(call)=INR0 [P(RPC)=0.88% x 5% x INR123250 x 10% - INR5],-1.0,-1.0,-1.0,-1.0,123250.0,train
AC001263,PH003366,0,1,0.9891764705882353,Excellent,1,Call,1923.8941176470591,EV(call)=INR1924 [P(RPC)=98.92% x 5% x INR390000 x 10% - INR5],20.0,0.0,1.0,58.8,390000.0,train
AC001263,PH003367,1,2,0.9745437518290897,Excellent,2,Call,1895.3603160667253,EV(call)=INR1895 [P(RPC)=97.45% x 5% x INR390000 x 10% - INR5],9.0,0.0,0.0,32.77777777777778,390000.0,train
AC001263,PH003365,3,0,0.029209150326797384,Poor,3,Call,51.95784313725491,EV(call)=INR52 [P(RPC)=2.92% x 5% x INR390000 x 10% - INR5],8.0,0.0,0.0,0.0,390000.0,train
AC001263,PH003368,4,3,0.008784313725490198,Poor,4,Call,12.129411764705889,EV(call)=INR12 [P(RPC)=0.88% x 5% x INR390000 x 10% - INR5],-1.0,-1.0,-1.0,-1.0,390000.0,train
AC001264,PH003370,1,1,0.9891764705882353,Excellent,1,Call,125.32400000000004,EV(call)=INR125 [P(RPC)=98.92% x 5% x INR26350 x 10% - INR5],13.0,0.0,0.0,24.076923076923077,26350.0,validation
AC001264,PH003371,4,2,0.2888963585434174,Fair,2,Call,33.062095238095246,EV(call)=INR33 [P(RPC)=28.89% x 5% x INR26350 x 10% - INR5],7.0,0.0,0.0,50.285714285714285,26350.0,validation
AC001264,PH003369,3,0,0.008784313725490198,Poor,3,Suppress,-3.8426666666666662,"EV(call)=INR-4, EV(visit)=INR-172 — negative economic yield",2.0,0.0,0.0,0.0,26350.0,validation
AC001265,PH003372,3,0,0.029643721318314557,Poor,1,Call,5.701383395911556,EV(call)=INR6 [P(RPC)=2.96% x 5% x INR72200 x 10% - INR5],6.0,0.0,0.0,0.0,72200.0,train
AC001265,PH003373,0,1,0.029643721318314557,Poor,2,Call,5.701383395911556,EV(call)=INR6 [P(RPC)=2.96% x 5% x INR72200 x 10% - INR5],6.0,0.0,0.0,0.0,72200.0,train
AC001266,PH003374,3,0,0.9745437518290897,Excellent,1,Call,8463.785203394791,EV(call)=INR8464 [P(RPC)=97.45% x 5% x INR1738000 x 10% - INR5],19.0,0.0,0.0,19.68421052631579,1738000.0,train
AC001266,PH003375,1,1,0.008784313725490198,Poor,2,Call,71.33568627450983,EV(call)=INR71 [P(RPC)=0.88% x 5% x INR1738000 x 10% - INR5],9.0,0.0,7.0,0.0,1738000.0,train
AC001267,PH003376,3,0,0.9891764705882353,Excellent,1,Call,3680.6715294117657,EV(call)=INR3681 [P(RPC)=98.92% x 5% x INR745200 x 10% - INR5],27.0,0.0,0.0,69.37037037037037,745200.0,train
AC001267,PH003377,0,1,0.008784313725490198,Poor,2,Call,27.730352941176477,EV(call)=INR28 [P(RPC)=0.88% x 5% x INR745200 x 10% - INR5],-1.0,-1.0,-1.0,-1.0,745200.0,train
AC001267,PH003378,1,2,0.008784313725490198,Poor,3,Call,27.730352941176477,EV(call)=INR28 [P(RPC)=0.88% x 5% x INR745200 x 10% - INR5],-1.0,-1.0,-1.0,-1.0,745200.0,train
AC001268,PH003379,3,0,0.9424911297852473,Excellent,1,Call,2165.792694677871,EV(call)=INR2166 [P(RPC)=94.25% x 5% x INR460650 x 10% - INR5],1.0,0.0,0.0,35.0,460650.0,validation
AC001268,PH003380,0,1,0.029643721318314557,Poor,2,Call,63.276901126408006,EV(call)=INR63 [P(RPC)=2.96% x 5% x INR460650 x 10% - INR5],-1.0,-1.0,-1.0,-1.0,460650.0,validation
AC001268,PH003381,4,2,0.008784313725490198,Poor,3,Call,15.232470588235302,EV(call)=INR15 [P(RPC)=0.88% x 5% x INR460650 x 10% - INR5],-1.0,-1.0,-1.0,-1.0,460650.0,validation
AC001269,PH003382,3,0,0.9745437518290897,Excellent,1,Call,250.81773485513605,EV(call)=INR251 [P(RPC)=97.45% x 5% x INR52500 x 10% - INR5],2.0,0.0,0.0,38.5,52500.0,train
AC001269,PH003383,0,1,0.07136253650396328,Poor,2,Call,13.732665832290362,EV(call)=INR14 [P(RPC)=7.14% x 5% x INR52500 x 10% - INR5],-1.0,-1.0,-1.0,-1.0,52500.0,train
AC001269,PH003384,1,2,0.029209150326797384,Poor,3,Call,2.6674019607843142,EV(call)=INR3 [P(RPC)=2.92% x 5% x INR52500 x 10% - INR5],-1.0,-1.0,-1.0,-1.0,52500.0,train
AC001269,PH003385,4,3,0.029209150326797384,Poor,4,Suppress,2.6674019607843142,Compliance: Verified third-party — contact strictly prohibited,-1.0,-1.0,-1.0,-1.0,52500.0,train
AC001270,PH003386,3,0,0.9745437518290897,Excellent,1,Call,591.6644120573602,EV(call)=INR592 [P(RPC)=97.45% x 5% x INR122450 x 10% - INR5],5.0,0.0,0.0,152.6,122450.0,train
AC001270,PH003387,0,1,0.10069607843137254,Poor,2,Call,56.65117401960785,EV(call)=INR57 [P(RPC)=10.07% x 5% x INR122450 x 10% - INR5],-1.0,-1.0,-1.0,-1.0,122450.0,train
AC001270,PH003388,1,2,0.029643721318314557,Poor,3,Call,13.149368377138089,EV(call)=INR13 [P(RPC)=2.96% x 5% x INR122450 x 10% - INR5],-1.0,-1.0,-1.0,-1.0,122450.0,train
AC001270,PH003389,4,3,0.029643721318314557,Poor,4,Call,13.149368377138089,EV(call)=INR13 [P(RPC)=2.96% x 5% x INR122450 x 10% - INR5],-1.0,-1.0,-1.0,-1.0,122450.0,train
AC001271,PH003390,3,0,0.2888963585434174,Fair,1,Call,167.7600224089636,EV(call)=INR168 [P(RPC)=28.89% x 5% x INR119600 x 10% - INR5],8.0,0.0,0.0,32.0,119600.0,test
AC001272,PH003391,4,1,0.9891764705882353,Excellent,1,Call,244.27247058823534,EV(call)=INR244 [P(RPC)=98.92% x 5% x INR50400 x 10% - INR5],17.0,0.0,0.0,20.647058823529413,50400.0,train
AC001272,PH000169,3,0,0.9424911297852473,Excellent,2,Call,232.50776470588232,EV(call)=INR233 [P(RPC)=94.25% x 5% x INR50400 x 10% - INR5],19.0,1.0,0.0,29.894736842105264,50400.0,train
AC001273,PH003392,3,0,0.9891764705882353,Excellent,1,Call,1139.4771764705883,EV(call)=INR1139 [P(RPC)=98.92% x 5% x INR231400 x 10% - INR5],23.0,0.0,0.0,20.0,231400.0,train
AC001273,PH005951,5,3,0.07136253650396328,Poor,2,Call,77.56645473508553,EV(call)=INR78 [P(RPC)=7.14% x 5% x INR231400 x 10% - INR5],2.0,0.0,0.0,0.0,231400.0,train
AC001273,PH003394,4,2,0.029209150326797384,Poor,3,Call,28.794986928104578,EV(call)=INR29 [P(RPC)=2.92% x 5% x INR231400 x 10% - INR5],-1.0,-1.0,-1.0,-1.0,231400.0,train
AC001273,PH003393,0,1,0.008784313725490198,Poor,4,Call,5.1634509803921596,EV(call)=INR5 [P(RPC)=0.88% x 5% x INR231400 x 10% - INR5],7.0,0.0,7.0,0.0,231400.0,train
AC001274,PH003395,3,0,0.9745437518290897,Excellent,1,Call,588.4971448639157,EV(call)=INR588 [P(RPC)=97.45% x 5% x INR121800 x 10% - INR5],24.0,0.0,0.0,35.708333333333336,121800.0,train
AC001274,PH005941,5,1,0.029643721318314557,Poor,2,Call,13.053026282853565,EV(call)=INR13 [P(RPC)=2.96% x 5% x INR121800 x 10% - INR5],2.0,0.0,0.0,0.0,121800.0,train
AC001275,PH003396,3,0,0.9745437518290897,Excellent,1,Call,606.5262042727538,EV(call)=INR607 [P(RPC)=97.45% x 5% x INR125500 x 10% - INR5],12.0,0.0,0.0,79.33333333333333,125500.0,train
AC001275,PH003397,0,1,0.029643721318314557,Poor,2,Call,13.601435127242386,EV(call)=INR14 [P(RPC)=2.96% x 5% x INR125500 x 10% - INR5],-1.0,-1.0,-1.0,-1.0,125500.0,train
AC001275,PH000477,2,2,0.029209150326797384,Poor,3,Call,13.328741830065361,EV(call)=INR13 [P(RPC)=2.92% x 5% x INR125500 x 10% - INR5],-1.0,-1.0,-1.0,-1.0,125500.0,train
AC001275,PH003398,4,3,0.008784313725490198,Poor,4,Call,0.5121568627450994,EV(call)=INR1 [P(RPC)=0.88% x 5% x INR125500 x 10% - INR5],-1.0,-1.0,-1.0,-1.0,125500.0,train
AC001276,PH003399,3,0,0.9891764705882353,Excellent,1,Call,1016.5720000000001,EV(call)=INR1017 [P(RPC)=98.92% x 5% x INR206550 x 10% - INR5],33.0,0.0,0.0,42.57575757575758,206550.0,validation
AC001276,PH000263,2,1,0.8911372549019607,Excellent,2,Suppress,915.3220000000001,Compliance: Verified third-party — contact strictly prohibited,27.0,1.0,0.0,41.03703703703704,206550.0,validation
AC001277,PH003400,3,0,0.9891764705882353,Excellent,1,Call,1827.4494117647062,EV(call)=INR1827 [P(RPC)=98.92% x 5% x INR370500 x 10% - INR5],35.0,0.0,0.0,41.25714285714286,370500.0,train
AC001277,PH003401,0,1,0.10069607843137254,Poor,2,Call,181.53948529411767,EV(call)=INR182 [P(RPC)=10.07% x 5% x INR370500 x 10% - INR5],4.0,1.0,0.0,8.25,370500.0,train
AC001278,PH003402,3,0,0.8911372549019607,Excellent,1,Call,3614.7995294117645,EV(call)=INR3615 [P(RPC)=89.11% x 5% x INR812400 x 10% - INR5],5.0,0.0,0.0,7.2,812400.0,test
AC001278,PH003403,4,1,0.008784313725490198,Poor,2,Call,30.68188235294118,EV(call)=INR31 [P(RPC)=0.88% x 5% x INR812400 x 10% - INR5],-1.0,-1.0,-1.0,-1.0,812400.0,test
AC001279,PH003404,3,0,0.9891764705882353,Excellent,1,Call,1315.0560000000003,EV(call)=INR1315 [P(RPC)=98.92% x 5% x INR266900 x 10% - INR5],29.0,0.0,0.0,81.96551724137932,266900.0,train
AC001279,PH003405,0,1,0.029643721318314557,Poor,2,Call,34.55954609929078,EV(call)=INR35 [P(RPC)=2.96% x 5% x INR266900 x 10% - INR5],-1.0,-1.0,-1.0,-1.0,266900.0,train
AC001279,PH003406,4,2,0.029643721318314557,Poor,3,Call,34.55954609929078,EV(call)=INR35 [P(RPC)=2.96% x 5% x INR266900 x 10% - INR5],-1.0,-1.0,-1.0,-1.0,266900.0,train
AC001280,PH003407,3,0,0.9745437518290897,Excellent,1,Call,1386.6484776119403,EV(call)=INR1387 [P(RPC)=97.45% x 5% x INR285600 x 10% - INR5],12.0,0.0,0.0,22.416666666666668,285600.0,train
AC001280,PH003408,1,1,0.8911372549019607,Excellent,2,Call,1267.544,EV(call)=INR1268 [P(RPC)=89.11% x 5% x INR285600 x 10% - INR5],9.0,0.0,0.0,12.222222222222221,285600.0,train
AC001280,PH003409,4,2,0.008784313725490198,Poor,3,Call,7.544000000000004,EV(call)=INR8 [P(RPC)=0.88% x 5% x INR285600 x 10% - INR5],8.0,0.0,0.0,31.75,285600.0,train
AC001281,PH003410,3,0,0.9891764705882353,Excellent,1,Call,557.594117647059,EV(call)=INR558 [P(RPC)=98.92% x 5% x INR113750 x 10% - INR5],27.0,0.0,0.0,53.77777777777778,113750.0,train
AC001281,PH003411,0,1,0.008784313725490198,Poor,2,Suppress,-0.003921568627450078,"EV(call)=INR-0, EV(visit)=INR-77 — negative economic yield",2.0,0.0,1.0,0.0,113750.0,train
AC001281,PH003412,4,2,0.008784313725490198,Poor,3,Suppress,-0.003921568627450078,"EV(call)=INR-0, EV(visit)=INR-77 — negative economic yield",-1.0,-1.0,-1.0,-1.0,113750.0,train
AC001282,PH003413,3,0,0.9891764705882353,Excellent,1,Call,364.95200000000006,EV(call)=INR365 [P(RPC)=98.92% x 5% x INR74800 x 10% - INR5],28.0,1.0,0.0,62.607142857142854,74800.0,validation
AC001283,PH003414,3,0,0.029643721318314557,Poor,1,Call,0.9732098456403833,EV(call)=INR1 [P(RPC)=2.96% x 5% x INR40300 x 10% - INR5],2.0,0.0,0.0,0.0,40300.0,train
AC001283,PH003415,4,1,0.008784313725490198,Poor,2,Suppress,-3.2299607843137252,"EV(call)=INR-3, EV(visit)=INR-156 — negative economic yield",-1.0,-1.0,-1.0,-1.0,40300.0,train
AC001284,PH003416,3,0,0.9891764705882353,Excellent,1,Call,455.7089411764707,EV(call)=INR456 [P(RPC)=98.92% x 5% x INR93150 x 10% - INR5],7.0,0.0,0.0,71.14285714285714,93150.0,train
AC001285,PH003417,3,0,0.9745437518290897,Excellent,1,Call,834.0821703248463,EV(call)=INR834 [P(RPC)=97.45% x 5% x INR172200 x 10% - INR5],18.0,1.0,2.0,53.27777777777778,172200.0,train
AC001285,PH003418,1,1,0.07136253650396328,Poor,2,Call,56.443143929912395,EV(call)=INR56 [P(RPC)=7.14% x 5% x INR172200 x 10% - INR5],-1.0,-1.0,-1.0,-1.0,172200.0,train
AC001285,PH003419,4,2,0.029643721318314557,Poor,3,Call,20.523244055068837,EV(call)=INR21 [P(RPC)=2.96% x 5% x INR172200 x 10% - INR5],-1.0,-1.0,-1.0,-1.0,172200.0,train
AC001286,PH003420,3,0,0.9424911297852473,Excellent,1,Call,318.27445751633985,EV(call)=INR318 [P(RPC)=94.25% x 5% x INR68600 x 10% - INR5],3.0,0.0,0.0,46.333333333333336,68600.0,train
AC001286,PH003421,1,1,0.029209150326797384,Poor,2,Call,5.018738562091505,EV(call)=INR5 [P(RPC)=2.92% x 5% x INR68600 x 10% - INR5],-1.0,-1.0,-1.0,-1.0,68600.0,train
AC001287,PH003423,4,1,0.8491204481792716,Excellent,1,Call,78.21380392156863,EV(call)=INR78 [P(RPC)=84.91% x 5% x INR19600 x 10% - INR5],9.0,0.0,0.0,9.222222222222221,19600.0,validation
AC001287,PH003422,3,0,0.029643721318314557,Poor,2,Suppress,-2.094915310805173,"EV(call)=INR-2, EV(visit)=INR-179 — negative economic yield",8.0,0.0,0.0,0.0,19600.0,validation
AC001288,PH003425,0,1,0.9745437518290897,Excellent,1,Call,2604.3408955223877,EV(call)=INR2604 [P(RPC)=97.45% x 5% x INR535500 x 10% - INR5],20.0,0.0,0.0,62.6,535500.0,train
AC001288,PH003424,3,0,0.07136253650396328,Poor,2,Call,186.0731914893617,EV(call)=INR186 [P(RPC)=7.14% x 5% x INR535500 x 10% - INR5],8.0,0.0,0.0,0.0,535500.0,train
AC001289,PH003426,3,0,0.008784313725490198,Poor,1,Suppress,-2.430588235294117,"EV(call)=INR-2, EV(visit)=INR-137 — negative economic yield",-1.0,-1.0,-1.0,-1.0,58500.0,train
AC001290,PH003427,3,0,0.9891764705882353,Excellent,1,Call,270.9802352941177,EV(call)=INR271 [P(RPC)=98.92% x 5% x INR55800 x 10% - INR5],26.0,0.0,0.0,32.19230769230769,55800.0,train
AC001290,PH003428,0,1,0.029643721318314557,Poor,2,Call,3.2705982478097617,EV(call)=INR3 [P(RPC)=2.96% x 5% x INR55800 x 10% - INR5],-1.0,-1.0,-1.0,-1.0,55800.0,train
AC001290,PH003429,1,2,0.008784313725490198,Poor,3,Suppress,-2.5491764705882347,"EV(call)=INR-3, EV(visit)=INR-140 — negative economic yield",-1.0,-1.0,-1.0,-1.0,55800.0,train
AC001291,PH003430,3,0,0.9891764705882353,Excellent,1,Call,2828.001411764706,EV(call)=INR2828 [P(RPC)=98.92% x 5% x INR572800 x 10% - INR5],3.0,0.0,0.0,83.33333333333333,572800.0,test
AC001291,PH003431,0,1,0.008784313725490198,Poor,2,Call,20.158274509803928,EV(call)=INR20 [P(RPC)=0.88% x 5% x INR572800 x 10% - INR5],-1.0,-1.0,-1.0,-1.0,572800.0,test
AC001291,PH003432,1,2,0.008784313725490198,Poor,3,Call,20.158274509803928,EV(call)=INR20 [P(RPC)=0.88% x 5% x INR572800 x 10% - INR5],-1.0,-1.0,-1.0,-1.0,572800.0,test
AC001292,PH003433,3,0,0.9891764705882353,Excellent,1,Call,184.92188235294122,EV(call)=INR185 [P(RPC)=98.92% x 5% x INR38400 x 10% - INR5],15.0,0.0,0.0,22.866666666666667,38400.0,train
AC001292,PH003434,4,1,0.7440784313725489,Excellent,2,Call,137.86305882352937,EV(call)=INR138 [P(RPC)=74.41% x 5% x INR38400 x 10% - INR5],5.0,0.0,0.0,27.8,38400.0,train
AC001293,PH003435,0,1,0.9891764705882353,Excellent,1,Call,154.50470588235297,EV(call)=INR155 [P(RPC)=98.92% x 5% x INR32250 x 10% - INR5],23.0,0.0,0.0,67.1304347826087,32250.0,validation
AC001293,PH000082,3,0,0.10069607843137254,Poor,2,Suppress,11.237242647058824,Compliance: Verified third-party — contact strictly prohibited,8.0,0.0,0.0,33.25,32250.0,validation
AC001294,PH003436,3,0,0.9891764705882353,Excellent,1,Call,71.16658823529413,EV(call)=INR71 [P(RPC)=98.92% x 5% x INR15400 x 10% - INR5],22.0,0.0,0.0,81.81818181818181,15400.0,test
AC001294,PH003437,0,1,0.008784313725490198,Poor,2,Suppress,-4.323607843137255,"EV(call)=INR-4, EV(visit)=INR-183 — negative economic yield",-1.0,-1.0,-1.0,-1.0,15400.0,test
AC001295,PH003439,0,1,0.9424911297852473,Excellent,1,Call,326.28563211951445,EV(call)=INR326 [P(RPC)=94.25% x 5% x INR70300 x 10% - INR5],6.0,0.0,0.0,10.0,70300.0,test
AC001295,PH003440,4,2,0.43770588235294117,Good,2,Call,148.85361764705883,EV(call)=INR149 [P(RPC)=43.77% x 5% x INR70300 x 10% - INR5],10.0,1.0,0.0,39.9,70300.0,test
AC001295,PH003438,3,0,0.008784313725490198,Poor,3,Suppress,-1.9123137254901952,"EV(call)=INR-2, EV(visit)=INR-124 — negative economic yield",8.0,0.0,3.0,0.0,70300.0,test
AC001296,PH003441,3,0,0.8911372549019607,Excellent,1,Call,588.4974117647059,EV(call)=INR588 [P(RPC)=89.11% x 5% x INR133200 x 10% - INR5],16.0,1.0,0.0,3.9375,133200.0,validation
AC001296,PH003443,4,2,0.2888963585434174,Fair,2,Call,187.404974789916,EV(call)=INR187 [P(RPC)=28.89% x 5% x INR133200 x 10% - INR5],4.0,0.0,0.0,21.0,133200.0,validation
AC001296,PH003442,1,1,0.029643721318314557,Poor,3,Call,14.742718397997496,EV(call)=INR15 [P(RPC)=2.96% x 5% x INR133200 x 10% - INR5],8.0,0.0,0.0,0.0,133200.0,validation
AC001297,PH003444,3,0,0.9745437518290897,Excellent,1,Call,626.0170793093357,EV(call)=INR626 [P(RPC)=97.45% x 5% x INR129500 x 10% - INR5],21.0,0.0,1.0,84.95238095238095,129500.0,test
AC001297,PH003445,0,1,0.029643721318314557,Poor,2,Call,14.194309553608676,EV(call)=INR14 [P(RPC)=2.96% x 5% x INR129500 x 10% - INR5],-1.0,-1.0,-1.0,-1.0,129500.0,test
AC001297,PH003446,4,2,0.008784313725490198,Poor,3,Call,0.6878431372549034,EV(call)=INR1 [P(RPC)=0.88% x 5% x INR129500 x 10% - INR5],-1.0,-1.0,-1.0,-1.0,129500.0,test
AC001298,PH003447,3,0,0.008784313725490198,Poor,1,Suppress,-1.8574117647058817,"EV(call)=INR-2, EV(visit)=INR-123 — negative economic yield",34.0,0.0,24.0,0.0,71550.0,train
AC001299,PH003448,3,0,0.9745437518290897,Excellent,1,Call,2802.904184957565,EV(call)=INR2803 [P(RPC)=97.45% x 5% x INR576250 x 10% - INR5],10.0,0.0,2.0,44.0,576250.0,test
AC001299,PH003450,4,2,0.2888963585434174,Fair,2,Call,827.3826330532215,EV(call)=INR827 [P(RPC)=28.89% x 5% x INR576250 x 10% - INR5],7.0,0.0,0.0,14.571428571428571,576250.0,test
AC001299,PH003449,1,1,0.10069607843137254,Poor,3,Call,285.13057598039217,EV(call)=INR285 [P(RPC)=10.07% x 5% x INR576250 x 10% - INR5],4.0,2.0,0.0,20.0,576250.0,test
AC001300,PH003451,3,0,0.9891764705882353,Excellent,1,Call,1314.066823529412,EV(call)=INR1314 [P(RPC)=98.92% x 5% x INR266700 x 10% - INR5],21.0,0.0,0.0,29.571428571428573,266700.0,test
AC001300,PH000464,2,2,0.9424911297852473,Excellent,2,Call,1251.8119215686274,EV(call)=INR1252 [P(RPC)=94.25% x 5% x INR266700 x 10% - INR5],40.0,0.0,0.0,52.75,266700.0,test
AC001300,PH003453,4,3,0.029643721318314557,Poor,3,Call,34.52990237797246,EV(call)=INR35 [P(RPC)=2.96% x 5% x INR266700 x 10% - INR5],8.0,1.0,0.0,54.125,266700.0,test
AC001300,PH003452,0,1,0.008784313725490198,Poor,4,Call,6.71388235294118,EV(call)=INR7 [P(RPC)=0.88% x 5% x INR266700 x 10% - INR5],8.0,0.0,0.0,0.0,266700.0,test
AC001301,PH003454,3,0,0.9424911297852473,Excellent,1,Call,2142.466039215686,EV(call)=INR2142 [P(RPC)=94.25% x 5% x INR455700 x 10% - INR5],18.0,1.0,0.0,4.333333333333333,455700.0,train
AC001301,PH003455,4,1,0.9424911297852473,Excellent,2,Call,2142.466039215686,EV(call)=INR2142 [P(RPC)=94.25% x 5% x INR455700 x 10% - INR5],15.0,0.0,0.0,33.733333333333334,455700.0,train
AC001302,PH003456,3,0,0.8911372549019607,Excellent,1,Call,185.25780392156867,EV(call)=INR185 [P(RPC)=89.11% x 5% x INR42700 x 10% - INR5],5.0,0.0,0.0,21.4,42700.0,train
AC001302,PH003457,4,1,0.008784313725490198,Poor,2,Suppress,-3.1245490196078425,"EV(call)=INR-3, EV(visit)=INR-154 — negative economic yield",-1.0,-1.0,-1.0,-1.0,42700.0,train
AC001303,PH003459,4,1,0.10069607843137254,Poor,1,Call,66.29282352941178,EV(call)=INR66 [P(RPC)=10.07% x 5% x INR141600 x 10% - INR5],10.0,0.0,0.0,70.9,141600.0,train
AC001303,PH003458,3,0,0.008784313725490198,Poor,2,Suppress,1.2192941176470597,Compliance: Verified invalid/wrong phone number,8.0,0.0,0.0,0.0,141600.0,train
AC001304,PH003460,3,0,0.9745437518290897,Excellent,1,Call,192.3451097453907,EV(call)=INR192 [P(RPC)=97.45% x 5% x INR40500 x 10% - INR5],33.0,0.0,0.0,6.393939393939394,40500.0,test
AC001305,PH003461,3,0,0.9745437518290897,Excellent,1,Call,1522.5973309920983,EV(call)=INR1523 [P(RPC)=97.45% x 5% x INR313500 x 10% - INR5],22.0,0.0,0.0,51.22727272727273,313500.0,train
AC001305,PH003462,4,1,0.008784313725490198,Poor,2,Call,8.769411764705886,EV(call)=INR9 [P(RPC)=0.88% x 5% x INR313500 x 10% - INR5],-1.0,-1.0,-1.0,-1.0,313500.0,train
AC001306,PH003463,3,0,0.9745437518290897,Excellent,1,Call,2253.9924167398303,EV(call)=INR2254 [P(RPC)=97.45% x 5% x INR463600 x 10% - INR5],13.0,0.0,0.0,15.692307692307692,463600.0,train
AC001306,PH000582,2,1,0.8911372549019607,Excellent,2,Call,2060.6561568627453,EV(call)=INR2061 [P(RPC)=89.11% x 5% x INR463600 x 10% - INR5],20.0,0.0,0.0,36.9,463600.0,train
AC001306,PH003464,4,2,0.8257777777777777,Excellent,3,Call,1909.152888888889,EV(call)=INR1909 [P(RPC)=82.58% x 5% x INR463600 x 10% - INR5],9.0,1.0,0.0,27.666666666666668,463600.0,train
AC001307,PH003465,3,0,0.9891764705882353,Excellent,1,Call,139.66705882352943,EV(call)=INR140 [P(RPC)=98.92% x 5% x INR29250 x 10% - INR5],26.0,0.0,0.0,10.5,29250.0,train
AC001308,PH003466,3,0,0.9891764705882353,Excellent,1,Call,673.5750588235296,EV(call)=INR674 [P(RPC)=98.92% x 5% x INR137200 x 10% - INR5],29.0,0.0,0.0,21.379310344827587,137200.0,train
AC001308,PH003467,0,1,0.9745437518290897,Excellent,2,Call,663.5370137547557,EV(call)=INR664 [P(RPC)=97.45% x 5% x INR137200 x 10% - INR5],5.0,0.0,0.0,34.6,137200.0,train
AC001308,PH003468,1,2,0.008784313725490198,Poor,3,Call,1.0260392156862759,EV(call)=INR1 [P(RPC)=0.88% x 5% x INR137200 x 10% - INR5],-1.0,-1.0,-1.0,-1.0,137200.0,train
AC001309,PH003469,3,0,0.9745437518290897,Excellent,1,Call,402.35928826455955,EV(call)=INR402 [P(RPC)=97.45% x 5% x INR83600 x 10% - INR5],16.0,0.0,0.0,51.1875,83600.0,train
AC001309,PH003470,1,1,0.008784313725490198,Poor,2,Suppress,-1.328156862745097,"EV(call)=INR-1, EV(visit)=INR-110 — negative economic yield",-1.0,-1.0,-1.0,-1.0,83600.0,train
AC001310,PH003471,3,0,0.9891764705882353,Excellent,1,Call,230.42400000000004,EV(call)=INR230 [P(RPC)=98.92% x 5% x INR47600 x 10% - INR5],18.0,0.0,0.0,20.333333333333332,47600.0,train
AC001310,PH003472,4,1,0.8491204481792716,Excellent,2,Call,197.09066666666666,EV(call)=INR197 [P(RPC)=84.91% x 5% x INR47600 x 10% - INR5],14.0,1.0,0.0,19.214285714285715,47600.0,train
AC001311,PH003473,3,0,0.9745437518290897,Excellent,1,Call,2617.2536002341235,EV(call)=INR2617 [P(RPC)=97.45% x 5% x INR538150 x 10% - INR5],12.0,0.0,0.0,37.583333333333336,538150.0,train
AC001311,PH003474,0,1,0.029209150326797384,Poor,2,Call,73.59452124183008,EV(call)=INR74 [P(RPC)=2.92% x 5% x INR538150 x 10% - INR5],-1.0,-1.0,-1.0,-1.0,538150.0,train
AC001311,PH003475,4,2,0.008784313725490198,Poor,3,Call,18.63639215686275,EV(call)=INR19 [P(RPC)=0.88% x 5% x INR538150 x 10% - INR5],-1.0,-1.0,-1.0,-1.0,538150.0,train
AC001312,PH000212,3,0,0.9424911297852473,Excellent,1,Call,1663.209299719888,EV(call)=INR1663 [P(RPC)=94.25% x 5% x INR354000 x 10% - INR5],31.0,3.0,0.0,41.096774193548384,354000.0,train
AC001312,PH003476,0,1,0.9424911297852473,Excellent,2,Call,1663.209299719888,EV(call)=INR1663 [P(RPC)=94.25% x 5% x INR354000 x 10% - INR5],18.0,0.0,0.0,3.7777777777777777,354000.0,train
AC001313,PH003477,3,0,0.2888963585434174,Fair,1,Call,72.35200000000002,EV(call)=INR72 [P(RPC)=28.89% x 5% x INR53550 x 10% - INR5],9.0,2.0,0.0,13.555555555555555,53550.0,train
AC001314,PH003478,3,0,0.9745437518290897,Excellent,1,Call,228.89050043898158,EV(call)=INR229 [P(RPC)=97.45% x 5% x INR48000 x 10% - INR5],18.0,0.0,0.0,23.27777777777778,48000.0,validation
AC001314,PH003479,4,1,0.2888963585434174,Fair,2,Call,64.33512605042017,EV(call)=INR64 [P(RPC)=28.89% x 5% x INR48000 x 10% - INR5],9.0,1.0,0.0,33.22222222222222,48000.0,validation
AC001315,PH003481,0,1,0.9891764705882353,Excellent,1,Call,95.4014117647059,EV(call)=INR95 [P(RPC)=98.92% x 5% x INR20300 x 10% - INR5],15.0,0.0,0.0,28.933333333333334,20300.0,validation
AC001315,PH003480,3,0,0.008784313725490198,Poor,2,Suppress,-4.108392156862745,"EV(call)=INR-4, EV(visit)=INR-178 — negative economic yield",8.0,0.0,0.0,0.0,20300.0,validation
AC001315,PH003482,4,2,0.008784313725490198,Poor,3,Suppress,-4.108392156862745,"EV(call)=INR-4, EV(visit)=INR-178 — negative economic yield",-1.0,-1.0,-1.0,-1.0,20300.0,validation
AC001316,PH003483,3,0,0.9891764705882353,Excellent,1,Call,310.30000000000007,EV(call)=INR310 [P(RPC)=98.92% x 5% x INR63750 x 10% - INR5],24.0,1.0,0.0,15.291666666666666,63750.0,train
AC001316,PH003484,4,1,0.029643721318314557,Poor,2,Call,4.448936170212766,EV(call)=INR4 [P(RPC)=2.96% x 5% x INR63750 x 10% - INR5],8.0,0.0,0.0,14.625,63750.0,train
AC001317,PH000208,3,0,0.9745437518290897,Excellent,1,Call,182.59967222709977,EV(call)=INR183 [P(RPC)=97.45% x 5% x INR38500 x 10% - INR5],28.0,1.0,0.0,32.607142857142854,38500.0,train
AC001317,PH000443,2,1,0.9424911297852473,Excellent,2,Suppress,176.42954248366013,Compliance: Verified third-party — contact strictly prohibited,32.0,0.0,0.0,30.15625,38500.0,train
AC001318,PH003485,3,0,0.9891764705882353,Excellent,1,Call,46.6844705882353,EV(call)=INR47 [P(RPC)=98.92% x 5% x INR10450 x 10% - INR5],34.0,0.0,0.0,34.44117647058823,10450.0,train
AC001319,PH003486,3,0,0.10069607843137254,Poor,1,Call,351.1368553921569,EV(call)=INR351 [P(RPC)=10.07% x 5% x INR707350 x 10% - INR5],16.0,0.0,0.0,0.0,707350.0,train
AC001319,PH003487,4,1,0.10069607843137254,Poor,2,Call,351.1368553921569,EV(call)=INR351 [P(RPC)=10.07% x 5% x INR707350 x 10% - INR5],9.0,0.0,0.0,23.88888888888889,707350.0,train
AC001320,PH003489,4,2,0.7440784313725489,Excellent,1,Call,256.17152941176465,EV(call)=INR256 [P(RPC)=74.41% x 5% x INR70200 x 10% - INR5],4.0,0.0,0.0,67.0,70200.0,train
AC001320,PH003488,3,0,0.10069607843137254,Poor,2,Call,30.344323529411774,EV(call)=INR30 [P(RPC)=10.07% x 5% x INR70200 x 10% - INR5],8.0,0.0,0.0,47.5,70200.0,train
AC001320,PH000453,2,1,0.029643721318314557,Poor,3,Call,5.404946182728409,EV(call)=INR5 [P(RPC)=2.96% x 5% x INR70200 x 10% - INR5],8.0,0.0,0.0,82.75,70200.0,train
AC001321,PH003490,3,0,0.9745437518290897,Excellent,1,Call,262.9995317529997,EV(call)=INR263 [P(RPC)=97.45% x 5% x INR55000 x 10% - INR5],24.0,0.0,0.0,17.458333333333332,55000.0,train
AC001322,PH003491,3,0,0.9501568379530653,Excellent,1,Call,1693.4053478411042,EV(call)=INR1693 [P(RPC)=95.02% x 5% x INR357500 x 10% - INR5],1.0,0.0,0.0,58.0,357500.0,train
AC001322,PH003492,1,1,0.008784313725490198,Poor,2,Call,10.70196078431373,EV(call)=INR11 [P(RPC)=0.88% x 5% x INR357500 x 10% - INR5],-1.0,-1.0,-1.0,-1.0,357500.0,train
AC001323,PH003493,3,0,0.9891764705882353,Excellent,1,Call,297.19341176470596,EV(call)=INR297 [P(RPC)=98.92% x 5% x INR61100 x 10% - INR5],42.0,0.0,0.0,52.88095238095238,61100.0,train
AC001323,PH003494,0,1,0.029643721318314557,Poor,2,Call,4.056156862745096,EV(call)=INR4 [P(RPC)=2.96% x 5% x INR61100 x 10% - INR5],2.0,0.0,0.0,0.0,61100.0,train
AC001323,PH003495,1,2,0.008784313725490198,Poor,3,Suppress,-2.316392156862744,"EV(call)=INR-2, EV(visit)=INR-134 — negative economic yield",-1.0,-1.0,-1.0,-1.0,61100.0,train
AC001324,PH003496,3,0,0.9745437518290897,Excellent,1,Call,300.51946619841965,EV(call)=INR301 [P(RPC)=97.45% x 5% x INR62700 x 10% - INR5],2.0,0.0,0.0,28.0,62700.0,train
AC001325,PH003497,3,0,0.9891764705882353,Excellent,1,Call,276.9152941176471,EV(call)=INR277 [P(RPC)=98.92% x 5% x INR57000 x 10% - INR5],17.0,0.0,0.0,32.1764705882353,57000.0,train
AC001326,PH003498,3,0,0.9745437518290897,Excellent,1,Call,128.99976587649985,EV(call)=INR129 [P(RPC)=97.45% x 5% x INR27500 x 10% - INR5],22.0,0.0,1.0,84.54545454545455,27500.0,train
AC001326,PH000364,2,1,0.008784313725490198,Poor,2,Suppress,-3.792156862745098,"EV(call)=INR-4, EV(visit)=INR-170 — negative economic yield",-1.0,-1.0,-1.0,-1.0,27500.0,train
AC001326,PH003499,4,2,0.008784313725490198,Poor,3,Suppress,-3.792156862745098,"EV(call)=INR-4, EV(visit)=INR-170 — negative economic yield",-1.0,-1.0,-1.0,-1.0,27500.0,train
AC001327,PH003500,3,0,0.9745437518290897,Excellent,1,Call,989.0346268656717,EV(call)=INR989 [P(RPC)=97.45% x 5% x INR204000 x 10% - INR5],13.0,0.0,0.0,52.61538461538461,204000.0,test
AC001327,PH003501,0,1,0.029643721318314557,Poor,2,Call,25.236595744680848,EV(call)=INR25 [P(RPC)=2.96% x 5% x INR204000 x 10% - INR5],-1.0,-1.0,-1.0,-1.0,204000.0,test
AC001327,PH003502,4,2,0.008784313725490198,Poor,3,Call,3.9600000000000026,EV(call)=INR4 [P(RPC)=0.88% x 5% x INR204000 x 10% - INR5],-1.0,-1.0,-1.0,-1.0,204000.0,test
AC001328,PH003503,3,0,0.9891764705882353,Excellent,1,Call,1003.96,EV(call)=INR1004 [P(RPC)=98.92% x 5% x INR204000 x 10% - INR5],22.0,0.0,0.0,60.86363636363637,204000.0,train
AC001329,PH003505,0,1,0.2888963585434174,Fair,1,Call,725.5466666666667,EV(call)=INR726 [P(RPC)=28.89% x 5% x INR505750 x 10% - INR5],8.0,0.0,0.0,2.75,505750.0,validation
AC001329,PH003506,4,3,0.2888963585434174,Fair,2,Call,725.5466666666667,EV(call)=INR726 [P(RPC)=28.89% x 5% x INR505750 x 10% - INR5],7.0,0.0,0.0,44.285714285714285,505750.0,validation
AC001329,PH000329,2,2,0.029643721318314557,Poor,3,Call,69.96156028368794,EV(call)=INR70 [P(RPC)=2.96% x 5% x INR505750 x 10% - INR5],8.0,1.0,0.0,22.125,505750.0,validation
AC001329,PH003504,3,0,0.008784313725490198,Poor,4,Call,17.21333333333334,EV(call)=INR17 [P(RPC)=0.88% x 5% x INR505750 x 10% - INR5],8.0,0.0,0.0,0.0,505750.0,validation
AC001330,PH003508,0,1,0.9891764705882353,Excellent,1,Call,1235.4272941176473,EV(call)=INR1235 [P(RPC)=98.92% x 5% x INR250800 x 10% - INR5],19.0,0.0,0.0,57.21052631578947,250800.0,train
AC001330,PH003509,1,2,0.029209150326797384,Poor,2,Call,31.628274509803923,EV(call)=INR32 [P(RPC)=2.92% x 5% x INR250800 x 10% - INR5],-1.0,-1.0,-1.0,-1.0,250800.0,train
AC001330,PH003507,3,0,0.008784313725490198,Poor,3,Suppress,6.0155294117647085,Compliance: Verified invalid/wrong phone number,2.0,0.0,0.0,0.0,250800.0,train
AC001331,PH003510,3,0,0.7440784313725489,Excellent,1,Call,289.0969999999999,EV(call)=INR289 [P(RPC)=74.41% x 5% x INR79050 x 10% - INR5],15.0,0.0,0.0,31.733333333333334,79050.0,validation
AC001331,PH003511,0,1,0.008784313725490198,Poor,2,Suppress,-1.5279999999999991,"EV(call)=INR-2, EV(visit)=INR-115 — negative economic yield",8.0,0.0,0.0,0.0,79050.0,validation
AC001332,PH003513,4,1,0.9424911297852473,Excellent,1,Call,265.49495424836596,EV(call)=INR265 [P(RPC)=94.25% x 5% x INR57400 x 10% - INR5],17.0,2.0,0.0,27.470588235294116,57400.0,validation
AC001332,PH003512,3,0,0.029643721318314557,Poor,2,Call,3.5077480183562795,EV(call)=INR4 [P(RPC)=2.96% x 5% x INR57400 x 10% - INR5],3.0,2.0,0.0,9.333333333333334,57400.0,validation
AC001333,PH003514,3,0,0.9891764705882353,Excellent,1,Call,410.45411764705887,EV(call)=INR410 [P(RPC)=98.92% x 5% x INR84000 x 10% - INR5],18.0,0.0,1.0,31.944444444444443,84000.0,test
AC001333,PH003515,0,1,0.029209150326797384,Poor,2,Call,7.2678431372549035,EV(call)=INR7 [P(RPC)=2.92% x 5% x INR84000 x 10% - INR5],-1.0,-1.0,-1.0,-1.0,84000.0,test
AC001333,PH003516,1,2,0.029209150326797384,Poor,3,Call,7.2678431372549035,EV(call)=INR7 [P(RPC)=2.92% x 5% x INR84000 x 10% - INR5],-1.0,-1.0,-1.0,-1.0,84000.0,test
AC001334,PH003519,4,2,0.9424911297852473,Excellent,1,Call,355.5028571428571,EV(call)=INR356 [P(RPC)=94.25% x 5% x INR76500 x 10% - INR5],19.0,2.0,0.0,33.31578947368421,76500.0,train
AC001334,PH003517,3,0,0.07136253650396328,Poor,2,Call,22.296170212765958,EV(call)=INR22 [P(RPC)=7.14% x 5% x INR76500 x 10% - INR5],6.0,2.0,0.0,13.0,76500.0,train
AC001334,PH003518,1,1,0.029643721318314557,Poor,3,Call,6.338723404255319,EV(call)=INR6 [P(RPC)=2.96% x 5% x INR76500 x 10% - INR5],5.0,2.0,0.0,9.2,76500.0,train
AC001335,PH003520,3,0,0.9891764705882353,Excellent,1,Call,419.356705882353,EV(call)=INR419 [P(RPC)=98.92% x 5% x INR85800 x 10% - INR5],26.0,0.0,0.0,74.6923076923077,85800.0,train
AC001335,PH003521,0,1,0.008784313725490198,Poor,2,Suppress,-1.2315294117647047,"EV(call)=INR-1, EV(visit)=INR-107 — negative economic yield",-1.0,-1.0,-1.0,-1.0,85800.0,train
AC001336,PH003522,3,0,0.9745437518290897,Excellent,1,Call,5324.536142815335,EV(call)=INR5325 [P(RPC)=97.45% x 5% x INR1093750 x 10% - INR5],18.0,0.0,0.0,6.166666666666667,1093750.0,test
AC001337,PH003523,3,0,0.9891764705882353,Excellent,1,Call,200.74870588235297,EV(call)=INR201 [P(RPC)=98.92% x 5% x INR41600 x 10% - INR5],28.0,1.0,0.0,51.07142857142857,41600.0,test
AC001337,PH003524,4,1,0.07136253650396328,Poor,2,Call,9.843407592824363,EV(call)=INR10 [P(RPC)=7.14% x 5% x INR41600 x 10% - INR5],8.0,0.0,0.0,30.25,41600.0,test
AC001338,PH003525,3,0,0.9745437518290897,Excellent,1,Call,349.7339256657887,EV(call)=INR350 [P(RPC)=97.45% x 5% x INR72800 x 10% - INR5],22.0,0.0,0.0,43.18181818181818,72800.0,validation
AC001338,PH003526,4,1,0.029209150326797384,Poor,2,Call,5.632130718954251,EV(call)=INR6 [P(RPC)=2.92% x 5% x INR72800 x 10% - INR5],-1.0,-1.0,-1.0,-1.0,72800.0,validation
AC001339,PH003527,3,0,0.9424911297852473,Excellent,1,Call,101.03025210084031,EV(call)=INR101 [P(RPC)=94.25% x 5% x INR22500 x 10% - INR5],2.0,0.0,0.0,24.5,22500.0,train
AC001339,PH003528,0,1,0.008784313725490198,Poor,2,Suppress,-4.011764705882353,"EV(call)=INR-4, EV(visit)=INR-176 — negative economic yield",-1.0,-1.0,-1.0,-1.0,22500.0,train
AC001339,PH003529,1,2,0.008784313725490198,Poor,3,Suppress,-4.011764705882353,"EV(call)=INR-4, EV(visit)=INR-176 — negative economic yield",-1.0,-1.0,-1.0,-1.0,22500.0,train
AC001339,PH003530,4,3,0.008784313725490198,Poor,4,Suppress,-4.011764705882353,"EV(call)=INR-4, EV(visit)=INR-176 — negative economic yield",-1.0,-1.0,-1.0,-1.0,22500.0,train
AC001340,PH003531,3,0,0.9745437518290897,Excellent,1,Call,3895.855002633889,EV(call)=INR3896 [P(RPC)=97.45% x 5% x INR800550 x 10% - INR5],27.0,0.0,8.0,3.962962962962963,800550.0,test
AC001340,PH003532,1,1,0.9745437518290897,Excellent,2,Call,3895.855002633889,EV(call)=INR3896 [P(RPC)=97.45% x 5% x INR800550 x 10% - INR5],19.0,1.0,0.0,48.89473684210526,800550.0,test
AC001340,PH005912,5,2,0.9424911297852473,Excellent,3,Call,3767.556369747899,EV(call)=INR3768 [P(RPC)=94.25% x 5% x INR800550 x 10% - INR5],10.0,0.0,0.0,89.8,800550.0,test
AC001341,PH003534,0,1,0.9891764705882353,Excellent,1,Call,1988.1905882352946,EV(call)=INR1988 [P(RPC)=98.92% x 5% x INR403000 x 10% - INR5],17.0,0.0,0.0,66.94117647058823,403000.0,train
AC001341,PH003533,3,0,0.029643721318314557,Poor,2,Call,54.73209845640383,EV(call)=INR55 [P(RPC)=2.96% x 5% x INR403000 x 10% - INR5],7.0,2.0,0.0,12.428571428571429,403000.0,train
AC001341,PH000351,2,2,0.029643721318314557,Poor,3,Call,54.73209845640383,EV(call)=INR55 [P(RPC)=2.96% x 5% x INR403000 x 10% - INR5],8.0,0.0,0.0,0.0,403000.0,train
AC001341,PH003535,4,3,0.008784313725490198,Poor,4,Suppress,12.700392156862748,Compliance: Verified third-party — contact strictly prohibited,-1.0,-1.0,-1.0,-1.0,403000.0,train
AC001342,PH003536,3,0,0.008784313725490198,Poor,1,Suppress,-3.708705882352941,"EV(call)=INR-4, EV(visit)=INR-168 — negative economic yield",1.0,0.0,0.0,0.0,29400.0,validation
AC001343,PH000448,2,2,0.10069607843137254,Poor,1,Call,121.17218627450983,EV(call)=INR121 [P(RPC)=10.07% x 5% x INR250600 x 10% - INR5],9.0,0.0,0.0,26.555555555555557,250600.0,validation
AC001343,PH003537,3,0,0.029643721318314557,Poor,2,Call,32.14358281184814,EV(call)=INR32 [P(RPC)=2.96% x 5% x INR250600 x 10% - INR5],8.0,0.0,0.0,0.0,250600.0,validation
AC001343,PH003538,1,1,0.029643721318314557,Poor,3,Call,32.14358281184814,EV(call)=INR32 [P(RPC)=2.96% x 5% x INR250600 x 10% - INR5],11.0,0.0,3.0,0.0,250600.0,validation
AC001344,PH003539,3,0,0.9424911297852473,Excellent,1,Call,5152.311462184874,EV(call)=INR5152 [P(RPC)=94.25% x 5% x INR1094400 x 10% - INR5],12.0,0.0,0.0,3.25,1094400.0,train
AC001344,PH003540,4,1,0.10069607843137254,Poor,2,Call,546.0089411764707,EV(call)=INR546 [P(RPC)=10.07% x 5% x INR1094400 x 10% - INR5],8.0,0.0,0.0,35.75,1094400.0,train
AC001345,PH003541,3,0,0.9745437518290897,Excellent,1,Call,843.8276078431372,EV(call)=INR844 [P(RPC)=97.45% x 5% x INR174200 x 10% - INR5],10.0,0.0,0.0,78.6,174200.0,train
AC001346,PH003542,3,0,0.832097675344733,Excellent,1,Call,3589.6619574892466,EV(call)=INR3590 [P(RPC)=83.21% x 5% x INR864000 x 10% - INR5],16.0,0.0,0.0,9.6875,864000.0,test
AC001346,PH003543,1,1,0.008784313725490198,Poor,2,Call,32.94823529411766,EV(call)=INR33 [P(RPC)=0.88% x 5% x INR864000 x 10% - INR5],-1.0,-1.0,-1.0,-1.0,864000.0,test
AC001346,PH003544,4,2,0.008784313725490198,Poor,3,Call,32.94823529411766,EV(call)=INR33 [P(RPC)=0.88% x 5% x INR864000 x 10% - INR5],-1.0,-1.0,-1.0,-1.0,864000.0,test
AC001347,PH003546,0,1,0.9891764705882353,Excellent,1,Call,1079.6320000000003,EV(call)=INR1080 [P(RPC)=98.92% x 5% x INR219300 x 10% - INR5],16.0,0.0,0.0,57.1875,219300.0,validation
AC001347,PH003545,3,0,0.9745437518290897,Excellent,2,Call,1063.5872238805969,EV(call)=INR1064 [P(RPC)=97.45% x 5% x INR219300 x 10% - INR5],10.0,0.0,0.0,44.5,219300.0,validation
AC001347,PH000546,2,3,0.8491204481792716,Excellent,3,Call,926.0605714285714,EV(call)=INR926 [P(RPC)=84.91% x 5% x INR219300 x 10% - INR5],39.0,2.0,0.0,49.41025641025641,219300.0,validation
AC001347,PH003547,1,2,0.008784313725490198,Poor,4,Call,4.632000000000003,EV(call)=INR5 [P(RPC)=0.88% x 5% x INR219300 x 10% - INR5],-1.0,-1.0,-1.0,-1.0,219300.0,validation
AC001347,PH003548,4,4,0.008784313725490198,Poor,5,Call,4.632000000000003,EV(call)=INR5 [P(RPC)=0.88% x 5% x INR219300 x 10% - INR5],-1.0,-1.0,-1.0,-1.0,219300.0,validation
AC001348,PH003550,1,1,0.9424911297852473,Excellent,1,Call,249.23698225957048,EV(call)=INR249 [P(RPC)=94.25% x 5% x INR53950 x 10% - INR5],15.0,0.0,0.0,40.6,53950.0,train
AC001348,PH003551,4,2,0.7440784313725489,Excellent,2,Call,195.71515686274506,EV(call)=INR196 [P(RPC)=74.41% x 5% x INR53950 x 10% - INR5],9.0,1.0,0.0,48.888888888888886,53950.0,train
AC001348,PH003549,3,0,0.008784313725490198,Poor,3,Suppress,-2.6304313725490194,"EV(call)=INR-3, EV(visit)=INR-142 — negative economic yield",2.0,2.0,0.0,23.5,53950.0,train
AC001349,PH005924,5,3,0.9745437518290897,Excellent,1,Call,716.1623763535265,EV(call)=INR716 [P(RPC)=97.45% x 5% x INR148000 x 10% - INR5],3.0,0.0,0.0,102.0,148000.0,validation
AC001349,PH003554,4,2,0.8491204481792716,Excellent,2,Call,623.3491316526611,EV(call)=INR623 [P(RPC)=84.91% x 5% x INR148000 x 10% - INR5],10.0,0.0,0.0,44.0,148000.0,validation
AC001349,PH003552,3,0,0.07136253650396328,Poor,3,Call,47.808277012932834,EV(call)=INR48 [P(RPC)=7.14% x 5% x INR148000 x 10% - INR5],15.0,0.0,8.0,0.0,148000.0,validation
AC001349,PH003553,1,1,0.07136253650396328,Poor,4,Call,47.808277012932834,EV(call)=INR48 [P(RPC)=7.14% x 5% x INR148000 x 10% - INR5],3.0,2.0,0.0,20.333333333333332,148000.0,validation
AC001350,PH003556,1,1,0.9424911297852473,Excellent,1,Call,1523.9562352941175,EV(call)=INR1524 [P(RPC)=94.25% x 5% x INR324450 x 10% - INR5],13.0,1.0,0.0,5.461538461538462,324450.0,train
AC001350,PH003555,3,0,0.029643721318314557,Poor,2,Call,43.0895269086358,EV(call)=INR43 [P(RPC)=2.96% x 5% x INR324450 x 10% - INR5],12.0,0.0,0.0,0.0,324450.0,train
AC001351,PH003557,3,0,0.9891764705882353,Excellent,1,Call,342.2009411764707,EV(call)=INR342 [P(RPC)=98.92% x 5% x INR70200 x 10% - INR5],24.0,0.0,0.0,57.875,70200.0,train
AC001351,PH003558,0,1,0.2888963585434174,Fair,2,Call,96.40262184873951,EV(call)=INR96 [P(RPC)=28.89% x 5% x INR70200 x 10% - INR5],-1.0,-1.0,-1.0,-1.0,70200.0,train
AC001351,PH003559,1,2,0.10069607843137254,Poor,3,Call,30.344323529411774,EV(call)=INR30 [P(RPC)=10.07% x 5% x INR70200 x 10% - INR5],-1.0,-1.0,-1.0,-1.0,70200.0,train
AC001351,PH000412,2,3,0.07136253650396328,Poor,4,Call,20.048250312891113,EV(call)=INR20 [P(RPC)=7.14% x 5% x INR70200 x 10% - INR5],-1.0,-1.0,-1.0,-1.0,70200.0,train
AC001351,PH003560,4,4,0.07136253650396328,Poor,5,Call,20.048250312891113,EV(call)=INR20 [P(RPC)=7.14% x 5% x INR70200 x 10% - INR5],-1.0,-1.0,-1.0,-1.0,70200.0,train
AC001352,PH003561,3,0,0.9891764705882353,Excellent,1,Call,199.75952941176473,EV(call)=INR200 [P(RPC)=98.92% x 5% x INR41400 x 10% - INR5],13.0,0.0,1.0,24.923076923076923,41400.0,train
AC001352,PH003562,0,1,0.029209150326797384,Poor,2,Call,1.0462941176470597,EV(call)=INR1 [P(RPC)=2.92% x 5% x INR41400 x 10% - INR5],-1.0,-1.0,-1.0,-1.0,41400.0,train
AC001352,PH003563,4,2,0.008784313725490198,Poor,3,Suppress,-3.181647058823529,"EV(call)=INR-3, EV(visit)=INR-155 — negative economic yield",-1.0,-1.0,-1.0,-1.0,41400.0,train
AC001353,PH003564,3,0,0.9745437518290897,Excellent,1,Call,524.420893181153,EV(call)=INR524 [P(RPC)=97.45% x 5% x INR108650 x 10% - INR5],24.0,0.0,6.0,34.541666666666664,108650.0,train
AC001353,PH005903,5,1,0.9745437518290897,Excellent,2,Call,524.420893181153,EV(call)=INR524 [P(RPC)=97.45% x 5% x INR108650 x 10% - INR5],9.0,0.0,0.0,38.888888888888886,108650.0,train
AC001354,PH003565,3,0,0.9745437518290897,Excellent,1,Call,287.36312554872694,EV(call)=INR287 [P(RPC)=97.45% x 5% x INR60000 x 10% - INR5],12.0,0.0,0.0,55.833333333333336,60000.0,validation
AC001354,PH000302,2,1,0.029643721318314557,Poor,2,Call,3.893116395494367,EV(call)=INR4 [P(RPC)=2.96% x 5% x INR60000 x 10% - INR5],8.0,0.0,0.0,42.0,60000.0,validation
AC001354,PH003566,4,2,0.008784313725490198,Poor,3,Suppress,-2.3647058823529403,"EV(call)=INR-2, EV(visit)=INR-135 — negative economic yield",2.0,0.0,0.0,0.0,60000.0,validation
AC001355,PH003567,3,0,0.9891764705882353,Excellent,1,Call,288.7854117647059,EV(call)=INR289 [P(RPC)=98.92% x 5% x INR59400 x 10% - INR5],36.0,0.0,0.0,6.944444444444445,59400.0,train
AC001356,PH003569,4,1,0.9745437518290897,Excellent,1,Call,416.0029007901668,EV(call)=INR416 [P(RPC)=97.45% x 5% x INR86400 x 10% - INR5],9.0,0.0,0.0,30.88888888888889,86400.0,train
AC001356,PH003568,3,0,0.9424911297852473,Excellent,2,Call,402.1561680672269,EV(call)=INR402 [P(RPC)=94.25% x 5% x INR86400 x 10% - INR5],12.0,0.0,0.0,5.5,86400.0,train
AC001357,PH003571,0,1,0.9424911297852473,Excellent,1,Call,1373.8645228758169,EV(call)=INR1374 [P(RPC)=94.25% x 5% x INR292600 x 10% - INR5],4.0,0.0,0.0,10.5,292600.0,validation
AC001357,PH003570,3,0,0.029643721318314557,Poor,2,Call,38.3687642886942,EV(call)=INR38 [P(RPC)=2.96% x 5% x INR292600 x 10% - INR5],8.0,0.0,0.0,0.0,292600.0,validation
AC001358,PH003572,3,0,0.9891764705882353,Excellent,1,Call,737.3769411764707,EV(call)=INR737 [P(RPC)=98.92% x 5% x INR150100 x 10% - INR5],27.0,0.0,0.0,58.074074074074076,150100.0,train
AC001359,PH003573,3,0,0.9745437518290897,Excellent,1,Call,4048.6147357330988,EV(call)=INR4049 [P(RPC)=97.45% x 5% x INR831900 x 10% - INR5],12.0,0.0,0.0,39.083333333333336,831900.0,train
AC001360,PH003574,3,0,0.9424911297852473,Excellent,1,Call,1355.014700280112,EV(call)=INR1355 [P(RPC)=94.25% x 5% x INR288600 x 10% - INR5],9.0,0.0,0.0,5.888888888888889,288600.0,train
AC001360,PH003575,4,1,0.029643721318314557,Poor,2,Call,37.77588986232791,EV(call)=INR38 [P(RPC)=2.96% x 5% x INR288600 x 10% - INR5],-1.0,-1.0,-1.0,-1.0,288600.0,train
AC001361,PH003576,3,0,0.8257777777777777,Excellent,1,Call,331.9173333333333,EV(call)=INR332 [P(RPC)=82.58% x 5% x INR81600 x 10% - INR5],8.0,0.0,0.0,11.0,81600.0,train
AC001361,PH003577,4,1,0.029209150326797384,Poor,2,Call,6.917333333333335,EV(call)=INR7 [P(RPC)=2.92% x 5% x INR81600 x 10% - INR5],-1.0,-1.0,-1.0,-1.0,81600.0,train
AC001362,PH003578,3,0,0.9745437518290897,Excellent,1,Call,578.2644354697103,EV(call)=INR578 [P(RPC)=97.45% x 5% x INR119700 x 10% - INR5],12.0,0.0,0.0,106.58333333333333,119700.0,test
AC001362,PH003579,0,1,0.029643721318314557,Poor,2,Call,12.741767209011265,EV(call)=INR13 [P(RPC)=2.96% x 5% x INR119700 x 10% - INR5],-1.0,-1.0,-1.0,-1.0,119700.0,test
AC001362,PH000358,2,2,0.008784313725490198,Poor,3,Call,0.2574117647058838,EV(call)=INR0 [P(RPC)=0.88% x 5% x INR119700 x 10% - INR5],-1.0,-1.0,-1.0,-1.0,119700.0,test
AC001362,PH003580,4,3,0.008784313725490198,Poor,4,Call,0.2574117647058838,EV(call)=INR0 [P(RPC)=0.88% x 5% x INR119700 x 10% - INR5],-1.0,-1.0,-1.0,-1.0,119700.0,test
AC001363,PH003583,4,2,0.7969544199696745,Excellent,1,Call,1109.3415177225977,EV(call)=INR1109 [P(RPC)=79.70% x 5% x INR279650 x 10% - INR5],1.0,0.0,0.0,50.0,279650.0,train
AC001363,PH003581,3,0,0.07136253650396328,Poor,2,Call,94.78266666666667,EV(call)=INR95 [P(RPC)=7.14% x 5% x INR279650 x 10% - INR5],7.0,2.0,0.0,9.0,279650.0,train
AC001363,PH003582,0,1,0.029643721318314557,Poor,3,Call,36.44933333333333,EV(call)=INR36 [P(RPC)=2.96% x 5% x INR279650 x 10% - INR5],8.0,0.0,0.0,0.0,279650.0,train
AC001364,PH003584,3,0,0.07136253650396328,Poor,1,Call,28.219260742594905,EV(call)=INR28 [P(RPC)=7.14% x 5% x INR93100 x 10% - INR5],19.0,2.0,11.0,1.7894736842105263,93100.0,train
AC001365,PH003585,3,0,0.9891764705882353,Excellent,1,Call,177.00847058823533,EV(call)=INR177 [P(RPC)=98.92% x 5% x INR36800 x 10% - INR5],7.0,0.0,0.0,68.71428571428571,36800.0,train
AC001366,PH003586,3,0,0.9891764705882353,Excellent,1,Call,141.89270588235294,EV(call)=INR142 [P(RPC)=98.92% x 5% x INR29700 x 10% - INR5],20.0,1.0,0.0,50.15,29700.0,validation
AC001366,PH003587,1,1,0.7440784313725489,Excellent,2,Call,105.49564705882352,EV(call)=INR105 [P(RPC)=74.41% x 5% x INR29700 x 10% - INR5],10.0,0.0,0.0,23.1,29700.0,validation
AC001367,PH003589,0,1,0.9891764705882353,Excellent,1,Call,1292.799529411765,EV(call)=INR1293 [P(RPC)=98.92% x 5% x INR262400 x 10% - INR5],16.0,0.0,0.0,50.0,262400.0,train
AC001367,PH003590,1,2,0.029643721318314557,Poor,2,Call,33.892562369628706,EV(call)=INR34 [P(RPC)=2.96% x 5% x INR262400 x 10% - INR5],-1.0,-1.0,-1.0,-1.0,262400.0,train
AC001367,PH003591,4,3,0.029209150326797384,Poor,3,Call,33.32240522875818,EV(call)=INR33 [P(RPC)=2.92% x 5% x INR262400 x 10% - INR5],-1.0,-1.0,-1.0,-1.0,262400.0,train
AC001367,PH003588,3,0,0.008784313725490198,Poor,4,Call,6.5250196078431415,EV(call)=INR7 [P(RPC)=0.88% x 5% x INR262400 x 10% - INR5],8.0,0.0,7.0,0.0,262400.0,train
AC001368,PH003593,0,1,0.9745437518290897,Excellent,1,Call,723.9587263681592,EV(call)=INR724 [P(RPC)=97.45% x 5% x INR149600 x 10% - INR5],5.0,0.0,0.0,85.4,149600.0,train
AC001368,PH003592,3,0,0.874186991156511,Excellent,2,Call,648.8918693850703,EV(call)=INR649 [P(RPC)=87.42% x 5% x INR149600 x 10% - INR5],15.0,0.0,7.0,5.666666666666667,149600.0,train
AC001368,PH003594,1,2,0.008784313725490198,Poor,3,Call,1.5706666666666678,EV(call)=INR2 [P(RPC)=0.88% x 5% x INR149600 x 10% - INR5],-1.0,-1.0,-1.0,-1.0,149600.0,train
AC001369,PH003595,3,0,0.9424911297852473,Excellent,1,Call,1045.6419869281044,EV(call)=INR1046 [P(RPC)=94.25% x 5% x INR222950 x 10% - INR5],2.0,0.0,0.0,25.0,222950.0,validation
AC001369,PH003596,1,1,0.029643721318314557,Poor,2,Call,28.045338339591154,EV(call)=INR28 [P(RPC)=2.96% x 5% x INR222950 x 10% - INR5],-1.0,-1.0,-1.0,-1.0,222950.0,validation
AC001370,PH000283,2,1,0.2888963585434174,Fair,1,Call,521.9469579831933,EV(call)=INR522 [P(RPC)=28.89% x 5% x INR364800 x 10% - INR5],16.0,1.0,0.0,53.8125,364800.0,train
AC001370,PH003597,3,0,0.029209150326797384,Poor,2,Call,48.27749019607843,EV(call)=INR48 [P(RPC)=2.92% x 5% x INR364800 x 10% - INR5],-1.0,-1.0,-1.0,-1.0,364800.0,train
AC001371,PH003599,1,1,0.9891764705882353,Excellent,1,Call,168.60047058823534,EV(call)=INR169 [P(RPC)=98.92% x 5% x INR35100 x 10% - INR5],18.0,0.0,7.0,45.94444444444444,35100.0,train
AC001371,PH003598,3,0,0.8257777777777777,Excellent,2,Call,139.924,EV(call)=INR140 [P(RPC)=82.58% x 5% x INR35100 x 10% - INR5],14.0,0.0,0.0,11.428571428571429,35100.0,train
AC001372,PH003600,3,0,0.9745437518290897,Excellent,1,Call,249.3559192273924,EV(call)=INR249 [P(RPC)=97.45% x 5% x INR52200 x 10% - INR5],19.0,0.0,5.0,56.473684210526315,52200.0,train
AC001372,PH003601,0,1,0.008784313725490198,Poor,2,Suppress,-2.707294117647058,"EV(call)=INR-3, EV(visit)=INR-144 — negative economic yield",6.0,0.0,0.0,0.0,52200.0,train
AC001372,PH003602,1,2,0.008784313725490198,Poor,3,Suppress,-2.707294117647058,"EV(call)=INR-3, EV(visit)=INR-144 — negative economic yield",-1.0,-1.0,-1.0,-1.0,52200.0,train
AC001372,PH003603,4,3,0.008784313725490198,Poor,4,Suppress,-2.707294117647058,"EV(call)=INR-3, EV(visit)=INR-144 — negative economic yield",-1.0,-1.0,-1.0,-1.0,52200.0,train
AC001373,PH003604,3,0,0.9745437518290897,Excellent,1,Call,369.95570851624234,EV(call)=INR370 [P(RPC)=97.45% x 5% x INR76950 x 10% - INR5],29.0,1.0,0.0,2.5517241379310347,76950.0,validation
AC001374,PH003606,4,1,0.7440784313725489,Excellent,1,Call,4261.545725490195,EV(call)=INR4262 [P(RPC)=74.41% x 5% x INR1146800 x 10% - INR5],7.0,0.0,0.0,60.42857142857143,1146800.0,train
AC001374,PH003605,3,0,0.43770588235294117,Good,2,Call,2504.805529411765,EV(call)=INR2505 [P(RPC)=43.77% x 5% x INR1146800 x 10% - INR5],8.0,0.0,0.0,0.0,1146800.0,train
AC001375,PH003607,3,0,0.8911372549019607,Excellent,1,Call,716.8211764705884,EV(call)=INR717 [P(RPC)=89.11% x 5% x INR162000 x 10% - INR5],9.0,0.0,0.0,4.444444444444445,162000.0,train
AC001375,PH003609,4,2,0.2888963585434174,Fair,2,Call,229.0060504201681,EV(call)=INR229 [P(RPC)=28.89% x 5% x INR162000 x 10% - INR5],9.0,0.0,0.0,34.666666666666664,162000.0,train
AC001375,PH003608,1,1,0.029209150326797384,Poor,3,Call,18.659411764705887,EV(call)=INR19 [P(RPC)=2.92% x 5% x INR162000 x 10% - INR5],7.0,2.0,0.0,3.857142857142857,162000.0,train
AC001376,PH003611,0,1,0.029643721318314557,Poor,1,Call,6.5462294534835195,EV(call)=INR7 [P(RPC)=2.96% x 5% x INR77900 x 10% - INR5],34.0,0.0,1.0,0.0,77900.0,train
AC001376,PH003610,3,0,0.008784313725490198,Poor,2,Suppress,-1.578509803921568,Compliance: Verified invalid/wrong phone number,2.0,2.0,0.0,21.0,77900.0,train
AC001377,PH003612,3,0,0.9745437518290897,Excellent,1,Call,345.8357506584723,EV(call)=INR346 [P(RPC)=97.45% x 5% x INR72000 x 10% - INR5],16.0,0.0,0.0,73.125,72000.0,train
AC001377,PH003613,4,1,0.029209150326797384,Poor,2,Call,5.515294117647059,EV(call)=INR6 [P(RPC)=2.92% x 5% x INR72000 x 10% - INR5],-1.0,-1.0,-1.0,-1.0,72000.0,train
AC001378,PH003615,0,1,0.9891764705882353,Excellent,1,Call,302.1392941176471,EV(call)=INR302 [P(RPC)=98.92% x 5% x INR62100 x 10% - INR5],6.0,0.0,0.0,80.5,62100.0,validation
AC001378,PH003614,3,0,0.029643721318314557,Poor,2,Call,4.2043754693366715,EV(call)=INR4 [P(RPC)=2.96% x 5% x INR62100 x 10% - INR5],8.0,0.0,0.0,0.0,62100.0,validation
AC001378,PH003616,1,2,0.008784313725490198,Poor,3,Suppress,-2.2724705882352936,"EV(call)=INR-2, EV(visit)=INR-133 — negative economic yield",-1.0,-1.0,-1.0,-1.0,62100.0,validation
AC001379,PH003617,3,0,0.9745437518290897,Excellent,1,Call,886.7075329236172,EV(call)=INR887 [P(RPC)=97.45% x 5% x INR183000 x 10% - INR5],12.0,0.0,0.0,29.833333333333332,183000.0,train
AC001379,PH003618,1,1,0.008784313725490198,Poor,2,Call,3.0376470588235307,EV(call)=INR3 [P(RPC)=0.88% x 5% x INR183000 x 10% - INR5],-1.0,-1.0,-1.0,-1.0,183000.0,train
AC001379,PH000470,2,2,0.008784313725490198,Poor,3,Suppress,3.0376470588235307,Compliance: Verified third-party — contact strictly prohibited,-1.0,-1.0,-1.0,-1.0,183000.0,train
AC001379,PH003619,4,3,0.008784313725490198,Poor,4,Call,3.0376470588235307,EV(call)=INR3 [P(RPC)=0.88% x 5% x INR183000 x 10% - INR5],-1.0,-1.0,-1.0,-1.0,183000.0,train
AC001380,PH003620,3,0,0.9424911297852473,Excellent,1,Call,1766.883323996265,EV(call)=INR1767 [P(RPC)=94.25% x 5% x INR376000 x 10% - INR5],3.0,0.0,0.0,33.0,376000.0,validation
AC001380,PH003621,4,1,0.008784313725490198,Poor,2,Call,11.514509803921573,EV(call)=INR12 [P(RPC)=0.88% x 5% x INR376000 x 10% - INR5],-1.0,-1.0,-1.0,-1.0,376000.0,validation
AC001381,PH003622,3,0,0.9745437518290897,Excellent,1,Call,5257.536259877084,EV(call)=INR5258 [P(RPC)=97.45% x 5% x INR1080000 x 10% - INR5],17.0,0.0,0.0,46.470588235294116,1080000.0,train
AC001381,PH003623,0,1,0.008784313725490198,Poor,2,Call,42.43529411764707,EV(call)=INR42 [P(RPC)=0.88% x 5% x INR1080000 x 10% - INR5],-1.0,-1.0,-1.0,-1.0,1080000.0,train
AC001381,PH003624,4,2,0.008784313725490198,Poor,3,Call,42.43529411764707,EV(call)=INR42 [P(RPC)=0.88% x 5% x INR1080000 x 10% - INR5],-1.0,-1.0,-1.0,-1.0,1080000.0,train
AC001382,PH003625,3,0,0.9745437518290897,Excellent,1,Call,426.47924612232947,EV(call)=INR426 [P(RPC)=97.45% x 5% x INR88550 x 10% - INR5],19.0,0.0,0.0,44.31578947368421,88550.0,train
AC001382,PH003626,1,1,0.008784313725490198,Poor,2,Suppress,-1.110745098039215,"EV(call)=INR-1, EV(visit)=INR-104 — negative economic yield",-1.0,-1.0,-1.0,-1.0,88550.0,train
AC001382,PH003627,4,2,0.008784313725490198,Poor,3,Suppress,-1.110745098039215,"EV(call)=INR-1, EV(visit)=INR-104 — negative economic yield",-1.0,-1.0,-1.0,-1.0,88550.0,train
AC001383,PH003629,4,1,0.8257777777777777,Excellent,1,Call,1087.5040000000001,EV(call)=INR1088 [P(RPC)=82.58% x 5% x INR264600 x 10% - INR5],16.0,1.0,0.0,18.0625,264600.0,train
AC001383,PH003628,3,0,0.008784313725490198,Poor,2,Call,6.621647058823532,EV(call)=INR7 [P(RPC)=0.88% x 5% x INR264600 x 10% - INR5],13.0,0.0,12.0,0.0,264600.0,train
AC001384,PH003630,3,0,0.9891764705882353,Excellent,1,Call,836.7891764705882,EV(call)=INR837 [P(RPC)=98.92% x 5% x INR170200 x 10% - INR5],29.0,0.0,1.0,57.89655172413793,170200.0,train
AC001384,PH003631,0,1,0.008784313725490198,Poor,2,Call,2.475450980392158,EV(call)=INR2 [P(RPC)=0.88% x 5% x INR170200 x 10% - INR5],-1.0,-1.0,-1.0,-1.0,170200.0,train
AC001385,PH003633,0,1,0.029643721318314557,Poor,1,Call,34.98938005840634,EV(call)=INR35 [P(RPC)=2.96% x 5% x INR269800 x 10% - INR5],-1.0,-1.0,-1.0,-1.0,269800.0,train
AC001385,PH003632,3,0,0.008784313725490198,Poor,2,Call,6.850039215686278,EV(call)=INR7 [P(RPC)=0.88% x 5% x INR269800 x 10% - INR5],4.0,0.0,0.0,0.0,269800.0,train
AC001385,PH003634,1,2,0.008784313725490198,Poor,3,Call,6.850039215686278,EV(call)=INR7 [P(RPC)=0.88% x 5% x INR269800 x 10% - INR5],-1.0,-1.0,-1.0,-1.0,269800.0,train
AC001385,PH003635,4,3,0.008784313725490198,Poor,4,Call,6.850039215686278,EV(call)=INR7 [P(RPC)=0.88% x 5% x INR269800 x 10% - INR5],-1.0,-1.0,-1.0,-1.0,269800.0,train
AC001386,PH003637,4,1,0.43770588235294117,Good,1,Call,101.3625294117647,EV(call)=INR101 [P(RPC)=43.77% x 5% x INR48600 x 10% - INR5],16.0,0.0,0.0,2.125,48600.0,validation
AC001386,PH003636,3,0,0.2888963585434174,Fair,2,Call,65.20181512605043,EV(call)=INR65 [P(RPC)=28.89% x 5% x INR48600 x 10% - INR5],17.0,2.0,8.0,8.058823529411764,48600.0,validation
AC001387,PH003639,4,1,0.8257777777777777,Excellent,1,Call,282.37066666666664,EV(call)=INR282 [P(RPC)=82.58% x 5% x INR69600 x 10% - INR5],11.0,0.0,0.0,45.63636363636363,69600.0,train
AC001387,PH003638,3,0,0.008784313725490198,Poor,2,Suppress,-1.943058823529411,"EV(call)=INR-2, EV(visit)=INR-125 — negative economic yield",8.0,0.0,0.0,0.0,69600.0,train
AC001388,PH003640,3,0,0.07136253650396328,Poor,1,Call,18.121461827284108,EV(call)=INR18 [P(RPC)=7.14% x 5% x INR64800 x 10% - INR5],18.0,2.0,6.0,3.7222222222222223,64800.0,train
AC001388,PH003641,1,1,0.029643721318314557,Poor,2,Call,4.604565707133917,EV(call)=INR5 [P(RPC)=2.96% x 5% x INR64800 x 10% - INR5],8.0,2.0,0.0,5.375,64800.0,train
AC001389,PH003642,3,0,0.008784313725490198,Poor,1,Suppress,-3.7548235294117642,"EV(call)=INR-4, EV(visit)=INR-169 — negative economic yield",6.0,0.0,5.0,0.0,28350.0,train
AC001389,PH003643,4,1,0.008784313725490198,Poor,2,Suppress,-3.7548235294117642,"EV(call)=INR-4, EV(visit)=INR-169 — negative economic yield",-1.0,-1.0,-1.0,-1.0,28350.0,train
AC001390,PH003644,3,0,0.9424911297852473,Excellent,1,Call,728.9649673202614,EV(call)=INR729 [P(RPC)=94.25% x 5% x INR155750 x 10% - INR5],1.0,0.0,0.0,52.0,155750.0,train
AC001391,PH003645,3,0,0.9745437518290897,Excellent,1,Call,1096.721711442786,EV(call)=INR1097 [P(RPC)=97.45% x 5% x INR226100 x 10% - INR5],7.0,0.0,0.0,56.57142857142857,226100.0,train
AC001391,PH003646,4,1,0.10069607843137254,Poor,2,Call,108.8369166666667,EV(call)=INR109 [P(RPC)=10.07% x 5% x INR226100 x 10% - INR5],11.0,0.0,0.0,30.181818181818183,226100.0,train
AC001392,PH003648,0,1,0.9891764705882353,Excellent,1,Call,773.9764705882354,EV(call)=INR774 [P(RPC)=98.92% x 5% x INR157500 x 10% - INR5],23.0,0.0,0.0,58.26086956521739,157500.0,train
AC001392,PH003647,3,0,0.029643721318314557,Poor,2,Call,18.344430538172716,EV(call)=INR18 [P(RPC)=2.96% x 5% x INR157500 x 10% - INR5],8.0,1.0,0.0,8.125,157500.0,train
AC001392,PH003649,4,2,0.008784313725490198,Poor,3,Call,1.9176470588235306,EV(call)=INR2 [P(RPC)=0.88% x 5% x INR157500 x 10% - INR5],-1.0,-1.0,-1.0,-1.0,157500.0,train
AC001393,PH003650,3,0,0.8911372549019607,Excellent,1,Call,2150.438235294118,EV(call)=INR2150 [P(RPC)=89.11% x 5% x INR483750 x 10% - INR5],10.0,0.0,0.0,6.5,483750.0,train
AC001393,PH003651,4,1,0.10069607843137254,Poor,2,Call,238.5586397058824,EV(call)=INR239 [P(RPC)=10.07% x 5% x INR483750 x 10% - INR5],8.0,0.0,0.0,39.5,483750.0,train
AC001394,PH003653,4,1,0.43770588235294117,Good,1,Suppress,94.7969411764706,Compliance: Verified third-party — contact strictly prohibited,14.0,0.0,0.0,25.0,45600.0,validation
AC001394,PH003652,3,0,0.008784313725490198,Poor,2,Suppress,-2.997176470588235,"EV(call)=INR-3, EV(visit)=INR-151 — negative economic yield",16.0,0.0,4.0,0.0,45600.0,validation
AC001395,PH003654,3,0,0.9745437518290897,Excellent,1,Call,121.69068773778167,EV(call)=INR122 [P(RPC)=97.45% x 5% x INR26000 x 10% - INR5],22.0,0.0,0.0,76.72727272727273,26000.0,validation
AC001395,PH003655,0,1,0.008784313725490198,Poor,2,Suppress,-3.858039215686274,"EV(call)=INR-4, EV(visit)=INR-172 — negative economic yield",-1.0,-1.0,-1.0,-1.0,26000.0,validation
AC001395,PH003656,1,2,0.008784313725490198,Poor,3,Suppress,-3.858039215686274,"EV(call)=INR-4, EV(visit)=INR-172 — negative economic yield",-1.0,-1.0,-1.0,-1.0,26000.0,validation
AC001395,PH003657,4,3,0.008784313725490198,Poor,4,Suppress,-3.858039215686274,Compliance: Verified third-party — contact strictly prohibited,-1.0,-1.0,-1.0,-1.0,26000.0,validation
AC001396,PH003658,3,0,0.9891764705882353,Excellent,1,Call,121.61458823529414,EV(call)=INR122 [P(RPC)=98.92% x 5% x INR25600 x 10% - INR5],25.0,0.0,0.0,28.6,25600.0,train
AC001396,PH003659,1,1,0.029643721318314557,Poor,2,Suppress,-1.2056036712557363,"EV(call)=INR-1, EV(visit)=INR-172 — negative economic yield",-1.0,-1.0,-1.0,-1.0,25600.0,train
AC001397,PH003660,3,0,0.9891764705882353,Excellent,1,Call,336.2658823529412,EV(call)=INR336 [P(RPC)=98.92% x 5% x INR69000 x 10% - INR5],25.0,0.0,1.0,43.72,69000.0,train
AC001397,PH003661,0,1,0.008784313725490198,Poor,2,Suppress,-1.9694117647058818,"EV(call)=INR-2, EV(visit)=INR-125 — negative economic yield",-1.0,-1.0,-1.0,-1.0,69000.0,train
AC001398,PH003662,3,0,0.9745437518290897,Excellent,1,Call,779.2640842844601,EV(call)=INR779 [P(RPC)=97.45% x 5% x INR160950 x 10% - INR5],17.0,0.0,0.0,33.8235294117647,160950.0,validation
AC001398,PH003663,4,1,0.9745437518290897,Excellent,2,Call,779.2640842844601,EV(call)=INR779 [P(RPC)=97.45% x 5% x INR160950 x 10% - INR5],10.0,0.0,0.0,36.2,160950.0,validation
AC001399,PH003665,1,1,0.029643721318314557,Poor,1,Call,15.565331664580725,EV(call)=INR16 [P(RPC)=2.96% x 5% x INR138750 x 10% - INR5],3.0,2.0,0.0,15.666666666666666,138750.0,train
AC001399,PH003664,3,0,0.029209150326797384,Poor,2,Call,15.263848039215688,EV(call)=INR15 [P(RPC)=2.92% x 5% x INR138750 x 10% - INR5],11.0,2.0,7.0,4.181818181818182,138750.0,train
AC001400,PH003666,3,0,0.9891764705882353,Excellent,1,Call,1782.9364705882356,EV(call)=INR1783 [P(RPC)=98.92% x 5% x INR361500 x 10% - INR5],20.0,0.0,0.0,31.15,361500.0,train
AC001400,PH003667,1,1,0.008784313725490198,Poor,2,Call,10.877647058823534,EV(call)=INR11 [P(RPC)=0.88% x 5% x INR361500 x 10% - INR5],-1.0,-1.0,-1.0,-1.0,361500.0,train
AC001400,PH003668,4,2,0.008784313725490198,Poor,3,Call,10.877647058823534,EV(call)=INR11 [P(RPC)=0.88% x 5% x INR361500 x 10% - INR5],-1.0,-1.0,-1.0,-1.0,361500.0,train
AC001401,PH003670,0,1,0.9424911297852473,Excellent,1,Call,3862.983596638655,EV(call)=INR3863 [P(RPC)=94.25% x 5% x INR820800 x 10% - INR5],10.0,0.0,0.0,6.9,820800.0,train
AC001401,PH003671,4,2,0.10069607843137254,Poor,2,Call,408.256705882353,EV(call)=INR408 [P(RPC)=10.07% x 5% x INR820800 x 10% - INR5],13.0,1.0,0.0,39.15384615384615,820800.0,train
AC001401,PH003669,3,0,0.07136253650396328,Poor,3,Call,287.87184981226534,EV(call)=INR288 [P(RPC)=7.14% x 5% x INR820800 x 10% - INR5],8.0,1.0,0.0,2.375,820800.0,train
AC001402,PH003672,3,0,0.9891764705882353,Excellent,1,Call,737.6242352941177,EV(call)=INR738 [P(RPC)=98.92% x 5% x INR150150 x 10% - INR5],13.0,0.0,0.0,53.92307692307692,150150.0,train
AC001402,PH003673,0,1,0.07136253650396328,Poor,2,Call,48.57542428035043,EV(call)=INR49 [P(RPC)=7.14% x 5% x INR150150 x 10% - INR5],-1.0,-1.0,-1.0,-1.0,150150.0,train
AC001402,PH000490,2,2,0.07136253650396328,Poor,3,Call,48.57542428035043,EV(call)=INR49 [P(RPC)=7.14% x 5% x INR150150 x 10% - INR5],-1.0,-1.0,-1.0,-1.0,150150.0,train
AC001403,PH003675,4,1,0.8491204481792716,Excellent,1,Call,193.69418487394955,EV(call)=INR194 [P(RPC)=84.91% x 5% x INR46800 x 10% - INR5],15.0,0.0,0.0,46.4,46800.0,train
AC001403,PH003674,3,0,0.029643721318314557,Poor,2,Suppress,1.9366307884856075,Compliance: Verified invalid/wrong phone number,4.0,2.0,0.0,11.25,46800.0,train
AC001404,PH003676,3,0,0.9745437518290897,Excellent,1,Call,211.34871290605793,EV(call)=INR211 [P(RPC)=97.45% x 5% x INR44400 x 10% - INR5],11.0,0.0,0.0,37.63636363636363,44400.0,test
AC001404,PH003677,4,1,0.10069607843137254,Poor,2,Call,17.35452941176471,EV(call)=INR17 [P(RPC)=10.07% x 5% x INR44400 x 10% - INR5],8.0,2.0,0.0,79.25,44400.0,test
AC001405,PH003680,4,2,0.43770588235294117,Good,1,Call,139.4429411764706,EV(call)=INR139 [P(RPC)=43.77% x 5% x INR66000 x 10% - INR5],1.0,0.0,0.0,18.0,66000.0,train
AC001405,PH003678,3,0,0.07136253650396328,Poor,2,Call,18.549637046307886,EV(call)=INR19 [P(RPC)=7.14% x 5% x INR66000 x 10% - INR5],8.0,0.0,0.0,0.0,66000.0,train
AC001405,PH003679,1,1,0.008784313725490198,Poor,3,Suppress,-2.1011764705882343,"EV(call)=INR-2, EV(visit)=INR-129 — negative economic yield",8.0,0.0,7.0,0.0,66000.0,train
AC001406,PH003682,4,1,0.9424911297852473,Excellent,1,Call,2427.3339831932767,EV(call)=INR2427 [P(RPC)=94.25% x 5% x INR516150 x 10% - INR5],20.0,1.0,0.0,32.35,516150.0,train
AC001406,PH003681,3,0,0.029643721318314557,Poor,2,Call,71.5030337922403,EV(call)=INR72 [P(RPC)=2.96% x 5% x INR516150 x 10% - INR5],5.0,2.0,0.0,15.0,516150.0,train
AC001407,PH003684,0,1,0.07136253650396328,Poor,1,Call,86.91494701710472,EV(call)=INR87 [P(RPC)=7.14% x 5% x INR257600 x 10% - INR5],-1.0,-1.0,-1.0,-1.0,257600.0,train
AC001407,PH003683,3,0,0.029643721318314557,Poor,2,Call,33.18111305798915,EV(call)=INR33 [P(RPC)=2.96% x 5% x INR257600 x 10% - INR5],-1.0,-1.0,-1.0,-1.0,257600.0,train
AC001408,PH003685,3,0,0.9891764705882353,Excellent,1,Call,625.6000000000001,EV(call)=INR626 [P(RPC)=98.92% x 5% x INR127500 x 10% - INR5],39.0,0.0,0.0,30.333333333333332,127500.0,train
AC001409,PH003686,3,0,0.9745437518290897,Excellent,1,Call,328.2939631255487,EV(call)=INR328 [P(RPC)=97.45% x 5% x INR68400 x 10% - INR5],19.0,0.0,0.0,57.63157894736842,68400.0,train
AC001409,PH003687,0,1,0.008784313725490198,Poor,2,Suppress,-1.995764705882352,"EV(call)=INR-2, EV(visit)=INR-126 — negative economic yield",-1.0,-1.0,-1.0,-1.0,68400.0,train
AC001410,PH003688,3,0,0.9891764705882353,Excellent,1,Call,4403.017647058824,EV(call)=INR4403 [P(RPC)=98.92% x 5% x INR891250 x 10% - INR5],43.0,0.0,0.0,27.046511627906977,891250.0,train
AC001411,PH003689,3,0,0.9745437518290897,Excellent,1,Call,189.90875036581795,EV(call)=INR190 [P(RPC)=97.45% x 5% x INR40000 x 10% - INR5],9.0,0.0,0.0,54.333333333333336,40000.0,train
AC001411,PH003690,4,1,0.029643721318314557,Poor,2,Call,0.928744263662912,EV(call)=INR1 [P(RPC)=2.96% x 5% x INR40000 x 10% - INR5],-1.0,-1.0,-1.0,-1.0,40000.0,train
AC001412,PH003691,3,0,0.9745437518290897,Excellent,1,Call,3174.4489903424055,EV(call)=INR3174 [P(RPC)=97.45% x 5% x INR652500 x 10% - INR5],31.0,0.0,0.0,55.83870967741935,652500.0,validation
AC001413,PH003692,3,0,0.8257777777777777,Excellent,1,Call,160.15555555555557,EV(call)=INR160 [P(RPC)=82.58% x 5% x INR40000 x 10% - INR5],10.0,0.0,0.0,24.6,40000.0,train
AC001413,PH003693,0,1,0.008784313725490198,Poor,2,Suppress,-3.24313725490196,"EV(call)=INR-3, EV(visit)=INR-157 — negative economic yield",-1.0,-1.0,-1.0,-1.0,40000.0,train
AC001413,PH003694,4,2,0.008784313725490198,Poor,3,Suppress,-3.24313725490196,"EV(call)=INR-3, EV(visit)=INR-157 — negative economic yield",-1.0,-1.0,-1.0,-1.0,40000.0,train
AC001414,PH003695,3,0,0.9424911297852473,Excellent,1,Call,397.91495798319323,EV(call)=INR398 [P(RPC)=94.25% x 5% x INR85500 x 10% - INR5],2.0,0.0,0.0,27.5,85500.0,train
AC001414,PH003696,0,1,0.029209150326797384,Poor,2,Call,7.486911764705884,EV(call)=INR7 [P(RPC)=2.92% x 5% x INR85500 x 10% - INR5],-1.0,-1.0,-1.0,-1.0,85500.0,train
AC001414,PH003697,1,2,0.029209150326797384,Poor,3,Call,7.486911764705884,EV(call)=INR7 [P(RPC)=2.92% x 5% x INR85500 x 10% - INR5],-1.0,-1.0,-1.0,-1.0,85500.0,train
AC001415,PH003698,3,0,0.8911372549019607,Excellent,1,Call,3467.761882352941,EV(call)=INR3468 [P(RPC)=89.11% x 5% x INR779400 x 10% - INR5],6.0,0.0,0.0,26.0,779400.0,train
AC001415,PH003699,0,1,0.029643721318314557,Poor,2,Call,110.52158197747184,EV(call)=INR111 [P(RPC)=2.96% x 5% x INR779400 x 10% - INR5],-1.0,-1.0,-1.0,-1.0,779400.0,train
AC001415,PH003700,4,2,0.008784313725490198,Poor,3,Call,29.2324705882353,EV(call)=INR29 [P(RPC)=0.88% x 5% x INR779400 x 10% - INR5],-1.0,-1.0,-1.0,-1.0,779400.0,train
AC001416,PH003701,3,0,0.9745437518290897,Excellent,1,Call,100.2507251975417,EV(call)=INR100 [P(RPC)=97.45% x 5% x INR21600 x 10% - INR5],17.0,1.0,0.0,29.058823529411764,21600.0,train
AC001416,PH003702,4,1,0.8491204481792716,Excellent,2,Call,86.70500840336133,EV(call)=INR87 [P(RPC)=84.91% x 5% x INR21600 x 10% - INR5],13.0,2.0,0.0,22.23076923076923,21600.0,train
AC001417,PH003703,3,0,0.9891764705882353,Excellent,1,Call,907.5152941176472,EV(call)=INR908 [P(RPC)=98.92% x 5% x INR184500 x 10% - INR5],24.0,0.0,0.0,41.125,184500.0,train
AC001418,PH003704,3,0,0.9745437518290897,Excellent,1,Call,656.2279356160375,EV(call)=INR656 [P(RPC)=97.45% x 5% x INR135700 x 10% - INR5],18.0,0.0,0.0,32.388888888888886,135700.0,validation
AC001418,PH003705,4,1,0.10069607843137254,Poor,2,Call,63.32228921568628,EV(call)=INR63 [P(RPC)=10.07% x 5% x INR135700 x 10% - INR5],3.0,0.0,0.0,32.0,135700.0,validation
AC001419,PH003706,3,0,0.9891764705882353,Excellent,1,Call,484.1477647058824,EV(call)=INR484 [P(RPC)=98.92% x 5% x INR98900 x 10% - INR5],17.0,0.0,0.0,24.11764705882353,98900.0,validation
AC001419,PH003707,0,1,0.008784313725490198,Poor,2,Suppress,-0.6561568627450969,"EV(call)=INR-1, EV(visit)=INR-93 — negative economic yield",8.0,0.0,8.0,0.0,98900.0,validation
AC001420,PH000194,3,0,0.9745437518290897,Excellent,1,Call,512.726368159204,EV(call)=INR513 [P(RPC)=97.45% x 5% x INR106250 x 10% - INR5],22.0,2.0,0.0,40.5,106250.0,train
AC001420,PH003708,1,1,0.9745437518290897,Excellent,2,Call,512.726368159204,EV(call)=INR513 [P(RPC)=97.45% x 5% x INR106250 x 10% - INR5],9.0,0.0,0.0,48.55555555555556,106250.0,train
AC001420,PH003709,4,2,0.008784313725490198,Poor,3,Suppress,-0.33333333333333215,"EV(call)=INR-0, EV(visit)=INR-85 — negative economic yield",-1.0,-1.0,-1.0,-1.0,106250.0,train
AC001421,PH003710,3,0,0.10069607843137254,Poor,1,Call,67.6522205882353,EV(call)=INR68 [P(RPC)=10.07% x 5% x INR144300 x 10% - INR5],9.0,0.0,0.0,0.0,144300.0,test
AC001421,PH003711,4,2,0.07136253650396328,Poor,2,Call,46.48807008760951,EV(call)=INR46 [P(RPC)=7.14% x 5% x INR144300 x 10% - INR5],8.0,0.0,0.0,24.125,144300.0,test
AC001421,PH000423,2,1,0.029643721318314557,Poor,3,Call,16.387944931163954,EV(call)=INR16 [P(RPC)=2.96% x 5% x INR144300 x 10% - INR5],8.0,0.0,0.0,53.875,144300.0,test
AC001422,PH003712,3,0,0.008784313725490198,Poor,1,Suppress,-3.3397647058823523,"EV(call)=INR-3, EV(visit)=INR-159 — negative economic yield",7.0,0.0,4.0,0.0,37800.0,train
AC001422,PH003713,1,1,0.008784313725490198,Poor,2,Suppress,-3.3397647058823523,"EV(call)=INR-3, EV(visit)=INR-159 — negative economic yield",-1.0,-1.0,-1.0,-1.0,37800.0,train
AC001423,PH003715,4,1,0.2888963585434174,Fair,1,Call,865.4447282913167,EV(call)=INR865 [P(RPC)=28.89% x 5% x INR602600 x 10% - INR5],4.0,0.0,0.0,25.5,602600.0,test
AC001423,PH003714,3,0,0.029643721318314557,Poor,2,Call,84.31653233208176,EV(call)=INR84 [P(RPC)=2.96% x 5% x INR602600 x 10% - INR5],8.0,0.0,0.0,0.0,602600.0,test
AC001424,PH003716,3,0,0.10069607843137254,Poor,1,Call,75.3554705882353,EV(call)=INR75 [P(RPC)=10.07% x 5% x INR159600 x 10% - INR5],9.0,2.0,0.0,4.666666666666667,159600.0,train
AC001424,PH003718,1,2,0.09666877821438201,Poor,2,Call,72.14168501507686,EV(call)=INR72 [P(RPC)=9.67% x 5% x INR159600 x 10% - INR5],8.0,2.0,3.0,12.625,159600.0,train
AC001424,PH003717,0,1,0.008784313725490198,Poor,3,Call,2.009882352941178,EV(call)=INR2 [P(RPC)=0.88% x 5% x INR159600 x 10% - INR5],14.0,0.0,10.0,0.0,159600.0,train
AC001425,PH003721,4,3,0.8257777777777777,Excellent,1,Call,255.12,EV(call)=INR255 [P(RPC)=82.58% x 5% x INR63000 x 10% - INR5],2.0,0.0,0.0,13.5,63000.0,train
AC001425,PH003719,3,0,0.029643721318314557,Poor,2,Call,4.337772215269085,EV(call)=INR4 [P(RPC)=2.96% x 5% x INR63000 x 10% - INR5],8.0,0.0,0.0,0.0,63000.0,train
AC001425,PH000592,2,2,0.029643721318314557,Poor,3,Suppress,4.337772215269085,Compliance: Verified third-party — contact strictly prohibited,8.0,1.0,0.0,23.0,63000.0,train
AC001425,PH003720,0,1,0.029209150326797384,Poor,4,Call,4.200882352941177,EV(call)=INR4 [P(RPC)=2.92% x 5% x INR63000 x 10% - INR5],8.0,0.0,0.0,0.0,63000.0,train
AC001426,PH003722,3,0,0.9745437518290897,Excellent,1,Call,436.4683195785777,EV(call)=INR436 [P(RPC)=97.45% x 5% x INR90600 x 10% - INR5],21.0,0.0,0.0,44.38095238095238,90600.0,train
AC001426,PH003723,4,1,0.029643721318314557,Poor,2,Call,8.428605757196493,EV(call)=INR8 [P(RPC)=2.96% x 5% x INR90600 x 10% - INR5],8.0,0.0,0.0,51.875,90600.0,train
AC001427,PH003724,3,0,0.9745437518290897,Excellent,1,Call,123.63977524143985,EV(call)=INR124 [P(RPC)=97.45% x 5% x INR26400 x 10% - INR5],18.0,0.0,0.0,64.55555555555556,26400.0,train
AC001427,PH003725,0,1,0.029643721318314557,Poor,2,Suppress,-1.0870287859824783,"EV(call)=INR-1, EV(visit)=INR-171 — negative economic yield",-1.0,-1.0,-1.0,-1.0,26400.0,train
AC001428,PH003726,3,0,0.9424911297852473,Excellent,1,Call,2371.9626293183937,EV(call)=INR2372 [P(RPC)=94.25% x 5% x INR504400 x 10% - INR5],4.0,0.0,0.0,14.75,504400.0,test
AC001428,PH003727,0,1,0.07136253650396328,Poor,2,Call,174.9763170629954,EV(call)=INR175 [P(RPC)=7.14% x 5% x INR504400 x 10% - INR5],-1.0,-1.0,-1.0,-1.0,504400.0,test
AC001428,PH003728,4,2,0.029209150326797384,Poor,3,Call,68.66547712418301,EV(call)=INR69 [P(RPC)=2.92% x 5% x INR504400 x 10% - INR5],-1.0,-1.0,-1.0,-1.0,504400.0,test
AC001429,PH003729,3,0,0.9891764705882353,Excellent,1,Call,263.3141176470589,EV(call)=INR263 [P(RPC)=98.92% x 5% x INR54250 x 10% - INR5],36.0,1.0,0.0,72.88888888888889,54250.0,train
AC001429,PH003730,0,1,0.008784313725490198,Poor,2,Suppress,-2.617254901960784,"EV(call)=INR-3, EV(visit)=INR-141 — negative economic yield",-1.0,-1.0,-1.0,-1.0,54250.0,train
AC001429,PH003731,1,2,0.008784313725490198,Poor,3,Suppress,-2.617254901960784,"EV(call)=INR-3, EV(visit)=INR-141 — negative economic yield",-1.0,-1.0,-1.0,-1.0,54250.0,train
AC001430,PH005956,5,1,0.07136253650396328,Poor,1,Call,39.10204755944931,EV(call)=INR39 [P(RPC)=7.14% x 5% x INR123600 x 10% - INR5],1.0,0.0,0.0,0.0,123600.0,test
AC001430,PH003732,3,0,0.008784313725490198,Poor,2,Call,0.4287058823529426,EV(call)=INR0 [P(RPC)=0.88% x 5% x INR123600 x 10% - INR5],22.0,0.0,22.0,0.0,123600.0,test
AC001431,PH003733,3,0,0.9891764705882353,Excellent,1,Call,736.1404705882354,EV(call)=INR736 [P(RPC)=98.92% x 5% x INR149850 x 10% - INR5],35.0,0.0,0.0,26.085714285714285,149850.0,train
AC001432,PH003735,0,1,0.9424911297852473,Excellent,1,Call,278.68983006535944,EV(call)=INR279 [P(RPC)=94.25% x 5% x INR60200 x 10% - INR5],1.0,0.0,0.0,50.0,60200.0,validation
AC001432,PH003734,3,0,0.008784313725490198,Poor,2,Suppress,-2.3559215686274504,"EV(call)=INR-2, EV(visit)=INR-135 — negative economic yield",8.0,0.0,8.0,0.0,60200.0,validation
AC001432,PH003736,4,2,0.008784313725490198,Poor,3,Suppress,-2.3559215686274504,"EV(call)=INR-2, EV(visit)=INR-135 — negative economic yield",-1.0,-1.0,-1.0,-1.0,60200.0,validation
AC001433,PH000143,3,0,0.9745437518290897,Excellent,1,Call,407.23200702370497,EV(call)=INR407 [P(RPC)=97.45% x 5% x INR84600 x 10% - INR5],27.0,2.0,0.0,30.296296296296298,84600.0,train
AC001433,PH005883,5,3,0.8911372549019607,Excellent,2,Call,371.9510588235294,EV(call)=INR372 [P(RPC)=89.11% x 5% x INR84600 x 10% - INR5],5.0,0.0,0.0,8.2,84600.0,train
AC001433,PH003738,4,2,0.2888963585434174,Fair,3,Call,117.20315966386556,EV(call)=INR117 [P(RPC)=28.89% x 5% x INR84600 x 10% - INR5],2.0,0.0,0.0,18.0,84600.0,train
AC001433,PH003737,1,1,0.029209150326797384,Poor,4,Call,7.3554705882352955,EV(call)=INR7 [P(RPC)=2.92% x 5% x INR84600 x 10% - INR5],5.0,2.0,0.0,9.0,84600.0,train
AC001434,PH003739,3,0,0.9891764705882353,Excellent,1,Call,562.2927058823531,EV(call)=INR562 [P(RPC)=98.92% x 5% x INR114700 x 10% - INR5],24.0,0.0,0.0,39.916666666666664,114700.0,train
AC001435,PH003741,0,1,0.9891764705882353,Excellent,1,Call,1423.123529411765,EV(call)=INR1423 [P(RPC)=98.92% x 5% x INR288750 x 10% - INR5],23.0,0.0,0.0,65.95652173913044,288750.0,train
AC001435,PH003740,3,0,0.029643721318314557,Poor,2,Call,37.798122653316646,EV(call)=INR38 [P(RPC)=2.96% x 5% x INR288750 x 10% - INR5],8.0,0.0,0.0,0.0,288750.0,train
AC001436,PH000146,3,0,0.9745437518290897,Excellent,1,Call,830.6712671934446,EV(call)=INR831 [P(RPC)=97.45% x 5% x INR171500 x 10% - INR5],26.0,0.0,0.0,28.576923076923077,171500.0,train
AC001436,PH003742,4,1,0.07136253650396328,Poor,2,Call,56.193375052148525,EV(call)=INR56 [P(RPC)=7.14% x 5% x INR171500 x 10% - INR5],10.0,2.0,0.0,57.3,171500.0,train
AC001437,PH003743,3,0,0.008784313725490198,Poor,1,Suppress,-3.115764705882352,"EV(call)=INR-3, EV(visit)=INR-154 — negative economic yield",2.0,0.0,0.0,0.0,42900.0,train
AC001438,PH003744,0,1,0.8911372549019607,Excellent,1,Call,458.39137254901965,EV(call)=INR458 [P(RPC)=89.11% x 5% x INR104000 x 10% - INR5],16.0,1.0,0.0,4.1875,104000.0,train
AC001438,PH003746,4,3,0.10069607843137254,Poor,2,Call,47.36196078431373,EV(call)=INR47 [P(RPC)=10.07% x 5% x INR104000 x 10% - INR5],3.0,0.0,0.0,63.0,104000.0,train
AC001438,PH000048,3,0,0.029643721318314557,Poor,3,Call,10.414735085523569,EV(call)=INR10 [P(RPC)=2.96% x 5% x INR104000 x 10% - INR5],8.0,1.0,0.0,25.5,104000.0,train
AC001438,PH003745,1,2,0.008784313725490198,Poor,4,Suppress,-0.4321568627450967,"EV(call)=INR-0, EV(visit)=INR-88 — negative economic yield",2.0,2.0,0.0,25.5,104000.0,train
AC001439,PH005828,5,1,0.9424911297852473,Excellent,1,Call,970.478319327731,EV(call)=INR970 [P(RPC)=94.25% x 5% x INR207000 x 10% - INR5],17.0,0.0,0.0,5.411764705882353,207000.0,validation
AC001439,PH003747,3,0,0.10069607843137254,Poor,2,Call,99.22044117647062,EV(call)=INR99 [P(RPC)=10.07% x 5% x INR207000 x 10% - INR5],5.0,2.0,0.0,11.0,207000.0,validation
AC001440,PH003748,3,0,0.9891764705882353,Excellent,1,Call,2692.484235294118,EV(call)=INR2692 [P(RPC)=98.92% x 5% x INR545400 x 10% - INR5],22.0,0.0,3.0,37.81818181818182,545400.0,train
AC001440,PH003749,0,1,0.9891764705882353,Excellent,2,Call,2692.484235294118,EV(call)=INR2692 [P(RPC)=98.92% x 5% x INR545400 x 10% - INR5],11.0,0.0,0.0,56.81818181818182,545400.0,train
AC001440,PH003750,1,2,0.008784313725490198,Poor,3,Call,18.95482352941177,EV(call)=INR19 [P(RPC)=0.88% x 5% x INR545400 x 10% - INR5],-1.0,-1.0,-1.0,-1.0,545400.0,train
AC001440,PH003751,4,3,0.008784313725490198,Poor,4,Call,18.95482352941177,EV(call)=INR19 [P(RPC)=0.88% x 5% x INR545400 x 10% - INR5],-1.0,-1.0,-1.0,-1.0,545400.0,train
AC001441,PH003752,3,0,0.8911372549019607,Excellent,1,Call,275.7082352941176,EV(call)=INR276 [P(RPC)=89.11% x 5% x INR63000 x 10% - INR5],13.0,0.0,0.0,18.076923076923077,63000.0,train
AC001442,PH003753,3,0,0.9891764705882353,Excellent,1,Call,1796.537647058824,EV(call)=INR1797 [P(RPC)=98.92% x 5% x INR364250 x 10% - INR5],23.0,0.0,0.0,34.30434782608695,364250.0,train
AC001443,PH003754,3,0,0.9745437518290897,Excellent,1,Call,5213.681791044775,EV(call)=INR5214 [P(RPC)=97.45% x 5% x INR1071000 x 10% - INR5],11.0,0.0,0.0,24.727272727272727,1071000.0,train
AC001443,PH003755,4,1,0.9424911297852473,Excellent,2,Call,5042.04,EV(call)=INR5042 [P(RPC)=94.25% x 5% x INR1071000 x 10% - INR5],12.0,1.0,0.0,53.416666666666664,1071000.0,train
AC001444,PH003757,1,1,0.8491204481792716,Excellent,1,Call,1790.8897478991596,EV(call)=INR1791 [P(RPC)=84.91% x 5% x INR423000 x 10% - INR5],19.0,0.0,0.0,4.052631578947368,423000.0,test
AC001444,PH003756,3,0,0.008784313725490198,Poor,2,Call,13.578823529411771,EV(call)=INR14 [P(RPC)=0.88% x 5% x INR423000 x 10% - INR5],7.0,2.0,3.0,6.142857142857143,423000.0,test
AC001445,PH003759,0,1,0.9891764705882353,Excellent,1,Call,2745.1578823529417,EV(call)=INR2745 [P(RPC)=98.92% x 5% x INR556050 x 10% - INR5],15.0,0.0,0.0,57.8,556050.0,train
AC001445,PH003758,3,0,0.008784313725490198,Poor,2,Call,19.422588235294125,EV(call)=INR19 [P(RPC)=0.88% x 5% x INR556050 x 10% - INR5],8.0,0.0,3.0,0.0,556050.0,train
AC001445,PH003760,4,2,0.008784313725490198,Poor,3,Call,19.422588235294125,EV(call)=INR19 [P(RPC)=0.88% x 5% x INR556050 x 10% - INR5],-1.0,-1.0,-1.0,-1.0,556050.0,train
AC001446,PH003762,0,1,0.9891764705882353,Excellent,1,Call,866.7117647058826,EV(call)=INR867 [P(RPC)=98.92% x 5% x INR176250 x 10% - INR5],7.0,0.0,0.0,52.714285714285715,176250.0,train
AC001446,PH003761,3,0,0.029643721318314557,Poor,2,Call,21.123529411764704,EV(call)=INR21 [P(RPC)=2.96% x 5% x INR176250 x 10% - INR5],8.0,0.0,0.0,0.0,176250.0,train
AC001446,PH003763,4,2,0.029643721318314557,Poor,3,Call,21.123529411764704,EV(call)=INR21 [P(RPC)=2.96% x 5% x INR176250 x 10% - INR5],-1.0,-1.0,-1.0,-1.0,176250.0,train
AC001447,PH003764,3,0,0.9745437518290897,Excellent,1,Call,2426.9739326894937,EV(call)=INR2427 [P(RPC)=97.45% x 5% x INR499100 x 10% - INR5],19.0,0.0,0.0,43.578947368421055,499100.0,validation
AC001448,PH003765,3,0,0.9891764705882353,Excellent,1,Call,217.31741176470592,EV(call)=INR217 [P(RPC)=98.92% x 5% x INR44950 x 10% - INR5],23.0,0.0,0.0,45.47826086956522,44950.0,train
AC001448,PH003766,0,1,0.008784313725490198,Poor,2,Suppress,-3.025725490196078,"EV(call)=INR-3, EV(visit)=INR-151 — negative economic yield",-1.0,-1.0,-1.0,-1.0,44950.0,train
AC001448,PH003767,4,2,0.008784313725490198,Poor,3,Suppress,-3.025725490196078,"EV(call)=INR-3, EV(visit)=INR-151 — negative economic yield",-1.0,-1.0,-1.0,-1.0,44950.0,train
AC001449,PH003768,3,0,0.9745437518290897,Excellent,1,Call,2393.35217325139,EV(call)=INR2393 [P(RPC)=97.45% x 5% x INR492200 x 10% - INR5],21.0,0.0,0.0,55.0,492200.0,test
AC001449,PH003769,4,1,0.029209150326797384,Poor,2,Call,66.88371895424837,EV(call)=INR67 [P(RPC)=2.92% x 5% x INR492200 x 10% - INR5],8.0,2.0,0.0,53.125,492200.0,test
AC001450,PH003770,3,0,0.9891764705882353,Excellent,1,Call,68.44635294117647,EV(call)=INR68 [P(RPC)=98.92% x 5% x INR14850 x 10% - INR5],12.0,0.0,0.0,51.333333333333336,14850.0,train
AC001450,PH003771,1,1,0.008784313725490198,Poor,2,Suppress,-4.347764705882353,"EV(call)=INR-4, EV(visit)=INR-184 — negative economic yield",-1.0,-1.0,-1.0,-1.0,14850.0,train
AC001450,PH003772,4,2,0.008784313725490198,Poor,3,Suppress,-4.347764705882353,"EV(call)=INR-4, EV(visit)=INR-184 — negative economic yield",-1.0,-1.0,-1.0,-1.0,14850.0,train
AC001451,PH000543,2,1,0.9424911297852473,Excellent,1,Call,1624.5671633986926,EV(call)=INR1625 [P(RPC)=94.25% x 5% x INR345800 x 10% - INR5],24.0,0.0,0.0,34.0,345800.0,train
AC001451,PH003773,3,0,0.008784313725490198,Poor,2,Call,10.188078431372553,EV(call)=INR10 [P(RPC)=0.88% x 5% x INR345800 x 10% - INR5],8.0,0.0,0.0,0.0,345800.0,train
AC001451,PH003774,4,2,0.008784313725490198,Poor,3,Call,10.188078431372553,EV(call)=INR10 [P(RPC)=0.88% x 5% x INR345800 x 10% - INR5],-1.0,-1.0,-1.0,-1.0,345800.0,train
AC001452,PH003775,3,0,0.9424911297852473,Excellent,1,Call,522.7950326797385,EV(call)=INR523 [P(RPC)=94.25% x 5% x INR112000 x 10% - INR5],5.0,0.0,0.0,11.0,112000.0,train
AC001452,PH003776,4,1,0.008784313725490198,Poor,2,Suppress,-0.08078431372548867,"EV(call)=INR-0, EV(visit)=INR-79 — negative economic yield",-1.0,-1.0,-1.0,-1.0,112000.0,train
AC001453,PH003777,3,0,0.9424911297852473,Excellent,1,Call,277.0404705882353,EV(call)=INR277 [P(RPC)=94.25% x 5% x INR59850 x 10% - INR5],9.0,0.0,0.0,5.222222222222222,59850.0,train
AC001454,PH003778,3,0,0.9891764705882353,Excellent,1,Call,462.8804705882353,EV(call)=INR463 [P(RPC)=98.92% x 5% x INR94600 x 10% - INR5],30.0,0.0,0.0,62.4,94600.0,validation
AC001454,PH003779,4,1,0.008784313725490198,Poor,2,Suppress,-0.8450196078431356,"EV(call)=INR-1, EV(visit)=INR-98 — negative economic yield",-1.0,-1.0,-1.0,-1.0,94600.0,validation
AC001455,PH003781,0,1,0.9745437518290897,Excellent,1,Call,2967.3584430787237,EV(call)=INR2967 [P(RPC)=97.45% x 5% x INR610000 x 10% - INR5],5.0,0.0,0.0,101.8,610000.0,train
AC001455,PH003780,3,0,0.029643721318314557,Poor,2,Call,85.41335002085941,EV(call)=INR85 [P(RPC)=2.96% x 5% x INR610000 x 10% - INR5],8.0,0.0,1.0,0.0,610000.0,train
AC001455,PH003782,1,2,0.008784313725490198,Poor,3,Call,21.792156862745106,EV(call)=INR22 [P(RPC)=0.88% x 5% x INR610000 x 10% - INR5],-1.0,-1.0,-1.0,-1.0,610000.0,train
AC001455,PH003783,4,3,0.008784313725490198,Poor,4,Call,21.792156862745106,EV(call)=INR22 [P(RPC)=0.88% x 5% x INR610000 x 10% - INR5],-1.0,-1.0,-1.0,-1.0,610000.0,train
AC001456,PH003784,3,0,0.9745437518290897,Excellent,1,Call,649.8934012291484,EV(call)=INR650 [P(RPC)=97.45% x 5% x INR134400 x 10% - INR5],8.0,0.0,0.0,51.75,134400.0,train
AC001456,PH003785,0,1,0.07136253650396328,Poor,2,Call,42.95562453066333,EV(call)=INR43 [P(RPC)=7.14% x 5% x INR134400 x 10% - INR5],-1.0,-1.0,-1.0,-1.0,134400.0,train
AC001456,PH003786,1,2,0.029209150326797384,Poor,3,Call,14.628549019607846,EV(call)=INR15 [P(RPC)=2.92% x 5% x INR134400 x 10% - INR5],-1.0,-1.0,-1.0,-1.0,134400.0,train
AC001456,PH003787,4,3,0.029209150326797384,Poor,4,Call,14.628549019607846,EV(call)=INR15 [P(RPC)=2.92% x 5% x INR134400 x 10% - INR5],-1.0,-1.0,-1.0,-1.0,134400.0,train
AC001457,PH003788,3,0,0.9745437518290897,Excellent,1,Call,3096.7291261340356,EV(call)=INR3097 [P(RPC)=97.45% x 5% x INR636550 x 10% - INR5],9.0,0.0,0.0,89.33333333333333,636550.0,train
AC001458,PH003790,0,1,0.9745437518290897,Excellent,1,Call,1663.1752671934444,EV(call)=INR1663 [P(RPC)=97.45% x 5% x INR342350 x 10% - INR5],15.0,0.0,0.0,43.733333333333334,342350.0,train
AC001458,PH003789,3,0,0.029643721318314557,Poor,2,Call,45.74263996662495,EV(call)=INR46 [P(RPC)=2.96% x 5% x INR342350 x 10% - INR5],8.0,1.0,0.0,0.75,342350.0,train
AC001458,PH003791,1,2,0.008784313725490198,Poor,3,Call,10.036549019607847,EV(call)=INR10 [P(RPC)=0.88% x 5% x INR342350 x 10% - INR5],-1.0,-1.0,-1.0,-1.0,342350.0,train
AC001458,PH000341,2,3,0.008784313725490198,Poor,4,Call,10.036549019607847,EV(call)=INR10 [P(RPC)=0.88% x 5% x INR342350 x 10% - INR5],-1.0,-1.0,-1.0,-1.0,342350.0,train
AC001458,PH003792,4,4,0.008784313725490198,Poor,5,Call,10.036549019607847,EV(call)=INR10 [P(RPC)=0.88% x 5% x INR342350 x 10% - INR5],-1.0,-1.0,-1.0,-1.0,342350.0,train
AC001459,PH003793,3,0,0.9745437518290897,Excellent,1,Call,1858.8149253731344,EV(call)=INR1859 [P(RPC)=97.45% x 5% x INR382500 x 10% - INR5],14.0,0.0,0.0,46.5,382500.0,train
AC001459,PH003794,1,1,0.008784313725490198,Poor,2,Call,11.800000000000004,EV(call)=INR12 [P(RPC)=0.88% x 5% x INR382500 x 10% - INR5],-1.0,-1.0,-1.0,-1.0,382500.0,train
AC001459,PH003795,4,2,0.008784313725490198,Poor,3,Call,11.800000000000004,EV(call)=INR12 [P(RPC)=0.88% x 5% x INR382500 x 10% - INR5],-1.0,-1.0,-1.0,-1.0,382500.0,train
AC001460,PH003797,0,1,0.9745437518290897,Excellent,1,Call,900.8384173251391,EV(call)=INR901 [P(RPC)=97.45% x 5% x INR185900 x 10% - INR5],13.0,0.0,0.0,3.3076923076923075,185900.0,train
AC001460,PH003798,1,2,0.2888963585434174,Fair,2,Call,263.5291652661065,EV(call)=INR264 [P(RPC)=28.89% x 5% x INR185900 x 10% - INR5],1.0,0.0,0.0,32.0,185900.0,train
AC001460,PH003796,3,0,0.029643721318314557,Poor,3,Call,22.553838965373384,EV(call)=INR23 [P(RPC)=2.96% x 5% x INR185900 x 10% - INR5],8.0,0.0,1.0,0.0,185900.0,train
AC001460,PH003799,4,3,0.008784313725490198,Poor,4,Call,3.1650196078431403,EV(call)=INR3 [P(RPC)=0.88% x 5% x INR185900 x 10% - INR5],-1.0,-1.0,-1.0,-1.0,185900.0,train
AC001461,PH003801,1,1,0.9891764705882353,Excellent,1,Call,1192.150823529412,EV(call)=INR1192 [P(RPC)=98.92% x 5% x INR242050 x 10% - INR5],14.0,0.0,0.0,13.928571428571429,242050.0,train
AC001461,PH003800,3,0,0.07136253650396328,Poor,2,Call,81.36650980392157,EV(call)=INR81 [P(RPC)=7.14% x 5% x INR242050 x 10% - INR5],16.0,0.0,0.0,0.0,242050.0,train
AC001462,PH003802,3,0,0.9745437518290897,Excellent,1,Call,8064.222265144863,EV(call)=INR8064 [P(RPC)=97.45% x 5% x INR1656000 x 10% - INR5],17.0,0.0,0.0,50.0,1656000.0,train
AC001463,PH003803,3,0,0.9745437518290897,Excellent,1,Call,270.55224582967514,EV(call)=INR271 [P(RPC)=97.45% x 5% x INR56550 x 10% - INR5],15.0,0.0,0.0,89.06666666666666,56550.0,train
AC001463,PH003804,4,1,0.008784313725490198,Poor,2,Suppress,-2.5162352941176462,"EV(call)=INR-3, EV(visit)=INR-139 — negative economic yield",-1.0,-1.0,-1.0,-1.0,56550.0,train
AC001464,PH005864,5,2,0.9745437518290897,Excellent,1,Call,115.59978928884988,EV(call)=INR116 [P(RPC)=97.45% x 5% x INR24750 x 10% - INR5],15.0,0.0,0.0,15.533333333333333,24750.0,train
AC001464,PH003806,4,1,0.10069607843137254,Poor,2,Call,7.4611397058823545,EV(call)=INR7 [P(RPC)=10.07% x 5% x INR24750 x 10% - INR5],17.0,1.0,0.0,51.11764705882353,24750.0,train
AC001464,PH003805,3,0,0.008784313725490198,Poor,3,Suppress,-3.912941176470588,"EV(call)=INR-4, EV(visit)=INR-173 — negative economic yield",2.0,2.0,0.0,31.5,24750.0,train
AC001465,PH003808,0,1,0.9745437518290897,Excellent,1,Call,1958.2183880597015,EV(call)=INR1958 [P(RPC)=97.45% x 5% x INR402900 x 10% - INR5],20.0,0.0,0.0,68.2,402900.0,train
AC001465,PH003807,3,0,0.8911372549019607,Excellent,2,Call,1790.196,EV(call)=INR1790 [P(RPC)=89.11% x 5% x INR402900 x 10% - INR5],14.0,0.0,0.0,3.7142857142857144,402900.0,train
AC001465,PH000556,2,2,0.008784313725490198,Poor,3,Call,12.696000000000005,EV(call)=INR13 [P(RPC)=0.88% x 5% x INR402900 x 10% - INR5],-1.0,-1.0,-1.0,-1.0,402900.0,train
AC001465,PH003809,4,3,0.008784313725490198,Poor,4,Call,12.696000000000005,EV(call)=INR13 [P(RPC)=0.88% x 5% x INR402900 x 10% - INR5],-1.0,-1.0,-1.0,-1.0,402900.0,train
AC001466,PH003810,3,0,0.8911372549019607,Excellent,1,Call,5032.153333333334,EV(call)=INR5032 [P(RPC)=89.11% x 5% x INR1130500 x 10% - INR5],7.0,0.0,0.0,23.0,1130500.0,train
AC001466,PH003811,4,1,0.029209150326797384,Poor,2,Call,160.10472222222222,EV(call)=INR160 [P(RPC)=2.92% x 5% x INR1130500 x 10% - INR5],-1.0,-1.0,-1.0,-1.0,1130500.0,train
AC001467,PH003812,3,0,0.9891764705882353,Excellent,1,Call,72.89764705882355,EV(call)=INR73 [P(RPC)=98.92% x 5% x INR15750 x 10% - INR5],28.0,0.0,0.0,66.17857142857143,15750.0,test
AC001468,PH003813,3,0,0.10069607843137254,Poor,1,Call,27.524833333333333,EV(call)=INR28 [P(RPC)=10.07% x 5% x INR64600 x 10% - INR5],3.0,1.0,0.0,12.333333333333334,64600.0,train
AC001468,PH003814,4,1,0.008784313725490198,Poor,2,Suppress,-2.162666666666666,"EV(call)=INR-2, EV(visit)=INR-130 — negative economic yield",-1.0,-1.0,-1.0,-1.0,64600.0,train
AC001469,PH003815,3,0,0.9424911297852473,Excellent,1,Call,419.12100840336126,EV(call)=INR419 [P(RPC)=94.25% x 5% x INR90000 x 10% - INR5],6.0,0.0,0.0,5.333333333333333,90000.0,train
AC001469,PH003816,0,1,0.029643721318314557,Poor,2,Call,8.339674593241552,EV(call)=INR8 [P(RPC)=2.96% x 5% x INR90000 x 10% - INR5],-1.0,-1.0,-1.0,-1.0,90000.0,train
AC001469,PH003817,1,2,0.029643721318314557,Poor,3,Call,8.339674593241552,EV(call)=INR8 [P(RPC)=2.96% x 5% x INR90000 x 10% - INR5],-1.0,-1.0,-1.0,-1.0,90000.0,train
AC001470,PH003819,1,1,0.9745437518290897,Excellent,1,Call,2051.2873163593795,EV(call)=INR2051 [P(RPC)=97.45% x 5% x INR422000 x 10% - INR5],3.0,0.0,0.0,205.0,422000.0,train
AC001470,PH003818,3,0,0.008784313725490198,Poor,2,Call,13.534901960784318,EV(call)=INR14 [P(RPC)=0.88% x 5% x INR422000 x 10% - INR5],2.0,0.0,0.0,0.0,422000.0,train
AC001470,PH003820,4,2,0.008784313725490198,Poor,3,Call,13.534901960784318,EV(call)=INR14 [P(RPC)=0.88% x 5% x INR422000 x 10% - INR5],-1.0,-1.0,-1.0,-1.0,422000.0,train
AC001471,PH003821,3,0,0.9424911297852473,Excellent,1,Call,413.4660616246498,EV(call)=INR413 [P(RPC)=94.25% x 5% x INR88800 x 10% - INR5],1.0,0.0,0.0,34.0,88800.0,train
AC001471,PH003822,0,1,0.008784313725490198,Poor,2,Suppress,-1.099764705882352,"EV(call)=INR-1, EV(visit)=INR-104 — negative economic yield",-1.0,-1.0,-1.0,-1.0,88800.0,train
AC001471,PH000392,2,2,0.008784313725490198,Poor,3,Suppress,-1.099764705882352,"EV(call)=INR-1, EV(visit)=INR-104 — negative economic yield",-1.0,-1.0,-1.0,-1.0,88800.0,train
AC001472,PH003823,3,0,0.8257777777777777,Excellent,1,Call,166.96822222222224,EV(call)=INR167 [P(RPC)=82.58% x 5% x INR41650 x 10% - INR5],5.0,0.0,0.0,5.8,41650.0,train
AC001472,PH003824,1,1,0.029643721318314557,Poor,2,Call,1.1733049645390068,EV(call)=INR1 [P(RPC)=2.96% x 5% x INR41650 x 10% - INR5],-1.0,-1.0,-1.0,-1.0,41650.0,train
AC001472,PH003825,4,2,0.008784313725490198,Poor,3,Suppress,-3.1706666666666665,"EV(call)=INR-3, EV(visit)=INR-155 — negative economic yield",-1.0,-1.0,-1.0,-1.0,41650.0,train
AC001473,PH005942,5,2,0.9745437518290897,Excellent,1,Call,594.3444073748902,EV(call)=INR594 [P(RPC)=97.45% x 5% x INR123000 x 10% - INR5],3.0,0.0,0.0,208.66666666666666,123000.0,train
AC001473,PH003827,4,1,0.8911372549019607,Excellent,2,Call,543.049411764706,EV(call)=INR543 [P(RPC)=89.11% x 5% x INR123000 x 10% - INR5],15.0,0.0,0.0,31.0,123000.0,train
AC001473,PH003826,3,0,0.008784313725490198,Poor,3,Call,0.40235294117647236,EV(call)=INR0 [P(RPC)=0.88% x 5% x INR123000 x 10% - INR5],15.0,0.0,13.0,0.0,123000.0,train
AC001474,PH003828,3,0,0.9745437518290897,Excellent,1,Call,2020.3455522388058,EV(call)=INR2020 [P(RPC)=97.45% x 5% x INR415650 x 10% - INR5],18.0,0.0,0.0,48.611111111111114,415650.0,train
AC001474,PH003829,4,1,0.07136253650396328,Poor,2,Call,143.3091914893617,EV(call)=INR143 [P(RPC)=7.14% x 5% x INR415650 x 10% - INR5],5.0,0.0,0.0,4.2,415650.0,train
AC001475,PH003830,3,0,0.9891764705882353,Excellent,1,Call,2127.6644705882354,EV(call)=INR2128 [P(RPC)=98.92% x 5% x INR431200 x 10% - INR5],26.0,0.0,0.0,32.11538461538461,431200.0,test
AC001475,PH003831,1,1,0.029209150326797384,Poor,2,Call,57.97492810457517,EV(call)=INR58 [P(RPC)=2.92% x 5% x INR431200 x 10% - INR5],-1.0,-1.0,-1.0,-1.0,431200.0,test
AC001476,PH003832,3,0,0.029643721318314557,Poor,1,Call,51.56022027534417,EV(call)=INR52 [P(RPC)=2.96% x 5% x INR381600 x 10% - INR5],6.0,0.0,0.0,0.0,381600.0,train
AC001476,PH003833,0,1,0.029643721318314557,Poor,2,Call,51.56022027534417,EV(call)=INR52 [P(RPC)=2.96% x 5% x INR381600 x 10% - INR5],-1.0,-1.0,-1.0,-1.0,381600.0,train
AC001477,PH003834,3,0,0.008784313725490198,Poor,1,Call,9.07466666666667,EV(call)=INR9 [P(RPC)=0.88% x 5% x INR320450 x 10% - INR5],2.0,0.0,0.0,0.0,320450.0,test
AC001478,PH003835,3,0,0.9424911297852473,Excellent,1,Call,1249.6913165266105,EV(call)=INR1250 [P(RPC)=94.25% x 5% x INR266250 x 10% - INR5],5.0,0.0,0.0,11.4,266250.0,test
AC001479,PH003837,0,1,0.07136253650396328,Poor,1,Call,61.68829036295368,EV(call)=INR62 [P(RPC)=7.14% x 5% x INR186900 x 10% - INR5],-1.0,-1.0,-1.0,-1.0,186900.0,test
AC001479,PH003836,3,0,0.029643721318314557,Poor,2,Call,22.702057571964954,EV(call)=INR23 [P(RPC)=2.96% x 5% x INR186900 x 10% - INR5],1.0,0.0,0.0,0.0,186900.0,test
AC001479,PH000381,2,2,0.008784313725490198,Poor,3,Call,3.2089411764705904,EV(call)=INR3 [P(RPC)=0.88% x 5% x INR186900 x 10% - INR5],-1.0,-1.0,-1.0,-1.0,186900.0,test
AC001479,PH003838,4,3,0.008784313725490198,Poor,4,Call,3.2089411764705904,EV(call)=INR3 [P(RPC)=0.88% x 5% x INR186900 x 10% - INR5],-1.0,-1.0,-1.0,-1.0,186900.0,test
AC001480,PH003840,0,1,0.9891764705882353,Excellent,1,Call,164.14917647058826,EV(call)=INR164 [P(RPC)=98.92% x 5% x INR34200 x 10% - INR5],25.0,0.0,0.0,41.6,34200.0,test
AC001480,PH003839,3,0,0.8911372549019607,Excellent,2,Call,147.3844705882353,EV(call)=INR147 [P(RPC)=89.11% x 5% x INR34200 x 10% - INR5],16.0,0.0,0.0,3.125,34200.0,test
AC001481,PH003841,3,0,0.8257777777777777,Excellent,1,Call,1017.5193333333333,EV(call)=INR1018 [P(RPC)=82.58% x 5% x INR247650 x 10% - INR5],5.0,0.0,0.0,11.8,247650.0,test
AC001481,PH003842,0,1,0.008784313725490198,Poor,2,Call,5.877176470588239,EV(call)=INR6 [P(RPC)=0.88% x 5% x INR247650 x 10% - INR5],-1.0,-1.0,-1.0,-1.0,247650.0,test
AC001482,PH003843,3,0,0.9424911297852473,Excellent,1,Call,349.376664799253,EV(call)=INR349 [P(RPC)=94.25% x 5% x INR75200 x 10% - INR5],1.0,0.0,0.0,61.0,75200.0,train
AC001482,PH003844,0,1,0.10069607843137254,Poor,2,Call,32.86172549019608,EV(call)=INR33 [P(RPC)=10.07% x 5% x INR75200 x 10% - INR5],-1.0,-1.0,-1.0,-1.0,75200.0,train
AC001482,PH003845,1,2,0.029643721318314557,Poor,3,Call,6.146039215686274,EV(call)=INR6 [P(RPC)=2.96% x 5% x INR75200 x 10% - INR5],-1.0,-1.0,-1.0,-1.0,75200.0,train
AC001482,PH003846,4,3,0.029643721318314557,Poor,4,Call,6.146039215686274,EV(call)=INR6 [P(RPC)=2.96% x 5% x INR75200 x 10% - INR5],-1.0,-1.0,-1.0,-1.0,75200.0,train
AC001483,PH003847,3,0,0.9891764705882353,Excellent,1,Call,461.149411764706,EV(call)=INR461 [P(RPC)=98.92% x 5% x INR94250 x 10% - INR5],24.0,0.0,0.0,47.0,94250.0,train
AC001483,PH003848,1,1,0.029643721318314557,Poor,2,Call,8.969603671255735,EV(call)=INR9 [P(RPC)=2.96% x 5% x INR94250 x 10% - INR5],-1.0,-1.0,-1.0,-1.0,94250.0,train
AC001483,PH000472,2,2,0.029643721318314557,Poor,3,Call,8.969603671255735,EV(call)=INR9 [P(RPC)=2.96% x 5% x INR94250 x 10% - INR5],-1.0,-1.0,-1.0,-1.0,94250.0,train
AC001484,PH003849,3,0,0.9891764705882353,Excellent,1,Call,4545.211764705883,EV(call)=INR4545 [P(RPC)=98.92% x 5% x INR920000 x 10% - INR5],24.0,0.0,0.0,59.583333333333336,920000.0,train
AC001484,PH003850,0,1,0.2888963585434174,Fair,2,Call,1323.92324929972,EV(call)=INR1324 [P(RPC)=28.89% x 5% x INR920000 x 10% - INR5],-1.0,-1.0,-1.0,-1.0,920000.0,train
AC001484,PH003851,1,2,0.10069607843137254,Poor,3,Suppress,458.20196078431377,Compliance: Verified invalid/wrong phone number,-1.0,-1.0,-1.0,-1.0,920000.0,train
AC001484,PH003852,4,3,0.07136253650396328,Poor,4,Call,323.26766791823115,EV(call)=INR323 [P(RPC)=7.14% x 5% x INR920000 x 10% - INR5],-1.0,-1.0,-1.0,-1.0,920000.0,train
AC001485,PH003853,3,0,0.9891764705882353,Excellent,1,Call,348.1360000000001,EV(call)=INR348 [P(RPC)=98.92% x 5% x INR71400 x 10% - INR5],37.0,0.0,0.0,22.864864864864863,71400.0,validation
AC001485,PH000437,2,2,0.07136253650396328,Poor,2,Call,20.476425531914895,EV(call)=INR20 [P(RPC)=7.14% x 5% x INR71400 x 10% - INR5],7.0,0.0,0.0,66.14285714285714,71400.0,validation
AC001485,PH003854,0,1,0.008784313725490198,Poor,3,Suppress,-1.863999999999999,"EV(call)=INR-2, EV(visit)=INR-123 — negative economic yield",2.0,0.0,2.0,0.0,71400.0,validation
AC001485,PH003855,4,3,0.008784313725490198,Poor,4,Suppress,-1.863999999999999,"EV(call)=INR-2, EV(visit)=INR-123 — negative economic yield",-1.0,-1.0,-1.0,-1.0,71400.0,validation
AC001486,PH003856,3,0,0.8491204481792716,Excellent,1,Call,309.5991260504202,EV(call)=INR310 [P(RPC)=84.91% x 5% x INR74100 x 10% - INR5],16.0,0.0,1.0,3.25,74100.0,train
AC001486,PH003857,1,1,0.07136253650396328,Poor,2,Call,21.4398197747184,EV(call)=INR21 [P(RPC)=7.14% x 5% x INR74100 x 10% - INR5],5.0,2.0,0.0,8.6,74100.0,train
AC001487,PH003858,3,0,0.9745437518290897,Excellent,1,Call,1851.9931191103306,EV(call)=INR1852 [P(RPC)=97.45% x 5% x INR381100 x 10% - INR5],3.0,0.0,0.0,142.66666666666666,381100.0,train
AC001487,PH003859,4,1,0.008784313725490198,Poor,2,Call,11.738509803921573,EV(call)=INR12 [P(RPC)=0.88% x 5% x INR381100 x 10% - INR5],-1.0,-1.0,-1.0,-1.0,381100.0,train
AC001488,PH005836,5,2,0.9745437518290897,Excellent,1,Call,238.63593795727243,EV(call)=INR239 [P(RPC)=97.45% x 5% x INR50000 x 10% - INR5],7.0,0.0,0.0,71.14285714285714,50000.0,train
AC001488,PH003861,4,1,0.10069607843137254,Poor,2,Call,20.17401960784314,EV(call)=INR20 [P(RPC)=10.07% x 5% x INR50000 x 10% - INR5],10.0,0.0,0.0,57.0,50000.0,train
AC001488,PH003860,3,0,0.07136253650396328,Poor,3,Call,12.840634125990821,EV(call)=INR13 [P(RPC)=7.14% x 5% x INR50000 x 10% - INR5],5.0,2.0,0.0,12.8,50000.0,train
AC001489,PH003862,3,0,0.9745437518290897,Excellent,1,Call,8669.413935030729,EV(call)=INR8669 [P(RPC)=97.45% x 5% x INR1780200 x 10% - INR5],19.0,0.0,0.0,100.42105263157895,1780200.0,train
AC001489,PH003863,4,1,0.008784313725490198,Poor,2,Call,73.18917647058827,EV(call)=INR73 [P(RPC)=0.88% x 5% x INR1780200 x 10% - INR5],-1.0,-1.0,-1.0,-1.0,1780200.0,train
AC001490,PH000015,3,0,0.029643721318314557,Poor,1,Call,7.450362953692114,EV(call)=INR7 [P(RPC)=2.96% x 5% x INR84000 x 10% - INR5],8.0,0.0,0.0,31.875,84000.0,train
AC001490,PH003864,1,1,0.008784313725490198,Poor,2,Suppress,-1.3105882352941172,"EV(call)=INR-1, EV(visit)=INR-109 — negative economic yield",3.0,0.0,3.0,0.0,84000.0,train
AC001490,PH000580,2,2,0.008784313725490198,Poor,3,Suppress,-1.3105882352941172,"EV(call)=INR-1, EV(visit)=INR-109 — negative economic yield",-1.0,-1.0,-1.0,-1.0,84000.0,train
AC001491,PH003866,0,1,0.9745437518290897,Excellent,1,Call,663.7806496927128,EV(call)=INR664 [P(RPC)=97.45% x 5% x INR137250 x 10% - INR5],15.0,0.0,0.0,90.26666666666667,137250.0,train
AC001491,PH003865,3,0,0.008784313725490198,Poor,2,Call,1.028235294117649,EV(call)=INR1 [P(RPC)=0.88% x 5% x INR137250 x 10% - INR5],8.0,0.0,7.0,0.0,137250.0,train
AC001492,PH003867,3,0,0.9891764705882353,Excellent,1,Call,854.5943529411767,EV(call)=INR855 [P(RPC)=98.92% x 5% x INR173800 x 10% - INR5],33.0,0.0,0.0,57.09090909090909,173800.0,train
AC001493,PH003869,1,1,0.9745437518290897,Excellent,1,Call,396.99929762949955,EV(call)=INR397 [P(RPC)=97.45% x 5% x INR82500 x 10% - INR5],12.0,0.0,0.0,82.58333333333333,82500.0,train
AC001493,PH003868,3,0,0.07136253650396328,Poor,2,Call,24.437046307884856,EV(call)=INR24 [P(RPC)=7.14% x 5% x INR82500 x 10% - INR5],7.0,2.0,0.0,9.857142857142858,82500.0,train
AC001494,PH003870,3,0,0.07136253650396328,Poor,1,Call,143.05942261159782,EV(call)=INR143 [P(RPC)=7.14% x 5% x INR414950 x 10% - INR5],1.0,0.0,0.0,0.0,414950.0,validation
AC001494,PH003871,0,1,0.029643721318314557,Poor,2,Call,56.50331080517313,EV(call)=INR57 [P(RPC)=2.96% x 5% x INR414950 x 10% - INR5],-1.0,-1.0,-1.0,-1.0,414950.0,validation
AC001494,PH000428,2,2,0.008784313725490198,Poor,3,Call,13.225254901960788,EV(call)=INR13 [P(RPC)=0.88% x 5% x INR414950 x 10% - INR5],-1.0,-1.0,-1.0,-1.0,414950.0,validation
AC001494,PH003872,4,3,0.008784313725490198,Poor,4,Call,13.225254901960788,EV(call)=INR13 [P(RPC)=0.88% x 5% x INR414950 x 10% - INR5],-1.0,-1.0,-1.0,-1.0,414950.0,validation
AC001495,PH003873,3,0,0.8911372549019607,Excellent,1,Call,140.03258823529413,EV(call)=INR140 [P(RPC)=89.11% x 5% x INR32550 x 10% - INR5],5.0,0.0,0.0,6.6,32550.0,validation
AC001496,PH003874,3,0,0.9745437518290897,Excellent,1,Call,1119.8671255487268,EV(call)=INR1120 [P(RPC)=97.45% x 5% x INR230850 x 10% - INR5],10.0,0.0,0.0,97.2,230850.0,validation
AC001496,PH003875,0,1,0.10069607843137254,Poor,2,Call,111.22844852941178,EV(call)=INR111 [P(RPC)=10.07% x 5% x INR230850 x 10% - INR5],-1.0,-1.0,-1.0,-1.0,230850.0,validation
AC001496,PH003876,1,2,0.10069607843137254,Poor,3,Call,111.22844852941178,EV(call)=INR111 [P(RPC)=10.07% x 5% x INR230850 x 10% - INR5],-1.0,-1.0,-1.0,-1.0,230850.0,validation
AC001496,PH003877,4,3,0.07136253650396328,Poor,4,Call,77.37020775969962,EV(call)=INR77 [P(RPC)=7.14% x 5% x INR230850 x 10% - INR5],-1.0,-1.0,-1.0,-1.0,230850.0,validation
AC001497,PH003878,3,0,0.9424911297852473,Excellent,1,Call,3105.2207282913164,EV(call)=INR3105 [P(RPC)=94.25% x 5% x INR660000 x 10% - INR5],3.0,0.0,0.0,16.666666666666668,660000.0,train
AC001497,PH003879,1,1,0.029643721318314557,Poor,2,Call,92.82428035043804,EV(call)=INR93 [P(RPC)=2.96% x 5% x INR660000 x 10% - INR5],-1.0,-1.0,-1.0,-1.0,660000.0,train
AC001497,PH003880,4,2,0.029209150326797384,Poor,3,Call,91.39019607843139,EV(call)=INR91 [P(RPC)=2.92% x 5% x INR660000 x 10% - INR5],-1.0,-1.0,-1.0,-1.0,660000.0,train
AC001498,PH003881,3,0,0.9745437518290897,Excellent,1,Call,540.7445010242903,EV(call)=INR541 [P(RPC)=97.45% x 5% x INR112000 x 10% - INR5],20.0,0.0,0.0,55.45,112000.0,train
AC001498,PH003882,0,1,0.9745437518290897,Excellent,2,Call,540.7445010242903,EV(call)=INR541 [P(RPC)=97.45% x 5% x INR112000 x 10% - INR5],10.0,0.0,0.0,49.0,112000.0,train
AC001498,PH003883,4,2,0.029643721318314557,Poor,3,Call,11.600483938256154,EV(call)=INR12 [P(RPC)=2.96% x 5% x INR112000 x 10% - INR5],-1.0,-1.0,-1.0,-1.0,112000.0,train
AC001499,PH003884,3,0,0.9424911297852473,Excellent,1,Call,786.6925490196078,EV(call)=INR787 [P(RPC)=94.25% x 5% x INR168000 x 10% - INR5],5.0,0.0,0.0,6.6,168000.0,validation
AC001500,PH003885,3,0,0.43770588235294117,Good,1,Call,205.64595588235295,EV(call)=INR206 [P(RPC)=43.77% x 5% x INR96250 x 10% - INR5],19.0,0.0,0.0,41.526315789473685,96250.0,test
AC001500,PH003886,4,1,0.029643721318314557,Poor,2,Call,9.26604088443888,EV(call)=INR9 [P(RPC)=2.96% x 5% x INR96250 x 10% - INR5],8.0,0.0,0.0,56.625,96250.0,test
AC001501,PH003887,3,0,0.9424911297852473,Excellent,1,Call,206.82488141923432,EV(call)=INR207 [P(RPC)=94.25% x 5% x INR44950 x 10% - INR5],19.0,1.0,0.0,28.526315789473685,44950.0,train
AC001501,PH003888,0,1,0.9424911297852473,Excellent,2,Call,206.82488141923432,EV(call)=INR207 [P(RPC)=94.25% x 5% x INR44950 x 10% - INR5],3.0,0.0,0.0,16.0,44950.0,train
AC001501,PH003889,4,2,0.029643721318314557,Poor,3,Call,1.6624263662911973,EV(call)=INR2 [P(RPC)=2.96% x 5% x INR44950 x 10% - INR5],-1.0,-1.0,-1.0,-1.0,44950.0,train
AC001502,PH003890,3,0,0.9891764705882353,Excellent,1,Call,132.99011764705884,EV(call)=INR133 [P(RPC)=98.92% x 5% x INR27900 x 10% - INR5],27.0,0.0,0.0,43.888888888888886,27900.0,train
AC001503,PH003891,3,0,0.9745437518290897,Excellent,1,Call,793.1513327480245,EV(call)=INR793 [P(RPC)=97.45% x 5% x INR163800 x 10% - INR5],11.0,0.0,0.0,42.72727272727273,163800.0,test
AC001503,PH003892,0,1,0.008784313725490198,Poor,2,Call,2.194352941176472,EV(call)=INR2 [P(RPC)=0.88% x 5% x INR163800 x 10% - INR5],-1.0,-1.0,-1.0,-1.0,163800.0,test
AC001504,PH003893,3,0,0.9745437518290897,Excellent,1,Call,6389.956099502488,EV(call)=INR6390 [P(RPC)=97.45% x 5% x INR1312400 x 10% - INR5],15.0,0.0,0.0,44.733333333333334,1312400.0,train
AC001504,PH003895,4,2,0.07136253650396328,Poor,2,Call,463.2809645390071,EV(call)=INR463 [P(RPC)=7.14% x 5% x INR1312400 x 10% - INR5],2.0,0.0,0.0,38.0,1312400.0,train
AC001504,PH003894,0,1,0.029643721318314557,Poor,3,Call,189.52209929078015,EV(call)=INR190 [P(RPC)=2.96% x 5% x INR1312400 x 10% - INR5],8.0,0.0,0.0,0.0,1312400.0,train
AC001505,PH003897,4,1,0.7440784313725489,Excellent,1,Call,648.8589215686275,EV(call)=INR649 [P(RPC)=74.41% x 5% x INR175750 x 10% - INR5],13.0,0.0,0.0,31.692307692307693,175750.0,train
AC001505,PH003896,3,0,0.029643721318314557,Poor,2,Call,21.04942010846892,EV(call)=INR21 [P(RPC)=2.96% x 5% x INR175750 x 10% - INR5],21.0,2.0,11.0,4.095238095238095,175750.0,train
AC001506,PH003898,3,0,0.029209150326797384,Poor,1,Call,1.754616013071896,EV(call)=INR2 [P(RPC)=2.92% x 5% x INR46250 x 10% - INR5],8.0,0.0,0.0,0.0,46250.0,train
AC001506,PH003900,1,2,0.029209150326797384,Poor,2,Call,1.754616013071896,EV(call)=INR2 [P(RPC)=2.92% x 5% x INR46250 x 10% - INR5],-1.0,-1.0,-1.0,-1.0,46250.0,train
AC001506,PH003899,0,1,0.008784313725490198,Poor,3,Suppress,-2.968627450980392,"EV(call)=INR-3, EV(visit)=INR-150 — negative economic yield",7.0,0.0,6.0,0.0,46250.0,train
AC001506,PH003901,4,3,0.008784313725490198,Poor,4,Suppress,-2.968627450980392,"EV(call)=INR-3, EV(visit)=INR-150 — negative economic yield",-1.0,-1.0,-1.0,-1.0,46250.0,train
AC001507,PH003902,3,0,0.9745437518290897,Excellent,1,Call,1593.739024875622,EV(call)=INR1594 [P(RPC)=97.45% x 5% x INR328100 x 10% - INR5],19.0,0.0,0.0,31.789473684210527,328100.0,train
AC001507,PH003903,0,1,0.7440784313725489,Excellent,2,Call,1215.6606666666664,EV(call)=INR1216 [P(RPC)=74.41% x 5% x INR328100 x 10% - INR5],8.0,0.0,0.0,3.25,328100.0,train
AC001507,PH003904,1,2,0.029209150326797384,Poor,3,Call,42.917611111111114,EV(call)=INR43 [P(RPC)=2.92% x 5% x INR328100 x 10% - INR5],-1.0,-1.0,-1.0,-1.0,328100.0,train
AC001508,PH003905,3,0,0.8257777777777777,Excellent,1,Call,1130.238,EV(call)=INR1130 [P(RPC)=82.58% x 5% x INR274950 x 10% - INR5],8.0,0.0,0.0,17.125,274950.0,train
AC001508,PH003906,0,1,0.07136253650396328,Poor,2,Call,93.10564705882354,EV(call)=INR93 [P(RPC)=7.14% x 5% x INR274950 x 10% - INR5],-1.0,-1.0,-1.0,-1.0,274950.0,train
AC001508,PH003907,4,2,0.008784313725490198,Poor,3,Call,7.07623529411765,EV(call)=INR7 [P(RPC)=0.88% x 5% x INR274950 x 10% - INR5],-1.0,-1.0,-1.0,-1.0,274950.0,train
AC001509,PH003909,0,1,0.9424911297852473,Excellent,1,Call,260.0756302521008,EV(call)=INR260 [P(RPC)=94.25% x 5% x INR56250 x 10% - INR5],9.0,1.0,0.0,15.666666666666666,56250.0,train
AC001509,PH003910,4,2,0.9424911297852473,Excellent,2,Call,260.0756302521008,EV(call)=INR260 [P(RPC)=94.25% x 5% x INR56250 x 10% - INR5],12.0,1.0,0.0,14.833333333333334,56250.0,train
AC001509,PH003908,3,0,0.008784313725490198,Poor,3,Suppress,-2.529411764705882,"EV(call)=INR-3, EV(visit)=INR-139 — negative economic yield",8.0,0.0,7.0,0.0,56250.0,train
AC001510,PH003911,3,0,0.9745437518290897,Excellent,1,Call,2728.5952238805967,EV(call)=INR2729 [P(RPC)=97.45% x 5% x INR561000 x 10% - INR5],1.0,0.0,0.0,43.0,561000.0,train
AC001510,PH003912,0,1,0.029209150326797384,Poor,2,Call,76.93166666666667,EV(call)=INR77 [P(RPC)=2.92% x 5% x INR561000 x 10% - INR5],-1.0,-1.0,-1.0,-1.0,561000.0,train
AC001510,PH003913,4,2,0.008784313725490198,Poor,3,Call,19.640000000000008,EV(call)=INR20 [P(RPC)=0.88% x 5% x INR561000 x 10% - INR5],-1.0,-1.0,-1.0,-1.0,561000.0,train
AC001511,PH000108,3,0,0.8491204481792716,Excellent,1,Call,381.3498039215686,EV(call)=INR381 [P(RPC)=84.91% x 5% x INR91000 x 10% - INR5],16.0,1.0,0.0,39.4375,91000.0,train
AC001511,PH003914,0,1,0.008784313725490198,Poor,2,Suppress,-1.0031372549019597,"EV(call)=INR-1, EV(visit)=INR-102 — negative economic yield",2.0,0.0,0.0,0.0,91000.0,train
AC001512,PH003915,3,0,0.9745437518290897,Excellent,1,Call,1519.1864278606963,EV(call)=INR1519 [P(RPC)=97.45% x 5% x INR312800 x 10% - INR5],3.0,0.0,0.0,86.66666666666667,312800.0,train
AC001512,PH003916,0,1,0.04032204368630786,Poor,2,Call,58.0636763253855,EV(call)=INR58 [P(RPC)=4.03% x 5% x INR312800 x 10% - INR5],-1.0,-1.0,-1.0,-1.0,312800.0,train
AC001512,PH003917,4,2,0.008784313725490198,Poor,3,Call,8.738666666666669,EV(call)=INR9 [P(RPC)=0.88% x 5% x INR312800 x 10% - INR5],-1.0,-1.0,-1.0,-1.0,312800.0,train
AC001513,PH003918,3,0,0.9891764705882353,Excellent,1,Call,505.66235294117655,EV(call)=INR506 [P(RPC)=98.92% x 5% x INR103250 x 10% - INR5],25.0,0.0,0.0,41.36,103250.0,test
AC001514,PH003919,3,0,0.9891764705882353,Excellent,1,Call,239.82117647058828,EV(call)=INR240 [P(RPC)=98.92% x 5% x INR49500 x 10% - INR5],42.0,0.0,12.0,24.047619047619047,49500.0,train
AC001515,PH003921,4,1,0.9745437518290897,Excellent,1,Call,5975.775004975124,EV(call)=INR5976 [P(RPC)=97.45% x 5% x INR1227400 x 10% - INR5],19.0,0.0,0.0,37.0,1227400.0,train
AC001515,PH003920,3,0,0.029643721318314557,Poor,2,Call,176.92351773049643,EV(call)=INR177 [P(RPC)=2.96% x 5% x INR1227400 x 10% - INR5],3.0,2.0,0.0,13.666666666666666,1227400.0,train
AC001516,PH003922,3,0,0.8911372549019607,Excellent,1,Call,2055.7549019607845,EV(call)=INR2056 [P(RPC)=89.11% x 5% x INR462500 x 10% - INR5],12.0,0.0,0.0,3.0833333333333335,462500.0,validation
AC001516,PH003923,1,1,0.029643721318314557,Poor,2,Call,63.55110554860242,EV(call)=INR64 [P(RPC)=2.96% x 5% x INR462500 x 10% - INR5],4.0,2.0,0.0,18.5,462500.0,validation
AC001516,PH000485,2,2,0.029643721318314557,Poor,3,Call,63.55110554860242,EV(call)=INR64 [P(RPC)=2.96% x 5% x INR462500 x 10% - INR5],8.0,0.0,0.0,65.75,462500.0,validation
AC001517,PH003924,3,0,0.8911372549019607,Excellent,1,Call,162.08823529411768,EV(call)=INR162 [P(RPC)=89.11% x 5% x INR37500 x 10% - INR5],11.0,0.0,0.0,7.090909090909091,37500.0,train
AC001518,PH003925,3,0,0.9745437518290897,Excellent,1,Call,7157.896575943811,EV(call)=INR7158 [P(RPC)=97.45% x 5% x INR1470000 x 10% - INR5],8.0,0.0,0.0,91.625,1470000.0,validation
AC001518,PH003926,0,1,0.008784313725490198,Poor,2,Call,59.56470588235295,EV(call)=INR60 [P(RPC)=0.88% x 5% x INR1470000 x 10% - INR5],-1.0,-1.0,-1.0,-1.0,1470000.0,validation
AC001518,PH003927,4,2,0.008784313725490198,Poor,3,Call,59.56470588235295,EV(call)=INR60 [P(RPC)=0.88% x 5% x INR1470000 x 10% - INR5],-1.0,-1.0,-1.0,-1.0,1470000.0,validation
AC001519,PH003928,3,0,0.9891764705882353,Excellent,1,Call,9218.081411764708,EV(call)=INR9218 [P(RPC)=98.92% x 5% x INR1864800 x 10% - INR5],25.0,0.0,0.0,14.04,1864800.0,train
AC001519,PH003929,0,1,0.9745437518290897,Excellent,2,Call,9081.645942054432,EV(call)=INR9082 [P(RPC)=97.45% x 5% x INR1864800 x 10% - INR5],22.0,0.0,0.0,30.636363636363637,1864800.0,train
AC001520,PH003930,3,0,0.8911372549019607,Excellent,1,Call,159.86039215686276,EV(call)=INR160 [P(RPC)=89.11% x 5% x INR37000 x 10% - INR5],4.0,0.0,0.0,77.75,37000.0,train
AC001521,PH003931,3,0,0.9891764705882353,Excellent,1,Call,448.2901176470589,EV(call)=INR448 [P(RPC)=98.92% x 5% x INR91650 x 10% - INR5],27.0,0.0,0.0,45.592592592592595,91650.0,validation
AC001521,PH003932,4,1,0.7440784313725489,Excellent,2,Call,335.9739411764706,EV(call)=INR336 [P(RPC)=74.41% x 5% x INR91650 x 10% - INR5],9.0,1.0,0.0,39.0,91650.0,validation
AC001522,PH003933,3,0,0.9891764705882353,Excellent,1,Call,365.9411764705883,EV(call)=INR366 [P(RPC)=98.92% x 5% x INR75000 x 10% - INR5],22.0,0.0,0.0,22.5,75000.0,train
AC001522,PH003934,0,1,0.9891764705882353,Excellent,2,Call,365.9411764705883,EV(call)=INR366 [P(RPC)=98.92% x 5% x INR75000 x 10% - INR5],12.0,0.0,0.0,73.0,75000.0,train
AC001522,PH003935,4,2,0.008784313725490198,Poor,3,Suppress,-1.7058823529411757,"EV(call)=INR-2, EV(visit)=INR-119 — negative economic yield",-1.0,-1.0,-1.0,-1.0,75000.0,train
AC001523,PH003936,3,0,0.029643721318314557,Poor,1,Suppress,-3.369595327492699,"EV(call)=INR-3, EV(visit)=INR-188 — negative economic yield",5.0,2.0,0.0,9.4,11000.0,train
AC001524,PH003938,1,1,0.2888963585434174,Fair,1,Call,79.93552941176472,EV(call)=INR80 [P(RPC)=28.89% x 5% x INR58800 x 10% - INR5],5.0,0.0,0.0,25.8,58800.0,validation
AC001524,PH003937,3,0,0.008784313725490198,Poor,2,Suppress,-2.4174117647058817,"EV(call)=INR-2, EV(visit)=INR-136 — negative economic yield",8.0,0.0,0.0,0.0,58800.0,validation
AC001524,PH003939,4,2,0.008784313725490198,Poor,3,Suppress,-2.4174117647058817,"EV(call)=INR-2, EV(visit)=INR-136 — negative economic yield",-1.0,-1.0,-1.0,-1.0,58800.0,validation
AC001525,PH003941,0,1,0.9891764705882353,Excellent,1,Call,2271.836941176471,EV(call)=INR2272 [P(RPC)=98.92% x 5% x INR460350 x 10% - INR5],25.0,0.0,0.0,19.32,460350.0,validation
AC001525,PH003940,3,0,0.8257777777777777,Excellent,2,Call,1895.7340000000002,EV(call)=INR1896 [P(RPC)=82.58% x 5% x INR460350 x 10% - INR5],8.0,0.0,0.0,5.75,460350.0,validation
AC001525,PH000571,2,2,0.7440784313725489,Excellent,3,Call,1707.6825294117643,EV(call)=INR1708 [P(RPC)=74.41% x 5% x INR460350 x 10% - INR5],22.0,0.0,0.0,38.81818181818182,460350.0,validation
AC001526,PH003942,3,0,0.9891764705882353,Excellent,1,Call,430.2376470588236,EV(call)=INR430 [P(RPC)=98.92% x 5% x INR88000 x 10% - INR5],19.0,0.0,0.0,24.526315789473685,88000.0,validation
AC001526,PH003943,4,1,0.43770588235294117,Good,2,Suppress,187.59058823529412,Compliance: Verified third-party — contact strictly prohibited,15.0,0.0,0.0,24.466666666666665,88000.0,validation
AC001527,PH003946,1,2,0.9891764705882353,Excellent,1,Call,685.6924705882354,EV(call)=INR686 [P(RPC)=98.92% x 5% x INR139650 x 10% - INR5],15.0,0.0,0.0,31.066666666666666,139650.0,train
AC001527,PH003945,0,1,0.9424911297852473,Excellent,2,Call,653.094431372549,EV(call)=INR653 [P(RPC)=94.25% x 5% x INR139650 x 10% - INR5],10.0,0.0,0.0,13.9,139650.0,train
AC001527,PH003947,4,3,0.029209150326797384,Poor,3,Call,15.395289215686276,EV(call)=INR15 [P(RPC)=2.92% x 5% x INR139650 x 10% - INR5],-1.0,-1.0,-1.0,-1.0,139650.0,train
AC001527,PH003944,3,0,0.008784313725490198,Poor,4,Call,1.1336470588235308,EV(call)=INR1 [P(RPC)=0.88% x 5% x INR139650 x 10% - INR5],8.0,0.0,6.0,0.0,139650.0,train
AC001528,PH003948,3,0,0.9891764705882353,Excellent,1,Call,389.68141176470596,EV(call)=INR390 [P(RPC)=98.92% x 5% x INR79800 x 10% - INR5],7.0,0.0,0.0,94.85714285714286,79800.0,validation
AC001528,PH000436,2,1,0.008784313725490198,Poor,2,Suppress,-1.495058823529411,"EV(call)=INR-1, EV(visit)=INR-114 — negative economic yield",-1.0,-1.0,-1.0,-1.0,79800.0,validation
AC001528,PH003949,4,2,0.008784313725490198,Poor,3,Suppress,-1.495058823529411,"EV(call)=INR-1, EV(visit)=INR-114 — negative economic yield",-1.0,-1.0,-1.0,-1.0,79800.0,validation
AC001529,PH003950,3,0,0.9745437518290897,Excellent,1,Call,584.1116979806848,EV(call)=INR584 [P(RPC)=97.45% x 5% x INR120900 x 10% - INR5],15.0,0.0,0.0,34.13333333333333,120900.0,train
AC001529,PH003951,4,2,0.08986467978538619,Poor,2,Call,49.32319893026596,EV(call)=INR49 [P(RPC)=8.99% x 5% x INR120900 x 10% - INR5],8.0,0.0,0.0,35.5,120900.0,train
AC001529,PH000409,2,1,0.029209150326797384,Poor,3,Call,12.656931372549021,EV(call)=INR13 [P(RPC)=2.92% x 5% x INR120900 x 10% - INR5],8.0,0.0,0.0,48.5,120900.0,train
AC001530,PH003953,0,1,0.9745437518290897,Excellent,1,Call,197.7051003804507,EV(call)=INR198 [P(RPC)=97.45% x 5% x INR41600 x 10% - INR5],5.0,0.0,0.0,72.6,41600.0,train
AC001530,PH003952,3,0,0.008784313725490198,Poor,2,Suppress,-3.1728627450980387,"EV(call)=INR-3, EV(visit)=INR-155 — negative economic yield",7.0,2.0,4.0,9.714285714285714,41600.0,train
AC001530,PH003954,1,2,0.008784313725490198,Poor,3,Suppress,-3.1728627450980387,"EV(call)=INR-3, EV(visit)=INR-155 — negative economic yield",-1.0,-1.0,-1.0,-1.0,41600.0,train
AC001530,PH003955,4,3,0.008784313725490198,Poor,4,Suppress,-3.1728627450980387,"EV(call)=INR-3, EV(visit)=INR-155 — negative economic yield",-1.0,-1.0,-1.0,-1.0,41600.0,train
AC001531,PH003956,3,0,0.9745437518290897,Excellent,1,Call,1966.9892818261633,EV(call)=INR1967 [P(RPC)=97.45% x 5% x INR404700 x 10% - INR5],11.0,0.0,0.0,151.54545454545453,404700.0,train
AC001531,PH003957,4,1,0.008784313725490198,Poor,2,Call,12.775058823529417,EV(call)=INR13 [P(RPC)=0.88% x 5% x INR404700 x 10% - INR5],-1.0,-1.0,-1.0,-1.0,404700.0,train
AC001532,PH003958,3,0,0.9745437518290897,Excellent,1,Call,614.3225542873865,EV(call)=INR614 [P(RPC)=97.45% x 5% x INR127100 x 10% - INR5],16.0,0.0,0.0,26.875,127100.0,validation
AC001533,PH000066,3,0,0.9745437518290897,Excellent,1,Call,1788.160503365525,EV(call)=INR1788 [P(RPC)=97.45% x 5% x INR368000 x 10% - INR5],25.0,0.0,0.0,52.76,368000.0,train
AC001534,PH003959,3,0,0.9745437518290897,Excellent,1,Call,5438.801397717296,EV(call)=INR5439 [P(RPC)=97.45% x 5% x INR1117200 x 10% - INR5],18.0,0.0,0.0,15.88888888888889,1117200.0,test
AC001534,PH003960,4,1,0.2888963585434174,Fair,2,Call,1608.7750588235297,EV(call)=INR1609 [P(RPC)=28.89% x 5% x INR1117200 x 10% - INR5],8.0,0.0,0.0,29.125,1117200.0,test
AC001535,PH003961,3,0,0.9745437518290897,Excellent,1,Call,624.555263681592,EV(call)=INR625 [P(RPC)=97.45% x 5% x INR129200 x 10% - INR5],14.0,0.0,6.0,66.71428571428571,129200.0,train
AC001535,PH003962,1,1,0.9745437518290897,Excellent,2,Call,624.555263681592,EV(call)=INR625 [P(RPC)=97.45% x 5% x INR129200 x 10% - INR5],3.0,0.0,0.0,134.33333333333334,129200.0,train
AC001535,PH003963,4,2,0.029209150326797384,Poor,3,Call,13.869111111111113,EV(call)=INR14 [P(RPC)=2.92% x 5% x INR129200 x 10% - INR5],-1.0,-1.0,-1.0,-1.0,129200.0,train
AC001536,PH003964,3,0,0.9891764705882353,Excellent,1,Call,2986.269647058824,EV(call)=INR2986 [P(RPC)=98.92% x 5% x INR604800 x 10% - INR5],22.0,1.0,0.0,24.818181818181817,604800.0,test
AC001536,PH003965,0,1,0.008784313725490198,Poor,2,Call,21.56376470588236,EV(call)=INR22 [P(RPC)=0.88% x 5% x INR604800 x 10% - INR5],5.0,0.0,3.0,0.0,604800.0,test
AC001536,PH000532,2,2,0.008784313725490198,Poor,3,Call,21.56376470588236,EV(call)=INR22 [P(RPC)=0.88% x 5% x INR604800 x 10% - INR5],-1.0,-1.0,-1.0,-1.0,604800.0,test
AC001536,PH003966,4,3,0.008784313725490198,Poor,4,Call,21.56376470588236,EV(call)=INR22 [P(RPC)=0.88% x 5% x INR604800 x 10% - INR5],-1.0,-1.0,-1.0,-1.0,604800.0,test
AC001537,PH003967,3,0,0.9745437518290897,Excellent,1,Call,115.84342522680714,EV(call)=INR116 [P(RPC)=97.45% x 5% x INR24800 x 10% - INR5],12.0,0.0,0.0,39.166666666666664,24800.0,train
AC001537,PH003968,0,1,0.029643721318314557,Poor,2,Suppress,-1.3241785565289952,"EV(call)=INR-1, EV(visit)=INR-173 — negative economic yield",-1.0,-1.0,-1.0,-1.0,24800.0,train
AC001538,PH003969,3,0,0.9424911297852473,Excellent,1,Call,300.8383716153127,EV(call)=INR301 [P(RPC)=94.25% x 5% x INR64900 x 10% - INR5],3.0,0.0,0.0,14.333333333333334,64900.0,train
AC001539,PH003971,1,1,0.9424911297852473,Excellent,1,Suppress,143.44235294117647,Compliance: Verified invalid/wrong phone number,13.0,0.0,0.0,3.5384615384615383,31500.0,train
AC001539,PH003972,4,2,0.8257777777777777,Excellent,2,Call,125.06,EV(call)=INR125 [P(RPC)=82.58% x 5% x INR31500 x 10% - INR5],10.0,1.0,0.0,31.1,31500.0,train
AC001539,PH003970,3,0,0.008784313725490198,Poor,3,Suppress,-3.616470588235294,"EV(call)=INR-4, EV(visit)=INR-166 — negative economic yield",8.0,0.0,0.0,0.0,31500.0,train
AC001540,PH003973,3,0,0.9745437518290897,Excellent,1,Call,305.6358208955224,EV(call)=INR306 [P(RPC)=97.45% x 5% x INR63750 x 10% - INR5],11.0,0.0,0.0,141.27272727272728,63750.0,train
AC001540,PH003974,0,1,0.008784313725490198,Poor,2,Suppress,-2.1999999999999993,"EV(call)=INR-2, EV(visit)=INR-131 — negative economic yield",-1.0,-1.0,-1.0,-1.0,63750.0,train
AC001540,PH003975,4,2,0.008784313725490198,Poor,3,Suppress,-2.1999999999999993,"EV(call)=INR-2, EV(visit)=INR-131 — negative economic yield",-1.0,-1.0,-1.0,-1.0,63750.0,train
AC001541,PH005829,5,2,0.9891764705882353,Excellent,1,Call,1889.5202352941178,EV(call)=INR1890 [P(RPC)=98.92% x 5% x INR383050 x 10% - INR5],19.0,0.0,0.0,75.63157894736842,383050.0,validation
AC001541,PH000214,3,0,0.43770588235294117,Good,2,Call,833.3161911764706,EV(call)=INR833 [P(RPC)=43.77% x 5% x INR383050 x 10% - INR5],16.0,0.0,0.0,34.5625,383050.0,validation
AC001541,PH000545,2,1,0.2888963585434174,Fair,3,Call,548.3087507002801,EV(call)=INR548 [P(RPC)=28.89% x 5% x INR383050 x 10% - INR5],8.0,0.0,0.0,3.875,383050.0,validation
AC001542,PH003976,3,0,0.9891764705882353,Excellent,1,Call,1206.9884705882355,EV(call)=INR1207 [P(RPC)=98.92% x 5% x INR245050 x 10% - INR5],22.0,0.0,0.0,55.0,245050.0,train
AC001543,PH003977,3,0,0.9745437518290897,Excellent,1,Call,692.7733263096284,EV(call)=INR693 [P(RPC)=97.45% x 5% x INR143200 x 10% - INR5],6.0,0.0,0.0,89.83333333333333,143200.0,train
AC001543,PH003978,0,1,0.07136253650396328,Poor,2,Call,46.095576136837714,EV(call)=INR46 [P(RPC)=7.14% x 5% x INR143200 x 10% - INR5],-1.0,-1.0,-1.0,-1.0,143200.0,train
AC001543,PH000577,2,3,0.07136253650396328,Poor,3,Call,46.095576136837714,EV(call)=INR46 [P(RPC)=7.14% x 5% x INR143200 x 10% - INR5],8.0,0.0,0.0,48.875,143200.0,train
AC001543,PH003979,1,2,0.008784313725490198,Poor,4,Call,1.2895686274509819,EV(call)=INR1 [P(RPC)=0.88% x 5% x INR143200 x 10% - INR5],-1.0,-1.0,-1.0,-1.0,143200.0,train
AC001544,PH003980,3,0,0.9745437518290897,Excellent,1,Call,769.2750108282119,EV(call)=INR769 [P(RPC)=97.45% x 5% x INR158900 x 10% - INR5],5.0,0.0,0.0,74.2,158900.0,train
AC001544,PH003981,0,1,0.029643721318314557,Poor,2,Call,18.551936587400917,EV(call)=INR19 [P(RPC)=2.96% x 5% x INR158900 x 10% - INR5],-1.0,-1.0,-1.0,-1.0,158900.0,train
AC001545,PH003982,3,0,0.9745437518290897,Excellent,1,Call,58.5889798068481,EV(call)=INR59 [P(RPC)=97.45% x 5% x INR13050 x 10% - INR5],34.0,0.0,0.0,3.735294117647059,13050.0,train
AC001546,PH005865,5,1,0.9424911297852473,Excellent,1,Call,627.8827936507936,EV(call)=INR628 [P(RPC)=94.25% x 5% x INR134300 x 10% - INR5],7.0,0.0,0.0,4.857142857142857,134300.0,train
AC001546,PH003983,3,0,0.7440784313725489,Excellent,2,Call,494.6486666666666,EV(call)=INR495 [P(RPC)=74.41% x 5% x INR134300 x 10% - INR5],14.0,2.0,0.0,6.142857142857143,134300.0,train
AC001547,PH003984,3,0,0.8257777777777777,Excellent,1,Call,932.0513333333334,EV(call)=INR932 [P(RPC)=82.58% x 5% x INR226950 x 10% - INR5],8.0,0.0,0.0,15.125,226950.0,train
AC001547,PH003985,0,1,0.029209150326797384,Poor,2,Call,28.14508333333334,EV(call)=INR28 [P(RPC)=2.92% x 5% x INR226950 x 10% - INR5],-1.0,-1.0,-1.0,-1.0,226950.0,train
AC001547,PH003986,1,2,0.008784313725490198,Poor,3,Call,4.9680000000000035,EV(call)=INR5 [P(RPC)=0.88% x 5% x INR226950 x 10% - INR5],-1.0,-1.0,-1.0,-1.0,226950.0,train
AC001547,PH003987,4,3,0.008784313725490198,Poor,4,Call,4.9680000000000035,EV(call)=INR5 [P(RPC)=0.88% x 5% x INR226950 x 10% - INR5],-1.0,-1.0,-1.0,-1.0,226950.0,train
AC001548,PH003988,3,0,0.9745437518290897,Excellent,1,Call,141.18156277436347,EV(call)=INR141 [P(RPC)=97.45% x 5% x INR30000 x 10% - INR5],18.0,0.0,0.0,125.11111111111111,30000.0,train
AC001548,PH003989,4,1,0.008784313725490198,Poor,2,Suppress,-3.68235294117647,"EV(call)=INR-4, EV(visit)=INR-168 — negative economic yield",-1.0,-1.0,-1.0,-1.0,30000.0,train
AC001549,PH003990,3,0,0.9745437518290897,Excellent,1,Call,375.072063213345,EV(call)=INR375 [P(RPC)=97.45% x 5% x INR78000 x 10% - INR5],24.0,1.0,0.0,9.125,78000.0,train
AC001549,PH003991,0,1,0.8491204481792716,Excellent,2,Suppress,326.1569747899159,Compliance: Verified invalid/wrong phone number,7.0,0.0,3.0,4.571428571428571,78000.0,train
AC001549,PH003992,4,2,0.029643721318314557,Poor,3,Call,6.561051314142679,EV(call)=INR7 [P(RPC)=2.96% x 5% x INR78000 x 10% - INR5],-1.0,-1.0,-1.0,-1.0,78000.0,train
AC001550,PH003993,3,0,0.9891764705882353,Excellent,1,Call,380.77882352941185,EV(call)=INR381 [P(RPC)=98.92% x 5% x INR78000 x 10% - INR5],21.0,0.0,0.0,18.80952380952381,78000.0,test
AC001550,PH003994,4,1,0.9424911297852473,Excellent,2,Call,362.57154061624647,EV(call)=INR363 [P(RPC)=94.25% x 5% x INR78000 x 10% - INR5],21.0,1.0,0.0,46.76190476190476,78000.0,test
AC001551,PH003996,0,1,0.9424911297852473,Excellent,1,Call,641.5489150326797,EV(call)=INR642 [P(RPC)=94.25% x 5% x INR137200 x 10% - INR5],10.0,0.0,0.0,20.8,137200.0,train
AC001551,PH003995,3,0,0.04321056848148362,Poor,2,Call,24.642449978297766,EV(call)=INR25 [P(RPC)=4.32% x 5% x INR137200 x 10% - INR5],8.0,0.0,0.0,0.0,137200.0,train
AC001551,PH003997,4,2,0.029643721318314557,Poor,3,Call,15.335592824363786,EV(call)=INR15 [P(RPC)=2.96% x 5% x INR137200 x 10% - INR5],-1.0,-1.0,-1.0,-1.0,137200.0,train
AC001552,PH003998,3,0,0.9891764705882353,Excellent,1,Call,520.005411764706,EV(call)=INR520 [P(RPC)=98.92% x 5% x INR106150 x 10% - INR5],3.0,0.0,0.0,100.66666666666667,106150.0,train
AC001553,PH003999,3,0,0.8491204481792716,Excellent,1,Call,1937.363025210084,EV(call)=INR1937 [P(RPC)=84.91% x 5% x INR457500 x 10% - INR5],16.0,0.0,0.0,35.125,457500.0,train
AC001553,PH004000,0,1,0.07136253650396328,Poor,2,Call,158.241802252816,EV(call)=INR158 [P(RPC)=7.14% x 5% x INR457500 x 10% - INR5],-1.0,-1.0,-1.0,-1.0,457500.0,train
AC001554,PH004002,0,1,0.9424911297852473,Excellent,1,Call,2021.8271746031744,EV(call)=INR2022 [P(RPC)=94.25% x 5% x INR430100 x 10% - INR5],11.0,0.0,0.0,11.727272727272727,430100.0,validation
AC001554,PH004001,3,0,0.029643721318314557,Poor,2,Call,58.748822695035464,EV(call)=INR59 [P(RPC)=2.96% x 5% x INR430100 x 10% - INR5],8.0,0.0,0.0,0.0,430100.0,validation
AC001554,PH004003,1,2,0.008784313725490198,Poor,3,Call,13.890666666666672,EV(call)=INR14 [P(RPC)=0.88% x 5% x INR430100 x 10% - INR5],-1.0,-1.0,-1.0,-1.0,430100.0,validation
AC001554,PH004004,4,3,0.008784313725490198,Poor,4,Call,13.890666666666672,EV(call)=INR14 [P(RPC)=0.88% x 5% x INR430100 x 10% - INR5],-1.0,-1.0,-1.0,-1.0,430100.0,validation
AC001555,PH005839,5,1,0.9745437518290897,Excellent,1,Call,131.4361252560726,EV(call)=INR131 [P(RPC)=97.45% x 5% x INR28000 x 10% - INR5],10.0,0.0,0.0,44.8,28000.0,train
AC001555,PH004005,3,0,0.029643721318314557,Poor,2,Suppress,-0.8498790154359614,"EV(call)=INR-1, EV(visit)=INR-170 — negative economic yield",16.0,1.0,12.0,1.9375,28000.0,train
AC001556,PH004006,3,0,0.9891764705882353,Excellent,1,Call,314.00941176470593,EV(call)=INR314 [P(RPC)=98.92% x 5% x INR64500 x 10% - INR5],28.0,0.0,0.0,36.607142857142854,64500.0,train
AC001556,PH004007,0,1,0.008784313725490198,Poor,2,Suppress,-2.167058823529411,"EV(call)=INR-2, EV(visit)=INR-130 — negative economic yield",-1.0,-1.0,-1.0,-1.0,64500.0,train
AC001556,PH004008,1,2,0.008784313725490198,Poor,3,Suppress,-2.167058823529411,"EV(call)=INR-2, EV(visit)=INR-130 — negative economic yield",-1.0,-1.0,-1.0,-1.0,64500.0,train
AC001557,PH004009,3,0,0.9745437518290897,Excellent,1,Call,5641.750134035704,EV(call)=INR5642 [P(RPC)=97.45% x 5% x INR1158850 x 10% - INR5],2.0,0.0,0.0,402.5,1158850.0,train
AC001557,PH004010,4,1,0.008784313725490198,Poor,2,Call,45.898509803921584,EV(call)=INR46 [P(RPC)=0.88% x 5% x INR1158850 x 10% - INR5],-1.0,-1.0,-1.0,-1.0,1158850.0,train
AC001558,PH000247,3,0,0.10069607843137254,Poor,1,Call,39.004186274509806,EV(call)=INR39 [P(RPC)=10.07% x 5% x INR87400 x 10% - INR5],18.0,0.0,0.0,38.0,87400.0,train
AC001558,PH005874,5,1,0.029643721318314557,Poor,2,Call,7.954306216103461,EV(call)=INR8 [P(RPC)=2.96% x 5% x INR87400 x 10% - INR5],8.0,0.0,0.0,0.0,87400.0,train
AC001559,PH004011,3,0,0.9424911297852473,Excellent,1,Call,123.17879365079364,EV(call)=INR123 [P(RPC)=94.25% x 5% x INR27200 x 10% - INR5],1.0,0.0,0.0,73.0,27200.0,train
AC001559,PH004012,0,1,0.008784313725490198,Poor,2,Suppress,-3.805333333333333,"EV(call)=INR-4, EV(visit)=INR-171 — negative economic yield",-1.0,-1.0,-1.0,-1.0,27200.0,train
AC001559,PH004013,1,2,0.008784313725490198,Poor,3,Suppress,-3.805333333333333,"EV(call)=INR-4, EV(visit)=INR-171 — negative economic yield",-1.0,-1.0,-1.0,-1.0,27200.0,train
AC001559,PH004014,4,3,0.008784313725490198,Poor,4,Suppress,-3.805333333333333,"EV(call)=INR-4, EV(visit)=INR-171 — negative economic yield",-1.0,-1.0,-1.0,-1.0,27200.0,train
AC001560,PH004015,3,0,0.9745437518290897,Excellent,1,Call,1286.2704711735441,EV(call)=INR1286 [P(RPC)=97.45% x 5% x INR265000 x 10% - INR5],22.0,0.0,0.0,28.09090909090909,265000.0,validation
AC001560,PH004016,4,1,0.008784313725490198,Poor,2,Suppress,6.639215686274513,Compliance: Verified third-party — contact strictly prohibited,8.0,1.0,0.0,71.75,265000.0,validation
AC001561,PH004018,4,1,0.8491204481792716,Excellent,1,Call,130.43471148459383,EV(call)=INR130 [P(RPC)=84.91% x 5% x INR31900 x 10% - INR5],6.0,0.0,0.0,33.5,31900.0,train
AC001561,PH004017,3,0,0.029643721318314557,Poor,2,Suppress,-0.2718264497288283,"EV(call)=INR-0, EV(visit)=INR-166 — negative economic yield",2.0,2.0,0.0,29.0,31900.0,train
AC001562,PH005833,5,2,0.9745437518290897,Excellent,1,Call,156.53062686567162,EV(call)=INR157 [P(RPC)=97.45% x 5% x INR33150 x 10% - INR5],5.0,0.0,0.0,15.2,33150.0,train
AC001562,PH004019,3,0,0.008784313725490198,Poor,2,Suppress,-3.5439999999999996,"EV(call)=INR-4, EV(visit)=INR-164 — negative economic yield",8.0,0.0,0.0,0.0,33150.0,train
AC001562,PH004020,0,1,0.008784313725490198,Poor,3,Suppress,-3.5439999999999996,"EV(call)=INR-4, EV(visit)=INR-164 — negative economic yield",8.0,0.0,2.0,0.0,33150.0,train
AC001563,PH004021,3,0,0.9424911297852473,Excellent,1,Call,673.5936134453781,EV(call)=INR674 [P(RPC)=94.25% x 5% x INR144000 x 10% - INR5],9.0,0.0,0.0,3.888888888888889,144000.0,train
AC001563,PH004022,4,1,0.029643721318314557,Poor,2,Call,16.34347934918648,EV(call)=INR16 [P(RPC)=2.96% x 5% x INR144000 x 10% - INR5],8.0,1.0,0.0,4.125,144000.0,train
AC001564,PH004023,3,0,0.9424911297852473,Excellent,1,Call,217.6635294117647,EV(call)=INR218 [P(RPC)=94.25% x 5% x INR47250 x 10% - INR5],10.0,0.0,0.0,23.0,47250.0,train
AC001564,PH004024,0,1,0.4248570194049647,Good,2,Call,95.37247083442293,EV(call)=INR95 [P(RPC)=42.49% x 5% x INR47250 x 10% - INR5],-1.0,-1.0,-1.0,-1.0,47250.0,train
AC001564,PH004025,1,2,0.10069607843137254,Poor,3,Call,18.789448529411768,EV(call)=INR19 [P(RPC)=10.07% x 5% x INR47250 x 10% - INR5],-1.0,-1.0,-1.0,-1.0,47250.0,train
AC001564,PH004026,4,3,0.07136253650396328,Poor,4,Call,11.859399249061326,EV(call)=INR12 [P(RPC)=7.14% x 5% x INR47250 x 10% - INR5],-1.0,-1.0,-1.0,-1.0,47250.0,train
AC001565,PH004027,3,0,0.9891764705882353,Excellent,1,Call,1061.3322352941177,EV(call)=INR1061 [P(RPC)=98.92% x 5% x INR215600 x 10% - INR5],21.0,0.0,0.0,27.047619047619047,215600.0,train
AC001565,PH004028,4,1,0.8257777777777777,Excellent,2,Call,885.1884444444445,EV(call)=INR885 [P(RPC)=82.58% x 5% x INR215600 x 10% - INR5],12.0,0.0,0.0,32.916666666666664,215600.0,train
AC001566,PH004029,3,0,0.7492606214912553,Excellent,1,Call,133.98784528662787,EV(call)=INR134 [P(RPC)=74.93% x 5% x INR37100 x 10% - INR5],5.0,1.0,0.0,8.6,37100.0,train
AC001566,PH004030,1,1,0.029643721318314557,Poor,2,Suppress,0.4989103045473513,Compliance: Verified invalid/wrong phone number,-1.0,-1.0,-1.0,-1.0,37100.0,train
AC001567,PH004032,4,1,0.9424911297852473,Excellent,1,Call,2776.055701213819,EV(call)=INR2776 [P(RPC)=94.25% x 5% x INR590150 x 10% - INR5],25.0,0.0,0.0,25.52,590150.0,train
AC001567,PH004031,3,0,0.008784313725490198,Poor,2,Call,20.920313725490203,EV(call)=INR21 [P(RPC)=0.88% x 5% x INR590150 x 10% - INR5],10.0,2.0,5.0,6.1,590150.0,train
AC001568,PH004033,3,0,0.9891764705882353,Excellent,1,Call,1354.1284705882354,EV(call)=INR1354 [P(RPC)=98.92% x 5% x INR274800 x 10% - INR5],23.0,0.0,2.0,38.47826086956522,274800.0,train
AC001568,PH004034,4,1,0.7440784313725489,Excellent,2,Call,1017.3637647058822,EV(call)=INR1017 [P(RPC)=74.41% x 5% x INR274800 x 10% - INR5],16.0,0.0,0.0,13.1875,274800.0,train
AC001569,PH004035,3,0,0.9891764705882353,Excellent,1,Call,218.0592941176471,EV(call)=INR218 [P(RPC)=98.92% x 5% x INR45100 x 10% - INR5],20.0,0.0,0.0,21.6,45100.0,test
AC001569,PH004036,1,1,0.008784313725490198,Poor,2,Suppress,-3.0191372549019606,"EV(call)=INR-3, EV(visit)=INR-151 — negative economic yield",-1.0,-1.0,-1.0,-1.0,45100.0,test
AC001569,PH004037,4,2,0.008784313725490198,Poor,3,Suppress,-3.0191372549019606,"EV(call)=INR-3, EV(visit)=INR-151 — negative economic yield",-1.0,-1.0,-1.0,-1.0,45100.0,test
AC001570,PH004038,3,0,0.9745437518290897,Excellent,1,Call,221.5814223002634,EV(call)=INR222 [P(RPC)=97.45% x 5% x INR46500 x 10% - INR5],19.0,0.0,11.0,20.736842105263158,46500.0,test
AC001570,PH005881,5,1,0.9424911297852473,Excellent,2,Call,214.12918767507,EV(call)=INR214 [P(RPC)=94.25% x 5% x INR46500 x 10% - INR5],11.0,0.0,0.0,13.272727272727273,46500.0,test
AC001571,PH004039,3,0,0.9745437518290897,Excellent,1,Call,1365.2085150717003,EV(call)=INR1365 [P(RPC)=97.45% x 5% x INR281200 x 10% - INR5],23.0,0.0,0.0,75.08695652173913,281200.0,test
AC001571,PH004040,0,1,0.43770588235294117,Good,2,Call,610.4144705882353,EV(call)=INR610 [P(RPC)=43.77% x 5% x INR281200 x 10% - INR5],7.0,0.0,0.0,23.571428571428573,281200.0,test
AC001571,PH000432,2,2,0.029643721318314557,Poor,3,Call,36.679072173550274,EV(call)=INR37 [P(RPC)=2.96% x 5% x INR281200 x 10% - INR5],8.0,1.0,0.0,66.375,281200.0,test
AC001572,PH004041,3,0,0.9891764705882353,Excellent,1,Call,674.3169411764707,EV(call)=INR674 [P(RPC)=98.92% x 5% x INR137350 x 10% - INR5],23.0,0.0,0.0,48.78260869565217,137350.0,test
AC001572,PH004042,0,1,0.029643721318314557,Poor,2,Call,15.357825615352525,EV(call)=INR15 [P(RPC)=2.96% x 5% x INR137350 x 10% - INR5],-1.0,-1.0,-1.0,-1.0,137350.0,test
AC001572,PH004043,4,2,0.029643721318314557,Poor,3,Call,15.357825615352525,EV(call)=INR15 [P(RPC)=2.96% x 5% x INR137350 x 10% - INR5],-1.0,-1.0,-1.0,-1.0,137350.0,test
AC001573,PH000265,2,1,0.7440784313725489,Excellent,1,Call,1220.497176470588,EV(call)=INR1220 [P(RPC)=74.41% x 5% x INR329400 x 10% - INR5],15.0,0.0,0.0,55.13333333333333,329400.0,train
AC001573,PH000222,3,0,0.10069607843137254,Poor,2,Suppress,160.84644117647062,Compliance: Verified third-party — contact strictly prohibited,8.0,0.0,0.0,20.25,329400.0,train
AC001573,PH004044,4,2,0.10069607843137254,Poor,3,Call,160.84644117647062,EV(call)=INR161 [P(RPC)=10.07% x 5% x INR329400 x 10% - INR5],5.0,0.0,0.0,36.8,329400.0,train
AC001574,PH004048,4,3,0.9424911297852473,Excellent,1,Call,1493.5608963585432,EV(call)=INR1494 [P(RPC)=94.25% x 5% x INR318000 x 10% - INR5],16.0,0.0,0.0,23.5625,318000.0,train
AC001574,PH004045,3,0,0.10069607843137254,Poor,2,Call,155.10676470588237,EV(call)=INR155 [P(RPC)=10.07% x 5% x INR318000 x 10% - INR5],8.0,0.0,0.0,31.875,318000.0,train
AC001574,PH004046,0,1,0.029643721318314557,Poor,3,Call,42.13351689612015,EV(call)=INR42 [P(RPC)=2.96% x 5% x INR318000 x 10% - INR5],8.0,0.0,0.0,0.0,318000.0,train
AC001574,PH004047,1,2,0.008784313725490198,Poor,4,Call,8.967058823529413,EV(call)=INR9 [P(RPC)=0.88% x 5% x INR318000 x 10% - INR5],3.0,2.0,0.0,11.333333333333334,318000.0,train
AC001575,PH004050,4,1,0.7440784313725489,Excellent,1,Call,111.07623529411762,EV(call)=INR111 [P(RPC)=74.41% x 5% x INR31200 x 10% - INR5],6.0,0.0,0.0,14.333333333333334,31200.0,test
AC001575,PH004049,3,0,0.008784313725490198,Poor,2,Suppress,-3.629647058823529,"EV(call)=INR-4, EV(visit)=INR-166 — negative economic yield",8.0,0.0,0.0,0.0,31200.0,test
AC001576,PH004052,0,1,0.9745437518290897,Excellent,1,Call,2771.475148961077,EV(call)=INR2771 [P(RPC)=97.45% x 5% x INR569800 x 10% - INR5],22.0,0.0,0.0,74.22727272727273,569800.0,train
AC001576,PH004053,1,2,0.029209150326797384,Poor,2,Call,78.21686928104576,EV(call)=INR78 [P(RPC)=2.92% x 5% x INR569800 x 10% - INR5],8.0,0.0,0.0,0.0,569800.0,train
AC001576,PH004051,3,0,0.008784313725490198,Poor,3,Call,20.026509803921574,EV(call)=INR20 [P(RPC)=0.88% x 5% x INR569800 x 10% - INR5],8.0,0.0,8.0,0.0,569800.0,train
AC001576,PH004054,4,3,0.008784313725490198,Poor,4,Call,20.026509803921574,EV(call)=INR20 [P(RPC)=0.88% x 5% x INR569800 x 10% - INR5],-1.0,-1.0,-1.0,-1.0,569800.0,train
AC001576,PH005953,5,4,0.008784313725490198,Poor,5,Call,20.026509803921574,EV(call)=INR20 [P(RPC)=0.88% x 5% x INR569800 x 10% - INR5],-1.0,-1.0,-1.0,-1.0,569800.0,train
AC001577,PH004055,3,0,0.008784313725490198,Poor,1,Call,7.847058823529416,EV(call)=INR8 [P(RPC)=0.88% x 5% x INR292500 x 10% - INR5],28.0,0.0,24.0,0.0,292500.0,train
AC001578,PH004056,3,0,0.9891764705882353,Excellent,1,Call,230.91858823529415,EV(call)=INR231 [P(RPC)=98.92% x 5% x INR47700 x 10% - INR5],34.0,0.0,0.0,60.94117647058823,47700.0,train
AC001579,PH004057,3,0,0.9891764705882353,Excellent,1,Call,685.6924705882354,EV(call)=INR686 [P(RPC)=98.92% x 5% x INR139650 x 10% - INR5],26.0,0.0,0.0,27.692307692307693,139650.0,train
AC001579,PH004058,0,1,0.008784313725490198,Poor,2,Suppress,1.1336470588235308,Compliance: Verified invalid/wrong phone number,2.0,0.0,2.0,0.0,139650.0,train
AC001579,PH004059,1,2,0.008784313725490198,Poor,3,Call,1.1336470588235308,EV(call)=INR1 [P(RPC)=0.88% x 5% x INR139650 x 10% - INR5],-1.0,-1.0,-1.0,-1.0,139650.0,train
AC001580,PH004061,1,1,0.8911372549019607,Excellent,1,Call,529.905137254902,EV(call)=INR530 [P(RPC)=89.11% x 5% x INR120050 x 10% - INR5],15.0,0.0,0.0,24.133333333333333,120050.0,train
AC001580,PH004060,3,0,0.2888963585434174,Fair,2,Call,168.4100392156863,EV(call)=INR168 [P(RPC)=28.89% x 5% x INR120050 x 10% - INR5],10.0,0.0,0.0,7.0,120050.0,train
AC001581,PH000308,2,1,0.8911372549019607,Excellent,1,Suppress,524.7810980392157,Compliance: Verified third-party — contact strictly prohibited,25.0,2.0,0.0,28.04,118900.0,train
AC001581,PH004062,3,0,0.008784313725490198,Poor,2,Call,0.22227450980392316,EV(call)=INR0 [P(RPC)=0.88% x 5% x INR118900 x 10% - INR5],16.0,0.0,13.0,0.0,118900.0,train
AC001582,PH004063,3,0,0.8257777777777777,Excellent,1,Call,485.924888888889,EV(call)=INR486 [P(RPC)=82.58% x 5% x INR118900 x 10% - INR5],5.0,0.0,0.0,37.0,118900.0,test
AC001582,PH004064,1,1,0.029643721318314557,Poor,2,Suppress,12.623192323738007,Compliance: Verified invalid/wrong phone number,-1.0,-1.0,-1.0,-1.0,118900.0,test
AC001583,PH004066,0,1,0.9891764705882353,Excellent,1,Call,666.6508235294118,EV(call)=INR667 [P(RPC)=98.92% x 5% x INR135800 x 10% - INR5],16.0,0.0,0.0,58.4375,135800.0,train
AC001583,PH004065,3,0,0.029643721318314557,Poor,2,Call,15.128086775135586,EV(call)=INR15 [P(RPC)=2.96% x 5% x INR135800 x 10% - INR5],2.0,2.0,0.0,13.5,135800.0,train
AC001583,PH004067,4,2,0.008784313725490198,Poor,3,Call,0.9645490196078441,EV(call)=INR1 [P(RPC)=0.88% x 5% x INR135800 x 10% - INR5],-1.0,-1.0,-1.0,-1.0,135800.0,train
AC001584,PH004068,3,0,0.9424911297852473,Excellent,1,Call,371.0539607843137,EV(call)=INR371 [P(RPC)=94.25% x 5% x INR79800 x 10% - INR5],32.0,1.0,0.0,1.09375,79800.0,train
AC001585,PH004070,0,1,0.9745437518290897,Excellent,1,Call,446.4573930348259,EV(call)=INR446 [P(RPC)=97.45% x 5% x INR92650 x 10% - INR5],8.0,0.0,0.0,78.625,92650.0,train
AC001585,PH004069,3,0,0.8491204481792716,Excellent,2,Call,388.3550476190476,EV(call)=INR388 [P(RPC)=84.91% x 5% x INR92650 x 10% - INR5],11.0,0.0,0.0,34.0,92650.0,train
AC001585,PH004071,4,2,0.008784313725490198,Poor,3,Suppress,-0.9306666666666654,"EV(call)=INR-1, EV(visit)=INR-100 — negative economic yield",-1.0,-1.0,-1.0,-1.0,92650.0,train
AC001586,PH004072,3,0,0.7440784313725489,Excellent,1,Call,322.39450980392155,EV(call)=INR322 [P(RPC)=74.41% x 5% x INR88000 x 10% - INR5],17.0,2.0,7.0,3.0,88000.0,train
AC001586,PH004073,4,1,0.7440784313725489,Excellent,2,Call,322.39450980392155,EV(call)=INR322 [P(RPC)=74.41% x 5% x INR88000 x 10% - INR5],13.0,1.0,0.0,50.69230769230769,88000.0,train
AC001587,PH000401,2,1,0.10069607843137254,Poor,1,Call,32.307897058823535,EV(call)=INR32 [P(RPC)=10.07% x 5% x INR74100 x 10% - INR5],7.0,1.0,0.0,44.857142857142854,74100.0,train
AC001587,PH004074,3,0,0.029643721318314557,Poor,2,Call,5.982998748435545,EV(call)=INR6 [P(RPC)=2.96% x 5% x INR74100 x 10% - INR5],8.0,0.0,0.0,0.0,74100.0,train
AC001588,PH004075,3,0,0.9891764705882353,Excellent,1,Call,154.75200000000004,EV(call)=INR155 [P(RPC)=98.92% x 5% x INR32300 x 10% - INR5],23.0,0.0,0.0,36.52173913043478,32300.0,train
AC001589,PH004076,3,0,0.9891764705882353,Excellent,1,Call,464.85882352941184,EV(call)=INR465 [P(RPC)=98.92% x 5% x INR95000 x 10% - INR5],6.0,0.0,1.0,45.333333333333336,95000.0,test
AC001589,PH004077,0,1,0.07136253650396328,Poor,2,Call,28.89720483938256,EV(call)=INR29 [P(RPC)=7.14% x 5% x INR95000 x 10% - INR5],-1.0,-1.0,-1.0,-1.0,95000.0,test
AC001590,PH004078,3,0,0.9745437518290897,Excellent,1,Call,315.137622475856,EV(call)=INR315 [P(RPC)=97.45% x 5% x INR65700 x 10% - INR5],17.0,0.0,0.0,40.88235294117647,65700.0,validation
AC001590,PH004079,0,1,0.008784313725490198,Poor,2,Suppress,-2.11435294117647,"EV(call)=INR-2, EV(visit)=INR-129 — negative economic yield",-1.0,-1.0,-1.0,-1.0,65700.0,validation
AC001591,PH004081,4,1,0.9745437518290897,Excellent,1,Call,1274.0886742756804,EV(call)=INR1274 [P(RPC)=97.45% x 5% x INR262500 x 10% - INR5],5.0,0.0,0.0,88.4,262500.0,train
AC001591,PH004080,3,0,0.10069607843137254,Poor,2,Call,127.16360294117649,EV(call)=INR127 [P(RPC)=10.07% x 5% x INR262500 x 10% - INR5],8.0,1.0,0.0,12.25,262500.0,train
AC001592,PH004083,0,1,0.43770588235294117,Good,1,Call,47.52470588235295,EV(call)=INR48 [P(RPC)=43.77% x 5% x INR24000 x 10% - INR5],-1.0,-1.0,-1.0,-1.0,24000.0,train
AC001592,PH004084,4,2,0.10069607843137254,Poor,2,Call,7.083529411764708,EV(call)=INR7 [P(RPC)=10.07% x 5% x INR24000 x 10% - INR5],-1.0,-1.0,-1.0,-1.0,24000.0,train
AC001592,PH004082,3,0,0.07136253650396328,Poor,3,Call,3.563504380475594,EV(call)=INR4 [P(RPC)=7.14% x 5% x INR24000 x 10% - INR5],1.0,0.0,0.0,0.0,24000.0,train
AC001593,PH004085,0,1,0.9745437518290897,Excellent,1,Call,825.3112765583845,EV(call)=INR825 [P(RPC)=97.45% x 5% x INR170400 x 10% - INR5],9.0,0.0,0.0,74.55555555555556,170400.0,train
AC001593,PH000214,3,0,0.2888963585434174,Fair,2,Call,241.13969747899165,EV(call)=INR241 [P(RPC)=28.89% x 5% x INR170400 x 10% - INR5],16.0,0.0,0.0,34.5625,170400.0,train
AC001593,PH004086,4,2,0.008784313725490198,Poor,3,Call,2.4842352941176493,EV(call)=INR2 [P(RPC)=0.88% x 5% x INR170400 x 10% - INR5],-1.0,-1.0,-1.0,-1.0,170400.0,train
AC001594,PH004088,1,1,0.07136253650396328,Poor,1,Call,51.37640383813099,EV(call)=INR51 [P(RPC)=7.14% x 5% x INR158000 x 10% - INR5],6.0,1.0,0.0,6.5,158000.0,train
AC001594,PH004087,3,0,0.029643721318314557,Poor,2,Call,18.4185398414685,EV(call)=INR18 [P(RPC)=2.96% x 5% x INR158000 x 10% - INR5],8.0,0.0,0.0,0.0,158000.0,train
AC001594,PH004089,4,2,0.008784313725490198,Poor,3,Call,1.9396078431372565,EV(call)=INR2 [P(RPC)=0.88% x 5% x INR158000 x 10% - INR5],-1.0,-1.0,-1.0,-1.0,158000.0,train
AC001595,PH004090,3,0,0.9424911297852473,Excellent,1,Call,619.4003734827264,EV(call)=INR619 [P(RPC)=94.25% x 5% x INR132500 x 10% - INR5],2.0,0.0,0.0,14.0,132500.0,test
AC001595,PH004091,4,1,0.029643721318314557,Poor,2,Call,14.638965373383396,EV(call)=INR15 [P(RPC)=2.96% x 5% x INR132500 x 10% - INR5],-1.0,-1.0,-1.0,-1.0,132500.0,test
AC001596,PH004092,3,0,0.9745437518290897,Excellent,1,Call,4106.356453028972,EV(call)=INR4106 [P(RPC)=97.45% x 5% x INR843750 x 10% - INR5],15.0,0.0,0.0,42.06666666666667,843750.0,train
AC001596,PH004093,1,1,0.029643721318314557,Poor,2,Call,120.05944931163954,EV(call)=INR120 [P(RPC)=2.96% x 5% x INR843750 x 10% - INR5],-1.0,-1.0,-1.0,-1.0,843750.0,train
AC001597,PH004094,0,1,0.9745437518290897,Excellent,1,Call,277.8613239683933,EV(call)=INR278 [P(RPC)=97.45% x 5% x INR58050 x 10% - INR5],10.0,0.0,0.0,19.2,58050.0,train
AC001597,PH000107,3,0,0.10069607843137254,Poor,2,Call,24.227036764705886,EV(call)=INR24 [P(RPC)=10.07% x 5% x INR58050 x 10% - INR5],11.0,0.0,0.0,20.727272727272727,58050.0,train
AC001597,PH004095,1,2,0.008784313725490198,Poor,3,Suppress,-2.4503529411764697,"EV(call)=INR-2, EV(visit)=INR-137 — negative economic yield",4.0,2.0,0.0,7.75,58050.0,train
AC001598,PH004097,4,1,0.8257777777777777,Excellent,1,Call,128.776,EV(call)=INR129 [P(RPC)=82.58% x 5% x INR32400 x 10% - INR5],18.0,0.0,0.0,45.72222222222222,32400.0,test
AC001598,PH004096,3,0,0.008784313725490198,Poor,2,Suppress,-3.576941176470588,"EV(call)=INR-4, EV(visit)=INR-165 — negative economic yield",8.0,0.0,3.0,0.0,32400.0,test
AC001599,PH004099,0,1,0.9891764705882353,Excellent,1,Call,245.7562352941177,EV(call)=INR246 [P(RPC)=98.92% x 5% x INR50700 x 10% - INR5],22.0,0.0,0.0,53.04545454545455,50700.0,train
AC001599,PH004098,3,0,0.008784313725490198,Poor,2,Suppress,-2.773176470588235,"EV(call)=INR-3, EV(visit)=INR-145 — negative economic yield",8.0,1.0,0.0,1.75,50700.0,train
AC001599,PH004100,1,2,0.008784313725490198,Poor,3,Suppress,-2.773176470588235,"EV(call)=INR-3, EV(visit)=INR-145 — negative economic yield",-1.0,-1.0,-1.0,-1.0,50700.0,train
AC001600,PH004101,3,0,0.9891764705882353,Excellent,1,Call,1071.7185882352942,EV(call)=INR1072 [P(RPC)=98.92% x 5% x INR217700 x 10% - INR5],26.0,0.0,4.0,19.576923076923077,217700.0,validation
AC001600,PH004102,0,1,0.9891764705882353,Excellent,2,Call,1071.7185882352942,EV(call)=INR1072 [P(RPC)=98.92% x 5% x INR217700 x 10% - INR5],10.0,0.0,0.0,49.4,217700.0,validation
AC001600,PH004103,1,2,0.029643721318314557,Poor,3,Call,27.2671906549854,EV(call)=INR27 [P(RPC)=2.96% x 5% x INR217700 x 10% - INR5],-1.0,-1.0,-1.0,-1.0,217700.0,validation
AC001601,PH004105,4,1,0.9745437518290897,Excellent,1,Call,649.8934012291484,EV(call)=INR650 [P(RPC)=97.45% x 5% x INR134400 x 10% - INR5],16.0,0.0,0.0,36.5625,134400.0,train
AC001601,PH004104,3,0,0.029643721318314557,Poor,2,Call,14.920580725907385,EV(call)=INR15 [P(RPC)=2.96% x 5% x INR134400 x 10% - INR5],16.0,0.0,0.0,0.0,134400.0,train
AC001602,PH004106,3,0,0.9891764705882353,Excellent,1,Call,576.6357647058825,EV(call)=INR577 [P(RPC)=98.92% x 5% x INR117600 x 10% - INR5],33.0,0.0,0.0,68.66666666666667,117600.0,train
AC001602,PH004107,0,1,0.029643721318314557,Poor,2,Call,12.43050813516896,EV(call)=INR12 [P(RPC)=2.96% x 5% x INR117600 x 10% - INR5],-1.0,-1.0,-1.0,-1.0,117600.0,train
AC001603,PH004108,3,0,0.9745437518290897,Excellent,1,Call,3662.6954100087796,EV(call)=INR3663 [P(RPC)=97.45% x 5% x INR752700 x 10% - INR5],3.0,0.0,0.0,120.66666666666667,752700.0,train
AC001604,PH004109,3,0,0.9891764705882353,Excellent,1,Call,427.764705882353,EV(call)=INR428 [P(RPC)=98.92% x 5% x INR87500 x 10% - INR5],29.0,0.0,0.0,18.93103448275862,87500.0,train
AC001605,PH004113,4,3,0.8491204481792716,Excellent,1,Call,469.65833053221286,EV(call)=INR470 [P(RPC)=84.91% x 5% x INR111800 x 10% - INR5],9.0,0.0,0.0,55.55555555555556,111800.0,train
AC001605,PH004112,1,2,0.029643721318314557,Poor,2,Call,11.570840216937839,EV(call)=INR12 [P(RPC)=2.96% x 5% x INR111800 x 10% - INR5],3.0,2.0,0.0,24.0,111800.0,train
AC001605,PH004110,3,0,0.008784313725490198,Poor,3,Suppress,-0.08956862745097904,"EV(call)=INR-0, EV(visit)=INR-79 — negative economic yield",8.0,0.0,7.0,0.0,111800.0,train
AC001605,PH004111,0,1,0.008784313725490198,Poor,4,Suppress,-0.08956862745097904,"EV(call)=INR-0, EV(visit)=INR-79 — negative economic yield",8.0,0.0,0.0,0.0,111800.0,train
AC001606,PH004115,1,1,0.9745437518290897,Excellent,1,Call,1718.96789698566,EV(call)=INR1719 [P(RPC)=97.45% x 5% x INR353800 x 10% - INR5],15.0,0.0,1.0,68.66666666666667,353800.0,train
AC001606,PH004114,3,0,0.008784313725490198,Poor,2,Call,10.53945098039216,EV(call)=INR11 [P(RPC)=0.88% x 5% x INR353800 x 10% - INR5],8.0,0.0,0.0,0.0,353800.0,train
AC001606,PH004116,4,2,0.008784313725490198,Poor,3,Call,10.53945098039216,EV(call)=INR11 [P(RPC)=0.88% x 5% x INR353800 x 10% - INR5],-1.0,-1.0,-1.0,-1.0,353800.0,train
AC001607,PH004117,3,0,0.9745437518290897,Excellent,1,Call,4036.4329388352353,EV(call)=INR4036 [P(RPC)=97.45% x 5% x INR829400 x 10% - INR5],15.0,0.0,0.0,14.466666666666667,829400.0,validation
AC001607,PH004118,4,1,0.8257777777777777,Excellent,2,Call,3419.5004444444444,EV(call)=INR3420 [P(RPC)=82.58% x 5% x INR829400 x 10% - INR5],12.0,0.0,0.0,37.666666666666664,829400.0,validation
AC001608,PH004119,3,0,0.008784313725490198,Poor,1,Call,1.7639215686274525,EV(call)=INR2 [P(RPC)=0.88% x 5% x INR154000 x 10% - INR5],41.0,0.0,29.0,0.0,154000.0,train
AC001609,PH004120,3,0,0.9891764705882353,Excellent,1,Call,3283.764470588236,EV(call)=INR3284 [P(RPC)=98.92% x 5% x INR664950 x 10% - INR5],24.0,0.0,2.0,44.166666666666664,664950.0,train
AC001609,PH000275,2,1,0.8257777777777777,Excellent,2,Call,2740.5046666666667,EV(call)=INR2741 [P(RPC)=82.58% x 5% x INR664950 x 10% - INR5],13.0,3.0,0.0,53.76923076923077,664950.0,train
AC001609,PH004121,4,2,0.7440784313725489,Excellent,3,Call,2468.874764705882,EV(call)=INR2469 [P(RPC)=74.41% x 5% x INR664950 x 10% - INR5],1.0,0.0,0.0,25.0,664950.0,train
AC001610,PH004122,3,0,0.9745437518290897,Excellent,1,Call,249.5995551653497,EV(call)=INR250 [P(RPC)=97.45% x 5% x INR52250 x 10% - INR5],10.0,0.0,0.0,45.3,52250.0,train
AC001610,PH004123,4,1,0.008784313725490198,Poor,2,Suppress,-2.705098039215686,"EV(call)=INR-3, EV(visit)=INR-144 — negative economic yield",-1.0,-1.0,-1.0,-1.0,52250.0,train
AC001611,PH004124,3,0,0.9745437518290897,Excellent,1,Call,104.14890020485805,EV(call)=INR104 [P(RPC)=97.45% x 5% x INR22400 x 10% - INR5],3.0,0.0,0.0,92.33333333333333,22400.0,train
AC001611,PH004125,4,1,0.008784313725490198,Poor,2,Suppress,-4.016156862745098,"EV(call)=INR-4, EV(visit)=INR-176 — negative economic yield",-1.0,-1.0,-1.0,-1.0,22400.0,train
AC001612,PH004126,3,0,0.8257777777777777,Excellent,1,Call,369.2837777777778,EV(call)=INR369 [P(RPC)=82.58% x 5% x INR90650 x 10% - INR5],18.0,0.0,3.0,4.666666666666667,90650.0,test
AC001612,PH004127,0,1,0.008784313725490198,Poor,2,Suppress,-1.0185098039215679,"EV(call)=INR-1, EV(visit)=INR-102 — negative economic yield",8.0,0.0,0.0,0.0,90650.0,test
AC001613,PH004128,3,0,0.9745437518290897,Excellent,1,Call,637.955240269242,EV(call)=INR638 [P(RPC)=97.45% x 5% x INR131950 x 10% - INR5],5.0,0.0,0.0,112.2,131950.0,validation
AC001613,PH004129,0,1,0.029643721318314557,Poor,2,Call,14.55744513975803,EV(call)=INR15 [P(RPC)=2.96% x 5% x INR131950 x 10% - INR5],-1.0,-1.0,-1.0,-1.0,131950.0,validation
AC001613,PH004130,4,2,0.029643721318314557,Poor,3,Call,14.55744513975803,EV(call)=INR15 [P(RPC)=2.96% x 5% x INR131950 x 10% - INR5],-1.0,-1.0,-1.0,-1.0,131950.0,validation
AC001614,PH004131,3,0,0.8911372549019607,Excellent,1,Call,620.5783529411765,EV(call)=INR621 [P(RPC)=89.11% x 5% x INR140400 x 10% - INR5],2.0,0.0,0.0,96.5,140400.0,train
AC001614,PH004132,0,1,0.07136253650396328,Poor,2,Call,45.09650062578223,EV(call)=INR45 [P(RPC)=7.14% x 5% x INR140400 x 10% - INR5],-1.0,-1.0,-1.0,-1.0,140400.0,train
AC001614,PH004133,4,2,0.029643721318314557,Poor,3,Call,15.809892365456818,EV(call)=INR16 [P(RPC)=2.96% x 5% x INR140400 x 10% - INR5],-1.0,-1.0,-1.0,-1.0,140400.0,train
AC001615,PH004135,4,1,0.8491204481792716,Excellent,1,Call,606.3667226890756,EV(call)=INR606 [P(RPC)=84.91% x 5% x INR144000 x 10% - INR5],9.0,0.0,0.0,41.888888888888886,144000.0,train
AC001615,PH004134,3,0,0.008784313725490198,Poor,2,Call,1.3247058823529425,EV(call)=INR1 [P(RPC)=0.88% x 5% x INR144000 x 10% - INR5],16.0,0.0,9.0,0.0,144000.0,train
AC001616,PH004136,3,0,0.9891764705882353,Excellent,1,Call,1239.3840000000002,EV(call)=INR1239 [P(RPC)=98.92% x 5% x INR251600 x 10% - INR5],29.0,0.0,0.0,27.75862068965517,251600.0,train
AC001616,PH004137,1,1,0.008784313725490198,Poor,2,Call,6.05066666666667,EV(call)=INR6 [P(RPC)=0.88% x 5% x INR251600 x 10% - INR5],8.0,2.0,0.0,2.75,251600.0,train
AC001617,PH005830,5,1,0.029643721318314557,Poor,1,Call,2.8852298706716724,EV(call)=INR3 [P(RPC)=2.96% x 5% x INR53200 x 10% - INR5],1.0,0.0,0.0,0.0,53200.0,train
AC001617,PH004138,3,0,0.008784313725490198,Poor,2,Suppress,-2.6633725490196074,"EV(call)=INR-3, EV(visit)=INR-143 — negative economic yield",3.0,0.0,0.0,0.0,53200.0,train
AC001618,PH004139,3,0,0.9424911297852473,Excellent,1,Call,119.17320634920634,EV(call)=INR119 [P(RPC)=94.25% x 5% x INR26350 x 10% - INR5],2.0,0.0,0.0,22.5,26350.0,test
AC001619,PH004140,3,0,0.9745437518290897,Excellent,1,Call,91.4798314310799,EV(call)=INR91 [P(RPC)=97.45% x 5% x INR19800 x 10% - INR5],9.0,0.0,0.0,58.333333333333336,19800.0,validation
AC001619,PH004141,4,1,0.008784313725490198,Poor,2,Suppress,-4.13035294117647,"EV(call)=INR-4, EV(visit)=INR-179 — negative economic yield",-1.0,-1.0,-1.0,-1.0,19800.0,validation
AC001620,PH004142,3,0,0.9891764705882353,Excellent,1,Call,250.20752941176477,EV(call)=INR250 [P(RPC)=98.92% x 5% x INR51600 x 10% - INR5],37.0,0.0,0.0,13.756756756756756,51600.0,train
AC001621,PH004143,3,0,0.9745437518290897,Excellent,1,Call,484.4645993561603,EV(call)=INR484 [P(RPC)=97.45% x 5% x INR100450 x 10% - INR5],18.0,0.0,0.0,77.11111111111111,100450.0,test
AC001622,PH004144,3,0,0.9891764705882353,Excellent,1,Call,524.7040000000001,EV(call)=INR525 [P(RPC)=98.92% x 5% x INR107100 x 10% - INR5],33.0,0.0,0.0,86.0,107100.0,train
AC001622,PH004145,1,1,0.008784313725490198,Poor,2,Suppress,-0.2959999999999994,"EV(call)=INR-0, EV(visit)=INR-84 — negative economic yield",-1.0,-1.0,-1.0,-1.0,107100.0,train
AC001623,PH004147,4,1,0.2888963585434174,Fair,1,Call,195.20517647058827,EV(call)=INR195 [P(RPC)=28.89% x 5% x INR138600 x 10% - INR5],13.0,1.0,0.0,20.615384615384617,138600.0,train
AC001623,PH004146,3,0,0.029643721318314557,Poor,2,Call,15.54309887359199,EV(call)=INR16 [P(RPC)=2.96% x 5% x INR138600 x 10% - INR5],8.0,0.0,0.0,0.0,138600.0,train
AC001624,PH004149,4,1,0.2888963585434174,Fair,1,Suppress,247.49541736694684,Compliance: Verified third-party — contact strictly prohibited,15.0,0.0,0.0,20.066666666666666,174800.0,train
AC001624,PH004148,3,0,0.029643721318314557,Poor,2,Call,20.908612432206922,EV(call)=INR21 [P(RPC)=2.96% x 5% x INR174800 x 10% - INR5],2.0,2.0,0.0,31.0,174800.0,train
AC001624,PH005863,5,2,0.029643721318314557,Poor,3,Call,20.908612432206922,EV(call)=INR21 [P(RPC)=2.96% x 5% x INR174800 x 10% - INR5],8.0,0.0,0.0,0.0,174800.0,train
AC001625,PH004151,4,1,0.43770588235294117,Good,1,Call,79.0395294117647,EV(call)=INR79 [P(RPC)=43.77% x 5% x INR38400 x 10% - INR5],16.0,0.0,0.0,32.5,38400.0,validation
AC001625,PH004150,3,0,0.008784313725490198,Poor,2,Suppress,-3.313411764705882,"EV(call)=INR-3, EV(visit)=INR-159 — negative economic yield",16.0,0.0,5.0,0.0,38400.0,validation
AC001626,PH004152,3,0,0.9891764705882353,Excellent,1,Call,747.2687058823531,EV(call)=INR747 [P(RPC)=98.92% x 5% x INR152100 x 10% - INR5],36.0,1.0,0.0,55.44444444444444,152100.0,train
AC001626,PH004153,4,1,0.008784313725490198,Poor,2,Call,1.6804705882352948,EV(call)=INR2 [P(RPC)=0.88% x 5% x INR152100 x 10% - INR5],-1.0,-1.0,-1.0,-1.0,152100.0,train
AC001627,PH004154,3,0,0.008784313725490198,Poor,1,Suppress,-3.618666666666666,"EV(call)=INR-4, EV(visit)=INR-166 — negative economic yield",8.0,0.0,0.0,0.0,31450.0,validation
AC001627,PH004155,0,1,0.008784313725490198,Poor,2,Suppress,-3.618666666666666,"EV(call)=INR-4, EV(visit)=INR-166 — negative economic yield",2.0,0.0,0.0,0.0,31450.0,validation
AC001627,PH004156,1,2,0.008784313725490198,Poor,3,Suppress,-3.618666666666666,"EV(call)=INR-4, EV(visit)=INR-166 — negative economic yield",-1.0,-1.0,-1.0,-1.0,31450.0,validation
AC001627,PH004157,4,3,0.008784313725490198,Poor,4,Suppress,-3.618666666666666,"EV(call)=INR-4, EV(visit)=INR-166 — negative economic yield",-1.0,-1.0,-1.0,-1.0,31450.0,validation
AC001628,PH004158,3,0,0.9745437518290897,Excellent,1,Call,1456.8156277436346,EV(call)=INR1457 [P(RPC)=97.45% x 5% x INR300000 x 10% - INR5],6.0,0.0,0.0,135.33333333333334,300000.0,train
AC001628,PH004159,4,1,0.008784313725490198,Poor,2,Call,8.176470588235297,EV(call)=INR8 [P(RPC)=0.88% x 5% x INR300000 x 10% - INR5],-1.0,-1.0,-1.0,-1.0,300000.0,train
AC001629,PH004160,3,0,0.9745437518290897,Excellent,1,Call,1045.5581644717588,EV(call)=INR1046 [P(RPC)=97.45% x 5% x INR215600 x 10% - INR5],18.0,0.0,0.0,96.38888888888889,215600.0,train
AC001629,PH000538,2,1,0.029643721318314557,Poor,2,Call,26.95593158114309,EV(call)=INR27 [P(RPC)=2.96% x 5% x INR215600 x 10% - INR5],-1.0,-1.0,-1.0,-1.0,215600.0,train
AC001629,PH004161,4,2,0.029209150326797384,Poor,3,Call,26.487464052287585,EV(call)=INR26 [P(RPC)=2.92% x 5% x INR215600 x 10% - INR5],-1.0,-1.0,-1.0,-1.0,215600.0,train
AC001630,PH004162,3,0,0.07136253650396328,Poor,1,Call,68.43205006257823,EV(call)=INR68 [P(RPC)=7.14% x 5% x INR205800 x 10% - INR5],19.0,2.0,0.0,1.9473684210526316,205800.0,test
AC001630,PH004163,4,1,0.029643721318314557,Poor,2,Call,25.50338923654568,EV(call)=INR26 [P(RPC)=2.96% x 5% x INR205800 x 10% - INR5],8.0,0.0,0.0,37.75,205800.0,test
AC001630,PH005952,5,2,0.029643721318314557,Poor,3,Call,25.50338923654568,EV(call)=INR26 [P(RPC)=2.96% x 5% x INR205800 x 10% - INR5],-1.0,-1.0,-1.0,-1.0,205800.0,test
AC001631,PH004165,0,1,0.9424911297852473,Excellent,1,Call,192.92313725490195,EV(call)=INR193 [P(RPC)=94.25% x 5% x INR42000 x 10% - INR5],13.0,0.0,6.0,3.3076923076923075,42000.0,train
AC001631,PH004164,3,0,0.008784313725490198,Poor,2,Suppress,-3.155294117647059,"EV(call)=INR-3, EV(visit)=INR-155 — negative economic yield",8.0,0.0,0.0,0.0,42000.0,train
AC001631,PH004166,1,2,0.008784313725490198,Poor,3,Suppress,-3.155294117647059,"EV(call)=INR-3, EV(visit)=INR-155 — negative economic yield",1.0,0.0,0.0,0.0,42000.0,train
AC001632,PH004167,3,0,0.9891764705882353,Excellent,1,Call,1214.1600000000003,EV(call)=INR1214 [P(RPC)=98.92% x 5% x INR246500 x 10% - INR5],39.0,1.0,0.0,61.717948717948715,246500.0,test
AC001632,PH004168,0,1,0.008784313725490198,Poor,2,Call,5.82666666666667,EV(call)=INR6 [P(RPC)=0.88% x 5% x INR246500 x 10% - INR5],-1.0,-1.0,-1.0,-1.0,246500.0,test
AC001633,PH004169,3,0,0.9745437518290897,Excellent,1,Call,254.7159098624524,EV(call)=INR255 [P(RPC)=97.45% x 5% x INR53300 x 10% - INR5],34.0,1.0,0.0,7.235294117647059,53300.0,test
AC001634,PH004171,0,1,0.9891764705882353,Excellent,1,Call,736.8823529411766,EV(call)=INR737 [P(RPC)=98.92% x 5% x INR150000 x 10% - INR5],7.0,0.0,0.0,63.42857142857143,150000.0,train
AC001634,PH004170,3,0,0.10069607843137254,Poor,2,Call,70.52205882352942,EV(call)=INR71 [P(RPC)=10.07% x 5% x INR150000 x 10% - INR5],8.0,2.0,0.0,4.25,150000.0,train
AC001635,PH004173,1,1,0.7440784313725489,Excellent,1,Call,518.0871372549019,EV(call)=INR518 [P(RPC)=74.41% x 5% x INR140600 x 10% - INR5],10.0,0.0,0.0,1.9,140600.0,train
AC001635,PH004172,3,0,0.07136253650396328,Poor,2,Call,45.16786316228619,EV(call)=INR45 [P(RPC)=7.14% x 5% x INR140600 x 10% - INR5],8.0,0.0,0.0,0.0,140600.0,train
AC001636,PH004174,3,0,0.9891764705882353,Excellent,1,Call,676.5425882352943,EV(call)=INR677 [P(RPC)=98.92% x 5% x INR137800 x 10% - INR5],29.0,0.0,0.0,32.41379310344828,137800.0,train
AC001636,PH004175,0,1,0.008784313725490198,Poor,2,Call,1.052392156862747,EV(call)=INR1 [P(RPC)=0.88% x 5% x INR137800 x 10% - INR5],-1.0,-1.0,-1.0,-1.0,137800.0,train
AC001636,PH004176,1,2,0.008784313725490198,Poor,3,Call,1.052392156862747,EV(call)=INR1 [P(RPC)=0.88% x 5% x INR137800 x 10% - INR5],-1.0,-1.0,-1.0,-1.0,137800.0,train
AC001636,PH000425,2,3,0.008784313725490198,Poor,4,Suppress,1.052392156862747,Compliance: Verified third-party — contact strictly prohibited,-1.0,-1.0,-1.0,-1.0,137800.0,train
AC001636,PH004177,4,4,0.008784313725490198,Poor,5,Call,1.052392156862747,EV(call)=INR1 [P(RPC)=0.88% x 5% x INR137800 x 10% - INR5],-1.0,-1.0,-1.0,-1.0,137800.0,train
AC001637,PH004178,3,0,0.9891764705882353,Excellent,1,Call,1766.3677647058828,EV(call)=INR1766 [P(RPC)=98.92% x 5% x INR358150 x 10% - INR5],18.0,1.0,0.0,20.333333333333332,358150.0,test
AC001637,PH004179,0,1,0.029643721318314557,Poor,2,Call,48.0844939507718,EV(call)=INR48 [P(RPC)=2.96% x 5% x INR358150 x 10% - INR5],-1.0,-1.0,-1.0,-1.0,358150.0,test
AC001637,PH004180,4,2,0.029209150326797384,Poor,3,Call,47.306285947712425,EV(call)=INR47 [P(RPC)=2.92% x 5% x INR358150 x 10% - INR5],-1.0,-1.0,-1.0,-1.0,358150.0,test
AC001638,PH004181,3,0,0.9424911297852473,Excellent,1,Call,1606.659831932773,EV(call)=INR1607 [P(RPC)=94.25% x 5% x INR342000 x 10% - INR5],2.0,0.0,0.0,44.5,342000.0,train
AC001638,PH004182,0,1,0.008784313725490198,Poor,2,Call,10.02117647058824,EV(call)=INR10 [P(RPC)=0.88% x 5% x INR342000 x 10% - INR5],-1.0,-1.0,-1.0,-1.0,342000.0,train
AC001638,PH004183,4,2,0.008784313725490198,Poor,3,Call,10.02117647058824,EV(call)=INR10 [P(RPC)=0.88% x 5% x INR342000 x 10% - INR5],-1.0,-1.0,-1.0,-1.0,342000.0,train
AC001639,PH004184,3,0,0.9891764705882353,Excellent,1,Call,1630.8505882352945,EV(call)=INR1631 [P(RPC)=98.92% x 5% x INR330750 x 10% - INR5],28.0,0.0,0.0,43.107142857142854,330750.0,test
AC001640,PH004185,3,0,0.9891764705882353,Excellent,1,Call,1113.2640000000001,EV(call)=INR1113 [P(RPC)=98.92% x 5% x INR226100 x 10% - INR5],28.0,0.0,0.0,28.178571428571427,226100.0,train
AC001640,PH004186,1,1,0.008784313725490198,Poor,2,Call,4.930666666666669,EV(call)=INR5 [P(RPC)=0.88% x 5% x INR226100 x 10% - INR5],5.0,0.0,0.0,0.0,226100.0,train
AC001641,PH004187,3,0,0.8257777777777777,Excellent,1,Call,232.82399999999998,EV(call)=INR233 [P(RPC)=82.58% x 5% x INR57600 x 10% - INR5],20.0,2.0,0.0,5.65,57600.0,test
AC001642,PH004188,3,0,0.9891764705882353,Excellent,1,Call,2509.9811764705887,EV(call)=INR2510 [P(RPC)=98.92% x 5% x INR508500 x 10% - INR5],31.0,0.0,0.0,39.225806451612904,508500.0,train
AC001642,PH004189,0,1,0.029643721318314557,Poor,2,Call,70.36916145181476,EV(call)=INR70 [P(RPC)=2.96% x 5% x INR508500 x 10% - INR5],-1.0,-1.0,-1.0,-1.0,508500.0,train
AC001642,PH000416,2,2,0.008784313725490198,Poor,3,Call,17.33411764705883,EV(call)=INR17 [P(RPC)=0.88% x 5% x INR508500 x 10% - INR5],-1.0,-1.0,-1.0,-1.0,508500.0,train
AC001642,PH004190,4,3,0.008784313725490198,Poor,4,Call,17.33411764705883,EV(call)=INR17 [P(RPC)=0.88% x 5% x INR508500 x 10% - INR5],-1.0,-1.0,-1.0,-1.0,508500.0,train
AC001643,PH004191,3,0,0.9745437518290897,Excellent,1,Call,1096.2344395668713,EV(call)=INR1096 [P(RPC)=97.45% x 5% x INR226000 x 10% - INR5],16.0,0.0,0.0,125.6875,226000.0,test
AC001643,PH000479,2,1,0.029962195110291367,Poor,2,Call,28.85728047462925,EV(call)=INR29 [P(RPC)=3.00% x 5% x INR226000 x 10% - INR5],8.0,0.0,0.0,41.25,226000.0,test
AC001643,PH004192,4,2,0.008784313725490198,Poor,3,Call,4.926274509803925,EV(call)=INR5 [P(RPC)=0.88% x 5% x INR226000 x 10% - INR5],-1.0,-1.0,-1.0,-1.0,226000.0,test
AC001644,PH004194,1,1,0.9891764705882353,Excellent,1,Call,265.78705882352943,EV(call)=INR266 [P(RPC)=98.92% x 5% x INR54750 x 10% - INR5],17.0,0.0,0.0,78.94117647058823,54750.0,test
AC001644,PH004193,3,0,0.9745437518290897,Excellent,2,Call,261.7813520632133,EV(call)=INR262 [P(RPC)=97.45% x 5% x INR54750 x 10% - INR5],9.0,0.0,0.0,36.333333333333336,54750.0,test
AC001644,PH004195,4,2,0.008784313725490198,Poor,3,Suppress,-2.5952941176470583,"EV(call)=INR-3, EV(visit)=INR-141 — negative economic yield",-1.0,-1.0,-1.0,-1.0,54750.0,test
AC001645,PH004196,3,0,0.9745437518290897,Excellent,1,Call,96.35255019022534,EV(call)=INR96 [P(RPC)=97.45% x 5% x INR20800 x 10% - INR5],4.0,0.0,0.0,111.25,20800.0,train
AC001645,PH004197,0,1,0.008784313725490198,Poor,2,Suppress,-4.086431372549019,"EV(call)=INR-4, EV(visit)=INR-178 — negative economic yield",-1.0,-1.0,-1.0,-1.0,20800.0,train
AC001645,PH004198,1,2,0.008784313725490198,Poor,3,Suppress,-4.086431372549019,"EV(call)=INR-4, EV(visit)=INR-178 — negative economic yield",-1.0,-1.0,-1.0,-1.0,20800.0,train
AC001645,PH004199,4,3,0.008784313725490198,Poor,4,Suppress,-4.086431372549019,"EV(call)=INR-4, EV(visit)=INR-178 — negative economic yield",-1.0,-1.0,-1.0,-1.0,20800.0,train
AC001646,PH004200,3,0,0.008784313725490198,Poor,1,Call,0.4923921568627465,EV(call)=INR0 [P(RPC)=0.88% x 5% x INR125050 x 10% - INR5],2.0,2.0,0.0,19.5,125050.0,test
AC001647,PH004202,4,2,0.10069607843137254,Poor,1,Call,44.34107843137255,EV(call)=INR44 [P(RPC)=10.07% x 5% x INR98000 x 10% - INR5],8.0,1.0,0.0,19.75,98000.0,test
AC001647,PH004201,3,0,0.07136253650396328,Poor,2,Call,29.96764288694201,EV(call)=INR30 [P(RPC)=7.14% x 5% x INR98000 x 10% - INR5],15.0,0.0,0.0,0.0,98000.0,test
AC001647,PH000369,2,1,0.008784313725490198,Poor,3,Suppress,-0.6956862745098027,"EV(call)=INR-1, EV(visit)=INR-94 — negative economic yield",8.0,0.0,0.0,49.625,98000.0,test
AC001648,PH004203,3,0,0.9891764705882353,Excellent,1,Call,469.80470588235306,EV(call)=INR470 [P(RPC)=98.92% x 5% x INR96000 x 10% - INR5],26.0,0.0,0.0,32.92307692307692,96000.0,validation
AC001648,PH004204,1,1,0.2888963585434174,Fair,2,Call,133.67025210084034,EV(call)=INR134 [P(RPC)=28.89% x 5% x INR96000 x 10% - INR5],7.0,1.0,0.0,37.42857142857143,96000.0,validation
AC001649,PH004205,3,0,0.9745437518290897,Excellent,1,Call,840.90397658765,EV(call)=INR841 [P(RPC)=97.45% x 5% x INR173600 x 10% - INR5],14.0,0.0,0.0,23.285714285714285,173600.0,train
AC001649,PH004206,1,1,0.9424911297852473,Excellent,2,Call,813.0823006535948,EV(call)=INR813 [P(RPC)=94.25% x 5% x INR173600 x 10% - INR5],9.0,0.0,0.0,3.888888888888889,173600.0,train
AC001649,PH004207,4,3,0.7440784313725489,Excellent,3,Call,640.8600784313725,EV(call)=INR641 [P(RPC)=74.41% x 5% x INR173600 x 10% - INR5],6.0,1.0,0.0,21.833333333333332,173600.0,train
AC001649,PH000322,2,2,0.008784313725490198,Poor,4,Call,2.624784313725492,EV(call)=INR3 [P(RPC)=0.88% x 5% x INR173600 x 10% - INR5],8.0,0.0,0.0,34.375,173600.0,train
AC001650,PH004208,3,0,0.9891764705882353,Excellent,1,Call,244.27247058823534,EV(call)=INR244 [P(RPC)=98.92% x 5% x INR50400 x 10% - INR5],20.0,0.0,0.0,34.3,50400.0,train
AC001650,PH004209,0,1,0.029643721318314557,Poor,2,Call,2.4702177722152685,EV(call)=INR2 [P(RPC)=2.96% x 5% x INR50400 x 10% - INR5],-1.0,-1.0,-1.0,-1.0,50400.0,train
AC001650,PH004210,4,2,0.008784313725490198,Poor,3,Suppress,-2.78635294117647,"EV(call)=INR-3, EV(visit)=INR-146 — negative economic yield",-1.0,-1.0,-1.0,-1.0,50400.0,train
AC001651,PH004212,0,1,0.9891764705882353,Excellent,1,Call,1817.5576470588237,EV(call)=INR1818 [P(RPC)=98.92% x 5% x INR368500 x 10% - INR5],17.0,0.0,0.0,35.05882352941177,368500.0,validation
AC001651,PH004213,4,2,0.10069607843137254,Poor,2,Call,180.53252450980395,EV(call)=INR181 [P(RPC)=10.07% x 5% x INR368500 x 10% - INR5],8.0,0.0,0.0,16.125,368500.0,validation
AC001651,PH004211,3,0,0.029643721318314557,Poor,3,Call,49.61855652899458,EV(call)=INR50 [P(RPC)=2.96% x 5% x INR368500 x 10% - INR5],5.0,2.0,0.0,4.2,368500.0,validation
AC001652,PH004214,3,0,0.9424911297852473,Excellent,1,Call,3821.0427413632115,EV(call)=INR3821 [P(RPC)=94.25% x 5% x INR811900 x 10% - INR5],3.0,0.0,0.0,9.0,811900.0,train
AC001652,PH004215,1,1,0.008784313725490198,Poor,2,Call,30.65992156862746,EV(call)=INR31 [P(RPC)=0.88% x 5% x INR811900 x 10% - INR5],-1.0,-1.0,-1.0,-1.0,811900.0,train
AC001652,PH000315,2,2,0.008784313725490198,Poor,3,Call,30.65992156862746,EV(call)=INR31 [P(RPC)=0.88% x 5% x INR811900 x 10% - INR5],-1.0,-1.0,-1.0,-1.0,811900.0,train
AC001653,PH004217,1,1,0.7440784313725489,Excellent,1,Call,804.185294117647,EV(call)=INR804 [P(RPC)=74.41% x 5% x INR217500 x 10% - INR5],3.0,0.0,0.0,19.0,217500.0,test
AC001653,PH004216,3,0,0.04993289282407129,Poor,2,Call,49.30202094617754,EV(call)=INR49 [P(RPC)=4.99% x 5% x INR217500 x 10% - INR5],8.0,1.0,0.0,0.625,217500.0,test
AC001653,PH000492,2,2,0.008784313725490198,Poor,3,Call,4.55294117647059,EV(call)=INR5 [P(RPC)=0.88% x 5% x INR217500 x 10% - INR5],-1.0,-1.0,-1.0,-1.0,217500.0,test
AC001653,PH004218,4,3,0.008784313725490198,Poor,4,Call,4.55294117647059,EV(call)=INR5 [P(RPC)=0.88% x 5% x INR217500 x 10% - INR5],-1.0,-1.0,-1.0,-1.0,217500.0,test
AC001654,PH005905,5,3,0.9424911297852473,Excellent,1,Call,498.05464052287573,EV(call)=INR498 [P(RPC)=94.25% x 5% x INR106750 x 10% - INR5],2.0,0.0,0.0,21.5,106750.0,train
AC001654,PH004220,4,1,0.10069607843137254,Poor,2,Call,48.7465318627451,EV(call)=INR49 [P(RPC)=10.07% x 5% x INR106750 x 10% - INR5],13.0,1.0,0.0,39.46153846153846,106750.0,train
AC001654,PH004219,3,0,0.07136253650396328,Poor,3,Call,33.0897538589904,EV(call)=INR33 [P(RPC)=7.14% x 5% x INR106750 x 10% - INR5],9.0,2.0,0.0,7.777777777777778,106750.0,train
AC001654,PH005826,5,2,0.008784313725490198,Poor,4,Suppress,-0.3113725490196062,"EV(call)=INR-0, EV(visit)=INR-85 — negative economic yield",8.0,0.0,4.0,0.0,106750.0,train
AC001655,PH004221,3,0,0.9891764705882353,Excellent,1,Call,440.129411764706,EV(call)=INR440 [P(RPC)=98.92% x 5% x INR90000 x 10% - INR5],23.0,0.0,4.0,24.73913043478261,90000.0,train
AC001655,PH005939,5,1,0.8911372549019607,Excellent,2,Call,396.0117647058824,EV(call)=INR396 [P(RPC)=89.11% x 5% x INR90000 x 10% - INR5],6.0,0.0,0.0,61.166666666666664,90000.0,train
AC001656,PH004222,3,0,0.9745437518290897,Excellent,1,Call,571.9299010828212,EV(call)=INR572 [P(RPC)=97.45% x 5% x INR118400 x 10% - INR5],18.0,0.0,0.0,28.166666666666668,118400.0,validation
AC001656,PH004223,0,1,0.029643721318314557,Poor,2,Call,12.549083020442218,EV(call)=INR13 [P(RPC)=2.96% x 5% x INR118400 x 10% - INR5],4.0,0.0,0.0,0.0,118400.0,validation
AC001657,PH004224,3,0,0.008784313725490198,Poor,1,Suppress,-2.825882352941176,"EV(call)=INR-3, EV(visit)=INR-147 — negative economic yield",27.0,0.0,12.0,0.0,49500.0,train
AC001658,PH004225,3,0,0.9745437518290897,Excellent,1,Call,710.8023857184664,EV(call)=INR711 [P(RPC)=97.45% x 5% x INR146900 x 10% - INR5],13.0,0.0,0.0,66.92307692307692,146900.0,train
AC001658,PH004226,4,1,0.10069607843137254,Poor,2,Call,68.96126960784315,EV(call)=INR69 [P(RPC)=10.07% x 5% x INR146900 x 10% - INR5],13.0,0.0,0.0,32.76923076923077,146900.0,train
AC001659,PH004227,3,0,0.9745437518290897,Excellent,1,Call,696.6715013169446,EV(call)=INR697 [P(RPC)=97.45% x 5% x INR144000 x 10% - INR5],24.0,0.0,0.0,61.208333333333336,144000.0,train
AC001659,PH004228,1,1,0.008784313725490198,Poor,2,Call,1.3247058823529425,EV(call)=INR1 [P(RPC)=0.88% x 5% x INR144000 x 10% - INR5],2.0,2.0,0.0,24.0,144000.0,train
AC001660,PH004230,4,1,0.9424911297852473,Excellent,1,Call,410.6385882352941,EV(call)=INR411 [P(RPC)=94.25% x 5% x INR88200 x 10% - INR5],22.0,0.0,0.0,55.81818181818182,88200.0,validation
AC001660,PH004229,3,0,0.029643721318314557,Poor,2,Call,8.072881101376721,EV(call)=INR8 [P(RPC)=2.96% x 5% x INR88200 x 10% - INR5],16.0,1.0,0.0,0.5,88200.0,validation
AC001661,PH005834,5,2,0.9745437518290897,Excellent,1,Call,229.3777723148961,EV(call)=INR229 [P(RPC)=97.45% x 5% x INR48100 x 10% - INR5],18.0,0.0,0.0,10.444444444444445,48100.0,train
AC001661,PH004231,3,0,0.008784313725490198,Poor,2,Suppress,-2.887372549019607,"EV(call)=INR-3, EV(visit)=INR-148 — negative economic yield",21.0,0.0,16.0,0.0,48100.0,train
AC001661,PH004232,1,1,0.008784313725490198,Poor,3,Suppress,-2.887372549019607,"EV(call)=INR-3, EV(visit)=INR-148 — negative economic yield",2.0,2.0,0.0,15.5,48100.0,train
AC001662,PH004233,3,0,0.07136253650396328,Poor,1,Call,35.53392073425115,EV(call)=INR36 [P(RPC)=7.14% x 5% x INR113600 x 10% - INR5],4.0,1.0,0.0,4.5,113600.0,train
AC001662,PH004234,4,1,0.029643721318314557,Poor,2,Call,11.837633708802667,EV(call)=INR12 [P(RPC)=2.96% x 5% x INR113600 x 10% - INR5],-1.0,-1.0,-1.0,-1.0,113600.0,train
AC001663,PH004236,1,1,0.9424911297852473,Excellent,1,Call,638.2501960784313,EV(call)=INR638 [P(RPC)=94.25% x 5% x INR136500 x 10% - INR5],17.0,1.0,0.0,41.8235294117647,136500.0,train
AC001663,PH004235,3,0,0.06411007398439031,Poor,2,Call,38.755125494346395,EV(call)=INR39 [P(RPC)=6.41% x 5% x INR136500 x 10% - INR5],8.0,0.0,1.0,0.0,136500.0,train
AC001663,PH004237,4,2,0.029643721318314557,Poor,3,Call,15.231839799749686,EV(call)=INR15 [P(RPC)=2.96% x 5% x INR136500 x 10% - INR5],-1.0,-1.0,-1.0,-1.0,136500.0,train
AC001664,PH004238,3,0,0.9891764705882353,Excellent,1,Call,182.94352941176476,EV(call)=INR183 [P(RPC)=98.92% x 5% x INR38000 x 10% - INR5],16.0,0.0,0.0,21.6875,38000.0,validation
AC001664,PH004239,1,1,0.9891764705882353,Excellent,2,Call,182.94352941176476,EV(call)=INR183 [P(RPC)=98.92% x 5% x INR38000 x 10% - INR5],9.0,0.0,2.0,78.22222222222223,38000.0,validation
AC001664,PH004240,4,2,0.029643721318314557,Poor,3,Call,0.632307050479767,EV(call)=INR1 [P(RPC)=2.96% x 5% x INR38000 x 10% - INR5],-1.0,-1.0,-1.0,-1.0,38000.0,validation
AC001665,PH004241,3,0,0.9891764705882353,Excellent,1,Suppress,1350.4190588235297,Compliance: Verified invalid/wrong phone number,20.0,0.0,0.0,57.9,274050.0,test
AC001665,PH004242,0,1,0.029643721318314557,Poor,2,Call,35.619309136420526,EV(call)=INR36 [P(RPC)=2.96% x 5% x INR274050 x 10% - INR5],-1.0,-1.0,-1.0,-1.0,274050.0,test
AC001665,PH004243,1,2,0.029643721318314557,Poor,3,Call,35.619309136420526,EV(call)=INR36 [P(RPC)=2.96% x 5% x INR274050 x 10% - INR5],-1.0,-1.0,-1.0,-1.0,274050.0,test
AC001666,PH004245,0,1,0.10069607843137254,Poor,1,Call,40.967759803921574,EV(call)=INR41 [P(RPC)=10.07% x 5% x INR91300 x 10% - INR5],8.0,0.0,0.0,15.75,91300.0,train
AC001666,PH004244,3,0,0.029643721318314557,Poor,2,Call,8.532358781810595,EV(call)=INR9 [P(RPC)=2.96% x 5% x INR91300 x 10% - INR5],8.0,0.0,0.0,0.0,91300.0,train
AC001666,PH004246,4,2,0.029643721318314557,Poor,3,Call,8.532358781810595,EV(call)=INR9 [P(RPC)=2.96% x 5% x INR91300 x 10% - INR5],2.0,0.0,0.0,0.0,91300.0,train
AC001667,PH004247,3,0,0.8911372549019607,Excellent,1,Call,646.6441176470589,EV(call)=INR647 [P(RPC)=89.11% x 5% x INR146250 x 10% - INR5],16.0,0.0,0.0,14.0625,146250.0,train
AC001667,PH000270,2,1,0.008784313725490198,Poor,2,Call,1.423529411764708,EV(call)=INR1 [P(RPC)=0.88% x 5% x INR146250 x 10% - INR5],-1.0,-1.0,-1.0,-1.0,146250.0,train
AC001667,PH004248,4,2,0.008784313725490198,Poor,3,Call,1.423529411764708,EV(call)=INR1 [P(RPC)=0.88% x 5% x INR146250 x 10% - INR5],-1.0,-1.0,-1.0,-1.0,146250.0,train
AC001668,PH004249,3,0,0.008784313725490198,Poor,1,Suppress,-4.165490196078431,"EV(call)=INR-4, EV(visit)=INR-179 — negative economic yield",1.0,0.0,0.0,0.0,19000.0,test
AC001668,PH004250,4,1,0.008784313725490198,Poor,2,Suppress,-4.165490196078431,"EV(call)=INR-4, EV(visit)=INR-179 — negative economic yield",-1.0,-1.0,-1.0,-1.0,19000.0,test
AC001669,PH004252,1,1,0.9891764705882353,Excellent,1,Call,260.84117647058827,EV(call)=INR261 [P(RPC)=98.92% x 5% x INR53750 x 10% - INR5],16.0,1.0,2.0,49.25,53750.0,train
AC001669,PH004251,3,0,0.008784313725490198,Poor,2,Suppress,-2.6392156862745093,"EV(call)=INR-3, EV(visit)=INR-142 — negative economic yield",8.0,0.0,0.0,0.0,53750.0,train
AC001670,PH004253,3,0,0.9424911297852473,Excellent,1,Call,1436.5401830065357,EV(call)=INR1437 [P(RPC)=94.25% x 5% x INR305900 x 10% - INR5],46.0,0.0,36.0,0.9347826086956522,305900.0,train
AC001671,PH004254,3,0,0.9891764705882353,Excellent,1,Call,194.31905882352945,EV(call)=INR194 [P(RPC)=98.92% x 5% x INR40300 x 10% - INR5],40.0,0.0,2.0,47.95,40300.0,test
AC001672,PH004256,0,1,0.9891764705882353,Excellent,1,Call,722.044705882353,EV(call)=INR722 [P(RPC)=98.92% x 5% x INR147000 x 10% - INR5],15.0,0.0,0.0,17.733333333333334,147000.0,validation
AC001672,PH004255,3,0,0.10069607843137254,Poor,2,Call,69.01161764705883,EV(call)=INR69 [P(RPC)=10.07% x 5% x INR147000 x 10% - INR5],5.0,2.0,0.0,9.6,147000.0,validation
AC001672,PH004257,1,2,0.029643721318314557,Poor,3,Call,16.7881351689612,EV(call)=INR17 [P(RPC)=2.96% x 5% x INR147000 x 10% - INR5],4.0,0.0,0.0,0.0,147000.0,validation
AC001672,PH000289,2,3,0.008784313725490198,Poor,4,Call,1.4564705882352955,EV(call)=INR1 [P(RPC)=0.88% x 5% x INR147000 x 10% - INR5],-1.0,-1.0,-1.0,-1.0,147000.0,validation
AC001673,PH004259,1,1,0.9891764705882353,Excellent,1,Call,159.94517647058828,EV(call)=INR160 [P(RPC)=98.92% x 5% x INR33350 x 10% - INR5],11.0,0.0,0.0,20.545454545454547,33350.0,train
AC001673,PH004258,3,0,0.9424911297852473,Excellent,2,Call,152.16039589169,EV(call)=INR152 [P(RPC)=94.25% x 5% x INR33350 x 10% - INR5],9.0,0.0,0.0,4.444444444444445,33350.0,train
AC001673,PH004260,4,2,0.008784313725490198,Poor,3,Suppress,-3.535215686274509,"EV(call)=INR-4, EV(visit)=INR-164 — negative economic yield",8.0,0.0,7.0,0.0,33350.0,train
AC001674,PH004261,3,0,0.07136253650396328,Poor,1,Call,43.70493116395494,EV(call)=INR44 [P(RPC)=7.14% x 5% x INR136500 x 10% - INR5],4.0,0.0,0.0,0.0,136500.0,train
AC001674,PH004262,0,1,0.07136253650396328,Poor,2,Call,43.70493116395494,EV(call)=INR44 [P(RPC)=7.14% x 5% x INR136500 x 10% - INR5],-1.0,-1.0,-1.0,-1.0,136500.0,train
AC001675,PH004264,0,1,0.9891764705882353,Excellent,1,Call,540.2835294117648,EV(call)=INR540 [P(RPC)=98.92% x 5% x INR110250 x 10% - INR5],6.0,1.0,0.0,113.66666666666667,110250.0,train
AC001675,PH004263,3,0,0.9745437518290897,Excellent,2,Call,532.2172431957857,EV(call)=INR532 [P(RPC)=97.45% x 5% x INR110250 x 10% - INR5],18.0,0.0,0.0,42.166666666666664,110250.0,train
AC001675,PH004265,1,2,0.029643721318314557,Poor,3,Call,11.3411013767209,EV(call)=INR11 [P(RPC)=2.96% x 5% x INR110250 x 10% - INR5],-1.0,-1.0,-1.0,-1.0,110250.0,train
AC001676,PH004267,4,1,0.8911372549019607,Excellent,1,Call,322.4929411764706,EV(call)=INR322 [P(RPC)=89.11% x 5% x INR73500 x 10% - INR5],15.0,0.0,0.0,69.73333333333333,73500.0,train
AC001676,PH004266,3,0,0.07136253650396328,Poor,2,Call,21.22573216520651,EV(call)=INR21 [P(RPC)=7.14% x 5% x INR73500 x 10% - INR5],16.0,0.0,0.0,0.0,73500.0,train
AC001677,PH004268,3,0,0.9891764705882353,Excellent,1,Call,265.0451764705883,EV(call)=INR265 [P(RPC)=98.92% x 5% x INR54600 x 10% - INR5],34.0,0.0,0.0,41.76470588235294,54600.0,train
AC001678,PH004269,3,0,0.9745437518290897,Excellent,1,Call,651.5988527948493,EV(call)=INR652 [P(RPC)=97.45% x 5% x INR134750 x 10% - INR5],9.0,0.0,0.0,113.33333333333333,134750.0,train
AC001678,PH004270,1,1,0.029209150326797384,Poor,2,Call,14.67966503267974,EV(call)=INR15 [P(RPC)=2.92% x 5% x INR134750 x 10% - INR5],-1.0,-1.0,-1.0,-1.0,134750.0,train
AC001679,PH004271,3,0,0.9424911297852473,Excellent,1,Call,673.5936134453781,EV(call)=INR674 [P(RPC)=94.25% x 5% x INR144000 x 10% - INR5],31.0,0.0,0.0,6.645161290322581,144000.0,train
AC001680,PH004272,3,0,0.9745437518290897,Excellent,1,Call,3612.993678665496,EV(call)=INR3613 [P(RPC)=97.45% x 5% x INR742500 x 10% - INR5],8.0,0.0,0.0,71.625,742500.0,validation
AC001680,PH004273,0,1,0.029209150326797384,Poor,2,Call,103.43897058823529,EV(call)=INR103 [P(RPC)=2.92% x 5% x INR742500 x 10% - INR5],-1.0,-1.0,-1.0,-1.0,742500.0,validation
AC001680,PH004274,1,2,0.008784313725490198,Poor,3,Call,27.611764705882358,EV(call)=INR28 [P(RPC)=0.88% x 5% x INR742500 x 10% - INR5],-1.0,-1.0,-1.0,-1.0,742500.0,validation
AC001681,PH004276,0,1,0.9745437518290897,Excellent,1,Call,306.85400058530877,EV(call)=INR307 [P(RPC)=97.45% x 5% x INR64000 x 10% - INR5],1.0,0.0,0.0,33.0,64000.0,train
AC001681,PH004275,3,0,0.008784313725490198,Poor,2,Suppress,-2.1890196078431363,"EV(call)=INR-2, EV(visit)=INR-131 — negative economic yield",2.0,0.0,0.0,0.0,64000.0,train
AC001681,PH004277,1,2,0.008784313725490198,Poor,3,Suppress,-2.1890196078431363,"EV(call)=INR-2, EV(visit)=INR-131 — negative economic yield",-1.0,-1.0,-1.0,-1.0,64000.0,train
AC001681,PH000570,2,3,0.008784313725490198,Poor,4,Suppress,-2.1890196078431363,"EV(call)=INR-2, EV(visit)=INR-131 — negative economic yield",-1.0,-1.0,-1.0,-1.0,64000.0,train
AC001682,PH004278,3,0,0.8911372549019607,Excellent,1,Call,251.6475294117647,EV(call)=INR252 [P(RPC)=89.11% x 5% x INR57600 x 10% - INR5],11.0,0.0,0.0,12.727272727272727,57600.0,test
AC001682,PH004279,0,1,0.8491204481792716,Excellent,2,Call,239.54668907563024,EV(call)=INR240 [P(RPC)=84.91% x 5% x INR57600 x 10% - INR5],7.0,0.0,1.0,7.285714285714286,57600.0,test
AC001682,PH004280,4,2,0.029209150326797384,Poor,3,Call,3.4122352941176484,EV(call)=INR3 [P(RPC)=2.92% x 5% x INR57600 x 10% - INR5],-1.0,-1.0,-1.0,-1.0,57600.0,test
AC001683,PH004282,0,1,0.9424911297852473,Excellent,1,Call,143.44235294117647,EV(call)=INR143 [P(RPC)=94.25% x 5% x INR31500 x 10% - INR5],6.0,0.0,0.0,15.166666666666666,31500.0,train
AC001683,PH000437,2,2,0.10069607843137254,Poor,2,Call,10.85963235294118,EV(call)=INR11 [P(RPC)=10.07% x 5% x INR31500 x 10% - INR5],7.0,0.0,0.0,66.14285714285714,31500.0,train
AC001683,PH004281,3,0,0.008784313725490198,Poor,3,Suppress,-3.616470588235294,"EV(call)=INR-4, EV(visit)=INR-166 — negative economic yield",8.0,0.0,6.0,0.0,31500.0,train
AC001683,PH004283,4,3,0.008784313725490198,Poor,4,Suppress,-3.616470588235294,"EV(call)=INR-4, EV(visit)=INR-166 — negative economic yield",-1.0,-1.0,-1.0,-1.0,31500.0,train
AC001684,PH004284,3,0,0.9745437518290897,Excellent,1,Call,2587.7736517412936,EV(call)=INR2588 [P(RPC)=97.45% x 5% x INR532100 x 10% - INR5],10.0,0.0,0.0,80.0,532100.0,test
AC001684,PH004285,0,1,0.029643721318314557,Poor,2,Call,73.86712056737588,EV(call)=INR74 [P(RPC)=2.96% x 5% x INR532100 x 10% - INR5],-1.0,-1.0,-1.0,-1.0,532100.0,test
AC001685,PH004287,0,1,0.9891764705882353,Excellent,1,Call,3219.2207058823533,EV(call)=INR3219 [P(RPC)=98.92% x 5% x INR651900 x 10% - INR5],17.0,0.0,0.0,34.8235294117647,651900.0,train
AC001685,PH004286,3,0,0.07136253650396328,Poor,2,Call,227.6061877346683,EV(call)=INR228 [P(RPC)=7.14% x 5% x INR651900 x 10% - INR5],4.0,2.0,0.0,18.0,651900.0,train
AC001685,PH004288,1,2,0.008784313725490198,Poor,3,Call,23.6324705882353,EV(call)=INR24 [P(RPC)=0.88% x 5% x INR651900 x 10% - INR5],-1.0,-1.0,-1.0,-1.0,651900.0,train
AC001686,PH004291,1,2,0.8491204481792716,Excellent,1,Call,135.10487394957983,EV(call)=INR135 [P(RPC)=84.91% x 5% x INR33000 x 10% - INR5],8.0,0.0,0.0,10.625,33000.0,train
AC001686,PH004289,3,0,0.07136253650396328,Poor,2,Call,6.774818523153943,EV(call)=INR7 [P(RPC)=7.14% x 5% x INR33000 x 10% - INR5],8.0,0.0,0.0,11.125,33000.0,train
AC001686,PH004290,0,1,0.008784313725490198,Poor,3,Suppress,-3.550588235294117,"EV(call)=INR-4, EV(visit)=INR-164 — negative economic yield",8.0,0.0,0.0,0.0,33000.0,train
AC001686,PH004292,4,3,0.008784313725490198,Poor,4,Suppress,-3.550588235294117,"EV(call)=INR-4, EV(visit)=INR-164 — negative economic yield",-1.0,-1.0,-1.0,-1.0,33000.0,train
AC001687,PH004293,3,0,0.9745437518290897,Excellent,1,Call,1836.156783143108,EV(call)=INR1836 [P(RPC)=97.45% x 5% x INR377850 x 10% - INR5],15.0,0.0,0.0,32.53333333333333,377850.0,train
AC001687,PH004294,0,1,0.2888963585434174,Fair,2,Call,540.7974453781513,EV(call)=INR541 [P(RPC)=28.89% x 5% x INR377850 x 10% - INR5],-1.0,-1.0,-1.0,-1.0,377850.0,train
AC001687,PH004295,1,2,0.07136253650396328,Poor,3,Call,129.82167209011263,EV(call)=INR130 [P(RPC)=7.14% x 5% x INR377850 x 10% - INR5],-1.0,-1.0,-1.0,-1.0,377850.0,train
AC001688,PH004297,0,1,0.9891764705882353,Excellent,1,Call,517.2851764705883,EV(call)=INR517 [P(RPC)=98.92% x 5% x INR105600 x 10% - INR5],22.0,0.0,0.0,35.77272727272727,105600.0,test
AC001688,PH004296,3,0,0.008784313725490198,Poor,2,Suppress,-0.36188235294117543,"EV(call)=INR-0, EV(visit)=INR-86 — negative economic yield",8.0,0.0,7.0,0.0,105600.0,test
AC001689,PH004299,0,1,0.9891764705882353,Excellent,1,Call,248.47647058823532,EV(call)=INR248 [P(RPC)=98.92% x 5% x INR51250 x 10% - INR5],2.0,0.0,0.0,206.0,51250.0,train
AC001689,PH004300,4,2,0.023449087153734692,Poor,2,Call,1.008828583144516,EV(call)=INR1 [P(RPC)=2.34% x 5% x INR51250 x 10% - INR5],-1.0,-1.0,-1.0,-1.0,51250.0,train
AC001689,PH004298,3,0,0.008784313725490198,Poor,3,Suppress,-2.749019607843137,"EV(call)=INR-3, EV(visit)=INR-145 — negative economic yield",8.0,0.0,0.0,0.0,51250.0,train
AC001690,PH000399,2,1,0.9424911297852473,Excellent,1,Call,385.1913277310924,EV(call)=INR385 [P(RPC)=94.25% x 5% x INR82800 x 10% - INR5],19.0,1.0,0.0,32.8421052631579,82800.0,train
AC001690,PH004301,3,0,0.07136253650396328,Poor,2,Call,24.544090112640802,EV(call)=INR25 [P(RPC)=7.14% x 5% x INR82800 x 10% - INR5],13.0,0.0,0.0,0.0,82800.0,train
AC001691,PH004302,3,0,0.7440784313725489,Excellent,1,Call,376.7122352941176,EV(call)=INR377 [P(RPC)=74.41% x 5% x INR102600 x 10% - INR5],7.0,1.0,0.0,4.142857142857143,102600.0,train
AC001691,PH000522,2,1,0.029209150326797384,Poor,2,Call,9.98429411764706,EV(call)=INR10 [P(RPC)=2.92% x 5% x INR102600 x 10% - INR5],-1.0,-1.0,-1.0,-1.0,102600.0,train
AC001691,PH004303,4,2,0.029209150326797384,Poor,3,Call,9.98429411764706,EV(call)=INR10 [P(RPC)=2.92% x 5% x INR102600 x 10% - INR5],-1.0,-1.0,-1.0,-1.0,102600.0,train
AC001692,PH004304,3,0,0.9891764705882353,Excellent,1,Call,489.5882352941178,EV(call)=INR490 [P(RPC)=98.92% x 5% x INR100000 x 10% - INR5],34.0,1.0,0.0,73.97058823529412,100000.0,test
AC001692,PH004305,4,1,0.008784313725490198,Poor,2,Suppress,-0.6078431372549007,"EV(call)=INR-1, EV(visit)=INR-92 — negative economic yield",-1.0,-1.0,-1.0,-1.0,100000.0,test
AC001693,PH004306,3,0,0.8491204481792716,Excellent,1,Call,234.23968627450978,EV(call)=INR234 [P(RPC)=84.91% x 5% x INR56350 x 10% - INR5],9.0,0.0,0.0,15.666666666666666,56350.0,train
AC001694,PH004307,3,0,0.9745437518290897,Excellent,1,Call,1059.201776997366,EV(call)=INR1059 [P(RPC)=97.45% x 5% x INR218400 x 10% - INR5],20.0,0.0,0.0,73.7,218400.0,test
AC001694,PH004308,4,1,0.008784313725490198,Poor,2,Call,4.592470588235297,EV(call)=INR5 [P(RPC)=0.88% x 5% x INR218400 x 10% - INR5],-1.0,-1.0,-1.0,-1.0,218400.0,test
AC001695,PH004310,0,1,0.9891764705882353,Excellent,1,Call,319.2025882352942,EV(call)=INR319 [P(RPC)=98.92% x 5% x INR65550 x 10% - INR5],15.0,0.0,0.0,19.933333333333334,65550.0,train
AC001695,PH004309,3,0,0.8491204481792716,Excellent,2,Call,273.2992268907563,EV(call)=INR273 [P(RPC)=84.91% x 5% x INR65550 x 10% - INR5],11.0,0.0,0.0,15.636363636363637,65550.0,train
AC001696,PH004311,3,0,0.9424911297852473,Excellent,1,Call,97.49591036414566,EV(call)=INR97 [P(RPC)=94.25% x 5% x INR21750 x 10% - INR5],21.0,0.0,0.0,8.904761904761905,21750.0,train
AC001696,PH004312,0,1,0.008784313725490198,Poor,2,Suppress,-4.044705882352941,"EV(call)=INR-4, EV(visit)=INR-177 — negative economic yield",8.0,0.0,0.0,0.0,21750.0,train
AC001696,PH000388,2,2,0.008784313725490198,Poor,3,Suppress,-4.044705882352941,"EV(call)=INR-4, EV(visit)=INR-177 — negative economic yield",5.0,0.0,0.0,0.0,21750.0,train
AC001697,PH004313,3,0,0.8491204481792716,Excellent,1,Call,315.9675294117647,EV(call)=INR316 [P(RPC)=84.91% x 5% x INR75600 x 10% - INR5],10.0,1.0,0.0,17.9,75600.0,train
AC001698,PH004315,0,1,0.9891764705882353,Excellent,1,Call,97.13247058823532,EV(call)=INR97 [P(RPC)=98.92% x 5% x INR20650 x 10% - INR5],10.0,0.0,0.0,40.6,20650.0,train
AC001698,PH004314,3,0,0.8911372549019607,Excellent,2,Call,87.00992156862746,EV(call)=INR87 [P(RPC)=89.11% x 5% x INR20650 x 10% - INR5],16.0,0.0,0.0,6.25,20650.0,train
AC001698,PH004316,4,2,0.008784313725490198,Poor,3,Suppress,-4.093019607843137,"EV(call)=INR-4, EV(visit)=INR-178 — negative economic yield",-1.0,-1.0,-1.0,-1.0,20650.0,train
AC001699,PH005892,5,1,0.07136253650396328,Poor,1,Call,38.95932248644138,EV(call)=INR39 [P(RPC)=7.14% x 5% x INR123200 x 10% - INR5],8.0,0.0,0.0,0.0,123200.0,train
AC001699,PH004317,3,0,0.008784313725490198,Poor,2,Call,0.41113725490196273,EV(call)=INR0 [P(RPC)=0.88% x 5% x INR123200 x 10% - INR5],19.0,0.0,16.0,0.0,123200.0,train
AC001700,PH004318,3,0,0.9745437518290897,Excellent,1,Call,3133.518152765584,EV(call)=INR3134 [P(RPC)=97.45% x 5% x INR644100 x 10% - INR5],19.0,0.0,0.0,18.894736842105264,644100.0,validation
AC001700,PH004319,4,1,0.8257777777777777,Excellent,2,Call,2654.4173333333333,EV(call)=INR2654 [P(RPC)=82.58% x 5% x INR644100 x 10% - INR5],19.0,0.0,0.0,21.63157894736842,644100.0,validation
AC001701,PH004320,3,0,0.9891764705882353,Excellent,1,Call,1017.3138823529413,EV(call)=INR1017 [P(RPC)=98.92% x 5% x INR206700 x 10% - INR5],20.0,0.0,0.0,29.3,206700.0,train
AC001701,PH004321,0,1,0.029209150326797384,Poor,2,Call,25.1876568627451,EV(call)=INR25 [P(RPC)=2.92% x 5% x INR206700 x 10% - INR5],-1.0,-1.0,-1.0,-1.0,206700.0,train
AC001701,PH004322,1,2,0.008784313725490198,Poor,3,Call,4.07858823529412,EV(call)=INR4 [P(RPC)=0.88% x 5% x INR206700 x 10% - INR5],-1.0,-1.0,-1.0,-1.0,206700.0,train
AC001702,PH004323,3,0,0.9424911297852473,Excellent,1,Call,871.51675070028,EV(call)=INR872 [P(RPC)=94.25% x 5% x INR186000 x 10% - INR5],21.0,0.0,0.0,48.095238095238095,186000.0,train
AC001702,PH004324,0,1,0.008784313725490198,Poor,2,Call,3.1694117647058846,EV(call)=INR3 [P(RPC)=0.88% x 5% x INR186000 x 10% - INR5],8.0,0.0,0.0,0.0,186000.0,train
AC001702,PH004325,1,2,0.008784313725490198,Poor,3,Call,3.1694117647058846,EV(call)=INR3 [P(RPC)=0.88% x 5% x INR186000 x 10% - INR5],3.0,0.0,0.0,0.0,186000.0,train
AC001703,PH004326,3,0,0.9891764705882353,Excellent,1,Call,131.01176470588237,EV(call)=INR131 [P(RPC)=98.92% x 5% x INR27500 x 10% - INR5],24.0,0.0,6.0,20.875,27500.0,train
AC001703,PH004328,1,2,0.07136253650396328,Poor,2,Call,4.812348769294951,EV(call)=INR5 [P(RPC)=7.14% x 5% x INR27500 x 10% - INR5],6.0,1.0,0.0,8.333333333333334,27500.0,train
AC001703,PH004327,0,1,0.008784313725490198,Poor,3,Suppress,-3.792156862745098,"EV(call)=INR-4, EV(visit)=INR-170 — negative economic yield",8.0,1.0,0.0,0.625,27500.0,train
AC001703,PH004329,4,3,0.008784313725490198,Poor,4,Suppress,-3.792156862745098,"EV(call)=INR-4, EV(visit)=INR-170 — negative economic yield",-1.0,-1.0,-1.0,-1.0,27500.0,train
AC001704,PH004330,3,0,0.9745437518290897,Excellent,1,Call,1758.436918934738,EV(call)=INR1758 [P(RPC)=97.45% x 5% x INR361900 x 10% - INR5],13.0,1.0,0.0,72.6923076923077,361900.0,train
AC001704,PH004331,0,1,0.9424911297852473,Excellent,2,Call,1700.4376993464052,EV(call)=INR1700 [P(RPC)=94.25% x 5% x INR361900 x 10% - INR5],1.0,0.0,0.0,24.0,361900.0,train
AC001704,PH000539,2,2,0.008784313725490198,Poor,3,Call,10.895215686274515,EV(call)=INR11 [P(RPC)=0.88% x 5% x INR361900 x 10% - INR5],-1.0,-1.0,-1.0,-1.0,361900.0,train
AC001705,PH004332,3,0,0.10069607843137254,Poor,1,Call,259.327205882353,EV(call)=INR259 [P(RPC)=10.07% x 5% x INR525000 x 10% - INR5],11.0,2.0,0.0,10.181818181818182,525000.0,train
AC001706,PH005949,5,3,0.43770588235294117,Good,1,Call,398.78367647058826,EV(call)=INR399 [P(RPC)=43.77% x 5% x INR184500 x 10% - INR5],2.0,0.0,0.0,0.0,184500.0,train
AC001706,PH004333,3,0,0.10069607843137254,Poor,2,Call,87.89213235294119,EV(call)=INR88 [P(RPC)=10.07% x 5% x INR184500 x 10% - INR5],16.0,0.0,6.0,7.6875,184500.0,train
AC001706,PH004334,1,1,0.10069607843137254,Poor,3,Call,87.89213235294119,EV(call)=INR88 [P(RPC)=10.07% x 5% x INR184500 x 10% - INR5],16.0,0.0,0.0,50.625,184500.0,train
AC001706,PH004335,4,2,0.07136253650396328,Poor,4,Call,60.83193992490612,EV(call)=INR61 [P(RPC)=7.14% x 5% x INR184500 x 10% - INR5],10.0,1.0,0.0,17.6,184500.0,train
AC001707,PH004336,3,0,0.9745437518290897,Excellent,1,Call,807.5258530875036,EV(call)=INR808 [P(RPC)=97.45% x 5% x INR166750 x 10% - INR5],18.0,0.0,0.0,54.611111111111114,166750.0,train
AC001707,PH004337,0,1,0.008784313725490198,Poor,2,Call,2.323921568627452,EV(call)=INR2 [P(RPC)=0.88% x 5% x INR166750 x 10% - INR5],-1.0,-1.0,-1.0,-1.0,166750.0,train
AC001707,PH004338,4,2,0.008784313725490198,Poor,3,Suppress,2.323921568627452,Compliance: Verified third-party — contact strictly prohibited,-1.0,-1.0,-1.0,-1.0,166750.0,train
AC001708,PH004339,3,0,0.9745437518290897,Excellent,1,Call,806.3076733977173,EV(call)=INR806 [P(RPC)=97.45% x 5% x INR166500 x 10% - INR5],20.0,0.0,0.0,22.05,166500.0,train
AC001708,PH004340,1,1,0.008784313725490198,Poor,2,Call,2.3129411764705896,EV(call)=INR2 [P(RPC)=0.88% x 5% x INR166500 x 10% - INR5],-1.0,-1.0,-1.0,-1.0,166500.0,train
AC001708,PH004341,4,2,0.008784313725490198,Poor,3,Call,2.3129411764705896,EV(call)=INR2 [P(RPC)=0.88% x 5% x INR166500 x 10% - INR5],-1.0,-1.0,-1.0,-1.0,166500.0,train
AC001709,PH004342,3,0,0.9424911297852473,Excellent,1,Call,716.0057142857142,EV(call)=INR716 [P(RPC)=94.25% x 5% x INR153000 x 10% - INR5],6.0,0.0,0.0,26.0,153000.0,test
AC001709,PH004343,0,1,0.008784313725490198,Poor,2,Call,1.7200000000000024,EV(call)=INR2 [P(RPC)=0.88% x 5% x INR153000 x 10% - INR5],-1.0,-1.0,-1.0,-1.0,153000.0,test
AC001710,PH004344,3,0,0.9745437518290897,Excellent,1,Call,5235.60902546093,EV(call)=INR5236 [P(RPC)=97.45% x 5% x INR1075500 x 10% - INR5],1.0,0.0,0.0,49.0,1075500.0,test
AC001710,PH004345,4,1,0.029209150326797384,Poor,2,Call,152.07220588235296,EV(call)=INR152 [P(RPC)=2.92% x 5% x INR1075500 x 10% - INR5],-1.0,-1.0,-1.0,-1.0,1075500.0,test
AC001711,PH004347,0,1,0.9745437518290897,Excellent,1,Call,531.9736072578285,EV(call)=INR532 [P(RPC)=97.45% x 5% x INR110200 x 10% - INR5],4.0,0.0,0.0,100.0,110200.0,train
AC001711,PH004346,3,0,0.008784313725490198,Poor,2,Suppress,-0.1598431372549003,"EV(call)=INR-0, EV(visit)=INR-81 — negative economic yield",8.0,0.0,2.0,0.0,110200.0,train
AC001712,PH004348,3,0,0.9424911297852473,Excellent,1,Call,3511.434405228758,EV(call)=INR3511 [P(RPC)=94.25% x 5% x INR746200 x 10% - INR5],5.0,0.0,0.0,25.6,746200.0,train
AC001713,PH004349,3,0,0.9891764705882353,Excellent,1,Call,2752.8240000000005,EV(call)=INR2753 [P(RPC)=98.92% x 5% x INR557600 x 10% - INR5],23.0,0.0,0.0,35.69565217391305,557600.0,train
AC001714,PH004350,3,0,0.9891764705882353,Excellent,1,Call,390.6705882352942,EV(call)=INR391 [P(RPC)=98.92% x 5% x INR80000 x 10% - INR5],25.0,0.0,0.0,36.32,80000.0,test
AC001714,PH004351,4,1,0.008784313725490198,Poor,2,Suppress,-1.4862745098039203,"EV(call)=INR-1, EV(visit)=INR-114 — negative economic yield",-1.0,-1.0,-1.0,-1.0,80000.0,test
AC001715,PH004352,3,0,0.9891764705882353,Excellent,1,Call,1161.9809411764707,EV(call)=INR1162 [P(RPC)=98.92% x 5% x INR235950 x 10% - INR5],20.0,0.0,0.0,61.85,235950.0,test
AC001715,PH004353,0,1,0.008784313725490198,Poor,2,Call,5.363294117647062,EV(call)=INR5 [P(RPC)=0.88% x 5% x INR235950 x 10% - INR5],-1.0,-1.0,-1.0,-1.0,235950.0,test
AC001715,PH000281,2,2,0.008784313725490198,Poor,3,Call,5.363294117647062,EV(call)=INR5 [P(RPC)=0.88% x 5% x INR235950 x 10% - INR5],-1.0,-1.0,-1.0,-1.0,235950.0,test
AC001716,PH004355,4,1,0.10069607843137254,Poor,1,Call,39.10488235294118,EV(call)=INR39 [P(RPC)=10.07% x 5% x INR87600 x 10% - INR5],14.0,2.0,0.0,47.42857142857143,87600.0,train
AC001716,PH004354,3,0,0.008784313725490198,Poor,2,Suppress,-1.152470588235293,"EV(call)=INR-1, EV(visit)=INR-105 — negative economic yield",2.0,0.0,0.0,0.0,87600.0,train
AC001717,PH004356,3,0,0.9891764705882353,Excellent,1,Call,956.4795294117648,EV(call)=INR956 [P(RPC)=98.92% x 5% x INR194400 x 10% - INR5],17.0,0.0,8.0,26.764705882352942,194400.0,train
AC001717,PH004357,0,1,0.9891764705882353,Excellent,2,Call,956.4795294117648,EV(call)=INR956 [P(RPC)=98.92% x 5% x INR194400 x 10% - INR5],16.0,0.0,0.0,62.625,194400.0,train
AC001717,PH004358,4,2,0.029209150326797384,Poor,3,Call,23.391294117647064,EV(call)=INR23 [P(RPC)=2.92% x 5% x INR194400 x 10% - INR5],-1.0,-1.0,-1.0,-1.0,194400.0,train
AC001718,PH004359,3,0,0.9424911297852473,Excellent,1,Call,638.2501960784313,EV(call)=INR638 [P(RPC)=94.25% x 5% x INR136500 x 10% - INR5],1.0,0.0,0.0,30.0,136500.0,train
AC001718,PH004360,4,1,0.008784313725490198,Poor,2,Call,0.9952941176470604,EV(call)=INR1 [P(RPC)=0.88% x 5% x INR136500 x 10% - INR5],-1.0,-1.0,-1.0,-1.0,136500.0,train
AC001719,PH004361,3,0,0.8911372549019607,Excellent,1,Call,2696.4825882352943,EV(call)=INR2696 [P(RPC)=89.11% x 5% x INR606300 x 10% - INR5],5.0,0.0,0.0,12.0,606300.0,train
AC001719,PH000350,2,1,0.008784313725490198,Poor,2,Call,21.629647058823537,EV(call)=INR22 [P(RPC)=0.88% x 5% x INR606300 x 10% - INR5],-1.0,-1.0,-1.0,-1.0,606300.0,train
AC001720,PH004362,3,0,0.9891764705882353,Excellent,1,Call,803.1571764705884,EV(call)=INR803 [P(RPC)=98.92% x 5% x INR163400 x 10% - INR5],21.0,1.0,0.0,21.857142857142858,163400.0,train
AC001720,PH004363,4,1,0.029209150326797384,Poor,2,Call,18.863875816993467,EV(call)=INR19 [P(RPC)=2.92% x 5% x INR163400 x 10% - INR5],-1.0,-1.0,-1.0,-1.0,163400.0,train
AC001721,PH004364,3,0,0.9891764705882353,Excellent,1,Call,694.3477647058825,EV(call)=INR694 [P(RPC)=98.92% x 5% x INR141400 x 10% - INR5],27.0,0.0,0.0,30.444444444444443,141400.0,train
AC001721,PH004365,1,1,0.008784313725490198,Poor,2,Call,1.2105098039215703,EV(call)=INR1 [P(RPC)=0.88% x 5% x INR141400 x 10% - INR5],-1.0,-1.0,-1.0,-1.0,141400.0,train
AC001721,PH000435,2,2,0.008784313725490198,Poor,3,Call,1.2105098039215703,EV(call)=INR1 [P(RPC)=0.88% x 5% x INR141400 x 10% - INR5],-1.0,-1.0,-1.0,-1.0,141400.0,train
AC001721,PH004366,4,3,0.008784313725490198,Poor,4,Call,1.2105098039215703,EV(call)=INR1 [P(RPC)=0.88% x 5% x INR141400 x 10% - INR5],-1.0,-1.0,-1.0,-1.0,141400.0,train
AC001722,PH004367,0,1,0.9745437518290897,Excellent,1,Call,583.380790166813,EV(call)=INR583 [P(RPC)=97.45% x 5% x INR120750 x 10% - INR5],27.0,0.0,0.0,1.1111111111111112,120750.0,validation
AC001722,PH000212,3,0,0.9424911297852473,Excellent,2,Call,564.029019607843,EV(call)=INR564 [P(RPC)=94.25% x 5% x INR120750 x 10% - INR5],31.0,3.0,0.0,41.096774193548384,120750.0,validation
AC001723,PH004368,3,0,0.9745437518290897,Excellent,1,Call,6073.229380158034,EV(call)=INR6073 [P(RPC)=97.45% x 5% x INR1247400 x 10% - INR5],21.0,0.0,0.0,59.95238095238095,1247400.0,test
AC001723,PH004369,4,1,0.2888963585434174,Fair,2,Call,1796.8465882352943,EV(call)=INR1797 [P(RPC)=28.89% x 5% x INR1247400 x 10% - INR5],8.0,0.0,0.0,24.0,1247400.0,test
AC001724,PH004371,1,1,0.4679817920495213,Good,1,Call,31.502579779862664,EV(call)=INR32 [P(RPC)=46.80% x 5% x INR15600 x 10% - INR5],5.0,2.0,0.0,17.2,15600.0,train
AC001724,PH004370,3,0,0.10069607843137254,Poor,2,Call,2.8542941176470595,EV(call)=INR3 [P(RPC)=10.07% x 5% x INR15600 x 10% - INR5],10.0,2.0,0.0,5.6,15600.0,train
AC001725,PH004372,3,0,0.9745437518290897,Excellent,1,Call,1091.361720807726,EV(call)=INR1091 [P(RPC)=97.45% x 5% x INR225000 x 10% - INR5],19.0,0.0,0.0,43.421052631578945,225000.0,train
AC001725,PH004374,4,2,0.43770588235294117,Good,2,Call,487.41911764705884,EV(call)=INR487 [P(RPC)=43.77% x 5% x INR225000 x 10% - INR5],5.0,0.0,0.0,52.0,225000.0,train
AC001725,PH004373,1,1,0.029643721318314557,Poor,3,Suppress,28.34918648310388,Compliance: Verified third-party — contact strictly prohibited,8.0,0.0,0.0,41.25,225000.0,train
AC001726,PH004375,3,0,0.9891764705882353,Excellent,1,Call,854.5943529411767,EV(call)=INR855 [P(RPC)=98.92% x 5% x INR173800 x 10% - INR5],25.0,0.0,0.0,38.84,173800.0,train
AC001726,PH004376,4,1,0.029209150326797384,Poor,2,Call,20.38275163398693,EV(call)=INR20 [P(RPC)=2.92% x 5% x INR173800 x 10% - INR5],8.0,0.0,0.0,54.625,173800.0,train
AC001727,PH004377,3,0,0.9745437518290897,Excellent,1,Call,630.1588902546093,EV(call)=INR630 [P(RPC)=97.45% x 5% x INR130350 x 10% - INR5],26.0,1.0,0.0,4.730769230769231,130350.0,train
AC001728,PH004378,3,0,0.008784313725490198,Poor,1,Call,0.6505098039215698,EV(call)=INR1 [P(RPC)=0.88% x 5% x INR128650 x 10% - INR5],27.0,0.0,11.0,0.0,128650.0,train
AC001729,PH004379,3,0,0.9745437518290897,Excellent,1,Call,1087.4635458004097,EV(call)=INR1087 [P(RPC)=97.45% x 5% x INR224200 x 10% - INR5],13.0,0.0,0.0,110.53846153846153,224200.0,test
AC001729,PH004380,0,1,0.07136253650396328,Poor,2,Call,74.99740342094285,EV(call)=INR75 [P(RPC)=7.14% x 5% x INR224200 x 10% - INR5],-1.0,-1.0,-1.0,-1.0,224200.0,test
AC001729,PH004381,4,2,0.07136253650396328,Poor,3,Call,74.99740342094285,EV(call)=INR75 [P(RPC)=7.14% x 5% x INR224200 x 10% - INR5],-1.0,-1.0,-1.0,-1.0,224200.0,test
AC001730,PH004382,3,0,0.8491204481792716,Excellent,1,Call,103.89969747899158,EV(call)=INR104 [P(RPC)=84.91% x 5% x INR25650 x 10% - INR5],6.0,0.0,0.0,45.166666666666664,25650.0,train
AC001730,PH004383,0,1,0.008784313725490198,Poor,2,Suppress,-3.873411764705882,"EV(call)=INR-4, EV(visit)=INR-172 — negative economic yield",-1.0,-1.0,-1.0,-1.0,25650.0,train
AC001731,PH004385,4,1,0.8911372549019607,Excellent,1,Call,288.1841568627451,EV(call)=INR288 [P(RPC)=89.11% x 5% x INR65800 x 10% - INR5],15.0,0.0,0.0,29.933333333333334,65800.0,test
AC001731,PH004384,3,0,0.43770588235294117,Good,2,Call,139.00523529411765,EV(call)=INR139 [P(RPC)=43.77% x 5% x INR65800 x 10% - INR5],8.0,0.0,2.0,4.0,65800.0,test
AC001732,PH004386,3,0,0.9745437518290897,Excellent,1,Call,113.89433772314895,EV(call)=INR114 [P(RPC)=97.45% x 5% x INR24400 x 10% - INR5],17.0,0.0,0.0,77.76470588235294,24400.0,train
AC001732,PH004387,1,1,0.008784313725490198,Poor,2,Suppress,-3.928313725490196,"EV(call)=INR-4, EV(visit)=INR-174 — negative economic yield",-1.0,-1.0,-1.0,-1.0,24400.0,train
AC001733,PH004388,3,0,0.9745437518290897,Excellent,1,Call,907.1729517120281,EV(call)=INR907 [P(RPC)=97.45% x 5% x INR187200 x 10% - INR5],22.0,1.0,0.0,30.227272727272727,187200.0,train
AC001733,PH000275,2,1,0.8257777777777777,Excellent,2,Call,767.928,EV(call)=INR768 [P(RPC)=82.58% x 5% x INR187200 x 10% - INR5],13.0,3.0,0.0,53.76923076923077,187200.0,train
AC001734,PH004390,4,1,0.9745437518290897,Excellent,1,Call,119.25432835820897,EV(call)=INR119 [P(RPC)=97.45% x 5% x INR25500 x 10% - INR5],9.0,0.0,0.0,96.33333333333333,25500.0,test
AC001734,PH004389,3,0,0.9424911297852473,Excellent,2,Call,115.16761904761904,EV(call)=INR115 [P(RPC)=94.25% x 5% x INR25500 x 10% - INR5],10.0,0.0,0.0,4.1,25500.0,test
AC001735,PH004391,3,0,0.9745437518290897,Excellent,1,Call,913.0202142230027,EV(call)=INR913 [P(RPC)=97.45% x 5% x INR188400 x 10% - INR5],5.0,0.0,0.0,97.6,188400.0,train
AC001736,PH004392,3,0,0.8257777777777777,Excellent,1,Call,402.9342222222222,EV(call)=INR403 [P(RPC)=82.58% x 5% x INR98800 x 10% - INR5],18.0,0.0,0.0,5.833333333333333,98800.0,validation
AC001736,PH004393,0,1,0.029643721318314557,Poor,2,Call,9.643998331247392,EV(call)=INR10 [P(RPC)=2.96% x 5% x INR98800 x 10% - INR5],10.0,0.0,0.0,0.0,98800.0,validation
AC001737,PH004395,0,1,0.9745437518290897,Excellent,1,Call,418.6828961076968,EV(call)=INR419 [P(RPC)=97.45% x 5% x INR86950 x 10% - INR5],6.0,0.0,0.0,60.5,86950.0,test
AC001737,PH004394,3,0,0.9424911297852473,Excellent,2,Call,404.7480186741363,EV(call)=INR405 [P(RPC)=94.25% x 5% x INR86950 x 10% - INR5],13.0,0.0,0.0,2.8461538461538463,86950.0,test
AC001738,PH004397,4,1,0.7440784313725489,Excellent,1,Call,2112.8332352941175,EV(call)=INR2113 [P(RPC)=74.41% x 5% x INR569250 x 10% - INR5],10.0,0.0,0.0,44.6,569250.0,validation
AC001738,PH004396,3,0,0.07136253650396328,Poor,2,Call,198.1156195244055,EV(call)=INR198 [P(RPC)=7.14% x 5% x INR569250 x 10% - INR5],8.0,1.0,0.0,1.5,569250.0,validation
AC001739,PH004398,3,0,0.9891764705882353,Excellent,1,Call,251.196705882353,EV(call)=INR251 [P(RPC)=98.92% x 5% x INR51800 x 10% - INR5],28.0,0.0,2.0,54.107142857142854,51800.0,test
AC001739,PH004399,0,1,0.029643721318314557,Poor,2,Call,2.677723821443471,EV(call)=INR3 [P(RPC)=2.96% x 5% x INR51800 x 10% - INR5],-1.0,-1.0,-1.0,-1.0,51800.0,test
AC001739,PH004400,4,2,0.029643721318314557,Poor,3,Call,2.677723821443471,EV(call)=INR3 [P(RPC)=2.96% x 5% x INR51800 x 10% - INR5],-1.0,-1.0,-1.0,-1.0,51800.0,test
AC001740,PH004401,3,0,0.9891764705882353,Excellent,1,Call,441.6131764705883,EV(call)=INR442 [P(RPC)=98.92% x 5% x INR90300 x 10% - INR5],26.0,0.0,0.0,54.38461538461539,90300.0,train
AC001740,PH004402,4,1,0.008784313725490198,Poor,2,Suppress,-1.0338823529411751,"EV(call)=INR-1, EV(visit)=INR-102 — negative economic yield",-1.0,-1.0,-1.0,-1.0,90300.0,train
AC001741,PH004404,4,1,0.9424911297852473,Excellent,1,Call,37.41210084033613,EV(call)=INR37 [P(RPC)=94.25% x 5% x INR9000 x 10% - INR5],21.0,0.0,0.0,22.714285714285715,9000.0,train
AC001741,PH004403,3,0,0.029209150326797384,Poor,2,Suppress,-3.6855882352941176,"EV(call)=INR-4, EV(visit)=INR-190 — negative economic yield",8.0,0.0,0.0,0.0,9000.0,train
AC001742,PH004406,0,1,0.9424911297852473,Excellent,1,Call,2077.9053968253966,EV(call)=INR2078 [P(RPC)=94.25% x 5% x INR442000 x 10% - INR5],2.0,0.0,0.0,16.0,442000.0,train
AC001742,PH004405,3,0,0.029643721318314557,Poor,2,Call,60.51262411347517,EV(call)=INR61 [P(RPC)=2.96% x 5% x INR442000 x 10% - INR5],5.0,2.0,0.0,5.0,442000.0,train
AC001742,PH004407,1,2,0.029209150326797384,Poor,3,Call,59.55222222222223,EV(call)=INR60 [P(RPC)=2.92% x 5% x INR442000 x 10% - INR5],-1.0,-1.0,-1.0,-1.0,442000.0,train
AC001742,PH004408,4,3,0.008784313725490198,Poor,4,Call,14.413333333333341,EV(call)=INR14 [P(RPC)=0.88% x 5% x INR442000 x 10% - INR5],-1.0,-1.0,-1.0,-1.0,442000.0,train
AC001743,PH004410,0,1,0.9891764705882353,Excellent,1,Call,791.0397647058825,EV(call)=INR791 [P(RPC)=98.92% x 5% x INR160950 x 10% - INR5],10.0,0.0,0.0,61.5,160950.0,train
AC001743,PH004409,3,0,0.9745437518290897,Excellent,2,Call,779.2640842844601,EV(call)=INR779 [P(RPC)=97.45% x 5% x INR160950 x 10% - INR5],4.0,0.0,0.0,57.5,160950.0,train
AC001744,PH000093,3,0,0.9745437518290897,Excellent,1,Call,861.1257594381036,EV(call)=INR861 [P(RPC)=97.45% x 5% x INR177750 x 10% - INR5],25.0,0.0,0.0,28.84,177750.0,validation
AC001744,PH004411,0,1,0.7440784313725489,Excellent,2,Call,656.2997058823529,EV(call)=INR656 [P(RPC)=74.41% x 5% x INR177750 x 10% - INR5],19.0,1.0,0.0,1.8421052631578947,177750.0,validation
AC001745,PH004412,3,0,0.9891764705882353,Excellent,1,Call,1943.6776470588238,EV(call)=INR1944 [P(RPC)=98.92% x 5% x INR394000 x 10% - INR5],31.0,0.0,0.0,38.41935483870968,394000.0,train
AC001746,PH005867,5,2,0.9891764705882353,Excellent,1,Call,866.9590588235295,EV(call)=INR867 [P(RPC)=98.92% x 5% x INR176300 x 10% - INR5],12.0,0.0,0.0,77.16666666666667,176300.0,validation
AC001746,PH004414,4,1,0.2888963585434174,Fair,2,Call,249.66214005602242,EV(call)=INR250 [P(RPC)=28.89% x 5% x INR176300 x 10% - INR5],13.0,0.0,0.0,65.07692307692308,176300.0,validation
AC001746,PH004413,3,0,0.008784313725490198,Poor,3,Call,2.74337254901961,EV(call)=INR3 [P(RPC)=0.88% x 5% x INR176300 x 10% - INR5],2.0,0.0,0.0,0.0,176300.0,validation
AC001747,PH004415,3,0,0.9891764705882353,Excellent,1,Call,667.145411764706,EV(call)=INR667 [P(RPC)=98.92% x 5% x INR135900 x 10% - INR5],23.0,1.0,0.0,38.34782608695652,135900.0,train
AC001747,PH004416,0,1,0.07136253650396328,Poor,2,Call,43.49084355444305,EV(call)=INR43 [P(RPC)=7.14% x 5% x INR135900 x 10% - INR5],-1.0,-1.0,-1.0,-1.0,135900.0,train
AC001748,PH004417,3,0,0.008784313725490198,Poor,1,Call,33.41600000000001,EV(call)=INR33 [P(RPC)=0.88% x 5% x INR874650 x 10% - INR5],2.0,0.0,0.0,0.0,874650.0,train
AC001749,PH004418,3,0,0.8257777777777777,Excellent,1,Call,2466.1400000000003,EV(call)=INR2466 [P(RPC)=82.58% x 5% x INR598500 x 10% - INR5],11.0,0.0,0.0,17.272727272727273,598500.0,test
AC001749,PH004419,4,1,0.008784313725490198,Poor,2,Call,21.28705882352942,EV(call)=INR21 [P(RPC)=0.88% x 5% x INR598500 x 10% - INR5],-1.0,-1.0,-1.0,-1.0,598500.0,test
AC001750,PH004420,3,0,0.9745437518290897,Excellent,1,Call,232.54503950834066,EV(call)=INR233 [P(RPC)=97.45% x 5% x INR48750 x 10% - INR5],8.0,0.0,0.0,50.125,48750.0,validation
AC001751,PH004422,0,1,0.9424911297852473,Excellent,1,Call,1172.6426666666664,EV(call)=INR1173 [P(RPC)=94.25% x 5% x INR249900 x 10% - INR5],18.0,0.0,0.0,1.3333333333333333,249900.0,test
AC001751,PH004421,3,0,0.008784313725490198,Poor,2,Call,5.976000000000003,EV(call)=INR6 [P(RPC)=0.88% x 5% x INR249900 x 10% - INR5],11.0,2.0,7.0,3.5454545454545454,249900.0,test
AC001752,PH004423,3,0,0.9891764705882353,Excellent,1,Call,674.3169411764707,EV(call)=INR674 [P(RPC)=98.92% x 5% x INR137350 x 10% - INR5],24.0,0.0,0.0,29.875,137350.0,train
AC001752,PH004424,4,1,0.10069607843137254,Poor,2,Call,64.15303186274511,EV(call)=INR64 [P(RPC)=10.07% x 5% x INR137350 x 10% - INR5],12.0,0.0,0.0,59.083333333333336,137350.0,train
AC001753,PH004425,3,0,0.9745437518290897,Excellent,1,Call,2377.7594732221246,EV(call)=INR2378 [P(RPC)=97.45% x 5% x INR489000 x 10% - INR5],25.0,0.0,0.0,21.96,489000.0,validation
AC001754,PH004427,0,1,0.9745437518290897,Excellent,1,Call,6003.0622300263385,EV(call)=INR6003 [P(RPC)=97.45% x 5% x INR1233000 x 10% - INR5],9.0,0.0,0.0,55.77777777777778,1233000.0,train
AC001754,PH004426,3,0,0.10069607843137254,Poor,2,Call,615.7913235294118,EV(call)=INR616 [P(RPC)=10.07% x 5% x INR1233000 x 10% - INR5],8.0,0.0,0.0,13.375,1233000.0,train
AC001754,PH004428,4,2,0.008784313725490198,Poor,3,Call,49.15529411764707,EV(call)=INR49 [P(RPC)=0.88% x 5% x INR1233000 x 10% - INR5],-1.0,-1.0,-1.0,-1.0,1233000.0,train
AC001755,PH004429,3,0,0.029209150326797384,Poor,1,Call,0.5497385620915036,EV(call)=INR1 [P(RPC)=2.92% x 5% x INR38000 x 10% - INR5],16.0,0.0,1.0,0.0,38000.0,train
AC001755,PH004430,0,1,0.008784313725490198,Poor,2,Suppress,-3.330980392156862,"EV(call)=INR-3, EV(visit)=INR-159 — negative economic yield",16.0,0.0,6.0,0.0,38000.0,train
AC001756,PH004431,3,0,0.9891764705882353,Excellent,1,Call,302.8811764705883,EV(call)=INR303 [P(RPC)=98.92% x 5% x INR62250 x 10% - INR5],25.0,1.0,0.0,68.12,62250.0,validation
AC001756,PH000283,2,1,0.10069607843137254,Poor,2,Call,26.34165441176471,EV(call)=INR26 [P(RPC)=10.07% x 5% x INR62250 x 10% - INR5],16.0,1.0,0.0,53.8125,62250.0,validation
AC001757,PH004434,4,2,0.8257777777777777,Excellent,1,Call,231.99822222222224,EV(call)=INR232 [P(RPC)=82.58% x 5% x INR57400 x 10% - INR5],10.0,1.0,0.0,60.6,57400.0,train
AC001757,PH004432,3,0,0.10069607843137254,Poor,2,Call,23.899774509803922,EV(call)=INR24 [P(RPC)=10.07% x 5% x INR57400 x 10% - INR5],10.0,2.0,0.0,8.4,57400.0,train
AC001757,PH004433,0,1,0.029643721318314557,Poor,3,Call,3.5077480183562795,EV(call)=INR4 [P(RPC)=2.96% x 5% x INR57400 x 10% - INR5],14.0,0.0,0.0,0.0,57400.0,train
AC001758,PH004436,4,1,0.9424911297852473,Excellent,1,Call,427.60342857142854,EV(call)=INR428 [P(RPC)=94.25% x 5% x INR91800 x 10% - INR5],19.0,0.0,0.0,25.263157894736842,91800.0,train
AC001758,PH004435,3,0,0.43770588235294117,Good,2,Call,195.907,EV(call)=INR196 [P(RPC)=43.77% x 5% x INR91800 x 10% - INR5],8.0,0.0,0.0,0.0,91800.0,train
AC001759,PH004437,3,0,0.9891764705882353,Excellent,1,Call,83.28400000000002,EV(call)=INR83 [P(RPC)=98.92% x 5% x INR17850 x 10% - INR5],14.0,0.0,0.0,49.857142857142854,17850.0,train
AC001759,PH004438,4,1,0.008784313725490198,Poor,2,Suppress,-4.215999999999999,"EV(call)=INR-4, EV(visit)=INR-181 — negative economic yield",-1.0,-1.0,-1.0,-1.0,17850.0,train
AC001760,PH004439,3,0,0.9424911297852473,Excellent,1,Call,692.443436041083,EV(call)=INR692 [P(RPC)=94.25% x 5% x INR148000 x 10% - INR5],6.0,0.0,0.0,15.0,148000.0,train
AC001760,PH000390,2,1,0.07136253650396328,Poor,2,Call,47.808277012932834,EV(call)=INR48 [P(RPC)=7.14% x 5% x INR148000 x 10% - INR5],-1.0,-1.0,-1.0,-1.0,148000.0,train
AC001761,PH004440,3,0,0.9891764705882353,Excellent,1,Call,279.8828235294118,EV(call)=INR280 [P(RPC)=98.92% x 5% x INR57600 x 10% - INR5],22.0,1.0,0.0,31.09090909090909,57600.0,train
AC001761,PH004441,0,1,0.029643721318314557,Poor,2,Call,3.537391739674593,EV(call)=INR4 [P(RPC)=2.96% x 5% x INR57600 x 10% - INR5],-1.0,-1.0,-1.0,-1.0,57600.0,train
AC001761,PH004442,4,2,0.029209150326797384,Poor,3,Call,3.4122352941176484,EV(call)=INR3 [P(RPC)=2.92% x 5% x INR57600 x 10% - INR5],-1.0,-1.0,-1.0,-1.0,57600.0,train
AC001762,PH004443,3,0,0.9745437518290897,Excellent,1,Call,1983.0692537313435,EV(call)=INR1983 [P(RPC)=97.45% x 5% x INR408000 x 10% - INR5],7.0,1.0,0.0,78.57142857142857,408000.0,train
AC001762,PH004444,0,1,0.029643721318314557,Poor,2,Call,55.473191489361696,EV(call)=INR55 [P(RPC)=2.96% x 5% x INR408000 x 10% - INR5],-1.0,-1.0,-1.0,-1.0,408000.0,train
AC001762,PH004445,1,2,0.008784313725490198,Poor,3,Call,12.920000000000005,EV(call)=INR13 [P(RPC)=0.88% x 5% x INR408000 x 10% - INR5],-1.0,-1.0,-1.0,-1.0,408000.0,train
AC001762,PH004446,4,3,0.008784313725490198,Poor,4,Call,12.920000000000005,EV(call)=INR13 [P(RPC)=0.88% x 5% x INR408000 x 10% - INR5],-1.0,-1.0,-1.0,-1.0,408000.0,train
AC001763,PH004447,3,0,0.9745437518290897,Excellent,1,Call,4231.341689201053,EV(call)=INR4231 [P(RPC)=97.45% x 5% x INR869400 x 10% - INR5],12.0,0.0,0.0,115.91666666666667,869400.0,test
AC001764,PH004448,3,0,0.9745437518290897,Excellent,1,Call,512.726368159204,EV(call)=INR513 [P(RPC)=97.45% x 5% x INR106250 x 10% - INR5],14.0,0.0,0.0,35.0,106250.0,validation
AC001764,PH000450,2,1,0.07136253650396328,Poor,2,Call,32.9113475177305,EV(call)=INR33 [P(RPC)=7.14% x 5% x INR106250 x 10% - INR5],8.0,0.0,0.0,33.375,106250.0,validation
AC001764,PH004449,4,2,0.07136253650396328,Poor,3,Call,32.9113475177305,EV(call)=INR33 [P(RPC)=7.14% x 5% x INR106250 x 10% - INR5],8.0,1.0,0.0,25.625,106250.0,validation
AC001765,PH004450,3,0,0.029209150326797384,Poor,1,Call,11.357124183006537,EV(call)=INR11 [P(RPC)=2.92% x 5% x INR112000 x 10% - INR5],-1.0,-1.0,-1.0,-1.0,112000.0,train
AC001765,PH004451,0,1,0.029209150326797384,Poor,2,Call,11.357124183006537,EV(call)=INR11 [P(RPC)=2.92% x 5% x INR112000 x 10% - INR5],-1.0,-1.0,-1.0,-1.0,112000.0,train
AC001766,PH004452,3,0,0.9745437518290897,Excellent,1,Call,235.71230670178517,EV(call)=INR236 [P(RPC)=97.45% x 5% x INR49400 x 10% - INR5],14.0,0.0,0.0,58.0,49400.0,train
AC001766,PH004453,4,1,0.8911372549019607,Excellent,2,Call,215.1109019607843,EV(call)=INR215 [P(RPC)=89.11% x 5% x INR49400 x 10% - INR5],16.0,0.0,0.0,42.75,49400.0,train
AC001767,PH004454,0,1,0.9891764705882353,Excellent,1,Call,1130.0800000000002,EV(call)=INR1130 [P(RPC)=98.92% x 5% x INR229500 x 10% - INR5],29.0,0.0,0.0,61.86206896551724,229500.0,test
AC001767,PH004455,4,2,0.2888963585434174,Fair,2,Call,326.5085714285715,EV(call)=INR327 [P(RPC)=28.89% x 5% x INR229500 x 10% - INR5],5.0,0.0,0.0,30.4,229500.0,test
AC001767,PH000246,3,0,0.10069607843137254,Poor,3,Call,110.54875000000003,EV(call)=INR111 [P(RPC)=10.07% x 5% x INR229500 x 10% - INR5],8.0,0.0,0.0,53.5,229500.0,test
AC001768,PH005884,5,1,0.9745437518290897,Excellent,1,Call,90.01801580333625,EV(call)=INR90 [P(RPC)=97.45% x 5% x INR19500 x 10% - INR5],5.0,0.0,0.0,119.2,19500.0,validation
AC001768,PH004456,3,0,0.008784313725490198,Poor,2,Suppress,-4.143529411764706,"EV(call)=INR-4, EV(visit)=INR-179 — negative economic yield",2.0,0.0,0.0,0.0,19500.0,validation
AC001769,PH004457,3,0,0.9891764705882353,Excellent,1,Call,529.1552941176471,EV(call)=INR529 [P(RPC)=98.92% x 5% x INR108000 x 10% - INR5],15.0,0.0,0.0,14.666666666666666,108000.0,train
AC001769,PH004458,0,1,0.9891764705882353,Excellent,2,Call,529.1552941176471,EV(call)=INR529 [P(RPC)=98.92% x 5% x INR108000 x 10% - INR5],9.0,0.0,0.0,23.333333333333332,108000.0,train
AC001769,PH004459,4,2,0.7440784313725489,Excellent,3,Call,396.8023529411764,EV(call)=INR397 [P(RPC)=74.41% x 5% x INR108000 x 10% - INR5],5.0,0.0,0.0,21.2,108000.0,train
AC001770,PH004461,4,1,0.9891764705882353,Excellent,1,Call,3295.881882352942,EV(call)=INR3296 [P(RPC)=98.92% x 5% x INR667400 x 10% - INR5],31.0,0.0,0.0,22.451612903225808,667400.0,train
AC001770,PH004460,3,0,0.029643721318314557,Poor,2,Call,93.92109803921568,EV(call)=INR94 [P(RPC)=2.96% x 5% x INR667400 x 10% - INR5],8.0,2.0,0.0,3.875,667400.0,train
AC001771,PH000295,2,2,0.9424911297852473,Excellent,1,Call,612.0960672268907,EV(call)=INR612 [P(RPC)=94.25% x 5% x INR130950 x 10% - INR5],22.0,0.0,0.0,39.95454545454545,130950.0,train
AC001771,PH004462,3,0,0.8911372549019607,Excellent,2,Call,578.4721176470589,EV(call)=INR578 [P(RPC)=89.11% x 5% x INR130950 x 10% - INR5],14.0,0.0,7.0,10.928571428571429,130950.0,train
AC001771,PH004463,1,1,0.07136253650396328,Poor,3,Call,41.72462077596996,EV(call)=INR42 [P(RPC)=7.14% x 5% x INR130950 x 10% - INR5],8.0,2.0,0.0,8.5,130950.0,train
AC001772,PH004464,3,0,0.9424911297852473,Excellent,1,Call,27.04469841269841,EV(call)=INR27 [P(RPC)=94.25% x 5% x INR6800 x 10% - INR5],9.0,0.0,0.0,4.333333333333333,6800.0,train
AC001772,PH004465,4,1,0.07136253650396328,Poor,2,Suppress,-2.5736737588652483,"EV(call)=INR-3, EV(visit)=INR-193 — negative economic yield",8.0,0.0,0.0,33.875,6800.0,train
AC001773,PH004466,3,0,0.9424911297852473,Excellent,1,Call,239.10520261437907,EV(call)=INR239 [P(RPC)=94.25% x 5% x INR51800 x 10% - INR5],5.0,0.0,0.0,8.0,51800.0,train
AC001773,PH004467,0,1,0.029643721318314557,Poor,2,Call,2.677723821443471,EV(call)=INR3 [P(RPC)=2.96% x 5% x INR51800 x 10% - INR5],-1.0,-1.0,-1.0,-1.0,51800.0,train
AC001773,PH004468,4,2,0.008784313725490198,Poor,3,Suppress,-2.7248627450980387,"EV(call)=INR-3, EV(visit)=INR-144 — negative economic yield",-1.0,-1.0,-1.0,-1.0,51800.0,train
AC001774,PH004470,0,1,0.9891764705882353,Excellent,1,Call,196.79200000000003,EV(call)=INR197 [P(RPC)=98.92% x 5% x INR40800 x 10% - INR5],12.0,0.0,2.0,39.333333333333336,40800.0,train
AC001774,PH004469,3,0,0.008784313725490198,Poor,2,Suppress,-3.2079999999999993,Compliance: Verified third-party — contact strictly prohibited,8.0,0.0,8.0,0.0,40800.0,train
AC001775,PH005835,5,2,0.9891764705882353,Excellent,1,Call,163.65458823529414,EV(call)=INR164 [P(RPC)=98.92% x 5% x INR34100 x 10% - INR5],14.0,0.0,0.0,21.785714285714285,34100.0,validation
AC001775,PH004471,3,0,0.029209150326797384,Poor,2,Suppress,-0.01983986928104553,"EV(call)=INR-0, EV(visit)=INR-163 — negative economic yield",14.0,2.0,6.0,3.0,34100.0,validation
AC001775,PH004472,1,1,0.008784313725490198,Poor,3,Suppress,-3.502274509803921,"EV(call)=INR-4, EV(visit)=INR-163 — negative economic yield",2.0,2.0,0.0,27.0,34100.0,validation
AC001776,PH004473,3,0,0.9891764705882353,Excellent,1,Call,89.96094117647061,EV(call)=INR90 [P(RPC)=98.92% x 5% x INR19200 x 10% - INR5],27.0,0.0,0.0,98.22222222222223,19200.0,train
AC001776,PH004474,0,1,0.029643721318314557,Poor,2,Suppress,-2.1542027534418025,"EV(call)=INR-2, EV(visit)=INR-179 — negative economic yield",-1.0,-1.0,-1.0,-1.0,19200.0,train
AC001777,PH004475,3,0,0.8491204481792716,Excellent,1,Call,1625.3112605042015,EV(call)=INR1625 [P(RPC)=84.91% x 5% x INR384000 x 10% - INR5],6.0,0.0,0.0,57.166666666666664,384000.0,test
AC001777,PH000538,2,1,0.008784313725490198,Poor,2,Call,11.865882352941181,EV(call)=INR12 [P(RPC)=0.88% x 5% x INR384000 x 10% - INR5],-1.0,-1.0,-1.0,-1.0,384000.0,test
AC001777,PH004476,4,2,0.008784313725490198,Poor,3,Call,11.865882352941181,EV(call)=INR12 [P(RPC)=0.88% x 5% x INR384000 x 10% - INR5],-1.0,-1.0,-1.0,-1.0,384000.0,test
AC001778,PH004477,3,0,0.9745437518290897,Excellent,1,Call,164.57061281826162,EV(call)=INR165 [P(RPC)=97.45% x 5% x INR34800 x 10% - INR5],13.0,0.0,0.0,62.23076923076923,34800.0,test
AC001778,PH004478,0,1,0.008784313725490198,Poor,2,Suppress,-3.4715294117647053,"EV(call)=INR-3, EV(visit)=INR-162 — negative economic yield",-1.0,-1.0,-1.0,-1.0,34800.0,test
AC001778,PH004479,1,2,0.008784313725490198,Poor,3,Suppress,-3.4715294117647053,"EV(call)=INR-3, EV(visit)=INR-162 — negative economic yield",-1.0,-1.0,-1.0,-1.0,34800.0,test
AC001778,PH004480,4,3,0.008784313725490198,Poor,4,Suppress,-3.4715294117647053,"EV(call)=INR-3, EV(visit)=INR-162 — negative economic yield",-1.0,-1.0,-1.0,-1.0,34800.0,test
AC001779,PH004481,3,0,0.9424911297852473,Excellent,1,Call,379.5363809523809,EV(call)=INR380 [P(RPC)=94.25% x 5% x INR81600 x 10% - INR5],5.0,0.0,0.0,10.2,81600.0,validation
AC001779,PH004482,0,1,0.008784313725490198,Poor,2,Suppress,-1.4159999999999986,"EV(call)=INR-1, EV(visit)=INR-112 — negative economic yield",-1.0,-1.0,-1.0,-1.0,81600.0,validation
AC001780,PH004483,3,0,0.9891764705882353,Excellent,1,Call,2715.2352941176473,EV(call)=INR2715 [P(RPC)=98.92% x 5% x INR550000 x 10% - INR5],15.0,1.0,0.0,20.8,550000.0,train
AC001780,PH000445,2,1,0.10069607843137254,Poor,2,Call,271.91421568627453,EV(call)=INR272 [P(RPC)=10.07% x 5% x INR550000 x 10% - INR5],8.0,0.0,0.0,51.625,550000.0,train
AC001781,PH004484,3,0,0.9891764705882353,Excellent,1,Call,1255.210823529412,EV(call)=INR1255 [P(RPC)=98.92% x 5% x INR254800 x 10% - INR5],5.0,0.0,0.0,81.0,254800.0,train
AC001782,PH004485,3,0,0.07136253650396328,Poor,1,Call,70.21611347517731,EV(call)=INR70 [P(RPC)=7.14% x 5% x INR210800 x 10% - INR5],6.0,0.0,0.0,0.0,210800.0,train
AC001783,PH004486,3,0,0.9891764705882353,Excellent,1,Call,1740.6491764705884,EV(call)=INR1741 [P(RPC)=98.92% x 5% x INR352950 x 10% - INR5],24.0,1.0,1.0,60.083333333333336,352950.0,train
AC001783,PH004487,1,1,0.029643721318314557,Poor,2,Call,47.313757196495615,EV(call)=INR47 [P(RPC)=2.96% x 5% x INR352950 x 10% - INR5],2.0,2.0,0.0,29.0,352950.0,train
AC001783,PH004488,4,2,0.029643721318314557,Poor,3,Call,47.313757196495615,EV(call)=INR47 [P(RPC)=2.96% x 5% x INR352950 x 10% - INR5],8.0,0.0,0.0,70.875,352950.0,train
AC001784,PH004489,3,0,0.9424911297852473,Excellent,1,Call,419.12100840336126,EV(call)=INR419 [P(RPC)=94.25% x 5% x INR90000 x 10% - INR5],2.0,0.0,0.0,21.0,90000.0,train
AC001784,PH004490,0,1,0.029209150326797384,Poor,2,Call,8.144117647058824,EV(call)=INR8 [P(RPC)=2.92% x 5% x INR90000 x 10% - INR5],-1.0,-1.0,-1.0,-1.0,90000.0,train
AC001784,PH004491,4,2,0.008784313725490198,Poor,3,Suppress,-1.0470588235294107,"EV(call)=INR-1, EV(visit)=INR-103 — negative economic yield",-1.0,-1.0,-1.0,-1.0,90000.0,train
AC001785,PH004492,3,0,0.8911372549019607,Excellent,1,Call,431.65725490196087,EV(call)=INR432 [P(RPC)=89.11% x 5% x INR98000 x 10% - INR5],12.0,0.0,0.0,14.416666666666666,98000.0,train
AC001785,PH004493,4,1,0.8491204481792716,Excellent,2,Call,411.0690196078431,EV(call)=INR411 [P(RPC)=84.91% x 5% x INR98000 x 10% - INR5],11.0,0.0,0.0,33.81818181818182,98000.0,train
AC001786,PH004494,3,0,0.9424911297852473,Excellent,1,Call,822.0359663865546,EV(call)=INR822 [P(RPC)=94.25% x 5% x INR175500 x 10% - INR5],21.0,0.0,0.0,1.7142857142857142,175500.0,test
AC001786,PH004495,1,1,0.029643721318314557,Poor,2,Call,21.01236545682103,EV(call)=INR21 [P(RPC)=2.96% x 5% x INR175500 x 10% - INR5],15.0,0.0,0.0,0.0,175500.0,test
AC001787,PH004496,3,0,0.9424911297852473,Excellent,1,Call,568.9770980392157,EV(call)=INR569 [P(RPC)=94.25% x 5% x INR121800 x 10% - INR5],18.0,0.0,0.0,5.944444444444445,121800.0,train
AC001787,PH004497,0,1,0.029643721318314557,Poor,2,Call,13.053026282853565,EV(call)=INR13 [P(RPC)=2.96% x 5% x INR121800 x 10% - INR5],11.0,0.0,0.0,0.0,121800.0,train
AC001788,PH004498,3,0,0.9891764705882353,Excellent,1,Call,2225.345647058824,EV(call)=INR2225 [P(RPC)=98.92% x 5% x INR450950 x 10% - INR5],21.0,0.0,0.0,36.57142857142857,450950.0,train
AC001789,PH004499,3,0,0.8491204481792716,Excellent,1,Call,764.7276862745098,EV(call)=INR765 [P(RPC)=84.91% x 5% x INR181300 x 10% - INR5],6.0,0.0,0.0,8.166666666666666,181300.0,train
AC001790,PH004500,3,0,0.9745437518290897,Excellent,1,Call,2403.341246707638,EV(call)=INR2403 [P(RPC)=97.45% x 5% x INR494250 x 10% - INR5],15.0,0.0,0.0,23.6,494250.0,train
AC001790,PH004502,4,2,0.9424911297852473,Excellent,2,Call,2324.131204481793,EV(call)=INR2324 [P(RPC)=94.25% x 5% x INR494250 x 10% - INR5],11.0,0.0,0.0,34.63636363636363,494250.0,train
AC001790,PH004501,1,1,0.029209150326797384,Poor,3,Call,67.18311274509806,EV(call)=INR67 [P(RPC)=2.92% x 5% x INR494250 x 10% - INR5],4.0,2.0,0.0,9.5,494250.0,train
AC001791,PH004503,3,0,0.9745437518290897,Excellent,1,Call,970.0310237050044,EV(call)=INR970 [P(RPC)=97.45% x 5% x INR200100 x 10% - INR5],21.0,0.0,0.0,65.95238095238095,200100.0,train
AC001791,PH004504,4,1,0.029209150326797384,Poor,2,Call,24.22375490196079,EV(call)=INR24 [P(RPC)=2.92% x 5% x INR200100 x 10% - INR5],-1.0,-1.0,-1.0,-1.0,200100.0,train
AC001792,PH004505,3,0,0.9745437518290897,Excellent,1,Call,1372.7612291483756,EV(call)=INR1373 [P(RPC)=97.45% x 5% x INR282750 x 10% - INR5],22.0,0.0,0.0,54.31818181818182,282750.0,test
AC001793,PH004508,4,2,0.9424911297852473,Excellent,1,Call,3747.2928104575158,EV(call)=INR3747 [P(RPC)=94.25% x 5% x INR796250 x 10% - INR5],23.0,0.0,0.0,39.43478260869565,796250.0,train
AC001793,PH004506,3,0,0.03301457594711457,Poor,2,Call,126.43928048944991,EV(call)=INR126 [P(RPC)=3.30% x 5% x INR796250 x 10% - INR5],8.0,0.0,0.0,0.0,796250.0,train
AC001793,PH004507,1,1,0.029209150326797384,Poor,3,Call,111.2889297385621,EV(call)=INR111 [P(RPC)=2.92% x 5% x INR796250 x 10% - INR5],5.0,2.0,0.0,8.0,796250.0,train
AC001794,PH004509,3,0,0.7440784313725489,Excellent,1,Call,495.02070588235284,EV(call)=INR495 [P(RPC)=74.41% x 5% x INR134400 x 10% - INR5],7.0,0.0,0.0,3.0,134400.0,train
AC001794,PH000311,2,1,0.029643721318314557,Poor,2,Call,14.920580725907385,EV(call)=INR15 [P(RPC)=2.96% x 5% x INR134400 x 10% - INR5],-1.0,-1.0,-1.0,-1.0,134400.0,train
AC001795,PH004510,0,1,0.9891764705882353,Excellent,1,Call,829.6176470588236,EV(call)=INR830 [P(RPC)=98.92% x 5% x INR168750 x 10% - INR5],14.0,0.0,0.0,99.85714285714286,168750.0,train
AC001795,PH000182,3,0,0.07136253650396328,Poor,2,Call,55.21214017521902,EV(call)=INR55 [P(RPC)=7.14% x 5% x INR168750 x 10% - INR5],8.0,0.0,0.0,57.75,168750.0,train
AC001795,PH004511,4,2,0.029643721318314557,Poor,3,Call,20.01188986232791,EV(call)=INR20 [P(RPC)=2.96% x 5% x INR168750 x 10% - INR5],-1.0,-1.0,-1.0,-1.0,168750.0,train
AC001796,PH004513,4,1,0.43770588235294117,Good,1,Call,291.9834411764706,EV(call)=INR292 [P(RPC)=43.77% x 5% x INR135700 x 10% - INR5],6.0,0.0,0.0,18.0,135700.0,train
AC001796,PH004512,3,0,0.2888963585434174,Fair,2,Call,191.01617927170872,EV(call)=INR191 [P(RPC)=28.89% x 5% x INR135700 x 10% - INR5],8.0,0.0,0.0,6.0,135700.0,train
AC001797,PH004514,3,0,0.9745437518290897,Excellent,1,Call,336.0903131401815,EV(call)=INR336 [P(RPC)=97.45% x 5% x INR70000 x 10% - INR5],20.0,1.0,0.0,59.4,70000.0,train
AC001797,PH004515,0,1,0.029643721318314557,Poor,2,Call,5.3753024614100955,EV(call)=INR5 [P(RPC)=2.96% x 5% x INR70000 x 10% - INR5],4.0,0.0,0.0,0.0,70000.0,train
AC001798,PH004516,3,0,0.9424911297852473,Excellent,1,Call,227.32406349206346,EV(call)=INR227 [P(RPC)=94.25% x 5% x INR49300 x 10% - INR5],7.0,0.0,0.0,5.857142857142857,49300.0,train
AC001798,PH004517,4,1,0.008784313725490198,Poor,2,Suppress,-2.8346666666666662,"EV(call)=INR-3, EV(visit)=INR-147 — negative economic yield",-1.0,-1.0,-1.0,-1.0,49300.0,train
AC001799,PH004518,3,0,0.9891764705882353,Excellent,1,Call,196.79200000000003,EV(call)=INR197 [P(RPC)=98.92% x 5% x INR40800 x 10% - INR5],16.0,0.0,0.0,13.1875,40800.0,train
AC001799,PH004519,4,1,0.029643721318314557,Poor,2,Call,1.04731914893617,EV(call)=INR1 [P(RPC)=2.96% x 5% x INR40800 x 10% - INR5],8.0,0.0,0.0,12.125,40800.0,train
AC001800,PH004520,3,0,0.008784313725490198,Poor,1,Call,0.2244705882352953,EV(call)=INR0 [P(RPC)=0.88% x 5% x INR118950 x 10% - INR5],-1.0,-1.0,-1.0,-1.0,118950.0,train
AC001800,PH004521,4,1,0.008784313725490198,Poor,2,Call,0.2244705882352953,EV(call)=INR0 [P(RPC)=0.88% x 5% x INR118950 x 10% - INR5],-1.0,-1.0,-1.0,-1.0,118950.0,train
AC001801,PH005843,5,1,0.9891764705882353,Excellent,1,Call,412.4324705882354,EV(call)=INR412 [P(RPC)=98.92% x 5% x INR84400 x 10% - INR5],25.0,0.0,0.0,33.0,84400.0,train
AC001801,PH004522,3,0,0.008784313725490198,Poor,2,Suppress,-1.2930196078431364,"EV(call)=INR-1, EV(visit)=INR-109 — negative economic yield",2.0,0.0,0.0,0.0,84400.0,train
AC001802,PH004524,4,1,0.9424911297852473,Excellent,1,Call,113.75388235294116,EV(call)=INR114 [P(RPC)=94.25% x 5% x INR25200 x 10% - INR5],9.0,0.0,0.0,10.11111111111111,25200.0,validation
AC001802,PH004523,3,0,0.8911372549019607,Excellent,2,Call,107.28329411764707,EV(call)=INR107 [P(RPC)=89.11% x 5% x INR25200 x 10% - INR5],9.0,0.0,0.0,20.444444444444443,25200.0,validation
AC001803,PH004526,0,1,0.9891764705882353,Excellent,1,Call,1063.3105882352943,EV(call)=INR1063 [P(RPC)=98.92% x 5% x INR216000 x 10% - INR5],12.0,0.0,0.0,16.0,216000.0,train
AC001803,PH004525,3,0,0.9745437518290897,Excellent,2,Call,1047.507251975417,EV(call)=INR1048 [P(RPC)=97.45% x 5% x INR216000 x 10% - INR5],10.0,0.0,0.0,34.9,216000.0,train
AC001803,PH000411,2,3,0.07136253650396328,Poor,3,Call,72.07153942428035,EV(call)=INR72 [P(RPC)=7.14% x 5% x INR216000 x 10% - INR5],5.0,1.0,0.0,47.0,216000.0,train
AC001803,PH004527,1,2,0.008784313725490198,Poor,4,Call,4.487058823529415,EV(call)=INR4 [P(RPC)=0.88% x 5% x INR216000 x 10% - INR5],-1.0,-1.0,-1.0,-1.0,216000.0,train
AC001803,PH004528,4,4,0.008784313725490198,Poor,5,Call,4.487058823529415,EV(call)=INR4 [P(RPC)=0.88% x 5% x INR216000 x 10% - INR5],-1.0,-1.0,-1.0,-1.0,216000.0,train
AC001804,PH004529,3,0,0.9745437518290897,Excellent,1,Call,329.9994146912496,EV(call)=INR330 [P(RPC)=97.45% x 5% x INR68750 x 10% - INR5],6.0,0.0,0.0,57.333333333333336,68750.0,train
AC001804,PH004530,0,1,0.029643721318314557,Poor,2,Call,5.19002920317063,EV(call)=INR5 [P(RPC)=2.96% x 5% x INR68750 x 10% - INR5],-1.0,-1.0,-1.0,-1.0,68750.0,train
AC001804,PH004531,1,2,0.008784313725490198,Poor,3,Suppress,-1.9803921568627443,"EV(call)=INR-2, EV(visit)=INR-126 — negative economic yield",-1.0,-1.0,-1.0,-1.0,68750.0,train
AC001804,PH004532,4,3,0.008784313725490198,Poor,4,Suppress,-1.9803921568627443,Compliance: Verified third-party — contact strictly prohibited,-1.0,-1.0,-1.0,-1.0,68750.0,train
AC001805,PH004533,3,0,0.9424911297852473,Excellent,1,Call,110.4551633986928,EV(call)=INR110 [P(RPC)=94.25% x 5% x INR24500 x 10% - INR5],1.0,0.0,0.0,35.0,24500.0,validation
AC001806,PH004535,1,1,0.8491204481792716,Excellent,1,Call,161.42760784313725,EV(call)=INR161 [P(RPC)=84.91% x 5% x INR39200 x 10% - INR5],10.0,1.0,0.0,8.8,39200.0,train
AC001806,PH004534,3,0,0.008784313725490198,Poor,2,Suppress,-3.278274509803921,"EV(call)=INR-3, EV(visit)=INR-158 — negative economic yield",8.0,0.0,0.0,0.0,39200.0,train
AC001807,PH004537,0,1,0.9745437518290897,Excellent,1,Call,310.7521755926251,EV(call)=INR311 [P(RPC)=97.45% x 5% x INR64800 x 10% - INR5],8.0,1.0,0.0,64.875,64800.0,validation
AC001807,PH004536,3,0,0.008784313725490198,Poor,2,Suppress,-2.1538823529411757,"EV(call)=INR-2, EV(visit)=INR-130 — negative economic yield",8.0,0.0,1.0,0.0,64800.0,validation
AC001807,PH004538,4,2,0.008784313725490198,Poor,3,Suppress,-2.1538823529411757,"EV(call)=INR-2, EV(visit)=INR-130 — negative economic yield",-1.0,-1.0,-1.0,-1.0,64800.0,validation
AC001808,PH004539,3,0,0.9891764705882353,Excellent,1,Call,153.2682352941177,EV(call)=INR153 [P(RPC)=98.92% x 5% x INR32000 x 10% - INR5],27.0,0.0,12.0,28.85185185185185,32000.0,train
AC001808,PH005888,5,1,0.9745437518290897,Excellent,2,Call,150.92700029265438,EV(call)=INR151 [P(RPC)=97.45% x 5% x INR32000 x 10% - INR5],9.0,0.0,0.0,5.444444444444445,32000.0,train
AC001809,PH004540,3,0,0.8911372549019607,Excellent,1,Call,135.3541176470588,EV(call)=INR135 [P(RPC)=89.11% x 5% x INR31500 x 10% - INR5],7.0,0.0,0.0,26.857142857142858,31500.0,validation
AC001809,PH004541,1,1,0.07136253650396328,Poor,2,Call,6.239599499374217,EV(call)=INR6 [P(RPC)=7.14% x 5% x INR31500 x 10% - INR5],-1.0,-1.0,-1.0,-1.0,31500.0,validation
AC001809,PH004542,4,2,0.029643721318314557,Poor,3,Suppress,-0.3311138923654573,"EV(call)=INR-0, EV(visit)=INR-166 — negative economic yield",-1.0,-1.0,-1.0,-1.0,31500.0,validation
AC001810,PH004544,4,1,0.9745437518290897,Excellent,1,Call,217.19597541703249,EV(call)=INR217 [P(RPC)=97.45% x 5% x INR45600 x 10% - INR5],37.0,0.0,0.0,38.270270270270274,45600.0,train
AC001810,PH004543,3,0,0.07136253650396328,Poor,2,Call,11.270658322903628,EV(call)=INR11 [P(RPC)=7.14% x 5% x INR45600 x 10% - INR5],5.0,2.0,0.0,13.4,45600.0,train
AC001811,PH004545,3,0,0.9745437518290897,Excellent,1,Call,170.41787532923615,EV(call)=INR170 [P(RPC)=97.45% x 5% x INR36000 x 10% - INR5],19.0,0.0,0.0,26.473684210526315,36000.0,train
AC001811,PH004546,1,1,0.07136253650396328,Poor,2,Call,7.845256570713392,EV(call)=INR8 [P(RPC)=7.14% x 5% x INR36000 x 10% - INR5],8.0,0.0,0.0,18.75,36000.0,train
AC001811,PH004547,4,2,0.008784313725490198,Poor,3,Suppress,-3.4188235294117644,"EV(call)=INR-3, EV(visit)=INR-161 — negative economic yield",3.0,0.0,0.0,0.0,36000.0,train
AC001812,PH004550,4,3,0.43770588235294117,Good,1,Call,519.8093529411765,EV(call)=INR520 [P(RPC)=43.77% x 5% x INR239800 x 10% - INR5],2.0,0.0,0.0,14.5,239800.0,test
AC001812,PH000458,2,2,0.029643721318314557,Poor,2,Call,30.542821860659153,EV(call)=INR31 [P(RPC)=2.96% x 5% x INR239800 x 10% - INR5],8.0,0.0,0.0,15.875,239800.0,test
AC001812,PH004548,3,0,0.008784313725490198,Poor,3,Suppress,5.532392156862748,Compliance: Verified third-party — contact strictly prohibited,8.0,0.0,0.0,0.0,239800.0,test
AC001812,PH004549,1,1,0.008784313725490198,Poor,4,Call,5.532392156862748,EV(call)=INR6 [P(RPC)=0.88% x 5% x INR239800 x 10% - INR5],2.0,2.0,0.0,19.0,239800.0,test
AC001813,PH005930,5,3,0.9891764705882353,Excellent,1,Call,724.0230588235295,EV(call)=INR724 [P(RPC)=98.92% x 5% x INR147400 x 10% - INR5],7.0,0.0,0.0,35.42857142857143,147400.0,train
AC001813,PH000475,2,1,0.10069607843137254,Poor,2,Call,69.21300980392158,EV(call)=INR69 [P(RPC)=10.07% x 5% x INR147400 x 10% - INR5],9.0,1.0,0.0,44.44444444444444,147400.0,train
AC001813,PH004551,3,0,0.06942121902372952,Poor,3,Call,46.16343842048867,EV(call)=INR46 [P(RPC)=6.94% x 5% x INR147400 x 10% - INR5],5.0,2.0,0.0,9.0,147400.0,train
AC001813,PH004552,4,2,0.029643721318314557,Poor,4,Call,16.847422611597832,EV(call)=INR17 [P(RPC)=2.96% x 5% x INR147400 x 10% - INR5],8.0,0.0,0.0,52.75,147400.0,train
AC001814,PH004553,3,0,0.008784313725490198,Poor,1,Call,13.060549019607848,EV(call)=INR13 [P(RPC)=0.88% x 5% x INR411200 x 10% - INR5],1.0,0.0,0.0,0.0,411200.0,train
AC001814,PH004554,1,1,0.008784313725490198,Poor,2,Call,13.060549019607848,EV(call)=INR13 [P(RPC)=0.88% x 5% x INR411200 x 10% - INR5],-1.0,-1.0,-1.0,-1.0,411200.0,train
AC001815,PH004555,3,0,0.9891764705882353,Excellent,1,Call,212.6188235294118,EV(call)=INR213 [P(RPC)=98.92% x 5% x INR44000 x 10% - INR5],21.0,0.0,0.0,26.0,44000.0,train
AC001815,PH004556,1,1,0.07136253650396328,Poor,2,Call,10.699758030871923,EV(call)=INR11 [P(RPC)=7.14% x 5% x INR44000 x 10% - INR5],8.0,0.0,0.0,39.375,44000.0,train
AC001815,PH004557,4,2,0.029643721318314557,Poor,3,Call,1.5216186900292037,EV(call)=INR2 [P(RPC)=2.96% x 5% x INR44000 x 10% - INR5],8.0,1.0,0.0,43.375,44000.0,train
AC001816,PH004558,3,0,0.8911372549019607,Excellent,1,Call,1648.0596078431372,EV(call)=INR1648 [P(RPC)=89.11% x 5% x INR371000 x 10% - INR5],16.0,0.0,0.0,8.0,371000.0,train
AC001816,PH004559,4,1,0.7440784313725489,Excellent,2,Call,1375.2654901960784,EV(call)=INR1375 [P(RPC)=74.41% x 5% x INR371000 x 10% - INR5],15.0,1.0,0.0,27.4,371000.0,train
AC001817,PH004562,4,2,0.43770588235294117,Good,1,Call,194.5938823529412,EV(call)=INR195 [P(RPC)=43.77% x 5% x INR91200 x 10% - INR5],8.0,0.0,0.0,7.75,91200.0,train
AC001817,PH004560,3,0,0.008784313725490198,Poor,2,Suppress,-0.9943529411764702,"EV(call)=INR-1, EV(visit)=INR-102 — negative economic yield",8.0,0.0,2.0,0.0,91200.0,train
AC001817,PH004561,1,1,0.008784313725490198,Poor,3,Suppress,-0.9943529411764702,"EV(call)=INR-1, EV(visit)=INR-102 — negative economic yield",4.0,2.0,0.0,12.5,91200.0,train
AC001818,PH004563,3,0,0.029643721318314557,Poor,1,Call,17.625570296203588,EV(call)=INR18 [P(RPC)=2.96% x 5% x INR152650 x 10% - INR5],3.0,0.0,0.0,0.0,152650.0,test
AC001818,PH004564,4,1,0.008784313725490198,Poor,2,Call,1.7046274509803938,EV(call)=INR2 [P(RPC)=0.88% x 5% x INR152650 x 10% - INR5],-1.0,-1.0,-1.0,-1.0,152650.0,test
AC001819,PH004565,3,0,0.9424911297852473,Excellent,1,Call,363.5140317460317,EV(call)=INR364 [P(RPC)=94.25% x 5% x INR78200 x 10% - INR5],2.0,0.0,0.0,22.0,78200.0,train
AC001819,PH004566,1,1,0.029209150326797384,Poor,2,Call,6.420777777777779,EV(call)=INR6 [P(RPC)=2.92% x 5% x INR78200 x 10% - INR5],-1.0,-1.0,-1.0,-1.0,78200.0,train
AC001819,PH004567,4,2,0.029209150326797384,Poor,3,Call,6.420777777777779,EV(call)=INR6 [P(RPC)=2.92% x 5% x INR78200 x 10% - INR5],-1.0,-1.0,-1.0,-1.0,78200.0,train
AC001820,PH004568,3,0,0.8911372549019607,Excellent,1,Call,969.6813725490197,EV(call)=INR970 [P(RPC)=89.11% x 5% x INR218750 x 10% - INR5],3.0,0.0,0.0,20.666666666666668,218750.0,train
AC001821,PH004569,3,0,0.9891764705882353,Excellent,1,Call,221.27411764705886,EV(call)=INR221 [P(RPC)=98.92% x 5% x INR45750 x 10% - INR5],30.0,0.0,0.0,66.83333333333333,45750.0,train
AC001822,PH004570,3,0,0.9745437518290897,Excellent,1,Call,2165.308935323383,EV(call)=INR2165 [P(RPC)=97.45% x 5% x INR445400 x 10% - INR5],7.0,0.0,0.0,65.14285714285714,445400.0,train
AC001822,PH004571,0,1,0.029643721318314557,Poor,2,Call,61.016567375886524,EV(call)=INR61 [P(RPC)=2.96% x 5% x INR445400 x 10% - INR5],-1.0,-1.0,-1.0,-1.0,445400.0,train
AC001822,PH000309,2,2,0.008784313725490198,Poor,3,Suppress,14.562666666666672,Compliance: Verified third-party — contact strictly prohibited,-1.0,-1.0,-1.0,-1.0,445400.0,train
AC001823,PH004572,3,0,0.9745437518290897,Excellent,1,Call,222.79960199004972,EV(call)=INR223 [P(RPC)=97.45% x 5% x INR46750 x 10% - INR5],16.0,0.0,0.0,40.5,46750.0,train
AC001823,PH004573,1,1,0.008784313725490198,Poor,2,Suppress,-2.946666666666666,"EV(call)=INR-3, EV(visit)=INR-150 — negative economic yield",8.0,0.0,0.0,0.0,46750.0,train
AC001824,PH004574,3,0,0.9745437518290897,Excellent,1,Call,568.0317260755048,EV(call)=INR568 [P(RPC)=97.45% x 5% x INR117600 x 10% - INR5],16.0,0.0,0.0,28.125,117600.0,train
AC001824,PH004575,1,1,0.9745437518290897,Excellent,2,Call,568.0317260755048,EV(call)=INR568 [P(RPC)=97.45% x 5% x INR117600 x 10% - INR5],14.0,0.0,0.0,25.642857142857142,117600.0,train
AC001825,PH004576,3,0,0.9745437518290897,Excellent,1,Call,531.9736072578285,EV(call)=INR532 [P(RPC)=97.45% x 5% x INR110200 x 10% - INR5],9.0,0.0,0.0,78.0,110200.0,train
AC001826,PH004577,3,0,0.9891764705882353,Excellent,1,Call,495.77058823529416,EV(call)=INR496 [P(RPC)=98.92% x 5% x INR101250 x 10% - INR5],26.0,0.0,0.0,49.73076923076923,101250.0,test
AC001826,PH004578,4,1,0.008784313725490198,Poor,2,Suppress,-0.5529411764705872,"EV(call)=INR-1, EV(visit)=INR-91 — negative economic yield",-1.0,-1.0,-1.0,-1.0,101250.0,test
AC001827,PH004579,3,0,0.9745437518290897,Excellent,1,Call,100.73799707345626,EV(call)=INR101 [P(RPC)=97.45% x 5% x INR21700 x 10% - INR5],14.0,0.0,0.0,49.142857142857146,21700.0,train
AC001828,PH004580,3,0,0.9424911297852473,Excellent,1,Call,363.98527731092435,EV(call)=INR364 [P(RPC)=94.25% x 5% x INR78300 x 10% - INR5],20.0,0.0,1.0,15.05,78300.0,train
AC001828,PH004581,0,1,0.029643721318314557,Poor,2,Call,6.60551689612015,EV(call)=INR7 [P(RPC)=2.96% x 5% x INR78300 x 10% - INR5],-1.0,-1.0,-1.0,-1.0,78300.0,train
AC001828,PH004582,1,2,0.008784313725490198,Poor,3,Suppress,-1.5609411764705872,"EV(call)=INR-2, EV(visit)=INR-115 — negative economic yield",-1.0,-1.0,-1.0,-1.0,78300.0,train
AC001829,PH004583,3,0,0.008784313725490198,Poor,1,Suppress,-4.288470588235294,"EV(call)=INR-4, EV(visit)=INR-183 — negative economic yield",3.0,0.0,0.0,0.0,16200.0,train
AC001830,PH004584,3,0,0.9745437518290897,Excellent,1,Call,4360.956008194323,EV(call)=INR4361 [P(RPC)=97.45% x 5% x INR896000 x 10% - INR5],10.0,0.0,0.0,19.4,896000.0,train
AC001830,PH000267,2,1,0.10069607843137254,Poor,2,Call,446.11843137254914,EV(call)=INR446 [P(RPC)=10.07% x 5% x INR896000 x 10% - INR5],2.0,0.0,0.0,52.5,896000.0,train
AC001830,PH004585,4,2,0.008784313725490198,Poor,3,Call,34.35372549019609,EV(call)=INR34 [P(RPC)=0.88% x 5% x INR896000 x 10% - INR5],-1.0,-1.0,-1.0,-1.0,896000.0,train
AC001831,PH004586,3,0,0.9424911297852473,Excellent,1,Call,187.50381325863677,EV(call)=INR188 [P(RPC)=94.25% x 5% x INR40850 x 10% - INR5],4.0,0.0,0.0,11.5,40850.0,train
AC001831,PH004587,0,1,0.008784313725490198,Poor,2,Suppress,-3.205803921568627,"EV(call)=INR-3, EV(visit)=INR-156 — negative economic yield",-1.0,-1.0,-1.0,-1.0,40850.0,train
AC001831,PH004588,4,2,0.008784313725490198,Poor,3,Suppress,-3.205803921568627,"EV(call)=INR-3, EV(visit)=INR-156 — negative economic yield",-1.0,-1.0,-1.0,-1.0,40850.0,train
AC001832,PH004589,3,0,0.9891764705882353,Excellent,1,Call,796.9748235294119,EV(call)=INR797 [P(RPC)=98.92% x 5% x INR162150 x 10% - INR5],38.0,1.0,0.0,46.6578947368421,162150.0,test
AC001832,PH004590,4,1,0.008784313725490198,Poor,2,Suppress,2.121882352941178,Compliance: Verified third-party — contact strictly prohibited,-1.0,-1.0,-1.0,-1.0,162150.0,test
AC001833,PH004593,4,2,0.7440784313725489,Excellent,1,Call,555.8491176470587,EV(call)=INR556 [P(RPC)=74.41% x 5% x INR150750 x 10% - INR5],12.0,0.0,0.0,36.083333333333336,150750.0,train
AC001833,PH004592,1,1,0.07136253650396328,Poor,2,Call,48.789511889862325,EV(call)=INR49 [P(RPC)=7.14% x 5% x INR150750 x 10% - INR5],4.0,2.0,0.0,17.5,150750.0,train
AC001833,PH004591,3,0,0.008784313725490198,Poor,3,Call,1.621176470588236,EV(call)=INR2 [P(RPC)=0.88% x 5% x INR150750 x 10% - INR5],8.0,0.0,1.0,0.0,150750.0,train
AC001834,PH004594,3,0,0.9891764705882353,Excellent,1,Call,97.37976470588237,EV(call)=INR97 [P(RPC)=98.92% x 5% x INR20700 x 10% - INR5],24.0,0.0,0.0,8.416666666666666,20700.0,train
AC001835,PH004595,3,0,0.015895891465503863,Poor,1,Call,23.457619696118293,EV(call)=INR23 [P(RPC)=1.59% x 5% x INR358050 x 10% - INR5],-1.0,-1.0,-1.0,-1.0,358050.0,train
AC001835,PH004596,4,1,0.008784313725490198,Poor,2,Call,10.726117647058826,EV(call)=INR11 [P(RPC)=0.88% x 5% x INR358050 x 10% - INR5],-1.0,-1.0,-1.0,-1.0,358050.0,train
AC001836,PH004597,1,1,0.9745437518290897,Excellent,1,Call,258.12681299385423,EV(call)=INR258 [P(RPC)=97.45% x 5% x INR54000 x 10% - INR5],16.0,0.0,0.0,109.375,54000.0,train
AC001836,PH000118,3,0,0.029643721318314557,Poor,2,Call,3.003804755944932,EV(call)=INR3 [P(RPC)=2.96% x 5% x INR54000 x 10% - INR5],8.0,1.0,0.0,54.875,54000.0,train
AC001836,PH004598,4,2,0.008784313725490198,Poor,3,Suppress,-2.6282352941176463,"EV(call)=INR-3, EV(visit)=INR-142 — negative economic yield",-1.0,-1.0,-1.0,-1.0,54000.0,train
AC001837,PH004599,3,0,0.8491204481792716,Excellent,1,Call,2943.3584761904763,EV(call)=INR2943 [P(RPC)=84.91% x 5% x INR694450 x 10% - INR5],5.0,0.0,0.0,39.2,694450.0,validation
AC001838,PH004600,3,0,0.008784313725490198,Poor,1,Suppress,-0.04564705882352804,"EV(call)=INR-0, EV(visit)=INR-78 — negative economic yield",-1.0,-1.0,-1.0,-1.0,112800.0,train
AC001839,PH004601,3,0,0.9424911297852473,Excellent,1,Call,563.7933968253968,EV(call)=INR564 [P(RPC)=94.25% x 5% x INR120700 x 10% - INR5],13.0,0.0,0.0,1.9230769230769231,120700.0,train
AC001840,PH004602,3,0,0.9745437518290897,Excellent,1,Call,441.5846742756804,EV(call)=INR442 [P(RPC)=97.45% x 5% x INR91650 x 10% - INR5],17.0,0.0,0.0,37.529411764705884,91650.0,validation
AC001840,PH004603,4,1,0.008784313725490198,Poor,2,Suppress,-0.9745882352941164,"EV(call)=INR-1, EV(visit)=INR-101 — negative economic yield",-1.0,-1.0,-1.0,-1.0,91650.0,validation
AC001841,PH004604,3,0,0.9424911297852473,Excellent,1,Call,535.9899084967319,EV(call)=INR536 [P(RPC)=94.25% x 5% x INR114800 x 10% - INR5],2.0,0.0,0.0,13.0,114800.0,train
AC001841,PH004605,0,1,0.029643721318314557,Poor,2,Call,12.015496036712559,EV(call)=INR12 [P(RPC)=2.96% x 5% x INR114800 x 10% - INR5],-1.0,-1.0,-1.0,-1.0,114800.0,train
AC001842,PH004608,4,2,0.029643721318314557,Poor,1,Call,19.34490613266583,EV(call)=INR19 [P(RPC)=2.96% x 5% x INR164250 x 10% - INR5],8.0,0.0,0.0,32.625,164250.0,train
AC001842,PH004607,1,1,0.029209150326797384,Poor,2,Call,18.988014705882357,EV(call)=INR19 [P(RPC)=2.92% x 5% x INR164250 x 10% - INR5],4.0,2.0,0.0,4.25,164250.0,train
AC001842,PH004606,3,0,0.008784313725490198,Poor,3,Call,2.214117647058825,EV(call)=INR2 [P(RPC)=0.88% x 5% x INR164250 x 10% - INR5],15.0,0.0,4.0,0.0,164250.0,train
AC001843,PH004610,1,1,0.9745437518290897,Excellent,1,Call,3431.241268949371,EV(call)=INR3431 [P(RPC)=97.45% x 5% x INR705200 x 10% - INR5],14.0,0.0,0.0,51.142857142857146,705200.0,validation
AC001843,PH004609,3,0,0.029643721318314557,Poor,2,Call,99.52376136837714,EV(call)=INR100 [P(RPC)=2.96% x 5% x INR705200 x 10% - INR5],16.0,0.0,0.0,0.0,705200.0,validation
AC001844,PH004611,3,0,0.9424911297852473,Excellent,1,Call,760.3027973856208,EV(call)=INR760 [P(RPC)=94.25% x 5% x INR162400 x 10% - INR5],2.0,0.0,0.0,29.5,162400.0,train
AC001844,PH004612,0,1,0.029643721318314557,Poor,2,Call,19.070701710471422,EV(call)=INR19 [P(RPC)=2.96% x 5% x INR162400 x 10% - INR5],-1.0,-1.0,-1.0,-1.0,162400.0,train
AC001845,PH004613,3,0,0.9745437518290897,Excellent,1,Call,529.2936119402984,EV(call)=INR529 [P(RPC)=97.45% x 5% x INR109650 x 10% - INR5],4.0,0.0,0.0,119.25,109650.0,train
AC001845,PH004614,0,1,0.029643721318314557,Poor,2,Call,11.252170212765957,EV(call)=INR11 [P(RPC)=2.96% x 5% x INR109650 x 10% - INR5],-1.0,-1.0,-1.0,-1.0,109650.0,train
AC001845,PH004615,4,2,0.029209150326797384,Poor,3,Call,11.01391666666667,EV(call)=INR11 [P(RPC)=2.92% x 5% x INR109650 x 10% - INR5],-1.0,-1.0,-1.0,-1.0,109650.0,train
AC001846,PH004616,3,0,0.10069607843137254,Poor,1,Call,418.80462009803927,EV(call)=INR419 [P(RPC)=10.07% x 5% x INR841750 x 10% - INR5],13.0,1.0,0.0,1.9230769230769231,841750.0,test
AC001846,PH004617,0,1,0.07136253650396328,Poor,2,Call,295.3470755110555,EV(call)=INR295 [P(RPC)=7.14% x 5% x INR841750 x 10% - INR5],8.0,0.0,0.0,0.0,841750.0,test
AC001847,PH004618,3,0,0.9891764705882353,Excellent,1,Call,105.78776470588237,EV(call)=INR106 [P(RPC)=98.92% x 5% x INR22400 x 10% - INR5],26.0,0.0,0.0,43.38461538461539,22400.0,train
AC001848,PH004619,3,0,0.9745437518290897,Excellent,1,Call,475.93734152765586,EV(call)=INR476 [P(RPC)=97.45% x 5% x INR98700 x 10% - INR5],5.0,0.0,0.0,81.2,98700.0,train
AC001848,PH004620,4,1,0.029209150326797384,Poor,2,Call,9.414715686274512,EV(call)=INR9 [P(RPC)=2.92% x 5% x INR98700 x 10% - INR5],-1.0,-1.0,-1.0,-1.0,98700.0,train
AC001849,PH004621,3,0,0.9424911297852473,Excellent,1,Call,1426.4084033613444,EV(call)=INR1426 [P(RPC)=94.25% x 5% x INR303750 x 10% - INR5],19.0,0.0,0.0,17.894736842105264,303750.0,train
AC001849,PH004622,4,1,0.008784313725490198,Poor,2,Suppress,8.341176470588238,Compliance: Verified third-party — contact strictly prohibited,-1.0,-1.0,-1.0,-1.0,303750.0,train
AC001850,PH004623,3,0,0.9424911297852473,Excellent,1,Call,404.0411503267974,EV(call)=INR404 [P(RPC)=94.25% x 5% x INR86800 x 10% - INR5],3.0,0.0,0.0,26.0,86800.0,test
AC001850,PH004624,0,1,0.029643721318314557,Poor,2,Call,7.86537505214852,EV(call)=INR8 [P(RPC)=2.96% x 5% x INR86800 x 10% - INR5],-1.0,-1.0,-1.0,-1.0,86800.0,test
AC001851,PH004625,3,0,0.9745437518290897,Excellent,1,Call,583.380790166813,EV(call)=INR583 [P(RPC)=97.45% x 5% x INR120750 x 10% - INR5],31.0,1.0,2.0,5.903225806451613,120750.0,train
AC001852,PH004627,0,1,0.9891764705882353,Excellent,1,Call,222.01600000000005,EV(call)=INR222 [P(RPC)=98.92% x 5% x INR45900 x 10% - INR5],31.0,0.0,6.0,6.258064516129032,45900.0,train
AC001852,PH005950,5,2,0.8911372549019607,Excellent,2,Call,199.51600000000002,EV(call)=INR200 [P(RPC)=89.11% x 5% x INR45900 x 10% - INR5],1.0,0.0,0.0,25.0,45900.0,train
AC001852,PH004626,3,0,0.008784313725490198,Poor,3,Suppress,-2.9839999999999995,"EV(call)=INR-3, EV(visit)=INR-150 — negative economic yield",6.0,2.0,1.0,8.666666666666666,45900.0,train
AC001853,PH004628,3,0,0.9424911297852473,Excellent,1,Call,628.3540392156863,EV(call)=INR628 [P(RPC)=94.25% x 5% x INR134400 x 10% - INR5],12.0,0.0,0.0,7.833333333333333,134400.0,train
AC001853,PH004629,1,1,0.029209150326797384,Poor,2,Call,14.628549019607846,EV(call)=INR15 [P(RPC)=2.92% x 5% x INR134400 x 10% - INR5],-1.0,-1.0,-1.0,-1.0,134400.0,train
AC001853,PH004630,4,2,0.008784313725490198,Poor,3,Call,0.9030588235294132,EV(call)=INR1 [P(RPC)=0.88% x 5% x INR134400 x 10% - INR5],-1.0,-1.0,-1.0,-1.0,134400.0,train
AC001854,PH004631,3,0,0.9891764705882353,Excellent,1,Call,879.5710588235296,EV(call)=INR880 [P(RPC)=98.92% x 5% x INR178850 x 10% - INR5],31.0,0.0,0.0,60.806451612903224,178850.0,train
AC001854,PH004632,0,1,0.008784313725490198,Poor,2,Call,2.8553725490196102,EV(call)=INR3 [P(RPC)=0.88% x 5% x INR178850 x 10% - INR5],-1.0,-1.0,-1.0,-1.0,178850.0,train
AC001855,PH004633,3,0,0.9891764705882353,Excellent,1,Call,4588.240941176471,EV(call)=INR4588 [P(RPC)=98.92% x 5% x INR928700 x 10% - INR5],31.0,0.0,0.0,19.161290322580644,928700.0,train
AC001856,PH004635,4,1,0.9891764705882353,Excellent,1,Call,365.9411764705883,EV(call)=INR366 [P(RPC)=98.92% x 5% x INR75000 x 10% - INR5],36.0,0.0,0.0,40.861111111111114,75000.0,train
AC001856,PH004634,3,0,0.8911372549019607,Excellent,2,Call,329.17647058823536,EV(call)=INR329 [P(RPC)=89.11% x 5% x INR75000 x 10% - INR5],9.0,0.0,0.0,4.111111111111111,75000.0,train
AC001857,PH004636,3,0,0.029643721318314557,Poor,1,Call,3.596679182311222,EV(call)=INR4 [P(RPC)=2.96% x 5% x INR58000 x 10% - INR5],4.0,2.0,0.0,13.5,58000.0,test
AC001858,PH004637,3,0,0.9745437518290897,Excellent,1,Call,2632.115392449517,EV(call)=INR2632 [P(RPC)=97.45% x 5% x INR541200 x 10% - INR5],12.0,0.0,0.0,31.583333333333332,541200.0,test
AC001858,PH004638,1,1,0.008784313725490198,Poor,2,Call,18.770352941176476,EV(call)=INR19 [P(RPC)=0.88% x 5% x INR541200 x 10% - INR5],-1.0,-1.0,-1.0,-1.0,541200.0,test
AC001858,PH000470,2,2,0.008784313725490198,Poor,3,Suppress,18.770352941176476,Compliance: Verified third-party — contact strictly prohibited,-1.0,-1.0,-1.0,-1.0,541200.0,test
AC001859,PH004639,3,0,0.9891764705882353,Excellent,1,Call,906.526117647059,EV(call)=INR907 [P(RPC)=98.92% x 5% x INR184300 x 10% - INR5],24.0,0.0,0.0,65.125,184300.0,train
AC001859,PH004640,4,1,0.029643721318314557,Poor,2,Call,22.316689194826864,EV(call)=INR22 [P(RPC)=2.96% x 5% x INR184300 x 10% - INR5],-1.0,-1.0,-1.0,-1.0,184300.0,train
AC001860,PH004641,3,0,0.9745437518290897,Excellent,1,Call,894.5038829382498,EV(call)=INR895 [P(RPC)=97.45% x 5% x INR184600 x 10% - INR5],15.0,1.0,0.0,30.866666666666667,184600.0,train
AC001860,PH004642,4,1,0.8491204481792716,Excellent,2,Call,778.7381736694678,EV(call)=INR779 [P(RPC)=84.91% x 5% x INR184600 x 10% - INR5],13.0,0.0,0.0,48.92307692307692,184600.0,train
AC001861,PH004643,3,0,0.9745437518290897,Excellent,1,Call,1654.64800936494,EV(call)=INR1655 [P(RPC)=97.45% x 5% x INR340600 x 10% - INR5],20.0,0.0,0.0,61.85,340600.0,train
AC001861,PH004644,1,1,0.9745437518290897,Excellent,2,Call,1654.64800936494,EV(call)=INR1655 [P(RPC)=97.45% x 5% x INR340600 x 10% - INR5],10.0,0.0,0.0,29.6,340600.0,train
AC001861,PH004645,4,2,0.9424911297852473,Excellent,3,Call,1600.0623940242763,EV(call)=INR1600 [P(RPC)=94.25% x 5% x INR340600 x 10% - INR5],9.0,0.0,0.0,58.333333333333336,340600.0,train
AC001862,PH004647,1,1,0.9891764705882353,Excellent,1,Call,3840.9181176470593,EV(call)=INR3841 [P(RPC)=98.92% x 5% x INR777600 x 10% - INR5],12.0,0.0,0.0,13.583333333333334,777600.0,validation
AC001862,PH004646,3,0,0.9424911297852473,Excellent,2,Call,3659.4055126050416,EV(call)=INR3659 [P(RPC)=94.25% x 5% x INR777600 x 10% - INR5],9.0,0.0,0.0,4.777777777777778,777600.0,validation
AC001862,PH000399,2,2,0.8911372549019607,Excellent,3,Call,3459.7416470588237,EV(call)=INR3460 [P(RPC)=89.11% x 5% x INR777600 x 10% - INR5],19.0,1.0,0.0,32.8421052631579,777600.0,validation
AC001862,PH004648,4,3,0.2888963585434174,Fair,4,Call,1118.229042016807,EV(call)=INR1118 [P(RPC)=28.89% x 5% x INR777600 x 10% - INR5],5.0,1.0,0.0,62.4,777600.0,validation
AC001863,PH004649,3,0,0.9745437518290897,Excellent,1,Call,240.34138952297337,EV(call)=INR240 [P(RPC)=97.45% x 5% x INR50350 x 10% - INR5],20.0,0.0,0.0,27.45,50350.0,validation
AC001863,PH004650,0,1,0.008784313725490198,Poor,2,Suppress,-2.7885490196078426,"EV(call)=INR-3, EV(visit)=INR-146 — negative economic yield",8.0,0.0,0.0,0.0,50350.0,validation
AC001864,PH004651,3,0,0.9891764705882353,Excellent,1,Call,865.4752941176472,EV(call)=INR865 [P(RPC)=98.92% x 5% x INR176000 x 10% - INR5],29.0,0.0,15.0,13.0,176000.0,train
AC001864,PH004652,0,1,0.029643721318314557,Poor,2,Call,21.086474760116815,EV(call)=INR21 [P(RPC)=2.96% x 5% x INR176000 x 10% - INR5],20.0,1.0,0.0,0.3,176000.0,train
AC001864,PH004653,4,2,0.008784313725490198,Poor,3,Call,2.7301960784313737,EV(call)=INR3 [P(RPC)=0.88% x 5% x INR176000 x 10% - INR5],4.0,2.0,0.0,76.75,176000.0,train
AC001865,PH004655,0,1,0.9891764705882353,Excellent,1,Call,370.1451764705883,EV(call)=INR370 [P(RPC)=98.92% x 5% x INR75850 x 10% - INR5],31.0,0.0,0.0,35.516129032258064,75850.0,train
AC001865,PH004654,3,0,0.029209150326797384,Poor,2,Call,6.077570261437909,EV(call)=INR6 [P(RPC)=2.92% x 5% x INR75850 x 10% - INR5],8.0,0.0,0.0,0.0,75850.0,train
AC001865,PH004656,4,2,0.029209150326797384,Poor,3,Suppress,6.077570261437909,Compliance: Verified third-party — contact strictly prohibited,-1.0,-1.0,-1.0,-1.0,75850.0,train
AC001866,PH004658,0,1,0.9891764705882353,Excellent,1,Call,89.96094117647061,EV(call)=INR90 [P(RPC)=98.92% x 5% x INR19200 x 10% - INR5],15.0,0.0,0.0,66.93333333333334,19200.0,train
AC001866,PH004657,3,0,0.008784313725490198,Poor,2,Suppress,-4.156705882352941,"EV(call)=INR-4, EV(visit)=INR-179 — negative economic yield",8.0,0.0,1.0,0.0,19200.0,train
AC001866,PH004659,1,2,0.008784313725490198,Poor,3,Suppress,-4.156705882352941,"EV(call)=INR-4, EV(visit)=INR-179 — negative economic yield",-1.0,-1.0,-1.0,-1.0,19200.0,train
AC001866,PH004660,4,3,0.008784313725490198,Poor,4,Suppress,-4.156705882352941,"EV(call)=INR-4, EV(visit)=INR-179 — negative economic yield",-1.0,-1.0,-1.0,-1.0,19200.0,train
AC001867,PH005855,5,1,0.07136253650396328,Poor,1,Call,23.384448894451396,EV(call)=INR23 [P(RPC)=7.14% x 5% x INR79550 x 10% - INR5],16.0,0.0,0.0,0.0,79550.0,test
AC001867,PH004661,3,0,0.008784313725490198,Poor,2,Suppress,-1.5060392156862736,"EV(call)=INR-2, EV(visit)=INR-114 — negative economic yield",4.0,2.0,0.0,7.0,79550.0,test
AC001868,PH004662,3,0,0.9891764705882353,Excellent,1,Call,192.8352941176471,EV(call)=INR193 [P(RPC)=98.92% x 5% x INR40000 x 10% - INR5],33.0,0.0,0.0,65.18181818181819,40000.0,validation
AC001868,PH004663,4,1,0.008784313725490198,Poor,2,Suppress,-3.24313725490196,"EV(call)=INR-3, EV(visit)=INR-157 — negative economic yield",-1.0,-1.0,-1.0,-1.0,40000.0,validation
AC001869,PH000516,2,2,0.9745437518290897,Excellent,1,Call,282.00313491366694,EV(call)=INR282 [P(RPC)=97.45% x 5% x INR58900 x 10% - INR5],31.0,3.0,0.0,41.45161290322581,58900.0,train
AC001869,PH004664,3,0,0.8257777777777777,Excellent,2,Call,238.19155555555554,EV(call)=INR238 [P(RPC)=82.58% x 5% x INR58900 x 10% - INR5],8.0,0.0,0.0,3.625,58900.0,train
AC001869,PH004665,1,1,0.029643721318314557,Poor,3,Call,3.7300759282436378,EV(call)=INR4 [P(RPC)=2.96% x 5% x INR58900 x 10% - INR5],3.0,2.0,0.0,8.666666666666666,58900.0,train
AC001869,PH004666,4,3,0.008784313725490198,Poor,4,Suppress,-2.4130196078431365,"EV(call)=INR-2, EV(visit)=INR-136 — negative economic yield",5.0,0.0,0.0,0.0,58900.0,train
AC001870,PH004667,3,0,0.9745437518290897,Excellent,1,Call,189.42147848990342,EV(call)=INR189 [P(RPC)=97.45% x 5% x INR39900 x 10% - INR5],18.0,0.0,0.0,24.333333333333332,39900.0,train
AC001870,PH004668,4,1,0.10069607843137254,Poor,2,Call,15.088867647058827,EV(call)=INR15 [P(RPC)=10.07% x 5% x INR39900 x 10% - INR5],11.0,0.0,0.0,9.727272727272727,39900.0,train
AC001871,PH004669,3,0,0.8257777777777777,Excellent,1,Call,1668.4386666666667,EV(call)=INR1668 [P(RPC)=82.58% x 5% x INR405300 x 10% - INR5],19.0,0.0,0.0,2.473684210526316,405300.0,validation
AC001871,PH004670,4,1,0.8257777777777777,Excellent,2,Call,1668.4386666666667,EV(call)=INR1668 [P(RPC)=82.58% x 5% x INR405300 x 10% - INR5],9.0,1.0,0.0,55.0,405300.0,validation
AC001872,PH004673,1,2,0.03917295033383052,Poor,1,Call,28.326387496506314,EV(call)=INR28 [P(RPC)=3.92% x 5% x INR170150 x 10% - INR5],6.0,0.0,0.0,0.0,170150.0,train
AC001872,PH004674,4,3,0.029643721318314557,Poor,2,Call,20.21939591155611,EV(call)=INR20 [P(RPC)=2.96% x 5% x INR170150 x 10% - INR5],-1.0,-1.0,-1.0,-1.0,170150.0,train
AC001872,PH004672,0,1,0.029209150326797384,Poor,3,Call,19.84968464052288,EV(call)=INR20 [P(RPC)=2.92% x 5% x INR170150 x 10% - INR5],8.0,0.0,0.0,0.0,170150.0,train
AC001872,PH004671,3,0,0.008784313725490198,Poor,4,Call,2.473254901960786,EV(call)=INR2 [P(RPC)=0.88% x 5% x INR170150 x 10% - INR5],8.0,0.0,6.0,0.0,170150.0,train
AC001873,PH000546,2,1,0.9424911297852473,Excellent,1,Call,2058.1130830999064,EV(call)=INR2058 [P(RPC)=94.25% x 5% x INR437800 x 10% - INR5],39.0,2.0,0.0,49.41025641025641,437800.0,train
AC001873,PH004675,3,0,0.8257777777777777,Excellent,2,Call,1802.6275555555558,EV(call)=INR1803 [P(RPC)=82.58% x 5% x INR437800 x 10% - INR5],15.0,1.0,0.0,4.466666666666667,437800.0,train
AC001874,PH004676,3,0,0.9745437518290897,Excellent,1,Call,1146.6670787240269,EV(call)=INR1147 [P(RPC)=97.45% x 5% x INR236350 x 10% - INR5],10.0,0.0,0.0,80.4,236350.0,train
AC001874,PH004677,0,1,0.03796399475450982,Poor,2,Call,39.86395080114198,EV(call)=INR40 [P(RPC)=3.80% x 5% x INR236350 x 10% - INR5],-1.0,-1.0,-1.0,-1.0,236350.0,train
AC001874,PH004678,1,2,0.029643721318314557,Poor,3,Call,30.03146766791823,EV(call)=INR30 [P(RPC)=2.96% x 5% x INR236350 x 10% - INR5],-1.0,-1.0,-1.0,-1.0,236350.0,train
AC001874,PH004679,4,3,0.008784313725490198,Poor,4,Call,5.380862745098042,EV(call)=INR5 [P(RPC)=0.88% x 5% x INR236350 x 10% - INR5],-1.0,-1.0,-1.0,-1.0,236350.0,train
AC001875,PH004680,3,0,0.9745437518290897,Excellent,1,Call,81.97802985074627,EV(call)=INR82 [P(RPC)=97.45% x 5% x INR17850 x 10% - INR5],22.0,0.0,0.0,29.227272727272727,17850.0,train
AC001875,PH004681,4,1,0.9424911297852473,Excellent,2,Call,79.11733333333332,EV(call)=INR79 [P(RPC)=94.25% x 5% x INR17850 x 10% - INR5],11.0,1.0,0.0,60.36363636363637,17850.0,train
AC001876,PH004682,3,0,0.9891764705882353,Excellent,1,Call,276.9152941176471,EV(call)=INR277 [P(RPC)=98.92% x 5% x INR57000 x 10% - INR5],28.0,0.0,0.0,38.25,57000.0,test
AC001876,PH004683,1,1,0.045130756058764335,Poor,2,Call,7.862265476747835,EV(call)=INR8 [P(RPC)=4.51% x 5% x INR57000 x 10% - INR5],-1.0,-1.0,-1.0,-1.0,57000.0,test
AC001877,PH004684,3,0,0.9424911297852473,Excellent,1,Call,545.4148197945844,EV(call)=INR545 [P(RPC)=94.25% x 5% x INR116800 x 10% - INR5],7.0,0.0,0.0,24.714285714285715,116800.0,train
AC001877,PH004685,4,1,0.008784313725490198,Poor,2,Call,0.13003921568627597,EV(call)=INR0 [P(RPC)=0.88% x 5% x INR116800 x 10% - INR5],-1.0,-1.0,-1.0,-1.0,116800.0,train
AC001878,PH004687,0,1,0.9745437518290897,Excellent,1,Call,107.07253146034532,EV(call)=INR107 [P(RPC)=97.45% x 5% x INR23000 x 10% - INR5],2.0,0.0,0.0,13.0,23000.0,train
AC001878,PH004686,3,0,0.029209150326797384,Poor,2,Suppress,-1.6409477124183005,"EV(call)=INR-2, EV(visit)=INR-175 — negative economic yield",-1.0,-1.0,-1.0,-1.0,23000.0,train
AC001879,PH004688,3,0,0.9745437518290897,Excellent,1,Call,3478.9939127889957,EV(call)=INR3479 [P(RPC)=97.45% x 5% x INR715000 x 10% - INR5],19.0,0.0,0.0,47.8421052631579,715000.0,test
AC001879,PH004689,0,1,0.07136253650396328,Poor,2,Call,250.12106800166876,EV(call)=INR250 [P(RPC)=7.14% x 5% x INR715000 x 10% - INR5],-1.0,-1.0,-1.0,-1.0,715000.0,test
AC001879,PH004690,4,2,0.008784313725490198,Poor,3,Call,26.40392156862746,EV(call)=INR26 [P(RPC)=0.88% x 5% x INR715000 x 10% - INR5],-1.0,-1.0,-1.0,-1.0,715000.0,test
AC001880,PH004691,3,0,0.008784313725490198,Poor,1,Suppress,-3.945882352941176,"EV(call)=INR-4, EV(visit)=INR-174 — negative economic yield",7.0,0.0,0.0,0.0,24000.0,validation
AC001880,PH004692,0,1,0.008784313725490198,Poor,2,Suppress,-3.945882352941176,"EV(call)=INR-4, EV(visit)=INR-174 — negative economic yield",-1.0,-1.0,-1.0,-1.0,24000.0,validation
AC001881,PH004694,0,1,0.7440784313725489,Excellent,1,Call,492.7884705882352,EV(call)=INR493 [P(RPC)=74.41% x 5% x INR133800 x 10% - INR5],3.0,0.0,0.0,48.333333333333336,133800.0,test
AC001881,PH004693,3,0,0.008784313725490198,Poor,2,Call,0.876705882352943,EV(call)=INR1 [P(RPC)=0.88% x 5% x INR133800 x 10% - INR5],8.0,0.0,0.0,0.0,133800.0,test
AC001881,PH004695,1,2,0.008784313725490198,Poor,3,Call,0.876705882352943,EV(call)=INR1 [P(RPC)=0.88% x 5% x INR133800 x 10% - INR5],-1.0,-1.0,-1.0,-1.0,133800.0,test
AC001881,PH000509,2,3,0.008784313725490198,Poor,4,Call,0.876705882352943,EV(call)=INR1 [P(RPC)=0.88% x 5% x INR133800 x 10% - INR5],-1.0,-1.0,-1.0,-1.0,133800.0,test
AC001881,PH004696,4,4,0.008784313725490198,Poor,5,Suppress,0.876705882352943,Compliance: Verified third-party — contact strictly prohibited,-1.0,-1.0,-1.0,-1.0,133800.0,test
AC001882,PH004697,3,0,0.9745437518290897,Excellent,1,Call,1296.7468165057066,EV(call)=INR1297 [P(RPC)=97.45% x 5% x INR267150 x 10% - INR5],17.0,0.0,0.0,14.647058823529411,267150.0,train
AC001882,PH004698,0,1,0.9745437518290897,Excellent,2,Call,1296.7468165057066,EV(call)=INR1297 [P(RPC)=97.45% x 5% x INR267150 x 10% - INR5],10.0,0.0,0.0,31.4,267150.0,train
AC001882,PH004699,4,2,0.008784313725490198,Poor,3,Call,6.733647058823532,EV(call)=INR7 [P(RPC)=0.88% x 5% x INR267150 x 10% - INR5],8.0,1.0,0.0,54.125,267150.0,train
AC001883,PH004700,3,0,0.9891764705882353,Excellent,1,Call,936.6960000000001,EV(call)=INR937 [P(RPC)=98.92% x 5% x INR190400 x 10% - INR5],37.0,0.0,0.0,21.83783783783784,190400.0,train
AC001883,PH004701,0,1,0.008784313725490198,Poor,2,Call,3.3626666666666676,EV(call)=INR3 [P(RPC)=0.88% x 5% x INR190400 x 10% - INR5],8.0,0.0,0.0,0.0,190400.0,train
AC001884,PH004702,3,0,0.9891764705882353,Excellent,1,Call,293.23670588235296,EV(call)=INR293 [P(RPC)=98.92% x 5% x INR60300 x 10% - INR5],20.0,0.0,0.0,43.0,60300.0,test
AC001884,PH000444,2,1,0.2888963585434174,Fair,2,Call,82.10225210084036,EV(call)=INR82 [P(RPC)=28.89% x 5% x INR60300 x 10% - INR5],16.0,0.0,0.0,35.125,60300.0,test
AC001885,PH004703,3,0,0.9891764705882353,Excellent,1,Call,990.606117647059,EV(call)=INR991 [P(RPC)=98.92% x 5% x INR201300 x 10% - INR5],22.0,0.0,0.0,72.0,201300.0,train
AC001885,PH004704,4,1,0.029209150326797384,Poor,2,Call,24.399009803921572,EV(call)=INR24 [P(RPC)=2.92% x 5% x INR201300 x 10% - INR5],-1.0,-1.0,-1.0,-1.0,201300.0,train
AC001886,PH004705,3,0,0.9745437518290897,Excellent,1,Call,236.19957857769975,EV(call)=INR236 [P(RPC)=97.45% x 5% x INR49500 x 10% - INR5],5.0,0.0,0.0,113.0,49500.0,train
AC001886,PH004706,0,1,0.029643721318314557,Poor,2,Call,2.336821026282853,EV(call)=INR2 [P(RPC)=2.96% x 5% x INR49500 x 10% - INR5],-1.0,-1.0,-1.0,-1.0,49500.0,train
AC001887,PH004707,3,0,0.9745437518290897,Excellent,1,Call,617.0025496049166,EV(call)=INR617 [P(RPC)=97.45% x 5% x INR127650 x 10% - INR5],3.0,0.0,0.0,152.33333333333334,127650.0,train
AC001887,PH004708,0,1,0.07136253650396328,Poor,2,Call,40.547138923654565,EV(call)=INR41 [P(RPC)=7.14% x 5% x INR127650 x 10% - INR5],-1.0,-1.0,-1.0,-1.0,127650.0,train
AC001888,PH004709,3,0,0.9745437518290897,Excellent,1,Call,429.1592414398595,EV(call)=INR429 [P(RPC)=97.45% x 5% x INR89100 x 10% - INR5],9.0,0.0,0.0,82.0,89100.0,validation
AC001888,PH004710,1,1,0.008784313725490198,Poor,2,Suppress,-1.086588235294117,"EV(call)=INR-1, EV(visit)=INR-104 — negative economic yield",-1.0,-1.0,-1.0,-1.0,89100.0,validation
AC001889,PH004711,3,0,0.9745437518290897,Excellent,1,Call,170.41787532923615,EV(call)=INR170 [P(RPC)=97.45% x 5% x INR36000 x 10% - INR5],20.0,0.0,0.0,85.15,36000.0,test
AC001889,PH004712,4,1,0.008784313725490198,Poor,2,Suppress,-3.4188235294117644,Compliance: Verified third-party — contact strictly prohibited,-1.0,-1.0,-1.0,-1.0,36000.0,test
AC001890,PH004713,3,0,0.9424911297852473,Excellent,1,Call,1093.4734117647056,EV(call)=INR1093 [P(RPC)=94.25% x 5% x INR233100 x 10% - INR5],30.0,0.0,19.0,6.433333333333334,233100.0,train
AC001891,PH004715,0,1,0.9745437518290897,Excellent,1,Call,113.40706584723442,EV(call)=INR113 [P(RPC)=97.45% x 5% x INR24300 x 10% - INR5],16.0,0.0,0.0,11.3125,24300.0,train
AC001891,PH004716,4,2,0.9745437518290897,Excellent,2,Call,113.40706584723442,EV(call)=INR113 [P(RPC)=97.45% x 5% x INR24300 x 10% - INR5],15.0,0.0,0.0,55.8,24300.0,train
AC001891,PH004714,3,0,0.008784313725490198,Poor,3,Suppress,-3.932705882352941,"EV(call)=INR-4, EV(visit)=INR-174 — negative economic yield",8.0,1.0,0.0,1.75,24300.0,train
AC001892,PH004718,4,1,0.9424911297852473,Excellent,1,Call,693.3859271708683,EV(call)=INR693 [P(RPC)=94.25% x 5% x INR148200 x 10% - INR5],27.0,1.0,0.0,46.48148148148148,148200.0,train
AC001892,PH005820,5,2,0.9424911297852473,Excellent,2,Call,693.3859271708683,EV(call)=INR693 [P(RPC)=94.25% x 5% x INR148200 x 10% - INR5],15.0,1.0,0.0,4.6,148200.0,train
AC001892,PH004717,3,0,0.008784313725490198,Poor,3,Call,1.509176470588237,EV(call)=INR2 [P(RPC)=0.88% x 5% x INR148200 x 10% - INR5],2.0,0.0,0.0,0.0,148200.0,train
AC001893,PH004719,3,0,0.9891764705882353,Excellent,1,Call,607.7948235294119,EV(call)=INR608 [P(RPC)=98.92% x 5% x INR123900 x 10% - INR5],33.0,0.0,0.0,85.3030303030303,123900.0,train
AC001893,PH004720,4,1,0.029643721318314557,Poor,2,Call,13.36428535669587,EV(call)=INR13 [P(RPC)=2.96% x 5% x INR123900 x 10% - INR5],8.0,0.0,0.0,14.375,123900.0,train
AC001894,PH004721,3,0,0.9424911297852473,Excellent,1,Call,574.6320448179271,EV(call)=INR575 [P(RPC)=94.25% x 5% x INR123000 x 10% - INR5],3.0,0.0,0.0,18.0,123000.0,test
AC001895,PH005844,5,3,0.9891764705882353,Excellent,1,Call,141.89270588235294,EV(call)=INR142 [P(RPC)=98.92% x 5% x INR29700 x 10% - INR5],10.0,0.0,0.0,41.5,29700.0,test
AC001895,PH000384,2,2,0.10069607843137254,Poor,2,Call,9.953367647058824,EV(call)=INR10 [P(RPC)=10.07% x 5% x INR29700 x 10% - INR5],2.0,0.0,0.0,48.5,29700.0,test
AC001895,PH004722,3,0,0.029209150326797384,Poor,3,Suppress,-0.6624411764705878,"EV(call)=INR-1, EV(visit)=INR-168 — negative economic yield",14.0,2.0,7.0,5.071428571428571,29700.0,test
AC001895,PH004723,0,1,0.008784313725490198,Poor,4,Suppress,-3.6955294117647055,Compliance: Verified invalid/wrong phone number,15.0,0.0,14.0,0.0,29700.0,test
AC001896,PH004724,3,0,0.9745437518290897,Excellent,1,Call,772.6859139596137,EV(call)=INR773 [P(RPC)=97.45% x 5% x INR159600 x 10% - INR5],17.0,0.0,0.0,101.88235294117646,159600.0,test
AC001896,PH004725,1,1,0.029209150326797384,Poor,2,Call,18.308901960784315,EV(call)=INR18 [P(RPC)=2.92% x 5% x INR159600 x 10% - INR5],-1.0,-1.0,-1.0,-1.0,159600.0,test
AC001896,PH004726,4,2,0.008784313725490198,Poor,3,Call,2.009882352941178,EV(call)=INR2 [P(RPC)=0.88% x 5% x INR159600 x 10% - INR5],-1.0,-1.0,-1.0,-1.0,159600.0,test
AC001897,PH004728,4,1,0.9745437518290897,Excellent,1,Call,189.42147848990342,EV(call)=INR189 [P(RPC)=97.45% x 5% x INR39900 x 10% - INR5],20.0,1.0,0.0,43.0,39900.0,train
AC001897,PH004727,3,0,0.008784313725490198,Poor,2,Suppress,-3.2475294117647056,"EV(call)=INR-3, EV(visit)=INR-157 — negative economic yield",16.0,0.0,7.0,0.0,39900.0,train
AC001898,PH004730,0,1,0.8911372549019607,Excellent,1,Call,244.51843137254906,EV(call)=INR245 [P(RPC)=89.11% x 5% x INR56000 x 10% - INR5],7.0,1.0,0.0,8.857142857142858,56000.0,train
AC001898,PH004731,4,2,0.8257777777777777,Excellent,2,Call,226.2177777777778,EV(call)=INR226 [P(RPC)=82.58% x 5% x INR56000 x 10% - INR5],12.0,1.0,0.0,63.583333333333336,56000.0,train
AC001898,PH004729,3,0,0.10069607843137254,Poor,3,Call,23.19490196078432,EV(call)=INR23 [P(RPC)=10.07% x 5% x INR56000 x 10% - INR5],16.0,1.0,5.0,4.4375,56000.0,train
AC001898,PH005856,5,3,0.008784313725490198,Poor,4,Suppress,-2.5403921568627443,"EV(call)=INR-3, EV(visit)=INR-140 — negative economic yield",5.0,0.0,0.0,0.0,56000.0,train
AC001899,PH004732,3,0,0.9745437518290897,Excellent,1,Call,7062.391288264559,EV(call)=INR7062 [P(RPC)=97.45% x 5% x INR1450400 x 10% - INR5],22.0,0.0,1.0,40.45454545454545,1450400.0,train
AC001899,PH004733,4,1,0.9424911297852473,Excellent,2,Call,6829.945673202613,EV(call)=INR6830 [P(RPC)=94.25% x 5% x INR1450400 x 10% - INR5],12.0,0.0,0.0,35.0,1450400.0,train
AC001900,PH004734,3,0,0.9745437518290897,Excellent,1,Call,903.518412642669,EV(call)=INR904 [P(RPC)=97.45% x 5% x INR186450 x 10% - INR5],26.0,0.0,0.0,44.07692307692308,186450.0,train
AC001900,PH004735,1,1,0.008784313725490198,Poor,2,Call,3.1891764705882366,EV(call)=INR3 [P(RPC)=0.88% x 5% x INR186450 x 10% - INR5],-1.0,-1.0,-1.0,-1.0,186450.0,train
AC001900,PH004736,4,2,0.008784313725490198,Poor,3,Call,3.1891764705882366,EV(call)=INR3 [P(RPC)=0.88% x 5% x INR186450 x 10% - INR5],-1.0,-1.0,-1.0,-1.0,186450.0,train
AC001901,PH004738,4,1,0.9745437518290897,Excellent,1,Call,131.67976119402985,EV(call)=INR132 [P(RPC)=97.45% x 5% x INR28050 x 10% - INR5],15.0,0.0,0.0,70.26666666666667,28050.0,test
AC001901,PH004737,3,0,0.008784313725490198,Poor,2,Suppress,-3.768,"EV(call)=INR-4, EV(visit)=INR-170 — negative economic yield",8.0,0.0,0.0,0.0,28050.0,test
AC001902,PH004739,3,0,0.9891764705882353,Excellent,1,Call,1994.1256470588237,EV(call)=INR1994 [P(RPC)=98.92% x 5% x INR404200 x 10% - INR5],22.0,0.0,0.0,67.68181818181819,404200.0,test
AC001902,PH004740,4,1,0.008784313725490198,Poor,2,Call,12.75309803921569,EV(call)=INR13 [P(RPC)=0.88% x 5% x INR404200 x 10% - INR5],-1.0,-1.0,-1.0,-1.0,404200.0,test
AC001903,PH004741,3,0,0.9891764705882353,Excellent,1,Call,1306.6480000000001,EV(call)=INR1307 [P(RPC)=98.92% x 5% x INR265200 x 10% - INR5],28.0,2.0,0.0,18.071428571428573,265200.0,train
AC001903,PH004742,1,1,0.07136253650396328,Poor,2,Call,89.62672340425532,EV(call)=INR90 [P(RPC)=7.14% x 5% x INR265200 x 10% - INR5],5.0,2.0,0.0,12.4,265200.0,train
AC001904,PH004743,3,0,0.8257777777777777,Excellent,1,Call,807.5653333333335,EV(call)=INR808 [P(RPC)=82.58% x 5% x INR196800 x 10% - INR5],7.0,1.0,0.0,13.285714285714286,196800.0,train
AC001905,PH004745,4,1,0.7440784313725489,Excellent,1,Call,727.1731764705881,EV(call)=INR727 [P(RPC)=74.41% x 5% x INR196800 x 10% - INR5],9.0,0.0,0.0,3.888888888888889,196800.0,test
AC001905,PH004744,3,0,0.008784313725490198,Poor,2,Call,3.6437647058823543,EV(call)=INR4 [P(RPC)=0.88% x 5% x INR196800 x 10% - INR5],8.0,0.0,0.0,0.0,196800.0,test
AC001906,PH004746,3,0,0.9745437518290897,Excellent,1,Call,194.78146912496342,EV(call)=INR195 [P(RPC)=97.45% x 5% x INR41000 x 10% - INR5],8.0,0.0,0.0,58.625,41000.0,train
AC001906,PH004747,4,1,0.008784313725490198,Poor,2,Suppress,-3.1992156862745094,"EV(call)=INR-3, EV(visit)=INR-156 — negative economic yield",-1.0,-1.0,-1.0,-1.0,41000.0,train
AC001907,PH004749,0,1,0.9745437518290897,Excellent,1,Call,4352.428750365818,EV(call)=INR4352 [P(RPC)=97.45% x 5% x INR894250 x 10% - INR5],16.0,0.0,0.0,46.9375,894250.0,train
AC001907,PH004748,3,0,0.029643721318314557,Poor,2,Call,127.54448894451397,EV(call)=INR128 [P(RPC)=2.96% x 5% x INR894250 x 10% - INR5],8.0,0.0,0.0,0.0,894250.0,train
AC001907,PH004750,1,2,0.029209150326797384,Poor,3,Call,125.60141339869284,EV(call)=INR126 [P(RPC)=2.92% x 5% x INR894250 x 10% - INR5],-1.0,-1.0,-1.0,-1.0,894250.0,train
AC001908,PH004751,3,0,0.9891764705882353,Excellent,1,Call,46.93176470588236,EV(call)=INR47 [P(RPC)=98.92% x 5% x INR10500 x 10% - INR5],25.0,0.0,0.0,63.48,10500.0,test
AC001908,PH004752,1,1,0.008784313725490198,Poor,2,Suppress,-4.538823529411765,Compliance: Verified invalid/wrong phone number,-1.0,-1.0,-1.0,-1.0,10500.0,test
AC001909,PH004754,0,1,0.9891764705882353,Excellent,1,Call,165.1383529411765,EV(call)=INR165 [P(RPC)=98.92% x 5% x INR34400 x 10% - INR5],22.0,0.0,0.0,21.59090909090909,34400.0,train
AC001909,PH004753,3,0,0.9424911297852473,Excellent,2,Call,157.10847432306252,EV(call)=INR157 [P(RPC)=94.25% x 5% x INR34400 x 10% - INR5],17.0,0.0,0.0,17.647058823529413,34400.0,train
AC001909,PH004755,4,2,0.008784313725490198,Poor,3,Suppress,-3.489098039215686,"EV(call)=INR-3, EV(visit)=INR-163 — negative economic yield",-1.0,-1.0,-1.0,-1.0,34400.0,train
AC001910,PH004756,3,0,0.008784313725490198,Poor,1,Suppress,-3.840470588235294,"EV(call)=INR-4, EV(visit)=INR-171 — negative economic yield",-1.0,-1.0,-1.0,-1.0,26400.0,train
AC001910,PH004757,0,1,0.008784313725490198,Poor,2,Suppress,-3.840470588235294,"EV(call)=INR-4, EV(visit)=INR-171 — negative economic yield",-1.0,-1.0,-1.0,-1.0,26400.0,train
AC001910,PH004758,1,2,0.008784313725490198,Poor,3,Suppress,-3.840470588235294,"EV(call)=INR-4, EV(visit)=INR-171 — negative economic yield",-1.0,-1.0,-1.0,-1.0,26400.0,train
AC001910,PH004759,4,3,0.008784313725490198,Poor,4,Suppress,-3.840470588235294,"EV(call)=INR-4, EV(visit)=INR-171 — negative economic yield",-1.0,-1.0,-1.0,-1.0,26400.0,train
AC001911,PH004760,3,0,0.9891764705882353,Excellent,1,Call,1965.439529411765,EV(call)=INR1965 [P(RPC)=98.92% x 5% x INR398400 x 10% - INR5],29.0,0.0,0.0,41.37931034482759,398400.0,train
AC001912,PH004761,3,0,0.9745437518290897,Excellent,1,Call,2798.0314661984194,EV(call)=INR2798 [P(RPC)=97.45% x 5% x INR575250 x 10% - INR5],14.0,0.0,0.0,43.357142857142854,575250.0,validation
AC001912,PH004763,4,3,0.2888963585434174,Fair,2,Call,825.9381512605044,EV(call)=INR826 [P(RPC)=28.89% x 5% x INR575250 x 10% - INR5],6.0,0.0,0.0,34.0,575250.0,validation
AC001912,PH000572,2,2,0.029643721318314557,Poor,3,Call,80.26275344180226,EV(call)=INR80 [P(RPC)=2.96% x 5% x INR575250 x 10% - INR5],8.0,1.0,0.0,26.25,575250.0,validation
AC001912,PH004762,1,1,0.008784313725490198,Poor,4,Call,20.265882352941183,EV(call)=INR20 [P(RPC)=0.88% x 5% x INR575250 x 10% - INR5],8.0,0.0,0.0,0.0,575250.0,validation
AC001913,PH004764,3,0,0.7440784313725489,Excellent,1,Call,443.67929411764703,EV(call)=INR444 [P(RPC)=74.41% x 5% x INR120600 x 10% - INR5],8.0,0.0,0.0,37.25,120600.0,train
AC001914,PH004767,4,2,0.029643721318314557,Poor,1,Call,4.75278431372549,EV(call)=INR5 [P(RPC)=2.96% x 5% x INR65800 x 10% - INR5],-1.0,-1.0,-1.0,-1.0,65800.0,train
AC001914,PH004765,3,0,0.029209150326797384,Poor,2,Call,4.609810457516341,EV(call)=INR5 [P(RPC)=2.92% x 5% x INR65800 x 10% - INR5],-1.0,-1.0,-1.0,-1.0,65800.0,train
AC001914,PH004766,0,1,0.008784313725490198,Poor,3,Suppress,-2.1099607843137247,"EV(call)=INR-2, EV(visit)=INR-129 — negative economic yield",1.0,0.0,0.0,0.0,65800.0,train
AC001915,PH004768,3,0,0.9891764705882353,Excellent,1,Call,2653.906352941177,EV(call)=INR2654 [P(RPC)=98.92% x 5% x INR537600 x 10% - INR5],22.0,0.0,0.0,48.59090909090909,537600.0,train
AC001915,PH000486,2,1,0.008784313725490198,Poor,2,Call,18.612235294117653,EV(call)=INR19 [P(RPC)=0.88% x 5% x INR537600 x 10% - INR5],-1.0,-1.0,-1.0,-1.0,537600.0,train
AC001916,PH004770,0,1,0.9891764705882353,Excellent,1,Call,3360.9202352941184,EV(call)=INR3361 [P(RPC)=98.92% x 5% x INR680550 x 10% - INR5],15.0,0.0,0.0,51.733333333333334,680550.0,train
AC001916,PH004769,3,0,0.008784313725490198,Poor,2,Call,24.890823529411776,EV(call)=INR25 [P(RPC)=0.88% x 5% x INR680550 x 10% - INR5],8.0,0.0,7.0,0.0,680550.0,train
AC001916,PH004771,1,2,0.008784313725490198,Poor,3,Call,24.890823529411776,EV(call)=INR25 [P(RPC)=0.88% x 5% x INR680550 x 10% - INR5],-1.0,-1.0,-1.0,-1.0,680550.0,train
AC001917,PH004772,3,0,0.9891764705882353,Excellent,1,Call,2383.1192941176473,EV(call)=INR2383 [P(RPC)=98.92% x 5% x INR482850 x 10% - INR5],34.0,0.0,0.0,40.588235294117645,482850.0,train
AC001918,PH004773,3,0,0.9424911297852473,Excellent,1,Call,2013.8159999999998,EV(call)=INR2014 [P(RPC)=94.25% x 5% x INR428400 x 10% - INR5],9.0,0.0,3.0,8.88888888888889,428400.0,train
AC001918,PH004774,4,1,0.2888963585434174,Fair,2,Call,613.8160000000001,EV(call)=INR614 [P(RPC)=28.89% x 5% x INR428400 x 10% - INR5],11.0,0.0,0.0,30.181818181818183,428400.0,train
AC001919,PH004775,3,0,0.008784313725490198,Poor,1,Suppress,-0.23011764705882243,"EV(call)=INR-0, EV(visit)=INR-83 — negative economic yield",5.0,0.0,1.0,0.0,108600.0,validation
AC001919,PH004776,4,1,0.008784313725490198,Poor,2,Suppress,-0.23011764705882243,"EV(call)=INR-0, EV(visit)=INR-83 — negative economic yield",-1.0,-1.0,-1.0,-1.0,108600.0,validation
AC001920,PH000516,2,1,0.9424911297852473,Excellent,1,Call,1695.0183753501399,EV(call)=INR1695 [P(RPC)=94.25% x 5% x INR360750 x 10% - INR5],31.0,3.0,0.0,41.45161290322581,360750.0,validation
AC001920,PH004777,3,0,0.029643721318314557,Poor,2,Call,48.46986232790988,EV(call)=INR48 [P(RPC)=2.96% x 5% x INR360750 x 10% - INR5],5.0,2.0,0.0,7.4,360750.0,validation
AC001921,PH004779,0,1,0.9891764705882353,Excellent,1,Call,718.3352941176472,EV(call)=INR718 [P(RPC)=98.92% x 5% x INR146250 x 10% - INR5],7.0,0.0,1.0,40.142857142857146,146250.0,test
AC001921,PH004778,3,0,0.9745437518290897,Excellent,2,Call,707.6351185250219,EV(call)=INR708 [P(RPC)=97.45% x 5% x INR146250 x 10% - INR5],14.0,0.0,0.0,35.642857142857146,146250.0,test
AC001921,PH004780,1,2,0.008784313725490198,Poor,3,Call,1.423529411764708,EV(call)=INR1 [P(RPC)=0.88% x 5% x INR146250 x 10% - INR5],-1.0,-1.0,-1.0,-1.0,146250.0,test
AC001921,PH004781,4,3,0.008784313725490198,Poor,4,Call,1.423529411764708,EV(call)=INR1 [P(RPC)=0.88% x 5% x INR146250 x 10% - INR5],-1.0,-1.0,-1.0,-1.0,146250.0,test
AC001922,PH004783,0,1,0.9891764705882353,Excellent,1,Call,644.1470588235295,EV(call)=INR644 [P(RPC)=98.92% x 5% x INR131250 x 10% - INR5],12.0,0.0,0.0,32.416666666666664,131250.0,train
AC001922,PH004782,3,0,0.10069607843137254,Poor,2,Call,61.081801470588246,EV(call)=INR61 [P(RPC)=10.07% x 5% x INR131250 x 10% - INR5],8.0,0.0,1.0,2.375,131250.0,train
AC001922,PH004784,1,2,0.10069607843137254,Poor,3,Call,61.081801470588246,EV(call)=INR61 [P(RPC)=10.07% x 5% x INR131250 x 10% - INR5],-1.0,-1.0,-1.0,-1.0,131250.0,train
AC001922,PH004785,4,3,0.07136253650396328,Poor,4,Call,41.831664580725906,EV(call)=INR42 [P(RPC)=7.14% x 5% x INR131250 x 10% - INR5],-1.0,-1.0,-1.0,-1.0,131250.0,train
AC001923,PH004786,3,0,0.8491204481792716,Excellent,1,Call,325.73241456582633,EV(call)=INR326 [P(RPC)=84.91% x 5% x INR77900 x 10% - INR5],9.0,0.0,0.0,5.0,77900.0,train
AC001923,PH004787,0,1,0.008784313725490198,Poor,2,Suppress,-1.578509803921568,"EV(call)=INR-2, EV(visit)=INR-116 — negative economic yield",-1.0,-1.0,-1.0,-1.0,77900.0,train
AC001924,PH004789,4,1,0.07136253650396328,Poor,1,Call,1.6723971631205679,EV(call)=INR2 [P(RPC)=7.14% x 5% x INR18700 x 10% - INR5],9.0,1.0,0.0,61.44444444444444,18700.0,train
AC001924,PH004788,3,0,0.029643721318314557,Poor,2,Suppress,-2.2283120567375887,"EV(call)=INR-2, EV(visit)=INR-180 — negative economic yield",16.0,0.0,0.0,0.0,18700.0,train
AC001925,PH004790,3,0,0.9745437518290897,Excellent,1,Call,585.0862417325138,EV(call)=INR585 [P(RPC)=97.45% x 5% x INR121100 x 10% - INR5],22.0,0.0,0.0,40.31818181818182,121100.0,validation
AC001925,PH004791,4,1,0.07136253650396328,Poor,2,Call,38.21001585314977,EV(call)=INR38 [P(RPC)=7.14% x 5% x INR121100 x 10% - INR5],8.0,0.0,0.0,26.25,121100.0,validation
AC001926,PH004793,4,1,0.9424911297852473,Excellent,1,Call,316.62509803921563,EV(call)=INR317 [P(RPC)=94.25% x 5% x INR68250 x 10% - INR5],14.0,0.0,0.0,29.785714285714285,68250.0,train
AC001926,PH004792,3,0,0.008784313725490198,Poor,2,Suppress,-2.00235294117647,"EV(call)=INR-2, EV(visit)=INR-126 — negative economic yield",8.0,0.0,6.0,0.0,68250.0,train
AC001927,PH000308,2,1,0.9424911297852473,Excellent,1,Suppress,127.18438095238093,Compliance: Verified third-party — contact strictly prohibited,25.0,2.0,0.0,28.04,28050.0,validation
AC001927,PH004794,3,0,0.008784313725490198,Poor,2,Suppress,-3.768,"EV(call)=INR-4, EV(visit)=INR-170 — negative economic yield",10.0,0.0,1.0,0.0,28050.0,validation
AC001928,PH004796,0,1,0.9891764705882353,Excellent,1,Call,244.27247058823534,EV(call)=INR244 [P(RPC)=98.92% x 5% x INR50400 x 10% - INR5],33.0,0.0,0.0,61.60606060606061,50400.0,train
AC001928,PH004795,3,0,0.008784313725490198,Poor,2,Suppress,-2.78635294117647,"EV(call)=INR-3, EV(visit)=INR-146 — negative economic yield",8.0,0.0,0.0,0.0,50400.0,train
AC001929,PH004797,3,0,0.9745437518290897,Excellent,1,Call,375.55933508925955,EV(call)=INR376 [P(RPC)=97.45% x 5% x INR78100 x 10% - INR5],10.0,0.0,0.0,59.4,78100.0,train
AC001929,PH004798,1,1,0.008784313725490198,Poor,2,Suppress,-1.5697254901960775,"EV(call)=INR-2, EV(visit)=INR-116 — negative economic yield",7.0,1.0,0.0,2.2857142857142856,78100.0,train
AC001930,PH004799,3,0,0.9891764705882353,Excellent,1,Call,1202.7844705882355,EV(call)=INR1203 [P(RPC)=98.92% x 5% x INR244200 x 10% - INR5],31.0,1.0,0.0,62.516129032258064,244200.0,train
AC001930,PH004800,4,1,0.008784313725490198,Poor,2,Call,5.725647058823533,EV(call)=INR6 [P(RPC)=0.88% x 5% x INR244200 x 10% - INR5],-1.0,-1.0,-1.0,-1.0,244200.0,train
AC001931,PH004802,0,1,0.9745437518290897,Excellent,1,Call,562.1844635645302,EV(call)=INR562 [P(RPC)=97.45% x 5% x INR116400 x 10% - INR5],11.0,0.0,0.0,20.90909090909091,116400.0,train
AC001931,PH004803,1,2,0.029209150326797384,Poor,2,Call,11.99972549019608,EV(call)=INR12 [P(RPC)=2.92% x 5% x INR116400 x 10% - INR5],-1.0,-1.0,-1.0,-1.0,116400.0,train
AC001931,PH004801,3,0,0.008784313725490198,Poor,3,Call,0.11247058823529521,EV(call)=INR0 [P(RPC)=0.88% x 5% x INR116400 x 10% - INR5],8.0,0.0,0.0,0.0,116400.0,train
AC001932,PH004804,3,0,0.029209150326797384,Poor,1,Call,14.190411764705882,EV(call)=INR14 [P(RPC)=2.92% x 5% x INR131400 x 10% - INR5],-1.0,-1.0,-1.0,-1.0,131400.0,train
AC001932,PH004805,4,1,0.029209150326797384,Poor,2,Suppress,14.190411764705882,Compliance: Verified third-party — contact strictly prohibited,-1.0,-1.0,-1.0,-1.0,131400.0,train
AC001933,PH004807,0,1,0.9891764705882353,Excellent,1,Call,164.14917647058826,EV(call)=INR164 [P(RPC)=98.92% x 5% x INR34200 x 10% - INR5],19.0,0.0,0.0,69.10526315789474,34200.0,train
AC001933,PH004806,3,0,0.008784313725490198,Poor,2,Suppress,-3.497882352941176,"EV(call)=INR-3, EV(visit)=INR-163 — negative economic yield",8.0,1.0,0.0,1.125,34200.0,train
AC001933,PH004808,4,2,0.008784313725490198,Poor,3,Suppress,-3.497882352941176,"EV(call)=INR-3, EV(visit)=INR-163 — negative economic yield",-1.0,-1.0,-1.0,-1.0,34200.0,train
AC001934,PH004809,3,0,0.9424911297852473,Excellent,1,Call,300.36712605042015,EV(call)=INR300 [P(RPC)=94.25% x 5% x INR64800 x 10% - INR5],36.0,0.0,0.0,1.2222222222222223,64800.0,train
AC001935,PH004811,4,1,0.43770588235294117,Good,1,Call,142.06917647058825,EV(call)=INR142 [P(RPC)=43.77% x 5% x INR67200 x 10% - INR5],5.0,0.0,0.0,10.2,67200.0,test
AC001935,PH004810,3,0,0.008784313725490198,Poor,2,Suppress,-2.0484705882352934,"EV(call)=INR-2, EV(visit)=INR-127 — negative economic yield",8.0,0.0,0.0,0.0,67200.0,test
AC001936,PH004813,0,1,0.9891764705882353,Excellent,1,Call,737.6242352941177,EV(call)=INR738 [P(RPC)=98.92% x 5% x INR150150 x 10% - INR5],21.0,0.0,0.0,43.38095238095238,150150.0,train
AC001936,PH004812,3,0,0.9745437518290897,Excellent,2,Call,726.6387216856892,EV(call)=INR727 [P(RPC)=97.45% x 5% x INR150150 x 10% - INR5],14.0,0.0,0.0,21.285714285714285,150150.0,train
AC001937,PH004814,3,0,0.8257777777777777,Excellent,1,Call,318.70488888888895,EV(call)=INR319 [P(RPC)=82.58% x 5% x INR78400 x 10% - INR5],15.0,1.0,0.0,3.3333333333333335,78400.0,validation
AC001938,PH004815,3,0,0.9891764705882353,Excellent,1,Call,850.1430588235295,EV(call)=INR850 [P(RPC)=98.92% x 5% x INR172900 x 10% - INR5],17.0,0.0,0.0,45.588235294117645,172900.0,validation
AC001939,PH004816,3,0,0.9745437518290897,Excellent,1,Call,2849.9259209833185,EV(call)=INR2850 [P(RPC)=97.45% x 5% x INR585900 x 10% - INR5],12.0,0.0,0.0,77.0,585900.0,validation
AC001939,PH004817,4,1,0.008784313725490198,Poor,2,Call,20.733647058823536,EV(call)=INR21 [P(RPC)=0.88% x 5% x INR585900 x 10% - INR5],-1.0,-1.0,-1.0,-1.0,585900.0,validation
AC001940,PH005894,5,1,0.9424911297852473,Excellent,1,Call,456.8206535947712,EV(call)=INR457 [P(RPC)=94.25% x 5% x INR98000 x 10% - INR5],12.0,0.0,0.0,16.833333333333332,98000.0,validation
AC001940,PH004818,3,0,0.008784313725490198,Poor,2,Suppress,-0.6956862745098027,"EV(call)=INR-1, EV(visit)=INR-94 — negative economic yield",21.0,0.0,19.0,0.0,98000.0,validation
AC001941,PH004819,3,0,0.9745437518290897,Excellent,1,Call,1661.4698156277436,EV(call)=INR1661 [P(RPC)=97.45% x 5% x INR342000 x 10% - INR5],18.0,0.0,0.0,12.38888888888889,342000.0,test
AC001941,PH004820,0,1,0.008784313725490198,Poor,2,Call,10.02117647058824,EV(call)=INR10 [P(RPC)=0.88% x 5% x INR342000 x 10% - INR5],8.0,0.0,5.0,0.0,342000.0,test
AC001942,PH004821,3,0,0.9891764705882353,Excellent,1,Call,707.2070588235296,EV(call)=INR707 [P(RPC)=98.92% x 5% x INR144000 x 10% - INR5],40.0,0.0,0.0,21.95,144000.0,train
AC001943,PH005840,5,2,0.9891764705882353,Excellent,1,Call,552.4009411764707,EV(call)=INR552 [P(RPC)=98.92% x 5% x INR112700 x 10% - INR5],24.0,0.0,0.0,58.833333333333336,112700.0,validation
AC001943,PH004822,3,0,0.029643721318314557,Poor,2,Call,11.704236962870255,EV(call)=INR12 [P(RPC)=2.96% x 5% x INR112700 x 10% - INR5],7.0,2.0,0.0,3.4285714285714284,112700.0,validation
AC001943,PH004823,4,1,0.029643721318314557,Poor,3,Call,11.704236962870255,EV(call)=INR12 [P(RPC)=2.96% x 5% x INR112700 x 10% - INR5],8.0,0.0,0.0,43.75,112700.0,validation
AC001944,PH004825,4,1,0.07136253650396328,Poor,1,Call,12.662227784730913,EV(call)=INR13 [P(RPC)=7.14% x 5% x INR49500 x 10% - INR5],13.0,0.0,0.0,38.46153846153846,49500.0,train
AC001944,PH004824,3,0,0.029643721318314557,Poor,2,Call,2.336821026282853,EV(call)=INR2 [P(RPC)=2.96% x 5% x INR49500 x 10% - INR5],16.0,0.0,0.0,0.0,49500.0,train
AC001945,PH004826,3,0,0.9891764705882353,Excellent,1,Call,192.58800000000005,EV(call)=INR193 [P(RPC)=98.92% x 5% x INR39950 x 10% - INR5],16.0,0.0,0.0,35.9375,39950.0,train
AC001945,PH004827,0,1,0.029643721318314557,Poor,2,Call,0.9213333333333331,EV(call)=INR1 [P(RPC)=2.96% x 5% x INR39950 x 10% - INR5],-1.0,-1.0,-1.0,-1.0,39950.0,train
AC001945,PH004828,1,2,0.029643721318314557,Poor,3,Call,0.9213333333333331,EV(call)=INR1 [P(RPC)=2.96% x 5% x INR39950 x 10% - INR5],-1.0,-1.0,-1.0,-1.0,39950.0,train
AC001945,PH000341,2,3,0.029209150326797384,Poor,4,Call,0.8345277777777786,EV(call)=INR1 [P(RPC)=2.92% x 5% x INR39950 x 10% - INR5],-1.0,-1.0,-1.0,-1.0,39950.0,train
AC001946,PH004829,3,0,0.9424911297852473,Excellent,1,Call,1002.7586405228757,EV(call)=INR1003 [P(RPC)=94.25% x 5% x INR213850 x 10% - INR5],3.0,0.0,0.0,18.333333333333332,213850.0,train
AC001946,PH004830,1,1,0.029643721318314557,Poor,2,Call,26.696549019607843,EV(call)=INR27 [P(RPC)=2.96% x 5% x INR213850 x 10% - INR5],-1.0,-1.0,-1.0,-1.0,213850.0,train
AC001946,PH004831,4,3,0.02943501054849939,Poor,3,Call,26.473385028982975,EV(call)=INR26 [P(RPC)=2.94% x 5% x INR213850 x 10% - INR5],-1.0,-1.0,-1.0,-1.0,213850.0,train
AC001946,PH000400,2,2,0.029209150326797384,Poor,4,Call,26.23188398692811,EV(call)=INR26 [P(RPC)=2.92% x 5% x INR213850 x 10% - INR5],-1.0,-1.0,-1.0,-1.0,213850.0,train
AC001947,PH004832,3,0,0.9745437518290897,Excellent,1,Call,790.2277014925372,EV(call)=INR790 [P(RPC)=97.45% x 5% x INR163200 x 10% - INR5],29.0,0.0,0.0,9.517241379310345,163200.0,train
AC001947,PH004833,1,1,0.029209150326797384,Poor,2,Call,18.83466666666667,EV(call)=INR19 [P(RPC)=2.92% x 5% x INR163200 x 10% - INR5],3.0,2.0,0.0,16.333333333333332,163200.0,train
AC001948,PH004834,3,0,0.9745437518290897,Excellent,1,Call,1264.5868726953468,EV(call)=INR1265 [P(RPC)=97.45% x 5% x INR260550 x 10% - INR5],14.0,0.0,0.0,43.142857142857146,260550.0,train
AC001948,PH004835,4,1,0.029643721318314557,Poor,2,Call,33.61835794743429,EV(call)=INR34 [P(RPC)=2.96% x 5% x INR260550 x 10% - INR5],6.0,2.0,0.0,48.5,260550.0,train
AC001949,PH005870,5,2,0.9745437518290897,Excellent,1,Call,140.6942908984489,EV(call)=INR141 [P(RPC)=97.45% x 5% x INR29900 x 10% - INR5],13.0,0.0,0.0,82.3076923076923,29900.0,train
AC001949,PH004837,4,1,0.10069607843137254,Poor,2,Call,10.054063725490199,EV(call)=INR10 [P(RPC)=10.07% x 5% x INR29900 x 10% - INR5],7.0,0.0,0.0,21.142857142857142,29900.0,train
AC001949,PH004836,3,0,0.008784313725490198,Poor,3,Suppress,-3.686745098039215,"EV(call)=INR-4, EV(visit)=INR-168 — negative economic yield",8.0,0.0,0.0,0.0,29900.0,train
AC001950,PH004838,3,0,0.9891764705882353,Excellent,1,Call,1972.858352941177,EV(call)=INR1973 [P(RPC)=98.92% x 5% x INR399900 x 10% - INR5],26.0,0.0,0.0,56.26923076923077,399900.0,test
AC001951,PH005943,5,1,0.9891764705882353,Excellent,1,Call,419.6040000000001,EV(call)=INR420 [P(RPC)=98.92% x 5% x INR85850 x 10% - INR5],5.0,0.0,0.0,92.0,85850.0,train
AC001951,PH004839,3,0,0.029643721318314557,Poor,2,Call,7.724567375886524,EV(call)=INR8 [P(RPC)=2.96% x 5% x INR85850 x 10% - INR5],17.0,2.0,8.0,2.823529411764706,85850.0,train
AC001952,PH004840,3,0,0.9891764705882353,Excellent,1,Call,335.77129411764713,EV(call)=INR336 [P(RPC)=98.92% x 5% x INR68900 x 10% - INR5],36.0,0.0,0.0,48.69444444444444,68900.0,train
AC001952,PH004841,4,1,0.008784313725490198,Poor,2,Suppress,-1.9738039215686265,"EV(call)=INR-2, EV(visit)=INR-126 — negative economic yield",-1.0,-1.0,-1.0,-1.0,68900.0,train
AC001953,PH004843,0,1,0.029643721318314557,Poor,1,Suppress,-0.4793324989570298,"EV(call)=INR-0, EV(visit)=INR-167 — negative economic yield",-1.0,-1.0,-1.0,-1.0,30500.0,validation
AC001953,PH004842,3,0,0.008784313725490198,Poor,2,Suppress,-3.660392156862745,"EV(call)=INR-4, EV(visit)=INR-167 — negative economic yield",3.0,0.0,3.0,0.0,30500.0,validation
AC001954,PH004844,3,0,0.9891764705882353,Excellent,1,Call,578.614117647059,EV(call)=INR579 [P(RPC)=98.92% x 5% x INR118000 x 10% - INR5],26.0,0.0,0.0,71.23076923076923,118000.0,train
AC001954,PH004845,0,1,0.9424911297852473,Excellent,2,Call,551.0697665732959,EV(call)=INR551 [P(RPC)=94.25% x 5% x INR118000 x 10% - INR5],4.0,0.0,0.0,11.5,118000.0,train
AC001954,PH004846,4,2,0.029209150326797384,Poor,3,Call,12.23339869281046,EV(call)=INR12 [P(RPC)=2.92% x 5% x INR118000 x 10% - INR5],-1.0,-1.0,-1.0,-1.0,118000.0,train
AC001955,PH004847,3,0,0.9424911297852473,Excellent,1,Call,554.8397310924369,EV(call)=INR555 [P(RPC)=94.25% x 5% x INR118800 x 10% - INR5],24.0,1.0,0.0,1.875,118800.0,train
AC001956,PH004849,0,1,0.9891764705882353,Excellent,1,Call,140.40894117647062,EV(call)=INR140 [P(RPC)=98.92% x 5% x INR29400 x 10% - INR5],25.0,0.0,0.0,33.48,29400.0,train
AC001956,PH004848,3,0,0.008784313725490198,Poor,2,Suppress,-3.708705882352941,"EV(call)=INR-4, EV(visit)=INR-168 — negative economic yield",8.0,0.0,0.0,0.0,29400.0,train
AC001956,PH004850,1,2,0.008784313725490198,Poor,3,Suppress,-3.708705882352941,"EV(call)=INR-4, EV(visit)=INR-168 — negative economic yield",-1.0,-1.0,-1.0,-1.0,29400.0,train
AC001957,PH004851,3,0,0.9424911297852473,Excellent,1,Call,58.61815126050419,EV(call)=INR59 [P(RPC)=94.25% x 5% x INR13500 x 10% - INR5],13.0,0.0,0.0,3.1538461538461537,13500.0,train
AC001957,PH004852,4,1,0.8257777777777777,Excellent,2,Call,50.74,EV(call)=INR51 [P(RPC)=82.58% x 5% x INR13500 x 10% - INR5],11.0,0.0,0.0,45.72727272727273,13500.0,train
AC001958,PH004853,3,0,0.9745437518290897,Excellent,1,Call,1008.0382300263387,EV(call)=INR1008 [P(RPC)=97.45% x 5% x INR207900 x 10% - INR5],23.0,0.0,1.0,57.17391304347826,207900.0,test
AC001959,PH004854,3,0,0.9891764705882353,Excellent,1,Call,341.9536470588236,EV(call)=INR342 [P(RPC)=98.92% x 5% x INR70150 x 10% - INR5],36.0,0.0,0.0,60.166666666666664,70150.0,train
AC001959,PH004855,0,1,0.07136253650396328,Poor,2,Call,20.030409678765125,EV(call)=INR20 [P(RPC)=7.14% x 5% x INR70150 x 10% - INR5],-1.0,-1.0,-1.0,-1.0,70150.0,train
AC001959,PH004856,4,2,0.029643721318314557,Poor,3,Call,5.397535252398832,EV(call)=INR5 [P(RPC)=2.96% x 5% x INR70150 x 10% - INR5],-1.0,-1.0,-1.0,-1.0,70150.0,train
AC001960,PH004857,3,0,0.9891764705882353,Excellent,1,Call,383.74635294117655,EV(call)=INR384 [P(RPC)=98.92% x 5% x INR78600 x 10% - INR5],25.0,0.0,0.0,69.08,78600.0,train
AC001960,PH004858,0,1,0.029643721318314557,Poor,2,Call,6.6499824780976216,EV(call)=INR7 [P(RPC)=2.96% x 5% x INR78600 x 10% - INR5],-1.0,-1.0,-1.0,-1.0,78600.0,train
AC001961,PH004860,1,1,0.9745437518290897,Excellent,1,Call,1602.9971905179982,EV(call)=INR1603 [P(RPC)=97.45% x 5% x INR330000 x 10% - INR5],11.0,0.0,0.0,78.0909090909091,330000.0,validation
AC001961,PH004859,3,0,0.008784313725490198,Poor,2,Call,9.494117647058827,EV(call)=INR9 [P(RPC)=0.88% x 5% x INR330000 x 10% - INR5],8.0,0.0,5.0,0.0,330000.0,validation
AC001961,PH000403,2,2,0.008784313725490198,Poor,3,Call,9.494117647058827,EV(call)=INR9 [P(RPC)=0.88% x 5% x INR330000 x 10% - INR5],-1.0,-1.0,-1.0,-1.0,330000.0,validation
AC001961,PH004861,4,3,0.008784313725490198,Poor,4,Call,9.494117647058827,EV(call)=INR9 [P(RPC)=0.88% x 5% x INR330000 x 10% - INR5],-1.0,-1.0,-1.0,-1.0,330000.0,validation
AC001962,PH004863,0,1,0.9891764705882353,Excellent,1,Call,211.13505882352945,EV(call)=INR211 [P(RPC)=98.92% x 5% x INR43700 x 10% - INR5],20.0,1.0,0.0,21.1,43700.0,validation
AC001962,PH000356,2,2,0.8257777777777777,Excellent,2,Call,175.43244444444446,EV(call)=INR175 [P(RPC)=82.58% x 5% x INR43700 x 10% - INR5],9.0,0.0,0.0,52.666666666666664,43700.0,validation
AC001962,PH004862,3,0,0.7440784313725489,Excellent,3,Call,157.58113725490193,EV(call)=INR158 [P(RPC)=74.41% x 5% x INR43700 x 10% - INR5],8.0,0.0,0.0,4.875,43700.0,validation
AC001963,PH004864,3,0,0.9745437518290897,Excellent,1,Call,231.81413169446884,EV(call)=INR232 [P(RPC)=97.45% x 5% x INR48600 x 10% - INR5],13.0,0.0,4.0,40.15384615384615,48600.0,train
AC001963,PH004865,0,1,0.8911372549019607,Excellent,2,Call,211.54635294117648,EV(call)=INR212 [P(RPC)=89.11% x 5% x INR48600 x 10% - INR5],3.0,0.0,0.0,15.0,48600.0,train
AC001964,PH000344,2,1,0.9424911297852473,Excellent,1,Call,531.513075630252,EV(call)=INR532 [P(RPC)=94.25% x 5% x INR113850 x 10% - INR5],28.0,1.0,0.0,37.785714285714285,113850.0,train
AC001964,PH005875,5,2,0.07136253650396328,Poor,2,Call,35.623123904881105,EV(call)=INR36 [P(RPC)=7.14% x 5% x INR113850 x 10% - INR5],9.0,0.0,0.0,0.0,113850.0,train
AC001964,PH004866,3,0,0.008784313725490198,Poor,3,Call,0.00047058823529511074,EV(call)=INR0 [P(RPC)=0.88% x 5% x INR113850 x 10% - INR5],2.0,0.0,0.0,0.0,113850.0,train
AC001965,PH004867,3,0,0.9745437518290897,Excellent,1,Call,206.4759941469125,EV(call)=INR206 [P(RPC)=97.45% x 5% x INR43400 x 10% - INR5],20.0,0.0,1.0,20.9,43400.0,train
AC001965,PH004868,0,1,0.9424911297852473,Excellent,2,Call,199.5205751633987,EV(call)=INR200 [P(RPC)=94.25% x 5% x INR43400 x 10% - INR5],6.0,0.0,0.0,22.833333333333332,43400.0,train
AC001965,PH004869,4,2,0.008784313725490198,Poor,3,Suppress,-3.093803921568627,"EV(call)=INR-3, EV(visit)=INR-153 — negative economic yield",-1.0,-1.0,-1.0,-1.0,43400.0,train
AC001966,PH004870,3,0,0.008784313725490198,Poor,1,Suppress,-3.5242352941176467,"EV(call)=INR-4, EV(visit)=INR-164 — negative economic yield",8.0,0.0,0.0,0.0,33600.0,train
AC001966,PH004871,0,1,0.008784313725490198,Poor,2,Suppress,-3.5242352941176467,"EV(call)=INR-4, EV(visit)=INR-164 — negative economic yield",5.0,0.0,4.0,0.0,33600.0,train
AC001966,PH004872,1,2,0.008784313725490198,Poor,3,Suppress,-3.5242352941176467,"EV(call)=INR-4, EV(visit)=INR-164 — negative economic yield",-1.0,-1.0,-1.0,-1.0,33600.0,train
AC001967,PH004873,3,0,0.9424911297852473,Excellent,1,Call,185.85445378151258,EV(call)=INR186 [P(RPC)=94.25% x 5% x INR40500 x 10% - INR5],4.0,0.0,0.0,14.75,40500.0,train
AC001967,PH004874,0,1,0.029643721318314557,Poor,2,Call,1.0028535669586987,EV(call)=INR1 [P(RPC)=2.96% x 5% x INR40500 x 10% - INR5],-1.0,-1.0,-1.0,-1.0,40500.0,train
AC001967,PH004875,4,2,0.008784313725490198,Poor,3,Suppress,-3.221176470588235,"EV(call)=INR-3, EV(visit)=INR-156 — negative economic yield",-1.0,-1.0,-1.0,-1.0,40500.0,train
AC001968,PH004877,0,1,0.9745437518290897,Excellent,1,Call,1136.6780052677786,EV(call)=INR1137 [P(RPC)=97.45% x 5% x INR234300 x 10% - INR5],8.0,0.0,0.0,44.125,234300.0,train
AC001968,PH004876,3,0,0.008784313725490198,Poor,2,Call,5.290823529411767,EV(call)=INR5 [P(RPC)=0.88% x 5% x INR234300 x 10% - INR5],8.0,0.0,2.0,0.0,234300.0,train
AC001968,PH004878,1,2,0.008784313725490198,Poor,3,Call,5.290823529411767,EV(call)=INR5 [P(RPC)=0.88% x 5% x INR234300 x 10% - INR5],-1.0,-1.0,-1.0,-1.0,234300.0,train
AC001968,PH004879,4,3,0.008784313725490198,Poor,4,Call,5.290823529411767,EV(call)=INR5 [P(RPC)=0.88% x 5% x INR234300 x 10% - INR5],-1.0,-1.0,-1.0,-1.0,234300.0,train
AC001969,PH004880,3,0,0.9745437518290897,Excellent,1,Call,3422.9576470588236,EV(call)=INR3423 [P(RPC)=97.45% x 5% x INR703500 x 10% - INR5],19.0,0.0,0.0,46.05263157894737,703500.0,test
AC001969,PH004881,4,1,0.008784313725490198,Poor,2,Call,25.89882352941177,EV(call)=INR26 [P(RPC)=0.88% x 5% x INR703500 x 10% - INR5],-1.0,-1.0,-1.0,-1.0,703500.0,test
AC001970,PH004883,0,1,0.9745437518290897,Excellent,1,Call,1635.6444062042729,EV(call)=INR1636 [P(RPC)=97.45% x 5% x INR336700 x 10% - INR5],20.0,0.0,0.0,15.9,336700.0,validation
AC001970,PH004882,3,0,0.029643721318314557,Poor,2,Call,44.90520483938256,EV(call)=INR45 [P(RPC)=2.96% x 5% x INR336700 x 10% - INR5],11.0,0.0,0.0,0.0,336700.0,validation
AC001971,PH004885,0,1,0.9424911297852473,Excellent,1,Call,1067.083660130719,EV(call)=INR1067 [P(RPC)=94.25% x 5% x INR227500 x 10% - INR5],12.0,0.0,0.0,5.416666666666667,227500.0,train
AC001971,PH004884,3,0,0.2888963585434174,Fair,2,Call,323.6196078431373,EV(call)=INR324 [P(RPC)=28.89% x 5% x INR227500 x 10% - INR5],16.0,0.0,0.0,3.5625,227500.0,train
AC001971,PH000312,2,2,0.10069607843137254,Poor,3,Call,109.54178921568628,EV(call)=INR110 [P(RPC)=10.07% x 5% x INR227500 x 10% - INR5],4.0,2.0,0.0,66.75,227500.0,train
AC001972,PH004886,3,0,0.7440784313725489,Excellent,1,Call,1269.2343137254902,EV(call)=INR1269 [P(RPC)=74.41% x 5% x INR342500 x 10% - INR5],8.0,0.0,0.0,42.875,342500.0,train
AC001972,PH000524,2,1,0.7440784313725489,Excellent,2,Call,1269.2343137254902,EV(call)=INR1269 [P(RPC)=74.41% x 5% x INR342500 x 10% - INR5],3.0,0.0,0.0,43.666666666666664,342500.0,train
AC001973,PH004887,3,0,0.9891764705882353,Excellent,1,Call,507.1461176470589,EV(call)=INR507 [P(RPC)=98.92% x 5% x INR103550 x 10% - INR5],18.0,1.0,5.0,42.77777777777778,103550.0,train
AC001973,PH004888,0,1,0.978455874148625,Excellent,2,Call,501.59552884045064,EV(call)=INR502 [P(RPC)=97.85% x 5% x INR103550 x 10% - INR5],12.0,0.0,1.0,32.666666666666664,103550.0,train
AC001973,PH004889,4,3,0.029643721318314557,Poor,3,Call,10.348036712557363,EV(call)=INR10 [P(RPC)=2.96% x 5% x INR103550 x 10% - INR5],-1.0,-1.0,-1.0,-1.0,103550.0,train
AC001973,PH000490,2,2,0.008784313725490198,Poor,4,Suppress,-0.4519215686274496,"EV(call)=INR-0, EV(visit)=INR-88 — negative economic yield",-1.0,-1.0,-1.0,-1.0,103550.0,train
AC001974,PH004890,3,0,0.9891764705882353,Excellent,1,Call,453.7305882352942,EV(call)=INR454 [P(RPC)=98.92% x 5% x INR92750 x 10% - INR5],32.0,0.0,0.0,42.125,92750.0,train
AC001975,PH004891,3,0,0.9424911297852473,Excellent,1,Call,5040.390640522875,EV(call)=INR5040 [P(RPC)=94.25% x 5% x INR1070650 x 10% - INR5],7.0,0.0,0.0,16.428571428571427,1070650.0,train
AC001975,PH004892,4,1,0.008784313725490198,Poor,2,Call,42.024627450980404,EV(call)=INR42 [P(RPC)=0.88% x 5% x INR1070650 x 10% - INR5],-1.0,-1.0,-1.0,-1.0,1070650.0,train
AC001976,PH004893,3,0,0.9267592971976264,Excellent,1,Call,150.46387210490184,EV(call)=INR150 [P(RPC)=92.68% x 5% x INR33550 x 10% - INR5],4.0,0.0,0.0,16.25,33550.0,train
AC001976,PH004894,0,1,0.008784313725490198,Poor,2,Suppress,-3.5264313725490193,"EV(call)=INR-4, EV(visit)=INR-164 — negative economic yield",-1.0,-1.0,-1.0,-1.0,33550.0,train
AC001976,PH004895,1,2,0.008784313725490198,Poor,3,Suppress,-3.5264313725490193,"EV(call)=INR-4, EV(visit)=INR-164 — negative economic yield",-1.0,-1.0,-1.0,-1.0,33550.0,train
AC001976,PH004896,4,3,0.008784313725490198,Poor,4,Suppress,-3.5264313725490193,"EV(call)=INR-4, EV(visit)=INR-164 — negative economic yield",-1.0,-1.0,-1.0,-1.0,33550.0,train
AC001977,PH004897,3,0,0.9891764705882353,Excellent,1,Call,2938.7891764705887,EV(call)=INR2939 [P(RPC)=98.92% x 5% x INR595200 x 10% - INR5],28.0,2.0,0.0,13.892857142857142,595200.0,train
AC001978,PH004898,3,0,0.9891764705882353,Excellent,1,Call,98.86352941176472,EV(call)=INR99 [P(RPC)=98.92% x 5% x INR21000 x 10% - INR5],20.0,0.0,0.0,36.55,21000.0,train
AC001978,PH004899,4,1,0.10069607843137254,Poor,2,Call,5.573088235294119,EV(call)=INR6 [P(RPC)=10.07% x 5% x INR21000 x 10% - INR5],1.0,0.0,0.0,21.0,21000.0,train
AC001979,PH004900,3,0,0.029209150326797384,Poor,1,Call,25.611189542483665,EV(call)=INR26 [P(RPC)=2.92% x 5% x INR209600 x 10% - INR5],-1.0,-1.0,-1.0,-1.0,209600.0,train
AC001979,PH000503,2,1,0.029209150326797384,Poor,2,Call,25.611189542483665,EV(call)=INR26 [P(RPC)=2.92% x 5% x INR209600 x 10% - INR5],-1.0,-1.0,-1.0,-1.0,209600.0,train
AC001979,PH004901,4,2,0.008784313725490198,Poor,3,Call,4.205960784313728,EV(call)=INR4 [P(RPC)=0.88% x 5% x INR209600 x 10% - INR5],-1.0,-1.0,-1.0,-1.0,209600.0,train
AC001980,PH004902,3,0,0.9745437518290897,Excellent,1,Call,1031.6709160081944,EV(call)=INR1032 [P(RPC)=97.45% x 5% x INR212750 x 10% - INR5],10.0,0.0,0.0,37.0,212750.0,train
AC001980,PH004903,0,1,0.9424911297852473,Excellent,2,Call,997.5749393090568,EV(call)=INR998 [P(RPC)=94.25% x 5% x INR212750 x 10% - INR5],6.0,0.0,0.0,9.666666666666666,212750.0,train
AC001980,PH000320,2,2,0.008784313725490198,Poor,3,Call,4.344313725490199,EV(call)=INR4 [P(RPC)=0.88% x 5% x INR212750 x 10% - INR5],-1.0,-1.0,-1.0,-1.0,212750.0,train
AC001980,PH004904,4,3,0.008784313725490198,Poor,4,Call,4.344313725490199,EV(call)=INR4 [P(RPC)=0.88% x 5% x INR212750 x 10% - INR5],-1.0,-1.0,-1.0,-1.0,212750.0,train
AC001981,PH004906,4,2,0.9891764705882353,Excellent,1,Call,746.774117647059,EV(call)=INR747 [P(RPC)=98.92% x 5% x INR152000 x 10% - INR5],14.0,0.0,0.0,39.42857142857143,152000.0,train
AC001981,PH000134,3,0,0.10069607843137254,Poor,2,Suppress,71.52901960784315,Compliance: Verified third-party — contact strictly prohibited,8.0,0.0,0.0,38.875,152000.0,train
AC001981,PH004905,0,1,0.008784313725490198,Poor,3,Suppress,1.6760784313725514,Compliance: Verified invalid/wrong phone number,8.0,0.0,4.0,0.0,152000.0,train
AC001982,PH004909,4,2,0.43770588235294117,Good,1,Call,457.2174117647059,EV(call)=INR457 [P(RPC)=43.77% x 5% x INR211200 x 10% - INR5],1.0,0.0,0.0,91.0,211200.0,train
AC001982,PH004908,1,1,0.10069607843137254,Poor,2,Call,101.33505882352944,EV(call)=INR101 [P(RPC)=10.07% x 5% x INR211200 x 10% - INR5],8.0,0.0,0.0,31.0,211200.0,train
AC001982,PH004907,3,0,0.008784313725490198,Poor,3,Call,4.276235294117649,EV(call)=INR4 [P(RPC)=0.88% x 5% x INR211200 x 10% - INR5],8.0,0.0,0.0,0.0,211200.0,train
AC001983,PH004910,3,0,0.10069607843137254,Poor,1,Call,103.85246078431373,EV(call)=INR104 [P(RPC)=10.07% x 5% x INR216200 x 10% - INR5],10.0,2.0,0.0,5.0,216200.0,train
AC001983,PH004911,1,1,0.008784313725490198,Poor,2,Call,4.495843137254905,EV(call)=INR4 [P(RPC)=0.88% x 5% x INR216200 x 10% - INR5],2.0,2.0,0.0,11.0,216200.0,train
AC001984,PH004912,3,0,0.9745437518290897,Excellent,1,Call,4017.9166075504822,EV(call)=INR4018 [P(RPC)=97.45% x 5% x INR825600 x 10% - INR5],9.0,0.0,0.0,86.22222222222223,825600.0,train
AC001984,PH004913,0,1,0.008784313725490198,Poor,2,Call,31.261647058823534,EV(call)=INR31 [P(RPC)=0.88% x 5% x INR825600 x 10% - INR5],-1.0,-1.0,-1.0,-1.0,825600.0,train
AC001984,PH004914,4,2,0.008784313725490198,Poor,3,Call,31.261647058823534,EV(call)=INR31 [P(RPC)=0.88% x 5% x INR825600 x 10% - INR5],-1.0,-1.0,-1.0,-1.0,825600.0,train
AC001985,PH004916,1,1,0.2888963585434174,Fair,1,Call,66.06850420168068,EV(call)=INR66 [P(RPC)=28.89% x 5% x INR49200 x 10% - INR5],9.0,2.0,0.0,10.222222222222221,49200.0,train
AC001985,PH004915,3,0,0.008784313725490198,Poor,2,Suppress,-2.8390588235294114,"EV(call)=INR-3, EV(visit)=INR-147 — negative economic yield",34.0,0.0,6.0,0.0,49200.0,train
AC001986,PH004917,3,0,0.9891764705882353,Excellent,1,Call,462.8804705882353,EV(call)=INR463 [P(RPC)=98.92% x 5% x INR94600 x 10% - INR5],22.0,0.0,0.0,46.59090909090909,94600.0,train
AC001986,PH004918,1,1,0.008784313725490198,Poor,2,Suppress,-0.8450196078431356,"EV(call)=INR-1, EV(visit)=INR-98 — negative economic yield",-1.0,-1.0,-1.0,-1.0,94600.0,train
AC001986,PH004919,4,2,0.008784313725490198,Poor,3,Suppress,-0.8450196078431356,"EV(call)=INR-1, EV(visit)=INR-98 — negative economic yield",-1.0,-1.0,-1.0,-1.0,94600.0,train
AC001987,PH000546,2,1,0.9424911297852473,Excellent,1,Call,1525.134349206349,EV(call)=INR1525 [P(RPC)=94.25% x 5% x INR324700 x 10% - INR5],39.0,2.0,0.0,49.41025641025641,324700.0,train
AC001987,PH005944,5,3,0.7440784313725489,Excellent,2,Call,1203.0113333333331,EV(call)=INR1203 [P(RPC)=74.41% x 5% x INR324700 x 10% - INR5],3.0,0.0,0.0,0.0,324700.0,train
AC001987,PH004921,4,2,0.029643721318314557,Poor,3,Call,43.12658156028368,EV(call)=INR43 [P(RPC)=2.96% x 5% x INR324700 x 10% - INR5],8.0,1.0,0.0,32.5,324700.0,train
AC001987,PH004920,3,0,0.008784313725490198,Poor,4,Call,9.261333333333338,EV(call)=INR9 [P(RPC)=0.88% x 5% x INR324700 x 10% - INR5],10.0,0.0,9.0,0.0,324700.0,train
AC001988,PH004922,3,0,0.9424911297852473,Excellent,1,Call,4136.777269841269,EV(call)=INR4137 [P(RPC)=94.25% x 5% x INR878900 x 10% - INR5],9.0,0.0,0.0,6.555555555555555,878900.0,train
AC001988,PH004924,4,2,0.8491204481792716,Excellent,2,Call,3726.4598095238093,EV(call)=INR3726 [P(RPC)=84.91% x 5% x INR878900 x 10% - INR5],1.0,0.0,0.0,27.0,878900.0,train
AC001988,PH004923,1,1,0.07136253650396328,Poor,3,Call,308.60266666666666,EV(call)=INR309 [P(RPC)=7.14% x 5% x INR878900 x 10% - INR5],4.0,2.0,0.0,12.75,878900.0,train
AC001989,PH004926,0,1,0.9891764705882353,Excellent,1,Call,133.48470588235296,EV(call)=INR133 [P(RPC)=98.92% x 5% x INR28000 x 10% - INR5],13.0,0.0,0.0,51.84615384615385,28000.0,validation
AC001989,PH004925,3,0,0.008784313725490198,Poor,2,Suppress,-3.770196078431372,"EV(call)=INR-4, EV(visit)=INR-170 — negative economic yield",8.0,0.0,0.0,0.0,28000.0,validation
AC001989,PH004927,4,2,0.008784313725490198,Poor,3,Suppress,-3.770196078431372,"EV(call)=INR-4, EV(visit)=INR-170 — negative economic yield",-1.0,-1.0,-1.0,-1.0,28000.0,validation
AC001990,PH004929,0,1,0.029643721318314557,Poor,1,Call,13.668133500208594,EV(call)=INR14 [P(RPC)=2.96% x 5% x INR125950 x 10% - INR5],-1.0,-1.0,-1.0,-1.0,125950.0,test
AC001990,PH004928,3,0,0.008784313725490198,Poor,2,Call,0.5319215686274523,EV(call)=INR1 [P(RPC)=0.88% x 5% x INR125950 x 10% - INR5],3.0,0.0,0.0,0.0,125950.0,test
AC001990,PH004930,4,2,0.008784313725490198,Poor,3,Call,0.5319215686274523,EV(call)=INR1 [P(RPC)=0.88% x 5% x INR125950 x 10% - INR5],-1.0,-1.0,-1.0,-1.0,125950.0,test
AC001991,PH004932,0,1,0.9891764705882353,Excellent,1,Call,265.0451764705883,EV(call)=INR265 [P(RPC)=98.92% x 5% x INR54600 x 10% - INR5],21.0,0.0,0.0,56.23809523809524,54600.0,train
AC001991,PH004931,3,0,0.008784313725490198,Poor,2,Suppress,-2.6018823529411756,"EV(call)=INR-3, EV(visit)=INR-141 — negative economic yield",8.0,0.0,0.0,0.0,54600.0,train
AC001991,PH004933,4,2,0.008784313725490198,Poor,3,Suppress,-2.6018823529411756,"EV(call)=INR-3, EV(visit)=INR-141 — negative economic yield",-1.0,-1.0,-1.0,-1.0,54600.0,train
AC001992,PH000056,3,0,0.9745437518290897,Excellent,1,Call,796.5622358794263,EV(call)=INR797 [P(RPC)=97.45% x 5% x INR164500 x 10% - INR5],24.0,0.0,0.0,13.5,164500.0,test
AC001992,PH004935,4,2,0.43770588235294117,Good,2,Call,355.01308823529416,EV(call)=INR355 [P(RPC)=43.77% x 5% x INR164500 x 10% - INR5],10.0,0.0,0.0,54.5,164500.0,test
AC001992,PH004934,1,1,0.008784313725490198,Poor,3,Call,2.2250980392156876,EV(call)=INR2 [P(RPC)=0.88% x 5% x INR164500 x 10% - INR5],8.0,0.0,7.0,0.0,164500.0,test
AC001993,PH004936,3,0,0.9745437518290897,Excellent,1,Call,490.7991337430494,EV(call)=INR491 [P(RPC)=97.45% x 5% x INR101750 x 10% - INR5],17.0,0.0,7.0,22.647058823529413,101750.0,test
AC001993,PH004937,1,1,0.9424911297852473,Excellent,2,Call,474.4923622782446,EV(call)=INR474 [P(RPC)=94.25% x 5% x INR101750 x 10% - INR5],10.0,0.0,0.0,43.4,101750.0,test
AC001993,PH005908,5,2,0.029643721318314557,Poor,3,Call,10.081243220692532,EV(call)=INR10 [P(RPC)=2.96% x 5% x INR101750 x 10% - INR5],2.0,0.0,0.0,0.0,101750.0,test
AC001994,PH004939,0,1,0.9891764705882353,Excellent,1,Call,751.7200000000001,EV(call)=INR752 [P(RPC)=98.92% x 5% x INR153000 x 10% - INR5],27.0,0.0,0.0,68.11111111111111,153000.0,train
AC001994,PH004938,3,0,0.029643721318314557,Poor,2,Call,17.677446808510638,EV(call)=INR18 [P(RPC)=2.96% x 5% x INR153000 x 10% - INR5],8.0,0.0,0.0,0.0,153000.0,train
AC001995,PH004941,1,1,0.9745437518290897,Excellent,1,Call,384.3302288557214,EV(call)=INR384 [P(RPC)=97.45% x 5% x INR79900 x 10% - INR5],13.0,1.0,0.0,104.3076923076923,79900.0,train
AC001995,PH004940,3,0,0.8257777777777777,Excellent,2,Call,324.8982222222223,EV(call)=INR325 [P(RPC)=82.58% x 5% x INR79900 x 10% - INR5],10.0,2.0,0.0,13.0,79900.0,train
AC001995,PH004942,4,2,0.029643721318314557,Poor,3,Call,6.842666666666666,EV(call)=INR7 [P(RPC)=2.96% x 5% x INR79900 x 10% - INR5],-1.0,-1.0,-1.0,-1.0,79900.0,train
AC001996,PH004943,3,0,0.9745437518290897,Excellent,1,Call,607.9880199004974,EV(call)=INR608 [P(RPC)=97.45% x 5% x INR125800 x 10% - INR5],12.0,0.0,0.0,69.91666666666667,125800.0,train
AC001996,PH004944,0,1,0.008784313725490198,Poor,2,Call,0.525333333333335,EV(call)=INR1 [P(RPC)=0.88% x 5% x INR125800 x 10% - INR5],-1.0,-1.0,-1.0,-1.0,125800.0,train
AC001997,PH004945,3,0,0.9745437518290897,Excellent,1,Call,1957.731116183787,EV(call)=INR1958 [P(RPC)=97.45% x 5% x INR402800 x 10% - INR5],14.0,0.0,0.0,33.0,402800.0,train
AC001997,PH000382,2,1,0.008784313725490198,Poor,2,Call,12.691607843137259,EV(call)=INR13 [P(RPC)=0.88% x 5% x INR402800 x 10% - INR5],8.0,1.0,0.0,40.5,402800.0,train
AC001998,PH005819,5,2,0.9424911297852473,Excellent,1,Call,937.96237535014,EV(call)=INR938 [P(RPC)=94.25% x 5% x INR200100 x 10% - INR5],4.0,0.0,0.0,6.75,200100.0,validation
AC001998,PH004947,1,1,0.07136253650396328,Poor,2,Call,66.39821777221526,EV(call)=INR66 [P(RPC)=7.14% x 5% x INR200100 x 10% - INR5],3.0,2.0,0.0,12.666666666666666,200100.0,validation
AC001998,PH004946,3,0,0.008784313725490198,Poor,3,Call,3.788705882352943,EV(call)=INR4 [P(RPC)=0.88% x 5% x INR200100 x 10% - INR5],12.0,0.0,7.0,0.0,200100.0,validation
AC001999,PH004948,3,0,0.9745437518290897,Excellent,1,Call,439.39195083406497,EV(call)=INR439 [P(RPC)=97.45% x 5% x INR91200 x 10% - INR5],20.0,0.0,0.0,8.35,91200.0,train
AC001999,PH004950,4,2,0.029643721318314557,Poor,2,Call,8.51753692115144,EV(call)=INR9 [P(RPC)=2.96% x 5% x INR91200 x 10% - INR5],8.0,0.0,0.0,41.0,91200.0,train
AC001999,PH004949,0,1,0.008784313725490198,Poor,3,Suppress,-0.9943529411764702,"EV(call)=INR-1, EV(visit)=INR-102 — negative economic yield",8.0,0.0,0.0,0.0,91200.0,train
AC002000,PH004951,3,0,0.9891764705882353,Excellent,1,Call,1161.9809411764707,EV(call)=INR1162 [P(RPC)=98.92% x 5% x INR235950 x 10% - INR5],33.0,0.0,0.0,30.060606060606062,235950.0,train
AC002000,PH004952,4,1,0.029643721318314557,Poor,2,Call,29.972180225281605,EV(call)=INR30 [P(RPC)=2.96% x 5% x INR235950 x 10% - INR5],8.0,1.0,0.0,44.125,235950.0,train
AC002001,PH004954,4,1,0.7440784313725489,Excellent,1,Call,683.2725490196077,EV(call)=INR683 [P(RPC)=74.41% x 5% x INR185000 x 10% - INR5],18.0,0.0,0.0,56.05555555555556,185000.0,validation
AC002001,PH004953,3,0,0.2888963585434174,Fair,2,Call,262.2291316526611,EV(call)=INR262 [P(RPC)=28.89% x 5% x INR185000 x 10% - INR5],16.0,1.0,0.0,1.0,185000.0,validation
AC002002,PH004955,3,0,0.9424911297852473,Excellent,1,Call,1511.2326050420168,EV(call)=INR1511 [P(RPC)=94.25% x 5% x INR321750 x 10% - INR5],15.0,0.0,1.0,8.533333333333333,321750.0,train
AC002002,PH004956,4,1,0.8911372549019607,Excellent,2,Call,1428.6170588235295,EV(call)=INR1429 [P(RPC)=89.11% x 5% x INR321750 x 10% - INR5],9.0,0.0,0.0,41.333333333333336,321750.0,train
AC002003,PH004957,3,0,0.9745437518290897,Excellent,1,Call,174.07241439859524,EV(call)=INR174 [P(RPC)=97.45% x 5% x INR36750 x 10% - INR5],9.0,0.0,0.0,50.44444444444444,36750.0,train
AC002003,PH004958,0,1,0.008784313725490198,Poor,2,Suppress,-3.3858823529411763,"EV(call)=INR-3, EV(visit)=INR-160 — negative economic yield",-1.0,-1.0,-1.0,-1.0,36750.0,train
AC002003,PH004959,4,2,0.008784313725490198,Poor,3,Suppress,-3.3858823529411763,"EV(call)=INR-3, EV(visit)=INR-160 — negative economic yield",-1.0,-1.0,-1.0,-1.0,36750.0,train
AC002004,PH004960,3,0,0.07136253650396328,Poor,1,Call,21.546863579474344,EV(call)=INR22 [P(RPC)=7.14% x 5% x INR74400 x 10% - INR5],-1.0,-1.0,-1.0,-1.0,74400.0,test
AC002004,PH000509,2,1,0.07136253650396328,Poor,2,Call,21.546863579474344,EV(call)=INR22 [P(RPC)=7.14% x 5% x INR74400 x 10% - INR5],-1.0,-1.0,-1.0,-1.0,74400.0,test
AC002004,PH004961,4,2,0.029643721318314557,Poor,3,Call,6.027464330413016,EV(call)=INR6 [P(RPC)=2.96% x 5% x INR74400 x 10% - INR5],-1.0,-1.0,-1.0,-1.0,74400.0,test
AC002005,PH004962,3,0,0.43770588235294117,Good,1,Call,110.55435294117648,EV(call)=INR111 [P(RPC)=43.77% x 5% x INR52800 x 10% - INR5],19.0,2.0,0.0,35.36842105263158,52800.0,validation
AC002005,PH004963,0,1,0.07136253650396328,Poor,2,Call,13.839709637046308,EV(call)=INR14 [P(RPC)=7.14% x 5% x INR52800 x 10% - INR5],16.0,1.0,0.0,1.25,52800.0,validation
AC002006,PH004964,3,0,0.008784313725490198,Poor,1,Call,1.4828235294117666,EV(call)=INR1 [P(RPC)=0.88% x 5% x INR147600 x 10% - INR5],40.0,0.0,19.0,0.0,147600.0,train
AC002007,PH004965,3,0,0.9745437518290897,Excellent,1,Call,718.5987357330991,EV(call)=INR719 [P(RPC)=97.45% x 5% x INR148500 x 10% - INR5],10.0,0.0,0.0,59.5,148500.0,train
AC002007,PH004966,1,1,0.8911372549019607,Excellent,2,Call,656.669411764706,EV(call)=INR657 [P(RPC)=89.11% x 5% x INR148500 x 10% - INR5],5.0,0.0,0.0,6.8,148500.0,train
AC002007,PH004967,4,2,0.8911372549019607,Excellent,3,Call,656.669411764706,EV(call)=INR657 [P(RPC)=89.11% x 5% x INR148500 x 10% - INR5],5.0,0.0,0.0,74.4,148500.0,train
AC002008,PH004968,3,0,0.9424911297852473,Excellent,1,Call,163.23466666666664,EV(call)=INR163 [P(RPC)=94.25% x 5% x INR35700 x 10% - INR5],22.0,0.0,11.0,5.863636363636363,35700.0,train
AC002009,PH004969,3,0,0.9745437518290897,Excellent,1,Call,166.5197003219198,EV(call)=INR167 [P(RPC)=97.45% x 5% x INR35200 x 10% - INR5],8.0,0.0,0.0,53.125,35200.0,train
AC002010,PH004970,3,0,0.008784313725490198,Poor,1,Call,29.00188235294118,EV(call)=INR29 [P(RPC)=0.88% x 5% x INR774150 x 10% - INR5],34.0,0.0,15.0,0.0,774150.0,train
AC002011,PH004971,3,0,0.9745437518290897,Excellent,1,Call,1428.0665870646765,EV(call)=INR1428 [P(RPC)=97.45% x 5% x INR294100 x 10% - INR5],13.0,0.0,0.0,18.76923076923077,294100.0,train
AC002011,PH004972,0,1,0.029643721318314557,Poor,2,Call,38.591092198581556,EV(call)=INR39 [P(RPC)=2.96% x 5% x INR294100 x 10% - INR5],-1.0,-1.0,-1.0,-1.0,294100.0,train
AC002011,PH004973,4,2,0.008784313725490198,Poor,3,Call,7.917333333333335,EV(call)=INR8 [P(RPC)=0.88% x 5% x INR294100 x 10% - INR5],-1.0,-1.0,-1.0,-1.0,294100.0,train
AC002012,PH004974,3,0,0.9424911297852473,Excellent,1,Call,247.35199999999998,EV(call)=INR247 [P(RPC)=94.25% x 5% x INR53550 x 10% - INR5],1.0,0.0,0.0,31.0,53550.0,train
AC002012,PH004975,0,1,0.029209150326797384,Poor,2,Call,2.820750000000001,EV(call)=INR3 [P(RPC)=2.92% x 5% x INR53550 x 10% - INR5],-1.0,-1.0,-1.0,-1.0,53550.0,train
AC002012,PH004976,4,2,0.008784313725490198,Poor,3,Suppress,-2.6479999999999997,"EV(call)=INR-3, EV(visit)=INR-142 — negative economic yield",-1.0,-1.0,-1.0,-1.0,53550.0,train
AC002013,PH004977,3,0,0.9891764705882353,Excellent,1,Call,323.9011764705883,EV(call)=INR324 [P(RPC)=98.92% x 5% x INR66500 x 10% - INR5],29.0,0.0,0.0,21.103448275862068,66500.0,train
AC002014,PH004979,0,1,0.029643721318314557,Poor,1,Call,14.268418856904464,EV(call)=INR14 [P(RPC)=2.96% x 5% x INR130000 x 10% - INR5],-1.0,-1.0,-1.0,-1.0,130000.0,train
AC002014,PH004978,3,0,0.029209150326797384,Poor,2,Call,13.985947712418305,EV(call)=INR14 [P(RPC)=2.92% x 5% x INR130000 x 10% - INR5],-1.0,-1.0,-1.0,-1.0,130000.0,train
AC002014,PH004980,1,2,0.029209150326797384,Poor,3,Call,13.985947712418305,EV(call)=INR14 [P(RPC)=2.92% x 5% x INR130000 x 10% - INR5],-1.0,-1.0,-1.0,-1.0,130000.0,train
AC002014,PH000413,2,3,0.029209150326797384,Poor,4,Call,13.985947712418305,EV(call)=INR14 [P(RPC)=2.92% x 5% x INR130000 x 10% - INR5],-1.0,-1.0,-1.0,-1.0,130000.0,train
AC002015,PH004981,3,0,0.9891764705882353,Excellent,1,Call,628.0729411764707,EV(call)=INR628 [P(RPC)=98.92% x 5% x INR128000 x 10% - INR5],12.0,0.0,1.0,12.583333333333334,128000.0,train
AC002015,PH004982,4,1,0.9745437518290897,Excellent,2,Call,618.7080011706175,EV(call)=INR619 [P(RPC)=97.45% x 5% x INR128000 x 10% - INR5],12.0,0.0,8.0,37.333333333333336,128000.0,train
AC002016,PH004983,3,0,0.9891764705882353,Excellent,1,Call,707.2070588235296,EV(call)=INR707 [P(RPC)=98.92% x 5% x INR144000 x 10% - INR5],31.0,1.0,0.0,16.225806451612904,144000.0,train
AC002017,PH005821,5,2,0.9891764705882353,Excellent,1,Call,679.7574117647059,EV(call)=INR680 [P(RPC)=98.92% x 5% x INR138450 x 10% - INR5],9.0,1.0,0.0,88.22222222222223,138450.0,test
AC002017,PH004985,1,1,0.07136253650396328,Poor,2,Call,44.40071589486859,EV(call)=INR44 [P(RPC)=7.14% x 5% x INR138450 x 10% - INR5],7.0,0.0,0.0,2.0,138450.0,test
AC002017,PH004984,3,0,0.008784313725490198,Poor,3,Call,1.0809411764705894,EV(call)=INR1 [P(RPC)=0.88% x 5% x INR138450 x 10% - INR5],8.0,0.0,6.0,0.0,138450.0,test
AC002018,PH004986,3,0,0.7440784313725489,Excellent,1,Call,3352.6539215686266,EV(call)=INR3353 [P(RPC)=74.41% x 5% x INR902500 x 10% - INR5],21.0,1.0,0.0,0.47619047619047616,902500.0,train
AC002018,PH004987,4,1,0.10069607843137254,Poor,2,Call,449.39105392156864,EV(call)=INR449 [P(RPC)=10.07% x 5% x INR902500 x 10% - INR5],16.0,0.0,0.0,34.75,902500.0,train
AC002019,PH004988,3,0,0.9891764705882353,Excellent,1,Call,291.75294117647064,EV(call)=INR292 [P(RPC)=98.92% x 5% x INR60000 x 10% - INR5],31.0,0.0,0.0,52.74193548387097,60000.0,train
AC002020,PH004989,3,0,0.9424911297852473,Excellent,1,Call,1149.7872567693744,EV(call)=INR1150 [P(RPC)=94.25% x 5% x INR245050 x 10% - INR5],13.0,0.0,0.0,10.923076923076923,245050.0,train
AC002020,PH004990,0,1,0.008784313725490198,Poor,2,Call,5.762980392156866,EV(call)=INR6 [P(RPC)=0.88% x 5% x INR245050 x 10% - INR5],-1.0,-1.0,-1.0,-1.0,245050.0,train
AC002021,PH004991,3,0,0.008784313725490198,Poor,1,Suppress,-2.5250196078431366,"EV(call)=INR-3, EV(visit)=INR-139 — negative economic yield",1.0,0.0,0.0,0.0,56350.0,test
AC002021,PH004992,4,1,0.008784313725490198,Poor,2,Suppress,-2.5250196078431366,"EV(call)=INR-3, EV(visit)=INR-139 — negative economic yield",-1.0,-1.0,-1.0,-1.0,56350.0,test
AC002022,PH004993,3,0,0.8911372549019607,Excellent,1,Call,299.10058823529414,EV(call)=INR299 [P(RPC)=89.11% x 5% x INR68250 x 10% - INR5],3.0,0.0,0.0,10.666666666666666,68250.0,train
AC002023,PH004994,4,1,0.9424911297852473,Excellent,1,Call,1080.042913165266,EV(call)=INR1080 [P(RPC)=94.25% x 5% x INR230250 x 10% - INR5],23.0,1.0,0.0,38.47826086956522,230250.0,test
AC002023,PH000084,3,0,0.8257777777777777,Excellent,2,Call,945.6766666666667,EV(call)=INR946 [P(RPC)=82.58% x 5% x INR230250 x 10% - INR5],16.0,0.0,0.0,28.0625,230250.0,test
AC002024,PH004995,3,0,0.43770588235294117,Good,1,Call,71.81738235294118,EV(call)=INR72 [P(RPC)=43.77% x 5% x INR35100 x 10% - INR5],16.0,0.0,0.0,18.125,35100.0,validation
AC002024,PH004996,0,1,0.029643721318314557,Poor,2,Call,0.20247309136420455,EV(call)=INR0 [P(RPC)=2.96% x 5% x INR35100 x 10% - INR5],2.0,0.0,0.0,0.0,35100.0,validation
AC002024,PH004997,4,2,0.008784313725490198,Poor,3,Suppress,-3.45835294117647,"EV(call)=INR-3, EV(visit)=INR-162 — negative economic yield",-1.0,-1.0,-1.0,-1.0,35100.0,validation
AC002025,PH004999,0,1,0.9891764705882353,Excellent,1,Call,2012.92,EV(call)=INR2013 [P(RPC)=98.92% x 5% x INR408000 x 10% - INR5],23.0,0.0,0.0,75.78260869565217,408000.0,test
AC002025,PH004998,3,0,0.008784313725490198,Poor,2,Call,12.920000000000005,EV(call)=INR13 [P(RPC)=0.88% x 5% x INR408000 x 10% - INR5],8.0,0.0,0.0,0.0,408000.0,test
AC002025,PH005000,4,2,0.008784313725490198,Poor,3,Call,12.920000000000005,EV(call)=INR13 [P(RPC)=0.88% x 5% x INR408000 x 10% - INR5],-1.0,-1.0,-1.0,-1.0,408000.0,test
AC002026,PH005001,3,0,0.029643721318314557,Poor,1,Call,10.562953692115142,EV(call)=INR11 [P(RPC)=2.96% x 5% x INR105000 x 10% - INR5],29.0,0.0,0.0,0.0,105000.0,validation
AC002027,PH005002,3,0,0.9424911297852473,Excellent,1,Call,663.697456582633,EV(call)=INR664 [P(RPC)=94.25% x 5% x INR141900 x 10% - INR5],17.0,0.0,0.0,8.764705882352942,141900.0,train
AC002028,PH005003,3,0,0.9745437518290897,Excellent,1,Call,764.889563944981,EV(call)=INR765 [P(RPC)=97.45% x 5% x INR158000 x 10% - INR5],19.0,0.0,0.0,33.68421052631579,158000.0,train
AC002028,PH000391,2,2,0.07136253650396328,Poor,2,Call,51.37640383813099,EV(call)=INR51 [P(RPC)=7.14% x 5% x INR158000 x 10% - INR5],5.0,0.0,0.0,85.2,158000.0,train
AC002028,PH005004,0,1,0.008784313725490198,Poor,3,Call,1.9396078431372565,EV(call)=INR2 [P(RPC)=0.88% x 5% x INR158000 x 10% - INR5],8.0,0.0,0.0,0.0,158000.0,train
AC002029,PH005005,3,0,0.008784313725490198,Poor,1,Call,0.11466666666666825,EV(call)=INR0 [P(RPC)=0.88% x 5% x INR116450 x 10% - INR5],1.0,0.0,0.0,0.0,116450.0,train
AC002029,PH005006,1,1,0.008784313725490198,Poor,2,Call,0.11466666666666825,EV(call)=INR0 [P(RPC)=0.88% x 5% x INR116450 x 10% - INR5],-1.0,-1.0,-1.0,-1.0,116450.0,train
AC002030,PH005008,4,1,0.9424911297852473,Excellent,1,Call,233.9215014005602,EV(call)=INR234 [P(RPC)=94.25% x 5% x INR50700 x 10% - INR5],12.0,0.0,0.0,22.166666666666668,50700.0,train
AC002030,PH005007,3,0,0.008784313725490198,Poor,2,Suppress,-2.773176470588235,"EV(call)=INR-3, EV(visit)=INR-145 — negative economic yield",2.0,0.0,0.0,0.0,50700.0,train
AC002031,PH005009,3,0,0.008784313725490198,Poor,1,Suppress,-0.6956862745098027,"EV(call)=INR-1, EV(visit)=INR-94 — negative economic yield",20.0,0.0,16.0,0.0,98000.0,train
AC002032,PH005010,3,0,0.9891764705882353,Excellent,1,Call,1334.839529411765,EV(call)=INR1335 [P(RPC)=98.92% x 5% x INR270900 x 10% - INR5],38.0,0.0,1.0,67.97368421052632,270900.0,train
AC002033,PH005011,3,0,0.9891764705882353,Excellent,1,Call,486.62070588235304,EV(call)=INR487 [P(RPC)=98.92% x 5% x INR99400 x 10% - INR5],25.0,0.0,0.0,22.72,99400.0,test
AC002033,PH005012,4,1,0.7440784313725489,Excellent,2,Call,364.80698039215685,EV(call)=INR365 [P(RPC)=74.41% x 5% x INR99400 x 10% - INR5],12.0,0.0,0.0,53.0,99400.0,test
AC002034,PH005013,3,0,0.10069607843137254,Poor,1,Call,35.53017156862745,EV(call)=INR36 [P(RPC)=10.07% x 5% x INR80500 x 10% - INR5],13.0,0.0,0.0,0.0,80500.0,validation
AC002034,PH005014,1,1,0.008784313725490198,Poor,2,Suppress,-1.4643137254901948,"EV(call)=INR-1, EV(visit)=INR-113 — negative economic yield",8.0,0.0,0.0,0.0,80500.0,validation
AC002035,PH005015,3,0,0.9891764705882353,Excellent,1,Call,121.12,EV(call)=INR121 [P(RPC)=98.92% x 5% x INR25500 x 10% - INR5],33.0,0.0,0.0,67.0,25500.0,train
AC002035,PH005016,0,1,0.008784313725490198,Poor,2,Suppress,-3.88,"EV(call)=INR-4, EV(visit)=INR-172 — negative economic yield",-1.0,-1.0,-1.0,-1.0,25500.0,train
AC002035,PH005017,4,2,0.008784313725490198,Poor,3,Suppress,-3.88,"EV(call)=INR-4, EV(visit)=INR-172 — negative economic yield",-1.0,-1.0,-1.0,-1.0,25500.0,train
AC002036,PH005018,3,0,0.9891764705882353,Excellent,1,Call,82.04752941176473,EV(call)=INR82 [P(RPC)=98.92% x 5% x INR17600 x 10% - INR5],31.0,0.0,0.0,66.3225806451613,17600.0,test
AC002037,PH005019,3,0,0.7440784313725489,Excellent,1,Call,117.77294117647057,EV(call)=INR118 [P(RPC)=74.41% x 5% x INR33000 x 10% - INR5],4.0,0.0,0.0,11.5,33000.0,validation
AC002038,PH005020,3,0,0.9424911297852473,Excellent,1,Call,2138.9316974789913,EV(call)=INR2139 [P(RPC)=94.25% x 5% x INR454950 x 10% - INR5],1.0,0.0,0.0,36.0,454950.0,train
AC002038,PH005021,0,1,0.029209150326797384,Poor,2,Call,61.44351470588235,EV(call)=INR61 [P(RPC)=2.92% x 5% x INR454950 x 10% - INR5],-1.0,-1.0,-1.0,-1.0,454950.0,train
AC002038,PH005022,4,2,0.008784313725490198,Poor,3,Call,14.982117647058828,EV(call)=INR15 [P(RPC)=0.88% x 5% x INR454950 x 10% - INR5],-1.0,-1.0,-1.0,-1.0,454950.0,train
AC002039,PH005023,3,0,0.9424911297852473,Excellent,1,Call,413.4660616246498,EV(call)=INR413 [P(RPC)=94.25% x 5% x INR88800 x 10% - INR5],3.0,0.0,0.0,13.0,88800.0,validation
AC002040,PH005871,5,3,0.9745437518290897,Excellent,1,Call,190.15238630377524,EV(call)=INR190 [P(RPC)=97.45% x 5% x INR40050 x 10% - INR5],22.0,0.0,0.0,30.681818181818183,40050.0,train
AC002040,PH005024,3,0,0.9424911297852473,Excellent,2,Call,183.73384873949578,EV(call)=INR184 [P(RPC)=94.25% x 5% x INR40050 x 10% - INR5],9.0,0.0,5.0,7.555555555555555,40050.0,train
AC002040,PH005025,0,1,0.008784313725490198,Poor,3,Suppress,-3.2409411764705878,"EV(call)=INR-3, EV(visit)=INR-157 — negative economic yield",8.0,0.0,0.0,0.0,40050.0,train
AC002040,PH005026,4,2,0.008784313725490198,Poor,4,Suppress,-3.2409411764705878,"EV(call)=INR-3, EV(visit)=INR-157 — negative economic yield",-1.0,-1.0,-1.0,-1.0,40050.0,train
AC002041,PH005029,1,2,0.9424911297852473,Excellent,1,Call,1881.8672418300653,EV(call)=INR1882 [P(RPC)=94.25% x 5% x INR400400 x 10% - INR5],10.0,0.0,0.0,21.8,400400.0,validation
AC002041,PH005028,0,1,0.029209150326797384,Poor,2,Call,53.476718954248376,EV(call)=INR53 [P(RPC)=2.92% x 5% x INR400400 x 10% - INR5],8.0,0.0,0.0,0.0,400400.0,validation
AC002041,PH005027,3,0,0.008784313725490198,Poor,3,Call,12.586196078431378,EV(call)=INR13 [P(RPC)=0.88% x 5% x INR400400 x 10% - INR5],8.0,0.0,6.0,0.0,400400.0,validation
AC002042,PH005030,3,0,0.8257777777777777,Excellent,1,Call,2888.112444444445,EV(call)=INR2888 [P(RPC)=82.58% x 5% x INR700700 x 10% - INR5],16.0,1.0,6.0,3.1875,700700.0,train
AC002042,PH005031,0,1,0.07136253650396328,Poor,2,Call,245.01864664163537,EV(call)=INR245 [P(RPC)=7.14% x 5% x INR700700 x 10% - INR5],8.0,0.0,0.0,15.75,700700.0,train
AC002043,PH005032,3,0,0.9891764705882353,Excellent,1,Call,97.87435294117648,EV(call)=INR98 [P(RPC)=98.92% x 5% x INR20800 x 10% - INR5],15.0,0.0,0.0,37.333333333333336,20800.0,train
AC002043,PH005033,0,1,0.07136253650396328,Poor,2,Call,2.4217037964121815,EV(call)=INR2 [P(RPC)=7.14% x 5% x INR20800 x 10% - INR5],-1.0,-1.0,-1.0,-1.0,20800.0,train
AC002043,PH005034,1,2,0.029209150326797384,Poor,3,Suppress,-1.9622483660130712,"EV(call)=INR-2, EV(visit)=INR-178 — negative economic yield",-1.0,-1.0,-1.0,-1.0,20800.0,train
AC002044,PH005035,3,0,0.9891764705882353,Excellent,1,Call,3749.1720000000005,EV(call)=INR3749 [P(RPC)=98.92% x 5% x INR759050 x 10% - INR5],21.0,0.0,5.0,33.904761904761905,759050.0,train
AC002044,PH000427,2,1,0.9424911297852473,Excellent,2,Call,3571.98946031746,EV(call)=INR3572 [P(RPC)=94.25% x 5% x INR759050 x 10% - INR5],11.0,1.0,0.0,62.45454545454545,759050.0,train
AC002044,PH005036,4,2,0.008784313725490198,Poor,3,Call,28.338666666666676,EV(call)=INR28 [P(RPC)=0.88% x 5% x INR759050 x 10% - INR5],-1.0,-1.0,-1.0,-1.0,759050.0,train
AC002045,PH005037,3,0,0.9745437518290897,Excellent,1,Call,758.3113936201346,EV(call)=INR758 [P(RPC)=97.45% x 5% x INR156650 x 10% - INR5],1.0,0.0,0.0,31.0,156650.0,test
AC002045,PH005038,0,1,0.029643721318314557,Poor,2,Call,18.218444722569878,EV(call)=INR18 [P(RPC)=2.96% x 5% x INR156650 x 10% - INR5],-1.0,-1.0,-1.0,-1.0,156650.0,test
AC002045,PH005039,4,2,0.029209150326797384,Poor,3,Call,17.878066993464056,EV(call)=INR18 [P(RPC)=2.92% x 5% x INR156650 x 10% - INR5],-1.0,-1.0,-1.0,-1.0,156650.0,test
AC002046,PH005040,3,0,0.9745437518290897,Excellent,1,Call,1407.3575323383084,EV(call)=INR1407 [P(RPC)=97.45% x 5% x INR289850 x 10% - INR5],24.0,0.0,0.0,43.708333333333336,289850.0,train
AC002046,PH005041,0,1,0.029643721318314557,Poor,2,Call,37.96116312056738,EV(call)=INR38 [P(RPC)=2.96% x 5% x INR289850 x 10% - INR5],1.0,0.0,0.0,0.0,289850.0,train
AC002046,PH000301,2,2,0.008784313725490198,Poor,3,Call,7.73066666666667,EV(call)=INR8 [P(RPC)=0.88% x 5% x INR289850 x 10% - INR5],-1.0,-1.0,-1.0,-1.0,289850.0,train
AC002046,PH005042,4,3,0.008784313725490198,Poor,4,Call,7.73066666666667,EV(call)=INR8 [P(RPC)=0.88% x 5% x INR289850 x 10% - INR5],-1.0,-1.0,-1.0,-1.0,289850.0,train
AC002047,PH005043,3,0,0.9745437518290897,Excellent,1,Call,2101.963591454492,EV(call)=INR2102 [P(RPC)=97.45% x 5% x INR432400 x 10% - INR5],11.0,0.0,0.0,46.45454545454545,432400.0,train
AC002047,PH005044,1,1,0.029643721318314557,Poor,2,Call,59.089725490196074,EV(call)=INR59 [P(RPC)=2.96% x 5% x INR432400 x 10% - INR5],-1.0,-1.0,-1.0,-1.0,432400.0,train
AC002047,PH005045,4,2,0.022646060431668957,Poor,3,Call,43.96078265326829,EV(call)=INR44 [P(RPC)=2.26% x 5% x INR432400 x 10% - INR5],-1.0,-1.0,-1.0,-1.0,432400.0,train
AC002048,PH005933,5,3,0.8491204481792716,Excellent,1,Call,180.7450980392157,EV(call)=INR181 [P(RPC)=84.91% x 5% x INR43750 x 10% - INR5],1.0,0.0,0.0,45.0,43750.0,test
AC002048,PH005046,3,0,0.008784313725490198,Poor,2,Suppress,-3.0784313725490193,"EV(call)=INR-3, EV(visit)=INR-153 — negative economic yield",13.0,0.0,10.0,0.0,43750.0,test
AC002048,PH005047,0,1,0.008784313725490198,Poor,3,Suppress,-3.0784313725490193,"EV(call)=INR-3, EV(visit)=INR-153 — negative economic yield",8.0,0.0,6.0,0.0,43750.0,test
AC002048,PH005048,1,2,0.008784313725490198,Poor,4,Suppress,-3.0784313725490193,"EV(call)=INR-3, EV(visit)=INR-153 — negative economic yield",8.0,1.0,0.0,1.5,43750.0,test
AC002049,PH005050,0,1,0.9891764705882353,Excellent,1,Call,370.39247058823537,EV(call)=INR370 [P(RPC)=98.92% x 5% x INR75900 x 10% - INR5],13.0,0.0,0.0,34.0,75900.0,train
AC002049,PH005051,1,2,0.07136253650396328,Poor,2,Call,22.082082603254065,EV(call)=INR22 [P(RPC)=7.14% x 5% x INR75900 x 10% - INR5],8.0,0.0,0.0,2.25,75900.0,train
AC002049,PH005052,4,3,0.029643721318314557,Poor,3,Call,6.2497922403003745,EV(call)=INR6 [P(RPC)=2.96% x 5% x INR75900 x 10% - INR5],8.0,1.0,0.0,85.75,75900.0,train
AC002049,PH005049,3,0,0.008784313725490198,Poor,4,Suppress,-1.66635294117647,"EV(call)=INR-2, EV(visit)=INR-118 — negative economic yield",2.0,0.0,0.0,0.0,75900.0,train
AC002050,PH005053,3,0,0.9745437518290897,Excellent,1,Call,210.61780509218613,EV(call)=INR211 [P(RPC)=97.45% x 5% x INR44250 x 10% - INR5],27.0,0.0,0.0,28.185185185185187,44250.0,train
AC002050,PH005054,0,1,0.9424911297852473,Excellent,2,Call,203.526162464986,EV(call)=INR204 [P(RPC)=94.25% x 5% x INR44250 x 10% - INR5],12.0,0.0,0.0,7.833333333333333,44250.0,train
AC002051,PH005056,0,1,0.07136253650396328,Poor,1,Call,34.99870171047142,EV(call)=INR35 [P(RPC)=7.14% x 5% x INR112100 x 10% - INR5],-1.0,-1.0,-1.0,-1.0,112100.0,validation
AC002051,PH005055,3,0,0.029209150326797384,Poor,2,Call,11.371728758169937,EV(call)=INR11 [P(RPC)=2.92% x 5% x INR112100 x 10% - INR5],-1.0,-1.0,-1.0,-1.0,112100.0,validation
AC002051,PH005057,4,2,0.029209150326797384,Poor,3,Call,11.371728758169937,EV(call)=INR11 [P(RPC)=2.92% x 5% x INR112100 x 10% - INR5],-1.0,-1.0,-1.0,-1.0,112100.0,validation
AC002052,PH005058,3,0,0.9745437518290897,Excellent,1,Call,773.6604577114427,EV(call)=INR774 [P(RPC)=97.45% x 5% x INR159800 x 10% - INR5],22.0,0.0,0.0,52.18181818181818,159800.0,train
AC002052,PH005059,0,1,0.9745437518290897,Excellent,2,Call,773.6604577114427,EV(call)=INR774 [P(RPC)=97.45% x 5% x INR159800 x 10% - INR5],10.0,0.0,0.0,89.8,159800.0,train
AC002052,PH005060,1,2,0.029643721318314557,Poor,3,Call,18.685333333333332,EV(call)=INR19 [P(RPC)=2.96% x 5% x INR159800 x 10% - INR5],-1.0,-1.0,-1.0,-1.0,159800.0,train
AC002052,PH005061,4,3,0.029643721318314557,Poor,4,Call,18.685333333333332,EV(call)=INR19 [P(RPC)=2.96% x 5% x INR159800 x 10% - INR5],-1.0,-1.0,-1.0,-1.0,159800.0,train
AC002053,PH005878,5,2,0.9745437518290897,Excellent,1,Call,430.62105706760315,EV(call)=INR431 [P(RPC)=97.45% x 5% x INR89400 x 10% - INR5],11.0,0.0,0.0,6.363636363636363,89400.0,test
AC002053,PH005062,3,0,0.8911372549019607,Excellent,2,Call,393.3383529411765,EV(call)=INR393 [P(RPC)=89.11% x 5% x INR89400 x 10% - INR5],14.0,0.0,6.0,2.9285714285714284,89400.0,test
AC002053,PH005063,4,1,0.2888963585434174,Fair,3,Call,124.13667226890757,EV(call)=INR124 [P(RPC)=28.89% x 5% x INR89400 x 10% - INR5],7.0,0.0,0.0,39.285714285714285,89400.0,test
AC002054,PH005064,3,0,0.9891764705882353,Excellent,1,Call,158.95600000000002,EV(call)=INR159 [P(RPC)=98.92% x 5% x INR33150 x 10% - INR5],24.0,0.0,0.0,27.291666666666668,33150.0,train
AC002054,PH005065,1,1,0.008784313725490198,Poor,2,Suppress,-3.5439999999999996,"EV(call)=INR-4, EV(visit)=INR-164 — negative economic yield",-1.0,-1.0,-1.0,-1.0,33150.0,train
AC002055,PH005066,3,0,0.9745437518290897,Excellent,1,Call,824.3367328065553,EV(call)=INR824 [P(RPC)=97.45% x 5% x INR170200 x 10% - INR5],14.0,0.0,0.0,39.5,170200.0,test
AC002055,PH005067,1,1,0.008784313725490198,Poor,2,Call,2.475450980392158,EV(call)=INR2 [P(RPC)=0.88% x 5% x INR170200 x 10% - INR5],-1.0,-1.0,-1.0,-1.0,170200.0,test
AC002056,PH000106,3,0,0.9424911297852473,Excellent,1,Call,200.22744351073763,EV(call)=INR200 [P(RPC)=94.25% x 5% x INR43550 x 10% - INR5],18.0,1.0,0.0,45.05555555555556,43550.0,train
AC002056,PH005069,4,2,0.8257777777777777,Excellent,2,Call,174.8131111111111,EV(call)=INR175 [P(RPC)=82.58% x 5% x INR43550 x 10% - INR5],10.0,2.0,0.0,61.0,43550.0,train
AC002056,PH005068,1,1,0.029643721318314557,Poor,3,Call,1.4549203170629958,EV(call)=INR1 [P(RPC)=2.96% x 5% x INR43550 x 10% - INR5],6.0,2.0,0.0,6.166666666666667,43550.0,train
AC002057,PH005071,0,1,0.9745437518290897,Excellent,1,Call,308.8030880889669,EV(call)=INR309 [P(RPC)=97.45% x 5% x INR64400 x 10% - INR5],4.0,0.0,0.0,65.0,64400.0,train
AC002057,PH005070,3,0,0.008784313725490198,Poor,2,Suppress,-2.171450980392156,"EV(call)=INR-2, EV(visit)=INR-130 — negative economic yield",8.0,0.0,7.0,0.0,64400.0,train
AC002058,PH005072,3,0,0.9891764705882353,Excellent,1,Call,370.63976470588244,EV(call)=INR371 [P(RPC)=98.92% x 5% x INR75950 x 10% - INR5],29.0,0.0,0.0,48.89655172413793,75950.0,train
AC002058,PH005073,4,1,0.008784313725490198,Poor,2,Suppress,-1.6641568627450969,"EV(call)=INR-2, EV(visit)=INR-118 — negative economic yield",4.0,0.0,0.0,0.0,75950.0,train
AC002059,PH005074,3,0,0.008784313725490198,Poor,1,Suppress,-1.7454117647058816,"EV(call)=INR-2, EV(visit)=INR-120 — negative economic yield",32.0,0.0,13.0,0.0,74100.0,validation
AC002060,PH005075,3,0,0.9891764705882353,Excellent,1,Call,597.4084705882354,EV(call)=INR597 [P(RPC)=98.92% x 5% x INR121800 x 10% - INR5],34.0,0.0,0.0,22.823529411764707,121800.0,train
AC002061,PH005076,3,0,0.9745437518290897,Excellent,1,Call,163.8397050043898,EV(call)=INR164 [P(RPC)=97.45% x 5% x INR34650 x 10% - INR5],27.0,0.0,0.0,2.4444444444444446,34650.0,train
AC002062,PH005077,3,0,0.008784313725490198,Poor,1,Call,14.600000000000005,EV(call)=INR15 [P(RPC)=0.88% x 5% x INR446250 x 10% - INR5],31.0,0.0,16.0,0.0,446250.0,train
AC002063,PH005078,3,0,0.8911372549019607,Excellent,1,Call,267.24243137254905,EV(call)=INR267 [P(RPC)=89.11% x 5% x INR61100 x 10% - INR5],18.0,0.0,0.0,17.055555555555557,61100.0,train
AC002063,PH005079,1,1,0.008784313725490198,Poor,2,Suppress,-2.316392156862744,"EV(call)=INR-2, EV(visit)=INR-134 — negative economic yield",-1.0,-1.0,-1.0,-1.0,61100.0,train
AC002063,PH000499,2,2,0.008784313725490198,Poor,3,Suppress,-2.316392156862744,"EV(call)=INR-2, EV(visit)=INR-134 — negative economic yield",5.0,0.0,0.0,0.0,61100.0,train
AC002064,PH005080,3,0,0.9891764705882353,Excellent,1,Call,671.596705882353,EV(call)=INR672 [P(RPC)=98.92% x 5% x INR136800 x 10% - INR5],24.0,0.0,0.0,61.541666666666664,136800.0,train
AC002064,PH005081,4,1,0.9745437518290897,Excellent,2,Call,661.5879262510974,EV(call)=INR662 [P(RPC)=97.45% x 5% x INR136800 x 10% - INR5],17.0,1.0,0.0,51.94117647058823,136800.0,train
AC002065,PH005922,5,2,0.8491204481792716,Excellent,1,Call,1247.4526610644257,EV(call)=INR1247 [P(RPC)=84.91% x 5% x INR295000 x 10% - INR5],2.0,0.0,0.0,25.5,295000.0,train
AC002065,PH005082,3,0,0.7440784313725489,Excellent,2,Call,1092.5156862745096,EV(call)=INR1093 [P(RPC)=74.41% x 5% x INR295000 x 10% - INR5],16.0,0.0,0.0,28.9375,295000.0,train
AC002065,PH000437,2,1,0.0935069050761164,Poor,3,Call,132.9226849872717,EV(call)=INR133 [P(RPC)=9.35% x 5% x INR295000 x 10% - INR5],7.0,0.0,0.0,66.14285714285714,295000.0,train
AC002066,PH005083,3,0,0.9745437518290897,Excellent,1,Call,655.009755926251,EV(call)=INR655 [P(RPC)=97.45% x 5% x INR135450 x 10% - INR5],11.0,0.0,0.0,26.454545454545453,135450.0,test
AC002066,PH005084,0,1,0.9424911297852473,Excellent,2,Call,633.3021176470588,EV(call)=INR633 [P(RPC)=94.25% x 5% x INR135450 x 10% - INR5],1.0,0.0,0.0,35.0,135450.0,test
AC002066,PH000588,2,3,0.029643721318314557,Poor,3,Suppress,15.076210262828535,Compliance: Verified third-party — contact strictly prohibited,-1.0,-1.0,-1.0,-1.0,135450.0,test
AC002066,PH005085,1,2,0.029209150326797384,Poor,4,Call,14.781897058823532,EV(call)=INR15 [P(RPC)=2.92% x 5% x INR135450 x 10% - INR5],-1.0,-1.0,-1.0,-1.0,135450.0,test
AC002067,PH005086,3,0,0.9745437518290897,Excellent,1,Call,276.3995083406497,EV(call)=INR276 [P(RPC)=97.45% x 5% x INR57750 x 10% - INR5],20.0,0.0,0.0,86.55,57750.0,train
AC002068,PH005087,3,0,0.9891764705882353,Excellent,1,Call,230.91858823529415,EV(call)=INR231 [P(RPC)=98.92% x 5% x INR47700 x 10% - INR5],21.0,0.0,0.0,63.857142857142854,47700.0,train
AC002069,PH005088,3,0,0.9891764705882353,Excellent,1,Call,3542.186823529413,EV(call)=INR3542 [P(RPC)=98.92% x 5% x INR717200 x 10% - INR5],20.0,0.0,0.0,37.4,717200.0,train
AC002069,PH005089,4,1,0.8257777777777777,Excellent,2,Call,2956.2391111111115,EV(call)=INR2956 [P(RPC)=82.58% x 5% x INR717200 x 10% - INR5],9.0,0.0,0.0,18.666666666666668,717200.0,train
AC002070,PH005090,0,1,0.9745437518290897,Excellent,1,Call,828.2349078138718,EV(call)=INR828 [P(RPC)=97.45% x 5% x INR171000 x 10% - INR5],25.0,0.0,0.0,43.8,171000.0,train
AC002070,PH005091,1,2,0.9745437518290897,Excellent,2,Call,828.2349078138718,EV(call)=INR828 [P(RPC)=97.45% x 5% x INR171000 x 10% - INR5],1.0,0.0,0.0,406.0,171000.0,train
AC002070,PH000101,3,0,0.029643721318314557,Poor,3,Call,20.345381727158948,EV(call)=INR20 [P(RPC)=2.96% x 5% x INR171000 x 10% - INR5],8.0,0.0,0.0,38.875,171000.0,train
AC002071,PH005824,5,1,0.8911372549019607,Excellent,1,Call,549.9557254901961,EV(call)=INR550 [P(RPC)=89.11% x 5% x INR124550 x 10% - INR5],14.0,0.0,0.0,14.928571428571429,124550.0,train
AC002071,PH005092,3,0,0.029643721318314557,Poor,2,Call,13.460627450980393,EV(call)=INR13 [P(RPC)=2.96% x 5% x INR124550 x 10% - INR5],2.0,2.0,0.0,21.0,124550.0,train
AC002072,PH005094,0,1,0.9745437518290897,Excellent,1,Call,488.3627743634768,EV(call)=INR488 [P(RPC)=97.45% x 5% x INR101250 x 10% - INR5],13.0,0.0,0.0,27.76923076923077,101250.0,train
AC002072,PH000353,2,2,0.10069607843137254,Poor,2,Call,45.97738970588236,EV(call)=INR46 [P(RPC)=10.07% x 5% x INR101250 x 10% - INR5],6.0,0.0,0.0,16.333333333333332,101250.0,train
AC002072,PH005093,3,0,0.008784313725490198,Poor,3,Suppress,-0.5529411764705872,"EV(call)=INR-1, EV(visit)=INR-91 — negative economic yield",8.0,0.0,5.0,0.0,101250.0,train
AC002072,PH005095,4,3,0.008784313725490198,Poor,4,Suppress,-0.5529411764705872,"EV(call)=INR-1, EV(visit)=INR-91 — negative economic yield",-1.0,-1.0,-1.0,-1.0,101250.0,train
AC002073,PH005096,3,0,0.9745437518290897,Excellent,1,Call,163.8397050043898,EV(call)=INR164 [P(RPC)=97.45% x 5% x INR34650 x 10% - INR5],19.0,1.0,0.0,35.68421052631579,34650.0,train
AC002073,PH005097,1,1,0.008784313725490198,Poor,2,Suppress,-3.478117647058823,"EV(call)=INR-3, EV(visit)=INR-163 — negative economic yield",3.0,2.0,0.0,9.0,34650.0,train
AC002074,PH005098,3,0,0.9891764705882353,Excellent,1,Call,262.32494117647065,EV(call)=INR262 [P(RPC)=98.92% x 5% x INR54050 x 10% - INR5],19.0,0.0,0.0,35.526315789473685,54050.0,train
AC002075,PH005100,4,1,0.10069607843137254,Poor,1,Call,35.42947549019608,EV(call)=INR35 [P(RPC)=10.07% x 5% x INR80300 x 10% - INR5],16.0,0.0,0.0,15.375,80300.0,train
AC002075,PH005099,3,0,0.008784313725490198,Poor,2,Suppress,-1.4730980392156856,"EV(call)=INR-1, EV(visit)=INR-113 — negative economic yield",7.0,2.0,0.0,4.571428571428571,80300.0,train
AC002076,PH005102,0,1,0.9891764705882353,Excellent,1,Call,660.4684705882355,EV(call)=INR660 [P(RPC)=98.92% x 5% x INR134550 x 10% - INR5],22.0,0.0,0.0,16.90909090909091,134550.0,validation
AC002076,PH005101,3,0,0.029643721318314557,Poor,2,Call,14.94281351689612,EV(call)=INR15 [P(RPC)=2.96% x 5% x INR134550 x 10% - INR5],24.0,0.0,2.0,0.0,134550.0,validation
AC002077,PH005103,3,0,0.9891764705882353,Excellent,1,Call,2040.616941176471,EV(call)=INR2041 [P(RPC)=98.92% x 5% x INR413600 x 10% - INR5],24.0,0.0,6.0,31.041666666666668,413600.0,validation
AC002077,PH000497,2,2,0.07136253650396328,Poor,2,Suppress,142.5777254901961,Compliance: Verified third-party — contact strictly prohibited,8.0,0.0,0.0,31.375,413600.0,validation
AC002077,PH005104,0,1,0.008784313725490198,Poor,3,Call,13.165960784313729,EV(call)=INR13 [P(RPC)=0.88% x 5% x INR413600 x 10% - INR5],8.0,0.0,7.0,0.0,413600.0,validation
AC002078,PH005105,3,0,0.9424911297852473,Excellent,1,Call,925.7099906629318,EV(call)=INR926 [P(RPC)=94.25% x 5% x INR197500 x 10% - INR5],2.0,0.0,0.0,25.0,197500.0,train
AC002078,PH005106,0,1,0.008784313725490198,Poor,2,Call,3.6745098039215716,EV(call)=INR4 [P(RPC)=0.88% x 5% x INR197500 x 10% - INR5],-1.0,-1.0,-1.0,-1.0,197500.0,train
AC002078,PH005107,1,2,0.008784313725490198,Poor,3,Call,3.6745098039215716,EV(call)=INR4 [P(RPC)=0.88% x 5% x INR197500 x 10% - INR5],-1.0,-1.0,-1.0,-1.0,197500.0,train
AC002078,PH000286,2,3,0.008784313725490198,Poor,4,Call,3.6745098039215716,EV(call)=INR4 [P(RPC)=0.88% x 5% x INR197500 x 10% - INR5],-1.0,-1.0,-1.0,-1.0,197500.0,train
AC002079,PH005108,3,0,0.9891764705882353,Excellent,1,Call,217.564705882353,EV(call)=INR218 [P(RPC)=98.92% x 5% x INR45000 x 10% - INR5],26.0,0.0,0.0,72.5,45000.0,train
AC002079,PH005109,0,1,0.008784313725490198,Poor,2,Suppress,-3.0235294117647054,"EV(call)=INR-3, EV(visit)=INR-151 — negative economic yield",-1.0,-1.0,-1.0,-1.0,45000.0,train
AC002079,PH005110,1,2,0.008784313725490198,Poor,3,Suppress,-3.0235294117647054,"EV(call)=INR-3, EV(visit)=INR-151 — negative economic yield",-1.0,-1.0,-1.0,-1.0,45000.0,train
AC002079,PH005111,4,3,0.008784313725490198,Poor,4,Suppress,-3.0235294117647054,"EV(call)=INR-3, EV(visit)=INR-151 — negative economic yield",-1.0,-1.0,-1.0,-1.0,45000.0,train
AC002080,PH005112,3,0,0.9424911297852473,Excellent,1,Call,3625.4758319327725,EV(call)=INR3625 [P(RPC)=94.25% x 5% x INR770400 x 10% - INR5],2.0,0.0,0.0,22.5,770400.0,validation
AC002080,PH005113,0,1,0.008784313725490198,Poor,2,Call,28.83717647058824,EV(call)=INR29 [P(RPC)=0.88% x 5% x INR770400 x 10% - INR5],-1.0,-1.0,-1.0,-1.0,770400.0,validation
AC002080,PH005114,4,2,0.008784313725490198,Poor,3,Call,28.83717647058824,EV(call)=INR29 [P(RPC)=0.88% x 5% x INR770400 x 10% - INR5],-1.0,-1.0,-1.0,-1.0,770400.0,validation
AC002081,PH005116,4,1,0.9424911297852473,Excellent,1,Call,3625.9470774976653,EV(call)=INR3626 [P(RPC)=94.25% x 5% x INR770500 x 10% - INR5],23.0,1.0,0.0,46.608695652173914,770500.0,train
AC002081,PH005115,3,0,0.07136253650396328,Poor,2,Call,269.92417188151853,EV(call)=INR270 [P(RPC)=7.14% x 5% x INR770500 x 10% - INR5],10.0,2.0,0.0,5.6,770500.0,train
AC002082,PH005117,3,0,0.9745437518290897,Excellent,1,Call,1888.0512379280071,EV(call)=INR1888 [P(RPC)=97.45% x 5% x INR388500 x 10% - INR5],11.0,0.0,0.0,34.72727272727273,388500.0,train
AC002082,PH005118,0,1,0.029643721318314557,Poor,2,Call,52.582928660826035,EV(call)=INR53 [P(RPC)=2.96% x 5% x INR388500 x 10% - INR5],-1.0,-1.0,-1.0,-1.0,388500.0,train
AC002082,PH005119,1,2,0.008784313725490198,Poor,3,Call,12.063529411764712,EV(call)=INR12 [P(RPC)=0.88% x 5% x INR388500 x 10% - INR5],-1.0,-1.0,-1.0,-1.0,388500.0,train
AC002083,PH005120,3,0,0.9424911297852473,Excellent,1,Call,2141.052302521008,EV(call)=INR2141 [P(RPC)=94.25% x 5% x INR455400 x 10% - INR5],10.0,0.0,0.0,4.3,455400.0,train
AC002083,PH005121,1,1,0.029643721318314557,Poor,2,Call,62.49875344180225,EV(call)=INR62 [P(RPC)=2.96% x 5% x INR455400 x 10% - INR5],5.0,0.0,0.0,0.0,455400.0,train
AC002083,PH000363,2,2,0.008784313725490198,Poor,3,Call,15.00188235294118,EV(call)=INR15 [P(RPC)=0.88% x 5% x INR455400 x 10% - INR5],-1.0,-1.0,-1.0,-1.0,455400.0,train
AC002084,PH005122,3,0,0.9891764705882353,Excellent,1,Call,604.332705882353,EV(call)=INR604 [P(RPC)=98.92% x 5% x INR123200 x 10% - INR5],27.0,0.0,0.0,18.925925925925927,123200.0,train
AC002085,PH005123,3,0,0.7440784313725489,Excellent,1,Call,216.17731372549017,EV(call)=INR216 [P(RPC)=74.41% x 5% x INR59450 x 10% - INR5],8.0,0.0,0.0,0.0,59450.0,train
AC002085,PH005124,4,1,0.7440784313725489,Excellent,2,Call,216.17731372549017,EV(call)=INR216 [P(RPC)=74.41% x 5% x INR59450 x 10% - INR5],4.0,0.0,0.0,42.0,59450.0,train
AC002086,PH005125,3,0,0.029643721318314557,Poor,1,Call,168.35648226950354,EV(call)=INR168 [P(RPC)=2.96% x 5% x INR1169600 x 10% - INR5],15.0,0.0,0.0,0.0,1169600.0,train
AC002086,PH005126,1,1,0.029209150326797384,Poor,2,Call,165.81511111111115,EV(call)=INR166 [P(RPC)=2.92% x 5% x INR1169600 x 10% - INR5],3.0,2.0,0.0,18.333333333333332,1169600.0,train
AC002087,PH005127,3,0,0.9745437518290897,Excellent,1,Call,194.78146912496342,EV(call)=INR195 [P(RPC)=97.45% x 5% x INR41000 x 10% - INR5],1.0,0.0,0.0,43.0,41000.0,test
AC002087,PH005128,0,1,0.029643721318314557,Poor,2,Call,1.0769628702544845,EV(call)=INR1 [P(RPC)=2.96% x 5% x INR41000 x 10% - INR5],-1.0,-1.0,-1.0,-1.0,41000.0,test
AC002088,PH005129,3,0,0.9745437518290897,Excellent,1,Call,4789.755258999122,EV(call)=INR4790 [P(RPC)=97.45% x 5% x INR984000 x 10% - INR5],29.0,0.0,0.0,44.55172413793103,984000.0,train
AC002088,PH005130,4,1,0.008784313725490198,Poor,2,Call,38.21882352941178,EV(call)=INR38 [P(RPC)=0.88% x 5% x INR984000 x 10% - INR5],-1.0,-1.0,-1.0,-1.0,984000.0,train
AC002089,PH005131,3,0,0.9745437518290897,Excellent,1,Call,893.0420673105062,EV(call)=INR893 [P(RPC)=97.45% x 5% x INR184300 x 10% - INR5],11.0,0.0,0.0,43.27272727272727,184300.0,validation
AC002089,PH005132,4,1,0.7440784313725489,Excellent,2,Call,680.6682745098038,EV(call)=INR681 [P(RPC)=74.41% x 5% x INR184300 x 10% - INR5],6.0,0.0,0.0,17.166666666666668,184300.0,validation
AC002090,PH005133,3,0,0.9745437518290897,Excellent,1,Call,4180.421778167984,EV(call)=INR4180 [P(RPC)=97.45% x 5% x INR858950 x 10% - INR5],15.0,0.0,0.0,38.266666666666666,858950.0,validation
AC002090,PH005134,0,1,0.10069607843137254,Poor,2,Call,427.4644828431373,EV(call)=INR427 [P(RPC)=10.07% x 5% x INR858950 x 10% - INR5],-1.0,-1.0,-1.0,-1.0,858950.0,validation
AC002090,PH005135,1,2,0.029643721318314557,Poor,3,Call,122.31237213183145,EV(call)=INR122 [P(RPC)=2.96% x 5% x INR858950 x 10% - INR5],-1.0,-1.0,-1.0,-1.0,858950.0,validation
AC002090,PH005136,4,3,0.029209150326797384,Poor,4,Call,120.44599836601309,EV(call)=INR120 [P(RPC)=2.92% x 5% x INR858950 x 10% - INR5],-1.0,-1.0,-1.0,-1.0,858950.0,validation
AC002091,PH005137,3,0,0.9891764705882353,Excellent,1,Call,818.489411764706,EV(call)=INR818 [P(RPC)=98.92% x 5% x INR166500 x 10% - INR5],19.0,0.0,0.0,21.57894736842105,166500.0,train
AC002091,PH005138,4,2,0.2888963585434174,Fair,2,Call,235.506218487395,EV(call)=INR236 [P(RPC)=28.89% x 5% x INR166500 x 10% - INR5],16.0,0.0,0.0,35.0,166500.0,train
AC002091,PH000336,2,1,0.07136253650396328,Poor,3,Call,54.409311639549436,EV(call)=INR54 [P(RPC)=7.14% x 5% x INR166500 x 10% - INR5],16.0,0.0,0.0,51.375,166500.0,train
AC002092,PH000139,3,0,0.8911372549019607,Excellent,1,Call,1541.123137254902,EV(call)=INR1541 [P(RPC)=89.11% x 5% x INR347000 x 10% - INR5],18.0,2.0,0.0,45.333333333333336,347000.0,train
AC002092,PH005904,5,1,0.07136253650396328,Poor,2,Call,118.8140008343763,EV(call)=INR119 [P(RPC)=7.14% x 5% x INR347000 x 10% - INR5],20.0,1.0,0.0,0.45,347000.0,train
AC002093,PH005140,4,2,0.9424911297852473,Excellent,1,Call,308.8495462184874,EV(call)=INR309 [P(RPC)=94.25% x 5% x INR66600 x 10% - INR5],18.0,2.0,0.0,53.333333333333336,66600.0,train
AC002093,PH000542,2,1,0.8911372549019607,Excellent,2,Call,291.74870588235297,EV(call)=INR292 [P(RPC)=89.11% x 5% x INR66600 x 10% - INR5],17.0,1.0,0.0,29.294117647058822,66600.0,train
AC002093,PH005139,3,0,0.029643721318314557,Poor,3,Call,4.871359198998748,EV(call)=INR5 [P(RPC)=2.96% x 5% x INR66600 x 10% - INR5],14.0,2.0,8.0,4.785714285714286,66600.0,train
AC002094,PH005141,3,0,0.9745437518290897,Excellent,1,Call,1175.416119402985,EV(call)=INR1175 [P(RPC)=97.45% x 5% x INR242250 x 10% - INR5],7.0,0.0,0.0,32.142857142857146,242250.0,validation
AC002094,PH005143,4,2,0.8911372549019607,Excellent,2,Call,1074.39,EV(call)=INR1074 [P(RPC)=89.11% x 5% x INR242250 x 10% - INR5],20.0,0.0,0.0,46.05,242250.0,validation
AC002094,PH005142,1,1,0.8257777777777777,Excellent,3,Call,995.2233333333334,EV(call)=INR995 [P(RPC)=82.58% x 5% x INR242250 x 10% - INR5],9.0,0.0,4.0,11.555555555555555,242250.0,validation
AC002095,PH005144,3,0,0.9745437518290897,Excellent,1,Call,1270.6777711442785,EV(call)=INR1271 [P(RPC)=97.45% x 5% x INR261800 x 10% - INR5],20.0,0.0,0.0,30.0,261800.0,train
AC002095,PH005146,4,2,0.9424911297852473,Excellent,2,Call,1228.7208888888888,EV(call)=INR1229 [P(RPC)=94.25% x 5% x INR261800 x 10% - INR5],11.0,1.0,0.0,45.09090909090909,261800.0,train
AC002095,PH005145,1,1,0.008784313725490198,Poor,3,Call,6.49866666666667,EV(call)=INR6 [P(RPC)=0.88% x 5% x INR261800 x 10% - INR5],8.0,0.0,7.0,0.0,261800.0,train
AC002096,PH005149,4,3,0.43770588235294117,Good,1,Call,1247.7142352941178,EV(call)=INR1248 [P(RPC)=43.77% x 5% x INR572400 x 10% - INR5],8.0,1.0,0.0,55.25,572400.0,train
AC002096,PH000487,2,2,0.10069607843137254,Poor,2,Call,283.19217647058827,EV(call)=INR283 [P(RPC)=10.07% x 5% x INR572400 x 10% - INR5],8.0,0.0,0.0,15.5,572400.0,train
AC002096,PH005148,1,1,0.07136253650396328,Poor,3,Call,199.23957947434292,EV(call)=INR199 [P(RPC)=7.14% x 5% x INR572400 x 10% - INR5],6.0,2.0,0.0,10.5,572400.0,train
AC002096,PH005147,3,0,0.029643721318314557,Poor,4,Call,79.84033041301626,EV(call)=INR80 [P(RPC)=2.96% x 5% x INR572400 x 10% - INR5],8.0,0.0,0.0,0.0,572400.0,train
AC002097,PH005151,1,1,0.10069607843137254,Poor,1,Call,115.45768382352942,EV(call)=INR115 [P(RPC)=10.07% x 5% x INR239250 x 10% - INR5],12.0,2.0,0.0,5.5,239250.0,train
AC002097,PH005150,3,0,0.008784313725490198,Poor,2,Call,5.50823529411765,EV(call)=INR6 [P(RPC)=0.88% x 5% x INR239250 x 10% - INR5],21.0,0.0,20.0,0.0,239250.0,train
AC002098,PH005153,0,1,0.8911372549019607,Excellent,1,Call,1819.603529411765,EV(call)=INR1820 [P(RPC)=89.11% x 5% x INR409500 x 10% - INR5],5.0,0.0,0.0,13.0,409500.0,train
AC002098,PH005152,3,0,0.008784313725490198,Poor,2,Call,12.985882352941182,EV(call)=INR13 [P(RPC)=0.88% x 5% x INR409500 x 10% - INR5],8.0,0.0,0.0,0.0,409500.0,train
AC002099,PH000213,3,0,0.039239163275057574,Poor,1,Call,5.4572370128028425,EV(call)=INR5 [P(RPC)=3.92% x 5% x INR53300 x 10% - INR5],8.0,1.0,0.0,33.375,53300.0,train
AC002099,PH005154,0,1,0.029209150326797384,Poor,2,Call,2.784238562091504,EV(call)=INR3 [P(RPC)=2.92% x 5% x INR53300 x 10% - INR5],6.0,0.0,0.0,0.0,53300.0,train
AC002100,PH005155,3,0,0.9424911297852473,Excellent,1,Call,573.9251764705881,EV(call)=INR574 [P(RPC)=94.25% x 5% x INR122850 x 10% - INR5],1.0,0.0,0.0,46.0,122850.0,train
AC002100,PH005156,0,1,0.029643721318314557,Poor,2,Call,13.208655819774716,EV(call)=INR13 [P(RPC)=2.96% x 5% x INR122850 x 10% - INR5],-1.0,-1.0,-1.0,-1.0,122850.0,train
AC002100,PH005157,1,2,0.029643721318314557,Poor,3,Call,13.208655819774716,EV(call)=INR13 [P(RPC)=2.96% x 5% x INR122850 x 10% - INR5],-1.0,-1.0,-1.0,-1.0,122850.0,train
AC002101,PH005159,1,1,0.029643721318314557,Poor,1,Call,8.006182728410515,EV(call)=INR8 [P(RPC)=2.96% x 5% x INR87750 x 10% - INR5],5.0,2.0,0.0,13.0,87750.0,train
AC002101,PH005158,3,0,0.008784313725490198,Poor,2,Suppress,-1.1458823529411757,"EV(call)=INR-1, EV(visit)=INR-105 — negative economic yield",39.0,0.0,32.0,0.0,87750.0,train
AC002102,PH005160,3,0,0.9891764705882353,Excellent,1,Call,413.91623529411777,EV(call)=INR414 [P(RPC)=98.92% x 5% x INR84700 x 10% - INR5],27.0,0.0,0.0,60.44444444444444,84700.0,train
AC002103,PH005812,5,3,0.9424911297852473,Excellent,1,Call,641.5489150326797,EV(call)=INR642 [P(RPC)=94.25% x 5% x INR137200 x 10% - INR5],9.0,0.0,0.0,14.222222222222221,137200.0,test
AC002103,PH005162,1,1,0.8257777777777777,Excellent,2,Call,561.4835555555555,EV(call)=INR561 [P(RPC)=82.58% x 5% x INR137200 x 10% - INR5],12.0,0.0,0.0,38.666666666666664,137200.0,test
AC002103,PH005161,3,0,0.008784313725490198,Poor,3,Call,1.0260392156862759,EV(call)=INR1 [P(RPC)=0.88% x 5% x INR137200 x 10% - INR5],16.0,0.0,9.0,0.0,137200.0,test
AC002103,PH000563,2,2,0.008784313725490198,Poor,4,Call,1.0260392156862759,EV(call)=INR1 [P(RPC)=0.88% x 5% x INR137200 x 10% - INR5],-1.0,-1.0,-1.0,-1.0,137200.0,test
AC002104,PH005163,3,0,0.9891764705882353,Excellent,1,Call,3360.178352941177,EV(call)=INR3360 [P(RPC)=98.92% x 5% x INR680400 x 10% - INR5],27.0,0.0,2.0,73.96296296296296,680400.0,train
AC002104,PH005164,0,1,0.008784313725490198,Poor,2,Call,24.88423529411766,EV(call)=INR25 [P(RPC)=0.88% x 5% x INR680400 x 10% - INR5],-1.0,-1.0,-1.0,-1.0,680400.0,train
AC002104,PH005165,4,2,0.008784313725490198,Poor,3,Call,24.88423529411766,EV(call)=INR25 [P(RPC)=0.88% x 5% x INR680400 x 10% - INR5],-1.0,-1.0,-1.0,-1.0,680400.0,train
AC002105,PH005167,0,1,0.9745437518290897,Excellent,1,Call,634.5443371378402,EV(call)=INR635 [P(RPC)=97.45% x 5% x INR131250 x 10% - INR5],12.0,0.0,0.0,10.416666666666666,131250.0,train
AC002105,PH005166,3,0,0.07136253650396328,Poor,2,Call,41.831664580725906,EV(call)=INR42 [P(RPC)=7.14% x 5% x INR131250 x 10% - INR5],8.0,0.0,0.0,0.0,131250.0,train
AC002105,PH005168,1,2,0.029643721318314557,Poor,3,Call,14.45369211514393,EV(call)=INR14 [P(RPC)=2.96% x 5% x INR131250 x 10% - INR5],-1.0,-1.0,-1.0,-1.0,131250.0,train
AC002105,PH005169,4,3,0.029643721318314557,Poor,4,Call,14.45369211514393,EV(call)=INR14 [P(RPC)=2.96% x 5% x INR131250 x 10% - INR5],-1.0,-1.0,-1.0,-1.0,131250.0,train
AC002106,PH005837,5,1,0.9891764705882353,Excellent,1,Call,1982.255529411765,EV(call)=INR1982 [P(RPC)=98.92% x 5% x INR401800 x 10% - INR5],12.0,0.0,0.0,64.25,401800.0,validation
AC002106,PH005170,3,0,0.008784313725490198,Poor,2,Call,12.647686274509809,EV(call)=INR13 [P(RPC)=0.88% x 5% x INR401800 x 10% - INR5],15.0,0.0,13.0,0.0,401800.0,validation
AC002107,PH005173,4,3,0.9745437518290897,Excellent,1,Call,233.763219198127,EV(call)=INR234 [P(RPC)=97.45% x 5% x INR49000 x 10% - INR5],9.0,0.0,0.0,41.0,49000.0,train
AC002107,PH005171,3,0,0.9424911297852473,Excellent,2,Call,225.9103267973856,EV(call)=INR226 [P(RPC)=94.25% x 5% x INR49000 x 10% - INR5],12.0,0.0,0.0,5.5,49000.0,train
AC002107,PH000546,2,2,0.9424911297852473,Excellent,3,Call,225.9103267973856,EV(call)=INR226 [P(RPC)=94.25% x 5% x INR49000 x 10% - INR5],39.0,2.0,0.0,49.41025641025641,49000.0,train
AC002107,PH005172,1,1,0.10069607843137254,Poor,4,Call,19.670539215686276,EV(call)=INR20 [P(RPC)=10.07% x 5% x INR49000 x 10% - INR5],6.0,2.0,0.0,10.333333333333334,49000.0,train
AC002108,PH005857,5,3,0.9424911297852473,Excellent,1,Call,281.5173034547152,EV(call)=INR282 [P(RPC)=94.25% x 5% x INR60800 x 10% - INR5],11.0,1.0,0.0,13.545454545454545,60800.0,train
AC002108,PH005176,4,2,0.10069607843137254,Poor,2,Call,25.611607843137257,EV(call)=INR26 [P(RPC)=10.07% x 5% x INR60800 x 10% - INR5],2.0,0.0,0.0,45.0,60800.0,train
AC002108,PH005175,0,1,0.029209150326797384,Poor,3,Suppress,3.8795816993464065,Compliance: Verified invalid/wrong phone number,5.0,2.0,0.0,11.6,60800.0,train
AC002108,PH005174,3,0,0.008784313725490198,Poor,4,Suppress,-2.3295686274509797,"EV(call)=INR-2, EV(visit)=INR-134 — negative economic yield",8.0,0.0,7.0,0.0,60800.0,train
AC002109,PH005177,3,0,0.9745437518290897,Excellent,1,Call,3678.77538191396,EV(call)=INR3679 [P(RPC)=97.45% x 5% x INR756000 x 10% - INR5],14.0,0.0,0.0,42.285714285714285,756000.0,train
AC002109,PH005178,1,1,0.07136253650396328,Poor,2,Call,264.7503879849812,EV(call)=INR265 [P(RPC)=7.14% x 5% x INR756000 x 10% - INR5],4.0,1.0,0.0,9.25,756000.0,train
AC002110,PH005179,3,0,0.9745437518290897,Excellent,1,Call,619.9261808604039,EV(call)=INR620 [P(RPC)=97.45% x 5% x INR128250 x 10% - INR5],21.0,0.0,0.0,74.42857142857143,128250.0,test
AC002111,PH005181,0,1,0.9891764705882353,Excellent,1,Call,459.91294117647067,EV(call)=INR460 [P(RPC)=98.92% x 5% x INR94000 x 10% - INR5],14.0,0.0,0.0,70.42857142857143,94000.0,train
AC002111,PH005180,3,0,0.029643721318314557,Poor,2,Call,8.932549019607842,EV(call)=INR9 [P(RPC)=2.96% x 5% x INR94000 x 10% - INR5],17.0,0.0,0.0,0.0,94000.0,train
AC002111,PH005182,1,2,0.008784313725490198,Poor,3,Suppress,-0.8713725490196067,"EV(call)=INR-1, EV(visit)=INR-98 — negative economic yield",14.0,0.0,14.0,0.0,94000.0,train
AC002112,PH005183,3,0,0.07136253650396328,Poor,1,Call,53.23182978723404,EV(call)=INR53 [P(RPC)=7.14% x 5% x INR163200 x 10% - INR5],4.0,2.0,0.0,10.25,163200.0,train
AC002112,PH005184,1,1,0.07136253650396328,Poor,2,Call,53.23182978723404,EV(call)=INR53 [P(RPC)=7.14% x 5% x INR163200 x 10% - INR5],7.0,2.0,1.0,10.285714285714286,163200.0,train
AC002112,PH005185,4,2,0.008784313725490198,Poor,3,Call,2.168000000000003,EV(call)=INR2 [P(RPC)=0.88% x 5% x INR163200 x 10% - INR5],9.0,0.0,6.0,0.0,163200.0,train
AC002113,PH005186,3,0,0.9891764705882353,Excellent,1,Call,2818.356941176471,EV(call)=INR2818 [P(RPC)=98.92% x 5% x INR570850 x 10% - INR5],22.0,0.0,0.0,67.68181818181819,570850.0,train
AC002113,PH005187,4,1,0.008784313725490198,Poor,2,Call,20.0726274509804,EV(call)=INR20 [P(RPC)=0.88% x 5% x INR570850 x 10% - INR5],-1.0,-1.0,-1.0,-1.0,570850.0,train
AC002114,PH005190,4,2,0.7440784313725489,Excellent,1,Call,1637.9251764705882,EV(call)=INR1638 [P(RPC)=74.41% x 5% x INR441600 x 10% - INR5],2.0,0.0,0.0,29.5,441600.0,test
AC002114,PH005189,1,1,0.07136253650396328,Poor,2,Call,152.56848060075095,EV(call)=INR153 [P(RPC)=7.14% x 5% x INR441600 x 10% - INR5],6.0,2.0,0.0,15.333333333333334,441600.0,test
AC002114,PH005188,3,0,0.008784313725490198,Poor,3,Call,14.395764705882357,EV(call)=INR14 [P(RPC)=0.88% x 5% x INR441600 x 10% - INR5],8.0,0.0,3.0,0.0,441600.0,test
AC002115,PH005191,3,0,0.9745437518290897,Excellent,1,Call,628.2098027509511,EV(call)=INR628 [P(RPC)=97.45% x 5% x INR129950 x 10% - INR5],10.0,0.0,0.0,49.2,129950.0,train
AC002115,PH000321,2,2,0.7752104854494112,Excellent,2,Call,498.693012920755,EV(call)=INR499 [P(RPC)=77.52% x 5% x INR129950 x 10% - INR5],14.0,1.0,0.0,57.785714285714285,129950.0,train
AC002115,PH005193,4,3,0.10069607843137254,Poor,3,Call,60.427276960784326,EV(call)=INR60 [P(RPC)=10.07% x 5% x INR129950 x 10% - INR5],9.0,0.0,0.0,43.666666666666664,129950.0,train
AC002115,PH005192,1,1,0.07136253650396328,Poor,4,Call,41.36780809345015,EV(call)=INR41 [P(RPC)=7.14% x 5% x INR129950 x 10% - INR5],13.0,1.0,0.0,0.7692307692307693,129950.0,train
AC002116,PH005194,3,0,0.9891764705882353,Excellent,1,Call,140.90352941176474,EV(call)=INR141 [P(RPC)=98.92% x 5% x INR29500 x 10% - INR5],23.0,0.0,1.0,30.304347826086957,29500.0,train
AC002116,PH005195,0,1,0.008784313725490198,Poor,2,Suppress,-3.704313725490196,"EV(call)=INR-4, EV(visit)=INR-168 — negative economic yield",8.0,0.0,1.0,0.0,29500.0,train
AC002117,PH005196,3,0,0.9745437518290897,Excellent,1,Call,979.7764612232952,EV(call)=INR980 [P(RPC)=97.45% x 5% x INR202100 x 10% - INR5],15.0,0.0,0.0,89.0,202100.0,train
AC002117,PH005197,0,1,0.029643721318314557,Poor,2,Call,24.95498039215686,EV(call)=INR25 [P(RPC)=2.96% x 5% x INR202100 x 10% - INR5],-1.0,-1.0,-1.0,-1.0,202100.0,train
AC002117,PH005198,1,2,0.029643721318314557,Poor,3,Call,24.95498039215686,EV(call)=INR25 [P(RPC)=2.96% x 5% x INR202100 x 10% - INR5],-1.0,-1.0,-1.0,-1.0,202100.0,train
AC002117,PH005199,4,3,0.029643721318314557,Poor,4,Call,24.95498039215686,EV(call)=INR25 [P(RPC)=2.96% x 5% x INR202100 x 10% - INR5],-1.0,-1.0,-1.0,-1.0,202100.0,train
AC002118,PH005200,3,0,0.2888963585434174,Fair,1,Call,295.4522128851541,EV(call)=INR295 [P(RPC)=28.89% x 5% x INR208000 x 10% - INR5],14.0,1.0,0.0,46.57142857142857,208000.0,train
AC002118,PH005201,0,1,0.029643721318314557,Poor,2,Call,25.829470171047138,EV(call)=INR26 [P(RPC)=2.96% x 5% x INR208000 x 10% - INR5],8.0,0.0,1.0,0.0,208000.0,train
AC002119,PH005202,3,0,0.9891764705882353,Excellent,1,Call,212.6188235294118,EV(call)=INR213 [P(RPC)=98.92% x 5% x INR44000 x 10% - INR5],37.0,0.0,0.0,57.32432432432432,44000.0,train
AC002120,PH005203,3,0,0.9891764705882353,Excellent,1,Call,368.908705882353,EV(call)=INR369 [P(RPC)=98.92% x 5% x INR75600 x 10% - INR5],28.0,0.0,0.0,97.5,75600.0,train
AC002120,PH005204,0,1,0.2888963585434174,Fair,2,Call,104.20282352941179,EV(call)=INR104 [P(RPC)=28.89% x 5% x INR75600 x 10% - INR5],-1.0,-1.0,-1.0,-1.0,75600.0,train
AC002120,PH000394,2,2,0.2888963585434174,Fair,3,Call,104.20282352941179,EV(call)=INR104 [P(RPC)=28.89% x 5% x INR75600 x 10% - INR5],-1.0,-1.0,-1.0,-1.0,75600.0,train
AC002121,PH005205,3,0,0.9891764705882353,Excellent,1,Call,343.1901176470589,EV(call)=INR343 [P(RPC)=98.92% x 5% x INR70400 x 10% - INR5],25.0,0.0,1.0,42.52,70400.0,train
AC002121,PH005206,1,1,0.05122020887844533,Poor,2,Call,13.029513525212757,EV(call)=INR13 [P(RPC)=5.12% x 5% x INR70400 x 10% - INR5],-1.0,-1.0,-1.0,-1.0,70400.0,train
AC002121,PH005207,4,2,0.029643721318314557,Poor,3,Call,5.4345899040467245,EV(call)=INR5 [P(RPC)=2.96% x 5% x INR70400 x 10% - INR5],-1.0,-1.0,-1.0,-1.0,70400.0,train
AC002122,PH005208,3,0,0.9745437518290897,Excellent,1,Call,147.028825285338,EV(call)=INR147 [P(RPC)=97.45% x 5% x INR31200 x 10% - INR5],23.0,0.0,0.0,6.739130434782608,31200.0,train
AC002123,PH005209,0,1,0.9891764705882353,Excellent,1,Call,769.5251764705883,EV(call)=INR770 [P(RPC)=98.92% x 5% x INR156600 x 10% - INR5],13.0,0.0,0.0,16.615384615384617,156600.0,train
AC002123,PH000163,3,0,0.7440784313725489,Excellent,2,Call,577.6134117647058,EV(call)=INR578 [P(RPC)=74.41% x 5% x INR156600 x 10% - INR5],8.0,2.0,0.0,68.75,156600.0,train
AC002124,PH005210,3,0,0.9424911297852473,Excellent,1,Call,469.77990662931836,EV(call)=INR470 [P(RPC)=94.25% x 5% x INR100750 x 10% - INR5],1.0,0.0,0.0,40.0,100750.0,train
AC002124,PH005211,4,1,0.008784313725490198,Poor,2,Suppress,-0.5749019607843131,"EV(call)=INR-1, EV(visit)=INR-91 — negative economic yield",-1.0,-1.0,-1.0,-1.0,100750.0,train
AC002125,PH005212,3,0,0.9891764705882353,Excellent,1,Call,434.1943529411765,EV(call)=INR434 [P(RPC)=98.92% x 5% x INR88800 x 10% - INR5],22.0,0.0,0.0,82.0,88800.0,train
AC002125,PH005213,4,1,0.029209150326797384,Poor,2,Call,7.96886274509804,EV(call)=INR8 [P(RPC)=2.92% x 5% x INR88800 x 10% - INR5],-1.0,-1.0,-1.0,-1.0,88800.0,train
AC002126,PH005214,3,0,0.9424911297852473,Excellent,1,Call,514.3126125116713,EV(call)=INR514 [P(RPC)=94.25% x 5% x INR110200 x 10% - INR5],1.0,0.0,0.0,51.0,110200.0,train
AC002126,PH000308,2,2,0.9424911297852473,Excellent,2,Suppress,514.3126125116713,Compliance: Verified third-party — contact strictly prohibited,25.0,2.0,0.0,28.04,110200.0,train
AC002126,PH005215,0,1,0.029209150326797384,Poor,3,Call,11.09424183006536,EV(call)=INR11 [P(RPC)=2.92% x 5% x INR110200 x 10% - INR5],-1.0,-1.0,-1.0,-1.0,110200.0,train
AC002127,PH005217,0,1,0.9745437518290897,Excellent,1,Suppress,322.4467006145742,Compliance: Verified third-party — contact strictly prohibited,1.0,0.0,0.0,41.0,67200.0,train
AC002127,PH005216,3,0,0.43770588235294117,Good,2,Call,142.06917647058825,EV(call)=INR142 [P(RPC)=43.77% x 5% x INR67200 x 10% - INR5],8.0,0.0,0.0,0.0,67200.0,train
AC002127,PH005218,1,2,0.029643721318314557,Poor,3,Call,4.9602903629536925,EV(call)=INR5 [P(RPC)=2.96% x 5% x INR67200 x 10% - INR5],-1.0,-1.0,-1.0,-1.0,67200.0,train
AC002128,PH005220,0,1,0.9891764705882353,Excellent,1,Call,574.4101176470589,EV(call)=INR574 [P(RPC)=98.92% x 5% x INR117150 x 10% - INR5],18.0,0.0,0.0,39.333333333333336,117150.0,test
AC002128,PH005219,3,0,0.07136253650396328,Poor,2,Call,36.8006057571965,EV(call)=INR37 [P(RPC)=7.14% x 5% x INR117150 x 10% - INR5],15.0,0.0,0.0,0.0,117150.0,test
AC002129,PH005221,3,0,0.008784313725490198,Poor,1,Suppress,-3.3397647058823523,"EV(call)=INR-3, EV(visit)=INR-159 — negative economic yield",26.0,0.0,21.0,0.0,37800.0,test
AC002130,PH005223,4,1,0.9745437518290897,Excellent,1,Call,131.4361252560726,EV(call)=INR131 [P(RPC)=97.45% x 5% x INR28000 x 10% - INR5],3.0,0.0,0.0,152.0,28000.0,train
AC002130,PH005222,3,0,0.008784313725490198,Poor,2,Suppress,-3.770196078431372,"EV(call)=INR-4, EV(visit)=INR-170 — negative economic yield",-1.0,-1.0,-1.0,-1.0,28000.0,train
AC002131,PH005224,3,0,0.9745437518290897,Excellent,1,Call,606.7698402107111,EV(call)=INR607 [P(RPC)=97.45% x 5% x INR125550 x 10% - INR5],19.0,0.0,0.0,111.6842105263158,125550.0,validation
AC002131,PH000443,2,1,0.9424911297852473,Excellent,2,Suppress,586.6488067226891,Compliance: Verified third-party — contact strictly prohibited,32.0,0.0,0.0,30.15625,125550.0,validation
AC002131,PH005225,4,2,0.008784313725490198,Poor,3,Call,0.5143529411764725,EV(call)=INR1 [P(RPC)=0.88% x 5% x INR125550 x 10% - INR5],-1.0,-1.0,-1.0,-1.0,125550.0,validation
AC002132,PH005228,4,2,0.9424911297852473,Excellent,1,Call,164.64840336134452,EV(call)=INR165 [P(RPC)=94.25% x 5% x INR36000 x 10% - INR5],24.0,0.0,0.0,55.041666666666664,36000.0,test
AC002132,PH005226,3,0,0.07136253650396328,Poor,2,Call,7.845256570713392,EV(call)=INR8 [P(RPC)=7.14% x 5% x INR36000 x 10% - INR5],3.0,2.0,0.0,18.0,36000.0,test
AC002132,PH005227,1,1,0.029643721318314557,Poor,3,Call,0.33586983729662023,EV(call)=INR0 [P(RPC)=2.96% x 5% x INR36000 x 10% - INR5],5.0,2.0,0.0,9.2,36000.0,test
AC002133,PH005229,3,0,0.2888963585434174,Fair,1,Call,95.75260504201682,EV(call)=INR96 [P(RPC)=28.89% x 5% x INR69750 x 10% - INR5],9.0,0.0,0.0,13.11111111111111,69750.0,train
AC002133,PH005231,4,3,0.10069607843137254,Poor,2,Call,30.117757352941183,EV(call)=INR30 [P(RPC)=10.07% x 5% x INR69750 x 10% - INR5],7.0,0.0,0.0,31.142857142857142,69750.0,train
AC002133,PH000473,2,2,0.07136253650396328,Poor,3,Call,19.887684605757197,EV(call)=INR20 [P(RPC)=7.14% x 5% x INR69750 x 10% - INR5],5.0,0.0,0.0,88.0,69750.0,train
AC002133,PH005230,1,1,0.029643721318314557,Poor,4,Call,5.338247809762201,EV(call)=INR5 [P(RPC)=2.96% x 5% x INR69750 x 10% - INR5],5.0,2.0,0.0,12.0,69750.0,train
AC002134,PH005233,0,1,0.07136253650396328,Poor,1,Call,255.00940175219023,EV(call)=INR255 [P(RPC)=7.14% x 5% x INR728700 x 10% - INR5],-1.0,-1.0,-1.0,-1.0,728700.0,train
AC002134,PH005232,3,0,0.029209150326797384,Poor,2,Call,101.42353921568629,EV(call)=INR101 [P(RPC)=2.92% x 5% x INR728700 x 10% - INR5],1.0,0.0,0.0,0.0,728700.0,train
AC002134,PH005234,1,2,0.029209150326797384,Poor,3,Call,101.42353921568629,EV(call)=INR101 [P(RPC)=2.92% x 5% x INR728700 x 10% - INR5],-1.0,-1.0,-1.0,-1.0,728700.0,train
AC002135,PH005236,0,1,0.9745437518290897,Excellent,1,Call,6012.807667544629,EV(call)=INR6013 [P(RPC)=97.45% x 5% x INR1235000 x 10% - INR5],25.0,0.0,0.0,52.8,1235000.0,train
AC002135,PH005235,3,0,0.008784313725490198,Poor,2,Call,49.24313725490197,EV(call)=INR49 [P(RPC)=0.88% x 5% x INR1235000 x 10% - INR5],8.0,0.0,0.0,0.0,1235000.0,train
AC002136,PH005237,3,0,0.9891764705882353,Excellent,1,Call,1675.3635294117648,EV(call)=INR1675 [P(RPC)=98.92% x 5% x INR339750 x 10% - INR5],20.0,0.0,0.0,27.1,339750.0,train
AC002137,PH005848,5,2,0.9745437518290897,Excellent,1,Call,159.4542581211589,EV(call)=INR159 [P(RPC)=97.45% x 5% x INR33750 x 10% - INR5],16.0,0.0,0.0,19.0,33750.0,train
AC002137,PH005238,3,0,0.029209150326797384,Poor,2,Suppress,-0.07095588235294059,"EV(call)=INR-0, EV(visit)=INR-164 — negative economic yield",5.0,2.0,0.0,12.2,33750.0,train
AC002137,PH005239,1,1,0.008784313725490198,Poor,3,Suppress,-3.5176470588235293,"EV(call)=INR-4, EV(visit)=INR-164 — negative economic yield",18.0,2.0,11.0,3.1666666666666665,33750.0,train
AC002138,PH005240,3,0,0.9745437518290897,Excellent,1,Call,199.65418788410886,EV(call)=INR200 [P(RPC)=97.45% x 5% x INR42000 x 10% - INR5],16.0,0.0,0.0,60.0625,42000.0,validation
AC002138,PH005241,0,1,0.9745437518290897,Excellent,2,Call,199.65418788410886,EV(call)=INR200 [P(RPC)=97.45% x 5% x INR42000 x 10% - INR5],2.0,0.0,0.0,179.5,42000.0,validation
AC002139,PH005242,3,0,0.9745437518290897,Excellent,1,Call,3464.3757565115593,EV(call)=INR3464 [P(RPC)=97.45% x 5% x INR712000 x 10% - INR5],14.0,0.0,0.0,75.35714285714286,712000.0,test
AC002140,PH005245,1,2,0.9745437518290897,Excellent,1,Call,330.48668656716416,EV(call)=INR330 [P(RPC)=97.45% x 5% x INR68850 x 10% - INR5],18.0,0.0,0.0,27.166666666666668,68850.0,test
AC002140,PH005243,3,0,0.008784313725490198,Poor,2,Suppress,-1.975999999999999,"EV(call)=INR-2, EV(visit)=INR-126 — negative economic yield",2.0,0.0,0.0,0.0,68850.0,test
AC002140,PH005244,0,1,0.008784313725490198,Poor,3,Suppress,-1.975999999999999,"EV(call)=INR-2, EV(visit)=INR-126 — negative economic yield",8.0,0.0,7.0,0.0,68850.0,test
AC002140,PH005246,4,3,0.008784313725490198,Poor,4,Suppress,-1.975999999999999,"EV(call)=INR-2, EV(visit)=INR-126 — negative economic yield",-1.0,-1.0,-1.0,-1.0,68850.0,test
AC002141,PH005247,3,0,0.9891764705882353,Excellent,1,Call,734.409411764706,EV(call)=INR734 [P(RPC)=98.92% x 5% x INR149500 x 10% - INR5],13.0,0.0,0.0,23.615384615384617,149500.0,validation
AC002141,PH005249,4,2,0.2888963585434174,Fair,2,Call,210.9500280112045,EV(call)=INR211 [P(RPC)=28.89% x 5% x INR149500 x 10% - INR5],6.0,1.0,0.0,50.666666666666664,149500.0,validation
AC002141,PH005248,0,1,0.029643721318314557,Poor,3,Call,17.158681685440133,EV(call)=INR17 [P(RPC)=2.96% x 5% x INR149500 x 10% - INR5],2.0,2.0,0.0,18.0,149500.0,validation
AC002142,PH005251,0,1,0.9745437518290897,Excellent,1,Call,126.56340649692712,EV(call)=INR127 [P(RPC)=97.45% x 5% x INR27000 x 10% - INR5],3.0,0.0,0.0,151.33333333333334,27000.0,train
AC002142,PH005250,3,0,0.9424911297852473,Excellent,2,Call,122.23630252100838,EV(call)=INR122 [P(RPC)=94.25% x 5% x INR27000 x 10% - INR5],19.0,0.0,0.0,10.105263157894736,27000.0,train
AC002142,PH005252,1,2,0.008784313725490198,Poor,3,Suppress,-3.814117647058823,"EV(call)=INR-4, EV(visit)=INR-171 — negative economic yield",-1.0,-1.0,-1.0,-1.0,27000.0,train
AC002142,PH005253,4,3,0.008784313725490198,Poor,4,Suppress,-3.814117647058823,"EV(call)=INR-4, EV(visit)=INR-171 — negative economic yield",-1.0,-1.0,-1.0,-1.0,27000.0,train
AC002143,PH005254,3,0,0.9891764705882353,Excellent,1,Call,723.2811764705884,EV(call)=INR723 [P(RPC)=98.92% x 5% x INR147250 x 10% - INR5],30.0,0.0,0.0,59.06666666666667,147250.0,test
AC002144,PH005256,0,1,0.8911372549019607,Excellent,1,Call,3675.842431372549,EV(call)=INR3676 [P(RPC)=89.11% x 5% x INR826100 x 10% - INR5],11.0,0.0,2.0,9.0,826100.0,validation
AC002144,PH005255,3,0,0.8257777777777777,Excellent,2,Call,3405.875111111111,EV(call)=INR3406 [P(RPC)=82.58% x 5% x INR826100 x 10% - INR5],8.0,0.0,0.0,4.75,826100.0,validation
AC002145,PH005257,3,0,0.8911372549019607,Excellent,1,Call,555.5253333333334,EV(call)=INR556 [P(RPC)=89.11% x 5% x INR125800 x 10% - INR5],6.0,0.0,0.0,6.5,125800.0,train
AC002145,PH005258,4,1,0.008784313725490198,Poor,2,Call,0.525333333333335,EV(call)=INR1 [P(RPC)=0.88% x 5% x INR125800 x 10% - INR5],-1.0,-1.0,-1.0,-1.0,125800.0,train
AC002146,PH005260,0,1,0.9424911297852473,Excellent,1,Suppress,657.5712642390289,Compliance: Verified invalid/wrong phone number,1.0,0.0,0.0,41.0,140600.0,train
AC002146,PH005259,3,0,0.7440784313725489,Excellent,2,Call,518.0871372549019,EV(call)=INR518 [P(RPC)=74.41% x 5% x INR140600 x 10% - INR5],4.0,2.0,0.0,8.75,140600.0,train
AC002146,PH005261,4,2,0.029209150326797384,Poor,3,Call,15.534032679738566,EV(call)=INR16 [P(RPC)=2.92% x 5% x INR140600 x 10% - INR5],-1.0,-1.0,-1.0,-1.0,140600.0,train
AC002147,PH005264,4,2,0.029643721318314557,Poor,1,Call,31.10605256570713,EV(call)=INR31 [P(RPC)=2.96% x 5% x INR243600 x 10% - INR5],8.0,0.0,0.0,68.375,243600.0,train
AC002147,PH005262,3,0,0.008784313725490198,Poor,2,Call,5.699294117647062,EV(call)=INR6 [P(RPC)=0.88% x 5% x INR243600 x 10% - INR5],7.0,0.0,4.0,0.0,243600.0,train
AC002147,PH005263,1,1,0.008784313725490198,Poor,3,Call,5.699294117647062,EV(call)=INR6 [P(RPC)=0.88% x 5% x INR243600 x 10% - INR5],9.0,0.0,9.0,0.0,243600.0,train
AC002148,PH005901,5,4,0.9745437518290897,Excellent,1,Call,203.30872695346795,EV(call)=INR203 [P(RPC)=97.45% x 5% x INR42750 x 10% - INR5],3.0,0.0,0.0,129.0,42750.0,train
AC002148,PH005266,0,1,0.029643721318314557,Poor,2,Call,1.336345431789737,EV(call)=INR1 [P(RPC)=2.96% x 5% x INR42750 x 10% - INR5],7.0,0.0,2.0,0.0,42750.0,train
AC002148,PH005267,1,2,0.029643721318314557,Poor,3,Call,1.336345431789737,EV(call)=INR1 [P(RPC)=2.96% x 5% x INR42750 x 10% - INR5],-1.0,-1.0,-1.0,-1.0,42750.0,train
AC002148,PH005265,3,0,0.008784313725490198,Poor,4,Suppress,-3.1223529411764703,"EV(call)=INR-3, EV(visit)=INR-154 — negative economic yield",8.0,0.0,0.0,0.0,42750.0,train
AC002148,PH005268,4,3,0.008784313725490198,Poor,5,Suppress,-3.1223529411764703,"EV(call)=INR-3, EV(visit)=INR-154 — negative economic yield",-1.0,-1.0,-1.0,-1.0,42750.0,train
AC002149,PH005269,3,0,0.9424911297852473,Excellent,1,Call,149.8041680672269,EV(call)=INR150 [P(RPC)=94.25% x 5% x INR32850 x 10% - INR5],21.0,0.0,0.0,5.571428571428571,32850.0,train
AC002150,PH005270,3,0,0.8911372549019607,Excellent,1,Call,99.48584313725492,EV(call)=INR99 [P(RPC)=89.11% x 5% x INR23450 x 10% - INR5],6.0,0.0,0.0,30.5,23450.0,train
AC002150,PH000332,2,1,0.008784313725490198,Poor,2,Suppress,-3.970039215686274,"EV(call)=INR-4, EV(visit)=INR-175 — negative economic yield",-1.0,-1.0,-1.0,-1.0,23450.0,train
AC002150,PH005271,4,2,0.008784313725490198,Poor,3,Suppress,-3.970039215686274,"EV(call)=INR-4, EV(visit)=INR-175 — negative economic yield",-1.0,-1.0,-1.0,-1.0,23450.0,train
AC002151,PH000513,2,1,0.7440784313725489,Excellent,1,Call,310.48925490196075,EV(call)=INR310 [P(RPC)=74.41% x 5% x INR84800 x 10% - INR5],21.0,1.0,0.0,23.857142857142858,84800.0,test
AC002151,PH005273,4,2,0.7440784313725489,Excellent,2,Suppress,310.48925490196075,Compliance: Verified third-party — contact strictly prohibited,12.0,1.0,0.0,36.75,84800.0,test
AC002151,PH005272,3,0,0.029643721318314557,Poor,3,Call,7.568937838965374,EV(call)=INR8 [P(RPC)=2.96% x 5% x INR84800 x 10% - INR5],8.0,0.0,0.0,0.0,84800.0,test
AC002152,PH005274,3,0,0.9891764705882353,Excellent,1,Call,1360.0635294117649,EV(call)=INR1360 [P(RPC)=98.92% x 5% x INR276000 x 10% - INR5],33.0,0.0,0.0,33.515151515151516,276000.0,train
AC002153,PH005275,3,0,0.9424911297852473,Excellent,1,Call,460.11937254901954,EV(call)=INR460 [P(RPC)=94.25% x 5% x INR98700 x 10% - INR5],9.0,0.0,0.0,6.888888888888889,98700.0,train
AC002153,PH005276,4,1,0.008784313725490198,Poor,2,Suppress,-0.6649411764705873,"EV(call)=INR-1, EV(visit)=INR-93 — negative economic yield",-1.0,-1.0,-1.0,-1.0,98700.0,train
AC002154,PH005277,3,0,0.9891764705882353,Excellent,1,Call,256.14258823529417,EV(call)=INR256 [P(RPC)=98.92% x 5% x INR52800 x 10% - INR5],24.0,0.0,0.0,31.5,52800.0,train
AC002154,PH005278,4,1,0.9424911297852473,Excellent,2,Call,243.8176582633053,EV(call)=INR244 [P(RPC)=94.25% x 5% x INR52800 x 10% - INR5],12.0,0.0,0.0,54.833333333333336,52800.0,train
AC002155,PH005279,3,0,0.9745437518290897,Excellent,1,Call,843.58397190518,EV(call)=INR844 [P(RPC)=97.45% x 5% x INR174150 x 10% - INR5],14.0,0.0,0.0,57.642857142857146,174150.0,train
AC002155,PH005280,4,1,0.029643721318314557,Poor,2,Call,20.8122703379224,EV(call)=INR21 [P(RPC)=2.96% x 5% x INR174150 x 10% - INR5],-1.0,-1.0,-1.0,-1.0,174150.0,train
AC002156,PH005281,3,0,0.9745437518290897,Excellent,1,Call,785.5986186713491,EV(call)=INR786 [P(RPC)=97.45% x 5% x INR162250 x 10% - INR5],10.0,0.0,0.0,34.3,162250.0,train
AC002156,PH005282,4,1,0.8257777777777777,Excellent,2,Call,664.9122222222222,EV(call)=INR665 [P(RPC)=82.58% x 5% x INR162250 x 10% - INR5],16.0,0.0,0.0,42.75,162250.0,train
AC002157,PH005284,0,1,0.9424911297852473,Excellent,1,Call,306.7289411764706,EV(call)=INR307 [P(RPC)=94.25% x 5% x INR66150 x 10% - INR5],4.0,0.0,0.0,9.25,66150.0,train
AC002157,PH005283,3,0,0.10069607843137254,Poor,2,Call,28.305227941176476,EV(call)=INR28 [P(RPC)=10.07% x 5% x INR66150 x 10% - INR5],8.0,1.0,0.0,5.75,66150.0,train
AC002158,PH000443,2,2,0.9424911297852473,Excellent,1,Suppress,531.0418300653595,Compliance: Verified third-party — contact strictly prohibited,32.0,0.0,0.0,30.15625,113750.0,test
AC002158,PH005285,3,0,0.8257777777777777,Excellent,2,Call,464.66111111111115,EV(call)=INR465 [P(RPC)=82.58% x 5% x INR113750 x 10% - INR5],9.0,0.0,0.0,4.555555555555555,113750.0,test
AC002158,PH005286,1,1,0.10069607843137254,Poor,3,Call,52.27089460784314,EV(call)=INR52 [P(RPC)=10.07% x 5% x INR113750 x 10% - INR5],8.0,2.0,0.0,9.25,113750.0,test
AC002159,PH005288,1,1,0.9745437518290897,Excellent,1,Call,765.86410769681,EV(call)=INR766 [P(RPC)=97.45% x 5% x INR158200 x 10% - INR5],9.0,0.0,0.0,49.77777777777778,158200.0,train
AC002159,PH005287,3,0,0.008784313725490198,Poor,2,Call,1.948392156862747,EV(call)=INR2 [P(RPC)=0.88% x 5% x INR158200 x 10% - INR5],8.0,0.0,6.0,0.0,158200.0,train
AC002159,PH005289,4,2,0.008784313725490198,Poor,3,Call,1.948392156862747,EV(call)=INR2 [P(RPC)=0.88% x 5% x INR158200 x 10% - INR5],-1.0,-1.0,-1.0,-1.0,158200.0,train
AC002160,PH005291,0,1,0.9891764705882353,Excellent,1,Call,1047.4837647058825,EV(call)=INR1047 [P(RPC)=98.92% x 5% x INR212800 x 10% - INR5],15.0,0.0,0.0,65.33333333333333,212800.0,test
AC002160,PH005290,3,0,0.008784313725490198,Poor,2,Call,4.34650980392157,EV(call)=INR4 [P(RPC)=0.88% x 5% x INR212800 x 10% - INR5],8.0,0.0,0.0,0.0,212800.0,test
AC002161,PH005292,3,0,0.9891764705882353,Excellent,1,Call,85.01505882352943,EV(call)=INR85 [P(RPC)=98.92% x 5% x INR18200 x 10% - INR5],40.0,0.0,0.0,62.8,18200.0,train
AC002161,PH005293,1,1,0.008784313725490198,Poor,2,Suppress,-4.200627450980392,"EV(call)=INR-4, EV(visit)=INR-180 — negative economic yield",-1.0,-1.0,-1.0,-1.0,18200.0,train
AC002162,PH005296,1,2,0.9745437518290897,Excellent,1,Call,36.66174539069359,EV(call)=INR37 [P(RPC)=97.45% x 5% x INR8550 x 10% - INR5],18.0,0.0,0.0,37.611111111111114,8550.0,train
AC002162,PH005294,3,0,0.9424911297852473,Excellent,2,Call,35.291495798319325,EV(call)=INR35 [P(RPC)=94.25% x 5% x INR8550 x 10% - INR5],11.0,0.0,0.0,3.1818181818181817,8550.0,train
AC002162,PH005295,0,1,0.029643721318314557,Poor,3,Suppress,-3.732730913642053,"EV(call)=INR-4, EV(visit)=INR-191 — negative economic yield",8.0,1.0,0.0,4.0,8550.0,train
AC002162,PH005297,4,3,0.008784313725490198,Poor,4,Suppress,-4.624470588235294,"EV(call)=INR-5, EV(visit)=INR-191 — negative economic yield",-1.0,-1.0,-1.0,-1.0,8550.0,train
AC002163,PH005298,3,0,0.9891764705882353,Excellent,1,Call,1016.5720000000001,EV(call)=INR1017 [P(RPC)=98.92% x 5% x INR206550 x 10% - INR5],24.0,0.0,0.0,21.833333333333332,206550.0,train
AC002163,PH005299,4,1,0.10069607843137254,Poor,2,Call,98.993875,EV(call)=INR99 [P(RPC)=10.07% x 5% x INR206550 x 10% - INR5],16.0,0.0,0.0,28.875,206550.0,train
AC002164,PH005300,3,0,0.029643721318314557,Poor,1,Call,93.18000500625783,EV(call)=INR93 [P(RPC)=2.96% x 5% x INR662400 x 10% - INR5],3.0,1.0,0.0,3.3333333333333335,662400.0,train
AC002165,PH005301,3,0,0.9891764705882353,Excellent,1,Call,346.40494117647063,EV(call)=INR346 [P(RPC)=98.92% x 5% x INR71050 x 10% - INR5],30.0,0.0,3.0,68.66666666666667,71050.0,validation
AC002165,PH005302,0,1,0.07136253650396328,Poor,2,Call,20.351541093032957,EV(call)=INR20 [P(RPC)=7.14% x 5% x INR71050 x 10% - INR5],-1.0,-1.0,-1.0,-1.0,71050.0,validation
AC002165,PH005304,4,3,0.029643721318314557,Poor,3,Call,5.530931998331248,EV(call)=INR6 [P(RPC)=2.96% x 5% x INR71050 x 10% - INR5],-1.0,-1.0,-1.0,-1.0,71050.0,validation
AC002165,PH005303,1,2,0.029209150326797384,Poor,4,Call,5.376550653594773,EV(call)=INR5 [P(RPC)=2.92% x 5% x INR71050 x 10% - INR5],-1.0,-1.0,-1.0,-1.0,71050.0,validation
AC002166,PH005305,3,0,0.9891764705882353,Excellent,1,Call,239.82117647058828,EV(call)=INR240 [P(RPC)=98.92% x 5% x INR49500 x 10% - INR5],15.0,0.0,0.0,37.333333333333336,49500.0,train
AC002166,PH005306,0,1,0.008784313725490198,Poor,2,Suppress,-2.825882352941176,"EV(call)=INR-3, EV(visit)=INR-147 — negative economic yield",-1.0,-1.0,-1.0,-1.0,49500.0,train
AC002167,PH005308,1,1,0.9891764705882353,Excellent,1,Call,2042.5952941176474,EV(call)=INR2043 [P(RPC)=98.92% x 5% x INR414000 x 10% - INR5],12.0,0.0,0.0,92.08333333333333,414000.0,test
AC002167,PH005307,3,0,0.008784313725490198,Poor,2,Call,13.18352941176471,EV(call)=INR13 [P(RPC)=0.88% x 5% x INR414000 x 10% - INR5],8.0,0.0,4.0,0.0,414000.0,test
AC002168,PH005310,0,1,0.9745437518290897,Excellent,1,Call,7965.549710272168,EV(call)=INR7966 [P(RPC)=97.45% x 5% x INR1635750 x 10% - INR5],22.0,0.0,0.0,27.09090909090909,1635750.0,train
AC002168,PH005309,3,0,0.029643721318314557,Poor,2,Call,237.4485857321652,EV(call)=INR237 [P(RPC)=2.96% x 5% x INR1635750 x 10% - INR5],16.0,0.0,0.0,0.0,1635750.0,train
AC002168,PH005311,4,2,0.029209150326797384,Poor,3,Call,233.89433823529413,EV(call)=INR234 [P(RPC)=2.92% x 5% x INR1635750 x 10% - INR5],8.0,0.0,0.0,34.75,1635750.0,train
AC002169,PH005312,3,0,0.9891764705882353,Excellent,1,Call,465.84800000000007,EV(call)=INR466 [P(RPC)=98.92% x 5% x INR95200 x 10% - INR5],23.0,0.0,0.0,76.6086956521739,95200.0,train
AC002170,PH005315,4,3,0.2888963585434174,Fair,1,Call,561.2368627450982,EV(call)=INR561 [P(RPC)=28.89% x 5% x INR392000 x 10% - INR5],5.0,0.0,0.0,37.4,392000.0,validation
AC002170,PH005313,3,0,0.07136253650396328,Poor,2,Call,134.87057154776804,EV(call)=INR135 [P(RPC)=7.14% x 5% x INR392000 x 10% - INR5],7.0,2.0,0.0,8.285714285714286,392000.0,validation
AC002170,PH000578,2,2,0.029209150326797384,Poor,3,Call,52.24993464052289,EV(call)=INR52 [P(RPC)=2.92% x 5% x INR392000 x 10% - INR5],8.0,0.0,0.0,46.5,392000.0,validation
AC002170,PH005314,1,1,0.008784313725490198,Poor,4,Call,12.21725490196079,EV(call)=INR12 [P(RPC)=0.88% x 5% x INR392000 x 10% - INR5],8.0,2.0,4.0,6.0,392000.0,validation
AC002171,PH005316,3,0,0.9891764705882353,Excellent,1,Call,424.30258823529425,EV(call)=INR424 [P(RPC)=98.92% x 5% x INR86800 x 10% - INR5],27.0,0.0,0.0,33.851851851851855,86800.0,train
AC002171,PH005317,0,1,0.029643721318314557,Poor,2,Call,7.86537505214852,EV(call)=INR8 [P(RPC)=2.96% x 5% x INR86800 x 10% - INR5],-1.0,-1.0,-1.0,-1.0,86800.0,train
AC002171,PH005318,1,2,0.02822242890457565,Poor,3,Call,7.248534144585834,EV(call)=INR7 [P(RPC)=2.82% x 5% x INR86800 x 10% - INR5],-1.0,-1.0,-1.0,-1.0,86800.0,train
AC002171,PH005319,4,3,0.008784313725490198,Poor,4,Suppress,-1.187607843137254,"EV(call)=INR-1, EV(visit)=INR-106 — negative economic yield",-1.0,-1.0,-1.0,-1.0,86800.0,train
AC002172,PH005320,3,0,0.9891764705882353,Excellent,1,Call,1923.8941176470591,EV(call)=INR1924 [P(RPC)=98.92% x 5% x INR390000 x 10% - INR5],30.0,1.0,0.0,37.1,390000.0,train
AC002172,PH005321,1,1,0.008784313725490198,Poor,2,Call,12.129411764705889,EV(call)=INR12 [P(RPC)=0.88% x 5% x INR390000 x 10% - INR5],-1.0,-1.0,-1.0,-1.0,390000.0,train
AC002172,PH005322,4,2,0.008784313725490198,Poor,3,Call,12.129411764705889,EV(call)=INR12 [P(RPC)=0.88% x 5% x INR390000 x 10% - INR5],-1.0,-1.0,-1.0,-1.0,390000.0,train
AC002173,PH005323,3,0,0.9891764705882353,Excellent,1,Call,57.318117647058834,EV(call)=INR57 [P(RPC)=98.92% x 5% x INR12600 x 10% - INR5],20.0,0.0,1.0,42.35,12600.0,test
AC002174,PH005324,3,0,0.10069607843137254,Poor,1,Call,364.40356372549024,EV(call)=INR364 [P(RPC)=10.07% x 5% x INR733700 x 10% - INR5],22.0,0.0,1.0,3.6363636363636362,733700.0,train
AC002175,PH005325,3,0,0.8911372549019607,Excellent,1,Call,406.03705882352943,EV(call)=INR406 [P(RPC)=89.11% x 5% x INR92250 x 10% - INR5],7.0,0.0,0.0,21.0,92250.0,train
AC002175,PH005326,0,1,0.07136253650396328,Poor,2,Call,27.91596996245306,EV(call)=INR28 [P(RPC)=7.14% x 5% x INR92250 x 10% - INR5],-1.0,-1.0,-1.0,-1.0,92250.0,train
AC002175,PH005327,1,2,0.029354763086810478,Poor,3,Call,8.539884473791336,EV(call)=INR9 [P(RPC)=2.94% x 5% x INR92250 x 10% - INR5],-1.0,-1.0,-1.0,-1.0,92250.0,train
AC002175,PH005328,4,3,0.029209150326797384,Poor,4,Call,8.472720588235298,EV(call)=INR8 [P(RPC)=2.92% x 5% x INR92250 x 10% - INR5],-1.0,-1.0,-1.0,-1.0,92250.0,train
AC002176,PH005330,0,1,0.8911372549019607,Excellent,1,Call,2775.348235294118,EV(call)=INR2775 [P(RPC)=89.11% x 5% x INR624000 x 10% - INR5],4.0,0.0,0.0,24.0,624000.0,train
AC002176,PH005329,3,0,0.008784313725490198,Poor,2,Call,22.407058823529418,EV(call)=INR22 [P(RPC)=0.88% x 5% x INR624000 x 10% - INR5],8.0,0.0,7.0,0.0,624000.0,train
AC002177,PH005331,3,0,0.9891764705882353,Excellent,1,Call,272.46400000000006,EV(call)=INR272 [P(RPC)=98.92% x 5% x INR56100 x 10% - INR5],25.0,0.0,0.0,85.84,56100.0,train
AC002178,PH005333,4,2,0.10069607843137254,Poor,1,Call,235.08462500000002,EV(call)=INR235 [P(RPC)=10.07% x 5% x INR476850 x 10% - INR5],5.0,0.0,0.0,54.8,476850.0,train
AC002178,PH005332,3,0,0.008784313725490198,Poor,2,Call,15.944000000000006,EV(call)=INR16 [P(RPC)=0.88% x 5% x INR476850 x 10% - INR5],8.0,0.0,0.0,0.0,476850.0,train
AC002178,PH000351,2,1,0.008784313725490198,Poor,3,Call,15.944000000000006,EV(call)=INR16 [P(RPC)=0.88% x 5% x INR476850 x 10% - INR5],8.0,0.0,0.0,0.0,476850.0,train
AC002179,PH005334,3,0,0.9891764705882353,Excellent,1,Call,306.5905882352942,EV(call)=INR307 [P(RPC)=98.92% x 5% x INR63000 x 10% - INR5],23.0,0.0,0.0,63.08695652173913,63000.0,train
AC002179,PH005335,0,1,0.9891764705882353,Excellent,2,Call,306.5905882352942,EV(call)=INR307 [P(RPC)=98.92% x 5% x INR63000 x 10% - INR5],13.0,0.0,0.0,31.23076923076923,63000.0,train
AC002179,PH005336,4,2,0.008784313725490198,Poor,3,Suppress,-2.2329411764705878,"EV(call)=INR-2, EV(visit)=INR-132 — negative economic yield",-1.0,-1.0,-1.0,-1.0,63000.0,train
AC002180,PH005337,3,0,0.9424911297852473,Excellent,1,Call,4077.8715742296913,EV(call)=INR4078 [P(RPC)=94.25% x 5% x INR866400 x 10% - INR5],4.0,0.0,0.0,11.0,866400.0,train
AC002180,PH005338,0,1,0.07136253650396328,Poor,2,Call,304.142508135169,EV(call)=INR304 [P(RPC)=7.14% x 5% x INR866400 x 10% - INR5],-1.0,-1.0,-1.0,-1.0,866400.0,train
AC002180,PH005339,1,2,0.008784313725490198,Poor,3,Call,33.053647058823536,EV(call)=INR33 [P(RPC)=0.88% x 5% x INR866400 x 10% - INR5],-1.0,-1.0,-1.0,-1.0,866400.0,train
AC002181,PH005341,0,1,0.9891764705882353,Excellent,1,Call,2435.792941176471,EV(call)=INR2436 [P(RPC)=98.92% x 5% x INR493500 x 10% - INR5],20.0,0.0,0.0,59.75,493500.0,train
AC002181,PH005340,3,0,0.8911372549019607,Excellent,2,Call,2193.8811764705883,EV(call)=INR2194 [P(RPC)=89.11% x 5% x INR493500 x 10% - INR5],11.0,0.0,0.0,12.363636363636363,493500.0,train
AC002181,PH005342,4,2,0.008784313725490198,Poor,3,Call,16.675294117647066,EV(call)=INR17 [P(RPC)=0.88% x 5% x INR493500 x 10% - INR5],-1.0,-1.0,-1.0,-1.0,493500.0,train
AC002182,PH005344,4,1,0.8491204481792716,Excellent,1,Call,2460.845781512605,EV(call)=INR2461 [P(RPC)=84.91% x 5% x INR580800 x 10% - INR5],10.0,0.0,0.0,29.1,580800.0,train
AC002182,PH005343,3,0,0.07136253650396328,Poor,2,Call,202.23680600750936,EV(call)=INR202 [P(RPC)=7.14% x 5% x INR580800 x 10% - INR5],8.0,0.0,0.0,36.125,580800.0,train
AC002183,PH005346,4,1,0.8421843280916753,Excellent,1,Call,498.62622819882193,EV(call)=INR499 [P(RPC)=84.22% x 5% x INR119600 x 10% - INR5],16.0,1.0,0.0,34.75,119600.0,train
AC002183,PH005345,3,0,0.07136253650396328,Poor,2,Call,37.674796829370045,EV(call)=INR38 [P(RPC)=7.14% x 5% x INR119600 x 10% - INR5],4.0,2.0,0.0,16.25,119600.0,train
AC002184,PH005347,3,0,0.9891764705882353,Excellent,1,Call,1027.7002352941179,EV(call)=INR1028 [P(RPC)=98.92% x 5% x INR208800 x 10% - INR5],31.0,0.0,0.0,53.16129032258065,208800.0,train
AC002184,PH005348,0,1,0.008784313725490198,Poor,2,Call,4.170823529411768,EV(call)=INR4 [P(RPC)=0.88% x 5% x INR208800 x 10% - INR5],-1.0,-1.0,-1.0,-1.0,208800.0,train
AC002184,PH005349,4,2,0.008784313725490198,Poor,3,Call,4.170823529411768,EV(call)=INR4 [P(RPC)=0.88% x 5% x INR208800 x 10% - INR5],-1.0,-1.0,-1.0,-1.0,208800.0,train
AC002185,PH005350,3,0,0.008784313725490198,Poor,1,Suppress,-2.56235294117647,"EV(call)=INR-3, EV(visit)=INR-140 — negative economic yield",8.0,2.0,3.0,11.875,55500.0,validation
AC002186,PH005352,4,1,0.9424911297852473,Excellent,1,Call,515.7263492063491,EV(call)=INR516 [P(RPC)=94.25% x 5% x INR110500 x 10% - INR5],18.0,0.0,0.0,22.27777777777778,110500.0,train
AC002186,PH005351,3,0,0.10069607843137254,Poor,2,Call,50.634583333333346,EV(call)=INR51 [P(RPC)=10.07% x 5% x INR110500 x 10% - INR5],16.0,1.0,8.0,3.3125,110500.0,train
AC002187,PH005354,0,1,0.9424911297852473,Excellent,1,Call,3948.514666666666,EV(call)=INR3949 [P(RPC)=94.25% x 5% x INR838950 x 10% - INR5],13.0,0.0,0.0,11.692307692307692,838950.0,train
AC002187,PH005353,3,0,0.07136253650396328,Poor,2,Call,294.348,EV(call)=INR294 [P(RPC)=7.14% x 5% x INR838950 x 10% - INR5],16.0,0.0,0.0,0.0,838950.0,train
AC002188,PH005356,0,1,0.9745437518290897,Excellent,1,Call,930.5620017559263,EV(call)=INR931 [P(RPC)=97.45% x 5% x INR192000 x 10% - INR5],31.0,0.0,0.0,60.903225806451616,192000.0,validation
AC002188,PH005355,3,0,0.029643721318314557,Poor,2,Call,23.457972465581975,EV(call)=INR23 [P(RPC)=2.96% x 5% x INR192000 x 10% - INR5],5.0,2.0,0.0,8.4,192000.0,validation
AC002189,PH005358,4,1,0.9424911297852473,Excellent,1,Call,399.3286946778711,EV(call)=INR399 [P(RPC)=94.25% x 5% x INR85800 x 10% - INR5],22.0,0.0,0.0,53.45454545454545,85800.0,train
AC002189,PH005357,3,0,0.5720645646891287,Good,2,Call,240.4156982516362,EV(call)=INR240 [P(RPC)=57.21% x 5% x INR85800 x 10% - INR5],13.0,2.0,0.0,12.0,85800.0,train
AC002190,PH005359,3,0,0.9745437518290897,Excellent,1,Call,4687.428165057067,EV(call)=INR4687 [P(RPC)=97.45% x 5% x INR963000 x 10% - INR5],3.0,0.0,0.0,23.0,963000.0,train
AC002191,PH005361,0,1,0.9424911297852473,Excellent,1,Call,281.5173034547152,EV(call)=INR282 [P(RPC)=94.25% x 5% x INR60800 x 10% - INR5],15.0,0.0,0.0,14.4,60800.0,train
AC002191,PH005362,4,2,0.10069607843137254,Poor,2,Call,25.611607843137257,EV(call)=INR26 [P(RPC)=10.07% x 5% x INR60800 x 10% - INR5],8.0,0.0,0.0,6.125,60800.0,train
AC002191,PH005360,3,0,0.008784313725490198,Poor,3,Suppress,-2.3295686274509797,"EV(call)=INR-2, EV(visit)=INR-134 — negative economic yield",16.0,1.0,10.0,0.875,60800.0,train
AC002192,PH005841,5,2,0.9745437518290897,Excellent,1,Call,1632.233503072871,EV(call)=INR1632 [P(RPC)=97.45% x 5% x INR336000 x 10% - INR5],15.0,0.0,0.0,87.73333333333333,336000.0,train
AC002192,PH005364,4,1,0.2888963585434174,Fair,2,Call,480.34588235294126,EV(call)=INR480 [P(RPC)=28.89% x 5% x INR336000 x 10% - INR5],13.0,0.0,0.0,17.53846153846154,336000.0,train
AC002192,PH005363,3,0,0.008784313725490198,Poor,3,Call,9.757647058823531,EV(call)=INR10 [P(RPC)=0.88% x 5% x INR336000 x 10% - INR5],2.0,0.0,0.0,0.0,336000.0,train
AC002193,PH005365,3,0,0.9745437518290897,Excellent,1,Call,217.19597541703249,EV(call)=INR217 [P(RPC)=97.45% x 5% x INR45600 x 10% - INR5],6.0,0.0,0.0,141.83333333333334,45600.0,train
AC002193,PH000548,2,1,0.07136253650396328,Poor,2,Call,11.270658322903628,EV(call)=INR11 [P(RPC)=7.14% x 5% x INR45600 x 10% - INR5],12.0,0.0,0.0,69.41666666666667,45600.0,train
AC002193,PH005366,4,2,0.008784313725490198,Poor,3,Suppress,-2.997176470588235,"EV(call)=INR-3, EV(visit)=INR-151 — negative economic yield",-1.0,-1.0,-1.0,-1.0,45600.0,train
AC002194,PH005367,3,0,0.9745437518290897,Excellent,1,Call,221.5814223002634,EV(call)=INR222 [P(RPC)=97.45% x 5% x INR46500 x 10% - INR5],10.0,0.0,0.0,46.7,46500.0,test
AC002194,PH005368,1,1,0.008784313725490198,Poor,2,Suppress,-2.957647058823529,"EV(call)=INR-3, EV(visit)=INR-150 — negative economic yield",-1.0,-1.0,-1.0,-1.0,46500.0,test
AC002195,PH005369,3,0,0.9424911297852473,Excellent,1,Call,160.4071932773109,EV(call)=INR160 [P(RPC)=94.25% x 5% x INR35100 x 10% - INR5],20.0,1.0,0.0,4.85,35100.0,validation
AC002195,PH005370,4,1,0.029643721318314557,Poor,2,Call,0.20247309136420455,EV(call)=INR0 [P(RPC)=2.96% x 5% x INR35100 x 10% - INR5],8.0,1.0,0.0,32.375,35100.0,validation
AC002196,PH005371,3,0,0.008784313725490198,Poor,1,Call,7.210196078431375,EV(call)=INR7 [P(RPC)=0.88% x 5% x INR278000 x 10% - INR5],4.0,0.0,4.0,0.0,278000.0,train
AC002197,PH005372,3,0,0.8491204481792716,Excellent,1,Call,686.1840448179272,EV(call)=INR686 [P(RPC)=84.91% x 5% x INR162800 x 10% - INR5],8.0,0.0,0.0,6.0,162800.0,train
AC002197,PH005373,0,1,0.029643721318314557,Poor,2,Call,19.129989153108053,EV(call)=INR19 [P(RPC)=2.96% x 5% x INR162800 x 10% - INR5],-1.0,-1.0,-1.0,-1.0,162800.0,train
AC002198,PH005374,3,0,0.9745437518290897,Excellent,1,Call,366.54480538484046,EV(call)=INR367 [P(RPC)=97.45% x 5% x INR76250 x 10% - INR5],13.0,0.0,0.0,73.61538461538461,76250.0,train
AC002198,PH005375,4,1,0.029643721318314557,Poor,2,Call,6.301668752607426,EV(call)=INR6 [P(RPC)=2.96% x 5% x INR76250 x 10% - INR5],8.0,1.0,0.0,61.375,76250.0,train
AC002199,PH005376,3,0,0.9891764705882353,Excellent,1,Call,1179.044235294118,EV(call)=INR1179 [P(RPC)=98.92% x 5% x INR239400 x 10% - INR5],29.0,0.0,0.0,47.41379310344828,239400.0,validation
AC002200,PH005377,3,0,0.8197596246351816,Excellent,1,Call,1141.2288951461428,EV(call)=INR1141 [P(RPC)=81.98% x 5% x INR279650 x 10% - INR5],8.0,0.0,0.0,11.75,279650.0,train
AC002200,PH000299,2,1,0.029643721318314557,Poor,2,Suppress,36.44933333333333,Compliance: Verified third-party — contact strictly prohibited,-1.0,-1.0,-1.0,-1.0,279650.0,train
AC002200,PH005378,4,2,0.029643721318314557,Poor,3,Call,36.44933333333333,EV(call)=INR36 [P(RPC)=2.96% x 5% x INR279650 x 10% - INR5],-1.0,-1.0,-1.0,-1.0,279650.0,train
AC002201,PH005379,1,1,0.9424911297852473,Excellent,1,Call,2977.041934640523,EV(call)=INR2977 [P(RPC)=94.25% x 5% x INR632800 x 10% - INR5],11.0,0.0,0.0,5.909090909090909,632800.0,train
AC002201,PH000041,3,0,0.10069607843137254,Poor,2,Call,313.60239215686283,EV(call)=INR314 [P(RPC)=10.07% x 5% x INR632800 x 10% - INR5],10.0,0.0,0.0,51.4,632800.0,train
AC002201,PH005380,4,2,0.07136253650396328,Poor,3,Call,220.79106549853984,EV(call)=INR221 [P(RPC)=7.14% x 5% x INR632800 x 10% - INR5],8.0,0.0,0.0,53.625,632800.0,train
AC002202,PH005382,0,1,0.9891764705882353,Excellent,1,Call,293.48400000000004,EV(call)=INR293 [P(RPC)=98.92% x 5% x INR60350 x 10% - INR5],14.0,0.0,0.0,47.0,60350.0,test
AC002202,PH005383,4,2,0.2888963585434174,Fair,2,Call,82.1744761904762,EV(call)=INR82 [P(RPC)=28.89% x 5% x INR60350 x 10% - INR5],8.0,0.0,0.0,19.875,60350.0,test
AC002202,PH005381,3,0,0.008784313725490198,Poor,3,Suppress,-2.3493333333333326,"EV(call)=INR-2, EV(visit)=INR-135 — negative economic yield",8.0,0.0,0.0,0.0,60350.0,test
AC002203,PH005385,0,1,0.9891764705882353,Excellent,1,Call,2408.5905882352945,EV(call)=INR2409 [P(RPC)=98.92% x 5% x INR488000 x 10% - INR5],20.0,0.0,0.0,49.6,488000.0,test
AC002203,PH000413,2,2,0.029209150326797384,Poor,2,Call,66.27032679738562,EV(call)=INR66 [P(RPC)=2.92% x 5% x INR488000 x 10% - INR5],-1.0,-1.0,-1.0,-1.0,488000.0,test
AC002203,PH005384,3,0,0.008784313725490198,Poor,3,Call,16.433725490196082,EV(call)=INR16 [P(RPC)=0.88% x 5% x INR488000 x 10% - INR5],8.0,1.0,4.0,4.25,488000.0,test
AC002204,PH005816,5,2,0.9745437518290897,Excellent,1,Call,1010.961861281826,EV(call)=INR1011 [P(RPC)=97.45% x 5% x INR208500 x 10% - INR5],13.0,0.0,0.0,78.53846153846153,208500.0,validation
AC002204,PH005386,3,0,0.07136253650396328,Poor,2,Call,69.39544430538173,EV(call)=INR69 [P(RPC)=7.14% x 5% x INR208500 x 10% - INR5],7.0,2.0,0.0,9.571428571428571,208500.0,validation
AC002204,PH000304,2,1,0.008784313725490198,Poor,3,Call,4.157647058823532,EV(call)=INR4 [P(RPC)=0.88% x 5% x INR208500 x 10% - INR5],8.0,1.0,0.0,26.0,208500.0,validation
AC002205,PH005387,3,0,0.8911372549019607,Excellent,1,Call,1537.3358039215689,EV(call)=INR1537 [P(RPC)=89.11% x 5% x INR346150 x 10% - INR5],16.0,0.0,1.0,12.5,346150.0,train
AC002205,PH005389,1,2,0.07136253650396328,Poor,2,Call,118.51071005423447,EV(call)=INR119 [P(RPC)=7.14% x 5% x INR346150 x 10% - INR5],8.0,0.0,0.0,57.0,346150.0,train
AC002205,PH005388,0,1,0.008784313725490198,Poor,3,Suppress,10.20345098039216,Compliance: Verified invalid/wrong phone number,8.0,0.0,8.0,0.0,346150.0,train
AC002206,PH005390,3,0,0.9891764705882353,Excellent,1,Call,1023.2489411764707,EV(call)=INR1023 [P(RPC)=98.92% x 5% x INR207900 x 10% - INR5],21.0,0.0,0.0,51.476190476190474,207900.0,train
AC002207,PH005392,4,1,0.7440784313725489,Excellent,1,Call,1245.0517647058823,EV(call)=INR1245 [P(RPC)=74.41% x 5% x INR336000 x 10% - INR5],2.0,0.0,0.0,15.0,336000.0,validation
AC002207,PH005391,3,0,0.008784313725490198,Poor,2,Call,9.757647058823531,EV(call)=INR10 [P(RPC)=0.88% x 5% x INR336000 x 10% - INR5],8.0,0.0,8.0,0.0,336000.0,validation
AC002208,PH005394,1,1,0.9891764705882353,Excellent,1,Call,405.2609411764706,EV(call)=INR405 [P(RPC)=98.92% x 5% x INR82950 x 10% - INR5],12.0,0.0,0.0,28.583333333333332,82950.0,validation
AC002208,PH005931,5,3,0.07136253650396328,Poor,2,Call,24.597612015018775,EV(call)=INR25 [P(RPC)=7.14% x 5% x INR82950 x 10% - INR5],8.0,0.0,0.0,0.0,82950.0,validation
AC002208,PH000340,2,2,0.029643721318314557,Poor,3,Call,7.294733416770963,EV(call)=INR7 [P(RPC)=2.96% x 5% x INR82950 x 10% - INR5],8.0,0.0,0.0,28.875,82950.0,validation
AC002208,PH005393,3,0,0.008784313725490198,Poor,4,Suppress,-1.3567058823529408,"EV(call)=INR-1, EV(visit)=INR-110 — negative economic yield",9.0,0.0,3.0,0.0,82950.0,validation
AC002209,PH005396,1,1,0.8491204481792716,Excellent,1,Call,140.19959663865546,EV(call)=INR140 [P(RPC)=84.91% x 5% x INR34200 x 10% - INR5],13.0,2.0,2.0,8.461538461538462,34200.0,train
AC002209,PH005397,4,2,0.029643721318314557,Poor,2,Call,0.06907634543178975,EV(call)=INR0 [P(RPC)=2.96% x 5% x INR34200 x 10% - INR5],8.0,0.0,0.0,8.875,34200.0,train
AC002209,PH005395,3,0,0.029209150326797384,Poor,3,Suppress,-0.005235294117646561,"EV(call)=INR-0, EV(visit)=INR-163 — negative economic yield",9.0,0.0,1.0,0.0,34200.0,train
AC002210,PH005398,3,0,0.9745437518290897,Excellent,1,Call,130.94885338015803,EV(call)=INR131 [P(RPC)=97.45% x 5% x INR27900 x 10% - INR5],15.0,0.0,0.0,92.0,27900.0,train
AC002210,PH005399,0,1,0.029643721318314557,Poor,2,Suppress,-0.8647008760951191,"EV(call)=INR-1, EV(visit)=INR-170 — negative economic yield",-1.0,-1.0,-1.0,-1.0,27900.0,train
AC002210,PH005400,1,2,0.029643721318314557,Poor,3,Suppress,-0.8647008760951191,"EV(call)=INR-1, EV(visit)=INR-170 — negative economic yield",-1.0,-1.0,-1.0,-1.0,27900.0,train
AC002211,PH005401,3,0,0.9745437518290897,Excellent,1,Call,1301.8631712028093,EV(call)=INR1302 [P(RPC)=97.45% x 5% x INR268200 x 10% - INR5],15.0,0.0,0.0,43.93333333333333,268200.0,train
AC002211,PH005402,0,1,0.9745437518290897,Excellent,2,Call,1301.8631712028093,EV(call)=INR1302 [P(RPC)=97.45% x 5% x INR268200 x 10% - INR5],17.0,0.0,0.0,23.41176470588235,268200.0,train
AC002211,PH005403,4,2,0.029209150326797384,Poor,3,Call,34.1694705882353,EV(call)=INR34 [P(RPC)=2.92% x 5% x INR268200 x 10% - INR5],5.0,0.0,0.0,0.0,268200.0,train
AC002212,PH005406,4,2,0.2888963585434174,Fair,1,Call,507.6465882352942,EV(call)=INR508 [P(RPC)=28.89% x 5% x INR354900 x 10% - INR5],2.0,0.0,0.0,40.0,354900.0,test
AC002212,PH005405,1,1,0.07136253650396328,Poor,2,Call,121.63282102628284,EV(call)=INR122 [P(RPC)=7.14% x 5% x INR354900 x 10% - INR5],8.0,1.0,0.0,9.75,354900.0,test
AC002212,PH005404,3,0,0.029643721318314557,Poor,3,Call,47.602783479349185,EV(call)=INR48 [P(RPC)=2.96% x 5% x INR354900 x 10% - INR5],2.0,0.0,0.0,0.0,354900.0,test
AC002213,PH005407,3,0,0.9424911297852473,Excellent,1,Call,43.067047619047614,EV(call)=INR43 [P(RPC)=94.25% x 5% x INR10200 x 10% - INR5],4.0,0.0,0.0,8.75,10200.0,train
AC002213,PH005408,4,1,0.008784313725490198,Poor,2,Suppress,-4.552,"EV(call)=INR-5, EV(visit)=INR-189 — negative economic yield",-1.0,-1.0,-1.0,-1.0,10200.0,train
AC002214,PH005409,3,0,0.9424911297852473,Excellent,1,Call,477.3198356676003,EV(call)=INR477 [P(RPC)=94.25% x 5% x INR102350 x 10% - INR5],5.0,0.0,0.0,6.2,102350.0,train
AC002214,PH005410,1,1,0.2888963585434174,Fair,2,Call,142.84271148459388,EV(call)=INR143 [P(RPC)=28.89% x 5% x INR102350 x 10% - INR5],-1.0,-1.0,-1.0,-1.0,102350.0,train
AC002214,PH005411,4,2,0.10069607843137254,Poor,3,Call,46.53121813725491,EV(call)=INR47 [P(RPC)=10.07% x 5% x INR102350 x 10% - INR5],-1.0,-1.0,-1.0,-1.0,102350.0,train
AC002215,PH005412,3,0,0.9745437518290897,Excellent,1,Call,322.4467006145742,EV(call)=INR322 [P(RPC)=97.45% x 5% x INR67200 x 10% - INR5],11.0,0.0,0.0,39.36363636363637,67200.0,validation
AC002215,PH005413,0,1,0.029643721318314557,Poor,2,Call,4.9602903629536925,EV(call)=INR5 [P(RPC)=2.96% x 5% x INR67200 x 10% - INR5],-1.0,-1.0,-1.0,-1.0,67200.0,validation
AC002215,PH005414,4,2,0.029209150326797384,Poor,3,Call,4.814274509803923,EV(call)=INR5 [P(RPC)=2.92% x 5% x INR67200 x 10% - INR5],-1.0,-1.0,-1.0,-1.0,67200.0,validation
AC002216,PH005415,3,0,0.9891764705882353,Excellent,1,Call,2158.8235294117653,EV(call)=INR2159 [P(RPC)=98.92% x 5% x INR437500 x 10% - INR5],25.0,0.0,4.0,45.68,437500.0,train
AC002216,PH000324,2,1,0.9745437518290897,Excellent,2,Call,2126.814457126134,EV(call)=INR2127 [P(RPC)=97.45% x 5% x INR437500 x 10% - INR5],19.0,2.0,0.0,47.68421052631579,437500.0,train
AC002217,PH005416,3,0,0.9745437518290897,Excellent,1,Call,204.77054258121157,EV(call)=INR205 [P(RPC)=97.45% x 5% x INR43050 x 10% - INR5],1.0,0.0,0.0,40.0,43050.0,train
AC002217,PH005417,1,1,0.008784313725490198,Poor,2,Suppress,-3.1091764705882348,"EV(call)=INR-3, EV(visit)=INR-154 — negative economic yield",-1.0,-1.0,-1.0,-1.0,43050.0,train
AC002217,PH000387,2,2,0.008784313725490198,Poor,3,Suppress,-3.1091764705882348,"EV(call)=INR-3, EV(visit)=INR-154 — negative economic yield",-1.0,-1.0,-1.0,-1.0,43050.0,train
AC002217,PH005418,4,3,0.008784313725490198,Poor,4,Suppress,-3.1091764705882348,"EV(call)=INR-3, EV(visit)=INR-154 — negative economic yield",-1.0,-1.0,-1.0,-1.0,43050.0,train
AC002218,PH005419,3,0,0.9745437518290897,Excellent,1,Call,2214.0361229148375,EV(call)=INR2214 [P(RPC)=97.45% x 5% x INR455400 x 10% - INR5],6.0,0.0,0.0,74.66666666666667,455400.0,train
AC002218,PH005420,1,1,0.029209150326797384,Poor,2,Call,61.50923529411766,EV(call)=INR62 [P(RPC)=2.92% x 5% x INR455400 x 10% - INR5],-1.0,-1.0,-1.0,-1.0,455400.0,train
AC002219,PH005421,3,0,0.8257777777777777,Excellent,1,Call,232.82399999999998,EV(call)=INR233 [P(RPC)=82.58% x 5% x INR57600 x 10% - INR5],14.0,0.0,0.0,10.714285714285714,57600.0,test
AC002220,PH005423,1,1,0.9745437518290897,Excellent,1,Call,263.97407550482876,EV(call)=INR264 [P(RPC)=97.45% x 5% x INR55200 x 10% - INR5],20.0,0.0,0.0,67.25,55200.0,validation
AC002220,PH005422,3,0,0.07136253650396328,Poor,2,Call,14.696060075093868,EV(call)=INR15 [P(RPC)=7.14% x 5% x INR55200 x 10% - INR5],17.0,0.0,0.0,0.0,55200.0,validation
AC002221,PH005424,3,0,0.9891764705882353,Excellent,1,Call,2665.776470588236,EV(call)=INR2666 [P(RPC)=98.92% x 5% x INR540000 x 10% - INR5],32.0,0.0,0.0,76.53125,540000.0,validation
AC002221,PH005425,0,1,0.008784313725490198,Poor,2,Call,18.717647058823534,EV(call)=INR19 [P(RPC)=0.88% x 5% x INR540000 x 10% - INR5],-1.0,-1.0,-1.0,-1.0,540000.0,validation
AC002221,PH000566,2,2,0.008784313725490198,Poor,3,Call,18.717647058823534,EV(call)=INR19 [P(RPC)=0.88% x 5% x INR540000 x 10% - INR5],-1.0,-1.0,-1.0,-1.0,540000.0,validation
AC002222,PH005426,3,0,0.8911372549019607,Excellent,1,Call,2284.7771764705885,EV(call)=INR2285 [P(RPC)=89.11% x 5% x INR513900 x 10% - INR5],7.0,0.0,0.0,5.857142857142857,513900.0,train
AC002222,PH005427,1,1,0.008784313725490198,Poor,2,Call,17.571294117647064,EV(call)=INR18 [P(RPC)=0.88% x 5% x INR513900 x 10% - INR5],-1.0,-1.0,-1.0,-1.0,513900.0,train
AC002222,PH005428,4,2,0.008784313725490198,Poor,3,Call,17.571294117647064,EV(call)=INR18 [P(RPC)=0.88% x 5% x INR513900 x 10% - INR5],-1.0,-1.0,-1.0,-1.0,513900.0,train
AC002223,PH005430,0,1,0.9891764705882353,Excellent,1,Call,599.3868235294119,EV(call)=INR599 [P(RPC)=98.92% x 5% x INR122200 x 10% - INR5],11.0,0.0,0.0,92.0909090909091,122200.0,test
AC002223,PH005429,3,0,0.029643721318314557,Poor,2,Call,13.112313725490193,EV(call)=INR13 [P(RPC)=2.96% x 5% x INR122200 x 10% - INR5],8.0,0.0,0.0,0.0,122200.0,test
AC002223,PH005431,4,2,0.029643721318314557,Poor,3,Call,13.112313725490193,EV(call)=INR13 [P(RPC)=2.96% x 5% x INR122200 x 10% - INR5],-1.0,-1.0,-1.0,-1.0,122200.0,test
AC002224,PH005432,3,0,0.9745437518290897,Excellent,1,Call,10310.545613110917,EV(call)=INR10311 [P(RPC)=97.45% x 5% x INR2117000 x 10% - INR5],18.0,0.0,0.0,62.166666666666664,2117000.0,train
AC002224,PH005433,0,1,0.008784313725490198,Poor,2,Call,87.98196078431374,EV(call)=INR88 [P(RPC)=0.88% x 5% x INR2117000 x 10% - INR5],-1.0,-1.0,-1.0,-1.0,2117000.0,train
AC002224,PH005434,4,2,0.008784313725490198,Poor,3,Call,87.98196078431374,EV(call)=INR88 [P(RPC)=0.88% x 5% x INR2117000 x 10% - INR5],-1.0,-1.0,-1.0,-1.0,2117000.0,train
AC002225,PH005435,3,0,0.008784313725490198,Poor,1,Suppress,-0.7747450980392143,"EV(call)=INR-1, EV(visit)=INR-96 — negative economic yield",36.0,0.0,27.0,0.0,96200.0,test
AC002226,PH005436,3,0,0.9891764705882353,Excellent,1,Call,483.1585882352942,EV(call)=INR483 [P(RPC)=98.92% x 5% x INR98700 x 10% - INR5],22.0,0.0,0.0,35.68181818181818,98700.0,train
AC002226,PH005437,4,1,0.008784313725490198,Poor,2,Suppress,-0.6649411764705873,"EV(call)=INR-1, EV(visit)=INR-93 — negative economic yield",-1.0,-1.0,-1.0,-1.0,98700.0,train
AC002227,PH000012,3,0,0.2888963585434174,Fair,1,Call,52.20147899159665,EV(call)=INR52 [P(RPC)=28.89% x 5% x INR39600 x 10% - INR5],10.0,0.0,0.0,11.5,39600.0,train
AC002227,PH005439,4,2,0.10069607843137254,Poor,2,Call,14.93782352941177,EV(call)=INR15 [P(RPC)=10.07% x 5% x INR39600 x 10% - INR5],3.0,0.0,0.0,54.333333333333336,39600.0,train
AC002227,PH005438,1,1,0.008784313725490198,Poor,3,Suppress,-3.2607058823529407,"EV(call)=INR-3, EV(visit)=INR-157 — negative economic yield",2.0,0.0,0.0,0.0,39600.0,train
AC002228,PH005440,3,0,0.9424911297852473,Excellent,1,Call,5423.748907563025,EV(call)=INR5424 [P(RPC)=94.25% x 5% x INR1152000 x 10% - INR5],2.0,0.0,0.0,27.5,1152000.0,train
AC002228,PH005441,1,1,0.008784313725490198,Poor,2,Call,45.59764705882354,EV(call)=INR46 [P(RPC)=0.88% x 5% x INR1152000 x 10% - INR5],-1.0,-1.0,-1.0,-1.0,1152000.0,train
AC002228,PH005442,4,2,0.008784313725490198,Poor,3,Call,45.59764705882354,EV(call)=INR46 [P(RPC)=0.88% x 5% x INR1152000 x 10% - INR5],-1.0,-1.0,-1.0,-1.0,1152000.0,train
AC002229,PH005444,0,1,0.9891764705882353,Excellent,1,Call,209.65129411764713,EV(call)=INR210 [P(RPC)=98.92% x 5% x INR43400 x 10% - INR5],13.0,0.0,0.0,25.615384615384617,43400.0,test
AC002229,PH005445,1,2,0.029643721318314557,Poor,2,Call,1.4326875260742602,EV(call)=INR1 [P(RPC)=2.96% x 5% x INR43400 x 10% - INR5],-1.0,-1.0,-1.0,-1.0,43400.0,test
AC002229,PH005443,3,0,0.008784313725490198,Poor,3,Suppress,-3.093803921568627,"EV(call)=INR-3, EV(visit)=INR-153 — negative economic yield",8.0,0.0,2.0,0.0,43400.0,test
AC002230,PH005446,3,0,0.9745437518290897,Excellent,1,Call,451.08647585601403,EV(call)=INR451 [P(RPC)=97.45% x 5% x INR93600 x 10% - INR5],21.0,0.0,0.0,62.476190476190474,93600.0,train
AC002230,PH005447,4,1,0.008784313725490198,Poor,2,Suppress,-0.8889411764705875,"EV(call)=INR-1, EV(visit)=INR-99 — negative economic yield",-1.0,-1.0,-1.0,-1.0,93600.0,train
AC002231,PH005449,0,1,0.9424911297852473,Excellent,1,Call,2410.604765639589,EV(call)=INR2411 [P(RPC)=94.25% x 5% x INR512600 x 10% - INR5],14.0,0.0,0.0,10.428571428571429,512600.0,train
AC002231,PH005448,3,0,0.8257777777777777,Excellent,2,Call,2111.4684444444442,EV(call)=INR2111 [P(RPC)=82.58% x 5% x INR512600 x 10% - INR5],15.0,2.0,0.0,37.13333333333333,512600.0,train
AC002232,PH005450,3,0,0.9424911297852473,Excellent,1,Call,352.67538375350136,EV(call)=INR353 [P(RPC)=94.25% x 5% x INR75900 x 10% - INR5],2.0,0.0,0.0,14.0,75900.0,train
AC002233,PH005451,3,0,0.9891764705882353,Excellent,1,Call,469.80470588235306,EV(call)=INR470 [P(RPC)=98.92% x 5% x INR96000 x 10% - INR5],9.0,0.0,0.0,21.11111111111111,96000.0,train
AC002233,PH005452,0,1,0.9891764705882353,Excellent,2,Call,469.80470588235306,EV(call)=INR470 [P(RPC)=98.92% x 5% x INR96000 x 10% - INR5],33.0,0.0,0.0,52.03030303030303,96000.0,train
AC002234,PH005893,5,2,0.9745437518290897,Excellent,1,Call,532.9481510096575,EV(call)=INR533 [P(RPC)=97.45% x 5% x INR110400 x 10% - INR5],13.0,0.0,0.0,70.84615384615384,110400.0,train
AC002234,PH005454,4,1,0.10069607843137254,Poor,2,Call,50.584235294117654,EV(call)=INR51 [P(RPC)=10.07% x 5% x INR110400 x 10% - INR5],7.0,0.0,0.0,51.857142857142854,110400.0,train
AC002234,PH005453,3,0,0.008784313725490198,Poor,3,Suppress,-0.1510588235294108,"EV(call)=INR-0, EV(visit)=INR-81 — negative economic yield",8.0,0.0,8.0,0.0,110400.0,train
AC002235,PH005455,3,0,0.9745437518290897,Excellent,1,Call,376.53387884108867,EV(call)=INR377 [P(RPC)=97.45% x 5% x INR78300 x 10% - INR5],10.0,0.0,0.0,79.8,78300.0,train
AC002235,PH005456,4,1,0.008784313725490198,Poor,2,Suppress,-1.5609411764705872,"EV(call)=INR-2, EV(visit)=INR-115 — negative economic yield",-1.0,-1.0,-1.0,-1.0,78300.0,train
AC002236,PH005457,3,0,0.008784313725490198,Poor,1,Call,10.956705882352944,EV(call)=INR11 [P(RPC)=0.88% x 5% x INR363300 x 10% - INR5],28.0,2.0,17.0,1.0357142857142858,363300.0,train
AC002237,PH005459,0,1,0.07136253650396328,Poor,1,Call,31.894431372549022,EV(call)=INR32 [P(RPC)=7.14% x 5% x INR103400 x 10% - INR5],-1.0,-1.0,-1.0,-1.0,103400.0,train
AC002237,PH005458,3,0,0.029643721318314557,Poor,2,Call,10.325803921568628,EV(call)=INR10 [P(RPC)=2.96% x 5% x INR103400 x 10% - INR5],2.0,1.0,0.0,3.5,103400.0,train
AC002237,PH005460,1,2,0.029643721318314557,Poor,3,Call,10.325803921568628,EV(call)=INR10 [P(RPC)=2.96% x 5% x INR103400 x 10% - INR5],-1.0,-1.0,-1.0,-1.0,103400.0,train
AC002237,PH005461,4,3,0.029643721318314557,Poor,4,Call,10.325803921568628,EV(call)=INR10 [P(RPC)=2.96% x 5% x INR103400 x 10% - INR5],-1.0,-1.0,-1.0,-1.0,103400.0,train
AC002238,PH005462,3,0,0.029643721318314557,Poor,1,Call,10.770459741343345,EV(call)=INR11 [P(RPC)=2.96% x 5% x INR106400 x 10% - INR5],6.0,2.0,0.0,11.333333333333334,106400.0,train
AC002239,PH005463,3,0,0.9745437518290897,Excellent,1,Call,1533.3173122622184,EV(call)=INR1533 [P(RPC)=97.45% x 5% x INR315700 x 10% - INR5],33.0,0.0,0.0,89.84848484848484,315700.0,train
AC002239,PH005464,0,1,0.008784313725490198,Poor,2,Call,8.866039215686278,EV(call)=INR9 [P(RPC)=0.88% x 5% x INR315700 x 10% - INR5],-1.0,-1.0,-1.0,-1.0,315700.0,train
AC002239,PH005465,1,2,0.008784313725490198,Poor,3,Call,8.866039215686278,EV(call)=INR9 [P(RPC)=0.88% x 5% x INR315700 x 10% - INR5],-1.0,-1.0,-1.0,-1.0,315700.0,train
AC002239,PH005466,4,3,0.008784313725490198,Poor,4,Call,8.866039215686278,EV(call)=INR9 [P(RPC)=0.88% x 5% x INR315700 x 10% - INR5],-1.0,-1.0,-1.0,-1.0,315700.0,train
AC002240,PH005467,3,0,0.9745437518290897,Excellent,1,Call,702.5187638279192,EV(call)=INR703 [P(RPC)=97.45% x 5% x INR145200 x 10% - INR5],17.0,0.0,0.0,39.88235294117647,145200.0,test
AC002240,PH005895,5,3,0.029643721318314557,Poor,2,Call,16.52134167709637,EV(call)=INR17 [P(RPC)=2.96% x 5% x INR145200 x 10% - INR5],8.0,0.0,0.0,0.0,145200.0,test
AC002240,PH005468,1,1,0.008784313725490198,Poor,3,Call,1.377411764705884,EV(call)=INR1 [P(RPC)=0.88% x 5% x INR145200 x 10% - INR5],8.0,0.0,7.0,0.0,145200.0,test
AC002240,PH005469,4,2,0.008784313725490198,Poor,4,Call,1.377411764705884,EV(call)=INR1 [P(RPC)=0.88% x 5% x INR145200 x 10% - INR5],8.0,0.0,0.0,35.25,145200.0,test
AC002241,PH005470,3,0,0.9745437518290897,Excellent,1,Call,162.62152531460345,EV(call)=INR163 [P(RPC)=97.45% x 5% x INR34400 x 10% - INR5],10.0,0.0,0.0,42.1,34400.0,train
AC002242,PH005471,3,0,0.9745437518290897,Excellent,1,Call,819.4640140474099,EV(call)=INR819 [P(RPC)=97.45% x 5% x INR169200 x 10% - INR5],16.0,0.0,0.0,68.0,169200.0,test
AC002243,PH005472,3,0,0.7440784313725489,Excellent,1,Call,321.46441176470586,EV(call)=INR321 [P(RPC)=74.41% x 5% x INR87750 x 10% - INR5],11.0,0.0,6.0,2.5454545454545454,87750.0,test
AC002243,PH005473,4,1,0.029643721318314557,Poor,2,Call,8.006182728410515,EV(call)=INR8 [P(RPC)=2.96% x 5% x INR87750 x 10% - INR5],8.0,0.0,0.0,28.75,87750.0,test
AC002244,PH005475,0,1,0.9891764705882353,Excellent,1,Call,81.5529411764706,EV(call)=INR82 [P(RPC)=98.92% x 5% x INR17500 x 10% - INR5],25.0,0.0,0.0,59.72,17500.0,train
AC002244,PH005474,3,0,0.008784313725490198,Poor,2,Suppress,-4.231372549019608,"EV(call)=INR-4, EV(visit)=INR-181 — negative economic yield",8.0,0.0,0.0,0.0,17500.0,train
AC002244,PH005476,4,2,0.008784313725490198,Poor,3,Suppress,-4.231372549019608,"EV(call)=INR-4, EV(visit)=INR-181 — negative economic yield",-1.0,-1.0,-1.0,-1.0,17500.0,train
AC002245,PH005477,3,0,0.9745437518290897,Excellent,1,Call,1326.2267649985367,EV(call)=INR1326 [P(RPC)=97.45% x 5% x INR273200 x 10% - INR5],2.0,0.0,0.0,256.0,273200.0,train
AC002246,PH005478,3,0,0.9424911297852473,Excellent,1,Call,181.613243697479,EV(call)=INR182 [P(RPC)=94.25% x 5% x INR39600 x 10% - INR5],1.0,0.0,0.0,50.0,39600.0,train
AC002246,PH005479,0,1,0.029643721318314557,Poor,2,Call,0.869456821026283,EV(call)=INR1 [P(RPC)=2.96% x 5% x INR39600 x 10% - INR5],-1.0,-1.0,-1.0,-1.0,39600.0,train
AC002246,PH005480,4,2,0.029209150326797384,Poor,3,Call,0.7834117647058827,EV(call)=INR1 [P(RPC)=2.92% x 5% x INR39600 x 10% - INR5],-1.0,-1.0,-1.0,-1.0,39600.0,train
AC002247,PH005481,3,0,0.9424911297852473,Excellent,1,Call,265.49495424836596,EV(call)=INR265 [P(RPC)=94.25% x 5% x INR57400 x 10% - INR5],5.0,0.0,0.0,20.0,57400.0,train
AC002247,PH005482,0,1,0.008784313725490198,Poor,2,Suppress,-2.478901960784313,"EV(call)=INR-2, EV(visit)=INR-138 — negative economic yield",-1.0,-1.0,-1.0,-1.0,57400.0,train
AC002248,PH005484,0,1,0.029209150326797384,Poor,1,Suppress,-2.1521078431372547,"EV(call)=INR-2, EV(visit)=INR-179 — negative economic yield",15.0,0.0,0.0,0.0,19500.0,train
AC002248,PH005483,3,0,0.008784313725490198,Poor,2,Suppress,-4.143529411764706,"EV(call)=INR-4, EV(visit)=INR-179 — negative economic yield",16.0,0.0,3.0,0.0,19500.0,train
AC002249,PH005486,0,1,0.9745437518290897,Excellent,1,Call,111.94525021949079,EV(call)=INR112 [P(RPC)=97.45% x 5% x INR24000 x 10% - INR5],6.0,0.0,0.0,62.0,24000.0,train
AC002249,PH005485,3,0,0.008784313725490198,Poor,2,Suppress,-3.945882352941176,"EV(call)=INR-4, EV(visit)=INR-174 — negative economic yield",8.0,0.0,6.0,0.0,24000.0,train
AC002249,PH005487,4,2,0.008784313725490198,Poor,3,Suppress,-3.945882352941176,"EV(call)=INR-4, EV(visit)=INR-174 — negative economic yield",-1.0,-1.0,-1.0,-1.0,24000.0,train
AC002250,PH005488,3,0,0.9424911297852473,Excellent,1,Call,437.97083099906627,EV(call)=INR438 [P(RPC)=94.25% x 5% x INR94000 x 10% - INR5],12.0,0.0,4.0,5.333333333333333,94000.0,train
AC002250,PH005489,1,1,0.029209150326797384,Poor,2,Call,8.728300653594772,EV(call)=INR9 [P(RPC)=2.92% x 5% x INR94000 x 10% - INR5],-1.0,-1.0,-1.0,-1.0,94000.0,train
AC002250,PH005490,4,2,0.008784313725490198,Poor,3,Suppress,-0.8713725490196067,"EV(call)=INR-1, EV(visit)=INR-98 — negative economic yield",-1.0,-1.0,-1.0,-1.0,94000.0,train
AC002251,PH005491,3,0,0.9745437518290897,Excellent,1,Call,863.5621188176764,EV(call)=INR864 [P(RPC)=97.45% x 5% x INR178250 x 10% - INR5],22.0,0.0,0.0,56.13636363636363,178250.0,validation
AC002251,PH005493,1,2,0.07136253650396328,Poor,2,Call,58.601860659157275,EV(call)=INR59 [P(RPC)=7.14% x 5% x INR178250 x 10% - INR5],-1.0,-1.0,-1.0,-1.0,178250.0,validation
AC002251,PH005492,0,1,0.029643721318314557,Poor,3,Call,21.419966624947847,EV(call)=INR21 [P(RPC)=2.96% x 5% x INR178250 x 10% - INR5],-1.0,-1.0,-1.0,-1.0,178250.0,validation
AC002251,PH000587,2,3,0.029643721318314557,Poor,4,Call,21.419966624947847,EV(call)=INR21 [P(RPC)=2.96% x 5% x INR178250 x 10% - INR5],-1.0,-1.0,-1.0,-1.0,178250.0,validation
AC002251,PH005494,4,4,0.029643721318314557,Poor,5,Call,21.419966624947847,EV(call)=INR21 [P(RPC)=2.96% x 5% x INR178250 x 10% - INR5],-1.0,-1.0,-1.0,-1.0,178250.0,validation
AC002252,PH005496,0,1,0.9891764705882353,Excellent,1,Call,106.2823529411765,EV(call)=INR106 [P(RPC)=98.92% x 5% x INR22500 x 10% - INR5],21.0,0.0,0.0,7.619047619047619,22500.0,train
AC002252,PH005495,3,0,0.029643721318314557,Poor,2,Suppress,-1.665081351689612,"EV(call)=INR-2, EV(visit)=INR-176 — negative economic yield",13.0,2.0,6.0,3.3846153846153846,22500.0,train
AC002253,PH005497,3,0,0.9891764705882353,Excellent,1,Call,142.8818823529412,EV(call)=INR143 [P(RPC)=98.92% x 5% x INR29900 x 10% - INR5],23.0,0.0,1.0,56.82608695652174,29900.0,train
AC002253,PH005498,4,1,0.07136253650396328,Poor,2,Call,5.668699207342511,EV(call)=INR6 [P(RPC)=7.14% x 5% x INR29900 x 10% - INR5],8.0,0.0,0.0,31.625,29900.0,train
AC002254,PH005499,3,0,0.9891764705882353,Excellent,1,Call,1214.1600000000003,EV(call)=INR1214 [P(RPC)=98.92% x 5% x INR246500 x 10% - INR5],16.0,0.0,0.0,37.875,246500.0,train
AC002254,PH005500,0,1,0.9424911297852473,Excellent,2,Call,1156.6203174603174,EV(call)=INR1157 [P(RPC)=94.25% x 5% x INR246500 x 10% - INR5],10.0,0.0,0.0,5.4,246500.0,train
AC002255,PH005501,3,0,0.9891764705882353,Excellent,1,Call,1113.2640000000001,EV(call)=INR1113 [P(RPC)=98.92% x 5% x INR226100 x 10% - INR5],27.0,0.0,2.0,15.481481481481481,226100.0,train
AC002255,PH005502,1,1,0.029209150326797384,Poor,2,Suppress,28.020944444444446,Compliance: Verified invalid/wrong phone number,4.0,2.0,0.0,7.5,226100.0,train
AC002256,PH005503,3,0,0.9891764705882353,Excellent,1,Call,220.53223529411767,EV(call)=INR221 [P(RPC)=98.92% x 5% x INR45600 x 10% - INR5],24.0,1.0,0.0,47.541666666666664,45600.0,train
AC002257,PH005505,0,1,0.9891764705882353,Excellent,1,Call,2040.616941176471,EV(call)=INR2041 [P(RPC)=98.92% x 5% x INR413600 x 10% - INR5],18.0,1.0,0.0,20.944444444444443,413600.0,validation
AC002257,PH005504,3,0,0.07136253650396328,Poor,2,Call,142.5777254901961,EV(call)=INR143 [P(RPC)=7.14% x 5% x INR413600 x 10% - INR5],13.0,0.0,0.0,0.0,413600.0,validation
AC002258,PH005506,3,0,0.9891764705882353,Excellent,1,Call,2264.6654117647063,EV(call)=INR2265 [P(RPC)=98.92% x 5% x INR458900 x 10% - INR5],25.0,0.0,0.0,49.8,458900.0,train
AC002258,PH005507,0,1,0.029643721318314557,Poor,2,Call,63.01751856487276,EV(call)=INR63 [P(RPC)=2.96% x 5% x INR458900 x 10% - INR5],-1.0,-1.0,-1.0,-1.0,458900.0,train
AC002259,PH005509,0,1,0.9745437518290897,Excellent,1,Call,310.7521755926251,EV(call)=INR311 [P(RPC)=97.45% x 5% x INR64800 x 10% - INR5],3.0,0.0,0.0,27.0,64800.0,train
AC002259,PH005508,3,0,0.008784313725490198,Poor,2,Suppress,-2.1538823529411757,"EV(call)=INR-2, EV(visit)=INR-130 — negative economic yield",2.0,2.0,0.0,14.0,64800.0,train
AC002259,PH005510,4,2,0.008784313725490198,Poor,3,Suppress,-2.1538823529411757,"EV(call)=INR-2, EV(visit)=INR-130 — negative economic yield",-1.0,-1.0,-1.0,-1.0,64800.0,train
AC002260,PH005511,3,0,0.9745437518290897,Excellent,1,Call,364.5957178811823,EV(call)=INR365 [P(RPC)=97.45% x 5% x INR75850 x 10% - INR5],17.0,0.0,0.0,12.941176470588236,75850.0,train
AC002260,PH005512,0,1,0.029643721318314557,Poor,2,Call,6.242381309970796,EV(call)=INR6 [P(RPC)=2.96% x 5% x INR75850 x 10% - INR5],5.0,0.0,0.0,0.0,75850.0,train
AC002260,PH005513,4,2,0.008784313725490198,Poor,3,Suppress,-1.6685490196078425,"EV(call)=INR-2, EV(visit)=INR-118 — negative economic yield",-1.0,-1.0,-1.0,-1.0,75850.0,train
AC002261,PH005515,4,1,0.9745437518290897,Excellent,1,Call,1002.6782393912789,EV(call)=INR1003 [P(RPC)=97.45% x 5% x INR206800 x 10% - INR5],17.0,0.0,11.0,38.705882352941174,206800.0,train
AC002261,PH005514,3,0,0.8911372549019607,Excellent,2,Call,916.4359215686275,EV(call)=INR916 [P(RPC)=89.11% x 5% x INR206800 x 10% - INR5],7.0,0.0,0.0,7.0,206800.0,train
AC002262,PH005516,3,0,0.9745437518290897,Excellent,1,Call,2146.79260403863,EV(call)=INR2147 [P(RPC)=97.45% x 5% x INR441600 x 10% - INR5],9.0,1.0,0.0,35.77777777777778,441600.0,train
AC002262,PH005518,4,2,0.8257777777777777,Excellent,2,Call,1818.3173333333334,EV(call)=INR1818 [P(RPC)=82.58% x 5% x INR441600 x 10% - INR5],2.0,0.0,0.0,44.0,441600.0,train
AC002262,PH005517,0,1,0.008784313725490198,Poor,3,Call,14.395764705882357,EV(call)=INR14 [P(RPC)=0.88% x 5% x INR441600 x 10% - INR5],8.0,0.0,4.0,0.0,441600.0,train
AC002263,PH005519,3,0,0.9745437518290897,Excellent,1,Call,1126.4452958735733,EV(call)=INR1126 [P(RPC)=97.45% x 5% x INR232200 x 10% - INR5],16.0,0.0,0.0,77.6875,232200.0,train
AC002263,PH005520,0,1,0.029643721318314557,Poor,2,Call,29.416360450563204,EV(call)=INR29 [P(RPC)=2.96% x 5% x INR232200 x 10% - INR5],-1.0,-1.0,-1.0,-1.0,232200.0,train
AC002263,PH005521,1,2,0.029643721318314557,Poor,3,Call,29.416360450563204,EV(call)=INR29 [P(RPC)=2.96% x 5% x INR232200 x 10% - INR5],-1.0,-1.0,-1.0,-1.0,232200.0,train
AC002263,PH000434,2,3,0.029643721318314557,Poor,4,Call,29.416360450563204,EV(call)=INR29 [P(RPC)=2.96% x 5% x INR232200 x 10% - INR5],-1.0,-1.0,-1.0,-1.0,232200.0,train
AC002263,PH005522,4,4,0.029209150326797384,Poor,5,Call,28.91182352941177,EV(call)=INR29 [P(RPC)=2.92% x 5% x INR232200 x 10% - INR5],-1.0,-1.0,-1.0,-1.0,232200.0,train
AC002264,PH005523,3,0,0.029643721318314557,Poor,1,Call,14.94281351689612,EV(call)=INR15 [P(RPC)=2.96% x 5% x INR134550 x 10% - INR5],13.0,0.0,0.0,0.0,134550.0,train
AC002264,PH005524,0,1,0.029643721318314557,Poor,2,Call,14.94281351689612,EV(call)=INR15 [P(RPC)=2.96% x 5% x INR134550 x 10% - INR5],8.0,0.0,0.0,0.0,134550.0,train
AC002264,PH005525,4,2,0.029643721318314557,Poor,3,Call,14.94281351689612,EV(call)=INR15 [P(RPC)=2.96% x 5% x INR134550 x 10% - INR5],8.0,0.0,0.0,46.5,134550.0,train
AC002265,PH005526,3,0,0.9745437518290897,Excellent,1,Call,817.2712906057945,EV(call)=INR817 [P(RPC)=97.45% x 5% x INR168750 x 10% - INR5],18.0,0.0,0.0,44.72222222222222,168750.0,train
AC002265,PH005527,0,1,0.9745437518290897,Excellent,2,Call,817.2712906057945,EV(call)=INR817 [P(RPC)=97.45% x 5% x INR168750 x 10% - INR5],15.0,0.0,0.0,89.66666666666667,168750.0,train
AC002266,PH005528,3,0,0.9891764705882353,Excellent,1,Call,26.159058823529417,EV(call)=INR26 [P(RPC)=98.92% x 5% x INR6300 x 10% - INR5],3.0,0.0,0.0,117.66666666666667,6300.0,train
AC002266,PH005529,0,1,0.008784313725490198,Poor,2,Suppress,-4.723294117647058,"EV(call)=INR-5, EV(visit)=INR-193 — negative economic yield",-1.0,-1.0,-1.0,-1.0,6300.0,train
AC002267,PH005530,3,0,0.9745437518290897,Excellent,1,Call,135.09066432543167,EV(call)=INR135 [P(RPC)=97.45% x 5% x INR28750 x 10% - INR5],12.0,0.0,0.0,82.91666666666667,28750.0,test
AC002268,PH005531,3,0,0.9745437518290897,Excellent,1,Call,250.81773485513605,EV(call)=INR251 [P(RPC)=97.45% x 5% x INR52500 x 10% - INR5],18.0,0.0,1.0,11.722222222222221,52500.0,train
AC002268,PH005532,4,1,0.2888963585434174,Fair,2,Call,70.83529411764708,EV(call)=INR71 [P(RPC)=28.89% x 5% x INR52500 x 10% - INR5],12.0,0.0,0.0,16.416666666666668,52500.0,train
AC002269,PH005536,4,3,0.9424911297852473,Excellent,1,Call,228.26655462184874,EV(call)=INR228 [P(RPC)=94.25% x 5% x INR49500 x 10% - INR5],12.0,1.0,0.0,39.5,49500.0,train
AC002269,PH005535,1,2,0.4789017573525047,Good,2,Call,113.52818494474491,EV(call)=INR114 [P(RPC)=47.89% x 5% x INR49500 x 10% - INR5],8.0,2.0,0.0,7.875,49500.0,train
AC002269,PH005533,3,0,0.07136253650396328,Poor,3,Call,12.662227784730913,EV(call)=INR13 [P(RPC)=7.14% x 5% x INR49500 x 10% - INR5],8.0,1.0,0.0,1.625,49500.0,train
AC002269,PH005534,0,1,0.008784313725490198,Poor,4,Suppress,-2.825882352941176,"EV(call)=INR-3, EV(visit)=INR-147 — negative economic yield",8.0,0.0,4.0,0.0,49500.0,train
AC002270,PH005537,3,0,0.9424911297852473,Excellent,1,Call,2076.020414565826,EV(call)=INR2076 [P(RPC)=94.25% x 5% x INR441600 x 10% - INR5],6.0,0.0,0.0,13.0,441600.0,train
AC002271,PH005538,3,0,0.9745437518290897,Excellent,1,Call,131.67976119402985,EV(call)=INR132 [P(RPC)=97.45% x 5% x INR28050 x 10% - INR5],4.0,0.0,0.0,75.75,28050.0,train
AC002271,PH005539,1,1,0.008784313725490198,Poor,2,Suppress,-3.768,"EV(call)=INR-4, EV(visit)=INR-170 — negative economic yield",-1.0,-1.0,-1.0,-1.0,28050.0,train
AC002271,PH005540,4,2,0.008784313725490198,Poor,3,Suppress,-3.768,"EV(call)=INR-4, EV(visit)=INR-170 — negative economic yield",-1.0,-1.0,-1.0,-1.0,28050.0,train
AC002272,PH005919,5,1,0.7440784313725489,Excellent,1,Call,1276.3030588235292,EV(call)=INR1276 [P(RPC)=74.41% x 5% x INR344400 x 10% - INR5],5.0,0.0,0.0,0.0,344400.0,train
AC002272,PH005541,3,0,0.029209150326797384,Poor,2,Call,45.2981568627451,EV(call)=INR45 [P(RPC)=2.92% x 5% x INR344400 x 10% - INR5],15.0,2.0,12.0,3.066666666666667,344400.0,train
AC002273,PH005542,3,0,0.9891764705882353,Excellent,1,Call,226.22000000000003,EV(call)=INR226 [P(RPC)=98.92% x 5% x INR46750 x 10% - INR5],30.0,0.0,0.0,31.466666666666665,46750.0,train
AC002274,PH005543,3,0,0.9891764705882353,Excellent,1,Call,232.64964705882358,EV(call)=INR233 [P(RPC)=98.92% x 5% x INR48050 x 10% - INR5],21.0,0.0,0.0,39.523809523809526,48050.0,train
AC002274,PH005544,1,1,0.008784313725490198,Poor,2,Suppress,-2.8895686274509798,"EV(call)=INR-3, EV(visit)=INR-148 — negative economic yield",-1.0,-1.0,-1.0,-1.0,48050.0,train
AC002274,PH005545,4,2,0.008784313725490198,Poor,3,Suppress,-2.8895686274509798,"EV(call)=INR-3, EV(visit)=INR-148 — negative economic yield",-1.0,-1.0,-1.0,-1.0,48050.0,train
AC002275,PH005546,3,0,0.9424911297852473,Excellent,1,Call,230.38715966386553,EV(call)=INR230 [P(RPC)=94.25% x 5% x INR49950 x 10% - INR5],22.0,0.0,0.0,18.727272727272727,49950.0,train
AC002276,PH005547,3,0,0.8911372549019607,Excellent,1,Call,103.27317647058824,EV(call)=INR103 [P(RPC)=89.11% x 5% x INR24300 x 10% - INR5],14.0,0.0,0.0,7.428571428571429,24300.0,validation
AC002276,PH005549,4,2,0.10069607843137254,Poor,2,Call,7.234573529411767,EV(call)=INR7 [P(RPC)=10.07% x 5% x INR24300 x 10% - INR5],8.0,1.0,0.0,32.625,24300.0,validation
AC002276,PH005548,1,1,0.008784313725490198,Poor,3,Suppress,-3.932705882352941,"EV(call)=INR-4, EV(visit)=INR-174 — negative economic yield",8.0,0.0,0.0,0.0,24300.0,validation
AC002277,PH005551,4,1,0.9424911297852473,Excellent,1,Call,293.06281979458447,EV(call)=INR293 [P(RPC)=94.25% x 5% x INR63250 x 10% - INR5],21.0,1.0,0.0,29.428571428571427,63250.0,train
AC002277,PH005550,3,0,0.008784313725490198,Poor,2,Suppress,-2.221960784313725,"EV(call)=INR-2, EV(visit)=INR-132 — negative economic yield",8.0,0.0,4.0,0.0,63250.0,train
AC002278,PH005553,4,1,0.9891764705882353,Excellent,1,Call,505.41505882352953,EV(call)=INR505 [P(RPC)=98.92% x 5% x INR103200 x 10% - INR5],24.0,1.0,0.0,35.291666666666664,103200.0,test
AC002278,PH005552,3,0,0.029643721318314557,Poor,2,Call,10.296160200250313,EV(call)=INR10 [P(RPC)=2.96% x 5% x INR103200 x 10% - INR5],4.0,2.0,0.0,7.25,103200.0,test
AC002279,PH005554,3,0,0.9891764705882353,Excellent,1,Call,765.5684705882354,EV(call)=INR766 [P(RPC)=98.92% x 5% x INR155800 x 10% - INR5],21.0,0.0,0.0,22.761904761904763,155800.0,train
AC002279,PH005555,0,1,0.029643721318314557,Poor,2,Call,18.09245890696704,EV(call)=INR18 [P(RPC)=2.96% x 5% x INR155800 x 10% - INR5],-1.0,-1.0,-1.0,-1.0,155800.0,train
AC002280,PH005556,3,0,0.9745437518290897,Excellent,1,Call,2379.95219666374,EV(call)=INR2380 [P(RPC)=97.45% x 5% x INR489450 x 10% - INR5],18.0,0.0,0.0,68.88888888888889,489450.0,train
AC002280,PH005557,4,1,0.7440784313725489,Excellent,2,Call,1815.9459411764703,EV(call)=INR1816 [P(RPC)=74.41% x 5% x INR489450 x 10% - INR5],16.0,0.0,0.0,35.3125,489450.0,train
AC002281,PH005558,3,0,0.9745437518290897,Excellent,1,Call,524.420893181153,EV(call)=INR524 [P(RPC)=97.45% x 5% x INR108650 x 10% - INR5],7.0,0.0,0.0,76.57142857142857,108650.0,train
AC002281,PH005560,4,2,0.029209150326797384,Poor,2,Call,10.86787091503268,EV(call)=INR11 [P(RPC)=2.92% x 5% x INR108650 x 10% - INR5],-1.0,-1.0,-1.0,-1.0,108650.0,train
AC002281,PH005559,1,1,0.008784313725490198,Poor,3,Suppress,-0.2279215686274494,"EV(call)=INR-0, EV(visit)=INR-83 — negative economic yield",-1.0,-1.0,-1.0,-1.0,108650.0,train
AC002282,PH005561,3,0,0.9891764705882353,Excellent,1,Call,264.05600000000004,EV(call)=INR264 [P(RPC)=98.92% x 5% x INR54400 x 10% - INR5],23.0,0.0,0.0,29.73913043478261,54400.0,train
AC002282,PH005562,4,1,0.10069607843137254,Poor,2,Call,22.38933333333334,EV(call)=INR22 [P(RPC)=10.07% x 5% x INR54400 x 10% - INR5],8.0,1.0,0.0,16.625,54400.0,train
AC002283,PH005564,4,1,0.9745437518290897,Excellent,1,Call,113.89433772314895,EV(call)=INR114 [P(RPC)=97.45% x 5% x INR24400 x 10% - INR5],25.0,0.0,0.0,52.24,24400.0,validation
AC002283,PH005563,3,0,0.029209150326797384,Poor,2,Suppress,-1.436483660130719,"EV(call)=INR-1, EV(visit)=INR-174 — negative economic yield",16.0,0.0,8.0,0.0,24400.0,validation
AC002284,PH005565,3,0,0.9745437518290897,Excellent,1,Call,4277.632517412935,EV(call)=INR4278 [P(RPC)=97.45% x 5% x INR878900 x 10% - INR5],6.0,0.0,0.0,62.833333333333336,878900.0,train
AC002284,PH005566,4,1,0.008784313725490198,Poor,2,Call,33.60266666666668,EV(call)=INR34 [P(RPC)=0.88% x 5% x INR878900 x 10% - INR5],-1.0,-1.0,-1.0,-1.0,878900.0,train
AC002285,PH000117,3,0,0.9424911297852473,Excellent,1,Call,1154.2640896358541,EV(call)=INR1154 [P(RPC)=94.25% x 5% x INR246000 x 10% - INR5],25.0,2.0,0.0,33.72,246000.0,train
AC002285,PH005852,5,1,0.2888963585434174,Fair,2,Call,350.3425210084034,EV(call)=INR350 [P(RPC)=28.89% x 5% x INR246000 x 10% - INR5],15.0,0.0,0.0,5.866666666666666,246000.0,train
AC002286,PH005567,3,0,0.9891764705882353,Excellent,1,Call,280.872,EV(call)=INR281 [P(RPC)=98.92% x 5% x INR57800 x 10% - INR5],50.0,0.0,0.0,14.86,57800.0,train
AC002287,PH005569,0,1,0.9745437518290897,Excellent,1,Call,166.03242844600527,EV(call)=INR166 [P(RPC)=97.45% x 5% x INR35100 x 10% - INR5],8.0,0.0,0.0,126.875,35100.0,validation
AC002287,PH005568,3,0,0.9424911297852473,Excellent,2,Call,160.4071932773109,EV(call)=INR160 [P(RPC)=94.25% x 5% x INR35100 x 10% - INR5],7.0,0.0,0.0,21.571428571428573,35100.0,validation
AC002287,PH000546,2,2,0.9424911297852473,Excellent,3,Call,160.4071932773109,EV(call)=INR160 [P(RPC)=94.25% x 5% x INR35100 x 10% - INR5],39.0,2.0,0.0,49.41025641025641,35100.0,validation
AC002288,PH005570,3,0,0.9891764705882353,Excellent,1,Call,450.02117647058833,EV(call)=INR450 [P(RPC)=98.92% x 5% x INR92000 x 10% - INR5],29.0,1.0,0.0,31.413793103448278,92000.0,train
AC002288,PH005571,0,1,0.029643721318314557,Poor,2,Call,8.636111806424697,EV(call)=INR9 [P(RPC)=2.96% x 5% x INR92000 x 10% - INR5],8.0,1.0,0.0,2.0,92000.0,train
AC002289,PH000391,2,2,0.07136253650396328,Poor,1,Call,26.93473508552357,EV(call)=INR27 [P(RPC)=7.14% x 5% x INR89500 x 10% - INR5],5.0,0.0,0.0,85.2,89500.0,train
AC002289,PH005572,3,0,0.008784313725490198,Poor,2,Suppress,-1.0690196078431362,"EV(call)=INR-1, EV(visit)=INR-103 — negative economic yield",5.0,0.0,3.0,0.0,89500.0,train
AC002289,PH005573,0,1,0.008784313725490198,Poor,3,Suppress,-1.0690196078431362,"EV(call)=INR-1, EV(visit)=INR-103 — negative economic yield",-1.0,-1.0,-1.0,-1.0,89500.0,train
AC002290,PH005575,0,1,0.9891764705882353,Excellent,1,Call,707.2070588235296,EV(call)=INR707 [P(RPC)=98.92% x 5% x INR144000 x 10% - INR5],10.0,0.0,0.0,101.7,144000.0,train
AC002290,PH005574,3,0,0.029643721318314557,Poor,2,Call,16.34347934918648,EV(call)=INR16 [P(RPC)=2.96% x 5% x INR144000 x 10% - INR5],8.0,0.0,0.0,0.0,144000.0,train
AC002291,PH005576,3,0,0.9745437518290897,Excellent,1,Call,1893.1675926251098,EV(call)=INR1893 [P(RPC)=97.45% x 5% x INR389550 x 10% - INR5],5.0,0.0,0.0,68.8,389550.0,validation
AC002291,PH005577,0,1,0.008784313725490198,Poor,2,Call,12.109647058823533,EV(call)=INR12 [P(RPC)=0.88% x 5% x INR389550 x 10% - INR5],-1.0,-1.0,-1.0,-1.0,389550.0,validation
AC002291,PH005578,4,2,0.008784313725490198,Poor,3,Suppress,12.109647058823533,Compliance: Verified third-party — contact strictly prohibited,-1.0,-1.0,-1.0,-1.0,389550.0,validation
AC002292,PH005579,3,0,0.9745437518290897,Excellent,1,Call,583.1371542288557,EV(call)=INR583 [P(RPC)=97.45% x 5% x INR120700 x 10% - INR5],1.0,0.0,0.0,34.0,120700.0,train
AC002292,PH005580,0,1,0.07136253650396328,Poor,2,Call,38.067290780141846,EV(call)=INR38 [P(RPC)=7.14% x 5% x INR120700 x 10% - INR5],-1.0,-1.0,-1.0,-1.0,120700.0,train
AC002292,PH005581,1,2,0.029643721318314557,Poor,3,Call,12.889985815602838,EV(call)=INR13 [P(RPC)=2.96% x 5% x INR120700 x 10% - INR5],-1.0,-1.0,-1.0,-1.0,120700.0,train
AC002292,PH005582,4,3,0.029643721318314557,Poor,4,Call,12.889985815602838,EV(call)=INR13 [P(RPC)=2.96% x 5% x INR120700 x 10% - INR5],-1.0,-1.0,-1.0,-1.0,120700.0,train
AC002293,PH005584,0,1,0.9891764705882353,Excellent,1,Call,1651.8705882352945,EV(call)=INR1652 [P(RPC)=98.92% x 5% x INR335000 x 10% - INR5],17.0,0.0,0.0,36.529411764705884,335000.0,train
AC002293,PH005583,3,0,0.07136253650396328,Poor,2,Call,114.53224864413852,EV(call)=INR115 [P(RPC)=7.14% x 5% x INR335000 x 10% - INR5],8.0,1.0,0.0,4.625,335000.0,train
AC002293,PH000437,2,3,0.07136253650396328,Poor,3,Call,114.53224864413852,EV(call)=INR115 [P(RPC)=7.14% x 5% x INR335000 x 10% - INR5],7.0,0.0,0.0,66.14285714285714,335000.0,train
AC002293,PH005585,1,2,0.008784313725490198,Poor,4,Call,9.713725490196081,EV(call)=INR10 [P(RPC)=0.88% x 5% x INR335000 x 10% - INR5],-1.0,-1.0,-1.0,-1.0,335000.0,train
AC002293,PH005586,4,4,0.008784313725490198,Poor,5,Call,9.713725490196081,EV(call)=INR10 [P(RPC)=0.88% x 5% x INR335000 x 10% - INR5],-1.0,-1.0,-1.0,-1.0,335000.0,train
AC002294,PH005587,3,0,0.9891764705882353,Excellent,1,Call,1210.2032941176474,EV(call)=INR1210 [P(RPC)=98.92% x 5% x INR245700 x 10% - INR5],28.0,0.0,0.0,54.785714285714285,245700.0,train
AC002294,PH005588,4,1,0.07136253650396328,Poor,2,Call,82.66887609511889,EV(call)=INR83 [P(RPC)=7.14% x 5% x INR245700 x 10% - INR5],8.0,1.0,0.0,78.5,245700.0,train
AC002295,PH005590,4,1,0.8491204481792716,Excellent,1,Call,830.5345210084033,EV(call)=INR831 [P(RPC)=84.91% x 5% x INR196800 x 10% - INR5],12.0,0.0,0.0,6.75,196800.0,validation
AC002295,PH005589,3,0,0.07136253650396328,Poor,2,Call,65.22073591989987,EV(call)=INR65 [P(RPC)=7.14% x 5% x INR196800 x 10% - INR5],5.0,2.0,0.0,7.4,196800.0,validation
AC002296,PH005591,3,0,0.9745437518290897,Excellent,1,Call,649.4061293532338,EV(call)=INR649 [P(RPC)=97.45% x 5% x INR134300 x 10% - INR5],11.0,0.0,0.0,76.0909090909091,134300.0,train
AC002296,PH005592,1,1,0.029643721318314557,Poor,2,Call,14.905758865248227,EV(call)=INR15 [P(RPC)=2.96% x 5% x INR134300 x 10% - INR5],-1.0,-1.0,-1.0,-1.0,134300.0,train
AC002296,PH000455,2,2,0.029643721318314557,Poor,3,Suppress,14.905758865248227,Compliance: Verified third-party — contact strictly prohibited,-1.0,-1.0,-1.0,-1.0,134300.0,train
AC002296,PH005593,4,3,0.029209150326797384,Poor,4,Call,14.613944444444446,EV(call)=INR15 [P(RPC)=2.92% x 5% x INR134300 x 10% - INR5],-1.0,-1.0,-1.0,-1.0,134300.0,train
AC002297,PH005594,3,0,0.9891764705882353,Excellent,1,Call,296.9461176470589,EV(call)=INR297 [P(RPC)=98.92% x 5% x INR61050 x 10% - INR5],31.0,0.0,0.0,26.741935483870968,61050.0,train
AC002298,PH005596,0,1,0.9745437518290897,Excellent,1,Call,3627.6118349429325,EV(call)=INR3628 [P(RPC)=97.45% x 5% x INR745500 x 10% - INR5],13.0,0.0,0.0,39.15384615384615,745500.0,train
AC002298,PH005595,3,0,0.008784313725490198,Poor,2,Call,27.74352941176471,EV(call)=INR28 [P(RPC)=0.88% x 5% x INR745500 x 10% - INR5],3.0,0.0,0.0,0.0,745500.0,train
AC002298,PH005597,4,2,0.008784313725490198,Poor,3,Call,27.74352941176471,EV(call)=INR28 [P(RPC)=0.88% x 5% x INR745500 x 10% - INR5],-1.0,-1.0,-1.0,-1.0,745500.0,train
AC002299,PH005599,0,1,0.9891764705882353,Excellent,1,Call,718.0880000000002,EV(call)=INR718 [P(RPC)=98.92% x 5% x INR146200 x 10% - INR5],24.0,0.0,0.0,51.75,146200.0,train
AC002299,PH005598,3,0,0.6688777141487909,Good,2,Call,483.94960904276627,EV(call)=INR484 [P(RPC)=66.89% x 5% x INR146200 x 10% - INR5],12.0,2.0,4.0,7.75,146200.0,train
AC002300,PH005601,0,1,0.9891764705882353,Excellent,1,Call,564.5183529411765,EV(call)=INR565 [P(RPC)=98.92% x 5% x INR115150 x 10% - INR5],19.0,0.0,0.0,39.78947368421053,115150.0,train
AC002300,PH005600,3,0,0.2888963585434174,Fair,2,Call,161.33207843137257,EV(call)=INR161 [P(RPC)=28.89% x 5% x INR115150 x 10% - INR5],16.0,0.0,0.0,30.625,115150.0,train
AC002301,PH005602,3,0,0.9745437518290897,Excellent,1,Call,1030.452736318408,EV(call)=INR1030 [P(RPC)=97.45% x 5% x INR212500 x 10% - INR5],4.0,0.0,0.0,185.25,212500.0,train
AC002302,PH005603,3,0,0.9745437518290897,Excellent,1,Call,357.5302756804214,EV(call)=INR358 [P(RPC)=97.45% x 5% x INR74400 x 10% - INR5],7.0,0.0,0.0,62.42857142857143,74400.0,train
AC002302,PH005604,0,1,0.008784313725490198,Poor,2,Suppress,-1.732235294117646,"EV(call)=INR-2, EV(visit)=INR-120 — negative economic yield",-1.0,-1.0,-1.0,-1.0,74400.0,train
AC002302,PH005605,4,2,0.008784313725490198,Poor,3,Suppress,-1.732235294117646,"EV(call)=INR-2, EV(visit)=INR-120 — negative economic yield",-1.0,-1.0,-1.0,-1.0,74400.0,train
AC002303,PH005607,0,1,0.9745437518290897,Excellent,1,Call,435.00650395083403,EV(call)=INR435 [P(RPC)=97.45% x 5% x INR90300 x 10% - INR5],21.0,0.0,0.0,68.71428571428571,90300.0,train
AC002303,PH005606,3,0,0.008784313725490198,Poor,2,Suppress,-1.0338823529411751,"EV(call)=INR-1, EV(visit)=INR-102 — negative economic yield",8.0,0.0,0.0,0.0,90300.0,train
AC002303,PH000478,2,2,0.008784313725490198,Poor,3,Suppress,-1.0338823529411751,"EV(call)=INR-1, EV(visit)=INR-102 — negative economic yield",-1.0,-1.0,-1.0,-1.0,90300.0,train
AC002304,PH005609,0,1,0.9891764705882353,Excellent,1,Call,598.8922352941178,EV(call)=INR599 [P(RPC)=98.92% x 5% x INR122100 x 10% - INR5],14.0,0.0,0.0,28.285714285714285,122100.0,train
AC002304,PH005608,3,0,0.9745437518290897,Excellent,2,Call,589.9589604916594,EV(call)=INR590 [P(RPC)=97.45% x 5% x INR122100 x 10% - INR5],11.0,0.0,0.0,36.54545454545455,122100.0,train
AC002305,PH005610,3,0,0.9891764705882353,Excellent,1,Call,182.94352941176476,EV(call)=INR183 [P(RPC)=98.92% x 5% x INR38000 x 10% - INR5],23.0,0.0,0.0,76.34782608695652,38000.0,validation
AC002305,PH005611,0,1,0.029643721318314557,Poor,2,Call,0.632307050479767,EV(call)=INR1 [P(RPC)=2.96% x 5% x INR38000 x 10% - INR5],-1.0,-1.0,-1.0,-1.0,38000.0,validation
AC002305,PH005612,1,2,0.008784313725490198,Poor,3,Suppress,-3.330980392156862,"EV(call)=INR-3, EV(visit)=INR-159 — negative economic yield",-1.0,-1.0,-1.0,-1.0,38000.0,validation
AC002305,PH005613,4,3,0.008784313725490198,Poor,4,Suppress,-3.330980392156862,"EV(call)=INR-3, EV(visit)=INR-159 — negative economic yield",-1.0,-1.0,-1.0,-1.0,38000.0,validation
AC002306,PH005614,3,0,0.9424911297852473,Excellent,1,Call,2400.237363211951,EV(call)=INR2400 [P(RPC)=94.25% x 5% x INR510400 x 10% - INR5],9.0,0.0,0.0,7.111111111111111,510400.0,train
AC002306,PH005615,0,1,0.008784313725490198,Poor,2,Call,17.417568627450986,EV(call)=INR17 [P(RPC)=0.88% x 5% x INR510400 x 10% - INR5],-1.0,-1.0,-1.0,-1.0,510400.0,train
AC002306,PH000504,2,2,0.008784313725490198,Poor,3,Call,17.417568627450986,EV(call)=INR17 [P(RPC)=0.88% x 5% x INR510400 x 10% - INR5],-1.0,-1.0,-1.0,-1.0,510400.0,train
AC002306,PH005616,4,3,0.008784313725490198,Poor,4,Call,17.417568627450986,EV(call)=INR17 [P(RPC)=0.88% x 5% x INR510400 x 10% - INR5],-1.0,-1.0,-1.0,-1.0,510400.0,train
AC002307,PH005618,0,1,0.9891764705882353,Excellent,1,Call,876.3562352941177,EV(call)=INR876 [P(RPC)=98.92% x 5% x INR178200 x 10% - INR5],12.0,0.0,0.0,62.916666666666664,178200.0,train
AC002307,PH005617,3,0,0.9424911297852473,Excellent,2,Call,834.7595966386555,EV(call)=INR835 [P(RPC)=94.25% x 5% x INR178200 x 10% - INR5],12.0,0.0,0.0,6.416666666666667,178200.0,train
AC002308,PH005619,3,0,0.9891764705882353,Excellent,1,Call,762.1063529411766,EV(call)=INR762 [P(RPC)=98.92% x 5% x INR155100 x 10% - INR5],17.0,1.0,0.0,13.882352941176471,155100.0,train
AC002308,PH005620,4,1,0.029643721318314557,Poor,2,Call,17.988705882352942,EV(call)=INR18 [P(RPC)=2.96% x 5% x INR155100 x 10% - INR5],8.0,0.0,0.0,42.375,155100.0,train
AC002309,PH005621,3,0,0.9424911297852473,Excellent,1,Call,482.2679140989729,EV(call)=INR482 [P(RPC)=94.25% x 5% x INR103400 x 10% - INR5],2.0,0.0,0.0,20.0,103400.0,train
AC002309,PH005622,1,1,0.029643721318314557,Poor,2,Call,10.325803921568628,EV(call)=INR10 [P(RPC)=2.96% x 5% x INR103400 x 10% - INR5],-1.0,-1.0,-1.0,-1.0,103400.0,train
AC002310,PH005623,3,0,0.008784313725490198,Poor,1,Suppress,-1.172235294117646,"EV(call)=INR-1, EV(visit)=INR-106 — negative economic yield",-1.0,-1.0,-1.0,-1.0,87150.0,train
AC002310,PH005624,4,1,0.008784313725490198,Poor,2,Suppress,-1.172235294117646,"EV(call)=INR-1, EV(visit)=INR-106 — negative economic yield",-1.0,-1.0,-1.0,-1.0,87150.0,train
AC002311,PH005625,3,0,0.9891764705882353,Excellent,1,Call,582.5708235294118,EV(call)=INR583 [P(RPC)=98.92% x 5% x INR118800 x 10% - INR5],23.0,0.0,0.0,38.608695652173914,118800.0,train
AC002311,PH005628,4,3,0.029209150326797384,Poor,2,Call,12.350235294117649,EV(call)=INR12 [P(RPC)=2.92% x 5% x INR118800 x 10% - INR5],-1.0,-1.0,-1.0,-1.0,118800.0,train
AC002311,PH005626,0,1,0.008784313725490198,Poor,3,Call,0.21788235294117797,EV(call)=INR0 [P(RPC)=0.88% x 5% x INR118800 x 10% - INR5],-1.0,-1.0,-1.0,-1.0,118800.0,train
AC002311,PH005627,1,2,0.008784313725490198,Poor,4,Call,0.21788235294117797,EV(call)=INR0 [P(RPC)=0.88% x 5% x INR118800 x 10% - INR5],-1.0,-1.0,-1.0,-1.0,118800.0,train
AC002312,PH005630,0,1,0.9891764705882353,Excellent,1,Call,2440.7388235294125,EV(call)=INR2441 [P(RPC)=98.92% x 5% x INR494500 x 10% - INR5],28.0,0.0,0.0,72.28571428571429,494500.0,train
AC002312,PH005629,3,0,0.008784313725490198,Poor,2,Call,16.719215686274516,EV(call)=INR17 [P(RPC)=0.88% x 5% x INR494500 x 10% - INR5],8.0,0.0,0.0,0.0,494500.0,train
AC002313,PH005631,3,0,0.9745437518290897,Excellent,1,Call,3976.9857699736613,EV(call)=INR3977 [P(RPC)=97.45% x 5% x INR817200 x 10% - INR5],13.0,0.0,0.0,46.84615384615385,817200.0,train
AC002313,PH005632,4,1,0.07136253650396328,Poor,2,Call,286.587324155194,EV(call)=INR287 [P(RPC)=7.14% x 5% x INR817200 x 10% - INR5],8.0,1.0,0.0,44.875,817200.0,train
AC002314,PH005633,3,0,0.9745437518290897,Excellent,1,Call,509.5591009657594,EV(call)=INR510 [P(RPC)=97.45% x 5% x INR105600 x 10% - INR5],14.0,0.0,0.0,60.642857142857146,105600.0,train
AC002314,PH005634,1,1,0.008784313725490198,Poor,2,Suppress,-0.36188235294117543,"EV(call)=INR-0, EV(visit)=INR-86 — negative economic yield",-1.0,-1.0,-1.0,-1.0,105600.0,train
AC002315,PH005635,3,0,0.9424911297852473,Excellent,1,Call,2392.697434173669,EV(call)=INR2393 [P(RPC)=94.25% x 5% x INR508800 x 10% - INR5],6.0,0.0,0.0,10.0,508800.0,train
AC002315,PH005636,0,1,0.008784313725490198,Poor,2,Call,17.347294117647067,EV(call)=INR17 [P(RPC)=0.88% x 5% x INR508800 x 10% - INR5],-1.0,-1.0,-1.0,-1.0,508800.0,train
AC002315,PH005637,4,2,0.008784313725490198,Poor,3,Call,17.347294117647067,EV(call)=INR17 [P(RPC)=0.88% x 5% x INR508800 x 10% - INR5],-1.0,-1.0,-1.0,-1.0,508800.0,train
AC002316,PH005638,3,0,0.9745437518290897,Excellent,1,Call,398.46111325724314,EV(call)=INR398 [P(RPC)=97.45% x 5% x INR82800 x 10% - INR5],10.0,0.0,0.0,41.5,82800.0,train
AC002317,PH005640,0,1,0.9891764705882353,Excellent,1,Call,469.80470588235306,EV(call)=INR470 [P(RPC)=98.92% x 5% x INR96000 x 10% - INR5],11.0,0.0,0.0,45.0,96000.0,train
AC002317,PH005639,3,0,0.008784313725490198,Poor,2,Suppress,-0.7835294117647047,"EV(call)=INR-1, EV(visit)=INR-96 — negative economic yield",8.0,0.0,0.0,0.0,96000.0,train
AC002318,PH005838,5,1,0.9745437518290897,Excellent,1,Call,3184.1944278606966,EV(call)=INR3184 [P(RPC)=97.45% x 5% x INR654500 x 10% - INR5],23.0,0.0,2.0,40.65217391304348,654500.0,train
AC002318,PH005641,3,0,0.008784313725490198,Poor,2,Call,23.74666666666667,EV(call)=INR24 [P(RPC)=0.88% x 5% x INR654500 x 10% - INR5],2.0,0.0,0.0,0.0,654500.0,train
AC002319,PH005925,5,2,0.8326192220622106,Excellent,1,Call,189.83289796255733,EV(call)=INR190 [P(RPC)=83.26% x 5% x INR46800 x 10% - INR5],6.0,0.0,2.0,14.666666666666666,46800.0,test
AC002319,PH000077,3,0,0.43770588235294117,Good,2,Call,97.42317647058825,EV(call)=INR97 [P(RPC)=43.77% x 5% x INR46800 x 10% - INR5],15.0,0.0,0.0,43.06666666666667,46800.0,test
AC002319,PH005642,4,1,0.43770588235294117,Good,3,Call,97.42317647058825,EV(call)=INR97 [P(RPC)=43.77% x 5% x INR46800 x 10% - INR5],10.0,0.0,0.0,43.4,46800.0,test
AC002320,PH005643,3,0,0.9891764705882353,Excellent,1,Call,368.908705882353,EV(call)=INR369 [P(RPC)=98.92% x 5% x INR75600 x 10% - INR5],28.0,0.0,0.0,20.071428571428573,75600.0,test
AC002321,PH005644,3,0,0.8491204481792716,Excellent,1,Call,83.7330868347339,EV(call)=INR84 [P(RPC)=84.91% x 5% x INR20900 x 10% - INR5],3.0,0.0,0.0,9.333333333333334,20900.0,test
AC002321,PH005645,0,1,0.07136253650396328,Poor,2,Call,2.4573850646641633,EV(call)=INR2 [P(RPC)=7.14% x 5% x INR20900 x 10% - INR5],-1.0,-1.0,-1.0,-1.0,20900.0,test
AC002321,PH005646,1,2,0.029643721318314557,Poor,3,Suppress,-1.9022311222361288,"EV(call)=INR-2, EV(visit)=INR-177 — negative economic yield",-1.0,-1.0,-1.0,-1.0,20900.0,test
AC002322,PH005849,5,2,0.9745437518290897,Excellent,1,Call,177.2396815920398,EV(call)=INR177 [P(RPC)=97.45% x 5% x INR37400 x 10% - INR5],19.0,0.0,0.0,42.63157894736842,37400.0,validation
AC002322,PH005647,3,0,0.7440784313725489,Excellent,2,Call,134.14266666666666,EV(call)=INR134 [P(RPC)=74.41% x 5% x INR37400 x 10% - INR5],12.0,0.0,0.0,11.5,37400.0,validation
AC002322,PH005648,0,1,0.008784313725490198,Poor,3,Suppress,-3.357333333333333,"EV(call)=INR-3, EV(visit)=INR-160 — negative economic yield",8.0,0.0,3.0,0.0,37400.0,validation
AC002323,PH005649,3,0,0.008784313725490198,Poor,1,Suppress,-3.616470588235294,Compliance: Verified invalid/wrong phone number,29.0,0.0,12.0,0.0,31500.0,train
AC002324,PH005652,4,2,0.9424911297852473,Excellent,1,Call,436.08584873949576,EV(call)=INR436 [P(RPC)=94.25% x 5% x INR93600 x 10% - INR5],17.0,0.0,0.0,47.705882352941174,93600.0,train
AC002324,PH005650,3,0,0.029643721318314557,Poor,2,Call,8.873261576971215,EV(call)=INR9 [P(RPC)=2.96% x 5% x INR93600 x 10% - INR5],13.0,0.0,0.0,0.0,93600.0,train
AC002324,PH005651,0,1,0.008784313725490198,Poor,3,Suppress,-0.8889411764705875,"EV(call)=INR-1, EV(visit)=INR-99 — negative economic yield",8.0,0.0,0.0,0.0,93600.0,train
AC002325,PH005655,1,2,0.9745437518290897,Excellent,1,Call,588.4971448639157,EV(call)=INR588 [P(RPC)=97.45% x 5% x INR121800 x 10% - INR5],6.0,0.0,0.0,48.166666666666664,121800.0,train
AC002325,PH005653,3,0,0.008784313725490198,Poor,2,Call,0.349647058823531,EV(call)=INR0 [P(RPC)=0.88% x 5% x INR121800 x 10% - INR5],8.0,0.0,8.0,0.0,121800.0,train
AC002325,PH005654,0,1,0.008784313725490198,Poor,3,Call,0.349647058823531,EV(call)=INR0 [P(RPC)=0.88% x 5% x INR121800 x 10% - INR5],8.0,0.0,0.0,0.0,121800.0,train
AC002325,PH000261,2,3,0.008784313725490198,Poor,4,Call,0.349647058823531,EV(call)=INR0 [P(RPC)=0.88% x 5% x INR121800 x 10% - INR5],-1.0,-1.0,-1.0,-1.0,121800.0,train
AC002326,PH005934,5,1,0.8911372549019607,Excellent,1,Call,342.5435294117647,EV(call)=INR343 [P(RPC)=89.11% x 5% x INR78000 x 10% - INR5],2.0,0.0,0.0,20.0,78000.0,train
AC002326,PH005656,3,0,0.029643721318314557,Poor,2,Call,6.561051314142679,EV(call)=INR7 [P(RPC)=2.96% x 5% x INR78000 x 10% - INR5],4.0,2.0,0.0,8.0,78000.0,train
AC002327,PH005657,3,0,0.9891764705882353,Excellent,1,Call,107.76611764705883,EV(call)=INR108 [P(RPC)=98.92% x 5% x INR22800 x 10% - INR5],33.0,0.0,0.0,49.121212121212125,22800.0,train
AC002327,PH005658,0,1,0.008784313725490198,Poor,2,Suppress,-3.9985882352941173,"EV(call)=INR-4, EV(visit)=INR-175 — negative economic yield",-1.0,-1.0,-1.0,-1.0,22800.0,train
AC002327,PH005659,4,2,0.008784313725490198,Poor,3,Suppress,-3.9985882352941173,"EV(call)=INR-4, EV(visit)=INR-175 — negative economic yield",-1.0,-1.0,-1.0,-1.0,22800.0,train
AC002328,PH005660,3,0,0.9745437518290897,Excellent,1,Call,910.3402189054725,EV(call)=INR910 [P(RPC)=97.45% x 5% x INR187850 x 10% - INR5],8.0,0.0,0.0,96.625,187850.0,train
AC002328,PH005661,1,1,0.008784313725490198,Poor,2,Call,3.2506666666666693,EV(call)=INR3 [P(RPC)=0.88% x 5% x INR187850 x 10% - INR5],-1.0,-1.0,-1.0,-1.0,187850.0,train
AC002329,PH005662,3,0,0.9424911297852473,Excellent,1,Call,1026.5565415499532,EV(call)=INR1027 [P(RPC)=94.25% x 5% x INR218900 x 10% - INR5],26.0,0.0,0.0,1.6923076923076923,218900.0,train
AC002329,PH005663,1,1,0.029209150326797384,Poor,2,Call,26.96941503267974,EV(call)=INR27 [P(RPC)=2.92% x 5% x INR218900 x 10% - INR5],6.0,2.0,0.0,8.333333333333334,218900.0,train
AC002330,PH005664,3,0,0.9424911297852473,Excellent,1,Call,396.50122128851535,EV(call)=INR397 [P(RPC)=94.25% x 5% x INR85200 x 10% - INR5],18.0,0.0,0.0,13.555555555555555,85200.0,train
AC002330,PH005665,1,1,0.008784313725490198,Poor,2,Suppress,-1.2578823529411753,"EV(call)=INR-1, EV(visit)=INR-108 — negative economic yield",-1.0,-1.0,-1.0,-1.0,85200.0,train
AC002330,PH005666,4,2,0.008784313725490198,Poor,3,Suppress,-1.2578823529411753,"EV(call)=INR-1, EV(visit)=INR-108 — negative economic yield",-1.0,-1.0,-1.0,-1.0,85200.0,train
AC002331,PH005668,0,1,0.10069607843137254,Poor,1,Call,590.5417818627451,EV(call)=INR591 [P(RPC)=10.07% x 5% x INR1182850 x 10% - INR5],9.0,2.0,0.0,5.0,1182850.0,train
AC002331,PH005913,5,2,0.029643721318314557,Poor,2,Call,170.3203788068419,EV(call)=INR170 [P(RPC)=2.96% x 5% x INR1182850 x 10% - INR5],13.0,0.0,0.0,0.0,1182850.0,train
AC002331,PH005667,3,0,0.008784313725490198,Poor,3,Call,46.9526274509804,EV(call)=INR47 [P(RPC)=0.88% x 5% x INR1182850 x 10% - INR5],2.0,0.0,0.0,0.0,1182850.0,train
AC002332,PH005669,3,0,0.9424911297852473,Excellent,1,Call,1382.8181886087768,EV(call)=INR1383 [P(RPC)=94.25% x 5% x INR294500 x 10% - INR5],3.0,0.0,0.0,38.666666666666664,294500.0,validation
AC002332,PH000433,2,1,0.029643721318314557,Poor,2,Call,38.650379641218194,EV(call)=INR39 [P(RPC)=2.96% x 5% x INR294500 x 10% - INR5],-1.0,-1.0,-1.0,-1.0,294500.0,validation
AC002332,PH005670,4,2,0.008784313725490198,Poor,3,Call,7.934901960784316,EV(call)=INR8 [P(RPC)=0.88% x 5% x INR294500 x 10% - INR5],-1.0,-1.0,-1.0,-1.0,294500.0,validation
AC002333,PH005671,3,0,0.9745437518290897,Excellent,1,Call,315.62489435177054,EV(call)=INR316 [P(RPC)=97.45% x 5% x INR65800 x 10% - INR5],13.0,0.0,0.0,19.23076923076923,65800.0,train
AC002333,PH005672,4,1,0.9424911297852473,Excellent,2,Call,305.07958169934636,EV(call)=INR305 [P(RPC)=94.25% x 5% x INR65800 x 10% - INR5],13.0,0.0,0.0,19.076923076923077,65800.0,train
AC002334,PH005674,0,1,0.9891764705882353,Excellent,1,Call,200.74870588235297,EV(call)=INR201 [P(RPC)=98.92% x 5% x INR41600 x 10% - INR5],18.0,0.0,0.0,69.72222222222223,41600.0,test
AC002334,PH005673,3,0,0.7440784313725489,Excellent,2,Call,149.7683137254902,EV(call)=INR150 [P(RPC)=74.41% x 5% x INR41600 x 10% - INR5],11.0,0.0,0.0,22.363636363636363,41600.0,test
AC002335,PH005675,3,0,0.029643721318314557,Poor,1,Call,13.208655819774716,EV(call)=INR13 [P(RPC)=2.96% x 5% x INR122850 x 10% - INR5],3.0,0.0,0.0,0.0,122850.0,train
AC002335,PH005676,1,1,0.029643721318314557,Poor,2,Call,13.208655819774716,EV(call)=INR13 [P(RPC)=2.96% x 5% x INR122850 x 10% - INR5],-1.0,-1.0,-1.0,-1.0,122850.0,train
AC002335,PH005677,4,2,0.029643721318314557,Poor,3,Call,13.208655819774716,EV(call)=INR13 [P(RPC)=2.96% x 5% x INR122850 x 10% - INR5],-1.0,-1.0,-1.0,-1.0,122850.0,train
AC002336,PH000067,3,0,0.8911372549019607,Excellent,1,Call,712.3654901960786,EV(call)=INR712 [P(RPC)=89.11% x 5% x INR161000 x 10% - INR5],15.0,0.0,0.0,35.333333333333336,161000.0,train
AC002336,PH005678,4,2,0.2888963585434174,Fair,2,Call,227.56156862745104,EV(call)=INR228 [P(RPC)=28.89% x 5% x INR161000 x 10% - INR5],9.0,2.0,0.0,45.333333333333336,161000.0,train
AC002336,PH000258,2,1,0.029643721318314557,Poor,3,Call,18.86319566124322,EV(call)=INR19 [P(RPC)=2.96% x 5% x INR161000 x 10% - INR5],8.0,0.0,0.0,73.625,161000.0,train
AC002337,PH005679,3,0,0.9891764705882353,Excellent,1,Call,1194.6237647058824,EV(call)=INR1195 [P(RPC)=98.92% x 5% x INR242550 x 10% - INR5],32.0,1.0,5.0,36.09375,242550.0,train
AC002337,PH005680,0,1,0.029209150326797384,Poor,2,Call,30.423397058823532,EV(call)=INR30 [P(RPC)=2.92% x 5% x INR242550 x 10% - INR5],-1.0,-1.0,-1.0,-1.0,242550.0,train
AC002338,PH005681,3,0,0.9745437518290897,Excellent,1,Call,480.32278841088674,EV(call)=INR480 [P(RPC)=97.45% x 5% x INR99600 x 10% - INR5],20.0,1.0,0.0,60.8,99600.0,train
AC002338,PH005682,0,1,0.029209150326797384,Poor,2,Call,9.5461568627451,EV(call)=INR10 [P(RPC)=2.92% x 5% x INR99600 x 10% - INR5],-1.0,-1.0,-1.0,-1.0,99600.0,train
AC002338,PH005683,1,2,0.008784313725490198,Poor,3,Suppress,-0.6254117647058814,"EV(call)=INR-1, EV(visit)=INR-92 — negative economic yield",-1.0,-1.0,-1.0,-1.0,99600.0,train
AC002339,PH005684,3,0,0.9891764705882353,Excellent,1,Call,1636.0437647058825,EV(call)=INR1636 [P(RPC)=98.92% x 5% x INR331800 x 10% - INR5],28.0,0.0,0.0,58.714285714285715,331800.0,train
AC002339,PH005685,4,1,0.029643721318314557,Poor,2,Call,44.178933667083854,EV(call)=INR44 [P(RPC)=2.96% x 5% x INR331800 x 10% - INR5],5.0,2.0,0.0,65.4,331800.0,train
AC002340,PH005687,0,1,0.9891764705882353,Excellent,1,Call,1961.7301176470592,EV(call)=INR1962 [P(RPC)=98.92% x 5% x INR397650 x 10% - INR5],16.0,0.0,0.0,41.5,397650.0,train
AC002340,PH005686,3,0,0.10069607843137254,Poor,2,Call,195.2089779411765,EV(call)=INR195 [P(RPC)=10.07% x 5% x INR397650 x 10% - INR5],9.0,0.0,0.0,62.0,397650.0,train
AC002340,PH005688,4,2,0.008784313725490198,Poor,3,Call,12.465411764705888,EV(call)=INR12 [P(RPC)=0.88% x 5% x INR397650 x 10% - INR5],-1.0,-1.0,-1.0,-1.0,397650.0,train
AC002341,PH005691,4,2,0.2888963585434174,Fair,1,Call,61.735058823529414,EV(call)=INR62 [P(RPC)=28.89% x 5% x INR46200 x 10% - INR5],8.0,0.0,0.0,38.875,46200.0,validation
AC002341,PH005690,0,1,0.029643721318314557,Poor,2,Call,1.8476996245306623,EV(call)=INR2 [P(RPC)=2.96% x 5% x INR46200 x 10% - INR5],8.0,0.0,0.0,0.0,46200.0,validation
AC002341,PH005689,3,0,0.008784313725490198,Poor,3,Suppress,-2.970823529411764,"EV(call)=INR-3, EV(visit)=INR-150 — negative economic yield",8.0,0.0,0.0,0.0,46200.0,validation
AC002342,PH005692,3,0,0.9745437518290897,Excellent,1,Call,1141.0634521510096,EV(call)=INR1141 [P(RPC)=97.45% x 5% x INR235200 x 10% - INR5],21.0,0.0,7.0,52.61904761904762,235200.0,train
AC002342,PH005693,1,1,0.9745437518290897,Excellent,2,Call,1141.0634521510096,EV(call)=INR1141 [P(RPC)=97.45% x 5% x INR235200 x 10% - INR5],12.0,0.0,0.0,19.833333333333332,235200.0,train
AC002343,PH005694,3,0,0.029643721318314557,Poor,1,Call,9.673642052565706,EV(call)=INR10 [P(RPC)=2.96% x 5% x INR99000 x 10% - INR5],18.0,0.0,0.0,0.0,99000.0,test
AC002344,PH005695,3,0,0.9745437518290897,Excellent,1,Call,2382.6321919812704,EV(call)=INR2383 [P(RPC)=97.45% x 5% x INR490000 x 10% - INR5],24.0,0.0,0.0,23.708333333333332,490000.0,test
AC002345,PH005885,5,1,0.9424911297852473,Excellent,1,Call,641.784537815126,EV(call)=INR642 [P(RPC)=94.25% x 5% x INR137250 x 10% - INR5],1.0,0.0,0.0,53.0,137250.0,train
AC002345,PH005696,3,0,0.2888963585434174,Fair,2,Suppress,193.25512605042022,Compliance: Verified third-party — contact strictly prohibited,15.0,1.0,0.0,47.333333333333336,137250.0,train
AC002346,PH005698,4,1,0.9424911297852473,Excellent,1,Call,52.256336134453775,EV(call)=INR52 [P(RPC)=94.25% x 5% x INR12150 x 10% - INR5],17.0,1.0,0.0,39.64705882352941,12150.0,train
AC002346,PH005697,3,0,0.07136253650396328,Poor,2,Suppress,-0.6647259073842307,"EV(call)=INR-1, EV(visit)=INR-187 — negative economic yield",16.0,1.0,0.0,43.6875,12150.0,train
AC002347,PH005699,3,0,0.2888963585434174,Fair,1,Call,116.33647058823531,EV(call)=INR116 [P(RPC)=28.89% x 5% x INR84000 x 10% - INR5],9.0,0.0,8.0,9.444444444444445,84000.0,test
AC002347,PH005700,1,1,0.2888963585434174,Fair,2,Call,116.33647058823531,EV(call)=INR116 [P(RPC)=28.89% x 5% x INR84000 x 10% - INR5],10.0,2.0,0.0,8.1,84000.0,test
AC002347,PH005701,4,2,0.2888963585434174,Fair,3,Call,116.33647058823531,EV(call)=INR116 [P(RPC)=28.89% x 5% x INR84000 x 10% - INR5],3.0,0.0,0.0,75.0,84000.0,test
AC002348,PH005702,3,0,0.9424911297852473,Excellent,1,Call,3825.755197012138,EV(call)=INR3826 [P(RPC)=94.25% x 5% x INR812900 x 10% - INR5],2.0,0.0,0.0,46.0,812900.0,validation
AC002348,PH005703,0,1,0.10069607843137254,Poor,2,Call,404.2792107843138,EV(call)=INR404 [P(RPC)=10.07% x 5% x INR812900 x 10% - INR5],-1.0,-1.0,-1.0,-1.0,812900.0,validation
AC002348,PH005704,1,2,0.029209150326797384,Poor,3,Call,113.72059150326798,EV(call)=INR114 [P(RPC)=2.92% x 5% x INR812900 x 10% - INR5],-1.0,-1.0,-1.0,-1.0,812900.0,validation
AC002349,PH005705,3,0,0.9424911297852473,Excellent,1,Call,590.6543940242763,EV(call)=INR591 [P(RPC)=94.25% x 5% x INR126400 x 10% - INR5],15.0,0.0,0.0,9.733333333333333,126400.0,train
AC002350,PH005706,3,0,0.9891764705882353,Excellent,1,Call,195.30823529411768,EV(call)=INR195 [P(RPC)=98.92% x 5% x INR40500 x 10% - INR5],24.0,0.0,0.0,36.166666666666664,40500.0,test
AC002351,PH005707,3,0,0.9745437518290897,Excellent,1,Call,183.81785191688616,EV(call)=INR184 [P(RPC)=97.45% x 5% x INR38750 x 10% - INR5],21.0,1.0,2.0,19.952380952380953,38750.0,validation
AC002351,PH005708,1,1,0.029209150326797384,Poor,2,Call,0.6592728758169946,EV(call)=INR1 [P(RPC)=2.92% x 5% x INR38750 x 10% - INR5],8.0,0.0,0.0,0.0,38750.0,validation
AC002352,PH005709,3,0,0.9891764705882353,Excellent,1,Call,1410.511529411765,EV(call)=INR1411 [P(RPC)=98.92% x 5% x INR286200 x 10% - INR5],25.0,0.0,0.0,37.08,286200.0,test
AC002352,PH005710,4,1,0.10069607843137254,Poor,2,Call,139.09608823529413,EV(call)=INR139 [P(RPC)=10.07% x 5% x INR286200 x 10% - INR5],8.0,0.0,0.0,30.25,286200.0,test
AC002353,PH005711,3,0,0.9891764705882353,Excellent,1,Call,2772.6075294117654,EV(call)=INR2773 [P(RPC)=98.92% x 5% x INR561600 x 10% - INR5],3.0,0.0,0.0,100.66666666666667,561600.0,train
AC002354,PH005712,3,0,0.9891764705882353,Excellent,1,Call,1282.9077647058825,EV(call)=INR1283 [P(RPC)=98.92% x 5% x INR260400 x 10% - INR5],42.0,1.0,0.0,46.95238095238095,260400.0,train
AC002355,PH005713,3,0,0.2888963585434174,Fair,1,Call,848.6887394957985,EV(call)=INR849 [P(RPC)=28.89% x 5% x INR591000 x 10% - INR5],8.0,0.0,0.0,45.125,591000.0,validation
AC002355,PH005714,4,1,0.10069607843137254,Poor,2,Call,292.55691176470594,EV(call)=INR293 [P(RPC)=10.07% x 5% x INR591000 x 10% - INR5],3.0,2.0,0.0,90.33333333333333,591000.0,validation
AC002356,PH005715,3,0,0.9424911297852473,Excellent,1,Call,1210.1066890756301,EV(call)=INR1210 [P(RPC)=94.25% x 5% x INR257850 x 10% - INR5],1.0,0.0,0.0,26.0,257850.0,train
AC002356,PH005716,1,1,0.008784313725490198,Poor,2,Call,6.325176470588239,EV(call)=INR6 [P(RPC)=0.88% x 5% x INR257850 x 10% - INR5],-1.0,-1.0,-1.0,-1.0,257850.0,train
AC002357,PH005717,3,0,0.9891764705882353,Excellent,1,Call,1284.886117647059,EV(call)=INR1285 [P(RPC)=98.92% x 5% x INR260800 x 10% - INR5],31.0,0.0,0.0,65.54838709677419,260800.0,train
AC002358,PH005718,3,0,0.9424911297852473,Excellent,1,Call,111.63327731092437,EV(call)=INR112 [P(RPC)=94.25% x 5% x INR24750 x 10% - INR5],9.0,0.0,0.0,6.111111111111111,24750.0,train
AC002358,PH005719,0,1,0.9424911297852473,Excellent,2,Call,111.63327731092437,EV(call)=INR112 [P(RPC)=94.25% x 5% x INR24750 x 10% - INR5],4.0,0.0,0.0,28.5,24750.0,train
AC002358,PH005720,1,2,0.008784313725490198,Poor,3,Suppress,-3.912941176470588,"EV(call)=INR-4, EV(visit)=INR-173 — negative economic yield",-1.0,-1.0,-1.0,-1.0,24750.0,train
AC002358,PH005721,4,3,0.008784313725490198,Poor,4,Suppress,-3.912941176470588,"EV(call)=INR-4, EV(visit)=INR-173 — negative economic yield",-1.0,-1.0,-1.0,-1.0,24750.0,train
AC002359,PH005914,5,1,0.9745437518290897,Excellent,1,Call,1199.536077260755,EV(call)=INR1200 [P(RPC)=97.45% x 5% x INR247200 x 10% - INR5],9.0,0.0,0.0,32.22222222222222,247200.0,train
AC002359,PH005722,3,0,0.008784313725490198,Poor,2,Call,5.857411764705885,EV(call)=INR6 [P(RPC)=0.88% x 5% x INR247200 x 10% - INR5],30.0,0.0,24.0,0.0,247200.0,train
AC002360,PH005723,3,0,0.9891764705882353,Excellent,1,Call,461.39670588235305,EV(call)=INR461 [P(RPC)=98.92% x 5% x INR94300 x 10% - INR5],27.0,0.0,0.0,28.51851851851852,94300.0,train
AC002360,PH000520,2,1,0.008784313725490198,Poor,2,Suppress,-0.8581960784313711,"EV(call)=INR-1, EV(visit)=INR-98 — negative economic yield",-1.0,-1.0,-1.0,-1.0,94300.0,train
AC002360,PH005724,4,2,0.008784313725490198,Poor,3,Suppress,-0.8581960784313711,"EV(call)=INR-1, EV(visit)=INR-98 — negative economic yield",-1.0,-1.0,-1.0,-1.0,94300.0,train
AC002361,PH005725,3,0,0.9745437518290897,Excellent,1,Call,122.90886742756803,EV(call)=INR123 [P(RPC)=97.45% x 5% x INR26250 x 10% - INR5],20.0,0.0,0.0,19.55,26250.0,train
AC002361,PH000393,2,1,0.008784313725490198,Poor,2,Suppress,-3.8470588235294114,"EV(call)=INR-4, EV(visit)=INR-172 — negative economic yield",8.0,1.0,0.0,51.875,26250.0,train
AC002362,PH005727,0,1,0.9424911297852473,Excellent,1,Call,148.15480859010268,EV(call)=INR148 [P(RPC)=94.25% x 5% x INR32500 x 10% - INR5],10.0,0.0,0.0,10.4,32500.0,test
AC002362,PH000295,2,2,0.9424911297852473,Excellent,2,Call,148.15480859010268,EV(call)=INR148 [P(RPC)=94.25% x 5% x INR32500 x 10% - INR5],22.0,0.0,0.0,39.95454545454545,32500.0,test
AC002362,PH005726,3,0,0.07136253650396328,Poor,3,Call,6.596412181894035,EV(call)=INR7 [P(RPC)=7.14% x 5% x INR32500 x 10% - INR5],8.0,1.0,0.0,56.875,32500.0,test
AC002362,PH005728,4,3,0.008784313725490198,Poor,4,Suppress,-3.572549019607843,Compliance: Verified third-party — contact strictly prohibited,-1.0,-1.0,-1.0,-1.0,32500.0,test
AC002363,PH005729,3,0,0.9891764705882353,Excellent,1,Call,166.3748235294118,EV(call)=INR166 [P(RPC)=98.92% x 5% x INR34650 x 10% - INR5],29.0,0.0,0.0,28.24137931034483,34650.0,train
AC002363,PH005730,4,1,0.8911372549019607,Excellent,2,Call,149.38952941176473,EV(call)=INR149 [P(RPC)=89.11% x 5% x INR34650 x 10% - INR5],13.0,0.0,0.0,32.07692307692308,34650.0,train
AC002364,PH005831,5,1,0.9745437518290897,Excellent,1,Call,1690.7061281826163,EV(call)=INR1691 [P(RPC)=97.45% x 5% x INR348000 x 10% - INR5],16.0,0.0,0.0,115.875,348000.0,train
AC002364,PH005731,3,0,0.008784313725490198,Poor,2,Call,10.284705882352945,EV(call)=INR10 [P(RPC)=0.88% x 5% x INR348000 x 10% - INR5],15.0,0.0,10.0,0.0,348000.0,train
AC002365,PH005929,5,2,0.9891764705882353,Excellent,1,Call,984.6710588235296,EV(call)=INR985 [P(RPC)=98.92% x 5% x INR200100 x 10% - INR5],7.0,0.0,0.0,71.0,200100.0,train
AC002365,PH005733,0,1,0.9745437518290897,Excellent,2,Call,970.0310237050044,EV(call)=INR970 [P(RPC)=97.45% x 5% x INR200100 x 10% - INR5],13.0,0.0,0.0,57.76923076923077,200100.0,train
AC002365,PH005732,3,0,0.07136253650396328,Poor,3,Call,66.39821777221526,EV(call)=INR66 [P(RPC)=7.14% x 5% x INR200100 x 10% - INR5],15.0,2.0,8.0,4.333333333333333,200100.0,train
AC002366,PH005734,3,0,0.8911372549019607,Excellent,1,Call,2453.8704705882355,EV(call)=INR2454 [P(RPC)=89.11% x 5% x INR551850 x 10% - INR5],11.0,0.0,0.0,1.4545454545454546,551850.0,train
AC002366,PH005735,4,2,0.7440784313725489,Excellent,2,Call,2048.0984117647054,EV(call)=INR2048 [P(RPC)=74.41% x 5% x INR551850 x 10% - INR5],7.0,0.0,0.0,47.57142857142857,551850.0,train
AC002366,PH000581,2,1,0.029643721318314557,Poor,3,Call,76.79443804755945,EV(call)=INR77 [P(RPC)=2.96% x 5% x INR551850 x 10% - INR5],8.0,0.0,0.0,61.375,551850.0,train
AC002367,PH005737,4,1,0.9745437518290897,Excellent,1,Call,475.93734152765586,EV(call)=INR476 [P(RPC)=97.45% x 5% x INR98700 x 10% - INR5],13.0,0.0,0.0,23.923076923076923,98700.0,test
AC002367,PH005736,3,0,0.008784313725490198,Poor,2,Suppress,-0.6649411764705873,"EV(call)=INR-1, EV(visit)=INR-93 — negative economic yield",16.0,0.0,14.0,0.0,98700.0,test
AC002368,PH005739,4,1,0.2888963585434174,Fair,1,Call,265.9847843137255,EV(call)=INR266 [P(RPC)=28.89% x 5% x INR187600 x 10% - INR5],14.0,2.0,0.0,35.142857142857146,187600.0,test
AC002368,PH005738,3,0,0.008784313725490198,Poor,2,Call,3.239686274509806,EV(call)=INR3 [P(RPC)=0.88% x 5% x INR187600 x 10% - INR5],25.0,0.0,7.0,0.0,187600.0,test
AC002369,PH005740,3,0,0.008784313725490198,Poor,1,Suppress,-1.9167058823529404,"EV(call)=INR-2, EV(visit)=INR-124 — negative economic yield",41.0,1.0,36.0,0.1951219512195122,70200.0,train
AC002370,PH005742,0,1,0.9424911297852473,Excellent,1,Call,1096.772130718954,EV(call)=INR1097 [P(RPC)=94.25% x 5% x INR233800 x 10% - INR5],2.0,0.0,0.0,26.5,233800.0,train
AC002370,PH005741,3,0,0.029643721318314557,Poor,2,Call,29.65351022110972,EV(call)=INR30 [P(RPC)=2.96% x 5% x INR233800 x 10% - INR5],8.0,0.0,0.0,0.0,233800.0,train
AC002370,PH005743,1,2,0.008784313725490198,Poor,3,Call,5.268862745098042,EV(call)=INR5 [P(RPC)=0.88% x 5% x INR233800 x 10% - INR5],-1.0,-1.0,-1.0,-1.0,233800.0,train
AC002370,PH005744,4,3,0.008784313725490198,Poor,4,Call,5.268862745098042,EV(call)=INR5 [P(RPC)=0.88% x 5% x INR233800 x 10% - INR5],-1.0,-1.0,-1.0,-1.0,233800.0,train
AC002371,PH005745,3,0,0.9424911297852473,Excellent,1,Call,1306.712029878618,EV(call)=INR1307 [P(RPC)=94.25% x 5% x INR278350 x 10% - INR5],3.0,0.0,0.0,14.0,278350.0,test
AC002371,PH005746,4,1,0.008784313725490198,Poor,2,Call,7.225568627450983,EV(call)=INR7 [P(RPC)=0.88% x 5% x INR278350 x 10% - INR5],-1.0,-1.0,-1.0,-1.0,278350.0,test
AC002372,PH005748,1,1,0.9745437518290897,Excellent,1,Call,2092.2181539362014,EV(call)=INR2092 [P(RPC)=97.45% x 5% x INR430400 x 10% - INR5],6.0,0.0,0.0,58.333333333333336,430400.0,train
AC002372,PH005747,3,0,0.008784313725490198,Poor,2,Call,13.903843137254906,EV(call)=INR14 [P(RPC)=0.88% x 5% x INR430400 x 10% - INR5],8.0,0.0,0.0,0.0,430400.0,train
AC002372,PH005749,4,2,0.008784313725490198,Poor,3,Call,13.903843137254906,EV(call)=INR14 [P(RPC)=0.88% x 5% x INR430400 x 10% - INR5],-1.0,-1.0,-1.0,-1.0,430400.0,train
AC002373,PH000056,3,0,0.9745437518290897,Excellent,1,Call,133.8724846356453,EV(call)=INR134 [P(RPC)=97.45% x 5% x INR28500 x 10% - INR5],24.0,0.0,0.0,13.5,28500.0,validation
AC002373,PH005750,4,1,0.8491204481792716,Excellent,2,Call,115.99966386554621,EV(call)=INR116 [P(RPC)=84.91% x 5% x INR28500 x 10% - INR5],17.0,0.0,0.0,7.470588235294118,28500.0,validation
AC002374,PH005751,3,0,0.9891764705882353,Excellent,1,Call,2342.810352941177,EV(call)=INR2343 [P(RPC)=98.92% x 5% x INR474700 x 10% - INR5],34.0,1.0,0.0,60.55882352941177,474700.0,test
AC002375,PH005860,5,2,0.9745437518290897,Excellent,1,Call,607.9880199004974,EV(call)=INR608 [P(RPC)=97.45% x 5% x INR125800 x 10% - INR5],10.0,0.0,0.0,55.9,125800.0,train
AC002375,PH005753,4,1,0.2888963585434174,Fair,2,Call,176.71580952380955,EV(call)=INR177 [P(RPC)=28.89% x 5% x INR125800 x 10% - INR5],13.0,0.0,0.0,40.46153846153846,125800.0,train
AC002375,PH005752,3,0,0.008784313725490198,Poor,3,Call,0.525333333333335,EV(call)=INR1 [P(RPC)=0.88% x 5% x INR125800 x 10% - INR5],2.0,2.0,0.0,12.0,125800.0,train
AC002376,PH005755,1,1,0.9424911297852473,Excellent,1,Call,620.8141101774042,EV(call)=INR621 [P(RPC)=94.25% x 5% x INR132800 x 10% - INR5],15.0,0.0,0.0,8.933333333333334,132800.0,train
AC002376,PH005754,3,0,0.008784313725490198,Poor,2,Call,0.832784313725492,EV(call)=INR1 [P(RPC)=0.88% x 5% x INR132800 x 10% - INR5],8.0,0.0,7.0,0.0,132800.0,train
AC002376,PH005756,4,2,0.008784313725490198,Poor,3,Call,0.832784313725492,EV(call)=INR1 [P(RPC)=0.88% x 5% x INR132800 x 10% - INR5],-1.0,-1.0,-1.0,-1.0,132800.0,train
AC002377,PH005757,3,0,0.9745437518290897,Excellent,1,Call,499.3263915715539,EV(call)=INR499 [P(RPC)=97.45% x 5% x INR103500 x 10% - INR5],5.0,0.0,0.0,55.0,103500.0,train
AC002377,PH005758,1,1,0.029209150326797384,Poor,2,Call,10.115735294117648,EV(call)=INR10 [P(RPC)=2.92% x 5% x INR103500 x 10% - INR5],4.0,2.0,0.0,8.25,103500.0,train
AC002378,PH005759,3,0,0.9745437518290897,Excellent,1,Call,101.46890488732807,EV(call)=INR101 [P(RPC)=97.45% x 5% x INR21850 x 10% - INR5],11.0,0.0,0.0,51.90909090909091,21850.0,train
AC002378,PH005760,1,1,0.008784313725490198,Poor,2,Suppress,-4.040313725490195,"EV(call)=INR-4, EV(visit)=INR-176 — negative economic yield",-1.0,-1.0,-1.0,-1.0,21850.0,train
AC002378,PH005761,4,2,0.008784313725490198,Poor,3,Suppress,-4.040313725490195,"EV(call)=INR-4, EV(visit)=INR-176 — negative economic yield",-1.0,-1.0,-1.0,-1.0,21850.0,train
AC002379,PH005762,3,0,0.2888963585434174,Fair,1,Call,307.00806722689083,EV(call)=INR307 [P(RPC)=28.89% x 5% x INR216000 x 10% - INR5],10.0,0.0,0.0,56.2,216000.0,train
AC002380,PH005763,3,0,0.9891764705882353,Excellent,1,Call,1988.1905882352946,EV(call)=INR1988 [P(RPC)=98.92% x 5% x INR403000 x 10% - INR5],11.0,0.0,1.0,37.63636363636363,403000.0,validation
AC002380,PH005764,0,1,0.9424911297852473,Excellent,2,Call,1894.1196265172734,EV(call)=INR1894 [P(RPC)=94.25% x 5% x INR403000 x 10% - INR5],3.0,0.0,0.0,14.0,403000.0,validation
AC002380,PH005765,4,2,0.008784313725490198,Poor,3,Call,12.700392156862748,EV(call)=INR13 [P(RPC)=0.88% x 5% x INR403000 x 10% - INR5],-1.0,-1.0,-1.0,-1.0,403000.0,validation
AC002381,PH005767,0,1,0.9891764705882353,Excellent,1,Call,2695.451764705883,EV(call)=INR2695 [P(RPC)=98.92% x 5% x INR546000 x 10% - INR5],13.0,0.0,0.0,33.07692307692308,546000.0,train
AC002381,PH005766,3,0,0.07136253650396328,Poor,2,Call,189.81972465581975,EV(call)=INR190 [P(RPC)=7.14% x 5% x INR546000 x 10% - INR5],12.0,0.0,1.0,0.0,546000.0,train
AC002381,PH005768,1,2,0.06294492903381055,Poor,3,Call,166.8396562623028,EV(call)=INR167 [P(RPC)=6.29% x 5% x INR546000 x 10% - INR5],5.0,2.0,0.0,14.6,546000.0,train
AC002382,PH005769,3,0,0.9891764705882353,Excellent,1,Call,466.8371764705883,EV(call)=INR467 [P(RPC)=98.92% x 5% x INR95400 x 10% - INR5],28.0,0.0,0.0,23.5,95400.0,validation
AC002383,PH005770,3,0,0.9745437518290897,Excellent,1,Call,115.35615335089258,EV(call)=INR115 [P(RPC)=97.45% x 5% x INR24700 x 10% - INR5],19.0,0.0,0.0,57.31578947368421,24700.0,train
AC002383,PH005771,1,1,0.029209150326797384,Poor,2,Suppress,-1.392669934640523,"EV(call)=INR-1, EV(visit)=INR-173 — negative economic yield",-1.0,-1.0,-1.0,-1.0,24700.0,train
AC002383,PH005772,4,2,0.008784313725490198,Poor,3,Suppress,-3.9151372549019605,"EV(call)=INR-4, EV(visit)=INR-173 — negative economic yield",-1.0,-1.0,-1.0,-1.0,24700.0,train
AC002384,PH005774,1,1,0.2888963585434174,Fair,1,Call,240.48968067226895,EV(call)=INR240 [P(RPC)=28.89% x 5% x INR169950 x 10% - INR5],2.0,0.0,0.0,86.0,169950.0,test
AC002384,PH005773,3,0,0.029643721318314557,Poor,2,Call,20.189752190237797,EV(call)=INR20 [P(RPC)=2.96% x 5% x INR169950 x 10% - INR5],8.0,0.0,0.0,0.0,169950.0,test
AC002384,PH000486,2,2,0.008784313725490198,Poor,3,Call,2.4644705882352955,EV(call)=INR2 [P(RPC)=0.88% x 5% x INR169950 x 10% - INR5],-1.0,-1.0,-1.0,-1.0,169950.0,test
AC002384,PH005775,4,3,0.008784313725490198,Poor,4,Call,2.4644705882352955,EV(call)=INR2 [P(RPC)=0.88% x 5% x INR169950 x 10% - INR5],-1.0,-1.0,-1.0,-1.0,169950.0,test
AC002385,PH005776,3,0,0.9745437518290897,Excellent,1,Call,608.9625636523266,EV(call)=INR609 [P(RPC)=97.45% x 5% x INR126000 x 10% - INR5],14.0,1.0,4.0,61.857142857142854,126000.0,train
AC002385,PH005777,1,1,0.9424911297852473,Excellent,2,Call,588.7694117647059,EV(call)=INR589 [P(RPC)=94.25% x 5% x INR126000 x 10% - INR5],12.0,0.0,5.0,3.6666666666666665,126000.0,train
AC002385,PH005778,4,3,0.2888963585434174,Fair,3,Call,177.00470588235297,EV(call)=INR177 [P(RPC)=28.89% x 5% x INR126000 x 10% - INR5],-1.0,-1.0,-1.0,-1.0,126000.0,train
AC002385,PH000499,2,2,0.029643721318314557,Poor,4,Call,13.67554443053817,EV(call)=INR14 [P(RPC)=2.96% x 5% x INR126000 x 10% - INR5],5.0,0.0,0.0,0.0,126000.0,train
AC002386,PH005779,3,0,0.5488591165570315,Good,1,Call,2075.862125646846,EV(call)=INR2076 [P(RPC)=54.89% x 5% x INR758250 x 10% - INR5],8.0,0.0,0.0,20.5,758250.0,train
AC002386,PH005780,4,1,0.029643721318314557,Poor,2,Call,107.38675844806008,EV(call)=INR107 [P(RPC)=2.96% x 5% x INR758250 x 10% - INR5],-1.0,-1.0,-1.0,-1.0,758250.0,train
AC002387,PH005782,0,1,0.9424911297852473,Excellent,1,Call,192.92313725490195,EV(call)=INR193 [P(RPC)=94.25% x 5% x INR42000 x 10% - INR5],1.0,0.0,0.0,65.0,42000.0,train
AC002387,PH005781,3,0,0.008784313725490198,Poor,2,Suppress,-3.155294117647059,"EV(call)=INR-3, EV(visit)=INR-155 — negative economic yield",8.0,0.0,0.0,0.0,42000.0,train
AC002388,PH005783,3,0,0.9891764705882353,Excellent,1,Call,356.7912941176471,EV(call)=INR357 [P(RPC)=98.92% x 5% x INR73150 x 10% - INR5],27.0,0.0,1.0,27.814814814814813,73150.0,train
AC002389,PH005784,3,0,0.9891764705882353,Excellent,1,Call,122.60376470588238,EV(call)=INR123 [P(RPC)=98.92% x 5% x INR25800 x 10% - INR5],24.0,0.0,0.0,55.875,25800.0,train
AC002390,PH005785,3,0,0.9891764705882353,Excellent,1,Call,430.97952941176476,EV(call)=INR431 [P(RPC)=98.92% x 5% x INR88150 x 10% - INR5],7.0,0.0,0.0,111.57142857142857,88150.0,train
AC002390,PH005786,4,1,0.029209150326797384,Poor,2,Call,7.87393300653595,EV(call)=INR8 [P(RPC)=2.92% x 5% x INR88150 x 10% - INR5],-1.0,-1.0,-1.0,-1.0,88150.0,train
AC002391,PH005787,3,0,0.9745437518290897,Excellent,1,Call,160.67243781094527,EV(call)=INR161 [P(RPC)=97.45% x 5% x INR34000 x 10% - INR5],15.0,0.0,0.0,91.8,34000.0,train
AC002391,PH005788,0,1,0.008784313725490198,Poor,2,Suppress,-3.506666666666666,"EV(call)=INR-4, EV(visit)=INR-163 — negative economic yield",-1.0,-1.0,-1.0,-1.0,34000.0,train
AC002391,PH005789,4,2,0.008784313725490198,Poor,3,Suppress,-3.506666666666666,"EV(call)=INR-4, EV(visit)=INR-163 — negative economic yield",-1.0,-1.0,-1.0,-1.0,34000.0,train
AC002392,PH005791,0,1,0.07136253650396328,Poor,1,Call,81.74116312056738,EV(call)=INR82 [P(RPC)=7.14% x 5% x INR243100 x 10% - INR5],-1.0,-1.0,-1.0,-1.0,243100.0,train
AC002392,PH005790,3,0,0.06561351522147198,Poor,2,Call,74.7532277516992,EV(call)=INR75 [P(RPC)=6.56% x 5% x INR243100 x 10% - INR5],3.0,0.0,0.0,0.0,243100.0,train
AC002392,PH005792,1,2,0.029643721318314557,Poor,3,Call,31.031943262411346,EV(call)=INR31 [P(RPC)=2.96% x 5% x INR243100 x 10% - INR5],-1.0,-1.0,-1.0,-1.0,243100.0,train
AC002393,PH005793,3,0,0.9424911297852473,Excellent,1,Call,1789.0318655462183,EV(call)=INR1789 [P(RPC)=94.25% x 5% x INR380700 x 10% - INR5],17.0,0.0,0.0,16.41176470588235,380700.0,test
AC002393,PH005794,1,1,0.008784313725490198,Poor,2,Call,11.720941176470593,EV(call)=INR12 [P(RPC)=0.88% x 5% x INR380700 x 10% - INR5],-1.0,-1.0,-1.0,-1.0,380700.0,test
AC002393,PH005795,4,2,0.008784313725490198,Poor,3,Call,11.720941176470593,EV(call)=INR12 [P(RPC)=0.88% x 5% x INR380700 x 10% - INR5],-1.0,-1.0,-1.0,-1.0,380700.0,test
AC002394,PH005796,3,0,0.8911372549019607,Excellent,1,Call,271.25254901960784,EV(call)=INR271 [P(RPC)=89.11% x 5% x INR62000 x 10% - INR5],17.0,0.0,1.0,8.352941176470589,62000.0,train
AC002394,PH005797,1,1,0.029643721318314557,Poor,2,Call,4.189553608677512,EV(call)=INR4 [P(RPC)=2.96% x 5% x INR62000 x 10% - INR5],-1.0,-1.0,-1.0,-1.0,62000.0,train
AC002394,PH000286,2,2,0.029643721318314557,Poor,3,Call,4.189553608677512,EV(call)=INR4 [P(RPC)=2.96% x 5% x INR62000 x 10% - INR5],-1.0,-1.0,-1.0,-1.0,62000.0,train
AC002394,PH005798,4,3,0.029643721318314557,Poor,4,Call,4.189553608677512,EV(call)=INR4 [P(RPC)=2.96% x 5% x INR62000 x 10% - INR5],-1.0,-1.0,-1.0,-1.0,62000.0,train
AC002395,PH005799,0,1,0.9891764705882353,Excellent,1,Call,927.7934117647061,EV(call)=INR928 [P(RPC)=98.92% x 5% x INR188600 x 10% - INR5],24.0,0.0,0.0,54.166666666666664,188600.0,train
AC002395,PH000062,3,0,0.10069607843137254,Poor,2,Call,89.95640196078432,EV(call)=INR90 [P(RPC)=10.07% x 5% x INR188600 x 10% - INR5],8.0,0.0,0.0,48.25,188600.0,train
AC002395,PH005800,4,2,0.008784313725490198,Poor,3,Call,3.2836078431372577,EV(call)=INR3 [P(RPC)=0.88% x 5% x INR188600 x 10% - INR5],-1.0,-1.0,-1.0,-1.0,188600.0,train
AC002396,PH005801,3,0,0.9891764705882353,Excellent,1,Call,1194.6237647058824,EV(call)=INR1195 [P(RPC)=98.92% x 5% x INR242550 x 10% - INR5],12.0,0.0,0.0,20.0,242550.0,train
AC002396,PH005802,1,1,0.029643721318314557,Poor,2,Call,30.950423028785984,EV(call)=INR31 [P(RPC)=2.96% x 5% x INR242550 x 10% - INR5],4.0,2.0,0.0,14.25,242550.0,train
AC002397,PH005803,3,0,0.9424911297852473,Excellent,1,Call,407.1042464985994,EV(call)=INR407 [P(RPC)=94.25% x 5% x INR87450 x 10% - INR5],24.0,0.0,0.0,11.416666666666666,87450.0,test
AC002397,PH000511,2,1,0.9424911297852473,Excellent,2,Call,407.1042464985994,EV(call)=INR407 [P(RPC)=94.25% x 5% x INR87450 x 10% - INR5],14.0,0.0,0.0,37.0,87450.0,test
AC002398,PH005804,3,0,0.9745437518290897,Excellent,1,Call,635.275244951712,EV(call)=INR635 [P(RPC)=97.45% x 5% x INR131400 x 10% - INR5],22.0,0.0,0.0,55.81818181818182,131400.0,train
AC002398,PH005805,0,1,0.9424911297852473,Excellent,2,Call,614.2166722689076,EV(call)=INR614 [P(RPC)=94.25% x 5% x INR131400 x 10% - INR5],1.0,0.0,0.0,47.0,131400.0,train
AC002398,PH005806,4,2,0.008784313725490198,Poor,3,Call,0.7712941176470602,EV(call)=INR1 [P(RPC)=0.88% x 5% x INR131400 x 10% - INR5],-1.0,-1.0,-1.0,-1.0,131400.0,train
AC002399,PH005807,3,0,0.9891764705882353,Excellent,1,Call,4113.188941176471,EV(call)=INR4113 [P(RPC)=98.92% x 5% x INR832650 x 10% - INR5],28.0,0.0,0.0,33.07142857142857,832650.0,train
AC002399,PH005808,1,1,0.008784313725490198,Poor,2,Call,31.57129411764707,EV(call)=INR32 [P(RPC)=0.88% x 5% x INR832650 x 10% - INR5],8.0,0.0,8.0,0.0,832650.0,train
AC002400,PH005809,3,0,0.43770588235294117,Good,1,Call,908.2733235294118,EV(call)=INR908 [P(RPC)=43.77% x 5% x INR417300 x 10% - INR5],2.0,0.0,0.0,69.0,417300.0,test
AC002400,PH005810,4,1,0.008784313725490198,Poor,2,Call,13.328470588235298,EV(call)=INR13 [P(RPC)=0.88% x 5% x INR417300 x 10% - INR5],-1.0,-1.0,-1.0,-1.0,417300.0,test
