phone_id,account_id,source,priority_slot,target_rpc,is_third_party,is_invalid,total_attempts,wrong_number_count,switched_off_count,not_reachable_count,invalid_number_count,avg_ring_s,avg_talk_s,max_talk_s,pct_zero_talk,pct_zero_ring,n_agents,n_channels,days_since_last,days_since_first,attempts_7d,attempts_30d,recent_failures,failure_rate,talk_rate,outstanding,dpd_start,emi_amount,bureau_score_band,other_active_loans,prev_ptp_count,prev_ptp_broken,split,ability_to_pay_estimate,lender_id,income_type,dialling_arm,n_visits,visits_met,visits_no_trace,avg_dwell_s,visit_success_rate,n_payments,total_paid,avg_payment,phones_per_acct
PH000611,AC000001,3,0,0,0,0,8.0,0.0,3.0,5.0,0.0,0.0,0.0,0.0,1.0,1.0,1.0,1.0,72.27146990740741,86.40273148148148,0.0,0.0,5.0,1.0,0.0,737000.0,81,16750.0,1,2,2,0,train,0.76,2,1,1,4.0,2.0,0.0,688.5,0.5,1.0,50250.0,50250.0,2
PH000612,AC000001,1,1,0,0,0,7.0,1.0,0.0,0.0,0.0,21.285714285714285,13.571428571428571,37.0,0.5714285714285714,0.0,1.0,1.0,47.28914351851852,72.02201388888889,0.0,0.0,1.0,0.14285714285714285,1.0,737000.0,81,16750.0,1,2,2,0,train,0.76,2,1,1,4.0,2.0,0.0,688.5,0.5,1.0,50250.0,50250.0,2
PH000613,AC000002,3,0,0,0,0,1.0,0.0,0.0,0.0,0.0,30.0,0.0,0.0,1.0,0.0,1.0,1.0,88.33266203703704,88.33266203703704,0.0,0.0,0.0,0.0,0.0,284200.0,0,9800.0,2,2,0,0,train,0.65,2,1,1,-1.0,-1.0,-1.0,-1.0,-1.0,1.0,9800.0,9800.0,3
PH000581,AC000002,2,1,0,0,0,8.0,0.0,0.0,0.0,0.0,14.875,61.375,141.0,0.5,0.0,1.0,1.0,18.284363425925925,57.4131712962963,0.0,2.0,0.0,0.0,1.0,284200.0,0,9800.0,2,2,0,0,train,0.65,2,1,1,-1.0,-1.0,-1.0,-1.0,-1.0,1.0,9800.0,9800.0,3
PH000614,AC000002,4,2,0,0,0,-1.0,-1.0,-1.0,-1.0,-1.0,-1.0,-1.0,-1.0,-1.0,-1.0,-1.0,-1.0,-1.0,-1.0,-1.0,-1.0,-1.0,-1.0,-1.0,284200.0,0,9800.0,2,2,0,0,train,0.65,2,1,1,-1.0,-1.0,-1.0,-1.0,-1.0,1.0,9800.0,9800.0,3
PH000615,AC000003,3,0,1,0,0,5.0,0.0,0.0,0.0,0.0,32.8,10.2,51.0,0.8,0.0,1.0,1.0,86.44012731481482,89.37946759259259,0.0,0.0,0.0,0.0,1.0,766700.0,70,22550.0,0,2,2,2,train,0.55,5,2,1,-1.0,-1.0,-1.0,-1.0,-1.0,1.0,67650.0,67650.0,3
PH000616,AC000003,1,1,0,0,0,-1.0,-1.0,-1.0,-1.0,-1.0,-1.0,-1.0,-1.0,-1.0,-1.0,-1.0,-1.0,-1.0,-1.0,-1.0,-1.0,-1.0,-1.0,-1.0,766700.0,70,22550.0,0,2,2,2,train,0.55,5,2,1,-1.0,-1.0,-1.0,-1.0,-1.0,1.0,67650.0,67650.0,3
PH000617,AC000003,4,2,0,0,0,-1.0,-1.0,-1.0,-1.0,-1.0,-1.0,-1.0,-1.0,-1.0,-1.0,-1.0,-1.0,-1.0,-1.0,-1.0,-1.0,-1.0,-1.0,-1.0,766700.0,70,22550.0,0,2,2,2,train,0.55,5,2,1,-1.0,-1.0,-1.0,-1.0,-1.0,1.0,67650.0,67650.0,3
PH000618,AC000004,3,0,1,0,0,5.0,0.0,0.0,0.0,0.0,24.6,9.8,49.0,0.8,0.0,1.0,1.0,82.38283564814814,88.31476851851852,0.0,0.0,0.0,0.0,1.0,160200.0,68,4450.0,0,0,0,0,train,1.0,0,2,1,-1.0,-1.0,-1.0,-1.0,-1.0,1.0,13350.0,13350.0,2
PH000619,AC000004,1,1,0,0,0,-1.0,-1.0,-1.0,-1.0,-1.0,-1.0,-1.0,-1.0,-1.0,-1.0,-1.0,-1.0,-1.0,-1.0,-1.0,-1.0,-1.0,-1.0,-1.0,160200.0,68,4450.0,0,0,0,0,train,1.0,0,2,1,-1.0,-1.0,-1.0,-1.0,-1.0,1.0,13350.0,13350.0,2
PH000620,AC000005,3,0,1,0,0,57.0,0.0,0.0,3.0,0.0,27.333333333333332,52.91228070175438,413.0,0.7368421052631579,0.05263157894736842,2.0,2.0,4.1190625,85.28291666666667,2.0,15.0,1.0,0.05263157894736842,1.0,63200.0,24,3950.0,0,3,3,2,train,-1.0,0,2,1,-1.0,-1.0,-1.0,-1.0,-1.0,-1.0,-1.0,-1.0,2
PH000621,AC000005,1,1,0,0,0,-1.0,-1.0,-1.0,-1.0,-1.0,-1.0,-1.0,-1.0,-1.0,-1.0,-1.0,-1.0,-1.0,-1.0,-1.0,-1.0,-1.0,-1.0,-1.0,63200.0,24,3950.0,0,3,3,2,train,-1.0,0,2,1,-1.0,-1.0,-1.0,-1.0,-1.0,-1.0,-1.0,-1.0,2
PH000622,AC000006,3,0,1,0,0,8.0,0.0,0.0,1.0,0.0,15.875,46.5,323.0,0.75,0.125,2.0,2.0,67.24950231481482,89.30141203703704,0.0,0.0,1.0,0.125,1.0,89250.0,0,4250.0,1,0,0,0,train,-1.0,2,1,1,-1.0,-1.0,-1.0,-1.0,-1.0,1.0,4250.0,4250.0,3
PH000623,AC000006,0,1,0,0,0,-1.0,-1.0,-1.0,-1.0,-1.0,-1.0,-1.0,-1.0,-1.0,-1.0,-1.0,-1.0,-1.0,-1.0,-1.0,-1.0,-1.0,-1.0,-1.0,89250.0,0,4250.0,1,0,0,0,train,-1.0,2,1,1,-1.0,-1.0,-1.0,-1.0,-1.0,1.0,4250.0,4250.0,3
PH000624,AC000006,1,2,0,0,0,-1.0,-1.0,-1.0,-1.0,-1.0,-1.0,-1.0,-1.0,-1.0,-1.0,-1.0,-1.0,-1.0,-1.0,-1.0,-1.0,-1.0,-1.0,-1.0,89250.0,0,4250.0,1,0,0,0,train,-1.0,2,1,1,-1.0,-1.0,-1.0,-1.0,-1.0,1.0,4250.0,4250.0,3
PH000625,AC000007,3,0,1,0,0,2.0,0.0,0.0,0.0,0.0,10.0,64.0,128.0,0.5,0.0,1.0,1.0,86.14989583333333,86.40936342592593,0.0,0.0,0.0,0.0,1.0,197000.0,68,9850.0,0,4,1,1,train,0.65,0,1,0,1.0,0.0,0.0,297.0,0.0,1.0,29550.0,29550.0,2
PH000626,AC000007,4,1,0,0,0,2.0,0.0,0.0,1.0,0.0,10.0,50.5,101.0,0.5,0.5,1.0,1.0,88.23938657407408,88.30827546296297,0.0,0.0,1.0,0.5,1.0,197000.0,68,9850.0,0,4,1,1,train,0.65,0,1,0,1.0,0.0,0.0,297.0,0.0,1.0,29550.0,29550.0,2
PH000627,AC000008,3,0,1,0,0,8.0,0.0,0.0,0.0,0.0,29.375,50.625,311.0,0.625,0.0,2.0,2.0,63.26025462962963,89.33549768518519,0.0,0.0,0.0,0.0,1.0,339300.0,9,11700.0,1,2,1,1,train,0.95,2,1,1,-1.0,-1.0,-1.0,-1.0,-1.0,1.0,11700.0,11700.0,3
PH000628,AC000008,0,1,0,0,0,-1.0,-1.0,-1.0,-1.0,-1.0,-1.0,-1.0,-1.0,-1.0,-1.0,-1.0,-1.0,-1.0,-1.0,-1.0,-1.0,-1.0,-1.0,-1.0,339300.0,9,11700.0,1,2,1,1,train,0.95,2,1,1,-1.0,-1.0,-1.0,-1.0,-1.0,1.0,11700.0,11700.0,3
PH000629,AC000008,4,2,0,0,0,-1.0,-1.0,-1.0,-1.0,-1.0,-1.0,-1.0,-1.0,-1.0,-1.0,-1.0,-1.0,-1.0,-1.0,-1.0,-1.0,-1.0,-1.0,-1.0,339300.0,9,11700.0,1,2,1,1,train,0.95,2,1,1,-1.0,-1.0,-1.0,-1.0,-1.0,1.0,11700.0,11700.0,3
PH000630,AC000009,3,0,0,0,0,8.0,0.0,7.0,1.0,0.0,0.0,0.0,0.0,1.0,1.0,1.0,1.0,67.44635416666667,84.24936342592592,0.0,0.0,5.0,1.0,0.0,37700.0,162,2900.0,0,2,2,0,train,-1.0,5,1,1,6.0,1.0,0.0,322.5,0.16666666666666666,1.0,17400.0,17400.0,2
PH000631,AC000009,1,1,1,0,0,18.0,0.0,0.0,1.0,0.0,25.27777777777778,58.888888888888886,420.0,0.7777777777777778,0.05555555555555555,1.0,1.0,10.263379629629629,65.32431712962963,0.0,6.0,1.0,0.05555555555555555,1.0,37700.0,162,2900.0,0,2,2,0,train,-1.0,5,1,1,6.0,1.0,0.0,322.5,0.16666666666666666,1.0,17400.0,17400.0,2
PH000632,AC000010,3,0,1,0,0,14.0,0.0,0.0,1.0,0.0,19.857142857142858,82.78571428571429,385.0,0.5,0.07142857142857142,2.0,2.0,42.05203703703704,88.44740740740741,0.0,0.0,0.0,0.07142857142857142,1.0,73200.0,0,9150.0,1,1,0,0,train,0.27,0,1,1,-1.0,-1.0,-1.0,-1.0,-1.0,1.0,9150.0,9150.0,3
PH000633,AC000010,1,1,0,0,1,-1.0,-1.0,-1.0,-1.0,-1.0,-1.0,-1.0,-1.0,-1.0,-1.0,-1.0,-1.0,-1.0,-1.0,-1.0,-1.0,-1.0,-1.0,-1.0,73200.0,0,9150.0,1,1,0,0,train,0.27,0,1,1,-1.0,-1.0,-1.0,-1.0,-1.0,1.0,9150.0,9150.0,3
PH000420,AC000010,2,2,0,0,0,-1.0,-1.0,-1.0,-1.0,-1.0,-1.0,-1.0,-1.0,-1.0,-1.0,-1.0,-1.0,-1.0,-1.0,-1.0,-1.0,-1.0,-1.0,-1.0,73200.0,0,9150.0,1,1,0,0,train,0.27,0,1,1,-1.0,-1.0,-1.0,-1.0,-1.0,1.0,9150.0,9150.0,3
PH000637,AC000012,3,0,0,0,0,16.0,0.0,1.0,1.0,0.0,22.6875,0.0,0.0,1.0,0.125,2.0,2.0,19.284953703703703,89.34600694444444,0.0,3.0,0.0,0.125,0.0,161950.0,0,3950.0,1,2,0,0,train,-1.0,1,1,1,1.0,0.0,0.0,463.0,0.0,1.0,3950.0,3950.0,2
PH000638,AC000012,4,1,0,0,0,13.0,1.0,0.0,0.0,0.0,19.615384615384617,63.53846153846154,145.0,0.38461538461538464,0.0,2.0,2.0,7.107337962962963,66.3388425925926,0.0,5.0,1.0,0.07692307692307693,1.0,161950.0,0,3950.0,1,2,0,0,train,-1.0,1,1,1,1.0,0.0,0.0,463.0,0.0,1.0,3950.0,3950.0,2
PH000640,AC000014,3,0,1,0,0,36.0,0.0,1.0,0.0,0.0,25.944444444444443,42.388888888888886,358.0,0.7777777777777778,0.027777777777777776,1.0,1.0,0.3188078703703704,88.45222222222222,2.0,8.0,0.0,0.027777777777777776,1.0,186300.0,45,8100.0,0,1,1,0,train,0.37,2,1,1,2.0,0.0,0.0,117.5,0.0,-1.0,-1.0,-1.0,2
PH000641,AC000014,1,1,0,0,0,-1.0,-1.0,-1.0,-1.0,-1.0,-1.0,-1.0,-1.0,-1.0,-1.0,-1.0,-1.0,-1.0,-1.0,-1.0,-1.0,-1.0,-1.0,-1.0,186300.0,45,8100.0,0,1,1,0,train,0.37,2,1,1,2.0,0.0,0.0,117.5,0.0,-1.0,-1.0,-1.0,2
PH000642,AC000015,3,0,0,0,0,8.0,0.0,6.0,2.0,0.0,0.0,0.0,0.0,1.0,1.0,1.0,1.0,69.0896412037037,89.42290509259259,0.0,0.0,5.0,1.0,0.0,322000.0,129,16100.0,0,2,5,4,train,0.65,0,1,1,4.0,0.0,0.0,227.75,0.0,-1.0,-1.0,-1.0,3
PH000643,AC000015,0,1,1,0,0,13.0,0.0,0.0,1.0,0.0,24.76923076923077,64.61538461538461,333.0,0.7692307692307693,0.07692307692307693,1.0,1.0,2.161655092592593,59.39863425925926,2.0,7.0,1.0,0.07692307692307693,1.0,322000.0,129,16100.0,0,2,5,4,train,0.65,0,1,1,4.0,0.0,0.0,227.75,0.0,-1.0,-1.0,-1.0,3
PH000644,AC000015,4,2,0,0,0,-1.0,-1.0,-1.0,-1.0,-1.0,-1.0,-1.0,-1.0,-1.0,-1.0,-1.0,-1.0,-1.0,-1.0,-1.0,-1.0,-1.0,-1.0,-1.0,322000.0,129,16100.0,0,2,5,4,train,0.65,0,1,1,4.0,0.0,0.0,227.75,0.0,-1.0,-1.0,-1.0,3
PH000645,AC000016,3,0,0,0,0,-1.0,-1.0,-1.0,-1.0,-1.0,-1.0,-1.0,-1.0,-1.0,-1.0,-1.0,-1.0,-1.0,-1.0,-1.0,-1.0,-1.0,-1.0,-1.0,112700.0,324,2300.0,0,1,2,1,train,-1.0,5,0,0,1.0,1.0,0.0,989.0,1.0,1.0,25300.0,25300.0,3
PH000646,AC000016,1,1,0,0,0,-1.0,-1.0,-1.0,-1.0,-1.0,-1.0,-1.0,-1.0,-1.0,-1.0,-1.0,-1.0,-1.0,-1.0,-1.0,-1.0,-1.0,-1.0,-1.0,112700.0,324,2300.0,0,1,2,1,train,-1.0,5,0,0,1.0,1.0,0.0,989.0,1.0,1.0,25300.0,25300.0,3
PH000647,AC000016,4,2,0,0,0,-1.0,-1.0,-1.0,-1.0,-1.0,-1.0,-1.0,-1.0,-1.0,-1.0,-1.0,-1.0,-1.0,-1.0,-1.0,-1.0,-1.0,-1.0,-1.0,112700.0,324,2300.0,0,1,2,1,train,-1.0,5,0,0,1.0,1.0,0.0,989.0,1.0,1.0,25300.0,25300.0,3
PH000658,AC000021,3,0,1,0,0,20.0,0.0,0.0,0.0,0.0,26.35,76.85,331.0,0.6,0.0,1.0,1.0,52.25283564814815,86.37645833333333,0.0,0.0,0.0,0.0,1.0,18800.0,28,2350.0,1,2,1,0,train,0.4,1,1,1,-1.0,-1.0,-1.0,-1.0,-1.0,1.0,2350.0,2350.0,1
PH000663,AC000024,3,0,1,0,0,17.0,0.0,1.0,2.0,0.0,23.764705882352942,17.41176470588235,147.0,0.7647058823529411,0.17647058823529413,1.0,1.0,2.3842476851851853,80.43868055555555,2.0,2.0,0.0,0.17647058823529413,1.0,272800.0,32,6200.0,0,3,4,2,train,0.38,0,1,1,-1.0,-1.0,-1.0,-1.0,-1.0,1.0,6300.0,6300.0,3
PH000664,AC000024,0,1,1,0,0,13.0,0.0,0.0,2.0,0.0,26.0,42.61538461538461,285.0,0.8461538461538461,0.15384615384615385,1.0,1.0,35.278946759259256,47.44613425925926,0.0,0.0,1.0,0.15384615384615385,1.0,272800.0,32,6200.0,0,3,4,2,train,0.38,0,1,1,-1.0,-1.0,-1.0,-1.0,-1.0,1.0,6300.0,6300.0,3
PH000665,AC000024,4,2,0,0,0,8.0,1.0,0.0,0.0,0.0,25.5,52.875,135.0,0.5,0.0,1.0,1.0,3.358321759259259,31.349108796296296,3.0,7.0,1.0,0.125,1.0,272800.0,32,6200.0,0,3,4,2,train,0.38,0,1,1,-1.0,-1.0,-1.0,-1.0,-1.0,1.0,6300.0,6300.0,3
PH000666,AC000025,3,0,0,0,0,8.0,0.0,0.0,0.0,0.0,30.875,0.0,0.0,1.0,0.0,1.0,1.0,59.184699074074075,80.25618055555556,0.0,0.0,0.0,0.0,0.0,160200.0,36,4450.0,2,0,2,0,train,0.93,0,1,1,-1.0,-1.0,-1.0,-1.0,-1.0,1.0,8900.0,8900.0,3
PH000465,AC000025,2,1,0,0,0,7.0,0.0,0.0,1.0,0.0,15.285714285714286,39.285714285714285,100.0,0.42857142857142855,0.14285714285714285,1.0,1.0,46.44261574074074,57.354189814814816,0.0,0.0,1.0,0.14285714285714285,1.0,160200.0,36,4450.0,2,0,2,0,train,0.93,0,1,1,-1.0,-1.0,-1.0,-1.0,-1.0,1.0,8900.0,8900.0,3
PH000671,AC000027,3,0,1,0,1,18.0,0.0,0.0,1.0,0.0,24.166666666666668,64.11111111111111,383.0,0.6666666666666666,0.05555555555555555,1.0,1.0,35.266226851851854,89.42129629629629,0.0,0.0,0.0,0.05555555555555555,1.0,104000.0,79,4000.0,0,3,2,1,train,-1.0,1,1,1,5.0,0.0,0.0,317.6,0.0,1.0,3600.0,3600.0,3
PH000672,AC000027,0,1,0,0,0,4.0,0.0,0.0,0.0,0.0,34.5,0.0,0.0,1.0,0.0,1.0,1.0,6.351724537037037,35.08216435185185,1.0,2.0,0.0,0.0,0.0,104000.0,79,4000.0,0,3,2,1,train,-1.0,1,1,1,5.0,0.0,0.0,317.6,0.0,1.0,3600.0,3600.0,3
PH000673,AC000027,4,2,0,0,0,-1.0,-1.0,-1.0,-1.0,-1.0,-1.0,-1.0,-1.0,-1.0,-1.0,-1.0,-1.0,-1.0,-1.0,-1.0,-1.0,-1.0,-1.0,-1.0,104000.0,79,4000.0,0,3,2,1,train,-1.0,1,1,1,5.0,0.0,0.0,317.6,0.0,1.0,3600.0,3600.0,3
PH000674,AC000028,3,0,1,0,0,9.0,0.0,0.0,1.0,0.0,28.77777777777778,19.88888888888889,179.0,0.8888888888888888,0.1111111111111111,1.0,1.0,66.07017361111112,84.27458333333334,0.0,0.0,1.0,0.1111111111111111,1.0,1310400.0,67,36400.0,0,2,4,1,train,-1.0,4,2,1,8.0,4.0,1.0,480.25,0.5,-1.0,-1.0,-1.0,2
PH000675,AC000028,1,1,1,0,0,9.0,0.0,0.0,0.0,0.0,33.111111111111114,16.333333333333332,147.0,0.8888888888888888,0.0,1.0,1.0,20.42443287037037,60.26001157407408,0.0,4.0,0.0,0.0,1.0,1310400.0,67,36400.0,0,2,4,1,train,-1.0,4,2,1,8.0,4.0,1.0,480.25,0.5,-1.0,-1.0,-1.0,2
PH000676,AC000029,3,0,1,0,0,23.0,0.0,0.0,3.0,0.0,21.434782608695652,44.17391304347826,360.0,0.782608695652174,0.13043478260869565,2.0,2.0,41.04945601851852,89.38365740740741,0.0,0.0,1.0,0.13043478260869565,1.0,121600.0,25,7600.0,0,2,3,3,train,0.09,2,1,1,-1.0,-1.0,-1.0,-1.0,-1.0,1.0,7600.0,7600.0,3
PH000677,AC000029,1,1,1,0,0,5.0,0.0,0.0,0.0,0.0,31.0,72.2,316.0,0.6,0.0,1.0,1.0,30.309108796296297,40.25454861111111,0.0,0.0,0.0,0.0,1.0,121600.0,25,7600.0,0,2,3,3,train,0.09,2,1,1,-1.0,-1.0,-1.0,-1.0,-1.0,1.0,7600.0,7600.0,3
PH000678,AC000029,4,2,0,0,0,-1.0,-1.0,-1.0,-1.0,-1.0,-1.0,-1.0,-1.0,-1.0,-1.0,-1.0,-1.0,-1.0,-1.0,-1.0,-1.0,-1.0,-1.0,-1.0,121600.0,25,7600.0,0,2,3,3,train,0.09,2,1,1,-1.0,-1.0,-1.0,-1.0,-1.0,1.0,7600.0,7600.0,3
PH000685,AC000032,3,0,0,0,1,8.0,0.0,4.0,4.0,0.0,0.0,0.0,0.0,1.0,1.0,1.0,1.0,56.158055555555556,89.28018518518519,0.0,0.0,5.0,1.0,0.0,98600.0,136,3400.0,0,1,2,1,train,0.29,1,2,1,4.0,2.0,1.0,515.25,0.5,1.0,17000.0,17000.0,3
PH000686,AC000032,0,1,1,0,0,3.0,0.0,0.0,0.0,0.0,17.666666666666668,49.666666666666664,109.0,0.3333333333333333,0.0,1.0,1.0,47.31174768518518,54.33612268518519,0.0,0.0,0.0,0.0,1.0,98600.0,136,3400.0,0,1,2,1,train,0.29,1,2,1,4.0,2.0,1.0,515.25,0.5,1.0,17000.0,17000.0,3
PH000687,AC000032,4,2,0,0,0,-1.0,-1.0,-1.0,-1.0,-1.0,-1.0,-1.0,-1.0,-1.0,-1.0,-1.0,-1.0,-1.0,-1.0,-1.0,-1.0,-1.0,-1.0,-1.0,98600.0,136,3400.0,0,1,2,1,train,0.29,1,2,1,4.0,2.0,1.0,515.25,0.5,1.0,17000.0,17000.0,3
PH000688,AC000033,3,0,0,0,0,45.0,0.0,39.0,6.0,0.0,0.0,0.0,0.0,1.0,1.0,1.0,1.0,2.313090277777778,89.26405092592593,3.0,10.0,5.0,1.0,0.0,119600.0,32,2600.0,0,1,2,2,train,0.65,2,1,1,3.0,1.0,1.0,182.66666666666666,0.3333333333333333,-1.0,-1.0,-1.0,1
PH000689,AC000034,3,0,1,0,0,7.0,0.0,0.0,1.0,0.0,26.571428571428573,19.714285714285715,100.0,0.7142857142857143,0.14285714285714285,1.0,1.0,72.07229166666667,84.38603009259259,0.0,0.0,1.0,0.14285714285714285,1.0,140000.0,83,10000.0,0,3,1,0,train,-1.0,0,1,1,2.0,2.0,0.0,308.5,1.0,1.0,30000.0,30000.0,2
PH000690,AC000034,4,1,0,0,0,-1.0,-1.0,-1.0,-1.0,-1.0,-1.0,-1.0,-1.0,-1.0,-1.0,-1.0,-1.0,-1.0,-1.0,-1.0,-1.0,-1.0,-1.0,-1.0,140000.0,83,10000.0,0,3,1,0,train,-1.0,0,1,1,2.0,2.0,0.0,308.5,1.0,1.0,30000.0,30000.0,2
PH000691,AC000035,3,0,1,0,0,6.0,0.0,0.0,1.0,0.0,22.0,33.0,160.0,0.6666666666666666,0.16666666666666666,2.0,2.0,80.11377314814816,86.30666666666667,0.0,0.0,1.0,0.16666666666666666,1.0,18700.0,0,1700.0,2,3,0,0,train,0.54,0,1,1,-1.0,-1.0,-1.0,-1.0,-1.0,1.0,1700.0,1700.0,3
PH000602,AC000035,2,1,0,1,0,6.0,0.0,0.0,0.0,0.0,35.0,7.5,45.0,0.8333333333333334,0.0,1.0,1.0,3.360763888888889,51.441435185185185,1.0,4.0,0.0,0.0,1.0,18700.0,0,1700.0,2,3,0,0,train,0.54,0,1,1,-1.0,-1.0,-1.0,-1.0,-1.0,1.0,1700.0,1700.0,3
PH000692,AC000035,4,2,0,0,0,-1.0,-1.0,-1.0,-1.0,-1.0,-1.0,-1.0,-1.0,-1.0,-1.0,-1.0,-1.0,-1.0,-1.0,-1.0,-1.0,-1.0,-1.0,-1.0,18700.0,0,1700.0,2,3,0,0,train,0.54,0,1,1,-1.0,-1.0,-1.0,-1.0,-1.0,1.0,1700.0,1700.0,3
PH000696,AC000037,3,0,0,0,0,3.0,2.0,0.0,1.0,0.0,3.3333333333333335,14.333333333333334,27.0,0.3333333333333333,0.3333333333333333,2.0,2.0,80.28738425925926,88.40368055555555,0.0,0.0,3.0,1.0,1.0,157500.0,3,3500.0,1,1,1,0,train,0.58,2,1,1,-1.0,-1.0,-1.0,-1.0,-1.0,1.0,3500.0,3500.0,2
PH000697,AC000037,1,1,1,0,0,14.0,0.0,0.0,2.0,0.0,15.357142857142858,46.357142857142854,264.0,0.5714285714285714,0.14285714285714285,2.0,2.0,22.061863425925925,79.38128472222222,0.0,2.0,1.0,0.14285714285714285,1.0,157500.0,3,3500.0,1,1,1,0,train,0.58,2,1,1,-1.0,-1.0,-1.0,-1.0,-1.0,1.0,3500.0,3500.0,2
PH000698,AC000038,3,0,1,0,0,17.0,0.0,0.0,1.0,0.0,23.823529411764707,25.294117647058822,202.0,0.8235294117647058,0.058823529411764705,1.0,1.0,61.289467592592594,88.27543981481482,0.0,0.0,0.0,0.058823529411764705,1.0,107200.0,61,3350.0,0,4,2,2,train,0.65,0,1,1,8.0,3.0,0.0,382.25,0.375,1.0,1600.0,1600.0,2
PH000699,AC000038,4,1,1,0,0,24.0,0.0,0.0,0.0,0.0,27.666666666666668,33.75,285.0,0.75,0.0,1.0,1.0,2.388877314814815,58.296342592592595,2.0,9.0,0.0,0.0,1.0,107200.0,61,3350.0,0,4,2,2,train,0.65,0,1,1,8.0,3.0,0.0,382.25,0.375,1.0,1600.0,1600.0,2
PH000701,AC000040,3,0,0,0,0,8.0,1.0,0.0,1.0,0.0,19.125,2.5,20.0,0.875,0.125,1.0,1.0,48.344976851851854,82.40898148148148,0.0,0.0,0.0,0.25,1.0,193500.0,171,12900.0,0,1,3,2,train,-1.0,0,1,1,9.0,4.0,1.0,564.6666666666666,0.4444444444444444,1.0,47900.0,47900.0,2
PH000702,AC000040,0,1,1,0,0,11.0,0.0,0.0,0.0,0.0,30.818181818181817,9.636363636363637,106.0,0.9090909090909091,0.0,1.0,1.0,5.317083333333334,48.15638888888889,1.0,5.0,0.0,0.0,1.0,193500.0,171,12900.0,0,1,3,2,train,-1.0,0,1,1,9.0,4.0,1.0,564.6666666666666,0.4444444444444444,1.0,47900.0,47900.0,2
PH000708,AC000043,3,0,1,0,0,21.0,0.0,0.0,0.0,0.0,22.666666666666668,8.523809523809524,114.0,0.8571428571428571,0.0,2.0,2.0,10.434976851851852,87.31216435185185,0.0,8.0,0.0,0.0,1.0,275400.0,11,10200.0,1,2,1,0,train,0.4,0,1,1,1.0,0.0,1.0,46.0,0.0,2.0,7000.0,3500.0,4
PH000709,AC000043,0,1,0,0,0,1.0,0.0,1.0,0.0,0.0,0.0,0.0,0.0,1.0,1.0,1.0,1.0,10.20792824074074,10.20792824074074,0.0,1.0,1.0,1.0,0.0,275400.0,11,10200.0,1,2,1,0,train,0.4,0,1,1,1.0,0.0,1.0,46.0,0.0,2.0,7000.0,3500.0,4
PH000710,AC000043,1,2,0,0,0,-1.0,-1.0,-1.0,-1.0,-1.0,-1.0,-1.0,-1.0,-1.0,-1.0,-1.0,-1.0,-1.0,-1.0,-1.0,-1.0,-1.0,-1.0,-1.0,275400.0,11,10200.0,1,2,1,0,train,0.4,0,1,1,1.0,0.0,1.0,46.0,0.0,2.0,7000.0,3500.0,4
PH000711,AC000043,4,3,0,0,0,-1.0,-1.0,-1.0,-1.0,-1.0,-1.0,-1.0,-1.0,-1.0,-1.0,-1.0,-1.0,-1.0,-1.0,-1.0,-1.0,-1.0,-1.0,-1.0,275400.0,11,10200.0,1,2,1,0,train,0.4,0,1,1,1.0,0.0,1.0,46.0,0.0,2.0,7000.0,3500.0,4
PH000712,AC000044,3,0,0,0,0,3.0,0.0,0.0,0.0,0.0,37.0,0.0,0.0,1.0,0.0,1.0,1.0,83.29407407407408,87.25212962962964,0.0,0.0,0.0,0.0,0.0,189800.0,23,7300.0,3,0,2,0,train,1.0,0,1,1,-1.0,-1.0,-1.0,-1.0,-1.0,1.0,7300.0,7300.0,2
PH000713,AC000044,1,1,0,0,0,-1.0,-1.0,-1.0,-1.0,-1.0,-1.0,-1.0,-1.0,-1.0,-1.0,-1.0,-1.0,-1.0,-1.0,-1.0,-1.0,-1.0,-1.0,-1.0,189800.0,23,7300.0,3,0,2,0,train,1.0,0,1,1,-1.0,-1.0,-1.0,-1.0,-1.0,1.0,7300.0,7300.0,2
PH000718,AC000046,3,0,1,0,0,10.0,0.0,0.0,0.0,0.0,28.1,13.0,59.0,0.7,0.0,2.0,2.0,29.33858796296296,77.33454861111112,0.0,1.0,0.0,0.0,1.0,45600.0,0,950.0,1,1,0,0,train,0.0,5,0,0,-1.0,-1.0,-1.0,-1.0,-1.0,3.0,950.0,316.6666666666667,2
PH000719,AC000046,4,1,1,0,0,7.0,0.0,0.0,0.0,0.0,15.285714285714286,46.42857142857143,115.0,0.2857142857142857,0.0,2.0,2.0,26.341666666666665,87.44972222222222,0.0,3.0,0.0,0.0,1.0,45600.0,0,950.0,1,1,0,0,train,0.0,5,0,0,-1.0,-1.0,-1.0,-1.0,-1.0,3.0,950.0,316.6666666666667,2
PH000720,AC000047,3,0,1,0,0,13.0,0.0,1.0,1.0,0.0,21.0,35.23076923076923,391.0,0.7692307692307693,0.15384615384615385,1.0,1.0,64.35116898148148,88.37927083333334,0.0,0.0,2.0,0.15384615384615385,1.0,111600.0,31,3100.0,1,0,0,0,train,0.7,1,1,1,-1.0,-1.0,-1.0,-1.0,-1.0,1.0,6200.0,6200.0,1
PH000721,AC000048,3,0,0,0,0,8.0,2.0,0.0,0.0,0.0,32.5,5.75,36.0,0.75,0.0,1.0,1.0,75.06005787037037,89.41061342592593,0.0,0.0,1.0,0.25,1.0,57000.0,52,1900.0,0,3,0,0,train,0.49,1,0,1,5.0,0.0,1.0,231.0,0.0,-1.0,-1.0,-1.0,1
PH000728,AC000052,3,0,1,0,0,5.0,0.0,0.0,0.0,0.0,25.0,15.8,40.0,0.6,0.0,1.0,1.0,69.28695601851852,86.33358796296297,0.0,0.0,0.0,0.0,1.0,69350.0,0,3650.0,1,2,0,0,train,0.65,1,1,1,-1.0,-1.0,-1.0,-1.0,-1.0,1.0,3650.0,3650.0,2
PH000729,AC000052,1,1,0,0,0,-1.0,-1.0,-1.0,-1.0,-1.0,-1.0,-1.0,-1.0,-1.0,-1.0,-1.0,-1.0,-1.0,-1.0,-1.0,-1.0,-1.0,-1.0,-1.0,69350.0,0,3650.0,1,2,0,0,train,0.65,1,1,1,-1.0,-1.0,-1.0,-1.0,-1.0,1.0,3650.0,3650.0,2
PH000732,AC000054,3,0,1,0,0,16.0,0.0,0.0,1.0,0.0,27.8125,22.5625,165.0,0.75,0.0625,2.0,2.0,2.374652777777778,86.44511574074075,2.0,5.0,1.0,0.0625,1.0,42000.0,18,2100.0,0,4,0,0,train,-1.0,3,0,1,-1.0,-1.0,-1.0,-1.0,-1.0,2.0,1600.0,800.0,3
PH000733,AC000054,0,1,0,0,0,-1.0,-1.0,-1.0,-1.0,-1.0,-1.0,-1.0,-1.0,-1.0,-1.0,-1.0,-1.0,-1.0,-1.0,-1.0,-1.0,-1.0,-1.0,-1.0,42000.0,18,2100.0,0,4,0,0,train,-1.0,3,0,1,-1.0,-1.0,-1.0,-1.0,-1.0,2.0,1600.0,800.0,3
PH000734,AC000054,4,2,0,0,0,-1.0,-1.0,-1.0,-1.0,-1.0,-1.0,-1.0,-1.0,-1.0,-1.0,-1.0,-1.0,-1.0,-1.0,-1.0,-1.0,-1.0,-1.0,-1.0,42000.0,18,2100.0,0,4,0,0,train,-1.0,3,0,1,-1.0,-1.0,-1.0,-1.0,-1.0,2.0,1600.0,800.0,3
PH000735,AC000055,3,0,1,0,0,17.0,0.0,0.0,1.0,0.0,21.647058823529413,36.05882352941177,394.0,0.8235294117647058,0.058823529411764705,1.0,1.0,63.31106481481481,89.30826388888889,0.0,0.0,1.0,0.058823529411764705,1.0,168000.0,50,3500.0,0,2,3,1,train,-1.0,5,1,1,2.0,1.0,0.0,988.0,0.5,1.0,7000.0,7000.0,2
PH000736,AC000055,0,1,0,0,0,3.0,0.0,3.0,0.0,0.0,0.0,0.0,0.0,1.0,1.0,1.0,1.0,51.34515046296296,56.276041666666664,0.0,0.0,3.0,1.0,0.0,168000.0,50,3500.0,0,2,3,1,train,-1.0,5,1,1,2.0,1.0,0.0,988.0,0.5,1.0,7000.0,7000.0,2
PH000045,AC000056,3,0,0,0,0,8.0,0.0,0.0,0.0,0.0,27.0,19.125,105.0,0.75,0.0,1.0,1.0,24.430127314814815,85.33790509259259,0.0,1.0,0.0,0.0,1.0,513000.0,264,11400.0,0,3,1,0,train,0.69,0,2,1,8.0,3.0,0.0,378.625,0.375,1.0,23200.0,23200.0,3
PH000737,AC000056,0,1,1,0,0,11.0,0.0,0.0,2.0,0.0,19.90909090909091,11.090909090909092,122.0,0.9090909090909091,0.18181818181818182,1.0,1.0,18.341655092592593,24.23599537037037,0.0,11.0,0.0,0.18181818181818182,1.0,513000.0,264,11400.0,0,3,1,0,train,0.69,0,2,1,8.0,3.0,0.0,378.625,0.375,1.0,23200.0,23200.0,3
PH000738,AC000056,4,2,0,0,0,4.0,0.0,0.0,0.0,0.0,21.5,45.25,108.0,0.5,0.0,1.0,1.0,2.047384259259259,13.430868055555555,3.0,4.0,0.0,0.0,1.0,513000.0,264,11400.0,0,3,1,0,train,0.69,0,2,1,8.0,3.0,0.0,378.625,0.375,1.0,23200.0,23200.0,3
PH000739,AC000057,3,0,1,0,0,22.0,1.0,0.0,3.0,0.0,22.545454545454547,29.772727272727273,133.0,0.6363636363636364,0.13636363636363635,1.0,1.0,28.252430555555556,88.32175925925925,0.0,1.0,1.0,0.18181818181818182,1.0,43000.0,64,2150.0,0,0,1,0,train,-1.0,0,1,1,-1.0,-1.0,-1.0,-1.0,-1.0,-1.0,-1.0,-1.0,6
PH000740,AC000057,0,1,0,0,0,7.0,0.0,2.0,2.0,0.0,12.571428571428571,8.428571428571429,59.0,0.8571428571428571,0.5714285714285714,1.0,1.0,17.45394675925926,28.201863425925925,0.0,7.0,2.0,0.5714285714285714,1.0,43000.0,64,2150.0,0,0,1,0,train,-1.0,0,1,1,-1.0,-1.0,-1.0,-1.0,-1.0,-1.0,-1.0,-1.0,6
PH000741,AC000057,1,2,0,0,0,-1.0,-1.0,-1.0,-1.0,-1.0,-1.0,-1.0,-1.0,-1.0,-1.0,-1.0,-1.0,-1.0,-1.0,-1.0,-1.0,-1.0,-1.0,-1.0,43000.0,64,2150.0,0,0,1,0,train,-1.0,0,1,1,-1.0,-1.0,-1.0,-1.0,-1.0,-1.0,-1.0,-1.0,6
PH000498,AC000057,2,3,0,0,0,-1.0,-1.0,-1.0,-1.0,-1.0,-1.0,-1.0,-1.0,-1.0,-1.0,-1.0,-1.0,-1.0,-1.0,-1.0,-1.0,-1.0,-1.0,-1.0,43000.0,64,2150.0,0,0,1,0,train,-1.0,0,1,1,-1.0,-1.0,-1.0,-1.0,-1.0,-1.0,-1.0,-1.0,6
PH000742,AC000057,4,4,0,0,0,-1.0,-1.0,-1.0,-1.0,-1.0,-1.0,-1.0,-1.0,-1.0,-1.0,-1.0,-1.0,-1.0,-1.0,-1.0,-1.0,-1.0,-1.0,-1.0,43000.0,64,2150.0,0,0,1,0,train,-1.0,0,1,1,-1.0,-1.0,-1.0,-1.0,-1.0,-1.0,-1.0,-1.0,6
PH000743,AC000058,3,0,1,0,0,4.0,0.0,0.0,0.0,0.0,24.5,8.75,35.0,0.75,0.0,1.0,1.0,59.08170138888889,88.4065162037037,0.0,0.0,0.0,0.0,1.0,376200.0,39,9900.0,0,3,1,0,train,0.63,0,1,1,-1.0,-1.0,-1.0,-1.0,-1.0,1.0,19800.0,19800.0,2
PH000744,AC000058,4,1,0,0,0,-1.0,-1.0,-1.0,-1.0,-1.0,-1.0,-1.0,-1.0,-1.0,-1.0,-1.0,-1.0,-1.0,-1.0,-1.0,-1.0,-1.0,-1.0,-1.0,376200.0,39,9900.0,0,3,1,0,train,0.63,0,1,1,-1.0,-1.0,-1.0,-1.0,-1.0,1.0,19800.0,19800.0,2
PH000745,AC000059,3,0,1,0,0,32.0,0.0,0.0,1.0,0.0,27.40625,51.21875,404.0,0.71875,0.03125,1.0,1.0,7.398958333333334,87.29123842592593,0.0,8.0,0.0,0.03125,1.0,144200.0,58,5150.0,1,0,0,0,train,0.27,0,1,1,-1.0,-1.0,-1.0,-1.0,-1.0,-1.0,-1.0,-1.0,2
PH000746,AC000059,1,1,0,0,0,-1.0,-1.0,-1.0,-1.0,-1.0,-1.0,-1.0,-1.0,-1.0,-1.0,-1.0,-1.0,-1.0,-1.0,-1.0,-1.0,-1.0,-1.0,-1.0,144200.0,58,5150.0,1,0,0,0,train,0.27,0,1,1,-1.0,-1.0,-1.0,-1.0,-1.0,-1.0,-1.0,-1.0,2
PH000747,AC000060,3,0,1,0,0,12.0,0.0,0.0,1.0,0.0,17.666666666666668,113.08333333333333,408.0,0.4166666666666667,0.08333333333333333,1.0,1.0,9.379351851851851,78.42131944444445,0.0,2.0,0.0,0.08333333333333333,1.0,195300.0,193,4650.0,0,2,2,0,train,0.88,2,1,1,6.0,0.0,1.0,226.33333333333334,0.0,1.0,17500.0,17500.0,4
PH000748,AC000060,0,1,0,0,0,-1.0,-1.0,-1.0,-1.0,-1.0,-1.0,-1.0,-1.0,-1.0,-1.0,-1.0,-1.0,-1.0,-1.0,-1.0,-1.0,-1.0,-1.0,-1.0,195300.0,193,4650.0,0,2,2,0,train,0.88,2,1,1,6.0,0.0,1.0,226.33333333333334,0.0,1.0,17500.0,17500.0,4
PH000749,AC000060,1,2,0,0,0,-1.0,-1.0,-1.0,-1.0,-1.0,-1.0,-1.0,-1.0,-1.0,-1.0,-1.0,-1.0,-1.0,-1.0,-1.0,-1.0,-1.0,-1.0,-1.0,195300.0,193,4650.0,0,2,2,0,train,0.88,2,1,1,6.0,0.0,1.0,226.33333333333334,0.0,1.0,17500.0,17500.0,4
PH000750,AC000060,4,3,0,0,0,-1.0,-1.0,-1.0,-1.0,-1.0,-1.0,-1.0,-1.0,-1.0,-1.0,-1.0,-1.0,-1.0,-1.0,-1.0,-1.0,-1.0,-1.0,-1.0,195300.0,193,4650.0,0,2,2,0,train,0.88,2,1,1,6.0,0.0,1.0,226.33333333333334,0.0,1.0,17500.0,17500.0,4
PH000752,AC000062,3,0,0,0,0,10.0,0.0,2.0,2.0,0.0,12.7,0.0,0.0,1.0,0.4,2.0,2.0,0.12011574074074075,85.37106481481482,2.0,2.0,1.0,0.4,0.0,71600.0,25,8950.0,0,2,0,0,train,-1.0,0,2,1,-1.0,-1.0,-1.0,-1.0,-1.0,-1.0,-1.0,-1.0,2
PH000753,AC000062,0,1,1,0,0,30.0,0.0,0.0,3.0,0.0,21.466666666666665,40.266666666666666,414.0,0.7666666666666667,0.1,1.0,1.0,1.2653587962962962,68.29262731481481,2.0,10.0,0.0,0.1,1.0,71600.0,25,8950.0,0,2,0,0,train,-1.0,0,2,1,-1.0,-1.0,-1.0,-1.0,-1.0,-1.0,-1.0,-1.0,2
PH000754,AC000063,3,0,1,0,0,28.0,0.0,0.0,5.0,0.0,15.25,21.571428571428573,366.0,0.8571428571428571,0.17857142857142858,1.0,1.0,21.405787037037037,88.32481481481481,0.0,4.0,0.0,0.17857142857142858,1.0,155000.0,37,5000.0,0,3,4,3,train,0.34,0,1,1,6.0,0.0,1.0,201.83333333333334,0.0,-1.0,-1.0,-1.0,2
PH000755,AC000063,4,1,0,0,0,15.0,0.0,0.0,0.0,0.0,28.533333333333335,8.933333333333334,72.0,0.8666666666666667,0.0,1.0,1.0,3.302673611111111,48.005694444444444,4.0,7.0,0.0,0.0,1.0,155000.0,37,5000.0,0,3,4,3,train,0.34,0,1,1,6.0,0.0,1.0,201.83333333333334,0.0,-1.0,-1.0,-1.0,2
PH000758,AC000065,3,0,1,0,0,12.0,0.0,0.0,2.0,0.0,13.333333333333334,97.58333333333333,395.0,0.4166666666666667,0.16666666666666666,1.0,1.0,54.43851851851852,89.31186342592592,0.0,0.0,1.0,0.16666666666666666,1.0,26000.0,80,2000.0,0,4,6,3,train,0.0,3,2,1,2.0,1.0,0.0,330.0,0.5,1.0,6000.0,6000.0,2
PH000759,AC000065,4,1,0,0,0,-1.0,-1.0,-1.0,-1.0,-1.0,-1.0,-1.0,-1.0,-1.0,-1.0,-1.0,-1.0,-1.0,-1.0,-1.0,-1.0,-1.0,-1.0,-1.0,26000.0,80,2000.0,0,4,6,3,train,0.0,3,2,1,2.0,1.0,0.0,330.0,0.5,1.0,6000.0,6000.0,2
PH000760,AC000066,3,0,0,0,0,12.0,0.0,0.0,1.0,0.0,24.0,26.666666666666668,99.0,0.6666666666666666,0.08333333333333333,2.0,2.0,3.324189814814815,88.44559027777778,4.0,4.0,1.0,0.08333333333333333,1.0,107900.0,0,4150.0,0,2,0,0,train,-1.0,2,1,1,1.0,0.0,0.0,241.0,0.0,-1.0,-1.0,-1.0,2
PH000761,AC000066,4,1,1,0,0,14.0,0.0,0.0,1.0,0.0,16.857142857142858,60.0,145.0,0.35714285714285715,0.07142857142857142,2.0,2.0,9.041516203703704,68.28125,0.0,6.0,0.0,0.07142857142857142,1.0,107900.0,0,4150.0,0,2,0,0,train,-1.0,2,1,1,1.0,0.0,0.0,241.0,0.0,-1.0,-1.0,-1.0,2
PH000762,AC000067,3,0,0,0,0,1.0,0.0,0.0,0.0,0.0,37.0,0.0,0.0,1.0,0.0,1.0,1.0,89.41714120370371,89.41714120370371,0.0,0.0,0.0,0.0,0.0,1393200.0,23,38700.0,1,4,3,1,train,-1.0,4,2,1,-1.0,-1.0,-1.0,-1.0,-1.0,1.0,38700.0,38700.0,3
PH000763,AC000067,0,1,0,0,0,-1.0,-1.0,-1.0,-1.0,-1.0,-1.0,-1.0,-1.0,-1.0,-1.0,-1.0,-1.0,-1.0,-1.0,-1.0,-1.0,-1.0,-1.0,-1.0,1393200.0,23,38700.0,1,4,3,1,train,-1.0,4,2,1,-1.0,-1.0,-1.0,-1.0,-1.0,1.0,38700.0,38700.0,3
PH000764,AC000067,4,2,0,0,0,-1.0,-1.0,-1.0,-1.0,-1.0,-1.0,-1.0,-1.0,-1.0,-1.0,-1.0,-1.0,-1.0,-1.0,-1.0,-1.0,-1.0,-1.0,-1.0,1393200.0,23,38700.0,1,4,3,1,train,-1.0,4,2,1,-1.0,-1.0,-1.0,-1.0,-1.0,1.0,38700.0,38700.0,3
PH000765,AC000068,3,0,1,0,0,19.0,0.0,1.0,1.0,0.0,21.57894736842105,72.3157894736842,380.0,0.5263157894736842,0.10526315789473684,1.0,1.0,22.110949074074075,88.44056712962963,0.0,4.0,0.0,0.10526315789473684,1.0,85500.0,59,1900.0,0,1,0,0,train,0.53,2,2,1,2.0,0.0,1.0,149.5,0.0,2.0,3800.0,1900.0,3
PH000766,AC000068,1,1,0,0,0,-1.0,-1.0,-1.0,-1.0,-1.0,-1.0,-1.0,-1.0,-1.0,-1.0,-1.0,-1.0,-1.0,-1.0,-1.0,-1.0,-1.0,-1.0,-1.0,85500.0,59,1900.0,0,1,0,0,train,0.53,2,2,1,2.0,0.0,1.0,149.5,0.0,2.0,3800.0,1900.0,3
PH000767,AC000068,4,2,0,0,0,-1.0,-1.0,-1.0,-1.0,-1.0,-1.0,-1.0,-1.0,-1.0,-1.0,-1.0,-1.0,-1.0,-1.0,-1.0,-1.0,-1.0,-1.0,-1.0,85500.0,59,1900.0,0,1,0,0,train,0.53,2,2,1,2.0,0.0,1.0,149.5,0.0,2.0,3800.0,1900.0,3
PH000775,AC000072,3,0,1,0,0,13.0,0.0,0.0,4.0,0.0,23.76923076923077,5.153846153846154,38.0,0.8461538461538461,0.3076923076923077,2.0,2.0,7.116203703703704,74.34743055555556,0.0,3.0,3.0,0.3076923076923077,1.0,44850.0,1,3450.0,1,2,2,1,train,0.42,2,2,0,-1.0,-1.0,-1.0,-1.0,-1.0,1.0,700.0,700.0,3
PH000776,AC000072,0,1,0,0,0,6.0,1.0,0.0,1.0,0.0,21.5,2.0,12.0,0.8333333333333334,0.16666666666666666,1.0,1.0,11.280046296296296,58.27552083333333,0.0,3.0,1.0,0.3333333333333333,1.0,44850.0,1,3450.0,1,2,2,1,train,0.42,2,2,0,-1.0,-1.0,-1.0,-1.0,-1.0,1.0,700.0,700.0,3
PH000777,AC000072,4,2,0,0,0,7.0,1.0,0.0,0.0,0.0,15.142857142857142,55.285714285714285,150.0,0.2857142857142857,0.0,2.0,2.0,7.4060648148148145,70.3347800925926,0.0,4.0,1.0,0.14285714285714285,1.0,44850.0,1,3450.0,1,2,2,1,train,0.42,2,2,0,-1.0,-1.0,-1.0,-1.0,-1.0,1.0,700.0,700.0,3
PH000780,AC000074,3,0,0,0,0,13.0,0.0,5.0,1.0,0.0,10.384615384615385,0.0,0.0,1.0,0.46153846153846156,1.0,1.0,0.39590277777777777,89.26481481481481,1.0,5.0,0.0,0.46153846153846156,0.0,58800.0,179,2100.0,0,1,3,2,train,0.47,2,0,1,8.0,2.0,2.0,201.375,0.25,-1.0,-1.0,-1.0,2
PH000781,AC000074,4,1,0,0,0,8.0,0.0,0.0,0.0,0.0,27.125,42.75,132.0,0.625,0.0,1.0,1.0,27.371319444444445,72.32707175925925,0.0,1.0,0.0,0.0,1.0,58800.0,179,2100.0,0,1,3,2,train,0.47,2,0,1,8.0,2.0,2.0,201.375,0.25,-1.0,-1.0,-1.0,2
PH000782,AC000075,3,0,1,0,0,17.0,0.0,0.0,0.0,0.0,24.352941176470587,46.35294117647059,307.0,0.5882352941176471,0.0,1.0,1.0,2.4171412037037037,89.37137731481481,1.0,2.0,0.0,0.0,1.0,140000.0,428,2500.0,0,0,3,1,train,-1.0,1,0,1,7.0,2.0,0.0,533.2857142857143,0.2857142857142857,-1.0,-1.0,-1.0,1
PH000783,AC000076,3,0,0,0,0,8.0,0.0,4.0,4.0,0.0,0.0,0.0,0.0,1.0,1.0,1.0,1.0,75.42721064814815,88.33488425925925,0.0,0.0,5.0,1.0,0.0,668850.0,87,17150.0,1,1,2,1,train,0.93,2,1,1,-1.0,-1.0,-1.0,-1.0,-1.0,1.0,51450.0,51450.0,2
PH000784,AC000076,4,1,0,0,0,2.0,0.0,0.0,0.0,0.0,12.5,77.5,133.0,0.0,0.0,1.0,1.0,68.33209490740741,69.2554050925926,0.0,0.0,0.0,0.0,1.0,668850.0,87,17150.0,1,1,2,1,train,0.93,2,1,1,-1.0,-1.0,-1.0,-1.0,-1.0,1.0,51450.0,51450.0,2
PH000785,AC000077,3,0,0,0,0,8.0,0.0,6.0,2.0,0.0,0.0,0.0,0.0,1.0,1.0,1.0,1.0,74.40541666666667,84.44300925925926,0.0,0.0,5.0,1.0,0.0,55500.0,165,3700.0,0,1,3,1,train,0.6,2,1,1,7.0,0.0,3.0,140.57142857142858,0.0,1.0,13200.0,13200.0,3
PH000786,AC000077,4,1,0,0,0,7.0,0.0,0.0,1.0,0.0,21.857142857142858,27.285714285714285,132.0,0.7142857142857143,0.14285714285714285,1.0,1.0,59.26443287037037,68.29626157407408,0.0,0.0,1.0,0.14285714285714285,1.0,55500.0,165,3700.0,0,1,3,1,train,0.6,2,1,1,7.0,0.0,3.0,140.57142857142858,0.0,1.0,13200.0,13200.0,3
PH000241,AC000078,3,0,0,0,0,9.0,0.0,0.0,1.0,0.0,21.444444444444443,28.555555555555557,142.0,0.6666666666666666,0.1111111111111111,1.0,1.0,0.15520833333333334,84.38119212962962,1.0,1.0,1.0,0.1111111111111111,1.0,101400.0,220,1950.0,0,1,3,3,train,0.39,5,0,1,7.0,0.0,2.0,227.71428571428572,0.0,-1.0,-1.0,-1.0,2
PH000787,AC000078,0,1,1,0,0,15.0,0.0,0.0,0.0,0.0,32.8,45.93333333333333,393.0,0.8666666666666667,0.0,1.0,1.0,0.27921296296296294,67.21569444444444,4.0,10.0,0.0,0.0,1.0,101400.0,220,1950.0,0,1,3,3,train,0.39,5,0,1,7.0,0.0,2.0,227.71428571428572,0.0,-1.0,-1.0,-1.0,2
PH000788,AC000079,3,0,0,0,0,8.0,0.0,8.0,0.0,0.0,0.0,0.0,0.0,1.0,1.0,1.0,1.0,79.23278935185185,89.42716435185186,0.0,0.0,5.0,1.0,0.0,89000.0,58,4450.0,0,0,2,1,train,-1.0,5,1,1,7.0,0.0,0.0,196.71428571428572,0.0,-1.0,-1.0,-1.0,3
PH000346,AC000079,2,1,0,0,0,8.0,1.0,0.0,0.0,0.0,24.5,40.25,131.0,0.5,0.0,1.0,1.0,58.197800925925925,76.38822916666666,0.0,0.0,1.0,0.125,1.0,89000.0,58,4450.0,0,0,2,1,train,-1.0,5,1,1,7.0,0.0,0.0,196.71428571428572,0.0,-1.0,-1.0,-1.0,3
PH000789,AC000080,3,0,1,0,0,20.0,0.0,0.0,0.0,0.0,27.4,40.3,262.0,0.7,0.0,2.0,2.0,4.031145833333333,89.3356712962963,6.0,9.0,0.0,0.0,1.0,504000.0,0,14400.0,2,2,0,0,train,0.5,0,1,1,-1.0,-1.0,-1.0,-1.0,-1.0,3.0,12200.0,4066.6666666666665,3
PH000790,AC000080,0,1,1,0,0,1.0,0.0,0.0,0.0,0.0,11.0,55.0,55.0,0.0,0.0,1.0,1.0,2.329664351851852,2.329664351851852,1.0,1.0,0.0,0.0,1.0,504000.0,0,14400.0,2,2,0,0,train,0.5,0,1,1,-1.0,-1.0,-1.0,-1.0,-1.0,3.0,12200.0,4066.6666666666665,3
PH000791,AC000080,4,2,0,0,0,-1.0,-1.0,-1.0,-1.0,-1.0,-1.0,-1.0,-1.0,-1.0,-1.0,-1.0,-1.0,-1.0,-1.0,-1.0,-1.0,-1.0,-1.0,-1.0,504000.0,0,14400.0,2,2,0,0,train,0.5,0,1,1,-1.0,-1.0,-1.0,-1.0,-1.0,3.0,12200.0,4066.6666666666665,3
PH000793,AC000082,3,0,1,0,0,6.0,0.0,0.0,0.0,0.0,23.333333333333332,26.0,107.0,0.6666666666666666,0.0,1.0,1.0,66.43984953703703,79.36366898148148,0.0,0.0,0.0,0.0,1.0,303600.0,31,13800.0,1,2,0,0,train,-1.0,5,2,1,-1.0,-1.0,-1.0,-1.0,-1.0,1.0,27600.0,27600.0,4
PH000794,AC000082,0,1,0,0,0,-1.0,-1.0,-1.0,-1.0,-1.0,-1.0,-1.0,-1.0,-1.0,-1.0,-1.0,-1.0,-1.0,-1.0,-1.0,-1.0,-1.0,-1.0,-1.0,303600.0,31,13800.0,1,2,0,0,train,-1.0,5,2,1,-1.0,-1.0,-1.0,-1.0,-1.0,1.0,27600.0,27600.0,4
PH000795,AC000082,1,2,0,0,0,-1.0,-1.0,-1.0,-1.0,-1.0,-1.0,-1.0,-1.0,-1.0,-1.0,-1.0,-1.0,-1.0,-1.0,-1.0,-1.0,-1.0,-1.0,-1.0,303600.0,31,13800.0,1,2,0,0,train,-1.0,5,2,1,-1.0,-1.0,-1.0,-1.0,-1.0,1.0,27600.0,27600.0,4
PH000796,AC000082,4,3,0,0,0,-1.0,-1.0,-1.0,-1.0,-1.0,-1.0,-1.0,-1.0,-1.0,-1.0,-1.0,-1.0,-1.0,-1.0,-1.0,-1.0,-1.0,-1.0,-1.0,303600.0,31,13800.0,1,2,0,0,train,-1.0,5,2,1,-1.0,-1.0,-1.0,-1.0,-1.0,1.0,27600.0,27600.0,4
PH000797,AC000083,3,0,1,0,0,29.0,0.0,0.0,0.0,0.0,22.93103448275862,93.27586206896552,411.0,0.4827586206896552,0.0,2.0,2.0,23.328275462962964,89.33768518518518,0.0,5.0,0.0,0.0,1.0,130200.0,7,4200.0,1,2,0,0,train,0.14,5,1,1,-1.0,-1.0,-1.0,-1.0,-1.0,3.0,4200.0,1400.0,2
PH000798,AC000083,4,1,0,1,0,-1.0,-1.0,-1.0,-1.0,-1.0,-1.0,-1.0,-1.0,-1.0,-1.0,-1.0,-1.0,-1.0,-1.0,-1.0,-1.0,-1.0,-1.0,-1.0,130200.0,7,4200.0,1,2,0,0,train,0.14,5,1,1,-1.0,-1.0,-1.0,-1.0,-1.0,3.0,4200.0,1400.0,2
PH000806,AC000086,3,0,1,0,0,20.0,0.0,0.0,0.0,0.0,20.1,43.55,297.0,0.75,0.0,1.0,1.0,6.370347222222223,79.26106481481482,1.0,8.0,0.0,0.0,1.0,919300.0,353,15850.0,0,3,3,2,train,0.08,5,2,1,8.0,0.0,7.0,78.125,0.0,-1.0,-1.0,-1.0,2
PH000807,AC000086,4,1,0,0,0,-1.0,-1.0,-1.0,-1.0,-1.0,-1.0,-1.0,-1.0,-1.0,-1.0,-1.0,-1.0,-1.0,-1.0,-1.0,-1.0,-1.0,-1.0,-1.0,919300.0,353,15850.0,0,3,3,2,train,0.08,5,2,1,8.0,0.0,7.0,78.125,0.0,-1.0,-1.0,-1.0,2
PH000811,AC000088,3,0,1,0,0,9.0,0.0,0.0,2.0,0.0,25.77777777777778,5.777777777777778,52.0,0.8888888888888888,0.2222222222222222,2.0,2.0,41.42275462962963,80.3693287037037,0.0,0.0,1.0,0.2222222222222222,1.0,838500.0,0,27950.0,0,1,0,0,train,0.38,5,2,1,-1.0,-1.0,-1.0,-1.0,-1.0,2.0,27950.0,13975.0,3
PH000812,AC000088,1,1,1,0,0,10.0,0.0,0.0,0.0,0.0,23.7,13.5,135.0,0.9,0.0,1.0,1.0,20.17010416666667,39.3741087962963,0.0,4.0,0.0,0.0,1.0,838500.0,0,27950.0,0,1,0,0,train,0.38,5,2,1,-1.0,-1.0,-1.0,-1.0,-1.0,2.0,27950.0,13975.0,3
PH000813,AC000088,4,2,0,0,0,5.0,0.0,0.0,0.0,0.0,21.0,11.4,30.0,0.6,0.0,1.0,1.0,3.2894212962962963,19.444675925925925,1.0,5.0,0.0,0.0,1.0,838500.0,0,27950.0,0,1,0,0,train,0.38,5,2,1,-1.0,-1.0,-1.0,-1.0,-1.0,2.0,27950.0,13975.0,3
PH000814,AC000089,3,0,1,0,0,31.0,2.0,0.0,1.0,0.0,19.483870967741936,21.129032258064516,228.0,0.7419354838709677,0.03225806451612903,1.0,1.0,5.391608796296296,88.30064814814814,1.0,9.0,0.0,0.0967741935483871,1.0,224250.0,96,5750.0,0,0,4,3,train,-1.0,0,1,1,7.0,0.0,5.0,90.57142857142857,0.0,1.0,14100.0,14100.0,3
PH000815,AC000089,0,1,1,0,0,1.0,0.0,0.0,0.0,0.0,8.0,171.0,171.0,0.0,0.0,1.0,1.0,3.378587962962963,3.378587962962963,1.0,1.0,0.0,0.0,1.0,224250.0,96,5750.0,0,0,4,3,train,-1.0,0,1,1,7.0,0.0,5.0,90.57142857142857,0.0,1.0,14100.0,14100.0,3
PH000816,AC000089,4,2,0,0,0,-1.0,-1.0,-1.0,-1.0,-1.0,-1.0,-1.0,-1.0,-1.0,-1.0,-1.0,-1.0,-1.0,-1.0,-1.0,-1.0,-1.0,-1.0,-1.0,224250.0,96,5750.0,0,0,4,3,train,-1.0,0,1,1,7.0,0.0,5.0,90.57142857142857,0.0,1.0,14100.0,14100.0,3
PH000817,AC000090,3,0,0,0,0,6.0,0.0,0.0,0.0,0.0,33.833333333333336,0.0,0.0,1.0,0.0,1.0,1.0,72.2632175925926,89.2684375,0.0,0.0,0.0,0.0,0.0,95550.0,70,4550.0,0,1,5,3,train,0.73,5,1,1,-1.0,-1.0,-1.0,-1.0,-1.0,1.0,13650.0,13650.0,1
PH000818,AC000091,3,0,1,0,0,19.0,0.0,0.0,1.0,0.0,27.894736842105264,24.42105263157895,198.0,0.7368421052631579,0.05263157894736842,1.0,1.0,22.253854166666667,86.2467361111111,0.0,3.0,0.0,0.05263157894736842,1.0,556450.0,46,17950.0,0,4,1,0,train,-1.0,2,1,1,5.0,2.0,0.0,481.8,0.4,1.0,11900.0,11900.0,3
PH000819,AC000091,1,1,0,0,0,4.0,2.0,0.0,0.0,0.0,23.75,9.75,21.0,0.5,0.0,1.0,1.0,60.03832175925926,62.15320601851852,0.0,0.0,2.0,0.5,1.0,556450.0,46,17950.0,0,4,1,0,train,-1.0,2,1,1,5.0,2.0,0.0,481.8,0.4,1.0,11900.0,11900.0,3
PH000820,AC000091,4,2,1,0,0,11.0,1.0,0.0,3.0,0.0,15.181818181818182,38.72727272727273,134.0,0.5454545454545454,0.2727272727272727,1.0,1.0,46.40733796296296,58.27361111111111,0.0,0.0,2.0,0.36363636363636365,1.0,556450.0,46,17950.0,0,4,1,0,train,-1.0,2,1,1,5.0,2.0,0.0,481.8,0.4,1.0,11900.0,11900.0,3
PH000821,AC000092,3,0,1,0,0,22.0,0.0,6.0,0.0,0.0,22.90909090909091,36.0,391.0,0.8636363636363636,0.2727272727272727,1.0,1.0,8.378680555555556,89.44741898148148,0.0,6.0,0.0,0.2727272727272727,1.0,336200.0,52,8200.0,0,1,2,0,train,0.97,0,1,1,-1.0,-1.0,-1.0,-1.0,-1.0,-1.0,-1.0,-1.0,3
PH000822,AC000092,0,1,1,0,0,5.0,0.0,0.0,0.0,0.0,25.6,43.0,215.0,0.8,0.0,1.0,1.0,2.328009259259259,6.360173611111111,5.0,5.0,0.0,0.0,1.0,336200.0,52,8200.0,0,1,2,0,train,0.97,0,1,1,-1.0,-1.0,-1.0,-1.0,-1.0,-1.0,-1.0,-1.0,3
PH000823,AC000092,4,2,0,0,0,-1.0,-1.0,-1.0,-1.0,-1.0,-1.0,-1.0,-1.0,-1.0,-1.0,-1.0,-1.0,-1.0,-1.0,-1.0,-1.0,-1.0,-1.0,-1.0,336200.0,52,8200.0,0,1,2,0,train,0.97,0,1,1,-1.0,-1.0,-1.0,-1.0,-1.0,-1.0,-1.0,-1.0,3
PH000824,AC000093,3,0,0,0,0,2.0,0.0,0.0,0.0,2.0,0.0,0.0,0.0,1.0,1.0,1.0,1.0,85.3757175925926,86.28423611111111,0.0,0.0,2.0,0.0,0.0,63450.0,15,1350.0,0,2,0,0,train,-1.0,5,0,1,1.0,0.0,1.0,47.0,0.0,-1.0,-1.0,-1.0,2
PH000825,AC000093,4,1,1,0,0,32.0,0.0,0.0,1.0,0.0,28.21875,23.15625,315.0,0.78125,0.03125,2.0,2.0,6.306111111111111,77.34409722222222,1.0,10.0,0.0,0.03125,1.0,63450.0,15,1350.0,0,2,0,0,train,-1.0,5,0,1,1.0,0.0,1.0,47.0,0.0,-1.0,-1.0,-1.0,2
PH000828,AC000095,3,0,1,0,0,19.0,0.0,0.0,0.0,0.0,27.157894736842106,27.263157894736842,345.0,0.7894736842105263,0.0,2.0,2.0,18.060324074074074,84.25039351851852,0.0,8.0,0.0,0.0,1.0,142000.0,0,3550.0,0,1,1,1,train,0.43,1,0,1,-1.0,-1.0,-1.0,-1.0,-1.0,2.0,2300.0,1150.0,3
PH000829,AC000095,0,1,0,0,0,8.0,0.0,0.0,0.0,0.0,26.625,0.0,0.0,1.0,0.0,1.0,1.0,0.2852546296296296,17.435949074074074,4.0,8.0,0.0,0.0,0.0,142000.0,0,3550.0,0,1,1,1,train,0.43,1,0,1,-1.0,-1.0,-1.0,-1.0,-1.0,2.0,2300.0,1150.0,3
PH000830,AC000095,4,2,0,0,0,1.0,0.0,0.0,0.0,0.0,11.0,65.0,65.0,0.0,0.0,1.0,1.0,0.21244212962962963,0.21244212962962963,1.0,1.0,0.0,0.0,1.0,142000.0,0,3550.0,0,1,1,1,train,0.43,1,0,1,-1.0,-1.0,-1.0,-1.0,-1.0,2.0,2300.0,1150.0,3
PH000831,AC000096,3,0,1,0,0,3.0,0.0,0.0,0.0,0.0,22.0,172.33333333333334,277.0,0.3333333333333333,0.0,1.0,1.0,86.43502314814815,89.3268287037037,0.0,0.0,0.0,0.0,1.0,91800.0,17,3400.0,1,5,2,0,train,-1.0,1,1,1,-1.0,-1.0,-1.0,-1.0,-1.0,1.0,3400.0,3400.0,3
PH000832,AC000096,1,1,0,0,0,-1.0,-1.0,-1.0,-1.0,-1.0,-1.0,-1.0,-1.0,-1.0,-1.0,-1.0,-1.0,-1.0,-1.0,-1.0,-1.0,-1.0,-1.0,-1.0,91800.0,17,3400.0,1,5,2,0,train,-1.0,1,1,1,-1.0,-1.0,-1.0,-1.0,-1.0,1.0,3400.0,3400.0,3
PH000833,AC000096,4,2,0,0,0,-1.0,-1.0,-1.0,-1.0,-1.0,-1.0,-1.0,-1.0,-1.0,-1.0,-1.0,-1.0,-1.0,-1.0,-1.0,-1.0,-1.0,-1.0,-1.0,91800.0,17,3400.0,1,5,2,0,train,-1.0,1,1,1,-1.0,-1.0,-1.0,-1.0,-1.0,1.0,3400.0,3400.0,3
PH000834,AC000097,3,0,1,0,0,1.0,0.0,0.0,0.0,0.0,15.0,68.0,68.0,0.0,0.0,1.0,1.0,80.33972222222222,80.33972222222222,0.0,0.0,0.0,0.0,1.0,58900.0,30,3100.0,1,2,0,0,train,0.18,1,1,1,-1.0,-1.0,-1.0,-1.0,-1.0,2.0,3100.0,1550.0,3
PH000835,AC000097,0,1,0,0,0,-1.0,-1.0,-1.0,-1.0,-1.0,-1.0,-1.0,-1.0,-1.0,-1.0,-1.0,-1.0,-1.0,-1.0,-1.0,-1.0,-1.0,-1.0,-1.0,58900.0,30,3100.0,1,2,0,0,train,0.18,1,1,1,-1.0,-1.0,-1.0,-1.0,-1.0,2.0,3100.0,1550.0,3
PH000836,AC000097,4,2,0,0,0,-1.0,-1.0,-1.0,-1.0,-1.0,-1.0,-1.0,-1.0,-1.0,-1.0,-1.0,-1.0,-1.0,-1.0,-1.0,-1.0,-1.0,-1.0,-1.0,58900.0,30,3100.0,1,2,0,0,train,0.18,1,1,1,-1.0,-1.0,-1.0,-1.0,-1.0,2.0,3100.0,1550.0,3
PH000837,AC000098,3,0,0,0,0,3.0,0.0,0.0,0.0,0.0,38.333333333333336,0.0,0.0,1.0,0.0,1.0,1.0,86.10358796296296,89.41483796296296,0.0,0.0,0.0,0.0,0.0,312500.0,49,12500.0,1,4,1,1,train,-1.0,4,2,1,-1.0,-1.0,-1.0,-1.0,-1.0,1.0,25000.0,25000.0,3
PH000838,AC000098,1,1,0,0,1,-1.0,-1.0,-1.0,-1.0,-1.0,-1.0,-1.0,-1.0,-1.0,-1.0,-1.0,-1.0,-1.0,-1.0,-1.0,-1.0,-1.0,-1.0,-1.0,312500.0,49,12500.0,1,4,1,1,train,-1.0,4,2,1,-1.0,-1.0,-1.0,-1.0,-1.0,1.0,25000.0,25000.0,3
PH000839,AC000098,4,2,0,0,0,-1.0,-1.0,-1.0,-1.0,-1.0,-1.0,-1.0,-1.0,-1.0,-1.0,-1.0,-1.0,-1.0,-1.0,-1.0,-1.0,-1.0,-1.0,-1.0,312500.0,49,12500.0,1,4,1,1,train,-1.0,4,2,1,-1.0,-1.0,-1.0,-1.0,-1.0,1.0,25000.0,25000.0,3
PH000840,AC000099,3,0,0,0,0,-1.0,-1.0,-1.0,-1.0,-1.0,-1.0,-1.0,-1.0,-1.0,-1.0,-1.0,-1.0,-1.0,-1.0,-1.0,-1.0,-1.0,-1.0,-1.0,51100.0,0,7300.0,1,3,0,0,train,-1.0,0,1,1,-1.0,-1.0,-1.0,-1.0,-1.0,1.0,7300.0,7300.0,2
PH000841,AC000099,4,1,0,0,0,-1.0,-1.0,-1.0,-1.0,-1.0,-1.0,-1.0,-1.0,-1.0,-1.0,-1.0,-1.0,-1.0,-1.0,-1.0,-1.0,-1.0,-1.0,-1.0,51100.0,0,7300.0,1,3,0,0,train,-1.0,0,1,1,-1.0,-1.0,-1.0,-1.0,-1.0,1.0,7300.0,7300.0,2
PH000842,AC000100,3,0,1,0,0,35.0,0.0,0.0,4.0,0.0,22.057142857142857,35.02857142857143,379.0,0.7714285714285715,0.11428571428571428,1.0,1.0,12.436493055555555,89.2528587962963,0.0,8.0,0.0,0.11428571428571428,1.0,79200.0,35,4400.0,0,1,1,1,train,0.49,1,2,1,4.0,0.0,2.0,192.5,0.0,1.0,2800.0,2800.0,1
PH000843,AC000101,3,0,1,0,0,6.0,0.0,0.0,1.0,0.0,10.833333333333334,96.16666666666667,274.0,0.3333333333333333,0.16666666666666666,2.0,2.0,74.32953703703704,88.27097222222223,0.0,0.0,1.0,0.16666666666666666,1.0,322500.0,5,10750.0,1,2,0,0,train,-1.0,4,2,1,-1.0,-1.0,-1.0,-1.0,-1.0,1.0,10750.0,10750.0,1
PH000844,AC000102,3,0,1,0,0,5.0,0.0,0.0,0.0,0.0,30.0,61.8,269.0,0.6,0.0,2.0,2.0,81.14289351851852,88.2521875,0.0,0.0,0.0,0.0,1.0,410400.0,15,10800.0,1,1,1,1,train,0.77,0,1,1,-1.0,-1.0,-1.0,-1.0,-1.0,1.0,10800.0,10800.0,4
PH000845,AC000102,0,1,0,0,0,-1.0,-1.0,-1.0,-1.0,-1.0,-1.0,-1.0,-1.0,-1.0,-1.0,-1.0,-1.0,-1.0,-1.0,-1.0,-1.0,-1.0,-1.0,-1.0,410400.0,15,10800.0,1,1,1,1,train,0.77,0,1,1,-1.0,-1.0,-1.0,-1.0,-1.0,1.0,10800.0,10800.0,4
PH000347,AC000102,2,2,0,0,0,-1.0,-1.0,-1.0,-1.0,-1.0,-1.0,-1.0,-1.0,-1.0,-1.0,-1.0,-1.0,-1.0,-1.0,-1.0,-1.0,-1.0,-1.0,-1.0,410400.0,15,10800.0,1,1,1,1,train,0.77,0,1,1,-1.0,-1.0,-1.0,-1.0,-1.0,1.0,10800.0,10800.0,4
PH000846,AC000102,4,3,0,0,0,-1.0,-1.0,-1.0,-1.0,-1.0,-1.0,-1.0,-1.0,-1.0,-1.0,-1.0,-1.0,-1.0,-1.0,-1.0,-1.0,-1.0,-1.0,-1.0,410400.0,15,10800.0,1,1,1,1,train,0.77,0,1,1,-1.0,-1.0,-1.0,-1.0,-1.0,1.0,10800.0,10800.0,4
PH000847,AC000103,3,0,1,0,0,25.0,1.0,0.0,4.0,0.0,21.16,2.16,43.0,0.92,0.16,1.0,1.0,2.2804398148148146,89.29754629629629,3.0,10.0,1.0,0.2,1.0,303800.0,98,9800.0,0,4,5,2,train,0.59,2,1,1,9.0,2.0,1.0,422.6666666666667,0.2222222222222222,-1.0,-1.0,-1.0,1
PH000848,AC000104,3,0,0,0,0,6.0,2.0,0.0,0.0,0.0,27.833333333333332,7.166666666666667,26.0,0.6666666666666666,0.0,1.0,1.0,67.31813657407407,87.40960648148148,0.0,0.0,1.0,0.3333333333333333,1.0,434700.0,146,10350.0,0,2,5,3,train,0.67,4,2,1,1.0,1.0,0.0,490.0,1.0,1.0,51750.0,51750.0,1
PH000849,AC000105,3,0,1,0,0,3.0,0.0,0.0,0.0,0.0,16.333333333333332,9.333333333333334,28.0,0.6666666666666666,0.0,1.0,1.0,80.41501157407407,87.36679398148148,0.0,0.0,0.0,0.0,1.0,144000.0,87,3200.0,0,2,3,1,train,0.28,5,1,1,1.0,0.0,0.0,190.0,0.0,1.0,9600.0,9600.0,2
PH000850,AC000105,4,1,0,0,0,-1.0,-1.0,-1.0,-1.0,-1.0,-1.0,-1.0,-1.0,-1.0,-1.0,-1.0,-1.0,-1.0,-1.0,-1.0,-1.0,-1.0,-1.0,-1.0,144000.0,87,3200.0,0,2,3,1,train,0.28,5,1,1,1.0,0.0,0.0,190.0,0.0,1.0,9600.0,9600.0,2
PH000851,AC000106,3,0,0,0,0,-1.0,-1.0,-1.0,-1.0,-1.0,-1.0,-1.0,-1.0,-1.0,-1.0,-1.0,-1.0,-1.0,-1.0,-1.0,-1.0,-1.0,-1.0,-1.0,65800.0,0,2350.0,4,1,0,0,train,-1.0,5,2,1,-1.0,-1.0,-1.0,-1.0,-1.0,1.0,2350.0,2350.0,2
PH000852,AC000106,4,1,0,0,0,-1.0,-1.0,-1.0,-1.0,-1.0,-1.0,-1.0,-1.0,-1.0,-1.0,-1.0,-1.0,-1.0,-1.0,-1.0,-1.0,-1.0,-1.0,-1.0,65800.0,0,2350.0,4,1,0,0,train,-1.0,5,2,1,-1.0,-1.0,-1.0,-1.0,-1.0,1.0,2350.0,2350.0,2
PH000853,AC000107,3,0,1,0,0,24.0,0.0,0.0,0.0,0.0,22.541666666666668,82.375,375.0,0.5833333333333334,0.0,1.0,1.0,2.4470833333333335,87.30368055555556,1.0,10.0,0.0,0.0,1.0,18850.0,61,1450.0,0,3,0,0,train,0.38,2,2,1,5.0,0.0,1.0,236.2,0.0,-1.0,-1.0,-1.0,2
PH000854,AC000107,0,1,0,0,0,-1.0,-1.0,-1.0,-1.0,-1.0,-1.0,-1.0,-1.0,-1.0,-1.0,-1.0,-1.0,-1.0,-1.0,-1.0,-1.0,-1.0,-1.0,-1.0,18850.0,61,1450.0,0,3,0,0,train,0.38,2,2,1,5.0,0.0,1.0,236.2,0.0,-1.0,-1.0,-1.0,2
PH000229,AC000109,3,0,1,0,0,18.0,1.0,0.0,0.0,0.0,17.333333333333332,30.555555555555557,146.0,0.5,0.0,1.0,1.0,19.253229166666667,84.27893518518519,0.0,3.0,0.0,0.05555555555555555,1.0,91200.0,52,2850.0,0,3,1,1,train,0.81,5,1,1,3.0,0.0,1.0,396.6666666666667,0.0,1.0,3200.0,3200.0,2
PH000857,AC000109,4,1,1,0,0,19.0,1.0,0.0,1.0,0.0,18.894736842105264,46.10526315789474,143.0,0.47368421052631576,0.05263157894736842,1.0,1.0,2.3282175925925928,68.0544212962963,1.0,6.0,0.0,0.10526315789473684,1.0,91200.0,52,2850.0,0,3,1,1,train,0.81,5,1,1,3.0,0.0,1.0,396.6666666666667,0.0,1.0,3200.0,3200.0,2
PH000858,AC000110,3,0,1,0,0,24.0,0.0,0.0,3.0,0.0,22.5,18.458333333333332,382.0,0.9166666666666666,0.125,1.0,1.0,4.37587962962963,82.4516087962963,1.0,8.0,1.0,0.125,1.0,266900.0,431,7850.0,0,1,3,2,train,0.12,0,2,1,9.0,4.0,1.0,327.3333333333333,0.4444444444444444,-1.0,-1.0,-1.0,1
PH000859,AC000111,3,0,0,0,0,8.0,0.0,7.0,1.0,0.0,0.0,0.0,0.0,1.0,1.0,2.0,2.0,74.18024305555555,88.37219907407408,0.0,0.0,5.0,1.0,0.0,338400.0,17,7050.0,0,4,2,1,train,-1.0,0,1,1,-1.0,-1.0,-1.0,-1.0,-1.0,1.0,2900.0,2900.0,4
PH000860,AC000111,0,1,0,0,0,8.0,0.0,5.0,3.0,0.0,0.0,0.0,0.0,1.0,1.0,1.0,1.0,56.34789351851852,71.30297453703703,0.0,0.0,5.0,1.0,0.0,338400.0,17,7050.0,0,4,2,1,train,-1.0,0,1,1,-1.0,-1.0,-1.0,-1.0,-1.0,1.0,2900.0,2900.0,4
PH000464,AC000111,2,2,1,0,0,40.0,0.0,0.0,4.0,0.0,17.975,52.75,143.0,0.425,0.1,3.0,1.0,9.451712962962963,67.32891203703704,0.0,5.0,1.0,0.1,1.0,338400.0,17,7050.0,0,4,2,1,train,-1.0,0,1,1,-1.0,-1.0,-1.0,-1.0,-1.0,1.0,2900.0,2900.0,4
PH000861,AC000111,4,3,1,0,0,10.0,0.0,0.0,0.0,0.0,30.3,72.0,416.0,0.6,0.0,1.0,1.0,1.2358333333333333,33.22679398148148,3.0,8.0,0.0,0.0,1.0,338400.0,17,7050.0,0,4,2,1,train,-1.0,0,1,1,-1.0,-1.0,-1.0,-1.0,-1.0,1.0,2900.0,2900.0,4
PH000862,AC000112,3,0,1,0,0,21.0,0.0,0.0,2.0,0.0,23.476190476190474,45.857142857142854,273.0,0.6666666666666666,0.09523809523809523,1.0,1.0,26.168287037037036,87.34510416666667,0.0,2.0,1.0,0.09523809523809523,1.0,649850.0,233,15850.0,0,0,4,1,train,-1.0,0,1,1,5.0,0.0,5.0,62.6,0.0,-1.0,-1.0,-1.0,2
PH000863,AC000112,4,1,0,0,0,-1.0,-1.0,-1.0,-1.0,-1.0,-1.0,-1.0,-1.0,-1.0,-1.0,-1.0,-1.0,-1.0,-1.0,-1.0,-1.0,-1.0,-1.0,-1.0,649850.0,233,15850.0,0,0,4,1,train,-1.0,0,1,1,5.0,0.0,5.0,62.6,0.0,-1.0,-1.0,-1.0,2
PH000864,AC000113,3,0,0,0,0,16.0,1.0,0.0,1.0,0.0,31.5,0.4375,7.0,0.9375,0.0625,1.0,1.0,28.374479166666667,82.24746527777778,0.0,1.0,0.0,0.125,1.0,274000.0,77,27400.0,0,2,4,1,train,-1.0,5,2,1,7.0,3.0,1.0,485.85714285714283,0.42857142857142855,1.0,35600.0,35600.0,2
PH000865,AC000113,4,1,1,0,0,16.0,1.0,0.0,2.0,0.0,17.8125,24.875,145.0,0.6875,0.125,1.0,1.0,12.444849537037037,63.32019675925926,0.0,8.0,2.0,0.1875,1.0,274000.0,77,27400.0,0,2,4,1,train,-1.0,5,2,1,7.0,3.0,1.0,485.85714285714283,0.42857142857142855,1.0,35600.0,35600.0,2
PH000866,AC000114,3,0,1,0,0,34.0,1.0,0.0,3.0,0.0,23.235294117647058,25.88235294117647,130.0,0.6176470588235294,0.08823529411764706,2.0,2.0,2.4387731481481483,85.26144675925926,4.0,15.0,2.0,0.11764705882352941,1.0,1552500.0,4,33750.0,1,1,0,0,train,-1.0,5,2,1,-1.0,-1.0,-1.0,-1.0,-1.0,-1.0,-1.0,-1.0,1
PH000869,AC000116,3,0,1,0,0,14.0,0.0,0.0,0.0,0.0,22.571428571428573,58.07142857142857,390.0,0.7142857142857143,0.0,1.0,1.0,37.30293981481481,89.41609953703704,0.0,0.0,0.0,0.0,1.0,499500.0,63,11100.0,0,1,0,0,train,0.5,0,1,1,3.0,1.0,1.0,548.6666666666666,0.3333333333333333,1.0,12100.0,12100.0,2
PH000870,AC000116,4,1,1,0,0,7.0,0.0,0.0,0.0,0.0,25.142857142857142,15.857142857142858,67.0,0.7142857142857143,0.0,1.0,1.0,21.01685185185185,29.406458333333333,0.0,7.0,0.0,0.0,1.0,499500.0,63,11100.0,0,1,0,0,train,0.5,0,1,1,3.0,1.0,1.0,548.6666666666666,0.3333333333333333,1.0,12100.0,12100.0,2
PH000873,AC000118,3,0,0,0,0,10.0,0.0,9.0,1.0,0.0,0.0,0.0,0.0,1.0,1.0,2.0,2.0,4.314016203703703,87.33217592592592,1.0,2.0,5.0,1.0,0.0,488250.0,0,13950.0,2,2,0,0,train,0.58,0,1,1,-1.0,-1.0,-1.0,-1.0,-1.0,1.0,13950.0,13950.0,3
PH000874,AC000118,4,1,0,0,0,7.0,0.0,0.0,0.0,0.0,27.0,36.714285714285715,131.0,0.5714285714285714,0.0,1.0,1.0,31.105891203703703,65.29050925925925,0.0,0.0,0.0,0.0,1.0,488250.0,0,13950.0,2,2,0,0,train,0.58,0,1,1,-1.0,-1.0,-1.0,-1.0,-1.0,1.0,13950.0,13950.0,3
PH000878,AC000120,3,0,0,0,0,8.0,0.0,6.0,2.0,0.0,0.0,0.0,0.0,1.0,1.0,1.0,1.0,44.33939814814815,85.30327546296296,0.0,0.0,5.0,1.0,0.0,68000.0,432,3400.0,0,1,5,1,train,0.72,1,1,1,8.0,2.0,0.0,332.5,0.25,-1.0,-1.0,-1.0,2
PH000476,AC000120,2,1,0,0,0,22.0,0.0,0.0,2.0,0.0,25.0,23.136363636363637,120.0,0.6818181818181818,0.09090909090909091,2.0,1.0,5.43324074074074,70.39298611111111,1.0,6.0,0.0,0.09090909090909091,1.0,68000.0,432,3400.0,0,1,5,1,train,0.72,1,1,1,8.0,2.0,0.0,332.5,0.25,-1.0,-1.0,-1.0,2
PH000884,AC000123,3,0,1,0,0,9.0,0.0,0.0,1.0,0.0,28.77777777777778,22.77777777777778,205.0,0.8888888888888888,0.1111111111111111,1.0,1.0,76.36496527777778,89.32363425925926,0.0,0.0,0.0,0.1111111111111111,1.0,37800.0,75,1050.0,0,0,4,3,train,0.35,3,2,1,9.0,3.0,1.0,428.1111111111111,0.3333333333333333,-1.0,-1.0,-1.0,3
PH000885,AC000123,0,1,1,0,0,20.0,0.0,0.0,1.0,0.0,27.0,45.5,355.0,0.8,0.05,1.0,1.0,1.2428819444444446,76.03878472222222,3.0,6.0,0.0,0.05,1.0,37800.0,75,1050.0,0,0,4,3,train,0.35,3,2,1,9.0,3.0,1.0,428.1111111111111,0.3333333333333333,-1.0,-1.0,-1.0,3
PH000886,AC000123,4,2,0,0,0,-1.0,-1.0,-1.0,-1.0,-1.0,-1.0,-1.0,-1.0,-1.0,-1.0,-1.0,-1.0,-1.0,-1.0,-1.0,-1.0,-1.0,-1.0,-1.0,37800.0,75,1050.0,0,0,4,3,train,0.35,3,2,1,9.0,3.0,1.0,428.1111111111111,0.3333333333333333,-1.0,-1.0,-1.0,3
PH000887,AC000124,3,0,1,0,0,22.0,0.0,0.0,2.0,0.0,24.5,24.09090909090909,317.0,0.8181818181818182,0.09090909090909091,2.0,2.0,0.4252430555555556,83.44686342592593,2.0,4.0,1.0,0.09090909090909091,1.0,80850.0,11,7350.0,0,2,0,0,train,-1.0,0,1,1,-1.0,-1.0,-1.0,-1.0,-1.0,1.0,3300.0,3300.0,2
PH000888,AC000124,1,1,1,0,0,9.0,0.0,0.0,1.0,0.0,16.333333333333332,54.0,127.0,0.4444444444444444,0.1111111111111111,1.0,1.0,10.338055555555556,27.308703703703703,0.0,9.0,0.0,0.1111111111111111,1.0,80850.0,11,7350.0,0,2,0,0,train,-1.0,0,1,1,-1.0,-1.0,-1.0,-1.0,-1.0,1.0,3300.0,3300.0,2
PH000889,AC000125,3,0,0,0,0,8.0,0.0,3.0,0.0,0.0,22.5,0.0,0.0,1.0,0.375,2.0,2.0,68.31048611111112,87.25012731481482,0.0,0.0,0.0,0.375,0.0,112000.0,15,4000.0,1,4,1,0,train,0.4,5,0,1,-1.0,-1.0,-1.0,-1.0,-1.0,1.0,4000.0,4000.0,2
PH000890,AC000125,4,1,1,0,0,2.0,0.0,0.0,0.0,0.0,16.5,169.5,309.0,0.0,0.0,1.0,1.0,60.43322916666666,68.21125,0.0,0.0,0.0,0.0,1.0,112000.0,15,4000.0,1,4,1,0,train,0.4,5,0,1,-1.0,-1.0,-1.0,-1.0,-1.0,1.0,4000.0,4000.0,2
PH000064,AC000126,3,0,0,0,0,13.0,1.0,0.0,2.0,0.0,17.307692307692307,27.384615384615383,121.0,0.5384615384615384,0.15384615384615385,1.0,1.0,0.2944907407407407,89.26626157407408,2.0,5.0,0.0,0.23076923076923078,1.0,332500.0,76,6650.0,0,2,1,0,train,0.73,2,1,1,4.0,0.0,0.0,277.75,0.0,1.0,12100.0,12100.0,2
PH000891,AC000126,0,1,1,0,0,21.0,0.0,0.0,1.0,0.0,20.285714285714285,17.38095238095238,313.0,0.8571428571428571,0.047619047619047616,1.0,1.0,17.282337962962963,78.01075231481481,0.0,5.0,0.0,0.047619047619047616,1.0,332500.0,76,6650.0,0,2,1,0,train,0.73,2,1,1,4.0,0.0,0.0,277.75,0.0,1.0,12100.0,12100.0,2
PH000892,AC000127,3,0,1,0,0,10.0,0.0,0.0,2.0,0.0,25.9,3.6,36.0,0.9,0.2,2.0,2.0,67.37148148148148,87.34836805555555,0.0,0.0,2.0,0.2,1.0,47000.0,17,4700.0,1,0,1,1,train,0.71,5,1,1,-1.0,-1.0,-1.0,-1.0,-1.0,2.0,4700.0,2350.0,3
PH000893,AC000127,0,1,1,0,0,20.0,0.0,0.0,0.0,0.0,30.15,55.8,390.0,0.8,0.0,1.0,1.0,25.354918981481482,67.0530787037037,0.0,3.0,0.0,0.0,1.0,47000.0,17,4700.0,1,0,1,1,train,0.71,5,1,1,-1.0,-1.0,-1.0,-1.0,-1.0,2.0,4700.0,2350.0,3
PH000894,AC000127,4,2,1,0,0,6.0,0.0,0.0,0.0,0.0,24.166666666666668,38.166666666666664,126.0,0.5,0.0,1.0,1.0,16.224305555555556,24.292384259259258,0.0,6.0,0.0,0.0,1.0,47000.0,17,4700.0,1,0,1,1,train,0.71,5,1,1,-1.0,-1.0,-1.0,-1.0,-1.0,2.0,4700.0,2350.0,3
PH000895,AC000128,3,0,1,0,0,21.0,0.0,0.0,2.0,0.0,21.523809523809526,59.38095238095238,372.0,0.6190476190476191,0.09523809523809523,2.0,2.0,17.38982638888889,84.4337962962963,0.0,4.0,0.0,0.09523809523809523,1.0,135000.0,0,3000.0,4,0,0,0,train,0.73,5,1,1,-1.0,-1.0,-1.0,-1.0,-1.0,2.0,3000.0,1500.0,4
PH000896,AC000128,0,1,0,0,0,-1.0,-1.0,-1.0,-1.0,-1.0,-1.0,-1.0,-1.0,-1.0,-1.0,-1.0,-1.0,-1.0,-1.0,-1.0,-1.0,-1.0,-1.0,-1.0,135000.0,0,3000.0,4,0,0,0,train,0.73,5,1,1,-1.0,-1.0,-1.0,-1.0,-1.0,2.0,3000.0,1500.0,4
PH000355,AC000128,2,2,1,0,0,20.0,0.0,0.0,1.0,0.0,20.05,39.0,141.0,0.45,0.05,1.0,1.0,9.299027777777777,62.27728009259259,0.0,10.0,1.0,0.05,1.0,135000.0,0,3000.0,4,0,0,0,train,0.73,5,1,1,-1.0,-1.0,-1.0,-1.0,-1.0,2.0,3000.0,1500.0,4
PH000897,AC000128,4,3,0,0,0,-1.0,-1.0,-1.0,-1.0,-1.0,-1.0,-1.0,-1.0,-1.0,-1.0,-1.0,-1.0,-1.0,-1.0,-1.0,-1.0,-1.0,-1.0,-1.0,135000.0,0,3000.0,4,0,0,0,train,0.73,5,1,1,-1.0,-1.0,-1.0,-1.0,-1.0,2.0,3000.0,1500.0,4
PH000898,AC000129,3,0,1,0,0,6.0,0.0,0.0,1.0,0.0,26.166666666666668,6.333333333333333,38.0,0.8333333333333334,0.16666666666666666,2.0,2.0,76.25833333333334,89.31179398148149,0.0,0.0,1.0,0.16666666666666666,1.0,291900.0,11,13900.0,0,1,1,1,train,0.92,0,1,1,-1.0,-1.0,-1.0,-1.0,-1.0,1.0,13900.0,13900.0,2
PH000899,AC000129,4,1,0,0,0,-1.0,-1.0,-1.0,-1.0,-1.0,-1.0,-1.0,-1.0,-1.0,-1.0,-1.0,-1.0,-1.0,-1.0,-1.0,-1.0,-1.0,-1.0,-1.0,291900.0,11,13900.0,0,1,1,1,train,0.92,0,1,1,-1.0,-1.0,-1.0,-1.0,-1.0,1.0,13900.0,13900.0,2
PH000900,AC000130,3,0,0,0,0,8.0,0.0,0.0,1.0,0.0,20.75,25.375,128.0,0.625,0.125,1.0,1.0,62.3840162037037,88.29127314814815,0.0,0.0,1.0,0.125,1.0,347600.0,172,15800.0,0,2,0,0,train,0.35,0,1,1,2.0,0.0,1.0,208.5,0.0,1.0,94800.0,94800.0,2
PH000901,AC000130,4,1,0,0,0,-1.0,-1.0,-1.0,-1.0,-1.0,-1.0,-1.0,-1.0,-1.0,-1.0,-1.0,-1.0,-1.0,-1.0,-1.0,-1.0,-1.0,-1.0,-1.0,347600.0,172,15800.0,0,2,0,0,train,0.35,0,1,1,2.0,0.0,1.0,208.5,0.0,1.0,94800.0,94800.0,2
PH000902,AC000131,3,0,1,0,0,23.0,0.0,0.0,2.0,0.0,26.217391304347824,23.82608695652174,393.0,0.8260869565217391,0.08695652173913043,1.0,1.0,2.3346875,88.24778935185185,2.0,9.0,0.0,0.08695652173913043,1.0,234000.0,77,9000.0,0,1,2,1,train,-1.0,0,1,1,1.0,0.0,0.0,172.0,0.0,1.0,15700.0,15700.0,5
PH000903,AC000131,0,1,0,0,0,-1.0,-1.0,-1.0,-1.0,-1.0,-1.0,-1.0,-1.0,-1.0,-1.0,-1.0,-1.0,-1.0,-1.0,-1.0,-1.0,-1.0,-1.0,-1.0,234000.0,77,9000.0,0,1,2,1,train,-1.0,0,1,1,1.0,0.0,0.0,172.0,0.0,1.0,15700.0,15700.0,5
PH000904,AC000131,1,2,0,0,0,-1.0,-1.0,-1.0,-1.0,-1.0,-1.0,-1.0,-1.0,-1.0,-1.0,-1.0,-1.0,-1.0,-1.0,-1.0,-1.0,-1.0,-1.0,-1.0,234000.0,77,9000.0,0,1,2,1,train,-1.0,0,1,1,1.0,0.0,0.0,172.0,0.0,1.0,15700.0,15700.0,5
PH000385,AC000131,2,3,0,0,0,-1.0,-1.0,-1.0,-1.0,-1.0,-1.0,-1.0,-1.0,-1.0,-1.0,-1.0,-1.0,-1.0,-1.0,-1.0,-1.0,-1.0,-1.0,-1.0,234000.0,77,9000.0,0,1,2,1,train,-1.0,0,1,1,1.0,0.0,0.0,172.0,0.0,1.0,15700.0,15700.0,5
PH000905,AC000131,4,4,0,0,0,-1.0,-1.0,-1.0,-1.0,-1.0,-1.0,-1.0,-1.0,-1.0,-1.0,-1.0,-1.0,-1.0,-1.0,-1.0,-1.0,-1.0,-1.0,-1.0,234000.0,77,9000.0,0,1,2,1,train,-1.0,0,1,1,1.0,0.0,0.0,172.0,0.0,1.0,15700.0,15700.0,5
PH000908,AC000133,3,0,1,0,0,31.0,0.0,0.0,2.0,0.0,25.903225806451612,45.38709677419355,397.0,0.7741935483870968,0.06451612903225806,2.0,2.0,0.16277777777777777,85.34681712962963,4.0,13.0,0.0,0.06451612903225806,1.0,430650.0,2,13050.0,1,1,1,0,train,0.67,2,1,1,-1.0,-1.0,-1.0,-1.0,-1.0,-1.0,-1.0,-1.0,1
PH000911,AC000135,3,0,0,0,0,10.0,2.0,0.0,0.0,0.0,28.2,9.6,35.0,0.7,0.0,1.0,1.0,23.249016203703704,87.34604166666666,0.0,2.0,1.0,0.2,1.0,32300.0,69,1700.0,0,4,2,1,train,-1.0,0,2,1,9.0,1.0,7.0,115.11111111111111,0.1111111111111111,-1.0,-1.0,-1.0,3
PH000912,AC000135,4,1,0,0,0,15.0,1.0,0.0,3.0,0.0,19.866666666666667,50.666666666666664,147.0,0.5333333333333333,0.2,1.0,1.0,3.3798958333333333,68.45049768518518,1.0,8.0,1.0,0.26666666666666666,1.0,32300.0,69,1700.0,0,4,2,1,train,-1.0,0,2,1,9.0,1.0,7.0,115.11111111111111,0.1111111111111111,-1.0,-1.0,-1.0,3
PH000913,AC000136,3,0,0,0,0,6.0,2.0,0.0,0.0,0.0,23.666666666666668,7.833333333333333,27.0,0.5,0.0,2.0,2.0,73.3241087962963,88.32422453703704,0.0,0.0,1.0,0.3333333333333333,1.0,984100.0,0,37850.0,1,1,0,0,train,0.69,4,2,1,-1.0,-1.0,-1.0,-1.0,-1.0,2.0,37850.0,18925.0,2
PH000914,AC000136,0,1,1,0,0,7.0,0.0,0.0,2.0,0.0,18.428571428571427,63.57142857142857,396.0,0.7142857142857143,0.2857142857142857,2.0,2.0,39.37517361111111,60.25422453703704,0.0,0.0,2.0,0.2857142857142857,1.0,984100.0,0,37850.0,1,1,0,0,train,0.69,4,2,1,-1.0,-1.0,-1.0,-1.0,-1.0,2.0,37850.0,18925.0,2
PH000915,AC000137,3,0,0,0,0,8.0,0.0,1.0,1.0,0.0,27.375,0.0,0.0,1.0,0.25,1.0,1.0,48.40744212962963,88.27096064814815,0.0,0.0,1.0,0.25,0.0,61600.0,299,3850.0,0,3,1,1,train,0.48,1,1,1,4.0,1.0,0.0,342.75,0.25,1.0,38500.0,38500.0,2
PH000916,AC000137,1,1,0,0,1,3.0,1.0,0.0,0.0,0.0,20.666666666666668,13.666666666666666,29.0,0.3333333333333333,0.0,1.0,1.0,44.15085648148148,45.439224537037035,0.0,0.0,1.0,0.3333333333333333,1.0,61600.0,299,3850.0,0,3,1,1,train,0.48,1,1,1,4.0,1.0,0.0,342.75,0.25,1.0,38500.0,38500.0,2
PH000027,AC000138,3,0,1,0,0,19.0,0.0,0.0,3.0,0.0,20.157894736842106,37.8421052631579,150.0,0.631578947368421,0.15789473684210525,1.0,1.0,5.227337962962963,87.27299768518519,2.0,8.0,1.0,0.15789473684210525,1.0,90000.0,94,9000.0,0,1,2,1,train,0.53,0,1,1,9.0,5.0,1.0,569.2222222222222,0.5555555555555556,-1.0,-1.0,-1.0,2
PH000917,AC000138,4,1,0,0,0,9.0,0.0,0.0,0.0,0.0,30.22222222222222,24.0,132.0,0.7777777777777778,0.0,1.0,1.0,4.282465277777778,54.27986111111111,1.0,2.0,0.0,0.0,1.0,90000.0,94,9000.0,0,1,2,1,train,0.53,0,1,1,9.0,5.0,1.0,569.2222222222222,0.5555555555555556,-1.0,-1.0,-1.0,2
PH000919,AC000140,3,0,1,0,0,30.0,0.0,0.0,1.0,0.0,25.266666666666666,46.2,325.0,0.7,0.03333333333333333,1.0,1.0,0.2839467592592593,80.43224537037037,6.0,10.0,0.0,0.03333333333333333,1.0,566950.0,214,33350.0,0,0,7,3,train,0.41,4,2,1,3.0,2.0,1.0,732.3333333333334,0.6666666666666666,3.0,234100.0,78033.33333333333,1
PH000924,AC000143,3,0,1,0,0,21.0,1.0,0.0,2.0,0.0,24.952380952380953,39.76190476190476,329.0,0.7619047619047619,0.09523809523809523,2.0,2.0,11.389224537037038,82.44836805555556,0.0,10.0,1.0,0.14285714285714285,1.0,92250.0,0,2250.0,1,1,1,1,train,-1.0,1,0,1,-1.0,-1.0,-1.0,-1.0,-1.0,1.0,1800.0,1800.0,2
PH000925,AC000143,4,1,0,0,0,8.0,1.0,0.0,0.0,0.0,26.375,40.25,136.0,0.625,0.0,1.0,1.0,36.164224537037036,50.415046296296296,0.0,0.0,1.0,0.125,1.0,92250.0,0,2250.0,1,1,1,1,train,-1.0,1,0,1,-1.0,-1.0,-1.0,-1.0,-1.0,1.0,1800.0,1800.0,2
PH000926,AC000144,3,0,1,0,0,12.0,0.0,0.0,0.0,0.0,30.416666666666668,13.75,89.0,0.75,0.0,1.0,1.0,53.43460648148148,89.335625,0.0,0.0,0.0,0.0,1.0,377400.0,156,10200.0,0,2,3,0,train,-1.0,2,1,1,2.0,0.0,1.0,73.5,0.0,1.0,61200.0,61200.0,3
PH000927,AC000144,0,1,0,0,0,-1.0,-1.0,-1.0,-1.0,-1.0,-1.0,-1.0,-1.0,-1.0,-1.0,-1.0,-1.0,-1.0,-1.0,-1.0,-1.0,-1.0,-1.0,-1.0,377400.0,156,10200.0,0,2,3,0,train,-1.0,2,1,1,2.0,0.0,1.0,73.5,0.0,1.0,61200.0,61200.0,3
PH000928,AC000144,4,2,0,0,0,-1.0,-1.0,-1.0,-1.0,-1.0,-1.0,-1.0,-1.0,-1.0,-1.0,-1.0,-1.0,-1.0,-1.0,-1.0,-1.0,-1.0,-1.0,-1.0,377400.0,156,10200.0,0,2,3,0,train,-1.0,2,1,1,2.0,0.0,1.0,73.5,0.0,1.0,61200.0,61200.0,3
PH000931,AC000147,3,0,1,0,0,24.0,0.0,0.0,2.0,0.0,29.083333333333332,17.958333333333332,182.0,0.7916666666666666,0.08333333333333333,2.0,2.0,21.44988425925926,82.38936342592592,0.0,5.0,0.0,0.08333333333333333,1.0,22500.0,6,1250.0,2,3,2,1,train,0.82,2,1,1,-1.0,-1.0,-1.0,-1.0,-1.0,1.0,500.0,500.0,5
PH000932,AC000147,0,1,0,0,0,-1.0,-1.0,-1.0,-1.0,-1.0,-1.0,-1.0,-1.0,-1.0,-1.0,-1.0,-1.0,-1.0,-1.0,-1.0,-1.0,-1.0,-1.0,-1.0,22500.0,6,1250.0,2,3,2,1,train,0.82,2,1,1,-1.0,-1.0,-1.0,-1.0,-1.0,1.0,500.0,500.0,5
PH000933,AC000147,1,2,0,0,0,-1.0,-1.0,-1.0,-1.0,-1.0,-1.0,-1.0,-1.0,-1.0,-1.0,-1.0,-1.0,-1.0,-1.0,-1.0,-1.0,-1.0,-1.0,-1.0,22500.0,6,1250.0,2,3,2,1,train,0.82,2,1,1,-1.0,-1.0,-1.0,-1.0,-1.0,1.0,500.0,500.0,5
PH000499,AC000147,2,3,0,0,0,5.0,0.0,0.0,0.0,0.0,35.8,0.0,0.0,1.0,0.0,1.0,1.0,2.403298611111111,30.00353009259259,4.0,4.0,0.0,0.0,0.0,22500.0,6,1250.0,2,3,2,1,train,0.82,2,1,1,-1.0,-1.0,-1.0,-1.0,-1.0,1.0,500.0,500.0,5
PH000934,AC000147,4,4,0,0,0,-1.0,-1.0,-1.0,-1.0,-1.0,-1.0,-1.0,-1.0,-1.0,-1.0,-1.0,-1.0,-1.0,-1.0,-1.0,-1.0,-1.0,-1.0,-1.0,22500.0,6,1250.0,2,3,2,1,train,0.82,2,1,1,-1.0,-1.0,-1.0,-1.0,-1.0,1.0,500.0,500.0,5
PH000935,AC000148,3,0,1,0,0,2.0,0.0,0.0,0.0,0.0,25.0,27.0,54.0,0.5,0.0,1.0,1.0,86.35488425925926,87.3145486111111,0.0,0.0,0.0,0.0,1.0,86800.0,1,10850.0,0,3,1,1,train,-1.0,2,1,1,-1.0,-1.0,-1.0,-1.0,-1.0,1.0,10850.0,10850.0,2
PH000441,AC000148,2,1,1,0,0,17.0,0.0,0.0,0.0,0.0,17.235294117647058,30.823529411764707,111.0,0.5294117647058824,0.0,1.0,1.0,8.114826388888888,31.41337962962963,0.0,16.0,0.0,0.0,1.0,86800.0,1,10850.0,0,3,1,1,train,-1.0,2,1,1,-1.0,-1.0,-1.0,-1.0,-1.0,1.0,10850.0,10850.0,2
PH000936,AC000149,3,0,1,0,0,23.0,0.0,3.0,1.0,0.0,25.52173913043478,29.608695652173914,414.0,0.8695652173913043,0.17391304347826086,1.0,1.0,5.314953703703703,86.41337962962963,1.0,10.0,2.0,0.17391304347826086,1.0,28750.0,142,1150.0,0,5,4,1,train,-1.0,5,0,1,2.0,1.0,0.0,914.0,0.5,1.0,1300.0,1300.0,2
PH000937,AC000149,4,1,0,0,0,8.0,1.0,0.0,1.0,0.0,26.125,24.375,103.0,0.625,0.125,1.0,1.0,37.27431712962963,54.43553240740741,0.0,0.0,1.0,0.25,1.0,28750.0,142,1150.0,0,5,4,1,train,-1.0,5,0,1,2.0,1.0,0.0,914.0,0.5,1.0,1300.0,1300.0,2
PH000938,AC000150,3,0,1,0,0,11.0,0.0,0.0,0.0,0.0,23.818181818181817,121.0909090909091,397.0,0.5454545454545454,0.0,1.0,1.0,74.43143518518518,88.39122685185185,0.0,0.0,0.0,0.0,1.0,347400.0,49,9650.0,1,1,0,0,train,1.0,0,1,1,-1.0,-1.0,-1.0,-1.0,-1.0,1.0,19300.0,19300.0,1
PH000939,AC000151,3,0,1,0,0,37.0,0.0,0.0,1.0,0.0,25.0,28.405405405405407,170.0,0.7027027027027027,0.02702702702702703,2.0,2.0,6.031504629629629,81.2977662037037,2.0,15.0,1.0,0.02702702702702703,1.0,114800.0,0,2800.0,1,3,0,0,train,0.31,1,1,1,2.0,0.0,0.0,319.0,0.0,1.0,2800.0,2800.0,5
PH000940,AC000151,0,1,0,0,0,-1.0,-1.0,-1.0,-1.0,-1.0,-1.0,-1.0,-1.0,-1.0,-1.0,-1.0,-1.0,-1.0,-1.0,-1.0,-1.0,-1.0,-1.0,-1.0,114800.0,0,2800.0,1,3,0,0,train,0.31,1,1,1,2.0,0.0,0.0,319.0,0.0,1.0,2800.0,2800.0,5
PH000941,AC000151,1,2,0,0,0,-1.0,-1.0,-1.0,-1.0,-1.0,-1.0,-1.0,-1.0,-1.0,-1.0,-1.0,-1.0,-1.0,-1.0,-1.0,-1.0,-1.0,-1.0,-1.0,114800.0,0,2800.0,1,3,0,0,train,0.31,1,1,1,2.0,0.0,0.0,319.0,0.0,1.0,2800.0,2800.0,5
PH000547,AC000151,2,3,0,0,0,-1.0,-1.0,-1.0,-1.0,-1.0,-1.0,-1.0,-1.0,-1.0,-1.0,-1.0,-1.0,-1.0,-1.0,-1.0,-1.0,-1.0,-1.0,-1.0,114800.0,0,2800.0,1,3,0,0,train,0.31,1,1,1,2.0,0.0,0.0,319.0,0.0,1.0,2800.0,2800.0,5
PH000942,AC000151,4,4,0,0,0,-1.0,-1.0,-1.0,-1.0,-1.0,-1.0,-1.0,-1.0,-1.0,-1.0,-1.0,-1.0,-1.0,-1.0,-1.0,-1.0,-1.0,-1.0,-1.0,114800.0,0,2800.0,1,3,0,0,train,0.31,1,1,1,2.0,0.0,0.0,319.0,0.0,1.0,2800.0,2800.0,5
PH000943,AC000152,3,0,0,0,0,8.0,0.0,2.0,1.0,0.0,22.5,0.0,0.0,1.0,0.375,1.0,1.0,56.44416666666667,81.39913194444445,0.0,0.0,0.0,0.375,0.0,586000.0,357,14650.0,0,2,5,3,train,-1.0,2,1,1,2.0,0.0,1.0,142.5,0.0,-1.0,-1.0,-1.0,3
PH000944,AC000152,4,1,0,0,0,8.0,0.0,0.0,1.0,0.0,14.5,20.75,111.0,0.75,0.125,1.0,1.0,41.01185185185185,56.109594907407406,0.0,0.0,0.0,0.125,1.0,586000.0,357,14650.0,0,2,5,3,train,-1.0,2,1,1,2.0,0.0,1.0,142.5,0.0,-1.0,-1.0,-1.0,3
PH000143,AC000153,3,0,1,0,0,27.0,2.0,0.0,5.0,0.0,20.85185185185185,30.296296296296298,141.0,0.6296296296296297,0.18518518518518517,3.0,2.0,52.304143518518515,87.32418981481482,0.0,0.0,0.0,0.25925925925925924,1.0,154050.0,17,3950.0,2,2,1,0,train,-1.0,2,1,1,1.0,0.0,0.0,236.0,0.0,1.0,3950.0,3950.0,5
PH000945,AC000153,1,1,0,0,0,8.0,2.0,0.0,2.0,0.0,14.875,5.75,20.0,0.625,0.25,1.0,1.0,56.14491898148148,67.38819444444445,0.0,0.0,2.0,0.5,1.0,154050.0,17,3950.0,2,2,1,0,train,-1.0,2,1,1,1.0,0.0,0.0,236.0,0.0,1.0,3950.0,3950.0,5
PH000489,AC000153,2,2,0,0,0,-1.0,-1.0,-1.0,-1.0,-1.0,-1.0,-1.0,-1.0,-1.0,-1.0,-1.0,-1.0,-1.0,-1.0,-1.0,-1.0,-1.0,-1.0,-1.0,154050.0,17,3950.0,2,2,1,0,train,-1.0,2,1,1,1.0,0.0,0.0,236.0,0.0,1.0,3950.0,3950.0,5
PH000946,AC000153,4,3,0,0,0,-1.0,-1.0,-1.0,-1.0,-1.0,-1.0,-1.0,-1.0,-1.0,-1.0,-1.0,-1.0,-1.0,-1.0,-1.0,-1.0,-1.0,-1.0,-1.0,154050.0,17,3950.0,2,2,1,0,train,-1.0,2,1,1,1.0,0.0,0.0,236.0,0.0,1.0,3950.0,3950.0,5
PH000947,AC000154,3,0,0,0,0,15.0,0.0,14.0,1.0,0.0,0.0,0.0,0.0,1.0,1.0,1.0,1.0,26.40829861111111,82.25605324074074,0.0,2.0,5.0,1.0,0.0,399000.0,182,10500.0,0,0,1,0,train,0.75,5,2,1,9.0,0.0,9.0,118.88888888888889,0.0,-1.0,-1.0,-1.0,3
PH000948,AC000154,4,1,1,0,0,9.0,1.0,0.0,0.0,0.0,22.0,48.55555555555556,140.0,0.4444444444444444,0.0,1.0,1.0,37.32400462962963,62.3272337962963,0.0,0.0,1.0,0.1111111111111111,1.0,399000.0,182,10500.0,0,0,1,0,train,0.75,5,2,1,9.0,0.0,9.0,118.88888888888889,0.0,-1.0,-1.0,-1.0,3
PH000949,AC000155,3,0,0,0,0,21.0,0.0,6.0,15.0,0.0,0.0,0.0,0.0,1.0,1.0,1.0,1.0,6.113530092592592,89.33009259259259,2.0,7.0,5.0,1.0,0.0,741300.0,157,17650.0,0,0,2,2,train,-1.0,2,1,1,7.0,0.0,6.0,106.14285714285714,0.0,-1.0,-1.0,-1.0,1
PH000950,AC000156,3,0,1,0,0,13.0,0.0,0.0,0.0,0.0,34.38461538461539,46.15384615384615,319.0,0.8461538461538461,0.0,2.0,2.0,3.1292013888888888,88.25346064814815,3.0,8.0,0.0,0.0,1.0,154400.0,0,9650.0,3,0,0,0,train,0.82,2,1,0,2.0,0.0,1.0,149.5,0.0,-1.0,-1.0,-1.0,3
PH000951,AC000156,1,1,0,0,0,10.0,2.0,0.0,2.0,0.0,14.5,5.8,31.0,0.8,0.2,2.0,2.0,19.409479166666667,85.38675925925926,0.0,4.0,1.0,0.4,1.0,154400.0,0,9650.0,3,0,0,0,train,0.82,2,1,0,2.0,0.0,1.0,149.5,0.0,-1.0,-1.0,-1.0,3
PH000362,AC000156,2,2,0,0,0,20.0,1.0,0.0,0.0,0.0,20.4,48.3,144.0,0.4,0.0,2.0,2.0,3.4407175925925926,74.4025925925926,3.0,13.0,0.0,0.05,1.0,154400.0,0,9650.0,3,0,0,0,train,0.82,2,1,0,2.0,0.0,1.0,149.5,0.0,-1.0,-1.0,-1.0,3
PH000952,AC000157,3,0,1,0,0,32.0,0.0,0.0,2.0,0.0,29.75,28.6875,293.0,0.8125,0.0625,1.0,1.0,38.27474537037037,84.35123842592593,0.0,0.0,0.0,0.0625,1.0,736750.0,50,21050.0,0,1,2,1,train,-1.0,5,2,1,-1.0,-1.0,-1.0,-1.0,-1.0,3.0,42100.0,14033.333333333334,1
PH000956,AC000159,3,0,1,0,0,13.0,0.0,0.0,2.0,0.0,24.615384615384617,38.92307692307692,277.0,0.6923076923076923,0.15384615384615385,1.0,1.0,34.402824074074076,84.29099537037037,0.0,0.0,2.0,0.15384615384615385,1.0,109200.0,448,2600.0,0,2,5,4,train,0.78,1,1,1,5.0,2.0,0.0,449.6,0.4,2.0,31200.0,15600.0,1
PH000957,AC000160,3,0,1,0,0,42.0,0.0,0.0,1.0,0.0,24.61904761904762,44.5,412.0,0.8333333333333334,0.023809523809523808,1.0,1.0,2.388796296296296,86.30643518518518,3.0,15.0,0.0,0.023809523809523808,1.0,138000.0,48,3000.0,0,2,1,0,train,0.41,2,2,1,2.0,1.0,1.0,390.0,0.5,-1.0,-1.0,-1.0,1
PH000958,AC000161,3,0,1,0,0,4.0,0.0,0.0,0.0,0.0,22.0,19.75,46.0,0.5,0.0,1.0,1.0,62.33109953703703,88.34244212962963,0.0,0.0,0.0,0.0,1.0,147000.0,77,3000.0,0,5,4,3,train,-1.0,5,1,1,2.0,1.0,0.0,680.0,0.5,1.0,9000.0,9000.0,3
PH000959,AC000161,0,1,0,0,0,-1.0,-1.0,-1.0,-1.0,-1.0,-1.0,-1.0,-1.0,-1.0,-1.0,-1.0,-1.0,-1.0,-1.0,-1.0,-1.0,-1.0,-1.0,-1.0,147000.0,77,3000.0,0,5,4,3,train,-1.0,5,1,1,2.0,1.0,0.0,680.0,0.5,1.0,9000.0,9000.0,3
PH000960,AC000161,4,2,0,0,0,-1.0,-1.0,-1.0,-1.0,-1.0,-1.0,-1.0,-1.0,-1.0,-1.0,-1.0,-1.0,-1.0,-1.0,-1.0,-1.0,-1.0,-1.0,-1.0,147000.0,77,3000.0,0,5,4,3,train,-1.0,5,1,1,2.0,1.0,0.0,680.0,0.5,1.0,9000.0,9000.0,3
PH000167,AC000162,3,0,0,0,0,8.0,0.0,0.0,1.0,0.0,25.25,34.375,150.0,0.625,0.125,1.0,1.0,73.4314699074074,88.34208333333333,0.0,0.0,1.0,0.125,1.0,112000.0,60,3200.0,0,1,1,1,train,0.49,0,1,1,2.0,0.0,1.0,116.5,0.0,1.0,1400.0,1400.0,4
PH000961,AC000162,0,1,1,0,0,13.0,0.0,0.0,1.0,0.0,23.846153846153847,33.46153846153846,392.0,0.8461538461538461,0.07692307692307693,1.0,1.0,49.13596064814815,73.11018518518519,0.0,0.0,1.0,0.07692307692307693,1.0,112000.0,60,3200.0,0,1,1,1,train,0.49,0,1,1,2.0,0.0,1.0,116.5,0.0,1.0,1400.0,1400.0,4
PH000962,AC000162,1,2,0,0,0,8.0,0.0,0.0,0.0,0.0,31.5,0.0,0.0,1.0,0.0,1.0,1.0,30.37523148148148,42.30260416666667,0.0,0.0,0.0,0.0,0.0,112000.0,60,3200.0,0,1,1,1,train,0.49,0,1,1,2.0,0.0,1.0,116.5,0.0,1.0,1400.0,1400.0,4
PH000963,AC000162,4,3,1,0,0,5.0,0.0,0.0,0.0,0.0,20.8,39.8,127.0,0.6,0.0,1.0,1.0,2.40744212962963,24.274652777777778,3.0,5.0,0.0,0.0,1.0,112000.0,60,3200.0,0,1,1,1,train,0.49,0,1,1,2.0,0.0,1.0,116.5,0.0,1.0,1400.0,1400.0,4
PH000969,AC000165,3,0,1,0,0,18.0,0.0,8.0,0.0,0.0,14.666666666666666,24.833333333333332,272.0,0.8333333333333334,0.4444444444444444,2.0,2.0,21.253900462962964,83.31002314814815,0.0,1.0,0.0,0.4444444444444444,1.0,55350.0,1,2050.0,0,4,1,1,train,0.52,1,1,1,-1.0,-1.0,-1.0,-1.0,-1.0,-1.0,-1.0,-1.0,3
PH000970,AC000165,0,1,1,0,0,10.0,0.0,0.0,0.0,0.0,28.7,30.3,164.0,0.7,0.0,1.0,1.0,3.155266203703704,17.261875,4.0,10.0,0.0,0.0,1.0,55350.0,1,2050.0,0,4,1,1,train,0.52,1,1,1,-1.0,-1.0,-1.0,-1.0,-1.0,-1.0,-1.0,-1.0,3
PH000971,AC000165,4,2,0,0,0,-1.0,-1.0,-1.0,-1.0,-1.0,-1.0,-1.0,-1.0,-1.0,-1.0,-1.0,-1.0,-1.0,-1.0,-1.0,-1.0,-1.0,-1.0,-1.0,55350.0,1,2050.0,0,4,1,1,train,0.52,1,1,1,-1.0,-1.0,-1.0,-1.0,-1.0,-1.0,-1.0,-1.0,3
PH000973,AC000167,3,0,1,0,0,2.0,0.0,0.0,0.0,0.0,18.5,28.5,57.0,0.5,0.0,2.0,2.0,89.19032407407407,89.30011574074074,0.0,0.0,0.0,0.0,1.0,170000.0,22,5000.0,0,3,1,1,train,-1.0,0,1,1,-1.0,-1.0,-1.0,-1.0,-1.0,1.0,5000.0,5000.0,3
PH000974,AC000167,0,1,0,0,0,-1.0,-1.0,-1.0,-1.0,-1.0,-1.0,-1.0,-1.0,-1.0,-1.0,-1.0,-1.0,-1.0,-1.0,-1.0,-1.0,-1.0,-1.0,-1.0,170000.0,22,5000.0,0,3,1,1,train,-1.0,0,1,1,-1.0,-1.0,-1.0,-1.0,-1.0,1.0,5000.0,5000.0,3
PH000975,AC000167,1,2,0,0,0,-1.0,-1.0,-1.0,-1.0,-1.0,-1.0,-1.0,-1.0,-1.0,-1.0,-1.0,-1.0,-1.0,-1.0,-1.0,-1.0,-1.0,-1.0,-1.0,170000.0,22,5000.0,0,3,1,1,train,-1.0,0,1,1,-1.0,-1.0,-1.0,-1.0,-1.0,1.0,5000.0,5000.0,3
PH000979,AC000170,3,0,1,0,0,15.0,0.0,0.0,1.0,0.0,19.666666666666668,77.6,406.0,0.6,0.06666666666666667,2.0,2.0,42.22625,86.39168981481481,0.0,0.0,0.0,0.06666666666666667,1.0,141550.0,9,7450.0,2,1,0,0,train,-1.0,2,1,1,-1.0,-1.0,-1.0,-1.0,-1.0,1.0,7450.0,7450.0,2
PH000980,AC000170,1,1,0,0,0,-1.0,-1.0,-1.0,-1.0,-1.0,-1.0,-1.0,-1.0,-1.0,-1.0,-1.0,-1.0,-1.0,-1.0,-1.0,-1.0,-1.0,-1.0,-1.0,141550.0,9,7450.0,2,1,0,0,train,-1.0,2,1,1,-1.0,-1.0,-1.0,-1.0,-1.0,1.0,7450.0,7450.0,2
PH000981,AC000171,3,0,1,0,0,13.0,0.0,0.0,2.0,0.0,18.615384615384617,30.0,253.0,0.6153846153846154,0.15384615384615385,2.0,2.0,45.41234953703704,80.42928240740741,0.0,0.0,1.0,0.15384615384615385,1.0,489600.0,0,10200.0,3,1,1,1,train,-1.0,4,2,1,-1.0,-1.0,-1.0,-1.0,-1.0,1.0,10200.0,10200.0,3
PH000982,AC000171,0,1,0,0,0,-1.0,-1.0,-1.0,-1.0,-1.0,-1.0,-1.0,-1.0,-1.0,-1.0,-1.0,-1.0,-1.0,-1.0,-1.0,-1.0,-1.0,-1.0,-1.0,489600.0,0,10200.0,3,1,1,1,train,-1.0,4,2,1,-1.0,-1.0,-1.0,-1.0,-1.0,1.0,10200.0,10200.0,3
PH000983,AC000171,4,2,0,1,0,-1.0,-1.0,-1.0,-1.0,-1.0,-1.0,-1.0,-1.0,-1.0,-1.0,-1.0,-1.0,-1.0,-1.0,-1.0,-1.0,-1.0,-1.0,-1.0,489600.0,0,10200.0,3,1,1,1,train,-1.0,4,2,1,-1.0,-1.0,-1.0,-1.0,-1.0,1.0,10200.0,10200.0,3
PH000984,AC000172,3,0,1,0,0,12.0,0.0,0.0,1.0,0.0,14.416666666666666,17.583333333333332,174.0,0.8333333333333334,0.08333333333333333,2.0,2.0,52.2403587962963,88.37244212962963,0.0,0.0,1.0,0.08333333333333333,1.0,33000.0,2,750.0,0,5,1,0,train,0.66,5,0,1,-1.0,-1.0,-1.0,-1.0,-1.0,2.0,750.0,375.0,4
PH000985,AC000172,0,1,1,0,0,12.0,0.0,0.0,0.0,0.0,27.333333333333332,38.75,381.0,0.75,0.0,1.0,1.0,11.0440625,50.35265046296296,0.0,6.0,0.0,0.0,1.0,33000.0,2,750.0,0,5,1,0,train,0.66,5,0,1,-1.0,-1.0,-1.0,-1.0,-1.0,2.0,750.0,375.0,4
PH000986,AC000172,1,2,0,0,0,-1.0,-1.0,-1.0,-1.0,-1.0,-1.0,-1.0,-1.0,-1.0,-1.0,-1.0,-1.0,-1.0,-1.0,-1.0,-1.0,-1.0,-1.0,-1.0,33000.0,2,750.0,0,5,1,0,train,0.66,5,0,1,-1.0,-1.0,-1.0,-1.0,-1.0,2.0,750.0,375.0,4
PH000987,AC000172,4,3,0,0,0,-1.0,-1.0,-1.0,-1.0,-1.0,-1.0,-1.0,-1.0,-1.0,-1.0,-1.0,-1.0,-1.0,-1.0,-1.0,-1.0,-1.0,-1.0,-1.0,33000.0,2,750.0,0,5,1,0,train,0.66,5,0,1,-1.0,-1.0,-1.0,-1.0,-1.0,2.0,750.0,375.0,4
PH000988,AC000173,3,0,1,0,0,19.0,0.0,0.0,0.0,0.0,28.94736842105263,29.842105263157894,250.0,0.7368421052631579,0.0,1.0,1.0,25.251944444444444,88.3271412037037,0.0,1.0,0.0,0.0,1.0,1603900.0,180,37300.0,0,4,2,1,train,-1.0,5,2,1,2.0,1.0,0.0,801.0,0.5,2.0,81500.0,40750.0,3
PH000989,AC000173,1,1,0,0,0,6.0,1.0,0.0,1.0,0.0,26.166666666666668,4.833333333333333,29.0,0.8333333333333334,0.16666666666666666,1.0,1.0,13.379953703703704,24.310416666666665,0.0,6.0,1.0,0.3333333333333333,1.0,1603900.0,180,37300.0,0,4,2,1,train,-1.0,5,2,1,2.0,1.0,0.0,801.0,0.5,2.0,81500.0,40750.0,3
PH000990,AC000173,4,2,0,1,0,-1.0,-1.0,-1.0,-1.0,-1.0,-1.0,-1.0,-1.0,-1.0,-1.0,-1.0,-1.0,-1.0,-1.0,-1.0,-1.0,-1.0,-1.0,-1.0,1603900.0,180,37300.0,0,4,2,1,train,-1.0,5,2,1,2.0,1.0,0.0,801.0,0.5,2.0,81500.0,40750.0,3
PH000991,AC000174,3,0,1,0,0,3.0,0.0,0.0,0.0,0.0,26.666666666666668,16.666666666666668,50.0,0.6666666666666666,0.0,2.0,2.0,77.40637731481482,82.33424768518519,0.0,0.0,0.0,0.0,1.0,68250.0,20,3250.0,0,2,0,0,train,0.25,1,0,1,-1.0,-1.0,-1.0,-1.0,-1.0,1.0,3250.0,3250.0,2
PH000992,AC000174,0,1,0,0,0,-1.0,-1.0,-1.0,-1.0,-1.0,-1.0,-1.0,-1.0,-1.0,-1.0,-1.0,-1.0,-1.0,-1.0,-1.0,-1.0,-1.0,-1.0,-1.0,68250.0,20,3250.0,0,2,0,0,train,0.25,1,0,1,-1.0,-1.0,-1.0,-1.0,-1.0,1.0,3250.0,3250.0,2
PH000995,AC000176,3,0,0,0,0,5.0,2.0,0.0,0.0,0.0,18.4,8.0,21.0,0.4,0.0,1.0,1.0,66.43807870370371,75.31668981481481,0.0,0.0,2.0,0.4,1.0,157500.0,111,3500.0,0,0,3,2,train,0.55,2,0,1,6.0,0.0,1.0,179.16666666666666,0.0,-1.0,-1.0,-1.0,2
PH000996,AC000176,4,1,1,0,0,22.0,0.0,0.0,0.0,0.0,24.5,31.545454545454547,140.0,0.5454545454545454,0.0,1.0,1.0,7.246273148148148,66.20848379629629,0.0,4.0,0.0,0.0,1.0,157500.0,111,3500.0,0,0,3,2,train,0.55,2,0,1,6.0,0.0,1.0,179.16666666666666,0.0,-1.0,-1.0,-1.0,2
PH000997,AC000177,3,0,1,0,0,29.0,0.0,0.0,1.0,0.0,23.724137931034484,107.0,406.0,0.5517241379310345,0.034482758620689655,2.0,2.0,2.440011574074074,80.28332175925927,2.0,7.0,1.0,0.034482758620689655,1.0,77400.0,0,4300.0,4,2,0,0,train,-1.0,2,1,1,2.0,0.0,0.0,103.5,0.0,-1.0,-1.0,-1.0,1
PH000998,AC000178,3,0,0,0,0,16.0,0.0,0.0,1.0,0.0,17.625,0.0,0.0,1.0,0.0625,1.0,1.0,50.09760416666666,89.31238425925926,0.0,0.0,0.0,0.0625,0.0,569050.0,35,29950.0,0,1,1,0,train,0.0,4,2,1,-1.0,-1.0,-1.0,-1.0,-1.0,2.0,53000.0,26500.0,2
PH000999,AC000178,4,1,1,0,0,25.0,0.0,0.0,3.0,0.0,24.4,23.08,150.0,0.72,0.12,1.0,1.0,3.2469212962962963,75.37379629629629,3.0,9.0,1.0,0.12,1.0,569050.0,35,29950.0,0,1,1,0,train,0.0,4,2,1,-1.0,-1.0,-1.0,-1.0,-1.0,2.0,53000.0,26500.0,2
PH001003,AC000180,3,0,1,0,0,4.0,2.0,0.0,0.0,0.0,13.25,82.75,129.0,0.0,0.0,1.0,1.0,70.25152777777778,88.27082175925926,0.0,0.0,2.0,0.5,1.0,76950.0,70,2850.0,0,2,2,1,train,0.9,5,0,1,-1.0,-1.0,-1.0,-1.0,-1.0,1.0,8550.0,8550.0,3
PH001004,AC000180,1,1,1,0,0,3.0,0.0,0.0,0.0,0.0,14.666666666666666,63.0,79.0,0.0,0.0,1.0,1.0,61.25130787037037,70.1133912037037,0.0,0.0,0.0,0.0,1.0,76950.0,70,2850.0,0,2,2,1,train,0.9,5,0,1,-1.0,-1.0,-1.0,-1.0,-1.0,1.0,8550.0,8550.0,3
PH001005,AC000180,4,2,0,0,0,-1.0,-1.0,-1.0,-1.0,-1.0,-1.0,-1.0,-1.0,-1.0,-1.0,-1.0,-1.0,-1.0,-1.0,-1.0,-1.0,-1.0,-1.0,-1.0,76950.0,70,2850.0,0,2,2,1,train,0.9,5,0,1,-1.0,-1.0,-1.0,-1.0,-1.0,1.0,8550.0,8550.0,3
PH001008,AC000182,3,0,1,0,0,14.0,0.0,0.0,0.0,0.0,29.785714285714285,13.857142857142858,166.0,0.8571428571428571,0.0,1.0,1.0,10.441180555555556,82.44127314814814,0.0,2.0,0.0,0.0,1.0,120900.0,83,3900.0,0,0,5,0,train,0.38,2,1,1,8.0,2.0,2.0,233.75,0.25,-1.0,-1.0,-1.0,3
PH001009,AC000182,0,1,0,0,0,-1.0,-1.0,-1.0,-1.0,-1.0,-1.0,-1.0,-1.0,-1.0,-1.0,-1.0,-1.0,-1.0,-1.0,-1.0,-1.0,-1.0,-1.0,-1.0,120900.0,83,3900.0,0,0,5,0,train,0.38,2,1,1,8.0,2.0,2.0,233.75,0.25,-1.0,-1.0,-1.0,3
PH000531,AC000182,2,2,0,0,0,-1.0,-1.0,-1.0,-1.0,-1.0,-1.0,-1.0,-1.0,-1.0,-1.0,-1.0,-1.0,-1.0,-1.0,-1.0,-1.0,-1.0,-1.0,-1.0,120900.0,83,3900.0,0,0,5,0,train,0.38,2,1,1,8.0,2.0,2.0,233.75,0.25,-1.0,-1.0,-1.0,3
PH001010,AC000183,3,0,0,0,0,3.0,0.0,0.0,1.0,2.0,0.0,0.0,0.0,1.0,1.0,1.0,1.0,83.25903935185185,87.40789351851852,0.0,0.0,3.0,0.3333333333333333,0.0,49950.0,59,1350.0,0,1,2,2,train,0.51,5,2,1,7.0,3.0,3.0,362.14285714285717,0.42857142857142855,-1.0,-1.0,-1.0,3
PH001011,AC000183,0,1,0,0,0,8.0,0.0,0.0,0.0,0.0,37.125,0.0,0.0,1.0,0.0,1.0,1.0,64.2863888888889,81.28084490740741,0.0,0.0,0.0,0.0,0.0,49950.0,59,1350.0,0,1,2,2,train,0.51,5,2,1,7.0,3.0,3.0,362.14285714285717,0.42857142857142855,-1.0,-1.0,-1.0,3
PH001012,AC000183,4,2,1,0,0,21.0,0.0,0.0,2.0,0.0,22.238095238095237,25.0,128.0,0.6190476190476191,0.09523809523809523,1.0,1.0,2.2077314814814817,64.23745370370371,3.0,9.0,1.0,0.09523809523809523,1.0,49950.0,59,1350.0,0,1,2,2,train,0.51,5,2,1,7.0,3.0,3.0,362.14285714285717,0.42857142857142855,-1.0,-1.0,-1.0,3
PH001019,AC000186,3,0,1,0,0,17.0,0.0,0.0,2.0,0.0,26.470588235294116,50.294117647058826,265.0,0.7058823529411765,0.11764705882352941,1.0,1.0,0.07862268518518518,85.43398148148148,2.0,6.0,1.0,0.11764705882352941,1.0,191350.0,67,4450.0,0,3,1,1,train,-1.0,0,1,1,2.0,0.0,0.0,266.5,0.0,-1.0,-1.0,-1.0,2
PH000368,AC000186,2,1,0,0,0,8.0,0.0,0.0,0.0,0.0,20.875,45.875,112.0,0.5,0.0,1.0,1.0,26.251354166666665,46.37060185185185,0.0,1.0,0.0,0.0,1.0,191350.0,67,4450.0,0,3,1,1,train,-1.0,0,1,1,2.0,0.0,0.0,266.5,0.0,-1.0,-1.0,-1.0,2
PH001020,AC000187,3,0,0,0,0,9.0,0.0,5.0,4.0,0.0,0.0,0.0,0.0,1.0,1.0,1.0,1.0,14.34806712962963,86.26539351851852,0.0,1.0,5.0,1.0,0.0,247500.0,32,7500.0,2,4,1,0,train,1.0,0,1,1,2.0,1.0,0.0,508.5,0.5,1.0,8200.0,8200.0,4
PH000579,AC000187,2,1,0,0,0,8.0,0.0,0.0,2.0,0.0,20.625,23.5,144.0,0.75,0.25,1.0,1.0,39.1902662037037,59.299490740740744,0.0,0.0,2.0,0.25,1.0,247500.0,32,7500.0,2,4,1,0,train,1.0,0,1,1,2.0,1.0,0.0,508.5,0.5,1.0,8200.0,8200.0,4
PH001021,AC000187,4,2,0,0,0,8.0,0.0,0.0,0.0,0.0,33.0,11.0,47.0,0.75,0.0,1.0,1.0,17.07141203703704,32.396886574074074,0.0,7.0,0.0,0.0,1.0,247500.0,32,7500.0,2,4,1,0,train,1.0,0,1,1,2.0,1.0,0.0,508.5,0.5,1.0,8200.0,8200.0,4
PH001022,AC000188,3,0,1,0,0,12.0,0.0,0.0,0.0,0.0,27.25,50.916666666666664,339.0,0.5833333333333334,0.0,1.0,1.0,65.05872685185186,88.44966435185185,0.0,0.0,0.0,0.0,1.0,136000.0,61,4000.0,0,2,3,0,train,0.77,0,1,1,1.0,0.0,0.0,267.0,0.0,1.0,12000.0,12000.0,2
PH001023,AC000188,0,1,0,0,0,-1.0,-1.0,-1.0,-1.0,-1.0,-1.0,-1.0,-1.0,-1.0,-1.0,-1.0,-1.0,-1.0,-1.0,-1.0,-1.0,-1.0,-1.0,-1.0,136000.0,61,4000.0,0,2,3,0,train,0.77,0,1,1,1.0,0.0,0.0,267.0,0.0,1.0,12000.0,12000.0,2
PH001024,AC000189,3,0,1,0,0,4.0,0.0,0.0,0.0,0.0,18.0,177.0,375.0,0.5,0.0,1.0,1.0,81.05725694444445,82.40616898148149,0.0,0.0,0.0,0.0,1.0,300800.0,237,9400.0,0,2,2,1,train,1.0,0,1,1,2.0,0.0,0.0,188.5,0.0,1.0,75200.0,75200.0,4
PH001025,AC000189,1,1,0,0,0,-1.0,-1.0,-1.0,-1.0,-1.0,-1.0,-1.0,-1.0,-1.0,-1.0,-1.0,-1.0,-1.0,-1.0,-1.0,-1.0,-1.0,-1.0,-1.0,300800.0,237,9400.0,0,2,2,1,train,1.0,0,1,1,2.0,0.0,0.0,188.5,0.0,1.0,75200.0,75200.0,4
PH000342,AC000189,2,2,0,0,0,-1.0,-1.0,-1.0,-1.0,-1.0,-1.0,-1.0,-1.0,-1.0,-1.0,-1.0,-1.0,-1.0,-1.0,-1.0,-1.0,-1.0,-1.0,-1.0,300800.0,237,9400.0,0,2,2,1,train,1.0,0,1,1,2.0,0.0,0.0,188.5,0.0,1.0,75200.0,75200.0,4
PH001026,AC000189,4,3,0,0,0,-1.0,-1.0,-1.0,-1.0,-1.0,-1.0,-1.0,-1.0,-1.0,-1.0,-1.0,-1.0,-1.0,-1.0,-1.0,-1.0,-1.0,-1.0,-1.0,300800.0,237,9400.0,0,2,2,1,train,1.0,0,1,1,2.0,0.0,0.0,188.5,0.0,1.0,75200.0,75200.0,4
PH001027,AC000190,3,0,1,0,0,24.0,1.0,0.0,2.0,0.0,16.916666666666668,52.375,149.0,0.3333333333333333,0.08333333333333333,1.0,1.0,2.4301851851851852,84.38292824074074,1.0,11.0,2.0,0.125,1.0,93500.0,240,5500.0,0,1,5,4,train,0.82,0,1,1,8.0,3.0,0.0,622.125,0.375,1.0,27900.0,27900.0,1
PH001028,AC000191,3,0,0,0,0,8.0,0.0,4.0,0.0,0.0,16.5,0.0,0.0,1.0,0.5,1.0,1.0,66.0078125,89.28964120370371,0.0,0.0,1.0,0.5,0.0,26600.0,86,950.0,0,1,3,3,train,-1.0,5,2,1,7.0,0.0,2.0,194.42857142857142,0.0,-1.0,-1.0,-1.0,3
PH001029,AC000191,0,1,1,0,0,14.0,0.0,1.0,1.0,0.0,21.785714285714285,43.5,228.0,0.6428571428571429,0.14285714285714285,1.0,1.0,5.3750231481481485,65.27386574074075,1.0,8.0,0.0,0.14285714285714285,1.0,26600.0,86,950.0,0,1,3,3,train,-1.0,5,2,1,7.0,0.0,2.0,194.42857142857142,0.0,-1.0,-1.0,-1.0,3
PH001030,AC000191,4,2,0,0,0,2.0,2.0,0.0,0.0,0.0,14.0,102.5,127.0,0.0,0.0,1.0,1.0,0.2974421296296296,1.4273842592592592,2.0,2.0,2.0,1.0,1.0,26600.0,86,950.0,0,1,3,3,train,-1.0,5,2,1,7.0,0.0,2.0,194.42857142857142,0.0,-1.0,-1.0,-1.0,3
PH001031,AC000192,3,0,1,0,0,19.0,1.0,0.0,1.0,0.0,27.57894736842105,29.105263157894736,326.0,0.8421052631578947,0.05263157894736842,2.0,2.0,31.325555555555557,89.3240625,0.0,0.0,0.0,0.10526315789473684,1.0,15750.0,4,2250.0,0,4,0,0,train,-1.0,1,1,1,1.0,0.0,1.0,106.0,0.0,1.0,2250.0,2250.0,2
PH001032,AC000192,0,1,1,0,0,4.0,0.0,0.0,1.0,0.0,24.5,8.5,34.0,0.75,0.25,1.0,1.0,27.213125,28.321400462962963,0.0,4.0,1.0,0.25,1.0,15750.0,4,2250.0,0,4,0,0,train,-1.0,1,1,1,1.0,0.0,1.0,106.0,0.0,1.0,2250.0,2250.0,2
PH001035,AC000194,3,0,0,0,0,8.0,2.0,0.0,0.0,0.0,27.25,7.375,20.0,0.625,0.0,1.0,1.0,77.18896990740741,88.42759259259259,0.0,0.0,1.0,0.25,1.0,51600.0,52,4300.0,0,3,1,0,train,0.0,1,1,1,-1.0,-1.0,-1.0,-1.0,-1.0,1.0,8600.0,8600.0,3
PH001036,AC000194,0,1,1,0,0,8.0,0.0,0.0,1.0,0.0,19.5,77.25,390.0,0.5,0.125,1.0,1.0,57.425057870370374,76.34204861111111,0.0,0.0,1.0,0.125,1.0,51600.0,52,4300.0,0,3,1,0,train,0.0,1,1,1,-1.0,-1.0,-1.0,-1.0,-1.0,1.0,8600.0,8600.0,3
PH001037,AC000194,4,2,0,0,0,-1.0,-1.0,-1.0,-1.0,-1.0,-1.0,-1.0,-1.0,-1.0,-1.0,-1.0,-1.0,-1.0,-1.0,-1.0,-1.0,-1.0,-1.0,-1.0,51600.0,52,4300.0,0,3,1,0,train,0.0,1,1,1,-1.0,-1.0,-1.0,-1.0,-1.0,1.0,8600.0,8600.0,3
PH001038,AC000195,3,0,0,0,0,2.0,0.0,0.0,0.0,2.0,0.0,0.0,0.0,1.0,1.0,1.0,1.0,88.16697916666666,88.38501157407407,0.0,0.0,2.0,0.0,0.0,328000.0,0,8200.0,0,0,1,0,train,-1.0,2,1,1,-1.0,-1.0,-1.0,-1.0,-1.0,-1.0,-1.0,-1.0,2
PH001039,AC000195,4,1,1,0,0,25.0,0.0,0.0,0.0,0.0,22.64,98.84,364.0,0.52,0.0,2.0,2.0,13.347407407407408,83.28686342592593,0.0,7.0,0.0,0.0,1.0,328000.0,0,8200.0,0,0,1,0,train,-1.0,2,1,1,-1.0,-1.0,-1.0,-1.0,-1.0,-1.0,-1.0,-1.0,2
PH001042,AC000197,3,0,0,0,0,13.0,0.0,8.0,3.0,0.0,5.615384615384615,0.0,0.0,1.0,0.8461538461538461,1.0,1.0,9.318541666666667,89.06263888888888,0.0,7.0,5.0,0.8461538461538461,0.0,221100.0,64,6700.0,0,2,1,1,train,-1.0,0,1,0,-1.0,-1.0,-1.0,-1.0,-1.0,1.0,10500.0,10500.0,3
PH001043,AC000197,0,1,0,0,0,13.0,0.0,0.0,1.0,0.0,27.615384615384617,0.0,0.0,1.0,0.07692307692307693,1.0,1.0,13.434780092592593,89.28171296296296,0.0,2.0,0.0,0.07692307692307693,0.0,221100.0,64,6700.0,0,2,1,1,train,-1.0,0,1,0,-1.0,-1.0,-1.0,-1.0,-1.0,1.0,10500.0,10500.0,3
PH001044,AC000197,4,2,0,0,0,12.0,0.0,0.0,1.0,0.0,19.25,57.333333333333336,144.0,0.4166666666666667,0.08333333333333333,1.0,1.0,9.242094907407408,82.31163194444444,0.0,3.0,0.0,0.08333333333333333,1.0,221100.0,64,6700.0,0,2,1,1,train,-1.0,0,1,0,-1.0,-1.0,-1.0,-1.0,-1.0,1.0,10500.0,10500.0,3
PH001045,AC000198,3,0,1,0,0,21.0,0.0,0.0,1.0,0.0,20.238095238095237,36.523809523809526,404.0,0.6666666666666666,0.047619047619047616,1.0,1.0,19.13885416666667,84.32555555555555,0.0,6.0,0.0,0.047619047619047616,1.0,123000.0,48,3000.0,0,3,0,0,train,-1.0,2,1,1,1.0,0.0,1.0,59.0,0.0,3.0,6000.0,2000.0,3
PH001046,AC000198,0,1,0,0,0,-1.0,-1.0,-1.0,-1.0,-1.0,-1.0,-1.0,-1.0,-1.0,-1.0,-1.0,-1.0,-1.0,-1.0,-1.0,-1.0,-1.0,-1.0,-1.0,123000.0,48,3000.0,0,3,0,0,train,-1.0,2,1,1,1.0,0.0,1.0,59.0,0.0,3.0,6000.0,2000.0,3
PH000514,AC000198,2,2,0,0,0,-1.0,-1.0,-1.0,-1.0,-1.0,-1.0,-1.0,-1.0,-1.0,-1.0,-1.0,-1.0,-1.0,-1.0,-1.0,-1.0,-1.0,-1.0,-1.0,123000.0,48,3000.0,0,3,0,0,train,-1.0,2,1,1,1.0,0.0,1.0,59.0,0.0,3.0,6000.0,2000.0,3
PH001048,AC000200,3,0,0,0,0,16.0,0.0,4.0,12.0,0.0,0.0,0.0,0.0,1.0,1.0,1.0,1.0,14.315694444444444,88.26646990740741,0.0,7.0,5.0,1.0,0.0,234600.0,202,4600.0,0,3,3,1,train,-1.0,5,2,1,4.0,1.0,2.0,261.0,0.25,-1.0,-1.0,-1.0,2
PH001049,AC000200,4,1,1,0,0,12.0,0.0,0.0,0.0,0.0,19.25,53.333333333333336,143.0,0.3333333333333333,0.0,1.0,1.0,9.362905092592593,61.4140625,0.0,4.0,0.0,0.0,1.0,234600.0,202,4600.0,0,3,3,1,train,-1.0,5,2,1,4.0,1.0,2.0,261.0,0.25,-1.0,-1.0,-1.0,2
PH000223,AC000203,3,0,0,0,0,10.0,2.0,0.0,2.0,0.0,14.8,44.9,132.0,0.4,0.2,1.0,1.0,25.418854166666666,87.276875,0.0,1.0,1.0,0.4,1.0,445500.0,36,16500.0,1,1,0,0,train,0.61,2,1,1,3.0,2.0,0.0,580.3333333333334,0.6666666666666666,1.0,12800.0,12800.0,2
PH000327,AC000203,2,1,1,0,0,24.0,0.0,0.0,3.0,0.0,19.875,47.083333333333336,150.0,0.5833333333333334,0.125,1.0,1.0,0.22260416666666666,70.40409722222222,4.0,8.0,1.0,0.125,1.0,445500.0,36,16500.0,1,1,0,0,train,0.61,2,1,1,3.0,2.0,0.0,580.3333333333334,0.6666666666666666,1.0,12800.0,12800.0,2
PH001053,AC000204,3,0,0,0,0,7.0,2.0,0.0,0.0,0.0,33.285714285714285,7.142857142857143,35.0,0.7142857142857143,0.0,2.0,2.0,52.27616898148148,84.29365740740741,0.0,0.0,1.0,0.2857142857142857,1.0,126500.0,0,11500.0,3,0,1,0,train,1.0,2,1,1,2.0,0.0,0.0,196.5,0.0,-1.0,-1.0,-1.0,4
PH001054,AC000204,0,1,1,0,0,20.0,0.0,0.0,4.0,0.0,23.9,71.4,388.0,0.75,0.2,1.0,1.0,1.0367592592592592,51.387256944444445,1.0,6.0,0.0,0.2,1.0,126500.0,0,11500.0,3,0,1,0,train,1.0,2,1,1,2.0,0.0,0.0,196.5,0.0,-1.0,-1.0,-1.0,4
PH001055,AC000204,1,2,0,0,0,8.0,1.0,0.0,1.0,0.0,29.625,2.375,19.0,0.875,0.125,1.0,1.0,12.08423611111111,20.41519675925926,0.0,8.0,2.0,0.25,1.0,126500.0,0,11500.0,3,0,1,0,train,1.0,2,1,1,2.0,0.0,0.0,196.5,0.0,-1.0,-1.0,-1.0,4
PH000305,AC000204,2,3,1,0,0,11.0,0.0,0.0,1.0,0.0,28.363636363636363,21.454545454545453,111.0,0.7272727272727273,0.09090909090909091,1.0,1.0,1.3095949074074074,11.334247685185185,4.0,11.0,0.0,0.09090909090909091,1.0,126500.0,0,11500.0,3,0,1,0,train,1.0,2,1,1,2.0,0.0,0.0,196.5,0.0,-1.0,-1.0,-1.0,4
PH001056,AC000205,3,0,1,0,0,19.0,0.0,0.0,2.0,0.0,23.42105263157895,43.21052631578947,334.0,0.7368421052631579,0.10526315789473684,1.0,1.0,31.12704861111111,89.38810185185186,0.0,0.0,1.0,0.10526315789473684,1.0,253700.0,85,5900.0,0,1,2,1,train,-1.0,0,1,1,3.0,2.0,1.0,473.3333333333333,0.6666666666666666,1.0,17700.0,17700.0,3
PH001057,AC000205,1,1,0,0,0,-1.0,-1.0,-1.0,-1.0,-1.0,-1.0,-1.0,-1.0,-1.0,-1.0,-1.0,-1.0,-1.0,-1.0,-1.0,-1.0,-1.0,-1.0,-1.0,253700.0,85,5900.0,0,1,2,1,train,-1.0,0,1,1,3.0,2.0,1.0,473.3333333333333,0.6666666666666666,1.0,17700.0,17700.0,3
PH001058,AC000205,4,2,0,0,0,-1.0,-1.0,-1.0,-1.0,-1.0,-1.0,-1.0,-1.0,-1.0,-1.0,-1.0,-1.0,-1.0,-1.0,-1.0,-1.0,-1.0,-1.0,-1.0,253700.0,85,5900.0,0,1,2,1,train,-1.0,0,1,1,3.0,2.0,1.0,473.3333333333333,0.6666666666666666,1.0,17700.0,17700.0,3
PH001059,AC000206,3,0,1,0,0,12.0,0.0,0.0,3.0,0.0,21.583333333333332,29.0,155.0,0.75,0.25,2.0,2.0,60.45335648148148,88.38615740740741,0.0,0.0,0.0,0.25,1.0,244500.0,0,8150.0,3,4,0,0,train,-1.0,2,1,1,1.0,0.0,0.0,125.0,0.0,3.0,8150.0,2716.6666666666665,2
PH001060,AC000206,1,1,1,0,0,19.0,0.0,0.0,1.0,0.0,23.94736842105263,60.8421052631579,289.0,0.631578947368421,0.05263157894736842,2.0,2.0,4.331342592592593,60.12133101851852,1.0,9.0,0.0,0.05263157894736842,1.0,244500.0,0,8150.0,3,4,0,0,train,-1.0,2,1,1,1.0,0.0,0.0,125.0,0.0,3.0,8150.0,2716.6666666666665,2
PH001061,AC000207,3,0,0,0,0,12.0,2.0,0.0,1.0,0.0,25.5,4.833333333333333,29.0,0.75,0.08333333333333333,1.0,1.0,60.416550925925925,87.30189814814815,0.0,0.0,0.0,0.25,1.0,331800.0,55,11850.0,1,2,0,0,train,0.29,2,1,1,4.0,3.0,1.0,740.75,0.75,-1.0,-1.0,-1.0,2
PH001062,AC000207,4,1,1,0,0,25.0,1.0,0.0,2.0,0.0,16.56,53.92,150.0,0.4,0.08,1.0,1.0,0.3763773148148148,79.30767361111111,2.0,11.0,0.0,0.12,1.0,331800.0,55,11850.0,1,2,0,0,train,0.29,2,1,1,4.0,3.0,1.0,740.75,0.75,-1.0,-1.0,-1.0,2
PH001063,AC000208,3,0,1,0,0,21.0,1.0,0.0,0.0,0.0,29.19047619047619,5.0476190476190474,51.0,0.8571428571428571,0.0,2.0,2.0,16.131481481481483,76.36309027777777,0.0,13.0,0.0,0.047619047619047616,1.0,81000.0,11,4050.0,0,2,0,0,train,-1.0,5,2,1,-1.0,-1.0,-1.0,-1.0,-1.0,-1.0,-1.0,-1.0,3
PH001064,AC000208,1,1,0,0,0,8.0,2.0,0.0,2.0,0.0,17.0,4.625,26.0,0.75,0.25,1.0,1.0,37.294699074074074,51.4246875,0.0,0.0,2.0,0.5,1.0,81000.0,11,4050.0,0,2,0,0,train,-1.0,5,2,1,-1.0,-1.0,-1.0,-1.0,-1.0,-1.0,-1.0,-1.0,3
PH001065,AC000208,4,2,0,0,0,5.0,2.0,0.0,0.0,0.0,23.4,59.0,106.0,0.4,0.0,1.0,1.0,29.360844907407408,37.155844907407406,0.0,1.0,2.0,0.4,1.0,81000.0,11,4050.0,0,2,0,0,train,-1.0,5,2,1,-1.0,-1.0,-1.0,-1.0,-1.0,-1.0,-1.0,-1.0,3
PH001066,AC000209,3,0,1,0,0,11.0,0.0,0.0,0.0,0.0,22.272727272727273,26.181818181818183,252.0,0.8181818181818182,0.0,2.0,2.0,10.309664351851852,89.30913194444445,0.0,3.0,0.0,0.0,1.0,37800.0,9,1400.0,2,2,1,1,train,0.0,1,1,1,2.0,0.0,2.0,78.5,0.0,1.0,1400.0,1400.0,3
PH001067,AC000209,1,1,1,0,0,9.0,0.0,0.0,0.0,0.0,33.0,7.222222222222222,65.0,0.8888888888888888,0.0,1.0,1.0,35.44142361111111,61.37701388888889,0.0,0.0,0.0,0.0,1.0,37800.0,9,1400.0,2,2,1,1,train,0.0,1,1,1,2.0,0.0,2.0,78.5,0.0,1.0,1400.0,1400.0,3
PH001068,AC000209,4,2,0,0,0,8.0,0.0,0.0,1.0,0.0,21.625,25.125,119.0,0.625,0.125,1.0,1.0,14.279745370370371,33.390532407407406,0.0,6.0,0.0,0.125,1.0,37800.0,9,1400.0,2,2,1,1,train,0.0,1,1,1,2.0,0.0,2.0,78.5,0.0,1.0,1400.0,1400.0,3
PH000030,AC000211,3,0,1,0,0,17.0,1.0,0.0,3.0,0.0,11.058823529411764,52.470588235294116,148.0,0.35294117647058826,0.17647058823529413,2.0,2.0,28.40519675925926,81.4470949074074,0.0,1.0,1.0,0.23529411764705882,1.0,23400.0,0,1950.0,1,4,0,0,train,0.41,3,2,1,-1.0,-1.0,-1.0,-1.0,-1.0,-1.0,-1.0,-1.0,3
PH001071,AC000211,1,1,0,0,0,8.0,1.0,0.0,0.0,0.0,29.75,3.5,28.0,0.875,0.0,1.0,1.0,23.119351851851853,27.330555555555556,0.0,8.0,1.0,0.125,1.0,23400.0,0,1950.0,1,4,0,0,train,0.41,3,2,1,-1.0,-1.0,-1.0,-1.0,-1.0,-1.0,-1.0,-1.0,3
PH001075,AC000213,3,0,1,0,0,11.0,2.0,0.0,1.0,0.0,22.363636363636363,88.27272727272727,405.0,0.5454545454545454,0.09090909090909091,1.0,1.0,65.33299768518519,83.38072916666667,0.0,0.0,0.0,0.2727272727272727,1.0,567150.0,83,29850.0,0,4,1,1,train,0.73,4,2,1,3.0,1.0,1.0,394.0,0.3333333333333333,1.0,89550.0,89550.0,1
PH001078,AC000215,3,0,1,0,0,13.0,0.0,0.0,0.0,0.0,24.0,89.46153846153847,419.0,0.5384615384615384,0.0,2.0,2.0,44.38293981481481,86.32331018518518,0.0,0.0,0.0,0.0,1.0,686000.0,0,17150.0,0,3,1,0,train,0.23,4,2,1,-1.0,-1.0,-1.0,-1.0,-1.0,1.0,17150.0,17150.0,3
PH001079,AC000215,0,1,0,0,0,-1.0,-1.0,-1.0,-1.0,-1.0,-1.0,-1.0,-1.0,-1.0,-1.0,-1.0,-1.0,-1.0,-1.0,-1.0,-1.0,-1.0,-1.0,-1.0,686000.0,0,17150.0,0,3,1,0,train,0.23,4,2,1,-1.0,-1.0,-1.0,-1.0,-1.0,1.0,17150.0,17150.0,3
PH001080,AC000215,4,2,0,0,0,-1.0,-1.0,-1.0,-1.0,-1.0,-1.0,-1.0,-1.0,-1.0,-1.0,-1.0,-1.0,-1.0,-1.0,-1.0,-1.0,-1.0,-1.0,-1.0,686000.0,0,17150.0,0,3,1,0,train,0.23,4,2,1,-1.0,-1.0,-1.0,-1.0,-1.0,1.0,17150.0,17150.0,3
PH001081,AC000216,3,0,0,0,0,8.0,0.0,0.0,0.0,0.0,34.0,0.0,0.0,1.0,0.0,1.0,1.0,77.30831018518519,87.38895833333333,0.0,0.0,0.0,0.0,0.0,172000.0,65,4000.0,0,1,5,5,train,0.21,2,1,1,7.0,0.0,6.0,108.71428571428571,0.0,-1.0,-1.0,-1.0,3
PH001082,AC000216,1,1,0,0,0,8.0,0.0,0.0,1.0,0.0,19.75,45.875,144.0,0.5,0.125,1.0,1.0,64.10600694444445,77.13070601851852,0.0,0.0,1.0,0.125,1.0,172000.0,65,4000.0,0,1,5,5,train,0.21,2,1,1,7.0,0.0,6.0,108.71428571428571,0.0,-1.0,-1.0,-1.0,3
PH001083,AC000216,4,2,1,0,0,12.0,0.0,0.0,1.0,0.0,14.916666666666666,33.583333333333336,128.0,0.5,0.08333333333333333,1.0,1.0,1.1972916666666666,62.348379629629626,2.0,6.0,1.0,0.08333333333333333,1.0,172000.0,65,4000.0,0,1,5,5,train,0.21,2,1,1,7.0,0.0,6.0,108.71428571428571,0.0,-1.0,-1.0,-1.0,3
PH001087,AC000218,3,0,0,0,0,8.0,0.0,6.0,2.0,0.0,0.0,0.0,0.0,1.0,1.0,1.0,1.0,72.30068287037037,89.32059027777778,0.0,0.0,5.0,1.0,0.0,136500.0,44,5250.0,0,3,0,0,train,0.83,0,1,1,4.0,0.0,3.0,69.75,0.0,1.0,10500.0,10500.0,3
PH000380,AC000218,2,1,1,0,0,13.0,1.0,0.0,1.0,0.0,21.923076923076923,35.07692307692308,119.0,0.46153846153846156,0.07692307692307693,1.0,1.0,53.361423611111114,72.23391203703704,0.0,0.0,0.0,0.15384615384615385,1.0,136500.0,44,5250.0,0,3,0,0,train,0.83,0,1,1,4.0,0.0,3.0,69.75,0.0,1.0,10500.0,10500.0,3
PH001088,AC000218,4,2,1,0,0,6.0,1.0,0.0,1.0,0.0,10.166666666666666,68.16666666666667,142.0,0.16666666666666666,0.16666666666666666,1.0,1.0,40.2897337962963,53.15354166666667,0.0,0.0,2.0,0.3333333333333333,1.0,136500.0,44,5250.0,0,3,0,0,train,0.83,0,1,1,4.0,0.0,3.0,69.75,0.0,1.0,10500.0,10500.0,3
PH001089,AC000219,3,0,1,0,0,11.0,0.0,0.0,1.0,0.0,22.0,29.727272727272727,285.0,0.8181818181818182,0.09090909090909091,2.0,2.0,55.32273148148148,87.3350462962963,0.0,0.0,1.0,0.09090909090909091,1.0,203700.0,0,9700.0,4,0,1,1,train,0.68,2,1,1,-1.0,-1.0,-1.0,-1.0,-1.0,1.0,9700.0,9700.0,2
PH001090,AC000219,1,1,0,0,0,-1.0,-1.0,-1.0,-1.0,-1.0,-1.0,-1.0,-1.0,-1.0,-1.0,-1.0,-1.0,-1.0,-1.0,-1.0,-1.0,-1.0,-1.0,-1.0,203700.0,0,9700.0,4,0,1,1,train,0.68,2,1,1,-1.0,-1.0,-1.0,-1.0,-1.0,1.0,9700.0,9700.0,2
PH001091,AC000220,3,0,1,0,0,22.0,0.0,0.0,0.0,0.0,26.0,50.27272727272727,415.0,0.8181818181818182,0.0,1.0,1.0,0.3038078703703704,89.26606481481481,1.0,9.0,0.0,0.0,1.0,74100.0,39,3900.0,0,3,3,1,train,0.58,5,1,1,-1.0,-1.0,-1.0,-1.0,-1.0,-1.0,-1.0,-1.0,2
PH001092,AC000220,4,1,0,0,0,8.0,0.0,0.0,1.0,0.0,17.625,45.375,133.0,0.375,0.125,1.0,1.0,45.3615162037037,54.273969907407405,0.0,0.0,1.0,0.125,1.0,74100.0,39,3900.0,0,3,3,1,train,0.58,5,1,1,-1.0,-1.0,-1.0,-1.0,-1.0,-1.0,-1.0,-1.0,2
PH001093,AC000221,3,0,1,0,0,22.0,0.0,0.0,0.0,0.0,26.40909090909091,70.77272727272727,353.0,0.6363636363636364,0.0,1.0,1.0,0.39380787037037035,88.36471064814815,2.0,9.0,0.0,0.0,1.0,36300.0,216,1650.0,0,2,1,0,train,-1.0,2,1,1,2.0,2.0,0.0,1349.5,1.0,1.0,13200.0,13200.0,3
PH001094,AC000221,0,1,0,0,0,-1.0,-1.0,-1.0,-1.0,-1.0,-1.0,-1.0,-1.0,-1.0,-1.0,-1.0,-1.0,-1.0,-1.0,-1.0,-1.0,-1.0,-1.0,-1.0,36300.0,216,1650.0,0,2,1,0,train,-1.0,2,1,1,2.0,2.0,0.0,1349.5,1.0,1.0,13200.0,13200.0,3
PH001095,AC000221,1,2,0,0,0,-1.0,-1.0,-1.0,-1.0,-1.0,-1.0,-1.0,-1.0,-1.0,-1.0,-1.0,-1.0,-1.0,-1.0,-1.0,-1.0,-1.0,-1.0,-1.0,36300.0,216,1650.0,0,2,1,0,train,-1.0,2,1,1,2.0,2.0,0.0,1349.5,1.0,1.0,13200.0,13200.0,3
PH001096,AC000222,3,0,0,0,0,8.0,0.0,8.0,0.0,0.0,0.0,0.0,0.0,1.0,1.0,2.0,2.0,68.1755324074074,89.27511574074074,0.0,0.0,5.0,1.0,0.0,232100.0,10,10550.0,1,2,1,0,train,0.48,0,1,1,1.0,1.0,0.0,1229.0,1.0,1.0,10550.0,10550.0,2
PH001097,AC000222,4,1,0,0,0,4.0,0.0,0.0,0.0,0.0,24.5,51.5,131.0,0.5,0.0,1.0,1.0,58.06155092592593,61.30953703703704,0.0,0.0,0.0,0.0,1.0,232100.0,10,10550.0,1,2,1,0,train,0.48,0,1,1,1.0,1.0,0.0,1229.0,1.0,1.0,10550.0,10550.0,2
PH001098,AC000223,3,0,0,0,0,6.0,0.0,0.0,1.0,0.0,13.666666666666666,0.0,0.0,1.0,0.16666666666666666,1.0,1.0,73.39863425925925,89.45148148148148,0.0,0.0,1.0,0.16666666666666666,0.0,47300.0,106,1100.0,0,3,2,1,train,0.32,3,2,1,-1.0,-1.0,-1.0,-1.0,-1.0,1.0,4400.0,4400.0,1
PH001099,AC000224,3,0,1,0,0,33.0,0.0,18.0,1.0,0.0,8.303030303030303,49.45454545454545,418.0,0.7575757575757576,0.5757575757575758,1.0,1.0,1.370324074074074,88.26228009259259,6.0,12.0,0.0,0.5757575757575758,1.0,73600.0,190,4600.0,0,1,3,1,train,0.39,5,2,1,6.0,0.0,2.0,234.66666666666666,0.0,2.0,23700.0,11850.0,1
PH001107,AC000228,3,0,1,0,0,24.0,0.0,0.0,1.0,0.0,25.0,30.25,307.0,0.8333333333333334,0.041666666666666664,1.0,1.0,4.27068287037037,82.37016203703703,2.0,9.0,0.0,0.041666666666666664,1.0,66650.0,50,2150.0,0,3,2,2,train,0.27,3,2,1,7.0,0.0,3.0,159.0,0.0,-1.0,-1.0,-1.0,1
PH001108,AC000229,3,0,1,0,0,25.0,0.0,0.0,1.0,0.0,28.72,49.92,321.0,0.72,0.04,1.0,1.0,0.3258449074074074,82.44314814814815,5.0,12.0,0.0,0.04,1.0,136300.0,221,4700.0,1,0,0,0,train,-1.0,5,1,1,9.0,0.0,5.0,129.77777777777777,0.0,-1.0,-1.0,-1.0,3
PH001109,AC000229,1,1,0,0,0,1.0,0.0,0.0,0.0,0.0,32.0,0.0,0.0,1.0,0.0,1.0,1.0,0.16957175925925927,0.16957175925925927,1.0,1.0,0.0,0.0,0.0,136300.0,221,4700.0,1,0,0,0,train,-1.0,5,1,1,9.0,0.0,5.0,129.77777777777777,0.0,-1.0,-1.0,-1.0,3
PH001110,AC000229,4,2,0,0,0,-1.0,-1.0,-1.0,-1.0,-1.0,-1.0,-1.0,-1.0,-1.0,-1.0,-1.0,-1.0,-1.0,-1.0,-1.0,-1.0,-1.0,-1.0,-1.0,136300.0,221,4700.0,1,0,0,0,train,-1.0,5,1,1,9.0,0.0,5.0,129.77777777777777,0.0,-1.0,-1.0,-1.0,3
PH001115,AC000232,3,0,0,0,0,9.0,2.0,4.0,3.0,0.0,2.5555555555555554,6.0,30.0,0.7777777777777778,0.7777777777777778,1.0,1.0,45.21332175925926,82.40899305555556,0.0,0.0,5.0,1.0,1.0,207400.0,33,12200.0,0,2,2,0,train,0.2,2,1,1,1.0,0.0,0.0,190.0,0.0,-1.0,-1.0,-1.0,2
PH001116,AC000232,4,1,1,0,0,23.0,0.0,0.0,1.0,0.0,19.08695652173913,39.73913043478261,317.0,0.6956521739130435,0.043478260869565216,1.0,1.0,2.3658333333333332,68.01834490740741,1.0,4.0,0.0,0.043478260869565216,1.0,207400.0,33,12200.0,0,2,2,0,train,0.2,2,1,1,1.0,0.0,0.0,190.0,0.0,-1.0,-1.0,-1.0,2
PH001117,AC000233,3,0,0,0,0,2.0,0.0,2.0,0.0,0.0,0.0,0.0,0.0,1.0,1.0,2.0,2.0,77.24869212962963,81.25858796296296,0.0,0.0,2.0,1.0,0.0,113950.0,0,2650.0,2,0,0,0,train,0.45,2,2,1,-1.0,-1.0,-1.0,-1.0,-1.0,1.0,2650.0,2650.0,2
PH001118,AC000233,0,1,0,0,0,-1.0,-1.0,-1.0,-1.0,-1.0,-1.0,-1.0,-1.0,-1.0,-1.0,-1.0,-1.0,-1.0,-1.0,-1.0,-1.0,-1.0,-1.0,-1.0,113950.0,0,2650.0,2,0,0,0,train,0.45,2,2,1,-1.0,-1.0,-1.0,-1.0,-1.0,1.0,2650.0,2650.0,2
PH001119,AC000234,3,0,1,0,0,7.0,0.0,0.0,0.0,0.0,16.142857142857142,106.85714285714286,320.0,0.2857142857142857,0.0,2.0,2.0,76.12597222222222,86.43436342592592,0.0,0.0,0.0,0.0,1.0,117450.0,20,4050.0,1,2,1,0,train,0.83,0,1,1,-1.0,-1.0,-1.0,-1.0,-1.0,1.0,4050.0,4050.0,2
PH001120,AC000234,4,1,0,0,0,-1.0,-1.0,-1.0,-1.0,-1.0,-1.0,-1.0,-1.0,-1.0,-1.0,-1.0,-1.0,-1.0,-1.0,-1.0,-1.0,-1.0,-1.0,-1.0,117450.0,20,4050.0,1,2,1,0,train,0.83,0,1,1,-1.0,-1.0,-1.0,-1.0,-1.0,1.0,4050.0,4050.0,2
PH001121,AC000235,3,0,1,0,0,24.0,0.0,0.0,2.0,0.0,22.375,68.20833333333333,363.0,0.5833333333333334,0.08333333333333333,2.0,2.0,28.438206018518517,87.33383101851852,0.0,1.0,0.0,0.08333333333333333,1.0,104650.0,11,8050.0,1,0,0,0,train,0.65,2,1,1,-1.0,-1.0,-1.0,-1.0,-1.0,2.0,8050.0,4025.0,2
PH001122,AC000235,4,1,0,0,0,-1.0,-1.0,-1.0,-1.0,-1.0,-1.0,-1.0,-1.0,-1.0,-1.0,-1.0,-1.0,-1.0,-1.0,-1.0,-1.0,-1.0,-1.0,-1.0,104650.0,11,8050.0,1,0,0,0,train,0.65,2,1,1,-1.0,-1.0,-1.0,-1.0,-1.0,2.0,8050.0,4025.0,2
PH001123,AC000236,3,0,1,0,0,27.0,0.0,0.0,0.0,0.0,21.59259259259259,87.66666666666667,354.0,0.48148148148148145,0.0,2.0,2.0,6.442326388888889,88.35467592592593,1.0,11.0,0.0,0.0,1.0,112200.0,27,3300.0,2,2,0,0,train,-1.0,1,2,1,-1.0,-1.0,-1.0,-1.0,-1.0,2.0,2200.0,1100.0,2
PH001124,AC000236,4,1,0,0,0,-1.0,-1.0,-1.0,-1.0,-1.0,-1.0,-1.0,-1.0,-1.0,-1.0,-1.0,-1.0,-1.0,-1.0,-1.0,-1.0,-1.0,-1.0,-1.0,112200.0,27,3300.0,2,2,0,0,train,-1.0,1,2,1,-1.0,-1.0,-1.0,-1.0,-1.0,2.0,2200.0,1100.0,2
PH001127,AC000238,3,0,1,0,0,25.0,1.0,0.0,3.0,0.0,23.88,51.64,354.0,0.64,0.12,2.0,2.0,21.049305555555556,80.26972222222223,0.0,3.0,1.0,0.16,1.0,107500.0,18,4300.0,1,3,0,0,train,0.54,5,0,1,-1.0,-1.0,-1.0,-1.0,-1.0,2.0,3600.0,1800.0,1
PH001128,AC000239,3,0,0,0,0,15.0,0.0,0.0,6.0,0.0,16.133333333333333,25.133333333333333,150.0,0.8,0.4,2.0,2.0,31.165810185185187,89.43856481481481,0.0,0.0,2.0,0.4,1.0,99000.0,21,2200.0,0,2,0,0,train,0.05,5,0,1,1.0,0.0,1.0,43.0,0.0,1.0,1400.0,1400.0,4
PH001129,AC000239,1,1,0,0,0,4.0,2.0,0.0,0.0,0.0,17.0,19.0,39.0,0.5,0.0,1.0,1.0,69.31680555555556,74.06655092592592,0.0,0.0,2.0,0.5,1.0,99000.0,21,2200.0,0,2,0,0,train,0.05,5,0,1,1.0,0.0,1.0,43.0,0.0,1.0,1400.0,1400.0,4
PH001130,AC000239,4,2,1,0,0,12.0,0.0,0.0,2.0,0.0,19.166666666666668,37.833333333333336,145.0,0.5833333333333334,0.16666666666666666,1.0,1.0,35.248784722222226,68.31476851851852,0.0,0.0,2.0,0.16666666666666666,1.0,99000.0,21,2200.0,0,2,0,0,train,0.05,5,0,1,1.0,0.0,1.0,43.0,0.0,1.0,1400.0,1400.0,4
PH001131,AC000240,3,0,1,0,1,13.0,0.0,0.0,2.0,0.0,22.23076923076923,43.38461538461539,197.0,0.6923076923076923,0.15384615384615385,1.0,1.0,8.414398148148148,87.37092592592593,0.0,2.0,0.0,0.15384615384615385,1.0,62500.0,45,2500.0,0,1,5,2,train,-1.0,1,1,0,6.0,2.0,1.0,313.8333333333333,0.3333333333333333,-1.0,-1.0,-1.0,3
PH000521,AC000240,2,1,1,0,0,8.0,0.0,0.0,0.0,0.0,17.0,43.375,134.0,0.375,0.0,1.0,1.0,6.357893518518519,83.40371527777778,1.0,1.0,0.0,0.0,1.0,62500.0,45,2500.0,0,1,5,2,train,-1.0,1,1,0,6.0,2.0,1.0,313.8333333333333,0.3333333333333333,-1.0,-1.0,-1.0,3
PH001132,AC000240,4,2,1,0,0,16.0,0.0,0.0,2.0,0.0,18.875,37.625,149.0,0.5625,0.125,1.0,1.0,5.4520023148148145,82.42922453703704,1.0,4.0,1.0,0.125,1.0,62500.0,45,2500.0,0,1,5,2,train,-1.0,1,1,0,6.0,2.0,1.0,313.8333333333333,0.3333333333333333,-1.0,-1.0,-1.0,3
PH001133,AC000241,3,0,0,0,0,-1.0,-1.0,-1.0,-1.0,-1.0,-1.0,-1.0,-1.0,-1.0,-1.0,-1.0,-1.0,-1.0,-1.0,-1.0,-1.0,-1.0,-1.0,-1.0,110050.0,0,3550.0,1,1,0,0,train,0.0,5,0,1,-1.0,-1.0,-1.0,-1.0,-1.0,1.0,3550.0,3550.0,3
PH001134,AC000241,1,1,0,0,0,-1.0,-1.0,-1.0,-1.0,-1.0,-1.0,-1.0,-1.0,-1.0,-1.0,-1.0,-1.0,-1.0,-1.0,-1.0,-1.0,-1.0,-1.0,-1.0,110050.0,0,3550.0,1,1,0,0,train,0.0,5,0,1,-1.0,-1.0,-1.0,-1.0,-1.0,1.0,3550.0,3550.0,3
PH001135,AC000241,4,2,0,0,0,-1.0,-1.0,-1.0,-1.0,-1.0,-1.0,-1.0,-1.0,-1.0,-1.0,-1.0,-1.0,-1.0,-1.0,-1.0,-1.0,-1.0,-1.0,-1.0,110050.0,0,3550.0,1,1,0,0,train,0.0,5,0,1,-1.0,-1.0,-1.0,-1.0,-1.0,1.0,3550.0,3550.0,3
PH001139,AC000243,3,0,1,0,0,9.0,0.0,0.0,0.0,0.0,32.44444444444444,14.666666666666666,86.0,0.7777777777777778,0.0,1.0,1.0,62.149849537037035,89.31350694444444,0.0,0.0,0.0,0.0,1.0,133650.0,26,4050.0,1,3,2,2,train,0.8,5,1,1,-1.0,-1.0,-1.0,-1.0,-1.0,1.0,4050.0,4050.0,2
PH000540,AC000243,2,1,0,0,0,-1.0,-1.0,-1.0,-1.0,-1.0,-1.0,-1.0,-1.0,-1.0,-1.0,-1.0,-1.0,-1.0,-1.0,-1.0,-1.0,-1.0,-1.0,-1.0,133650.0,26,4050.0,1,3,2,2,train,0.8,5,1,1,-1.0,-1.0,-1.0,-1.0,-1.0,1.0,4050.0,4050.0,2
PH001140,AC000244,3,0,1,0,0,18.0,0.0,0.0,2.0,0.0,21.166666666666668,23.166666666666668,302.0,0.7222222222222222,0.1111111111111111,2.0,2.0,0.4179398148148148,87.27454861111111,3.0,12.0,0.0,0.1111111111111111,1.0,436450.0,15,15050.0,0,3,3,2,train,0.4,2,1,1,1.0,1.0,0.0,858.0,1.0,1.0,15050.0,15050.0,2
PH001141,AC000244,0,1,0,0,0,-1.0,-1.0,-1.0,-1.0,-1.0,-1.0,-1.0,-1.0,-1.0,-1.0,-1.0,-1.0,-1.0,-1.0,-1.0,-1.0,-1.0,-1.0,-1.0,436450.0,15,15050.0,0,3,3,2,train,0.4,2,1,1,1.0,1.0,0.0,858.0,1.0,1.0,15050.0,15050.0,2
PH001142,AC000245,3,0,0,0,0,1.0,0.0,0.0,1.0,0.0,0.0,0.0,0.0,1.0,1.0,1.0,1.0,88.38510416666666,88.38510416666666,0.0,0.0,1.0,1.0,0.0,37800.0,0,3150.0,3,2,2,0,train,-1.0,5,2,1,-1.0,-1.0,-1.0,-1.0,-1.0,1.0,3150.0,3150.0,2
PH001143,AC000245,4,1,0,0,0,-1.0,-1.0,-1.0,-1.0,-1.0,-1.0,-1.0,-1.0,-1.0,-1.0,-1.0,-1.0,-1.0,-1.0,-1.0,-1.0,-1.0,-1.0,-1.0,37800.0,0,3150.0,3,2,2,0,train,-1.0,5,2,1,-1.0,-1.0,-1.0,-1.0,-1.0,1.0,3150.0,3150.0,2
PH001146,AC000247,3,0,1,0,0,27.0,1.0,0.0,0.0,0.0,23.296296296296298,71.85185185185185,371.0,0.48148148148148145,0.0,2.0,2.0,28.404224537037038,88.31049768518518,0.0,1.0,0.0,0.037037037037037035,1.0,59200.0,10,1600.0,1,2,1,0,train,-1.0,5,0,1,-1.0,-1.0,-1.0,-1.0,-1.0,3.0,1600.0,533.3333333333334,2
PH001147,AC000247,0,1,0,0,0,-1.0,-1.0,-1.0,-1.0,-1.0,-1.0,-1.0,-1.0,-1.0,-1.0,-1.0,-1.0,-1.0,-1.0,-1.0,-1.0,-1.0,-1.0,-1.0,59200.0,10,1600.0,1,2,1,0,train,-1.0,5,0,1,-1.0,-1.0,-1.0,-1.0,-1.0,3.0,1600.0,533.3333333333334,2
PH001148,AC000248,3,0,1,0,0,10.0,0.0,4.0,0.0,0.0,13.5,6.7,67.0,0.9,0.4,2.0,2.0,51.35202546296296,89.31891203703704,0.0,0.0,0.0,0.4,1.0,290400.0,10,12100.0,0,2,2,1,train,0.57,0,1,1,-1.0,-1.0,-1.0,-1.0,-1.0,1.0,12100.0,12100.0,4
PH001149,AC000248,0,1,0,0,0,-1.0,-1.0,-1.0,-1.0,-1.0,-1.0,-1.0,-1.0,-1.0,-1.0,-1.0,-1.0,-1.0,-1.0,-1.0,-1.0,-1.0,-1.0,-1.0,290400.0,10,12100.0,0,2,2,1,train,0.57,0,1,1,-1.0,-1.0,-1.0,-1.0,-1.0,1.0,12100.0,12100.0,4
PH000405,AC000248,2,2,0,0,0,-1.0,-1.0,-1.0,-1.0,-1.0,-1.0,-1.0,-1.0,-1.0,-1.0,-1.0,-1.0,-1.0,-1.0,-1.0,-1.0,-1.0,-1.0,-1.0,290400.0,10,12100.0,0,2,2,1,train,0.57,0,1,1,-1.0,-1.0,-1.0,-1.0,-1.0,1.0,12100.0,12100.0,4
PH001150,AC000248,4,3,0,0,0,-1.0,-1.0,-1.0,-1.0,-1.0,-1.0,-1.0,-1.0,-1.0,-1.0,-1.0,-1.0,-1.0,-1.0,-1.0,-1.0,-1.0,-1.0,-1.0,290400.0,10,12100.0,0,2,2,1,train,0.57,0,1,1,-1.0,-1.0,-1.0,-1.0,-1.0,1.0,12100.0,12100.0,4
PH001154,AC000251,3,0,1,0,0,17.0,0.0,0.0,0.0,0.0,33.470588235294116,11.235294117647058,87.0,0.8235294117647058,0.0,1.0,1.0,55.44549768518519,89.39166666666667,0.0,0.0,0.0,0.0,1.0,61600.0,54,2800.0,0,3,0,0,train,-1.0,1,1,1,7.0,2.0,1.0,365.7142857142857,0.2857142857142857,1.0,1200.0,1200.0,3
PH001155,AC000251,1,1,1,0,0,11.0,0.0,0.0,1.0,0.0,23.181818181818183,23.545454545454547,175.0,0.7272727272727273,0.09090909090909091,1.0,1.0,2.2923726851851853,54.3228125,2.0,5.0,1.0,0.09090909090909091,1.0,61600.0,54,2800.0,0,3,0,0,train,-1.0,1,1,1,7.0,2.0,1.0,365.7142857142857,0.2857142857142857,1.0,1200.0,1200.0,3
PH001156,AC000251,4,2,0,0,0,-1.0,-1.0,-1.0,-1.0,-1.0,-1.0,-1.0,-1.0,-1.0,-1.0,-1.0,-1.0,-1.0,-1.0,-1.0,-1.0,-1.0,-1.0,-1.0,61600.0,54,2800.0,0,3,0,0,train,-1.0,1,1,1,7.0,2.0,1.0,365.7142857142857,0.2857142857142857,1.0,1200.0,1200.0,3
PH001159,AC000253,3,0,0,0,0,3.0,2.0,0.0,0.0,0.0,16.333333333333332,14.666666666666666,29.0,0.3333333333333333,0.0,1.0,1.0,86.2115625,88.35771990740741,0.0,0.0,2.0,0.6666666666666666,1.0,329400.0,59,9150.0,0,1,2,0,train,0.6,0,1,1,3.0,1.0,2.0,514.6666666666666,0.3333333333333333,1.0,18300.0,18300.0,3
PH001160,AC000253,1,1,0,0,0,12.0,0.0,0.0,0.0,0.0,23.333333333333332,0.0,0.0,1.0,0.0,1.0,1.0,58.05700231481482,82.441875,0.0,0.0,0.0,0.0,0.0,329400.0,59,9150.0,0,1,2,0,train,0.6,0,1,1,3.0,1.0,2.0,514.6666666666666,0.3333333333333333,1.0,18300.0,18300.0,3
PH000336,AC000253,2,2,0,0,0,16.0,0.0,0.0,2.0,0.0,20.1875,51.375,142.0,0.5,0.125,1.0,1.0,58.297777777777775,70.24965277777778,0.0,0.0,0.0,0.125,1.0,329400.0,59,9150.0,0,1,2,0,train,0.6,0,1,1,3.0,1.0,2.0,514.6666666666666,0.3333333333333333,1.0,18300.0,18300.0,3
PH001161,AC000254,3,0,1,0,0,48.0,0.0,0.0,1.0,0.0,28.1875,56.458333333333336,363.0,0.7708333333333334,0.020833333333333332,1.0,1.0,11.411666666666667,89.27135416666667,0.0,10.0,0.0,0.020833333333333332,1.0,605600.0,44,37850.0,0,1,0,0,train,0.16,5,2,1,-1.0,-1.0,-1.0,-1.0,-1.0,-1.0,-1.0,-1.0,2
PH001162,AC000254,4,1,0,0,0,3.0,1.0,0.0,0.0,0.0,28.333333333333332,18.0,54.0,0.6666666666666666,0.0,1.0,1.0,4.416493055555556,6.393182870370371,3.0,3.0,1.0,0.3333333333333333,1.0,605600.0,44,37850.0,0,1,0,0,train,0.16,5,2,1,-1.0,-1.0,-1.0,-1.0,-1.0,-1.0,-1.0,-1.0,2
PH001163,AC000255,3,0,0,0,0,2.0,0.0,0.0,0.0,2.0,0.0,0.0,0.0,1.0,1.0,1.0,1.0,80.32319444444444,87.40987268518519,0.0,0.0,2.0,0.0,0.0,49500.0,11,1100.0,0,2,0,0,train,0.3,3,2,1,2.0,2.0,0.0,1391.5,1.0,1.0,300.0,300.0,2
PH001164,AC000255,4,1,1,0,0,25.0,1.0,0.0,4.0,0.0,19.68,44.96,148.0,0.52,0.16,2.0,2.0,3.0732175925925924,75.27291666666666,2.0,14.0,0.0,0.2,1.0,49500.0,11,1100.0,0,2,0,0,train,0.3,3,2,1,2.0,2.0,0.0,1391.5,1.0,1.0,300.0,300.0,2
PH001165,AC000256,3,0,0,0,0,10.0,0.0,0.0,1.0,0.0,26.8,0.0,0.0,1.0,0.1,1.0,1.0,54.075949074074074,86.41730324074074,0.0,0.0,1.0,0.1,0.0,1915050.0,110,37550.0,0,3,2,2,train,0.61,5,2,1,5.0,3.0,0.0,484.6,0.6,1.0,150200.0,150200.0,1
PH001166,AC000257,3,0,1,0,0,22.0,0.0,1.0,0.0,0.0,27.727272727272727,78.18181818181819,400.0,0.7272727272727273,0.045454545454545456,1.0,1.0,1.3863541666666668,84.43506944444445,6.0,7.0,1.0,0.045454545454545456,1.0,193450.0,270,3650.0,0,1,1,0,train,0.7,5,1,1,9.0,2.0,0.0,465.6666666666667,0.2222222222222222,-1.0,-1.0,-1.0,3
PH001167,AC000257,0,1,0,0,0,-1.0,-1.0,-1.0,-1.0,-1.0,-1.0,-1.0,-1.0,-1.0,-1.0,-1.0,-1.0,-1.0,-1.0,-1.0,-1.0,-1.0,-1.0,-1.0,193450.0,270,3650.0,0,1,1,0,train,0.7,5,1,1,9.0,2.0,0.0,465.6666666666667,0.2222222222222222,-1.0,-1.0,-1.0,3
PH000573,AC000257,2,2,0,0,0,-1.0,-1.0,-1.0,-1.0,-1.0,-1.0,-1.0,-1.0,-1.0,-1.0,-1.0,-1.0,-1.0,-1.0,-1.0,-1.0,-1.0,-1.0,-1.0,193450.0,270,3650.0,0,1,1,0,train,0.7,5,1,1,9.0,2.0,0.0,465.6666666666667,0.2222222222222222,-1.0,-1.0,-1.0,3
PH001168,AC000258,3,0,0,0,0,8.0,0.0,5.0,3.0,0.0,0.0,0.0,0.0,1.0,1.0,1.0,1.0,70.09907407407407,89.26177083333333,0.0,0.0,5.0,1.0,0.0,60800.0,53,1900.0,0,0,2,2,train,0.83,5,2,1,1.0,0.0,1.0,119.0,0.0,1.0,3800.0,3800.0,2
PH001169,AC000258,0,1,1,0,0,11.0,0.0,0.0,0.0,0.0,30.181818181818183,75.81818181818181,383.0,0.7272727272727273,0.0,1.0,1.0,60.390150462962964,69.26408564814815,0.0,0.0,0.0,0.0,1.0,60800.0,53,1900.0,0,0,2,2,train,0.83,5,2,1,1.0,0.0,1.0,119.0,0.0,1.0,3800.0,3800.0,2
PH001173,AC000261,3,0,1,0,0,2.0,0.0,0.0,0.0,0.0,23.5,21.5,43.0,0.5,0.0,1.0,1.0,86.37157407407408,89.44116898148148,0.0,0.0,0.0,0.0,1.0,148050.0,450,7050.0,0,4,1,1,train,0.82,0,1,1,1.0,0.0,0.0,457.0,0.0,1.0,84600.0,84600.0,2
PH001174,AC000261,0,1,0,0,0,-1.0,-1.0,-1.0,-1.0,-1.0,-1.0,-1.0,-1.0,-1.0,-1.0,-1.0,-1.0,-1.0,-1.0,-1.0,-1.0,-1.0,-1.0,-1.0,148050.0,450,7050.0,0,4,1,1,train,0.82,0,1,1,1.0,0.0,0.0,457.0,0.0,1.0,84600.0,84600.0,2
PH001177,AC000263,3,0,1,0,0,21.0,0.0,0.0,2.0,0.0,24.333333333333332,48.38095238095238,363.0,0.7142857142857143,0.09523809523809523,2.0,2.0,37.12923611111111,88.28150462962962,0.0,0.0,0.0,0.09523809523809523,1.0,36250.0,21,1250.0,0,0,1,0,train,-1.0,3,0,1,-1.0,-1.0,-1.0,-1.0,-1.0,3.0,1250.0,416.6666666666667,2
PH001178,AC000263,4,1,0,0,0,-1.0,-1.0,-1.0,-1.0,-1.0,-1.0,-1.0,-1.0,-1.0,-1.0,-1.0,-1.0,-1.0,-1.0,-1.0,-1.0,-1.0,-1.0,-1.0,36250.0,21,1250.0,0,0,1,0,train,-1.0,3,0,1,-1.0,-1.0,-1.0,-1.0,-1.0,3.0,1250.0,416.6666666666667,2
PH001179,AC000264,3,0,1,0,0,36.0,0.0,1.0,5.0,0.0,23.944444444444443,28.5,418.0,0.8611111111111112,0.16666666666666666,2.0,2.0,3.391747685185185,88.40885416666667,2.0,8.0,0.0,0.16666666666666666,1.0,37200.0,16,1200.0,1,4,0,0,train,-1.0,2,0,1,-1.0,-1.0,-1.0,-1.0,-1.0,1.0,800.0,800.0,1
PH001180,AC000265,3,0,1,0,0,21.0,0.0,0.0,0.0,0.0,23.666666666666668,45.095238095238095,308.0,0.7619047619047619,0.0,2.0,2.0,6.260046296296296,87.32880787037037,1.0,13.0,0.0,0.0,1.0,222750.0,5,6750.0,1,2,0,0,train,0.75,0,2,1,-1.0,-1.0,-1.0,-1.0,-1.0,1.0,4100.0,4100.0,3
PH001181,AC000265,1,1,0,0,0,8.0,0.0,5.0,3.0,0.0,0.0,0.0,0.0,1.0,1.0,1.0,1.0,45.01849537037037,61.32012731481481,0.0,0.0,5.0,1.0,0.0,222750.0,5,6750.0,1,2,0,0,train,0.75,0,2,1,-1.0,-1.0,-1.0,-1.0,-1.0,1.0,4100.0,4100.0,3
PH001182,AC000265,4,2,1,0,0,11.0,0.0,0.0,1.0,0.0,25.0,16.90909090909091,71.0,0.7272727272727273,0.09090909090909091,1.0,1.0,29.209583333333335,44.258912037037035,0.0,2.0,0.0,0.09090909090909091,1.0,222750.0,5,6750.0,1,2,0,0,train,0.75,0,2,1,-1.0,-1.0,-1.0,-1.0,-1.0,1.0,4100.0,4100.0,3
PH000200,AC000266,3,0,0,0,0,8.0,0.0,0.0,0.0,0.0,10.0,87.0,133.0,0.125,0.0,1.0,1.0,79.35034722222223,88.35030092592592,0.0,0.0,0.0,0.0,1.0,184000.0,84,4600.0,0,3,3,2,train,0.28,1,1,1,7.0,3.0,1.0,419.0,0.42857142857142855,1.0,1700.0,1700.0,3
PH001183,AC000266,0,1,1,0,0,18.0,0.0,0.0,0.0,0.0,23.166666666666668,45.888888888888886,362.0,0.5555555555555556,0.0,1.0,1.0,12.450347222222222,79.005625,0.0,3.0,0.0,0.0,1.0,184000.0,84,4600.0,0,3,3,2,train,0.28,1,1,1,7.0,3.0,1.0,419.0,0.42857142857142855,1.0,1700.0,1700.0,3
PH001184,AC000266,1,2,0,0,0,-1.0,-1.0,-1.0,-1.0,-1.0,-1.0,-1.0,-1.0,-1.0,-1.0,-1.0,-1.0,-1.0,-1.0,-1.0,-1.0,-1.0,-1.0,-1.0,184000.0,84,4600.0,0,3,3,2,train,0.28,1,1,1,7.0,3.0,1.0,419.0,0.42857142857142855,1.0,1700.0,1700.0,3
PH001185,AC000267,3,0,0,0,0,3.0,2.0,0.0,1.0,0.0,11.0,20.0,30.0,0.3333333333333333,0.3333333333333333,1.0,1.0,85.44947916666666,87.43016203703704,0.0,0.0,3.0,1.0,1.0,1081000.0,45,23000.0,0,2,1,1,train,0.25,5,2,1,3.0,1.0,0.0,533.3333333333334,0.3333333333333333,2.0,29400.0,14700.0,3
PH001186,AC000267,4,1,1,1,0,20.0,0.0,0.0,1.0,0.0,17.4,48.4,141.0,0.35,0.05,1.0,1.0,44.31024305555555,84.29248842592592,0.0,0.0,0.0,0.05,1.0,1081000.0,45,23000.0,0,2,1,1,train,0.25,5,2,1,3.0,1.0,0.0,533.3333333333334,0.3333333333333333,2.0,29400.0,14700.0,3
PH001187,AC000268,3,0,0,0,0,-1.0,-1.0,-1.0,-1.0,-1.0,-1.0,-1.0,-1.0,-1.0,-1.0,-1.0,-1.0,-1.0,-1.0,-1.0,-1.0,-1.0,-1.0,-1.0,127400.0,16,4550.0,1,2,1,0,train,0.64,1,2,1,-1.0,-1.0,-1.0,-1.0,-1.0,1.0,4550.0,4550.0,1
PH001188,AC000269,3,0,1,0,0,16.0,0.0,0.0,2.0,0.0,20.375,73.125,342.0,0.5625,0.125,2.0,2.0,33.34603009259259,89.39299768518518,0.0,0.0,0.0,0.125,1.0,25600.0,22,800.0,0,3,0,0,train,0.33,3,2,1,-1.0,-1.0,-1.0,-1.0,-1.0,1.0,800.0,800.0,1
PH001189,AC000270,3,0,1,0,0,18.0,0.0,0.0,1.0,0.0,22.555555555555557,32.388888888888886,311.0,0.8333333333333334,0.05555555555555555,2.0,2.0,34.14001157407407,87.40493055555555,0.0,0.0,1.0,0.05555555555555555,1.0,129150.0,11,3150.0,4,1,2,0,train,0.73,5,1,1,-1.0,-1.0,-1.0,-1.0,-1.0,1.0,800.0,800.0,4
PH001190,AC000270,1,1,1,0,0,12.0,0.0,0.0,1.0,0.0,21.083333333333332,35.916666666666664,140.0,0.5833333333333334,0.08333333333333333,1.0,1.0,2.4005787037037036,27.40587962962963,1.0,12.0,1.0,0.08333333333333333,1.0,129150.0,11,3150.0,4,1,2,0,train,0.73,5,1,1,-1.0,-1.0,-1.0,-1.0,-1.0,1.0,800.0,800.0,4
PH000339,AC000270,2,2,0,0,0,6.0,0.0,0.0,0.0,0.0,18.0,49.166666666666664,133.0,0.5,0.0,1.0,1.0,1.1020138888888888,13.275162037037036,4.0,6.0,0.0,0.0,1.0,129150.0,11,3150.0,4,1,2,0,train,0.73,5,1,1,-1.0,-1.0,-1.0,-1.0,-1.0,1.0,800.0,800.0,4
PH001191,AC000270,4,3,0,0,0,-1.0,-1.0,-1.0,-1.0,-1.0,-1.0,-1.0,-1.0,-1.0,-1.0,-1.0,-1.0,-1.0,-1.0,-1.0,-1.0,-1.0,-1.0,-1.0,129150.0,11,3150.0,4,1,2,0,train,0.73,5,1,1,-1.0,-1.0,-1.0,-1.0,-1.0,1.0,800.0,800.0,4
PH001195,AC000272,3,0,1,0,0,16.0,0.0,0.0,2.0,0.0,19.125,32.9375,223.0,0.6875,0.125,1.0,1.0,41.26915509259259,84.40943287037037,0.0,0.0,0.0,0.125,1.0,55000.0,30,2200.0,1,2,1,0,train,-1.0,5,2,1,-1.0,-1.0,-1.0,-1.0,-1.0,2.0,2200.0,1100.0,1
PH001196,AC000273,3,0,0,0,0,8.0,0.0,0.0,1.0,0.0,24.125,0.0,0.0,1.0,0.125,2.0,2.0,46.425671296296294,89.29195601851852,0.0,0.0,1.0,0.125,0.0,603000.0,11,16750.0,0,2,0,0,train,0.26,0,1,1,-1.0,-1.0,-1.0,-1.0,-1.0,2.0,11600.0,5800.0,4
PH001197,AC000273,0,1,0,0,0,8.0,0.0,7.0,1.0,0.0,0.0,0.0,0.0,1.0,1.0,1.0,1.0,35.136631944444446,45.266412037037036,0.0,0.0,5.0,1.0,0.0,603000.0,11,16750.0,0,2,0,0,train,0.26,0,1,1,-1.0,-1.0,-1.0,-1.0,-1.0,2.0,11600.0,5800.0,4
PH001198,AC000273,4,2,0,0,0,-1.0,-1.0,-1.0,-1.0,-1.0,-1.0,-1.0,-1.0,-1.0,-1.0,-1.0,-1.0,-1.0,-1.0,-1.0,-1.0,-1.0,-1.0,-1.0,603000.0,11,16750.0,0,2,0,0,train,0.26,0,1,1,-1.0,-1.0,-1.0,-1.0,-1.0,2.0,11600.0,5800.0,4
PH001199,AC000274,3,0,1,0,0,31.0,0.0,0.0,1.0,0.0,28.096774193548388,45.064516129032256,413.0,0.7741935483870968,0.03225806451612903,1.0,1.0,0.3709375,87.37375,5.0,7.0,0.0,0.03225806451612903,1.0,105950.0,75,8150.0,0,0,2,2,train,0.59,2,1,1,2.0,0.0,2.0,80.0,0.0,1.0,15500.0,15500.0,3
PH001200,AC000274,1,1,0,0,0,-1.0,-1.0,-1.0,-1.0,-1.0,-1.0,-1.0,-1.0,-1.0,-1.0,-1.0,-1.0,-1.0,-1.0,-1.0,-1.0,-1.0,-1.0,-1.0,105950.0,75,8150.0,0,0,2,2,train,0.59,2,1,1,2.0,0.0,2.0,80.0,0.0,1.0,15500.0,15500.0,3
PH001201,AC000274,4,2,0,0,0,-1.0,-1.0,-1.0,-1.0,-1.0,-1.0,-1.0,-1.0,-1.0,-1.0,-1.0,-1.0,-1.0,-1.0,-1.0,-1.0,-1.0,-1.0,-1.0,105950.0,75,8150.0,0,0,2,2,train,0.59,2,1,1,2.0,0.0,2.0,80.0,0.0,1.0,15500.0,15500.0,3
PH001202,AC000275,3,0,1,0,0,2.0,0.0,0.0,0.0,0.0,24.5,21.5,43.0,0.5,0.0,1.0,1.0,87.09005787037037,89.3292824074074,0.0,0.0,0.0,0.0,1.0,50700.0,41,1950.0,3,0,0,0,train,0.94,3,0,0,-1.0,-1.0,-1.0,-1.0,-1.0,2.0,3900.0,1950.0,2
PH001203,AC000275,4,1,0,0,0,2.0,0.0,0.0,0.0,0.0,7.5,9.0,18.0,0.5,0.0,1.0,1.0,74.4029513888889,87.43296296296296,0.0,0.0,0.0,0.0,1.0,50700.0,41,1950.0,3,0,0,0,train,0.94,3,0,0,-1.0,-1.0,-1.0,-1.0,-1.0,2.0,3900.0,1950.0,2
PH001206,AC000277,3,0,0,0,0,16.0,0.0,0.0,0.0,0.0,23.625,0.0,0.0,1.0,0.0,1.0,1.0,36.42387731481482,86.35223379629629,0.0,0.0,0.0,0.0,0.0,56400.0,104,2350.0,0,2,5,2,train,0.77,2,1,1,7.0,0.0,5.0,106.14285714285714,0.0,-1.0,-1.0,-1.0,2
PH001207,AC000277,4,1,1,0,0,23.0,1.0,0.0,2.0,0.0,20.652173913043477,49.82608695652174,149.0,0.5217391304347826,0.08695652173913043,1.0,1.0,0.01747685185185185,67.35247685185185,5.0,11.0,1.0,0.13043478260869565,1.0,56400.0,104,2350.0,0,2,5,2,train,0.77,2,1,1,7.0,0.0,5.0,106.14285714285714,0.0,-1.0,-1.0,-1.0,2
PH001208,AC000278,3,0,1,0,0,4.0,0.0,0.0,0.0,0.0,21.5,13.25,53.0,0.75,0.0,2.0,2.0,76.3271875,88.26489583333333,0.0,0.0,0.0,0.0,1.0,176850.0,0,6550.0,1,2,1,1,train,-1.0,2,1,1,-1.0,-1.0,-1.0,-1.0,-1.0,1.0,6550.0,6550.0,4
PH001209,AC000278,1,1,0,0,0,-1.0,-1.0,-1.0,-1.0,-1.0,-1.0,-1.0,-1.0,-1.0,-1.0,-1.0,-1.0,-1.0,-1.0,-1.0,-1.0,-1.0,-1.0,-1.0,176850.0,0,6550.0,1,2,1,1,train,-1.0,2,1,1,-1.0,-1.0,-1.0,-1.0,-1.0,1.0,6550.0,6550.0,4
PH000432,AC000278,2,2,0,0,0,8.0,1.0,0.0,1.0,0.0,13.75,66.375,138.0,0.375,0.125,1.0,1.0,21.07329861111111,47.119479166666665,0.0,4.0,1.0,0.25,1.0,176850.0,0,6550.0,1,2,1,1,train,-1.0,2,1,1,-1.0,-1.0,-1.0,-1.0,-1.0,1.0,6550.0,6550.0,4
PH001210,AC000278,4,3,0,0,0,-1.0,-1.0,-1.0,-1.0,-1.0,-1.0,-1.0,-1.0,-1.0,-1.0,-1.0,-1.0,-1.0,-1.0,-1.0,-1.0,-1.0,-1.0,-1.0,176850.0,0,6550.0,1,2,1,1,train,-1.0,2,1,1,-1.0,-1.0,-1.0,-1.0,-1.0,1.0,6550.0,6550.0,4
PH001211,AC000279,3,0,0,0,0,16.0,2.0,10.0,2.0,0.0,6.0625,1.875,21.0,0.875,0.75,2.0,2.0,25.39138888888889,77.41532407407408,0.0,5.0,5.0,0.875,1.0,549450.0,0,16650.0,1,3,0,0,train,0.54,2,1,1,-1.0,-1.0,-1.0,-1.0,-1.0,-1.0,-1.0,-1.0,2
PH001212,AC000279,1,1,0,0,0,3.0,2.0,0.0,0.0,0.0,21.666666666666668,21.0,39.0,0.3333333333333333,0.0,1.0,1.0,37.404131944444444,47.4509375,0.0,0.0,2.0,0.6666666666666666,1.0,549450.0,0,16650.0,1,3,0,0,train,0.54,2,1,1,-1.0,-1.0,-1.0,-1.0,-1.0,-1.0,-1.0,-1.0,2
PH001215,AC000281,3,0,1,0,0,5.0,0.0,0.0,0.0,0.0,25.4,38.0,150.0,0.6,0.0,1.0,1.0,64.40622685185186,85.38454861111111,0.0,0.0,0.0,0.0,1.0,511200.0,73,14200.0,0,3,1,1,train,0.6,2,2,1,3.0,2.0,0.0,649.3333333333334,0.6666666666666666,1.0,42600.0,42600.0,1
PH001216,AC000282,3,0,1,0,0,25.0,0.0,0.0,0.0,0.0,21.68,92.92,364.0,0.6,0.0,1.0,1.0,5.053344907407407,88.34018518518519,2.0,9.0,0.0,0.0,1.0,265000.0,479,13250.0,0,1,6,5,train,0.25,0,1,1,8.0,3.0,0.0,631.125,0.375,-1.0,-1.0,-1.0,4
PH001217,AC000282,0,1,0,0,0,-1.0,-1.0,-1.0,-1.0,-1.0,-1.0,-1.0,-1.0,-1.0,-1.0,-1.0,-1.0,-1.0,-1.0,-1.0,-1.0,-1.0,-1.0,-1.0,265000.0,479,13250.0,0,1,6,5,train,0.25,0,1,1,8.0,3.0,0.0,631.125,0.375,-1.0,-1.0,-1.0,4
PH000474,AC000282,2,2,0,0,0,-1.0,-1.0,-1.0,-1.0,-1.0,-1.0,-1.0,-1.0,-1.0,-1.0,-1.0,-1.0,-1.0,-1.0,-1.0,-1.0,-1.0,-1.0,-1.0,265000.0,479,13250.0,0,1,6,5,train,0.25,0,1,1,8.0,3.0,0.0,631.125,0.375,-1.0,-1.0,-1.0,4
PH001218,AC000282,4,3,0,0,0,-1.0,-1.0,-1.0,-1.0,-1.0,-1.0,-1.0,-1.0,-1.0,-1.0,-1.0,-1.0,-1.0,-1.0,-1.0,-1.0,-1.0,-1.0,-1.0,265000.0,479,13250.0,0,1,6,5,train,0.25,0,1,1,8.0,3.0,0.0,631.125,0.375,-1.0,-1.0,-1.0,4
PH000175,AC000284,3,0,1,0,0,17.0,2.0,0.0,1.0,0.0,14.117647058823529,59.11764705882353,133.0,0.23529411764705882,0.058823529411764705,1.0,1.0,52.113113425925924,89.35481481481482,0.0,0.0,1.0,0.17647058823529413,1.0,34200.0,74,2850.0,0,2,2,1,train,0.59,1,2,1,-1.0,-1.0,-1.0,-1.0,-1.0,-1.0,-1.0,-1.0,1
PH001230,AC000289,3,0,0,0,0,31.0,2.0,0.0,2.0,0.0,18.129032258064516,0.8709677419354839,18.0,0.9354838709677419,0.06451612903225806,1.0,1.0,32.25023148148148,88.40979166666666,0.0,0.0,0.0,0.12903225806451613,1.0,73450.0,65,5650.0,0,3,0,0,train,-1.0,0,1,1,9.0,1.0,5.0,249.44444444444446,0.1111111111111111,-1.0,-1.0,-1.0,1
PH001231,AC000290,3,0,1,0,0,13.0,0.0,0.0,0.0,0.0,26.384615384615383,17.846153846153847,180.0,0.8461538461538461,0.0,1.0,1.0,68.4117824074074,88.31609953703703,0.0,0.0,0.0,0.0,1.0,157250.0,66,4250.0,1,1,0,0,train,0.65,5,1,1,1.0,0.0,0.0,498.0,0.0,1.0,12750.0,12750.0,2
PH001232,AC000290,0,1,0,0,0,-1.0,-1.0,-1.0,-1.0,-1.0,-1.0,-1.0,-1.0,-1.0,-1.0,-1.0,-1.0,-1.0,-1.0,-1.0,-1.0,-1.0,-1.0,-1.0,157250.0,66,4250.0,1,1,0,0,train,0.65,5,1,1,1.0,0.0,0.0,498.0,0.0,1.0,12750.0,12750.0,2
PH001233,AC000291,3,0,1,0,0,17.0,0.0,0.0,1.0,0.0,23.235294117647058,101.3529411764706,414.0,0.5882352941176471,0.058823529411764705,1.0,1.0,27.050868055555554,88.27339120370371,0.0,4.0,0.0,0.058823529411764705,1.0,59400.0,77,4950.0,0,2,5,1,train,0.64,0,1,1,4.0,1.0,2.0,343.75,0.25,1.0,10100.0,10100.0,2
PH000413,AC000291,2,1,0,0,0,-1.0,-1.0,-1.0,-1.0,-1.0,-1.0,-1.0,-1.0,-1.0,-1.0,-1.0,-1.0,-1.0,-1.0,-1.0,-1.0,-1.0,-1.0,-1.0,59400.0,77,4950.0,0,2,5,1,train,0.64,0,1,1,4.0,1.0,2.0,343.75,0.25,1.0,10100.0,10100.0,2
PH001234,AC000292,3,0,1,0,0,19.0,1.0,0.0,0.0,0.0,26.0,6.2631578947368425,56.0,0.8421052631578947,0.0,1.0,1.0,7.422268518518519,86.42494212962963,0.0,5.0,0.0,0.05263157894736842,1.0,655200.0,251,12600.0,0,1,5,2,train,0.84,2,1,1,8.0,0.0,8.0,67.5,0.0,2.0,113400.0,56700.0,2
PH001235,AC000292,4,1,0,0,0,8.0,0.0,0.0,1.0,0.0,20.375,48.0,120.0,0.5,0.125,1.0,1.0,49.400416666666665,72.41753472222223,0.0,0.0,1.0,0.125,1.0,655200.0,251,12600.0,0,1,5,2,train,0.84,2,1,1,8.0,0.0,8.0,67.5,0.0,2.0,113400.0,56700.0,2
PH001236,AC000293,3,0,1,0,0,18.0,0.0,0.0,1.0,0.0,22.88888888888889,105.77777777777777,371.0,0.5555555555555556,0.05555555555555555,2.0,2.0,11.412337962962964,89.43685185185186,0.0,7.0,1.0,0.05555555555555555,1.0,266400.0,25,7400.0,2,0,1,1,train,0.82,0,1,1,-1.0,-1.0,-1.0,-1.0,-1.0,2.0,7400.0,3700.0,3
PH000579,AC000293,2,1,0,0,0,8.0,0.0,0.0,2.0,0.0,20.625,23.5,144.0,0.75,0.25,1.0,1.0,39.1902662037037,59.299490740740744,0.0,0.0,2.0,0.25,1.0,266400.0,25,7400.0,2,0,1,1,train,0.82,0,1,1,-1.0,-1.0,-1.0,-1.0,-1.0,2.0,7400.0,3700.0,3
PH001237,AC000293,4,2,0,0,0,-1.0,-1.0,-1.0,-1.0,-1.0,-1.0,-1.0,-1.0,-1.0,-1.0,-1.0,-1.0,-1.0,-1.0,-1.0,-1.0,-1.0,-1.0,-1.0,266400.0,25,7400.0,2,0,1,1,train,0.82,0,1,1,-1.0,-1.0,-1.0,-1.0,-1.0,2.0,7400.0,3700.0,3
PH001239,AC000295,3,0,1,0,0,24.0,1.0,0.0,0.0,0.0,22.75,10.541666666666666,198.0,0.875,0.0,2.0,2.0,0.3810648148148148,84.34966435185186,3.0,12.0,0.0,0.041666666666666664,1.0,118900.0,15,4100.0,0,4,1,1,train,0.5,5,2,1,1.0,0.0,1.0,109.0,0.0,-1.0,-1.0,-1.0,2
PH001240,AC000295,1,1,0,0,0,2.0,2.0,0.0,0.0,0.0,14.5,23.0,35.0,0.0,0.0,1.0,1.0,42.292372685185185,49.08851851851852,0.0,0.0,2.0,1.0,1.0,118900.0,15,4100.0,0,4,1,1,train,0.5,5,2,1,1.0,0.0,1.0,109.0,0.0,-1.0,-1.0,-1.0,2
PH001241,AC000296,3,0,1,0,0,32.0,0.0,0.0,0.0,0.0,21.25,15.0625,213.0,0.875,0.0,2.0,2.0,4.2625,89.29680555555555,1.0,14.0,0.0,0.0,1.0,43400.0,16,1550.0,0,0,1,1,train,0.18,3,0,1,2.0,0.0,2.0,35.5,0.0,-1.0,-1.0,-1.0,1
PH001242,AC000297,3,0,1,0,0,21.0,0.0,0.0,2.0,0.0,22.61904761904762,46.904761904761905,253.0,0.6190476190476191,0.09523809523809523,2.0,2.0,25.117037037037036,89.42891203703704,0.0,2.0,0.0,0.09523809523809523,1.0,275200.0,2,6400.0,0,3,1,0,train,0.29,2,1,1,-1.0,-1.0,-1.0,-1.0,-1.0,1.0,6400.0,6400.0,3
PH001243,AC000297,0,1,0,0,0,-1.0,-1.0,-1.0,-1.0,-1.0,-1.0,-1.0,-1.0,-1.0,-1.0,-1.0,-1.0,-1.0,-1.0,-1.0,-1.0,-1.0,-1.0,-1.0,275200.0,2,6400.0,0,3,1,0,train,0.29,2,1,1,-1.0,-1.0,-1.0,-1.0,-1.0,1.0,6400.0,6400.0,3
PH001244,AC000297,4,2,0,0,0,-1.0,-1.0,-1.0,-1.0,-1.0,-1.0,-1.0,-1.0,-1.0,-1.0,-1.0,-1.0,-1.0,-1.0,-1.0,-1.0,-1.0,-1.0,-1.0,275200.0,2,6400.0,0,3,1,0,train,0.29,2,1,1,-1.0,-1.0,-1.0,-1.0,-1.0,1.0,6400.0,6400.0,3
PH001245,AC000298,3,0,1,0,0,23.0,2.0,2.0,1.0,0.0,16.0,30.82608695652174,409.0,0.6521739130434783,0.13043478260869565,2.0,2.0,16.246365740740742,82.36004629629629,0.0,5.0,3.0,0.21739130434782608,1.0,52500.0,20,3500.0,2,1,0,0,train,1.0,1,0,1,1.0,0.0,1.0,59.0,0.0,-1.0,-1.0,-1.0,2
PH001246,AC000298,0,1,0,0,0,4.0,0.0,0.0,0.0,0.0,31.25,0.0,0.0,1.0,0.0,1.0,1.0,5.164328703703704,13.370717592592593,2.0,4.0,0.0,0.0,0.0,52500.0,20,3500.0,2,1,0,0,train,1.0,1,0,1,1.0,0.0,1.0,59.0,0.0,-1.0,-1.0,-1.0,2
PH001249,AC000300,3,0,1,0,0,6.0,0.0,0.0,0.0,0.0,23.0,63.5,344.0,0.6666666666666666,0.0,1.0,1.0,69.36429398148148,89.40283564814816,0.0,0.0,0.0,0.0,1.0,33750.0,89,1250.0,0,4,1,1,train,0.19,3,2,1,-1.0,-1.0,-1.0,-1.0,-1.0,1.0,3750.0,3750.0,3
PH001250,AC000300,1,1,0,0,0,-1.0,-1.0,-1.0,-1.0,-1.0,-1.0,-1.0,-1.0,-1.0,-1.0,-1.0,-1.0,-1.0,-1.0,-1.0,-1.0,-1.0,-1.0,-1.0,33750.0,89,1250.0,0,4,1,1,train,0.19,3,2,1,-1.0,-1.0,-1.0,-1.0,-1.0,1.0,3750.0,3750.0,3
PH001251,AC000300,4,2,0,0,0,-1.0,-1.0,-1.0,-1.0,-1.0,-1.0,-1.0,-1.0,-1.0,-1.0,-1.0,-1.0,-1.0,-1.0,-1.0,-1.0,-1.0,-1.0,-1.0,33750.0,89,1250.0,0,4,1,1,train,0.19,3,2,1,-1.0,-1.0,-1.0,-1.0,-1.0,1.0,3750.0,3750.0,3
PH001252,AC000301,3,0,1,0,0,11.0,0.0,0.0,0.0,0.0,26.272727272727273,11.090909090909092,122.0,0.9090909090909091,0.0,1.0,1.0,2.1268055555555554,83.29107638888888,3.0,3.0,0.0,0.0,1.0,471700.0,157,8900.0,0,1,2,2,train,-1.0,4,2,1,8.0,5.0,1.0,760.75,0.625,-1.0,-1.0,-1.0,2
PH001253,AC000301,4,1,0,0,0,8.0,0.0,0.0,0.0,0.0,31.625,18.875,116.0,0.75,0.0,1.0,1.0,9.083240740740742,41.030960648148145,0.0,2.0,0.0,0.0,1.0,471700.0,157,8900.0,0,1,2,2,train,-1.0,4,2,1,8.0,5.0,1.0,760.75,0.625,-1.0,-1.0,-1.0,2
PH001258,AC000304,3,0,0,0,0,8.0,0.0,5.0,1.0,0.0,5.625,0.0,0.0,1.0,0.75,2.0,2.0,56.331747685185185,88.43226851851851,0.0,0.0,3.0,0.75,0.0,617400.0,0,14700.0,1,1,0,0,train,-1.0,0,1,1,-1.0,-1.0,-1.0,-1.0,-1.0,1.0,9600.0,9600.0,2
PH001259,AC000304,0,1,1,0,0,20.0,0.0,0.0,0.0,0.0,28.25,45.45,396.0,0.75,0.0,1.0,1.0,8.32738425925926,54.392997685185186,0.0,12.0,0.0,0.0,1.0,617400.0,0,14700.0,1,1,0,0,train,-1.0,0,1,1,-1.0,-1.0,-1.0,-1.0,-1.0,1.0,9600.0,9600.0,2
PH001260,AC000305,3,0,1,0,0,33.0,0.0,0.0,5.0,0.0,24.424242424242426,33.06060606060606,362.0,0.7575757575757576,0.15151515151515152,1.0,1.0,6.334074074074074,83.30319444444444,1.0,4.0,0.0,0.15151515151515152,1.0,450000.0,28,11250.0,1,1,1,1,train,-1.0,0,1,1,-1.0,-1.0,-1.0,-1.0,-1.0,-1.0,-1.0,-1.0,2
PH001261,AC000305,4,1,0,0,0,-1.0,-1.0,-1.0,-1.0,-1.0,-1.0,-1.0,-1.0,-1.0,-1.0,-1.0,-1.0,-1.0,-1.0,-1.0,-1.0,-1.0,-1.0,-1.0,450000.0,28,11250.0,1,1,1,1,train,-1.0,0,1,1,-1.0,-1.0,-1.0,-1.0,-1.0,-1.0,-1.0,-1.0,2
PH001262,AC000306,3,0,1,0,0,19.0,0.0,0.0,4.0,0.0,15.157894736842104,37.63157894736842,198.0,0.631578947368421,0.21052631578947367,1.0,1.0,43.01671296296296,88.44740740740741,0.0,0.0,1.0,0.21052631578947367,1.0,109500.0,27,7300.0,0,3,1,0,train,0.35,2,1,1,-1.0,-1.0,-1.0,-1.0,-1.0,1.0,7300.0,7300.0,2
PH001263,AC000306,4,1,0,0,0,8.0,0.0,0.0,0.0,0.0,27.375,34.5,139.0,0.75,0.0,1.0,1.0,45.2828125,59.341134259259256,0.0,0.0,0.0,0.0,1.0,109500.0,27,7300.0,0,3,1,0,train,0.35,2,1,1,-1.0,-1.0,-1.0,-1.0,-1.0,1.0,7300.0,7300.0,2
PH000226,AC000307,3,0,0,0,0,15.0,0.0,0.0,1.0,0.0,24.0,38.46666666666667,132.0,0.6666666666666666,0.06666666666666667,1.0,1.0,52.446550925925926,89.29241898148148,0.0,0.0,0.0,0.06666666666666667,1.0,42500.0,49,2500.0,1,3,0,0,train,0.63,1,1,1,3.0,1.0,1.0,269.6666666666667,0.3333333333333333,1.0,5000.0,5000.0,2
PH001264,AC000308,3,0,1,0,0,13.0,1.0,0.0,3.0,0.0,12.615384615384615,17.076923076923077,195.0,0.7692307692307693,0.23076923076923078,1.0,1.0,59.22125,85.34487268518518,0.0,0.0,1.0,0.3076923076923077,1.0,70400.0,248,3200.0,0,0,8,7,train,0.77,0,1,1,8.0,4.0,2.0,527.625,0.5,-1.0,-1.0,-1.0,3
PH001265,AC000308,0,1,1,0,0,12.0,0.0,5.0,1.0,0.0,16.083333333333332,10.583333333333334,127.0,0.9166666666666666,0.5,1.0,1.0,21.442337962962963,55.34576388888889,0.0,3.0,0.0,0.5,1.0,70400.0,248,3200.0,0,0,8,7,train,0.77,0,1,1,8.0,4.0,2.0,527.625,0.5,-1.0,-1.0,-1.0,3
PH001266,AC000308,4,2,1,0,0,3.0,1.0,0.0,1.0,0.0,9.0,73.66666666666667,121.0,0.3333333333333333,0.3333333333333333,1.0,1.0,17.378020833333334,21.157523148148147,0.0,3.0,2.0,0.6666666666666666,1.0,70400.0,248,3200.0,0,0,8,7,train,0.77,0,1,1,8.0,4.0,2.0,527.625,0.5,-1.0,-1.0,-1.0,3
PH001267,AC000309,3,0,1,0,0,3.0,0.0,0.0,0.0,0.0,29.666666666666668,13.666666666666666,41.0,0.6666666666666666,0.0,1.0,1.0,86.4146875,88.41087962962963,0.0,0.0,0.0,0.0,1.0,85050.0,41,4050.0,0,2,1,1,train,0.53,2,1,0,-1.0,-1.0,-1.0,-1.0,-1.0,1.0,8100.0,8100.0,2
PH001268,AC000309,0,1,0,0,0,-1.0,-1.0,-1.0,-1.0,-1.0,-1.0,-1.0,-1.0,-1.0,-1.0,-1.0,-1.0,-1.0,-1.0,-1.0,-1.0,-1.0,-1.0,-1.0,85050.0,41,4050.0,0,2,1,1,train,0.53,2,1,0,-1.0,-1.0,-1.0,-1.0,-1.0,1.0,8100.0,8100.0,2
PH001269,AC000310,3,0,1,0,0,12.0,0.0,9.0,2.0,0.0,1.6666666666666667,2.1666666666666665,26.0,0.9166666666666666,0.9166666666666666,1.0,1.0,53.05721064814815,89.31415509259259,0.0,0.0,4.0,0.9166666666666666,1.0,23750.0,67,1250.0,0,2,1,0,train,-1.0,5,0,1,8.0,1.0,5.0,356.625,0.125,1.0,1600.0,1600.0,3
PH001270,AC000310,1,1,0,0,0,5.0,2.0,0.0,1.0,0.0,20.4,9.0,31.0,0.6,0.2,1.0,1.0,63.24087962962963,68.06390046296296,0.0,0.0,3.0,0.6,1.0,23750.0,67,1250.0,0,2,1,0,train,-1.0,5,0,1,8.0,1.0,5.0,356.625,0.125,1.0,1600.0,1600.0,3
PH001271,AC000311,3,0,1,0,0,5.0,0.0,0.0,1.0,0.0,20.4,21.4,107.0,0.8,0.2,1.0,1.0,84.03592592592592,89.37486111111112,0.0,0.0,1.0,0.2,1.0,102200.0,81,7300.0,0,3,2,2,train,0.5,0,1,1,-1.0,-1.0,-1.0,-1.0,-1.0,1.0,21900.0,21900.0,2
PH001272,AC000311,1,1,0,0,0,-1.0,-1.0,-1.0,-1.0,-1.0,-1.0,-1.0,-1.0,-1.0,-1.0,-1.0,-1.0,-1.0,-1.0,-1.0,-1.0,-1.0,-1.0,-1.0,102200.0,81,7300.0,0,3,2,2,train,0.5,0,1,1,-1.0,-1.0,-1.0,-1.0,-1.0,1.0,21900.0,21900.0,2
PH001273,AC000312,3,0,0,0,0,47.0,0.0,21.0,26.0,0.0,0.0,0.0,0.0,1.0,1.0,1.0,1.0,2.2838541666666665,83.44153935185186,3.0,14.0,5.0,1.0,0.0,31950.0,25,3550.0,2,2,0,0,train,0.48,2,1,1,1.0,0.0,1.0,109.0,0.0,-1.0,-1.0,-1.0,1
PH001274,AC000313,3,0,1,0,0,17.0,0.0,0.0,1.0,0.0,23.823529411764707,78.05882352941177,408.0,0.6470588235294118,0.058823529411764705,2.0,2.0,43.37369212962963,89.38092592592592,0.0,0.0,0.0,0.058823529411764705,1.0,202650.0,6,9650.0,3,6,0,0,train,0.71,2,1,1,-1.0,-1.0,-1.0,-1.0,-1.0,1.0,9650.0,9650.0,1
PH001275,AC000314,3,0,0,0,0,8.0,0.0,4.0,4.0,0.0,0.0,0.0,0.0,1.0,1.0,2.0,2.0,60.21219907407407,84.44938657407407,0.0,0.0,5.0,1.0,0.0,76500.0,0,4250.0,1,0,0,0,train,0.54,1,1,1,-1.0,-1.0,-1.0,-1.0,-1.0,2.0,4250.0,2125.0,2
PH001276,AC000314,4,1,1,0,0,14.0,0.0,0.0,1.0,0.0,23.785714285714285,79.78571428571429,410.0,0.5714285714285714,0.07142857142857142,1.0,1.0,6.413217592592592,58.338298611111114,1.0,11.0,1.0,0.07142857142857142,1.0,76500.0,0,4250.0,1,0,0,0,train,0.54,1,1,1,-1.0,-1.0,-1.0,-1.0,-1.0,2.0,4250.0,2125.0,2
PH001277,AC000315,3,0,1,0,0,20.0,0.0,0.0,0.0,0.0,18.85,55.85,387.0,0.7,0.0,2.0,2.0,64.32434027777778,89.29503472222223,0.0,0.0,0.0,0.0,1.0,57200.0,23,2600.0,0,1,0,0,train,0.33,0,1,1,-1.0,-1.0,-1.0,-1.0,-1.0,1.0,2600.0,2600.0,2
PH001278,AC000315,4,1,0,0,0,-1.0,-1.0,-1.0,-1.0,-1.0,-1.0,-1.0,-1.0,-1.0,-1.0,-1.0,-1.0,-1.0,-1.0,-1.0,-1.0,-1.0,-1.0,-1.0,57200.0,23,2600.0,0,1,0,0,train,0.33,0,1,1,-1.0,-1.0,-1.0,-1.0,-1.0,1.0,2600.0,2600.0,2
PH001281,AC000317,3,0,0,0,0,16.0,0.0,1.0,3.0,0.0,22.4375,0.0,0.0,1.0,0.25,1.0,1.0,26.090775462962963,88.33601851851851,0.0,4.0,0.0,0.25,0.0,257250.0,54,12250.0,1,0,1,1,train,-1.0,2,1,1,2.0,0.0,1.0,91.0,0.0,1.0,24500.0,24500.0,3
PH001282,AC000317,0,1,1,0,0,11.0,0.0,0.0,0.0,0.0,30.727272727272727,3.1818181818181817,35.0,0.9090909090909091,0.0,1.0,1.0,12.290578703703703,77.32763888888888,0.0,3.0,0.0,0.0,1.0,257250.0,54,12250.0,1,0,1,1,train,-1.0,2,1,1,2.0,0.0,1.0,91.0,0.0,1.0,24500.0,24500.0,3
PH000591,AC000317,2,2,0,0,0,8.0,0.0,0.0,1.0,0.0,17.875,49.125,126.0,0.5,0.125,1.0,1.0,44.434884259259256,56.36259259259259,0.0,0.0,1.0,0.125,1.0,257250.0,54,12250.0,1,0,1,1,train,-1.0,2,1,1,2.0,0.0,1.0,91.0,0.0,1.0,24500.0,24500.0,3
PH001283,AC000318,3,0,1,0,0,19.0,0.0,0.0,2.0,0.0,28.526315789473685,24.42105263157895,255.0,0.8421052631578947,0.10526315789473684,1.0,1.0,3.4485995370370373,88.38112268518519,2.0,3.0,0.0,0.10526315789473684,1.0,12600.0,40,1050.0,0,3,3,2,train,0.15,3,0,1,1.0,0.0,0.0,224.0,0.0,-1.0,-1.0,-1.0,2
PH001284,AC000318,4,1,0,0,0,-1.0,-1.0,-1.0,-1.0,-1.0,-1.0,-1.0,-1.0,-1.0,-1.0,-1.0,-1.0,-1.0,-1.0,-1.0,-1.0,-1.0,-1.0,-1.0,12600.0,40,1050.0,0,3,3,2,train,0.15,3,0,1,1.0,0.0,0.0,224.0,0.0,-1.0,-1.0,-1.0,2
PH001285,AC000319,3,0,1,0,0,28.0,0.0,0.0,0.0,0.0,28.928571428571427,46.107142857142854,310.0,0.7142857142857143,0.0,2.0,2.0,5.433171296296297,88.38765046296297,3.0,12.0,0.0,0.0,1.0,148500.0,7,3300.0,2,2,0,0,train,0.63,2,2,1,1.0,0.0,1.0,80.0,0.0,-1.0,-1.0,-1.0,3
PH001286,AC000319,0,1,0,0,0,-1.0,-1.0,-1.0,-1.0,-1.0,-1.0,-1.0,-1.0,-1.0,-1.0,-1.0,-1.0,-1.0,-1.0,-1.0,-1.0,-1.0,-1.0,-1.0,148500.0,7,3300.0,2,2,0,0,train,0.63,2,2,1,1.0,0.0,1.0,80.0,0.0,-1.0,-1.0,-1.0,3
PH001287,AC000319,4,2,0,0,0,-1.0,-1.0,-1.0,-1.0,-1.0,-1.0,-1.0,-1.0,-1.0,-1.0,-1.0,-1.0,-1.0,-1.0,-1.0,-1.0,-1.0,-1.0,-1.0,148500.0,7,3300.0,2,2,0,0,train,0.63,2,2,1,1.0,0.0,1.0,80.0,0.0,-1.0,-1.0,-1.0,3
PH001288,AC000320,3,0,1,0,0,23.0,0.0,0.0,0.0,0.0,32.52173913043478,37.608695652173914,325.0,0.782608695652174,0.0,2.0,2.0,35.40784722222222,86.4021875,0.0,0.0,0.0,0.0,1.0,64600.0,12,3800.0,2,0,1,1,train,0.73,5,1,1,-1.0,-1.0,-1.0,-1.0,-1.0,1.0,3800.0,3800.0,1
PH001289,AC000321,3,0,0,0,0,8.0,0.0,2.0,6.0,0.0,0.0,0.0,0.0,1.0,1.0,1.0,1.0,68.43686342592592,89.34672453703703,0.0,0.0,5.0,1.0,0.0,50600.0,124,1100.0,0,3,3,2,train,-1.0,5,0,1,2.0,1.0,0.0,1006.0,0.5,1.0,5500.0,5500.0,2
PH001290,AC000321,0,1,1,0,0,3.0,0.0,0.0,0.0,0.0,15.0,90.0,209.0,0.3333333333333333,0.0,1.0,1.0,61.340069444444445,62.299814814814816,0.0,0.0,0.0,0.0,1.0,50600.0,124,1100.0,0,3,3,2,train,-1.0,5,0,1,2.0,1.0,0.0,1006.0,0.5,1.0,5500.0,5500.0,2
PH001297,AC000324,3,0,1,0,0,26.0,2.0,0.0,2.0,0.0,22.576923076923077,27.423076923076923,378.0,0.8461538461538461,0.07692307692307693,2.0,2.0,30.421863425925928,89.38559027777778,0.0,0.0,0.0,0.15384615384615385,1.0,83200.0,0,3200.0,0,1,0,0,train,-1.0,5,1,1,1.0,0.0,0.0,280.0,0.0,-1.0,-1.0,-1.0,1
PH001298,AC000325,3,0,0,0,0,16.0,1.0,0.0,0.0,0.0,18.0,1.1875,19.0,0.9375,0.0,2.0,2.0,32.26612268518519,87.30168981481482,0.0,0.0,0.0,0.0625,1.0,54050.0,0,2350.0,2,1,0,0,train,0.68,1,1,1,1.0,0.0,1.0,87.0,0.0,-1.0,-1.0,-1.0,2
PH001299,AC000325,1,1,1,0,0,16.0,1.0,0.0,2.0,0.0,18.8125,45.625,148.0,0.5625,0.125,2.0,2.0,2.2933564814814815,59.37046296296296,2.0,7.0,2.0,0.1875,1.0,54050.0,0,2350.0,2,1,0,0,train,0.68,1,1,1,1.0,0.0,1.0,87.0,0.0,-1.0,-1.0,-1.0,2
PH001300,AC000326,3,0,1,0,0,27.0,0.0,2.0,4.0,0.0,19.333333333333332,32.7037037037037,233.0,0.7777777777777778,0.2222222222222222,2.0,2.0,4.382407407407407,87.37702546296296,1.0,16.0,3.0,0.2222222222222222,1.0,43200.0,7,1600.0,0,1,0,0,train,0.59,2,1,1,2.0,0.0,2.0,83.0,0.0,-1.0,-1.0,-1.0,3
PH001301,AC000326,1,1,0,0,0,-1.0,-1.0,-1.0,-1.0,-1.0,-1.0,-1.0,-1.0,-1.0,-1.0,-1.0,-1.0,-1.0,-1.0,-1.0,-1.0,-1.0,-1.0,-1.0,43200.0,7,1600.0,0,1,0,0,train,0.59,2,1,1,2.0,0.0,2.0,83.0,0.0,-1.0,-1.0,-1.0,3
PH001302,AC000326,4,2,0,0,0,-1.0,-1.0,-1.0,-1.0,-1.0,-1.0,-1.0,-1.0,-1.0,-1.0,-1.0,-1.0,-1.0,-1.0,-1.0,-1.0,-1.0,-1.0,-1.0,43200.0,7,1600.0,0,1,0,0,train,0.59,2,1,1,2.0,0.0,2.0,83.0,0.0,-1.0,-1.0,-1.0,3
PH001305,AC000328,3,0,1,0,0,1.0,0.0,0.0,0.0,0.0,18.0,39.0,39.0,0.0,0.0,1.0,1.0,89.26986111111111,89.26986111111111,0.0,0.0,0.0,0.0,1.0,151800.0,27,4600.0,0,3,1,1,train,0.27,1,2,1,-1.0,-1.0,-1.0,-1.0,-1.0,1.0,4600.0,4600.0,1
PH001306,AC000329,3,0,1,0,0,8.0,0.0,0.0,2.0,0.0,20.75,0.0,0.0,1.0,0.25,1.0,1.0,65.42314814814814,87.376875,0.0,0.0,2.0,0.25,0.0,770400.0,78,16050.0,0,2,1,1,train,0.23,2,1,1,-1.0,-1.0,-1.0,-1.0,-1.0,1.0,48150.0,48150.0,3
PH001307,AC000329,0,1,1,0,0,3.0,0.0,0.0,0.0,0.0,26.666666666666668,10.0,30.0,0.6666666666666666,0.0,1.0,1.0,59.3190625,62.42003472222222,0.0,0.0,0.0,0.0,1.0,770400.0,78,16050.0,0,2,1,1,train,0.23,2,1,1,-1.0,-1.0,-1.0,-1.0,-1.0,1.0,48150.0,48150.0,3
PH001308,AC000329,4,2,0,0,0,-1.0,-1.0,-1.0,-1.0,-1.0,-1.0,-1.0,-1.0,-1.0,-1.0,-1.0,-1.0,-1.0,-1.0,-1.0,-1.0,-1.0,-1.0,-1.0,770400.0,78,16050.0,0,2,1,1,train,0.23,2,1,1,-1.0,-1.0,-1.0,-1.0,-1.0,1.0,48150.0,48150.0,3
PH001309,AC000330,3,0,1,0,0,47.0,1.0,0.0,5.0,0.0,26.851063829787233,1.8085106382978724,67.0,0.9574468085106383,0.10638297872340426,2.0,2.0,2.160150462962963,87.45332175925925,5.0,24.0,0.0,0.1276595744680851,1.0,93000.0,2,4650.0,0,2,0,0,train,0.58,2,2,1,-1.0,-1.0,-1.0,-1.0,-1.0,-1.0,-1.0,-1.0,1
PH001313,AC000333,3,0,1,0,0,35.0,0.0,0.0,4.0,0.0,26.6,29.857142857142858,410.0,0.8,0.11428571428571428,1.0,1.0,6.452523148148148,86.45270833333333,1.0,8.0,0.0,0.11428571428571428,1.0,240750.0,41,5350.0,0,3,2,0,train,0.15,0,1,1,4.0,3.0,0.0,631.25,0.75,1.0,3700.0,3700.0,3
PH001314,AC000333,1,1,1,0,0,4.0,1.0,0.0,0.0,0.0,23.75,11.75,37.0,0.5,0.0,1.0,1.0,2.272152777777778,6.087476851851852,4.0,4.0,1.0,0.25,1.0,240750.0,41,5350.0,0,3,2,0,train,0.15,0,1,1,4.0,3.0,0.0,631.25,0.75,1.0,3700.0,3700.0,3
PH001315,AC000333,4,2,0,0,0,-1.0,-1.0,-1.0,-1.0,-1.0,-1.0,-1.0,-1.0,-1.0,-1.0,-1.0,-1.0,-1.0,-1.0,-1.0,-1.0,-1.0,-1.0,-1.0,240750.0,41,5350.0,0,3,2,0,train,0.15,0,1,1,4.0,3.0,0.0,631.25,0.75,1.0,3700.0,3700.0,3
PH001316,AC000334,3,0,1,0,0,2.0,0.0,0.0,0.0,0.0,31.0,25.5,51.0,0.5,0.0,1.0,1.0,83.25344907407407,87.4111574074074,0.0,0.0,0.0,0.0,1.0,69000.0,15,3450.0,1,0,2,1,train,0.99,5,1,1,-1.0,-1.0,-1.0,-1.0,-1.0,1.0,3450.0,3450.0,2
PH001317,AC000334,0,1,0,0,0,-1.0,-1.0,-1.0,-1.0,-1.0,-1.0,-1.0,-1.0,-1.0,-1.0,-1.0,-1.0,-1.0,-1.0,-1.0,-1.0,-1.0,-1.0,-1.0,69000.0,15,3450.0,1,0,2,1,train,0.99,5,1,1,-1.0,-1.0,-1.0,-1.0,-1.0,1.0,3450.0,3450.0,2
PH001321,AC000336,3,0,1,0,0,12.0,0.0,0.0,2.0,0.0,17.833333333333332,28.25,339.0,0.9166666666666666,0.16666666666666666,1.0,1.0,4.280208333333333,88.36519675925926,2.0,4.0,1.0,0.16666666666666666,1.0,1188850.0,565,38350.0,0,1,3,3,train,0.88,5,2,1,9.0,7.0,0.0,738.6666666666666,0.7777777777777778,-1.0,-1.0,-1.0,2
PH001322,AC000336,0,1,0,0,0,8.0,0.0,1.0,2.0,0.0,19.375,0.0,0.0,1.0,0.375,1.0,1.0,9.355706018518518,58.449756944444445,0.0,4.0,1.0,0.375,0.0,1188850.0,565,38350.0,0,1,3,3,train,0.88,5,2,1,9.0,7.0,0.0,738.6666666666666,0.7777777777777778,-1.0,-1.0,-1.0,2
PH001323,AC000337,3,0,1,0,0,32.0,0.0,0.0,5.0,0.0,23.6875,21.0,385.0,0.875,0.15625,1.0,1.0,6.387893518518519,89.35596064814816,1.0,13.0,2.0,0.15625,1.0,196350.0,40,5950.0,0,2,2,2,train,0.27,2,1,1,5.0,2.0,1.0,597.4,0.4,-1.0,-1.0,-1.0,2
PH000544,AC000337,2,1,0,0,0,11.0,0.0,0.0,0.0,0.0,26.09090909090909,32.45454545454545,146.0,0.6363636363636364,0.0,1.0,1.0,0.21686342592592592,65.2684837962963,3.0,3.0,0.0,0.0,1.0,196350.0,40,5950.0,0,2,2,2,train,0.27,2,1,1,5.0,2.0,1.0,597.4,0.4,-1.0,-1.0,-1.0,2
PH001324,AC000338,3,0,0,0,0,17.0,0.0,8.0,9.0,0.0,0.0,0.0,0.0,1.0,1.0,2.0,2.0,3.3874074074074074,87.33891203703703,1.0,5.0,5.0,1.0,0.0,503700.0,4,10950.0,3,1,2,1,train,-1.0,2,1,1,5.0,0.0,3.0,170.6,0.0,-1.0,-1.0,-1.0,2
PH000263,AC000338,2,1,0,1,0,27.0,1.0,0.0,1.0,0.0,22.14814814814815,41.03703703703704,140.0,0.5925925925925926,0.037037037037037035,4.0,2.0,4.278090277777777,63.270381944444445,6.0,14.0,1.0,0.07407407407407407,1.0,503700.0,4,10950.0,3,1,2,1,train,-1.0,2,1,1,5.0,0.0,3.0,170.6,0.0,-1.0,-1.0,-1.0,2
PH001328,AC000340,3,0,1,0,0,7.0,0.0,0.0,0.0,0.0,21.571428571428573,116.42857142857143,406.0,0.2857142857142857,0.0,2.0,2.0,55.36266203703704,77.29996527777777,0.0,0.0,0.0,0.0,1.0,336000.0,0,16800.0,1,1,0,0,train,-1.0,4,2,1,-1.0,-1.0,-1.0,-1.0,-1.0,2.0,16800.0,8400.0,2
PH001329,AC000340,0,1,0,0,0,-1.0,-1.0,-1.0,-1.0,-1.0,-1.0,-1.0,-1.0,-1.0,-1.0,-1.0,-1.0,-1.0,-1.0,-1.0,-1.0,-1.0,-1.0,-1.0,336000.0,0,16800.0,1,1,0,0,train,-1.0,4,2,1,-1.0,-1.0,-1.0,-1.0,-1.0,2.0,16800.0,8400.0,2
PH001330,AC000341,3,0,0,0,0,8.0,0.0,0.0,0.0,0.0,28.75,0.0,0.0,1.0,0.0,1.0,1.0,77.22224537037037,89.31616898148148,0.0,0.0,0.0,0.0,0.0,28800.0,59,2400.0,0,0,0,0,train,-1.0,1,1,1,6.0,2.0,2.0,496.0,0.3333333333333333,-1.0,-1.0,-1.0,3
PH001331,AC000341,0,1,1,0,0,11.0,0.0,0.0,0.0,0.0,26.363636363636363,29.636363636363637,270.0,0.8181818181818182,0.0,1.0,1.0,6.200081018518518,72.40822916666667,2.0,4.0,0.0,0.0,1.0,28800.0,59,2400.0,0,0,0,0,train,-1.0,1,1,1,6.0,2.0,2.0,496.0,0.3333333333333333,-1.0,-1.0,-1.0,3
PH001332,AC000341,4,2,0,0,0,-1.0,-1.0,-1.0,-1.0,-1.0,-1.0,-1.0,-1.0,-1.0,-1.0,-1.0,-1.0,-1.0,-1.0,-1.0,-1.0,-1.0,-1.0,-1.0,28800.0,59,2400.0,0,0,0,0,train,-1.0,1,1,1,6.0,2.0,2.0,496.0,0.3333333333333333,-1.0,-1.0,-1.0,3
PH001333,AC000342,3,0,1,0,0,5.0,0.0,0.0,0.0,0.0,24.0,78.6,347.0,0.6,0.0,2.0,2.0,77.39459490740741,87.44512731481481,0.0,0.0,0.0,0.0,1.0,282750.0,13,9750.0,1,3,0,0,train,0.93,5,2,1,-1.0,-1.0,-1.0,-1.0,-1.0,1.0,9750.0,9750.0,2
PH001334,AC000342,1,1,0,0,0,-1.0,-1.0,-1.0,-1.0,-1.0,-1.0,-1.0,-1.0,-1.0,-1.0,-1.0,-1.0,-1.0,-1.0,-1.0,-1.0,-1.0,-1.0,-1.0,282750.0,13,9750.0,1,3,0,0,train,0.93,5,2,1,-1.0,-1.0,-1.0,-1.0,-1.0,1.0,9750.0,9750.0,2
PH001335,AC000343,3,0,0,0,0,2.0,0.0,0.0,0.0,2.0,0.0,0.0,0.0,1.0,1.0,1.0,1.0,71.45355324074075,74.25998842592593,0.0,0.0,2.0,0.0,0.0,131200.0,0,4100.0,4,0,0,0,train,0.9,2,1,1,-1.0,-1.0,-1.0,-1.0,-1.0,3.0,3900.0,1300.0,3
PH001336,AC000343,4,1,0,1,0,13.0,0.0,0.0,1.0,0.0,22.76923076923077,36.92307692307692,138.0,0.6153846153846154,0.07692307692307693,2.0,2.0,39.39591435185185,71.04902777777778,0.0,0.0,0.0,0.07692307692307693,1.0,131200.0,0,4100.0,4,0,0,0,train,0.9,2,1,1,-1.0,-1.0,-1.0,-1.0,-1.0,3.0,3900.0,1300.0,3
PH001337,AC000344,3,0,0,0,0,-1.0,-1.0,-1.0,-1.0,-1.0,-1.0,-1.0,-1.0,-1.0,-1.0,-1.0,-1.0,-1.0,-1.0,-1.0,-1.0,-1.0,-1.0,-1.0,419400.0,12,11650.0,4,1,0,0,train,0.98,0,1,1,-1.0,-1.0,-1.0,-1.0,-1.0,1.0,11650.0,11650.0,3
PH001338,AC000344,0,1,0,0,0,-1.0,-1.0,-1.0,-1.0,-1.0,-1.0,-1.0,-1.0,-1.0,-1.0,-1.0,-1.0,-1.0,-1.0,-1.0,-1.0,-1.0,-1.0,-1.0,419400.0,12,11650.0,4,1,0,0,train,0.98,0,1,1,-1.0,-1.0,-1.0,-1.0,-1.0,1.0,11650.0,11650.0,3
PH001339,AC000344,4,2,0,0,0,-1.0,-1.0,-1.0,-1.0,-1.0,-1.0,-1.0,-1.0,-1.0,-1.0,-1.0,-1.0,-1.0,-1.0,-1.0,-1.0,-1.0,-1.0,-1.0,419400.0,12,11650.0,4,1,0,0,train,0.98,0,1,1,-1.0,-1.0,-1.0,-1.0,-1.0,1.0,11650.0,11650.0,3
PH001340,AC000345,3,0,1,0,0,13.0,0.0,0.0,0.0,0.0,25.692307692307693,30.076923076923077,262.0,0.6923076923076923,0.0,1.0,1.0,10.301296296296297,68.38241898148148,0.0,4.0,0.0,0.0,1.0,181350.0,34,5850.0,1,1,2,2,train,0.72,0,1,0,-1.0,-1.0,-1.0,-1.0,-1.0,1.0,7900.0,7900.0,2
PH001341,AC000345,4,1,0,0,0,16.0,0.0,0.0,0.0,0.0,27.8125,25.5,102.0,0.6875,0.0,1.0,1.0,11.306469907407408,79.3738425925926,0.0,4.0,0.0,0.0,1.0,181350.0,34,5850.0,1,1,2,2,train,0.72,0,1,0,-1.0,-1.0,-1.0,-1.0,-1.0,1.0,7900.0,7900.0,2
PH001342,AC000346,3,0,1,0,0,5.0,0.0,0.0,0.0,0.0,24.6,41.0,174.0,0.6,0.0,1.0,1.0,73.16777777777777,81.42621527777777,0.0,0.0,0.0,0.0,1.0,354900.0,137,8450.0,0,0,3,3,train,0.4,0,1,1,2.0,0.0,2.0,54.0,0.0,1.0,42250.0,42250.0,4
PH001343,AC000346,0,1,0,0,0,-1.0,-1.0,-1.0,-1.0,-1.0,-1.0,-1.0,-1.0,-1.0,-1.0,-1.0,-1.0,-1.0,-1.0,-1.0,-1.0,-1.0,-1.0,-1.0,354900.0,137,8450.0,0,0,3,3,train,0.4,0,1,1,2.0,0.0,2.0,54.0,0.0,1.0,42250.0,42250.0,4
PH000486,AC000346,2,2,0,0,0,-1.0,-1.0,-1.0,-1.0,-1.0,-1.0,-1.0,-1.0,-1.0,-1.0,-1.0,-1.0,-1.0,-1.0,-1.0,-1.0,-1.0,-1.0,-1.0,354900.0,137,8450.0,0,0,3,3,train,0.4,0,1,1,2.0,0.0,2.0,54.0,0.0,1.0,42250.0,42250.0,4
PH001344,AC000346,4,3,0,0,0,-1.0,-1.0,-1.0,-1.0,-1.0,-1.0,-1.0,-1.0,-1.0,-1.0,-1.0,-1.0,-1.0,-1.0,-1.0,-1.0,-1.0,-1.0,-1.0,354900.0,137,8450.0,0,0,3,3,train,0.4,0,1,1,2.0,0.0,2.0,54.0,0.0,1.0,42250.0,42250.0,4
PH001345,AC000347,3,0,1,0,0,3.0,0.0,0.0,0.0,0.0,14.0,82.0,210.0,0.3333333333333333,0.0,1.0,1.0,88.40628472222222,89.44248842592593,0.0,0.0,0.0,0.0,1.0,213900.0,82,4650.0,0,2,2,0,train,0.15,1,1,1,-1.0,-1.0,-1.0,-1.0,-1.0,1.0,13950.0,13950.0,1
PH001346,AC000348,3,0,0,0,1,12.0,0.0,10.0,2.0,0.0,0.0,0.0,0.0,1.0,1.0,1.0,1.0,67.17891203703704,88.42023148148148,0.0,0.0,5.0,1.0,0.0,16650.0,59,1850.0,0,2,0,0,train,0.52,2,1,1,1.0,0.0,0.0,214.0,0.0,1.0,3700.0,3700.0,3
PH001347,AC000348,0,1,0,0,0,4.0,2.0,0.0,0.0,0.0,22.5,13.25,28.0,0.5,0.0,1.0,1.0,73.44849537037037,77.00918981481482,0.0,0.0,2.0,0.5,1.0,16650.0,59,1850.0,0,2,0,0,train,0.52,2,1,1,1.0,0.0,0.0,214.0,0.0,1.0,3700.0,3700.0,3
PH001348,AC000349,3,0,1,0,0,15.0,0.0,0.0,2.0,0.0,21.533333333333335,35.13333333333333,216.0,0.7333333333333333,0.13333333333333333,1.0,1.0,5.337094907407407,88.39233796296297,1.0,7.0,1.0,0.13333333333333333,1.0,109150.0,68,2950.0,0,1,1,1,train,0.74,0,1,1,5.0,1.0,1.0,473.8,0.2,1.0,3600.0,3600.0,4
PH001349,AC000349,0,1,0,0,0,-1.0,-1.0,-1.0,-1.0,-1.0,-1.0,-1.0,-1.0,-1.0,-1.0,-1.0,-1.0,-1.0,-1.0,-1.0,-1.0,-1.0,-1.0,-1.0,109150.0,68,2950.0,0,1,1,1,train,0.74,0,1,1,5.0,1.0,1.0,473.8,0.2,1.0,3600.0,3600.0,4
PH001350,AC000349,1,2,0,0,0,-1.0,-1.0,-1.0,-1.0,-1.0,-1.0,-1.0,-1.0,-1.0,-1.0,-1.0,-1.0,-1.0,-1.0,-1.0,-1.0,-1.0,-1.0,-1.0,109150.0,68,2950.0,0,1,1,1,train,0.74,0,1,1,5.0,1.0,1.0,473.8,0.2,1.0,3600.0,3600.0,4
PH001351,AC000349,4,3,0,0,0,-1.0,-1.0,-1.0,-1.0,-1.0,-1.0,-1.0,-1.0,-1.0,-1.0,-1.0,-1.0,-1.0,-1.0,-1.0,-1.0,-1.0,-1.0,-1.0,109150.0,68,2950.0,0,1,1,1,train,0.74,0,1,1,5.0,1.0,1.0,473.8,0.2,1.0,3600.0,3600.0,4
PH001352,AC000350,3,0,1,0,0,29.0,0.0,1.0,3.0,0.0,25.0,49.89655172413793,375.0,0.7241379310344828,0.13793103448275862,1.0,1.0,0.4526736111111111,82.43752314814814,1.0,9.0,0.0,0.13793103448275862,1.0,192700.0,25,4700.0,0,2,0,0,train,-1.0,5,1,1,-1.0,-1.0,-1.0,-1.0,-1.0,2.0,3200.0,1600.0,1
PH001353,AC000351,3,0,1,0,0,33.0,0.0,0.0,4.0,0.0,22.575757575757574,36.303030303030305,407.0,0.8181818181818182,0.12121212121212122,1.0,1.0,12.030555555555555,88.40283564814816,0.0,9.0,0.0,0.12121212121212122,1.0,164000.0,59,10250.0,0,0,3,0,train,0.55,0,1,1,3.0,0.0,2.0,244.0,0.0,1.0,7600.0,7600.0,1
PH001354,AC000352,3,0,1,0,0,28.0,0.0,0.0,1.0,0.0,28.178571428571427,45.035714285714285,397.0,0.75,0.03571428571428571,2.0,2.0,9.421689814814815,86.30153935185186,0.0,16.0,0.0,0.03571428571428571,1.0,102500.0,0,10250.0,1,2,0,0,train,-1.0,0,1,1,-1.0,-1.0,-1.0,-1.0,-1.0,-1.0,-1.0,-1.0,2
PH001355,AC000352,0,1,1,0,0,3.0,0.0,0.0,0.0,0.0,21.0,31.333333333333332,94.0,0.6666666666666666,0.0,1.0,1.0,3.0393171296296297,9.178090277777779,2.0,3.0,0.0,0.0,1.0,102500.0,0,10250.0,1,2,0,0,train,-1.0,0,1,1,-1.0,-1.0,-1.0,-1.0,-1.0,-1.0,-1.0,-1.0,2
PH001360,AC000354,3,0,1,0,0,17.0,0.0,0.0,3.0,0.0,22.88235294117647,51.94117647058823,372.0,0.8235294117647058,0.17647058823529413,1.0,1.0,13.270555555555555,86.27668981481482,0.0,1.0,0.0,0.17647058823529413,1.0,323350.0,54,11150.0,0,2,1,1,train,0.57,2,1,1,2.0,0.0,1.0,176.0,0.0,1.0,22300.0,22300.0,2
PH001361,AC000354,4,1,1,0,0,16.0,0.0,0.0,0.0,0.0,20.875,48.375,144.0,0.4375,0.0,1.0,1.0,17.316168981481482,55.12489583333333,0.0,4.0,0.0,0.0,1.0,323350.0,54,11150.0,0,2,1,1,train,0.57,2,1,1,2.0,0.0,1.0,176.0,0.0,1.0,22300.0,22300.0,2
PH001362,AC000355,3,0,1,0,0,30.0,0.0,0.0,2.0,0.0,23.866666666666667,54.8,418.0,0.7666666666666667,0.06666666666666667,1.0,1.0,8.115706018518518,76.41824074074074,0.0,8.0,0.0,0.06666666666666667,1.0,13600.0,25,1700.0,1,4,1,0,train,-1.0,1,1,1,1.0,0.0,1.0,115.0,0.0,1.0,300.0,300.0,2
PH001363,AC000355,0,1,0,0,0,-1.0,-1.0,-1.0,-1.0,-1.0,-1.0,-1.0,-1.0,-1.0,-1.0,-1.0,-1.0,-1.0,-1.0,-1.0,-1.0,-1.0,-1.0,-1.0,13600.0,25,1700.0,1,4,1,0,train,-1.0,1,1,1,1.0,0.0,1.0,115.0,0.0,1.0,300.0,300.0,2
PH001367,AC000357,3,0,1,0,0,9.0,0.0,0.0,0.0,0.0,18.77777777777778,94.33333333333333,320.0,0.3333333333333333,0.0,1.0,1.0,72.37797453703703,87.2881712962963,0.0,0.0,0.0,0.0,1.0,1387750.0,52,39650.0,0,3,1,1,train,-1.0,4,2,1,-1.0,-1.0,-1.0,-1.0,-1.0,1.0,79300.0,79300.0,2
PH001368,AC000357,0,1,0,0,0,-1.0,-1.0,-1.0,-1.0,-1.0,-1.0,-1.0,-1.0,-1.0,-1.0,-1.0,-1.0,-1.0,-1.0,-1.0,-1.0,-1.0,-1.0,-1.0,1387750.0,52,39650.0,0,3,1,1,train,-1.0,4,2,1,-1.0,-1.0,-1.0,-1.0,-1.0,1.0,79300.0,79300.0,2
PH001369,AC000358,3,0,0,0,0,3.0,0.0,2.0,1.0,0.0,0.0,0.0,0.0,1.0,1.0,2.0,2.0,83.40283564814816,87.39111111111112,0.0,0.0,3.0,1.0,0.0,15400.0,0,1400.0,0,4,0,0,train,-1.0,3,2,1,-1.0,-1.0,-1.0,-1.0,-1.0,1.0,1400.0,1400.0,3
PH001370,AC000358,1,1,0,0,0,-1.0,-1.0,-1.0,-1.0,-1.0,-1.0,-1.0,-1.0,-1.0,-1.0,-1.0,-1.0,-1.0,-1.0,-1.0,-1.0,-1.0,-1.0,-1.0,15400.0,0,1400.0,0,4,0,0,train,-1.0,3,2,1,-1.0,-1.0,-1.0,-1.0,-1.0,1.0,1400.0,1400.0,3
PH001371,AC000358,4,2,0,0,0,-1.0,-1.0,-1.0,-1.0,-1.0,-1.0,-1.0,-1.0,-1.0,-1.0,-1.0,-1.0,-1.0,-1.0,-1.0,-1.0,-1.0,-1.0,-1.0,15400.0,0,1400.0,0,4,0,0,train,-1.0,3,2,1,-1.0,-1.0,-1.0,-1.0,-1.0,1.0,1400.0,1400.0,3
PH001373,AC000360,3,0,1,0,0,28.0,1.0,0.0,4.0,0.0,23.392857142857142,17.821428571428573,184.0,0.8214285714285714,0.14285714285714285,1.0,1.0,52.303587962962965,88.42866898148148,0.0,0.0,0.0,0.17857142857142858,1.0,321300.0,47,17850.0,0,3,5,4,train,0.5,0,1,1,2.0,0.0,1.0,200.0,0.0,-1.0,-1.0,-1.0,3
PH001374,AC000360,0,1,1,0,0,10.0,0.0,0.0,2.0,0.0,18.7,50.3,378.0,0.7,0.2,1.0,1.0,7.300578703703704,47.27616898148148,0.0,8.0,1.0,0.2,1.0,321300.0,47,17850.0,0,3,5,4,train,0.5,0,1,1,2.0,0.0,1.0,200.0,0.0,-1.0,-1.0,-1.0,3
PH001375,AC000360,1,2,0,0,0,-1.0,-1.0,-1.0,-1.0,-1.0,-1.0,-1.0,-1.0,-1.0,-1.0,-1.0,-1.0,-1.0,-1.0,-1.0,-1.0,-1.0,-1.0,-1.0,321300.0,47,17850.0,0,3,5,4,train,0.5,0,1,1,2.0,0.0,1.0,200.0,0.0,-1.0,-1.0,-1.0,3
PH001379,AC000362,3,0,1,0,0,10.0,0.0,0.0,1.0,0.0,22.7,16.2,61.0,0.7,0.1,1.0,1.0,75.43087962962963,88.25076388888888,0.0,0.0,0.0,0.1,1.0,108000.0,83,4000.0,0,0,2,0,train,-1.0,0,2,1,-1.0,-1.0,-1.0,-1.0,-1.0,2.0,12000.0,6000.0,1
PH001382,AC000364,3,0,0,0,0,4.0,2.0,0.0,1.0,0.0,12.5,7.0,16.0,0.5,0.25,1.0,1.0,86.27033564814815,89.39048611111112,0.0,0.0,3.0,0.75,1.0,408000.0,96,17000.0,0,4,2,0,train,0.53,2,1,1,8.0,3.0,2.0,433.625,0.375,-1.0,-1.0,-1.0,2
PH001383,AC000364,1,1,1,0,0,39.0,1.0,0.0,3.0,0.0,23.153846153846153,33.82051282051282,150.0,0.6410256410256411,0.07692307692307693,1.0,1.0,4.427349537037037,86.16112268518519,3.0,9.0,0.0,0.10256410256410256,1.0,408000.0,96,17000.0,0,4,2,0,train,0.53,2,1,1,8.0,3.0,2.0,433.625,0.375,-1.0,-1.0,-1.0,2
PH001384,AC000365,3,0,0,0,0,1.0,0.0,0.0,0.0,0.0,33.0,0.0,0.0,1.0,0.0,1.0,1.0,86.40614583333333,86.40614583333333,0.0,0.0,0.0,0.0,0.0,36750.0,7,1050.0,0,3,1,1,train,-1.0,3,0,1,-1.0,-1.0,-1.0,-1.0,-1.0,1.0,1050.0,1050.0,3
PH001385,AC000365,0,1,0,0,0,-1.0,-1.0,-1.0,-1.0,-1.0,-1.0,-1.0,-1.0,-1.0,-1.0,-1.0,-1.0,-1.0,-1.0,-1.0,-1.0,-1.0,-1.0,-1.0,36750.0,7,1050.0,0,3,1,1,train,-1.0,3,0,1,-1.0,-1.0,-1.0,-1.0,-1.0,1.0,1050.0,1050.0,3
PH001386,AC000365,1,2,0,0,0,-1.0,-1.0,-1.0,-1.0,-1.0,-1.0,-1.0,-1.0,-1.0,-1.0,-1.0,-1.0,-1.0,-1.0,-1.0,-1.0,-1.0,-1.0,-1.0,36750.0,7,1050.0,0,3,1,1,train,-1.0,3,0,1,-1.0,-1.0,-1.0,-1.0,-1.0,1.0,1050.0,1050.0,3
PH001387,AC000366,3,0,1,0,0,23.0,0.0,0.0,1.0,0.0,26.217391304347824,35.08695652173913,361.0,0.6956521739130435,0.043478260869565216,2.0,2.0,11.297337962962963,86.34712962962963,0.0,8.0,0.0,0.043478260869565216,1.0,608400.0,0,23400.0,4,1,0,0,train,0.81,5,2,1,-1.0,-1.0,-1.0,-1.0,-1.0,4.0,23400.0,5850.0,4
PH001388,AC000366,0,1,0,0,0,-1.0,-1.0,-1.0,-1.0,-1.0,-1.0,-1.0,-1.0,-1.0,-1.0,-1.0,-1.0,-1.0,-1.0,-1.0,-1.0,-1.0,-1.0,-1.0,608400.0,0,23400.0,4,1,0,0,train,0.81,5,2,1,-1.0,-1.0,-1.0,-1.0,-1.0,4.0,23400.0,5850.0,4
PH001389,AC000366,1,2,0,0,0,-1.0,-1.0,-1.0,-1.0,-1.0,-1.0,-1.0,-1.0,-1.0,-1.0,-1.0,-1.0,-1.0,-1.0,-1.0,-1.0,-1.0,-1.0,-1.0,608400.0,0,23400.0,4,1,0,0,train,0.81,5,2,1,-1.0,-1.0,-1.0,-1.0,-1.0,4.0,23400.0,5850.0,4
PH001390,AC000366,4,3,0,0,0,-1.0,-1.0,-1.0,-1.0,-1.0,-1.0,-1.0,-1.0,-1.0,-1.0,-1.0,-1.0,-1.0,-1.0,-1.0,-1.0,-1.0,-1.0,-1.0,608400.0,0,23400.0,4,1,0,0,train,0.81,5,2,1,-1.0,-1.0,-1.0,-1.0,-1.0,4.0,23400.0,5850.0,4
PH001391,AC000367,3,0,1,0,0,17.0,0.0,0.0,1.0,0.0,22.88235294117647,4.529411764705882,48.0,0.8823529411764706,0.058823529411764705,1.0,1.0,45.010185185185186,87.27025462962963,0.0,0.0,1.0,0.058823529411764705,1.0,378000.0,39,10500.0,0,0,0,0,train,-1.0,0,1,1,2.0,0.0,0.0,177.0,0.0,1.0,12700.0,12700.0,3
PH001392,AC000367,0,1,1,0,0,12.0,0.0,1.0,2.0,0.0,17.083333333333332,72.41666666666667,410.0,0.5833333333333334,0.25,1.0,1.0,4.348159722222222,44.360104166666666,1.0,7.0,3.0,0.25,1.0,378000.0,39,10500.0,0,0,0,0,train,-1.0,0,1,1,2.0,0.0,0.0,177.0,0.0,1.0,12700.0,12700.0,3
PH001393,AC000367,1,2,0,0,0,-1.0,-1.0,-1.0,-1.0,-1.0,-1.0,-1.0,-1.0,-1.0,-1.0,-1.0,-1.0,-1.0,-1.0,-1.0,-1.0,-1.0,-1.0,-1.0,378000.0,39,10500.0,0,0,0,0,train,-1.0,0,1,1,2.0,0.0,0.0,177.0,0.0,1.0,12700.0,12700.0,3
PH001396,AC000369,3,0,0,0,0,8.0,1.0,2.0,0.0,0.0,22.625,2.0,16.0,0.875,0.25,2.0,2.0,60.01696759259259,84.2784837962963,0.0,0.0,3.0,0.375,1.0,52650.0,0,4050.0,1,0,0,0,train,-1.0,2,0,1,1.0,0.0,0.0,237.0,0.0,-1.0,-1.0,-1.0,2
PH001397,AC000369,0,1,1,0,0,22.0,0.0,0.0,0.0,0.0,26.818181818181817,23.727272727272727,247.0,0.8181818181818182,0.0,1.0,1.0,9.015914351851851,58.40422453703704,0.0,12.0,0.0,0.0,1.0,52650.0,0,4050.0,1,0,0,0,train,-1.0,2,0,1,1.0,0.0,0.0,237.0,0.0,-1.0,-1.0,-1.0,2
PH001401,AC000371,3,0,1,0,0,2.0,0.0,0.0,0.0,0.0,16.0,100.5,146.0,0.0,0.0,1.0,1.0,83.36221064814815,89.24981481481481,0.0,0.0,0.0,0.0,1.0,79900.0,106,4700.0,0,3,1,1,train,-1.0,1,2,1,1.0,0.0,0.0,470.0,0.0,1.0,18800.0,18800.0,2
PH001402,AC000371,1,1,0,0,0,-1.0,-1.0,-1.0,-1.0,-1.0,-1.0,-1.0,-1.0,-1.0,-1.0,-1.0,-1.0,-1.0,-1.0,-1.0,-1.0,-1.0,-1.0,-1.0,79900.0,106,4700.0,0,3,1,1,train,-1.0,1,2,1,1.0,0.0,0.0,470.0,0.0,1.0,18800.0,18800.0,2
PH001403,AC000372,3,0,1,0,0,14.0,0.0,0.0,0.0,0.0,25.642857142857142,9.0,45.0,0.7857142857142857,0.0,1.0,1.0,9.44226851851852,82.40116898148148,0.0,5.0,0.0,0.0,1.0,156600.0,109,4350.0,0,2,3,1,train,0.85,5,1,1,2.0,0.0,1.0,163.5,0.0,-1.0,-1.0,-1.0,2
PH001404,AC000372,4,1,0,0,0,-1.0,-1.0,-1.0,-1.0,-1.0,-1.0,-1.0,-1.0,-1.0,-1.0,-1.0,-1.0,-1.0,-1.0,-1.0,-1.0,-1.0,-1.0,-1.0,156600.0,109,4350.0,0,2,3,1,train,0.85,5,1,1,2.0,0.0,1.0,163.5,0.0,-1.0,-1.0,-1.0,2
PH001405,AC000373,3,0,1,0,0,10.0,0.0,0.0,1.0,0.0,23.8,35.0,291.0,0.8,0.1,1.0,1.0,19.32173611111111,86.38589120370371,0.0,1.0,0.0,0.1,1.0,328600.0,357,10600.0,0,2,1,0,train,-1.0,2,1,1,7.0,2.0,1.0,396.57142857142856,0.2857142857142857,2.0,76800.0,38400.0,3
PH001406,AC000373,1,1,0,0,0,7.0,2.0,0.0,2.0,0.0,10.285714285714286,11.285714285714286,35.0,0.42857142857142855,0.2857142857142857,1.0,1.0,35.31193287037037,51.42509259259259,0.0,0.0,3.0,0.5714285714285714,1.0,328600.0,357,10600.0,0,2,1,0,train,-1.0,2,1,1,7.0,2.0,1.0,396.57142857142856,0.2857142857142857,2.0,76800.0,38400.0,3
PH001407,AC000373,4,2,1,0,0,10.0,0.0,0.0,0.0,0.0,27.0,23.3,149.0,0.6,0.0,1.0,1.0,20.171006944444443,35.056493055555556,0.0,5.0,0.0,0.0,1.0,328600.0,357,10600.0,0,2,1,0,train,-1.0,2,1,1,7.0,2.0,1.0,396.57142857142856,0.2857142857142857,2.0,76800.0,38400.0,3
PH001408,AC000374,3,0,1,0,0,29.0,1.0,0.0,1.0,0.0,22.586206896551722,65.20689655172414,356.0,0.5517241379310345,0.034482758620689655,2.0,2.0,2.441875,88.3708449074074,2.0,5.0,1.0,0.06896551724137931,1.0,39200.0,28,1400.0,1,1,0,0,train,0.68,5,0,1,2.0,0.0,0.0,241.0,0.0,1.0,900.0,900.0,3
PH001409,AC000374,0,1,0,0,0,-1.0,-1.0,-1.0,-1.0,-1.0,-1.0,-1.0,-1.0,-1.0,-1.0,-1.0,-1.0,-1.0,-1.0,-1.0,-1.0,-1.0,-1.0,-1.0,39200.0,28,1400.0,1,1,0,0,train,0.68,5,0,1,2.0,0.0,0.0,241.0,0.0,1.0,900.0,900.0,3
PH001410,AC000374,4,2,0,0,0,-1.0,-1.0,-1.0,-1.0,-1.0,-1.0,-1.0,-1.0,-1.0,-1.0,-1.0,-1.0,-1.0,-1.0,-1.0,-1.0,-1.0,-1.0,-1.0,39200.0,28,1400.0,1,1,0,0,train,0.68,5,0,1,2.0,0.0,0.0,241.0,0.0,1.0,900.0,900.0,3
PH001411,AC000375,3,0,1,0,0,14.0,0.0,0.0,2.0,0.0,23.285714285714285,6.714285714285714,63.0,0.8571428571428571,0.14285714285714285,1.0,1.0,4.043541666666667,87.26711805555556,2.0,6.0,0.0,0.14285714285714285,1.0,75950.0,51,1550.0,0,2,1,0,train,-1.0,3,2,1,7.0,3.0,0.0,577.7142857142857,0.42857142857142855,1.0,2000.0,2000.0,3
PH001412,AC000375,1,1,0,0,0,4.0,2.0,0.0,0.0,0.0,26.75,14.75,32.0,0.5,0.0,1.0,1.0,69.12074074074074,72.27811342592592,0.0,0.0,2.0,0.5,1.0,75950.0,51,1550.0,0,2,1,0,train,-1.0,3,2,1,7.0,3.0,0.0,577.7142857142857,0.42857142857142855,1.0,2000.0,2000.0,3
PH001413,AC000375,4,2,0,0,0,8.0,0.0,0.0,2.0,0.0,18.75,13.875,72.0,0.75,0.25,1.0,1.0,26.300613425925928,67.36212962962964,0.0,2.0,2.0,0.25,1.0,75950.0,51,1550.0,0,2,1,0,train,-1.0,3,2,1,7.0,3.0,0.0,577.7142857142857,0.42857142857142855,1.0,2000.0,2000.0,3
PH001416,AC000377,3,0,1,0,0,12.0,0.0,0.0,0.0,0.0,21.5,70.0,374.0,0.4166666666666667,0.0,2.0,2.0,24.267719907407407,89.37060185185184,0.0,4.0,0.0,0.0,1.0,1161600.0,8,26400.0,0,3,1,0,train,0.46,5,2,1,-1.0,-1.0,-1.0,-1.0,-1.0,1.0,26400.0,26400.0,3
PH001417,AC000377,1,1,0,0,0,-1.0,-1.0,-1.0,-1.0,-1.0,-1.0,-1.0,-1.0,-1.0,-1.0,-1.0,-1.0,-1.0,-1.0,-1.0,-1.0,-1.0,-1.0,-1.0,1161600.0,8,26400.0,0,3,1,0,train,0.46,5,2,1,-1.0,-1.0,-1.0,-1.0,-1.0,1.0,26400.0,26400.0,3
PH001418,AC000377,4,2,0,0,0,-1.0,-1.0,-1.0,-1.0,-1.0,-1.0,-1.0,-1.0,-1.0,-1.0,-1.0,-1.0,-1.0,-1.0,-1.0,-1.0,-1.0,-1.0,-1.0,1161600.0,8,26400.0,0,3,1,0,train,0.46,5,2,1,-1.0,-1.0,-1.0,-1.0,-1.0,1.0,26400.0,26400.0,3
PH001422,AC000379,3,0,1,0,0,31.0,0.0,0.0,1.0,0.0,22.741935483870968,84.6774193548387,355.0,0.5483870967741935,0.03225806451612903,2.0,2.0,3.3832175925925925,88.28126157407408,5.0,16.0,0.0,0.03225806451612903,1.0,184600.0,6,7100.0,0,7,2,1,train,0.45,0,1,1,-1.0,-1.0,-1.0,-1.0,-1.0,4.0,6500.0,1625.0,3
PH001423,AC000379,1,1,0,0,0,-1.0,-1.0,-1.0,-1.0,-1.0,-1.0,-1.0,-1.0,-1.0,-1.0,-1.0,-1.0,-1.0,-1.0,-1.0,-1.0,-1.0,-1.0,-1.0,184600.0,6,7100.0,0,7,2,1,train,0.45,0,1,1,-1.0,-1.0,-1.0,-1.0,-1.0,4.0,6500.0,1625.0,3
PH001424,AC000379,4,2,0,0,0,-1.0,-1.0,-1.0,-1.0,-1.0,-1.0,-1.0,-1.0,-1.0,-1.0,-1.0,-1.0,-1.0,-1.0,-1.0,-1.0,-1.0,-1.0,-1.0,184600.0,6,7100.0,0,7,2,1,train,0.45,0,1,1,-1.0,-1.0,-1.0,-1.0,-1.0,4.0,6500.0,1625.0,3
PH001430,AC000383,3,0,1,0,0,15.0,0.0,0.0,0.0,0.0,23.466666666666665,68.93333333333334,415.0,0.6,0.0,2.0,2.0,26.368784722222223,88.39569444444444,0.0,1.0,0.0,0.0,1.0,80850.0,0,11550.0,1,2,0,0,train,-1.0,0,1,1,-1.0,-1.0,-1.0,-1.0,-1.0,3.0,11550.0,3850.0,3
PH001431,AC000383,1,1,0,0,0,-1.0,-1.0,-1.0,-1.0,-1.0,-1.0,-1.0,-1.0,-1.0,-1.0,-1.0,-1.0,-1.0,-1.0,-1.0,-1.0,-1.0,-1.0,-1.0,80850.0,0,11550.0,1,2,0,0,train,-1.0,0,1,1,-1.0,-1.0,-1.0,-1.0,-1.0,3.0,11550.0,3850.0,3
PH000434,AC000383,2,2,0,0,0,-1.0,-1.0,-1.0,-1.0,-1.0,-1.0,-1.0,-1.0,-1.0,-1.0,-1.0,-1.0,-1.0,-1.0,-1.0,-1.0,-1.0,-1.0,-1.0,80850.0,0,11550.0,1,2,0,0,train,-1.0,0,1,1,-1.0,-1.0,-1.0,-1.0,-1.0,3.0,11550.0,3850.0,3
PH001432,AC000384,3,0,1,0,0,26.0,0.0,0.0,2.0,0.0,25.384615384615383,36.84615384615385,386.0,0.8076923076923077,0.07692307692307693,1.0,1.0,7.323275462962963,86.43961805555556,0.0,4.0,0.0,0.07692307692307693,1.0,129250.0,79,2750.0,0,1,0,0,train,0.6,5,1,1,7.0,0.0,1.0,228.57142857142858,0.0,-1.0,-1.0,-1.0,3
PH001433,AC000384,0,1,0,0,0,-1.0,-1.0,-1.0,-1.0,-1.0,-1.0,-1.0,-1.0,-1.0,-1.0,-1.0,-1.0,-1.0,-1.0,-1.0,-1.0,-1.0,-1.0,-1.0,129250.0,79,2750.0,0,1,0,0,train,0.6,5,1,1,7.0,0.0,1.0,228.57142857142858,0.0,-1.0,-1.0,-1.0,3
PH001434,AC000384,4,2,0,0,0,-1.0,-1.0,-1.0,-1.0,-1.0,-1.0,-1.0,-1.0,-1.0,-1.0,-1.0,-1.0,-1.0,-1.0,-1.0,-1.0,-1.0,-1.0,-1.0,129250.0,79,2750.0,0,1,0,0,train,0.6,5,1,1,7.0,0.0,1.0,228.57142857142858,0.0,-1.0,-1.0,-1.0,3
PH001438,AC000386,3,0,1,0,0,31.0,0.0,6.0,2.0,0.0,17.35483870967742,65.70967741935483,399.0,0.6451612903225806,0.25806451612903225,2.0,2.0,11.337418981481482,81.32174768518519,0.0,5.0,0.0,0.25806451612903225,1.0,161200.0,20,6200.0,4,1,2,0,train,-1.0,0,1,1,-1.0,-1.0,-1.0,-1.0,-1.0,1.0,4700.0,4700.0,3
PH000459,AC000386,2,1,0,0,0,6.0,0.0,0.0,1.0,0.0,15.333333333333334,43.333333333333336,98.0,0.5,0.16666666666666666,1.0,1.0,2.320127314814815,8.411585648148149,4.0,6.0,1.0,0.16666666666666666,1.0,161200.0,20,6200.0,4,1,2,0,train,-1.0,0,1,1,-1.0,-1.0,-1.0,-1.0,-1.0,1.0,4700.0,4700.0,3
PH001439,AC000386,4,2,1,0,0,-1.0,-1.0,-1.0,-1.0,-1.0,-1.0,-1.0,-1.0,-1.0,-1.0,-1.0,-1.0,-1.0,-1.0,-1.0,-1.0,-1.0,-1.0,-1.0,161200.0,20,6200.0,4,1,2,0,train,-1.0,0,1,1,-1.0,-1.0,-1.0,-1.0,-1.0,1.0,4700.0,4700.0,3
PH001440,AC000387,3,0,0,0,0,7.0,1.0,0.0,0.0,0.0,22.142857142857142,1.0,7.0,0.8571428571428571,0.0,2.0,2.0,10.075231481481481,80.2699074074074,0.0,3.0,1.0,0.14285714285714285,1.0,345950.0,1,9350.0,0,2,0,0,train,0.28,0,2,0,-1.0,-1.0,-1.0,-1.0,-1.0,-1.0,-1.0,-1.0,2
PH001441,AC000387,4,1,0,0,0,5.0,0.0,0.0,0.0,0.0,25.8,3.8,19.0,0.8,0.0,2.0,2.0,3.3778587962962963,60.31981481481481,1.0,2.0,0.0,0.0,1.0,345950.0,1,9350.0,0,2,0,0,train,0.28,0,2,0,-1.0,-1.0,-1.0,-1.0,-1.0,-1.0,-1.0,-1.0,2
PH001442,AC000388,3,0,1,0,0,12.0,0.0,1.0,2.0,0.0,19.666666666666668,9.916666666666666,76.0,0.8333333333333334,0.25,1.0,1.0,34.246805555555554,84.25157407407407,0.0,0.0,1.0,0.25,1.0,80500.0,207,1750.0,0,2,3,3,train,0.8,3,0,1,6.0,0.0,4.0,112.33333333333333,0.0,1.0,12250.0,12250.0,3
PH001443,AC000388,0,1,1,0,0,2.0,0.0,0.0,0.0,0.0,14.0,47.0,48.0,0.0,0.0,1.0,1.0,25.36232638888889,33.25422453703704,0.0,1.0,0.0,0.0,1.0,80500.0,207,1750.0,0,2,3,3,train,0.8,3,0,1,6.0,0.0,4.0,112.33333333333333,0.0,1.0,12250.0,12250.0,3
PH001444,AC000388,4,2,0,0,0,-1.0,-1.0,-1.0,-1.0,-1.0,-1.0,-1.0,-1.0,-1.0,-1.0,-1.0,-1.0,-1.0,-1.0,-1.0,-1.0,-1.0,-1.0,-1.0,80500.0,207,1750.0,0,2,3,3,train,0.8,3,0,1,6.0,0.0,4.0,112.33333333333333,0.0,1.0,12250.0,12250.0,3
PH001445,AC000389,3,0,1,0,0,18.0,0.0,0.0,3.0,0.0,22.833333333333332,7.277777777777778,113.0,0.8888888888888888,0.16666666666666666,1.0,1.0,13.108113425925925,88.2990625,0.0,7.0,0.0,0.16666666666666666,1.0,193500.0,34,4300.0,0,5,1,1,train,0.64,0,1,1,4.0,2.0,2.0,550.5,0.5,-1.0,-1.0,-1.0,2
PH001446,AC000389,0,1,1,0,0,16.0,0.0,0.0,2.0,0.0,20.5,15.1875,207.0,0.875,0.125,1.0,1.0,0.15924768518518517,72.41605324074074,4.0,4.0,0.0,0.125,1.0,193500.0,34,4300.0,0,5,1,1,train,0.64,0,1,1,4.0,2.0,2.0,550.5,0.5,-1.0,-1.0,-1.0,2
PH001447,AC000390,3,0,1,0,0,21.0,0.0,0.0,0.0,0.0,25.428571428571427,33.476190476190474,334.0,0.6190476190476191,0.0,1.0,1.0,4.063969907407407,86.31268518518519,5.0,9.0,0.0,0.0,1.0,464100.0,44,13650.0,0,3,1,0,train,0.07,2,1,1,1.0,0.0,0.0,98.0,0.0,1.0,5300.0,5300.0,2
PH001448,AC000390,0,1,0,0,0,-1.0,-1.0,-1.0,-1.0,-1.0,-1.0,-1.0,-1.0,-1.0,-1.0,-1.0,-1.0,-1.0,-1.0,-1.0,-1.0,-1.0,-1.0,-1.0,464100.0,44,13650.0,0,3,1,0,train,0.07,2,1,1,1.0,0.0,0.0,98.0,0.0,1.0,5300.0,5300.0,2
PH001449,AC000391,3,0,1,0,0,12.0,0.0,0.0,0.0,0.0,22.083333333333332,46.166666666666664,394.0,0.75,0.0,1.0,1.0,30.262395833333333,88.39199074074074,0.0,0.0,0.0,0.0,1.0,151800.0,52,12650.0,1,3,2,0,train,-1.0,2,1,1,-1.0,-1.0,-1.0,-1.0,-1.0,1.0,25300.0,25300.0,3
PH000582,AC000391,2,1,1,0,0,20.0,0.0,0.0,1.0,0.0,19.3,36.9,149.0,0.6,0.05,2.0,1.0,27.018645833333334,80.2370486111111,0.0,6.0,1.0,0.05,1.0,151800.0,52,12650.0,1,3,2,0,train,-1.0,2,1,1,-1.0,-1.0,-1.0,-1.0,-1.0,1.0,25300.0,25300.0,3
PH001450,AC000391,4,2,0,0,0,8.0,0.0,0.0,2.0,0.0,15.5,0.0,0.0,1.0,0.25,1.0,1.0,39.39644675925926,58.22481481481481,0.0,0.0,2.0,0.25,0.0,151800.0,52,12650.0,1,3,2,0,train,-1.0,2,1,1,-1.0,-1.0,-1.0,-1.0,-1.0,1.0,25300.0,25300.0,3
PH001451,AC000392,3,0,1,0,0,16.0,0.0,0.0,2.0,0.0,23.875,22.9375,367.0,0.9375,0.125,1.0,1.0,0.22049768518518517,89.42184027777778,2.0,7.0,0.0,0.125,1.0,222750.0,171,8250.0,0,0,0,0,train,0.63,0,2,1,-1.0,-1.0,-1.0,-1.0,-1.0,-1.0,-1.0,-1.0,2
PH001452,AC000392,4,1,1,0,0,9.0,0.0,0.0,2.0,0.0,14.444444444444445,39.77777777777778,92.0,0.4444444444444444,0.2222222222222222,1.0,1.0,34.43366898148148,66.2857638888889,0.0,0.0,1.0,0.2222222222222222,1.0,222750.0,171,8250.0,0,0,0,0,train,0.63,0,2,1,-1.0,-1.0,-1.0,-1.0,-1.0,-1.0,-1.0,-1.0,2
PH001453,AC000393,3,0,1,0,0,8.0,0.0,0.0,2.0,0.0,23.0,3.375,27.0,0.875,0.25,2.0,2.0,50.26778935185185,89.30392361111112,0.0,0.0,2.0,0.25,1.0,124800.0,16,3200.0,1,2,0,0,train,0.87,5,2,1,-1.0,-1.0,-1.0,-1.0,-1.0,1.0,3200.0,3200.0,2
PH001454,AC000393,0,1,0,0,0,-1.0,-1.0,-1.0,-1.0,-1.0,-1.0,-1.0,-1.0,-1.0,-1.0,-1.0,-1.0,-1.0,-1.0,-1.0,-1.0,-1.0,-1.0,-1.0,124800.0,16,3200.0,1,2,0,0,train,0.87,5,2,1,-1.0,-1.0,-1.0,-1.0,-1.0,1.0,3200.0,3200.0,2
PH001455,AC000394,3,0,1,0,0,13.0,0.0,0.0,3.0,0.0,17.23076923076923,24.76923076923077,207.0,0.7692307692307693,0.23076923076923078,2.0,2.0,27.375949074074075,83.33179398148148,0.0,1.0,3.0,0.23076923076923078,1.0,662150.0,19,16150.0,2,2,1,0,train,0.81,5,2,1,-1.0,-1.0,-1.0,-1.0,-1.0,2.0,16150.0,8075.0,2
PH001456,AC000394,0,1,1,0,0,15.0,0.0,0.0,0.0,0.0,28.933333333333334,46.6,415.0,0.7333333333333333,0.0,1.0,1.0,38.40424768518518,63.145509259259256,0.0,0.0,0.0,0.0,1.0,662150.0,19,16150.0,2,2,1,0,train,0.81,5,2,1,-1.0,-1.0,-1.0,-1.0,-1.0,2.0,16150.0,8075.0,2
PH001458,AC000396,3,0,1,0,0,27.0,0.0,0.0,2.0,0.0,23.814814814814813,48.148148148148145,357.0,0.7407407407407407,0.07407407407407407,1.0,1.0,14.397569444444445,88.37583333333333,0.0,7.0,0.0,0.07407407407407407,1.0,25200.0,62,1050.0,0,1,2,1,train,-1.0,5,2,1,5.0,0.0,5.0,73.0,0.0,1.0,700.0,700.0,2
PH001459,AC000396,0,1,1,0,0,6.0,0.0,0.0,0.0,0.0,34.0,17.833333333333332,107.0,0.8333333333333334,0.0,1.0,1.0,6.420821759259259,11.37949074074074,1.0,6.0,0.0,0.0,1.0,25200.0,62,1050.0,0,1,2,1,train,-1.0,5,2,1,5.0,0.0,5.0,73.0,0.0,1.0,700.0,700.0,2
PH001460,AC000397,3,0,1,0,0,16.0,0.0,0.0,0.0,0.0,24.4375,49.125,271.0,0.6875,0.0,2.0,2.0,49.44875,89.32836805555556,0.0,0.0,0.0,0.0,1.0,73500.0,0,3500.0,3,2,0,0,train,-1.0,2,1,1,-1.0,-1.0,-1.0,-1.0,-1.0,1.0,3500.0,3500.0,2
PH001461,AC000397,0,1,0,0,0,-1.0,-1.0,-1.0,-1.0,-1.0,-1.0,-1.0,-1.0,-1.0,-1.0,-1.0,-1.0,-1.0,-1.0,-1.0,-1.0,-1.0,-1.0,-1.0,73500.0,0,3500.0,3,2,0,0,train,-1.0,2,1,1,-1.0,-1.0,-1.0,-1.0,-1.0,1.0,3500.0,3500.0,2
PH001462,AC000398,3,0,1,0,0,16.0,0.0,0.0,1.0,0.0,19.9375,52.5625,362.0,0.8125,0.0625,1.0,1.0,53.36844907407407,87.4488425925926,0.0,0.0,1.0,0.0625,1.0,81700.0,30,1900.0,0,1,2,1,train,0.08,0,1,1,2.0,0.0,1.0,128.0,0.0,-1.0,-1.0,-1.0,4
PH001463,AC000398,0,1,0,0,0,8.0,0.0,3.0,5.0,0.0,0.0,0.0,0.0,1.0,1.0,1.0,1.0,39.28019675925926,53.08315972222222,0.0,0.0,5.0,1.0,0.0,81700.0,30,1900.0,0,1,2,1,train,0.08,0,1,1,2.0,0.0,1.0,128.0,0.0,-1.0,-1.0,-1.0,4
PH000550,AC000398,2,2,0,0,0,8.0,0.0,0.0,0.0,0.0,32.5,33.5,130.0,0.625,0.0,1.0,1.0,16.26153935185185,39.24024305555555,0.0,3.0,0.0,0.0,1.0,81700.0,30,1900.0,0,1,2,1,train,0.08,0,1,1,2.0,0.0,1.0,128.0,0.0,-1.0,-1.0,-1.0,4
PH001464,AC000398,4,3,0,0,0,-1.0,-1.0,-1.0,-1.0,-1.0,-1.0,-1.0,-1.0,-1.0,-1.0,-1.0,-1.0,-1.0,-1.0,-1.0,-1.0,-1.0,-1.0,-1.0,81700.0,30,1900.0,0,1,2,1,train,0.08,0,1,1,2.0,0.0,1.0,128.0,0.0,-1.0,-1.0,-1.0,4
PH001465,AC000399,3,0,1,0,0,9.0,0.0,0.0,1.0,0.0,23.666666666666668,82.55555555555556,402.0,0.6666666666666666,0.1111111111111111,2.0,2.0,58.07024305555556,83.2759837962963,0.0,0.0,1.0,0.1111111111111111,1.0,138450.0,6,3550.0,1,0,0,0,train,0.76,0,1,1,-1.0,-1.0,-1.0,-1.0,-1.0,1.0,3550.0,3550.0,4
PH001466,AC000399,0,1,0,0,0,-1.0,-1.0,-1.0,-1.0,-1.0,-1.0,-1.0,-1.0,-1.0,-1.0,-1.0,-1.0,-1.0,-1.0,-1.0,-1.0,-1.0,-1.0,-1.0,138450.0,6,3550.0,1,0,0,0,train,0.76,0,1,1,-1.0,-1.0,-1.0,-1.0,-1.0,1.0,3550.0,3550.0,4
PH001467,AC000399,1,2,0,0,0,-1.0,-1.0,-1.0,-1.0,-1.0,-1.0,-1.0,-1.0,-1.0,-1.0,-1.0,-1.0,-1.0,-1.0,-1.0,-1.0,-1.0,-1.0,-1.0,138450.0,6,3550.0,1,0,0,0,train,0.76,0,1,1,-1.0,-1.0,-1.0,-1.0,-1.0,1.0,3550.0,3550.0,4
PH001468,AC000399,4,3,0,0,0,-1.0,-1.0,-1.0,-1.0,-1.0,-1.0,-1.0,-1.0,-1.0,-1.0,-1.0,-1.0,-1.0,-1.0,-1.0,-1.0,-1.0,-1.0,-1.0,138450.0,6,3550.0,1,0,0,0,train,0.76,0,1,1,-1.0,-1.0,-1.0,-1.0,-1.0,1.0,3550.0,3550.0,4
PH001469,AC000400,3,0,1,0,0,8.0,0.0,0.0,0.0,0.0,28.875,39.375,245.0,0.75,0.0,1.0,1.0,67.40042824074074,89.44612268518519,0.0,0.0,0.0,0.0,1.0,90000.0,38,2500.0,0,3,2,2,train,-1.0,1,0,1,-1.0,-1.0,-1.0,-1.0,-1.0,1.0,5000.0,5000.0,1
PH001472,AC000402,3,0,0,0,0,3.0,2.0,0.0,0.0,0.0,18.333333333333332,9.666666666666666,17.0,0.3333333333333333,0.0,2.0,2.0,84.4215625,87.3810300925926,0.0,0.0,2.0,0.6666666666666666,1.0,7500.0,22,750.0,1,2,0,0,train,-1.0,3,0,1,1.0,1.0,0.0,464.0,1.0,-1.0,-1.0,-1.0,4
PH001473,AC000402,0,1,0,0,0,11.0,0.0,2.0,9.0,0.0,0.0,0.0,0.0,1.0,1.0,2.0,2.0,14.302476851851852,82.34210648148148,0.0,3.0,5.0,1.0,0.0,7500.0,22,750.0,1,2,0,0,train,-1.0,3,0,1,1.0,1.0,0.0,464.0,1.0,-1.0,-1.0,-1.0,4
PH001474,AC000402,1,2,0,0,0,8.0,0.0,7.0,1.0,0.0,0.0,0.0,0.0,1.0,1.0,1.0,1.0,52.015347222222225,65.33298611111111,0.0,0.0,5.0,1.0,0.0,7500.0,22,750.0,1,2,0,0,train,-1.0,3,0,1,1.0,1.0,0.0,464.0,1.0,-1.0,-1.0,-1.0,4
PH001475,AC000402,4,3,1,1,0,12.0,0.0,0.0,2.0,0.0,23.5,28.083333333333332,118.0,0.6666666666666666,0.16666666666666666,1.0,1.0,24.301921296296296,48.25648148148148,0.0,3.0,0.0,0.16666666666666666,1.0,7500.0,22,750.0,1,2,0,0,train,-1.0,3,0,1,1.0,1.0,0.0,464.0,1.0,-1.0,-1.0,-1.0,4
PH001477,AC000404,3,0,1,0,0,16.0,0.0,0.0,3.0,0.0,14.75,14.1875,81.0,0.8125,0.1875,1.0,1.0,52.109907407407405,88.246875,0.0,0.0,0.0,0.1875,1.0,109800.0,83,3050.0,0,2,2,2,train,0.72,0,1,1,3.0,3.0,0.0,638.3333333333334,1.0,2.0,9150.0,4575.0,2
PH001478,AC000404,4,1,0,0,0,-1.0,-1.0,-1.0,-1.0,-1.0,-1.0,-1.0,-1.0,-1.0,-1.0,-1.0,-1.0,-1.0,-1.0,-1.0,-1.0,-1.0,-1.0,-1.0,109800.0,83,3050.0,0,2,2,2,train,0.72,0,1,1,3.0,3.0,0.0,638.3333333333334,1.0,2.0,9150.0,4575.0,2
PH001481,AC000406,3,0,1,0,0,9.0,0.0,0.0,0.0,0.0,26.555555555555557,11.777777777777779,106.0,0.8888888888888888,0.0,1.0,1.0,81.08011574074074,89.31267361111111,0.0,0.0,0.0,0.0,1.0,223100.0,73,9700.0,0,2,0,0,train,0.78,0,1,1,1.0,0.0,0.0,273.0,0.0,1.0,29100.0,29100.0,2
PH001482,AC000406,1,1,0,0,0,-1.0,-1.0,-1.0,-1.0,-1.0,-1.0,-1.0,-1.0,-1.0,-1.0,-1.0,-1.0,-1.0,-1.0,-1.0,-1.0,-1.0,-1.0,-1.0,223100.0,73,9700.0,0,2,0,0,train,0.78,0,1,1,1.0,0.0,0.0,273.0,0.0,1.0,29100.0,29100.0,2
PH001492,AC000410,3,0,0,0,0,5.0,2.0,0.0,0.0,0.0,30.8,10.6,35.0,0.6,0.0,1.0,1.0,77.39574074074073,89.2468287037037,0.0,0.0,2.0,0.4,1.0,446400.0,46,13950.0,0,4,1,0,train,-1.0,5,2,1,5.0,3.0,0.0,402.2,0.6,2.0,16200.0,8100.0,2
PH001493,AC000410,4,1,1,0,0,29.0,1.0,0.0,1.0,0.0,23.24137931034483,33.10344827586207,136.0,0.5862068965517241,0.034482758620689655,1.0,1.0,4.3872685185185185,73.39658564814815,2.0,5.0,1.0,0.06896551724137931,1.0,446400.0,46,13950.0,0,4,1,0,train,-1.0,5,2,1,5.0,3.0,0.0,402.2,0.6,2.0,16200.0,8100.0,2
PH001497,AC000412,3,0,0,0,0,-1.0,-1.0,-1.0,-1.0,-1.0,-1.0,-1.0,-1.0,-1.0,-1.0,-1.0,-1.0,-1.0,-1.0,-1.0,-1.0,-1.0,-1.0,-1.0,507500.0,25,17500.0,3,1,1,0,train,1.0,4,2,1,-1.0,-1.0,-1.0,-1.0,-1.0,1.0,17500.0,17500.0,2
PH001498,AC000412,4,1,0,0,0,-1.0,-1.0,-1.0,-1.0,-1.0,-1.0,-1.0,-1.0,-1.0,-1.0,-1.0,-1.0,-1.0,-1.0,-1.0,-1.0,-1.0,-1.0,-1.0,507500.0,25,17500.0,3,1,1,0,train,1.0,4,2,1,-1.0,-1.0,-1.0,-1.0,-1.0,1.0,17500.0,17500.0,2
PH001502,AC000414,3,0,1,0,0,17.0,0.0,0.0,0.0,0.0,26.41176470588235,40.0,238.0,0.7058823529411765,0.0,1.0,1.0,4.106527777777778,89.29418981481481,2.0,7.0,0.0,0.0,1.0,189000.0,57,9450.0,0,2,1,1,train,-1.0,0,1,1,6.0,1.0,3.0,267.1666666666667,0.16666666666666666,-1.0,-1.0,-1.0,1
PH001503,AC000415,3,0,1,0,0,14.0,0.0,0.0,0.0,0.0,24.857142857142858,11.714285714285714,132.0,0.8571428571428571,0.0,1.0,1.0,52.01178240740741,89.3007638888889,0.0,0.0,0.0,0.0,1.0,42500.0,79,4250.0,0,3,1,0,train,0.54,2,1,1,5.0,1.0,2.0,389.6,0.2,2.0,12750.0,6375.0,2
PH001504,AC000415,0,1,1,0,0,9.0,0.0,0.0,0.0,0.0,19.22222222222222,15.666666666666666,81.0,0.7777777777777778,0.0,1.0,1.0,23.389409722222222,51.35155092592593,0.0,2.0,0.0,0.0,1.0,42500.0,79,4250.0,0,3,1,0,train,0.54,2,1,1,5.0,1.0,2.0,389.6,0.2,2.0,12750.0,6375.0,2
PH001505,AC000416,3,0,1,0,0,47.0,1.0,0.0,4.0,0.0,18.382978723404257,6.574468085106383,141.0,0.9148936170212766,0.0851063829787234,1.0,1.0,0.038344907407407404,89.41141203703704,5.0,14.0,0.0,0.10638297872340426,1.0,300300.0,32,7150.0,0,0,1,0,train,0.35,2,1,1,5.0,1.0,0.0,313.6,0.2,-1.0,-1.0,-1.0,2
PH001506,AC000416,1,1,0,0,0,2.0,2.0,0.0,0.0,0.0,13.5,30.0,37.0,0.0,0.0,1.0,1.0,71.42732638888889,73.38398148148148,0.0,0.0,2.0,1.0,1.0,300300.0,32,7150.0,0,0,1,0,train,0.35,2,1,1,5.0,1.0,0.0,313.6,0.2,-1.0,-1.0,-1.0,2
PH001507,AC000417,3,0,1,0,0,7.0,0.0,0.0,0.0,0.0,28.142857142857142,65.85714285714286,302.0,0.5714285714285714,0.0,1.0,1.0,78.3646875,89.35163194444445,0.0,0.0,0.0,0.0,1.0,64800.0,57,2700.0,0,2,1,0,train,0.22,1,1,1,-1.0,-1.0,-1.0,-1.0,-1.0,1.0,5400.0,5400.0,3
PH001508,AC000417,0,1,0,0,0,-1.0,-1.0,-1.0,-1.0,-1.0,-1.0,-1.0,-1.0,-1.0,-1.0,-1.0,-1.0,-1.0,-1.0,-1.0,-1.0,-1.0,-1.0,-1.0,64800.0,57,2700.0,0,2,1,0,train,0.22,1,1,1,-1.0,-1.0,-1.0,-1.0,-1.0,1.0,5400.0,5400.0,3
PH001509,AC000417,4,2,0,0,0,-1.0,-1.0,-1.0,-1.0,-1.0,-1.0,-1.0,-1.0,-1.0,-1.0,-1.0,-1.0,-1.0,-1.0,-1.0,-1.0,-1.0,-1.0,-1.0,64800.0,57,2700.0,0,2,1,0,train,0.22,1,1,1,-1.0,-1.0,-1.0,-1.0,-1.0,1.0,5400.0,5400.0,3
PH001510,AC000418,3,0,1,0,0,15.0,0.0,0.0,1.0,0.0,26.2,9.066666666666666,136.0,0.9333333333333333,0.06666666666666667,1.0,1.0,3.3508912037037035,85.30542824074074,1.0,7.0,0.0,0.06666666666666667,1.0,425500.0,405,9250.0,0,3,6,5,train,0.3,0,1,1,9.0,2.0,3.0,309.44444444444446,0.2222222222222222,-1.0,-1.0,-1.0,3
PH001511,AC000418,0,1,0,0,0,3.0,2.0,0.0,0.0,0.0,22.0,7.666666666666667,14.0,0.3333333333333333,0.0,1.0,1.0,58.263645833333335,67.38512731481481,0.0,0.0,2.0,0.6666666666666666,1.0,425500.0,405,9250.0,0,3,6,5,train,0.3,0,1,1,9.0,2.0,3.0,309.44444444444446,0.2222222222222222,-1.0,-1.0,-1.0,3
PH001512,AC000418,1,2,0,0,0,8.0,0.0,0.0,0.0,0.0,21.25,0.0,0.0,1.0,0.0,1.0,1.0,29.089756944444446,57.41765046296296,0.0,2.0,0.0,0.0,0.0,425500.0,405,9250.0,0,3,6,5,train,0.3,0,1,1,9.0,2.0,3.0,309.44444444444446,0.2222222222222222,-1.0,-1.0,-1.0,3
PH001513,AC000419,3,0,0,0,0,21.0,0.0,18.0,3.0,0.0,0.0,0.0,0.0,1.0,1.0,2.0,2.0,3.414340277777778,83.45008101851852,1.0,7.0,5.0,1.0,0.0,89950.0,4,12850.0,1,2,0,0,train,0.6,0,1,1,-1.0,-1.0,-1.0,-1.0,-1.0,-1.0,-1.0,-1.0,3
PH001514,AC000419,1,1,0,0,0,2.0,2.0,0.0,0.0,0.0,7.5,17.5,25.0,0.0,0.0,1.0,1.0,56.0384837962963,56.304664351851855,0.0,0.0,2.0,1.0,1.0,89950.0,4,12850.0,1,2,0,0,train,0.6,0,1,1,-1.0,-1.0,-1.0,-1.0,-1.0,-1.0,-1.0,-1.0,3
PH001515,AC000420,3,0,0,0,0,8.0,0.0,0.0,1.0,0.0,27.25,0.0,0.0,1.0,0.125,1.0,1.0,78.19395833333333,88.38517361111111,0.0,0.0,1.0,0.125,0.0,747300.0,148,15900.0,0,1,4,4,train,0.43,5,2,1,8.0,4.0,1.0,450.0,0.5,1.0,41500.0,41500.0,3
PH001516,AC000420,1,1,0,0,0,8.0,0.0,7.0,1.0,0.0,0.0,0.0,0.0,1.0,1.0,1.0,1.0,45.424618055555555,70.38519675925926,0.0,0.0,5.0,1.0,0.0,747300.0,148,15900.0,0,1,4,4,train,0.43,5,2,1,8.0,4.0,1.0,450.0,0.5,1.0,41500.0,41500.0,3
PH001517,AC000420,4,2,1,0,0,8.0,0.0,0.0,1.0,0.0,13.625,20.25,64.0,0.5,0.125,1.0,1.0,11.34357638888889,38.37600694444444,0.0,6.0,1.0,0.125,1.0,747300.0,148,15900.0,0,1,4,4,train,0.43,5,2,1,8.0,4.0,1.0,450.0,0.5,1.0,41500.0,41500.0,3
PH001521,AC000422,3,0,1,0,0,3.0,0.0,0.0,0.0,0.0,29.333333333333332,15.0,45.0,0.6666666666666666,0.0,2.0,2.0,82.41938657407407,86.37314814814815,0.0,0.0,0.0,0.0,1.0,99450.0,5,7650.0,1,2,1,0,train,0.61,0,1,1,-1.0,-1.0,-1.0,-1.0,-1.0,1.0,7650.0,7650.0,3
PH001522,AC000422,0,1,0,0,0,-1.0,-1.0,-1.0,-1.0,-1.0,-1.0,-1.0,-1.0,-1.0,-1.0,-1.0,-1.0,-1.0,-1.0,-1.0,-1.0,-1.0,-1.0,-1.0,99450.0,5,7650.0,1,2,1,0,train,0.61,0,1,1,-1.0,-1.0,-1.0,-1.0,-1.0,1.0,7650.0,7650.0,3
PH001523,AC000422,4,2,0,0,0,-1.0,-1.0,-1.0,-1.0,-1.0,-1.0,-1.0,-1.0,-1.0,-1.0,-1.0,-1.0,-1.0,-1.0,-1.0,-1.0,-1.0,-1.0,-1.0,99450.0,5,7650.0,1,2,1,0,train,0.61,0,1,1,-1.0,-1.0,-1.0,-1.0,-1.0,1.0,7650.0,7650.0,3
PH001524,AC000423,3,0,1,0,0,11.0,1.0,0.0,0.0,0.0,19.727272727272727,17.727272727272727,133.0,0.6363636363636364,0.0,1.0,1.0,60.36043981481482,88.37416666666667,0.0,0.0,0.0,0.09090909090909091,1.0,359000.0,89,17950.0,0,1,0,0,train,0.69,2,1,1,1.0,0.0,1.0,113.0,0.0,-1.0,-1.0,-1.0,3
PH001525,AC000423,0,1,1,0,0,17.0,0.0,1.0,2.0,0.0,26.0,26.88235294117647,242.0,0.8235294117647058,0.17647058823529413,1.0,1.0,6.054131944444444,60.12810185185185,2.0,9.0,0.0,0.17647058823529413,1.0,359000.0,89,17950.0,0,1,0,0,train,0.69,2,1,1,1.0,0.0,1.0,113.0,0.0,-1.0,-1.0,-1.0,3
PH001526,AC000423,1,2,0,0,0,-1.0,-1.0,-1.0,-1.0,-1.0,-1.0,-1.0,-1.0,-1.0,-1.0,-1.0,-1.0,-1.0,-1.0,-1.0,-1.0,-1.0,-1.0,-1.0,359000.0,89,17950.0,0,1,0,0,train,0.69,2,1,1,1.0,0.0,1.0,113.0,0.0,-1.0,-1.0,-1.0,3
PH000235,AC000424,3,0,0,0,0,8.0,0.0,0.0,0.0,0.0,17.25,71.625,143.0,0.25,0.0,2.0,2.0,38.323877314814816,80.3896412037037,0.0,0.0,0.0,0.0,1.0,46000.0,0,2000.0,1,1,0,0,train,-1.0,3,2,1,-1.0,-1.0,-1.0,-1.0,-1.0,-1.0,-1.0,-1.0,2
PH001527,AC000424,4,1,1,0,0,9.0,0.0,0.0,0.0,0.0,22.444444444444443,48.77777777777778,130.0,0.4444444444444444,0.0,1.0,1.0,9.42738425925926,35.368657407407404,0.0,5.0,0.0,0.0,1.0,46000.0,0,2000.0,1,1,0,0,train,-1.0,3,2,1,-1.0,-1.0,-1.0,-1.0,-1.0,-1.0,-1.0,-1.0,2
PH001528,AC000425,3,0,0,0,0,8.0,1.0,0.0,0.0,0.0,16.75,1.5,12.0,0.875,0.0,2.0,2.0,76.12493055555555,88.33362268518519,0.0,0.0,0.0,0.125,1.0,1240800.0,18,25850.0,0,1,2,1,train,0.3,5,2,1,-1.0,-1.0,-1.0,-1.0,-1.0,1.0,17000.0,17000.0,3
PH001529,AC000425,0,1,1,0,0,21.0,0.0,0.0,1.0,0.0,19.952380952380953,36.23809523809524,392.0,0.7619047619047619,0.047619047619047616,1.0,1.0,20.10017361111111,74.31363425925926,0.0,8.0,0.0,0.047619047619047616,1.0,1240800.0,18,25850.0,0,1,2,1,train,0.3,5,2,1,-1.0,-1.0,-1.0,-1.0,-1.0,1.0,17000.0,17000.0,3
PH001530,AC000425,4,2,0,0,0,2.0,0.0,0.0,0.0,0.0,13.5,31.0,40.0,0.0,0.0,1.0,1.0,4.345069444444444,5.344363425925926,2.0,2.0,0.0,0.0,1.0,1240800.0,18,25850.0,0,1,2,1,train,0.3,5,2,1,-1.0,-1.0,-1.0,-1.0,-1.0,1.0,17000.0,17000.0,3
PH001531,AC000426,3,0,1,0,0,11.0,0.0,0.0,0.0,0.0,24.636363636363637,34.81818181818182,179.0,0.5454545454545454,0.0,2.0,2.0,54.4233912037037,88.29402777777777,0.0,0.0,0.0,0.0,1.0,737000.0,0,16750.0,2,4,1,1,train,0.61,2,1,1,-1.0,-1.0,-1.0,-1.0,-1.0,3.0,16750.0,5583.333333333333,4
PH001532,AC000426,0,1,0,0,0,-1.0,-1.0,-1.0,-1.0,-1.0,-1.0,-1.0,-1.0,-1.0,-1.0,-1.0,-1.0,-1.0,-1.0,-1.0,-1.0,-1.0,-1.0,-1.0,737000.0,0,16750.0,2,4,1,1,train,0.61,2,1,1,-1.0,-1.0,-1.0,-1.0,-1.0,3.0,16750.0,5583.333333333333,4
PH000485,AC000426,2,2,0,0,0,8.0,0.0,0.0,1.0,0.0,11.875,65.75,143.0,0.25,0.125,1.0,1.0,33.27452546296296,60.29415509259259,0.0,0.0,0.0,0.125,1.0,737000.0,0,16750.0,2,4,1,1,train,0.61,2,1,1,-1.0,-1.0,-1.0,-1.0,-1.0,3.0,16750.0,5583.333333333333,4
PH001533,AC000426,4,3,0,0,0,-1.0,-1.0,-1.0,-1.0,-1.0,-1.0,-1.0,-1.0,-1.0,-1.0,-1.0,-1.0,-1.0,-1.0,-1.0,-1.0,-1.0,-1.0,-1.0,737000.0,0,16750.0,2,4,1,1,train,0.61,2,1,1,-1.0,-1.0,-1.0,-1.0,-1.0,3.0,16750.0,5583.333333333333,4
PH001534,AC000427,3,0,0,0,0,8.0,0.0,7.0,1.0,0.0,0.0,0.0,0.0,1.0,1.0,1.0,1.0,54.33222222222222,67.44226851851852,0.0,0.0,5.0,1.0,0.0,180400.0,38,4100.0,0,1,2,2,train,0.5,2,2,1,1.0,0.0,0.0,249.0,0.0,1.0,2000.0,2000.0,3
PH001535,AC000427,0,1,1,0,0,30.0,0.0,0.0,3.0,0.0,23.4,75.5,411.0,0.7333333333333333,0.1,1.0,1.0,0.06244212962962963,54.11508101851852,5.0,15.0,0.0,0.1,1.0,180400.0,38,4100.0,0,1,2,2,train,0.5,2,2,1,1.0,0.0,0.0,249.0,0.0,1.0,2000.0,2000.0,3
PH001536,AC000427,1,2,0,0,0,-1.0,-1.0,-1.0,-1.0,-1.0,-1.0,-1.0,-1.0,-1.0,-1.0,-1.0,-1.0,-1.0,-1.0,-1.0,-1.0,-1.0,-1.0,-1.0,180400.0,38,4100.0,0,1,2,2,train,0.5,2,2,1,1.0,0.0,0.0,249.0,0.0,1.0,2000.0,2000.0,3
PH001537,AC000428,3,0,0,0,0,8.0,0.0,0.0,0.0,0.0,17.125,0.0,0.0,1.0,0.0,1.0,1.0,81.4521875,89.4347337962963,0.0,0.0,0.0,0.0,0.0,267750.0,33,17850.0,0,2,0,0,train,0.37,4,2,1,-1.0,-1.0,-1.0,-1.0,-1.0,1.0,35700.0,35700.0,3
PH001538,AC000428,0,1,1,0,0,3.0,0.0,0.0,0.0,0.0,26.0,9.666666666666666,29.0,0.6666666666666666,0.0,1.0,1.0,74.25078703703704,81.1825462962963,0.0,0.0,0.0,0.0,1.0,267750.0,33,17850.0,0,2,0,0,train,0.37,4,2,1,-1.0,-1.0,-1.0,-1.0,-1.0,1.0,35700.0,35700.0,3
PH001539,AC000428,4,2,0,0,0,-1.0,-1.0,-1.0,-1.0,-1.0,-1.0,-1.0,-1.0,-1.0,-1.0,-1.0,-1.0,-1.0,-1.0,-1.0,-1.0,-1.0,-1.0,-1.0,267750.0,33,17850.0,0,2,0,0,train,0.37,4,2,1,-1.0,-1.0,-1.0,-1.0,-1.0,1.0,35700.0,35700.0,3
PH000110,AC000429,3,0,1,0,0,7.0,0.0,0.0,1.0,0.0,22.0,43.142857142857146,107.0,0.5714285714285714,0.14285714285714285,2.0,2.0,67.31761574074073,86.36292824074074,0.0,0.0,1.0,0.14285714285714285,1.0,940500.0,0,31350.0,1,1,0,0,train,0.08,5,2,1,-1.0,-1.0,-1.0,-1.0,-1.0,1.0,31350.0,31350.0,3
PH001540,AC000429,0,1,0,0,0,-1.0,-1.0,-1.0,-1.0,-1.0,-1.0,-1.0,-1.0,-1.0,-1.0,-1.0,-1.0,-1.0,-1.0,-1.0,-1.0,-1.0,-1.0,-1.0,940500.0,0,31350.0,1,1,0,0,train,0.08,5,2,1,-1.0,-1.0,-1.0,-1.0,-1.0,1.0,31350.0,31350.0,3
PH001541,AC000429,4,2,0,0,0,-1.0,-1.0,-1.0,-1.0,-1.0,-1.0,-1.0,-1.0,-1.0,-1.0,-1.0,-1.0,-1.0,-1.0,-1.0,-1.0,-1.0,-1.0,-1.0,940500.0,0,31350.0,1,1,0,0,train,0.08,5,2,1,-1.0,-1.0,-1.0,-1.0,-1.0,1.0,31350.0,31350.0,3
PH001542,AC000430,3,0,1,0,0,15.0,0.0,0.0,2.0,0.0,23.333333333333332,58.13333333333333,408.0,0.7333333333333333,0.13333333333333333,2.0,2.0,53.02981481481481,89.4432638888889,0.0,0.0,0.0,0.13333333333333333,1.0,94400.0,28,11800.0,0,1,0,0,train,0.52,2,2,1,1.0,1.0,0.0,1283.0,1.0,1.0,11800.0,11800.0,1
PH001543,AC000431,3,0,1,0,0,11.0,0.0,0.0,0.0,0.0,32.36363636363637,24.90909090909091,241.0,0.8181818181818182,0.0,2.0,2.0,52.35863425925926,84.3841550925926,0.0,0.0,0.0,0.0,1.0,770000.0,8,17500.0,1,2,0,0,train,0.68,0,1,1,-1.0,-1.0,-1.0,-1.0,-1.0,1.0,17500.0,17500.0,2
PH001544,AC000431,0,1,0,0,0,-1.0,-1.0,-1.0,-1.0,-1.0,-1.0,-1.0,-1.0,-1.0,-1.0,-1.0,-1.0,-1.0,-1.0,-1.0,-1.0,-1.0,-1.0,-1.0,770000.0,8,17500.0,1,2,0,0,train,0.68,0,1,1,-1.0,-1.0,-1.0,-1.0,-1.0,1.0,17500.0,17500.0,2
PH001545,AC000432,3,0,0,0,0,8.0,0.0,6.0,2.0,0.0,0.0,0.0,0.0,1.0,1.0,1.0,1.0,62.40680555555556,76.335625,0.0,0.0,5.0,1.0,0.0,235350.0,18,26150.0,1,3,1,0,train,0.21,4,2,1,1.0,0.0,0.0,218.0,0.0,1.0,10800.0,10800.0,3
PH001546,AC000432,0,1,1,0,0,19.0,0.0,1.0,2.0,0.0,21.157894736842106,25.68421052631579,301.0,0.7894736842105263,0.15789473684210525,1.0,1.0,7.35417824074074,59.28486111111111,0.0,10.0,0.0,0.15789473684210525,1.0,235350.0,18,26150.0,1,3,1,0,train,0.21,4,2,1,1.0,0.0,0.0,218.0,0.0,1.0,10800.0,10800.0,3
PH001547,AC000432,4,2,0,0,0,3.0,0.0,0.0,1.0,0.0,21.333333333333332,31.0,93.0,0.6666666666666666,0.3333333333333333,1.0,1.0,2.4266666666666667,4.397824074074074,3.0,3.0,1.0,0.3333333333333333,1.0,235350.0,18,26150.0,1,3,1,0,train,0.21,4,2,1,1.0,0.0,0.0,218.0,0.0,1.0,10800.0,10800.0,3
PH001550,AC000434,3,0,0,0,0,2.0,0.0,0.0,0.0,0.0,20.0,9.5,19.0,0.5,0.0,1.0,1.0,81.38699074074074,87.31835648148149,0.0,0.0,0.0,0.0,1.0,58100.0,19,4150.0,0,1,0,0,train,-1.0,5,2,1,-1.0,-1.0,-1.0,-1.0,-1.0,1.0,4150.0,4150.0,1
PH001551,AC000435,3,0,1,0,0,15.0,0.0,0.0,0.0,0.0,29.8,15.866666666666667,119.0,0.8,0.0,1.0,1.0,6.44181712962963,61.316122685185185,1.0,5.0,0.0,0.0,1.0,75250.0,96,2150.0,0,4,7,2,train,-1.0,5,0,1,6.0,2.0,1.0,459.6666666666667,0.3333333333333333,2.0,8600.0,4300.0,3
PH001552,AC000435,1,1,0,0,0,-1.0,-1.0,-1.0,-1.0,-1.0,-1.0,-1.0,-1.0,-1.0,-1.0,-1.0,-1.0,-1.0,-1.0,-1.0,-1.0,-1.0,-1.0,-1.0,75250.0,96,2150.0,0,4,7,2,train,-1.0,5,0,1,6.0,2.0,1.0,459.6666666666667,0.3333333333333333,2.0,8600.0,4300.0,3
PH001553,AC000435,4,2,0,0,0,-1.0,-1.0,-1.0,-1.0,-1.0,-1.0,-1.0,-1.0,-1.0,-1.0,-1.0,-1.0,-1.0,-1.0,-1.0,-1.0,-1.0,-1.0,-1.0,75250.0,96,2150.0,0,4,7,2,train,-1.0,5,0,1,6.0,2.0,1.0,459.6666666666667,0.3333333333333333,2.0,8600.0,4300.0,3
PH001557,AC000438,3,0,1,0,0,16.0,0.0,0.0,0.0,0.0,27.8125,14.375,63.0,0.75,0.0,2.0,2.0,2.2508101851851854,86.26324074074074,1.0,4.0,0.0,0.0,1.0,33250.0,15,1750.0,1,3,1,1,train,-1.0,2,1,1,1.0,0.0,0.0,222.0,0.0,-1.0,-1.0,-1.0,2
PH001558,AC000438,4,1,0,0,0,8.0,0.0,0.0,1.0,0.0,20.375,47.875,119.0,0.5,0.125,1.0,1.0,52.42721064814815,65.103125,0.0,0.0,1.0,0.125,1.0,33250.0,15,1750.0,1,3,1,1,train,-1.0,2,1,1,1.0,0.0,0.0,222.0,0.0,-1.0,-1.0,-1.0,2
PH001559,AC000439,3,0,1,0,0,15.0,0.0,1.0,1.0,0.0,17.6,75.66666666666667,378.0,0.6,0.13333333333333333,2.0,2.0,19.423275462962962,87.28400462962964,0.0,4.0,0.0,0.13333333333333333,1.0,94600.0,0,2150.0,3,0,2,0,train,0.4,5,0,1,-1.0,-1.0,-1.0,-1.0,-1.0,1.0,2150.0,2150.0,2
PH001560,AC000439,0,1,0,0,0,-1.0,-1.0,-1.0,-1.0,-1.0,-1.0,-1.0,-1.0,-1.0,-1.0,-1.0,-1.0,-1.0,-1.0,-1.0,-1.0,-1.0,-1.0,-1.0,94600.0,0,2150.0,3,0,2,0,train,0.4,5,0,1,-1.0,-1.0,-1.0,-1.0,-1.0,1.0,2150.0,2150.0,2
PH001561,AC000440,3,0,0,0,0,5.0,2.0,0.0,1.0,0.0,15.8,6.4,18.0,0.6,0.2,2.0,2.0,47.32738425925926,88.40435185185186,0.0,0.0,3.0,0.6,1.0,161000.0,2,4600.0,0,3,0,0,train,-1.0,1,2,0,-1.0,-1.0,-1.0,-1.0,-1.0,-1.0,-1.0,-1.0,3
PH001562,AC000440,4,1,1,0,0,28.0,2.0,0.0,1.0,0.0,26.321428571428573,32.285714285714285,129.0,0.6071428571428571,0.03571428571428571,2.0,2.0,7.320671296296296,74.32849537037038,0.0,12.0,1.0,0.10714285714285714,1.0,161000.0,2,4600.0,0,3,0,0,train,-1.0,1,2,0,-1.0,-1.0,-1.0,-1.0,-1.0,-1.0,-1.0,-1.0,3
PH001568,AC000443,3,0,1,0,0,10.0,2.0,0.0,0.0,0.0,21.2,8.8,33.0,0.6,0.0,1.0,1.0,80.1840162037037,88.36266203703704,0.0,0.0,0.0,0.2,1.0,36300.0,65,1650.0,0,0,2,2,train,0.53,5,2,1,8.0,1.0,7.0,121.25,0.125,-1.0,-1.0,-1.0,2
PH001569,AC000443,4,1,1,0,0,32.0,0.0,0.0,3.0,0.0,24.125,34.59375,131.0,0.625,0.09375,1.0,1.0,4.292627314814815,79.3284375,1.0,13.0,1.0,0.09375,1.0,36300.0,65,1650.0,0,0,2,2,train,0.53,5,2,1,8.0,1.0,7.0,121.25,0.125,-1.0,-1.0,-1.0,2
PH000143,AC000444,3,0,1,0,0,27.0,2.0,0.0,5.0,0.0,20.85185185185185,30.296296296296298,141.0,0.6296296296296297,0.18518518518518517,3.0,2.0,52.304143518518515,87.32418981481482,0.0,0.0,0.0,0.25925925925925924,1.0,329400.0,42,18300.0,1,2,2,0,train,0.89,5,2,1,-1.0,-1.0,-1.0,-1.0,-1.0,1.0,8800.0,8800.0,3
PH001570,AC000444,1,1,0,0,0,3.0,2.0,0.0,0.0,0.0,22.0,17.666666666666668,34.0,0.3333333333333333,0.0,1.0,1.0,64.27527777777777,68.37644675925925,0.0,0.0,2.0,0.6666666666666666,1.0,329400.0,42,18300.0,1,2,2,0,train,0.89,5,2,1,-1.0,-1.0,-1.0,-1.0,-1.0,1.0,8800.0,8800.0,3
PH001571,AC000444,4,2,1,0,0,18.0,0.0,0.0,1.0,0.0,18.055555555555557,50.333333333333336,145.0,0.3888888888888889,0.05555555555555555,1.0,1.0,6.428391203703704,60.27494212962963,1.0,5.0,0.0,0.05555555555555555,1.0,329400.0,42,18300.0,1,2,2,0,train,0.89,5,2,1,-1.0,-1.0,-1.0,-1.0,-1.0,1.0,8800.0,8800.0,3
PH001575,AC000446,3,0,0,0,0,2.0,2.0,0.0,0.0,0.0,6.0,36.0,37.0,0.0,0.0,1.0,1.0,89.21597222222222,89.3215625,0.0,0.0,2.0,1.0,1.0,274800.0,52,11450.0,0,1,0,0,train,0.47,0,1,1,3.0,0.0,1.0,125.33333333333333,0.0,1.0,3500.0,3500.0,4
PH000577,AC000446,2,1,0,0,0,8.0,0.0,0.0,1.0,0.0,12.25,48.875,128.0,0.25,0.125,1.0,1.0,62.15133101851852,84.27322916666667,0.0,0.0,1.0,0.125,1.0,274800.0,52,11450.0,0,1,0,0,train,0.47,0,1,1,3.0,0.0,1.0,125.33333333333333,0.0,1.0,3500.0,3500.0,4
PH001576,AC000446,4,2,0,1,0,5.0,1.0,0.0,0.0,0.0,20.6,61.2,116.0,0.4,0.0,1.0,1.0,51.00697916666667,54.34665509259259,0.0,0.0,1.0,0.2,1.0,274800.0,52,11450.0,0,1,0,0,train,0.47,0,1,1,3.0,0.0,1.0,125.33333333333333,0.0,1.0,3500.0,3500.0,4
PH001577,AC000447,3,0,1,0,0,21.0,0.0,11.0,3.0,0.0,9.142857142857142,1.8095238095238095,20.0,0.9047619047619048,0.6666666666666666,1.0,1.0,4.372592592592593,79.25030092592593,3.0,8.0,5.0,0.6666666666666666,1.0,93600.0,121,7800.0,0,1,1,0,train,0.54,0,1,1,9.0,1.0,3.0,167.0,0.1111111111111111,-1.0,-1.0,-1.0,1
PH001578,AC000448,3,0,1,0,0,7.0,0.0,0.0,0.0,0.0,21.571428571428573,83.42857142857143,282.0,0.42857142857142855,0.0,2.0,2.0,75.45184027777778,87.34769675925926,0.0,0.0,0.0,0.0,1.0,484500.0,0,14250.0,2,2,0,0,train,0.77,0,1,1,-1.0,-1.0,-1.0,-1.0,-1.0,2.0,14250.0,7125.0,2
PH001579,AC000448,4,1,0,0,0,-1.0,-1.0,-1.0,-1.0,-1.0,-1.0,-1.0,-1.0,-1.0,-1.0,-1.0,-1.0,-1.0,-1.0,-1.0,-1.0,-1.0,-1.0,-1.0,484500.0,0,14250.0,2,2,0,0,train,0.77,0,1,1,-1.0,-1.0,-1.0,-1.0,-1.0,2.0,14250.0,7125.0,2
PH001580,AC000449,3,0,0,0,0,8.0,0.0,7.0,1.0,0.0,0.0,0.0,0.0,1.0,1.0,1.0,1.0,65.24744212962963,79.38383101851852,0.0,0.0,5.0,1.0,0.0,79050.0,199,4650.0,0,3,2,1,train,0.07,1,2,1,7.0,0.0,3.0,167.0,0.0,-1.0,-1.0,-1.0,3
PH001581,AC000449,1,1,1,0,0,7.0,2.0,0.0,1.0,0.0,18.142857142857142,11.857142857142858,40.0,0.5714285714285714,0.14285714285714285,1.0,1.0,41.416041666666665,56.42381944444445,0.0,0.0,1.0,0.42857142857142855,1.0,79050.0,199,4650.0,0,3,2,1,train,0.07,1,2,1,7.0,0.0,3.0,167.0,0.0,-1.0,-1.0,-1.0,3
PH001582,AC000449,4,2,1,1,0,13.0,0.0,0.0,0.0,0.0,21.692307692307693,49.61538461538461,132.0,0.38461538461538464,0.0,1.0,1.0,5.2670717592592595,40.345474537037035,1.0,8.0,0.0,0.0,1.0,79050.0,199,4650.0,0,3,2,1,train,0.07,1,2,1,7.0,0.0,3.0,167.0,0.0,-1.0,-1.0,-1.0,3
PH001583,AC000450,3,0,1,0,0,1.0,0.0,0.0,0.0,0.0,6.0,48.0,48.0,0.0,0.0,1.0,1.0,84.26869212962963,84.26869212962963,0.0,0.0,0.0,0.0,1.0,43800.0,25,3650.0,1,1,1,0,train,0.5,5,2,1,-1.0,-1.0,-1.0,-1.0,-1.0,1.0,3650.0,3650.0,1
PH001591,AC000454,3,0,0,0,0,8.0,1.0,0.0,0.0,0.0,30.25,18.625,149.0,0.875,0.0,2.0,2.0,68.30181712962963,89.3385763888889,0.0,0.0,1.0,0.125,1.0,119000.0,26,3500.0,2,3,2,0,train,-1.0,1,2,1,-1.0,-1.0,-1.0,-1.0,-1.0,1.0,3500.0,3500.0,3
PH001592,AC000454,1,1,0,0,0,1.0,0.0,1.0,0.0,0.0,0.0,0.0,0.0,1.0,1.0,1.0,1.0,66.37563657407408,66.37563657407408,0.0,0.0,1.0,1.0,0.0,119000.0,26,3500.0,2,3,2,0,train,-1.0,1,2,1,-1.0,-1.0,-1.0,-1.0,-1.0,1.0,3500.0,3500.0,3
PH001593,AC000454,4,2,0,1,0,-1.0,-1.0,-1.0,-1.0,-1.0,-1.0,-1.0,-1.0,-1.0,-1.0,-1.0,-1.0,-1.0,-1.0,-1.0,-1.0,-1.0,-1.0,-1.0,119000.0,26,3500.0,2,3,2,0,train,-1.0,1,2,1,-1.0,-1.0,-1.0,-1.0,-1.0,1.0,3500.0,3500.0,3
PH001594,AC000455,3,0,1,0,0,10.0,0.0,0.0,0.0,0.0,21.3,9.8,56.0,0.8,0.0,1.0,1.0,59.39792824074074,88.38517361111111,0.0,0.0,0.0,0.0,1.0,217150.0,53,5050.0,1,0,1,1,train,-1.0,0,1,1,1.0,1.0,0.0,815.0,1.0,1.0,10100.0,10100.0,3
PH000337,AC000455,2,1,0,0,0,-1.0,-1.0,-1.0,-1.0,-1.0,-1.0,-1.0,-1.0,-1.0,-1.0,-1.0,-1.0,-1.0,-1.0,-1.0,-1.0,-1.0,-1.0,-1.0,217150.0,53,5050.0,1,0,1,1,train,-1.0,0,1,1,1.0,1.0,0.0,815.0,1.0,1.0,10100.0,10100.0,3
PH001595,AC000455,4,2,0,0,0,-1.0,-1.0,-1.0,-1.0,-1.0,-1.0,-1.0,-1.0,-1.0,-1.0,-1.0,-1.0,-1.0,-1.0,-1.0,-1.0,-1.0,-1.0,-1.0,217150.0,53,5050.0,1,0,1,1,train,-1.0,0,1,1,1.0,1.0,0.0,815.0,1.0,1.0,10100.0,10100.0,3
PH001596,AC000456,3,0,1,0,0,23.0,0.0,0.0,2.0,0.0,22.217391304347824,68.0,414.0,0.6086956521739131,0.08695652173913043,1.0,1.0,27.382291666666667,89.32758101851852,0.0,2.0,1.0,0.08695652173913043,1.0,18900.0,49,1350.0,0,1,0,0,train,0.54,3,2,1,5.0,0.0,3.0,106.4,0.0,1.0,2700.0,2700.0,2
PH001597,AC000456,1,1,0,0,0,-1.0,-1.0,-1.0,-1.0,-1.0,-1.0,-1.0,-1.0,-1.0,-1.0,-1.0,-1.0,-1.0,-1.0,-1.0,-1.0,-1.0,-1.0,-1.0,18900.0,49,1350.0,0,1,0,0,train,0.54,3,2,1,5.0,0.0,3.0,106.4,0.0,1.0,2700.0,2700.0,2
PH001598,AC000457,3,0,1,0,0,1.0,0.0,0.0,0.0,0.0,9.0,29.0,29.0,0.0,0.0,1.0,1.0,89.25394675925926,89.25394675925926,0.0,0.0,0.0,0.0,1.0,83600.0,46,1900.0,0,2,1,0,train,0.14,3,0,1,-1.0,-1.0,-1.0,-1.0,-1.0,1.0,3800.0,3800.0,3
PH001599,AC000457,1,1,0,0,0,-1.0,-1.0,-1.0,-1.0,-1.0,-1.0,-1.0,-1.0,-1.0,-1.0,-1.0,-1.0,-1.0,-1.0,-1.0,-1.0,-1.0,-1.0,-1.0,83600.0,46,1900.0,0,2,1,0,train,0.14,3,0,1,-1.0,-1.0,-1.0,-1.0,-1.0,1.0,3800.0,3800.0,3
PH001600,AC000457,4,2,0,0,0,-1.0,-1.0,-1.0,-1.0,-1.0,-1.0,-1.0,-1.0,-1.0,-1.0,-1.0,-1.0,-1.0,-1.0,-1.0,-1.0,-1.0,-1.0,-1.0,83600.0,46,1900.0,0,2,1,0,train,0.14,3,0,1,-1.0,-1.0,-1.0,-1.0,-1.0,1.0,3800.0,3800.0,3
PH001603,AC000459,3,0,1,0,0,13.0,0.0,0.0,1.0,0.0,20.53846153846154,16.615384615384617,68.0,0.6923076923076923,0.07692307692307693,2.0,2.0,13.322025462962962,87.33381944444444,0.0,8.0,0.0,0.07692307692307693,1.0,371000.0,0,13250.0,4,0,0,0,train,0.97,0,1,1,-1.0,-1.0,-1.0,-1.0,-1.0,4.0,13250.0,3312.5,2
PH001604,AC000459,4,1,0,0,0,-1.0,-1.0,-1.0,-1.0,-1.0,-1.0,-1.0,-1.0,-1.0,-1.0,-1.0,-1.0,-1.0,-1.0,-1.0,-1.0,-1.0,-1.0,-1.0,371000.0,0,13250.0,4,0,0,0,train,0.97,0,1,1,-1.0,-1.0,-1.0,-1.0,-1.0,4.0,13250.0,3312.5,2
PH001607,AC000461,3,0,1,0,0,26.0,0.0,0.0,6.0,0.0,18.73076923076923,52.26923076923077,387.0,0.7307692307692307,0.23076923076923078,2.0,2.0,30.294664351851853,89.32299768518519,0.0,0.0,1.0,0.23076923076923078,1.0,12000.0,22,1200.0,0,0,3,1,train,-1.0,1,1,1,-1.0,-1.0,-1.0,-1.0,-1.0,1.0,800.0,800.0,3
PH001608,AC000461,1,1,1,0,0,7.0,0.0,0.0,0.0,0.0,26.428571428571427,17.571428571428573,47.0,0.5714285714285714,0.0,1.0,1.0,12.349502314814815,30.070717592592594,0.0,6.0,0.0,0.0,1.0,12000.0,22,1200.0,0,0,3,1,train,-1.0,1,1,1,-1.0,-1.0,-1.0,-1.0,-1.0,1.0,800.0,800.0,3
PH001609,AC000461,4,2,0,0,0,-1.0,-1.0,-1.0,-1.0,-1.0,-1.0,-1.0,-1.0,-1.0,-1.0,-1.0,-1.0,-1.0,-1.0,-1.0,-1.0,-1.0,-1.0,-1.0,12000.0,22,1200.0,0,0,3,1,train,-1.0,1,1,1,-1.0,-1.0,-1.0,-1.0,-1.0,1.0,800.0,800.0,3
PH001610,AC000462,3,0,0,0,0,20.0,0.0,7.0,13.0,0.0,0.0,0.0,0.0,1.0,1.0,1.0,1.0,3.366550925925926,82.36127314814814,2.0,11.0,5.0,1.0,0.0,103200.0,87,2150.0,1,0,1,0,train,0.72,3,0,1,-1.0,-1.0,-1.0,-1.0,-1.0,-1.0,-1.0,-1.0,2
PH001611,AC000462,4,1,0,0,0,6.0,2.0,0.0,0.0,0.0,16.666666666666668,41.0,98.0,0.3333333333333333,0.0,1.0,1.0,32.31211805555556,61.07056712962963,0.0,0.0,1.0,0.3333333333333333,1.0,103200.0,87,2150.0,1,0,1,0,train,0.72,3,0,1,-1.0,-1.0,-1.0,-1.0,-1.0,-1.0,-1.0,-1.0,2
PH001612,AC000463,3,0,1,0,0,5.0,0.0,0.0,0.0,0.0,17.4,162.6,356.0,0.2,0.0,2.0,2.0,45.25094907407407,84.4533912037037,0.0,0.0,0.0,0.0,1.0,55800.0,0,3100.0,1,2,0,0,train,0.69,1,0,0,-1.0,-1.0,-1.0,-1.0,-1.0,1.0,3100.0,3100.0,2
PH001613,AC000463,4,1,1,0,0,9.0,1.0,0.0,1.0,0.0,21.88888888888889,42.55555555555556,148.0,0.5555555555555556,0.1111111111111111,2.0,2.0,47.3140625,82.25394675925926,0.0,0.0,2.0,0.2222222222222222,1.0,55800.0,0,3100.0,1,2,0,0,train,0.69,1,0,0,-1.0,-1.0,-1.0,-1.0,-1.0,1.0,3100.0,3100.0,2
PH001614,AC000464,3,0,1,0,0,18.0,0.0,0.0,0.0,0.0,25.27777777777778,45.5,404.0,0.8333333333333334,0.0,1.0,1.0,1.4440162037037036,89.32564814814815,2.0,10.0,0.0,0.0,1.0,126000.0,42,3150.0,0,0,4,2,train,0.24,2,1,1,5.0,0.0,2.0,190.8,0.0,-1.0,-1.0,-1.0,3
PH001615,AC000464,0,1,0,0,0,8.0,0.0,0.0,2.0,0.0,19.375,0.0,0.0,1.0,0.25,1.0,1.0,52.35516203703704,68.1436574074074,0.0,0.0,1.0,0.25,0.0,126000.0,42,3150.0,0,0,4,2,train,0.24,2,1,1,5.0,0.0,2.0,190.8,0.0,-1.0,-1.0,-1.0,3
PH001616,AC000464,1,2,0,0,0,8.0,0.0,0.0,0.0,0.0,28.375,0.0,0.0,1.0,0.0,1.0,1.0,34.3743287037037,52.044074074074075,0.0,0.0,0.0,0.0,0.0,126000.0,42,3150.0,0,0,4,2,train,0.24,2,1,1,5.0,0.0,2.0,190.8,0.0,-1.0,-1.0,-1.0,3
PH000121,AC000466,3,0,0,0,0,8.0,0.0,0.0,2.0,0.0,21.375,7.0,56.0,0.875,0.25,1.0,1.0,52.42137731481481,86.38447916666667,0.0,0.0,1.0,0.25,1.0,47500.0,107,1900.0,0,0,3,1,train,0.87,3,0,1,4.0,0.0,4.0,74.75,0.0,-1.0,-1.0,-1.0,2
PH001619,AC000466,4,1,1,0,0,19.0,1.0,0.0,3.0,0.0,18.31578947368421,34.1578947368421,119.0,0.5263157894736842,0.15789473684210525,1.0,1.0,2.211423611111111,47.27552083333333,5.0,13.0,2.0,0.21052631578947367,1.0,47500.0,107,1900.0,0,0,3,1,train,0.87,3,0,1,4.0,0.0,4.0,74.75,0.0,-1.0,-1.0,-1.0,2
PH001621,AC000468,3,0,0,0,0,-1.0,-1.0,-1.0,-1.0,-1.0,-1.0,-1.0,-1.0,-1.0,-1.0,-1.0,-1.0,-1.0,-1.0,-1.0,-1.0,-1.0,-1.0,-1.0,148350.0,0,3450.0,2,2,1,1,train,0.99,2,2,1,-1.0,-1.0,-1.0,-1.0,-1.0,1.0,3450.0,3450.0,3
PH001622,AC000468,0,1,0,0,0,-1.0,-1.0,-1.0,-1.0,-1.0,-1.0,-1.0,-1.0,-1.0,-1.0,-1.0,-1.0,-1.0,-1.0,-1.0,-1.0,-1.0,-1.0,-1.0,148350.0,0,3450.0,2,2,1,1,train,0.99,2,2,1,-1.0,-1.0,-1.0,-1.0,-1.0,1.0,3450.0,3450.0,3
PH001623,AC000468,1,2,0,0,1,-1.0,-1.0,-1.0,-1.0,-1.0,-1.0,-1.0,-1.0,-1.0,-1.0,-1.0,-1.0,-1.0,-1.0,-1.0,-1.0,-1.0,-1.0,-1.0,148350.0,0,3450.0,2,2,1,1,train,0.99,2,2,1,-1.0,-1.0,-1.0,-1.0,-1.0,1.0,3450.0,3450.0,3
PH001624,AC000469,3,0,0,0,0,18.0,2.0,9.0,2.0,0.0,10.166666666666666,4.888888888888889,35.0,0.8333333333333334,0.6111111111111112,1.0,1.0,14.28380787037037,87.44491898148148,0.0,5.0,5.0,0.7222222222222222,1.0,238050.0,73,10350.0,0,1,1,1,train,-1.0,2,1,0,9.0,3.0,1.0,478.8888888888889,0.3333333333333333,-1.0,-1.0,-1.0,2
PH001625,AC000469,1,1,0,0,0,5.0,2.0,0.0,1.0,0.0,16.8,9.8,34.0,0.6,0.2,1.0,1.0,80.27087962962963,89.28180555555555,0.0,0.0,3.0,0.6,1.0,238050.0,73,10350.0,0,1,1,1,train,-1.0,2,1,0,9.0,3.0,1.0,478.8888888888889,0.3333333333333333,-1.0,-1.0,-1.0,2
PH001626,AC000470,3,0,1,0,0,28.0,0.0,1.0,3.0,0.0,23.285714285714285,41.107142857142854,405.0,0.7857142857142857,0.14285714285714285,2.0,2.0,13.241296296296296,88.37537037037038,0.0,9.0,0.0,0.14285714285714285,1.0,95200.0,8,3400.0,0,2,0,0,train,0.47,0,2,1,1.0,0.0,1.0,60.0,0.0,-1.0,-1.0,-1.0,2
PH001627,AC000470,4,1,0,0,0,13.0,1.0,0.0,3.0,0.0,15.76923076923077,45.92307692307692,150.0,0.5384615384615384,0.23076923076923078,1.0,1.0,6.0007523148148145,34.104375,2.0,9.0,0.0,0.3076923076923077,1.0,95200.0,8,3400.0,0,2,0,0,train,0.47,0,2,1,1.0,0.0,1.0,60.0,0.0,-1.0,-1.0,-1.0,2
PH001631,AC000472,3,0,0,0,0,16.0,0.0,7.0,1.0,0.0,19.5,0.0,0.0,1.0,0.5,2.0,2.0,34.20084490740741,88.36775462962963,0.0,0.0,0.0,0.5,0.0,38400.0,23,1600.0,0,3,3,2,train,-1.0,0,1,1,1.0,0.0,0.0,231.0,0.0,-1.0,-1.0,-1.0,3
PH001632,AC000472,0,1,1,0,0,20.0,0.0,7.0,3.0,0.0,9.95,7.25,145.0,0.95,0.5,1.0,1.0,19.360115740740742,79.21675925925926,0.0,5.0,2.0,0.5,1.0,38400.0,23,1600.0,0,3,3,2,train,-1.0,0,1,1,1.0,0.0,0.0,231.0,0.0,-1.0,-1.0,-1.0,3
PH001633,AC000472,4,2,0,0,0,10.0,0.0,0.0,2.0,0.0,22.0,22.9,103.0,0.7,0.2,1.0,1.0,11.388310185185185,56.327083333333334,0.0,2.0,1.0,0.2,1.0,38400.0,23,1600.0,0,3,3,2,train,-1.0,0,1,1,1.0,0.0,0.0,231.0,0.0,-1.0,-1.0,-1.0,3
PH001634,AC000473,3,0,1,0,0,6.0,0.0,0.0,0.0,0.0,28.666666666666668,11.333333333333334,43.0,0.6666666666666666,0.0,1.0,1.0,47.427083333333336,89.36611111111111,0.0,0.0,0.0,0.0,1.0,795300.0,63,24100.0,0,2,1,0,train,0.49,5,2,1,1.0,0.0,0.0,474.0,0.0,1.0,72300.0,72300.0,3
PH001635,AC000473,1,1,0,0,0,-1.0,-1.0,-1.0,-1.0,-1.0,-1.0,-1.0,-1.0,-1.0,-1.0,-1.0,-1.0,-1.0,-1.0,-1.0,-1.0,-1.0,-1.0,-1.0,795300.0,63,24100.0,0,2,1,0,train,0.49,5,2,1,1.0,0.0,0.0,474.0,0.0,1.0,72300.0,72300.0,3
PH001636,AC000473,4,2,0,0,0,-1.0,-1.0,-1.0,-1.0,-1.0,-1.0,-1.0,-1.0,-1.0,-1.0,-1.0,-1.0,-1.0,-1.0,-1.0,-1.0,-1.0,-1.0,-1.0,795300.0,63,24100.0,0,2,1,0,train,0.49,5,2,1,1.0,0.0,0.0,474.0,0.0,1.0,72300.0,72300.0,3
PH001637,AC000474,3,0,1,0,0,9.0,0.0,0.0,1.0,0.0,26.88888888888889,84.44444444444444,417.0,0.7777777777777778,0.1111111111111111,1.0,1.0,7.312488425925926,80.33788194444445,0.0,4.0,1.0,0.1111111111111111,1.0,249600.0,123,4800.0,0,3,6,2,train,0.39,0,2,0,9.0,0.0,3.0,184.66666666666666,0.0,-1.0,-1.0,-1.0,3
PH001638,AC000474,1,1,0,0,0,2.0,2.0,0.0,0.0,0.0,7.0,21.5,30.0,0.0,0.0,1.0,1.0,23.443472222222223,52.29165509259259,0.0,1.0,2.0,1.0,1.0,249600.0,123,4800.0,0,3,6,2,train,0.39,0,2,0,9.0,0.0,3.0,184.66666666666666,0.0,-1.0,-1.0,-1.0,3
PH001639,AC000474,4,2,0,0,0,9.0,0.0,0.0,1.0,0.0,18.22222222222222,50.77777777777778,150.0,0.5555555555555556,0.1111111111111111,1.0,1.0,2.3277083333333333,48.28306712962963,2.0,7.0,1.0,0.1111111111111111,1.0,249600.0,123,4800.0,0,3,6,2,train,0.39,0,2,0,9.0,0.0,3.0,184.66666666666666,0.0,-1.0,-1.0,-1.0,3
PH001640,AC000475,3,0,0,0,0,2.0,2.0,0.0,0.0,0.0,11.5,11.5,12.0,0.0,0.0,1.0,1.0,56.404270833333335,57.37501157407407,0.0,0.0,2.0,1.0,1.0,204000.0,258,4000.0,0,2,2,1,train,-1.0,2,1,1,9.0,3.0,0.0,426.44444444444446,0.3333333333333333,-1.0,-1.0,-1.0,1
PH001641,AC000476,3,0,1,0,0,1.0,0.0,0.0,0.0,0.0,10.0,41.0,41.0,0.0,0.0,1.0,1.0,87.42984953703704,87.42984953703704,0.0,0.0,0.0,0.0,1.0,158700.0,15,3450.0,0,2,1,0,train,0.19,1,1,1,-1.0,-1.0,-1.0,-1.0,-1.0,1.0,3450.0,3450.0,3
PH001642,AC000476,1,1,0,0,0,-1.0,-1.0,-1.0,-1.0,-1.0,-1.0,-1.0,-1.0,-1.0,-1.0,-1.0,-1.0,-1.0,-1.0,-1.0,-1.0,-1.0,-1.0,-1.0,158700.0,15,3450.0,0,2,1,0,train,0.19,1,1,1,-1.0,-1.0,-1.0,-1.0,-1.0,1.0,3450.0,3450.0,3
PH001643,AC000476,4,2,0,0,0,-1.0,-1.0,-1.0,-1.0,-1.0,-1.0,-1.0,-1.0,-1.0,-1.0,-1.0,-1.0,-1.0,-1.0,-1.0,-1.0,-1.0,-1.0,-1.0,158700.0,15,3450.0,0,2,1,0,train,0.19,1,1,1,-1.0,-1.0,-1.0,-1.0,-1.0,1.0,3450.0,3450.0,3
PH001647,AC000478,3,0,1,0,0,7.0,0.0,0.0,0.0,0.0,18.285714285714285,10.428571428571429,73.0,0.8571428571428571,0.0,1.0,1.0,47.07907407407407,88.19706018518518,0.0,0.0,0.0,0.0,1.0,29900.0,187,1300.0,0,3,2,2,train,0.98,3,0,0,5.0,2.0,1.0,634.6,0.4,1.0,9100.0,9100.0,2
PH001648,AC000478,4,1,1,0,0,11.0,1.0,0.0,2.0,0.0,19.818181818181817,37.45454545454545,105.0,0.5454545454545454,0.18181818181818182,1.0,1.0,44.42163194444444,88.29726851851852,0.0,0.0,2.0,0.2727272727272727,1.0,29900.0,187,1300.0,0,3,2,2,train,0.98,3,0,0,5.0,2.0,1.0,634.6,0.4,1.0,9100.0,9100.0,2
PH001649,AC000479,3,0,1,0,0,27.0,0.0,0.0,1.0,0.0,29.85185185185185,14.148148148148149,172.0,0.8518518518518519,0.037037037037037035,2.0,2.0,20.45130787037037,82.25498842592593,0.0,7.0,0.0,0.037037037037037035,1.0,56100.0,3,5100.0,1,3,0,0,train,0.94,0,1,1,1.0,1.0,0.0,1128.0,1.0,1.0,2300.0,2300.0,1
PH001650,AC000480,3,0,0,0,0,8.0,1.0,0.0,0.0,0.0,30.375,7.625,38.0,0.75,0.0,1.0,1.0,79.06027777777778,88.38708333333334,0.0,0.0,1.0,0.125,1.0,72900.0,45,2700.0,0,2,1,0,train,0.5,5,1,1,-1.0,-1.0,-1.0,-1.0,-1.0,1.0,5400.0,5400.0,3
PH001651,AC000480,0,1,0,0,0,-1.0,-1.0,-1.0,-1.0,-1.0,-1.0,-1.0,-1.0,-1.0,-1.0,-1.0,-1.0,-1.0,-1.0,-1.0,-1.0,-1.0,-1.0,-1.0,72900.0,45,2700.0,0,2,1,0,train,0.5,5,1,1,-1.0,-1.0,-1.0,-1.0,-1.0,1.0,5400.0,5400.0,3
PH001652,AC000480,4,2,0,0,0,-1.0,-1.0,-1.0,-1.0,-1.0,-1.0,-1.0,-1.0,-1.0,-1.0,-1.0,-1.0,-1.0,-1.0,-1.0,-1.0,-1.0,-1.0,-1.0,72900.0,45,2700.0,0,2,1,0,train,0.5,5,1,1,-1.0,-1.0,-1.0,-1.0,-1.0,1.0,5400.0,5400.0,3
PH001653,AC000481,3,0,0,0,0,8.0,0.0,0.0,0.0,0.0,27.0,0.0,0.0,1.0,0.0,1.0,1.0,42.41153935185185,77.4190625,0.0,0.0,0.0,0.0,0.0,21250.0,211,1250.0,0,5,2,1,train,0.07,3,0,1,9.0,1.0,2.0,366.3333333333333,0.1111111111111111,1.0,4500.0,4500.0,3
PH001654,AC000481,0,1,1,0,0,7.0,0.0,0.0,1.0,0.0,26.428571428571427,13.285714285714286,60.0,0.7142857142857143,0.14285714285714285,1.0,1.0,5.416261574074074,40.3972337962963,1.0,4.0,1.0,0.14285714285714285,1.0,21250.0,211,1250.0,0,5,2,1,train,0.07,3,0,1,9.0,1.0,2.0,366.3333333333333,0.1111111111111111,1.0,4500.0,4500.0,3
PH001655,AC000481,4,2,0,0,0,-1.0,-1.0,-1.0,-1.0,-1.0,-1.0,-1.0,-1.0,-1.0,-1.0,-1.0,-1.0,-1.0,-1.0,-1.0,-1.0,-1.0,-1.0,-1.0,21250.0,211,1250.0,0,5,2,1,train,0.07,3,0,1,9.0,1.0,2.0,366.3333333333333,0.1111111111111111,1.0,4500.0,4500.0,3
PH001664,AC000486,3,0,1,0,0,22.0,0.0,0.0,2.0,0.0,23.09090909090909,48.40909090909091,321.0,0.6818181818181818,0.09090909090909091,1.0,1.0,0.27324074074074073,88.32516203703703,1.0,8.0,1.0,0.09090909090909091,1.0,47000.0,107,4700.0,0,3,4,3,train,0.43,5,1,1,1.0,0.0,1.0,60.0,0.0,1.0,13000.0,13000.0,1
PH001665,AC000487,3,0,1,0,0,11.0,0.0,1.0,0.0,0.0,23.727272727272727,34.72727272727273,382.0,0.9090909090909091,0.09090909090909091,1.0,1.0,9.067708333333334,87.40560185185186,0.0,2.0,1.0,0.09090909090909091,1.0,112000.0,48,4000.0,0,1,2,1,train,0.66,1,1,0,5.0,0.0,4.0,105.8,0.0,-1.0,-1.0,-1.0,4
PH001666,AC000487,0,1,0,0,0,4.0,0.0,0.0,0.0,0.0,19.75,0.0,0.0,1.0,0.0,1.0,1.0,10.208368055555555,81.29520833333333,0.0,1.0,0.0,0.0,0.0,112000.0,48,4000.0,0,1,2,1,train,0.66,1,1,0,5.0,0.0,4.0,105.8,0.0,-1.0,-1.0,-1.0,4
PH000548,AC000487,2,2,0,0,0,12.0,0.0,0.0,1.0,0.0,12.583333333333334,69.41666666666667,138.0,0.25,0.08333333333333333,1.0,1.0,3.057141203703704,88.39662037037037,3.0,5.0,0.0,0.08333333333333333,1.0,112000.0,48,4000.0,0,1,2,1,train,0.66,1,1,0,5.0,0.0,4.0,105.8,0.0,-1.0,-1.0,-1.0,4
PH001667,AC000487,4,3,0,0,0,9.0,0.0,0.0,0.0,0.0,32.333333333333336,1.6666666666666667,15.0,0.8888888888888888,0.0,1.0,1.0,0.26319444444444445,74.37739583333334,1.0,3.0,0.0,0.0,1.0,112000.0,48,4000.0,0,1,2,1,train,0.66,1,1,0,5.0,0.0,4.0,105.8,0.0,-1.0,-1.0,-1.0,4
PH001668,AC000488,3,0,1,0,0,9.0,0.0,0.0,0.0,0.0,28.666666666666668,48.333333333333336,217.0,0.6666666666666666,0.0,2.0,2.0,44.44796296296296,89.3936574074074,0.0,0.0,0.0,0.0,1.0,416400.0,3,17350.0,2,0,1,1,train,1.0,2,1,1,-1.0,-1.0,-1.0,-1.0,-1.0,1.0,17350.0,17350.0,1
PH001672,AC000490,3,0,1,0,0,12.0,0.0,0.0,0.0,0.0,30.5,25.333333333333332,246.0,0.8333333333333334,0.0,1.0,1.0,55.2650462962963,80.41085648148149,0.0,0.0,0.0,0.0,1.0,305900.0,67,8050.0,0,1,4,2,train,0.24,4,2,1,7.0,5.0,0.0,665.4285714285714,0.7142857142857143,-1.0,-1.0,-1.0,2
PH001673,AC000490,4,1,1,0,0,14.0,0.0,0.0,2.0,0.0,25.357142857142858,34.92857142857143,262.0,0.7142857142857143,0.14285714285714285,1.0,1.0,5.0956018518518515,55.11774305555556,2.0,5.0,0.0,0.14285714285714285,1.0,305900.0,67,8050.0,0,1,4,2,train,0.24,4,2,1,7.0,5.0,0.0,665.4285714285714,0.7142857142857143,-1.0,-1.0,-1.0,2
PH001674,AC000491,3,0,1,0,0,13.0,0.0,0.0,2.0,0.0,19.923076923076923,38.23076923076923,358.0,0.6923076923076923,0.15384615384615385,1.0,1.0,4.165046296296296,88.34950231481481,1.0,1.0,1.0,0.15384615384615385,1.0,209250.0,130,7750.0,0,4,5,2,train,0.25,0,2,1,4.0,0.0,0.0,325.25,0.0,1.0,23700.0,23700.0,2
PH001675,AC000491,4,1,0,0,0,8.0,0.0,0.0,1.0,0.0,19.875,48.5,118.0,0.5,0.125,1.0,1.0,4.435740740740741,42.13326388888889,1.0,6.0,1.0,0.125,1.0,209250.0,130,7750.0,0,4,5,2,train,0.25,0,2,1,4.0,0.0,0.0,325.25,0.0,1.0,23700.0,23700.0,2
PH001676,AC000492,3,0,1,0,0,9.0,0.0,0.0,1.0,0.0,26.0,14.11111111111111,65.0,0.7777777777777778,0.1111111111111111,1.0,1.0,51.27070601851852,88.35636574074074,0.0,0.0,1.0,0.1111111111111111,1.0,383350.0,53,9350.0,0,1,1,0,train,-1.0,0,1,1,1.0,0.0,1.0,42.0,0.0,1.0,18700.0,18700.0,3
PH000469,AC000492,2,1,0,0,0,5.0,0.0,0.0,1.0,0.0,26.0,13.8,69.0,0.8,0.2,1.0,1.0,5.171875,18.252164351851853,2.0,5.0,1.0,0.2,1.0,383350.0,53,9350.0,0,1,1,0,train,-1.0,0,1,1,1.0,0.0,1.0,42.0,0.0,1.0,18700.0,18700.0,3
PH001677,AC000492,4,2,0,0,0,-1.0,-1.0,-1.0,-1.0,-1.0,-1.0,-1.0,-1.0,-1.0,-1.0,-1.0,-1.0,-1.0,-1.0,-1.0,-1.0,-1.0,-1.0,-1.0,383350.0,53,9350.0,0,1,1,0,train,-1.0,0,1,1,1.0,0.0,1.0,42.0,0.0,1.0,18700.0,18700.0,3
PH001678,AC000493,3,0,1,0,0,15.0,0.0,0.0,1.0,0.0,29.8,1.9333333333333333,29.0,0.9333333333333333,0.06666666666666667,1.0,1.0,0.0929050925925926,89.30737268518519,2.0,7.0,0.0,0.06666666666666667,1.0,85000.0,41,3400.0,0,2,0,0,train,0.79,1,1,1,4.0,3.0,0.0,664.75,0.75,2.0,4100.0,2050.0,2
PH001679,AC000493,0,1,1,0,0,10.0,0.0,0.0,0.0,0.0,25.7,36.1,301.0,0.8,0.0,1.0,1.0,26.302118055555557,58.29297453703704,0.0,2.0,0.0,0.0,1.0,85000.0,41,3400.0,0,2,0,0,train,0.79,1,1,1,4.0,3.0,0.0,664.75,0.75,2.0,4100.0,2050.0,2
PH001680,AC000494,3,0,1,0,0,12.0,0.0,0.0,0.0,0.0,20.583333333333332,8.916666666666666,77.0,0.8333333333333334,0.0,2.0,2.0,51.313229166666666,87.41545138888888,0.0,0.0,0.0,0.0,1.0,199500.0,3,5700.0,1,3,1,0,train,0.65,2,1,1,1.0,0.0,0.0,424.0,0.0,1.0,5700.0,5700.0,3
PH001681,AC000494,0,1,0,0,0,8.0,0.0,0.0,2.0,0.0,29.75,0.0,0.0,1.0,0.25,1.0,1.0,41.33172453703704,49.34162037037037,0.0,0.0,2.0,0.25,0.0,199500.0,3,5700.0,1,3,1,0,train,0.65,2,1,1,1.0,0.0,0.0,424.0,0.0,1.0,5700.0,5700.0,3
PH001682,AC000494,4,2,1,0,0,9.0,0.0,0.0,3.0,0.0,15.222222222222221,18.333333333333332,92.0,0.6666666666666666,0.3333333333333333,1.0,1.0,23.35796296296296,39.34072916666667,0.0,4.0,2.0,0.3333333333333333,1.0,199500.0,3,5700.0,1,3,1,0,train,0.65,2,1,1,1.0,0.0,0.0,424.0,0.0,1.0,5700.0,5700.0,3
PH001683,AC000495,3,0,1,0,0,12.0,0.0,0.0,2.0,0.0,19.416666666666668,50.166666666666664,274.0,0.6666666666666666,0.16666666666666666,2.0,2.0,48.4441087962963,84.36952546296297,0.0,0.0,1.0,0.16666666666666666,1.0,31250.0,21,1250.0,1,2,0,0,train,0.58,3,2,1,-1.0,-1.0,-1.0,-1.0,-1.0,3.0,1250.0,416.6666666666667,2
PH001684,AC000495,4,1,0,0,0,-1.0,-1.0,-1.0,-1.0,-1.0,-1.0,-1.0,-1.0,-1.0,-1.0,-1.0,-1.0,-1.0,-1.0,-1.0,-1.0,-1.0,-1.0,-1.0,31250.0,21,1250.0,1,2,0,0,train,0.58,3,2,1,-1.0,-1.0,-1.0,-1.0,-1.0,3.0,1250.0,416.6666666666667,2
PH001686,AC000497,3,0,0,0,0,5.0,2.0,0.0,0.0,0.0,18.4,22.2,39.0,0.4,0.0,1.0,1.0,69.21373842592592,89.25989583333333,0.0,0.0,2.0,0.4,1.0,765000.0,197,30600.0,0,1,2,0,train,0.41,5,2,1,9.0,4.0,1.0,303.55555555555554,0.4444444444444444,-1.0,-1.0,-1.0,3
PH001687,AC000497,1,1,0,0,0,8.0,1.0,0.0,0.0,0.0,31.875,4.75,38.0,0.875,0.0,1.0,1.0,38.424560185185186,65.41186342592593,0.0,0.0,1.0,0.125,1.0,765000.0,197,30600.0,0,1,2,0,train,0.41,5,2,1,9.0,4.0,1.0,303.55555555555554,0.4444444444444444,-1.0,-1.0,-1.0,3
PH001688,AC000497,4,2,1,0,0,12.0,1.0,0.0,0.0,0.0,14.0,70.08333333333333,132.0,0.16666666666666666,0.0,1.0,1.0,0.2956828703703704,37.288472222222225,2.0,10.0,0.0,0.08333333333333333,1.0,765000.0,197,30600.0,0,1,2,0,train,0.41,5,2,1,9.0,4.0,1.0,303.55555555555554,0.4444444444444444,-1.0,-1.0,-1.0,3
PH001689,AC000498,3,0,1,0,0,15.0,0.0,0.0,1.0,0.0,28.0,42.93333333333333,407.0,0.6666666666666666,0.06666666666666667,1.0,1.0,55.43943287037037,87.3343287037037,0.0,0.0,0.0,0.06666666666666667,1.0,93600.0,56,1950.0,0,2,1,1,train,0.1,5,2,1,3.0,1.0,1.0,680.3333333333334,0.3333333333333333,2.0,3900.0,1950.0,1
PH001690,AC000499,3,0,0,0,0,8.0,1.0,0.0,1.0,0.0,19.875,1.0,8.0,0.875,0.125,1.0,1.0,59.41306712962963,86.24850694444444,0.0,0.0,1.0,0.25,1.0,62400.0,251,1950.0,0,6,5,4,train,-1.0,1,2,1,4.0,1.0,2.0,366.25,0.25,1.0,17550.0,17550.0,2
PH001691,AC000499,0,1,0,0,0,2.0,0.0,0.0,0.0,0.0,24.5,0.0,0.0,1.0,0.0,1.0,1.0,58.0196875,58.33951388888889,0.0,0.0,0.0,0.0,0.0,62400.0,251,1950.0,0,6,5,4,train,-1.0,1,2,1,4.0,1.0,2.0,366.25,0.25,1.0,17550.0,17550.0,2
PH001692,AC000500,3,0,1,0,0,16.0,0.0,0.0,1.0,0.0,26.75,1.125,18.0,0.9375,0.0625,2.0,2.0,42.358125,81.33287037037037,0.0,0.0,0.0,0.0625,1.0,316200.0,17,10200.0,1,2,0,0,train,0.73,2,1,1,-1.0,-1.0,-1.0,-1.0,-1.0,1.0,10200.0,10200.0,2
PH001693,AC000500,4,1,1,0,0,3.0,0.0,0.0,0.0,0.0,32.666666666666664,9.0,27.0,0.6666666666666666,0.0,1.0,1.0,39.407986111111114,42.18829861111111,0.0,0.0,0.0,0.0,1.0,316200.0,17,10200.0,1,2,0,0,train,0.73,2,1,1,-1.0,-1.0,-1.0,-1.0,-1.0,1.0,10200.0,10200.0,2
PH001694,AC000501,3,0,1,0,0,16.0,1.0,0.0,2.0,0.0,20.1875,16.4375,146.0,0.8125,0.125,1.0,1.0,4.137650462962963,89.40466435185185,1.0,6.0,1.0,0.1875,1.0,162000.0,169,3600.0,0,0,3,0,train,0.61,5,1,0,9.0,0.0,5.0,189.11111111111111,0.0,-1.0,-1.0,-1.0,2
PH001695,AC000501,4,1,1,0,0,10.0,0.0,0.0,2.0,0.0,16.9,51.4,149.0,0.6,0.2,1.0,1.0,4.287743055555556,89.08625,1.0,3.0,0.0,0.2,1.0,162000.0,169,3600.0,0,0,3,0,train,0.61,5,1,0,9.0,0.0,5.0,189.11111111111111,0.0,-1.0,-1.0,-1.0,2
PH001696,AC000502,3,0,1,0,0,16.0,0.0,0.0,0.0,0.0,22.375,78.0625,347.0,0.5625,0.0,1.0,1.0,47.0294212962963,83.27627314814815,0.0,0.0,0.0,0.0,1.0,52500.0,54,1750.0,0,2,5,2,train,0.25,3,2,1,2.0,1.0,1.0,684.0,0.5,2.0,3500.0,1750.0,3
PH001697,AC000502,0,1,0,0,0,-1.0,-1.0,-1.0,-1.0,-1.0,-1.0,-1.0,-1.0,-1.0,-1.0,-1.0,-1.0,-1.0,-1.0,-1.0,-1.0,-1.0,-1.0,-1.0,52500.0,54,1750.0,0,2,5,2,train,0.25,3,2,1,2.0,1.0,1.0,684.0,0.5,2.0,3500.0,1750.0,3
PH001698,AC000502,4,2,0,0,0,-1.0,-1.0,-1.0,-1.0,-1.0,-1.0,-1.0,-1.0,-1.0,-1.0,-1.0,-1.0,-1.0,-1.0,-1.0,-1.0,-1.0,-1.0,-1.0,52500.0,54,1750.0,0,2,5,2,train,0.25,3,2,1,2.0,1.0,1.0,684.0,0.5,2.0,3500.0,1750.0,3
PH001699,AC000503,3,0,1,0,0,33.0,0.0,0.0,1.0,0.0,25.666666666666668,52.39393939393939,291.0,0.696969696969697,0.030303030303030304,1.0,1.0,24.296203703703704,89.26292824074073,0.0,3.0,0.0,0.030303030303030304,1.0,688600.0,68,15650.0,0,4,3,1,train,0.41,2,1,1,3.0,0.0,2.0,151.0,0.0,2.0,33700.0,16850.0,4
PH001700,AC000503,0,1,1,0,0,1.0,0.0,0.0,0.0,0.0,19.0,47.0,47.0,0.0,0.0,1.0,1.0,24.121064814814815,24.121064814814815,0.0,1.0,0.0,0.0,1.0,688600.0,68,15650.0,0,4,3,1,train,0.41,2,1,1,3.0,0.0,2.0,151.0,0.0,2.0,33700.0,16850.0,4
PH000600,AC000503,2,2,0,0,0,-1.0,-1.0,-1.0,-1.0,-1.0,-1.0,-1.0,-1.0,-1.0,-1.0,-1.0,-1.0,-1.0,-1.0,-1.0,-1.0,-1.0,-1.0,-1.0,688600.0,68,15650.0,0,4,3,1,train,0.41,2,1,1,3.0,0.0,2.0,151.0,0.0,2.0,33700.0,16850.0,4
PH001701,AC000503,4,3,0,0,0,-1.0,-1.0,-1.0,-1.0,-1.0,-1.0,-1.0,-1.0,-1.0,-1.0,-1.0,-1.0,-1.0,-1.0,-1.0,-1.0,-1.0,-1.0,-1.0,688600.0,68,15650.0,0,4,3,1,train,0.41,2,1,1,3.0,0.0,2.0,151.0,0.0,2.0,33700.0,16850.0,4
PH001704,AC000505,3,0,1,0,0,33.0,0.0,0.0,1.0,0.0,19.696969696969695,3.9696969696969697,131.0,0.9696969696969697,0.030303030303030304,1.0,1.0,5.453217592592592,87.34755787037037,2.0,10.0,0.0,0.030303030303030304,1.0,315150.0,37,9550.0,0,2,2,1,train,0.08,2,1,1,4.0,0.0,3.0,92.5,0.0,-1.0,-1.0,-1.0,1
PH000031,AC000506,3,0,0,0,0,8.0,0.0,0.0,2.0,0.0,21.125,19.625,106.0,0.75,0.25,1.0,1.0,61.35981481481482,88.40054398148148,0.0,0.0,1.0,0.25,1.0,130200.0,255,4200.0,0,1,5,5,train,0.7,1,1,1,9.0,2.0,0.0,362.22222222222223,0.2222222222222222,2.0,21900.0,10950.0,2
PH001705,AC000506,4,1,0,0,0,11.0,1.0,0.0,3.0,0.0,15.0,27.727272727272727,116.0,0.6363636363636364,0.2727272727272727,1.0,1.0,5.322847222222222,51.36929398148148,2.0,6.0,2.0,0.36363636363636365,1.0,130200.0,255,4200.0,0,1,5,5,train,0.7,1,1,1,9.0,2.0,0.0,362.22222222222223,0.2222222222222222,2.0,21900.0,10950.0,2
PH001706,AC000507,3,0,0,0,0,16.0,0.0,0.0,1.0,0.0,18.8125,0.0,0.0,1.0,0.0625,2.0,2.0,33.151805555555555,84.45451388888888,0.0,0.0,0.0,0.0625,0.0,19950.0,16,1050.0,1,1,0,0,train,0.4,3,2,1,-1.0,-1.0,-1.0,-1.0,-1.0,-1.0,-1.0,-1.0,2
PH001707,AC000507,4,1,0,0,0,16.0,0.0,0.0,2.0,0.0,22.125,31.625,130.0,0.5625,0.125,1.0,1.0,0.34186342592592595,63.414212962962964,1.0,8.0,0.0,0.125,1.0,19950.0,16,1050.0,1,1,0,0,train,0.4,3,2,1,-1.0,-1.0,-1.0,-1.0,-1.0,-1.0,-1.0,-1.0,2
PH001708,AC000508,3,0,1,0,0,29.0,0.0,0.0,1.0,0.0,24.103448275862068,32.62068965517241,331.0,0.8620689655172413,0.034482758620689655,1.0,1.0,4.216412037037037,87.32457175925926,2.0,9.0,1.0,0.034482758620689655,1.0,49000.0,161,1750.0,0,1,4,3,train,0.43,5,0,1,7.0,0.0,4.0,137.57142857142858,0.0,-1.0,-1.0,-1.0,4
PH001709,AC000508,0,1,0,0,0,-1.0,-1.0,-1.0,-1.0,-1.0,-1.0,-1.0,-1.0,-1.0,-1.0,-1.0,-1.0,-1.0,-1.0,-1.0,-1.0,-1.0,-1.0,-1.0,49000.0,161,1750.0,0,1,4,3,train,0.43,5,0,1,7.0,0.0,4.0,137.57142857142858,0.0,-1.0,-1.0,-1.0,4
PH001710,AC000508,1,2,0,0,0,-1.0,-1.0,-1.0,-1.0,-1.0,-1.0,-1.0,-1.0,-1.0,-1.0,-1.0,-1.0,-1.0,-1.0,-1.0,-1.0,-1.0,-1.0,-1.0,49000.0,161,1750.0,0,1,4,3,train,0.43,5,0,1,7.0,0.0,4.0,137.57142857142858,0.0,-1.0,-1.0,-1.0,4
PH001711,AC000508,4,3,0,0,0,-1.0,-1.0,-1.0,-1.0,-1.0,-1.0,-1.0,-1.0,-1.0,-1.0,-1.0,-1.0,-1.0,-1.0,-1.0,-1.0,-1.0,-1.0,-1.0,49000.0,161,1750.0,0,1,4,3,train,0.43,5,0,1,7.0,0.0,4.0,137.57142857142858,0.0,-1.0,-1.0,-1.0,4
PH001712,AC000509,3,0,0,0,0,2.0,0.0,1.0,1.0,0.0,0.0,0.0,0.0,1.0,1.0,1.0,1.0,88.44815972222223,89.42546296296297,0.0,0.0,2.0,1.0,0.0,30000.0,13,1250.0,0,3,1,0,train,-1.0,5,2,1,-1.0,-1.0,-1.0,-1.0,-1.0,1.0,1250.0,1250.0,1
PH001713,AC000510,3,0,1,0,0,20.0,0.0,0.0,0.0,0.0,20.9,103.2,404.0,0.45,0.0,2.0,2.0,1.3598379629629629,86.35293981481482,4.0,11.0,0.0,0.0,1.0,61200.0,9,2550.0,3,4,2,1,train,1.0,1,1,1,1.0,0.0,1.0,31.0,0.0,2.0,1400.0,700.0,3
PH001714,AC000510,0,1,0,0,0,-1.0,-1.0,-1.0,-1.0,-1.0,-1.0,-1.0,-1.0,-1.0,-1.0,-1.0,-1.0,-1.0,-1.0,-1.0,-1.0,-1.0,-1.0,-1.0,61200.0,9,2550.0,3,4,2,1,train,1.0,1,1,1,1.0,0.0,1.0,31.0,0.0,2.0,1400.0,700.0,3
PH001715,AC000510,1,2,0,0,0,-1.0,-1.0,-1.0,-1.0,-1.0,-1.0,-1.0,-1.0,-1.0,-1.0,-1.0,-1.0,-1.0,-1.0,-1.0,-1.0,-1.0,-1.0,-1.0,61200.0,9,2550.0,3,4,2,1,train,1.0,1,1,1,1.0,0.0,1.0,31.0,0.0,2.0,1400.0,700.0,3
PH001716,AC000511,3,0,1,0,0,15.0,0.0,0.0,1.0,0.0,22.466666666666665,47.06666666666667,271.0,0.6,0.06666666666666667,1.0,1.0,9.334513888888889,88.36202546296296,0.0,2.0,0.0,0.06666666666666667,1.0,134900.0,90,3550.0,0,1,1,1,train,0.13,1,2,1,7.0,6.0,0.0,871.0,0.8571428571428571,1.0,3500.0,3500.0,3
PH001717,AC000511,0,1,1,0,0,-1.0,-1.0,-1.0,-1.0,-1.0,-1.0,-1.0,-1.0,-1.0,-1.0,-1.0,-1.0,-1.0,-1.0,-1.0,-1.0,-1.0,-1.0,-1.0,134900.0,90,3550.0,0,1,1,1,train,0.13,1,2,1,7.0,6.0,0.0,871.0,0.8571428571428571,1.0,3500.0,3500.0,3
PH001718,AC000511,4,2,0,0,0,-1.0,-1.0,-1.0,-1.0,-1.0,-1.0,-1.0,-1.0,-1.0,-1.0,-1.0,-1.0,-1.0,-1.0,-1.0,-1.0,-1.0,-1.0,-1.0,134900.0,90,3550.0,0,1,1,1,train,0.13,1,2,1,7.0,6.0,0.0,871.0,0.8571428571428571,1.0,3500.0,3500.0,3
PH001719,AC000512,3,0,0,0,0,10.0,0.0,0.0,1.0,0.0,20.0,0.0,0.0,1.0,0.1,1.0,1.0,2.403125,88.35813657407408,2.0,2.0,1.0,0.1,0.0,213900.0,85,4650.0,1,1,5,2,train,0.72,5,2,1,3.0,0.0,0.0,176.66666666666666,0.0,-1.0,-1.0,-1.0,2
PH001720,AC000512,0,1,1,0,0,23.0,0.0,0.0,9.0,0.0,14.956521739130435,60.17391304347826,417.0,0.8260869565217391,0.391304347826087,1.0,1.0,5.418946759259259,44.23719907407408,3.0,16.0,1.0,0.391304347826087,1.0,213900.0,85,4650.0,1,1,5,2,train,0.72,5,2,1,3.0,0.0,0.0,176.66666666666666,0.0,-1.0,-1.0,-1.0,2
PH001723,AC000514,3,0,1,0,0,19.0,0.0,0.0,1.0,0.0,18.05263157894737,27.473684210526315,232.0,0.7894736842105263,0.05263157894736842,2.0,2.0,31.356354166666666,89.29921296296297,0.0,0.0,1.0,0.05263157894736842,1.0,184500.0,3,6150.0,0,4,0,0,train,-1.0,2,1,1,1.0,0.0,1.0,151.0,0.0,1.0,6150.0,6150.0,2
PH001724,AC000514,4,1,1,0,0,7.0,0.0,0.0,0.0,0.0,25.714285714285715,24.142857142857142,130.0,0.5714285714285714,0.0,1.0,1.0,14.453912037037037,24.31806712962963,0.0,7.0,0.0,0.0,1.0,184500.0,3,6150.0,0,4,0,0,train,-1.0,2,1,1,1.0,0.0,1.0,151.0,0.0,1.0,6150.0,6150.0,2
PH001731,AC000518,3,0,1,0,0,20.0,0.0,0.0,1.0,0.0,19.35,51.85,390.0,0.65,0.05,1.0,1.0,0.28530092592592593,87.43144675925926,3.0,11.0,1.0,0.05,1.0,180000.0,266,3750.0,0,3,4,2,train,0.62,5,2,1,8.0,2.0,1.0,425.125,0.25,1.0,19000.0,19000.0,1
PH001732,AC000519,3,0,0,0,0,8.0,0.0,4.0,4.0,0.0,0.0,0.0,0.0,1.0,1.0,1.0,1.0,66.26694444444445,88.43866898148148,0.0,0.0,5.0,1.0,0.0,59200.0,206,3700.0,0,1,2,2,train,0.69,0,2,1,7.0,3.0,1.0,495.42857142857144,0.42857142857142855,2.0,17600.0,8800.0,2
PH001733,AC000519,4,1,1,0,0,12.0,0.0,0.0,0.0,0.0,20.416666666666668,28.666666666666668,141.0,0.5,0.0,1.0,1.0,3.4438078703703705,66.23440972222222,4.0,5.0,0.0,0.0,1.0,59200.0,206,3700.0,0,1,2,2,train,0.69,0,2,1,7.0,3.0,1.0,495.42857142857144,0.42857142857142855,2.0,17600.0,8800.0,2
PH001734,AC000520,3,0,1,0,0,25.0,0.0,0.0,1.0,0.0,24.76,59.72,349.0,0.64,0.04,1.0,1.0,10.37574074074074,88.40503472222223,0.0,3.0,0.0,0.04,1.0,73500.0,32,2450.0,1,0,2,1,train,0.84,1,1,1,2.0,1.0,0.0,940.5,0.5,-1.0,-1.0,-1.0,2
PH001735,AC000520,4,1,0,0,0,-1.0,-1.0,-1.0,-1.0,-1.0,-1.0,-1.0,-1.0,-1.0,-1.0,-1.0,-1.0,-1.0,-1.0,-1.0,-1.0,-1.0,-1.0,-1.0,73500.0,32,2450.0,1,0,2,1,train,0.84,1,1,1,2.0,1.0,0.0,940.5,0.5,-1.0,-1.0,-1.0,2
PH001736,AC000521,3,0,0,0,0,8.0,0.0,7.0,1.0,0.0,0.0,0.0,0.0,1.0,1.0,1.0,1.0,75.38886574074074,88.27269675925926,0.0,0.0,5.0,1.0,0.0,145800.0,191,2700.0,0,3,4,2,train,0.0,1,2,1,8.0,2.0,1.0,309.75,0.25,2.0,8700.0,4350.0,3
PH001737,AC000521,0,1,1,0,0,19.0,0.0,0.0,0.0,0.0,26.736842105263158,67.73684210526316,419.0,0.631578947368421,0.0,1.0,1.0,1.9970486111111112,73.34396990740741,2.0,9.0,0.0,0.0,1.0,145800.0,191,2700.0,0,3,4,2,train,0.0,1,2,1,8.0,2.0,1.0,309.75,0.25,2.0,8700.0,4350.0,3
PH001738,AC000521,4,2,0,0,0,-1.0,-1.0,-1.0,-1.0,-1.0,-1.0,-1.0,-1.0,-1.0,-1.0,-1.0,-1.0,-1.0,-1.0,-1.0,-1.0,-1.0,-1.0,-1.0,145800.0,191,2700.0,0,3,4,2,train,0.0,1,2,1,8.0,2.0,1.0,309.75,0.25,2.0,8700.0,4350.0,3
PH001739,AC000522,3,0,1,0,0,21.0,0.0,0.0,1.0,0.0,25.904761904761905,44.142857142857146,148.0,0.5238095238095238,0.047619047619047616,1.0,1.0,7.436180555555556,75.32329861111111,0.0,5.0,1.0,0.047619047619047616,1.0,57600.0,22,2400.0,0,5,0,0,train,0.34,2,2,1,-1.0,-1.0,-1.0,-1.0,-1.0,-1.0,-1.0,-1.0,3
PH001740,AC000522,4,1,0,0,0,8.0,0.0,0.0,2.0,0.0,21.875,23.75,133.0,0.75,0.25,1.0,1.0,31.039212962962964,44.23818287037037,0.0,0.0,2.0,0.25,1.0,57600.0,22,2400.0,0,5,0,0,train,0.34,2,2,1,-1.0,-1.0,-1.0,-1.0,-1.0,-1.0,-1.0,-1.0,3
PH001741,AC000523,3,0,0,0,0,17.0,1.0,0.0,2.0,0.0,19.647058823529413,0.5882352941176471,10.0,0.9411764705882353,0.11764705882352941,1.0,1.0,0.20085648148148147,89.35684027777778,2.0,9.0,2.0,0.17647058823529413,1.0,223200.0,144,9300.0,0,2,1,1,train,0.55,0,1,1,6.0,1.0,3.0,321.8333333333333,0.16666666666666666,-1.0,-1.0,-1.0,3
PH001742,AC000523,1,1,0,0,0,6.0,2.0,0.0,0.0,0.0,19.833333333333332,8.833333333333334,20.0,0.5,0.0,1.0,1.0,41.388275462962966,68.43606481481481,0.0,0.0,1.0,0.3333333333333333,1.0,223200.0,144,9300.0,0,2,1,1,train,0.55,0,1,1,6.0,1.0,3.0,321.8333333333333,0.16666666666666666,-1.0,-1.0,-1.0,3
PH001743,AC000523,4,2,1,0,0,14.0,2.0,0.0,1.0,0.0,18.714285714285715,49.357142857142854,145.0,0.35714285714285715,0.07142857142857142,1.0,1.0,0.2912268518518519,41.01997685185185,2.0,8.0,1.0,0.21428571428571427,1.0,223200.0,144,9300.0,0,2,1,1,train,0.55,0,1,1,6.0,1.0,3.0,321.8333333333333,0.16666666666666666,-1.0,-1.0,-1.0,3
PH001744,AC000524,3,0,1,0,0,25.0,0.0,0.0,2.0,0.0,25.04,32.88,350.0,0.76,0.08,1.0,1.0,3.3847569444444443,89.30741898148148,2.0,11.0,1.0,0.08,1.0,368150.0,32,9950.0,0,1,3,3,train,-1.0,0,1,1,1.0,0.0,1.0,39.0,0.0,2.0,16200.0,8100.0,3
PH001745,AC000524,0,1,0,0,0,-1.0,-1.0,-1.0,-1.0,-1.0,-1.0,-1.0,-1.0,-1.0,-1.0,-1.0,-1.0,-1.0,-1.0,-1.0,-1.0,-1.0,-1.0,-1.0,368150.0,32,9950.0,0,1,3,3,train,-1.0,0,1,1,1.0,0.0,1.0,39.0,0.0,2.0,16200.0,8100.0,3
PH001746,AC000524,4,2,0,0,0,-1.0,-1.0,-1.0,-1.0,-1.0,-1.0,-1.0,-1.0,-1.0,-1.0,-1.0,-1.0,-1.0,-1.0,-1.0,-1.0,-1.0,-1.0,-1.0,368150.0,32,9950.0,0,1,3,3,train,-1.0,0,1,1,1.0,0.0,1.0,39.0,0.0,2.0,16200.0,8100.0,3
PH001749,AC000526,3,0,1,0,0,5.0,0.0,0.0,1.0,0.0,18.4,66.0,304.0,0.6,0.2,1.0,1.0,70.41790509259259,86.41715277777777,0.0,0.0,1.0,0.2,1.0,460350.0,35,13950.0,1,3,2,1,train,-1.0,0,1,1,-1.0,-1.0,-1.0,-1.0,-1.0,1.0,27900.0,27900.0,2
PH001750,AC000526,4,1,0,1,0,-1.0,-1.0,-1.0,-1.0,-1.0,-1.0,-1.0,-1.0,-1.0,-1.0,-1.0,-1.0,-1.0,-1.0,-1.0,-1.0,-1.0,-1.0,-1.0,460350.0,35,13950.0,1,3,2,1,train,-1.0,0,1,1,-1.0,-1.0,-1.0,-1.0,-1.0,1.0,27900.0,27900.0,2
PH001756,AC000529,3,0,1,0,0,16.0,0.0,0.0,0.0,0.0,24.25,83.3125,352.0,0.5,0.0,2.0,2.0,35.249976851851855,89.33871527777778,0.0,0.0,0.0,0.0,1.0,114000.0,0,3000.0,2,4,0,0,train,-1.0,1,1,1,-1.0,-1.0,-1.0,-1.0,-1.0,2.0,3000.0,1500.0,4
PH001757,AC000529,0,1,0,0,0,-1.0,-1.0,-1.0,-1.0,-1.0,-1.0,-1.0,-1.0,-1.0,-1.0,-1.0,-1.0,-1.0,-1.0,-1.0,-1.0,-1.0,-1.0,-1.0,114000.0,0,3000.0,2,4,0,0,train,-1.0,1,1,1,-1.0,-1.0,-1.0,-1.0,-1.0,2.0,3000.0,1500.0,4
PH001758,AC000529,1,2,0,0,0,-1.0,-1.0,-1.0,-1.0,-1.0,-1.0,-1.0,-1.0,-1.0,-1.0,-1.0,-1.0,-1.0,-1.0,-1.0,-1.0,-1.0,-1.0,-1.0,114000.0,0,3000.0,2,4,0,0,train,-1.0,1,1,1,-1.0,-1.0,-1.0,-1.0,-1.0,2.0,3000.0,1500.0,4
PH001759,AC000529,4,3,0,0,0,-1.0,-1.0,-1.0,-1.0,-1.0,-1.0,-1.0,-1.0,-1.0,-1.0,-1.0,-1.0,-1.0,-1.0,-1.0,-1.0,-1.0,-1.0,-1.0,114000.0,0,3000.0,2,4,0,0,train,-1.0,1,1,1,-1.0,-1.0,-1.0,-1.0,-1.0,2.0,3000.0,1500.0,4
PH001760,AC000530,3,0,0,0,0,4.0,2.0,0.0,0.0,0.0,22.0,10.0,22.0,0.5,0.0,1.0,1.0,80.41300925925925,83.37394675925925,0.0,0.0,2.0,0.5,1.0,191000.0,63,9550.0,0,3,2,1,train,0.62,2,1,1,1.0,0.0,0.0,152.0,0.0,1.0,28650.0,28650.0,3
PH001761,AC000530,1,1,1,0,0,4.0,0.0,0.0,0.0,0.0,17.25,87.75,250.0,0.25,0.0,1.0,1.0,62.99912037037037,80.23693287037037,0.0,0.0,0.0,0.0,1.0,191000.0,63,9550.0,0,3,2,1,train,0.62,2,1,1,1.0,0.0,0.0,152.0,0.0,1.0,28650.0,28650.0,3
PH001762,AC000530,4,2,0,0,0,-1.0,-1.0,-1.0,-1.0,-1.0,-1.0,-1.0,-1.0,-1.0,-1.0,-1.0,-1.0,-1.0,-1.0,-1.0,-1.0,-1.0,-1.0,-1.0,191000.0,63,9550.0,0,3,2,1,train,0.62,2,1,1,1.0,0.0,0.0,152.0,0.0,1.0,28650.0,28650.0,3
PH001771,AC000535,3,0,1,0,0,28.0,0.0,1.0,2.0,0.0,23.571428571428573,47.535714285714285,407.0,0.7142857142857143,0.10714285714285714,2.0,2.0,0.4173611111111111,89.3441087962963,2.0,13.0,1.0,0.10714285714285714,1.0,43500.0,0,1500.0,2,3,0,0,train,0.42,3,0,1,-1.0,-1.0,-1.0,-1.0,-1.0,2.0,1300.0,650.0,2
PH001772,AC000535,4,1,0,0,0,8.0,1.0,0.0,1.0,0.0,15.0,25.75,112.0,0.625,0.125,2.0,2.0,48.241782407407406,59.33002314814815,0.0,0.0,2.0,0.25,1.0,43500.0,0,1500.0,2,3,0,0,train,0.42,3,0,1,-1.0,-1.0,-1.0,-1.0,-1.0,2.0,1300.0,650.0,2
PH001773,AC000536,3,0,0,0,1,8.0,1.0,0.0,2.0,0.0,21.625,2.75,22.0,0.875,0.25,2.0,2.0,73.3962962962963,88.25114583333334,0.0,0.0,1.0,0.375,1.0,81000.0,16,2250.0,0,2,0,0,train,0.29,1,2,1,-1.0,-1.0,-1.0,-1.0,-1.0,2.0,1600.0,800.0,3
PH001774,AC000536,1,1,0,0,0,2.0,2.0,0.0,0.0,0.0,6.5,25.0,36.0,0.0,0.0,1.0,1.0,72.06973379629629,72.26305555555555,0.0,0.0,2.0,1.0,1.0,81000.0,16,2250.0,0,2,0,0,train,0.29,1,2,1,-1.0,-1.0,-1.0,-1.0,-1.0,2.0,1600.0,800.0,3
PH001775,AC000536,4,2,1,0,0,17.0,0.0,0.0,1.0,0.0,19.0,42.11764705882353,134.0,0.47058823529411764,0.058823529411764705,1.0,1.0,0.33899305555555553,71.25935185185185,2.0,7.0,1.0,0.058823529411764705,1.0,81000.0,16,2250.0,0,2,0,0,train,0.29,1,2,1,-1.0,-1.0,-1.0,-1.0,-1.0,2.0,1600.0,800.0,3
PH001776,AC000537,3,0,1,0,0,39.0,0.0,0.0,1.0,0.0,24.333333333333332,44.48717948717949,407.0,0.6410256410256411,0.02564102564102564,2.0,2.0,2.072060185185185,86.34438657407408,7.0,15.0,0.0,0.02564102564102564,1.0,64800.0,0,1800.0,0,1,1,0,train,-1.0,5,2,1,-1.0,-1.0,-1.0,-1.0,-1.0,3.0,1400.0,466.6666666666667,1
PH001777,AC000538,3,0,1,0,0,33.0,0.0,0.0,3.0,0.0,17.303030303030305,12.757575757575758,360.0,0.9393939393939394,0.09090909090909091,1.0,1.0,21.437372685185185,87.28940972222222,0.0,2.0,1.0,0.09090909090909091,1.0,167900.0,36,3650.0,0,6,1,1,train,0.59,1,1,1,-1.0,-1.0,-1.0,-1.0,-1.0,1.0,3500.0,3500.0,1
PH001778,AC000539,3,0,1,0,0,24.0,0.0,0.0,1.0,0.0,19.0,21.166666666666668,405.0,0.875,0.041666666666666664,2.0,2.0,18.436319444444443,87.39777777777778,0.0,9.0,0.0,0.041666666666666664,1.0,73800.0,7,1800.0,1,0,2,1,train,0.38,5,0,1,1.0,0.0,0.0,145.0,0.0,1.0,600.0,600.0,1
PH001782,AC000541,3,0,1,0,0,16.0,1.0,0.0,1.0,0.0,22.9375,4.8125,58.0,0.875,0.0625,2.0,2.0,44.17219907407407,79.4075925925926,0.0,0.0,2.0,0.125,1.0,228150.0,16,8450.0,1,2,0,0,train,0.58,0,1,1,1.0,0.0,0.0,584.0,0.0,3.0,6000.0,2000.0,3
PH001783,AC000541,1,1,0,0,0,8.0,1.0,0.0,0.0,0.0,30.25,4.125,33.0,0.875,0.0,1.0,1.0,28.403784722222223,43.4133912037037,0.0,1.0,1.0,0.125,1.0,228150.0,16,8450.0,1,2,0,0,train,0.58,0,1,1,1.0,0.0,0.0,584.0,0.0,3.0,6000.0,2000.0,3
PH001784,AC000541,4,2,1,0,0,6.0,0.0,0.0,0.0,0.0,11.5,150.5,393.0,0.16666666666666666,0.0,1.0,1.0,13.142152777777778,28.161631944444444,0.0,6.0,0.0,0.0,1.0,228150.0,16,8450.0,1,2,0,0,train,0.58,0,1,1,1.0,0.0,0.0,584.0,0.0,3.0,6000.0,2000.0,3
PH001785,AC000542,3,0,1,0,0,17.0,0.0,12.0,1.0,0.0,6.176470588235294,40.35294117647059,377.0,0.8823529411764706,0.7647058823529411,1.0,1.0,5.160069444444445,75.35454861111111,2.0,10.0,1.0,0.7647058823529411,1.0,163800.0,37,4550.0,1,0,2,2,train,0.66,1,2,0,-1.0,-1.0,-1.0,-1.0,-1.0,1.0,2700.0,2700.0,3
PH001786,AC000542,0,1,1,0,0,9.0,0.0,0.0,1.0,0.0,25.88888888888889,75.88888888888889,340.0,0.6666666666666666,0.1111111111111111,1.0,1.0,1.279988425925926,87.34292824074075,2.0,3.0,1.0,0.1111111111111111,1.0,163800.0,37,4550.0,1,0,2,2,train,0.66,1,2,0,-1.0,-1.0,-1.0,-1.0,-1.0,1.0,2700.0,2700.0,3
PH001787,AC000542,4,2,1,0,0,11.0,0.0,0.0,4.0,0.0,11.545454545454545,34.63636363636363,143.0,0.5454545454545454,0.36363636363636365,1.0,1.0,0.4292476851851852,81.35858796296296,1.0,2.0,2.0,0.36363636363636365,1.0,163800.0,37,4550.0,1,0,2,2,train,0.66,1,2,0,-1.0,-1.0,-1.0,-1.0,-1.0,1.0,2700.0,2700.0,3
PH001788,AC000543,3,0,1,0,0,26.0,1.0,0.0,0.0,0.0,32.23076923076923,48.53846153846154,388.0,0.7692307692307693,0.0,2.0,2.0,10.381875,85.24986111111112,0.0,12.0,1.0,0.038461538461538464,1.0,75250.0,3,10750.0,0,1,0,0,train,0.64,0,1,1,-1.0,-1.0,-1.0,-1.0,-1.0,-1.0,-1.0,-1.0,3
PH000490,AC000543,2,1,0,0,0,-1.0,-1.0,-1.0,-1.0,-1.0,-1.0,-1.0,-1.0,-1.0,-1.0,-1.0,-1.0,-1.0,-1.0,-1.0,-1.0,-1.0,-1.0,-1.0,75250.0,3,10750.0,0,1,0,0,train,0.64,0,1,1,-1.0,-1.0,-1.0,-1.0,-1.0,-1.0,-1.0,-1.0,3
PH001789,AC000543,4,2,0,0,0,-1.0,-1.0,-1.0,-1.0,-1.0,-1.0,-1.0,-1.0,-1.0,-1.0,-1.0,-1.0,-1.0,-1.0,-1.0,-1.0,-1.0,-1.0,-1.0,75250.0,3,10750.0,0,1,0,0,train,0.64,0,1,1,-1.0,-1.0,-1.0,-1.0,-1.0,-1.0,-1.0,-1.0,3
PH001790,AC000544,3,0,0,0,0,5.0,0.0,3.0,1.0,0.0,5.8,0.0,0.0,1.0,0.8,2.0,2.0,75.38903935185185,88.3083449074074,0.0,0.0,4.0,0.8,0.0,396000.0,0,22000.0,4,4,0,0,train,0.53,4,2,1,-1.0,-1.0,-1.0,-1.0,-1.0,1.0,22000.0,22000.0,3
PH001791,AC000544,0,1,0,0,0,-1.0,-1.0,-1.0,-1.0,-1.0,-1.0,-1.0,-1.0,-1.0,-1.0,-1.0,-1.0,-1.0,-1.0,-1.0,-1.0,-1.0,-1.0,-1.0,396000.0,0,22000.0,4,4,0,0,train,0.53,4,2,1,-1.0,-1.0,-1.0,-1.0,-1.0,1.0,22000.0,22000.0,3
PH001792,AC000544,1,2,0,0,0,-1.0,-1.0,-1.0,-1.0,-1.0,-1.0,-1.0,-1.0,-1.0,-1.0,-1.0,-1.0,-1.0,-1.0,-1.0,-1.0,-1.0,-1.0,-1.0,396000.0,0,22000.0,4,4,0,0,train,0.53,4,2,1,-1.0,-1.0,-1.0,-1.0,-1.0,1.0,22000.0,22000.0,3
PH001793,AC000545,3,0,0,0,0,8.0,0.0,0.0,0.0,0.0,24.625,0.0,0.0,1.0,0.0,1.0,1.0,66.25939814814815,87.38184027777778,0.0,0.0,0.0,0.0,0.0,330000.0,57,13200.0,1,1,3,1,train,0.4,2,1,1,2.0,0.0,1.0,106.0,0.0,2.0,26400.0,13200.0,3
PH001794,AC000545,1,1,1,0,0,6.0,0.0,0.0,1.0,0.0,21.333333333333332,17.333333333333332,61.0,0.6666666666666666,0.16666666666666666,1.0,1.0,27.384733796296295,63.443506944444444,0.0,1.0,1.0,0.16666666666666666,1.0,330000.0,57,13200.0,1,1,3,1,train,0.4,2,1,1,2.0,0.0,1.0,106.0,0.0,2.0,26400.0,13200.0,3
PH001795,AC000545,4,2,0,0,0,-1.0,-1.0,-1.0,-1.0,-1.0,-1.0,-1.0,-1.0,-1.0,-1.0,-1.0,-1.0,-1.0,-1.0,-1.0,-1.0,-1.0,-1.0,-1.0,330000.0,57,13200.0,1,1,3,1,train,0.4,2,1,1,2.0,0.0,1.0,106.0,0.0,2.0,26400.0,13200.0,3
PH001796,AC000546,3,0,1,0,0,14.0,0.0,0.0,1.0,0.0,24.928571428571427,23.428571428571427,216.0,0.7142857142857143,0.07142857142857142,1.0,1.0,53.32385416666666,84.26180555555555,0.0,0.0,0.0,0.07142857142857142,1.0,169600.0,65,10600.0,0,0,1,1,train,-1.0,0,1,1,2.0,0.0,2.0,56.5,0.0,1.0,31800.0,31800.0,2
PH001797,AC000546,1,1,0,0,0,-1.0,-1.0,-1.0,-1.0,-1.0,-1.0,-1.0,-1.0,-1.0,-1.0,-1.0,-1.0,-1.0,-1.0,-1.0,-1.0,-1.0,-1.0,-1.0,169600.0,65,10600.0,0,0,1,1,train,-1.0,0,1,1,2.0,0.0,2.0,56.5,0.0,1.0,31800.0,31800.0,2
PH001800,AC000548,3,0,1,0,0,5.0,0.0,0.0,0.0,0.0,26.8,11.8,59.0,0.8,0.0,1.0,1.0,81.30309027777778,89.32672453703704,0.0,0.0,0.0,0.0,1.0,569000.0,50,28450.0,1,4,2,1,train,0.77,5,2,1,-1.0,-1.0,-1.0,-1.0,-1.0,1.0,56900.0,56900.0,2
PH001801,AC000548,4,1,0,0,0,-1.0,-1.0,-1.0,-1.0,-1.0,-1.0,-1.0,-1.0,-1.0,-1.0,-1.0,-1.0,-1.0,-1.0,-1.0,-1.0,-1.0,-1.0,-1.0,569000.0,50,28450.0,1,4,2,1,train,0.77,5,2,1,-1.0,-1.0,-1.0,-1.0,-1.0,1.0,56900.0,56900.0,2
PH001802,AC000549,3,0,1,0,0,19.0,0.0,0.0,0.0,0.0,29.68421052631579,28.526315789473685,201.0,0.7368421052631579,0.0,1.0,1.0,9.353148148148149,89.3955324074074,0.0,5.0,0.0,0.0,1.0,110600.0,85,7900.0,0,1,3,2,train,0.8,0,1,1,-1.0,-1.0,-1.0,-1.0,-1.0,2.0,19100.0,9550.0,3
PH001803,AC000549,0,1,0,0,0,-1.0,-1.0,-1.0,-1.0,-1.0,-1.0,-1.0,-1.0,-1.0,-1.0,-1.0,-1.0,-1.0,-1.0,-1.0,-1.0,-1.0,-1.0,-1.0,110600.0,85,7900.0,0,1,3,2,train,0.8,0,1,1,-1.0,-1.0,-1.0,-1.0,-1.0,2.0,19100.0,9550.0,3
PH001804,AC000549,4,2,0,0,0,-1.0,-1.0,-1.0,-1.0,-1.0,-1.0,-1.0,-1.0,-1.0,-1.0,-1.0,-1.0,-1.0,-1.0,-1.0,-1.0,-1.0,-1.0,-1.0,110600.0,85,7900.0,0,1,3,2,train,0.8,0,1,1,-1.0,-1.0,-1.0,-1.0,-1.0,2.0,19100.0,9550.0,3
PH001808,AC000551,3,0,0,0,0,7.0,2.0,0.0,0.0,0.0,30.0,6.285714285714286,31.0,0.7142857142857143,0.0,1.0,1.0,56.421712962962964,87.2929513888889,0.0,0.0,1.0,0.2857142857142857,1.0,1236100.0,87,26300.0,0,0,0,0,train,-1.0,4,2,1,8.0,3.0,2.0,414.25,0.375,1.0,34000.0,34000.0,2
PH001809,AC000551,0,1,1,0,0,19.0,0.0,0.0,0.0,0.0,22.842105263157894,5.947368421052632,74.0,0.8947368421052632,0.0,1.0,1.0,5.39599537037037,55.319270833333334,1.0,10.0,0.0,0.0,1.0,1236100.0,87,26300.0,0,0,0,0,train,-1.0,4,2,1,8.0,3.0,2.0,414.25,0.375,1.0,34000.0,34000.0,2
PH001810,AC000552,3,0,1,0,0,5.0,0.0,0.0,0.0,0.0,35.0,8.6,43.0,0.8,0.0,1.0,1.0,84.07892361111111,88.4302199074074,0.0,0.0,0.0,0.0,1.0,131600.0,58,9400.0,1,5,2,0,train,0.76,0,1,1,-1.0,-1.0,-1.0,-1.0,-1.0,1.0,18800.0,18800.0,2
PH001811,AC000552,4,1,0,0,0,-1.0,-1.0,-1.0,-1.0,-1.0,-1.0,-1.0,-1.0,-1.0,-1.0,-1.0,-1.0,-1.0,-1.0,-1.0,-1.0,-1.0,-1.0,-1.0,131600.0,58,9400.0,1,5,2,0,train,0.76,0,1,1,-1.0,-1.0,-1.0,-1.0,-1.0,1.0,18800.0,18800.0,2
PH001818,AC000555,3,0,0,0,0,8.0,0.0,0.0,1.0,0.0,8.25,0.0,0.0,1.0,0.125,1.0,1.0,77.36766203703704,86.24956018518519,0.0,0.0,0.0,0.125,0.0,42250.0,28,3250.0,1,2,0,0,train,0.4,0,1,1,-1.0,-1.0,-1.0,-1.0,-1.0,1.0,3250.0,3250.0,4
PH001819,AC000555,0,1,0,0,0,8.0,0.0,0.0,0.0,0.0,27.75,0.0,0.0,1.0,0.0,1.0,1.0,68.33849537037037,76.43552083333333,0.0,0.0,0.0,0.0,0.0,42250.0,28,3250.0,1,2,0,0,train,0.4,0,1,1,-1.0,-1.0,-1.0,-1.0,-1.0,1.0,3250.0,3250.0,4
PH001820,AC000555,1,2,0,0,0,4.0,2.0,0.0,0.0,0.0,25.25,9.5,24.0,0.5,0.0,1.0,1.0,65.22019675925925,68.06693287037037,0.0,0.0,2.0,0.5,1.0,42250.0,28,3250.0,1,2,0,0,train,0.4,0,1,1,-1.0,-1.0,-1.0,-1.0,-1.0,1.0,3250.0,3250.0,4
PH001821,AC000555,4,3,1,0,0,11.0,0.0,0.0,1.0,0.0,17.0,61.45454545454545,149.0,0.36363636363636365,0.09090909090909091,1.0,1.0,47.32045138888889,63.41494212962963,0.0,0.0,0.0,0.09090909090909091,1.0,42250.0,28,3250.0,1,2,0,0,train,0.4,0,1,1,-1.0,-1.0,-1.0,-1.0,-1.0,1.0,3250.0,3250.0,4
PH001822,AC000556,3,0,1,0,0,14.0,0.0,0.0,0.0,0.0,29.0,0.0,0.0,1.0,0.0,2.0,2.0,2.0093171296296295,83.26625,2.0,6.0,0.0,0.0,0.0,43750.0,4,1750.0,0,1,0,0,train,0.39,5,0,1,1.0,0.0,1.0,72.0,0.0,-1.0,-1.0,-1.0,3
PH001823,AC000556,1,1,0,0,0,4.0,2.0,0.0,0.0,0.0,20.25,17.5,39.0,0.5,0.0,1.0,1.0,51.34923611111111,56.28175925925926,0.0,0.0,2.0,0.5,1.0,43750.0,4,1750.0,0,1,0,0,train,0.39,5,0,1,1.0,0.0,1.0,72.0,0.0,-1.0,-1.0,-1.0,3
PH001824,AC000556,4,2,1,0,0,24.0,0.0,0.0,1.0,0.0,21.0,41.916666666666664,142.0,0.5416666666666666,0.041666666666666664,1.0,1.0,14.27832175925926,49.37849537037037,0.0,9.0,0.0,0.041666666666666664,1.0,43750.0,4,1750.0,0,1,0,0,train,0.39,5,0,1,1.0,0.0,1.0,72.0,0.0,-1.0,-1.0,-1.0,3
PH001825,AC000557,3,0,1,0,0,12.0,0.0,0.0,1.0,0.0,17.5,17.916666666666668,103.0,0.75,0.08333333333333333,1.0,1.0,28.24628472222222,86.36012731481482,0.0,1.0,1.0,0.08333333333333333,1.0,19000.0,118,1900.0,0,1,6,6,train,0.79,1,2,1,7.0,0.0,2.0,252.0,0.0,1.0,3300.0,3300.0,3
PH001826,AC000557,0,1,0,0,0,-1.0,-1.0,-1.0,-1.0,-1.0,-1.0,-1.0,-1.0,-1.0,-1.0,-1.0,-1.0,-1.0,-1.0,-1.0,-1.0,-1.0,-1.0,-1.0,19000.0,118,1900.0,0,1,6,6,train,0.79,1,2,1,7.0,0.0,2.0,252.0,0.0,1.0,3300.0,3300.0,3
PH001827,AC000557,4,2,0,0,0,-1.0,-1.0,-1.0,-1.0,-1.0,-1.0,-1.0,-1.0,-1.0,-1.0,-1.0,-1.0,-1.0,-1.0,-1.0,-1.0,-1.0,-1.0,-1.0,19000.0,118,1900.0,0,1,6,6,train,0.79,1,2,1,7.0,0.0,2.0,252.0,0.0,1.0,3300.0,3300.0,3
PH001835,AC000561,3,0,1,0,0,12.0,1.0,0.0,1.0,0.0,19.25,68.08333333333333,363.0,0.6666666666666666,0.08333333333333333,1.0,1.0,61.337719907407404,87.35074074074075,0.0,0.0,1.0,0.16666666666666666,1.0,163400.0,38,3800.0,0,1,0,0,train,-1.0,1,2,1,-1.0,-1.0,-1.0,-1.0,-1.0,1.0,7600.0,7600.0,2
PH001836,AC000561,4,1,1,0,0,5.0,0.0,0.0,0.0,0.0,17.8,81.4,308.0,0.2,0.0,1.0,1.0,46.39230324074074,61.23009259259259,0.0,0.0,0.0,0.0,1.0,163400.0,38,3800.0,0,1,0,0,train,-1.0,1,2,1,-1.0,-1.0,-1.0,-1.0,-1.0,1.0,7600.0,7600.0,2
PH001839,AC000563,3,0,1,0,0,15.0,0.0,0.0,1.0,0.0,27.733333333333334,44.733333333333334,339.0,0.8,0.06666666666666667,1.0,1.0,40.25982638888889,73.26668981481481,0.0,0.0,0.0,0.06666666666666667,1.0,120950.0,132,2950.0,0,1,3,0,train,-1.0,5,2,1,8.0,3.0,0.0,595.0,0.375,1.0,1900.0,1900.0,3
PH001840,AC000563,1,1,0,0,0,2.0,2.0,0.0,0.0,0.0,11.0,14.0,15.0,0.0,0.0,1.0,1.0,34.21621527777778,34.38548611111111,0.0,0.0,2.0,1.0,1.0,120950.0,132,2950.0,0,1,3,0,train,-1.0,5,2,1,8.0,3.0,0.0,595.0,0.375,1.0,1900.0,1900.0,3
PH001841,AC000563,4,2,1,0,0,11.0,0.0,0.0,1.0,0.0,16.636363636363637,45.81818181818182,140.0,0.45454545454545453,0.09090909090909091,1.0,1.0,1.0341898148148148,30.35480324074074,5.0,10.0,0.0,0.09090909090909091,1.0,120950.0,132,2950.0,0,1,3,0,train,-1.0,5,2,1,8.0,3.0,0.0,595.0,0.375,1.0,1900.0,1900.0,3
PH001842,AC000564,3,0,0,0,0,16.0,0.0,13.0,3.0,0.0,0.0,0.0,0.0,1.0,1.0,2.0,2.0,28.25224537037037,87.25438657407408,0.0,1.0,5.0,1.0,0.0,49000.0,23,1400.0,0,2,0,0,train,0.69,5,2,1,1.0,0.0,1.0,104.0,0.0,-1.0,-1.0,-1.0,3
PH001843,AC000564,1,1,0,0,0,16.0,0.0,12.0,4.0,0.0,0.0,0.0,0.0,1.0,1.0,1.0,1.0,21.154849537037038,68.26747685185185,0.0,8.0,5.0,1.0,0.0,49000.0,23,1400.0,0,2,0,0,train,0.69,5,2,1,1.0,0.0,1.0,104.0,0.0,-1.0,-1.0,-1.0,3
PH001844,AC000564,4,2,0,0,0,14.0,0.0,0.0,1.0,0.0,20.5,42.642857142857146,127.0,0.5,0.07142857142857142,1.0,1.0,0.35900462962962965,58.43989583333333,1.0,6.0,1.0,0.07142857142857142,1.0,49000.0,23,1400.0,0,2,0,0,train,0.69,5,2,1,1.0,0.0,1.0,104.0,0.0,-1.0,-1.0,-1.0,3
PH001846,AC000566,3,0,1,0,0,21.0,0.0,0.0,0.0,0.0,25.666666666666668,49.0,412.0,0.5714285714285714,0.0,2.0,2.0,19.40476851851852,78.43547453703704,0.0,7.0,0.0,0.0,1.0,20150.0,6,1550.0,0,1,0,0,train,-1.0,3,2,1,-1.0,-1.0,-1.0,-1.0,-1.0,3.0,1550.0,516.6666666666666,1
PH001847,AC000567,3,0,0,0,0,14.0,2.0,9.0,1.0,0.0,6.071428571428571,5.714285714285714,40.0,0.8571428571428571,0.7142857142857143,2.0,2.0,53.34953703703704,87.36613425925925,0.0,0.0,5.0,0.8571428571428571,1.0,80500.0,24,1750.0,0,4,1,1,train,-1.0,5,2,1,-1.0,-1.0,-1.0,-1.0,-1.0,-1.0,-1.0,-1.0,2
PH001850,AC000569,3,0,0,0,0,1.0,0.0,0.0,1.0,0.0,0.0,0.0,0.0,1.0,1.0,1.0,1.0,88.29527777777778,88.29527777777778,0.0,0.0,1.0,1.0,0.0,346500.0,17,10500.0,1,2,2,1,train,0.34,0,1,0,-1.0,-1.0,-1.0,-1.0,-1.0,1.0,10500.0,10500.0,2
PH001851,AC000569,4,1,1,1,0,3.0,0.0,0.0,0.0,0.0,15.0,75.33333333333333,89.0,0.0,0.0,2.0,2.0,76.42920138888888,89.40753472222222,0.0,0.0,0.0,0.0,1.0,346500.0,17,10500.0,1,2,2,1,train,0.34,0,1,0,-1.0,-1.0,-1.0,-1.0,-1.0,1.0,10500.0,10500.0,2
PH001853,AC000571,3,0,1,0,0,39.0,1.0,0.0,3.0,0.0,16.23076923076923,7.051282051282051,148.0,0.8717948717948718,0.07692307692307693,2.0,2.0,0.12171296296296297,88.31331018518519,6.0,22.0,1.0,0.10256410256410256,1.0,274400.0,0,9800.0,2,4,0,0,train,-1.0,0,1,1,1.0,0.0,0.0,205.0,0.0,-1.0,-1.0,-1.0,1
PH001854,AC000572,3,0,0,0,0,8.0,0.0,0.0,2.0,0.0,18.5,0.0,0.0,1.0,0.25,1.0,1.0,70.0905787037037,86.26388888888889,0.0,0.0,2.0,0.25,0.0,444000.0,199,11100.0,0,2,3,2,train,0.53,0,1,1,4.0,0.0,1.0,132.0,0.0,1.0,77700.0,77700.0,3
PH001855,AC000572,0,1,0,0,0,8.0,0.0,0.0,3.0,0.0,18.5,0.0,0.0,1.0,0.375,1.0,1.0,38.11270833333333,68.44569444444444,0.0,0.0,2.0,0.375,0.0,444000.0,199,11100.0,0,2,3,2,train,0.53,0,1,1,4.0,0.0,1.0,132.0,0.0,1.0,77700.0,77700.0,3
PH001856,AC000572,4,2,1,0,0,4.0,0.0,0.0,0.0,0.0,26.5,69.75,244.0,0.5,0.0,1.0,1.0,24.143506944444443,33.44555555555556,0.0,3.0,0.0,0.0,1.0,444000.0,199,11100.0,0,2,3,2,train,0.53,0,1,1,4.0,0.0,1.0,132.0,0.0,1.0,77700.0,77700.0,3
PH001857,AC000573,3,0,1,0,0,9.0,0.0,0.0,0.0,0.0,34.111111111111114,33.666666666666664,303.0,0.8888888888888888,0.0,2.0,2.0,51.204675925925926,88.2929861111111,0.0,0.0,0.0,0.0,1.0,135600.0,0,11300.0,1,2,3,1,train,0.53,2,1,1,3.0,0.0,0.0,258.6666666666667,0.0,1.0,4200.0,4200.0,2
PH001858,AC000573,4,1,1,1,0,12.0,1.0,0.0,2.0,0.0,7.25,60.583333333333336,142.0,0.16666666666666666,0.16666666666666666,1.0,1.0,0.28880787037037037,46.360671296296296,4.0,8.0,1.0,0.25,1.0,135600.0,0,11300.0,1,2,3,1,train,0.53,2,1,1,3.0,0.0,0.0,258.6666666666667,0.0,1.0,4200.0,4200.0,2
PH001860,AC000575,3,0,1,0,0,9.0,0.0,0.0,0.0,0.0,26.0,46.44444444444444,195.0,0.5555555555555556,0.0,2.0,2.0,66.44041666666666,88.42965277777778,0.0,0.0,0.0,0.0,1.0,50600.0,0,1150.0,0,4,3,1,train,0.39,3,0,1,-1.0,-1.0,-1.0,-1.0,-1.0,1.0,1150.0,1150.0,1
PH001864,AC000578,3,0,1,0,0,13.0,0.0,1.0,2.0,0.0,17.076923076923077,67.23076923076923,337.0,0.46153846153846156,0.23076923076923078,1.0,1.0,66.25649305555555,88.30148148148149,0.0,0.0,2.0,0.23076923076923078,1.0,93600.0,54,3600.0,1,1,2,1,train,0.97,1,2,1,-1.0,-1.0,-1.0,-1.0,-1.0,2.0,7200.0,3600.0,2
PH001865,AC000578,1,1,0,0,0,-1.0,-1.0,-1.0,-1.0,-1.0,-1.0,-1.0,-1.0,-1.0,-1.0,-1.0,-1.0,-1.0,-1.0,-1.0,-1.0,-1.0,-1.0,-1.0,93600.0,54,3600.0,1,1,2,1,train,0.97,1,2,1,-1.0,-1.0,-1.0,-1.0,-1.0,2.0,7200.0,3600.0,2
PH001866,AC000579,3,0,0,0,0,38.0,0.0,14.0,24.0,0.0,0.0,0.0,0.0,1.0,1.0,2.0,2.0,2.0176273148148147,87.32148148148148,5.0,19.0,5.0,1.0,0.0,23400.0,0,1950.0,1,1,0,0,train,0.73,3,2,1,-1.0,-1.0,-1.0,-1.0,-1.0,1.0,600.0,600.0,1
PH001867,AC000580,3,0,0,0,0,25.0,0.0,6.0,19.0,0.0,0.0,0.0,0.0,1.0,1.0,1.0,1.0,44.249270833333334,88.39833333333333,0.0,0.0,5.0,1.0,0.0,81400.0,40,3700.0,0,2,0,0,train,0.35,5,2,1,-1.0,-1.0,-1.0,-1.0,-1.0,2.0,7400.0,3700.0,1
PH001869,AC000582,3,0,0,0,0,8.0,0.0,8.0,0.0,0.0,0.0,0.0,0.0,1.0,1.0,1.0,1.0,58.090520833333336,88.33563657407407,0.0,0.0,5.0,1.0,0.0,116000.0,33,2900.0,1,2,2,0,train,1.0,5,1,1,-1.0,-1.0,-1.0,-1.0,-1.0,1.0,5800.0,5800.0,3
PH001870,AC000582,0,1,1,0,0,7.0,0.0,0.0,1.0,0.0,12.0,4.714285714285714,33.0,0.8571428571428571,0.14285714285714285,1.0,1.0,43.435520833333335,57.40459490740741,0.0,0.0,1.0,0.14285714285714285,1.0,116000.0,33,2900.0,1,2,2,0,train,1.0,5,1,1,-1.0,-1.0,-1.0,-1.0,-1.0,1.0,5800.0,5800.0,3
PH001871,AC000582,1,2,0,0,0,-1.0,-1.0,-1.0,-1.0,-1.0,-1.0,-1.0,-1.0,-1.0,-1.0,-1.0,-1.0,-1.0,-1.0,-1.0,-1.0,-1.0,-1.0,-1.0,116000.0,33,2900.0,1,2,2,0,train,1.0,5,1,1,-1.0,-1.0,-1.0,-1.0,-1.0,1.0,5800.0,5800.0,3
PH001874,AC000584,3,0,0,0,0,8.0,0.0,0.0,1.0,0.0,22.375,0.0,0.0,1.0,0.125,1.0,1.0,60.36756944444444,89.42262731481482,0.0,0.0,1.0,0.125,0.0,75400.0,142,2600.0,0,2,2,1,train,0.42,1,1,1,-1.0,-1.0,-1.0,-1.0,-1.0,-1.0,-1.0,-1.0,4
PH001875,AC000584,0,1,0,0,0,8.0,1.0,0.0,1.0,0.0,17.625,0.875,7.0,0.875,0.125,1.0,1.0,29.270393518518517,49.26657407407407,0.0,1.0,1.0,0.25,1.0,75400.0,142,2600.0,0,2,2,1,train,0.42,1,1,1,-1.0,-1.0,-1.0,-1.0,-1.0,-1.0,-1.0,-1.0,4
PH001876,AC000584,1,2,0,0,0,4.0,0.0,0.0,0.0,0.0,29.75,29.75,119.0,0.75,0.0,1.0,1.0,3.0878819444444443,25.25633101851852,2.0,4.0,0.0,0.0,1.0,75400.0,142,2600.0,0,2,2,1,train,0.42,1,1,1,-1.0,-1.0,-1.0,-1.0,-1.0,-1.0,-1.0,-1.0,4
PH000476,AC000584,2,3,0,0,0,22.0,0.0,0.0,2.0,0.0,25.0,23.136363636363637,120.0,0.6818181818181818,0.09090909090909091,2.0,1.0,5.43324074074074,70.39298611111111,1.0,6.0,0.0,0.09090909090909091,1.0,75400.0,142,2600.0,0,2,2,1,train,0.42,1,1,1,-1.0,-1.0,-1.0,-1.0,-1.0,-1.0,-1.0,-1.0,4
PH001877,AC000585,3,0,0,0,0,6.0,0.0,2.0,4.0,0.0,0.0,0.0,0.0,1.0,1.0,1.0,1.0,56.38677083333334,87.4440625,0.0,0.0,5.0,1.0,0.0,33150.0,104,2550.0,0,1,3,2,train,-1.0,1,2,1,4.0,0.0,4.0,67.0,0.0,1.0,10200.0,10200.0,3
PH001878,AC000585,0,1,0,0,0,-1.0,-1.0,-1.0,-1.0,-1.0,-1.0,-1.0,-1.0,-1.0,-1.0,-1.0,-1.0,-1.0,-1.0,-1.0,-1.0,-1.0,-1.0,-1.0,33150.0,104,2550.0,0,1,3,2,train,-1.0,1,2,1,4.0,0.0,4.0,67.0,0.0,1.0,10200.0,10200.0,3
PH001879,AC000585,4,2,0,0,0,-1.0,-1.0,-1.0,-1.0,-1.0,-1.0,-1.0,-1.0,-1.0,-1.0,-1.0,-1.0,-1.0,-1.0,-1.0,-1.0,-1.0,-1.0,-1.0,33150.0,104,2550.0,0,1,3,2,train,-1.0,1,2,1,4.0,0.0,4.0,67.0,0.0,1.0,10200.0,10200.0,3
PH001880,AC000586,3,0,1,0,0,23.0,0.0,0.0,1.0,0.0,26.652173913043477,51.04347826086956,420.0,0.7391304347826086,0.043478260869565216,1.0,1.0,4.309861111111111,87.27947916666666,1.0,9.0,0.0,0.043478260869565216,1.0,137700.0,55,4050.0,1,1,1,0,train,0.89,5,2,1,7.0,4.0,1.0,622.8571428571429,0.5714285714285714,-1.0,-1.0,-1.0,2
PH001881,AC000586,0,1,0,0,0,-1.0,-1.0,-1.0,-1.0,-1.0,-1.0,-1.0,-1.0,-1.0,-1.0,-1.0,-1.0,-1.0,-1.0,-1.0,-1.0,-1.0,-1.0,-1.0,137700.0,55,4050.0,1,1,1,0,train,0.89,5,2,1,7.0,4.0,1.0,622.8571428571429,0.5714285714285714,-1.0,-1.0,-1.0,2
PH001882,AC000587,3,0,1,0,0,15.0,0.0,0.0,1.0,0.0,24.933333333333334,16.4,128.0,0.7333333333333333,0.06666666666666667,2.0,2.0,0.18133101851851852,84.34217592592593,2.0,8.0,1.0,0.06666666666666667,1.0,16100.0,0,1150.0,0,2,0,0,train,0.18,5,0,1,-1.0,-1.0,-1.0,-1.0,-1.0,1.0,400.0,400.0,1
PH001883,AC000588,3,0,1,0,0,20.0,0.0,0.0,1.0,0.0,28.95,65.0,387.0,0.7,0.05,2.0,2.0,34.0887037037037,86.36283564814815,0.0,0.0,0.0,0.05,1.0,198800.0,0,7100.0,2,1,0,0,train,-1.0,2,1,1,-1.0,-1.0,-1.0,-1.0,-1.0,-1.0,-1.0,-1.0,4
PH001884,AC000588,1,1,0,0,0,7.0,0.0,0.0,0.0,0.0,32.42857142857143,0.0,0.0,1.0,0.0,1.0,1.0,24.340752314814814,32.43895833333333,0.0,4.0,0.0,0.0,0.0,198800.0,0,7100.0,2,1,0,0,train,-1.0,2,1,1,-1.0,-1.0,-1.0,-1.0,-1.0,-1.0,-1.0,-1.0,4
PH001885,AC000588,4,2,0,0,0,-1.0,-1.0,-1.0,-1.0,-1.0,-1.0,-1.0,-1.0,-1.0,-1.0,-1.0,-1.0,-1.0,-1.0,-1.0,-1.0,-1.0,-1.0,-1.0,198800.0,0,7100.0,2,1,0,0,train,-1.0,2,1,1,-1.0,-1.0,-1.0,-1.0,-1.0,-1.0,-1.0,-1.0,4
PH001886,AC000589,3,0,1,0,0,20.0,1.0,0.0,0.0,0.0,22.55,46.6,405.0,0.6,0.0,1.0,1.0,19.327094907407407,87.259375,0.0,3.0,1.0,0.05,1.0,72800.0,63,2800.0,0,4,2,2,train,0.29,1,1,1,2.0,1.0,0.0,855.5,0.5,1.0,1400.0,1400.0,3
PH001887,AC000589,0,1,0,0,0,-1.0,-1.0,-1.0,-1.0,-1.0,-1.0,-1.0,-1.0,-1.0,-1.0,-1.0,-1.0,-1.0,-1.0,-1.0,-1.0,-1.0,-1.0,-1.0,72800.0,63,2800.0,0,4,2,2,train,0.29,1,1,1,2.0,1.0,0.0,855.5,0.5,1.0,1400.0,1400.0,3
PH001888,AC000589,4,2,0,0,0,-1.0,-1.0,-1.0,-1.0,-1.0,-1.0,-1.0,-1.0,-1.0,-1.0,-1.0,-1.0,-1.0,-1.0,-1.0,-1.0,-1.0,-1.0,-1.0,72800.0,63,2800.0,0,4,2,2,train,0.29,1,1,1,2.0,1.0,0.0,855.5,0.5,1.0,1400.0,1400.0,3
PH001891,AC000591,3,0,1,0,0,16.0,0.0,0.0,0.0,0.0,28.625,47.875,385.0,0.6875,0.0,2.0,2.0,24.440254629629628,89.26054398148148,0.0,1.0,0.0,0.0,1.0,164000.0,12,4000.0,3,2,1,0,train,0.62,1,1,1,-1.0,-1.0,-1.0,-1.0,-1.0,1.0,2500.0,2500.0,3
PH001892,AC000591,0,1,0,0,0,-1.0,-1.0,-1.0,-1.0,-1.0,-1.0,-1.0,-1.0,-1.0,-1.0,-1.0,-1.0,-1.0,-1.0,-1.0,-1.0,-1.0,-1.0,-1.0,164000.0,12,4000.0,3,2,1,0,train,0.62,1,1,1,-1.0,-1.0,-1.0,-1.0,-1.0,1.0,2500.0,2500.0,3
PH001893,AC000591,4,2,0,0,0,-1.0,-1.0,-1.0,-1.0,-1.0,-1.0,-1.0,-1.0,-1.0,-1.0,-1.0,-1.0,-1.0,-1.0,-1.0,-1.0,-1.0,-1.0,-1.0,164000.0,12,4000.0,3,2,1,0,train,0.62,1,1,1,-1.0,-1.0,-1.0,-1.0,-1.0,1.0,2500.0,2500.0,3
PH001903,AC000596,3,0,0,0,0,11.0,2.0,0.0,0.0,0.0,24.545454545454547,3.6363636363636362,31.0,0.8181818181818182,0.0,1.0,1.0,52.34940972222222,86.40175925925926,0.0,0.0,1.0,0.18181818181818182,1.0,271950.0,66,12950.0,1,2,1,1,train,0.73,2,1,1,-1.0,-1.0,-1.0,-1.0,-1.0,2.0,33100.0,16550.0,3
PH000476,AC000596,2,1,0,0,0,22.0,0.0,0.0,2.0,0.0,25.0,23.136363636363637,120.0,0.6818181818181818,0.09090909090909091,2.0,1.0,5.43324074074074,70.39298611111111,1.0,6.0,0.0,0.09090909090909091,1.0,271950.0,66,12950.0,1,2,1,1,train,0.73,2,1,1,-1.0,-1.0,-1.0,-1.0,-1.0,2.0,33100.0,16550.0,3
PH001904,AC000597,3,0,0,0,0,15.0,0.0,12.0,3.0,0.0,0.0,0.0,0.0,1.0,1.0,2.0,2.0,33.20074074074074,83.35287037037037,0.0,0.0,5.0,1.0,0.0,135500.0,0,13550.0,3,1,0,0,train,0.67,2,1,1,-1.0,-1.0,-1.0,-1.0,-1.0,1.0,8000.0,8000.0,2
PH001905,AC000598,3,0,0,0,0,16.0,0.0,4.0,12.0,0.0,0.0,0.0,0.0,1.0,1.0,2.0,2.0,33.13822916666667,87.44190972222222,0.0,0.0,5.0,1.0,0.0,183000.0,16,9150.0,1,3,1,0,train,0.36,2,1,1,2.0,1.0,0.0,511.5,0.5,-1.0,-1.0,-1.0,3
PH000610,AC000598,2,1,0,1,0,16.0,1.0,0.0,1.0,0.0,23.75,36.625,149.0,0.625,0.0625,1.0,1.0,10.414456018518518,73.41657407407408,0.0,6.0,0.0,0.125,1.0,183000.0,16,9150.0,1,3,1,0,train,0.36,2,1,1,2.0,1.0,0.0,511.5,0.5,-1.0,-1.0,-1.0,3
PH001906,AC000598,4,2,0,0,0,10.0,1.0,0.0,2.0,0.0,22.7,31.0,141.0,0.7,0.2,1.0,1.0,4.218217592592593,65.27790509259259,2.0,2.0,2.0,0.3,1.0,183000.0,16,9150.0,1,3,1,0,train,0.36,2,1,1,2.0,1.0,0.0,511.5,0.5,-1.0,-1.0,-1.0,3
PH001907,AC000599,3,0,1,0,0,25.0,1.0,0.0,1.0,0.0,26.04,52.12,383.0,0.72,0.04,2.0,2.0,4.386631944444445,87.43393518518519,1.0,10.0,1.0,0.08,1.0,135750.0,0,9050.0,1,3,0,0,train,0.63,2,1,1,-1.0,-1.0,-1.0,-1.0,-1.0,1.0,5300.0,5300.0,2
PH001908,AC000599,4,1,0,0,0,8.0,0.0,0.0,0.0,0.0,24.125,35.125,97.0,0.5,0.0,1.0,1.0,41.25184027777778,56.42319444444445,0.0,0.0,0.0,0.0,1.0,135750.0,0,9050.0,1,3,0,0,train,0.63,2,1,1,-1.0,-1.0,-1.0,-1.0,-1.0,1.0,5300.0,5300.0,2
PH001911,AC000601,3,0,1,0,0,4.0,0.0,0.0,0.0,0.0,30.75,94.75,379.0,0.75,0.0,1.0,1.0,84.41899305555556,89.38333333333334,0.0,0.0,0.0,0.0,1.0,41850.0,75,1550.0,0,2,0,0,train,0.09,3,2,1,1.0,1.0,0.0,424.0,1.0,1.0,4650.0,4650.0,4
PH001912,AC000601,0,1,0,0,0,-1.0,-1.0,-1.0,-1.0,-1.0,-1.0,-1.0,-1.0,-1.0,-1.0,-1.0,-1.0,-1.0,-1.0,-1.0,-1.0,-1.0,-1.0,-1.0,41850.0,75,1550.0,0,2,0,0,train,0.09,3,2,1,1.0,1.0,0.0,424.0,1.0,1.0,4650.0,4650.0,4
PH001913,AC000601,1,2,0,0,0,-1.0,-1.0,-1.0,-1.0,-1.0,-1.0,-1.0,-1.0,-1.0,-1.0,-1.0,-1.0,-1.0,-1.0,-1.0,-1.0,-1.0,-1.0,-1.0,41850.0,75,1550.0,0,2,0,0,train,0.09,3,2,1,1.0,1.0,0.0,424.0,1.0,1.0,4650.0,4650.0,4
PH001914,AC000601,4,3,0,0,0,-1.0,-1.0,-1.0,-1.0,-1.0,-1.0,-1.0,-1.0,-1.0,-1.0,-1.0,-1.0,-1.0,-1.0,-1.0,-1.0,-1.0,-1.0,-1.0,41850.0,75,1550.0,0,2,0,0,train,0.09,3,2,1,1.0,1.0,0.0,424.0,1.0,1.0,4650.0,4650.0,4
PH001915,AC000602,3,0,1,0,0,30.0,0.0,1.0,1.0,0.0,25.466666666666665,58.86666666666667,409.0,0.7333333333333333,0.06666666666666667,2.0,2.0,0.3647685185185185,84.31270833333333,7.0,11.0,1.0,0.06666666666666667,1.0,83850.0,0,1950.0,1,1,1,1,train,-1.0,5,2,1,1.0,0.0,1.0,223.0,0.0,-1.0,-1.0,-1.0,2
PH001916,AC000602,1,1,0,0,0,8.0,0.0,0.0,2.0,0.0,23.0,4.75,38.0,0.875,0.25,1.0,1.0,10.38616898148148,18.278287037037035,0.0,8.0,1.0,0.25,1.0,83850.0,0,1950.0,1,1,1,1,train,-1.0,5,2,1,1.0,0.0,1.0,223.0,0.0,-1.0,-1.0,-1.0,2
PH001920,AC000604,3,0,0,0,0,8.0,0.0,0.0,1.0,0.0,21.25,0.0,0.0,1.0,0.125,1.0,1.0,72.3828125,89.45275462962962,0.0,0.0,1.0,0.125,0.0,97200.0,314,4050.0,0,2,1,1,train,0.72,1,1,1,8.0,1.0,1.0,321.375,0.125,-1.0,-1.0,-1.0,2
PH001921,AC000604,0,1,1,0,0,19.0,0.0,5.0,2.0,0.0,20.736842105263158,23.0,291.0,0.8421052631578947,0.3684210526315789,1.0,1.0,3.3405671296296298,58.40064814814815,2.0,7.0,0.0,0.3684210526315789,1.0,97200.0,314,4050.0,0,2,1,1,train,0.72,1,1,1,8.0,1.0,1.0,321.375,0.125,-1.0,-1.0,-1.0,2
PH001922,AC000605,3,0,0,0,0,7.0,2.0,0.0,0.0,0.0,31.428571428571427,6.571428571428571,31.0,0.7142857142857143,0.0,1.0,1.0,69.43539351851852,83.42600694444444,0.0,0.0,1.0,0.2857142857142857,1.0,386400.0,290,9200.0,0,1,8,4,train,-1.0,2,1,1,6.0,2.0,0.0,500.8333333333333,0.3333333333333333,2.0,92000.0,46000.0,4
PH001923,AC000605,0,1,1,0,0,13.0,0.0,0.0,2.0,0.0,18.076923076923077,76.92307692307692,390.0,0.6153846153846154,0.15384615384615385,1.0,1.0,33.355694444444445,63.315416666666664,0.0,0.0,1.0,0.15384615384615385,1.0,386400.0,290,9200.0,0,1,8,4,train,-1.0,2,1,1,6.0,2.0,0.0,500.8333333333333,0.3333333333333333,2.0,92000.0,46000.0,4
PH001924,AC000605,1,2,0,0,0,-1.0,-1.0,-1.0,-1.0,-1.0,-1.0,-1.0,-1.0,-1.0,-1.0,-1.0,-1.0,-1.0,-1.0,-1.0,-1.0,-1.0,-1.0,-1.0,386400.0,290,9200.0,0,1,8,4,train,-1.0,2,1,1,6.0,2.0,0.0,500.8333333333333,0.3333333333333333,2.0,92000.0,46000.0,4
PH001925,AC000605,4,3,0,0,0,-1.0,-1.0,-1.0,-1.0,-1.0,-1.0,-1.0,-1.0,-1.0,-1.0,-1.0,-1.0,-1.0,-1.0,-1.0,-1.0,-1.0,-1.0,-1.0,386400.0,290,9200.0,0,1,8,4,train,-1.0,2,1,1,6.0,2.0,0.0,500.8333333333333,0.3333333333333333,2.0,92000.0,46000.0,4
PH001926,AC000606,3,0,1,0,0,9.0,0.0,0.0,2.0,0.0,11.666666666666666,5.777777777777778,52.0,0.8888888888888888,0.2222222222222222,1.0,1.0,18.404942129629628,84.41122685185185,0.0,1.0,1.0,0.2222222222222222,1.0,53300.0,38,4100.0,0,1,2,2,train,0.33,1,1,1,4.0,1.0,1.0,210.0,0.25,1.0,8200.0,8200.0,3
PH001927,AC000606,0,1,0,0,0,8.0,0.0,1.0,4.0,0.0,14.875,0.0,0.0,1.0,0.625,1.0,1.0,49.140914351851855,65.32767361111111,0.0,0.0,2.0,0.625,0.0,53300.0,38,4100.0,0,1,2,2,train,0.33,1,1,1,4.0,1.0,1.0,210.0,0.25,1.0,8200.0,8200.0,3
PH001928,AC000606,4,2,0,0,0,8.0,1.0,0.0,1.0,0.0,17.125,53.125,143.0,0.375,0.125,1.0,1.0,22.283217592592592,44.44508101851852,0.0,1.0,1.0,0.25,1.0,53300.0,38,4100.0,0,1,2,2,train,0.33,1,1,1,4.0,1.0,1.0,210.0,0.25,1.0,8200.0,8200.0,3
PH001934,AC000609,3,0,1,0,0,23.0,0.0,0.0,2.0,0.0,21.47826086956522,16.0,250.0,0.8695652173913043,0.08695652173913043,1.0,1.0,4.330983796296296,89.29743055555555,1.0,4.0,0.0,0.08695652173913043,1.0,27450.0,89,3050.0,0,2,1,1,train,0.79,0,2,1,7.0,3.0,1.0,426.57142857142856,0.42857142857142855,-1.0,-1.0,-1.0,1
PH001935,AC000610,3,0,1,0,0,30.0,0.0,0.0,1.0,0.0,27.8,32.9,409.0,0.8,0.03333333333333333,1.0,1.0,5.375405092592593,89.27631944444444,1.0,10.0,0.0,0.03333333333333333,1.0,58000.0,100,2000.0,0,2,1,1,train,0.48,5,2,1,8.0,0.0,8.0,151.5,0.0,-1.0,-1.0,-1.0,2
PH001936,AC000610,4,1,1,0,0,-1.0,-1.0,-1.0,-1.0,-1.0,-1.0,-1.0,-1.0,-1.0,-1.0,-1.0,-1.0,-1.0,-1.0,-1.0,-1.0,-1.0,-1.0,-1.0,58000.0,100,2000.0,0,2,1,1,train,0.48,5,2,1,8.0,0.0,8.0,151.5,0.0,-1.0,-1.0,-1.0,2
PH001937,AC000611,3,0,1,0,0,4.0,0.0,0.0,0.0,0.0,18.5,180.25,365.0,0.25,0.0,2.0,2.0,81.40579861111111,84.38206018518518,0.0,0.0,0.0,0.0,1.0,77400.0,0,8600.0,3,0,1,0,train,0.51,0,1,1,-1.0,-1.0,-1.0,-1.0,-1.0,1.0,8600.0,8600.0,3
PH000609,AC000611,2,1,0,0,0,-1.0,-1.0,-1.0,-1.0,-1.0,-1.0,-1.0,-1.0,-1.0,-1.0,-1.0,-1.0,-1.0,-1.0,-1.0,-1.0,-1.0,-1.0,-1.0,77400.0,0,8600.0,3,0,1,0,train,0.51,0,1,1,-1.0,-1.0,-1.0,-1.0,-1.0,1.0,8600.0,8600.0,3
PH001938,AC000611,4,2,0,0,0,-1.0,-1.0,-1.0,-1.0,-1.0,-1.0,-1.0,-1.0,-1.0,-1.0,-1.0,-1.0,-1.0,-1.0,-1.0,-1.0,-1.0,-1.0,-1.0,77400.0,0,8600.0,3,0,1,0,train,0.51,0,1,1,-1.0,-1.0,-1.0,-1.0,-1.0,1.0,8600.0,8600.0,3
PH001940,AC000613,3,0,0,0,0,-1.0,-1.0,-1.0,-1.0,-1.0,-1.0,-1.0,-1.0,-1.0,-1.0,-1.0,-1.0,-1.0,-1.0,-1.0,-1.0,-1.0,-1.0,-1.0,233100.0,0,16650.0,2,3,0,0,train,0.39,2,1,1,-1.0,-1.0,-1.0,-1.0,-1.0,1.0,16650.0,16650.0,5
PH001941,AC000613,0,1,0,0,0,-1.0,-1.0,-1.0,-1.0,-1.0,-1.0,-1.0,-1.0,-1.0,-1.0,-1.0,-1.0,-1.0,-1.0,-1.0,-1.0,-1.0,-1.0,-1.0,233100.0,0,16650.0,2,3,0,0,train,0.39,2,1,1,-1.0,-1.0,-1.0,-1.0,-1.0,1.0,16650.0,16650.0,5
PH001942,AC000613,1,2,0,0,0,-1.0,-1.0,-1.0,-1.0,-1.0,-1.0,-1.0,-1.0,-1.0,-1.0,-1.0,-1.0,-1.0,-1.0,-1.0,-1.0,-1.0,-1.0,-1.0,233100.0,0,16650.0,2,3,0,0,train,0.39,2,1,1,-1.0,-1.0,-1.0,-1.0,-1.0,1.0,16650.0,16650.0,5
PH000299,AC000613,2,3,0,1,0,-1.0,-1.0,-1.0,-1.0,-1.0,-1.0,-1.0,-1.0,-1.0,-1.0,-1.0,-1.0,-1.0,-1.0,-1.0,-1.0,-1.0,-1.0,-1.0,233100.0,0,16650.0,2,3,0,0,train,0.39,2,1,1,-1.0,-1.0,-1.0,-1.0,-1.0,1.0,16650.0,16650.0,5
PH001943,AC000613,4,4,0,0,0,-1.0,-1.0,-1.0,-1.0,-1.0,-1.0,-1.0,-1.0,-1.0,-1.0,-1.0,-1.0,-1.0,-1.0,-1.0,-1.0,-1.0,-1.0,-1.0,233100.0,0,16650.0,2,3,0,0,train,0.39,2,1,1,-1.0,-1.0,-1.0,-1.0,-1.0,1.0,16650.0,16650.0,5
PH001944,AC000614,3,0,1,0,0,12.0,0.0,0.0,3.0,0.0,15.0,0.0,0.0,1.0,0.25,1.0,1.0,8.421018518518519,82.36489583333334,0.0,4.0,0.0,0.25,0.0,132300.0,194,2450.0,0,0,4,4,train,0.9,1,1,1,9.0,0.0,5.0,231.0,0.0,-1.0,-1.0,-1.0,3
PH001945,AC000614,1,1,0,0,0,8.0,0.0,7.0,1.0,0.0,0.0,0.0,0.0,1.0,1.0,1.0,1.0,25.42939814814815,56.31288194444444,0.0,1.0,5.0,1.0,0.0,132300.0,194,2450.0,0,0,4,4,train,0.9,1,1,1,9.0,0.0,5.0,231.0,0.0,-1.0,-1.0,-1.0,3
PH001946,AC000614,4,2,0,0,0,8.0,0.0,0.0,1.0,0.0,30.25,13.75,110.0,0.875,0.125,1.0,1.0,13.44949074074074,24.99962962962963,0.0,8.0,0.0,0.125,1.0,132300.0,194,2450.0,0,0,4,4,train,0.9,1,1,1,9.0,0.0,5.0,231.0,0.0,-1.0,-1.0,-1.0,3
PH001947,AC000615,3,0,0,0,0,8.0,0.0,7.0,1.0,0.0,0.0,0.0,0.0,1.0,1.0,1.0,1.0,68.31886574074075,84.44038194444444,0.0,0.0,5.0,1.0,0.0,127750.0,69,3650.0,0,1,3,1,train,-1.0,5,1,1,-1.0,-1.0,-1.0,-1.0,-1.0,2.0,6800.0,3400.0,4
PH001948,AC000615,1,1,1,0,0,19.0,1.0,0.0,0.0,0.0,21.31578947368421,54.05263157894737,128.0,0.3684210526315789,0.0,1.0,1.0,4.417407407407407,68.11939814814815,4.0,10.0,1.0,0.05263157894736842,1.0,127750.0,69,3650.0,0,1,3,1,train,-1.0,5,1,1,-1.0,-1.0,-1.0,-1.0,-1.0,2.0,6800.0,3400.0,4
PH000451,AC000615,2,2,0,0,0,-1.0,-1.0,-1.0,-1.0,-1.0,-1.0,-1.0,-1.0,-1.0,-1.0,-1.0,-1.0,-1.0,-1.0,-1.0,-1.0,-1.0,-1.0,-1.0,127750.0,69,3650.0,0,1,3,1,train,-1.0,5,1,1,-1.0,-1.0,-1.0,-1.0,-1.0,2.0,6800.0,3400.0,4
PH001949,AC000615,4,3,0,0,0,-1.0,-1.0,-1.0,-1.0,-1.0,-1.0,-1.0,-1.0,-1.0,-1.0,-1.0,-1.0,-1.0,-1.0,-1.0,-1.0,-1.0,-1.0,-1.0,127750.0,69,3650.0,0,1,3,1,train,-1.0,5,1,1,-1.0,-1.0,-1.0,-1.0,-1.0,2.0,6800.0,3400.0,4
PH001950,AC000616,3,0,1,0,0,13.0,0.0,0.0,2.0,0.0,23.307692307692307,61.46153846153846,419.0,0.6923076923076923,0.15384615384615385,2.0,2.0,46.268680555555555,87.33520833333333,0.0,0.0,1.0,0.15384615384615385,1.0,9900.0,3,1100.0,0,2,0,0,train,-1.0,3,2,1,1.0,1.0,0.0,1279.0,1.0,1.0,700.0,700.0,3
PH001951,AC000616,0,1,0,0,0,8.0,0.0,3.0,5.0,0.0,0.0,0.0,0.0,1.0,1.0,1.0,1.0,27.30125,41.34363425925926,0.0,3.0,5.0,1.0,0.0,9900.0,3,1100.0,0,2,0,0,train,-1.0,3,2,1,1.0,1.0,0.0,1279.0,1.0,1.0,700.0,700.0,3
PH001952,AC000616,4,2,1,0,0,9.0,1.0,0.0,1.0,0.0,9.0,37.666666666666664,110.0,0.5555555555555556,0.1111111111111111,1.0,1.0,0.3723148148148148,23.416122685185186,3.0,9.0,1.0,0.2222222222222222,1.0,9900.0,3,1100.0,0,2,0,0,train,-1.0,3,2,1,1.0,1.0,0.0,1279.0,1.0,1.0,700.0,700.0,3
PH001955,AC000618,3,0,1,0,0,5.0,0.0,0.0,0.0,0.0,28.4,33.8,64.0,0.4,0.0,1.0,1.0,65.40658564814815,88.33520833333333,0.0,0.0,0.0,0.0,1.0,119850.0,247,2350.0,0,1,3,1,train,0.59,2,1,1,2.0,0.0,0.0,207.5,0.0,1.0,21150.0,21150.0,2
PH001956,AC000618,0,1,0,0,0,-1.0,-1.0,-1.0,-1.0,-1.0,-1.0,-1.0,-1.0,-1.0,-1.0,-1.0,-1.0,-1.0,-1.0,-1.0,-1.0,-1.0,-1.0,-1.0,119850.0,247,2350.0,0,1,3,1,train,0.59,2,1,1,2.0,0.0,0.0,207.5,0.0,1.0,21150.0,21150.0,2
PH001957,AC000619,3,0,0,0,0,4.0,2.0,0.0,0.0,0.0,27.75,12.25,36.0,0.5,0.0,2.0,2.0,77.37851851851852,87.32697916666666,0.0,0.0,2.0,0.5,1.0,95200.0,28,11900.0,1,0,0,0,train,0.62,0,1,1,-1.0,-1.0,-1.0,-1.0,-1.0,2.0,11900.0,5950.0,1
PH001958,AC000620,3,0,1,0,0,11.0,0.0,2.0,5.0,0.0,11.090909090909092,11.454545454545455,126.0,0.9090909090909091,0.6363636363636364,1.0,1.0,75.23980324074074,88.35614583333333,0.0,0.0,1.0,0.6363636363636364,1.0,286750.0,60,9250.0,0,2,1,1,train,0.66,0,1,1,1.0,1.0,0.0,1163.0,1.0,1.0,18500.0,18500.0,1
PH001959,AC000621,3,0,1,0,0,15.0,0.0,2.0,1.0,0.0,19.666666666666668,9.2,73.0,0.8666666666666667,0.2,1.0,1.0,20.30641203703704,88.31390046296296,0.0,3.0,1.0,0.2,1.0,240000.0,52,7500.0,0,2,1,1,train,0.5,2,1,1,3.0,1.0,0.0,477.0,0.3333333333333333,1.0,15000.0,15000.0,2
PH001960,AC000621,4,1,0,1,0,-1.0,-1.0,-1.0,-1.0,-1.0,-1.0,-1.0,-1.0,-1.0,-1.0,-1.0,-1.0,-1.0,-1.0,-1.0,-1.0,-1.0,-1.0,-1.0,240000.0,52,7500.0,0,2,1,1,train,0.5,2,1,1,3.0,1.0,0.0,477.0,0.3333333333333333,1.0,15000.0,15000.0,2
PH001961,AC000622,3,0,1,0,0,32.0,1.0,0.0,0.0,0.0,23.78125,12.125,173.0,0.8125,0.0,2.0,2.0,4.409918981481481,87.39421296296297,4.0,19.0,0.0,0.03125,1.0,477000.0,0,13250.0,1,0,0,0,train,0.77,2,1,1,-1.0,-1.0,-1.0,-1.0,-1.0,2.0,11100.0,5550.0,1
PH001962,AC000623,3,0,0,0,0,-1.0,-1.0,-1.0,-1.0,-1.0,-1.0,-1.0,-1.0,-1.0,-1.0,-1.0,-1.0,-1.0,-1.0,-1.0,-1.0,-1.0,-1.0,-1.0,42400.0,85,2650.0,0,3,1,0,train,0.27,5,1,1,-1.0,-1.0,-1.0,-1.0,-1.0,1.0,7950.0,7950.0,3
PH001963,AC000623,0,1,0,0,0,-1.0,-1.0,-1.0,-1.0,-1.0,-1.0,-1.0,-1.0,-1.0,-1.0,-1.0,-1.0,-1.0,-1.0,-1.0,-1.0,-1.0,-1.0,-1.0,42400.0,85,2650.0,0,3,1,0,train,0.27,5,1,1,-1.0,-1.0,-1.0,-1.0,-1.0,1.0,7950.0,7950.0,3
PH001964,AC000623,4,2,0,0,0,-1.0,-1.0,-1.0,-1.0,-1.0,-1.0,-1.0,-1.0,-1.0,-1.0,-1.0,-1.0,-1.0,-1.0,-1.0,-1.0,-1.0,-1.0,-1.0,42400.0,85,2650.0,0,3,1,0,train,0.27,5,1,1,-1.0,-1.0,-1.0,-1.0,-1.0,1.0,7950.0,7950.0,3
PH001970,AC000626,3,0,1,0,0,12.0,0.0,0.0,1.0,0.0,23.25,60.583333333333336,344.0,0.75,0.08333333333333333,1.0,1.0,41.2962962962963,76.28752314814815,0.0,0.0,0.0,0.08333333333333333,1.0,96800.0,349,4400.0,0,1,6,4,train,-1.0,1,1,1,5.0,3.0,0.0,743.0,0.6,1.0,52800.0,52800.0,4
PH001971,AC000626,0,1,0,0,0,-1.0,-1.0,-1.0,-1.0,-1.0,-1.0,-1.0,-1.0,-1.0,-1.0,-1.0,-1.0,-1.0,-1.0,-1.0,-1.0,-1.0,-1.0,-1.0,96800.0,349,4400.0,0,1,6,4,train,-1.0,1,1,1,5.0,3.0,0.0,743.0,0.6,1.0,52800.0,52800.0,4
PH001972,AC000626,1,2,0,0,0,-1.0,-1.0,-1.0,-1.0,-1.0,-1.0,-1.0,-1.0,-1.0,-1.0,-1.0,-1.0,-1.0,-1.0,-1.0,-1.0,-1.0,-1.0,-1.0,96800.0,349,4400.0,0,1,6,4,train,-1.0,1,1,1,5.0,3.0,0.0,743.0,0.6,1.0,52800.0,52800.0,4
PH000284,AC000626,2,3,0,0,0,-1.0,-1.0,-1.0,-1.0,-1.0,-1.0,-1.0,-1.0,-1.0,-1.0,-1.0,-1.0,-1.0,-1.0,-1.0,-1.0,-1.0,-1.0,-1.0,96800.0,349,4400.0,0,1,6,4,train,-1.0,1,1,1,5.0,3.0,0.0,743.0,0.6,1.0,52800.0,52800.0,4
PH001973,AC000627,3,0,0,0,0,8.0,1.0,0.0,1.0,0.0,20.75,36.75,133.0,0.625,0.125,1.0,1.0,48.10642361111111,87.3880787037037,0.0,0.0,1.0,0.25,1.0,116600.0,182,2200.0,0,0,5,4,train,-1.0,3,0,1,4.0,2.0,1.0,388.25,0.5,1.0,15400.0,15400.0,3
PH001974,AC000627,0,1,1,0,0,1.0,0.0,0.0,0.0,0.0,8.0,125.0,125.0,0.0,0.0,1.0,1.0,47.30190972222222,47.30190972222222,0.0,0.0,0.0,0.0,1.0,116600.0,182,2200.0,0,0,5,4,train,-1.0,3,0,1,4.0,2.0,1.0,388.25,0.5,1.0,15400.0,15400.0,3
PH001975,AC000627,1,2,0,1,0,-1.0,-1.0,-1.0,-1.0,-1.0,-1.0,-1.0,-1.0,-1.0,-1.0,-1.0,-1.0,-1.0,-1.0,-1.0,-1.0,-1.0,-1.0,-1.0,116600.0,182,2200.0,0,0,5,4,train,-1.0,3,0,1,4.0,2.0,1.0,388.25,0.5,1.0,15400.0,15400.0,3
PH001976,AC000628,3,0,1,0,0,25.0,1.0,0.0,0.0,0.0,18.12,15.44,134.0,0.8,0.0,1.0,1.0,3.2655555555555558,88.44571759259259,1.0,13.0,0.0,0.04,1.0,1002450.0,86,24450.0,0,0,3,1,train,0.73,4,2,1,4.0,2.0,0.0,577.25,0.5,-1.0,-1.0,-1.0,1
PH001977,AC000629,3,0,1,0,0,15.0,1.0,0.0,0.0,0.0,25.066666666666666,4.6,56.0,0.8666666666666667,0.0,2.0,2.0,5.024143518518518,88.42655092592592,2.0,7.0,0.0,0.06666666666666667,1.0,143500.0,24,3500.0,1,1,1,1,train,0.88,1,1,1,3.0,0.0,0.0,192.66666666666666,0.0,1.0,1700.0,1700.0,3
PH001978,AC000629,0,1,1,0,0,11.0,0.0,0.0,1.0,0.0,21.545454545454547,55.90909090909091,331.0,0.7272727272727273,0.09090909090909091,1.0,1.0,42.385868055555555,68.37659722222222,0.0,0.0,0.0,0.09090909090909091,1.0,143500.0,24,3500.0,1,1,1,1,train,0.88,1,1,1,3.0,0.0,0.0,192.66666666666666,0.0,1.0,1700.0,1700.0,3
PH001979,AC000629,4,2,1,0,0,10.0,0.0,0.0,0.0,0.0,24.8,29.1,113.0,0.7,0.0,1.0,1.0,19.43644675925926,42.08834490740741,0.0,2.0,0.0,0.0,1.0,143500.0,24,3500.0,1,1,1,1,train,0.88,1,1,1,3.0,0.0,0.0,192.66666666666666,0.0,1.0,1700.0,1700.0,3
PH001980,AC000630,3,0,1,0,0,1.0,0.0,0.0,0.0,0.0,8.0,49.0,49.0,0.0,0.0,1.0,1.0,88.2953125,88.2953125,0.0,0.0,0.0,0.0,1.0,620400.0,20,14100.0,1,2,1,1,train,0.73,2,1,1,-1.0,-1.0,-1.0,-1.0,-1.0,1.0,14100.0,14100.0,3
PH001981,AC000630,0,1,0,0,0,-1.0,-1.0,-1.0,-1.0,-1.0,-1.0,-1.0,-1.0,-1.0,-1.0,-1.0,-1.0,-1.0,-1.0,-1.0,-1.0,-1.0,-1.0,-1.0,620400.0,20,14100.0,1,2,1,1,train,0.73,2,1,1,-1.0,-1.0,-1.0,-1.0,-1.0,1.0,14100.0,14100.0,3
PH001982,AC000630,4,2,0,0,0,-1.0,-1.0,-1.0,-1.0,-1.0,-1.0,-1.0,-1.0,-1.0,-1.0,-1.0,-1.0,-1.0,-1.0,-1.0,-1.0,-1.0,-1.0,-1.0,620400.0,20,14100.0,1,2,1,1,train,0.73,2,1,1,-1.0,-1.0,-1.0,-1.0,-1.0,1.0,14100.0,14100.0,3
PH001983,AC000631,3,0,1,0,0,8.0,0.0,0.0,1.0,0.0,21.75,17.75,142.0,0.875,0.125,1.0,1.0,55.44359953703704,84.11912037037037,0.0,0.0,1.0,0.125,1.0,191400.0,80,4350.0,0,2,1,0,train,0.58,1,1,0,4.0,3.0,0.0,844.25,0.75,1.0,13050.0,13050.0,2
PH001984,AC000631,0,1,0,0,0,10.0,0.0,0.0,0.0,0.0,29.1,0.0,0.0,1.0,0.0,1.0,1.0,48.40925925925926,86.41837962962963,0.0,0.0,0.0,0.0,0.0,191400.0,80,4350.0,0,2,1,0,train,0.58,1,1,0,4.0,3.0,0.0,844.25,0.75,1.0,13050.0,13050.0,2
PH001985,AC000632,3,0,1,0,0,1.0,0.0,0.0,0.0,0.0,9.0,48.0,48.0,0.0,0.0,1.0,1.0,88.30773148148148,88.30773148148148,0.0,0.0,0.0,0.0,1.0,1614450.0,20,34350.0,1,3,1,1,train,0.0,4,2,1,-1.0,-1.0,-1.0,-1.0,-1.0,1.0,34350.0,34350.0,3
PH001986,AC000632,1,1,0,0,0,-1.0,-1.0,-1.0,-1.0,-1.0,-1.0,-1.0,-1.0,-1.0,-1.0,-1.0,-1.0,-1.0,-1.0,-1.0,-1.0,-1.0,-1.0,-1.0,1614450.0,20,34350.0,1,3,1,1,train,0.0,4,2,1,-1.0,-1.0,-1.0,-1.0,-1.0,1.0,34350.0,34350.0,3
PH001987,AC000632,4,2,0,0,0,-1.0,-1.0,-1.0,-1.0,-1.0,-1.0,-1.0,-1.0,-1.0,-1.0,-1.0,-1.0,-1.0,-1.0,-1.0,-1.0,-1.0,-1.0,-1.0,1614450.0,20,34350.0,1,3,1,1,train,0.0,4,2,1,-1.0,-1.0,-1.0,-1.0,-1.0,1.0,34350.0,34350.0,3
PH001994,AC000635,3,0,1,0,0,7.0,0.0,0.0,1.0,0.0,28.714285714285715,51.142857142857146,358.0,0.8571428571428571,0.14285714285714285,2.0,2.0,66.26179398148147,79.24630787037037,0.0,0.0,0.0,0.14285714285714285,1.0,115150.0,12,2450.0,0,0,0,0,train,-1.0,1,1,1,-1.0,-1.0,-1.0,-1.0,-1.0,1.0,2450.0,2450.0,3
PH001995,AC000635,0,1,0,0,0,-1.0,-1.0,-1.0,-1.0,-1.0,-1.0,-1.0,-1.0,-1.0,-1.0,-1.0,-1.0,-1.0,-1.0,-1.0,-1.0,-1.0,-1.0,-1.0,115150.0,12,2450.0,0,0,0,0,train,-1.0,1,1,1,-1.0,-1.0,-1.0,-1.0,-1.0,1.0,2450.0,2450.0,3
PH000306,AC000635,2,2,0,0,0,-1.0,-1.0,-1.0,-1.0,-1.0,-1.0,-1.0,-1.0,-1.0,-1.0,-1.0,-1.0,-1.0,-1.0,-1.0,-1.0,-1.0,-1.0,-1.0,115150.0,12,2450.0,0,0,0,0,train,-1.0,1,1,1,-1.0,-1.0,-1.0,-1.0,-1.0,1.0,2450.0,2450.0,3
PH001998,AC000637,3,0,1,0,0,20.0,0.0,0.0,1.0,0.0,25.55,38.3,337.0,0.8,0.05,1.0,1.0,52.44368055555555,89.33528935185186,0.0,0.0,1.0,0.05,1.0,42050.0,62,1450.0,0,4,1,0,train,0.97,1,1,1,4.0,2.0,0.0,576.75,0.5,1.0,4350.0,4350.0,3
PH000295,AC000637,2,1,1,0,0,22.0,0.0,0.0,1.0,0.0,23.363636363636363,39.95454545454545,124.0,0.5454545454545454,0.045454545454545456,2.0,1.0,4.277997685185185,63.31377314814815,1.0,15.0,1.0,0.045454545454545456,1.0,42050.0,62,1450.0,0,4,1,0,train,0.97,1,1,1,4.0,2.0,0.0,576.75,0.5,1.0,4350.0,4350.0,3
PH001999,AC000637,4,2,0,0,0,-1.0,-1.0,-1.0,-1.0,-1.0,-1.0,-1.0,-1.0,-1.0,-1.0,-1.0,-1.0,-1.0,-1.0,-1.0,-1.0,-1.0,-1.0,-1.0,42050.0,62,1450.0,0,4,1,0,train,0.97,1,1,1,4.0,2.0,0.0,576.75,0.5,1.0,4350.0,4350.0,3
PH002004,AC000639,3,0,1,0,0,28.0,2.0,16.0,4.0,0.0,8.607142857142858,3.142857142857143,40.0,0.8928571428571429,0.7142857142857143,1.0,1.0,20.43027777777778,87.26712962962964,0.0,6.0,5.0,0.7857142857142857,1.0,88000.0,37,8000.0,0,2,1,1,train,0.32,2,1,1,4.0,3.0,1.0,768.5,0.75,-1.0,-1.0,-1.0,1
PH002005,AC000640,3,0,0,0,0,27.0,0.0,8.0,19.0,0.0,0.0,0.0,0.0,1.0,1.0,2.0,2.0,0.10034722222222223,79.3625,4.0,14.0,5.0,1.0,0.0,310300.0,4,10700.0,0,5,1,0,train,0.12,0,1,1,-1.0,-1.0,-1.0,-1.0,-1.0,-1.0,-1.0,-1.0,1
PH002006,AC000641,3,0,0,0,1,8.0,0.0,7.0,1.0,0.0,0.0,0.0,0.0,1.0,1.0,1.0,1.0,75.18827546296296,89.42287037037038,0.0,0.0,5.0,1.0,0.0,92400.0,77,4200.0,0,1,1,0,train,1.0,5,1,1,5.0,0.0,3.0,151.2,0.0,1.0,12600.0,12600.0,2
PH002007,AC000641,0,1,1,0,0,17.0,0.0,0.0,3.0,0.0,20.823529411764707,98.52941176470588,413.0,0.6470588235294118,0.17647058823529413,1.0,1.0,25.106273148148148,72.36829861111111,0.0,4.0,0.0,0.17647058823529413,1.0,92400.0,77,4200.0,0,1,1,0,train,1.0,5,1,1,5.0,0.0,3.0,151.2,0.0,1.0,12600.0,12600.0,2
PH002008,AC000642,3,0,1,0,0,9.0,0.0,0.0,0.0,0.0,24.444444444444443,39.111111111111114,352.0,0.8888888888888888,0.0,1.0,1.0,65.28928240740741,89.25135416666667,0.0,0.0,0.0,0.0,1.0,75600.0,43,3600.0,2,2,1,1,train,0.68,1,2,1,-1.0,-1.0,-1.0,-1.0,-1.0,1.0,7200.0,7200.0,3
PH002009,AC000642,0,1,1,0,0,9.0,0.0,0.0,0.0,0.0,28.77777777777778,49.666666666666664,369.0,0.6666666666666666,0.0,1.0,1.0,43.43758101851852,62.25925925925926,0.0,0.0,0.0,0.0,1.0,75600.0,43,3600.0,2,2,1,1,train,0.68,1,2,1,-1.0,-1.0,-1.0,-1.0,-1.0,1.0,7200.0,7200.0,3
PH002010,AC000642,1,2,0,0,0,-1.0,-1.0,-1.0,-1.0,-1.0,-1.0,-1.0,-1.0,-1.0,-1.0,-1.0,-1.0,-1.0,-1.0,-1.0,-1.0,-1.0,-1.0,-1.0,75600.0,43,3600.0,2,2,1,1,train,0.68,1,2,1,-1.0,-1.0,-1.0,-1.0,-1.0,1.0,7200.0,7200.0,3
PH002011,AC000643,3,0,0,0,0,3.0,2.0,0.0,0.0,0.0,15.666666666666666,16.0,28.0,0.3333333333333333,0.0,1.0,1.0,86.12920138888889,87.31126157407408,0.0,0.0,2.0,0.6666666666666666,1.0,54600.0,46,4550.0,0,3,0,0,train,0.35,1,1,1,3.0,2.0,1.0,525.6666666666666,0.6666666666666666,-1.0,-1.0,-1.0,3
PH002012,AC000643,1,1,0,0,0,2.0,2.0,0.0,0.0,0.0,16.5,23.5,31.0,0.0,0.0,1.0,1.0,85.04478009259259,85.29165509259259,0.0,0.0,2.0,1.0,1.0,54600.0,46,4550.0,0,3,0,0,train,0.35,1,1,1,3.0,2.0,1.0,525.6666666666666,0.6666666666666666,-1.0,-1.0,-1.0,3
PH002013,AC000643,4,2,1,0,0,27.0,2.0,0.0,2.0,0.0,17.25925925925926,55.592592592592595,141.0,0.37037037037037035,0.07407407407407407,1.0,1.0,0.3283101851851852,84.28236111111111,1.0,7.0,0.0,0.14814814814814814,1.0,54600.0,46,4550.0,0,3,0,0,train,0.35,1,1,1,3.0,2.0,1.0,525.6666666666666,0.6666666666666666,-1.0,-1.0,-1.0,3
PH002016,AC000645,3,0,1,0,0,21.0,0.0,0.0,0.0,0.0,28.523809523809526,51.0,376.0,0.7142857142857143,0.0,1.0,1.0,48.31640046296296,89.38225694444445,0.0,0.0,0.0,0.0,1.0,98700.0,47,4700.0,0,1,2,1,train,-1.0,0,2,1,3.0,1.0,2.0,208.33333333333334,0.3333333333333333,1.0,9400.0,9400.0,2
PH002017,AC000645,4,1,0,0,0,-1.0,-1.0,-1.0,-1.0,-1.0,-1.0,-1.0,-1.0,-1.0,-1.0,-1.0,-1.0,-1.0,-1.0,-1.0,-1.0,-1.0,-1.0,-1.0,98700.0,47,4700.0,0,1,2,1,train,-1.0,0,2,1,3.0,1.0,2.0,208.33333333333334,0.3333333333333333,1.0,9400.0,9400.0,2
PH002021,AC000647,3,0,1,0,0,16.0,0.0,0.0,1.0,0.0,25.25,49.375,300.0,0.625,0.0625,1.0,1.0,45.024675925925926,89.28822916666667,0.0,0.0,0.0,0.0625,1.0,52650.0,44,4050.0,0,2,0,0,train,0.17,0,2,1,-1.0,-1.0,-1.0,-1.0,-1.0,3.0,8100.0,2700.0,1
PH002022,AC000648,3,0,1,0,0,13.0,0.0,0.0,2.0,0.0,22.846153846153847,2.6153846153846154,34.0,0.9230769230769231,0.15384615384615385,1.0,1.0,21.28065972222222,89.39331018518519,0.0,2.0,1.0,0.15384615384615385,1.0,106000.0,22,10600.0,2,3,0,0,train,0.95,0,1,1,-1.0,-1.0,-1.0,-1.0,-1.0,1.0,5300.0,5300.0,2
PH002023,AC000648,4,1,0,0,0,6.0,0.0,0.0,1.0,0.0,8.0,68.33333333333333,116.0,0.16666666666666666,0.16666666666666666,1.0,1.0,7.285972222222222,21.066712962962963,0.0,6.0,0.0,0.16666666666666666,1.0,106000.0,22,10600.0,2,3,0,0,train,0.95,0,1,1,-1.0,-1.0,-1.0,-1.0,-1.0,1.0,5300.0,5300.0,2
PH002024,AC000649,3,0,0,0,0,8.0,0.0,0.0,2.0,0.0,19.875,0.0,0.0,1.0,0.25,1.0,1.0,46.442314814814814,84.30814814814815,0.0,0.0,1.0,0.25,0.0,354200.0,191,15400.0,0,2,1,1,train,0.62,0,1,1,7.0,1.0,2.0,214.28571428571428,0.14285714285714285,1.0,70800.0,70800.0,2
PH002025,AC000649,1,1,1,0,0,10.0,1.0,0.0,1.0,0.0,21.4,31.4,115.0,0.5,0.1,1.0,1.0,2.2510416666666666,46.1255787037037,3.0,6.0,1.0,0.2,1.0,354200.0,191,15400.0,0,2,1,1,train,0.62,0,1,1,7.0,1.0,2.0,214.28571428571428,0.14285714285714285,1.0,70800.0,70800.0,2
PH002026,AC000650,3,0,1,0,0,43.0,0.0,0.0,3.0,0.0,25.441860465116278,33.74418604651163,380.0,0.8372093023255814,0.06976744186046512,1.0,1.0,0.374375,86.3809375,3.0,15.0,0.0,0.06976744186046512,1.0,65600.0,66,4100.0,0,4,1,1,train,0.69,0,1,1,3.0,0.0,3.0,117.0,0.0,-1.0,-1.0,-1.0,1
PH002027,AC000651,3,0,1,0,0,2.0,0.0,0.0,1.0,0.0,8.5,18.0,36.0,0.5,0.5,1.0,1.0,60.38584490740741,88.3073263888889,0.0,0.0,1.0,0.5,1.0,219500.0,31,21950.0,0,5,2,1,train,0.39,5,2,1,-1.0,-1.0,-1.0,-1.0,-1.0,1.0,43900.0,43900.0,3
PH002028,AC000651,0,1,0,0,0,-1.0,-1.0,-1.0,-1.0,-1.0,-1.0,-1.0,-1.0,-1.0,-1.0,-1.0,-1.0,-1.0,-1.0,-1.0,-1.0,-1.0,-1.0,-1.0,219500.0,31,21950.0,0,5,2,1,train,0.39,5,2,1,-1.0,-1.0,-1.0,-1.0,-1.0,1.0,43900.0,43900.0,3
PH002029,AC000651,1,2,0,0,0,-1.0,-1.0,-1.0,-1.0,-1.0,-1.0,-1.0,-1.0,-1.0,-1.0,-1.0,-1.0,-1.0,-1.0,-1.0,-1.0,-1.0,-1.0,-1.0,219500.0,31,21950.0,0,5,2,1,train,0.39,5,2,1,-1.0,-1.0,-1.0,-1.0,-1.0,1.0,43900.0,43900.0,3
PH002030,AC000652,3,0,1,0,0,13.0,0.0,0.0,0.0,0.0,25.53846153846154,57.38461538461539,354.0,0.6153846153846154,0.0,1.0,1.0,27.255439814814814,89.2733449074074,0.0,1.0,0.0,0.0,1.0,189200.0,542,4300.0,0,4,1,0,train,1.0,5,1,1,5.0,1.0,3.0,195.2,0.2,1.0,51600.0,51600.0,2
PH002031,AC000652,4,1,0,0,0,-1.0,-1.0,-1.0,-1.0,-1.0,-1.0,-1.0,-1.0,-1.0,-1.0,-1.0,-1.0,-1.0,-1.0,-1.0,-1.0,-1.0,-1.0,-1.0,189200.0,542,4300.0,0,4,1,0,train,1.0,5,1,1,5.0,1.0,3.0,195.2,0.2,1.0,51600.0,51600.0,2
PH002032,AC000653,3,0,1,0,0,15.0,0.0,0.0,1.0,0.0,21.2,51.2,263.0,0.6,0.06666666666666667,1.0,1.0,28.05175925925926,87.44872685185184,0.0,2.0,1.0,0.06666666666666667,1.0,59850.0,86,3150.0,0,2,2,2,train,0.27,0,1,1,5.0,2.0,2.0,378.4,0.4,1.0,9450.0,9450.0,2
PH002033,AC000653,1,1,0,0,0,-1.0,-1.0,-1.0,-1.0,-1.0,-1.0,-1.0,-1.0,-1.0,-1.0,-1.0,-1.0,-1.0,-1.0,-1.0,-1.0,-1.0,-1.0,-1.0,59850.0,86,3150.0,0,2,2,2,train,0.27,0,1,1,5.0,2.0,2.0,378.4,0.4,1.0,9450.0,9450.0,2
PH002034,AC000654,3,0,0,0,0,2.0,2.0,0.0,0.0,0.0,9.5,29.0,38.0,0.0,0.0,1.0,1.0,86.10555555555555,86.28199074074074,0.0,0.0,2.0,1.0,1.0,23250.0,0,750.0,1,3,1,0,train,0.36,3,0,1,4.0,0.0,3.0,178.0,0.0,-1.0,-1.0,-1.0,3
PH002035,AC000654,1,1,1,0,0,23.0,0.0,0.0,1.0,0.0,23.869565217391305,25.217391304347824,305.0,0.8260869565217391,0.043478260869565216,2.0,2.0,1.2950347222222223,76.37592592592593,3.0,13.0,0.0,0.043478260869565216,1.0,23250.0,0,750.0,1,3,1,0,train,0.36,3,0,1,4.0,0.0,3.0,178.0,0.0,-1.0,-1.0,-1.0,3
PH002036,AC000654,4,2,0,0,0,8.0,1.0,0.0,1.0,0.0,18.0,31.625,106.0,0.625,0.125,1.0,1.0,39.18920138888889,52.33606481481481,0.0,0.0,1.0,0.25,1.0,23250.0,0,750.0,1,3,1,0,train,0.36,3,0,1,4.0,0.0,3.0,178.0,0.0,-1.0,-1.0,-1.0,3
PH002037,AC000655,3,0,0,0,0,5.0,0.0,0.0,0.0,0.0,19.6,16.2,39.0,0.4,0.0,1.0,1.0,75.31402777777778,89.45068287037037,0.0,0.0,0.0,0.0,1.0,52900.0,75,2300.0,0,3,3,3,train,-1.0,5,1,1,-1.0,-1.0,-1.0,-1.0,-1.0,1.0,6900.0,6900.0,1
PH002038,AC000656,3,0,0,0,0,8.0,0.0,0.0,1.0,0.0,21.25,0.0,0.0,1.0,0.125,1.0,1.0,65.42119212962963,88.43826388888888,0.0,0.0,1.0,0.125,0.0,223100.0,265,4850.0,0,1,1,0,train,-1.0,2,1,1,8.0,0.0,2.0,230.5,0.0,-1.0,-1.0,-1.0,4
PH002039,AC000656,0,1,1,0,0,24.0,0.0,0.0,1.0,0.0,29.5,56.0,363.0,0.7916666666666666,0.041666666666666664,1.0,1.0,20.26326388888889,62.313657407407405,0.0,10.0,0.0,0.041666666666666664,1.0,223100.0,265,4850.0,0,1,1,0,train,-1.0,2,1,1,8.0,0.0,2.0,230.5,0.0,-1.0,-1.0,-1.0,4
PH000439,AC000656,2,2,0,0,0,1.0,0.0,0.0,0.0,0.0,33.0,0.0,0.0,1.0,0.0,1.0,1.0,14.24798611111111,14.24798611111111,0.0,1.0,0.0,0.0,0.0,223100.0,265,4850.0,0,1,1,0,train,-1.0,2,1,1,8.0,0.0,2.0,230.5,0.0,-1.0,-1.0,-1.0,4
PH002040,AC000656,4,3,0,0,0,-1.0,-1.0,-1.0,-1.0,-1.0,-1.0,-1.0,-1.0,-1.0,-1.0,-1.0,-1.0,-1.0,-1.0,-1.0,-1.0,-1.0,-1.0,-1.0,223100.0,265,4850.0,0,1,1,0,train,-1.0,2,1,1,8.0,0.0,2.0,230.5,0.0,-1.0,-1.0,-1.0,4
PH002041,AC000657,3,0,0,0,0,8.0,0.0,0.0,1.0,0.0,17.0,0.0,0.0,1.0,0.125,2.0,2.0,62.22650462962963,82.33591435185186,0.0,0.0,1.0,0.125,0.0,184500.0,0,4100.0,1,2,0,0,train,-1.0,0,2,1,-1.0,-1.0,-1.0,-1.0,-1.0,2.0,4100.0,2050.0,3
PH002042,AC000657,0,1,1,0,0,24.0,0.0,0.0,0.0,0.0,24.875,70.83333333333333,406.0,0.5416666666666666,0.0,2.0,2.0,21.05721064814815,61.249340277777776,0.0,5.0,0.0,0.0,1.0,184500.0,0,4100.0,1,2,0,0,train,-1.0,0,2,1,-1.0,-1.0,-1.0,-1.0,-1.0,2.0,4100.0,2050.0,3
PH002043,AC000657,1,2,1,0,0,-1.0,-1.0,-1.0,-1.0,-1.0,-1.0,-1.0,-1.0,-1.0,-1.0,-1.0,-1.0,-1.0,-1.0,-1.0,-1.0,-1.0,-1.0,-1.0,184500.0,0,4100.0,1,2,0,0,train,-1.0,0,2,1,-1.0,-1.0,-1.0,-1.0,-1.0,2.0,4100.0,2050.0,3
PH002044,AC000658,3,0,0,0,0,8.0,0.0,8.0,0.0,0.0,0.0,0.0,0.0,1.0,1.0,2.0,2.0,76.24644675925926,89.3195949074074,0.0,0.0,5.0,1.0,0.0,251450.0,30,5350.0,0,0,2,1,train,-1.0,2,1,1,-1.0,-1.0,-1.0,-1.0,-1.0,1.0,5350.0,5350.0,3
PH002045,AC000658,0,1,1,0,0,15.0,0.0,0.0,1.0,0.0,22.666666666666668,53.53333333333333,401.0,0.6666666666666666,0.06666666666666667,1.0,1.0,45.26784722222222,70.41012731481482,0.0,0.0,0.0,0.06666666666666667,1.0,251450.0,30,5350.0,0,0,2,1,train,-1.0,2,1,1,-1.0,-1.0,-1.0,-1.0,-1.0,1.0,5350.0,5350.0,3
PH002046,AC000658,4,2,0,0,0,-1.0,-1.0,-1.0,-1.0,-1.0,-1.0,-1.0,-1.0,-1.0,-1.0,-1.0,-1.0,-1.0,-1.0,-1.0,-1.0,-1.0,-1.0,-1.0,251450.0,30,5350.0,0,0,2,1,train,-1.0,2,1,1,-1.0,-1.0,-1.0,-1.0,-1.0,1.0,5350.0,5350.0,3
PH002047,AC000659,3,0,1,0,0,27.0,0.0,5.0,1.0,0.0,22.14814814814815,21.40740740740741,308.0,0.8518518518518519,0.2222222222222222,1.0,1.0,0.38613425925925926,87.27832175925926,2.0,3.0,0.0,0.2222222222222222,1.0,17250.0,46,1150.0,0,2,2,1,train,0.05,5,0,1,5.0,2.0,0.0,582.2,0.4,-1.0,-1.0,-1.0,2
PH002048,AC000659,4,1,1,0,0,9.0,0.0,0.0,0.0,0.0,20.555555555555557,48.333333333333336,140.0,0.4444444444444444,0.0,1.0,1.0,16.247210648148148,33.30976851851852,0.0,6.0,0.0,0.0,1.0,17250.0,46,1150.0,0,2,2,1,train,0.05,5,0,1,5.0,2.0,0.0,582.2,0.4,-1.0,-1.0,-1.0,2
PH002049,AC000660,3,0,1,0,0,1.0,0.0,0.0,0.0,0.0,14.0,41.0,41.0,0.0,0.0,1.0,1.0,88.44175925925926,88.44175925925926,0.0,0.0,0.0,0.0,1.0,550800.0,29,16200.0,3,1,0,0,train,0.75,0,1,1,-1.0,-1.0,-1.0,-1.0,-1.0,1.0,16200.0,16200.0,1
PH002053,AC000662,3,0,1,0,0,33.0,0.0,0.0,2.0,0.0,26.393939393939394,39.54545454545455,409.0,0.7878787878787878,0.06060606060606061,1.0,1.0,17.01451388888889,89.2669675925926,0.0,4.0,0.0,0.06060606060606061,1.0,255600.0,39,7100.0,0,1,1,1,train,-1.0,0,1,1,6.0,2.0,1.0,467.5,0.3333333333333333,1.0,14200.0,14200.0,2
PH002054,AC000662,0,1,0,0,0,-1.0,-1.0,-1.0,-1.0,-1.0,-1.0,-1.0,-1.0,-1.0,-1.0,-1.0,-1.0,-1.0,-1.0,-1.0,-1.0,-1.0,-1.0,-1.0,255600.0,39,7100.0,0,1,1,1,train,-1.0,0,1,1,6.0,2.0,1.0,467.5,0.3333333333333333,1.0,14200.0,14200.0,2
PH002055,AC000663,3,0,1,0,0,11.0,0.0,0.0,2.0,0.0,18.545454545454547,0.0,0.0,1.0,0.18181818181818182,1.0,1.0,37.257337962962964,89.31887731481481,0.0,0.0,0.0,0.18181818181818182,0.0,193500.0,77,4500.0,0,0,2,1,train,-1.0,5,0,1,4.0,0.0,2.0,187.75,0.0,-1.0,-1.0,-1.0,3
PH002056,AC000663,0,1,1,0,0,9.0,0.0,0.0,0.0,0.0,21.444444444444443,34.111111111111114,202.0,0.6666666666666666,0.0,1.0,1.0,2.2659606481481482,37.00773148148148,3.0,5.0,0.0,0.0,1.0,193500.0,77,4500.0,0,0,2,1,train,-1.0,5,0,1,4.0,0.0,2.0,187.75,0.0,-1.0,-1.0,-1.0,3
PH002057,AC000663,4,2,0,0,0,-1.0,-1.0,-1.0,-1.0,-1.0,-1.0,-1.0,-1.0,-1.0,-1.0,-1.0,-1.0,-1.0,-1.0,-1.0,-1.0,-1.0,-1.0,-1.0,193500.0,77,4500.0,0,0,2,1,train,-1.0,5,0,1,4.0,0.0,2.0,187.75,0.0,-1.0,-1.0,-1.0,3
PH002058,AC000664,3,0,1,0,0,6.0,0.0,0.0,0.0,0.0,24.333333333333332,69.66666666666667,300.0,0.5,0.0,2.0,2.0,21.14488425925926,88.04620370370371,0.0,3.0,0.0,0.0,1.0,141750.0,0,9450.0,2,2,0,0,train,0.67,2,1,0,-1.0,-1.0,-1.0,-1.0,-1.0,2.0,6900.0,3450.0,3
PH002059,AC000664,1,1,0,0,0,11.0,0.0,9.0,2.0,0.0,0.0,0.0,0.0,1.0,1.0,2.0,2.0,30.40275462962963,88.29047453703704,0.0,0.0,5.0,1.0,0.0,141750.0,0,9450.0,2,2,0,0,train,0.67,2,1,0,-1.0,-1.0,-1.0,-1.0,-1.0,2.0,6900.0,3450.0,3
PH002060,AC000664,4,2,1,0,0,9.0,0.0,0.0,1.0,0.0,20.88888888888889,49.77777777777778,143.0,0.5555555555555556,0.1111111111111111,1.0,1.0,34.276064814814816,85.41809027777778,0.0,0.0,0.0,0.1111111111111111,1.0,141750.0,0,9450.0,2,2,0,0,train,0.67,2,1,0,-1.0,-1.0,-1.0,-1.0,-1.0,2.0,6900.0,3450.0,3
PH002061,AC000665,3,0,1,0,0,29.0,0.0,0.0,1.0,0.0,21.93103448275862,53.10344827586207,343.0,0.5517241379310345,0.034482758620689655,2.0,2.0,0.1267939814814815,89.44306712962963,4.0,11.0,0.0,0.034482758620689655,1.0,1185000.0,19,39500.0,0,4,3,1,train,0.04,4,2,1,-1.0,-1.0,-1.0,-1.0,-1.0,5.0,34600.0,6920.0,2
PH002062,AC000665,4,1,0,0,0,-1.0,-1.0,-1.0,-1.0,-1.0,-1.0,-1.0,-1.0,-1.0,-1.0,-1.0,-1.0,-1.0,-1.0,-1.0,-1.0,-1.0,-1.0,-1.0,1185000.0,19,39500.0,0,4,3,1,train,0.04,4,2,1,-1.0,-1.0,-1.0,-1.0,-1.0,5.0,34600.0,6920.0,2
PH002063,AC000666,3,0,1,0,0,11.0,0.0,0.0,2.0,0.0,25.545454545454547,19.272727272727273,161.0,0.8181818181818182,0.18181818181818182,1.0,1.0,17.41662037037037,73.37796296296297,0.0,1.0,1.0,0.18181818181818182,1.0,89000.0,120,8900.0,0,3,5,3,train,0.73,0,1,0,7.0,0.0,1.0,260.42857142857144,0.0,3.0,35600.0,11866.666666666666,3
PH002064,AC000666,0,1,1,0,0,15.0,0.0,0.0,2.0,0.0,14.066666666666666,13.2,96.0,0.8,0.13333333333333333,1.0,1.0,16.363819444444445,89.3290162037037,0.0,4.0,0.0,0.13333333333333333,1.0,89000.0,120,8900.0,0,3,5,3,train,0.73,0,1,0,7.0,0.0,1.0,260.42857142857144,0.0,3.0,35600.0,11866.666666666666,3
PH002065,AC000666,1,2,0,0,0,4.0,2.0,0.0,0.0,0.0,23.75,7.25,16.0,0.5,0.0,1.0,1.0,82.40052083333333,88.33688657407407,0.0,0.0,2.0,0.5,1.0,89000.0,120,8900.0,0,3,5,3,train,0.73,0,1,0,7.0,0.0,1.0,260.42857142857144,0.0,3.0,35600.0,11866.666666666666,3
PH002074,AC000670,3,0,0,0,0,3.0,2.0,0.0,1.0,0.0,5.0,13.333333333333334,29.0,0.3333333333333333,0.3333333333333333,1.0,1.0,68.32484953703704,77.28097222222222,0.0,0.0,3.0,1.0,1.0,262500.0,2,7500.0,1,3,0,0,train,-1.0,2,1,1,-1.0,-1.0,-1.0,-1.0,-1.0,-1.0,-1.0,-1.0,3
PH002075,AC000670,0,1,1,0,0,20.0,0.0,0.0,1.0,0.0,29.1,57.9,406.0,0.8,0.05,2.0,2.0,21.441458333333333,66.41902777777777,0.0,6.0,0.0,0.05,1.0,262500.0,2,7500.0,1,3,0,0,train,-1.0,2,1,1,-1.0,-1.0,-1.0,-1.0,-1.0,-1.0,-1.0,-1.0,3
PH000469,AC000670,2,2,0,0,0,5.0,0.0,0.0,1.0,0.0,26.0,13.8,69.0,0.8,0.2,1.0,1.0,5.171875,18.252164351851853,2.0,5.0,1.0,0.2,1.0,262500.0,2,7500.0,1,3,0,0,train,-1.0,2,1,1,-1.0,-1.0,-1.0,-1.0,-1.0,-1.0,-1.0,-1.0,3
PH002076,AC000671,3,0,0,0,0,2.0,0.0,0.0,0.0,2.0,0.0,0.0,0.0,1.0,1.0,1.0,1.0,89.08849537037037,89.37460648148148,0.0,0.0,2.0,0.0,0.0,1683600.0,47,36600.0,1,0,3,2,train,0.6,4,2,1,-1.0,-1.0,-1.0,-1.0,-1.0,1.0,73200.0,73200.0,3
PH002077,AC000671,0,1,1,0,0,1.0,0.0,0.0,0.0,0.0,5.0,69.0,69.0,0.0,0.0,1.0,1.0,86.41236111111111,86.41236111111111,0.0,0.0,0.0,0.0,1.0,1683600.0,47,36600.0,1,0,3,2,train,0.6,4,2,1,-1.0,-1.0,-1.0,-1.0,-1.0,1.0,73200.0,73200.0,3
PH002078,AC000671,4,2,0,1,0,-1.0,-1.0,-1.0,-1.0,-1.0,-1.0,-1.0,-1.0,-1.0,-1.0,-1.0,-1.0,-1.0,-1.0,-1.0,-1.0,-1.0,-1.0,-1.0,1683600.0,47,36600.0,1,0,3,2,train,0.6,4,2,1,-1.0,-1.0,-1.0,-1.0,-1.0,1.0,73200.0,73200.0,3
PH002079,AC000672,3,0,0,0,0,2.0,0.0,0.0,0.0,2.0,0.0,0.0,0.0,1.0,1.0,2.0,2.0,87.0438425925926,87.32075231481481,0.0,0.0,2.0,0.0,0.0,61500.0,10,4100.0,1,0,1,0,train,-1.0,1,2,1,4.0,1.0,1.0,428.25,0.25,-1.0,-1.0,-1.0,2
PH002080,AC000672,0,1,0,0,1,34.0,0.0,13.0,21.0,0.0,0.0,0.0,0.0,1.0,1.0,2.0,2.0,6.248043981481482,74.38358796296296,1.0,12.0,5.0,1.0,0.0,61500.0,10,4100.0,1,0,1,0,train,-1.0,1,2,1,4.0,1.0,1.0,428.25,0.25,-1.0,-1.0,-1.0,2
PH002081,AC000673,3,0,0,0,0,8.0,0.0,6.0,2.0,0.0,0.0,0.0,0.0,1.0,1.0,1.0,1.0,67.205,83.34260416666666,0.0,0.0,5.0,1.0,0.0,247450.0,71,5050.0,0,3,3,2,train,0.34,2,1,1,7.0,1.0,3.0,274.2857142857143,0.14285714285714285,1.0,9900.0,9900.0,4
PH002082,AC000673,0,1,0,0,1,7.0,0.0,6.0,1.0,0.0,0.0,0.0,0.0,1.0,1.0,1.0,1.0,52.412592592592596,65.30096064814815,0.0,0.0,5.0,1.0,0.0,247450.0,71,5050.0,0,3,3,2,train,0.34,2,1,1,7.0,1.0,3.0,274.2857142857143,0.14285714285714285,1.0,9900.0,9900.0,4
PH002083,AC000673,4,2,0,0,0,-1.0,-1.0,-1.0,-1.0,-1.0,-1.0,-1.0,-1.0,-1.0,-1.0,-1.0,-1.0,-1.0,-1.0,-1.0,-1.0,-1.0,-1.0,-1.0,247450.0,71,5050.0,0,3,3,2,train,0.34,2,1,1,7.0,1.0,3.0,274.2857142857143,0.14285714285714285,1.0,9900.0,9900.0,4
PH002084,AC000674,3,0,1,0,0,23.0,0.0,0.0,2.0,0.0,23.695652173913043,44.130434782608695,359.0,0.6956521739130435,0.08695652173913043,1.0,1.0,14.449571759259259,84.45027777777777,0.0,2.0,1.0,0.08695652173913043,1.0,154200.0,47,12850.0,0,0,1,0,train,0.58,0,1,1,2.0,0.0,0.0,406.0,0.0,1.0,25700.0,25700.0,2
PH002085,AC000674,0,1,0,0,0,-1.0,-1.0,-1.0,-1.0,-1.0,-1.0,-1.0,-1.0,-1.0,-1.0,-1.0,-1.0,-1.0,-1.0,-1.0,-1.0,-1.0,-1.0,-1.0,154200.0,47,12850.0,0,0,1,0,train,0.58,0,1,1,2.0,0.0,0.0,406.0,0.0,1.0,25700.0,25700.0,2
PH002086,AC000675,3,0,1,0,0,11.0,0.0,0.0,2.0,0.0,22.454545454545453,2.272727272727273,25.0,0.9090909090909091,0.18181818181818182,1.0,1.0,20.265162037037037,86.99730324074073,0.0,1.0,1.0,0.18181818181818182,1.0,81700.0,232,1900.0,0,0,4,2,train,0.16,1,2,0,9.0,5.0,1.0,588.8888888888889,0.5555555555555556,1.0,7000.0,7000.0,2
PH002087,AC000675,4,1,0,0,0,9.0,0.0,0.0,2.0,0.0,21.444444444444443,16.88888888888889,79.0,0.6666666666666666,0.2222222222222222,1.0,1.0,13.176527777777778,87.33152777777778,0.0,4.0,1.0,0.2222222222222222,1.0,81700.0,232,1900.0,0,0,4,2,train,0.16,1,2,0,9.0,5.0,1.0,588.8888888888889,0.5555555555555556,1.0,7000.0,7000.0,2
PH002088,AC000676,3,0,0,0,0,8.0,0.0,0.0,0.0,0.0,21.0,0.0,0.0,1.0,0.0,1.0,1.0,72.29798611111111,88.3461574074074,0.0,0.0,0.0,0.0,0.0,215000.0,157,4300.0,0,2,3,2,train,0.61,5,1,1,6.0,0.0,2.0,217.66666666666666,0.0,1.0,25800.0,25800.0,2
PH002089,AC000676,4,1,1,0,0,15.0,1.0,0.0,0.0,0.0,22.733333333333334,36.666666666666664,147.0,0.5333333333333333,0.0,1.0,1.0,13.285520833333333,70.25693287037036,0.0,2.0,0.0,0.06666666666666667,1.0,215000.0,157,4300.0,0,2,3,2,train,0.61,5,1,1,6.0,0.0,2.0,217.66666666666666,0.0,1.0,25800.0,25800.0,2
PH002090,AC000677,3,0,0,0,0,12.0,0.0,8.0,4.0,0.0,0.0,0.0,0.0,1.0,1.0,2.0,2.0,6.399363425925926,88.29692129629629,1.0,6.0,5.0,1.0,0.0,217150.0,10,5050.0,1,0,0,0,train,0.56,0,1,0,-1.0,-1.0,-1.0,-1.0,-1.0,-1.0,-1.0,-1.0,4
PH002091,AC000677,0,1,1,0,0,5.0,0.0,0.0,0.0,0.0,20.4,26.8,134.0,0.8,0.0,1.0,1.0,9.433912037037038,54.26891203703704,0.0,3.0,0.0,0.0,1.0,217150.0,10,5050.0,1,0,0,0,train,0.56,0,1,0,-1.0,-1.0,-1.0,-1.0,-1.0,-1.0,-1.0,-1.0,4
PH002092,AC000677,1,2,1,0,0,11.0,0.0,0.0,1.0,0.0,31.272727272727273,2.909090909090909,32.0,0.9090909090909091,0.09090909090909091,2.0,2.0,2.2934490740740743,84.07846064814815,2.0,5.0,0.0,0.09090909090909091,1.0,217150.0,10,5050.0,1,0,0,0,train,0.56,0,1,0,-1.0,-1.0,-1.0,-1.0,-1.0,-1.0,-1.0,-1.0,4
PH000483,AC000677,2,3,0,0,0,12.0,1.0,0.0,0.0,0.0,25.916666666666668,39.166666666666664,140.0,0.5833333333333334,0.0,2.0,2.0,1.3501736111111111,84.3734837962963,1.0,5.0,0.0,0.08333333333333333,1.0,217150.0,10,5050.0,1,0,0,0,train,0.56,0,1,0,-1.0,-1.0,-1.0,-1.0,-1.0,-1.0,-1.0,-1.0,4
PH002095,AC000679,3,0,1,0,0,32.0,0.0,0.0,0.0,0.0,29.28125,33.125,228.0,0.78125,0.0,1.0,1.0,4.259675925925926,86.41098379629629,1.0,13.0,0.0,0.0,1.0,83850.0,125,1950.0,0,1,5,0,train,-1.0,5,2,0,2.0,0.0,0.0,437.5,0.0,-1.0,-1.0,-1.0,1
PH002096,AC000680,3,0,1,0,0,17.0,1.0,0.0,0.0,0.0,23.58823529411765,48.76470588235294,334.0,0.7058823529411765,0.0,2.0,2.0,53.29869212962963,89.29212962962963,0.0,0.0,0.0,0.058823529411764705,1.0,75250.0,10,2150.0,1,1,0,0,train,0.2,3,0,1,-1.0,-1.0,-1.0,-1.0,-1.0,1.0,2150.0,2150.0,2
PH002097,AC000680,4,1,0,0,0,1.0,0.0,0.0,0.0,0.0,18.0,18.0,18.0,0.0,0.0,1.0,1.0,47.28523148148148,47.28523148148148,0.0,0.0,0.0,0.0,1.0,75250.0,10,2150.0,1,1,0,0,train,0.2,3,0,1,-1.0,-1.0,-1.0,-1.0,-1.0,1.0,2150.0,2150.0,2
PH002098,AC000681,3,0,1,0,0,6.0,1.0,0.0,0.0,0.0,17.333333333333332,10.5,44.0,0.6666666666666666,0.0,2.0,2.0,68.15193287037037,84.30501157407407,0.0,0.0,1.0,0.16666666666666666,1.0,144300.0,14,3900.0,2,2,1,0,train,-1.0,5,2,1,-1.0,-1.0,-1.0,-1.0,-1.0,1.0,3900.0,3900.0,2
PH002099,AC000681,0,1,0,0,0,-1.0,-1.0,-1.0,-1.0,-1.0,-1.0,-1.0,-1.0,-1.0,-1.0,-1.0,-1.0,-1.0,-1.0,-1.0,-1.0,-1.0,-1.0,-1.0,144300.0,14,3900.0,2,2,1,0,train,-1.0,5,2,1,-1.0,-1.0,-1.0,-1.0,-1.0,1.0,3900.0,3900.0,2
PH002102,AC000683,3,0,1,0,0,19.0,0.0,0.0,3.0,0.0,20.789473684210527,50.526315789473685,310.0,0.6842105263157895,0.15789473684210525,1.0,1.0,43.03175925925926,89.33011574074074,0.0,0.0,1.0,0.15789473684210525,1.0,58900.0,86,3100.0,0,2,4,1,train,0.7,5,1,1,-1.0,-1.0,-1.0,-1.0,-1.0,1.0,9300.0,9300.0,4
PH002103,AC000683,0,1,0,0,0,-1.0,-1.0,-1.0,-1.0,-1.0,-1.0,-1.0,-1.0,-1.0,-1.0,-1.0,-1.0,-1.0,-1.0,-1.0,-1.0,-1.0,-1.0,-1.0,58900.0,86,3100.0,0,2,4,1,train,0.7,5,1,1,-1.0,-1.0,-1.0,-1.0,-1.0,1.0,9300.0,9300.0,4
PH002104,AC000683,1,2,0,0,0,-1.0,-1.0,-1.0,-1.0,-1.0,-1.0,-1.0,-1.0,-1.0,-1.0,-1.0,-1.0,-1.0,-1.0,-1.0,-1.0,-1.0,-1.0,-1.0,58900.0,86,3100.0,0,2,4,1,train,0.7,5,1,1,-1.0,-1.0,-1.0,-1.0,-1.0,1.0,9300.0,9300.0,4
PH002105,AC000683,4,3,0,0,0,-1.0,-1.0,-1.0,-1.0,-1.0,-1.0,-1.0,-1.0,-1.0,-1.0,-1.0,-1.0,-1.0,-1.0,-1.0,-1.0,-1.0,-1.0,-1.0,58900.0,86,3100.0,0,2,4,1,train,0.7,5,1,1,-1.0,-1.0,-1.0,-1.0,-1.0,1.0,9300.0,9300.0,4
PH002106,AC000684,3,0,1,0,0,38.0,0.0,11.0,3.0,0.0,16.973684210526315,3.289473684210526,102.0,0.9473684210526315,0.3684210526315789,2.0,2.0,2.195127314814815,89.44489583333333,2.0,19.0,0.0,0.3684210526315789,1.0,134550.0,6,5850.0,2,0,1,0,train,-1.0,0,1,1,-1.0,-1.0,-1.0,-1.0,-1.0,1.0,4000.0,4000.0,1
PH002107,AC000685,3,0,1,0,0,12.0,0.0,0.0,0.0,0.0,28.416666666666668,73.41666666666667,318.0,0.6666666666666666,0.0,2.0,2.0,32.20146990740741,82.35871527777778,0.0,0.0,0.0,0.0,1.0,108000.0,4,4500.0,1,2,1,0,train,0.86,1,0,1,-1.0,-1.0,-1.0,-1.0,-1.0,1.0,4500.0,4500.0,1
PH002109,AC000687,3,0,1,0,0,4.0,0.0,0.0,0.0,0.0,24.75,75.25,258.0,0.5,0.0,1.0,1.0,79.42359953703703,89.3538425925926,0.0,0.0,0.0,0.0,1.0,114950.0,90,6050.0,0,1,1,1,train,-1.0,0,1,1,-1.0,-1.0,-1.0,-1.0,-1.0,1.0,18150.0,18150.0,4
PH002110,AC000687,0,1,0,0,0,-1.0,-1.0,-1.0,-1.0,-1.0,-1.0,-1.0,-1.0,-1.0,-1.0,-1.0,-1.0,-1.0,-1.0,-1.0,-1.0,-1.0,-1.0,-1.0,114950.0,90,6050.0,0,1,1,1,train,-1.0,0,1,1,-1.0,-1.0,-1.0,-1.0,-1.0,1.0,18150.0,18150.0,4
PH002111,AC000687,1,2,0,0,0,-1.0,-1.0,-1.0,-1.0,-1.0,-1.0,-1.0,-1.0,-1.0,-1.0,-1.0,-1.0,-1.0,-1.0,-1.0,-1.0,-1.0,-1.0,-1.0,114950.0,90,6050.0,0,1,1,1,train,-1.0,0,1,1,-1.0,-1.0,-1.0,-1.0,-1.0,1.0,18150.0,18150.0,4
PH002112,AC000687,4,3,0,0,0,-1.0,-1.0,-1.0,-1.0,-1.0,-1.0,-1.0,-1.0,-1.0,-1.0,-1.0,-1.0,-1.0,-1.0,-1.0,-1.0,-1.0,-1.0,-1.0,114950.0,90,6050.0,0,1,1,1,train,-1.0,0,1,1,-1.0,-1.0,-1.0,-1.0,-1.0,1.0,18150.0,18150.0,4
PH002113,AC000688,3,0,1,0,0,14.0,0.0,0.0,2.0,0.0,22.214285714285715,6.785714285714286,65.0,0.8571428571428571,0.14285714285714285,2.0,2.0,20.39814814814815,86.24811342592592,0.0,3.0,1.0,0.14285714285714285,1.0,167400.0,7,13950.0,2,6,0,0,train,0.7,2,1,1,1.0,0.0,0.0,238.0,0.0,1.0,13950.0,13950.0,2
PH002114,AC000688,4,1,1,0,0,13.0,1.0,0.0,1.0,0.0,18.615384615384617,41.53846153846154,130.0,0.6153846153846154,0.07692307692307693,1.0,1.0,47.011041666666664,65.39452546296296,0.0,0.0,1.0,0.15384615384615385,1.0,167400.0,7,13950.0,2,6,0,0,train,0.7,2,1,1,1.0,0.0,0.0,238.0,0.0,1.0,13950.0,13950.0,2
PH000245,AC000689,3,0,0,0,0,5.0,0.0,0.0,1.0,0.0,13.2,60.0,104.0,0.4,0.2,1.0,1.0,82.21268518518518,87.39996527777778,0.0,0.0,1.0,0.2,1.0,438000.0,63,10950.0,0,3,2,1,train,0.62,0,1,1,1.0,1.0,0.0,1186.0,1.0,1.0,32850.0,32850.0,2
PH002115,AC000689,4,1,0,0,0,-1.0,-1.0,-1.0,-1.0,-1.0,-1.0,-1.0,-1.0,-1.0,-1.0,-1.0,-1.0,-1.0,-1.0,-1.0,-1.0,-1.0,-1.0,-1.0,438000.0,63,10950.0,0,3,2,1,train,0.62,0,1,1,1.0,1.0,0.0,1186.0,1.0,1.0,32850.0,32850.0,2
PH002116,AC000690,3,0,1,0,0,25.0,1.0,1.0,2.0,0.0,20.64,52.8,300.0,0.56,0.12,1.0,1.0,10.246851851851853,88.39508101851852,0.0,9.0,1.0,0.16,1.0,44850.0,55,1950.0,0,5,2,2,train,0.31,3,2,1,1.0,0.0,0.0,517.0,0.0,2.0,2800.0,1400.0,1
PH002118,AC000692,3,0,0,0,0,2.0,2.0,0.0,0.0,0.0,10.0,22.0,36.0,0.0,0.0,1.0,1.0,87.02630787037037,87.36611111111111,0.0,0.0,2.0,1.0,1.0,175200.0,1,3650.0,1,1,1,1,train,0.33,5,1,1,-1.0,-1.0,-1.0,-1.0,-1.0,-1.0,-1.0,-1.0,2
PH002119,AC000692,4,1,0,0,0,22.0,0.0,0.0,2.0,0.0,17.363636363636363,46.81818181818182,141.0,0.45454545454545453,0.09090909090909091,2.0,2.0,2.3369560185185185,86.30149305555555,2.0,6.0,0.0,0.09090909090909091,1.0,175200.0,1,3650.0,1,1,1,1,train,0.33,5,1,1,-1.0,-1.0,-1.0,-1.0,-1.0,-1.0,-1.0,-1.0,2
PH002120,AC000693,3,0,1,0,0,22.0,0.0,0.0,4.0,0.0,16.90909090909091,4.5,69.0,0.9090909090909091,0.18181818181818182,2.0,2.0,2.173865740740741,87.270625,2.0,5.0,1.0,0.18181818181818182,1.0,46800.0,0,1300.0,0,1,0,0,train,-1.0,5,2,1,-1.0,-1.0,-1.0,-1.0,-1.0,1.0,1000.0,1000.0,2
PH002121,AC000693,4,1,0,0,0,8.0,0.0,0.0,3.0,0.0,15.25,22.0,74.0,0.625,0.375,1.0,1.0,5.325497685185185,14.296828703703703,2.0,8.0,2.0,0.375,1.0,46800.0,0,1300.0,0,1,0,0,train,-1.0,5,2,1,-1.0,-1.0,-1.0,-1.0,-1.0,1.0,1000.0,1000.0,2
PH002122,AC000694,3,0,0,0,0,8.0,0.0,0.0,0.0,0.0,28.625,43.875,141.0,0.5,0.0,2.0,2.0,72.29796296296297,88.36085648148148,0.0,0.0,0.0,0.0,1.0,158400.0,22,4400.0,2,0,1,0,train,-1.0,5,1,1,-1.0,-1.0,-1.0,-1.0,-1.0,1.0,4400.0,4400.0,3
PH002123,AC000694,0,1,1,0,0,4.0,0.0,0.0,1.0,0.0,13.5,30.0,89.0,0.5,0.25,1.0,1.0,63.414409722222224,72.01115740740741,0.0,0.0,1.0,0.25,1.0,158400.0,22,4400.0,2,0,1,0,train,-1.0,5,1,1,-1.0,-1.0,-1.0,-1.0,-1.0,1.0,4400.0,4400.0,3
PH002124,AC000694,4,2,0,0,0,-1.0,-1.0,-1.0,-1.0,-1.0,-1.0,-1.0,-1.0,-1.0,-1.0,-1.0,-1.0,-1.0,-1.0,-1.0,-1.0,-1.0,-1.0,-1.0,158400.0,22,4400.0,2,0,1,0,train,-1.0,5,1,1,-1.0,-1.0,-1.0,-1.0,-1.0,1.0,4400.0,4400.0,3
PH002125,AC000695,3,0,0,0,0,8.0,0.0,0.0,1.0,0.0,27.0,0.0,0.0,1.0,0.125,1.0,1.0,74.33246527777777,86.38364583333333,0.0,0.0,0.0,0.125,0.0,20000.0,155,800.0,0,3,3,1,train,0.56,5,2,1,3.0,0.0,1.0,261.3333333333333,0.0,2.0,4800.0,2400.0,2
PH002126,AC000695,0,1,1,0,0,25.0,0.0,0.0,1.0,0.0,23.56,74.76,319.0,0.6,0.04,1.0,1.0,15.244293981481482,71.38006944444444,0.0,12.0,1.0,0.04,1.0,20000.0,155,800.0,0,3,3,1,train,0.56,5,2,1,3.0,0.0,1.0,261.3333333333333,0.0,2.0,4800.0,2400.0,2
PH002127,AC000696,3,0,1,0,0,27.0,0.0,0.0,2.0,0.0,23.11111111111111,8.25925925925926,92.0,0.8518518518518519,0.07407407407407407,2.0,2.0,0.07039351851851852,87.25636574074075,7.0,13.0,1.0,0.07407407407407407,1.0,189000.0,0,15750.0,2,2,0,0,train,0.53,4,2,1,2.0,1.0,0.0,375.5,0.5,1.0,15750.0,15750.0,2
PH002128,AC000696,4,1,1,0,0,9.0,0.0,0.0,0.0,0.0,19.0,38.55555555555556,123.0,0.5555555555555556,0.0,1.0,1.0,20.19972222222222,30.379444444444445,0.0,8.0,0.0,0.0,1.0,189000.0,0,15750.0,2,2,0,0,train,0.53,4,2,1,2.0,1.0,0.0,375.5,0.5,1.0,15750.0,15750.0,2
PH002129,AC000697,3,0,0,0,0,1.0,0.0,0.0,1.0,0.0,0.0,0.0,0.0,1.0,1.0,1.0,1.0,88.36113425925926,88.36113425925926,0.0,0.0,1.0,1.0,0.0,24000.0,227,1500.0,0,4,6,2,train,-1.0,3,0,1,1.0,0.0,0.0,345.0,0.0,1.0,12000.0,12000.0,1
PH002130,AC000698,3,0,1,0,0,12.0,0.0,0.0,0.0,0.0,21.25,121.41666666666667,315.0,0.4166666666666667,0.0,2.0,2.0,42.4284837962963,88.30285879629629,0.0,0.0,0.0,0.0,1.0,191100.0,0,4900.0,2,0,0,0,train,0.68,2,1,1,-1.0,-1.0,-1.0,-1.0,-1.0,2.0,4900.0,2450.0,3
PH000491,AC000698,2,1,0,0,0,-1.0,-1.0,-1.0,-1.0,-1.0,-1.0,-1.0,-1.0,-1.0,-1.0,-1.0,-1.0,-1.0,-1.0,-1.0,-1.0,-1.0,-1.0,-1.0,191100.0,0,4900.0,2,0,0,0,train,0.68,2,1,1,-1.0,-1.0,-1.0,-1.0,-1.0,2.0,4900.0,2450.0,3
PH002131,AC000698,4,2,0,0,0,-1.0,-1.0,-1.0,-1.0,-1.0,-1.0,-1.0,-1.0,-1.0,-1.0,-1.0,-1.0,-1.0,-1.0,-1.0,-1.0,-1.0,-1.0,-1.0,191100.0,0,4900.0,2,0,0,0,train,0.68,2,1,1,-1.0,-1.0,-1.0,-1.0,-1.0,2.0,4900.0,2450.0,3
PH002132,AC000699,3,0,1,0,0,21.0,0.0,0.0,1.0,0.0,21.714285714285715,35.57142857142857,299.0,0.7142857142857143,0.047619047619047616,1.0,1.0,21.294953703703705,84.43689814814815,0.0,4.0,1.0,0.047619047619047616,1.0,173800.0,24,3950.0,1,0,2,2,train,-1.0,5,0,1,1.0,0.0,0.0,112.0,0.0,2.0,3950.0,1975.0,3
PH002133,AC000699,0,1,0,0,0,-1.0,-1.0,-1.0,-1.0,-1.0,-1.0,-1.0,-1.0,-1.0,-1.0,-1.0,-1.0,-1.0,-1.0,-1.0,-1.0,-1.0,-1.0,-1.0,173800.0,24,3950.0,1,0,2,2,train,-1.0,5,0,1,1.0,0.0,0.0,112.0,0.0,2.0,3950.0,1975.0,3
PH002134,AC000699,1,2,0,0,0,-1.0,-1.0,-1.0,-1.0,-1.0,-1.0,-1.0,-1.0,-1.0,-1.0,-1.0,-1.0,-1.0,-1.0,-1.0,-1.0,-1.0,-1.0,-1.0,173800.0,24,3950.0,1,0,2,2,train,-1.0,5,0,1,1.0,0.0,0.0,112.0,0.0,2.0,3950.0,1975.0,3
PH002135,AC000700,3,0,1,0,0,35.0,0.0,0.0,1.0,0.0,24.057142857142857,74.2,378.0,0.6571428571428571,0.02857142857142857,1.0,1.0,3.0072800925925924,88.34229166666667,3.0,8.0,0.0,0.02857142857142857,1.0,126850.0,41,2950.0,0,4,2,0,train,-1.0,5,0,1,3.0,0.0,2.0,186.66666666666666,0.0,-1.0,-1.0,-1.0,3
PH002136,AC000700,0,1,0,0,0,-1.0,-1.0,-1.0,-1.0,-1.0,-1.0,-1.0,-1.0,-1.0,-1.0,-1.0,-1.0,-1.0,-1.0,-1.0,-1.0,-1.0,-1.0,-1.0,126850.0,41,2950.0,0,4,2,0,train,-1.0,5,0,1,3.0,0.0,2.0,186.66666666666666,0.0,-1.0,-1.0,-1.0,3
PH002137,AC000700,4,2,0,0,0,-1.0,-1.0,-1.0,-1.0,-1.0,-1.0,-1.0,-1.0,-1.0,-1.0,-1.0,-1.0,-1.0,-1.0,-1.0,-1.0,-1.0,-1.0,-1.0,126850.0,41,2950.0,0,4,2,0,train,-1.0,5,0,1,3.0,0.0,2.0,186.66666666666666,0.0,-1.0,-1.0,-1.0,3
PH002138,AC000701,3,0,1,0,0,10.0,0.0,0.0,0.0,0.0,31.5,3.4,34.0,0.9,0.0,1.0,1.0,13.14236111111111,81.3721412037037,0.0,6.0,0.0,0.0,1.0,129000.0,201,4300.0,0,1,0,0,train,0.69,2,1,1,8.0,3.0,0.0,618.5,0.375,2.0,15100.0,7550.0,3
PH000340,AC000701,2,1,0,0,0,8.0,0.0,0.0,2.0,0.0,12.5,28.875,124.0,0.625,0.25,1.0,1.0,18.109988425925927,40.29638888888889,0.0,4.0,2.0,0.25,1.0,129000.0,201,4300.0,0,1,0,0,train,0.69,2,1,1,8.0,3.0,0.0,618.5,0.375,2.0,15100.0,7550.0,3
PH002139,AC000701,4,2,0,0,0,-1.0,-1.0,-1.0,-1.0,-1.0,-1.0,-1.0,-1.0,-1.0,-1.0,-1.0,-1.0,-1.0,-1.0,-1.0,-1.0,-1.0,-1.0,-1.0,129000.0,201,4300.0,0,1,0,0,train,0.69,2,1,1,8.0,3.0,0.0,618.5,0.375,2.0,15100.0,7550.0,3
PH002145,AC000705,3,0,1,0,0,1.0,0.0,0.0,0.0,0.0,19.0,63.0,63.0,0.0,0.0,1.0,1.0,76.300625,76.300625,0.0,0.0,0.0,0.0,1.0,182700.0,30,6300.0,2,2,0,0,train,-1.0,0,1,1,-1.0,-1.0,-1.0,-1.0,-1.0,1.0,6300.0,6300.0,4
PH002146,AC000705,0,1,0,0,0,-1.0,-1.0,-1.0,-1.0,-1.0,-1.0,-1.0,-1.0,-1.0,-1.0,-1.0,-1.0,-1.0,-1.0,-1.0,-1.0,-1.0,-1.0,-1.0,182700.0,30,6300.0,2,2,0,0,train,-1.0,0,1,1,-1.0,-1.0,-1.0,-1.0,-1.0,1.0,6300.0,6300.0,4
PH000309,AC000705,2,2,0,1,0,-1.0,-1.0,-1.0,-1.0,-1.0,-1.0,-1.0,-1.0,-1.0,-1.0,-1.0,-1.0,-1.0,-1.0,-1.0,-1.0,-1.0,-1.0,-1.0,182700.0,30,6300.0,2,2,0,0,train,-1.0,0,1,1,-1.0,-1.0,-1.0,-1.0,-1.0,1.0,6300.0,6300.0,4
PH002147,AC000705,4,3,0,0,0,-1.0,-1.0,-1.0,-1.0,-1.0,-1.0,-1.0,-1.0,-1.0,-1.0,-1.0,-1.0,-1.0,-1.0,-1.0,-1.0,-1.0,-1.0,-1.0,182700.0,30,6300.0,2,2,0,0,train,-1.0,0,1,1,-1.0,-1.0,-1.0,-1.0,-1.0,1.0,6300.0,6300.0,4
PH002148,AC000706,3,0,1,0,0,11.0,0.0,0.0,1.0,0.0,30.454545454545453,13.909090909090908,62.0,0.7272727272727273,0.09090909090909091,1.0,1.0,23.317465277777778,86.31061342592592,0.0,2.0,1.0,0.09090909090909091,1.0,149400.0,33,12450.0,1,0,3,1,train,0.37,0,1,1,1.0,0.0,0.0,388.0,0.0,3.0,24900.0,8300.0,3
PH002149,AC000706,1,1,0,0,0,-1.0,-1.0,-1.0,-1.0,-1.0,-1.0,-1.0,-1.0,-1.0,-1.0,-1.0,-1.0,-1.0,-1.0,-1.0,-1.0,-1.0,-1.0,-1.0,149400.0,33,12450.0,1,0,3,1,train,0.37,0,1,1,1.0,0.0,0.0,388.0,0.0,3.0,24900.0,8300.0,3
PH002150,AC000706,4,2,0,0,0,-1.0,-1.0,-1.0,-1.0,-1.0,-1.0,-1.0,-1.0,-1.0,-1.0,-1.0,-1.0,-1.0,-1.0,-1.0,-1.0,-1.0,-1.0,-1.0,149400.0,33,12450.0,1,0,3,1,train,0.37,0,1,1,1.0,0.0,0.0,388.0,0.0,3.0,24900.0,8300.0,3
PH002151,AC000707,3,0,0,0,0,2.0,0.0,0.0,0.0,0.0,32.5,0.0,0.0,1.0,0.0,1.0,1.0,89.09277777777778,89.34887731481481,0.0,0.0,0.0,0.0,0.0,668700.0,204,37150.0,0,0,5,4,train,0.34,4,2,1,1.0,1.0,0.0,929.0,1.0,1.0,260050.0,260050.0,2
PH002152,AC000707,4,1,0,0,0,-1.0,-1.0,-1.0,-1.0,-1.0,-1.0,-1.0,-1.0,-1.0,-1.0,-1.0,-1.0,-1.0,-1.0,-1.0,-1.0,-1.0,-1.0,-1.0,668700.0,204,37150.0,0,0,5,4,train,0.34,4,2,1,1.0,1.0,0.0,929.0,1.0,1.0,260050.0,260050.0,2
PH002156,AC000709,3,0,1,0,0,32.0,0.0,0.0,3.0,0.0,22.4375,76.5,400.0,0.65625,0.09375,1.0,1.0,2.3290046296296296,88.33804398148148,2.0,12.0,0.0,0.09375,1.0,36850.0,131,3350.0,0,2,5,4,train,0.29,0,1,1,5.0,0.0,3.0,147.8,0.0,1.0,9500.0,9500.0,2
PH002157,AC000709,4,1,0,0,0,-1.0,-1.0,-1.0,-1.0,-1.0,-1.0,-1.0,-1.0,-1.0,-1.0,-1.0,-1.0,-1.0,-1.0,-1.0,-1.0,-1.0,-1.0,-1.0,36850.0,131,3350.0,0,2,5,4,train,0.29,0,1,1,5.0,0.0,3.0,147.8,0.0,1.0,9500.0,9500.0,2
PH002158,AC000710,3,0,1,0,0,23.0,0.0,5.0,0.0,0.0,19.0,96.17391304347827,418.0,0.6521739130434783,0.21739130434782608,2.0,2.0,6.347199074074074,88.37655092592593,1.0,5.0,0.0,0.21739130434782608,1.0,113400.0,0,3150.0,0,3,0,0,train,0.1,1,1,1,-1.0,-1.0,-1.0,-1.0,-1.0,-1.0,-1.0,-1.0,3
PH002159,AC000710,1,1,0,0,0,-1.0,-1.0,-1.0,-1.0,-1.0,-1.0,-1.0,-1.0,-1.0,-1.0,-1.0,-1.0,-1.0,-1.0,-1.0,-1.0,-1.0,-1.0,-1.0,113400.0,0,3150.0,0,3,0,0,train,0.1,1,1,1,-1.0,-1.0,-1.0,-1.0,-1.0,-1.0,-1.0,-1.0,3
PH000319,AC000710,2,2,0,0,0,-1.0,-1.0,-1.0,-1.0,-1.0,-1.0,-1.0,-1.0,-1.0,-1.0,-1.0,-1.0,-1.0,-1.0,-1.0,-1.0,-1.0,-1.0,-1.0,113400.0,0,3150.0,0,3,0,0,train,0.1,1,1,1,-1.0,-1.0,-1.0,-1.0,-1.0,-1.0,-1.0,-1.0,3
PH002162,AC000712,3,0,0,0,0,8.0,0.0,7.0,1.0,0.0,0.0,0.0,0.0,1.0,1.0,1.0,1.0,68.28413194444444,84.40952546296296,0.0,0.0,5.0,1.0,0.0,96350.0,150,2350.0,0,1,3,1,train,0.52,2,1,1,9.0,3.0,3.0,460.1111111111111,0.3333333333333333,-1.0,-1.0,-1.0,4
PH002163,AC000712,0,1,0,0,0,7.0,2.0,4.0,0.0,0.0,9.285714285714286,9.0,35.0,0.7142857142857143,0.5714285714285714,1.0,1.0,40.38438657407407,68.21189814814815,0.0,0.0,5.0,0.8571428571428571,1.0,96350.0,150,2350.0,0,1,3,1,train,0.52,2,1,1,9.0,3.0,3.0,460.1111111111111,0.3333333333333333,-1.0,-1.0,-1.0,4
PH002164,AC000712,1,2,0,0,0,-1.0,-1.0,-1.0,-1.0,-1.0,-1.0,-1.0,-1.0,-1.0,-1.0,-1.0,-1.0,-1.0,-1.0,-1.0,-1.0,-1.0,-1.0,-1.0,96350.0,150,2350.0,0,1,3,1,train,0.52,2,1,1,9.0,3.0,3.0,460.1111111111111,0.3333333333333333,-1.0,-1.0,-1.0,4
PH002165,AC000713,3,0,1,0,0,16.0,0.0,0.0,2.0,0.0,26.4375,48.25,394.0,0.75,0.125,1.0,1.0,52.35633101851852,88.43923611111111,0.0,0.0,0.0,0.125,1.0,171500.0,59,3500.0,0,4,4,0,train,0.02,2,1,1,3.0,0.0,2.0,135.33333333333334,0.0,1.0,7000.0,7000.0,2
PH002166,AC000713,4,1,0,0,0,8.0,0.0,0.0,1.0,0.0,17.5,34.25,111.0,0.625,0.125,1.0,1.0,67.37027777777777,80.36446759259259,0.0,0.0,0.0,0.125,1.0,171500.0,59,3500.0,0,4,4,0,train,0.02,2,1,1,3.0,0.0,2.0,135.33333333333334,0.0,1.0,7000.0,7000.0,2
PH002167,AC000714,3,0,1,0,0,6.0,0.0,0.0,0.0,0.0,17.833333333333332,60.0,360.0,0.8333333333333334,0.0,1.0,1.0,76.37542824074075,89.39135416666667,0.0,0.0,0.0,0.0,1.0,487600.0,154,10600.0,0,2,2,2,train,0.79,2,1,1,2.0,1.0,0.0,847.5,0.5,1.0,63600.0,63600.0,3
PH002168,AC000714,1,1,0,0,0,-1.0,-1.0,-1.0,-1.0,-1.0,-1.0,-1.0,-1.0,-1.0,-1.0,-1.0,-1.0,-1.0,-1.0,-1.0,-1.0,-1.0,-1.0,-1.0,487600.0,154,10600.0,0,2,2,2,train,0.79,2,1,1,2.0,1.0,0.0,847.5,0.5,1.0,63600.0,63600.0,3
PH002169,AC000714,4,2,0,0,0,-1.0,-1.0,-1.0,-1.0,-1.0,-1.0,-1.0,-1.0,-1.0,-1.0,-1.0,-1.0,-1.0,-1.0,-1.0,-1.0,-1.0,-1.0,-1.0,487600.0,154,10600.0,0,2,2,2,train,0.79,2,1,1,2.0,1.0,0.0,847.5,0.5,1.0,63600.0,63600.0,3
PH002170,AC000715,3,0,1,0,0,8.0,0.0,0.0,1.0,0.0,22.25,94.875,387.0,0.625,0.125,1.0,1.0,25.25084490740741,81.24809027777778,0.0,2.0,1.0,0.125,1.0,58750.0,215,1250.0,0,2,3,3,train,0.4,3,0,0,8.0,1.0,0.0,224.25,0.125,-1.0,-1.0,-1.0,3
PH002171,AC000715,1,1,1,0,0,8.0,0.0,0.0,0.0,0.0,32.125,29.875,121.0,0.75,0.0,1.0,1.0,33.30796296296296,88.36997685185185,0.0,0.0,0.0,0.0,1.0,58750.0,215,1250.0,0,2,3,3,train,0.4,3,0,0,8.0,1.0,0.0,224.25,0.125,-1.0,-1.0,-1.0,3
PH002172,AC000715,4,2,1,1,0,8.0,0.0,0.0,0.0,0.0,21.875,20.0,119.0,0.75,0.0,1.0,1.0,7.180752314814815,80.1462962962963,0.0,3.0,0.0,0.0,1.0,58750.0,215,1250.0,0,2,3,3,train,0.4,3,0,0,8.0,1.0,0.0,224.25,0.125,-1.0,-1.0,-1.0,3
PH002173,AC000716,3,0,0,0,1,-1.0,-1.0,-1.0,-1.0,-1.0,-1.0,-1.0,-1.0,-1.0,-1.0,-1.0,-1.0,-1.0,-1.0,-1.0,-1.0,-1.0,-1.0,-1.0,109200.0,0,2800.0,0,2,0,0,train,0.56,2,0,1,-1.0,-1.0,-1.0,-1.0,-1.0,1.0,2800.0,2800.0,1
PH002176,AC000718,3,0,1,0,0,24.0,0.0,0.0,3.0,0.0,22.375,54.5,414.0,0.7083333333333334,0.125,2.0,2.0,24.423055555555557,88.32541666666667,0.0,4.0,0.0,0.125,1.0,11250.0,0,1250.0,1,2,1,0,train,-1.0,1,1,1,-1.0,-1.0,-1.0,-1.0,-1.0,1.0,1250.0,1250.0,3
PH002177,AC000718,0,1,0,0,0,-1.0,-1.0,-1.0,-1.0,-1.0,-1.0,-1.0,-1.0,-1.0,-1.0,-1.0,-1.0,-1.0,-1.0,-1.0,-1.0,-1.0,-1.0,-1.0,11250.0,0,1250.0,1,2,1,0,train,-1.0,1,1,1,-1.0,-1.0,-1.0,-1.0,-1.0,1.0,1250.0,1250.0,3
PH000402,AC000718,2,2,0,0,0,-1.0,-1.0,-1.0,-1.0,-1.0,-1.0,-1.0,-1.0,-1.0,-1.0,-1.0,-1.0,-1.0,-1.0,-1.0,-1.0,-1.0,-1.0,-1.0,11250.0,0,1250.0,1,2,1,0,train,-1.0,1,1,1,-1.0,-1.0,-1.0,-1.0,-1.0,1.0,1250.0,1250.0,3
PH002178,AC000719,3,0,1,0,0,5.0,0.0,0.0,0.0,0.0,28.4,9.4,47.0,0.8,0.0,1.0,1.0,57.34945601851852,86.37925925925926,0.0,0.0,0.0,0.0,1.0,103600.0,35,3700.0,0,2,0,0,train,0.37,1,1,1,-1.0,-1.0,-1.0,-1.0,-1.0,1.0,7400.0,7400.0,5
PH002179,AC000719,0,1,0,0,0,-1.0,-1.0,-1.0,-1.0,-1.0,-1.0,-1.0,-1.0,-1.0,-1.0,-1.0,-1.0,-1.0,-1.0,-1.0,-1.0,-1.0,-1.0,-1.0,103600.0,35,3700.0,0,2,0,0,train,0.37,1,1,1,-1.0,-1.0,-1.0,-1.0,-1.0,1.0,7400.0,7400.0,5
PH002180,AC000719,1,2,0,0,0,-1.0,-1.0,-1.0,-1.0,-1.0,-1.0,-1.0,-1.0,-1.0,-1.0,-1.0,-1.0,-1.0,-1.0,-1.0,-1.0,-1.0,-1.0,-1.0,103600.0,35,3700.0,0,2,0,0,train,0.37,1,1,1,-1.0,-1.0,-1.0,-1.0,-1.0,1.0,7400.0,7400.0,5
PH000324,AC000719,2,3,1,0,0,19.0,2.0,0.0,2.0,0.0,19.68421052631579,47.68421052631579,137.0,0.42105263157894735,0.10526315789473684,2.0,1.0,3.349571759259259,37.09587962962963,3.0,11.0,0.0,0.21052631578947367,1.0,103600.0,35,3700.0,0,2,0,0,train,0.37,1,1,1,-1.0,-1.0,-1.0,-1.0,-1.0,1.0,7400.0,7400.0,5
PH002181,AC000719,4,4,0,0,0,-1.0,-1.0,-1.0,-1.0,-1.0,-1.0,-1.0,-1.0,-1.0,-1.0,-1.0,-1.0,-1.0,-1.0,-1.0,-1.0,-1.0,-1.0,-1.0,103600.0,35,3700.0,0,2,0,0,train,0.37,1,1,1,-1.0,-1.0,-1.0,-1.0,-1.0,1.0,7400.0,7400.0,5
PH002182,AC000720,3,0,1,0,0,21.0,0.0,0.0,2.0,0.0,20.095238095238095,18.333333333333332,182.0,0.7142857142857143,0.09523809523809523,1.0,1.0,5.341666666666667,83.37081018518519,3.0,7.0,1.0,0.09523809523809523,1.0,342300.0,56,16300.0,1,0,0,0,train,0.67,0,1,1,-1.0,-1.0,-1.0,-1.0,-1.0,-1.0,-1.0,-1.0,3
PH002183,AC000720,0,1,0,0,0,-1.0,-1.0,-1.0,-1.0,-1.0,-1.0,-1.0,-1.0,-1.0,-1.0,-1.0,-1.0,-1.0,-1.0,-1.0,-1.0,-1.0,-1.0,-1.0,342300.0,56,16300.0,1,0,0,0,train,0.67,0,1,1,-1.0,-1.0,-1.0,-1.0,-1.0,-1.0,-1.0,-1.0,3
PH002184,AC000720,4,2,0,0,0,-1.0,-1.0,-1.0,-1.0,-1.0,-1.0,-1.0,-1.0,-1.0,-1.0,-1.0,-1.0,-1.0,-1.0,-1.0,-1.0,-1.0,-1.0,-1.0,342300.0,56,16300.0,1,0,0,0,train,0.67,0,1,1,-1.0,-1.0,-1.0,-1.0,-1.0,-1.0,-1.0,-1.0,3
PH002185,AC000721,3,0,1,0,0,7.0,0.0,0.0,0.0,0.0,16.285714285714285,11.285714285714286,48.0,0.7142857142857143,0.0,1.0,1.0,66.353125,87.32542824074073,0.0,0.0,0.0,0.0,1.0,372000.0,54,12400.0,1,2,2,1,train,0.49,5,2,1,1.0,0.0,0.0,383.0,0.0,1.0,24800.0,24800.0,3
PH002186,AC000721,1,1,0,0,0,-1.0,-1.0,-1.0,-1.0,-1.0,-1.0,-1.0,-1.0,-1.0,-1.0,-1.0,-1.0,-1.0,-1.0,-1.0,-1.0,-1.0,-1.0,-1.0,372000.0,54,12400.0,1,2,2,1,train,0.49,5,2,1,1.0,0.0,0.0,383.0,0.0,1.0,24800.0,24800.0,3
PH002187,AC000721,4,2,0,0,0,-1.0,-1.0,-1.0,-1.0,-1.0,-1.0,-1.0,-1.0,-1.0,-1.0,-1.0,-1.0,-1.0,-1.0,-1.0,-1.0,-1.0,-1.0,-1.0,372000.0,54,12400.0,1,2,2,1,train,0.49,5,2,1,1.0,0.0,0.0,383.0,0.0,1.0,24800.0,24800.0,3
PH002188,AC000722,3,0,1,0,0,5.0,0.0,0.0,0.0,0.0,24.2,40.6,156.0,0.6,0.0,1.0,1.0,1.2974074074074073,47.30921296296296,1.0,2.0,0.0,0.0,1.0,85200.0,89,3550.0,0,5,4,3,train,0.31,5,1,0,-1.0,-1.0,-1.0,-1.0,-1.0,-1.0,-1.0,-1.0,2
PH002189,AC000722,0,1,1,0,0,7.0,0.0,0.0,0.0,0.0,23.0,16.857142857142858,65.0,0.7142857142857143,0.0,1.0,1.0,1.130625,82.37008101851852,1.0,3.0,0.0,0.0,1.0,85200.0,89,3550.0,0,5,4,3,train,0.31,5,1,0,-1.0,-1.0,-1.0,-1.0,-1.0,-1.0,-1.0,-1.0,2
PH002196,AC000726,3,0,0,0,0,24.0,0.0,6.0,18.0,0.0,0.0,0.0,0.0,1.0,1.0,1.0,1.0,2.251145833333333,88.28710648148149,2.0,9.0,5.0,1.0,0.0,141000.0,178,7050.0,0,2,0,0,train,0.43,0,1,1,9.0,4.0,2.0,594.2222222222222,0.4444444444444444,-1.0,-1.0,-1.0,1
PH002199,AC000728,3,0,1,0,0,24.0,0.0,0.0,2.0,0.0,20.833333333333332,85.95833333333333,418.0,0.5416666666666666,0.08333333333333333,1.0,1.0,18.195173611111112,83.38414351851851,0.0,5.0,1.0,0.08333333333333333,1.0,190450.0,27,14650.0,1,3,1,0,train,0.51,2,1,1,-1.0,-1.0,-1.0,-1.0,-1.0,2.0,7900.0,3950.0,3
PH002200,AC000728,0,1,0,0,0,-1.0,-1.0,-1.0,-1.0,-1.0,-1.0,-1.0,-1.0,-1.0,-1.0,-1.0,-1.0,-1.0,-1.0,-1.0,-1.0,-1.0,-1.0,-1.0,190450.0,27,14650.0,1,3,1,0,train,0.51,2,1,1,-1.0,-1.0,-1.0,-1.0,-1.0,2.0,7900.0,3950.0,3
PH000341,AC000728,2,2,0,0,0,-1.0,-1.0,-1.0,-1.0,-1.0,-1.0,-1.0,-1.0,-1.0,-1.0,-1.0,-1.0,-1.0,-1.0,-1.0,-1.0,-1.0,-1.0,-1.0,190450.0,27,14650.0,1,3,1,0,train,0.51,2,1,1,-1.0,-1.0,-1.0,-1.0,-1.0,2.0,7900.0,3950.0,3
PH002201,AC000729,3,0,1,0,0,32.0,0.0,7.0,2.0,0.0,17.5625,18.78125,148.0,0.8125,0.28125,2.0,2.0,1.1316550925925926,89.2722800925926,2.0,10.0,0.0,0.28125,1.0,34850.0,24,850.0,0,0,1,1,train,0.04,3,0,1,4.0,0.0,2.0,155.25,0.0,-1.0,-1.0,-1.0,2
PH002202,AC000729,4,1,0,0,0,8.0,0.0,0.0,0.0,0.0,20.5,37.625,107.0,0.5,0.0,1.0,1.0,28.39962962962963,45.39920138888889,0.0,1.0,0.0,0.0,1.0,34850.0,24,850.0,0,0,1,1,train,0.04,3,0,1,4.0,0.0,2.0,155.25,0.0,-1.0,-1.0,-1.0,2
PH002203,AC000730,3,0,0,0,0,3.0,0.0,2.0,1.0,0.0,0.0,0.0,0.0,1.0,1.0,1.0,1.0,77.1263425925926,78.29908564814815,0.0,0.0,3.0,1.0,0.0,1376700.0,236,35300.0,0,2,1,0,train,0.83,4,2,1,2.0,2.0,0.0,455.5,1.0,1.0,282400.0,282400.0,2
PH002204,AC000730,0,1,0,0,0,-1.0,-1.0,-1.0,-1.0,-1.0,-1.0,-1.0,-1.0,-1.0,-1.0,-1.0,-1.0,-1.0,-1.0,-1.0,-1.0,-1.0,-1.0,-1.0,1376700.0,236,35300.0,0,2,1,0,train,0.83,4,2,1,2.0,2.0,0.0,455.5,1.0,1.0,282400.0,282400.0,2
PH002209,AC000732,3,0,1,0,0,6.0,2.0,0.0,1.0,0.0,11.333333333333334,54.5,124.0,0.3333333333333333,0.16666666666666666,1.0,1.0,73.31583333333333,89.41137731481481,0.0,0.0,2.0,0.5,1.0,89100.0,38,3300.0,0,2,1,0,train,0.3,5,1,1,3.0,0.0,1.0,326.6666666666667,0.0,-1.0,-1.0,-1.0,2
PH002210,AC000732,4,1,1,0,0,25.0,1.0,0.0,6.0,0.0,20.24,20.2,141.0,0.72,0.24,1.0,1.0,2.309710648148148,73.10893518518519,1.0,6.0,2.0,0.28,1.0,89100.0,38,3300.0,0,2,1,0,train,0.3,5,1,1,3.0,0.0,1.0,326.6666666666667,0.0,-1.0,-1.0,-1.0,2
PH002213,AC000734,3,0,1,0,0,19.0,0.0,0.0,2.0,0.0,30.68421052631579,27.31578947368421,369.0,0.7894736842105263,0.10526315789473684,2.0,2.0,1.1827083333333333,81.34943287037036,6.0,13.0,1.0,0.10526315789473684,1.0,31450.0,0,1850.0,1,1,0,0,train,-1.0,2,1,1,-1.0,-1.0,-1.0,-1.0,-1.0,1.0,900.0,900.0,1
PH002214,AC000735,3,0,1,0,0,34.0,0.0,0.0,4.0,0.0,22.41176470588235,40.44117647058823,328.0,0.7352941176470589,0.11764705882352941,1.0,1.0,5.174212962962963,89.31836805555555,3.0,12.0,0.0,0.11764705882352941,1.0,46550.0,87,950.0,0,3,1,1,train,0.47,5,2,1,3.0,2.0,0.0,463.0,0.6666666666666666,3.0,2300.0,766.6666666666666,3
PH002215,AC000735,1,1,0,0,0,2.0,0.0,0.0,0.0,0.0,35.0,0.0,0.0,1.0,0.0,1.0,1.0,2.2451273148148148,2.291145833333333,2.0,2.0,0.0,0.0,0.0,46550.0,87,950.0,0,3,1,1,train,0.47,5,2,1,3.0,2.0,0.0,463.0,0.6666666666666666,3.0,2300.0,766.6666666666666,3
PH002216,AC000735,4,2,0,0,0,-1.0,-1.0,-1.0,-1.0,-1.0,-1.0,-1.0,-1.0,-1.0,-1.0,-1.0,-1.0,-1.0,-1.0,-1.0,-1.0,-1.0,-1.0,-1.0,46550.0,87,950.0,0,3,1,1,train,0.47,5,2,1,3.0,2.0,0.0,463.0,0.6666666666666666,3.0,2300.0,766.6666666666666,3
PH002222,AC000738,3,0,1,0,0,37.0,1.0,0.0,4.0,0.0,23.35135135135135,22.2972972972973,218.0,0.8108108108108109,0.10810810810810811,2.0,2.0,4.1869097222222225,83.39045138888889,3.0,14.0,0.0,0.13513513513513514,1.0,180500.0,2,4750.0,0,2,0,0,train,-1.0,2,1,0,-1.0,-1.0,-1.0,-1.0,-1.0,1.0,3100.0,3100.0,1
PH002227,AC000741,3,0,1,0,0,20.0,0.0,0.0,0.0,0.0,27.6,38.0,290.0,0.8,0.0,1.0,1.0,14.330034722222223,86.34961805555555,0.0,4.0,0.0,0.0,1.0,20000.0,153,1000.0,0,5,2,1,train,0.4,3,2,1,9.0,0.0,3.0,251.11111111111111,0.0,-1.0,-1.0,-1.0,1
PH002230,AC000743,3,0,0,0,0,8.0,0.0,0.0,0.0,0.0,21.375,0.0,0.0,1.0,0.0,2.0,2.0,58.3078125,88.35885416666666,0.0,0.0,0.0,0.0,0.0,304700.0,14,13850.0,0,1,0,0,train,-1.0,5,2,1,1.0,0.0,0.0,347.0,0.0,1.0,8200.0,8200.0,3
PH002231,AC000743,1,1,1,0,0,28.0,0.0,0.0,2.0,0.0,23.642857142857142,44.035714285714285,387.0,0.7142857142857143,0.07142857142857142,1.0,1.0,0.27247685185185183,53.334583333333335,2.0,10.0,0.0,0.07142857142857142,1.0,304700.0,14,13850.0,0,1,0,0,train,-1.0,5,2,1,1.0,0.0,0.0,347.0,0.0,1.0,8200.0,8200.0,3
PH002232,AC000743,4,2,0,0,0,-1.0,-1.0,-1.0,-1.0,-1.0,-1.0,-1.0,-1.0,-1.0,-1.0,-1.0,-1.0,-1.0,-1.0,-1.0,-1.0,-1.0,-1.0,-1.0,304700.0,14,13850.0,0,1,0,0,train,-1.0,5,2,1,1.0,0.0,0.0,347.0,0.0,1.0,8200.0,8200.0,3
PH002242,AC000749,3,0,1,0,0,2.0,0.0,0.0,0.0,0.0,26.5,158.0,316.0,0.5,0.0,1.0,1.0,88.19048611111111,88.35302083333333,0.0,0.0,0.0,0.0,1.0,250900.0,17,9650.0,0,4,0,0,train,-1.0,0,1,1,-1.0,-1.0,-1.0,-1.0,-1.0,1.0,9650.0,9650.0,4
PH002243,AC000749,0,1,1,0,0,-1.0,-1.0,-1.0,-1.0,-1.0,-1.0,-1.0,-1.0,-1.0,-1.0,-1.0,-1.0,-1.0,-1.0,-1.0,-1.0,-1.0,-1.0,-1.0,250900.0,17,9650.0,0,4,0,0,train,-1.0,0,1,1,-1.0,-1.0,-1.0,-1.0,-1.0,1.0,9650.0,9650.0,4
PH000578,AC000749,2,2,0,0,0,8.0,0.0,0.0,1.0,0.0,17.0,46.5,136.0,0.5,0.125,1.0,1.0,33.40342592592592,43.16394675925926,0.0,0.0,1.0,0.125,1.0,250900.0,17,9650.0,0,4,0,0,train,-1.0,0,1,1,-1.0,-1.0,-1.0,-1.0,-1.0,1.0,9650.0,9650.0,4
PH002244,AC000749,4,3,0,0,0,-1.0,-1.0,-1.0,-1.0,-1.0,-1.0,-1.0,-1.0,-1.0,-1.0,-1.0,-1.0,-1.0,-1.0,-1.0,-1.0,-1.0,-1.0,-1.0,250900.0,17,9650.0,0,4,0,0,train,-1.0,0,1,1,-1.0,-1.0,-1.0,-1.0,-1.0,1.0,9650.0,9650.0,4
PH002247,AC000751,3,0,1,0,0,18.0,0.0,0.0,1.0,0.0,28.166666666666668,40.833333333333336,345.0,0.7222222222222222,0.05555555555555555,1.0,1.0,0.3808564814814815,86.29128472222222,3.0,6.0,0.0,0.05555555555555555,1.0,33000.0,108,2200.0,0,4,2,2,train,0.0,2,1,1,8.0,2.0,0.0,351.125,0.25,-1.0,-1.0,-1.0,2
PH002248,AC000751,4,1,0,0,0,-1.0,-1.0,-1.0,-1.0,-1.0,-1.0,-1.0,-1.0,-1.0,-1.0,-1.0,-1.0,-1.0,-1.0,-1.0,-1.0,-1.0,-1.0,-1.0,33000.0,108,2200.0,0,4,2,2,train,0.0,2,1,1,8.0,2.0,0.0,351.125,0.25,-1.0,-1.0,-1.0,2
PH002249,AC000752,3,0,1,0,0,18.0,0.0,0.0,0.0,0.0,26.833333333333332,9.722222222222221,145.0,0.8888888888888888,0.0,2.0,2.0,37.428784722222225,87.37744212962963,0.0,0.0,0.0,0.0,1.0,150600.0,21,12550.0,1,1,3,2,train,-1.0,0,1,1,3.0,2.0,0.0,690.3333333333334,0.6666666666666666,1.0,1800.0,1800.0,3
PH000324,AC000752,2,1,1,0,0,19.0,2.0,0.0,2.0,0.0,19.68421052631579,47.68421052631579,137.0,0.42105263157894735,0.10526315789473684,2.0,1.0,3.349571759259259,37.09587962962963,3.0,11.0,0.0,0.21052631578947367,1.0,150600.0,21,12550.0,1,1,3,2,train,-1.0,0,1,1,3.0,2.0,0.0,690.3333333333334,0.6666666666666666,1.0,1800.0,1800.0,3
PH002250,AC000752,4,2,1,0,0,2.0,0.0,0.0,0.0,0.0,20.0,10.0,20.0,0.5,0.0,1.0,1.0,19.274143518518517,22.337905092592592,0.0,2.0,0.0,0.0,1.0,150600.0,21,12550.0,1,1,3,2,train,-1.0,0,1,1,3.0,2.0,0.0,690.3333333333334,0.6666666666666666,1.0,1800.0,1800.0,3
PH002251,AC000753,3,0,1,0,0,3.0,0.0,0.0,0.0,0.0,25.666666666666668,15.0,45.0,0.6666666666666666,0.0,1.0,1.0,79.4034837962963,86.35046296296296,0.0,0.0,0.0,0.0,1.0,247000.0,0,9500.0,2,2,0,0,train,-1.0,2,1,1,-1.0,-1.0,-1.0,-1.0,-1.0,1.0,9500.0,9500.0,3
PH002252,AC000753,1,1,0,0,0,-1.0,-1.0,-1.0,-1.0,-1.0,-1.0,-1.0,-1.0,-1.0,-1.0,-1.0,-1.0,-1.0,-1.0,-1.0,-1.0,-1.0,-1.0,-1.0,247000.0,0,9500.0,2,2,0,0,train,-1.0,2,1,1,-1.0,-1.0,-1.0,-1.0,-1.0,1.0,9500.0,9500.0,3
PH000536,AC000753,2,2,0,0,0,-1.0,-1.0,-1.0,-1.0,-1.0,-1.0,-1.0,-1.0,-1.0,-1.0,-1.0,-1.0,-1.0,-1.0,-1.0,-1.0,-1.0,-1.0,-1.0,247000.0,0,9500.0,2,2,0,0,train,-1.0,2,1,1,-1.0,-1.0,-1.0,-1.0,-1.0,1.0,9500.0,9500.0,3
PH002259,AC000756,3,0,1,0,0,31.0,0.0,0.0,4.0,0.0,23.258064516129032,31.483870967741936,375.0,0.8709677419354839,0.12903225806451613,1.0,1.0,8.032534722222222,82.39696759259259,0.0,7.0,0.0,0.12903225806451613,1.0,359100.0,413,6650.0,0,1,1,0,train,0.39,0,1,1,8.0,0.0,8.0,119.5,0.0,-1.0,-1.0,-1.0,1
PH002261,AC000758,3,0,1,0,0,17.0,0.0,0.0,3.0,0.0,20.764705882352942,40.0,352.0,0.8235294117647058,0.17647058823529413,1.0,1.0,39.30606481481482,89.43930555555555,0.0,0.0,0.0,0.17647058823529413,1.0,63450.0,720,1350.0,0,1,4,0,train,-1.0,5,2,1,7.0,0.0,3.0,232.0,0.0,-1.0,-1.0,-1.0,2
PH002262,AC000758,4,1,1,0,0,5.0,0.0,0.0,0.0,0.0,22.8,21.8,89.0,0.6,0.0,1.0,1.0,5.233645833333333,33.36175925925926,2.0,3.0,0.0,0.0,1.0,63450.0,720,1350.0,0,1,4,0,train,-1.0,5,2,1,7.0,0.0,3.0,232.0,0.0,-1.0,-1.0,-1.0,2
PH002268,AC000761,3,0,1,0,0,13.0,0.0,0.0,1.0,0.0,23.307692307692307,16.53846153846154,164.0,0.7692307692307693,0.07692307692307693,1.0,1.0,54.34381944444444,89.41196759259259,0.0,0.0,1.0,0.07692307692307693,1.0,1027000.0,42,39500.0,0,1,3,1,train,0.33,4,2,1,1.0,1.0,0.0,688.0,1.0,2.0,79000.0,39500.0,1
PH002269,AC000762,3,0,1,0,0,15.0,0.0,0.0,2.0,0.0,18.4,10.733333333333333,161.0,0.9333333333333333,0.13333333333333333,1.0,1.0,47.22199074074074,89.33490740740741,0.0,0.0,0.0,0.13333333333333333,1.0,94050.0,75,2850.0,0,3,2,1,train,0.35,1,0,1,4.0,1.0,2.0,473.5,0.25,1.0,8550.0,8550.0,3
PH002270,AC000762,0,1,1,0,0,2.0,0.0,0.0,0.0,0.0,13.5,48.0,53.0,0.0,0.0,1.0,1.0,28.42328703703704,40.406539351851855,0.0,1.0,0.0,0.0,1.0,94050.0,75,2850.0,0,3,2,1,train,0.35,1,0,1,4.0,1.0,2.0,473.5,0.25,1.0,8550.0,8550.0,3
PH002271,AC000762,4,2,0,0,0,-1.0,-1.0,-1.0,-1.0,-1.0,-1.0,-1.0,-1.0,-1.0,-1.0,-1.0,-1.0,-1.0,-1.0,-1.0,-1.0,-1.0,-1.0,-1.0,94050.0,75,2850.0,0,3,2,1,train,0.35,1,0,1,4.0,1.0,2.0,473.5,0.25,1.0,8550.0,8550.0,3
PH002272,AC000763,3,0,0,0,0,14.0,0.0,2.0,12.0,0.0,0.0,0.0,0.0,1.0,1.0,1.0,1.0,9.401342592592593,88.32975694444444,0.0,6.0,5.0,1.0,0.0,210900.0,68,11100.0,0,0,1,0,train,0.7,4,2,1,1.0,0.0,0.0,576.0,0.0,-1.0,-1.0,-1.0,2
PH002273,AC000763,0,1,1,0,0,14.0,1.0,0.0,3.0,0.0,12.214285714285714,30.285714285714285,371.0,0.7857142857142857,0.21428571428571427,1.0,1.0,26.35329861111111,74.26900462962963,0.0,1.0,2.0,0.2857142857142857,1.0,210900.0,68,11100.0,0,0,1,0,train,0.7,4,2,1,1.0,0.0,0.0,576.0,0.0,-1.0,-1.0,-1.0,2
PH002276,AC000765,3,0,0,0,0,6.0,2.0,0.0,0.0,0.0,25.833333333333332,2.6666666666666665,10.0,0.6666666666666666,0.0,1.0,1.0,62.355625,87.3615162037037,0.0,0.0,1.0,0.3333333333333333,1.0,70000.0,101,2800.0,0,1,2,1,train,0.53,2,1,1,5.0,1.0,1.0,343.6,0.2,1.0,11200.0,11200.0,1
PH002277,AC000766,3,0,1,0,0,36.0,0.0,0.0,4.0,0.0,16.63888888888889,18.083333333333332,342.0,0.8888888888888888,0.1111111111111111,2.0,2.0,2.3797569444444444,87.25545138888889,2.0,17.0,0.0,0.1111111111111111,1.0,43200.0,14,1600.0,0,3,0,0,train,0.45,3,0,1,3.0,0.0,2.0,246.0,0.0,-1.0,-1.0,-1.0,1
PH002282,AC000769,3,0,0,0,0,8.0,0.0,6.0,2.0,0.0,0.0,0.0,0.0,1.0,1.0,1.0,1.0,52.33695601851852,88.44827546296297,0.0,0.0,5.0,1.0,0.0,103500.0,87,2250.0,0,1,2,1,train,0.49,5,1,1,4.0,0.0,1.0,124.0,0.0,1.0,6750.0,6750.0,3
PH002283,AC000769,1,1,1,0,0,12.0,0.0,0.0,1.0,0.0,25.583333333333332,16.916666666666668,96.0,0.75,0.08333333333333333,1.0,1.0,13.009479166666667,51.35960648148148,0.0,8.0,0.0,0.08333333333333333,1.0,103500.0,87,2250.0,0,1,2,1,train,0.49,5,1,1,4.0,0.0,1.0,124.0,0.0,1.0,6750.0,6750.0,3
PH002284,AC000769,4,2,0,0,0,-1.0,-1.0,-1.0,-1.0,-1.0,-1.0,-1.0,-1.0,-1.0,-1.0,-1.0,-1.0,-1.0,-1.0,-1.0,-1.0,-1.0,-1.0,-1.0,103500.0,87,2250.0,0,1,2,1,train,0.49,5,1,1,4.0,0.0,1.0,124.0,0.0,1.0,6750.0,6750.0,3
PH002285,AC000770,3,0,1,0,0,15.0,0.0,1.0,1.0,0.0,25.866666666666667,40.13333333333333,256.0,0.7333333333333333,0.13333333333333333,2.0,2.0,59.34278935185185,89.27689814814815,0.0,0.0,2.0,0.13333333333333333,1.0,446500.0,15,11750.0,1,3,1,0,train,0.68,2,1,1,-1.0,-1.0,-1.0,-1.0,-1.0,1.0,11750.0,11750.0,3
PH002286,AC000770,0,1,0,0,0,-1.0,-1.0,-1.0,-1.0,-1.0,-1.0,-1.0,-1.0,-1.0,-1.0,-1.0,-1.0,-1.0,-1.0,-1.0,-1.0,-1.0,-1.0,-1.0,446500.0,15,11750.0,1,3,1,0,train,0.68,2,1,1,-1.0,-1.0,-1.0,-1.0,-1.0,1.0,11750.0,11750.0,3
PH000318,AC000770,2,2,0,0,0,-1.0,-1.0,-1.0,-1.0,-1.0,-1.0,-1.0,-1.0,-1.0,-1.0,-1.0,-1.0,-1.0,-1.0,-1.0,-1.0,-1.0,-1.0,-1.0,446500.0,15,11750.0,1,3,1,0,train,0.68,2,1,1,-1.0,-1.0,-1.0,-1.0,-1.0,1.0,11750.0,11750.0,3
PH002291,AC000772,3,0,1,0,0,6.0,0.0,0.0,0.0,0.0,19.333333333333332,22.333333333333332,49.0,0.5,0.0,2.0,2.0,55.2515162037037,84.40015046296297,0.0,0.0,0.0,0.0,1.0,49450.0,0,2150.0,0,1,0,0,train,-1.0,5,0,1,-1.0,-1.0,-1.0,-1.0,-1.0,3.0,2150.0,716.6666666666666,3
PH002292,AC000772,0,1,0,0,0,-1.0,-1.0,-1.0,-1.0,-1.0,-1.0,-1.0,-1.0,-1.0,-1.0,-1.0,-1.0,-1.0,-1.0,-1.0,-1.0,-1.0,-1.0,-1.0,49450.0,0,2150.0,0,1,0,0,train,-1.0,5,0,1,-1.0,-1.0,-1.0,-1.0,-1.0,3.0,2150.0,716.6666666666666,3
PH002293,AC000772,4,2,0,0,0,-1.0,-1.0,-1.0,-1.0,-1.0,-1.0,-1.0,-1.0,-1.0,-1.0,-1.0,-1.0,-1.0,-1.0,-1.0,-1.0,-1.0,-1.0,-1.0,49450.0,0,2150.0,0,1,0,0,train,-1.0,5,0,1,-1.0,-1.0,-1.0,-1.0,-1.0,3.0,2150.0,716.6666666666666,3
PH002294,AC000773,3,0,1,0,0,29.0,1.0,0.0,3.0,0.0,15.620689655172415,5.655172413793103,74.0,0.8620689655172413,0.10344827586206896,2.0,2.0,5.427974537037037,86.39761574074075,2.0,12.0,1.0,0.13793103448275862,1.0,531100.0,13,11300.0,0,1,1,1,train,-1.0,2,1,1,-1.0,-1.0,-1.0,-1.0,-1.0,-1.0,-1.0,-1.0,2
PH002295,AC000773,4,1,0,0,0,18.0,1.0,0.0,4.0,0.0,16.72222222222222,37.05555555555556,145.0,0.5555555555555556,0.2222222222222222,1.0,1.0,4.196354166666667,68.30333333333333,2.0,4.0,2.0,0.2777777777777778,1.0,531100.0,13,11300.0,0,1,1,1,train,-1.0,2,1,1,-1.0,-1.0,-1.0,-1.0,-1.0,-1.0,-1.0,-1.0,2
PH002296,AC000774,3,0,1,0,0,32.0,1.0,0.0,0.0,0.0,19.09375,33.53125,303.0,0.78125,0.0,2.0,2.0,2.0867708333333335,87.3219212962963,3.0,8.0,0.0,0.03125,1.0,266000.0,0,7000.0,1,2,1,0,train,0.14,0,2,1,1.0,0.0,0.0,328.0,0.0,-1.0,-1.0,-1.0,1
PH002297,AC000775,3,0,1,0,0,10.0,0.0,0.0,1.0,0.0,29.8,14.4,97.0,0.8,0.1,1.0,1.0,1.3426041666666666,86.33127314814814,1.0,1.0,0.0,0.1,1.0,171450.0,111,6350.0,0,2,5,4,train,0.29,0,1,1,2.0,0.0,1.0,138.5,0.0,-1.0,-1.0,-1.0,2
PH002298,AC000775,0,1,0,0,0,8.0,0.0,8.0,0.0,0.0,0.0,0.0,0.0,1.0,1.0,1.0,1.0,17.27806712962963,42.34791666666667,0.0,3.0,5.0,1.0,0.0,171450.0,111,6350.0,0,2,5,4,train,0.29,0,1,1,2.0,0.0,1.0,138.5,0.0,-1.0,-1.0,-1.0,2
PH002299,AC000776,3,0,0,0,0,8.0,0.0,1.0,7.0,0.0,0.0,0.0,0.0,1.0,1.0,2.0,2.0,72.06048611111112,88.30865740740741,0.0,0.0,5.0,1.0,0.0,204450.0,2,4350.0,0,5,0,0,train,-1.0,5,1,1,1.0,0.0,0.0,321.0,0.0,3.0,2900.0,966.6666666666666,2
PH002300,AC000776,0,1,1,0,0,31.0,0.0,0.0,2.0,0.0,25.741935483870968,53.29032258064516,265.0,0.5806451612903226,0.06451612903225806,1.0,1.0,2.4185069444444443,63.400486111111114,6.0,17.0,0.0,0.06451612903225806,1.0,204450.0,2,4350.0,0,5,0,0,train,-1.0,5,1,1,1.0,0.0,0.0,321.0,0.0,3.0,2900.0,966.6666666666666,2
PH002301,AC000777,3,0,1,0,0,10.0,0.0,7.0,1.0,0.0,5.2,33.1,331.0,0.9,0.8,1.0,1.0,2.398298611111111,89.32513888888889,2.0,4.0,3.0,0.8,1.0,78750.0,96,1750.0,0,2,0,0,train,0.67,0,1,0,3.0,0.0,1.0,125.0,0.0,1.0,5600.0,5600.0,3
PH000424,AC000777,2,1,0,0,0,4.0,1.0,0.0,0.0,0.0,26.0,36.5,91.0,0.5,0.0,1.0,1.0,17.395694444444445,66.39912037037037,0.0,1.0,1.0,0.25,1.0,78750.0,96,1750.0,0,2,0,0,train,0.67,0,1,0,3.0,0.0,1.0,125.0,0.0,1.0,5600.0,5600.0,3
PH002302,AC000777,4,2,0,0,0,8.0,1.0,0.0,0.0,0.0,21.0,50.875,148.0,0.5,0.0,1.0,1.0,3.3655902777777778,88.34953703703704,1.0,2.0,1.0,0.125,1.0,78750.0,96,1750.0,0,2,0,0,train,0.67,0,1,0,3.0,0.0,1.0,125.0,0.0,1.0,5600.0,5600.0,3
PH002322,AC000787,3,0,1,0,0,26.0,0.0,0.0,0.0,0.0,20.0,6.730769230769231,144.0,0.9230769230769231,0.0,1.0,1.0,7.414618055555556,88.38350694444445,0.0,8.0,0.0,0.0,1.0,44800.0,191,3200.0,0,3,4,0,train,0.71,1,2,1,9.0,0.0,4.0,167.88888888888889,0.0,1.0,22400.0,22400.0,2
PH002323,AC000787,4,1,0,0,0,12.0,0.0,0.0,1.0,0.0,18.333333333333332,59.916666666666664,143.0,0.3333333333333333,0.08333333333333333,1.0,1.0,2.439907407407407,46.388645833333335,3.0,5.0,1.0,0.08333333333333333,1.0,44800.0,191,3200.0,0,3,4,0,train,0.71,1,2,1,9.0,0.0,4.0,167.88888888888889,0.0,1.0,22400.0,22400.0,2
PH002324,AC000788,3,0,1,0,0,26.0,0.0,1.0,2.0,0.0,22.73076923076923,20.23076923076923,360.0,0.8076923076923077,0.11538461538461539,2.0,2.0,2.0285532407407407,80.39636574074073,4.0,13.0,1.0,0.11538461538461539,1.0,370300.0,4,8050.0,0,1,1,1,train,-1.0,0,1,1,-1.0,-1.0,-1.0,-1.0,-1.0,-1.0,-1.0,-1.0,1
PH002325,AC000789,3,0,1,0,0,21.0,0.0,4.0,5.0,0.0,12.904761904761905,68.19047619047619,342.0,0.6666666666666666,0.42857142857142855,1.0,1.0,3.2816666666666667,88.28591435185186,2.0,7.0,1.0,0.42857142857142855,1.0,627300.0,83,34850.0,0,3,1,0,train,0.79,4,2,1,2.0,0.0,1.0,198.5,0.0,1.0,51300.0,51300.0,3
PH002326,AC000789,1,1,0,0,0,-1.0,-1.0,-1.0,-1.0,-1.0,-1.0,-1.0,-1.0,-1.0,-1.0,-1.0,-1.0,-1.0,-1.0,-1.0,-1.0,-1.0,-1.0,-1.0,627300.0,83,34850.0,0,3,1,0,train,0.79,4,2,1,2.0,0.0,1.0,198.5,0.0,1.0,51300.0,51300.0,3
PH002327,AC000789,4,2,0,0,0,-1.0,-1.0,-1.0,-1.0,-1.0,-1.0,-1.0,-1.0,-1.0,-1.0,-1.0,-1.0,-1.0,-1.0,-1.0,-1.0,-1.0,-1.0,-1.0,627300.0,83,34850.0,0,3,1,0,train,0.79,4,2,1,2.0,0.0,1.0,198.5,0.0,1.0,51300.0,51300.0,3
PH002328,AC000790,3,0,1,0,0,25.0,0.0,0.0,0.0,0.0,30.32,35.04,345.0,0.72,0.0,1.0,1.0,5.374444444444444,87.40383101851852,2.0,11.0,0.0,0.0,1.0,56700.0,26,3150.0,0,3,2,2,train,0.09,0,1,1,-1.0,-1.0,-1.0,-1.0,-1.0,2.0,2400.0,1200.0,3
PH000508,AC000790,2,1,0,0,0,-1.0,-1.0,-1.0,-1.0,-1.0,-1.0,-1.0,-1.0,-1.0,-1.0,-1.0,-1.0,-1.0,-1.0,-1.0,-1.0,-1.0,-1.0,-1.0,56700.0,26,3150.0,0,3,2,2,train,0.09,0,1,1,-1.0,-1.0,-1.0,-1.0,-1.0,2.0,2400.0,1200.0,3
PH002329,AC000790,4,2,0,1,0,-1.0,-1.0,-1.0,-1.0,-1.0,-1.0,-1.0,-1.0,-1.0,-1.0,-1.0,-1.0,-1.0,-1.0,-1.0,-1.0,-1.0,-1.0,-1.0,56700.0,26,3150.0,0,3,2,2,train,0.09,0,1,1,-1.0,-1.0,-1.0,-1.0,-1.0,2.0,2400.0,1200.0,3
PH002330,AC000791,3,0,1,0,0,34.0,0.0,0.0,1.0,0.0,25.88235294117647,56.705882352941174,398.0,0.7058823529411765,0.029411764705882353,2.0,2.0,14.315474537037037,86.44998842592592,0.0,11.0,0.0,0.029411764705882353,1.0,98600.0,0,2900.0,1,1,0,0,train,0.44,1,1,1,-1.0,-1.0,-1.0,-1.0,-1.0,-1.0,-1.0,-1.0,3
PH000411,AC000791,2,1,0,0,0,5.0,1.0,0.0,1.0,0.0,19.0,47.0,122.0,0.6,0.2,1.0,1.0,3.3269907407407406,14.171793981481482,1.0,5.0,2.0,0.4,1.0,98600.0,0,2900.0,1,1,0,0,train,0.44,1,1,1,-1.0,-1.0,-1.0,-1.0,-1.0,-1.0,-1.0,-1.0,3
PH002331,AC000791,4,2,0,0,0,-1.0,-1.0,-1.0,-1.0,-1.0,-1.0,-1.0,-1.0,-1.0,-1.0,-1.0,-1.0,-1.0,-1.0,-1.0,-1.0,-1.0,-1.0,-1.0,98600.0,0,2900.0,1,1,0,0,train,0.44,1,1,1,-1.0,-1.0,-1.0,-1.0,-1.0,-1.0,-1.0,-1.0,3
PH002335,AC000793,3,0,0,0,0,9.0,0.0,3.0,6.0,0.0,0.0,0.0,0.0,1.0,1.0,1.0,1.0,0.13690972222222222,86.2955787037037,1.0,1.0,5.0,1.0,0.0,349450.0,32,12050.0,1,0,0,0,train,0.82,0,1,1,1.0,1.0,0.0,1284.0,1.0,-1.0,-1.0,-1.0,3
PH000310,AC000793,2,1,1,0,0,12.0,0.0,0.0,1.0,0.0,18.583333333333332,68.66666666666667,144.0,0.3333333333333333,0.08333333333333333,1.0,1.0,47.07769675925926,80.0207638888889,0.0,0.0,0.0,0.08333333333333333,1.0,349450.0,32,12050.0,1,0,0,0,train,0.82,0,1,1,1.0,1.0,0.0,1284.0,1.0,-1.0,-1.0,-1.0,3
PH002336,AC000793,4,2,1,0,0,15.0,1.0,0.0,0.0,0.0,21.0,58.4,131.0,0.4666666666666667,0.0,1.0,1.0,0.3692361111111111,45.352465277777775,2.0,12.0,1.0,0.06666666666666667,1.0,349450.0,32,12050.0,1,0,0,0,train,0.82,0,1,1,1.0,1.0,0.0,1284.0,1.0,-1.0,-1.0,-1.0,3
PH002337,AC000794,3,0,1,0,0,23.0,0.0,0.0,0.0,0.0,26.47826086956522,34.08695652173913,313.0,0.7391304347826086,0.0,1.0,1.0,11.263194444444444,87.36706018518518,0.0,6.0,0.0,0.0,1.0,28800.0,36,3600.0,1,1,1,0,train,0.62,1,2,1,-1.0,-1.0,-1.0,-1.0,-1.0,1.0,4200.0,4200.0,2
PH002338,AC000794,1,1,0,0,0,-1.0,-1.0,-1.0,-1.0,-1.0,-1.0,-1.0,-1.0,-1.0,-1.0,-1.0,-1.0,-1.0,-1.0,-1.0,-1.0,-1.0,-1.0,-1.0,28800.0,36,3600.0,1,1,1,0,train,0.62,1,2,1,-1.0,-1.0,-1.0,-1.0,-1.0,1.0,4200.0,4200.0,2
PH002339,AC000795,3,0,1,0,0,4.0,0.0,0.0,0.0,0.0,23.75,7.25,29.0,0.75,0.0,1.0,1.0,80.27070601851852,84.28966435185185,0.0,0.0,0.0,0.0,1.0,260100.0,29,7650.0,2,3,1,1,train,-1.0,0,1,1,-1.0,-1.0,-1.0,-1.0,-1.0,1.0,7650.0,7650.0,1
PH002342,AC000797,3,0,1,0,0,26.0,0.0,0.0,0.0,0.0,29.0,45.76923076923077,416.0,0.7307692307692307,0.0,1.0,1.0,3.044224537037037,88.32493055555555,4.0,9.0,0.0,0.0,1.0,388800.0,52,8100.0,2,1,1,0,train,0.64,2,1,1,4.0,0.0,1.0,213.5,0.0,1.0,2100.0,2100.0,1
PH002347,AC000801,3,0,0,0,0,8.0,0.0,0.0,0.0,0.0,35.625,0.0,0.0,1.0,0.0,1.0,1.0,75.34766203703704,89.42979166666667,0.0,0.0,0.0,0.0,0.0,77350.0,57,4550.0,1,2,1,0,train,0.75,1,1,1,-1.0,-1.0,-1.0,-1.0,-1.0,1.0,5500.0,5500.0,5
PH002348,AC000801,0,1,0,0,0,8.0,1.0,0.0,0.0,0.0,22.625,0.625,5.0,0.875,0.0,1.0,1.0,45.415868055555556,75.15980324074074,0.0,0.0,0.0,0.125,1.0,77350.0,57,4550.0,1,2,1,0,train,0.75,1,1,1,-1.0,-1.0,-1.0,-1.0,-1.0,1.0,5500.0,5500.0,5
PH002349,AC000801,1,2,1,0,0,16.0,0.0,0.0,1.0,0.0,29.5625,32.625,317.0,0.8125,0.0625,1.0,1.0,1.2606944444444443,45.03119212962963,5.0,12.0,0.0,0.0625,1.0,77350.0,57,4550.0,1,2,1,0,train,0.75,1,1,1,-1.0,-1.0,-1.0,-1.0,-1.0,1.0,5500.0,5500.0,5
PH000431,AC000801,2,3,0,0,0,-1.0,-1.0,-1.0,-1.0,-1.0,-1.0,-1.0,-1.0,-1.0,-1.0,-1.0,-1.0,-1.0,-1.0,-1.0,-1.0,-1.0,-1.0,-1.0,77350.0,57,4550.0,1,2,1,0,train,0.75,1,1,1,-1.0,-1.0,-1.0,-1.0,-1.0,1.0,5500.0,5500.0,5
PH002350,AC000801,4,4,0,0,0,-1.0,-1.0,-1.0,-1.0,-1.0,-1.0,-1.0,-1.0,-1.0,-1.0,-1.0,-1.0,-1.0,-1.0,-1.0,-1.0,-1.0,-1.0,-1.0,77350.0,57,4550.0,1,2,1,0,train,0.75,1,1,1,-1.0,-1.0,-1.0,-1.0,-1.0,1.0,5500.0,5500.0,5
PH002351,AC000802,3,0,1,0,0,26.0,0.0,0.0,3.0,0.0,29.346153846153847,40.46153846153846,396.0,0.8461538461538461,0.11538461538461539,1.0,1.0,25.000173611111112,88.32717592592593,0.0,2.0,0.0,0.11538461538461539,1.0,67650.0,44,1650.0,0,2,2,2,train,0.45,3,2,1,2.0,0.0,2.0,156.0,0.0,1.0,1700.0,1700.0,3
PH002352,AC000802,1,1,0,0,0,5.0,2.0,0.0,0.0,0.0,24.0,11.0,33.0,0.6,0.0,1.0,1.0,5.997546296296297,24.27466435185185,2.0,5.0,2.0,0.4,1.0,67650.0,44,1650.0,0,2,2,2,train,0.45,3,2,1,2.0,0.0,2.0,156.0,0.0,1.0,1700.0,1700.0,3
PH002353,AC000802,4,2,1,0,0,3.0,1.0,0.0,0.0,0.0,12.0,65.33333333333333,95.0,0.0,0.0,1.0,1.0,1.2906944444444444,4.2994212962962965,3.0,3.0,1.0,0.3333333333333333,1.0,67650.0,44,1650.0,0,2,2,2,train,0.45,3,2,1,2.0,0.0,2.0,156.0,0.0,1.0,1700.0,1700.0,3
PH002354,AC000803,3,0,0,0,0,14.0,2.0,0.0,0.0,0.0,25.928571428571427,27.214285714285715,122.0,0.6428571428571429,0.0,2.0,2.0,53.36548611111111,87.43760416666667,0.0,0.0,1.0,0.14285714285714285,1.0,84800.0,0,5300.0,0,2,0,0,train,0.26,0,2,1,5.0,0.0,1.0,180.0,0.0,-1.0,-1.0,-1.0,1
PH002355,AC000804,3,0,1,0,0,11.0,0.0,0.0,0.0,0.0,24.545454545454547,44.45454545454545,229.0,0.7272727272727273,0.0,1.0,1.0,1.2724537037037038,87.17774305555555,2.0,5.0,0.0,0.0,1.0,450450.0,120,11550.0,0,0,5,4,train,0.63,4,2,0,8.0,5.0,1.0,544.25,0.625,1.0,17600.0,17600.0,2
PH002356,AC000804,0,1,1,0,0,10.0,0.0,0.0,0.0,0.0,24.4,95.0,349.0,0.7,0.0,1.0,1.0,0.028796296296296296,87.4053587962963,3.0,4.0,0.0,0.0,1.0,450450.0,120,11550.0,0,0,5,4,train,0.63,4,2,0,8.0,5.0,1.0,544.25,0.625,1.0,17600.0,17600.0,2
PH002357,AC000805,3,0,1,0,0,26.0,0.0,0.0,1.0,0.0,23.307692307692307,9.961538461538462,202.0,0.8846153846153846,0.038461538461538464,1.0,1.0,7.281493055555556,89.27471064814814,0.0,3.0,0.0,0.038461538461538464,1.0,68400.0,59,1800.0,0,1,1,0,train,-1.0,5,2,1,5.0,0.0,3.0,148.6,0.0,-1.0,-1.0,-1.0,2
PH002358,AC000805,1,1,1,0,0,15.0,0.0,0.0,0.0,0.0,27.733333333333334,24.133333333333333,271.0,0.8666666666666667,0.0,1.0,1.0,23.032789351851854,54.021712962962965,0.0,4.0,0.0,0.0,1.0,68400.0,59,1800.0,0,1,1,0,train,-1.0,5,2,1,5.0,0.0,3.0,148.6,0.0,-1.0,-1.0,-1.0,2
PH002359,AC000806,3,0,1,0,0,8.0,0.0,0.0,3.0,0.0,9.5,40.875,194.0,0.5,0.375,2.0,2.0,61.14667824074074,87.4046875,0.0,0.0,1.0,0.375,1.0,188600.0,11,4100.0,0,1,0,0,train,0.0,1,2,1,-1.0,-1.0,-1.0,-1.0,-1.0,2.0,4100.0,2050.0,2
PH002360,AC000806,0,1,0,0,0,-1.0,-1.0,-1.0,-1.0,-1.0,-1.0,-1.0,-1.0,-1.0,-1.0,-1.0,-1.0,-1.0,-1.0,-1.0,-1.0,-1.0,-1.0,-1.0,188600.0,11,4100.0,0,1,0,0,train,0.0,1,2,1,-1.0,-1.0,-1.0,-1.0,-1.0,2.0,4100.0,2050.0,2
PH002361,AC000807,3,0,1,0,0,3.0,0.0,0.0,0.0,0.0,26.333333333333332,11.0,33.0,0.6666666666666666,0.0,1.0,1.0,73.39327546296296,86.33528935185186,0.0,0.0,0.0,0.0,1.0,44850.0,173,3450.0,0,3,5,2,train,0.78,1,1,1,2.0,1.0,1.0,444.5,0.5,1.0,20700.0,20700.0,1
PH002362,AC000808,3,0,1,0,0,17.0,0.0,2.0,2.0,0.0,17.647058823529413,44.23529411764706,354.0,0.6470588235294118,0.23529411764705882,1.0,1.0,21.335208333333334,81.37542824074075,0.0,1.0,0.0,0.23529411764705882,1.0,361100.0,608,15700.0,0,1,4,3,train,-1.0,2,1,1,8.0,1.0,0.0,403.75,0.125,-1.0,-1.0,-1.0,3
PH002363,AC000808,1,1,0,0,1,5.0,0.0,5.0,0.0,0.0,0.0,0.0,0.0,1.0,1.0,1.0,1.0,0.1038425925925926,20.287731481481483,4.0,5.0,5.0,1.0,0.0,361100.0,608,15700.0,0,1,4,3,train,-1.0,2,1,1,8.0,1.0,0.0,403.75,0.125,-1.0,-1.0,-1.0,3
PH002364,AC000808,4,2,0,0,0,-1.0,-1.0,-1.0,-1.0,-1.0,-1.0,-1.0,-1.0,-1.0,-1.0,-1.0,-1.0,-1.0,-1.0,-1.0,-1.0,-1.0,-1.0,-1.0,361100.0,608,15700.0,0,1,4,3,train,-1.0,2,1,1,8.0,1.0,0.0,403.75,0.125,-1.0,-1.0,-1.0,3
PH002365,AC000809,3,0,1,0,0,14.0,0.0,0.0,0.0,0.0,32.42857142857143,52.42857142857143,418.0,0.8571428571428571,0.0,1.0,1.0,28.270138888888887,88.30208333333333,0.0,1.0,0.0,0.0,1.0,81650.0,88,3550.0,0,3,2,0,train,-1.0,5,0,1,1.0,0.0,1.0,70.0,0.0,1.0,4800.0,4800.0,4
PH002366,AC000809,0,1,1,0,0,6.0,0.0,0.0,0.0,0.0,29.0,9.833333333333334,59.0,0.8333333333333334,0.0,1.0,1.0,9.28429398148148,25.284733796296297,0.0,6.0,0.0,0.0,1.0,81650.0,88,3550.0,0,3,2,0,train,-1.0,5,0,1,1.0,0.0,1.0,70.0,0.0,1.0,4800.0,4800.0,4
PH002367,AC000809,1,2,0,0,1,-1.0,-1.0,-1.0,-1.0,-1.0,-1.0,-1.0,-1.0,-1.0,-1.0,-1.0,-1.0,-1.0,-1.0,-1.0,-1.0,-1.0,-1.0,-1.0,81650.0,88,3550.0,0,3,2,0,train,-1.0,5,0,1,1.0,0.0,1.0,70.0,0.0,1.0,4800.0,4800.0,4
PH002368,AC000809,4,3,0,0,0,-1.0,-1.0,-1.0,-1.0,-1.0,-1.0,-1.0,-1.0,-1.0,-1.0,-1.0,-1.0,-1.0,-1.0,-1.0,-1.0,-1.0,-1.0,-1.0,81650.0,88,3550.0,0,3,2,0,train,-1.0,5,0,1,1.0,0.0,1.0,70.0,0.0,1.0,4800.0,4800.0,4
PH002369,AC000810,3,0,0,0,0,12.0,2.0,0.0,1.0,0.0,23.583333333333332,6.0,29.0,0.6666666666666666,0.08333333333333333,1.0,1.0,52.152199074074076,89.27300925925925,0.0,0.0,1.0,0.25,1.0,139400.0,133,3400.0,0,2,2,2,train,0.66,1,1,1,9.0,2.0,1.0,454.8888888888889,0.2222222222222222,-1.0,-1.0,-1.0,1
PH002370,AC000811,3,0,1,0,0,2.0,0.0,0.0,0.0,0.0,25.0,19.0,38.0,0.5,0.0,1.0,1.0,87.30799768518519,89.40969907407407,0.0,0.0,0.0,0.0,1.0,139500.0,0,4650.0,3,3,1,0,train,0.68,2,1,1,-1.0,-1.0,-1.0,-1.0,-1.0,2.0,4650.0,2325.0,2
PH002371,AC000811,0,1,0,0,0,-1.0,-1.0,-1.0,-1.0,-1.0,-1.0,-1.0,-1.0,-1.0,-1.0,-1.0,-1.0,-1.0,-1.0,-1.0,-1.0,-1.0,-1.0,-1.0,139500.0,0,4650.0,3,3,1,0,train,0.68,2,1,1,-1.0,-1.0,-1.0,-1.0,-1.0,2.0,4650.0,2325.0,2
PH002372,AC000812,3,0,0,0,0,24.0,0.0,19.0,5.0,0.0,0.0,0.0,0.0,1.0,1.0,1.0,1.0,0.008541666666666666,87.26040509259259,2.0,10.0,5.0,1.0,0.0,156200.0,82,7100.0,0,0,1,0,train,-1.0,0,2,1,6.0,3.0,2.0,577.1666666666666,0.5,-1.0,-1.0,-1.0,2
PH002373,AC000812,1,1,1,0,0,7.0,2.0,0.0,0.0,0.0,27.285714285714285,11.142857142857142,38.0,0.5714285714285714,0.0,1.0,1.0,45.36162037037037,67.11486111111111,0.0,0.0,1.0,0.2857142857142857,1.0,156200.0,82,7100.0,0,0,1,0,train,-1.0,0,2,1,6.0,3.0,2.0,577.1666666666666,0.5,-1.0,-1.0,-1.0,2
PH002374,AC000813,3,0,1,0,0,2.0,0.0,0.0,0.0,0.0,20.0,81.5,163.0,0.5,0.0,1.0,1.0,85.37592592592593,86.43011574074075,0.0,0.0,0.0,0.0,1.0,10150.0,26,1450.0,1,1,0,0,train,0.75,1,2,1,-1.0,-1.0,-1.0,-1.0,-1.0,1.0,1450.0,1450.0,2
PH002375,AC000813,0,1,0,0,0,-1.0,-1.0,-1.0,-1.0,-1.0,-1.0,-1.0,-1.0,-1.0,-1.0,-1.0,-1.0,-1.0,-1.0,-1.0,-1.0,-1.0,-1.0,-1.0,10150.0,26,1450.0,1,1,0,0,train,0.75,1,2,1,-1.0,-1.0,-1.0,-1.0,-1.0,1.0,1450.0,1450.0,2
PH002378,AC000815,3,0,0,0,0,16.0,0.0,0.0,2.0,0.0,23.0625,0.0,0.0,1.0,0.125,2.0,2.0,10.368900462962962,88.35246527777778,0.0,8.0,0.0,0.125,0.0,167900.0,9,3650.0,0,3,1,1,train,0.3,5,1,1,-1.0,-1.0,-1.0,-1.0,-1.0,-1.0,-1.0,-1.0,2
PH002379,AC000815,4,1,0,0,0,10.0,0.0,0.0,2.0,0.0,27.9,13.5,135.0,0.9,0.2,1.0,1.0,5.337141203703704,45.277488425925924,1.0,3.0,1.0,0.2,1.0,167900.0,9,3650.0,0,3,1,1,train,0.3,5,1,1,-1.0,-1.0,-1.0,-1.0,-1.0,-1.0,-1.0,-1.0,2
PH002380,AC000816,3,0,1,0,0,30.0,1.0,0.0,3.0,0.0,19.333333333333332,14.4,356.0,0.9,0.1,2.0,2.0,1.134074074074074,84.42278935185185,6.0,16.0,1.0,0.13333333333333333,1.0,1848000.0,0,38500.0,0,1,0,0,train,-1.0,5,2,1,-1.0,-1.0,-1.0,-1.0,-1.0,-1.0,-1.0,-1.0,1
PH002384,AC000818,3,0,1,0,0,31.0,0.0,0.0,1.0,0.0,23.774193548387096,39.806451612903224,229.0,0.6451612903225806,0.03225806451612903,1.0,1.0,0.4089467592592593,87.29072916666667,3.0,12.0,1.0,0.03225806451612903,1.0,171600.0,90,4400.0,0,1,2,1,train,0.65,5,0,1,8.0,1.0,0.0,283.75,0.125,-1.0,-1.0,-1.0,3
PH002385,AC000818,0,1,0,0,0,-1.0,-1.0,-1.0,-1.0,-1.0,-1.0,-1.0,-1.0,-1.0,-1.0,-1.0,-1.0,-1.0,-1.0,-1.0,-1.0,-1.0,-1.0,-1.0,171600.0,90,4400.0,0,1,2,1,train,0.65,5,0,1,8.0,1.0,0.0,283.75,0.125,-1.0,-1.0,-1.0,3
PH002386,AC000818,1,2,0,0,0,-1.0,-1.0,-1.0,-1.0,-1.0,-1.0,-1.0,-1.0,-1.0,-1.0,-1.0,-1.0,-1.0,-1.0,-1.0,-1.0,-1.0,-1.0,-1.0,171600.0,90,4400.0,0,1,2,1,train,0.65,5,0,1,8.0,1.0,0.0,283.75,0.125,-1.0,-1.0,-1.0,3
PH002390,AC000820,3,0,0,0,0,14.0,1.0,0.0,0.0,0.0,17.5,0.6428571428571429,9.0,0.9285714285714286,0.0,1.0,1.0,7.241863425925926,88.42684027777777,0.0,6.0,0.0,0.07142857142857142,1.0,141000.0,87,4700.0,0,0,3,3,train,0.94,1,0,1,6.0,0.0,1.0,249.5,0.0,-1.0,-1.0,-1.0,2
PH002391,AC000820,4,1,0,0,0,8.0,0.0,0.0,2.0,0.0,25.5,14.375,115.0,0.875,0.25,1.0,1.0,42.250625,62.40550925925926,0.0,0.0,1.0,0.25,1.0,141000.0,87,4700.0,0,0,3,3,train,0.94,1,0,1,6.0,0.0,1.0,249.5,0.0,-1.0,-1.0,-1.0,2
PH002392,AC000821,3,0,1,0,0,34.0,2.0,0.0,2.0,0.0,15.882352941176471,9.764705882352942,248.0,0.8823529411764706,0.058823529411764705,2.0,2.0,9.407430555555555,84.44194444444445,0.0,17.0,0.0,0.11764705882352941,1.0,231400.0,0,8900.0,2,1,0,0,train,0.67,0,1,1,2.0,0.0,0.0,229.0,0.0,-1.0,-1.0,-1.0,1
PH002395,AC000823,3,0,1,0,0,27.0,0.0,0.0,0.0,0.0,25.333333333333332,75.18518518518519,415.0,0.5925925925925926,0.0,1.0,1.0,40.35261574074074,89.35376157407407,0.0,0.0,0.0,0.0,1.0,132800.0,49,4150.0,0,0,0,0,train,0.67,2,2,1,1.0,1.0,0.0,832.0,1.0,2.0,8300.0,4150.0,2
PH002396,AC000823,4,1,0,0,0,-1.0,-1.0,-1.0,-1.0,-1.0,-1.0,-1.0,-1.0,-1.0,-1.0,-1.0,-1.0,-1.0,-1.0,-1.0,-1.0,-1.0,-1.0,-1.0,132800.0,49,4150.0,0,0,0,0,train,0.67,2,2,1,1.0,1.0,0.0,832.0,1.0,2.0,8300.0,4150.0,2
PH002397,AC000824,3,0,1,0,0,3.0,0.0,0.0,0.0,0.0,21.0,22.333333333333332,35.0,0.3333333333333333,0.0,1.0,1.0,79.42368055555555,86.38159722222223,0.0,0.0,0.0,0.0,1.0,249600.0,29,6400.0,0,3,2,0,train,-1.0,2,1,1,-1.0,-1.0,-1.0,-1.0,-1.0,1.0,6400.0,6400.0,2
PH002398,AC000824,0,1,0,0,0,-1.0,-1.0,-1.0,-1.0,-1.0,-1.0,-1.0,-1.0,-1.0,-1.0,-1.0,-1.0,-1.0,-1.0,-1.0,-1.0,-1.0,-1.0,-1.0,249600.0,29,6400.0,0,3,2,0,train,-1.0,2,1,1,-1.0,-1.0,-1.0,-1.0,-1.0,1.0,6400.0,6400.0,2
PH002399,AC000825,3,0,1,0,0,7.0,0.0,0.0,0.0,0.0,19.285714285714285,82.28571428571429,360.0,0.5714285714285714,0.0,1.0,1.0,66.38553240740741,89.26474537037036,0.0,0.0,0.0,0.0,1.0,30500.0,64,3050.0,0,3,0,0,train,0.5,1,2,1,2.0,0.0,1.0,152.0,0.0,1.0,9150.0,9150.0,3
PH002400,AC000825,1,1,0,0,0,-1.0,-1.0,-1.0,-1.0,-1.0,-1.0,-1.0,-1.0,-1.0,-1.0,-1.0,-1.0,-1.0,-1.0,-1.0,-1.0,-1.0,-1.0,-1.0,30500.0,64,3050.0,0,3,0,0,train,0.5,1,2,1,2.0,0.0,1.0,152.0,0.0,1.0,9150.0,9150.0,3
PH002401,AC000825,4,2,0,0,0,-1.0,-1.0,-1.0,-1.0,-1.0,-1.0,-1.0,-1.0,-1.0,-1.0,-1.0,-1.0,-1.0,-1.0,-1.0,-1.0,-1.0,-1.0,-1.0,30500.0,64,3050.0,0,3,0,0,train,0.5,1,2,1,2.0,0.0,1.0,152.0,0.0,1.0,9150.0,9150.0,3
PH002402,AC000826,3,0,1,0,0,13.0,0.0,0.0,1.0,0.0,26.0,15.307692307692308,110.0,0.8461538461538461,0.07692307692307693,1.0,1.0,2.323935185185185,82.34751157407408,2.0,6.0,0.0,0.07692307692307693,1.0,129600.0,113,7200.0,0,2,5,3,train,0.36,0,1,1,9.0,2.0,2.0,268.1111111111111,0.2222222222222222,-1.0,-1.0,-1.0,3
PH002403,AC000826,0,1,0,0,0,-1.0,-1.0,-1.0,-1.0,-1.0,-1.0,-1.0,-1.0,-1.0,-1.0,-1.0,-1.0,-1.0,-1.0,-1.0,-1.0,-1.0,-1.0,-1.0,129600.0,113,7200.0,0,2,5,3,train,0.36,0,1,1,9.0,2.0,2.0,268.1111111111111,0.2222222222222222,-1.0,-1.0,-1.0,3
PH002404,AC000826,4,2,0,0,0,-1.0,-1.0,-1.0,-1.0,-1.0,-1.0,-1.0,-1.0,-1.0,-1.0,-1.0,-1.0,-1.0,-1.0,-1.0,-1.0,-1.0,-1.0,-1.0,129600.0,113,7200.0,0,2,5,3,train,0.36,0,1,1,9.0,2.0,2.0,268.1111111111111,0.2222222222222222,-1.0,-1.0,-1.0,3
PH002410,AC000829,3,0,1,0,0,13.0,0.0,0.0,0.0,0.0,24.307692307692307,111.76923076923077,405.0,0.46153846153846156,0.0,1.0,1.0,30.319131944444443,87.33347222222223,0.0,0.0,0.0,0.0,1.0,23600.0,42,2950.0,0,3,2,2,train,-1.0,1,1,1,2.0,0.0,1.0,77.0,0.0,2.0,5900.0,2950.0,4
PH002411,AC000829,0,1,0,0,0,-1.0,-1.0,-1.0,-1.0,-1.0,-1.0,-1.0,-1.0,-1.0,-1.0,-1.0,-1.0,-1.0,-1.0,-1.0,-1.0,-1.0,-1.0,-1.0,23600.0,42,2950.0,0,3,2,2,train,-1.0,1,1,1,2.0,0.0,1.0,77.0,0.0,2.0,5900.0,2950.0,4
PH000332,AC000829,2,2,0,0,0,-1.0,-1.0,-1.0,-1.0,-1.0,-1.0,-1.0,-1.0,-1.0,-1.0,-1.0,-1.0,-1.0,-1.0,-1.0,-1.0,-1.0,-1.0,-1.0,23600.0,42,2950.0,0,3,2,2,train,-1.0,1,1,1,2.0,0.0,1.0,77.0,0.0,2.0,5900.0,2950.0,4
PH002412,AC000829,4,3,0,0,0,-1.0,-1.0,-1.0,-1.0,-1.0,-1.0,-1.0,-1.0,-1.0,-1.0,-1.0,-1.0,-1.0,-1.0,-1.0,-1.0,-1.0,-1.0,-1.0,23600.0,42,2950.0,0,3,2,2,train,-1.0,1,1,1,2.0,0.0,1.0,77.0,0.0,2.0,5900.0,2950.0,4
PH002413,AC000830,3,0,0,0,0,11.0,2.0,0.0,0.0,0.0,19.636363636363637,58.54545454545455,135.0,0.36363636363636365,0.0,1.0,1.0,11.425706018518518,88.30552083333333,0.0,3.0,0.0,0.18181818181818182,1.0,121600.0,192,3200.0,0,4,5,2,train,0.15,1,1,1,-1.0,-1.0,-1.0,-1.0,-1.0,1.0,17400.0,17400.0,2
PH002414,AC000830,4,1,1,0,0,14.0,0.0,0.0,1.0,0.0,20.642857142857142,43.42857142857143,134.0,0.5714285714285714,0.07142857142857142,1.0,1.0,4.411493055555556,62.38659722222222,2.0,6.0,1.0,0.07142857142857142,1.0,121600.0,192,3200.0,0,4,5,2,train,0.15,1,1,1,-1.0,-1.0,-1.0,-1.0,-1.0,1.0,17400.0,17400.0,2
PH002415,AC000831,3,0,1,0,0,3.0,0.0,0.0,0.0,0.0,16.0,136.33333333333334,381.0,0.3333333333333333,0.0,1.0,1.0,84.9973611111111,89.01365740740741,0.0,0.0,0.0,0.0,1.0,337750.0,77,9650.0,1,2,5,1,train,0.92,2,1,0,-1.0,-1.0,-1.0,-1.0,-1.0,1.0,28950.0,28950.0,2
PH002416,AC000831,4,1,0,0,0,3.0,0.0,0.0,2.0,0.0,2.0,37.333333333333336,112.0,0.6666666666666666,0.6666666666666666,1.0,1.0,85.45265046296296,89.36744212962962,0.0,0.0,2.0,0.6666666666666666,1.0,337750.0,77,9650.0,1,2,5,1,train,0.92,2,1,0,-1.0,-1.0,-1.0,-1.0,-1.0,1.0,28950.0,28950.0,2
PH002417,AC000832,3,0,0,0,0,20.0,0.0,17.0,3.0,0.0,0.0,0.0,0.0,1.0,1.0,1.0,1.0,6.418773148148148,88.30991898148149,1.0,1.0,5.0,1.0,0.0,76000.0,68,3800.0,0,4,0,0,train,0.18,5,2,1,4.0,2.0,0.0,560.25,0.5,-1.0,-1.0,-1.0,2
PH002418,AC000832,1,1,1,0,0,10.0,2.0,0.0,0.0,0.0,29.1,5.3,30.0,0.7,0.0,1.0,1.0,55.387430555555554,77.40229166666667,0.0,0.0,0.0,0.2,1.0,76000.0,68,3800.0,0,4,0,0,train,0.18,5,2,1,4.0,2.0,0.0,560.25,0.5,-1.0,-1.0,-1.0,2
PH002424,AC000835,3,0,0,0,0,10.0,2.0,0.0,1.0,0.0,30.4,5.3,32.0,0.8,0.1,2.0,2.0,10.416261574074074,88.4009837962963,0.0,2.0,0.0,0.3,1.0,282000.0,0,7050.0,0,2,2,1,train,-1.0,2,1,1,1.0,0.0,1.0,50.0,0.0,-1.0,-1.0,-1.0,3
PH002425,AC000835,0,1,1,0,0,26.0,1.0,0.0,1.0,0.0,28.53846153846154,40.5,334.0,0.7307692307692307,0.038461538461538464,2.0,2.0,2.034375,63.17837962962963,4.0,7.0,0.0,0.07692307692307693,1.0,282000.0,0,7050.0,0,2,2,1,train,-1.0,2,1,1,1.0,0.0,1.0,50.0,0.0,-1.0,-1.0,-1.0,3
PH002426,AC000835,4,2,0,0,0,8.0,1.0,0.0,0.0,0.0,20.0,11.875,76.0,0.75,0.0,1.0,1.0,13.397893518518519,31.400868055555556,0.0,7.0,1.0,0.125,1.0,282000.0,0,7050.0,0,2,2,1,train,-1.0,2,1,1,1.0,0.0,1.0,50.0,0.0,-1.0,-1.0,-1.0,3
PH002427,AC000836,3,0,1,0,0,26.0,0.0,0.0,2.0,0.0,23.846153846153847,30.153846153846153,331.0,0.7307692307692307,0.07692307692307693,1.0,1.0,11.170509259259259,89.29425925925926,0.0,8.0,0.0,0.07692307692307693,1.0,325800.0,85,36200.0,0,1,0,0,train,0.46,4,2,1,-1.0,-1.0,-1.0,-1.0,-1.0,2.0,108600.0,54300.0,3
PH002428,AC000836,0,1,0,0,0,-1.0,-1.0,-1.0,-1.0,-1.0,-1.0,-1.0,-1.0,-1.0,-1.0,-1.0,-1.0,-1.0,-1.0,-1.0,-1.0,-1.0,-1.0,-1.0,325800.0,85,36200.0,0,1,0,0,train,0.46,4,2,1,-1.0,-1.0,-1.0,-1.0,-1.0,2.0,108600.0,54300.0,3
PH002429,AC000836,4,2,0,0,0,-1.0,-1.0,-1.0,-1.0,-1.0,-1.0,-1.0,-1.0,-1.0,-1.0,-1.0,-1.0,-1.0,-1.0,-1.0,-1.0,-1.0,-1.0,-1.0,325800.0,85,36200.0,0,1,0,0,train,0.46,4,2,1,-1.0,-1.0,-1.0,-1.0,-1.0,2.0,108600.0,54300.0,3
PH002430,AC000837,3,0,1,0,0,10.0,0.0,0.0,2.0,0.0,28.6,32.0,320.0,0.9,0.2,1.0,1.0,61.21597222222222,87.27846064814815,0.0,0.0,1.0,0.2,1.0,353600.0,179,10400.0,0,1,3,3,train,0.7,0,2,1,8.0,6.0,1.0,851.125,0.75,1.0,18900.0,18900.0,2
PH002431,AC000837,0,1,1,0,0,13.0,0.0,0.0,0.0,0.0,26.692307692307693,67.23076923076923,380.0,0.6153846153846154,0.0,1.0,1.0,1.3119907407407407,56.337361111111115,2.0,8.0,0.0,0.0,1.0,353600.0,179,10400.0,0,1,3,3,train,0.7,0,2,1,8.0,6.0,1.0,851.125,0.75,1.0,18900.0,18900.0,2
PH002433,AC000839,3,0,1,0,0,15.0,0.0,0.0,0.0,0.0,28.733333333333334,45.93333333333333,361.0,0.7333333333333333,0.0,2.0,2.0,42.059571759259256,80.31361111111111,0.0,0.0,0.0,0.0,1.0,52000.0,0,4000.0,0,1,0,0,train,-1.0,2,1,1,-1.0,-1.0,-1.0,-1.0,-1.0,1.0,4000.0,4000.0,2
PH002434,AC000839,4,1,0,0,0,-1.0,-1.0,-1.0,-1.0,-1.0,-1.0,-1.0,-1.0,-1.0,-1.0,-1.0,-1.0,-1.0,-1.0,-1.0,-1.0,-1.0,-1.0,-1.0,52000.0,0,4000.0,0,1,0,0,train,-1.0,2,1,1,-1.0,-1.0,-1.0,-1.0,-1.0,1.0,4000.0,4000.0,2
PH002435,AC000840,3,0,1,0,0,23.0,0.0,0.0,0.0,0.0,27.304347826086957,21.73913043478261,200.0,0.782608695652174,0.0,1.0,1.0,33.28208333333333,74.4033449074074,0.0,0.0,0.0,0.0,1.0,402000.0,125,13400.0,0,2,2,2,train,-1.0,2,1,1,8.0,0.0,2.0,197.375,0.0,-1.0,-1.0,-1.0,2
PH002436,AC000840,4,1,1,0,0,9.0,0.0,0.0,0.0,0.0,25.22222222222222,83.44444444444444,326.0,0.6666666666666666,0.0,1.0,1.0,1.9990277777777778,32.257523148148145,2.0,5.0,0.0,0.0,1.0,402000.0,125,13400.0,0,2,2,2,train,-1.0,2,1,1,8.0,0.0,2.0,197.375,0.0,-1.0,-1.0,-1.0,2
PH002438,AC000842,3,0,1,0,0,20.0,0.0,0.0,1.0,0.0,26.65,21.95,147.0,0.75,0.05,1.0,1.0,4.389201388888889,86.39855324074074,2.0,4.0,0.0,0.05,1.0,224400.0,47,10200.0,0,0,1,1,train,0.46,0,1,1,-1.0,-1.0,-1.0,-1.0,-1.0,1.0,13900.0,13900.0,2
PH002439,AC000842,1,1,0,0,0,4.0,2.0,0.0,0.0,0.0,20.0,6.5,13.0,0.5,0.0,1.0,1.0,67.42613425925926,71.41716435185185,0.0,0.0,2.0,0.5,1.0,224400.0,47,10200.0,0,0,1,1,train,0.46,0,1,1,-1.0,-1.0,-1.0,-1.0,-1.0,1.0,13900.0,13900.0,2
PH002440,AC000843,3,0,1,0,0,23.0,0.0,0.0,2.0,0.0,24.956521739130434,34.21739130434783,284.0,0.782608695652174,0.08695652173913043,1.0,1.0,3.3121643518518518,87.34061342592592,2.0,9.0,1.0,0.08695652173913043,1.0,56050.0,78,2950.0,0,0,4,4,train,0.82,0,1,1,7.0,1.0,4.0,293.42857142857144,0.14285714285714285,-1.0,-1.0,-1.0,2
PH002441,AC000843,4,1,0,0,0,-1.0,-1.0,-1.0,-1.0,-1.0,-1.0,-1.0,-1.0,-1.0,-1.0,-1.0,-1.0,-1.0,-1.0,-1.0,-1.0,-1.0,-1.0,-1.0,56050.0,78,2950.0,0,0,4,4,train,0.82,0,1,1,7.0,1.0,4.0,293.42857142857144,0.14285714285714285,-1.0,-1.0,-1.0,2
PH002446,AC000845,3,0,1,0,0,33.0,0.0,0.0,1.0,0.0,21.181818181818183,78.0909090909091,412.0,0.5151515151515151,0.030303030303030304,1.0,1.0,5.06011574074074,87.37284722222222,2.0,8.0,0.0,0.030303030303030304,1.0,84600.0,29,1800.0,0,0,3,2,train,0.0,3,0,1,-1.0,-1.0,-1.0,-1.0,-1.0,2.0,600.0,300.0,2
PH002447,AC000845,1,1,0,0,0,-1.0,-1.0,-1.0,-1.0,-1.0,-1.0,-1.0,-1.0,-1.0,-1.0,-1.0,-1.0,-1.0,-1.0,-1.0,-1.0,-1.0,-1.0,-1.0,84600.0,29,1800.0,0,0,3,2,train,0.0,3,0,1,-1.0,-1.0,-1.0,-1.0,-1.0,2.0,600.0,300.0,2
PH002451,AC000847,3,0,1,0,0,5.0,0.0,0.0,1.0,0.0,23.2,13.0,41.0,0.6,0.2,1.0,1.0,77.27393518518518,89.38665509259259,0.0,0.0,1.0,0.2,1.0,22750.0,58,1750.0,0,4,1,0,train,-1.0,5,0,1,-1.0,-1.0,-1.0,-1.0,-1.0,1.0,3500.0,3500.0,2
PH002452,AC000847,4,1,0,0,0,-1.0,-1.0,-1.0,-1.0,-1.0,-1.0,-1.0,-1.0,-1.0,-1.0,-1.0,-1.0,-1.0,-1.0,-1.0,-1.0,-1.0,-1.0,-1.0,22750.0,58,1750.0,0,4,1,0,train,-1.0,5,0,1,-1.0,-1.0,-1.0,-1.0,-1.0,1.0,3500.0,3500.0,2
PH002453,AC000848,3,0,1,0,0,15.0,0.0,0.0,0.0,0.0,30.2,24.4,303.0,0.8666666666666667,0.0,1.0,1.0,63.451909722222226,89.30737268518519,0.0,0.0,0.0,0.0,1.0,506850.0,32,16350.0,0,3,3,1,train,0.63,0,1,1,3.0,1.0,0.0,231.33333333333334,0.3333333333333333,-1.0,-1.0,-1.0,3
PH002454,AC000848,1,1,0,0,1,4.0,2.0,0.0,1.0,0.0,6.5,15.75,40.0,0.5,0.25,1.0,1.0,58.218402777777776,61.37145833333334,0.0,0.0,3.0,0.75,1.0,506850.0,32,16350.0,0,3,3,1,train,0.63,0,1,1,3.0,1.0,0.0,231.33333333333334,0.3333333333333333,-1.0,-1.0,-1.0,3
PH000571,AC000848,2,2,1,0,0,22.0,0.0,0.0,3.0,0.0,17.045454545454547,38.81818181818182,137.0,0.5,0.13636363636363635,1.0,1.0,2.3353703703703705,56.38741898148148,3.0,8.0,0.0,0.13636363636363635,1.0,506850.0,32,16350.0,0,3,3,1,train,0.63,0,1,1,3.0,1.0,0.0,231.33333333333334,0.3333333333333333,-1.0,-1.0,-1.0,3
PH002455,AC000849,3,0,1,0,0,35.0,0.0,0.0,6.0,0.0,24.62857142857143,9.82857142857143,181.0,0.9428571428571428,0.17142857142857143,1.0,1.0,6.157986111111111,89.37421296296296,2.0,7.0,1.0,0.17142857142857143,1.0,164700.0,32,6100.0,0,5,0,0,train,0.55,0,2,1,3.0,0.0,3.0,64.0,0.0,-1.0,-1.0,-1.0,1
PH002456,AC000850,3,0,1,0,0,18.0,1.0,0.0,0.0,0.0,24.055555555555557,42.333333333333336,369.0,0.7222222222222222,0.0,1.0,1.0,0.39990740740740743,89.28769675925926,4.0,6.0,0.0,0.05555555555555555,1.0,66000.0,80,6600.0,1,2,4,2,train,0.98,0,1,1,4.0,0.0,0.0,396.25,0.0,1.0,4600.0,4600.0,3
PH002457,AC000850,0,1,0,0,0,-1.0,-1.0,-1.0,-1.0,-1.0,-1.0,-1.0,-1.0,-1.0,-1.0,-1.0,-1.0,-1.0,-1.0,-1.0,-1.0,-1.0,-1.0,-1.0,66000.0,80,6600.0,1,2,4,2,train,0.98,0,1,1,4.0,0.0,0.0,396.25,0.0,1.0,4600.0,4600.0,3
PH002458,AC000850,4,2,0,0,0,-1.0,-1.0,-1.0,-1.0,-1.0,-1.0,-1.0,-1.0,-1.0,-1.0,-1.0,-1.0,-1.0,-1.0,-1.0,-1.0,-1.0,-1.0,-1.0,66000.0,80,6600.0,1,2,4,2,train,0.98,0,1,1,4.0,0.0,0.0,396.25,0.0,1.0,4600.0,4600.0,3
PH002459,AC000851,3,0,1,0,0,9.0,0.0,0.0,2.0,0.0,20.22222222222222,92.11111111111111,408.0,0.6666666666666666,0.2222222222222222,1.0,1.0,35.231712962962966,62.06237268518519,0.0,0.0,2.0,0.2222222222222222,1.0,26100.0,29,1450.0,0,3,2,1,train,0.4,5,0,0,1.0,0.0,1.0,32.0,0.0,3.0,1450.0,483.3333333333333,3
PH002460,AC000851,0,1,1,0,0,8.0,0.0,0.0,0.0,0.0,31.625,5.75,46.0,0.875,0.0,1.0,1.0,31.446643518518517,82.27179398148148,0.0,0.0,0.0,0.0,1.0,26100.0,29,1450.0,0,3,2,1,train,0.4,5,0,0,1.0,0.0,1.0,32.0,0.0,3.0,1450.0,483.3333333333333,3
PH002461,AC000851,1,2,1,0,0,12.0,0.0,0.0,0.0,0.0,30.5,46.916666666666664,324.0,0.75,0.0,1.0,1.0,34.07762731481481,82.22450231481481,0.0,0.0,0.0,0.0,1.0,26100.0,29,1450.0,0,3,2,1,train,0.4,5,0,0,1.0,0.0,1.0,32.0,0.0,3.0,1450.0,483.3333333333333,3
PH002462,AC000852,3,0,1,0,0,25.0,0.0,0.0,2.0,0.0,21.28,61.32,343.0,0.68,0.08,2.0,2.0,9.352858796296296,89.29900462962964,0.0,6.0,0.0,0.08,1.0,110550.0,0,3350.0,1,1,0,0,train,0.14,1,1,1,-1.0,-1.0,-1.0,-1.0,-1.0,2.0,1800.0,900.0,1
PH002463,AC000853,3,0,1,0,0,18.0,0.0,1.0,1.0,0.0,24.166666666666668,63.333333333333336,420.0,0.7222222222222222,0.1111111111111111,1.0,1.0,7.444768518518519,88.39056712962963,0.0,2.0,1.0,0.1111111111111111,1.0,287000.0,45,8200.0,0,0,2,0,train,0.27,0,1,1,4.0,1.0,0.0,501.75,0.25,2.0,9900.0,4950.0,4
PH002464,AC000853,0,1,0,0,0,-1.0,-1.0,-1.0,-1.0,-1.0,-1.0,-1.0,-1.0,-1.0,-1.0,-1.0,-1.0,-1.0,-1.0,-1.0,-1.0,-1.0,-1.0,-1.0,287000.0,45,8200.0,0,0,2,0,train,0.27,0,1,1,4.0,1.0,0.0,501.75,0.25,2.0,9900.0,4950.0,4
PH000254,AC000853,2,2,0,0,0,-1.0,-1.0,-1.0,-1.0,-1.0,-1.0,-1.0,-1.0,-1.0,-1.0,-1.0,-1.0,-1.0,-1.0,-1.0,-1.0,-1.0,-1.0,-1.0,287000.0,45,8200.0,0,0,2,0,train,0.27,0,1,1,4.0,1.0,0.0,501.75,0.25,2.0,9900.0,4950.0,4
PH002465,AC000853,4,3,0,0,0,-1.0,-1.0,-1.0,-1.0,-1.0,-1.0,-1.0,-1.0,-1.0,-1.0,-1.0,-1.0,-1.0,-1.0,-1.0,-1.0,-1.0,-1.0,-1.0,287000.0,45,8200.0,0,0,2,0,train,0.27,0,1,1,4.0,1.0,0.0,501.75,0.25,2.0,9900.0,4950.0,4
PH002466,AC000854,3,0,1,0,0,12.0,0.0,0.0,1.0,0.0,23.416666666666668,46.166666666666664,340.0,0.6666666666666666,0.08333333333333333,1.0,1.0,65.27,89.41401620370371,0.0,0.0,0.0,0.08333333333333333,1.0,1539400.0,81,35800.0,0,2,2,2,train,0.48,4,2,1,2.0,0.0,2.0,89.0,0.0,1.0,107400.0,107400.0,2
PH002467,AC000854,4,1,0,0,0,-1.0,-1.0,-1.0,-1.0,-1.0,-1.0,-1.0,-1.0,-1.0,-1.0,-1.0,-1.0,-1.0,-1.0,-1.0,-1.0,-1.0,-1.0,-1.0,1539400.0,81,35800.0,0,2,2,2,train,0.48,4,2,1,2.0,0.0,2.0,89.0,0.0,1.0,107400.0,107400.0,2
PH002475,AC000858,3,0,0,0,0,10.0,0.0,0.0,1.0,0.0,21.9,0.0,0.0,1.0,0.1,1.0,1.0,1.3761458333333334,83.26991898148148,1.0,1.0,1.0,0.1,0.0,217000.0,235,7000.0,0,3,6,4,train,0.78,0,1,1,8.0,1.0,6.0,164.25,0.125,1.0,17800.0,17800.0,2
PH000297,AC000858,2,1,1,0,0,14.0,0.0,0.0,1.0,0.0,21.142857142857142,40.642857142857146,125.0,0.5714285714285714,0.07142857142857142,1.0,1.0,38.2740625,62.395949074074075,0.0,0.0,0.0,0.07142857142857142,1.0,217000.0,235,7000.0,0,3,6,4,train,0.78,0,1,1,8.0,1.0,6.0,164.25,0.125,1.0,17800.0,17800.0,2
PH002478,AC000860,3,0,1,0,0,29.0,0.0,0.0,2.0,0.0,25.344827586206897,30.24137931034483,367.0,0.8275862068965517,0.06896551724137931,1.0,1.0,0.39012731481481483,89.2621412037037,3.0,8.0,1.0,0.06896551724137931,1.0,39900.0,76,2850.0,0,3,1,1,train,-1.0,5,2,1,2.0,0.0,1.0,136.0,0.0,-1.0,-1.0,-1.0,2
PH002479,AC000860,4,1,0,0,0,8.0,0.0,0.0,0.0,0.0,18.625,50.125,109.0,0.375,0.0,1.0,1.0,60.23252314814815,77.20135416666666,0.0,0.0,0.0,0.0,1.0,39900.0,76,2850.0,0,3,1,1,train,-1.0,5,2,1,2.0,0.0,1.0,136.0,0.0,-1.0,-1.0,-1.0,2
PH002480,AC000861,3,0,1,0,0,8.0,2.0,0.0,1.0,0.0,22.25,6.375,23.0,0.625,0.125,1.0,1.0,69.43331018518519,89.32655092592593,0.0,0.0,1.0,0.375,1.0,220500.0,138,7350.0,0,1,2,1,train,0.16,0,1,1,-1.0,-1.0,-1.0,-1.0,-1.0,-1.0,-1.0,-1.0,3
PH002481,AC000861,0,1,1,0,0,17.0,0.0,0.0,1.0,0.0,31.058823529411764,22.058823529411764,341.0,0.8823529411764706,0.058823529411764705,1.0,1.0,7.321886574074074,68.41184027777778,0.0,7.0,0.0,0.058823529411764705,1.0,220500.0,138,7350.0,0,1,2,1,train,0.16,0,1,1,-1.0,-1.0,-1.0,-1.0,-1.0,-1.0,-1.0,-1.0,3
PH002482,AC000861,1,2,0,0,0,1.0,0.0,0.0,0.0,0.0,30.0,0.0,0.0,1.0,0.0,1.0,1.0,7.0219907407407405,7.0219907407407405,0.0,1.0,0.0,0.0,0.0,220500.0,138,7350.0,0,1,2,1,train,0.16,0,1,1,-1.0,-1.0,-1.0,-1.0,-1.0,-1.0,-1.0,-1.0,3
PH002483,AC000862,3,0,1,0,0,25.0,0.0,0.0,4.0,0.0,19.52,55.72,417.0,0.68,0.16,1.0,1.0,20.35760416666667,87.30460648148149,0.0,2.0,1.0,0.16,1.0,267900.0,32,5700.0,0,3,0,0,train,-1.0,0,1,1,-1.0,-1.0,-1.0,-1.0,-1.0,1.0,5800.0,5800.0,2
PH002484,AC000862,1,1,0,0,0,-1.0,-1.0,-1.0,-1.0,-1.0,-1.0,-1.0,-1.0,-1.0,-1.0,-1.0,-1.0,-1.0,-1.0,-1.0,-1.0,-1.0,-1.0,-1.0,267900.0,32,5700.0,0,3,0,0,train,-1.0,0,1,1,-1.0,-1.0,-1.0,-1.0,-1.0,1.0,5800.0,5800.0,2
PH002487,AC000864,3,0,1,0,0,20.0,0.0,0.0,3.0,0.0,22.3,52.3,414.0,0.8,0.15,1.0,1.0,1.4297337962962964,88.30055555555556,1.0,5.0,0.0,0.15,1.0,793800.0,52,16200.0,1,1,5,1,train,0.76,0,1,1,4.0,0.0,0.0,265.75,0.0,-1.0,-1.0,-1.0,2
PH002488,AC000864,4,1,0,0,0,-1.0,-1.0,-1.0,-1.0,-1.0,-1.0,-1.0,-1.0,-1.0,-1.0,-1.0,-1.0,-1.0,-1.0,-1.0,-1.0,-1.0,-1.0,-1.0,793800.0,52,16200.0,1,1,5,1,train,0.76,0,1,1,4.0,0.0,0.0,265.75,0.0,-1.0,-1.0,-1.0,2
PH002489,AC000865,3,0,1,0,0,14.0,0.0,0.0,1.0,0.0,27.357142857142858,26.285714285714285,185.0,0.7857142857142857,0.07142857142857142,1.0,1.0,39.333321759259256,88.29590277777778,0.0,0.0,1.0,0.07142857142857142,1.0,363350.0,169,8450.0,0,1,4,3,train,0.78,4,2,1,3.0,0.0,3.0,62.666666666666664,0.0,1.0,50700.0,50700.0,2
PH002490,AC000865,0,1,1,0,0,-1.0,-1.0,-1.0,-1.0,-1.0,-1.0,-1.0,-1.0,-1.0,-1.0,-1.0,-1.0,-1.0,-1.0,-1.0,-1.0,-1.0,-1.0,-1.0,363350.0,169,8450.0,0,1,4,3,train,0.78,4,2,1,3.0,0.0,3.0,62.666666666666664,0.0,1.0,50700.0,50700.0,2
PH002491,AC000866,3,0,1,0,0,11.0,0.0,0.0,0.0,0.0,23.727272727272727,84.27272727272727,414.0,0.5454545454545454,0.0,1.0,1.0,47.27591435185185,86.34269675925925,0.0,0.0,0.0,0.0,1.0,51850.0,74,3050.0,0,3,2,1,train,-1.0,1,1,1,-1.0,-1.0,-1.0,-1.0,-1.0,2.0,9150.0,4575.0,1
PH002496,AC000869,3,0,1,0,0,21.0,0.0,0.0,0.0,0.0,22.761904761904763,45.80952380952381,286.0,0.5714285714285714,0.0,1.0,1.0,3.2116550925925926,88.29503472222223,4.0,10.0,0.0,0.0,1.0,29900.0,84,1300.0,0,2,2,1,train,0.0,3,2,1,7.0,1.0,2.0,418.85714285714283,0.14285714285714285,-1.0,-1.0,-1.0,2
PH002497,AC000869,1,1,0,0,0,-1.0,-1.0,-1.0,-1.0,-1.0,-1.0,-1.0,-1.0,-1.0,-1.0,-1.0,-1.0,-1.0,-1.0,-1.0,-1.0,-1.0,-1.0,-1.0,29900.0,84,1300.0,0,2,2,1,train,0.0,3,2,1,7.0,1.0,2.0,418.85714285714283,0.14285714285714285,-1.0,-1.0,-1.0,2
PH002499,AC000871,3,0,0,0,0,3.0,0.0,0.0,1.0,0.0,4.0,0.0,0.0,1.0,0.3333333333333333,1.0,1.0,84.2593287037037,87.27822916666666,0.0,0.0,1.0,0.3333333333333333,0.0,79950.0,175,1950.0,0,1,2,1,train,-1.0,0,2,1,1.0,1.0,0.0,402.0,1.0,1.0,11700.0,11700.0,3
PH002500,AC000871,1,1,0,0,0,-1.0,-1.0,-1.0,-1.0,-1.0,-1.0,-1.0,-1.0,-1.0,-1.0,-1.0,-1.0,-1.0,-1.0,-1.0,-1.0,-1.0,-1.0,-1.0,79950.0,175,1950.0,0,1,2,1,train,-1.0,0,2,1,1.0,1.0,0.0,402.0,1.0,1.0,11700.0,11700.0,3
PH002501,AC000871,4,2,0,0,0,-1.0,-1.0,-1.0,-1.0,-1.0,-1.0,-1.0,-1.0,-1.0,-1.0,-1.0,-1.0,-1.0,-1.0,-1.0,-1.0,-1.0,-1.0,-1.0,79950.0,175,1950.0,0,1,2,1,train,-1.0,0,2,1,1.0,1.0,0.0,402.0,1.0,1.0,11700.0,11700.0,3
PH002508,AC000874,3,0,0,0,0,8.0,0.0,0.0,1.0,0.0,24.75,0.0,0.0,1.0,0.125,1.0,1.0,54.40945601851852,87.28375,0.0,0.0,0.0,0.125,0.0,209150.0,124,4450.0,0,3,5,2,train,0.18,5,0,1,9.0,3.0,4.0,370.1111111111111,0.3333333333333333,-1.0,-1.0,-1.0,3
PH002509,AC000874,1,1,0,0,0,8.0,2.0,0.0,1.0,0.0,26.125,6.0,29.0,0.75,0.125,1.0,1.0,19.432546296296298,48.29900462962963,0.0,4.0,2.0,0.375,1.0,209150.0,124,4450.0,0,3,5,2,train,0.18,5,0,1,9.0,3.0,4.0,370.1111111111111,0.3333333333333333,-1.0,-1.0,-1.0,3
PH002510,AC000874,4,2,0,0,0,1.0,0.0,0.0,0.0,0.0,5.0,58.0,58.0,0.0,0.0,1.0,1.0,18.306944444444444,18.306944444444444,0.0,1.0,0.0,0.0,1.0,209150.0,124,4450.0,0,3,5,2,train,0.18,5,0,1,9.0,3.0,4.0,370.1111111111111,0.3333333333333333,-1.0,-1.0,-1.0,3
PH002511,AC000875,3,0,1,0,0,5.0,0.0,0.0,0.0,0.0,21.2,40.4,111.0,0.4,0.0,2.0,2.0,66.42657407407407,88.3305324074074,0.0,0.0,0.0,0.0,1.0,475600.0,0,11600.0,2,4,0,0,train,0.74,0,1,1,-1.0,-1.0,-1.0,-1.0,-1.0,1.0,11600.0,11600.0,2
PH002512,AC000875,4,1,0,1,0,-1.0,-1.0,-1.0,-1.0,-1.0,-1.0,-1.0,-1.0,-1.0,-1.0,-1.0,-1.0,-1.0,-1.0,-1.0,-1.0,-1.0,-1.0,-1.0,475600.0,0,11600.0,2,4,0,0,train,0.74,0,1,1,-1.0,-1.0,-1.0,-1.0,-1.0,1.0,11600.0,11600.0,2
PH002514,AC000877,3,0,1,0,0,20.0,0.0,0.0,1.0,0.0,20.4,19.65,393.0,0.95,0.05,2.0,2.0,6.304930555555556,82.42461805555556,1.0,4.0,0.0,0.05,1.0,518400.0,6,16200.0,0,0,0,0,train,0.88,2,1,1,2.0,1.0,0.0,470.5,0.5,-1.0,-1.0,-1.0,2
PH000432,AC000877,2,1,0,0,0,8.0,1.0,0.0,1.0,0.0,13.75,66.375,138.0,0.375,0.125,1.0,1.0,21.07329861111111,47.119479166666665,0.0,4.0,1.0,0.25,1.0,518400.0,6,16200.0,0,0,0,0,train,0.88,2,1,1,2.0,1.0,0.0,470.5,0.5,-1.0,-1.0,-1.0,2
PH002515,AC000878,3,0,1,0,0,10.0,0.0,0.0,0.0,0.0,31.0,54.9,404.0,0.8,0.0,1.0,1.0,67.15574074074074,86.44180555555556,0.0,0.0,0.0,0.0,1.0,164000.0,112,4000.0,0,4,3,3,train,0.64,1,1,1,7.0,0.0,3.0,213.42857142857142,0.0,-1.0,-1.0,-1.0,2
PH002516,AC000878,0,1,1,0,0,18.0,0.0,0.0,4.0,0.0,21.944444444444443,9.055555555555555,122.0,0.8888888888888888,0.2222222222222222,1.0,1.0,2.399212962962963,66.44024305555556,2.0,8.0,1.0,0.2222222222222222,1.0,164000.0,112,4000.0,0,4,3,3,train,0.64,1,1,1,7.0,0.0,3.0,213.42857142857142,0.0,-1.0,-1.0,-1.0,2
PH002525,AC000882,3,0,1,0,0,19.0,0.0,0.0,0.0,0.0,26.68421052631579,77.36842105263158,394.0,0.7368421052631579,0.0,1.0,1.0,26.20457175925926,88.27297453703704,0.0,2.0,0.0,0.0,1.0,43200.0,66,4800.0,0,0,2,1,train,-1.0,0,1,1,-1.0,-1.0,-1.0,-1.0,-1.0,-1.0,-1.0,-1.0,2
PH000264,AC000882,2,1,0,0,0,8.0,1.0,0.0,2.0,0.0,16.75,36.25,135.0,0.625,0.25,1.0,1.0,0.39368055555555553,25.428483796296295,2.0,8.0,3.0,0.375,1.0,43200.0,66,4800.0,0,0,2,1,train,-1.0,0,1,1,-1.0,-1.0,-1.0,-1.0,-1.0,-1.0,-1.0,-1.0,2
PH002526,AC000883,3,0,1,0,0,30.0,0.0,0.0,2.0,0.0,26.633333333333333,71.26666666666667,397.0,0.7,0.06666666666666667,2.0,2.0,11.080613425925925,89.40462962962962,0.0,10.0,0.0,0.06666666666666667,1.0,110000.0,9,10000.0,1,2,0,0,train,0.79,2,1,1,-1.0,-1.0,-1.0,-1.0,-1.0,2.0,8400.0,4200.0,1
PH002527,AC000884,3,0,1,0,0,4.0,0.0,0.0,0.0,0.0,17.0,37.75,53.0,0.25,0.0,2.0,2.0,47.40372685185185,89.43840277777778,0.0,0.0,0.0,0.0,1.0,378400.0,5,8800.0,2,5,1,0,train,0.45,0,1,1,-1.0,-1.0,-1.0,-1.0,-1.0,3.0,8800.0,2933.3333333333335,3
PH002528,AC000884,0,1,0,0,0,-1.0,-1.0,-1.0,-1.0,-1.0,-1.0,-1.0,-1.0,-1.0,-1.0,-1.0,-1.0,-1.0,-1.0,-1.0,-1.0,-1.0,-1.0,-1.0,378400.0,5,8800.0,2,5,1,0,train,0.45,0,1,1,-1.0,-1.0,-1.0,-1.0,-1.0,3.0,8800.0,2933.3333333333335,3
PH002529,AC000884,4,2,0,0,0,-1.0,-1.0,-1.0,-1.0,-1.0,-1.0,-1.0,-1.0,-1.0,-1.0,-1.0,-1.0,-1.0,-1.0,-1.0,-1.0,-1.0,-1.0,-1.0,378400.0,5,8800.0,2,5,1,0,train,0.45,0,1,1,-1.0,-1.0,-1.0,-1.0,-1.0,3.0,8800.0,2933.3333333333335,3
PH002530,AC000885,3,0,1,0,0,17.0,0.0,6.0,3.0,0.0,15.647058823529411,2.411764705882353,41.0,0.9411764705882353,0.5294117647058824,2.0,2.0,23.997569444444444,86.38142361111112,0.0,2.0,1.0,0.5294117647058824,1.0,803700.0,0,17100.0,0,5,1,1,train,-1.0,2,1,1,-1.0,-1.0,-1.0,-1.0,-1.0,1.0,8700.0,8700.0,3
PH002531,AC000885,0,1,0,0,0,12.0,0.0,0.0,1.0,0.0,24.083333333333332,0.0,0.0,1.0,0.08333333333333333,1.0,1.0,12.062997685185184,58.343020833333334,0.0,4.0,1.0,0.08333333333333333,0.0,803700.0,0,17100.0,0,5,1,1,train,-1.0,2,1,1,-1.0,-1.0,-1.0,-1.0,-1.0,1.0,8700.0,8700.0,3
PH000217,AC000886,3,0,1,0,0,12.0,0.0,0.0,0.0,0.0,25.583333333333332,35.166666666666664,129.0,0.5833333333333334,0.0,1.0,1.0,41.28863425925926,83.34527777777778,0.0,0.0,0.0,0.0,1.0,235500.0,165,7850.0,0,1,2,2,train,0.91,0,1,1,4.0,0.0,0.0,306.75,0.0,-1.0,-1.0,-1.0,3
PH002532,AC000886,1,1,1,0,0,8.0,0.0,0.0,2.0,0.0,16.625,0.0,0.0,1.0,0.25,1.0,1.0,30.267430555555556,40.27940972222222,0.0,0.0,0.0,0.25,0.0,235500.0,165,7850.0,0,1,2,2,train,0.91,0,1,1,4.0,0.0,0.0,306.75,0.0,-1.0,-1.0,-1.0,3
PH002533,AC000886,4,2,0,0,0,7.0,1.0,0.0,0.0,0.0,8.428571428571429,100.42857142857143,131.0,0.0,0.0,1.0,1.0,3.394513888888889,28.35478009259259,3.0,7.0,1.0,0.14285714285714285,1.0,235500.0,165,7850.0,0,1,2,2,train,0.91,0,1,1,4.0,0.0,0.0,306.75,0.0,-1.0,-1.0,-1.0,3
PH002538,AC000889,3,0,0,0,0,8.0,0.0,0.0,0.0,0.0,26.0,0.0,0.0,1.0,0.0,1.0,1.0,55.36644675925926,74.26020833333334,0.0,0.0,0.0,0.0,0.0,36800.0,20,2300.0,1,2,1,1,train,-1.0,0,1,1,-1.0,-1.0,-1.0,-1.0,-1.0,-1.0,-1.0,-1.0,3
PH002539,AC000889,0,1,1,0,0,9.0,0.0,0.0,2.0,0.0,24.555555555555557,2.111111111111111,19.0,0.8888888888888888,0.2222222222222222,1.0,1.0,33.32460648148148,55.10113425925926,0.0,0.0,0.0,0.2222222222222222,1.0,36800.0,20,2300.0,1,2,1,1,train,-1.0,0,1,1,-1.0,-1.0,-1.0,-1.0,-1.0,-1.0,-1.0,-1.0,3
PH002540,AC000889,4,2,1,0,0,11.0,1.0,0.0,0.0,0.0,28.545454545454547,23.545454545454547,124.0,0.7272727272727273,0.0,1.0,1.0,6.243657407407407,32.293680555555554,2.0,9.0,1.0,0.09090909090909091,1.0,36800.0,20,2300.0,1,2,1,1,train,-1.0,0,1,1,-1.0,-1.0,-1.0,-1.0,-1.0,-1.0,-1.0,-1.0,3
PH002541,AC000890,3,0,0,0,0,8.0,0.0,8.0,0.0,0.0,0.0,0.0,0.0,1.0,1.0,1.0,1.0,77.16952546296297,88.33407407407407,0.0,0.0,5.0,1.0,0.0,230400.0,58,9600.0,0,1,5,2,train,0.43,0,1,1,6.0,2.0,2.0,375.1666666666667,0.3333333333333333,1.0,11200.0,11200.0,3
PH002542,AC000890,0,1,1,0,0,25.0,0.0,0.0,1.0,0.0,24.6,101.8,418.0,0.56,0.04,1.0,1.0,7.323206018518518,69.40094907407408,0.0,6.0,0.0,0.04,1.0,230400.0,58,9600.0,0,1,5,2,train,0.43,0,1,1,6.0,2.0,2.0,375.1666666666667,0.3333333333333333,1.0,11200.0,11200.0,3
PH002543,AC000890,4,2,0,0,0,-1.0,-1.0,-1.0,-1.0,-1.0,-1.0,-1.0,-1.0,-1.0,-1.0,-1.0,-1.0,-1.0,-1.0,-1.0,-1.0,-1.0,-1.0,-1.0,230400.0,58,9600.0,0,1,5,2,train,0.43,0,1,1,6.0,2.0,2.0,375.1666666666667,0.3333333333333333,1.0,11200.0,11200.0,3
PH002544,AC000891,3,0,1,0,0,23.0,1.0,0.0,4.0,0.0,17.91304347826087,16.608695652173914,170.0,0.8260869565217391,0.17391304347826086,1.0,1.0,7.181273148148148,89.43795138888889,0.0,9.0,1.0,0.21739130434782608,1.0,501600.0,43,15200.0,2,1,5,3,train,0.84,0,1,1,6.0,0.0,0.0,278.5,0.0,-1.0,-1.0,-1.0,3
PH002545,AC000891,1,1,0,0,0,8.0,1.0,0.0,0.0,0.0,32.125,7.5,38.0,0.75,0.0,1.0,1.0,51.19582175925926,63.293680555555554,0.0,0.0,1.0,0.125,1.0,501600.0,43,15200.0,2,1,5,3,train,0.84,0,1,1,6.0,0.0,0.0,278.5,0.0,-1.0,-1.0,-1.0,3
PH000282,AC000891,2,2,0,0,0,8.0,0.0,0.0,0.0,0.0,30.125,26.375,140.0,0.75,0.0,1.0,1.0,37.335590277777776,49.28207175925926,0.0,0.0,0.0,0.0,1.0,501600.0,43,15200.0,2,1,5,3,train,0.84,0,1,1,6.0,0.0,0.0,278.5,0.0,-1.0,-1.0,-1.0,3
PH002552,AC000895,3,0,1,0,0,16.0,0.0,0.0,1.0,0.0,22.75,19.8125,233.0,0.875,0.0625,1.0,1.0,50.25238425925926,88.37760416666667,0.0,0.0,0.0,0.0625,1.0,26400.0,77,2400.0,0,1,1,0,train,0.33,1,1,1,5.0,0.0,0.0,271.0,0.0,-1.0,-1.0,-1.0,4
PH002553,AC000895,0,1,1,0,0,11.0,0.0,1.0,0.0,0.0,23.272727272727273,57.63636363636363,243.0,0.6363636363636364,0.09090909090909091,1.0,1.0,4.407013888888889,43.29543981481481,1.0,7.0,1.0,0.09090909090909091,1.0,26400.0,77,2400.0,0,1,1,0,train,0.33,1,1,1,5.0,0.0,0.0,271.0,0.0,-1.0,-1.0,-1.0,4
PH002554,AC000895,1,2,0,0,0,-1.0,-1.0,-1.0,-1.0,-1.0,-1.0,-1.0,-1.0,-1.0,-1.0,-1.0,-1.0,-1.0,-1.0,-1.0,-1.0,-1.0,-1.0,-1.0,26400.0,77,2400.0,0,1,1,0,train,0.33,1,1,1,5.0,0.0,0.0,271.0,0.0,-1.0,-1.0,-1.0,4
PH002555,AC000895,4,3,0,0,0,-1.0,-1.0,-1.0,-1.0,-1.0,-1.0,-1.0,-1.0,-1.0,-1.0,-1.0,-1.0,-1.0,-1.0,-1.0,-1.0,-1.0,-1.0,-1.0,26400.0,77,2400.0,0,1,1,0,train,0.33,1,1,1,5.0,0.0,0.0,271.0,0.0,-1.0,-1.0,-1.0,4
PH002560,AC000898,3,0,1,0,0,15.0,0.0,0.0,4.0,0.0,21.8,10.4,61.0,0.8,0.26666666666666666,1.0,1.0,47.30664351851852,89.40023148148148,0.0,0.0,0.0,0.26666666666666666,1.0,155800.0,44,4100.0,1,0,1,1,train,0.78,1,2,1,-1.0,-1.0,-1.0,-1.0,-1.0,1.0,8200.0,8200.0,2
PH002561,AC000898,4,1,0,0,0,-1.0,-1.0,-1.0,-1.0,-1.0,-1.0,-1.0,-1.0,-1.0,-1.0,-1.0,-1.0,-1.0,-1.0,-1.0,-1.0,-1.0,-1.0,-1.0,155800.0,44,4100.0,1,0,1,1,train,0.78,1,2,1,-1.0,-1.0,-1.0,-1.0,-1.0,1.0,8200.0,8200.0,2
PH002562,AC000899,3,0,0,0,0,8.0,0.0,0.0,1.0,0.0,22.625,29.875,108.0,0.625,0.125,1.0,1.0,55.422777777777775,88.41883101851852,0.0,0.0,1.0,0.125,1.0,304200.0,84,8450.0,0,2,3,3,train,0.76,0,2,1,4.0,1.0,3.0,150.25,0.25,1.0,25350.0,25350.0,3
PH002563,AC000899,0,1,1,0,0,4.0,0.0,0.0,0.0,0.0,25.5,98.25,339.0,0.5,0.0,1.0,1.0,48.190810185185185,55.24136574074074,0.0,0.0,0.0,0.0,1.0,304200.0,84,8450.0,0,2,3,3,train,0.76,0,2,1,4.0,1.0,3.0,150.25,0.25,1.0,25350.0,25350.0,3
PH002564,AC000899,1,2,0,0,0,-1.0,-1.0,-1.0,-1.0,-1.0,-1.0,-1.0,-1.0,-1.0,-1.0,-1.0,-1.0,-1.0,-1.0,-1.0,-1.0,-1.0,-1.0,-1.0,304200.0,84,8450.0,0,2,3,3,train,0.76,0,2,1,4.0,1.0,3.0,150.25,0.25,1.0,25350.0,25350.0,3
PH002565,AC000900,3,0,1,0,0,16.0,0.0,0.0,1.0,0.0,26.0625,52.1875,323.0,0.75,0.0625,2.0,2.0,31.319386574074073,84.40599537037038,0.0,0.0,1.0,0.0625,1.0,58750.0,0,1250.0,0,4,0,0,train,0.32,5,2,1,-1.0,-1.0,-1.0,-1.0,-1.0,-1.0,-1.0,-1.0,3
PH002566,AC000900,1,1,1,0,0,12.0,0.0,0.0,0.0,0.0,10.166666666666666,1.5,18.0,0.9166666666666666,0.0,1.0,1.0,11.10704861111111,26.29278935185185,0.0,12.0,0.0,0.0,1.0,58750.0,0,1250.0,0,4,0,0,train,0.32,5,2,1,-1.0,-1.0,-1.0,-1.0,-1.0,-1.0,-1.0,-1.0,3
PH002567,AC000900,4,2,0,0,0,1.0,0.0,0.0,0.0,0.0,37.0,0.0,0.0,1.0,0.0,1.0,1.0,5.337604166666667,5.337604166666667,1.0,1.0,0.0,0.0,0.0,58750.0,0,1250.0,0,4,0,0,train,0.32,5,2,1,-1.0,-1.0,-1.0,-1.0,-1.0,-1.0,-1.0,-1.0,3
PH002568,AC000901,3,0,0,0,0,12.0,0.0,0.0,0.0,0.0,29.166666666666668,0.0,0.0,1.0,0.0,1.0,1.0,3.1229513888888887,83.30494212962962,2.0,4.0,0.0,0.0,0.0,36450.0,28,1350.0,0,0,1,1,train,0.21,3,0,1,-1.0,-1.0,-1.0,-1.0,-1.0,-1.0,-1.0,-1.0,3
PH002569,AC000901,0,1,1,0,0,12.0,1.0,0.0,1.0,0.0,18.25,4.25,40.0,0.8333333333333334,0.08333333333333333,1.0,1.0,39.25119212962963,67.2925462962963,0.0,0.0,0.0,0.16666666666666666,1.0,36450.0,28,1350.0,0,0,1,1,train,0.21,3,0,1,-1.0,-1.0,-1.0,-1.0,-1.0,-1.0,-1.0,-1.0,3
PH002570,AC000901,4,2,0,1,0,8.0,0.0,0.0,1.0,0.0,11.125,69.625,137.0,0.25,0.125,1.0,1.0,16.35744212962963,38.393935185185185,0.0,4.0,0.0,0.125,1.0,36450.0,28,1350.0,0,0,1,1,train,0.21,3,0,1,-1.0,-1.0,-1.0,-1.0,-1.0,-1.0,-1.0,-1.0,3
PH002571,AC000902,3,0,1,0,0,17.0,0.0,0.0,3.0,0.0,23.764705882352942,31.176470588235293,311.0,0.8823529411764706,0.17647058823529413,1.0,1.0,51.272777777777776,88.29861111111111,0.0,0.0,0.0,0.17647058823529413,1.0,296100.0,49,16450.0,0,2,4,2,train,0.64,5,2,1,1.0,0.0,0.0,68.0,0.0,-1.0,-1.0,-1.0,4
PH002572,AC000902,0,1,1,0,0,16.0,0.0,0.0,1.0,0.0,27.5,6.25,77.0,0.875,0.0625,1.0,1.0,6.397696759259259,49.342013888888886,1.0,6.0,0.0,0.0625,1.0,296100.0,49,16450.0,0,2,4,2,train,0.64,5,2,1,1.0,0.0,0.0,68.0,0.0,-1.0,-1.0,-1.0,4
PH002573,AC000902,1,2,0,0,0,1.0,0.0,0.0,0.0,0.0,41.0,0.0,0.0,1.0,0.0,1.0,1.0,5.34693287037037,5.34693287037037,1.0,1.0,0.0,0.0,0.0,296100.0,49,16450.0,0,2,4,2,train,0.64,5,2,1,1.0,0.0,0.0,68.0,0.0,-1.0,-1.0,-1.0,4
PH002574,AC000902,4,3,0,0,0,-1.0,-1.0,-1.0,-1.0,-1.0,-1.0,-1.0,-1.0,-1.0,-1.0,-1.0,-1.0,-1.0,-1.0,-1.0,-1.0,-1.0,-1.0,-1.0,296100.0,49,16450.0,0,2,4,2,train,0.64,5,2,1,1.0,0.0,0.0,68.0,0.0,-1.0,-1.0,-1.0,4
PH002575,AC000903,3,0,1,0,0,1.0,0.0,0.0,0.0,0.0,8.0,52.0,52.0,0.0,0.0,1.0,1.0,82.44748842592593,82.44748842592593,0.0,0.0,0.0,0.0,1.0,77500.0,0,2500.0,4,0,0,0,train,1.0,1,1,1,-1.0,-1.0,-1.0,-1.0,-1.0,1.0,2500.0,2500.0,2
PH002576,AC000903,4,1,0,0,0,-1.0,-1.0,-1.0,-1.0,-1.0,-1.0,-1.0,-1.0,-1.0,-1.0,-1.0,-1.0,-1.0,-1.0,-1.0,-1.0,-1.0,-1.0,-1.0,77500.0,0,2500.0,4,0,0,0,train,1.0,1,1,1,-1.0,-1.0,-1.0,-1.0,-1.0,1.0,2500.0,2500.0,2
PH002577,AC000904,3,0,1,0,0,2.0,0.0,0.0,0.0,0.0,30.0,14.0,28.0,0.5,0.0,2.0,2.0,83.42197916666667,89.27805555555555,0.0,0.0,0.0,0.0,1.0,38500.0,10,2750.0,1,0,1,0,train,0.6,5,2,0,-1.0,-1.0,-1.0,-1.0,-1.0,2.0,2750.0,1375.0,2
PH002578,AC000904,4,1,0,0,0,-1.0,-1.0,-1.0,-1.0,-1.0,-1.0,-1.0,-1.0,-1.0,-1.0,-1.0,-1.0,-1.0,-1.0,-1.0,-1.0,-1.0,-1.0,-1.0,38500.0,10,2750.0,1,0,1,0,train,0.6,5,2,0,-1.0,-1.0,-1.0,-1.0,-1.0,2.0,2750.0,1375.0,2
PH002584,AC000907,3,0,1,0,0,21.0,0.0,0.0,2.0,0.0,21.0,7.904761904761905,103.0,0.9047619047619048,0.09523809523809523,2.0,2.0,17.42412037037037,88.41899305555556,0.0,4.0,0.0,0.09523809523809523,1.0,365200.0,3,8300.0,0,0,1,1,train,-1.0,0,2,1,2.0,0.0,1.0,313.5,0.0,-1.0,-1.0,-1.0,3
PH002585,AC000907,0,1,0,0,0,3.0,2.0,0.0,0.0,0.0,14.0,20.666666666666668,36.0,0.3333333333333333,0.0,1.0,1.0,63.44381944444444,73.35677083333333,0.0,0.0,2.0,0.6666666666666666,1.0,365200.0,3,8300.0,0,0,1,1,train,-1.0,0,2,1,2.0,0.0,1.0,313.5,0.0,-1.0,-1.0,-1.0,3
PH002586,AC000907,4,2,1,0,0,16.0,1.0,0.0,3.0,0.0,17.75,30.6875,128.0,0.625,0.1875,1.0,1.0,3.3191782407407406,63.04680555555556,1.0,6.0,2.0,0.25,1.0,365200.0,3,8300.0,0,0,1,1,train,-1.0,0,2,1,2.0,0.0,1.0,313.5,0.0,-1.0,-1.0,-1.0,3
PH002587,AC000908,3,0,1,0,0,17.0,0.0,0.0,1.0,0.0,30.647058823529413,33.470588235294116,337.0,0.8235294117647058,0.058823529411764705,2.0,2.0,27.418032407407406,87.30484953703704,0.0,2.0,1.0,0.058823529411764705,1.0,103500.0,10,3450.0,0,3,2,1,train,-1.0,1,1,1,-1.0,-1.0,-1.0,-1.0,-1.0,2.0,3450.0,1725.0,3
PH002588,AC000908,1,1,0,0,0,-1.0,-1.0,-1.0,-1.0,-1.0,-1.0,-1.0,-1.0,-1.0,-1.0,-1.0,-1.0,-1.0,-1.0,-1.0,-1.0,-1.0,-1.0,-1.0,103500.0,10,3450.0,0,3,2,1,train,-1.0,1,1,1,-1.0,-1.0,-1.0,-1.0,-1.0,2.0,3450.0,1725.0,3
PH002589,AC000908,4,2,0,0,0,-1.0,-1.0,-1.0,-1.0,-1.0,-1.0,-1.0,-1.0,-1.0,-1.0,-1.0,-1.0,-1.0,-1.0,-1.0,-1.0,-1.0,-1.0,-1.0,103500.0,10,3450.0,0,3,2,1,train,-1.0,1,1,1,-1.0,-1.0,-1.0,-1.0,-1.0,2.0,3450.0,1725.0,3
PH002594,AC000910,3,0,1,0,0,20.0,0.0,0.0,1.0,0.0,19.35,79.0,306.0,0.5,0.05,2.0,2.0,27.1953125,88.27854166666667,0.0,3.0,0.0,0.05,1.0,118500.0,0,3950.0,4,1,1,0,train,0.72,1,2,1,-1.0,-1.0,-1.0,-1.0,-1.0,2.0,3950.0,1975.0,2
PH002595,AC000910,1,1,0,0,0,-1.0,-1.0,-1.0,-1.0,-1.0,-1.0,-1.0,-1.0,-1.0,-1.0,-1.0,-1.0,-1.0,-1.0,-1.0,-1.0,-1.0,-1.0,-1.0,118500.0,0,3950.0,4,1,1,0,train,0.72,1,2,1,-1.0,-1.0,-1.0,-1.0,-1.0,2.0,3950.0,1975.0,2
PH002596,AC000911,3,0,0,0,0,5.0,2.0,0.0,1.0,0.0,21.0,10.0,39.0,0.6,0.2,1.0,1.0,82.4308449074074,89.2675,0.0,0.0,3.0,0.6,1.0,49300.0,70,1450.0,0,1,6,4,train,0.16,5,2,1,6.0,1.0,2.0,360.1666666666667,0.16666666666666666,-1.0,-1.0,-1.0,2
PH002597,AC000911,4,1,0,0,0,6.0,2.0,0.0,0.0,0.0,16.166666666666668,58.666666666666664,128.0,0.16666666666666666,0.0,1.0,1.0,70.43835648148148,82.06362268518518,0.0,0.0,1.0,0.3333333333333333,1.0,49300.0,70,1450.0,0,1,6,4,train,0.16,5,2,1,6.0,1.0,2.0,360.1666666666667,0.16666666666666666,-1.0,-1.0,-1.0,2
PH002600,AC000913,3,0,1,0,0,21.0,1.0,0.0,1.0,0.0,27.047619047619047,38.523809523809526,411.0,0.7619047619047619,0.047619047619047616,2.0,2.0,58.35873842592593,89.36795138888888,0.0,0.0,0.0,0.09523809523809523,1.0,25500.0,28,850.0,0,1,1,1,train,-1.0,3,2,1,3.0,2.0,1.0,815.0,0.6666666666666666,1.0,600.0,600.0,2
PH002601,AC000913,4,1,1,0,0,15.0,0.0,0.0,1.0,0.0,25.133333333333333,27.333333333333332,264.0,0.7333333333333333,0.06666666666666667,1.0,1.0,0.3412847222222222,55.38013888888889,1.0,8.0,0.0,0.06666666666666667,1.0,25500.0,28,850.0,0,1,1,1,train,-1.0,3,2,1,3.0,2.0,1.0,815.0,0.6666666666666666,1.0,600.0,600.0,2
PH002604,AC000915,3,0,1,0,0,13.0,0.0,0.0,0.0,0.0,24.46153846153846,56.84615384615385,353.0,0.5384615384615384,0.0,1.0,1.0,33.41184027777778,88.31792824074074,0.0,0.0,0.0,0.0,1.0,45600.0,77,1200.0,0,1,1,1,train,-1.0,5,0,1,1.0,0.0,1.0,42.0,0.0,1.0,3600.0,3600.0,2
PH002605,AC000915,4,1,0,0,0,-1.0,-1.0,-1.0,-1.0,-1.0,-1.0,-1.0,-1.0,-1.0,-1.0,-1.0,-1.0,-1.0,-1.0,-1.0,-1.0,-1.0,-1.0,-1.0,45600.0,77,1200.0,0,1,1,1,train,-1.0,5,0,1,1.0,0.0,1.0,42.0,0.0,1.0,3600.0,3600.0,2
PH002609,AC000918,3,0,0,0,0,8.0,0.0,0.0,0.0,0.0,29.0,0.0,0.0,1.0,0.0,1.0,1.0,39.091145833333336,79.4413888888889,0.0,0.0,0.0,0.0,0.0,226600.0,328,10300.0,0,2,5,4,train,0.35,4,2,1,8.0,5.0,1.0,746.375,0.625,2.0,113300.0,56650.0,3
PH002610,AC000918,1,1,0,0,0,7.0,0.0,0.0,0.0,0.0,31.857142857142858,17.571428571428573,123.0,0.8571428571428571,0.0,1.0,1.0,15.151099537037037,35.39747685185185,0.0,5.0,0.0,0.0,1.0,226600.0,328,10300.0,0,2,5,4,train,0.35,4,2,1,8.0,5.0,1.0,746.375,0.625,2.0,113300.0,56650.0,3
PH002611,AC000918,4,2,0,0,0,-1.0,-1.0,-1.0,-1.0,-1.0,-1.0,-1.0,-1.0,-1.0,-1.0,-1.0,-1.0,-1.0,-1.0,-1.0,-1.0,-1.0,-1.0,-1.0,226600.0,328,10300.0,0,2,5,4,train,0.35,4,2,1,8.0,5.0,1.0,746.375,0.625,2.0,113300.0,56650.0,3
PH002612,AC000919,3,0,1,0,0,25.0,0.0,0.0,2.0,0.0,24.44,30.52,260.0,0.72,0.08,1.0,1.0,21.299814814814816,89.32246527777778,0.0,1.0,0.0,0.08,1.0,86400.0,64,5400.0,0,4,4,2,train,0.72,0,1,1,2.0,0.0,0.0,177.0,0.0,1.0,16200.0,16200.0,3
PH002613,AC000919,0,1,0,0,0,-1.0,-1.0,-1.0,-1.0,-1.0,-1.0,-1.0,-1.0,-1.0,-1.0,-1.0,-1.0,-1.0,-1.0,-1.0,-1.0,-1.0,-1.0,-1.0,86400.0,64,5400.0,0,4,4,2,train,0.72,0,1,1,2.0,0.0,0.0,177.0,0.0,1.0,16200.0,16200.0,3
PH002614,AC000919,4,2,0,0,0,-1.0,-1.0,-1.0,-1.0,-1.0,-1.0,-1.0,-1.0,-1.0,-1.0,-1.0,-1.0,-1.0,-1.0,-1.0,-1.0,-1.0,-1.0,-1.0,86400.0,64,5400.0,0,4,4,2,train,0.72,0,1,1,2.0,0.0,0.0,177.0,0.0,1.0,16200.0,16200.0,3
PH002619,AC000921,3,0,0,0,0,19.0,2.0,4.0,4.0,0.0,17.36842105263158,2.9473684210526314,32.0,0.8947368421052632,0.42105263157894735,2.0,2.0,2.3486921296296295,84.3157638888889,3.0,5.0,5.0,0.5263157894736842,1.0,162000.0,0,6000.0,1,3,0,0,train,0.73,0,1,1,-1.0,-1.0,-1.0,-1.0,-1.0,-1.0,-1.0,-1.0,2
PH002620,AC000921,0,1,1,0,0,24.0,0.0,11.0,1.0,0.0,14.666666666666666,15.75,308.0,0.9166666666666666,0.5,2.0,2.0,0.08354166666666667,61.37674768518519,4.0,11.0,0.0,0.5,1.0,162000.0,0,6000.0,1,3,0,0,train,0.73,0,1,1,-1.0,-1.0,-1.0,-1.0,-1.0,-1.0,-1.0,-1.0,2
PH002621,AC000922,3,0,0,0,0,8.0,0.0,0.0,1.0,0.0,27.0,0.0,0.0,1.0,0.125,1.0,1.0,48.398217592592594,86.30773148148148,0.0,0.0,0.0,0.125,0.0,405000.0,77,16200.0,0,2,2,1,train,0.57,2,1,1,1.0,1.0,0.0,317.0,1.0,-1.0,-1.0,-1.0,3
PH002622,AC000922,0,1,1,0,0,12.0,0.0,0.0,1.0,0.0,25.416666666666668,54.083333333333336,223.0,0.6666666666666666,0.08333333333333333,1.0,1.0,9.037847222222222,48.21623842592592,0.0,8.0,0.0,0.08333333333333333,1.0,405000.0,77,16200.0,0,2,2,1,train,0.57,2,1,1,1.0,1.0,0.0,317.0,1.0,-1.0,-1.0,-1.0,3
PH002623,AC000922,4,2,0,0,0,-1.0,-1.0,-1.0,-1.0,-1.0,-1.0,-1.0,-1.0,-1.0,-1.0,-1.0,-1.0,-1.0,-1.0,-1.0,-1.0,-1.0,-1.0,-1.0,405000.0,77,16200.0,0,2,2,1,train,0.57,2,1,1,1.0,1.0,0.0,317.0,1.0,-1.0,-1.0,-1.0,3
PH002624,AC000923,3,0,1,0,0,20.0,0.0,0.0,1.0,0.0,19.6,19.25,299.0,0.9,0.05,2.0,2.0,4.374988425925926,82.30915509259259,3.0,4.0,0.0,0.05,1.0,106950.0,0,4650.0,1,2,0,0,train,0.13,5,2,1,-1.0,-1.0,-1.0,-1.0,-1.0,-1.0,-1.0,-1.0,2
PH002625,AC000923,0,1,0,0,0,16.0,0.0,0.0,1.0,0.0,15.3125,0.0,0.0,1.0,0.0625,1.0,1.0,11.355,54.1791087962963,0.0,8.0,0.0,0.0625,0.0,106950.0,0,4650.0,1,2,0,0,train,0.13,5,2,1,-1.0,-1.0,-1.0,-1.0,-1.0,-1.0,-1.0,-1.0,2
PH002629,AC000925,3,0,1,0,0,1.0,0.0,0.0,0.0,0.0,17.0,37.0,37.0,0.0,0.0,1.0,1.0,88.28376157407408,88.28376157407408,0.0,0.0,0.0,0.0,1.0,87000.0,68,5800.0,0,2,3,1,train,-1.0,0,1,1,-1.0,-1.0,-1.0,-1.0,-1.0,2.0,17400.0,8700.0,3
PH002630,AC000925,1,1,0,0,0,-1.0,-1.0,-1.0,-1.0,-1.0,-1.0,-1.0,-1.0,-1.0,-1.0,-1.0,-1.0,-1.0,-1.0,-1.0,-1.0,-1.0,-1.0,-1.0,87000.0,68,5800.0,0,2,3,1,train,-1.0,0,1,1,-1.0,-1.0,-1.0,-1.0,-1.0,2.0,17400.0,8700.0,3
PH002631,AC000925,4,2,0,0,0,-1.0,-1.0,-1.0,-1.0,-1.0,-1.0,-1.0,-1.0,-1.0,-1.0,-1.0,-1.0,-1.0,-1.0,-1.0,-1.0,-1.0,-1.0,-1.0,87000.0,68,5800.0,0,2,3,1,train,-1.0,0,1,1,-1.0,-1.0,-1.0,-1.0,-1.0,2.0,17400.0,8700.0,3
PH002632,AC000926,3,0,1,0,0,10.0,1.0,0.0,4.0,0.0,11.3,76.6,403.0,0.7,0.4,1.0,1.0,10.201944444444445,87.02636574074074,0.0,2.0,2.0,0.5,1.0,69600.0,80,2400.0,0,0,5,2,train,0.4,5,2,0,8.0,1.0,5.0,224.25,0.125,-1.0,-1.0,-1.0,3
PH002633,AC000926,1,1,0,0,0,2.0,2.0,0.0,0.0,0.0,12.5,13.5,18.0,0.0,0.0,1.0,1.0,68.01762731481482,68.41903935185185,0.0,0.0,2.0,1.0,1.0,69600.0,80,2400.0,0,0,5,2,train,0.4,5,2,0,8.0,1.0,5.0,224.25,0.125,-1.0,-1.0,-1.0,3
PH002634,AC000926,4,2,0,0,0,14.0,0.0,0.0,0.0,0.0,17.571428571428573,56.357142857142854,143.0,0.2857142857142857,0.0,1.0,1.0,5.434710648148148,89.41651620370371,1.0,5.0,0.0,0.0,1.0,69600.0,80,2400.0,0,0,5,2,train,0.4,5,2,0,8.0,1.0,5.0,224.25,0.125,-1.0,-1.0,-1.0,3
PH000228,AC000927,3,0,1,0,0,24.0,2.0,0.0,0.0,0.0,16.791666666666668,60.875,145.0,0.20833333333333334,0.0,2.0,2.0,30.416238425925926,81.42434027777777,0.0,0.0,0.0,0.08333333333333333,1.0,490800.0,0,20450.0,0,3,2,2,train,-1.0,5,2,1,2.0,1.0,1.0,742.5,0.5,-1.0,-1.0,-1.0,1
PH002637,AC000929,3,0,0,0,0,6.0,0.0,2.0,4.0,0.0,0.0,0.0,0.0,1.0,1.0,1.0,1.0,47.30549768518519,82.38859953703704,0.0,0.0,5.0,1.0,0.0,128250.0,65,2850.0,0,3,0,0,train,0.61,2,1,0,5.0,3.0,0.0,280.2,0.6,1.0,8550.0,8550.0,4
PH002638,AC000929,0,1,1,0,0,6.0,0.0,0.0,2.0,0.0,22.5,41.166666666666664,247.0,0.8333333333333334,0.3333333333333333,1.0,1.0,56.313472222222224,86.35020833333333,0.0,0.0,1.0,0.3333333333333333,1.0,128250.0,65,2850.0,0,3,0,0,train,0.61,2,1,0,5.0,3.0,0.0,280.2,0.6,1.0,8550.0,8550.0,4
PH002639,AC000929,1,2,1,0,0,8.0,2.0,0.0,1.0,0.0,20.75,11.75,40.0,0.625,0.125,1.0,1.0,29.270300925925927,76.34903935185186,0.0,1.0,1.0,0.375,1.0,128250.0,65,2850.0,0,3,0,0,train,0.61,2,1,0,5.0,3.0,0.0,280.2,0.6,1.0,8550.0,8550.0,4
PH002640,AC000929,4,3,0,1,0,6.0,0.0,0.0,0.0,0.0,20.333333333333332,40.833333333333336,103.0,0.5,0.0,1.0,1.0,40.28767361111111,87.39189814814814,0.0,0.0,0.0,0.0,1.0,128250.0,65,2850.0,0,3,0,0,train,0.61,2,1,0,5.0,3.0,0.0,280.2,0.6,1.0,8550.0,8550.0,4
PH002641,AC000930,3,0,1,0,0,13.0,0.0,0.0,1.0,0.0,29.23076923076923,3.6153846153846154,47.0,0.9230769230769231,0.07692307692307693,2.0,2.0,25.280208333333334,84.2602199074074,0.0,3.0,0.0,0.07692307692307693,1.0,26400.0,0,3300.0,1,4,1,0,train,-1.0,1,1,1,-1.0,-1.0,-1.0,-1.0,-1.0,1.0,600.0,600.0,3
PH002642,AC000930,0,1,0,0,0,7.0,2.0,4.0,1.0,0.0,3.2857142857142856,6.857142857142857,37.0,0.7142857142857143,0.7142857142857143,1.0,1.0,16.311064814814817,25.205972222222222,0.0,7.0,5.0,1.0,1.0,26400.0,0,3300.0,1,4,1,0,train,-1.0,1,1,1,-1.0,-1.0,-1.0,-1.0,-1.0,1.0,600.0,600.0,3
PH002643,AC000930,4,2,0,0,0,4.0,0.0,0.0,1.0,0.0,14.0,38.0,83.0,0.5,0.25,1.0,1.0,9.287592592592592,16.169340277777778,0.0,4.0,1.0,0.25,1.0,26400.0,0,3300.0,1,4,1,0,train,-1.0,1,1,1,-1.0,-1.0,-1.0,-1.0,-1.0,1.0,600.0,600.0,3
PH002644,AC000931,3,0,1,1,0,32.0,1.0,0.0,2.0,0.0,26.0625,16.65625,137.0,0.78125,0.0625,2.0,2.0,7.185833333333333,89.30081018518518,0.0,11.0,0.0,0.09375,1.0,78650.0,7,7150.0,1,3,1,0,train,-1.0,0,1,1,-1.0,-1.0,-1.0,-1.0,-1.0,2.0,5500.0,2750.0,2
PH002647,AC000933,3,0,0,0,0,3.0,2.0,0.0,1.0,0.0,4.0,9.666666666666666,21.0,0.3333333333333333,0.3333333333333333,1.0,1.0,79.401875,89.40752314814814,0.0,0.0,3.0,1.0,1.0,28700.0,0,2050.0,2,0,0,0,train,0.7,0,1,1,-1.0,-1.0,-1.0,-1.0,-1.0,-1.0,-1.0,-1.0,4
PH002648,AC000933,0,1,0,0,0,8.0,0.0,0.0,0.0,0.0,25.625,0.0,0.0,1.0,0.0,2.0,2.0,59.373391203703704,77.25912037037037,0.0,0.0,0.0,0.0,0.0,28700.0,0,2050.0,2,0,0,0,train,0.7,0,1,1,-1.0,-1.0,-1.0,-1.0,-1.0,-1.0,-1.0,-1.0,4
PH000518,AC000933,2,2,0,0,0,8.0,0.0,0.0,0.0,0.0,29.5,7.875,63.0,0.875,0.0,1.0,1.0,37.37341435185185,57.40802083333333,0.0,0.0,0.0,0.0,1.0,28700.0,0,2050.0,2,0,0,0,train,0.7,0,1,1,-1.0,-1.0,-1.0,-1.0,-1.0,-1.0,-1.0,-1.0,4
PH002649,AC000933,4,3,1,1,0,15.0,1.0,0.0,3.0,0.0,14.8,31.666666666666668,123.0,0.5333333333333333,0.2,1.0,1.0,2.0536805555555557,37.238819444444445,5.0,11.0,1.0,0.26666666666666666,1.0,28700.0,0,2050.0,2,0,0,0,train,0.7,0,1,1,-1.0,-1.0,-1.0,-1.0,-1.0,-1.0,-1.0,-1.0,4
PH002650,AC000934,3,0,0,0,0,19.0,2.0,12.0,4.0,0.0,1.9473684210526316,1.5263157894736843,19.0,0.8947368421052632,0.8421052631578947,1.0,1.0,19.345185185185183,86.32412037037037,0.0,4.0,5.0,0.9473684210526315,1.0,212500.0,122,6250.0,0,3,1,1,train,0.71,2,1,1,7.0,0.0,1.0,167.57142857142858,0.0,-1.0,-1.0,-1.0,2
PH002651,AC000935,3,0,0,0,0,11.0,1.0,0.0,0.0,0.0,28.636363636363637,9.181818181818182,101.0,0.9090909090909091,0.0,2.0,2.0,3.1195138888888887,87.36753472222222,3.0,3.0,1.0,0.09090909090909091,1.0,92400.0,0,2800.0,0,3,0,0,train,-1.0,1,1,1,-1.0,-1.0,-1.0,-1.0,-1.0,-1.0,-1.0,-1.0,4
PH002652,AC000935,0,1,0,0,0,8.0,0.0,8.0,0.0,0.0,0.0,0.0,0.0,1.0,1.0,1.0,1.0,27.441342592592594,45.05822916666666,0.0,3.0,5.0,1.0,0.0,92400.0,0,2800.0,0,3,0,0,train,-1.0,1,1,1,-1.0,-1.0,-1.0,-1.0,-1.0,-1.0,-1.0,-1.0,4
PH002653,AC000935,1,2,0,1,0,8.0,0.0,0.0,2.0,0.0,14.75,57.875,137.0,0.5,0.25,1.0,1.0,19.11048611111111,27.194537037037037,0.0,8.0,0.0,0.25,1.0,92400.0,0,2800.0,0,3,0,0,train,-1.0,1,1,1,-1.0,-1.0,-1.0,-1.0,-1.0,-1.0,-1.0,-1.0,4
PH002654,AC000935,4,3,0,0,0,8.0,0.0,0.0,1.0,0.0,13.625,42.5,144.0,0.5,0.125,1.0,1.0,4.347673611111111,18.45201388888889,2.0,8.0,1.0,0.125,1.0,92400.0,0,2800.0,0,3,0,0,train,-1.0,1,1,1,-1.0,-1.0,-1.0,-1.0,-1.0,-1.0,-1.0,-1.0,4
PH002655,AC000936,3,0,0,0,0,-1.0,-1.0,-1.0,-1.0,-1.0,-1.0,-1.0,-1.0,-1.0,-1.0,-1.0,-1.0,-1.0,-1.0,-1.0,-1.0,-1.0,-1.0,-1.0,492000.0,32,10250.0,0,3,4,2,train,0.36,2,1,1,-1.0,-1.0,-1.0,-1.0,-1.0,1.0,20500.0,20500.0,1
PH002659,AC000938,3,0,1,0,0,39.0,0.0,0.0,0.0,0.0,26.41025641025641,50.794871794871796,404.0,0.6410256410256411,0.0,2.0,2.0,12.4209375,89.28302083333334,0.0,11.0,0.0,0.0,1.0,41300.0,0,2950.0,2,1,1,1,train,-1.0,5,1,1,1.0,0.0,0.0,93.0,0.0,1.0,2950.0,2950.0,2
PH002660,AC000938,1,1,0,0,0,-1.0,-1.0,-1.0,-1.0,-1.0,-1.0,-1.0,-1.0,-1.0,-1.0,-1.0,-1.0,-1.0,-1.0,-1.0,-1.0,-1.0,-1.0,-1.0,41300.0,0,2950.0,2,1,1,1,train,-1.0,5,1,1,1.0,0.0,0.0,93.0,0.0,1.0,2950.0,2950.0,2
PH002661,AC000939,3,0,1,0,0,9.0,0.0,0.0,1.0,0.0,28.11111111111111,5.0,45.0,0.8888888888888888,0.1111111111111111,1.0,1.0,67.26943287037037,88.24692129629629,0.0,0.0,0.0,0.1111111111111111,1.0,177750.0,54,11850.0,1,1,1,0,train,0.64,0,1,1,1.0,0.0,0.0,133.0,0.0,1.0,23700.0,23700.0,1
PH002664,AC000941,3,0,1,0,0,30.0,0.0,0.0,0.0,0.0,29.466666666666665,70.43333333333334,384.0,0.6333333333333333,0.0,1.0,1.0,1.2260300925925927,86.26342592592593,3.0,10.0,0.0,0.0,1.0,660000.0,95,13750.0,0,3,4,2,train,-1.0,2,1,1,8.0,0.0,7.0,117.625,0.0,1.0,4000.0,4000.0,2
PH002665,AC000941,0,1,0,0,0,-1.0,-1.0,-1.0,-1.0,-1.0,-1.0,-1.0,-1.0,-1.0,-1.0,-1.0,-1.0,-1.0,-1.0,-1.0,-1.0,-1.0,-1.0,-1.0,660000.0,95,13750.0,0,3,4,2,train,-1.0,2,1,1,8.0,0.0,7.0,117.625,0.0,1.0,4000.0,4000.0,2
PH002666,AC000942,3,0,0,0,0,3.0,0.0,0.0,1.0,2.0,0.0,0.0,0.0,1.0,1.0,1.0,1.0,87.34465277777778,89.2692824074074,0.0,0.0,3.0,0.3333333333333333,0.0,47300.0,74,2150.0,0,2,1,1,train,0.24,2,0,1,6.0,1.0,2.0,228.66666666666666,0.16666666666666666,-1.0,-1.0,-1.0,3
PH002667,AC000942,0,1,1,0,0,20.0,0.0,0.0,0.0,0.0,30.7,2.0,40.0,0.95,0.0,1.0,1.0,5.338912037037037,85.44164351851852,1.0,8.0,0.0,0.0,1.0,47300.0,74,2150.0,0,2,1,1,train,0.24,2,0,1,6.0,1.0,2.0,228.66666666666666,0.16666666666666666,-1.0,-1.0,-1.0,3
PH002668,AC000942,4,2,0,0,0,11.0,0.0,0.0,0.0,0.0,22.727272727272727,47.63636363636363,117.0,0.45454545454545453,0.0,1.0,1.0,2.385196759259259,75.34370370370371,3.0,3.0,0.0,0.0,1.0,47300.0,74,2150.0,0,2,1,1,train,0.24,2,0,1,6.0,1.0,2.0,228.66666666666666,0.16666666666666666,-1.0,-1.0,-1.0,3
PH000211,AC000945,3,0,1,0,0,13.0,0.0,0.0,2.0,0.0,20.46153846153846,34.0,131.0,0.6923076923076923,0.15384615384615385,1.0,1.0,2.1613541666666665,85.27950231481482,3.0,3.0,0.0,0.15384615384615385,1.0,548100.0,102,30450.0,0,1,6,6,train,0.96,4,2,1,9.0,0.0,9.0,77.0,0.0,-1.0,-1.0,-1.0,2
PH002673,AC000945,0,1,1,0,0,9.0,0.0,0.0,1.0,0.0,26.0,16.333333333333332,122.0,0.7777777777777778,0.1111111111111111,1.0,1.0,5.357094907407407,65.00003472222222,1.0,4.0,1.0,0.1111111111111111,1.0,548100.0,102,30450.0,0,1,6,6,train,0.96,4,2,1,9.0,0.0,9.0,77.0,0.0,-1.0,-1.0,-1.0,2
PH002679,AC000948,3,0,0,0,0,8.0,0.0,0.0,0.0,0.0,17.625,0.0,0.0,1.0,0.0,2.0,2.0,57.1574537037037,79.29965277777778,0.0,0.0,0.0,0.0,0.0,430500.0,0,14350.0,1,2,0,0,train,0.43,2,1,1,-1.0,-1.0,-1.0,-1.0,-1.0,1.0,6600.0,6600.0,2
PH002680,AC000948,0,1,1,0,0,23.0,0.0,0.0,1.0,0.0,25.0,63.34782608695652,384.0,0.6956521739130435,0.043478260869565216,1.0,1.0,2.417685185185185,55.34225694444444,3.0,12.0,1.0,0.043478260869565216,1.0,430500.0,0,14350.0,1,2,0,0,train,0.43,2,1,1,-1.0,-1.0,-1.0,-1.0,-1.0,1.0,6600.0,6600.0,2
PH002681,AC000949,3,0,1,0,0,18.0,0.0,0.0,0.0,0.0,29.0,4.666666666666667,49.0,0.8888888888888888,0.0,2.0,2.0,27.196400462962963,81.29342592592593,0.0,4.0,0.0,0.0,1.0,204750.0,0,22750.0,1,3,0,0,train,0.93,4,2,1,-1.0,-1.0,-1.0,-1.0,-1.0,2.0,22750.0,11375.0,2
PH002682,AC000949,1,1,1,0,0,4.0,2.0,0.0,0.0,0.0,14.75,22.0,40.0,0.25,0.0,1.0,1.0,43.432175925925925,47.35251157407407,0.0,0.0,2.0,0.5,1.0,204750.0,0,22750.0,1,3,0,0,train,0.93,4,2,1,-1.0,-1.0,-1.0,-1.0,-1.0,2.0,22750.0,11375.0,2
PH002683,AC000950,3,0,1,0,0,3.0,0.0,0.0,0.0,0.0,25.0,150.66666666666666,403.0,0.3333333333333333,0.0,1.0,1.0,73.36109953703703,75.266875,0.0,0.0,0.0,0.0,1.0,96100.0,19,3100.0,1,0,1,0,train,0.86,1,2,1,-1.0,-1.0,-1.0,-1.0,-1.0,1.0,3100.0,3100.0,1
PH002686,AC000952,3,0,1,0,0,15.0,0.0,0.0,0.0,0.0,22.8,43.666666666666664,225.0,0.6666666666666666,0.0,1.0,1.0,7.355439814814815,82.30487268518519,0.0,3.0,0.0,0.0,1.0,80300.0,313,3650.0,0,3,1,0,train,-1.0,1,0,0,7.0,5.0,0.0,673.4285714285714,0.7142857142857143,1.0,11200.0,11200.0,1
PH002688,AC000954,3,0,1,0,0,12.0,0.0,0.0,1.0,0.0,19.25,31.166666666666668,172.0,0.5833333333333334,0.08333333333333333,2.0,2.0,44.37563657407407,89.34396990740741,0.0,0.0,0.0,0.08333333333333333,1.0,195650.0,0,4550.0,3,1,0,0,train,0.41,5,0,1,-1.0,-1.0,-1.0,-1.0,-1.0,2.0,4550.0,2275.0,2
PH002689,AC000954,4,1,0,0,0,-1.0,-1.0,-1.0,-1.0,-1.0,-1.0,-1.0,-1.0,-1.0,-1.0,-1.0,-1.0,-1.0,-1.0,-1.0,-1.0,-1.0,-1.0,-1.0,195650.0,0,4550.0,3,1,0,0,train,0.41,5,0,1,-1.0,-1.0,-1.0,-1.0,-1.0,2.0,4550.0,2275.0,2
PH002690,AC000955,3,0,1,0,0,15.0,0.0,0.0,0.0,0.0,32.93333333333333,32.06666666666667,358.0,0.8666666666666667,0.0,1.0,1.0,37.05601851851852,89.41269675925926,0.0,0.0,0.0,0.0,1.0,23750.0,165,1250.0,0,1,4,1,train,0.19,5,0,1,8.0,2.0,2.0,364.0,0.25,1.0,7500.0,7500.0,4
PH002691,AC000955,0,1,0,0,0,8.0,0.0,8.0,0.0,0.0,0.0,0.0,0.0,1.0,1.0,1.0,1.0,15.160520833333333,33.36725694444444,0.0,4.0,5.0,1.0,0.0,23750.0,165,1250.0,0,1,4,1,train,0.19,5,0,1,8.0,2.0,2.0,364.0,0.25,1.0,7500.0,7500.0,4
PH002692,AC000955,1,2,0,0,0,2.0,0.0,0.0,0.0,0.0,36.0,0.0,0.0,1.0,0.0,1.0,1.0,14.23306712962963,14.423553240740741,0.0,2.0,0.0,0.0,0.0,23750.0,165,1250.0,0,1,4,1,train,0.19,5,0,1,8.0,2.0,2.0,364.0,0.25,1.0,7500.0,7500.0,4
PH002693,AC000955,4,3,0,0,0,-1.0,-1.0,-1.0,-1.0,-1.0,-1.0,-1.0,-1.0,-1.0,-1.0,-1.0,-1.0,-1.0,-1.0,-1.0,-1.0,-1.0,-1.0,-1.0,23750.0,165,1250.0,0,1,4,1,train,0.19,5,0,1,8.0,2.0,2.0,364.0,0.25,1.0,7500.0,7500.0,4
PH002694,AC000956,3,0,0,0,0,8.0,0.0,8.0,0.0,0.0,0.0,0.0,0.0,1.0,1.0,1.0,1.0,66.32880787037037,87.37041666666667,0.0,0.0,5.0,1.0,0.0,101250.0,81,6750.0,0,3,2,0,train,-1.0,2,1,1,2.0,1.0,0.0,840.5,0.5,1.0,20250.0,20250.0,1
PH002695,AC000957,3,0,1,0,0,17.0,0.0,0.0,1.0,0.0,20.470588235294116,3.9411764705882355,35.0,0.8823529411764706,0.058823529411764705,1.0,1.0,6.250104166666667,84.32763888888888,1.0,4.0,0.0,0.058823529411764705,1.0,151800.0,46,3300.0,0,5,2,2,train,0.78,5,2,1,4.0,2.0,1.0,529.0,0.5,-1.0,-1.0,-1.0,3
PH002696,AC000957,0,1,0,0,0,8.0,0.0,8.0,0.0,0.0,0.0,0.0,0.0,1.0,1.0,1.0,1.0,32.17534722222222,49.26976851851852,0.0,0.0,5.0,1.0,0.0,151800.0,46,3300.0,0,5,2,2,train,0.78,5,2,1,4.0,2.0,1.0,529.0,0.5,-1.0,-1.0,-1.0,3
PH002697,AC000957,1,2,0,0,0,4.0,2.0,0.0,0.0,0.0,21.75,12.0,31.0,0.5,0.0,1.0,1.0,23.049131944444444,31.288888888888888,0.0,3.0,2.0,0.5,1.0,151800.0,46,3300.0,0,5,2,2,train,0.78,5,2,1,4.0,2.0,1.0,529.0,0.5,-1.0,-1.0,-1.0,3
PH002698,AC000958,3,0,1,0,0,28.0,1.0,0.0,1.0,0.0,28.964285714285715,8.607142857142858,85.0,0.8214285714285714,0.03571428571428571,1.0,1.0,0.1348263888888889,88.41560185185185,3.0,11.0,0.0,0.07142857142857142,1.0,461250.0,172,10250.0,0,6,4,1,train,0.48,5,2,1,8.0,0.0,3.0,219.25,0.0,-1.0,-1.0,-1.0,1
PH002699,AC000959,3,0,0,0,0,16.0,0.0,0.0,1.0,0.0,31.9375,0.0,0.0,1.0,0.0625,1.0,1.0,6.337569444444444,87.29032407407408,1.0,7.0,0.0,0.0625,0.0,236550.0,64,12450.0,0,3,3,1,train,-1.0,0,1,1,8.0,0.0,3.0,165.75,0.0,-1.0,-1.0,-1.0,2
PH002700,AC000959,1,1,1,0,0,18.0,0.0,0.0,2.0,0.0,29.61111111111111,18.88888888888889,340.0,0.9444444444444444,0.1111111111111111,1.0,1.0,2.1553125,67.44425925925925,4.0,4.0,1.0,0.1111111111111111,1.0,236550.0,64,12450.0,0,3,3,1,train,-1.0,0,1,1,8.0,0.0,3.0,165.75,0.0,-1.0,-1.0,-1.0,2
PH002701,AC000960,3,0,1,0,0,9.0,0.0,0.0,1.0,0.0,17.22222222222222,73.55555555555556,334.0,0.5555555555555556,0.1111111111111111,1.0,1.0,66.34974537037037,84.30261574074073,0.0,0.0,1.0,0.1111111111111111,1.0,66000.0,31,3300.0,0,2,1,0,train,0.39,1,0,1,-1.0,-1.0,-1.0,-1.0,-1.0,1.0,6600.0,6600.0,2
PH002702,AC000960,4,1,0,0,1,-1.0,-1.0,-1.0,-1.0,-1.0,-1.0,-1.0,-1.0,-1.0,-1.0,-1.0,-1.0,-1.0,-1.0,-1.0,-1.0,-1.0,-1.0,-1.0,66000.0,31,3300.0,0,2,1,0,train,0.39,1,0,1,-1.0,-1.0,-1.0,-1.0,-1.0,1.0,6600.0,6600.0,2
PH002703,AC000961,3,0,1,0,0,24.0,0.0,0.0,0.0,0.0,25.791666666666668,62.625,382.0,0.625,0.0,2.0,2.0,2.434548611111111,86.43547453703704,1.0,10.0,0.0,0.0,1.0,100700.0,9,5300.0,1,4,1,0,train,0.75,2,1,1,1.0,0.0,0.0,135.0,0.0,1.0,3300.0,3300.0,1
PH002704,AC000962,3,0,0,0,0,8.0,0.0,0.0,1.0,0.0,15.375,0.0,0.0,1.0,0.125,2.0,2.0,58.373587962962965,88.27395833333334,0.0,0.0,1.0,0.125,0.0,43750.0,2,1750.0,0,0,0,0,train,0.49,3,2,1,2.0,0.0,2.0,70.5,0.0,-1.0,-1.0,-1.0,3
PH002705,AC000962,1,1,1,0,0,20.0,1.0,0.0,1.0,0.0,28.2,53.15,394.0,0.75,0.05,1.0,1.0,21.326203703703705,56.26021990740741,0.0,3.0,1.0,0.1,1.0,43750.0,2,1750.0,0,0,0,0,train,0.49,3,2,1,2.0,0.0,2.0,70.5,0.0,-1.0,-1.0,-1.0,3
PH002706,AC000962,4,2,1,0,0,2.0,0.0,0.0,0.0,0.0,12.0,26.0,27.0,0.0,0.0,1.0,1.0,5.256643518518518,16.439039351851854,1.0,2.0,0.0,0.0,1.0,43750.0,2,1750.0,0,0,0,0,train,0.49,3,2,1,2.0,0.0,2.0,70.5,0.0,-1.0,-1.0,-1.0,3
PH002709,AC000964,3,0,1,0,0,21.0,0.0,0.0,0.0,0.0,28.857142857142858,23.904761904761905,280.0,0.7619047619047619,0.0,2.0,2.0,30.070949074074075,88.405625,0.0,0.0,0.0,0.0,1.0,118950.0,27,3050.0,1,0,0,0,train,0.54,1,0,1,1.0,1.0,0.0,1382.0,1.0,2.0,3050.0,1525.0,2
PH002710,AC000964,1,1,0,0,0,-1.0,-1.0,-1.0,-1.0,-1.0,-1.0,-1.0,-1.0,-1.0,-1.0,-1.0,-1.0,-1.0,-1.0,-1.0,-1.0,-1.0,-1.0,-1.0,118950.0,27,3050.0,1,0,0,0,train,0.54,1,0,1,1.0,1.0,0.0,1382.0,1.0,2.0,3050.0,1525.0,2
PH002711,AC000965,3,0,1,0,0,9.0,0.0,0.0,1.0,0.0,29.0,6.777777777777778,61.0,0.8888888888888888,0.1111111111111111,2.0,2.0,10.277604166666666,82.34520833333333,0.0,3.0,1.0,0.1111111111111111,1.0,86000.0,0,2000.0,3,2,0,0,train,0.93,1,1,0,-1.0,-1.0,-1.0,-1.0,-1.0,2.0,2000.0,1000.0,3
PH000524,AC000965,2,1,1,0,0,3.0,0.0,0.0,0.0,0.0,14.333333333333334,43.666666666666664,102.0,0.3333333333333333,0.0,1.0,1.0,26.163391203703704,88.36209490740741,0.0,1.0,0.0,0.0,1.0,86000.0,0,2000.0,3,2,0,0,train,0.93,1,1,0,-1.0,-1.0,-1.0,-1.0,-1.0,2.0,2000.0,1000.0,3
PH002712,AC000965,4,2,1,0,0,5.0,0.0,0.0,0.0,0.0,19.6,48.2,84.0,0.2,0.0,2.0,2.0,13.38888888888889,67.29267361111111,0.0,1.0,0.0,0.0,1.0,86000.0,0,2000.0,3,2,0,0,train,0.93,1,1,0,-1.0,-1.0,-1.0,-1.0,-1.0,2.0,2000.0,1000.0,3
PH002713,AC000966,3,0,0,0,0,9.0,0.0,3.0,6.0,0.0,0.0,0.0,0.0,1.0,1.0,2.0,2.0,77.45101851851852,89.4203587962963,0.0,0.0,5.0,1.0,0.0,664800.0,14,13850.0,0,0,0,0,train,0.71,0,1,1,-1.0,-1.0,-1.0,-1.0,-1.0,1.0,13850.0,13850.0,1
PH002714,AC000967,3,0,0,0,0,2.0,0.0,0.0,0.0,2.0,0.0,0.0,0.0,1.0,1.0,1.0,1.0,83.26987268518519,86.31358796296297,0.0,0.0,2.0,0.0,0.0,92950.0,44,8450.0,0,3,0,0,train,0.76,0,1,1,1.0,0.0,1.0,52.0,0.0,-1.0,-1.0,-1.0,2
PH000426,AC000967,2,1,1,0,0,36.0,0.0,0.0,3.0,0.0,23.055555555555557,28.13888888888889,136.0,0.6666666666666666,0.08333333333333333,1.0,1.0,12.279733796296297,83.1500462962963,0.0,9.0,0.0,0.08333333333333333,1.0,92950.0,44,8450.0,0,3,0,0,train,0.76,0,1,1,1.0,0.0,1.0,52.0,0.0,-1.0,-1.0,-1.0,2
PH002715,AC000968,3,0,0,0,0,8.0,1.0,0.0,1.0,0.0,24.375,2.5,20.0,0.875,0.125,2.0,2.0,51.39253472222222,89.38981481481481,0.0,0.0,2.0,0.25,1.0,108800.0,11,3200.0,0,3,0,0,train,0.52,1,1,1,-1.0,-1.0,-1.0,-1.0,-1.0,1.0,3200.0,3200.0,3
PH002716,AC000968,0,1,1,0,0,3.0,0.0,0.0,0.0,0.0,18.0,14.0,42.0,0.6666666666666666,0.0,1.0,1.0,46.31387731481482,51.010428240740744,0.0,0.0,0.0,0.0,1.0,108800.0,11,3200.0,0,3,0,0,train,0.52,1,1,1,-1.0,-1.0,-1.0,-1.0,-1.0,1.0,3200.0,3200.0,3
PH002717,AC000968,4,2,0,0,0,-1.0,-1.0,-1.0,-1.0,-1.0,-1.0,-1.0,-1.0,-1.0,-1.0,-1.0,-1.0,-1.0,-1.0,-1.0,-1.0,-1.0,-1.0,-1.0,108800.0,11,3200.0,0,3,0,0,train,0.52,1,1,1,-1.0,-1.0,-1.0,-1.0,-1.0,1.0,3200.0,3200.0,3
PH002718,AC000969,3,0,0,0,0,11.0,0.0,0.0,0.0,0.0,25.09090909090909,0.0,0.0,1.0,0.0,1.0,1.0,2.453101851851852,89.43870370370371,2.0,3.0,0.0,0.0,0.0,39600.0,109,1200.0,0,1,2,0,train,0.05,5,2,1,7.0,1.0,1.0,326.42857142857144,0.14285714285714285,-1.0,-1.0,-1.0,3
PH002719,AC000969,0,1,0,0,0,8.0,1.0,2.0,1.0,0.0,13.75,1.5,12.0,0.875,0.375,1.0,1.0,37.35961805555556,58.40291666666667,0.0,0.0,3.0,0.5,1.0,39600.0,109,1200.0,0,1,2,0,train,0.05,5,2,1,7.0,1.0,1.0,326.42857142857144,0.14285714285714285,-1.0,-1.0,-1.0,3
PH002720,AC000969,4,2,0,0,0,8.0,0.0,0.0,1.0,0.0,13.0,49.375,106.0,0.375,0.125,1.0,1.0,16.081469907407406,37.091875,0.0,4.0,1.0,0.125,1.0,39600.0,109,1200.0,0,1,2,0,train,0.05,5,2,1,7.0,1.0,1.0,326.42857142857144,0.14285714285714285,-1.0,-1.0,-1.0,3
PH002721,AC000970,3,0,1,0,0,16.0,0.0,0.0,1.0,0.0,20.9375,86.1875,395.0,0.5,0.0625,2.0,2.0,56.407974537037035,87.26103009259259,0.0,0.0,0.0,0.0625,1.0,206800.0,25,4700.0,1,0,1,0,train,-1.0,5,2,1,-1.0,-1.0,-1.0,-1.0,-1.0,1.0,4700.0,4700.0,2
PH002722,AC000970,4,1,0,0,0,-1.0,-1.0,-1.0,-1.0,-1.0,-1.0,-1.0,-1.0,-1.0,-1.0,-1.0,-1.0,-1.0,-1.0,-1.0,-1.0,-1.0,-1.0,-1.0,206800.0,25,4700.0,1,0,1,0,train,-1.0,5,2,1,-1.0,-1.0,-1.0,-1.0,-1.0,1.0,4700.0,4700.0,2
PH002723,AC000971,3,0,0,0,0,8.0,0.0,2.0,0.0,0.0,24.875,0.0,0.0,1.0,0.25,1.0,1.0,59.41537037037037,88.25679398148148,0.0,0.0,1.0,0.25,0.0,500000.0,111,12500.0,0,2,3,2,train,0.61,0,1,1,9.0,0.0,3.0,192.33333333333334,0.0,-1.0,-1.0,-1.0,3
PH002724,AC000971,1,1,1,0,0,14.0,0.0,0.0,1.0,0.0,20.5,7.714285714285714,62.0,0.8571428571428571,0.07142857142857142,1.0,1.0,17.268368055555555,57.29805555555556,0.0,3.0,0.0,0.07142857142857142,1.0,500000.0,111,12500.0,0,2,3,2,train,0.61,0,1,1,9.0,0.0,3.0,192.33333333333334,0.0,-1.0,-1.0,-1.0,3
PH002725,AC000971,4,2,0,0,0,2.0,0.0,0.0,0.0,0.0,13.5,44.5,48.0,0.0,0.0,1.0,1.0,14.258182870370371,17.142002314814814,0.0,2.0,0.0,0.0,1.0,500000.0,111,12500.0,0,2,3,2,train,0.61,0,1,1,9.0,0.0,3.0,192.33333333333334,0.0,-1.0,-1.0,-1.0,3
PH002734,AC000976,3,0,1,0,0,7.0,0.0,0.0,3.0,0.0,19.285714285714285,6.0,42.0,0.8571428571428571,0.42857142857142855,1.0,1.0,56.412280092592596,81.27142361111112,0.0,0.0,3.0,0.42857142857142855,1.0,186900.0,272,4450.0,0,2,2,1,train,-1.0,5,1,1,3.0,0.0,1.0,158.0,0.0,1.0,44500.0,44500.0,2
PH002735,AC000976,0,1,0,0,0,-1.0,-1.0,-1.0,-1.0,-1.0,-1.0,-1.0,-1.0,-1.0,-1.0,-1.0,-1.0,-1.0,-1.0,-1.0,-1.0,-1.0,-1.0,-1.0,186900.0,272,4450.0,0,2,2,1,train,-1.0,5,1,1,3.0,0.0,1.0,158.0,0.0,1.0,44500.0,44500.0,2
PH002736,AC000977,3,0,1,0,0,17.0,0.0,8.0,2.0,0.0,8.117647058823529,83.88235294117646,403.0,0.7058823529411765,0.5882352941176471,1.0,1.0,13.027060185185185,88.44248842592593,0.0,6.0,1.0,0.5882352941176471,1.0,197500.0,86,3950.0,0,0,2,1,train,-1.0,1,2,1,2.0,0.0,2.0,45.5,0.0,-1.0,-1.0,-1.0,2
PH002737,AC000977,0,1,0,0,0,7.0,1.0,0.0,0.0,0.0,38.0,1.5714285714285714,11.0,0.8571428571428571,0.0,1.0,1.0,0.06909722222222223,12.356886574074075,5.0,7.0,1.0,0.14285714285714285,1.0,197500.0,86,3950.0,0,0,2,1,train,-1.0,1,2,1,2.0,0.0,2.0,45.5,0.0,-1.0,-1.0,-1.0,2
PH002738,AC000978,3,0,1,0,0,9.0,0.0,0.0,0.0,0.0,27.666666666666668,37.55555555555556,233.0,0.6666666666666666,0.0,2.0,2.0,68.16497685185185,86.39355324074074,0.0,0.0,0.0,0.0,1.0,413400.0,9,15900.0,2,3,1,1,train,-1.0,2,1,0,-1.0,-1.0,-1.0,-1.0,-1.0,3.0,15900.0,5300.0,1
PH002739,AC000979,3,0,0,0,0,4.0,0.0,0.0,0.0,0.0,18.25,0.0,0.0,1.0,0.0,1.0,1.0,82.35688657407407,86.25091435185185,0.0,0.0,0.0,0.0,0.0,72200.0,243,3800.0,0,2,5,1,train,0.04,2,1,1,2.0,1.0,1.0,676.5,0.5,1.0,34200.0,34200.0,4
PH002740,AC000979,0,1,0,0,0,-1.0,-1.0,-1.0,-1.0,-1.0,-1.0,-1.0,-1.0,-1.0,-1.0,-1.0,-1.0,-1.0,-1.0,-1.0,-1.0,-1.0,-1.0,-1.0,72200.0,243,3800.0,0,2,5,1,train,0.04,2,1,1,2.0,1.0,1.0,676.5,0.5,1.0,34200.0,34200.0,4
PH002741,AC000979,1,2,0,0,0,-1.0,-1.0,-1.0,-1.0,-1.0,-1.0,-1.0,-1.0,-1.0,-1.0,-1.0,-1.0,-1.0,-1.0,-1.0,-1.0,-1.0,-1.0,-1.0,72200.0,243,3800.0,0,2,5,1,train,0.04,2,1,1,2.0,1.0,1.0,676.5,0.5,1.0,34200.0,34200.0,4
PH002742,AC000979,4,3,0,0,0,-1.0,-1.0,-1.0,-1.0,-1.0,-1.0,-1.0,-1.0,-1.0,-1.0,-1.0,-1.0,-1.0,-1.0,-1.0,-1.0,-1.0,-1.0,-1.0,72200.0,243,3800.0,0,2,5,1,train,0.04,2,1,1,2.0,1.0,1.0,676.5,0.5,1.0,34200.0,34200.0,4
PH000146,AC000981,3,0,1,0,0,26.0,0.0,0.0,2.0,0.0,24.346153846153847,28.576923076923077,140.0,0.6538461538461539,0.07692307692307693,3.0,2.0,2.2889583333333334,88.44391203703704,1.0,8.0,0.0,0.07692307692307693,1.0,120000.0,0,3000.0,1,0,0,0,train,0.5,1,1,1,1.0,0.0,0.0,353.0,0.0,-1.0,-1.0,-1.0,3
PH002745,AC000981,0,1,0,0,0,7.0,0.0,5.0,2.0,0.0,0.0,0.0,0.0,1.0,1.0,1.0,1.0,31.449953703703702,55.32571759259259,0.0,0.0,5.0,1.0,0.0,120000.0,0,3000.0,1,0,0,0,train,0.5,1,1,1,1.0,0.0,0.0,353.0,0.0,-1.0,-1.0,-1.0,3
PH002746,AC000982,3,0,0,0,0,8.0,2.0,0.0,0.0,0.0,20.75,5.375,35.0,0.75,0.0,1.0,1.0,74.37497685185186,87.42297453703704,0.0,0.0,0.0,0.25,1.0,253700.0,32,5900.0,0,5,0,0,train,0.26,0,1,1,1.0,0.0,0.0,60.0,0.0,-1.0,-1.0,-1.0,3
PH002747,AC000982,0,1,1,0,0,23.0,0.0,0.0,0.0,0.0,30.956521739130434,22.869565217391305,308.0,0.8695652173913043,0.0,1.0,1.0,4.027673611111111,69.44150462962963,3.0,10.0,0.0,0.0,1.0,253700.0,32,5900.0,0,5,0,0,train,0.26,0,1,1,1.0,0.0,0.0,60.0,0.0,-1.0,-1.0,-1.0,3
PH002748,AC000982,4,2,0,0,0,8.0,0.0,0.0,2.0,0.0,26.5,5.5,44.0,0.875,0.25,1.0,1.0,41.37342592592593,54.42193287037037,0.0,0.0,1.0,0.25,1.0,253700.0,32,5900.0,0,5,0,0,train,0.26,0,1,1,1.0,0.0,0.0,60.0,0.0,-1.0,-1.0,-1.0,3
PH002749,AC000983,3,0,0,0,0,8.0,0.0,0.0,0.0,0.0,35.0,0.0,0.0,1.0,0.0,1.0,1.0,66.29627314814815,81.38600694444445,0.0,0.0,0.0,0.0,0.0,57750.0,72,3850.0,0,1,0,0,train,1.0,0,2,1,8.0,5.0,2.0,572.0,0.625,-1.0,-1.0,-1.0,4
PH002750,AC000983,0,1,1,0,0,14.0,0.0,0.0,1.0,0.0,19.928571428571427,7.785714285714286,72.0,0.8571428571428571,0.07142857142857142,1.0,1.0,4.341944444444445,63.42355324074074,1.0,7.0,1.0,0.07142857142857142,1.0,57750.0,72,3850.0,0,1,0,0,train,1.0,0,2,1,8.0,5.0,2.0,572.0,0.625,-1.0,-1.0,-1.0,4
PH002751,AC000983,1,2,0,0,0,2.0,0.0,0.0,0.0,0.0,28.0,0.0,0.0,1.0,0.0,1.0,1.0,0.28300925925925924,1.3894560185185185,2.0,2.0,0.0,0.0,0.0,57750.0,72,3850.0,0,1,0,0,train,1.0,0,2,1,8.0,5.0,2.0,572.0,0.625,-1.0,-1.0,-1.0,4
PH002752,AC000983,4,3,0,0,0,-1.0,-1.0,-1.0,-1.0,-1.0,-1.0,-1.0,-1.0,-1.0,-1.0,-1.0,-1.0,-1.0,-1.0,-1.0,-1.0,-1.0,-1.0,-1.0,57750.0,72,3850.0,0,1,0,0,train,1.0,0,2,1,8.0,5.0,2.0,572.0,0.625,-1.0,-1.0,-1.0,4
PH002753,AC000984,3,0,1,0,0,10.0,0.0,0.0,1.0,0.0,15.8,3.5,35.0,0.9,0.1,1.0,1.0,70.11114583333334,88.28528935185186,0.0,0.0,1.0,0.1,1.0,149450.0,85,3050.0,0,1,2,2,train,-1.0,1,0,1,5.0,0.0,1.0,216.4,0.0,2.0,7600.0,3800.0,3
PH002754,AC000984,0,1,0,0,0,8.0,0.0,0.0,1.0,0.0,16.375,0.0,0.0,1.0,0.125,1.0,1.0,41.3371412037037,67.39447916666667,0.0,0.0,0.0,0.125,0.0,149450.0,85,3050.0,0,1,2,2,train,-1.0,1,0,1,5.0,0.0,1.0,216.4,0.0,2.0,7600.0,3800.0,3
PH002755,AC000984,4,2,1,0,0,4.0,0.0,0.0,0.0,0.0,11.75,40.0,99.0,0.0,0.0,1.0,1.0,7.416875,33.432627314814816,0.0,2.0,0.0,0.0,1.0,149450.0,85,3050.0,0,1,2,2,train,-1.0,1,0,1,5.0,0.0,1.0,216.4,0.0,2.0,7600.0,3800.0,3
PH002756,AC000985,3,0,1,0,1,11.0,0.0,7.0,1.0,0.0,9.363636363636363,9.090909090909092,100.0,0.9090909090909091,0.7272727272727273,2.0,2.0,1.2975810185185186,89.42512731481482,1.0,1.0,2.0,0.7272727272727273,1.0,297600.0,0,9300.0,1,2,1,1,train,0.36,0,1,1,1.0,1.0,0.0,729.0,1.0,-1.0,-1.0,-1.0,3
PH002757,AC000985,0,1,1,0,0,21.0,0.0,1.0,2.0,0.0,23.761904761904763,22.285714285714285,177.0,0.8571428571428571,0.14285714285714285,1.0,1.0,22.440254629629628,62.300949074074076,0.0,6.0,2.0,0.14285714285714285,1.0,297600.0,0,9300.0,1,2,1,1,train,0.36,0,1,1,1.0,1.0,0.0,729.0,1.0,-1.0,-1.0,-1.0,3
PH002758,AC000985,4,2,1,0,0,12.0,1.0,0.0,1.0,0.0,20.583333333333332,46.333333333333336,140.0,0.4166666666666667,0.08333333333333333,1.0,1.0,7.20400462962963,22.108622685185185,0.0,12.0,0.0,0.16666666666666666,1.0,297600.0,0,9300.0,1,2,1,1,train,0.36,0,1,1,1.0,1.0,0.0,729.0,1.0,-1.0,-1.0,-1.0,3
PH002759,AC000986,3,0,1,0,0,9.0,0.0,2.0,0.0,0.0,27.0,11.333333333333334,102.0,0.8888888888888888,0.2222222222222222,2.0,2.0,70.24895833333333,89.3928587962963,0.0,0.0,2.0,0.2222222222222222,1.0,239000.0,2,11950.0,0,0,0,0,train,0.28,0,1,1,-1.0,-1.0,-1.0,-1.0,-1.0,1.0,11950.0,11950.0,2
PH002760,AC000986,4,1,0,0,0,3.0,0.0,0.0,0.0,0.0,17.333333333333332,40.666666666666664,91.0,0.3333333333333333,0.0,2.0,2.0,63.31905092592593,68.42255787037037,0.0,0.0,0.0,0.0,1.0,239000.0,2,11950.0,0,0,0,0,train,0.28,0,1,1,-1.0,-1.0,-1.0,-1.0,-1.0,1.0,11950.0,11950.0,2
PH002764,AC000988,3,0,1,0,0,25.0,0.0,0.0,0.0,0.0,24.12,33.36,392.0,0.76,0.0,2.0,2.0,26.298391203703705,84.25641203703704,0.0,1.0,0.0,0.0,1.0,284000.0,19,17750.0,0,2,1,1,train,0.59,2,1,1,-1.0,-1.0,-1.0,-1.0,-1.0,1.0,7100.0,7100.0,3
PH002765,AC000988,1,1,0,0,0,7.0,0.0,0.0,1.0,0.0,20.857142857142858,14.857142857142858,72.0,0.7142857142857143,0.14285714285714285,1.0,1.0,4.429953703703704,26.141284722222224,3.0,7.0,1.0,0.14285714285714285,1.0,284000.0,19,17750.0,0,2,1,1,train,0.59,2,1,1,-1.0,-1.0,-1.0,-1.0,-1.0,1.0,7100.0,7100.0,3
PH002766,AC000988,4,2,0,0,0,-1.0,-1.0,-1.0,-1.0,-1.0,-1.0,-1.0,-1.0,-1.0,-1.0,-1.0,-1.0,-1.0,-1.0,-1.0,-1.0,-1.0,-1.0,-1.0,284000.0,19,17750.0,0,2,1,1,train,0.59,2,1,1,-1.0,-1.0,-1.0,-1.0,-1.0,1.0,7100.0,7100.0,3
PH002767,AC000989,3,0,1,0,0,21.0,0.0,1.0,0.0,0.0,30.0,28.571428571428573,403.0,0.8571428571428571,0.047619047619047616,2.0,2.0,0.17331018518518518,81.32043981481482,6.0,13.0,0.0,0.047619047619047616,1.0,14700.0,0,700.0,1,0,1,1,train,-1.0,3,2,1,-1.0,-1.0,-1.0,-1.0,-1.0,1.0,500.0,500.0,2
PH002768,AC000989,0,1,1,0,0,15.0,1.0,1.0,1.0,0.0,28.266666666666666,36.06666666666667,283.0,0.8,0.13333333333333333,1.0,1.0,20.291921296296298,54.36465277777778,0.0,3.0,1.0,0.2,1.0,14700.0,0,700.0,1,0,1,1,train,-1.0,3,2,1,-1.0,-1.0,-1.0,-1.0,-1.0,1.0,500.0,500.0,2
PH002769,AC000990,3,0,1,0,0,10.0,0.0,0.0,0.0,0.0,23.3,32.9,195.0,0.6,0.0,1.0,1.0,32.33185185185185,87.29600694444444,0.0,0.0,0.0,0.0,1.0,131400.0,59,10950.0,1,3,2,2,train,-1.0,0,1,1,1.0,0.0,0.0,109.0,0.0,2.0,21900.0,10950.0,3
PH000390,AC000990,2,1,0,0,0,-1.0,-1.0,-1.0,-1.0,-1.0,-1.0,-1.0,-1.0,-1.0,-1.0,-1.0,-1.0,-1.0,-1.0,-1.0,-1.0,-1.0,-1.0,-1.0,131400.0,59,10950.0,1,3,2,2,train,-1.0,0,1,1,1.0,0.0,0.0,109.0,0.0,2.0,21900.0,10950.0,3
PH002770,AC000990,4,2,0,0,0,-1.0,-1.0,-1.0,-1.0,-1.0,-1.0,-1.0,-1.0,-1.0,-1.0,-1.0,-1.0,-1.0,-1.0,-1.0,-1.0,-1.0,-1.0,-1.0,131400.0,59,10950.0,1,3,2,2,train,-1.0,0,1,1,1.0,0.0,0.0,109.0,0.0,2.0,21900.0,10950.0,3
PH002771,AC000991,3,0,1,0,0,10.0,0.0,7.0,1.0,0.0,4.7,3.6,36.0,0.9,0.8,1.0,1.0,41.292627314814816,89.4237962962963,0.0,0.0,3.0,0.8,1.0,345000.0,40,15000.0,0,1,2,1,train,0.7,0,1,1,1.0,0.0,1.0,97.0,0.0,2.0,20300.0,10150.0,2
PH002772,AC000991,4,1,0,0,0,6.0,0.0,0.0,0.0,0.0,15.333333333333334,46.833333333333336,128.0,0.5,0.0,1.0,1.0,2.244039351851852,41.1725,2.0,3.0,0.0,0.0,1.0,345000.0,40,15000.0,0,1,2,1,train,0.7,0,1,1,1.0,0.0,1.0,97.0,0.0,2.0,20300.0,10150.0,2
PH002774,AC000993,3,0,1,0,0,18.0,1.0,0.0,0.0,0.0,26.38888888888889,33.94444444444444,366.0,0.7777777777777778,0.0,1.0,1.0,39.342268518518516,89.34228009259259,0.0,0.0,0.0,0.05555555555555555,1.0,161500.0,39,4250.0,1,0,1,0,train,0.33,0,1,1,-1.0,-1.0,-1.0,-1.0,-1.0,2.0,5400.0,2700.0,3
PH002775,AC000993,4,1,0,0,0,7.0,0.0,4.0,3.0,0.0,0.0,0.0,0.0,1.0,1.0,1.0,1.0,5.410520833333333,38.40908564814815,1.0,5.0,5.0,1.0,0.0,161500.0,39,4250.0,1,0,1,0,train,0.33,0,1,1,-1.0,-1.0,-1.0,-1.0,-1.0,2.0,5400.0,2700.0,3
PH002776,AC000994,3,0,0,0,0,8.0,0.0,0.0,0.0,0.0,37.125,0.0,0.0,1.0,0.0,2.0,2.0,69.36938657407407,88.29878472222222,0.0,0.0,0.0,0.0,0.0,53650.0,0,1450.0,1,3,0,0,train,0.2,5,0,1,-1.0,-1.0,-1.0,-1.0,-1.0,1.0,800.0,800.0,3
PH002777,AC000994,0,1,1,0,0,26.0,0.0,0.0,1.0,0.0,21.846153846153847,56.11538461538461,309.0,0.6153846153846154,0.038461538461538464,2.0,2.0,0.44069444444444444,68.40758101851851,3.0,15.0,0.0,0.038461538461538464,1.0,53650.0,0,1450.0,1,3,0,0,train,0.2,5,0,1,-1.0,-1.0,-1.0,-1.0,-1.0,1.0,800.0,800.0,3
PH002778,AC000994,4,2,0,0,0,-1.0,-1.0,-1.0,-1.0,-1.0,-1.0,-1.0,-1.0,-1.0,-1.0,-1.0,-1.0,-1.0,-1.0,-1.0,-1.0,-1.0,-1.0,-1.0,53650.0,0,1450.0,1,3,0,0,train,0.2,5,0,1,-1.0,-1.0,-1.0,-1.0,-1.0,1.0,800.0,800.0,3
PH002782,AC000996,3,0,1,0,0,2.0,0.0,0.0,0.0,0.0,18.0,23.5,47.0,0.5,0.0,1.0,1.0,83.35542824074074,86.38631944444444,0.0,0.0,0.0,0.0,1.0,190000.0,86,3800.0,0,1,1,1,train,0.5,2,1,1,-1.0,-1.0,-1.0,-1.0,-1.0,1.0,11400.0,11400.0,3
PH000574,AC000996,2,1,0,0,0,4.0,0.0,0.0,1.0,0.0,13.5,19.25,46.0,0.5,0.25,1.0,1.0,0.08703703703703704,5.351203703703704,4.0,4.0,1.0,0.25,1.0,190000.0,86,3800.0,0,1,1,1,train,0.5,2,1,1,-1.0,-1.0,-1.0,-1.0,-1.0,1.0,11400.0,11400.0,3
PH002783,AC000996,4,2,0,0,0,-1.0,-1.0,-1.0,-1.0,-1.0,-1.0,-1.0,-1.0,-1.0,-1.0,-1.0,-1.0,-1.0,-1.0,-1.0,-1.0,-1.0,-1.0,-1.0,190000.0,86,3800.0,0,1,1,1,train,0.5,2,1,1,-1.0,-1.0,-1.0,-1.0,-1.0,1.0,11400.0,11400.0,3
PH002784,AC000997,3,0,1,0,0,4.0,0.0,0.0,1.0,0.0,9.5,37.25,64.0,0.25,0.25,1.0,1.0,51.23488425925926,79.40248842592592,0.0,0.0,1.0,0.25,1.0,49000.0,118,1000.0,0,2,7,2,train,0.43,5,2,1,1.0,0.0,1.0,98.0,0.0,3.0,4000.0,1333.3333333333333,1
PH002785,AC000998,3,0,1,0,0,21.0,0.0,1.0,3.0,0.0,22.38095238095238,12.428571428571429,138.0,0.8095238095238095,0.19047619047619047,2.0,2.0,5.366238425925926,84.2665625,1.0,8.0,1.0,0.19047619047619047,1.0,487500.0,18,12500.0,0,2,3,1,train,0.42,5,2,1,-1.0,-1.0,-1.0,-1.0,-1.0,-1.0,-1.0,-1.0,1
PH002786,AC000999,3,0,1,0,0,7.0,0.0,0.0,1.0,0.0,25.428571428571427,11.285714285714286,41.0,0.7142857142857143,0.14285714285714285,1.0,1.0,58.31584490740741,86.33518518518518,0.0,0.0,1.0,0.14285714285714285,1.0,295000.0,153,14750.0,0,1,1,0,train,0.57,0,1,1,3.0,1.0,0.0,361.0,0.3333333333333333,1.0,88500.0,88500.0,4
PH002787,AC000999,0,1,0,0,0,-1.0,-1.0,-1.0,-1.0,-1.0,-1.0,-1.0,-1.0,-1.0,-1.0,-1.0,-1.0,-1.0,-1.0,-1.0,-1.0,-1.0,-1.0,-1.0,295000.0,153,14750.0,0,1,1,0,train,0.57,0,1,1,3.0,1.0,0.0,361.0,0.3333333333333333,1.0,88500.0,88500.0,4
PH002788,AC000999,1,2,0,0,0,-1.0,-1.0,-1.0,-1.0,-1.0,-1.0,-1.0,-1.0,-1.0,-1.0,-1.0,-1.0,-1.0,-1.0,-1.0,-1.0,-1.0,-1.0,-1.0,295000.0,153,14750.0,0,1,1,0,train,0.57,0,1,1,3.0,1.0,0.0,361.0,0.3333333333333333,1.0,88500.0,88500.0,4
PH000595,AC000999,2,3,0,0,0,-1.0,-1.0,-1.0,-1.0,-1.0,-1.0,-1.0,-1.0,-1.0,-1.0,-1.0,-1.0,-1.0,-1.0,-1.0,-1.0,-1.0,-1.0,-1.0,295000.0,153,14750.0,0,1,1,0,train,0.57,0,1,1,3.0,1.0,0.0,361.0,0.3333333333333333,1.0,88500.0,88500.0,4
PH002789,AC001000,3,0,1,0,0,7.0,0.0,0.0,0.0,0.0,19.571428571428573,84.85714285714286,239.0,0.5714285714285714,0.0,1.0,1.0,38.40545138888889,82.3190625,0.0,0.0,0.0,0.0,1.0,102400.0,171,3200.0,0,1,4,3,train,0.32,0,2,1,6.0,1.0,0.0,203.16666666666666,0.16666666666666666,1.0,19200.0,19200.0,2
PH002790,AC001000,0,1,0,0,0,-1.0,-1.0,-1.0,-1.0,-1.0,-1.0,-1.0,-1.0,-1.0,-1.0,-1.0,-1.0,-1.0,-1.0,-1.0,-1.0,-1.0,-1.0,-1.0,102400.0,171,3200.0,0,1,4,3,train,0.32,0,2,1,6.0,1.0,0.0,203.16666666666666,0.16666666666666666,1.0,19200.0,19200.0,2
PH002791,AC001001,3,0,1,0,0,27.0,0.0,0.0,1.0,0.0,20.40740740740741,97.25925925925925,386.0,0.5555555555555556,0.037037037037037035,1.0,1.0,7.345138888888889,87.30472222222222,0.0,6.0,1.0,0.037037037037037035,1.0,24800.0,41,3100.0,0,0,1,1,train,0.7,0,2,1,1.0,1.0,0.0,636.0,1.0,-1.0,-1.0,-1.0,2
PH002792,AC001001,1,1,0,0,0,-1.0,-1.0,-1.0,-1.0,-1.0,-1.0,-1.0,-1.0,-1.0,-1.0,-1.0,-1.0,-1.0,-1.0,-1.0,-1.0,-1.0,-1.0,-1.0,24800.0,41,3100.0,0,0,1,1,train,0.7,0,2,1,1.0,1.0,0.0,636.0,1.0,-1.0,-1.0,-1.0,2
PH002800,AC001005,3,0,1,0,0,4.0,0.0,0.0,0.0,0.0,31.75,70.5,282.0,0.75,0.0,1.0,1.0,79.40386574074074,88.41576388888889,0.0,0.0,0.0,0.0,1.0,429000.0,161,8250.0,0,1,0,0,train,0.68,0,1,1,1.0,0.0,0.0,581.0,0.0,1.0,49500.0,49500.0,3
PH002801,AC001005,0,1,0,0,0,-1.0,-1.0,-1.0,-1.0,-1.0,-1.0,-1.0,-1.0,-1.0,-1.0,-1.0,-1.0,-1.0,-1.0,-1.0,-1.0,-1.0,-1.0,-1.0,429000.0,161,8250.0,0,1,0,0,train,0.68,0,1,1,1.0,0.0,0.0,581.0,0.0,1.0,49500.0,49500.0,3
PH000260,AC001005,2,2,0,0,0,6.0,0.0,0.0,0.0,0.0,35.666666666666664,19.0,114.0,0.8333333333333334,0.0,1.0,1.0,1.4455671296296295,14.335289351851852,3.0,6.0,0.0,0.0,1.0,429000.0,161,8250.0,0,1,0,0,train,0.68,0,1,1,1.0,0.0,0.0,581.0,0.0,1.0,49500.0,49500.0,3
PH002802,AC001006,3,0,1,0,0,1.0,0.0,0.0,0.0,0.0,6.0,48.0,48.0,0.0,0.0,1.0,1.0,89.28476851851852,89.28476851851852,0.0,0.0,0.0,0.0,1.0,106800.0,54,13350.0,1,3,0,0,train,0.66,2,1,1,-1.0,-1.0,-1.0,-1.0,-1.0,1.0,26700.0,26700.0,3
PH002803,AC001006,1,1,0,0,0,-1.0,-1.0,-1.0,-1.0,-1.0,-1.0,-1.0,-1.0,-1.0,-1.0,-1.0,-1.0,-1.0,-1.0,-1.0,-1.0,-1.0,-1.0,-1.0,106800.0,54,13350.0,1,3,0,0,train,0.66,2,1,1,-1.0,-1.0,-1.0,-1.0,-1.0,1.0,26700.0,26700.0,3
PH002804,AC001006,4,2,0,0,0,-1.0,-1.0,-1.0,-1.0,-1.0,-1.0,-1.0,-1.0,-1.0,-1.0,-1.0,-1.0,-1.0,-1.0,-1.0,-1.0,-1.0,-1.0,-1.0,106800.0,54,13350.0,1,3,0,0,train,0.66,2,1,1,-1.0,-1.0,-1.0,-1.0,-1.0,1.0,26700.0,26700.0,3
PH002805,AC001007,3,0,0,0,1,8.0,0.0,6.0,2.0,0.0,0.0,0.0,0.0,1.0,1.0,1.0,1.0,67.41988425925926,84.35099537037037,0.0,0.0,5.0,1.0,0.0,74250.0,29,2250.0,0,3,0,0,train,0.38,0,1,1,-1.0,-1.0,-1.0,-1.0,-1.0,-1.0,-1.0,-1.0,4
PH002806,AC001007,0,1,1,0,0,12.0,0.0,0.0,0.0,0.0,22.25,2.75,33.0,0.9166666666666666,0.0,1.0,1.0,36.36011574074074,66.36638888888889,0.0,0.0,0.0,0.0,1.0,74250.0,29,2250.0,0,3,0,0,train,0.38,0,1,1,-1.0,-1.0,-1.0,-1.0,-1.0,-1.0,-1.0,-1.0,4
PH000468,AC001007,2,2,0,0,0,8.0,1.0,0.0,0.0,0.0,23.75,22.125,87.0,0.625,0.0,1.0,1.0,30.063993055555557,36.17092592592593,0.0,0.0,1.0,0.125,1.0,74250.0,29,2250.0,0,3,0,0,train,0.38,0,1,1,-1.0,-1.0,-1.0,-1.0,-1.0,-1.0,-1.0,-1.0,4
PH002807,AC001007,4,3,1,0,0,9.0,0.0,0.0,1.0,0.0,25.555555555555557,14.444444444444445,98.0,0.7777777777777778,0.1111111111111111,1.0,1.0,2.3590625,20.30087962962963,4.0,9.0,1.0,0.1111111111111111,1.0,74250.0,29,2250.0,0,3,0,0,train,0.38,0,1,1,-1.0,-1.0,-1.0,-1.0,-1.0,-1.0,-1.0,-1.0,4
PH002808,AC001008,3,0,1,0,0,19.0,0.0,0.0,4.0,0.0,16.57894736842105,24.42105263157895,119.0,0.631578947368421,0.21052631578947367,2.0,2.0,13.004953703703704,88.44722222222222,0.0,6.0,0.0,0.21052631578947367,1.0,166400.0,0,6400.0,4,0,1,0,train,-1.0,0,1,1,-1.0,-1.0,-1.0,-1.0,-1.0,3.0,4700.0,1566.6666666666667,3
PH000555,AC001008,2,1,0,0,0,-1.0,-1.0,-1.0,-1.0,-1.0,-1.0,-1.0,-1.0,-1.0,-1.0,-1.0,-1.0,-1.0,-1.0,-1.0,-1.0,-1.0,-1.0,-1.0,166400.0,0,6400.0,4,0,1,0,train,-1.0,0,1,1,-1.0,-1.0,-1.0,-1.0,-1.0,3.0,4700.0,1566.6666666666667,3
PH002809,AC001008,4,2,0,0,0,-1.0,-1.0,-1.0,-1.0,-1.0,-1.0,-1.0,-1.0,-1.0,-1.0,-1.0,-1.0,-1.0,-1.0,-1.0,-1.0,-1.0,-1.0,-1.0,166400.0,0,6400.0,4,0,1,0,train,-1.0,0,1,1,-1.0,-1.0,-1.0,-1.0,-1.0,3.0,4700.0,1566.6666666666667,3
PH002810,AC001009,3,0,1,0,0,2.0,0.0,0.0,0.0,0.0,23.5,15.0,30.0,0.5,0.0,2.0,2.0,83.39069444444445,84.31400462962964,0.0,0.0,0.0,0.0,1.0,452800.0,0,14150.0,2,3,0,0,train,0.72,2,1,1,-1.0,-1.0,-1.0,-1.0,-1.0,1.0,14150.0,14150.0,1
PH002816,AC001012,3,0,1,0,0,7.0,0.0,0.0,0.0,0.0,18.0,60.142857142857146,174.0,0.5714285714285714,0.0,1.0,1.0,72.2719212962963,87.28596064814815,0.0,0.0,0.0,0.0,1.0,211900.0,275,8150.0,0,1,1,0,train,0.58,0,1,1,3.0,1.0,0.0,557.6666666666666,0.3333333333333333,1.0,81500.0,81500.0,2
PH000338,AC001012,2,1,0,0,0,-1.0,-1.0,-1.0,-1.0,-1.0,-1.0,-1.0,-1.0,-1.0,-1.0,-1.0,-1.0,-1.0,-1.0,-1.0,-1.0,-1.0,-1.0,-1.0,211900.0,275,8150.0,0,1,1,0,train,0.58,0,1,1,3.0,1.0,0.0,557.6666666666666,0.3333333333333333,1.0,81500.0,81500.0,2
PH002817,AC001013,3,0,0,0,0,19.0,2.0,6.0,1.0,0.0,15.631578947368421,3.0,23.0,0.8421052631578947,0.3684210526315789,2.0,2.0,7.409907407407408,87.29782407407407,0.0,3.0,5.0,0.47368421052631576,1.0,78000.0,26,3000.0,1,1,0,0,train,0.71,1,1,1,-1.0,-1.0,-1.0,-1.0,-1.0,-1.0,-1.0,-1.0,2
PH002818,AC001013,4,1,0,0,0,19.0,1.0,0.0,2.0,0.0,16.05263157894737,40.68421052631579,143.0,0.47368421052631576,0.10526315789473684,1.0,1.0,2.344097222222222,63.39637731481481,3.0,8.0,0.0,0.15789473684210525,1.0,78000.0,26,3000.0,1,1,0,0,train,0.71,1,1,1,-1.0,-1.0,-1.0,-1.0,-1.0,-1.0,-1.0,-1.0,2
PH002819,AC001014,3,0,1,0,0,29.0,0.0,0.0,2.0,0.0,29.896551724137932,39.793103448275865,317.0,0.7931034482758621,0.06896551724137931,1.0,1.0,9.404814814814815,86.31572916666667,0.0,10.0,0.0,0.06896551724137931,1.0,58900.0,72,1550.0,0,1,5,3,train,0.48,3,0,1,-1.0,-1.0,-1.0,-1.0,-1.0,-1.0,-1.0,-1.0,2
PH002820,AC001014,0,1,0,0,0,14.0,0.0,0.0,0.0,0.0,33.214285714285715,0.0,0.0,1.0,0.0,1.0,1.0,4.282997685185185,45.37447916666667,4.0,6.0,0.0,0.0,0.0,58900.0,72,1550.0,0,1,5,3,train,0.48,3,0,1,-1.0,-1.0,-1.0,-1.0,-1.0,-1.0,-1.0,-1.0,2
PH002821,AC001015,3,0,1,0,0,26.0,0.0,0.0,4.0,0.0,22.307692307692307,58.76923076923077,394.0,0.7307692307692307,0.15384615384615385,2.0,2.0,5.394363425925926,87.30217592592592,3.0,8.0,1.0,0.15384615384615385,1.0,150000.0,0,7500.0,3,1,1,1,train,0.51,0,1,1,-1.0,-1.0,-1.0,-1.0,-1.0,1.0,4000.0,4000.0,3
PH002822,AC001015,1,1,0,0,0,-1.0,-1.0,-1.0,-1.0,-1.0,-1.0,-1.0,-1.0,-1.0,-1.0,-1.0,-1.0,-1.0,-1.0,-1.0,-1.0,-1.0,-1.0,-1.0,150000.0,0,7500.0,3,1,1,1,train,0.51,0,1,1,-1.0,-1.0,-1.0,-1.0,-1.0,1.0,4000.0,4000.0,3
PH002823,AC001015,4,2,0,0,0,-1.0,-1.0,-1.0,-1.0,-1.0,-1.0,-1.0,-1.0,-1.0,-1.0,-1.0,-1.0,-1.0,-1.0,-1.0,-1.0,-1.0,-1.0,-1.0,150000.0,0,7500.0,3,1,1,1,train,0.51,0,1,1,-1.0,-1.0,-1.0,-1.0,-1.0,1.0,4000.0,4000.0,3
PH002826,AC001017,3,0,1,0,0,19.0,0.0,0.0,1.0,0.0,19.842105263157894,84.52631578947368,387.0,0.631578947368421,0.05263157894736842,1.0,1.0,0.3816435185185185,70.29974537037037,3.0,5.0,0.0,0.05263157894736842,1.0,18000.0,171,1500.0,0,4,5,0,train,-1.0,1,2,1,9.0,3.0,0.0,511.44444444444446,0.3333333333333333,-1.0,-1.0,-1.0,2
PH002827,AC001017,4,1,0,0,0,-1.0,-1.0,-1.0,-1.0,-1.0,-1.0,-1.0,-1.0,-1.0,-1.0,-1.0,-1.0,-1.0,-1.0,-1.0,-1.0,-1.0,-1.0,-1.0,18000.0,171,1500.0,0,4,5,0,train,-1.0,1,2,1,9.0,3.0,0.0,511.44444444444446,0.3333333333333333,-1.0,-1.0,-1.0,2
PH002830,AC001019,3,0,1,0,0,35.0,0.0,0.0,2.0,0.0,25.0,51.114285714285714,391.0,0.7142857142857143,0.05714285714285714,2.0,2.0,0.38930555555555557,88.39208333333333,1.0,12.0,1.0,0.05714285714285714,1.0,74700.0,20,4150.0,1,1,0,0,train,0.74,2,2,1,-1.0,-1.0,-1.0,-1.0,-1.0,-1.0,-1.0,-1.0,3
PH002831,AC001019,0,1,0,0,0,-1.0,-1.0,-1.0,-1.0,-1.0,-1.0,-1.0,-1.0,-1.0,-1.0,-1.0,-1.0,-1.0,-1.0,-1.0,-1.0,-1.0,-1.0,-1.0,74700.0,20,4150.0,1,1,0,0,train,0.74,2,2,1,-1.0,-1.0,-1.0,-1.0,-1.0,-1.0,-1.0,-1.0,3
PH002832,AC001019,1,2,0,0,0,-1.0,-1.0,-1.0,-1.0,-1.0,-1.0,-1.0,-1.0,-1.0,-1.0,-1.0,-1.0,-1.0,-1.0,-1.0,-1.0,-1.0,-1.0,-1.0,74700.0,20,4150.0,1,1,0,0,train,0.74,2,2,1,-1.0,-1.0,-1.0,-1.0,-1.0,-1.0,-1.0,-1.0,3
PH002833,AC001020,3,0,1,0,0,24.0,0.0,0.0,1.0,0.0,18.791666666666668,9.75,138.0,0.875,0.041666666666666664,1.0,1.0,13.314814814814815,89.28664351851852,0.0,4.0,0.0,0.041666666666666664,1.0,417750.0,125,27850.0,0,6,2,1,train,0.52,4,2,1,7.0,0.0,7.0,132.57142857142858,0.0,-1.0,-1.0,-1.0,1
PH002835,AC001022,3,0,1,0,0,33.0,0.0,0.0,3.0,0.0,23.757575757575758,58.42424242424242,347.0,0.7575757575757576,0.09090909090909091,2.0,2.0,1.3935648148148148,89.3921875,3.0,11.0,0.0,0.09090909090909091,1.0,89600.0,0,2800.0,0,4,1,0,train,0.5,1,1,1,-1.0,-1.0,-1.0,-1.0,-1.0,-1.0,-1.0,-1.0,4
PH002836,AC001022,0,1,0,0,0,-1.0,-1.0,-1.0,-1.0,-1.0,-1.0,-1.0,-1.0,-1.0,-1.0,-1.0,-1.0,-1.0,-1.0,-1.0,-1.0,-1.0,-1.0,-1.0,89600.0,0,2800.0,0,4,1,0,train,0.5,1,1,1,-1.0,-1.0,-1.0,-1.0,-1.0,-1.0,-1.0,-1.0,4
PH000316,AC001022,2,2,0,0,0,-1.0,-1.0,-1.0,-1.0,-1.0,-1.0,-1.0,-1.0,-1.0,-1.0,-1.0,-1.0,-1.0,-1.0,-1.0,-1.0,-1.0,-1.0,-1.0,89600.0,0,2800.0,0,4,1,0,train,0.5,1,1,1,-1.0,-1.0,-1.0,-1.0,-1.0,-1.0,-1.0,-1.0,4
PH002837,AC001022,4,3,0,0,0,-1.0,-1.0,-1.0,-1.0,-1.0,-1.0,-1.0,-1.0,-1.0,-1.0,-1.0,-1.0,-1.0,-1.0,-1.0,-1.0,-1.0,-1.0,-1.0,89600.0,0,2800.0,0,4,1,0,train,0.5,1,1,1,-1.0,-1.0,-1.0,-1.0,-1.0,-1.0,-1.0,-1.0,4
PH002839,AC001024,3,0,0,0,0,8.0,0.0,0.0,0.0,0.0,21.25,0.0,0.0,1.0,0.0,2.0,2.0,70.27744212962963,89.38039351851852,0.0,0.0,0.0,0.0,0.0,94050.0,13,2850.0,1,3,2,1,train,-1.0,1,1,1,1.0,0.0,0.0,143.0,0.0,1.0,2200.0,2200.0,4
PH002840,AC001024,0,1,0,0,0,8.0,0.0,1.0,7.0,0.0,0.0,0.0,0.0,1.0,1.0,1.0,1.0,42.334768518518516,67.40077546296297,0.0,0.0,5.0,1.0,0.0,94050.0,13,2850.0,1,3,2,1,train,-1.0,1,1,1,1.0,0.0,0.0,143.0,0.0,1.0,2200.0,2200.0,4
PH002841,AC001024,1,2,0,0,0,5.0,2.0,0.0,0.0,0.0,27.2,7.8,20.0,0.6,0.0,1.0,1.0,27.10560185185185,34.27990740740741,0.0,3.0,2.0,0.4,1.0,94050.0,13,2850.0,1,3,2,1,train,-1.0,1,1,1,1.0,0.0,0.0,143.0,0.0,1.0,2200.0,2200.0,4
PH002842,AC001024,4,3,1,0,0,16.0,0.0,0.0,1.0,0.0,26.6875,93.625,415.0,0.6875,0.0625,1.0,1.0,4.270532407407408,20.298333333333332,5.0,16.0,1.0,0.0625,1.0,94050.0,13,2850.0,1,3,2,1,train,-1.0,1,1,1,1.0,0.0,0.0,143.0,0.0,1.0,2200.0,2200.0,4
PH002843,AC001025,3,0,0,0,0,8.0,0.0,0.0,0.0,0.0,26.25,14.875,119.0,0.875,0.0,1.0,1.0,68.4320949074074,87.36217592592592,0.0,0.0,0.0,0.0,1.0,182600.0,52,4150.0,1,0,2,1,train,0.95,1,1,1,7.0,2.0,0.0,598.2857142857143,0.2857142857142857,-1.0,-1.0,-1.0,2
PH002844,AC001025,4,1,1,0,0,11.0,0.0,0.0,1.0,0.0,27.636363636363637,7.090909090909091,78.0,0.9090909090909091,0.09090909090909091,1.0,1.0,2.287777777777778,62.348078703703706,3.0,8.0,0.0,0.09090909090909091,1.0,182600.0,52,4150.0,1,0,2,1,train,0.95,1,1,1,7.0,2.0,0.0,598.2857142857143,0.2857142857142857,-1.0,-1.0,-1.0,2
PH002845,AC001026,3,0,1,0,0,24.0,0.0,0.0,2.0,0.0,22.333333333333332,89.25,413.0,0.625,0.08333333333333333,2.0,2.0,11.241585648148147,88.28581018518518,0.0,10.0,1.0,0.08333333333333333,1.0,123900.0,0,17700.0,4,2,2,0,train,1.0,2,1,1,-1.0,-1.0,-1.0,-1.0,-1.0,-1.0,-1.0,-1.0,3
PH002846,AC001026,0,1,0,0,0,6.0,0.0,4.0,2.0,0.0,0.0,0.0,0.0,1.0,1.0,1.0,1.0,2.4499074074074074,9.35138888888889,4.0,6.0,5.0,1.0,0.0,123900.0,0,17700.0,4,2,2,0,train,1.0,2,1,1,-1.0,-1.0,-1.0,-1.0,-1.0,-1.0,-1.0,-1.0,3
PH002847,AC001026,4,2,0,0,0,-1.0,-1.0,-1.0,-1.0,-1.0,-1.0,-1.0,-1.0,-1.0,-1.0,-1.0,-1.0,-1.0,-1.0,-1.0,-1.0,-1.0,-1.0,-1.0,123900.0,0,17700.0,4,2,2,0,train,1.0,2,1,1,-1.0,-1.0,-1.0,-1.0,-1.0,-1.0,-1.0,-1.0,3
PH002858,AC001031,3,0,1,0,0,14.0,0.0,0.0,0.0,0.0,26.357142857142858,17.071428571428573,204.0,0.8571428571428571,0.0,1.0,1.0,9.131597222222222,80.33753472222222,0.0,4.0,0.0,0.0,1.0,31500.0,188,750.0,0,1,2,2,train,-1.0,5,0,0,9.0,0.0,9.0,114.0,0.0,1.0,2200.0,2200.0,2
PH002859,AC001031,4,1,1,0,0,8.0,0.0,1.0,0.0,0.0,28.375,35.125,281.0,0.875,0.125,1.0,1.0,10.36707175925926,83.25297453703703,0.0,2.0,0.0,0.125,1.0,31500.0,188,750.0,0,1,2,2,train,-1.0,5,0,0,9.0,0.0,9.0,114.0,0.0,1.0,2200.0,2200.0,2
PH002860,AC001032,3,0,0,0,0,7.0,2.0,2.0,0.0,0.0,16.571428571428573,8.428571428571429,39.0,0.7142857142857143,0.2857142857142857,1.0,1.0,78.2874537037037,88.30549768518519,0.0,0.0,3.0,0.5714285714285714,1.0,226800.0,72,10800.0,0,2,1,1,train,0.78,5,2,1,1.0,0.0,0.0,153.0,0.0,1.0,32400.0,32400.0,2
PH002861,AC001033,3,0,1,0,0,15.0,1.0,0.0,0.0,0.0,28.533333333333335,17.266666666666666,127.0,0.8,0.0,1.0,1.0,62.150173611111114,89.37913194444444,0.0,0.0,0.0,0.06666666666666667,1.0,42500.0,60,1250.0,0,3,5,4,train,0.27,3,0,1,8.0,0.0,0.0,228.5,0.0,-1.0,-1.0,-1.0,3
PH002862,AC001033,0,1,0,0,0,8.0,0.0,1.0,3.0,0.0,14.125,0.0,0.0,1.0,0.5,1.0,1.0,38.42174768518519,61.43952546296296,0.0,0.0,3.0,0.5,0.0,42500.0,60,1250.0,0,3,5,4,train,0.27,3,0,1,8.0,0.0,0.0,228.5,0.0,-1.0,-1.0,-1.0,3
PH002863,AC001033,4,2,0,0,0,7.0,0.0,0.0,1.0,0.0,22.428571428571427,22.142857142857142,85.0,0.7142857142857143,0.14285714285714285,1.0,1.0,0.3432175925925926,37.28432870370371,1.0,5.0,1.0,0.14285714285714285,1.0,42500.0,60,1250.0,0,3,5,4,train,0.27,3,0,1,8.0,0.0,0.0,228.5,0.0,-1.0,-1.0,-1.0,3
PH002870,AC001036,3,0,1,0,0,10.0,0.0,0.0,1.0,0.0,25.2,51.2,396.0,0.8,0.1,1.0,1.0,54.272962962962964,87.42216435185185,0.0,0.0,0.0,0.1,1.0,961800.0,80,34350.0,0,0,2,0,train,0.22,4,2,1,5.0,1.0,1.0,313.4,0.2,2.0,103050.0,51525.0,2
PH002871,AC001036,4,1,1,0,0,8.0,0.0,0.0,1.0,0.0,17.75,15.875,41.0,0.5,0.125,1.0,1.0,25.362627314814816,53.299479166666664,0.0,3.0,1.0,0.125,1.0,961800.0,80,34350.0,0,0,2,0,train,0.22,4,2,1,5.0,1.0,1.0,313.4,0.2,2.0,103050.0,51525.0,2
PH002872,AC001037,3,0,0,0,0,-1.0,-1.0,-1.0,-1.0,-1.0,-1.0,-1.0,-1.0,-1.0,-1.0,-1.0,-1.0,-1.0,-1.0,-1.0,-1.0,-1.0,-1.0,-1.0,1284400.0,0,33800.0,3,2,0,0,train,0.42,5,2,0,-1.0,-1.0,-1.0,-1.0,-1.0,1.0,33800.0,33800.0,3
PH002873,AC001037,1,1,0,0,0,-1.0,-1.0,-1.0,-1.0,-1.0,-1.0,-1.0,-1.0,-1.0,-1.0,-1.0,-1.0,-1.0,-1.0,-1.0,-1.0,-1.0,-1.0,-1.0,1284400.0,0,33800.0,3,2,0,0,train,0.42,5,2,0,-1.0,-1.0,-1.0,-1.0,-1.0,1.0,33800.0,33800.0,3
PH002874,AC001037,4,2,0,0,0,-1.0,-1.0,-1.0,-1.0,-1.0,-1.0,-1.0,-1.0,-1.0,-1.0,-1.0,-1.0,-1.0,-1.0,-1.0,-1.0,-1.0,-1.0,-1.0,1284400.0,0,33800.0,3,2,0,0,train,0.42,5,2,0,-1.0,-1.0,-1.0,-1.0,-1.0,1.0,33800.0,33800.0,3
PH002875,AC001038,3,0,1,0,0,24.0,1.0,0.0,2.0,0.0,19.583333333333332,16.291666666666668,322.0,0.875,0.08333333333333333,1.0,1.0,8.310254629629629,84.30822916666666,0.0,9.0,0.0,0.125,1.0,288200.0,115,6550.0,0,6,4,3,train,0.25,0,1,1,-1.0,-1.0,-1.0,-1.0,-1.0,1.0,8200.0,8200.0,1
PH002879,AC001040,3,0,1,0,0,9.0,0.0,0.0,0.0,0.0,21.77777777777778,55.22222222222222,308.0,0.5555555555555556,0.0,1.0,1.0,65.43768518518519,88.37525462962962,0.0,0.0,0.0,0.0,1.0,365700.0,143,15900.0,0,1,4,3,train,0.8,2,1,1,2.0,1.0,0.0,101.0,0.5,1.0,79500.0,79500.0,3
PH002880,AC001040,1,1,0,0,0,-1.0,-1.0,-1.0,-1.0,-1.0,-1.0,-1.0,-1.0,-1.0,-1.0,-1.0,-1.0,-1.0,-1.0,-1.0,-1.0,-1.0,-1.0,-1.0,365700.0,143,15900.0,0,1,4,3,train,0.8,2,1,1,2.0,1.0,0.0,101.0,0.5,1.0,79500.0,79500.0,3
PH002881,AC001040,4,2,0,0,0,-1.0,-1.0,-1.0,-1.0,-1.0,-1.0,-1.0,-1.0,-1.0,-1.0,-1.0,-1.0,-1.0,-1.0,-1.0,-1.0,-1.0,-1.0,-1.0,365700.0,143,15900.0,0,1,4,3,train,0.8,2,1,1,2.0,1.0,0.0,101.0,0.5,1.0,79500.0,79500.0,3
PH002886,AC001043,3,0,1,0,0,29.0,0.0,0.0,2.0,0.0,24.344827586206897,83.0,392.0,0.6551724137931034,0.06896551724137931,2.0,2.0,4.411284722222222,82.27045138888889,1.0,14.0,0.0,0.06896551724137931,1.0,129000.0,23,3000.0,0,1,0,0,train,-1.0,1,0,1,1.0,0.0,1.0,117.0,0.0,2.0,2400.0,1200.0,2
PH002887,AC001043,1,1,0,0,0,-1.0,-1.0,-1.0,-1.0,-1.0,-1.0,-1.0,-1.0,-1.0,-1.0,-1.0,-1.0,-1.0,-1.0,-1.0,-1.0,-1.0,-1.0,-1.0,129000.0,23,3000.0,0,1,0,0,train,-1.0,1,0,1,1.0,0.0,1.0,117.0,0.0,2.0,2400.0,1200.0,2
PH002888,AC001044,3,0,0,0,0,7.0,2.0,0.0,0.0,0.0,17.714285714285715,96.0,145.0,0.2857142857142857,0.0,1.0,1.0,62.10684027777778,84.36018518518519,0.0,0.0,0.0,0.2857142857142857,1.0,179550.0,39,6650.0,0,4,3,2,train,0.9,2,1,1,-1.0,-1.0,-1.0,-1.0,-1.0,-1.0,-1.0,-1.0,3
PH002889,AC001044,1,1,1,0,0,10.0,0.0,0.0,0.0,0.0,19.7,84.3,372.0,0.5,0.0,1.0,1.0,11.109710648148148,59.271516203703705,0.0,6.0,0.0,0.0,1.0,179550.0,39,6650.0,0,4,3,2,train,0.9,2,1,1,-1.0,-1.0,-1.0,-1.0,-1.0,-1.0,-1.0,-1.0,3
PH000316,AC001044,2,2,0,0,0,-1.0,-1.0,-1.0,-1.0,-1.0,-1.0,-1.0,-1.0,-1.0,-1.0,-1.0,-1.0,-1.0,-1.0,-1.0,-1.0,-1.0,-1.0,-1.0,179550.0,39,6650.0,0,4,3,2,train,0.9,2,1,1,-1.0,-1.0,-1.0,-1.0,-1.0,-1.0,-1.0,-1.0,3
PH000080,AC001045,3,0,0,0,0,8.0,0.0,0.0,1.0,0.0,18.625,28.875,107.0,0.5,0.125,1.0,1.0,79.01481481481481,87.4420486111111,0.0,0.0,0.0,0.125,1.0,339300.0,57,8700.0,0,0,1,1,train,0.64,0,1,1,1.0,1.0,0.0,1154.0,1.0,1.0,8100.0,8100.0,3
PH000479,AC001045,2,1,0,0,0,8.0,0.0,0.0,1.0,0.0,22.5,41.25,149.0,0.625,0.125,1.0,1.0,62.383599537037036,77.44893518518519,0.0,0.0,1.0,0.125,1.0,339300.0,57,8700.0,0,0,1,1,train,0.64,0,1,1,1.0,1.0,0.0,1154.0,1.0,1.0,8100.0,8100.0,3
PH002890,AC001045,4,2,1,0,0,25.0,0.0,1.0,4.0,0.0,23.04,54.88,410.0,0.8,0.2,1.0,1.0,4.997928240740741,61.386944444444445,3.0,11.0,1.0,0.2,1.0,339300.0,57,8700.0,0,0,1,1,train,0.64,0,1,1,1.0,1.0,0.0,1154.0,1.0,1.0,8100.0,8100.0,3
PH002893,AC001047,3,0,1,0,0,11.0,0.0,1.0,2.0,0.0,19.09090909090909,9.454545454545455,55.0,0.8181818181818182,0.2727272727272727,2.0,2.0,34.26107638888889,87.42797453703703,0.0,0.0,2.0,0.2727272727272727,1.0,294000.0,0,8400.0,1,3,0,0,train,-1.0,2,1,1,1.0,0.0,1.0,59.0,0.0,1.0,1800.0,1800.0,3
PH002894,AC001047,0,1,1,0,0,9.0,0.0,0.0,1.0,0.0,20.22222222222222,17.444444444444443,93.0,0.7777777777777778,0.1111111111111111,1.0,1.0,2.1449884259259258,30.437511574074072,2.0,8.0,1.0,0.1111111111111111,1.0,294000.0,0,8400.0,1,3,0,0,train,-1.0,2,1,1,1.0,0.0,1.0,59.0,0.0,1.0,1800.0,1800.0,3
PH002895,AC001047,4,2,0,0,0,-1.0,-1.0,-1.0,-1.0,-1.0,-1.0,-1.0,-1.0,-1.0,-1.0,-1.0,-1.0,-1.0,-1.0,-1.0,-1.0,-1.0,-1.0,-1.0,294000.0,0,8400.0,1,3,0,0,train,-1.0,2,1,1,1.0,0.0,1.0,59.0,0.0,1.0,1800.0,1800.0,3
PH002896,AC001048,3,0,0,0,0,8.0,0.0,0.0,2.0,0.0,23.25,0.0,0.0,1.0,0.25,1.0,1.0,66.2856712962963,88.25891203703704,0.0,0.0,0.0,0.25,0.0,438400.0,46,13700.0,1,2,1,0,train,0.79,2,1,1,6.0,0.0,3.0,194.66666666666666,0.0,1.0,5800.0,5800.0,3
PH002897,AC001048,1,1,1,0,0,14.0,2.0,0.0,0.0,0.0,17.214285714285715,58.357142857142854,148.0,0.35714285714285715,0.0,1.0,1.0,21.079675925925926,66.16652777777777,0.0,2.0,0.0,0.14285714285714285,1.0,438400.0,46,13700.0,1,2,1,0,train,0.79,2,1,1,6.0,0.0,3.0,194.66666666666666,0.0,1.0,5800.0,5800.0,3
PH002898,AC001048,4,2,1,0,0,6.0,0.0,0.0,2.0,0.0,10.666666666666666,48.5,126.0,0.3333333333333333,0.3333333333333333,1.0,1.0,5.0429050925925925,14.368263888888889,3.0,6.0,1.0,0.3333333333333333,1.0,438400.0,46,13700.0,1,2,1,0,train,0.79,2,1,1,6.0,0.0,3.0,194.66666666666666,0.0,1.0,5800.0,5800.0,3
PH002899,AC001049,3,0,1,0,0,2.0,0.0,0.0,0.0,0.0,26.0,25.0,50.0,0.5,0.0,1.0,1.0,87.27872685185186,89.37866898148148,0.0,0.0,0.0,0.0,1.0,201450.0,279,3950.0,0,3,5,1,train,-1.0,1,1,1,1.0,0.0,0.0,257.0,0.0,1.0,39500.0,39500.0,1
PH002900,AC001050,3,0,1,0,0,9.0,0.0,0.0,0.0,0.0,28.555555555555557,18.666666666666668,76.0,0.6666666666666666,0.0,1.0,1.0,29.281712962962963,89.3128587962963,0.0,1.0,0.0,0.0,1.0,66000.0,94,1500.0,0,0,3,3,train,-1.0,3,0,0,2.0,0.0,0.0,366.0,0.0,2.0,6000.0,3000.0,2
PH002901,AC001050,4,1,0,0,0,3.0,1.0,0.0,0.0,0.0,9.666666666666666,93.66666666666667,132.0,0.0,0.0,1.0,1.0,58.386875,79.0658912037037,0.0,0.0,1.0,0.3333333333333333,1.0,66000.0,94,1500.0,0,0,3,3,train,-1.0,3,0,0,2.0,0.0,0.0,366.0,0.0,2.0,6000.0,3000.0,2
PH002902,AC001051,3,0,1,0,0,20.0,0.0,0.0,2.0,0.0,16.9,26.0,292.0,0.8,0.1,2.0,2.0,31.452824074074073,86.32993055555555,0.0,0.0,0.0,0.1,1.0,81000.0,0,5400.0,1,4,0,0,train,0.65,0,1,1,-1.0,-1.0,-1.0,-1.0,-1.0,1.0,2200.0,2200.0,3
PH002903,AC001051,0,1,1,0,0,2.0,0.0,0.0,0.0,0.0,15.5,162.0,272.0,0.0,0.0,1.0,1.0,0.26402777777777775,30.447858796296295,1.0,1.0,0.0,0.0,1.0,81000.0,0,5400.0,1,4,0,0,train,0.65,0,1,1,-1.0,-1.0,-1.0,-1.0,-1.0,1.0,2200.0,2200.0,3
PH002904,AC001051,1,2,0,0,0,-1.0,-1.0,-1.0,-1.0,-1.0,-1.0,-1.0,-1.0,-1.0,-1.0,-1.0,-1.0,-1.0,-1.0,-1.0,-1.0,-1.0,-1.0,-1.0,81000.0,0,5400.0,1,4,0,0,train,0.65,0,1,1,-1.0,-1.0,-1.0,-1.0,-1.0,1.0,2200.0,2200.0,3
PH002905,AC001052,3,0,1,0,0,8.0,0.0,0.0,0.0,0.0,25.875,85.75,357.0,0.5,0.0,1.0,1.0,72.4325,88.38424768518519,0.0,0.0,0.0,0.0,1.0,97150.0,200,3350.0,0,5,2,0,train,0.84,0,1,1,2.0,0.0,0.0,364.0,0.0,1.0,23450.0,23450.0,1
PH002906,AC001053,3,0,1,0,0,39.0,0.0,0.0,1.0,0.0,28.128205128205128,58.53846153846154,405.0,0.7435897435897436,0.02564102564102564,2.0,2.0,0.3232407407407407,87.28091435185185,3.0,16.0,0.0,0.02564102564102564,1.0,70000.0,0,3500.0,0,1,0,0,train,0.37,1,2,1,1.0,0.0,0.0,88.0,0.0,-1.0,-1.0,-1.0,3
PH002907,AC001053,1,1,0,0,0,-1.0,-1.0,-1.0,-1.0,-1.0,-1.0,-1.0,-1.0,-1.0,-1.0,-1.0,-1.0,-1.0,-1.0,-1.0,-1.0,-1.0,-1.0,-1.0,70000.0,0,3500.0,0,1,0,0,train,0.37,1,2,1,1.0,0.0,0.0,88.0,0.0,-1.0,-1.0,-1.0,3
PH002908,AC001053,4,2,0,0,0,-1.0,-1.0,-1.0,-1.0,-1.0,-1.0,-1.0,-1.0,-1.0,-1.0,-1.0,-1.0,-1.0,-1.0,-1.0,-1.0,-1.0,-1.0,-1.0,70000.0,0,3500.0,0,1,0,0,train,0.37,1,2,1,1.0,0.0,0.0,88.0,0.0,-1.0,-1.0,-1.0,3
PH002909,AC001054,3,0,1,0,0,37.0,1.0,1.0,6.0,0.0,24.2972972972973,37.4054054054054,402.0,0.7837837837837838,0.1891891891891892,1.0,1.0,1.3536458333333334,88.28054398148149,3.0,14.0,1.0,0.21621621621621623,1.0,35700.0,51,850.0,0,1,0,0,train,0.45,5,2,1,2.0,1.0,1.0,303.5,0.5,2.0,1500.0,750.0,3
PH002910,AC001054,1,1,0,0,0,-1.0,-1.0,-1.0,-1.0,-1.0,-1.0,-1.0,-1.0,-1.0,-1.0,-1.0,-1.0,-1.0,-1.0,-1.0,-1.0,-1.0,-1.0,-1.0,35700.0,51,850.0,0,1,0,0,train,0.45,5,2,1,2.0,1.0,1.0,303.5,0.5,2.0,1500.0,750.0,3
PH002911,AC001054,4,2,0,0,0,-1.0,-1.0,-1.0,-1.0,-1.0,-1.0,-1.0,-1.0,-1.0,-1.0,-1.0,-1.0,-1.0,-1.0,-1.0,-1.0,-1.0,-1.0,-1.0,35700.0,51,850.0,0,1,0,0,train,0.45,5,2,1,2.0,1.0,1.0,303.5,0.5,2.0,1500.0,750.0,3
PH002912,AC001055,3,0,0,0,0,8.0,0.0,0.0,0.0,0.0,16.75,0.0,0.0,1.0,0.0,2.0,2.0,73.03472222222223,89.25886574074075,0.0,0.0,0.0,0.0,0.0,148800.0,9,4800.0,0,3,1,1,train,0.4,1,2,1,3.0,0.0,0.0,354.0,0.0,-1.0,-1.0,-1.0,3
PH002913,AC001055,0,1,0,0,0,7.0,0.0,5.0,0.0,0.0,0.7142857142857143,0.0,0.0,1.0,0.7142857142857143,1.0,1.0,33.24231481481481,67.36381944444445,0.0,0.0,3.0,0.7142857142857143,0.0,148800.0,9,4800.0,0,3,1,1,train,0.4,1,2,1,3.0,0.0,0.0,354.0,0.0,-1.0,-1.0,-1.0,3
PH000162,AC001056,3,0,1,0,0,27.0,0.0,0.0,3.0,0.0,23.11111111111111,27.37037037037037,146.0,0.7037037037037037,0.1111111111111111,1.0,1.0,51.18599537037037,89.38127314814815,0.0,0.0,0.0,0.1111111111111111,1.0,118950.0,33,9150.0,0,2,1,0,train,0.25,0,2,1,2.0,2.0,0.0,1180.5,1.0,1.0,18300.0,18300.0,1
PH002914,AC001057,3,0,1,0,0,23.0,0.0,0.0,1.0,0.0,29.0,27.304347826086957,392.0,0.782608695652174,0.043478260869565216,2.0,2.0,4.355023148148148,82.29225694444445,1.0,11.0,0.0,0.043478260869565216,1.0,170250.0,0,11350.0,1,1,0,0,train,-1.0,0,1,1,-1.0,-1.0,-1.0,-1.0,-1.0,2.0,8800.0,4400.0,2
PH002915,AC001057,4,1,0,0,0,2.0,0.0,0.0,0.0,0.0,12.0,107.5,111.0,0.0,0.0,1.0,1.0,2.4469907407407407,4.211921296296296,2.0,2.0,0.0,0.0,1.0,170250.0,0,11350.0,1,1,0,0,train,-1.0,0,1,1,-1.0,-1.0,-1.0,-1.0,-1.0,2.0,8800.0,4400.0,2
PH002916,AC001058,3,0,1,0,0,17.0,0.0,0.0,1.0,0.0,24.764705882352942,41.88235294117647,316.0,0.7647058823529411,0.058823529411764705,2.0,2.0,39.06622685185185,88.27310185185185,0.0,0.0,0.0,0.058823529411764705,1.0,102600.0,26,5400.0,2,3,2,1,train,1.0,0,1,1,-1.0,-1.0,-1.0,-1.0,-1.0,2.0,5400.0,2700.0,2
PH000358,AC001058,2,1,0,0,0,-1.0,-1.0,-1.0,-1.0,-1.0,-1.0,-1.0,-1.0,-1.0,-1.0,-1.0,-1.0,-1.0,-1.0,-1.0,-1.0,-1.0,-1.0,-1.0,102600.0,26,5400.0,2,3,2,1,train,1.0,0,1,1,-1.0,-1.0,-1.0,-1.0,-1.0,2.0,5400.0,2700.0,2
PH002920,AC001060,3,0,1,0,0,4.0,0.0,0.0,0.0,0.0,24.5,22.0,44.0,0.5,0.0,1.0,1.0,62.42684027777778,82.32038194444445,0.0,0.0,0.0,0.0,1.0,432600.0,315,10300.0,0,3,4,3,train,-1.0,2,1,1,1.0,0.0,1.0,105.0,0.0,1.0,113300.0,113300.0,2
PH002921,AC001060,4,1,0,0,0,-1.0,-1.0,-1.0,-1.0,-1.0,-1.0,-1.0,-1.0,-1.0,-1.0,-1.0,-1.0,-1.0,-1.0,-1.0,-1.0,-1.0,-1.0,-1.0,432600.0,315,10300.0,0,3,4,3,train,-1.0,2,1,1,1.0,0.0,1.0,105.0,0.0,1.0,113300.0,113300.0,2
PH002924,AC001062,3,0,1,0,0,13.0,1.0,0.0,1.0,0.0,28.692307692307693,12.692307692307692,130.0,0.8461538461538461,0.07692307692307693,1.0,1.0,60.35967592592593,89.31467592592593,0.0,0.0,1.0,0.15384615384615385,1.0,55350.0,76,2050.0,0,2,0,0,train,-1.0,5,0,1,4.0,0.0,0.0,236.5,0.0,1.0,6150.0,6150.0,3
PH002925,AC001062,0,1,1,0,0,4.0,0.0,0.0,2.0,0.0,6.5,95.25,345.0,0.5,0.5,1.0,1.0,44.3809837962963,52.30563657407407,0.0,0.0,2.0,0.5,1.0,55350.0,76,2050.0,0,2,0,0,train,-1.0,5,0,1,4.0,0.0,0.0,236.5,0.0,1.0,6150.0,6150.0,3
PH002926,AC001062,4,2,0,0,0,-1.0,-1.0,-1.0,-1.0,-1.0,-1.0,-1.0,-1.0,-1.0,-1.0,-1.0,-1.0,-1.0,-1.0,-1.0,-1.0,-1.0,-1.0,-1.0,55350.0,76,2050.0,0,2,0,0,train,-1.0,5,0,1,4.0,0.0,0.0,236.5,0.0,1.0,6150.0,6150.0,3
PH002927,AC001063,3,0,0,0,0,8.0,1.0,0.0,1.0,0.0,30.375,1.625,13.0,0.875,0.125,1.0,1.0,82.38262731481481,89.39328703703704,0.0,0.0,0.0,0.25,1.0,31500.0,63,3150.0,0,0,2,1,train,0.45,1,0,1,6.0,1.0,1.0,431.8333333333333,0.16666666666666666,-1.0,-1.0,-1.0,3
PH002928,AC001063,0,1,1,0,0,23.0,1.0,0.0,0.0,0.0,29.217391304347824,39.608695652173914,273.0,0.7391304347826086,0.0,1.0,1.0,4.167534722222222,82.03680555555556,2.0,8.0,1.0,0.043478260869565216,1.0,31500.0,63,3150.0,0,0,2,1,train,0.45,1,0,1,6.0,1.0,1.0,431.8333333333333,0.16666666666666666,-1.0,-1.0,-1.0,3
PH002929,AC001063,4,2,0,0,0,-1.0,-1.0,-1.0,-1.0,-1.0,-1.0,-1.0,-1.0,-1.0,-1.0,-1.0,-1.0,-1.0,-1.0,-1.0,-1.0,-1.0,-1.0,-1.0,31500.0,63,3150.0,0,0,2,1,train,0.45,1,0,1,6.0,1.0,1.0,431.8333333333333,0.16666666666666666,-1.0,-1.0,-1.0,3
PH002930,AC001064,3,0,1,0,0,6.0,0.0,0.0,1.0,0.0,10.166666666666666,180.16666666666666,393.0,0.3333333333333333,0.16666666666666666,2.0,2.0,68.0300925925926,89.43679398148149,0.0,0.0,1.0,0.16666666666666666,1.0,44000.0,20,2200.0,0,6,3,2,train,0.45,3,2,1,-1.0,-1.0,-1.0,-1.0,-1.0,1.0,2200.0,2200.0,2
PH002931,AC001064,4,1,0,0,0,-1.0,-1.0,-1.0,-1.0,-1.0,-1.0,-1.0,-1.0,-1.0,-1.0,-1.0,-1.0,-1.0,-1.0,-1.0,-1.0,-1.0,-1.0,-1.0,44000.0,20,2200.0,0,6,3,2,train,0.45,3,2,1,-1.0,-1.0,-1.0,-1.0,-1.0,1.0,2200.0,2200.0,2
PH002932,AC001065,3,0,0,0,0,3.0,2.0,1.0,0.0,0.0,9.666666666666666,17.666666666666668,27.0,0.3333333333333333,0.3333333333333333,2.0,2.0,82.1068287037037,89.38295138888888,0.0,0.0,3.0,1.0,1.0,139400.0,0,4100.0,2,1,0,0,train,-1.0,5,1,1,-1.0,-1.0,-1.0,-1.0,-1.0,1.0,4100.0,4100.0,3
PH002933,AC001065,0,1,1,0,0,20.0,1.0,0.0,3.0,0.0,23.0,7.25,52.0,0.8,0.15,2.0,2.0,30.316238425925928,78.3942824074074,0.0,0.0,0.0,0.2,1.0,139400.0,0,4100.0,2,1,0,0,train,-1.0,5,1,1,-1.0,-1.0,-1.0,-1.0,-1.0,1.0,4100.0,4100.0,3
PH002934,AC001065,1,2,0,0,0,3.0,2.0,0.0,0.0,0.0,20.0,18.666666666666668,39.0,0.3333333333333333,0.0,1.0,1.0,41.432870370370374,45.409930555555555,0.0,0.0,2.0,0.6666666666666666,1.0,139400.0,0,4100.0,2,1,0,0,train,-1.0,5,1,1,-1.0,-1.0,-1.0,-1.0,-1.0,1.0,4100.0,4100.0,3
PH002935,AC001066,3,0,1,0,0,25.0,0.0,0.0,1.0,0.0,24.8,34.64,418.0,0.88,0.04,2.0,2.0,4.244826388888889,86.40282407407408,2.0,9.0,0.0,0.04,1.0,75000.0,0,3750.0,0,1,0,0,train,0.25,5,1,1,1.0,0.0,1.0,76.0,0.0,-1.0,-1.0,-1.0,2
PH002936,AC001066,0,1,0,0,0,8.0,0.0,0.0,0.0,0.0,38.5,0.0,0.0,1.0,0.0,1.0,1.0,6.051875,17.1,2.0,8.0,0.0,0.0,0.0,75000.0,0,3750.0,0,1,0,0,train,0.25,5,1,1,1.0,0.0,1.0,76.0,0.0,-1.0,-1.0,-1.0,2
PH002949,AC001071,3,0,0,0,0,9.0,0.0,0.0,1.0,0.0,25.555555555555557,0.0,0.0,1.0,0.1111111111111111,1.0,1.0,53.220625,89.33383101851852,0.0,0.0,1.0,0.1111111111111111,0.0,47600.0,139,2800.0,0,3,1,1,train,-1.0,1,1,0,4.0,0.0,1.0,168.75,0.0,1.0,14000.0,14000.0,2
PH002950,AC001071,0,1,1,0,0,11.0,0.0,0.0,1.0,0.0,20.90909090909091,52.18181818181818,311.0,0.5454545454545454,0.09090909090909091,1.0,1.0,47.38042824074074,89.21679398148149,0.0,0.0,1.0,0.09090909090909091,1.0,47600.0,139,2800.0,0,3,1,1,train,-1.0,1,1,0,4.0,0.0,1.0,168.75,0.0,1.0,14000.0,14000.0,2
PH002951,AC001072,3,0,1,0,0,30.0,0.0,0.0,1.0,0.0,25.7,63.93333333333333,335.0,0.6666666666666666,0.03333333333333333,1.0,1.0,2.173252314814815,85.34532407407407,3.0,6.0,0.0,0.03333333333333333,1.0,92400.0,107,2200.0,0,2,1,1,train,-1.0,1,1,1,8.0,0.0,0.0,287.625,0.0,-1.0,-1.0,-1.0,2
PH002952,AC001072,0,1,0,0,0,-1.0,-1.0,-1.0,-1.0,-1.0,-1.0,-1.0,-1.0,-1.0,-1.0,-1.0,-1.0,-1.0,-1.0,-1.0,-1.0,-1.0,-1.0,-1.0,92400.0,107,2200.0,0,2,1,1,train,-1.0,1,1,1,8.0,0.0,0.0,287.625,0.0,-1.0,-1.0,-1.0,2
PH002953,AC001073,3,0,0,0,0,17.0,1.0,0.0,0.0,0.0,22.58823529411765,1.0588235294117647,18.0,0.9411764705882353,0.0,2.0,2.0,2.281527777777778,88.34935185185185,1.0,1.0,0.0,0.058823529411764705,1.0,20800.0,28,1300.0,0,2,1,1,train,0.25,2,1,1,5.0,0.0,3.0,138.4,0.0,-1.0,-1.0,-1.0,3
PH002954,AC001073,1,1,0,0,0,4.0,2.0,0.0,0.0,0.0,27.0,13.25,38.0,0.5,0.0,1.0,1.0,56.3022337962963,61.3903125,0.0,0.0,2.0,0.5,1.0,20800.0,28,1300.0,0,2,1,1,train,0.25,2,1,1,5.0,0.0,3.0,138.4,0.0,-1.0,-1.0,-1.0,3
PH000283,AC001073,2,2,0,0,0,16.0,1.0,0.0,1.0,0.0,12.375,53.8125,139.0,0.3125,0.0625,1.0,1.0,11.32289351851852,54.28041666666667,0.0,5.0,0.0,0.125,1.0,20800.0,28,1300.0,0,2,1,1,train,0.25,2,1,1,5.0,0.0,3.0,138.4,0.0,-1.0,-1.0,-1.0,3
PH002955,AC001074,3,0,1,0,0,7.0,0.0,0.0,1.0,0.0,26.0,24.0,113.0,0.7142857142857143,0.14285714285714285,1.0,1.0,75.35681712962963,88.32452546296297,0.0,0.0,1.0,0.14285714285714285,1.0,268550.0,350,6550.0,0,2,4,2,train,-1.0,0,1,1,1.0,1.0,0.0,1134.0,1.0,1.0,78600.0,78600.0,4
PH002956,AC001074,0,1,0,0,0,-1.0,-1.0,-1.0,-1.0,-1.0,-1.0,-1.0,-1.0,-1.0,-1.0,-1.0,-1.0,-1.0,-1.0,-1.0,-1.0,-1.0,-1.0,-1.0,268550.0,350,6550.0,0,2,4,2,train,-1.0,0,1,1,1.0,1.0,0.0,1134.0,1.0,1.0,78600.0,78600.0,4
PH002957,AC001074,1,2,0,0,1,-1.0,-1.0,-1.0,-1.0,-1.0,-1.0,-1.0,-1.0,-1.0,-1.0,-1.0,-1.0,-1.0,-1.0,-1.0,-1.0,-1.0,-1.0,-1.0,268550.0,350,6550.0,0,2,4,2,train,-1.0,0,1,1,1.0,1.0,0.0,1134.0,1.0,1.0,78600.0,78600.0,4
PH000290,AC001074,2,3,0,0,0,-1.0,-1.0,-1.0,-1.0,-1.0,-1.0,-1.0,-1.0,-1.0,-1.0,-1.0,-1.0,-1.0,-1.0,-1.0,-1.0,-1.0,-1.0,-1.0,268550.0,350,6550.0,0,2,4,2,train,-1.0,0,1,1,1.0,1.0,0.0,1134.0,1.0,1.0,78600.0,78600.0,4
PH002961,AC001076,3,0,0,0,0,4.0,2.0,0.0,0.0,0.0,25.75,15.75,40.0,0.5,0.0,1.0,1.0,79.32128472222222,89.4180787037037,0.0,0.0,2.0,0.5,1.0,47250.0,55,3150.0,0,2,2,2,train,-1.0,0,1,1,4.0,1.0,1.0,188.75,0.25,1.0,6300.0,6300.0,3
PH002962,AC001076,1,1,1,0,0,3.0,2.0,0.0,0.0,0.0,15.0,21.333333333333332,32.0,0.0,0.0,1.0,1.0,76.34371527777778,77.27291666666666,0.0,0.0,2.0,0.6666666666666666,1.0,47250.0,55,3150.0,0,2,2,2,train,-1.0,0,1,1,4.0,1.0,1.0,188.75,0.25,1.0,6300.0,6300.0,3
PH002963,AC001076,4,2,1,0,0,22.0,1.0,0.0,1.0,0.0,19.363636363636363,44.90909090909091,129.0,0.4090909090909091,0.045454545454545456,1.0,1.0,14.201064814814815,73.30568287037038,0.0,8.0,1.0,0.09090909090909091,1.0,47250.0,55,3150.0,0,2,2,2,train,-1.0,0,1,1,4.0,1.0,1.0,188.75,0.25,1.0,6300.0,6300.0,3
PH002965,AC001078,3,0,0,0,0,23.0,0.0,19.0,4.0,0.0,0.0,0.0,0.0,1.0,1.0,2.0,2.0,39.22439814814815,87.24799768518518,0.0,0.0,5.0,1.0,0.0,204000.0,24,5100.0,1,3,1,1,train,0.54,0,1,1,1.0,0.0,1.0,92.0,0.0,2.0,5100.0,2550.0,2
PH002966,AC001079,3,0,0,0,0,8.0,0.0,1.0,7.0,0.0,0.0,0.0,0.0,1.0,1.0,1.0,1.0,76.15821759259259,89.44535879629629,0.0,0.0,5.0,1.0,0.0,94050.0,74,8550.0,0,2,2,2,train,0.33,2,1,1,7.0,1.0,0.0,252.57142857142858,0.14285714285714285,2.0,25650.0,12825.0,3
PH002967,AC001079,0,1,1,0,0,24.0,0.0,0.0,1.0,0.0,23.5,48.083333333333336,296.0,0.5833333333333334,0.041666666666666664,1.0,1.0,12.030949074074075,75.40358796296296,0.0,5.0,0.0,0.041666666666666664,1.0,94050.0,74,8550.0,0,2,2,2,train,0.33,2,1,1,7.0,1.0,0.0,252.57142857142858,0.14285714285714285,2.0,25650.0,12825.0,3
PH002968,AC001079,4,2,0,0,0,-1.0,-1.0,-1.0,-1.0,-1.0,-1.0,-1.0,-1.0,-1.0,-1.0,-1.0,-1.0,-1.0,-1.0,-1.0,-1.0,-1.0,-1.0,-1.0,94050.0,74,8550.0,0,2,2,2,train,0.33,2,1,1,7.0,1.0,0.0,252.57142857142858,0.14285714285714285,2.0,25650.0,12825.0,3
PH002969,AC001080,3,0,1,0,0,21.0,1.0,0.0,1.0,0.0,23.61904761904762,11.476190476190476,64.0,0.7142857142857143,0.047619047619047616,1.0,1.0,5.2697569444444445,89.44059027777777,2.0,8.0,0.0,0.09523809523809523,1.0,52000.0,47,2000.0,0,0,3,3,train,-1.0,5,2,1,4.0,0.0,0.0,230.75,0.0,1.0,800.0,800.0,2
PH002970,AC001080,4,1,0,0,0,-1.0,-1.0,-1.0,-1.0,-1.0,-1.0,-1.0,-1.0,-1.0,-1.0,-1.0,-1.0,-1.0,-1.0,-1.0,-1.0,-1.0,-1.0,-1.0,52000.0,47,2000.0,0,0,3,3,train,-1.0,5,2,1,4.0,0.0,0.0,230.75,0.0,1.0,800.0,800.0,2
PH002971,AC001081,3,0,1,0,0,10.0,0.0,0.0,0.0,0.0,20.7,111.1,373.0,0.4,0.0,1.0,1.0,67.03488425925926,89.44554398148148,0.0,0.0,0.0,0.0,1.0,193550.0,77,3950.0,0,4,3,1,train,0.43,5,2,1,1.0,0.0,1.0,73.0,0.0,1.0,11850.0,11850.0,3
PH002972,AC001081,1,1,0,0,0,-1.0,-1.0,-1.0,-1.0,-1.0,-1.0,-1.0,-1.0,-1.0,-1.0,-1.0,-1.0,-1.0,-1.0,-1.0,-1.0,-1.0,-1.0,-1.0,193550.0,77,3950.0,0,4,3,1,train,0.43,5,2,1,1.0,0.0,1.0,73.0,0.0,1.0,11850.0,11850.0,3
PH002973,AC001081,4,2,0,0,0,-1.0,-1.0,-1.0,-1.0,-1.0,-1.0,-1.0,-1.0,-1.0,-1.0,-1.0,-1.0,-1.0,-1.0,-1.0,-1.0,-1.0,-1.0,-1.0,193550.0,77,3950.0,0,4,3,1,train,0.43,5,2,1,1.0,0.0,1.0,73.0,0.0,1.0,11850.0,11850.0,3
PH002974,AC001082,3,0,1,0,0,1.0,0.0,0.0,0.0,0.0,17.0,26.0,26.0,0.0,0.0,1.0,1.0,89.32836805555556,89.32836805555556,0.0,0.0,0.0,0.0,1.0,90200.0,100,2050.0,0,2,1,1,train,-1.0,2,1,0,-1.0,-1.0,-1.0,-1.0,-1.0,1.0,8200.0,8200.0,1
PH002975,AC001083,3,0,1,0,0,35.0,1.0,0.0,2.0,0.0,23.0,4.514285714285714,105.0,0.9142857142857143,0.05714285714285714,1.0,1.0,3.382696759259259,84.3000462962963,2.0,8.0,1.0,0.08571428571428572,1.0,209250.0,37,7750.0,0,1,2,1,train,0.6,0,1,1,-1.0,-1.0,-1.0,-1.0,-1.0,-1.0,-1.0,-1.0,1
PH002976,AC001084,3,0,0,0,0,6.0,2.0,0.0,0.0,0.0,30.5,8.5,40.0,0.6666666666666666,0.0,2.0,2.0,74.43431712962963,89.26269675925926,0.0,0.0,1.0,0.3333333333333333,1.0,27600.0,0,3450.0,1,2,0,0,train,0.39,0,1,1,-1.0,-1.0,-1.0,-1.0,-1.0,1.0,3450.0,3450.0,2
PH002977,AC001084,4,1,0,0,0,3.0,0.0,0.0,0.0,0.0,26.333333333333332,75.0,134.0,0.3333333333333333,0.0,2.0,2.0,60.35627314814815,72.26775462962964,0.0,0.0,0.0,0.0,1.0,27600.0,0,3450.0,1,2,0,0,train,0.39,0,1,1,-1.0,-1.0,-1.0,-1.0,-1.0,1.0,3450.0,3450.0,2
PH002978,AC001085,3,0,0,0,0,8.0,2.0,0.0,1.0,0.0,26.125,6.25,40.0,0.75,0.125,2.0,2.0,63.43952546296296,89.3016550925926,0.0,0.0,1.0,0.375,1.0,60000.0,2,2000.0,2,0,0,0,train,0.7,0,1,1,-1.0,-1.0,-1.0,-1.0,-1.0,-1.0,-1.0,-1.0,4
PH002979,AC001085,1,1,0,0,0,5.0,2.0,0.0,1.0,0.0,12.8,14.6,40.0,0.6,0.2,1.0,1.0,47.269131944444446,60.389143518518516,0.0,0.0,3.0,0.6,1.0,60000.0,2,2000.0,2,0,0,0,train,0.7,0,1,1,-1.0,-1.0,-1.0,-1.0,-1.0,-1.0,-1.0,-1.0,4
PH002980,AC001085,4,2,1,0,0,24.0,2.0,0.0,2.0,0.0,22.958333333333332,35.541666666666664,134.0,0.5416666666666666,0.08333333333333333,1.0,1.0,5.360509259259259,47.170208333333335,1.0,16.0,0.0,0.16666666666666666,1.0,60000.0,2,2000.0,2,0,0,0,train,0.7,0,1,1,-1.0,-1.0,-1.0,-1.0,-1.0,-1.0,-1.0,-1.0,4
PH002981,AC001086,3,0,0,0,0,2.0,0.0,0.0,0.0,2.0,0.0,0.0,0.0,1.0,1.0,1.0,1.0,74.01936342592593,74.3093287037037,0.0,0.0,2.0,0.0,0.0,159900.0,180,12300.0,0,4,2,0,train,0.51,2,1,1,8.0,4.0,2.0,439.875,0.5,1.0,33300.0,33300.0,1
PH002982,AC001087,3,0,0,0,0,5.0,2.0,0.0,0.0,0.0,28.4,7.4,24.0,0.6,0.0,1.0,1.0,78.29216435185185,84.41259259259259,0.0,0.0,2.0,0.4,1.0,458800.0,48,12400.0,0,0,2,0,train,0.62,0,1,1,-1.0,-1.0,-1.0,-1.0,-1.0,1.0,24800.0,24800.0,4
PH002983,AC001087,0,1,1,0,0,12.0,0.0,0.0,2.0,0.0,20.333333333333332,6.916666666666667,44.0,0.8333333333333334,0.16666666666666666,1.0,1.0,59.2103587962963,77.41975694444444,0.0,0.0,1.0,0.16666666666666666,1.0,458800.0,48,12400.0,0,0,2,0,train,0.62,0,1,1,-1.0,-1.0,-1.0,-1.0,-1.0,1.0,24800.0,24800.0,4
PH002984,AC001087,1,2,0,0,0,-1.0,-1.0,-1.0,-1.0,-1.0,-1.0,-1.0,-1.0,-1.0,-1.0,-1.0,-1.0,-1.0,-1.0,-1.0,-1.0,-1.0,-1.0,-1.0,458800.0,48,12400.0,0,0,2,0,train,0.62,0,1,1,-1.0,-1.0,-1.0,-1.0,-1.0,1.0,24800.0,24800.0,4
PH000471,AC001087,2,3,0,0,0,-1.0,-1.0,-1.0,-1.0,-1.0,-1.0,-1.0,-1.0,-1.0,-1.0,-1.0,-1.0,-1.0,-1.0,-1.0,-1.0,-1.0,-1.0,-1.0,458800.0,48,12400.0,0,0,2,0,train,0.62,0,1,1,-1.0,-1.0,-1.0,-1.0,-1.0,1.0,24800.0,24800.0,4
PH002985,AC001088,3,0,1,0,0,1.0,0.0,0.0,0.0,0.0,5.0,30.0,30.0,0.0,0.0,1.0,1.0,88.42129629629629,88.42129629629629,0.0,0.0,0.0,0.0,1.0,81250.0,155,3250.0,0,1,1,0,train,0.97,2,2,1,-1.0,-1.0,-1.0,-1.0,-1.0,1.0,19500.0,19500.0,1
PH002986,AC001089,3,0,0,0,0,8.0,0.0,3.0,5.0,0.0,0.0,0.0,0.0,1.0,1.0,2.0,2.0,73.30832175925926,89.33421296296297,0.0,0.0,5.0,1.0,0.0,170100.0,27,4050.0,2,5,1,0,train,0.79,0,1,1,-1.0,-1.0,-1.0,-1.0,-1.0,1.0,900.0,900.0,4
PH002987,AC001089,1,1,1,0,0,17.0,0.0,0.0,1.0,0.0,24.0,24.529411764705884,131.0,0.6470588235294118,0.058823529411764705,1.0,1.0,37.41657407407408,73.02302083333333,0.0,0.0,0.0,0.058823529411764705,1.0,170100.0,27,4050.0,2,5,1,0,train,0.79,0,1,1,-1.0,-1.0,-1.0,-1.0,-1.0,1.0,900.0,900.0,4
PH000313,AC001089,2,2,0,0,0,8.0,0.0,0.0,1.0,0.0,28.0,27.0,118.0,0.75,0.125,1.0,1.0,5.383831018518518,30.353819444444444,1.0,6.0,1.0,0.125,1.0,170100.0,27,4050.0,2,5,1,0,train,0.79,0,1,1,-1.0,-1.0,-1.0,-1.0,-1.0,1.0,900.0,900.0,4
PH002988,AC001089,4,3,0,0,0,1.0,0.0,0.0,0.0,0.0,7.0,0.0,0.0,1.0,0.0,1.0,1.0,4.401585648148148,4.401585648148148,1.0,1.0,0.0,0.0,0.0,170100.0,27,4050.0,2,5,1,0,train,0.79,0,1,1,-1.0,-1.0,-1.0,-1.0,-1.0,1.0,900.0,900.0,4
PH002989,AC001090,3,0,1,0,0,11.0,0.0,0.0,0.0,0.0,20.636363636363637,40.45454545454545,197.0,0.6363636363636364,0.0,1.0,1.0,71.17467592592592,89.25880787037038,0.0,0.0,0.0,0.0,1.0,201500.0,47,7750.0,1,2,0,0,train,-1.0,2,1,1,1.0,0.0,0.0,76.0,0.0,1.0,15500.0,15500.0,2
PH002990,AC001090,4,1,0,0,0,-1.0,-1.0,-1.0,-1.0,-1.0,-1.0,-1.0,-1.0,-1.0,-1.0,-1.0,-1.0,-1.0,-1.0,-1.0,-1.0,-1.0,-1.0,-1.0,201500.0,47,7750.0,1,2,0,0,train,-1.0,2,1,1,1.0,0.0,0.0,76.0,0.0,1.0,15500.0,15500.0,2
PH002993,AC001092,3,0,1,0,0,29.0,0.0,0.0,3.0,0.0,22.724137931034484,40.44827586206897,346.0,0.7586206896551724,0.10344827586206896,1.0,1.0,0.3478935185185185,89.25961805555555,5.0,8.0,0.0,0.10344827586206896,1.0,36800.0,88,2300.0,0,2,2,1,train,0.37,5,0,1,6.0,1.0,1.0,431.8333333333333,0.16666666666666666,-1.0,-1.0,-1.0,1
PH002994,AC001093,3,0,0,0,0,18.0,0.0,7.0,11.0,0.0,0.0,0.0,0.0,1.0,1.0,2.0,2.0,5.0005902777777775,88.42989583333333,2.0,2.0,5.0,1.0,0.0,141900.0,22,4300.0,0,4,0,0,train,-1.0,1,1,1,3.0,1.0,2.0,521.0,0.3333333333333333,-1.0,-1.0,-1.0,3
PH002995,AC001093,1,1,0,0,0,5.0,2.0,0.0,1.0,0.0,24.2,7.6,23.0,0.6,0.2,1.0,1.0,52.41967592592592,65.34116898148149,0.0,0.0,3.0,0.6,1.0,141900.0,22,4300.0,0,4,0,0,train,-1.0,1,1,1,3.0,1.0,2.0,521.0,0.3333333333333333,-1.0,-1.0,-1.0,3
PH002996,AC001093,4,2,0,0,0,16.0,1.0,0.0,2.0,0.0,24.3125,17.5,77.0,0.6875,0.125,1.0,1.0,7.0057175925925925,50.28061342592593,0.0,8.0,1.0,0.1875,1.0,141900.0,22,4300.0,0,4,0,0,train,-1.0,1,1,1,3.0,1.0,2.0,521.0,0.3333333333333333,-1.0,-1.0,-1.0,3
PH002997,AC001094,3,0,1,0,0,36.0,0.0,0.0,0.0,0.0,26.0,64.0,418.0,0.6666666666666666,0.0,2.0,2.0,2.1425,83.2729050925926,5.0,19.0,0.0,0.0,1.0,125550.0,0,4650.0,0,3,0,0,train,0.17,0,1,1,-1.0,-1.0,-1.0,-1.0,-1.0,1.0,2300.0,2300.0,2
PH002998,AC001094,4,1,0,0,0,-1.0,-1.0,-1.0,-1.0,-1.0,-1.0,-1.0,-1.0,-1.0,-1.0,-1.0,-1.0,-1.0,-1.0,-1.0,-1.0,-1.0,-1.0,-1.0,125550.0,0,4650.0,0,3,0,0,train,0.17,0,1,1,-1.0,-1.0,-1.0,-1.0,-1.0,1.0,2300.0,2300.0,2
PH002999,AC001095,3,0,1,0,0,22.0,1.0,0.0,0.0,0.0,25.227272727272727,26.136363636363637,285.0,0.8181818181818182,0.0,1.0,1.0,14.230104166666667,83.26340277777778,0.0,3.0,0.0,0.045454545454545456,1.0,546000.0,169,36400.0,0,2,5,3,train,0.49,5,2,1,8.0,4.0,1.0,553.75,0.5,-1.0,-1.0,-1.0,2
PH003000,AC001095,4,1,0,0,0,6.0,0.0,0.0,0.0,0.0,29.333333333333332,13.5,81.0,0.8333333333333334,0.0,1.0,1.0,0.4483333333333333,13.317743055555555,1.0,6.0,0.0,0.0,1.0,546000.0,169,36400.0,0,2,5,3,train,0.49,5,2,1,8.0,4.0,1.0,553.75,0.5,-1.0,-1.0,-1.0,2
PH003001,AC001096,3,0,1,0,0,15.0,0.0,0.0,0.0,0.0,29.866666666666667,47.13333333333333,308.0,0.6666666666666666,0.0,1.0,1.0,47.4383912037037,87.37420138888889,0.0,0.0,0.0,0.0,1.0,579600.0,74,16100.0,0,2,1,1,train,-1.0,0,1,1,3.0,1.0,0.0,264.3333333333333,0.3333333333333333,1.0,48300.0,48300.0,2
PH003002,AC001096,4,1,0,0,0,8.0,0.0,0.0,1.0,0.0,23.375,17.75,90.0,0.75,0.125,1.0,1.0,52.428784722222225,69.13539351851851,0.0,0.0,1.0,0.125,1.0,579600.0,74,16100.0,0,2,1,1,train,-1.0,0,1,1,3.0,1.0,0.0,264.3333333333333,0.3333333333333333,1.0,48300.0,48300.0,2
PH003003,AC001097,3,0,1,0,0,24.0,0.0,6.0,0.0,0.0,21.291666666666668,16.25,288.0,0.9166666666666666,0.25,2.0,2.0,13.068125,84.25556712962963,0.0,7.0,0.0,0.25,1.0,21150.0,11,2350.0,0,1,2,1,train,-1.0,5,0,1,-1.0,-1.0,-1.0,-1.0,-1.0,-1.0,-1.0,-1.0,2
PH003004,AC001097,0,1,1,0,0,14.0,0.0,0.0,2.0,0.0,27.071428571428573,28.357142857142858,320.0,0.8571428571428571,0.14285714285714285,1.0,1.0,4.340347222222222,63.362488425925925,3.0,4.0,0.0,0.14285714285714285,1.0,21150.0,11,2350.0,0,1,2,1,train,-1.0,5,0,1,-1.0,-1.0,-1.0,-1.0,-1.0,-1.0,-1.0,-1.0,2
PH003008,AC001099,3,0,1,0,0,46.0,0.0,0.0,1.0,0.0,24.82608695652174,43.04347826086956,395.0,0.7608695652173914,0.021739130434782608,2.0,2.0,9.079560185185185,89.32550925925926,0.0,17.0,0.0,0.021739130434782608,1.0,657900.0,9,38700.0,1,6,1,0,train,0.53,4,2,1,1.0,0.0,1.0,79.0,0.0,2.0,27800.0,13900.0,2
PH003009,AC001099,1,1,0,0,0,-1.0,-1.0,-1.0,-1.0,-1.0,-1.0,-1.0,-1.0,-1.0,-1.0,-1.0,-1.0,-1.0,-1.0,-1.0,-1.0,-1.0,-1.0,-1.0,657900.0,9,38700.0,1,6,1,0,train,0.53,4,2,1,1.0,0.0,1.0,79.0,0.0,2.0,27800.0,13900.0,2
PH003013,AC001101,3,0,1,0,0,14.0,0.0,0.0,1.0,0.0,23.285714285714285,54.785714285714285,268.0,0.6428571428571429,0.07142857142857142,2.0,2.0,23.216030092592593,88.44605324074074,0.0,2.0,0.0,0.07142857142857142,1.0,118500.0,15,3950.0,0,2,1,0,train,0.38,1,1,1,-1.0,-1.0,-1.0,-1.0,-1.0,3.0,3950.0,1316.6666666666667,3
PH003014,AC001101,1,1,0,0,0,-1.0,-1.0,-1.0,-1.0,-1.0,-1.0,-1.0,-1.0,-1.0,-1.0,-1.0,-1.0,-1.0,-1.0,-1.0,-1.0,-1.0,-1.0,-1.0,118500.0,15,3950.0,0,2,1,0,train,0.38,1,1,1,-1.0,-1.0,-1.0,-1.0,-1.0,3.0,3950.0,1316.6666666666667,3
PH000329,AC001101,2,2,0,0,0,8.0,1.0,0.0,0.0,0.0,28.875,22.125,137.0,0.75,0.0,1.0,1.0,59.15309027777778,65.4111574074074,0.0,0.0,0.0,0.125,1.0,118500.0,15,3950.0,0,2,1,0,train,0.38,1,1,1,-1.0,-1.0,-1.0,-1.0,-1.0,3.0,3950.0,1316.6666666666667,3
PH003015,AC001102,3,0,1,0,0,20.0,2.0,5.0,1.0,0.0,21.05,5.55,34.0,0.8,0.3,2.0,2.0,53.40633101851852,89.43695601851852,0.0,0.0,5.0,0.4,1.0,387750.0,23,11750.0,1,2,2,1,train,0.97,2,2,0,1.0,0.0,0.0,231.0,0.0,1.0,5500.0,5500.0,2
PH003016,AC001103,3,0,1,0,0,38.0,0.0,0.0,0.0,0.0,25.31578947368421,58.28947368421053,394.0,0.7105263157894737,0.0,1.0,1.0,3.446388888888889,86.32325231481481,1.0,7.0,0.0,0.0,1.0,506000.0,362,9200.0,0,2,2,2,train,0.85,2,1,0,9.0,1.0,1.0,314.3333333333333,0.1111111111111111,1.0,38200.0,38200.0,1
PH003017,AC001104,3,0,1,0,0,21.0,2.0,0.0,1.0,0.0,19.047619047619047,6.666666666666667,46.0,0.7619047619047619,0.047619047619047616,2.0,2.0,26.42185185185185,88.25854166666667,0.0,3.0,0.0,0.14285714285714285,1.0,270000.0,22,10000.0,1,2,0,0,train,0.4,0,1,1,1.0,0.0,0.0,481.0,0.0,1.0,5500.0,5500.0,2
PH003018,AC001104,0,1,1,0,0,2.0,0.0,0.0,0.0,0.0,29.5,25.0,50.0,0.5,0.0,1.0,1.0,5.4516782407407405,25.452662037037037,1.0,2.0,0.0,0.0,1.0,270000.0,22,10000.0,1,2,0,0,train,0.4,0,1,1,1.0,0.0,0.0,481.0,0.0,1.0,5500.0,5500.0,2
PH003019,AC001105,3,0,1,0,0,20.0,0.0,7.0,3.0,0.0,10.4,13.4,149.0,0.85,0.5,1.0,1.0,30.297488425925927,89.37459490740741,0.0,0.0,1.0,0.5,1.0,29600.0,89,1850.0,0,3,3,2,train,0.08,5,0,1,8.0,0.0,1.0,163.375,0.0,-1.0,-1.0,-1.0,2
PH003020,AC001105,1,1,1,0,0,18.0,0.0,1.0,2.0,0.0,25.333333333333332,51.888888888888886,386.0,0.7777777777777778,0.16666666666666666,1.0,1.0,2.3877199074074076,62.32107638888889,4.0,10.0,0.0,0.16666666666666666,1.0,29600.0,89,1850.0,0,3,3,2,train,0.08,5,0,1,8.0,0.0,1.0,163.375,0.0,-1.0,-1.0,-1.0,2
PH003021,AC001106,3,0,0,0,1,13.0,1.0,6.0,2.0,0.0,11.0,5.461538461538462,38.0,0.8461538461538461,0.6153846153846154,1.0,1.0,2.2154861111111113,84.41188657407407,2.0,5.0,5.0,0.6923076923076923,1.0,272600.0,32,5800.0,0,3,2,1,train,0.61,0,2,1,4.0,0.0,1.0,359.5,0.0,1.0,5200.0,5200.0,3
PH003022,AC001106,0,1,0,0,0,8.0,0.0,0.0,0.0,0.0,21.875,0.0,0.0,1.0,0.0,1.0,1.0,53.08550925925926,62.364560185185184,0.0,0.0,0.0,0.0,0.0,272600.0,32,5800.0,0,3,2,1,train,0.61,0,2,1,4.0,0.0,1.0,359.5,0.0,1.0,5200.0,5200.0,3
PH003023,AC001106,4,2,1,0,0,10.0,0.0,0.0,0.0,0.0,18.7,39.9,119.0,0.2,0.0,1.0,1.0,13.306076388888888,46.33260416666667,0.0,4.0,0.0,0.0,1.0,272600.0,32,5800.0,0,3,2,1,train,0.61,0,2,1,4.0,0.0,1.0,359.5,0.0,1.0,5200.0,5200.0,3
PH003024,AC001107,3,0,1,0,0,38.0,0.0,0.0,3.0,0.0,24.789473684210527,53.73684210526316,403.0,0.7368421052631579,0.07894736842105263,2.0,2.0,2.2280671296296295,88.27233796296296,4.0,19.0,0.0,0.07894736842105263,1.0,48300.0,0,1050.0,0,2,0,0,train,0.36,3,2,1,-1.0,-1.0,-1.0,-1.0,-1.0,1.0,400.0,400.0,1
PH000137,AC001109,3,0,1,0,0,20.0,1.0,0.0,3.0,0.0,21.65,34.25,141.0,0.6,0.15,2.0,2.0,7.421782407407408,83.33238425925926,0.0,8.0,1.0,0.2,1.0,169200.0,11,9400.0,1,0,0,0,train,0.59,4,2,1,1.0,1.0,0.0,1169.0,1.0,-1.0,-1.0,-1.0,2
PH003027,AC001109,0,1,1,0,0,9.0,0.0,0.0,1.0,0.0,21.333333333333332,4.666666666666667,42.0,0.8888888888888888,0.1111111111111111,1.0,1.0,4.334201388888889,46.39811342592593,1.0,3.0,1.0,0.1111111111111111,1.0,169200.0,11,9400.0,1,0,0,0,train,0.59,4,2,1,1.0,1.0,0.0,1169.0,1.0,-1.0,-1.0,-1.0,2
PH003028,AC001110,3,0,1,0,0,26.0,0.0,10.0,2.0,0.0,17.692307692307693,16.76923076923077,368.0,0.8846153846153846,0.46153846153846156,1.0,1.0,6.359756944444444,89.3411111111111,1.0,8.0,2.0,0.46153846153846156,1.0,1497600.0,73,38400.0,0,3,0,0,train,0.36,5,2,1,1.0,0.0,1.0,50.0,0.0,1.0,39400.0,39400.0,1
PH003029,AC001111,3,0,1,0,0,23.0,0.0,0.0,1.0,0.0,26.82608695652174,45.391304347826086,330.0,0.8260869565217391,0.043478260869565216,1.0,1.0,1.4204050925925926,86.37017361111111,1.0,9.0,0.0,0.043478260869565216,1.0,668800.0,113,15200.0,0,2,6,6,train,-1.0,2,1,1,8.0,1.0,0.0,225.0,0.125,-1.0,-1.0,-1.0,3
PH003030,AC001111,0,1,0,0,0,8.0,0.0,6.0,0.0,0.0,7.5,0.0,0.0,1.0,0.75,1.0,1.0,48.00071759259259,63.33799768518519,0.0,0.0,3.0,0.75,0.0,668800.0,113,15200.0,0,2,6,6,train,-1.0,2,1,1,8.0,1.0,0.0,225.0,0.125,-1.0,-1.0,-1.0,3
PH000565,AC001111,2,2,0,0,0,8.0,0.0,0.0,0.0,0.0,39.875,0.0,0.0,1.0,0.0,1.0,1.0,31.309560185185184,42.279375,0.0,0.0,0.0,0.0,0.0,668800.0,113,15200.0,0,2,6,6,train,-1.0,2,1,1,8.0,1.0,0.0,225.0,0.125,-1.0,-1.0,-1.0,3
PH003034,AC001113,3,0,0,0,0,16.0,0.0,7.0,9.0,0.0,0.0,0.0,0.0,1.0,1.0,1.0,1.0,9.26480324074074,88.385625,0.0,6.0,5.0,1.0,0.0,333000.0,71,16650.0,0,4,1,0,train,-1.0,2,1,1,1.0,0.0,1.0,109.0,0.0,-1.0,-1.0,-1.0,3
PH003035,AC001113,0,1,1,0,0,10.0,0.0,0.0,0.0,0.0,28.1,11.2,112.0,0.9,0.0,1.0,1.0,61.11813657407407,76.1994675925926,0.0,0.0,0.0,0.0,1.0,333000.0,71,16650.0,0,4,1,0,train,-1.0,2,1,1,1.0,0.0,1.0,109.0,0.0,-1.0,-1.0,-1.0,3
PH003036,AC001113,1,2,0,0,0,8.0,1.0,0.0,0.0,0.0,34.5,2.625,21.0,0.875,0.0,1.0,1.0,38.260729166666664,60.296215277777776,0.0,0.0,1.0,0.125,1.0,333000.0,71,16650.0,0,4,1,0,train,-1.0,2,1,1,1.0,0.0,1.0,109.0,0.0,-1.0,-1.0,-1.0,3
PH003039,AC001115,3,0,1,0,0,16.0,0.0,0.0,0.0,0.0,28.375,29.875,242.0,0.8125,0.0,1.0,1.0,53.43678240740741,89.26168981481482,0.0,0.0,0.0,0.0,1.0,165100.0,68,6350.0,0,2,4,2,train,0.63,0,1,1,1.0,0.0,1.0,233.0,0.0,1.0,13300.0,13300.0,3
PH003040,AC001115,0,1,1,0,0,11.0,0.0,0.0,1.0,0.0,26.09090909090909,35.45454545454545,217.0,0.7272727272727273,0.09090909090909091,1.0,1.0,0.32252314814814814,50.38355324074074,2.0,5.0,1.0,0.09090909090909091,1.0,165100.0,68,6350.0,0,2,4,2,train,0.63,0,1,1,1.0,0.0,1.0,233.0,0.0,1.0,13300.0,13300.0,3
PH003041,AC001115,4,2,0,0,0,-1.0,-1.0,-1.0,-1.0,-1.0,-1.0,-1.0,-1.0,-1.0,-1.0,-1.0,-1.0,-1.0,-1.0,-1.0,-1.0,-1.0,-1.0,-1.0,165100.0,68,6350.0,0,2,4,2,train,0.63,0,1,1,1.0,0.0,1.0,233.0,0.0,1.0,13300.0,13300.0,3
PH003048,AC001119,3,0,0,0,0,8.0,0.0,0.0,1.0,0.0,24.0,13.125,66.0,0.75,0.125,2.0,2.0,51.392349537037035,86.38756944444444,0.0,0.0,0.0,0.125,1.0,195800.0,0,4450.0,1,0,0,0,train,0.59,1,2,1,-1.0,-1.0,-1.0,-1.0,-1.0,2.0,4450.0,2225.0,2
PH003049,AC001119,0,1,1,0,0,8.0,0.0,0.0,1.0,0.0,14.0,122.375,417.0,0.25,0.125,1.0,1.0,26.34486111111111,51.030972222222225,0.0,3.0,1.0,0.125,1.0,195800.0,0,4450.0,1,0,0,0,train,0.59,1,2,1,-1.0,-1.0,-1.0,-1.0,-1.0,2.0,4450.0,2225.0,2
PH003050,AC001120,3,0,1,0,0,8.0,0.0,0.0,1.0,0.0,17.375,11.75,40.0,0.625,0.125,1.0,1.0,77.0288425925926,86.2537037037037,0.0,0.0,1.0,0.125,1.0,63700.0,90,2450.0,0,3,4,4,train,0.59,1,1,1,-1.0,-1.0,-1.0,-1.0,-1.0,1.0,7350.0,7350.0,4
PH003051,AC001120,1,1,0,0,0,-1.0,-1.0,-1.0,-1.0,-1.0,-1.0,-1.0,-1.0,-1.0,-1.0,-1.0,-1.0,-1.0,-1.0,-1.0,-1.0,-1.0,-1.0,-1.0,63700.0,90,2450.0,0,3,4,4,train,0.59,1,1,1,-1.0,-1.0,-1.0,-1.0,-1.0,1.0,7350.0,7350.0,4
PH000315,AC001120,2,2,0,0,0,-1.0,-1.0,-1.0,-1.0,-1.0,-1.0,-1.0,-1.0,-1.0,-1.0,-1.0,-1.0,-1.0,-1.0,-1.0,-1.0,-1.0,-1.0,-1.0,63700.0,90,2450.0,0,3,4,4,train,0.59,1,1,1,-1.0,-1.0,-1.0,-1.0,-1.0,1.0,7350.0,7350.0,4
PH003052,AC001120,4,3,0,0,0,-1.0,-1.0,-1.0,-1.0,-1.0,-1.0,-1.0,-1.0,-1.0,-1.0,-1.0,-1.0,-1.0,-1.0,-1.0,-1.0,-1.0,-1.0,-1.0,63700.0,90,2450.0,0,3,4,4,train,0.59,1,1,1,-1.0,-1.0,-1.0,-1.0,-1.0,1.0,7350.0,7350.0,4
PH003059,AC001124,3,0,1,0,0,8.0,0.0,0.0,1.0,0.0,24.5,70.875,286.0,0.625,0.125,2.0,2.0,65.42677083333334,80.37721064814815,0.0,0.0,1.0,0.125,1.0,86400.0,0,5400.0,2,0,0,0,train,-1.0,2,1,1,-1.0,-1.0,-1.0,-1.0,-1.0,1.0,5400.0,5400.0,2
PH003060,AC001124,4,1,0,0,0,-1.0,-1.0,-1.0,-1.0,-1.0,-1.0,-1.0,-1.0,-1.0,-1.0,-1.0,-1.0,-1.0,-1.0,-1.0,-1.0,-1.0,-1.0,-1.0,86400.0,0,5400.0,2,0,0,0,train,-1.0,2,1,1,-1.0,-1.0,-1.0,-1.0,-1.0,1.0,5400.0,5400.0,2
PH003068,AC001128,3,0,1,0,0,15.0,0.0,0.0,1.0,0.0,26.6,11.0,60.0,0.8,0.06666666666666667,1.0,1.0,44.20449074074074,88.3687037037037,0.0,0.0,0.0,0.06666666666666667,1.0,84000.0,351,1750.0,0,1,7,2,train,-1.0,3,0,1,3.0,2.0,0.0,510.6666666666667,0.6666666666666666,1.0,21000.0,21000.0,2
PH003069,AC001128,4,1,0,0,0,-1.0,-1.0,-1.0,-1.0,-1.0,-1.0,-1.0,-1.0,-1.0,-1.0,-1.0,-1.0,-1.0,-1.0,-1.0,-1.0,-1.0,-1.0,-1.0,84000.0,351,1750.0,0,1,7,2,train,-1.0,3,0,1,3.0,2.0,0.0,510.6666666666667,0.6666666666666666,1.0,21000.0,21000.0,2
PH000199,AC001129,3,0,0,0,0,8.0,0.0,0.0,2.0,0.0,9.375,58.375,137.0,0.25,0.25,1.0,1.0,56.99912037037037,78.3000462962963,0.0,0.0,2.0,0.25,1.0,129200.0,205,7600.0,0,0,5,2,train,0.86,2,1,1,8.0,3.0,1.0,336.875,0.375,-1.0,-1.0,-1.0,3
PH003070,AC001129,0,1,1,0,0,16.0,1.0,0.0,0.0,0.0,26.875,49.0,238.0,0.625,0.0,1.0,1.0,2.9988888888888887,56.30260416666667,3.0,8.0,0.0,0.0625,1.0,129200.0,205,7600.0,0,0,5,2,train,0.86,2,1,1,8.0,3.0,1.0,336.875,0.375,-1.0,-1.0,-1.0,3
PH003071,AC001129,1,2,0,0,0,-1.0,-1.0,-1.0,-1.0,-1.0,-1.0,-1.0,-1.0,-1.0,-1.0,-1.0,-1.0,-1.0,-1.0,-1.0,-1.0,-1.0,-1.0,-1.0,129200.0,205,7600.0,0,0,5,2,train,0.86,2,1,1,8.0,3.0,1.0,336.875,0.375,-1.0,-1.0,-1.0,3
PH003072,AC001130,3,0,1,0,0,9.0,0.0,0.0,0.0,0.0,21.555555555555557,75.88888888888889,304.0,0.4444444444444444,0.0,1.0,1.0,52.335625,87.42628472222222,0.0,0.0,0.0,0.0,1.0,201400.0,78,10600.0,0,0,2,0,train,0.47,0,2,0,2.0,0.0,2.0,82.5,0.0,1.0,31800.0,31800.0,1
PH003073,AC001131,3,0,1,0,0,8.0,0.0,0.0,0.0,0.0,32.875,5.5,44.0,0.875,0.0,1.0,1.0,47.39107638888889,89.30451388888889,0.0,0.0,0.0,0.0,1.0,232900.0,122,6850.0,0,2,1,1,train,0.92,0,1,1,2.0,0.0,2.0,157.0,0.0,2.0,34250.0,17125.0,3
PH003074,AC001131,0,1,0,0,0,-1.0,-1.0,-1.0,-1.0,-1.0,-1.0,-1.0,-1.0,-1.0,-1.0,-1.0,-1.0,-1.0,-1.0,-1.0,-1.0,-1.0,-1.0,-1.0,232900.0,122,6850.0,0,2,1,1,train,0.92,0,1,1,2.0,0.0,2.0,157.0,0.0,2.0,34250.0,17125.0,3
PH003075,AC001131,4,2,0,0,0,-1.0,-1.0,-1.0,-1.0,-1.0,-1.0,-1.0,-1.0,-1.0,-1.0,-1.0,-1.0,-1.0,-1.0,-1.0,-1.0,-1.0,-1.0,-1.0,232900.0,122,6850.0,0,2,1,1,train,0.92,0,1,1,2.0,0.0,2.0,157.0,0.0,2.0,34250.0,17125.0,3
PH003076,AC001132,3,0,1,0,0,27.0,0.0,5.0,2.0,0.0,20.0,18.77777777777778,270.0,0.8888888888888888,0.25925925925925924,1.0,1.0,2.0614814814814815,88.25045138888889,6.0,7.0,0.0,0.25925925925925924,1.0,102600.0,37,3800.0,0,1,3,2,train,-1.0,5,1,1,5.0,1.0,0.0,454.6,0.2,-1.0,-1.0,-1.0,3
PH003077,AC001132,1,1,0,0,0,7.0,0.0,6.0,1.0,0.0,0.0,0.0,0.0,1.0,1.0,1.0,1.0,33.11681712962963,49.00876157407407,0.0,0.0,5.0,1.0,0.0,102600.0,37,3800.0,0,1,3,2,train,-1.0,5,1,1,5.0,1.0,0.0,454.6,0.2,-1.0,-1.0,-1.0,3
PH003078,AC001133,3,0,1,0,0,2.0,0.0,0.0,1.0,0.0,5.0,13.0,26.0,0.5,0.5,1.0,1.0,84.32956018518519,89.32885416666667,0.0,0.0,1.0,0.5,1.0,80100.0,52,4450.0,0,1,1,1,train,0.48,5,2,1,-1.0,-1.0,-1.0,-1.0,-1.0,1.0,8900.0,8900.0,1
PH003079,AC001134,3,0,0,0,0,19.0,0.0,10.0,9.0,0.0,0.0,0.0,0.0,1.0,1.0,1.0,1.0,9.30574074074074,89.41833333333334,0.0,3.0,5.0,1.0,0.0,159850.0,62,6950.0,0,1,0,0,train,-1.0,0,1,1,8.0,1.0,2.0,244.375,0.125,-1.0,-1.0,-1.0,2
PH000494,AC001134,2,1,0,0,0,16.0,0.0,0.0,1.0,0.0,22.5625,14.3125,106.0,0.8125,0.0625,1.0,1.0,16.261145833333334,72.24925925925926,0.0,3.0,0.0,0.0625,1.0,159850.0,62,6950.0,0,1,0,0,train,-1.0,0,1,1,8.0,1.0,2.0,244.375,0.125,-1.0,-1.0,-1.0,2
PH003080,AC001135,3,0,1,0,0,7.0,0.0,0.0,0.0,0.0,21.285714285714285,55.857142857142854,158.0,0.42857142857142855,0.0,2.0,2.0,52.43486111111111,81.34811342592593,0.0,0.0,0.0,0.0,1.0,15500.0,20,1550.0,2,1,1,0,train,0.47,0,1,1,-1.0,-1.0,-1.0,-1.0,-1.0,1.0,1550.0,1550.0,2
PH000372,AC001135,2,1,0,0,0,-1.0,-1.0,-1.0,-1.0,-1.0,-1.0,-1.0,-1.0,-1.0,-1.0,-1.0,-1.0,-1.0,-1.0,-1.0,-1.0,-1.0,-1.0,-1.0,15500.0,20,1550.0,2,1,1,0,train,0.47,0,1,1,-1.0,-1.0,-1.0,-1.0,-1.0,1.0,1550.0,1550.0,2
PH003081,AC001136,3,0,0,0,0,3.0,2.0,0.0,0.0,0.0,18.0,20.666666666666668,39.0,0.3333333333333333,0.0,2.0,2.0,83.34300925925926,89.36322916666667,0.0,0.0,2.0,0.6666666666666666,1.0,344000.0,20,8000.0,0,1,0,0,train,0.46,2,1,1,-1.0,-1.0,-1.0,-1.0,-1.0,-1.0,-1.0,-1.0,3
PH003082,AC001136,0,1,0,0,0,16.0,0.0,0.0,3.0,0.0,26.25,0.0,0.0,1.0,0.1875,2.0,2.0,39.408113425925926,82.34510416666667,0.0,0.0,1.0,0.1875,0.0,344000.0,20,8000.0,0,1,0,0,train,0.46,2,1,1,-1.0,-1.0,-1.0,-1.0,-1.0,-1.0,-1.0,-1.0,3
PH003083,AC001136,1,2,1,0,0,25.0,1.0,0.0,1.0,0.0,25.72,24.08,139.0,0.68,0.04,1.0,1.0,1.3295023148148148,64.12523148148148,3.0,12.0,1.0,0.08,1.0,344000.0,20,8000.0,0,1,0,0,train,0.46,2,1,1,-1.0,-1.0,-1.0,-1.0,-1.0,-1.0,-1.0,-1.0,3
PH003084,AC001137,3,0,1,0,0,1.0,0.0,0.0,0.0,0.0,4.0,54.0,54.0,0.0,0.0,1.0,1.0,88.33572916666667,88.33572916666667,0.0,0.0,0.0,0.0,1.0,262400.0,0,8200.0,1,0,0,0,train,-1.0,0,1,1,-1.0,-1.0,-1.0,-1.0,-1.0,1.0,8200.0,8200.0,2
PH003085,AC001137,4,1,0,0,0,-1.0,-1.0,-1.0,-1.0,-1.0,-1.0,-1.0,-1.0,-1.0,-1.0,-1.0,-1.0,-1.0,-1.0,-1.0,-1.0,-1.0,-1.0,-1.0,262400.0,0,8200.0,1,0,0,0,train,-1.0,0,1,1,-1.0,-1.0,-1.0,-1.0,-1.0,1.0,8200.0,8200.0,2
PH003086,AC001138,3,0,1,0,0,15.0,0.0,0.0,0.0,0.0,24.6,87.53333333333333,398.0,0.6666666666666666,0.0,2.0,2.0,39.16931712962963,83.32179398148148,0.0,0.0,0.0,0.0,1.0,550000.0,2,12500.0,1,2,1,0,train,0.55,2,1,1,-1.0,-1.0,-1.0,-1.0,-1.0,1.0,12500.0,12500.0,3
PH000392,AC001138,2,1,0,0,0,-1.0,-1.0,-1.0,-1.0,-1.0,-1.0,-1.0,-1.0,-1.0,-1.0,-1.0,-1.0,-1.0,-1.0,-1.0,-1.0,-1.0,-1.0,-1.0,550000.0,2,12500.0,1,2,1,0,train,0.55,2,1,1,-1.0,-1.0,-1.0,-1.0,-1.0,1.0,12500.0,12500.0,3
PH003087,AC001138,4,2,0,0,0,-1.0,-1.0,-1.0,-1.0,-1.0,-1.0,-1.0,-1.0,-1.0,-1.0,-1.0,-1.0,-1.0,-1.0,-1.0,-1.0,-1.0,-1.0,-1.0,550000.0,2,12500.0,1,2,1,0,train,0.55,2,1,1,-1.0,-1.0,-1.0,-1.0,-1.0,1.0,12500.0,12500.0,3
PH003093,AC001141,3,0,1,0,0,9.0,0.0,0.0,1.0,0.0,28.22222222222222,6.111111111111111,55.0,0.8888888888888888,0.1111111111111111,1.0,1.0,49.33233796296296,81.3583912037037,0.0,0.0,1.0,0.1111111111111111,1.0,175500.0,352,5850.0,0,3,4,4,train,0.32,2,1,1,8.0,1.0,1.0,279.875,0.125,1.0,30800.0,30800.0,5
PH003094,AC001141,0,1,0,0,0,7.0,0.0,5.0,0.0,0.0,11.0,0.0,0.0,1.0,0.7142857142857143,1.0,1.0,7.176481481481481,45.40197916666666,0.0,4.0,3.0,0.7142857142857143,0.0,175500.0,352,5850.0,0,3,4,4,train,0.32,2,1,1,8.0,1.0,1.0,279.875,0.125,1.0,30800.0,30800.0,5
PH000491,AC001141,2,2,0,0,0,-1.0,-1.0,-1.0,-1.0,-1.0,-1.0,-1.0,-1.0,-1.0,-1.0,-1.0,-1.0,-1.0,-1.0,-1.0,-1.0,-1.0,-1.0,-1.0,175500.0,352,5850.0,0,3,4,4,train,0.32,2,1,1,8.0,1.0,1.0,279.875,0.125,1.0,30800.0,30800.0,5
PH003095,AC001141,4,3,0,0,0,-1.0,-1.0,-1.0,-1.0,-1.0,-1.0,-1.0,-1.0,-1.0,-1.0,-1.0,-1.0,-1.0,-1.0,-1.0,-1.0,-1.0,-1.0,-1.0,175500.0,352,5850.0,0,3,4,4,train,0.32,2,1,1,8.0,1.0,1.0,279.875,0.125,1.0,30800.0,30800.0,5
PH003099,AC001143,3,0,1,0,0,26.0,0.0,2.0,7.0,0.0,18.076923076923077,54.15384615384615,396.0,0.7307692307692307,0.34615384615384615,1.0,1.0,21.362060185185186,87.30248842592593,0.0,1.0,1.0,0.34615384615384615,1.0,1607700.0,41,34950.0,0,3,2,1,train,-1.0,4,2,1,-1.0,-1.0,-1.0,-1.0,-1.0,1.0,27900.0,27900.0,3
PH003100,AC001143,0,1,1,0,0,4.0,0.0,0.0,0.0,0.0,16.25,54.5,218.0,0.75,0.0,1.0,1.0,4.2494907407407405,21.144456018518518,1.0,4.0,0.0,0.0,1.0,1607700.0,41,34950.0,0,3,2,1,train,-1.0,4,2,1,-1.0,-1.0,-1.0,-1.0,-1.0,1.0,27900.0,27900.0,3
PH003101,AC001143,4,2,0,0,0,-1.0,-1.0,-1.0,-1.0,-1.0,-1.0,-1.0,-1.0,-1.0,-1.0,-1.0,-1.0,-1.0,-1.0,-1.0,-1.0,-1.0,-1.0,-1.0,1607700.0,41,34950.0,0,3,2,1,train,-1.0,4,2,1,-1.0,-1.0,-1.0,-1.0,-1.0,1.0,27900.0,27900.0,3
PH003108,AC001146,3,0,1,0,0,16.0,0.0,0.0,1.0,0.0,26.5,49.875,371.0,0.8125,0.0625,1.0,1.0,5.328020833333333,87.3565625,1.0,2.0,0.0,0.0625,1.0,105400.0,37,3100.0,0,1,3,2,train,0.45,2,1,1,5.0,1.0,3.0,263.0,0.2,1.0,2400.0,2400.0,2
PH003109,AC001146,4,1,0,0,0,8.0,0.0,0.0,0.0,0.0,22.25,18.375,80.0,0.625,0.0,1.0,1.0,57.242592592592594,68.27503472222222,0.0,0.0,0.0,0.0,1.0,105400.0,37,3100.0,0,1,3,2,train,0.45,2,1,1,5.0,1.0,3.0,263.0,0.2,1.0,2400.0,2400.0,2
PH003111,AC001148,3,0,1,0,0,16.0,0.0,0.0,2.0,0.0,20.75,21.125,338.0,0.9375,0.125,1.0,1.0,4.3051967592592595,88.33576388888889,1.0,2.0,1.0,0.125,1.0,63450.0,138,1350.0,0,3,2,1,train,0.01,5,0,1,4.0,0.0,2.0,147.5,0.0,-1.0,-1.0,-1.0,2
PH003112,AC001148,4,1,0,0,0,8.0,0.0,0.0,2.0,0.0,18.375,19.0,105.0,0.75,0.25,1.0,1.0,5.302199074074074,21.06303240740741,1.0,8.0,0.0,0.25,1.0,63450.0,138,1350.0,0,3,2,1,train,0.01,5,0,1,4.0,0.0,2.0,147.5,0.0,-1.0,-1.0,-1.0,2
PH003113,AC001149,3,0,0,0,0,16.0,1.0,0.0,0.0,0.0,21.0625,48.125,128.0,0.4375,0.0,1.0,1.0,19.30644675925926,89.44962962962963,0.0,7.0,0.0,0.0625,1.0,64800.0,19,1800.0,1,0,0,0,train,0.4,2,2,1,-1.0,-1.0,-1.0,-1.0,-1.0,-1.0,-1.0,-1.0,4
PH003114,AC001149,1,1,0,0,0,5.0,2.0,0.0,1.0,0.0,15.2,8.4,24.0,0.6,0.2,1.0,1.0,48.99664351851852,54.42619212962963,0.0,0.0,3.0,0.6,1.0,64800.0,19,1800.0,1,0,0,0,train,0.4,2,2,1,-1.0,-1.0,-1.0,-1.0,-1.0,-1.0,-1.0,-1.0,4
PH003115,AC001149,4,2,0,0,0,13.0,0.0,0.0,1.0,0.0,20.923076923076923,20.0,130.0,0.7692307692307693,0.07692307692307693,1.0,1.0,12.39638888888889,45.43875,0.0,5.0,0.0,0.07692307692307693,1.0,64800.0,19,1800.0,1,0,0,0,train,0.4,2,2,1,-1.0,-1.0,-1.0,-1.0,-1.0,-1.0,-1.0,-1.0,4
PH003116,AC001150,3,0,0,0,0,27.0,0.0,23.0,4.0,0.0,0.0,0.0,0.0,1.0,1.0,1.0,1.0,2.3582870370370372,89.29421296296296,1.0,11.0,5.0,1.0,0.0,718150.0,422,13550.0,0,2,6,3,train,0.2,0,1,1,8.0,1.0,4.0,221.0,0.125,-1.0,-1.0,-1.0,1
PH003117,AC001151,3,0,0,0,0,8.0,0.0,2.0,6.0,0.0,0.0,0.0,0.0,1.0,1.0,1.0,1.0,65.41381944444444,88.44135416666667,0.0,0.0,5.0,1.0,0.0,56550.0,205,1450.0,0,1,2,1,train,-1.0,3,0,1,9.0,3.0,0.0,516.7777777777778,0.3333333333333333,-1.0,-1.0,-1.0,3
PH003118,AC001151,0,1,1,0,0,13.0,0.0,0.0,1.0,0.0,27.615384615384617,30.615384615384617,233.0,0.7692307692307693,0.07692307692307693,1.0,1.0,5.425011574074074,62.32177083333333,1.0,6.0,1.0,0.07692307692307693,1.0,56550.0,205,1450.0,0,1,2,1,train,-1.0,3,0,1,9.0,3.0,0.0,516.7777777777778,0.3333333333333333,-1.0,-1.0,-1.0,3
PH003119,AC001151,1,2,0,0,0,-1.0,-1.0,-1.0,-1.0,-1.0,-1.0,-1.0,-1.0,-1.0,-1.0,-1.0,-1.0,-1.0,-1.0,-1.0,-1.0,-1.0,-1.0,-1.0,56550.0,205,1450.0,0,1,2,1,train,-1.0,3,0,1,9.0,3.0,0.0,516.7777777777778,0.3333333333333333,-1.0,-1.0,-1.0,3
PH003123,AC001153,3,0,1,0,0,29.0,2.0,0.0,1.0,0.0,18.344827586206897,11.241379310344827,310.0,0.896551724137931,0.034482758620689655,2.0,2.0,17.43699074074074,89.40974537037037,0.0,4.0,0.0,0.10344827586206896,1.0,141900.0,9,4300.0,0,1,1,1,train,-1.0,1,2,1,-1.0,-1.0,-1.0,-1.0,-1.0,1.0,3000.0,3000.0,1
PH003124,AC001154,3,0,1,0,0,3.0,0.0,0.0,0.0,0.0,15.0,24.666666666666668,39.0,0.3333333333333333,0.0,2.0,2.0,58.32428240740741,87.38229166666666,0.0,0.0,0.0,0.0,1.0,32550.0,10,1050.0,1,1,2,0,train,0.87,5,2,0,-1.0,-1.0,-1.0,-1.0,-1.0,1.0,1050.0,1050.0,3
PH003125,AC001154,0,1,0,0,0,-1.0,-1.0,-1.0,-1.0,-1.0,-1.0,-1.0,-1.0,-1.0,-1.0,-1.0,-1.0,-1.0,-1.0,-1.0,-1.0,-1.0,-1.0,-1.0,32550.0,10,1050.0,1,1,2,0,train,0.87,5,2,0,-1.0,-1.0,-1.0,-1.0,-1.0,1.0,1050.0,1050.0,3
PH003126,AC001154,1,2,1,1,0,1.0,0.0,0.0,0.0,0.0,20.0,140.0,140.0,0.0,0.0,1.0,1.0,88.2484837962963,88.2484837962963,0.0,0.0,0.0,0.0,1.0,32550.0,10,1050.0,1,1,2,0,train,0.87,5,2,0,-1.0,-1.0,-1.0,-1.0,-1.0,1.0,1050.0,1050.0,3
PH003127,AC001155,3,0,1,0,0,15.0,1.0,0.0,0.0,0.0,19.066666666666666,10.6,151.0,0.8666666666666667,0.0,1.0,1.0,46.3003125,81.42585648148147,0.0,0.0,0.0,0.06666666666666667,1.0,116600.0,133,2650.0,0,2,1,1,train,0.49,0,1,1,8.0,1.0,0.0,237.125,0.125,-1.0,-1.0,-1.0,2
PH000502,AC001155,2,1,1,1,0,9.0,0.0,0.0,0.0,0.0,17.333333333333332,51.77777777777778,109.0,0.3333333333333333,0.0,1.0,1.0,2.313877314814815,45.30486111111111,1.0,3.0,0.0,0.0,1.0,116600.0,133,2650.0,0,2,1,1,train,0.49,0,1,1,8.0,1.0,0.0,237.125,0.125,-1.0,-1.0,-1.0,2
PH003128,AC001156,3,0,1,0,0,1.0,0.0,0.0,0.0,0.0,18.0,23.0,23.0,0.0,0.0,1.0,1.0,87.27420138888888,87.27420138888888,0.0,0.0,0.0,0.0,1.0,83650.0,0,11950.0,1,1,0,0,train,0.28,2,1,1,-1.0,-1.0,-1.0,-1.0,-1.0,1.0,11950.0,11950.0,1
PH003129,AC001157,3,0,1,0,0,7.0,0.0,1.0,2.0,0.0,15.142857142857142,24.714285714285715,124.0,0.7142857142857143,0.42857142857142855,2.0,2.0,69.27734953703704,86.34001157407407,0.0,0.0,1.0,0.42857142857142855,1.0,70350.0,0,3350.0,1,0,0,0,train,0.0,1,2,1,-1.0,-1.0,-1.0,-1.0,-1.0,1.0,3350.0,3350.0,1
PH003130,AC001158,3,0,1,0,0,17.0,0.0,0.0,0.0,0.0,28.11764705882353,47.11764705882353,351.0,0.6470588235294118,0.0,1.0,1.0,2.396076388888889,79.33101851851852,1.0,7.0,0.0,0.0,1.0,54400.0,124,3200.0,0,2,4,3,train,0.25,2,1,1,8.0,0.0,1.0,247.125,0.0,1.0,6000.0,6000.0,3
PH003131,AC001158,0,1,0,0,0,-1.0,-1.0,-1.0,-1.0,-1.0,-1.0,-1.0,-1.0,-1.0,-1.0,-1.0,-1.0,-1.0,-1.0,-1.0,-1.0,-1.0,-1.0,-1.0,54400.0,124,3200.0,0,2,4,3,train,0.25,2,1,1,8.0,0.0,1.0,247.125,0.0,1.0,6000.0,6000.0,3
PH003132,AC001158,4,2,0,0,0,-1.0,-1.0,-1.0,-1.0,-1.0,-1.0,-1.0,-1.0,-1.0,-1.0,-1.0,-1.0,-1.0,-1.0,-1.0,-1.0,-1.0,-1.0,-1.0,54400.0,124,3200.0,0,2,4,3,train,0.25,2,1,1,8.0,0.0,1.0,247.125,0.0,1.0,6000.0,6000.0,3
PH003133,AC001159,3,0,1,0,0,15.0,0.0,0.0,0.0,0.0,29.333333333333332,13.066666666666666,79.0,0.7333333333333333,0.0,1.0,1.0,58.05896990740741,89.25900462962963,0.0,0.0,0.0,0.0,1.0,171450.0,72,6350.0,0,2,1,1,train,0.54,0,1,1,-1.0,-1.0,-1.0,-1.0,-1.0,2.0,19050.0,9525.0,4
PH003134,AC001159,1,1,0,0,0,-1.0,-1.0,-1.0,-1.0,-1.0,-1.0,-1.0,-1.0,-1.0,-1.0,-1.0,-1.0,-1.0,-1.0,-1.0,-1.0,-1.0,-1.0,-1.0,171450.0,72,6350.0,0,2,1,1,train,0.54,0,1,1,-1.0,-1.0,-1.0,-1.0,-1.0,2.0,19050.0,9525.0,4
PH000471,AC001159,2,2,0,0,0,-1.0,-1.0,-1.0,-1.0,-1.0,-1.0,-1.0,-1.0,-1.0,-1.0,-1.0,-1.0,-1.0,-1.0,-1.0,-1.0,-1.0,-1.0,-1.0,171450.0,72,6350.0,0,2,1,1,train,0.54,0,1,1,-1.0,-1.0,-1.0,-1.0,-1.0,2.0,19050.0,9525.0,4
PH003135,AC001159,4,3,0,0,0,-1.0,-1.0,-1.0,-1.0,-1.0,-1.0,-1.0,-1.0,-1.0,-1.0,-1.0,-1.0,-1.0,-1.0,-1.0,-1.0,-1.0,-1.0,-1.0,171450.0,72,6350.0,0,2,1,1,train,0.54,0,1,1,-1.0,-1.0,-1.0,-1.0,-1.0,2.0,19050.0,9525.0,4
PH003140,AC001161,3,0,0,0,0,14.0,0.0,4.0,10.0,0.0,0.0,0.0,0.0,1.0,1.0,1.0,1.0,10.416736111111112,88.31327546296296,0.0,3.0,5.0,1.0,0.0,201000.0,30,10050.0,3,2,0,0,train,-1.0,2,1,0,-1.0,-1.0,-1.0,-1.0,-1.0,-1.0,-1.0,-1.0,4
PH003141,AC001161,0,1,0,0,0,11.0,0.0,10.0,1.0,0.0,0.0,0.0,0.0,1.0,1.0,1.0,1.0,7.309826388888889,74.24219907407408,0.0,2.0,5.0,1.0,0.0,201000.0,30,10050.0,3,2,0,0,train,-1.0,2,1,0,-1.0,-1.0,-1.0,-1.0,-1.0,-1.0,-1.0,-1.0,4
PH003142,AC001161,4,2,1,0,0,9.0,0.0,0.0,2.0,0.0,17.22222222222222,20.22222222222222,123.0,0.6666666666666666,0.2222222222222222,1.0,1.0,1.2681481481481482,79.43071759259259,1.0,2.0,1.0,0.2222222222222222,1.0,201000.0,30,10050.0,3,2,0,0,train,-1.0,2,1,0,-1.0,-1.0,-1.0,-1.0,-1.0,-1.0,-1.0,-1.0,4
PH003143,AC001162,3,0,0,0,0,21.0,0.0,0.0,3.0,0.0,14.571428571428571,0.0,0.0,1.0,0.14285714285714285,1.0,1.0,9.004085648148148,79.4321875,0.0,6.0,1.0,0.14285714285714285,0.0,29700.0,45,3300.0,0,0,1,1,train,0.0,1,2,1,-1.0,-1.0,-1.0,-1.0,-1.0,-1.0,-1.0,-1.0,2
PH003144,AC001162,1,1,0,0,0,14.0,2.0,0.0,2.0,0.0,24.071428571428573,3.142857142857143,18.0,0.7857142857142857,0.14285714285714285,1.0,1.0,19.319340277777776,72.15572916666666,0.0,6.0,1.0,0.2857142857142857,1.0,29700.0,45,3300.0,0,0,1,1,train,0.0,1,2,1,-1.0,-1.0,-1.0,-1.0,-1.0,-1.0,-1.0,-1.0,2
PH003145,AC001163,3,0,1,0,0,19.0,0.0,0.0,1.0,0.0,21.894736842105264,17.0,244.0,0.8421052631578947,0.05263157894736842,1.0,1.0,12.440752314814814,84.29640046296296,0.0,7.0,0.0,0.05263157894736842,1.0,66150.0,129,3150.0,0,5,4,3,train,0.29,1,2,1,9.0,1.0,2.0,389.0,0.1111111111111111,-1.0,-1.0,-1.0,1
PH003148,AC001165,3,0,0,0,0,-1.0,-1.0,-1.0,-1.0,-1.0,-1.0,-1.0,-1.0,-1.0,-1.0,-1.0,-1.0,-1.0,-1.0,-1.0,-1.0,-1.0,-1.0,-1.0,28600.0,27,1300.0,0,2,0,0,train,-1.0,5,0,1,-1.0,-1.0,-1.0,-1.0,-1.0,1.0,1300.0,1300.0,2
PH003149,AC001165,0,1,0,0,0,-1.0,-1.0,-1.0,-1.0,-1.0,-1.0,-1.0,-1.0,-1.0,-1.0,-1.0,-1.0,-1.0,-1.0,-1.0,-1.0,-1.0,-1.0,-1.0,28600.0,27,1300.0,0,2,0,0,train,-1.0,5,0,1,-1.0,-1.0,-1.0,-1.0,-1.0,1.0,1300.0,1300.0,2
PH003152,AC001167,3,0,1,0,0,9.0,2.0,0.0,0.0,0.0,16.555555555555557,48.333333333333336,306.0,0.4444444444444444,0.0,1.0,1.0,67.27868055555555,88.37885416666667,0.0,0.0,0.0,0.2222222222222222,1.0,874500.0,49,39750.0,0,1,2,1,train,0.37,4,2,1,-1.0,-1.0,-1.0,-1.0,-1.0,1.0,79500.0,79500.0,1
PH003153,AC001168,3,0,1,0,0,14.0,0.0,2.0,0.0,0.0,23.142857142857142,60.07142857142857,362.0,0.7142857142857143,0.14285714285714285,2.0,2.0,46.14025462962963,84.38774305555556,0.0,0.0,0.0,0.14285714285714285,1.0,298800.0,11,8300.0,0,1,2,1,train,-1.0,0,1,1,-1.0,-1.0,-1.0,-1.0,-1.0,1.0,8300.0,8300.0,2
PH003154,AC001168,1,1,0,0,0,-1.0,-1.0,-1.0,-1.0,-1.0,-1.0,-1.0,-1.0,-1.0,-1.0,-1.0,-1.0,-1.0,-1.0,-1.0,-1.0,-1.0,-1.0,-1.0,298800.0,11,8300.0,0,1,2,1,train,-1.0,0,1,1,-1.0,-1.0,-1.0,-1.0,-1.0,1.0,8300.0,8300.0,2
PH003155,AC001169,3,0,1,0,0,21.0,0.0,0.0,1.0,0.0,26.19047619047619,4.380952380952381,40.0,0.8571428571428571,0.047619047619047616,1.0,1.0,0.403125,84.28895833333333,5.0,11.0,0.0,0.047619047619047616,1.0,89600.0,127,3200.0,0,1,10,5,train,-1.0,1,2,1,8.0,0.0,2.0,200.0,0.0,1.0,7700.0,7700.0,3
PH003156,AC001169,1,1,0,0,0,-1.0,-1.0,-1.0,-1.0,-1.0,-1.0,-1.0,-1.0,-1.0,-1.0,-1.0,-1.0,-1.0,-1.0,-1.0,-1.0,-1.0,-1.0,-1.0,89600.0,127,3200.0,0,1,10,5,train,-1.0,1,2,1,8.0,0.0,2.0,200.0,0.0,1.0,7700.0,7700.0,3
PH003157,AC001169,4,2,0,0,0,-1.0,-1.0,-1.0,-1.0,-1.0,-1.0,-1.0,-1.0,-1.0,-1.0,-1.0,-1.0,-1.0,-1.0,-1.0,-1.0,-1.0,-1.0,-1.0,89600.0,127,3200.0,0,1,10,5,train,-1.0,1,2,1,8.0,0.0,2.0,200.0,0.0,1.0,7700.0,7700.0,3
PH003158,AC001170,3,0,1,0,0,28.0,0.0,0.0,1.0,0.0,21.821428571428573,50.392857142857146,362.0,0.6785714285714286,0.03571428571428571,2.0,2.0,15.121840277777778,86.4482175925926,0.0,11.0,0.0,0.03571428571428571,1.0,117900.0,4,6550.0,1,0,0,0,train,-1.0,0,2,1,-1.0,-1.0,-1.0,-1.0,-1.0,3.0,6400.0,2133.3333333333335,3
PH003159,AC001170,1,1,0,0,0,8.0,0.0,0.0,0.0,0.0,22.625,0.0,0.0,1.0,0.0,1.0,1.0,8.105775462962963,14.389675925925927,0.0,8.0,0.0,0.0,0.0,117900.0,4,6550.0,1,0,0,0,train,-1.0,0,2,1,-1.0,-1.0,-1.0,-1.0,-1.0,3.0,6400.0,2133.3333333333335,3
PH003160,AC001170,4,2,1,0,0,3.0,0.0,0.0,0.0,0.0,15.333333333333334,55.333333333333336,98.0,0.0,0.0,1.0,1.0,6.301053240740741,7.414351851851852,1.0,3.0,0.0,0.0,1.0,117900.0,4,6550.0,1,0,0,0,train,-1.0,0,2,1,-1.0,-1.0,-1.0,-1.0,-1.0,3.0,6400.0,2133.3333333333335,3
PH003161,AC001171,3,0,0,0,0,-1.0,-1.0,-1.0,-1.0,-1.0,-1.0,-1.0,-1.0,-1.0,-1.0,-1.0,-1.0,-1.0,-1.0,-1.0,-1.0,-1.0,-1.0,-1.0,178500.0,21,4250.0,1,0,1,1,train,0.52,0,2,1,-1.0,-1.0,-1.0,-1.0,-1.0,1.0,4250.0,4250.0,1
PH003162,AC001172,3,0,1,0,0,18.0,0.0,0.0,1.0,0.0,27.333333333333332,43.111111111111114,365.0,0.7222222222222222,0.05555555555555555,1.0,1.0,5.283946759259259,74.39563657407408,3.0,7.0,0.0,0.05555555555555555,1.0,64350.0,346,1650.0,0,1,3,1,train,-1.0,2,1,1,9.0,2.0,1.0,478.3333333333333,0.2222222222222222,-1.0,-1.0,-1.0,1
PH003165,AC001174,3,0,1,0,0,17.0,0.0,0.0,1.0,0.0,18.705882352941178,20.294117647058822,324.0,0.8823529411764706,0.058823529411764705,1.0,1.0,24.257141203703704,82.26792824074074,0.0,1.0,0.0,0.058823529411764705,1.0,63800.0,89,1450.0,0,1,2,1,train,-1.0,1,1,1,6.0,3.0,2.0,589.8333333333334,0.5,1.0,4350.0,4350.0,2
PH003166,AC001174,0,1,1,0,0,4.0,0.0,0.0,0.0,0.0,27.5,37.25,118.0,0.5,0.0,1.0,1.0,13.444039351851853,24.110046296296296,0.0,4.0,0.0,0.0,1.0,63800.0,89,1450.0,0,1,2,1,train,-1.0,1,1,1,6.0,3.0,2.0,589.8333333333334,0.5,1.0,4350.0,4350.0,2
PH003167,AC001175,3,0,1,0,0,24.0,0.0,0.0,0.0,0.0,27.25,36.75,289.0,0.75,0.0,1.0,1.0,20.286979166666665,88.43090277777777,0.0,3.0,0.0,0.0,1.0,162400.0,144,5600.0,0,3,0,0,train,0.39,0,1,1,8.0,0.0,2.0,162.75,0.0,-1.0,-1.0,-1.0,4
PH003168,AC001175,0,1,1,0,0,6.0,0.0,0.0,1.0,0.0,14.166666666666666,182.5,398.0,0.3333333333333333,0.16666666666666666,1.0,1.0,5.396574074074074,17.268425925925925,2.0,6.0,1.0,0.16666666666666666,1.0,162400.0,144,5600.0,0,3,0,0,train,0.39,0,1,1,8.0,0.0,2.0,162.75,0.0,-1.0,-1.0,-1.0,4
PH000506,AC001175,2,2,0,0,0,-1.0,-1.0,-1.0,-1.0,-1.0,-1.0,-1.0,-1.0,-1.0,-1.0,-1.0,-1.0,-1.0,-1.0,-1.0,-1.0,-1.0,-1.0,-1.0,162400.0,144,5600.0,0,3,0,0,train,0.39,0,1,1,8.0,0.0,2.0,162.75,0.0,-1.0,-1.0,-1.0,4
PH003169,AC001175,4,3,0,0,0,-1.0,-1.0,-1.0,-1.0,-1.0,-1.0,-1.0,-1.0,-1.0,-1.0,-1.0,-1.0,-1.0,-1.0,-1.0,-1.0,-1.0,-1.0,-1.0,162400.0,144,5600.0,0,3,0,0,train,0.39,0,1,1,8.0,0.0,2.0,162.75,0.0,-1.0,-1.0,-1.0,4
PH003170,AC001176,3,0,1,0,0,30.0,0.0,0.0,2.0,0.0,27.166666666666668,60.166666666666664,339.0,0.7333333333333333,0.06666666666666667,2.0,2.0,3.3718518518518517,89.31916666666666,1.0,8.0,0.0,0.06666666666666667,1.0,53250.0,21,3550.0,1,3,0,0,train,0.38,5,2,1,1.0,1.0,0.0,397.0,1.0,-1.0,-1.0,-1.0,2
PH003171,AC001176,4,1,0,0,0,-1.0,-1.0,-1.0,-1.0,-1.0,-1.0,-1.0,-1.0,-1.0,-1.0,-1.0,-1.0,-1.0,-1.0,-1.0,-1.0,-1.0,-1.0,-1.0,53250.0,21,3550.0,1,3,0,0,train,0.38,5,2,1,1.0,1.0,0.0,397.0,1.0,-1.0,-1.0,-1.0,2
PH003182,AC001180,3,0,1,0,0,4.0,0.0,0.0,0.0,0.0,16.25,106.75,353.0,0.25,0.0,1.0,1.0,79.26789351851852,89.40262731481481,0.0,0.0,0.0,0.0,1.0,52800.0,71,3300.0,0,5,4,1,train,0.28,1,0,1,-1.0,-1.0,-1.0,-1.0,-1.0,2.0,9900.0,4950.0,2
PH003183,AC001180,1,1,0,0,0,-1.0,-1.0,-1.0,-1.0,-1.0,-1.0,-1.0,-1.0,-1.0,-1.0,-1.0,-1.0,-1.0,-1.0,-1.0,-1.0,-1.0,-1.0,-1.0,52800.0,71,3300.0,0,5,4,1,train,0.28,1,0,1,-1.0,-1.0,-1.0,-1.0,-1.0,2.0,9900.0,4950.0,2
PH003184,AC001181,3,0,0,0,0,2.0,0.0,0.0,0.0,2.0,0.0,0.0,0.0,1.0,1.0,1.0,1.0,83.0644212962963,83.4415162037037,0.0,0.0,2.0,0.0,0.0,440300.0,215,12950.0,0,0,3,2,train,-1.0,2,1,1,9.0,2.0,2.0,205.88888888888889,0.2222222222222222,-1.0,-1.0,-1.0,3
PH003185,AC001181,0,1,1,0,0,21.0,0.0,0.0,0.0,0.0,27.666666666666668,54.095238095238095,317.0,0.7142857142857143,0.0,1.0,1.0,6.3803125,82.27291666666666,1.0,8.0,0.0,0.0,1.0,440300.0,215,12950.0,0,0,3,2,train,-1.0,2,1,1,9.0,2.0,2.0,205.88888888888889,0.2222222222222222,-1.0,-1.0,-1.0,3
PH003186,AC001181,4,2,0,0,0,-1.0,-1.0,-1.0,-1.0,-1.0,-1.0,-1.0,-1.0,-1.0,-1.0,-1.0,-1.0,-1.0,-1.0,-1.0,-1.0,-1.0,-1.0,-1.0,440300.0,215,12950.0,0,0,3,2,train,-1.0,2,1,1,9.0,2.0,2.0,205.88888888888889,0.2222222222222222,-1.0,-1.0,-1.0,3
PH003187,AC001182,3,0,1,0,0,36.0,0.0,0.0,0.0,0.0,28.5,36.833333333333336,288.0,0.7222222222222222,0.0,2.0,2.0,4.011736111111111,86.40344907407408,2.0,13.0,0.0,0.0,1.0,136400.0,0,3100.0,1,2,0,0,train,-1.0,2,1,1,-1.0,-1.0,-1.0,-1.0,-1.0,-1.0,-1.0,-1.0,1
PH003188,AC001183,3,0,1,0,0,29.0,0.0,0.0,0.0,0.0,19.93103448275862,9.03448275862069,216.0,0.9310344827586207,0.0,2.0,2.0,23.230462962962964,89.36045138888889,0.0,6.0,0.0,0.0,1.0,623500.0,11,14500.0,2,2,1,1,train,-1.0,2,1,1,-1.0,-1.0,-1.0,-1.0,-1.0,-1.0,-1.0,-1.0,1
PH003189,AC001184,3,0,1,0,0,15.0,0.0,0.0,1.0,0.0,20.733333333333334,35.666666666666664,124.0,0.4666666666666667,0.06666666666666667,1.0,1.0,5.270601851851852,89.31510416666667,1.0,6.0,0.0,0.06666666666666667,1.0,264000.0,153,5500.0,0,0,2,1,train,0.45,2,1,1,3.0,1.0,0.0,554.0,0.3333333333333333,-1.0,-1.0,-1.0,1
PH003190,AC001185,3,0,1,0,0,17.0,0.0,0.0,1.0,0.0,28.470588235294116,38.35294117647059,390.0,0.8235294117647058,0.058823529411764705,1.0,1.0,0.4431597222222222,87.27267361111112,1.0,6.0,0.0,0.058823529411764705,1.0,38000.0,31,2000.0,0,0,1,0,train,-1.0,3,2,1,3.0,2.0,0.0,833.3333333333334,0.6666666666666666,1.0,2700.0,2700.0,2
PH003191,AC001185,4,1,1,0,0,15.0,0.0,0.0,2.0,0.0,23.333333333333332,53.06666666666667,373.0,0.8,0.13333333333333333,1.0,1.0,37.31332175925926,54.430925925925926,0.0,0.0,0.0,0.13333333333333333,1.0,38000.0,31,2000.0,0,0,1,0,train,-1.0,3,2,1,3.0,2.0,0.0,833.3333333333334,0.6666666666666666,1.0,2700.0,2700.0,2
PH003192,AC001186,3,0,1,0,0,12.0,0.0,0.0,0.0,0.0,22.25,3.25,39.0,0.9166666666666666,0.0,2.0,2.0,51.377430555555556,86.38116898148148,0.0,0.0,0.0,0.0,1.0,153300.0,22,3650.0,1,2,1,0,train,-1.0,2,1,1,-1.0,-1.0,-1.0,-1.0,-1.0,1.0,3650.0,3650.0,4
PH003193,AC001186,0,1,1,0,0,8.0,0.0,0.0,0.0,0.0,30.75,37.25,250.0,0.75,0.0,1.0,1.0,40.274791666666665,49.43763888888889,0.0,0.0,0.0,0.0,1.0,153300.0,22,3650.0,1,2,1,0,train,-1.0,2,1,1,-1.0,-1.0,-1.0,-1.0,-1.0,1.0,3650.0,3650.0,4
PH000332,AC001186,2,2,0,0,0,-1.0,-1.0,-1.0,-1.0,-1.0,-1.0,-1.0,-1.0,-1.0,-1.0,-1.0,-1.0,-1.0,-1.0,-1.0,-1.0,-1.0,-1.0,-1.0,153300.0,22,3650.0,1,2,1,0,train,-1.0,2,1,1,-1.0,-1.0,-1.0,-1.0,-1.0,1.0,3650.0,3650.0,4
PH003194,AC001186,4,3,0,0,0,-1.0,-1.0,-1.0,-1.0,-1.0,-1.0,-1.0,-1.0,-1.0,-1.0,-1.0,-1.0,-1.0,-1.0,-1.0,-1.0,-1.0,-1.0,-1.0,153300.0,22,3650.0,1,2,1,0,train,-1.0,2,1,1,-1.0,-1.0,-1.0,-1.0,-1.0,1.0,3650.0,3650.0,4
PH003195,AC001187,3,0,1,0,0,20.0,0.0,0.0,2.0,0.0,20.95,64.65,370.0,0.6,0.1,2.0,2.0,28.33596064814815,88.32324074074074,0.0,1.0,0.0,0.1,1.0,81000.0,7,3000.0,2,1,0,0,train,0.69,2,1,1,-1.0,-1.0,-1.0,-1.0,-1.0,3.0,3000.0,1000.0,5
PH003196,AC001187,0,1,0,0,0,-1.0,-1.0,-1.0,-1.0,-1.0,-1.0,-1.0,-1.0,-1.0,-1.0,-1.0,-1.0,-1.0,-1.0,-1.0,-1.0,-1.0,-1.0,-1.0,81000.0,7,3000.0,2,1,0,0,train,0.69,2,1,1,-1.0,-1.0,-1.0,-1.0,-1.0,3.0,3000.0,1000.0,5
PH003197,AC001187,1,2,0,1,0,-1.0,-1.0,-1.0,-1.0,-1.0,-1.0,-1.0,-1.0,-1.0,-1.0,-1.0,-1.0,-1.0,-1.0,-1.0,-1.0,-1.0,-1.0,-1.0,81000.0,7,3000.0,2,1,0,0,train,0.69,2,1,1,-1.0,-1.0,-1.0,-1.0,-1.0,3.0,3000.0,1000.0,5
PH000608,AC001187,2,3,0,0,0,-1.0,-1.0,-1.0,-1.0,-1.0,-1.0,-1.0,-1.0,-1.0,-1.0,-1.0,-1.0,-1.0,-1.0,-1.0,-1.0,-1.0,-1.0,-1.0,81000.0,7,3000.0,2,1,0,0,train,0.69,2,1,1,-1.0,-1.0,-1.0,-1.0,-1.0,3.0,3000.0,1000.0,5
PH003198,AC001187,4,4,0,0,0,-1.0,-1.0,-1.0,-1.0,-1.0,-1.0,-1.0,-1.0,-1.0,-1.0,-1.0,-1.0,-1.0,-1.0,-1.0,-1.0,-1.0,-1.0,-1.0,81000.0,7,3000.0,2,1,0,0,train,0.69,2,1,1,-1.0,-1.0,-1.0,-1.0,-1.0,3.0,3000.0,1000.0,5
PH003199,AC001188,3,0,1,0,0,7.0,0.0,0.0,0.0,0.0,31.428571428571427,13.714285714285714,62.0,0.7142857142857143,0.0,2.0,2.0,68.26408564814815,88.25440972222222,0.0,0.0,0.0,0.0,1.0,15000.0,23,750.0,0,2,0,0,train,0.0,5,2,1,-1.0,-1.0,-1.0,-1.0,-1.0,1.0,750.0,750.0,1
PH003202,AC001190,3,0,0,0,0,16.0,0.0,15.0,1.0,0.0,0.0,0.0,0.0,1.0,1.0,2.0,2.0,22.36484953703704,84.25068287037037,0.0,5.0,5.0,1.0,0.0,64750.0,19,1750.0,1,3,0,0,train,0.54,3,2,1,1.0,0.0,0.0,203.0,0.0,1.0,700.0,700.0,2
PH003203,AC001190,4,1,1,0,0,19.0,1.0,0.0,2.0,0.0,19.263157894736842,50.68421052631579,141.0,0.5263157894736842,0.10526315789473684,1.0,1.0,5.286469907407407,55.2503125,1.0,9.0,0.0,0.15789473684210525,1.0,64750.0,19,1750.0,1,3,0,0,train,0.54,3,2,1,1.0,0.0,0.0,203.0,0.0,1.0,700.0,700.0,2
PH003209,AC001193,3,0,1,0,0,18.0,0.0,0.0,0.0,0.0,27.22222222222222,63.388888888888886,343.0,0.7222222222222222,0.0,1.0,1.0,42.425127314814816,88.34114583333333,0.0,0.0,0.0,0.0,1.0,303050.0,39,10450.0,1,4,1,0,train,0.68,5,2,1,3.0,2.0,0.0,890.6666666666666,0.6666666666666666,1.0,20900.0,20900.0,1
PH003216,AC001196,3,0,0,0,0,16.0,1.0,11.0,1.0,0.0,4.875,2.1875,35.0,0.9375,0.75,2.0,2.0,27.35699074074074,88.34600694444444,0.0,1.0,5.0,0.8125,1.0,107250.0,28,7150.0,0,5,1,1,train,0.25,0,1,1,4.0,2.0,0.0,466.5,0.5,-1.0,-1.0,-1.0,3
PH003217,AC001196,1,1,1,0,0,13.0,0.0,0.0,1.0,0.0,18.615384615384617,40.46153846153846,135.0,0.46153846153846156,0.07692307692307693,1.0,1.0,10.365960648148148,73.35552083333333,0.0,6.0,0.0,0.07692307692307693,1.0,107250.0,28,7150.0,0,5,1,1,train,0.25,0,1,1,4.0,2.0,0.0,466.5,0.5,-1.0,-1.0,-1.0,3
PH003218,AC001197,3,0,0,0,0,8.0,0.0,0.0,1.0,0.0,16.5,7.125,57.0,0.875,0.125,1.0,1.0,42.31471064814815,88.40777777777778,0.0,0.0,0.0,0.125,1.0,37700.0,221,1300.0,0,5,3,3,train,0.57,3,0,1,8.0,5.0,0.0,448.5,0.625,1.0,10400.0,10400.0,2
PH003219,AC001197,4,1,0,0,0,8.0,0.0,0.0,2.0,0.0,16.25,30.875,98.0,0.5,0.25,1.0,1.0,28.157118055555557,40.383229166666666,0.0,2.0,1.0,0.25,1.0,37700.0,221,1300.0,0,5,3,3,train,0.57,3,0,1,8.0,5.0,0.0,448.5,0.625,1.0,10400.0,10400.0,2
PH003220,AC001198,3,0,1,0,0,12.0,0.0,0.0,0.0,0.0,25.916666666666668,47.25,108.0,0.4166666666666667,0.0,1.0,1.0,76.3464236111111,88.2520486111111,0.0,0.0,0.0,0.0,1.0,53200.0,61,3800.0,0,1,0,0,train,0.47,2,1,1,7.0,1.0,0.0,449.14285714285717,0.14285714285714285,2.0,11400.0,5700.0,3
PH003221,AC001198,0,1,1,0,0,14.0,0.0,0.0,0.0,0.0,30.285714285714285,5.142857142857143,72.0,0.9285714285714286,0.0,1.0,1.0,36.05153935185185,76.15150462962963,0.0,0.0,0.0,0.0,1.0,53200.0,61,3800.0,0,1,0,0,train,0.47,2,1,1,7.0,1.0,0.0,449.14285714285717,0.14285714285714285,2.0,11400.0,5700.0,3
PH003222,AC001198,4,2,1,0,0,8.0,0.0,0.0,2.0,0.0,16.125,124.0,419.0,0.5,0.25,1.0,1.0,10.42261574074074,34.314479166666665,0.0,7.0,2.0,0.25,1.0,53200.0,61,3800.0,0,1,0,0,train,0.47,2,1,1,7.0,1.0,0.0,449.14285714285717,0.14285714285714285,2.0,11400.0,5700.0,3
PH003224,AC001200,3,0,1,0,0,17.0,0.0,0.0,1.0,0.0,28.235294117647058,5.0,58.0,0.8823529411764706,0.058823529411764705,1.0,1.0,45.155833333333334,89.34893518518518,0.0,0.0,0.0,0.058823529411764705,1.0,52500.0,39,1500.0,0,1,2,1,train,-1.0,5,0,1,-1.0,-1.0,-1.0,-1.0,-1.0,2.0,3000.0,1500.0,1
PH003225,AC001201,3,0,0,0,0,8.0,1.0,0.0,0.0,0.0,26.75,1.625,13.0,0.875,0.0,1.0,1.0,69.19674768518519,89.26818287037037,0.0,0.0,0.0,0.125,1.0,29150.0,51,2650.0,1,0,1,0,train,0.6,1,2,1,-1.0,-1.0,-1.0,-1.0,-1.0,1.0,3800.0,3800.0,3
PH003226,AC001201,0,1,1,0,0,17.0,0.0,0.0,0.0,0.0,14.352941176470589,20.88235294117647,329.0,0.8823529411764706,0.0,1.0,1.0,14.318854166666666,68.37733796296297,0.0,5.0,0.0,0.0,1.0,29150.0,51,2650.0,1,0,1,0,train,0.6,1,2,1,-1.0,-1.0,-1.0,-1.0,-1.0,1.0,3800.0,3800.0,3
PH003227,AC001201,4,2,0,0,0,3.0,0.0,0.0,0.0,0.0,20.666666666666668,0.0,0.0,1.0,0.0,1.0,1.0,0.3871759259259259,11.357233796296295,1.0,3.0,0.0,0.0,0.0,29150.0,51,2650.0,1,0,1,0,train,0.6,1,2,1,-1.0,-1.0,-1.0,-1.0,-1.0,1.0,3800.0,3800.0,3
PH003229,AC001203,3,0,0,0,0,8.0,2.0,0.0,1.0,0.0,23.625,7.25,37.0,0.75,0.125,1.0,1.0,65.445,80.41267361111112,0.0,0.0,1.0,0.375,1.0,32250.0,62,2150.0,0,3,3,1,train,0.31,1,1,1,4.0,0.0,0.0,186.5,0.0,-1.0,-1.0,-1.0,4
PH003230,AC001203,1,1,0,0,0,8.0,2.0,0.0,0.0,0.0,26.125,3.75,16.0,0.75,0.0,1.0,1.0,6.3405555555555555,64.40045138888888,1.0,1.0,1.0,0.25,1.0,32250.0,62,2150.0,0,3,3,1,train,0.31,1,1,1,4.0,0.0,0.0,186.5,0.0,-1.0,-1.0,-1.0,4
PH000574,AC001203,2,2,0,0,0,4.0,0.0,0.0,1.0,0.0,13.5,19.25,46.0,0.5,0.25,1.0,1.0,0.08703703703703704,5.351203703703704,4.0,4.0,1.0,0.25,1.0,32250.0,62,2150.0,0,3,3,1,train,0.31,1,1,1,4.0,0.0,0.0,186.5,0.0,-1.0,-1.0,-1.0,4
PH003231,AC001204,3,0,1,0,0,12.0,0.0,0.0,1.0,0.0,27.25,13.416666666666666,102.0,0.75,0.08333333333333333,1.0,1.0,14.453935185185186,82.25501157407408,0.0,4.0,0.0,0.08333333333333333,1.0,277400.0,111,14600.0,0,2,5,2,train,-1.0,2,1,0,5.0,0.0,4.0,125.4,0.0,1.0,58400.0,58400.0,3
PH003232,AC001204,1,1,0,0,0,2.0,2.0,0.0,0.0,0.0,8.5,31.5,36.0,0.0,0.0,1.0,1.0,76.3043287037037,84.33962962962963,0.0,0.0,2.0,1.0,1.0,277400.0,111,14600.0,0,2,5,2,train,-1.0,2,1,0,5.0,0.0,4.0,125.4,0.0,1.0,58400.0,58400.0,3
PH000495,AC001204,2,2,0,0,0,7.0,0.0,0.0,1.0,0.0,17.714285714285715,33.714285714285715,76.0,0.42857142857142855,0.14285714285714285,1.0,1.0,15.023842592592592,65.4034837962963,0.0,3.0,1.0,0.14285714285714285,1.0,277400.0,111,14600.0,0,2,5,2,train,-1.0,2,1,0,5.0,0.0,4.0,125.4,0.0,1.0,58400.0,58400.0,3
PH003233,AC001205,3,0,0,0,0,2.0,0.0,0.0,0.0,2.0,0.0,0.0,0.0,1.0,1.0,1.0,1.0,80.43870370370371,89.29802083333334,0.0,0.0,2.0,0.0,0.0,140250.0,0,12750.0,1,2,1,1,train,0.5,2,1,1,2.0,0.0,2.0,58.5,0.0,-1.0,-1.0,-1.0,2
PH003234,AC001205,4,1,1,0,0,26.0,2.0,0.0,4.0,0.0,19.76923076923077,46.23076923076923,143.0,0.5,0.15384615384615385,2.0,2.0,35.01869212962963,76.38761574074074,0.0,0.0,0.0,0.23076923076923078,1.0,140250.0,0,12750.0,1,2,1,1,train,0.5,2,1,1,2.0,0.0,2.0,58.5,0.0,-1.0,-1.0,-1.0,2
PH003240,AC001208,3,0,1,0,0,20.0,0.0,2.0,4.0,0.0,20.5,42.45,304.0,0.8,0.3,1.0,1.0,5.322152777777778,87.44876157407407,1.0,9.0,2.0,0.3,1.0,185650.0,59,3950.0,0,1,2,0,train,0.28,5,2,1,4.0,1.0,3.0,396.25,0.25,-1.0,-1.0,-1.0,2
PH003241,AC001208,4,1,1,0,0,9.0,0.0,0.0,1.0,0.0,28.333333333333332,24.88888888888889,127.0,0.7777777777777778,0.1111111111111111,1.0,1.0,38.412638888888885,67.27761574074074,0.0,0.0,0.0,0.1111111111111111,1.0,185650.0,59,3950.0,0,1,2,0,train,0.28,5,2,1,4.0,1.0,3.0,396.25,0.25,-1.0,-1.0,-1.0,2
PH003246,AC001211,3,0,0,0,0,16.0,0.0,13.0,3.0,0.0,0.0,0.0,0.0,1.0,1.0,2.0,2.0,13.209143518518518,88.33052083333334,0.0,8.0,5.0,1.0,0.0,100100.0,0,4550.0,1,0,0,0,train,0.55,5,1,1,-1.0,-1.0,-1.0,-1.0,-1.0,-1.0,-1.0,-1.0,3
PH003247,AC001211,4,1,1,0,0,12.0,0.0,0.0,2.0,0.0,15.25,34.25,110.0,0.5,0.16666666666666666,1.0,1.0,26.26957175925926,58.27180555555555,0.0,1.0,0.0,0.16666666666666666,1.0,100100.0,0,4550.0,1,0,0,0,train,0.55,5,1,1,-1.0,-1.0,-1.0,-1.0,-1.0,-1.0,-1.0,-1.0,3
PH003248,AC001212,3,0,1,0,0,27.0,0.0,0.0,1.0,0.0,21.25925925925926,55.18518518518518,403.0,0.7777777777777778,0.037037037037037035,1.0,1.0,2.3881944444444443,86.2541087962963,3.0,7.0,0.0,0.037037037037037035,1.0,47450.0,84,3650.0,0,1,3,3,train,0.43,5,2,1,5.0,0.0,2.0,129.4,0.0,1.0,4900.0,4900.0,1
PH003249,AC001213,3,0,1,0,0,24.0,0.0,0.0,1.0,0.0,28.75,24.833333333333332,260.0,0.7916666666666666,0.041666666666666664,1.0,1.0,3.351284722222222,89.30863425925926,4.0,10.0,0.0,0.041666666666666664,1.0,29400.0,57,2100.0,0,0,1,0,train,0.42,3,0,1,1.0,0.0,0.0,301.0,0.0,1.0,1200.0,1200.0,1
PH003250,AC001214,3,0,1,0,0,11.0,0.0,1.0,2.0,0.0,17.181818181818183,80.81818181818181,399.0,0.6363636363636364,0.2727272727272727,2.0,2.0,52.12778935185185,83.30599537037037,0.0,0.0,1.0,0.2727272727272727,1.0,32400.0,18,1200.0,1,1,0,0,train,0.69,5,0,1,-1.0,-1.0,-1.0,-1.0,-1.0,2.0,1200.0,600.0,2
PH003251,AC001214,4,1,0,0,0,-1.0,-1.0,-1.0,-1.0,-1.0,-1.0,-1.0,-1.0,-1.0,-1.0,-1.0,-1.0,-1.0,-1.0,-1.0,-1.0,-1.0,-1.0,-1.0,32400.0,18,1200.0,1,1,0,0,train,0.69,5,0,1,-1.0,-1.0,-1.0,-1.0,-1.0,2.0,1200.0,600.0,2
PH003252,AC001215,3,0,0,0,0,8.0,1.0,0.0,0.0,0.0,15.125,1.0,8.0,0.875,0.0,1.0,1.0,82.17326388888888,89.42003472222223,0.0,0.0,1.0,0.125,1.0,56000.0,244,1600.0,0,2,2,0,train,0.66,3,2,1,8.0,0.0,2.0,198.5,0.0,2.0,11300.0,5650.0,3
PH003253,AC001215,0,1,1,0,0,19.0,0.0,0.0,0.0,0.0,28.68421052631579,36.36842105263158,322.0,0.7368421052631579,0.0,1.0,1.0,3.1489351851851852,73.36913194444445,4.0,8.0,0.0,0.0,1.0,56000.0,244,1600.0,0,2,2,0,train,0.66,3,2,1,8.0,0.0,2.0,198.5,0.0,2.0,11300.0,5650.0,3
PH003254,AC001215,1,2,0,0,0,-1.0,-1.0,-1.0,-1.0,-1.0,-1.0,-1.0,-1.0,-1.0,-1.0,-1.0,-1.0,-1.0,-1.0,-1.0,-1.0,-1.0,-1.0,-1.0,56000.0,244,1600.0,0,2,2,0,train,0.66,3,2,1,8.0,0.0,2.0,198.5,0.0,2.0,11300.0,5650.0,3
PH003255,AC001216,3,0,0,0,0,19.0,0.0,0.0,1.0,0.0,24.94736842105263,48.0,395.0,0.7894736842105263,0.05263157894736842,1.0,1.0,6.4512731481481485,83.29162037037037,1.0,8.0,0.0,0.05263157894736842,1.0,784350.0,92,29050.0,0,2,3,3,train,0.47,5,2,1,8.0,2.0,0.0,604.25,0.25,1.0,40500.0,40500.0,3
PH003256,AC001216,1,1,0,0,0,3.0,0.0,3.0,0.0,0.0,0.0,0.0,0.0,1.0,1.0,1.0,1.0,2.250983796296296,4.270798611111111,3.0,3.0,3.0,1.0,0.0,784350.0,92,29050.0,0,2,3,3,train,0.47,5,2,1,8.0,2.0,0.0,604.25,0.25,1.0,40500.0,40500.0,3
PH003257,AC001216,4,2,0,0,0,-1.0,-1.0,-1.0,-1.0,-1.0,-1.0,-1.0,-1.0,-1.0,-1.0,-1.0,-1.0,-1.0,-1.0,-1.0,-1.0,-1.0,-1.0,-1.0,784350.0,92,29050.0,0,2,3,3,train,0.47,5,2,1,8.0,2.0,0.0,604.25,0.25,1.0,40500.0,40500.0,3
PH003260,AC001218,3,0,1,0,0,7.0,0.0,0.0,0.0,0.0,20.0,61.714285714285715,353.0,0.5714285714285714,0.0,1.0,1.0,34.42412037037037,87.36565972222222,0.0,0.0,0.0,0.0,1.0,205400.0,139,3950.0,0,1,4,3,train,0.62,1,0,0,5.0,0.0,0.0,225.0,0.0,1.0,19750.0,19750.0,2
PH003261,AC001218,4,1,1,0,0,3.0,0.0,0.0,0.0,0.0,15.333333333333334,32.666666666666664,44.0,0.0,0.0,1.0,1.0,57.42822916666667,68.25630787037036,0.0,0.0,0.0,0.0,1.0,205400.0,139,3950.0,0,1,4,3,train,0.62,1,0,0,5.0,0.0,0.0,225.0,0.0,1.0,19750.0,19750.0,2
PH003262,AC001219,3,0,0,0,0,3.0,0.0,0.0,0.0,0.0,26.0,0.0,0.0,1.0,0.0,1.0,1.0,80.44818287037037,86.42217592592593,0.0,0.0,0.0,0.0,0.0,112800.0,163,2400.0,0,4,1,0,train,-1.0,5,1,1,2.0,1.0,0.0,130.0,0.5,1.0,14400.0,14400.0,3
PH003263,AC001219,0,1,0,0,0,-1.0,-1.0,-1.0,-1.0,-1.0,-1.0,-1.0,-1.0,-1.0,-1.0,-1.0,-1.0,-1.0,-1.0,-1.0,-1.0,-1.0,-1.0,-1.0,112800.0,163,2400.0,0,4,1,0,train,-1.0,5,1,1,2.0,1.0,0.0,130.0,0.5,1.0,14400.0,14400.0,3
PH003264,AC001219,1,2,1,0,0,-1.0,-1.0,-1.0,-1.0,-1.0,-1.0,-1.0,-1.0,-1.0,-1.0,-1.0,-1.0,-1.0,-1.0,-1.0,-1.0,-1.0,-1.0,-1.0,112800.0,163,2400.0,0,4,1,0,train,-1.0,5,1,1,2.0,1.0,0.0,130.0,0.5,1.0,14400.0,14400.0,3
PH003265,AC001220,3,0,1,0,0,15.0,0.0,0.0,2.0,0.0,16.466666666666665,38.733333333333334,299.0,0.6666666666666666,0.13333333333333333,2.0,2.0,22.24164351851852,88.31054398148149,0.0,7.0,1.0,0.13333333333333333,1.0,190050.0,0,9050.0,4,1,0,0,train,0.48,0,1,1,-1.0,-1.0,-1.0,-1.0,-1.0,1.0,9050.0,9050.0,2
PH003266,AC001220,4,1,0,1,0,8.0,0.0,0.0,1.0,0.0,28.875,7.125,57.0,0.875,0.125,1.0,1.0,29.38292824074074,58.404212962962966,0.0,1.0,0.0,0.125,1.0,190050.0,0,9050.0,4,1,0,0,train,0.48,0,1,1,-1.0,-1.0,-1.0,-1.0,-1.0,1.0,9050.0,9050.0,2
PH003268,AC001222,3,0,1,0,0,8.0,0.0,0.0,0.0,0.0,25.25,80.0,329.0,0.5,0.0,1.0,1.0,74.16733796296296,87.30464120370371,0.0,0.0,0.0,0.0,1.0,112800.0,60,4700.0,0,1,3,1,train,-1.0,5,1,1,-1.0,-1.0,-1.0,-1.0,-1.0,1.0,9400.0,9400.0,3
PH003269,AC001222,1,1,0,0,0,-1.0,-1.0,-1.0,-1.0,-1.0,-1.0,-1.0,-1.0,-1.0,-1.0,-1.0,-1.0,-1.0,-1.0,-1.0,-1.0,-1.0,-1.0,-1.0,112800.0,60,4700.0,0,1,3,1,train,-1.0,5,1,1,-1.0,-1.0,-1.0,-1.0,-1.0,1.0,9400.0,9400.0,3
PH003270,AC001222,4,2,0,0,0,-1.0,-1.0,-1.0,-1.0,-1.0,-1.0,-1.0,-1.0,-1.0,-1.0,-1.0,-1.0,-1.0,-1.0,-1.0,-1.0,-1.0,-1.0,-1.0,112800.0,60,4700.0,0,1,3,1,train,-1.0,5,1,1,-1.0,-1.0,-1.0,-1.0,-1.0,1.0,9400.0,9400.0,3
PH003273,AC001224,3,0,1,0,0,12.0,0.0,0.0,0.0,0.0,30.916666666666668,10.5,91.0,0.8333333333333334,0.0,1.0,1.0,46.27708333333333,89.36511574074073,0.0,0.0,0.0,0.0,1.0,57500.0,292,1150.0,0,2,5,2,train,0.11,3,0,1,3.0,0.0,0.0,263.6666666666667,0.0,1.0,11500.0,11500.0,1
PH000195,AC001225,3,0,1,0,0,4.0,0.0,0.0,0.0,0.0,19.75,43.75,110.0,0.25,0.0,1.0,1.0,79.13032407407407,87.43089120370371,0.0,0.0,0.0,0.0,1.0,121000.0,40,11000.0,2,1,2,2,train,0.62,0,2,1,-1.0,-1.0,-1.0,-1.0,-1.0,1.0,22000.0,22000.0,3
PH003274,AC001225,1,1,0,0,0,-1.0,-1.0,-1.0,-1.0,-1.0,-1.0,-1.0,-1.0,-1.0,-1.0,-1.0,-1.0,-1.0,-1.0,-1.0,-1.0,-1.0,-1.0,-1.0,121000.0,40,11000.0,2,1,2,2,train,0.62,0,2,1,-1.0,-1.0,-1.0,-1.0,-1.0,1.0,22000.0,22000.0,3
PH003275,AC001225,4,2,0,0,0,-1.0,-1.0,-1.0,-1.0,-1.0,-1.0,-1.0,-1.0,-1.0,-1.0,-1.0,-1.0,-1.0,-1.0,-1.0,-1.0,-1.0,-1.0,-1.0,121000.0,40,11000.0,2,1,2,2,train,0.62,0,2,1,-1.0,-1.0,-1.0,-1.0,-1.0,1.0,22000.0,22000.0,3
PH003276,AC001226,3,0,0,0,0,10.0,2.0,8.0,0.0,0.0,1.7,4.7,36.0,0.8,0.8,2.0,2.0,32.413645833333334,88.33002314814814,0.0,0.0,5.0,1.0,1.0,48000.0,0,3000.0,0,3,0,0,train,0.41,5,1,1,2.0,0.0,0.0,159.5,0.0,-1.0,-1.0,-1.0,4
PH003277,AC001226,1,1,0,0,0,14.0,2.0,7.0,1.0,0.0,13.071428571428571,2.2857142857142856,21.0,0.8571428571428571,0.5714285714285714,1.0,1.0,24.447858796296295,56.432881944444446,0.0,5.0,5.0,0.7142857142857143,1.0,48000.0,0,3000.0,0,3,0,0,train,0.41,5,1,1,2.0,0.0,0.0,159.5,0.0,-1.0,-1.0,-1.0,4
PH003278,AC001226,4,2,1,0,0,9.0,0.0,0.0,0.0,0.0,30.555555555555557,20.88888888888889,103.0,0.7777777777777778,0.0,1.0,1.0,4.1608680555555555,21.423657407407408,2.0,9.0,0.0,0.0,1.0,48000.0,0,3000.0,0,3,0,0,train,0.41,5,1,1,2.0,0.0,0.0,159.5,0.0,-1.0,-1.0,-1.0,4
PH003283,AC001228,3,0,1,0,0,30.0,0.0,0.0,2.0,0.0,26.466666666666665,52.1,388.0,0.7,0.06666666666666667,1.0,1.0,2.3471527777777776,86.36590277777778,3.0,8.0,0.0,0.06666666666666667,1.0,48000.0,72,2000.0,0,2,5,2,train,0.51,5,2,1,2.0,1.0,0.0,471.0,0.5,3.0,5200.0,1733.3333333333333,2
PH003284,AC001228,4,1,0,0,0,-1.0,-1.0,-1.0,-1.0,-1.0,-1.0,-1.0,-1.0,-1.0,-1.0,-1.0,-1.0,-1.0,-1.0,-1.0,-1.0,-1.0,-1.0,-1.0,48000.0,72,2000.0,0,2,5,2,train,0.51,5,2,1,2.0,1.0,0.0,471.0,0.5,3.0,5200.0,1733.3333333333333,2
PH003285,AC001229,3,0,1,0,0,25.0,0.0,0.0,0.0,0.0,23.88,113.08,380.0,0.48,0.0,2.0,2.0,2.302326388888889,89.32731481481481,2.0,14.0,0.0,0.0,1.0,432000.0,19,12000.0,0,1,1,1,train,0.24,4,2,1,2.0,2.0,0.0,1099.5,1.0,1.0,6800.0,6800.0,2
PH003286,AC001229,1,1,0,0,0,-1.0,-1.0,-1.0,-1.0,-1.0,-1.0,-1.0,-1.0,-1.0,-1.0,-1.0,-1.0,-1.0,-1.0,-1.0,-1.0,-1.0,-1.0,-1.0,432000.0,19,12000.0,0,1,1,1,train,0.24,4,2,1,2.0,2.0,0.0,1099.5,1.0,1.0,6800.0,6800.0,2
PH003287,AC001230,3,0,1,0,0,7.0,0.0,0.0,0.0,0.0,23.0,29.142857142857142,131.0,0.5714285714285714,0.0,2.0,2.0,47.452974537037036,89.38372685185185,0.0,0.0,0.0,0.0,1.0,124000.0,0,3100.0,4,1,0,0,train,1.0,5,1,1,-1.0,-1.0,-1.0,-1.0,-1.0,2.0,3100.0,1550.0,3
PH000601,AC001230,2,1,0,0,0,-1.0,-1.0,-1.0,-1.0,-1.0,-1.0,-1.0,-1.0,-1.0,-1.0,-1.0,-1.0,-1.0,-1.0,-1.0,-1.0,-1.0,-1.0,-1.0,124000.0,0,3100.0,4,1,0,0,train,1.0,5,1,1,-1.0,-1.0,-1.0,-1.0,-1.0,2.0,3100.0,1550.0,3
PH003288,AC001230,4,2,0,0,0,-1.0,-1.0,-1.0,-1.0,-1.0,-1.0,-1.0,-1.0,-1.0,-1.0,-1.0,-1.0,-1.0,-1.0,-1.0,-1.0,-1.0,-1.0,-1.0,124000.0,0,3100.0,4,1,0,0,train,1.0,5,1,1,-1.0,-1.0,-1.0,-1.0,-1.0,2.0,3100.0,1550.0,3
PH003289,AC001231,3,0,1,0,0,9.0,0.0,0.0,0.0,0.0,28.77777777777778,6.222222222222222,56.0,0.8888888888888888,0.0,2.0,2.0,60.10251157407407,88.30446759259259,0.0,0.0,0.0,0.0,1.0,120400.0,16,2800.0,1,1,0,0,train,-1.0,5,2,1,-1.0,-1.0,-1.0,-1.0,-1.0,1.0,2800.0,2800.0,2
PH003290,AC001231,1,1,0,0,0,3.0,2.0,0.0,0.0,0.0,10.333333333333334,13.0,27.0,0.3333333333333333,0.0,1.0,1.0,60.44103009259259,69.40655092592593,0.0,0.0,2.0,0.6666666666666666,1.0,120400.0,16,2800.0,1,1,0,0,train,-1.0,5,2,1,-1.0,-1.0,-1.0,-1.0,-1.0,1.0,2800.0,2800.0,2
PH003292,AC001233,3,0,1,0,0,11.0,1.0,0.0,2.0,0.0,14.727272727272727,30.272727272727273,291.0,0.7272727272727273,0.18181818181818182,2.0,2.0,14.362268518518519,84.24998842592592,0.0,3.0,2.0,0.2727272727272727,1.0,24000.0,0,2400.0,1,2,0,0,train,0.38,5,2,1,-1.0,-1.0,-1.0,-1.0,-1.0,1.0,2400.0,2400.0,2
PH003293,AC001233,4,1,0,0,0,8.0,0.0,0.0,0.0,0.0,23.625,60.75,147.0,0.375,0.0,1.0,1.0,19.354305555555555,35.312789351851855,0.0,5.0,0.0,0.0,1.0,24000.0,0,2400.0,1,2,0,0,train,0.38,5,2,1,-1.0,-1.0,-1.0,-1.0,-1.0,1.0,2400.0,2400.0,2
PH003296,AC001235,3,0,1,0,0,30.0,0.0,0.0,2.0,0.0,23.5,70.26666666666667,396.0,0.6,0.06666666666666667,2.0,2.0,0.4540162037037037,86.35648148148148,3.0,8.0,0.0,0.06666666666666667,1.0,68800.0,0,2150.0,3,2,0,0,train,0.29,3,0,1,-1.0,-1.0,-1.0,-1.0,-1.0,1.0,1600.0,1600.0,2
PH003297,AC001235,4,1,0,0,0,-1.0,-1.0,-1.0,-1.0,-1.0,-1.0,-1.0,-1.0,-1.0,-1.0,-1.0,-1.0,-1.0,-1.0,-1.0,-1.0,-1.0,-1.0,-1.0,68800.0,0,2150.0,3,2,0,0,train,0.29,3,0,1,-1.0,-1.0,-1.0,-1.0,-1.0,1.0,1600.0,1600.0,2
PH003303,AC001238,3,0,1,0,0,3.0,0.0,0.0,0.0,0.0,17.333333333333332,14.666666666666666,44.0,0.6666666666666666,0.0,2.0,2.0,74.01920138888889,76.24971064814815,0.0,0.0,0.0,0.0,1.0,403100.0,0,13900.0,4,1,0,0,train,0.71,2,2,1,-1.0,-1.0,-1.0,-1.0,-1.0,1.0,13900.0,13900.0,2
PH003304,AC001238,4,1,0,0,0,-1.0,-1.0,-1.0,-1.0,-1.0,-1.0,-1.0,-1.0,-1.0,-1.0,-1.0,-1.0,-1.0,-1.0,-1.0,-1.0,-1.0,-1.0,-1.0,403100.0,0,13900.0,4,1,0,0,train,0.71,2,2,1,-1.0,-1.0,-1.0,-1.0,-1.0,1.0,13900.0,13900.0,2
PH003305,AC001239,3,0,0,0,0,8.0,2.0,0.0,0.0,0.0,27.5,4.25,26.0,0.75,0.0,1.0,1.0,77.36726851851851,86.42825231481481,0.0,0.0,1.0,0.25,1.0,142800.0,71,5950.0,1,2,3,1,train,-1.0,0,1,1,7.0,2.0,2.0,341.0,0.2857142857142857,-1.0,-1.0,-1.0,2
PH003306,AC001239,1,1,0,0,0,3.0,2.0,0.0,0.0,0.0,14.333333333333334,12.333333333333334,22.0,0.3333333333333333,0.0,1.0,1.0,72.44974537037037,77.02440972222222,0.0,0.0,2.0,0.6666666666666666,1.0,142800.0,71,5950.0,1,2,3,1,train,-1.0,0,1,1,7.0,2.0,2.0,341.0,0.2857142857142857,-1.0,-1.0,-1.0,2
PH003307,AC001240,3,0,1,0,0,5.0,0.0,0.0,0.0,0.0,24.6,15.4,46.0,0.6,0.0,2.0,2.0,68.28908564814814,83.38912037037036,0.0,0.0,0.0,0.0,1.0,95550.0,3,7350.0,1,1,0,0,train,0.36,0,1,1,-1.0,-1.0,-1.0,-1.0,-1.0,1.0,7350.0,7350.0,3
PH003308,AC001240,1,1,0,0,0,-1.0,-1.0,-1.0,-1.0,-1.0,-1.0,-1.0,-1.0,-1.0,-1.0,-1.0,-1.0,-1.0,-1.0,-1.0,-1.0,-1.0,-1.0,-1.0,95550.0,3,7350.0,1,1,0,0,train,0.36,0,1,1,-1.0,-1.0,-1.0,-1.0,-1.0,1.0,7350.0,7350.0,3
PH003309,AC001240,4,2,0,0,0,-1.0,-1.0,-1.0,-1.0,-1.0,-1.0,-1.0,-1.0,-1.0,-1.0,-1.0,-1.0,-1.0,-1.0,-1.0,-1.0,-1.0,-1.0,-1.0,95550.0,3,7350.0,1,1,0,0,train,0.36,0,1,1,-1.0,-1.0,-1.0,-1.0,-1.0,1.0,7350.0,7350.0,3
PH003310,AC001241,3,0,1,0,0,23.0,0.0,0.0,2.0,0.0,22.47826086956522,53.47826086956522,329.0,0.6521739130434783,0.08695652173913043,2.0,2.0,21.20707175925926,87.32082175925926,0.0,6.0,0.0,0.08695652173913043,1.0,100800.0,9,2100.0,1,1,1,1,train,0.42,0,2,1,-1.0,-1.0,-1.0,-1.0,-1.0,1.0,2100.0,2100.0,2
PH003311,AC001241,0,1,0,0,0,-1.0,-1.0,-1.0,-1.0,-1.0,-1.0,-1.0,-1.0,-1.0,-1.0,-1.0,-1.0,-1.0,-1.0,-1.0,-1.0,-1.0,-1.0,-1.0,100800.0,9,2100.0,1,1,1,1,train,0.42,0,2,1,-1.0,-1.0,-1.0,-1.0,-1.0,1.0,2100.0,2100.0,2
PH003312,AC001242,3,0,0,0,0,8.0,0.0,0.0,1.0,0.0,20.625,0.0,0.0,1.0,0.125,1.0,1.0,65.21790509259259,82.34495370370371,0.0,0.0,1.0,0.125,0.0,43200.0,42,1600.0,0,3,0,0,train,0.6,2,0,1,-1.0,-1.0,-1.0,-1.0,-1.0,3.0,2100.0,700.0,2
PH003313,AC001242,4,1,1,0,0,12.0,0.0,0.0,0.0,0.0,26.25,28.416666666666668,145.0,0.5833333333333334,0.0,1.0,1.0,6.001134259259259,63.44469907407407,2.0,4.0,0.0,0.0,1.0,43200.0,42,1600.0,0,3,0,0,train,0.6,2,0,1,-1.0,-1.0,-1.0,-1.0,-1.0,3.0,2100.0,700.0,2
PH003314,AC001243,3,0,1,0,0,33.0,0.0,0.0,0.0,0.0,26.333333333333332,51.93939393939394,394.0,0.7272727272727273,0.0,2.0,2.0,0.1018287037037037,88.30136574074074,3.0,12.0,0.0,0.0,1.0,62700.0,0,2850.0,1,1,0,0,train,-1.0,1,1,1,-1.0,-1.0,-1.0,-1.0,-1.0,-1.0,-1.0,-1.0,2
PH003315,AC001243,1,1,0,0,0,-1.0,-1.0,-1.0,-1.0,-1.0,-1.0,-1.0,-1.0,-1.0,-1.0,-1.0,-1.0,-1.0,-1.0,-1.0,-1.0,-1.0,-1.0,-1.0,62700.0,0,2850.0,1,1,0,0,train,-1.0,1,1,1,-1.0,-1.0,-1.0,-1.0,-1.0,-1.0,-1.0,-1.0,2
PH003316,AC001244,3,0,1,0,0,24.0,0.0,0.0,1.0,0.0,23.125,64.83333333333333,369.0,0.7083333333333334,0.041666666666666664,2.0,2.0,23.206944444444446,84.29873842592593,0.0,8.0,0.0,0.041666666666666664,1.0,487600.0,0,10600.0,2,3,0,0,train,0.73,0,1,1,-1.0,-1.0,-1.0,-1.0,-1.0,1.0,6500.0,6500.0,2
PH003317,AC001244,0,1,1,0,0,11.0,0.0,0.0,0.0,0.0,26.454545454545453,22.09090909090909,135.0,0.7272727272727273,0.0,1.0,1.0,0.36395833333333333,20.41849537037037,8.0,11.0,0.0,0.0,1.0,487600.0,0,10600.0,2,3,0,0,train,0.73,0,1,1,-1.0,-1.0,-1.0,-1.0,-1.0,1.0,6500.0,6500.0,2
PH003324,AC001248,3,0,1,0,0,15.0,0.0,0.0,0.0,0.0,26.333333333333332,52.46666666666667,332.0,0.7333333333333333,0.0,1.0,1.0,40.41533564814815,80.44685185185185,0.0,0.0,0.0,0.0,1.0,213400.0,168,4850.0,0,3,3,1,train,0.33,0,1,1,5.0,0.0,0.0,163.2,0.0,1.0,29100.0,29100.0,3
PH003325,AC001248,0,1,0,0,0,-1.0,-1.0,-1.0,-1.0,-1.0,-1.0,-1.0,-1.0,-1.0,-1.0,-1.0,-1.0,-1.0,-1.0,-1.0,-1.0,-1.0,-1.0,-1.0,213400.0,168,4850.0,0,3,3,1,train,0.33,0,1,1,5.0,0.0,0.0,163.2,0.0,1.0,29100.0,29100.0,3
PH003326,AC001248,4,2,0,0,0,-1.0,-1.0,-1.0,-1.0,-1.0,-1.0,-1.0,-1.0,-1.0,-1.0,-1.0,-1.0,-1.0,-1.0,-1.0,-1.0,-1.0,-1.0,-1.0,213400.0,168,4850.0,0,3,3,1,train,0.33,0,1,1,5.0,0.0,0.0,163.2,0.0,1.0,29100.0,29100.0,3
PH003327,AC001249,3,0,0,0,0,8.0,0.0,2.0,6.0,0.0,0.0,0.0,0.0,1.0,1.0,2.0,2.0,61.40699074074074,88.28376157407408,0.0,0.0,5.0,1.0,0.0,39000.0,27,1950.0,0,2,0,0,train,-1.0,3,0,1,2.0,0.0,0.0,297.0,0.0,-1.0,-1.0,-1.0,2
PH003328,AC001249,0,1,1,0,0,15.0,0.0,0.0,0.0,0.0,25.066666666666666,22.2,227.0,0.8,0.0,1.0,1.0,4.197210648148148,52.351527777777775,2.0,8.0,0.0,0.0,1.0,39000.0,27,1950.0,0,2,0,0,train,-1.0,3,0,1,2.0,0.0,0.0,297.0,0.0,-1.0,-1.0,-1.0,2
PH003332,AC001251,3,0,1,0,0,13.0,0.0,1.0,1.0,0.0,22.384615384615383,7.230769230769231,59.0,0.8461538461538461,0.15384615384615385,1.0,1.0,10.317685185185185,88.27006944444445,0.0,5.0,2.0,0.15384615384615385,1.0,156000.0,149,12000.0,0,5,1,0,train,0.56,2,1,1,9.0,1.0,3.0,295.8888888888889,0.1111111111111111,-1.0,-1.0,-1.0,1
PH003336,AC001253,3,0,1,0,0,10.0,0.0,0.0,1.0,0.0,25.2,32.8,272.0,0.7,0.1,1.0,1.0,48.452534722222225,87.35212962962963,0.0,0.0,0.0,0.1,1.0,162000.0,65,3600.0,0,2,3,2,train,-1.0,2,0,1,3.0,1.0,1.0,438.6666666666667,0.3333333333333333,1.0,10800.0,10800.0,3
PH003337,AC001253,0,1,0,0,0,-1.0,-1.0,-1.0,-1.0,-1.0,-1.0,-1.0,-1.0,-1.0,-1.0,-1.0,-1.0,-1.0,-1.0,-1.0,-1.0,-1.0,-1.0,-1.0,162000.0,65,3600.0,0,2,3,2,train,-1.0,2,0,1,3.0,1.0,1.0,438.6666666666667,0.3333333333333333,1.0,10800.0,10800.0,3
PH003338,AC001253,4,2,0,0,0,-1.0,-1.0,-1.0,-1.0,-1.0,-1.0,-1.0,-1.0,-1.0,-1.0,-1.0,-1.0,-1.0,-1.0,-1.0,-1.0,-1.0,-1.0,-1.0,162000.0,65,3600.0,0,2,3,2,train,-1.0,2,0,1,3.0,1.0,1.0,438.6666666666667,0.3333333333333333,1.0,10800.0,10800.0,3
PH003347,AC001257,3,0,1,0,0,23.0,0.0,0.0,4.0,0.0,25.52173913043478,35.91304347826087,369.0,0.782608695652174,0.17391304347826086,2.0,2.0,7.196527777777778,89.40806712962963,0.0,7.0,0.0,0.17391304347826086,1.0,110400.0,0,2300.0,0,0,0,0,train,-1.0,1,2,1,2.0,0.0,1.0,62.0,0.0,-1.0,-1.0,-1.0,2
PH003348,AC001257,4,1,0,0,0,-1.0,-1.0,-1.0,-1.0,-1.0,-1.0,-1.0,-1.0,-1.0,-1.0,-1.0,-1.0,-1.0,-1.0,-1.0,-1.0,-1.0,-1.0,-1.0,110400.0,0,2300.0,0,0,0,0,train,-1.0,1,2,1,2.0,0.0,1.0,62.0,0.0,-1.0,-1.0,-1.0,2
PH003349,AC001258,3,0,0,0,0,8.0,0.0,0.0,0.0,0.0,36.625,0.0,0.0,1.0,0.0,1.0,1.0,53.2574537037037,86.31318287037037,0.0,0.0,0.0,0.0,0.0,55650.0,216,2650.0,0,1,3,3,train,0.86,5,1,1,8.0,3.0,1.0,377.25,0.375,-1.0,-1.0,-1.0,3
PH003350,AC001258,0,1,1,0,0,9.0,0.0,0.0,0.0,0.0,21.666666666666668,122.77777777777777,358.0,0.3333333333333333,0.0,1.0,1.0,3.1046180555555556,53.176261574074076,2.0,6.0,0.0,0.0,1.0,55650.0,216,2650.0,0,1,3,3,train,0.86,5,1,1,8.0,3.0,1.0,377.25,0.375,-1.0,-1.0,-1.0,3
PH000272,AC001258,2,2,0,0,0,-1.0,-1.0,-1.0,-1.0,-1.0,-1.0,-1.0,-1.0,-1.0,-1.0,-1.0,-1.0,-1.0,-1.0,-1.0,-1.0,-1.0,-1.0,-1.0,55650.0,216,2650.0,0,1,3,3,train,0.86,5,1,1,8.0,3.0,1.0,377.25,0.375,-1.0,-1.0,-1.0,3
PH003355,AC001260,3,0,0,0,0,8.0,0.0,0.0,0.0,0.0,32.25,0.0,0.0,1.0,0.0,1.0,1.0,67.25327546296296,86.37459490740741,0.0,0.0,0.0,0.0,0.0,823200.0,53,16800.0,0,3,1,0,train,0.41,2,1,1,1.0,1.0,0.0,1405.0,1.0,1.0,33600.0,33600.0,4
PH003356,AC001260,0,1,0,0,0,6.0,0.0,0.0,0.0,0.0,35.166666666666664,0.0,0.0,1.0,0.0,1.0,1.0,53.28275462962963,61.30971064814815,0.0,0.0,0.0,0.0,0.0,823200.0,53,16800.0,0,3,1,0,train,0.41,2,1,1,1.0,1.0,0.0,1405.0,1.0,1.0,33600.0,33600.0,4
PH003357,AC001260,1,2,0,0,0,-1.0,-1.0,-1.0,-1.0,-1.0,-1.0,-1.0,-1.0,-1.0,-1.0,-1.0,-1.0,-1.0,-1.0,-1.0,-1.0,-1.0,-1.0,-1.0,823200.0,53,16800.0,0,3,1,0,train,0.41,2,1,1,1.0,1.0,0.0,1405.0,1.0,1.0,33600.0,33600.0,4
PH003358,AC001260,4,3,0,0,0,-1.0,-1.0,-1.0,-1.0,-1.0,-1.0,-1.0,-1.0,-1.0,-1.0,-1.0,-1.0,-1.0,-1.0,-1.0,-1.0,-1.0,-1.0,-1.0,823200.0,53,16800.0,0,3,1,0,train,0.41,2,1,1,1.0,1.0,0.0,1405.0,1.0,1.0,33600.0,33600.0,4
PH003362,AC001262,3,0,1,0,0,23.0,0.0,0.0,2.0,0.0,25.17391304347826,50.04347826086956,410.0,0.6521739130434783,0.08695652173913043,2.0,2.0,5.453275462962963,84.3608912037037,1.0,7.0,1.0,0.08695652173913043,1.0,123250.0,6,4250.0,1,3,0,0,train,0.26,1,2,1,-1.0,-1.0,-1.0,-1.0,-1.0,2.0,3300.0,1650.0,3
PH003363,AC001262,0,1,0,0,0,-1.0,-1.0,-1.0,-1.0,-1.0,-1.0,-1.0,-1.0,-1.0,-1.0,-1.0,-1.0,-1.0,-1.0,-1.0,-1.0,-1.0,-1.0,-1.0,123250.0,6,4250.0,1,3,0,0,train,0.26,1,2,1,-1.0,-1.0,-1.0,-1.0,-1.0,2.0,3300.0,1650.0,3
PH003364,AC001262,4,2,0,0,0,-1.0,-1.0,-1.0,-1.0,-1.0,-1.0,-1.0,-1.0,-1.0,-1.0,-1.0,-1.0,-1.0,-1.0,-1.0,-1.0,-1.0,-1.0,-1.0,123250.0,6,4250.0,1,3,0,0,train,0.26,1,2,1,-1.0,-1.0,-1.0,-1.0,-1.0,2.0,3300.0,1650.0,3
PH003365,AC001263,3,0,0,0,0,8.0,0.0,0.0,0.0,0.0,36.125,0.0,0.0,1.0,0.0,2.0,2.0,62.43875,84.4101388888889,0.0,0.0,0.0,0.0,0.0,390000.0,0,15600.0,0,1,0,0,train,0.22,0,1,1,1.0,0.0,1.0,104.0,0.0,1.0,6200.0,6200.0,4
PH003366,AC001263,0,1,1,0,0,20.0,0.0,1.0,3.0,0.0,18.8,58.8,420.0,0.7,0.2,2.0,2.0,21.30761574074074,61.42798611111111,0.0,5.0,2.0,0.2,1.0,390000.0,0,15600.0,0,1,0,0,train,0.22,0,1,1,1.0,0.0,1.0,104.0,0.0,1.0,6200.0,6200.0,4
PH003367,AC001263,1,2,1,0,0,9.0,0.0,0.0,0.0,0.0,29.555555555555557,32.77777777777778,204.0,0.6666666666666666,0.0,1.0,1.0,2.407141203703704,21.079733796296296,3.0,9.0,0.0,0.0,1.0,390000.0,0,15600.0,0,1,0,0,train,0.22,0,1,1,1.0,0.0,1.0,104.0,0.0,1.0,6200.0,6200.0,4
PH003368,AC001263,4,3,0,0,0,-1.0,-1.0,-1.0,-1.0,-1.0,-1.0,-1.0,-1.0,-1.0,-1.0,-1.0,-1.0,-1.0,-1.0,-1.0,-1.0,-1.0,-1.0,-1.0,390000.0,0,15600.0,0,1,0,0,train,0.22,0,1,1,1.0,0.0,1.0,104.0,0.0,1.0,6200.0,6200.0,4
PH003372,AC001265,3,0,0,0,0,6.0,0.0,0.0,0.0,0.0,38.666666666666664,0.0,0.0,1.0,0.0,1.0,1.0,66.43071759259259,77.39814814814815,0.0,0.0,0.0,0.0,0.0,72200.0,33,3800.0,1,2,3,1,train,0.45,1,1,0,-1.0,-1.0,-1.0,-1.0,-1.0,1.0,7600.0,7600.0,2
PH003373,AC001265,0,1,0,0,0,6.0,0.0,0.0,3.0,0.0,13.5,0.0,0.0,1.0,0.5,1.0,1.0,65.99788194444444,89.3878125,0.0,0.0,3.0,0.5,0.0,72200.0,33,3800.0,1,2,3,1,train,0.45,1,1,0,-1.0,-1.0,-1.0,-1.0,-1.0,1.0,7600.0,7600.0,2
PH003374,AC001266,3,0,1,0,0,19.0,0.0,0.0,2.0,0.0,22.894736842105264,19.68421052631579,344.0,0.8947368421052632,0.10526315789473684,1.0,1.0,13.390891203703704,84.40434027777778,0.0,7.0,1.0,0.10526315789473684,1.0,1738000.0,289,39500.0,0,1,7,3,train,-1.0,5,2,1,-1.0,-1.0,-1.0,-1.0,-1.0,1.0,182600.0,182600.0,2
PH003375,AC001266,1,1,0,0,0,9.0,0.0,7.0,2.0,0.0,0.0,0.0,0.0,1.0,1.0,1.0,1.0,13.09025462962963,65.27118055555556,0.0,1.0,5.0,1.0,0.0,1738000.0,289,39500.0,0,1,7,3,train,-1.0,5,2,1,-1.0,-1.0,-1.0,-1.0,-1.0,1.0,182600.0,182600.0,2
PH003376,AC001267,3,0,1,0,0,27.0,0.0,0.0,2.0,0.0,22.296296296296298,69.37037037037037,404.0,0.5555555555555556,0.07407407407407407,2.0,2.0,10.091504629629629,89.25751157407407,0.0,6.0,1.0,0.07407407407407407,1.0,745200.0,13,16200.0,1,3,0,0,train,0.75,0,1,1,1.0,0.0,1.0,130.0,0.0,3.0,16200.0,5400.0,3
PH003377,AC001267,0,1,0,0,0,-1.0,-1.0,-1.0,-1.0,-1.0,-1.0,-1.0,-1.0,-1.0,-1.0,-1.0,-1.0,-1.0,-1.0,-1.0,-1.0,-1.0,-1.0,-1.0,745200.0,13,16200.0,1,3,0,0,train,0.75,0,1,1,1.0,0.0,1.0,130.0,0.0,3.0,16200.0,5400.0,3
PH003378,AC001267,1,2,0,0,0,-1.0,-1.0,-1.0,-1.0,-1.0,-1.0,-1.0,-1.0,-1.0,-1.0,-1.0,-1.0,-1.0,-1.0,-1.0,-1.0,-1.0,-1.0,-1.0,745200.0,13,16200.0,1,3,0,0,train,0.75,0,1,1,1.0,0.0,1.0,130.0,0.0,3.0,16200.0,5400.0,3
PH003382,AC001269,3,0,1,0,0,2.0,0.0,0.0,0.0,0.0,14.5,38.5,47.0,0.0,0.0,2.0,2.0,76.37946759259259,83.34050925925926,0.0,0.0,0.0,0.0,1.0,52500.0,19,3500.0,1,1,2,2,train,0.57,2,2,1,-1.0,-1.0,-1.0,-1.0,-1.0,2.0,3500.0,1750.0,4
PH003383,AC001269,0,1,0,0,0,-1.0,-1.0,-1.0,-1.0,-1.0,-1.0,-1.0,-1.0,-1.0,-1.0,-1.0,-1.0,-1.0,-1.0,-1.0,-1.0,-1.0,-1.0,-1.0,52500.0,19,3500.0,1,1,2,2,train,0.57,2,2,1,-1.0,-1.0,-1.0,-1.0,-1.0,2.0,3500.0,1750.0,4
PH003384,AC001269,1,2,0,0,0,-1.0,-1.0,-1.0,-1.0,-1.0,-1.0,-1.0,-1.0,-1.0,-1.0,-1.0,-1.0,-1.0,-1.0,-1.0,-1.0,-1.0,-1.0,-1.0,52500.0,19,3500.0,1,1,2,2,train,0.57,2,2,1,-1.0,-1.0,-1.0,-1.0,-1.0,2.0,3500.0,1750.0,4
PH003385,AC001269,4,3,0,1,0,-1.0,-1.0,-1.0,-1.0,-1.0,-1.0,-1.0,-1.0,-1.0,-1.0,-1.0,-1.0,-1.0,-1.0,-1.0,-1.0,-1.0,-1.0,-1.0,52500.0,19,3500.0,1,1,2,2,train,0.57,2,2,1,-1.0,-1.0,-1.0,-1.0,-1.0,2.0,3500.0,1750.0,4
PH003386,AC001270,3,0,1,0,0,5.0,0.0,0.0,1.0,0.0,7.0,152.6,420.0,0.4,0.2,1.0,1.0,82.32364583333333,89.38802083333333,0.0,0.0,1.0,0.2,1.0,122450.0,18,3950.0,3,1,0,0,train,0.8,1,0,1,-1.0,-1.0,-1.0,-1.0,-1.0,1.0,3950.0,3950.0,4
PH003387,AC001270,0,1,0,0,0,-1.0,-1.0,-1.0,-1.0,-1.0,-1.0,-1.0,-1.0,-1.0,-1.0,-1.0,-1.0,-1.0,-1.0,-1.0,-1.0,-1.0,-1.0,-1.0,122450.0,18,3950.0,3,1,0,0,train,0.8,1,0,1,-1.0,-1.0,-1.0,-1.0,-1.0,1.0,3950.0,3950.0,4
PH003388,AC001270,1,2,0,0,0,-1.0,-1.0,-1.0,-1.0,-1.0,-1.0,-1.0,-1.0,-1.0,-1.0,-1.0,-1.0,-1.0,-1.0,-1.0,-1.0,-1.0,-1.0,-1.0,122450.0,18,3950.0,3,1,0,0,train,0.8,1,0,1,-1.0,-1.0,-1.0,-1.0,-1.0,1.0,3950.0,3950.0,4
PH003389,AC001270,4,3,0,0,0,-1.0,-1.0,-1.0,-1.0,-1.0,-1.0,-1.0,-1.0,-1.0,-1.0,-1.0,-1.0,-1.0,-1.0,-1.0,-1.0,-1.0,-1.0,-1.0,122450.0,18,3950.0,3,1,0,0,train,0.8,1,0,1,-1.0,-1.0,-1.0,-1.0,-1.0,1.0,3950.0,3950.0,4
PH000169,AC001272,3,0,1,0,0,19.0,1.0,0.0,2.0,0.0,18.0,29.894736842105264,115.0,0.5263157894736842,0.10526315789473684,1.0,1.0,37.366597222222225,89.35430555555556,0.0,0.0,0.0,0.15789473684210525,1.0,50400.0,221,1800.0,0,0,3,2,train,0.54,3,0,1,8.0,1.0,0.0,426.75,0.125,-1.0,-1.0,-1.0,2
PH003391,AC001272,4,1,1,0,0,17.0,0.0,0.0,0.0,0.0,28.705882352941178,20.647058823529413,190.0,0.7647058823529411,0.0,1.0,1.0,1.0508333333333333,34.30575231481482,4.0,13.0,0.0,0.0,1.0,50400.0,221,1800.0,0,0,3,2,train,0.54,3,0,1,8.0,1.0,0.0,426.75,0.125,-1.0,-1.0,-1.0,2
PH003392,AC001273,3,0,1,0,0,23.0,0.0,0.0,3.0,0.0,18.782608695652176,20.0,234.0,0.782608695652174,0.13043478260869565,1.0,1.0,26.24207175925926,89.37570601851851,0.0,2.0,0.0,0.13043478260869565,1.0,231400.0,202,4450.0,0,2,4,4,train,0.79,1,0,1,9.0,1.0,5.0,199.11111111111111,0.1111111111111111,-1.0,-1.0,-1.0,4
PH003393,AC001273,0,1,0,0,0,7.0,0.0,7.0,0.0,0.0,0.0,0.0,0.0,1.0,1.0,1.0,1.0,4.403518518518519,20.27650462962963,1.0,7.0,5.0,1.0,0.0,231400.0,202,4450.0,0,2,4,4,train,0.79,1,0,1,9.0,1.0,5.0,199.11111111111111,0.1111111111111111,-1.0,-1.0,-1.0,4
PH003394,AC001273,4,2,0,0,0,-1.0,-1.0,-1.0,-1.0,-1.0,-1.0,-1.0,-1.0,-1.0,-1.0,-1.0,-1.0,-1.0,-1.0,-1.0,-1.0,-1.0,-1.0,-1.0,231400.0,202,4450.0,0,2,4,4,train,0.79,1,0,1,9.0,1.0,5.0,199.11111111111111,0.1111111111111111,-1.0,-1.0,-1.0,4
PH003395,AC001274,3,0,1,0,0,24.0,0.0,0.0,3.0,0.0,18.125,35.708333333333336,141.0,0.5,0.125,1.0,1.0,9.438171296296296,88.34163194444444,0.0,3.0,0.0,0.125,1.0,121800.0,42,8700.0,1,2,2,1,train,0.69,0,1,1,2.0,0.0,0.0,151.0,0.0,-1.0,-1.0,-1.0,2
PH003396,AC001275,3,0,1,0,0,12.0,0.0,0.0,0.0,0.0,25.0,79.33333333333333,401.0,0.5833333333333334,0.0,2.0,2.0,21.30408564814815,81.34793981481481,0.0,2.0,0.0,0.0,1.0,125500.0,15,12550.0,2,0,1,0,train,0.82,0,1,1,2.0,0.0,1.0,119.0,0.0,1.0,4600.0,4600.0,4
PH003397,AC001275,0,1,0,0,0,-1.0,-1.0,-1.0,-1.0,-1.0,-1.0,-1.0,-1.0,-1.0,-1.0,-1.0,-1.0,-1.0,-1.0,-1.0,-1.0,-1.0,-1.0,-1.0,125500.0,15,12550.0,2,0,1,0,train,0.82,0,1,1,2.0,0.0,1.0,119.0,0.0,1.0,4600.0,4600.0,4
PH000477,AC001275,2,2,0,0,0,-1.0,-1.0,-1.0,-1.0,-1.0,-1.0,-1.0,-1.0,-1.0,-1.0,-1.0,-1.0,-1.0,-1.0,-1.0,-1.0,-1.0,-1.0,-1.0,125500.0,15,12550.0,2,0,1,0,train,0.82,0,1,1,2.0,0.0,1.0,119.0,0.0,1.0,4600.0,4600.0,4
PH003398,AC001275,4,3,0,0,0,-1.0,-1.0,-1.0,-1.0,-1.0,-1.0,-1.0,-1.0,-1.0,-1.0,-1.0,-1.0,-1.0,-1.0,-1.0,-1.0,-1.0,-1.0,-1.0,125500.0,15,12550.0,2,0,1,0,train,0.82,0,1,1,2.0,0.0,1.0,119.0,0.0,1.0,4600.0,4600.0,4
PH003400,AC001277,3,0,1,0,0,35.0,0.0,0.0,0.0,0.0,28.914285714285715,41.25714285714286,296.0,0.7714285714285715,0.0,1.0,1.0,25.31230324074074,88.44270833333333,0.0,3.0,0.0,0.0,1.0,370500.0,44,9500.0,0,3,1,0,train,-1.0,2,1,1,6.0,0.0,1.0,191.0,0.0,-1.0,-1.0,-1.0,2
PH003401,AC001277,0,1,0,0,0,4.0,1.0,0.0,1.0,0.0,20.25,8.25,33.0,0.75,0.25,1.0,1.0,13.392662037037036,22.31372685185185,0.0,4.0,2.0,0.5,1.0,370500.0,44,9500.0,0,3,1,0,train,-1.0,2,1,1,6.0,0.0,1.0,191.0,0.0,-1.0,-1.0,-1.0,2
PH003404,AC001279,3,0,1,0,0,29.0,0.0,0.0,1.0,0.0,27.344827586206897,81.96551724137932,387.0,0.7241379310344828,0.034482758620689655,1.0,1.0,2.4544791666666668,88.44530092592592,2.0,9.0,0.0,0.034482758620689655,1.0,266900.0,31,7850.0,1,3,0,0,train,0.42,2,1,1,1.0,0.0,1.0,103.0,0.0,1.0,5100.0,5100.0,3
PH003405,AC001279,0,1,0,0,0,-1.0,-1.0,-1.0,-1.0,-1.0,-1.0,-1.0,-1.0,-1.0,-1.0,-1.0,-1.0,-1.0,-1.0,-1.0,-1.0,-1.0,-1.0,-1.0,266900.0,31,7850.0,1,3,0,0,train,0.42,2,1,1,1.0,0.0,1.0,103.0,0.0,1.0,5100.0,5100.0,3
PH003406,AC001279,4,2,0,0,0,-1.0,-1.0,-1.0,-1.0,-1.0,-1.0,-1.0,-1.0,-1.0,-1.0,-1.0,-1.0,-1.0,-1.0,-1.0,-1.0,-1.0,-1.0,-1.0,266900.0,31,7850.0,1,3,0,0,train,0.42,2,1,1,1.0,0.0,1.0,103.0,0.0,1.0,5100.0,5100.0,3
PH003407,AC001280,3,0,1,0,0,12.0,0.0,0.0,1.0,0.0,27.083333333333332,22.416666666666668,240.0,0.8333333333333334,0.08333333333333333,2.0,2.0,21.01884259259259,87.25298611111111,0.0,2.0,0.0,0.08333333333333333,1.0,285600.0,0,11900.0,1,1,0,0,train,0.81,0,1,1,-1.0,-1.0,-1.0,-1.0,-1.0,-1.0,-1.0,-1.0,3
PH003408,AC001280,1,1,1,0,0,9.0,0.0,0.0,1.0,0.0,12.555555555555555,12.222222222222221,88.0,0.7777777777777778,0.1111111111111111,1.0,1.0,36.26162037037037,52.410266203703706,0.0,0.0,1.0,0.1111111111111111,1.0,285600.0,0,11900.0,1,1,0,0,train,0.81,0,1,1,-1.0,-1.0,-1.0,-1.0,-1.0,-1.0,-1.0,-1.0,3
PH003409,AC001280,4,2,0,0,0,8.0,0.0,0.0,1.0,0.0,27.0,31.75,129.0,0.75,0.125,1.0,1.0,23.14523148148148,33.43894675925926,0.0,5.0,0.0,0.125,1.0,285600.0,0,11900.0,1,1,0,0,train,0.81,0,1,1,-1.0,-1.0,-1.0,-1.0,-1.0,-1.0,-1.0,-1.0,3
PH003410,AC001281,3,0,1,0,0,27.0,0.0,0.0,2.0,0.0,26.77777777777778,53.77777777777778,389.0,0.7407407407407407,0.07407407407407407,2.0,2.0,6.356608796296296,86.26778935185185,1.0,14.0,0.0,0.07407407407407407,1.0,113750.0,0,4550.0,1,5,0,0,train,0.03,1,2,1,1.0,0.0,0.0,472.0,0.0,2.0,3100.0,1550.0,3
PH003411,AC001281,0,1,0,0,0,2.0,0.0,1.0,1.0,0.0,0.0,0.0,0.0,1.0,1.0,1.0,1.0,5.348263888888889,6.148229166666667,2.0,2.0,2.0,1.0,0.0,113750.0,0,4550.0,1,5,0,0,train,0.03,1,2,1,1.0,0.0,0.0,472.0,0.0,2.0,3100.0,1550.0,3
PH003412,AC001281,4,2,0,0,0,-1.0,-1.0,-1.0,-1.0,-1.0,-1.0,-1.0,-1.0,-1.0,-1.0,-1.0,-1.0,-1.0,-1.0,-1.0,-1.0,-1.0,-1.0,-1.0,113750.0,0,4550.0,1,5,0,0,train,0.03,1,2,1,1.0,0.0,0.0,472.0,0.0,2.0,3100.0,1550.0,3
PH003414,AC001283,3,0,0,0,0,2.0,0.0,0.0,1.0,0.0,16.0,0.0,0.0,1.0,0.5,1.0,1.0,88.17891203703704,88.35474537037037,0.0,0.0,1.0,0.5,0.0,40300.0,71,3100.0,0,1,2,2,train,0.95,0,1,1,1.0,1.0,0.0,629.0,1.0,1.0,9300.0,9300.0,2
PH003415,AC001283,4,1,0,0,0,-1.0,-1.0,-1.0,-1.0,-1.0,-1.0,-1.0,-1.0,-1.0,-1.0,-1.0,-1.0,-1.0,-1.0,-1.0,-1.0,-1.0,-1.0,-1.0,40300.0,71,3100.0,0,1,2,2,train,0.95,0,1,1,1.0,1.0,0.0,629.0,1.0,1.0,9300.0,9300.0,2
PH003416,AC001284,3,0,1,0,0,7.0,0.0,0.0,0.0,0.0,26.0,71.14285714285714,330.0,0.5714285714285714,0.0,1.0,1.0,73.20689814814814,89.4011111111111,0.0,0.0,0.0,0.0,1.0,93150.0,293,3450.0,0,0,4,4,train,0.87,1,1,1,-1.0,-1.0,-1.0,-1.0,-1.0,1.0,34500.0,34500.0,1
PH003417,AC001285,3,0,1,0,0,18.0,1.0,2.0,2.0,0.0,17.833333333333332,53.27777777777778,340.0,0.6666666666666666,0.2222222222222222,2.0,2.0,41.12407407407407,88.41554398148148,0.0,0.0,3.0,0.2777777777777778,1.0,172200.0,20,4100.0,2,3,0,0,train,0.63,0,2,1,-1.0,-1.0,-1.0,-1.0,-1.0,1.0,4100.0,4100.0,3
PH003418,AC001285,1,1,0,0,0,-1.0,-1.0,-1.0,-1.0,-1.0,-1.0,-1.0,-1.0,-1.0,-1.0,-1.0,-1.0,-1.0,-1.0,-1.0,-1.0,-1.0,-1.0,-1.0,172200.0,20,4100.0,2,3,0,0,train,0.63,0,2,1,-1.0,-1.0,-1.0,-1.0,-1.0,1.0,4100.0,4100.0,3
PH003419,AC001285,4,2,0,0,0,-1.0,-1.0,-1.0,-1.0,-1.0,-1.0,-1.0,-1.0,-1.0,-1.0,-1.0,-1.0,-1.0,-1.0,-1.0,-1.0,-1.0,-1.0,-1.0,172200.0,20,4100.0,2,3,0,0,train,0.63,0,2,1,-1.0,-1.0,-1.0,-1.0,-1.0,1.0,4100.0,4100.0,3
PH003420,AC001286,3,0,1,0,0,3.0,0.0,0.0,0.0,0.0,21.0,46.333333333333336,87.0,0.3333333333333333,0.0,1.0,1.0,84.35956018518519,89.41888888888889,0.0,0.0,0.0,0.0,1.0,68600.0,58,1400.0,0,2,4,2,train,0.55,5,2,1,-1.0,-1.0,-1.0,-1.0,-1.0,1.0,2800.0,2800.0,2
PH003421,AC001286,1,1,0,0,0,-1.0,-1.0,-1.0,-1.0,-1.0,-1.0,-1.0,-1.0,-1.0,-1.0,-1.0,-1.0,-1.0,-1.0,-1.0,-1.0,-1.0,-1.0,-1.0,68600.0,58,1400.0,0,2,4,2,train,0.55,5,2,1,-1.0,-1.0,-1.0,-1.0,-1.0,1.0,2800.0,2800.0,2
PH003424,AC001288,3,0,0,0,0,8.0,0.0,0.0,0.0,0.0,20.125,0.0,0.0,1.0,0.0,1.0,1.0,57.23818287037037,88.25231481481481,0.0,0.0,0.0,0.0,0.0,535500.0,169,15750.0,0,0,2,1,train,0.52,0,1,1,7.0,0.0,2.0,195.42857142857142,0.0,2.0,80100.0,40050.0,2
PH003425,AC001288,0,1,1,0,0,20.0,0.0,0.0,1.0,0.0,22.8,62.6,420.0,0.7,0.05,1.0,1.0,2.2695949074074075,56.35207175925926,1.0,7.0,0.0,0.05,1.0,535500.0,169,15750.0,0,0,2,1,train,0.52,0,1,1,7.0,0.0,2.0,195.42857142857142,0.0,2.0,80100.0,40050.0,2
PH003426,AC001289,3,0,0,0,0,-1.0,-1.0,-1.0,-1.0,-1.0,-1.0,-1.0,-1.0,-1.0,-1.0,-1.0,-1.0,-1.0,-1.0,-1.0,-1.0,-1.0,-1.0,-1.0,58500.0,25,1500.0,0,2,0,0,train,0.43,1,2,1,-1.0,-1.0,-1.0,-1.0,-1.0,1.0,1500.0,1500.0,1
PH003427,AC001290,3,0,1,0,0,26.0,0.0,0.0,1.0,0.0,21.807692307692307,32.19230769230769,194.0,0.6153846153846154,0.038461538461538464,1.0,1.0,0.38232638888888887,86.24836805555556,1.0,6.0,0.0,0.038461538461538464,1.0,55800.0,76,1550.0,0,1,1,0,train,0.54,1,1,1,6.0,1.0,1.0,276.0,0.16666666666666666,1.0,2000.0,2000.0,3
PH003428,AC001290,0,1,0,0,0,-1.0,-1.0,-1.0,-1.0,-1.0,-1.0,-1.0,-1.0,-1.0,-1.0,-1.0,-1.0,-1.0,-1.0,-1.0,-1.0,-1.0,-1.0,-1.0,55800.0,76,1550.0,0,1,1,0,train,0.54,1,1,1,6.0,1.0,1.0,276.0,0.16666666666666666,1.0,2000.0,2000.0,3
PH003429,AC001290,1,2,0,0,0,-1.0,-1.0,-1.0,-1.0,-1.0,-1.0,-1.0,-1.0,-1.0,-1.0,-1.0,-1.0,-1.0,-1.0,-1.0,-1.0,-1.0,-1.0,-1.0,55800.0,76,1550.0,0,1,1,0,train,0.54,1,1,1,6.0,1.0,1.0,276.0,0.16666666666666666,1.0,2000.0,2000.0,3
PH003433,AC001292,3,0,1,0,0,15.0,0.0,0.0,0.0,0.0,12.666666666666666,22.866666666666667,343.0,0.9333333333333333,0.0,2.0,2.0,51.20652777777778,88.40127314814815,0.0,0.0,0.0,0.0,1.0,38400.0,0,1600.0,0,4,1,1,train,-1.0,5,0,1,-1.0,-1.0,-1.0,-1.0,-1.0,1.0,1600.0,1600.0,2
PH003434,AC001292,4,1,1,0,0,5.0,0.0,0.0,0.0,0.0,24.2,27.8,109.0,0.6,0.0,1.0,1.0,41.29525462962963,48.28196759259259,0.0,0.0,0.0,0.0,1.0,38400.0,0,1600.0,0,4,1,1,train,-1.0,5,0,1,-1.0,-1.0,-1.0,-1.0,-1.0,1.0,1600.0,1600.0,2
PH003447,AC001298,3,0,0,0,0,34.0,0.0,24.0,6.0,0.0,1.7352941176470589,0.0,0.0,1.0,0.8823529411764706,1.0,1.0,4.026226851851852,84.30577546296297,2.0,6.0,1.0,0.8823529411764706,0.0,71550.0,40,2650.0,1,0,0,0,train,0.55,1,2,1,5.0,1.0,1.0,421.0,0.2,-1.0,-1.0,-1.0,1
PH003454,AC001301,3,0,1,0,0,18.0,1.0,0.0,1.0,0.0,24.333333333333332,4.333333333333333,42.0,0.8333333333333334,0.05555555555555555,1.0,1.0,10.428819444444445,86.39268518518519,0.0,3.0,0.0,0.1111111111111111,1.0,455700.0,79,10850.0,0,1,1,0,train,-1.0,2,1,1,-1.0,-1.0,-1.0,-1.0,-1.0,1.0,32550.0,32550.0,2
PH003455,AC001301,4,1,1,0,0,15.0,0.0,0.0,0.0,0.0,23.866666666666667,33.733333333333334,134.0,0.5333333333333333,0.0,1.0,1.0,17.143946759259258,40.339375,0.0,9.0,0.0,0.0,1.0,455700.0,79,10850.0,0,1,1,0,train,-1.0,2,1,1,-1.0,-1.0,-1.0,-1.0,-1.0,1.0,32550.0,32550.0,2
PH003456,AC001302,3,0,1,0,0,5.0,0.0,0.0,0.0,0.0,25.4,21.4,80.0,0.6,0.0,1.0,1.0,65.39872685185185,89.43795138888889,0.0,0.0,0.0,0.0,1.0,42700.0,71,3050.0,1,1,2,0,train,-1.0,1,2,1,2.0,0.0,0.0,316.5,0.0,1.0,9150.0,9150.0,2
PH003457,AC001302,4,1,0,0,0,-1.0,-1.0,-1.0,-1.0,-1.0,-1.0,-1.0,-1.0,-1.0,-1.0,-1.0,-1.0,-1.0,-1.0,-1.0,-1.0,-1.0,-1.0,-1.0,42700.0,71,3050.0,1,1,2,0,train,-1.0,1,2,1,2.0,0.0,0.0,316.5,0.0,1.0,9150.0,9150.0,2
PH003458,AC001303,3,0,0,0,1,8.0,0.0,0.0,1.0,0.0,27.75,0.0,0.0,1.0,0.125,1.0,1.0,63.28753472222222,81.40628472222222,0.0,0.0,1.0,0.125,0.0,141600.0,46,2950.0,1,1,1,0,train,0.77,5,1,1,1.0,0.0,0.0,460.0,0.0,-1.0,-1.0,-1.0,2
PH003459,AC001303,4,1,0,0,0,10.0,0.0,0.0,0.0,0.0,11.6,70.9,130.0,0.2,0.0,1.0,1.0,0.4015856481481481,63.002291666666665,1.0,5.0,0.0,0.0,1.0,141600.0,46,2950.0,1,1,1,0,train,0.77,5,1,1,1.0,0.0,0.0,460.0,0.0,-1.0,-1.0,-1.0,2
PH003461,AC001305,3,0,1,0,0,22.0,0.0,0.0,3.0,0.0,22.863636363636363,51.22727272727273,274.0,0.6818181818181818,0.13636363636363635,2.0,2.0,19.370381944444443,84.39357638888889,0.0,3.0,0.0,0.13636363636363635,1.0,313500.0,25,8250.0,1,1,0,0,train,-1.0,0,1,1,3.0,2.0,1.0,584.3333333333334,0.6666666666666666,-1.0,-1.0,-1.0,2
PH003462,AC001305,4,1,0,0,0,-1.0,-1.0,-1.0,-1.0,-1.0,-1.0,-1.0,-1.0,-1.0,-1.0,-1.0,-1.0,-1.0,-1.0,-1.0,-1.0,-1.0,-1.0,-1.0,313500.0,25,8250.0,1,1,0,0,train,-1.0,0,1,1,3.0,2.0,1.0,584.3333333333334,0.6666666666666666,-1.0,-1.0,-1.0,2
PH003463,AC001306,3,0,1,0,0,13.0,0.0,0.0,5.0,0.0,17.692307692307693,15.692307692307692,153.0,0.8461538461538461,0.38461538461538464,2.0,2.0,7.095127314814815,83.35511574074074,0.0,1.0,0.0,0.38461538461538464,1.0,463600.0,7,12200.0,1,2,0,0,train,0.62,0,1,1,-1.0,-1.0,-1.0,-1.0,-1.0,-1.0,-1.0,-1.0,3
PH000582,AC001306,2,1,1,0,0,20.0,0.0,0.0,1.0,0.0,19.3,36.9,149.0,0.6,0.05,2.0,1.0,27.018645833333334,80.2370486111111,0.0,6.0,1.0,0.05,1.0,463600.0,7,12200.0,1,2,0,0,train,0.62,0,1,1,-1.0,-1.0,-1.0,-1.0,-1.0,-1.0,-1.0,-1.0,3
PH003464,AC001306,4,2,1,0,0,9.0,1.0,0.0,2.0,0.0,18.444444444444443,27.666666666666668,141.0,0.6666666666666666,0.2222222222222222,1.0,1.0,7.300243055555556,25.350555555555555,0.0,9.0,2.0,0.3333333333333333,1.0,463600.0,7,12200.0,1,2,0,0,train,0.62,0,1,1,-1.0,-1.0,-1.0,-1.0,-1.0,-1.0,-1.0,-1.0,3
PH003465,AC001307,3,0,1,0,0,26.0,0.0,0.0,4.0,0.0,20.153846153846153,10.5,250.0,0.9230769230769231,0.15384615384615385,1.0,1.0,0.3066203703703704,81.2521412037037,3.0,11.0,1.0,0.15384615384615385,1.0,29250.0,209,2250.0,0,3,1,1,train,-1.0,5,2,1,9.0,5.0,0.0,487.77777777777777,0.5555555555555556,1.0,9800.0,9800.0,1
PH003466,AC001308,3,0,1,0,0,29.0,0.0,0.0,1.0,0.0,29.137931034482758,21.379310344827587,283.0,0.7931034482758621,0.034482758620689655,1.0,1.0,25.080810185185186,89.43428240740741,0.0,2.0,0.0,0.034482758620689655,1.0,137200.0,39,4900.0,0,3,2,2,train,-1.0,0,1,1,-1.0,-1.0,-1.0,-1.0,-1.0,-1.0,-1.0,-1.0,3
PH003467,AC001308,0,1,1,0,0,5.0,0.0,0.0,0.0,0.0,21.6,34.6,173.0,0.8,0.0,1.0,1.0,0.4336226851851852,19.31195601851852,2.0,5.0,0.0,0.0,1.0,137200.0,39,4900.0,0,3,2,2,train,-1.0,0,1,1,-1.0,-1.0,-1.0,-1.0,-1.0,-1.0,-1.0,-1.0,3
PH003468,AC001308,1,2,0,0,0,-1.0,-1.0,-1.0,-1.0,-1.0,-1.0,-1.0,-1.0,-1.0,-1.0,-1.0,-1.0,-1.0,-1.0,-1.0,-1.0,-1.0,-1.0,-1.0,137200.0,39,4900.0,0,3,2,2,train,-1.0,0,1,1,-1.0,-1.0,-1.0,-1.0,-1.0,-1.0,-1.0,-1.0,3
PH003469,AC001309,3,0,1,0,0,16.0,0.0,0.0,0.0,0.0,24.5,51.1875,387.0,0.6875,0.0,1.0,1.0,4.352708333333333,87.3073263888889,1.0,7.0,0.0,0.0,1.0,83600.0,44,3800.0,0,1,0,0,train,0.98,1,1,1,3.0,1.0,0.0,589.6666666666666,0.3333333333333333,-1.0,-1.0,-1.0,2
PH003470,AC001309,1,1,0,0,0,-1.0,-1.0,-1.0,-1.0,-1.0,-1.0,-1.0,-1.0,-1.0,-1.0,-1.0,-1.0,-1.0,-1.0,-1.0,-1.0,-1.0,-1.0,-1.0,83600.0,44,3800.0,0,1,0,0,train,0.98,1,1,1,3.0,1.0,0.0,589.6666666666666,0.3333333333333333,-1.0,-1.0,-1.0,2
PH003471,AC001310,3,0,1,0,0,18.0,0.0,0.0,0.0,0.0,29.22222222222222,20.333333333333332,203.0,0.7222222222222222,0.0,1.0,1.0,46.19378472222222,88.30793981481482,0.0,0.0,0.0,0.0,1.0,47600.0,33,5950.0,0,2,2,0,train,0.36,2,1,1,-1.0,-1.0,-1.0,-1.0,-1.0,-1.0,-1.0,-1.0,2
PH003472,AC001310,4,1,1,0,0,14.0,1.0,0.0,4.0,0.0,17.928571428571427,19.214285714285715,95.0,0.6428571428571429,0.2857142857142857,1.0,1.0,2.296875,43.40429398148148,2.0,8.0,2.0,0.35714285714285715,1.0,47600.0,33,5950.0,0,2,2,0,train,0.36,2,1,1,-1.0,-1.0,-1.0,-1.0,-1.0,-1.0,-1.0,-1.0,2
PH003473,AC001311,3,0,1,0,0,12.0,0.0,0.0,2.0,0.0,18.333333333333332,37.583333333333336,369.0,0.75,0.16666666666666666,1.0,1.0,4.2833449074074075,87.44446759259259,1.0,4.0,2.0,0.16666666666666666,1.0,538150.0,70,11450.0,0,1,2,1,train,-1.0,0,1,1,4.0,1.0,0.0,370.75,0.25,2.0,23400.0,11700.0,3
PH003474,AC001311,0,1,0,0,0,-1.0,-1.0,-1.0,-1.0,-1.0,-1.0,-1.0,-1.0,-1.0,-1.0,-1.0,-1.0,-1.0,-1.0,-1.0,-1.0,-1.0,-1.0,-1.0,538150.0,70,11450.0,0,1,2,1,train,-1.0,0,1,1,4.0,1.0,0.0,370.75,0.25,2.0,23400.0,11700.0,3
PH003475,AC001311,4,2,0,0,0,-1.0,-1.0,-1.0,-1.0,-1.0,-1.0,-1.0,-1.0,-1.0,-1.0,-1.0,-1.0,-1.0,-1.0,-1.0,-1.0,-1.0,-1.0,-1.0,538150.0,70,11450.0,0,1,2,1,train,-1.0,0,1,1,4.0,1.0,0.0,370.75,0.25,2.0,23400.0,11700.0,3
PH000212,AC001312,3,0,1,0,0,31.0,3.0,0.0,3.0,0.0,19.516129032258064,41.096774193548384,129.0,0.45161290322580644,0.0967741935483871,3.0,2.0,21.28216435185185,89.4287962962963,0.0,3.0,0.0,0.1935483870967742,1.0,354000.0,22,11800.0,0,2,0,0,train,0.48,0,1,1,-1.0,-1.0,-1.0,-1.0,-1.0,-1.0,-1.0,-1.0,2
PH003476,AC001312,0,1,1,0,0,18.0,0.0,0.0,2.0,0.0,23.333333333333332,3.7777777777777777,68.0,0.9444444444444444,0.1111111111111111,1.0,1.0,10.365289351851851,58.017546296296295,0.0,4.0,1.0,0.1111111111111111,1.0,354000.0,22,11800.0,0,2,0,0,train,0.48,0,1,1,-1.0,-1.0,-1.0,-1.0,-1.0,-1.0,-1.0,-1.0,2
PH003477,AC001313,3,0,0,0,0,9.0,2.0,0.0,1.0,0.0,18.333333333333332,13.555555555555555,105.0,0.7777777777777778,0.1111111111111111,2.0,2.0,67.36280092592592,83.35671296296296,0.0,0.0,2.0,0.3333333333333333,1.0,53550.0,0,2550.0,2,0,0,0,train,-1.0,1,0,1,-1.0,-1.0,-1.0,-1.0,-1.0,1.0,2550.0,2550.0,1
PH003483,AC001316,3,0,1,0,0,24.0,1.0,0.0,1.0,0.0,28.666666666666668,15.291666666666666,247.0,0.7916666666666666,0.041666666666666664,1.0,1.0,0.4286111111111111,89.33354166666666,4.0,11.0,0.0,0.08333333333333333,1.0,63750.0,29,2550.0,1,2,0,0,train,0.56,2,1,1,-1.0,-1.0,-1.0,-1.0,-1.0,-1.0,-1.0,-1.0,2
PH003484,AC001316,4,1,0,0,0,8.0,0.0,0.0,0.0,0.0,29.5,14.625,117.0,0.875,0.0,1.0,1.0,37.450208333333336,49.37114583333334,0.0,0.0,0.0,0.0,1.0,63750.0,29,2550.0,1,2,0,0,train,0.56,2,1,1,-1.0,-1.0,-1.0,-1.0,-1.0,-1.0,-1.0,-1.0,2
PH000208,AC001317,3,0,1,0,0,28.0,1.0,0.0,1.0,0.0,25.0,32.607142857142854,143.0,0.6428571428571429,0.03571428571428571,1.0,1.0,41.30076388888889,89.25234953703703,0.0,0.0,0.0,0.07142857142857142,1.0,38500.0,39,2750.0,0,4,2,1,train,0.61,0,1,1,-1.0,-1.0,-1.0,-1.0,-1.0,-1.0,-1.0,-1.0,2
PH000443,AC001317,2,1,1,1,0,32.0,0.0,0.0,3.0,0.0,21.71875,30.15625,143.0,0.65625,0.09375,3.0,1.0,0.2891550925925926,70.2711574074074,2.0,10.0,0.0,0.09375,1.0,38500.0,39,2750.0,0,4,2,1,train,0.61,0,1,1,-1.0,-1.0,-1.0,-1.0,-1.0,-1.0,-1.0,-1.0,2
PH003485,AC001318,3,0,1,0,0,34.0,0.0,0.0,3.0,0.0,26.823529411764707,34.44117647058823,372.0,0.7352941176470589,0.08823529411764706,2.0,2.0,6.299525462962963,89.45310185185186,1.0,9.0,1.0,0.08823529411764706,1.0,10450.0,5,950.0,0,4,1,0,train,0.21,3,2,1,-1.0,-1.0,-1.0,-1.0,-1.0,2.0,600.0,300.0,1
PH003486,AC001319,3,0,0,0,0,16.0,0.0,0.0,4.0,0.0,22.5,0.0,0.0,1.0,0.25,1.0,1.0,6.418530092592593,88.29856481481481,1.0,8.0,3.0,0.25,0.0,707350.0,107,16450.0,0,1,5,5,train,-1.0,0,1,1,8.0,0.0,4.0,187.5,0.0,-1.0,-1.0,-1.0,2
PH003487,AC001319,4,1,0,0,0,9.0,0.0,0.0,1.0,0.0,23.88888888888889,23.88888888888889,144.0,0.7777777777777778,0.1111111111111111,1.0,1.0,5.4025694444444445,59.36008101851852,1.0,3.0,1.0,0.1111111111111111,1.0,707350.0,107,16450.0,0,1,5,5,train,-1.0,0,1,1,8.0,0.0,4.0,187.5,0.0,-1.0,-1.0,-1.0,2
PH003488,AC001320,3,0,0,0,0,8.0,0.0,0.0,0.0,0.0,19.625,47.5,91.0,0.375,0.0,1.0,1.0,56.176516203703706,83.43645833333333,0.0,0.0,0.0,0.0,1.0,70200.0,172,5850.0,0,1,6,4,train,-1.0,0,1,1,8.0,2.0,0.0,422.75,0.25,1.0,15000.0,15000.0,3
PH000453,AC001320,2,1,0,0,0,8.0,0.0,0.0,0.0,0.0,17.5,82.75,148.0,0.375,0.0,1.0,1.0,29.365324074074074,42.336481481481485,0.0,1.0,0.0,0.0,1.0,70200.0,172,5850.0,0,1,6,4,train,-1.0,0,1,1,8.0,2.0,0.0,422.75,0.25,1.0,15000.0,15000.0,3
PH003489,AC001320,4,2,1,0,0,4.0,0.0,0.0,0.0,0.0,19.5,67.0,133.0,0.25,0.0,1.0,1.0,5.370034722222222,28.248703703703704,1.0,4.0,0.0,0.0,1.0,70200.0,172,5850.0,0,1,6,4,train,-1.0,0,1,1,8.0,2.0,0.0,422.75,0.25,1.0,15000.0,15000.0,3
PH003490,AC001321,3,0,1,0,0,24.0,0.0,0.0,3.0,0.0,21.5,17.458333333333332,248.0,0.9166666666666666,0.125,1.0,1.0,2.12287037037037,88.42534722222223,6.0,8.0,1.0,0.125,1.0,55000.0,165,2500.0,0,0,4,2,train,-1.0,5,2,1,8.0,3.0,3.0,392.375,0.375,2.0,11800.0,5900.0,1
PH003491,AC001322,3,0,1,0,0,1.0,0.0,0.0,0.0,0.0,18.0,58.0,58.0,0.0,0.0,1.0,1.0,88.2854050925926,88.2854050925926,0.0,0.0,0.0,0.0,1.0,357500.0,151,16250.0,0,1,3,1,train,1.0,2,1,1,-1.0,-1.0,-1.0,-1.0,-1.0,1.0,97500.0,97500.0,2
PH003492,AC001322,1,1,0,0,0,-1.0,-1.0,-1.0,-1.0,-1.0,-1.0,-1.0,-1.0,-1.0,-1.0,-1.0,-1.0,-1.0,-1.0,-1.0,-1.0,-1.0,-1.0,-1.0,357500.0,151,16250.0,0,1,3,1,train,1.0,2,1,1,-1.0,-1.0,-1.0,-1.0,-1.0,1.0,97500.0,97500.0,2
PH003493,AC001323,3,0,1,0,0,42.0,0.0,0.0,1.0,0.0,24.0,52.88095238095238,369.0,0.7380952380952381,0.023809523809523808,2.0,2.0,13.007037037037037,89.31556712962963,0.0,5.0,0.0,0.023809523809523808,1.0,61100.0,24,2350.0,0,3,1,1,train,0.0,5,2,1,-1.0,-1.0,-1.0,-1.0,-1.0,-1.0,-1.0,-1.0,3
PH003494,AC001323,0,1,0,0,0,2.0,0.0,0.0,0.0,0.0,34.5,0.0,0.0,1.0,0.0,1.0,1.0,0.4271990740740741,3.3692361111111113,2.0,2.0,0.0,0.0,0.0,61100.0,24,2350.0,0,3,1,1,train,0.0,5,2,1,-1.0,-1.0,-1.0,-1.0,-1.0,-1.0,-1.0,-1.0,3
PH003495,AC001323,1,2,0,0,0,-1.0,-1.0,-1.0,-1.0,-1.0,-1.0,-1.0,-1.0,-1.0,-1.0,-1.0,-1.0,-1.0,-1.0,-1.0,-1.0,-1.0,-1.0,-1.0,61100.0,24,2350.0,0,3,1,1,train,0.0,5,2,1,-1.0,-1.0,-1.0,-1.0,-1.0,-1.0,-1.0,-1.0,3
PH003496,AC001324,3,0,1,0,0,2.0,0.0,0.0,0.0,0.0,18.5,28.0,56.0,0.5,0.0,1.0,1.0,84.32480324074074,86.26364583333333,0.0,0.0,0.0,0.0,1.0,62700.0,8,1650.0,1,4,3,1,train,0.53,3,0,1,-1.0,-1.0,-1.0,-1.0,-1.0,2.0,1650.0,825.0,1
PH003497,AC001325,3,0,1,0,0,17.0,0.0,0.0,4.0,0.0,17.823529411764707,32.1764705882353,304.0,0.7058823529411765,0.23529411764705882,1.0,1.0,35.316493055555554,87.25615740740741,0.0,0.0,0.0,0.23529411764705882,1.0,57000.0,67,1900.0,1,1,2,0,train,0.99,3,2,1,2.0,0.0,1.0,238.0,0.0,1.0,5700.0,5700.0,1
PH003498,AC001326,3,0,1,0,0,22.0,0.0,1.0,1.0,0.0,19.727272727272727,84.54545454545455,333.0,0.5,0.09090909090909091,2.0,2.0,3.141261574074074,86.40893518518519,2.0,9.0,2.0,0.09090909090909091,1.0,27500.0,0,2500.0,1,5,0,0,train,0.78,1,1,1,1.0,0.0,1.0,65.0,0.0,2.0,2500.0,1250.0,3
PH000364,AC001326,2,1,0,0,0,-1.0,-1.0,-1.0,-1.0,-1.0,-1.0,-1.0,-1.0,-1.0,-1.0,-1.0,-1.0,-1.0,-1.0,-1.0,-1.0,-1.0,-1.0,-1.0,27500.0,0,2500.0,1,5,0,0,train,0.78,1,1,1,1.0,0.0,1.0,65.0,0.0,2.0,2500.0,1250.0,3
PH003499,AC001326,4,2,0,0,0,-1.0,-1.0,-1.0,-1.0,-1.0,-1.0,-1.0,-1.0,-1.0,-1.0,-1.0,-1.0,-1.0,-1.0,-1.0,-1.0,-1.0,-1.0,-1.0,27500.0,0,2500.0,1,5,0,0,train,0.78,1,1,1,1.0,0.0,1.0,65.0,0.0,2.0,2500.0,1250.0,3
PH003503,AC001328,3,0,1,0,0,22.0,0.0,0.0,1.0,0.0,21.545454545454547,60.86363636363637,390.0,0.5454545454545454,0.045454545454545456,2.0,2.0,42.343344907407406,87.3544675925926,0.0,0.0,1.0,0.045454545454545456,1.0,204000.0,0,5100.0,3,1,0,0,train,0.85,0,1,1,-1.0,-1.0,-1.0,-1.0,-1.0,2.0,5100.0,2550.0,1
PH003507,AC001330,3,0,0,0,1,2.0,0.0,0.0,0.0,2.0,0.0,0.0,0.0,1.0,1.0,1.0,1.0,84.42939814814815,85.34060185185186,0.0,0.0,2.0,0.0,0.0,250800.0,43,6600.0,1,1,1,1,train,-1.0,0,1,1,2.0,1.0,1.0,334.5,0.5,1.0,13200.0,13200.0,3
PH003508,AC001330,0,1,1,0,0,19.0,0.0,0.0,2.0,0.0,25.0,57.21052631578947,338.0,0.6842105263157895,0.10526315789473684,1.0,1.0,56.0444212962963,84.10689814814815,0.0,0.0,0.0,0.10526315789473684,1.0,250800.0,43,6600.0,1,1,1,1,train,-1.0,0,1,1,2.0,1.0,1.0,334.5,0.5,1.0,13200.0,13200.0,3
PH003509,AC001330,1,2,0,0,0,-1.0,-1.0,-1.0,-1.0,-1.0,-1.0,-1.0,-1.0,-1.0,-1.0,-1.0,-1.0,-1.0,-1.0,-1.0,-1.0,-1.0,-1.0,-1.0,250800.0,43,6600.0,1,1,1,1,train,-1.0,0,1,1,2.0,1.0,1.0,334.5,0.5,1.0,13200.0,13200.0,3
PH003517,AC001334,3,0,0,0,0,6.0,2.0,0.0,1.0,0.0,15.833333333333334,13.0,33.0,0.5,0.16666666666666666,2.0,2.0,66.3471412037037,86.36793981481482,0.0,0.0,2.0,0.5,1.0,76500.0,12,2550.0,1,1,0,0,train,0.41,5,1,1,-1.0,-1.0,-1.0,-1.0,-1.0,-1.0,-1.0,-1.0,3
PH003518,AC001334,1,1,0,0,0,5.0,2.0,0.0,0.0,0.0,27.2,9.2,35.0,0.6,0.0,1.0,1.0,48.20388888888889,60.354375,0.0,0.0,2.0,0.4,1.0,76500.0,12,2550.0,1,1,0,0,train,0.41,5,1,1,-1.0,-1.0,-1.0,-1.0,-1.0,-1.0,-1.0,-1.0,3
PH003519,AC001334,4,2,1,0,0,19.0,2.0,0.0,1.0,0.0,17.210526315789473,33.31578947368421,90.0,0.3684210526315789,0.05263157894736842,1.0,1.0,19.253958333333333,44.29846064814815,0.0,10.0,0.0,0.15789473684210525,1.0,76500.0,12,2550.0,1,1,0,0,train,0.41,5,1,1,-1.0,-1.0,-1.0,-1.0,-1.0,-1.0,-1.0,-1.0,3
PH003520,AC001335,3,0,1,0,0,26.0,0.0,0.0,2.0,0.0,24.46153846153846,74.6923076923077,356.0,0.6538461538461539,0.07692307692307693,1.0,1.0,1.3283564814814814,86.36804398148148,1.0,6.0,0.0,0.07692307692307693,1.0,85800.0,57,1950.0,0,2,2,1,train,0.38,5,2,1,6.0,4.0,1.0,679.5,0.6666666666666666,2.0,2900.0,1450.0,2
PH003521,AC001335,0,1,0,0,0,-1.0,-1.0,-1.0,-1.0,-1.0,-1.0,-1.0,-1.0,-1.0,-1.0,-1.0,-1.0,-1.0,-1.0,-1.0,-1.0,-1.0,-1.0,-1.0,85800.0,57,1950.0,0,2,2,1,train,0.38,5,2,1,6.0,4.0,1.0,679.5,0.6666666666666666,2.0,2900.0,1450.0,2
PH003527,AC001339,3,0,1,0,0,2.0,0.0,0.0,0.0,0.0,23.0,24.5,49.0,0.5,0.0,2.0,2.0,77.44984953703704,85.31505787037037,0.0,0.0,0.0,0.0,1.0,22500.0,0,1250.0,2,3,0,0,train,-1.0,5,2,1,-1.0,-1.0,-1.0,-1.0,-1.0,1.0,1250.0,1250.0,4
PH003528,AC001339,0,1,0,0,0,-1.0,-1.0,-1.0,-1.0,-1.0,-1.0,-1.0,-1.0,-1.0,-1.0,-1.0,-1.0,-1.0,-1.0,-1.0,-1.0,-1.0,-1.0,-1.0,22500.0,0,1250.0,2,3,0,0,train,-1.0,5,2,1,-1.0,-1.0,-1.0,-1.0,-1.0,1.0,1250.0,1250.0,4
PH003529,AC001339,1,2,0,0,0,-1.0,-1.0,-1.0,-1.0,-1.0,-1.0,-1.0,-1.0,-1.0,-1.0,-1.0,-1.0,-1.0,-1.0,-1.0,-1.0,-1.0,-1.0,-1.0,22500.0,0,1250.0,2,3,0,0,train,-1.0,5,2,1,-1.0,-1.0,-1.0,-1.0,-1.0,1.0,1250.0,1250.0,4
PH003530,AC001339,4,3,0,0,0,-1.0,-1.0,-1.0,-1.0,-1.0,-1.0,-1.0,-1.0,-1.0,-1.0,-1.0,-1.0,-1.0,-1.0,-1.0,-1.0,-1.0,-1.0,-1.0,22500.0,0,1250.0,2,3,0,0,train,-1.0,5,2,1,-1.0,-1.0,-1.0,-1.0,-1.0,1.0,1250.0,1250.0,4
PH003533,AC001341,3,0,0,0,0,7.0,2.0,0.0,0.0,0.0,20.857142857142858,12.428571428571429,38.0,0.5714285714285714,0.0,1.0,1.0,54.2899537037037,76.35170138888888,0.0,0.0,1.0,0.2857142857142857,1.0,403000.0,122,7750.0,0,3,2,2,train,-1.0,2,1,1,5.0,0.0,0.0,229.2,0.0,-1.0,-1.0,-1.0,4
PH003534,AC001341,0,1,1,0,0,17.0,0.0,0.0,1.0,0.0,20.41176470588235,66.94117647058823,417.0,0.5882352941176471,0.058823529411764705,1.0,1.0,2.4309606481481483,51.44684027777778,4.0,11.0,1.0,0.058823529411764705,1.0,403000.0,122,7750.0,0,3,2,2,train,-1.0,2,1,1,5.0,0.0,0.0,229.2,0.0,-1.0,-1.0,-1.0,4
PH000351,AC001341,2,2,0,0,0,8.0,0.0,0.0,1.0,0.0,26.125,0.0,0.0,1.0,0.125,1.0,1.0,19.297800925925927,63.112233796296294,0.0,3.0,0.0,0.125,0.0,403000.0,122,7750.0,0,3,2,2,train,-1.0,2,1,1,5.0,0.0,0.0,229.2,0.0,-1.0,-1.0,-1.0,4
PH003535,AC001341,4,3,0,1,0,-1.0,-1.0,-1.0,-1.0,-1.0,-1.0,-1.0,-1.0,-1.0,-1.0,-1.0,-1.0,-1.0,-1.0,-1.0,-1.0,-1.0,-1.0,-1.0,403000.0,122,7750.0,0,3,2,2,train,-1.0,2,1,1,5.0,0.0,0.0,229.2,0.0,-1.0,-1.0,-1.0,4
PH003539,AC001344,3,0,1,0,0,12.0,0.0,0.0,0.0,0.0,24.916666666666668,3.25,39.0,0.9166666666666666,0.0,1.0,1.0,24.291597222222222,84.4053587962963,0.0,1.0,0.0,0.0,1.0,1094400.0,53,22800.0,0,1,1,1,train,0.68,5,2,1,2.0,2.0,0.0,736.5,1.0,1.0,23300.0,23300.0,2
PH003540,AC001344,4,1,0,0,0,8.0,0.0,0.0,1.0,0.0,19.25,35.75,138.0,0.625,0.125,1.0,1.0,52.25725694444444,67.3719675925926,0.0,0.0,1.0,0.125,1.0,1094400.0,53,22800.0,0,1,1,1,train,0.68,5,2,1,2.0,2.0,0.0,736.5,1.0,1.0,23300.0,23300.0,2
PH003541,AC001345,3,0,1,0,0,10.0,0.0,0.0,0.0,0.0,28.6,78.6,333.0,0.6,0.0,1.0,1.0,56.297662037037036,84.37386574074074,0.0,0.0,0.0,0.0,1.0,174200.0,131,6700.0,0,1,3,2,train,0.74,2,1,1,3.0,1.0,0.0,612.0,0.3333333333333333,1.0,33500.0,33500.0,1
PH003549,AC001348,3,0,0,0,0,2.0,2.0,0.0,0.0,0.0,15.5,23.5,28.0,0.0,0.0,1.0,1.0,84.24855324074075,88.39268518518519,0.0,0.0,2.0,1.0,1.0,53950.0,153,4150.0,0,2,1,1,train,0.42,5,0,1,9.0,2.0,1.0,332.0,0.2222222222222222,-1.0,-1.0,-1.0,3
PH003550,AC001348,1,1,1,0,0,15.0,0.0,0.0,0.0,0.0,25.533333333333335,40.6,139.0,0.6,0.0,1.0,1.0,11.39855324074074,84.06928240740741,0.0,3.0,0.0,0.0,1.0,53950.0,153,4150.0,0,2,1,1,train,0.42,5,0,1,9.0,2.0,1.0,332.0,0.2222222222222222,-1.0,-1.0,-1.0,3
PH003551,AC001348,4,2,1,0,0,9.0,1.0,0.0,0.0,0.0,22.77777777777778,48.888888888888886,135.0,0.4444444444444444,0.0,1.0,1.0,47.40158564814815,73.19945601851852,0.0,0.0,1.0,0.1111111111111111,1.0,53950.0,153,4150.0,0,2,1,1,train,0.42,5,0,1,9.0,2.0,1.0,332.0,0.2222222222222222,-1.0,-1.0,-1.0,3
PH003555,AC001350,3,0,0,0,0,12.0,0.0,0.0,1.0,0.0,24.5,0.0,0.0,1.0,0.08333333333333333,1.0,1.0,14.347997685185184,89.30851851851853,0.0,2.0,0.0,0.08333333333333333,0.0,324450.0,38,15450.0,1,3,1,1,train,-1.0,2,1,1,5.0,1.0,2.0,240.8,0.2,1.0,30900.0,30900.0,2
PH003556,AC001350,1,1,1,0,0,13.0,1.0,0.0,0.0,0.0,22.076923076923077,5.461538461538462,60.0,0.8461538461538461,0.0,1.0,1.0,38.254444444444445,64.39390046296296,0.0,0.0,0.0,0.07692307692307693,1.0,324450.0,38,15450.0,1,3,1,1,train,-1.0,2,1,1,5.0,1.0,2.0,240.8,0.2,1.0,30900.0,30900.0,2
PH003557,AC001351,3,0,1,0,0,24.0,0.0,0.0,0.0,0.0,29.541666666666668,57.875,345.0,0.7083333333333334,0.0,2.0,2.0,15.349074074074075,87.31148148148148,0.0,3.0,0.0,0.0,1.0,70200.0,19,2700.0,1,1,1,0,train,-1.0,5,1,1,-1.0,-1.0,-1.0,-1.0,-1.0,1.0,1700.0,1700.0,5
PH003558,AC001351,0,1,1,0,0,-1.0,-1.0,-1.0,-1.0,-1.0,-1.0,-1.0,-1.0,-1.0,-1.0,-1.0,-1.0,-1.0,-1.0,-1.0,-1.0,-1.0,-1.0,-1.0,70200.0,19,2700.0,1,1,1,0,train,-1.0,5,1,1,-1.0,-1.0,-1.0,-1.0,-1.0,1.0,1700.0,1700.0,5
PH003559,AC001351,1,2,0,0,0,-1.0,-1.0,-1.0,-1.0,-1.0,-1.0,-1.0,-1.0,-1.0,-1.0,-1.0,-1.0,-1.0,-1.0,-1.0,-1.0,-1.0,-1.0,-1.0,70200.0,19,2700.0,1,1,1,0,train,-1.0,5,1,1,-1.0,-1.0,-1.0,-1.0,-1.0,1.0,1700.0,1700.0,5
PH000412,AC001351,2,3,0,0,0,-1.0,-1.0,-1.0,-1.0,-1.0,-1.0,-1.0,-1.0,-1.0,-1.0,-1.0,-1.0,-1.0,-1.0,-1.0,-1.0,-1.0,-1.0,-1.0,70200.0,19,2700.0,1,1,1,0,train,-1.0,5,1,1,-1.0,-1.0,-1.0,-1.0,-1.0,1.0,1700.0,1700.0,5
PH003560,AC001351,4,4,0,0,0,-1.0,-1.0,-1.0,-1.0,-1.0,-1.0,-1.0,-1.0,-1.0,-1.0,-1.0,-1.0,-1.0,-1.0,-1.0,-1.0,-1.0,-1.0,-1.0,70200.0,19,2700.0,1,1,1,0,train,-1.0,5,1,1,-1.0,-1.0,-1.0,-1.0,-1.0,1.0,1700.0,1700.0,5
PH003561,AC001352,3,0,1,0,0,13.0,0.0,1.0,2.0,0.0,20.846153846153847,24.923076923076923,240.0,0.8461538461538461,0.23076923076923078,2.0,2.0,55.413587962962964,88.36008101851851,0.0,0.0,0.0,0.23076923076923078,1.0,41400.0,2,3450.0,2,1,2,1,train,-1.0,0,1,1,-1.0,-1.0,-1.0,-1.0,-1.0,1.0,3450.0,3450.0,3
PH003562,AC001352,0,1,0,0,0,-1.0,-1.0,-1.0,-1.0,-1.0,-1.0,-1.0,-1.0,-1.0,-1.0,-1.0,-1.0,-1.0,-1.0,-1.0,-1.0,-1.0,-1.0,-1.0,41400.0,2,3450.0,2,1,2,1,train,-1.0,0,1,1,-1.0,-1.0,-1.0,-1.0,-1.0,1.0,3450.0,3450.0,3
PH003563,AC001352,4,2,0,0,0,-1.0,-1.0,-1.0,-1.0,-1.0,-1.0,-1.0,-1.0,-1.0,-1.0,-1.0,-1.0,-1.0,-1.0,-1.0,-1.0,-1.0,-1.0,-1.0,41400.0,2,3450.0,2,1,2,1,train,-1.0,0,1,1,-1.0,-1.0,-1.0,-1.0,-1.0,1.0,3450.0,3450.0,3
PH003564,AC001353,3,0,1,0,0,24.0,0.0,6.0,2.0,0.0,19.166666666666668,34.541666666666664,375.0,0.8333333333333334,0.3333333333333333,1.0,1.0,30.196319444444445,89.33261574074074,0.0,0.0,0.0,0.3333333333333333,1.0,108650.0,434,2050.0,0,2,3,2,train,-1.0,5,0,1,9.0,0.0,4.0,210.44444444444446,0.0,-1.0,-1.0,-1.0,2
PH003567,AC001355,3,0,1,0,0,36.0,0.0,0.0,1.0,0.0,21.88888888888889,6.944444444444445,250.0,0.9722222222222222,0.027777777777777776,1.0,1.0,2.2802430555555557,89.44737268518519,4.0,10.0,1.0,0.027777777777777776,1.0,59400.0,99,1650.0,0,1,2,2,train,0.25,3,0,1,9.0,0.0,2.0,221.88888888888889,0.0,-1.0,-1.0,-1.0,1
PH003568,AC001356,3,0,1,0,0,12.0,0.0,0.0,2.0,0.0,28.416666666666668,5.5,66.0,0.9166666666666666,0.16666666666666666,1.0,1.0,54.10635416666667,88.33186342592593,0.0,0.0,1.0,0.16666666666666666,1.0,86400.0,232,5400.0,0,3,1,1,train,0.5,0,1,1,7.0,0.0,4.0,212.28571428571428,0.0,1.0,43200.0,43200.0,2
PH003569,AC001356,4,1,1,0,0,9.0,0.0,0.0,0.0,0.0,31.666666666666668,30.88888888888889,204.0,0.7777777777777778,0.0,1.0,1.0,21.421921296296297,51.38172453703704,0.0,3.0,0.0,0.0,1.0,86400.0,232,5400.0,0,3,1,1,train,0.5,0,1,1,7.0,0.0,4.0,212.28571428571428,0.0,1.0,43200.0,43200.0,2
PH003572,AC001358,3,0,1,0,0,27.0,0.0,0.0,3.0,0.0,22.85185185185185,58.074074074074076,407.0,0.6666666666666666,0.1111111111111111,1.0,1.0,4.379224537037037,89.30831018518519,2.0,7.0,1.0,0.1111111111111111,1.0,150100.0,46,3950.0,1,3,2,0,train,0.85,2,1,1,-1.0,-1.0,-1.0,-1.0,-1.0,1.0,4900.0,4900.0,1
PH003573,AC001359,3,0,1,0,0,12.0,0.0,0.0,0.0,0.0,22.5,39.083333333333336,235.0,0.6666666666666666,0.0,1.0,1.0,40.22456018518518,86.36677083333333,0.0,0.0,0.0,0.0,1.0,831900.0,43,17700.0,0,2,1,0,train,0.74,2,1,0,3.0,1.0,0.0,680.6666666666666,0.3333333333333333,2.0,35400.0,17700.0,1
PH003574,AC001360,3,0,1,0,0,9.0,0.0,0.0,0.0,0.0,28.333333333333332,5.888888888888889,53.0,0.8888888888888888,0.0,1.0,1.0,58.409814814814816,89.29328703703703,0.0,0.0,0.0,0.0,1.0,288600.0,179,7400.0,0,1,10,5,train,0.0,0,2,1,2.0,0.0,0.0,369.0,0.0,1.0,44400.0,44400.0,2
PH003575,AC001360,4,1,0,0,0,-1.0,-1.0,-1.0,-1.0,-1.0,-1.0,-1.0,-1.0,-1.0,-1.0,-1.0,-1.0,-1.0,-1.0,-1.0,-1.0,-1.0,-1.0,-1.0,288600.0,179,7400.0,0,1,10,5,train,0.0,0,2,1,2.0,0.0,0.0,369.0,0.0,1.0,44400.0,44400.0,2
PH003576,AC001361,3,0,1,0,0,8.0,0.0,0.0,1.0,0.0,17.125,11.0,67.0,0.75,0.125,1.0,1.0,79.33188657407408,89.29888888888888,0.0,0.0,1.0,0.125,1.0,81600.0,57,2400.0,1,0,2,2,train,-1.0,1,2,1,-1.0,-1.0,-1.0,-1.0,-1.0,2.0,4800.0,2400.0,2
PH003577,AC001361,4,1,0,0,0,-1.0,-1.0,-1.0,-1.0,-1.0,-1.0,-1.0,-1.0,-1.0,-1.0,-1.0,-1.0,-1.0,-1.0,-1.0,-1.0,-1.0,-1.0,-1.0,81600.0,57,2400.0,1,0,2,2,train,-1.0,1,2,1,-1.0,-1.0,-1.0,-1.0,-1.0,2.0,4800.0,2400.0,2
PH003581,AC001363,3,0,0,0,0,7.0,2.0,0.0,0.0,0.0,28.285714285714285,9.0,36.0,0.7142857142857143,0.0,1.0,1.0,67.42143518518519,88.33321759259259,0.0,0.0,1.0,0.2857142857142857,1.0,279650.0,422,5950.0,0,0,1,1,train,-1.0,0,1,1,7.0,2.0,1.0,299.14285714285717,0.2857142857142857,1.0,71400.0,71400.0,3
PH003582,AC001363,0,1,0,0,0,8.0,0.0,0.0,2.0,0.0,13.25,0.0,0.0,1.0,0.25,1.0,1.0,17.01685185185185,62.33091435185185,0.0,3.0,2.0,0.25,0.0,279650.0,422,5950.0,0,0,1,1,train,-1.0,0,1,1,7.0,2.0,1.0,299.14285714285717,0.2857142857142857,1.0,71400.0,71400.0,3
PH003583,AC001363,4,2,1,0,0,1.0,0.0,0.0,0.0,0.0,17.0,50.0,50.0,0.0,0.0,1.0,1.0,13.293923611111111,13.293923611111111,0.0,1.0,0.0,0.0,1.0,279650.0,422,5950.0,0,0,1,1,train,-1.0,0,1,1,7.0,2.0,1.0,299.14285714285717,0.2857142857142857,1.0,71400.0,71400.0,3
PH003584,AC001364,3,0,0,0,0,19.0,2.0,11.0,1.0,0.0,11.31578947368421,1.7894736842105263,22.0,0.8947368421052632,0.631578947368421,1.0,1.0,39.113368055555554,89.38930555555555,0.0,0.0,5.0,0.7368421052631579,1.0,93100.0,55,1900.0,0,4,1,1,train,-1.0,5,0,1,2.0,0.0,1.0,76.5,0.0,-1.0,-1.0,-1.0,1
PH003585,AC001365,3,0,1,0,0,7.0,0.0,0.0,0.0,0.0,25.142857142857142,68.71428571428571,276.0,0.5714285714285714,0.0,1.0,1.0,67.0341087962963,88.32760416666666,0.0,0.0,0.0,0.0,1.0,36800.0,188,2300.0,0,0,4,1,train,-1.0,1,2,1,3.0,2.0,1.0,552.3333333333334,0.6666666666666666,2.0,16100.0,8050.0,1
PH003588,AC001367,3,0,0,0,0,8.0,0.0,7.0,1.0,0.0,0.0,0.0,0.0,1.0,1.0,1.0,1.0,79.21849537037038,87.34380787037037,0.0,0.0,5.0,1.0,0.0,262400.0,40,6400.0,0,6,0,0,train,0.13,0,1,1,-1.0,-1.0,-1.0,-1.0,-1.0,2.0,12800.0,6400.0,4
PH003589,AC001367,0,1,1,0,0,16.0,0.0,0.0,2.0,0.0,20.25,50.0,258.0,0.625,0.125,1.0,1.0,4.340578703703704,73.34252314814815,1.0,5.0,0.0,0.125,1.0,262400.0,40,6400.0,0,6,0,0,train,0.13,0,1,1,-1.0,-1.0,-1.0,-1.0,-1.0,2.0,12800.0,6400.0,4
PH003590,AC001367,1,2,0,0,0,-1.0,-1.0,-1.0,-1.0,-1.0,-1.0,-1.0,-1.0,-1.0,-1.0,-1.0,-1.0,-1.0,-1.0,-1.0,-1.0,-1.0,-1.0,-1.0,262400.0,40,6400.0,0,6,0,0,train,0.13,0,1,1,-1.0,-1.0,-1.0,-1.0,-1.0,2.0,12800.0,6400.0,4
PH003591,AC001367,4,3,0,0,0,-1.0,-1.0,-1.0,-1.0,-1.0,-1.0,-1.0,-1.0,-1.0,-1.0,-1.0,-1.0,-1.0,-1.0,-1.0,-1.0,-1.0,-1.0,-1.0,262400.0,40,6400.0,0,6,0,0,train,0.13,0,1,1,-1.0,-1.0,-1.0,-1.0,-1.0,2.0,12800.0,6400.0,4
PH003592,AC001368,3,0,1,0,0,15.0,0.0,7.0,2.0,0.0,10.0,5.666666666666667,54.0,0.8666666666666667,0.6,1.0,1.0,30.165949074074074,88.26375,0.0,0.0,0.0,0.6,1.0,149600.0,62,9350.0,0,4,2,1,train,0.63,0,1,1,7.0,2.0,0.0,449.14285714285717,0.2857142857142857,-1.0,-1.0,-1.0,3
PH003593,AC001368,0,1,1,0,0,5.0,0.0,0.0,0.0,0.0,19.6,85.4,331.0,0.4,0.0,1.0,1.0,14.276423611111111,28.330069444444444,0.0,5.0,0.0,0.0,1.0,149600.0,62,9350.0,0,4,2,1,train,0.63,0,1,1,7.0,2.0,0.0,449.14285714285717,0.2857142857142857,-1.0,-1.0,-1.0,3
PH003594,AC001368,1,2,0,0,0,-1.0,-1.0,-1.0,-1.0,-1.0,-1.0,-1.0,-1.0,-1.0,-1.0,-1.0,-1.0,-1.0,-1.0,-1.0,-1.0,-1.0,-1.0,-1.0,149600.0,62,9350.0,0,4,2,1,train,0.63,0,1,1,7.0,2.0,0.0,449.14285714285717,0.2857142857142857,-1.0,-1.0,-1.0,3
PH003597,AC001370,3,0,0,0,0,-1.0,-1.0,-1.0,-1.0,-1.0,-1.0,-1.0,-1.0,-1.0,-1.0,-1.0,-1.0,-1.0,-1.0,-1.0,-1.0,-1.0,-1.0,-1.0,364800.0,0,11400.0,1,4,0,0,train,0.74,0,1,1,-1.0,-1.0,-1.0,-1.0,-1.0,1.0,11400.0,11400.0,2
PH000283,AC001370,2,1,0,0,0,16.0,1.0,0.0,1.0,0.0,12.375,53.8125,139.0,0.3125,0.0625,1.0,1.0,11.32289351851852,54.28041666666667,0.0,5.0,0.0,0.125,1.0,364800.0,0,11400.0,1,4,0,0,train,0.74,0,1,1,-1.0,-1.0,-1.0,-1.0,-1.0,1.0,11400.0,11400.0,2
PH003598,AC001371,3,0,1,0,0,14.0,0.0,0.0,2.0,0.0,24.142857142857142,11.428571428571429,128.0,0.8571428571428571,0.14285714285714285,2.0,2.0,14.414537037037038,74.42871527777778,0.0,5.0,0.0,0.14285714285714285,1.0,35100.0,13,1350.0,0,0,1,1,train,-1.0,3,0,0,-1.0,-1.0,-1.0,-1.0,-1.0,-1.0,-1.0,-1.0,2
PH003599,AC001371,1,1,1,0,0,18.0,0.0,7.0,1.0,0.0,16.38888888888889,45.94444444444444,382.0,0.8333333333333334,0.4444444444444444,1.0,1.0,16.25380787037037,76.32234953703704,0.0,8.0,0.0,0.4444444444444444,1.0,35100.0,13,1350.0,0,0,1,1,train,-1.0,3,0,0,-1.0,-1.0,-1.0,-1.0,-1.0,-1.0,-1.0,-1.0,2
PH003600,AC001372,3,0,1,0,0,19.0,0.0,5.0,1.0,0.0,12.947368421052632,56.473684210526315,411.0,0.7894736842105263,0.3157894736842105,1.0,1.0,37.4294212962963,88.3402199074074,0.0,0.0,0.0,0.3157894736842105,1.0,52200.0,79,4350.0,0,2,2,0,train,0.45,0,1,1,9.0,1.0,3.0,298.22222222222223,0.1111111111111111,-1.0,-1.0,-1.0,4
PH003601,AC001372,0,1,0,0,0,6.0,0.0,0.0,0.0,0.0,37.166666666666664,0.0,0.0,1.0,0.0,1.0,1.0,3.290763888888889,33.32748842592593,2.0,5.0,0.0,0.0,0.0,52200.0,79,4350.0,0,2,2,0,train,0.45,0,1,1,9.0,1.0,3.0,298.22222222222223,0.1111111111111111,-1.0,-1.0,-1.0,4
PH003602,AC001372,1,2,0,0,0,-1.0,-1.0,-1.0,-1.0,-1.0,-1.0,-1.0,-1.0,-1.0,-1.0,-1.0,-1.0,-1.0,-1.0,-1.0,-1.0,-1.0,-1.0,-1.0,52200.0,79,4350.0,0,2,2,0,train,0.45,0,1,1,9.0,1.0,3.0,298.22222222222223,0.1111111111111111,-1.0,-1.0,-1.0,4
PH003603,AC001372,4,3,0,0,0,-1.0,-1.0,-1.0,-1.0,-1.0,-1.0,-1.0,-1.0,-1.0,-1.0,-1.0,-1.0,-1.0,-1.0,-1.0,-1.0,-1.0,-1.0,-1.0,52200.0,79,4350.0,0,2,2,0,train,0.45,0,1,1,9.0,1.0,3.0,298.22222222222223,0.1111111111111111,-1.0,-1.0,-1.0,4
PH003605,AC001374,3,0,1,0,0,8.0,0.0,0.0,0.0,0.0,39.5,0.0,0.0,1.0,0.0,2.0,2.0,68.41109953703703,87.39658564814815,0.0,0.0,0.0,0.0,0.0,1146800.0,0,24400.0,1,6,1,0,train,-1.0,4,2,1,-1.0,-1.0,-1.0,-1.0,-1.0,1.0,24400.0,24400.0,2
PH003606,AC001374,4,1,1,0,0,7.0,0.0,0.0,0.0,0.0,18.0,60.42857142857143,141.0,0.2857142857142857,0.0,1.0,1.0,38.234537037037036,67.26224537037037,0.0,0.0,0.0,0.0,1.0,1146800.0,0,24400.0,1,6,1,0,train,-1.0,4,2,1,-1.0,-1.0,-1.0,-1.0,-1.0,1.0,24400.0,24400.0,2
PH003607,AC001375,3,0,1,0,0,9.0,0.0,0.0,0.0,0.0,32.888888888888886,4.444444444444445,40.0,0.8888888888888888,0.0,2.0,2.0,33.11741898148148,89.3020138888889,0.0,0.0,0.0,0.0,1.0,162000.0,27,4500.0,0,5,1,0,train,-1.0,5,1,1,-1.0,-1.0,-1.0,-1.0,-1.0,1.0,4500.0,4500.0,3
PH003608,AC001375,1,1,0,0,0,7.0,2.0,0.0,1.0,0.0,22.714285714285715,3.857142857142857,14.0,0.7142857142857143,0.14285714285714285,1.0,1.0,54.284814814814816,80.06730324074074,0.0,0.0,1.0,0.42857142857142855,1.0,162000.0,27,4500.0,0,5,1,0,train,-1.0,5,1,1,-1.0,-1.0,-1.0,-1.0,-1.0,1.0,4500.0,4500.0,3
PH003609,AC001375,4,2,0,0,0,9.0,0.0,0.0,0.0,0.0,29.0,34.666666666666664,125.0,0.5555555555555556,0.0,1.0,1.0,33.36788194444444,53.37467592592593,0.0,0.0,0.0,0.0,1.0,162000.0,27,4500.0,0,5,1,0,train,-1.0,5,1,1,-1.0,-1.0,-1.0,-1.0,-1.0,1.0,4500.0,4500.0,3
PH003610,AC001376,3,0,0,0,1,2.0,2.0,0.0,0.0,0.0,14.0,21.0,24.0,0.0,0.0,1.0,1.0,81.31630787037037,82.27700231481481,0.0,0.0,2.0,1.0,1.0,77900.0,51,2050.0,0,6,1,0,train,0.52,5,2,1,3.0,1.0,0.0,413.6666666666667,0.3333333333333333,-1.0,-1.0,-1.0,2
PH003611,AC001376,0,1,0,0,0,34.0,0.0,1.0,5.0,0.0,19.764705882352942,0.0,0.0,1.0,0.17647058823529413,1.0,1.0,3.3982638888888888,81.00462962962963,4.0,9.0,0.0,0.17647058823529413,0.0,77900.0,51,2050.0,0,6,1,0,train,0.52,5,2,1,3.0,1.0,0.0,413.6666666666667,0.3333333333333333,-1.0,-1.0,-1.0,2
PH003612,AC001377,3,0,1,0,0,16.0,0.0,0.0,0.0,0.0,27.0,73.125,420.0,0.625,0.0,2.0,2.0,49.02125,89.29178240740741,0.0,0.0,0.0,0.0,1.0,72000.0,21,4800.0,1,0,0,0,train,0.61,2,1,1,-1.0,-1.0,-1.0,-1.0,-1.0,2.0,4800.0,2400.0,2
PH003613,AC001377,4,1,0,0,0,-1.0,-1.0,-1.0,-1.0,-1.0,-1.0,-1.0,-1.0,-1.0,-1.0,-1.0,-1.0,-1.0,-1.0,-1.0,-1.0,-1.0,-1.0,-1.0,72000.0,21,4800.0,1,0,0,0,train,0.61,2,1,1,-1.0,-1.0,-1.0,-1.0,-1.0,2.0,4800.0,2400.0,2
PH003617,AC001379,3,0,1,0,0,12.0,0.0,0.0,0.0,0.0,25.083333333333332,29.833333333333332,223.0,0.6666666666666666,0.0,1.0,1.0,54.16019675925926,82.40770833333333,0.0,0.0,0.0,0.0,1.0,183000.0,38,15250.0,1,0,3,1,train,-1.0,0,1,1,-1.0,-1.0,-1.0,-1.0,-1.0,2.0,30500.0,15250.0,4
PH003618,AC001379,1,1,0,0,0,-1.0,-1.0,-1.0,-1.0,-1.0,-1.0,-1.0,-1.0,-1.0,-1.0,-1.0,-1.0,-1.0,-1.0,-1.0,-1.0,-1.0,-1.0,-1.0,183000.0,38,15250.0,1,0,3,1,train,-1.0,0,1,1,-1.0,-1.0,-1.0,-1.0,-1.0,2.0,30500.0,15250.0,4
PH000470,AC001379,2,2,0,1,0,-1.0,-1.0,-1.0,-1.0,-1.0,-1.0,-1.0,-1.0,-1.0,-1.0,-1.0,-1.0,-1.0,-1.0,-1.0,-1.0,-1.0,-1.0,-1.0,183000.0,38,15250.0,1,0,3,1,train,-1.0,0,1,1,-1.0,-1.0,-1.0,-1.0,-1.0,2.0,30500.0,15250.0,4
PH003619,AC001379,4,3,0,0,0,-1.0,-1.0,-1.0,-1.0,-1.0,-1.0,-1.0,-1.0,-1.0,-1.0,-1.0,-1.0,-1.0,-1.0,-1.0,-1.0,-1.0,-1.0,-1.0,183000.0,38,15250.0,1,0,3,1,train,-1.0,0,1,1,-1.0,-1.0,-1.0,-1.0,-1.0,2.0,30500.0,15250.0,4
PH003622,AC001381,3,0,1,0,0,17.0,0.0,0.0,1.0,0.0,22.058823529411764,46.470588235294116,363.0,0.6470588235294118,0.058823529411764705,2.0,2.0,2.4000578703703703,88.33100694444444,2.0,9.0,0.0,0.058823529411764705,1.0,1080000.0,9,24000.0,1,2,0,0,train,0.47,5,2,1,-1.0,-1.0,-1.0,-1.0,-1.0,-1.0,-1.0,-1.0,3
PH003623,AC001381,0,1,0,0,0,-1.0,-1.0,-1.0,-1.0,-1.0,-1.0,-1.0,-1.0,-1.0,-1.0,-1.0,-1.0,-1.0,-1.0,-1.0,-1.0,-1.0,-1.0,-1.0,1080000.0,9,24000.0,1,2,0,0,train,0.47,5,2,1,-1.0,-1.0,-1.0,-1.0,-1.0,-1.0,-1.0,-1.0,3
PH003624,AC001381,4,2,0,0,0,-1.0,-1.0,-1.0,-1.0,-1.0,-1.0,-1.0,-1.0,-1.0,-1.0,-1.0,-1.0,-1.0,-1.0,-1.0,-1.0,-1.0,-1.0,-1.0,1080000.0,9,24000.0,1,2,0,0,train,0.47,5,2,1,-1.0,-1.0,-1.0,-1.0,-1.0,-1.0,-1.0,-1.0,3
PH003625,AC001382,3,0,1,0,0,19.0,0.0,0.0,1.0,0.0,28.157894736842106,44.31578947368421,354.0,0.6842105263157895,0.05263157894736842,2.0,2.0,0.01275462962962963,86.29886574074074,3.0,9.0,1.0,0.05263157894736842,1.0,88550.0,20,3850.0,0,0,2,0,train,0.51,2,2,1,-1.0,-1.0,-1.0,-1.0,-1.0,-1.0,-1.0,-1.0,3
PH003626,AC001382,1,1,0,0,0,-1.0,-1.0,-1.0,-1.0,-1.0,-1.0,-1.0,-1.0,-1.0,-1.0,-1.0,-1.0,-1.0,-1.0,-1.0,-1.0,-1.0,-1.0,-1.0,88550.0,20,3850.0,0,0,2,0,train,0.51,2,2,1,-1.0,-1.0,-1.0,-1.0,-1.0,-1.0,-1.0,-1.0,3
PH003627,AC001382,4,2,0,0,0,-1.0,-1.0,-1.0,-1.0,-1.0,-1.0,-1.0,-1.0,-1.0,-1.0,-1.0,-1.0,-1.0,-1.0,-1.0,-1.0,-1.0,-1.0,-1.0,88550.0,20,3850.0,0,0,2,0,train,0.51,2,2,1,-1.0,-1.0,-1.0,-1.0,-1.0,-1.0,-1.0,-1.0,3
PH003628,AC001383,3,0,0,0,0,13.0,0.0,12.0,1.0,0.0,0.0,0.0,0.0,1.0,1.0,1.0,1.0,5.376724537037037,81.31408564814815,1.0,5.0,5.0,1.0,0.0,264600.0,161,18900.0,0,2,4,2,train,0.27,5,2,1,4.0,4.0,0.0,928.25,1.0,2.0,63100.0,31550.0,2
PH003629,AC001383,4,1,1,0,0,16.0,1.0,0.0,0.0,0.0,31.1875,18.0625,95.0,0.75,0.0,1.0,1.0,11.146157407407408,68.41313657407407,0.0,6.0,0.0,0.0625,1.0,264600.0,161,18900.0,0,2,4,2,train,0.27,5,2,1,4.0,4.0,0.0,928.25,1.0,2.0,63100.0,31550.0,2
PH003630,AC001384,3,0,1,0,0,29.0,0.0,1.0,2.0,0.0,20.689655172413794,57.89655172413793,419.0,0.6551724137931034,0.10344827586206896,1.0,1.0,0.2878819444444444,88.29653935185185,2.0,4.0,1.0,0.10344827586206896,1.0,170200.0,45,3700.0,1,2,1,1,train,1.0,1,1,1,3.0,0.0,2.0,102.0,0.0,-1.0,-1.0,-1.0,2
PH003631,AC001384,0,1,0,0,0,-1.0,-1.0,-1.0,-1.0,-1.0,-1.0,-1.0,-1.0,-1.0,-1.0,-1.0,-1.0,-1.0,-1.0,-1.0,-1.0,-1.0,-1.0,-1.0,170200.0,45,3700.0,1,2,1,1,train,1.0,1,1,1,3.0,0.0,2.0,102.0,0.0,-1.0,-1.0,-1.0,2
PH003632,AC001385,3,0,0,0,0,4.0,0.0,0.0,0.0,0.0,27.0,0.0,0.0,1.0,0.0,1.0,1.0,64.27734953703704,74.37662037037038,0.0,0.0,0.0,0.0,0.0,269800.0,85,7100.0,0,1,1,0,train,0.43,2,1,1,3.0,1.0,0.0,611.0,0.3333333333333333,1.0,21300.0,21300.0,4
PH003633,AC001385,0,1,0,0,0,-1.0,-1.0,-1.0,-1.0,-1.0,-1.0,-1.0,-1.0,-1.0,-1.0,-1.0,-1.0,-1.0,-1.0,-1.0,-1.0,-1.0,-1.0,-1.0,269800.0,85,7100.0,0,1,1,0,train,0.43,2,1,1,3.0,1.0,0.0,611.0,0.3333333333333333,1.0,21300.0,21300.0,4
PH003634,AC001385,1,2,0,0,0,-1.0,-1.0,-1.0,-1.0,-1.0,-1.0,-1.0,-1.0,-1.0,-1.0,-1.0,-1.0,-1.0,-1.0,-1.0,-1.0,-1.0,-1.0,-1.0,269800.0,85,7100.0,0,1,1,0,train,0.43,2,1,1,3.0,1.0,0.0,611.0,0.3333333333333333,1.0,21300.0,21300.0,4
PH003635,AC001385,4,3,0,0,0,-1.0,-1.0,-1.0,-1.0,-1.0,-1.0,-1.0,-1.0,-1.0,-1.0,-1.0,-1.0,-1.0,-1.0,-1.0,-1.0,-1.0,-1.0,-1.0,269800.0,85,7100.0,0,1,1,0,train,0.43,2,1,1,3.0,1.0,0.0,611.0,0.3333333333333333,1.0,21300.0,21300.0,4
PH003638,AC001387,3,0,0,0,0,8.0,0.0,0.0,0.0,0.0,18.375,0.0,0.0,1.0,0.0,1.0,1.0,70.0045138888889,89.30083333333333,0.0,0.0,0.0,0.0,0.0,69600.0,174,2900.0,0,3,7,5,train,-1.0,5,2,1,7.0,2.0,1.0,614.1428571428571,0.2857142857142857,2.0,17400.0,8700.0,2
PH003639,AC001387,4,1,1,0,0,11.0,0.0,0.0,1.0,0.0,22.0,45.63636363636363,145.0,0.6363636363636364,0.09090909090909091,1.0,1.0,26.29138888888889,66.30349537037037,0.0,1.0,1.0,0.09090909090909091,1.0,69600.0,174,2900.0,0,3,7,5,train,-1.0,5,2,1,7.0,2.0,1.0,614.1428571428571,0.2857142857142857,2.0,17400.0,8700.0,2
PH003640,AC001388,3,0,0,0,0,18.0,2.0,6.0,3.0,0.0,15.055555555555555,3.7222222222222223,34.0,0.8333333333333334,0.5,1.0,1.0,14.31775462962963,88.39965277777777,0.0,7.0,5.0,0.6111111111111112,1.0,64800.0,165,2700.0,0,1,2,2,train,-1.0,5,2,1,7.0,5.0,2.0,706.8571428571429,0.7142857142857143,-1.0,-1.0,-1.0,2
PH003641,AC001388,1,1,0,0,0,8.0,2.0,0.0,1.0,0.0,27.625,5.375,23.0,0.75,0.125,1.0,1.0,41.300613425925924,59.073055555555555,0.0,0.0,1.0,0.375,1.0,64800.0,165,2700.0,0,1,2,2,train,-1.0,5,2,1,7.0,5.0,2.0,706.8571428571429,0.7142857142857143,-1.0,-1.0,-1.0,2
PH003642,AC001389,3,0,0,0,0,6.0,0.0,5.0,1.0,0.0,0.0,0.0,0.0,1.0,1.0,2.0,2.0,77.3267824074074,89.4504513888889,0.0,0.0,5.0,1.0,0.0,28350.0,13,4050.0,2,0,1,1,train,-1.0,1,2,1,-1.0,-1.0,-1.0,-1.0,-1.0,1.0,4050.0,4050.0,2
PH003643,AC001389,4,1,0,0,0,-1.0,-1.0,-1.0,-1.0,-1.0,-1.0,-1.0,-1.0,-1.0,-1.0,-1.0,-1.0,-1.0,-1.0,-1.0,-1.0,-1.0,-1.0,-1.0,28350.0,13,4050.0,2,0,1,1,train,-1.0,1,2,1,-1.0,-1.0,-1.0,-1.0,-1.0,1.0,4050.0,4050.0,2
PH003644,AC001390,3,0,1,0,0,1.0,0.0,0.0,0.0,0.0,9.0,52.0,52.0,0.0,0.0,1.0,1.0,86.42043981481481,86.42043981481481,0.0,0.0,0.0,0.0,1.0,155750.0,59,4450.0,1,3,0,0,train,-1.0,0,1,1,-1.0,-1.0,-1.0,-1.0,-1.0,1.0,8900.0,8900.0,1
PH003645,AC001391,3,0,1,0,0,7.0,0.0,0.0,0.0,0.0,18.285714285714285,56.57142857142857,293.0,0.5714285714285714,0.0,1.0,1.0,39.36228009259259,88.30898148148148,0.0,0.0,0.0,0.0,1.0,226100.0,75,11900.0,0,0,4,1,train,0.27,0,1,0,1.0,0.0,0.0,167.0,0.0,2.0,35700.0,17850.0,2
PH003646,AC001391,4,1,0,0,0,11.0,0.0,0.0,4.0,0.0,15.181818181818182,30.181818181818183,144.0,0.6363636363636364,0.36363636363636365,1.0,1.0,40.15435185185185,89.28555555555556,0.0,0.0,2.0,0.36363636363636365,1.0,226100.0,75,11900.0,0,0,4,1,train,0.27,0,1,0,1.0,0.0,0.0,167.0,0.0,2.0,35700.0,17850.0,2
PH003647,AC001392,3,0,0,0,0,8.0,1.0,0.0,1.0,0.0,24.5,8.125,27.0,0.625,0.125,1.0,1.0,70.3994212962963,86.26585648148148,0.0,0.0,1.0,0.25,1.0,157500.0,28,11250.0,0,2,1,0,train,0.43,0,1,1,5.0,1.0,2.0,266.0,0.2,-1.0,-1.0,-1.0,3
PH003648,AC001392,0,1,1,0,0,23.0,0.0,0.0,0.0,0.0,31.130434782608695,58.26086956521739,415.0,0.8260869565217391,0.0,1.0,1.0,2.417361111111111,69.4029861111111,2.0,2.0,0.0,0.0,1.0,157500.0,28,11250.0,0,2,1,0,train,0.43,0,1,1,5.0,1.0,2.0,266.0,0.2,-1.0,-1.0,-1.0,3
PH003649,AC001392,4,2,0,0,0,-1.0,-1.0,-1.0,-1.0,-1.0,-1.0,-1.0,-1.0,-1.0,-1.0,-1.0,-1.0,-1.0,-1.0,-1.0,-1.0,-1.0,-1.0,-1.0,157500.0,28,11250.0,0,2,1,0,train,0.43,0,1,1,5.0,1.0,2.0,266.0,0.2,-1.0,-1.0,-1.0,3
PH003650,AC001393,3,0,1,0,0,10.0,0.0,0.0,2.0,0.0,22.6,6.5,65.0,0.9,0.2,1.0,1.0,60.07038194444444,89.44803240740741,0.0,0.0,1.0,0.2,1.0,483750.0,68,11250.0,0,2,4,3,train,0.53,2,1,1,3.0,0.0,1.0,271.6666666666667,0.0,1.0,33750.0,33750.0,2
PH003651,AC001393,4,1,0,0,0,8.0,0.0,0.0,0.0,0.0,22.125,39.5,131.0,0.625,0.0,1.0,1.0,62.297152777777775,82.14979166666667,0.0,0.0,0.0,0.0,1.0,483750.0,68,11250.0,0,2,4,3,train,0.53,2,1,1,3.0,0.0,1.0,271.6666666666667,0.0,1.0,33750.0,33750.0,2
PH003658,AC001396,3,0,1,0,0,25.0,0.0,0.0,2.0,0.0,27.4,28.6,268.0,0.8,0.08,1.0,1.0,2.2421990740740743,89.33513888888889,5.0,13.0,1.0,0.08,1.0,25600.0,194,800.0,0,2,5,3,train,-1.0,3,2,1,-1.0,-1.0,-1.0,-1.0,-1.0,1.0,2700.0,2700.0,2
PH003659,AC001396,1,1,0,0,0,-1.0,-1.0,-1.0,-1.0,-1.0,-1.0,-1.0,-1.0,-1.0,-1.0,-1.0,-1.0,-1.0,-1.0,-1.0,-1.0,-1.0,-1.0,-1.0,25600.0,194,800.0,0,2,5,3,train,-1.0,3,2,1,-1.0,-1.0,-1.0,-1.0,-1.0,1.0,2700.0,2700.0,2
PH003660,AC001397,3,0,1,0,0,25.0,0.0,1.0,1.0,0.0,21.2,43.72,325.0,0.64,0.08,1.0,1.0,32.43119212962963,88.2883449074074,0.0,0.0,0.0,0.08,1.0,69000.0,26,4600.0,2,1,0,0,train,-1.0,5,2,1,-1.0,-1.0,-1.0,-1.0,-1.0,4.0,4600.0,1150.0,2
PH003661,AC001397,0,1,0,0,0,-1.0,-1.0,-1.0,-1.0,-1.0,-1.0,-1.0,-1.0,-1.0,-1.0,-1.0,-1.0,-1.0,-1.0,-1.0,-1.0,-1.0,-1.0,-1.0,69000.0,26,4600.0,2,1,0,0,train,-1.0,5,2,1,-1.0,-1.0,-1.0,-1.0,-1.0,4.0,4600.0,1150.0,2
PH003664,AC001399,3,0,0,0,0,11.0,2.0,7.0,1.0,0.0,5.545454545454546,4.181818181818182,30.0,0.8181818181818182,0.7272727272727273,2.0,2.0,35.116643518518515,88.4481712962963,0.0,0.0,5.0,0.9090909090909091,1.0,138750.0,0,3750.0,1,6,1,1,train,0.57,1,1,1,2.0,1.0,0.0,434.0,0.5,1.0,1700.0,1700.0,2
PH003665,AC001399,1,1,0,0,0,3.0,2.0,0.0,0.0,0.0,18.0,15.666666666666666,33.0,0.3333333333333333,0.0,1.0,1.0,38.25648148148148,52.32321759259259,0.0,0.0,2.0,0.6666666666666666,1.0,138750.0,0,3750.0,1,6,1,1,train,0.57,1,1,1,2.0,1.0,0.0,434.0,0.5,1.0,1700.0,1700.0,2
PH003666,AC001400,3,0,1,0,0,20.0,0.0,0.0,2.0,0.0,21.9,31.15,370.0,0.8,0.1,1.0,1.0,23.127372685185186,85.30710648148148,0.0,3.0,0.0,0.1,1.0,361500.0,182,12050.0,0,4,5,2,train,-1.0,2,1,1,6.0,1.0,1.0,288.3333333333333,0.16666666666666666,1.0,84350.0,84350.0,3
PH003667,AC001400,1,1,0,0,0,-1.0,-1.0,-1.0,-1.0,-1.0,-1.0,-1.0,-1.0,-1.0,-1.0,-1.0,-1.0,-1.0,-1.0,-1.0,-1.0,-1.0,-1.0,-1.0,361500.0,182,12050.0,0,4,5,2,train,-1.0,2,1,1,6.0,1.0,1.0,288.3333333333333,0.16666666666666666,1.0,84350.0,84350.0,3
PH003668,AC001400,4,2,0,0,0,-1.0,-1.0,-1.0,-1.0,-1.0,-1.0,-1.0,-1.0,-1.0,-1.0,-1.0,-1.0,-1.0,-1.0,-1.0,-1.0,-1.0,-1.0,-1.0,361500.0,182,12050.0,0,4,5,2,train,-1.0,2,1,1,6.0,1.0,1.0,288.3333333333333,0.16666666666666666,1.0,84350.0,84350.0,3
PH003669,AC001401,3,0,0,0,0,8.0,1.0,0.0,0.0,0.0,17.875,2.375,19.0,0.875,0.0,2.0,2.0,69.36070601851851,87.37001157407407,0.0,0.0,1.0,0.125,1.0,820800.0,7,17100.0,1,1,1,0,train,-1.0,5,2,1,-1.0,-1.0,-1.0,-1.0,-1.0,-1.0,-1.0,-1.0,3
PH003670,AC001401,0,1,1,0,0,10.0,0.0,0.0,1.0,0.0,29.3,6.9,69.0,0.9,0.1,1.0,1.0,39.22510416666667,58.40157407407408,0.0,0.0,1.0,0.1,1.0,820800.0,7,17100.0,1,1,1,0,train,-1.0,5,2,1,-1.0,-1.0,-1.0,-1.0,-1.0,-1.0,-1.0,-1.0,3
PH003671,AC001401,4,2,0,0,0,13.0,1.0,0.0,1.0,0.0,15.76923076923077,39.15384615384615,150.0,0.46153846153846156,0.07692307692307693,1.0,1.0,0.3057638888888889,38.257789351851855,2.0,7.0,2.0,0.15384615384615385,1.0,820800.0,7,17100.0,1,1,1,0,train,-1.0,5,2,1,-1.0,-1.0,-1.0,-1.0,-1.0,-1.0,-1.0,-1.0,3
PH003672,AC001402,3,0,1,0,0,13.0,0.0,0.0,1.0,0.0,25.53846153846154,53.92307692307692,355.0,0.6923076923076923,0.07692307692307693,1.0,1.0,56.2897337962963,87.39453703703704,0.0,0.0,1.0,0.07692307692307693,1.0,150150.0,30,3850.0,2,0,0,0,train,0.48,2,1,1,-1.0,-1.0,-1.0,-1.0,-1.0,2.0,3850.0,1925.0,3
PH003673,AC001402,0,1,0,0,0,-1.0,-1.0,-1.0,-1.0,-1.0,-1.0,-1.0,-1.0,-1.0,-1.0,-1.0,-1.0,-1.0,-1.0,-1.0,-1.0,-1.0,-1.0,-1.0,150150.0,30,3850.0,2,0,0,0,train,0.48,2,1,1,-1.0,-1.0,-1.0,-1.0,-1.0,2.0,3850.0,1925.0,3
PH000490,AC001402,2,2,0,0,0,-1.0,-1.0,-1.0,-1.0,-1.0,-1.0,-1.0,-1.0,-1.0,-1.0,-1.0,-1.0,-1.0,-1.0,-1.0,-1.0,-1.0,-1.0,-1.0,150150.0,30,3850.0,2,0,0,0,train,0.48,2,1,1,-1.0,-1.0,-1.0,-1.0,-1.0,2.0,3850.0,1925.0,3
PH003674,AC001403,3,0,0,0,1,4.0,2.0,0.0,0.0,0.0,23.5,11.25,30.0,0.5,0.0,1.0,1.0,64.42282407407407,82.4305787037037,0.0,0.0,2.0,0.5,1.0,46800.0,84,1300.0,0,4,1,0,train,-1.0,5,0,0,6.0,4.0,1.0,480.6666666666667,0.6666666666666666,1.0,3900.0,3900.0,2
PH003675,AC001403,4,1,1,0,0,15.0,0.0,0.0,1.0,0.0,19.266666666666666,46.4,143.0,0.5333333333333333,0.06666666666666667,1.0,1.0,28.353761574074074,89.3163888888889,0.0,1.0,0.0,0.06666666666666667,1.0,46800.0,84,1300.0,0,4,1,0,train,-1.0,5,0,0,6.0,4.0,1.0,480.6666666666667,0.6666666666666666,1.0,3900.0,3900.0,2
PH003678,AC001405,3,0,0,0,0,8.0,0.0,0.0,1.0,0.0,21.5,0.0,0.0,1.0,0.125,1.0,1.0,70.16325231481481,89.40988425925926,0.0,0.0,1.0,0.125,0.0,66000.0,60,2200.0,0,1,0,0,train,-1.0,5,2,1,-1.0,-1.0,-1.0,-1.0,-1.0,1.0,4400.0,4400.0,3
PH003679,AC001405,1,1,0,0,0,8.0,0.0,7.0,1.0,0.0,0.0,0.0,0.0,1.0,1.0,1.0,1.0,59.284247685185186,69.28646990740741,0.0,0.0,5.0,1.0,0.0,66000.0,60,2200.0,0,1,0,0,train,-1.0,5,2,1,-1.0,-1.0,-1.0,-1.0,-1.0,1.0,4400.0,4400.0,3
PH003680,AC001405,4,2,1,0,0,1.0,0.0,0.0,0.0,0.0,16.0,18.0,18.0,0.0,0.0,1.0,1.0,56.29537037037037,56.29537037037037,0.0,0.0,0.0,0.0,1.0,66000.0,60,2200.0,0,1,0,0,train,-1.0,5,2,1,-1.0,-1.0,-1.0,-1.0,-1.0,1.0,4400.0,4400.0,3
PH003681,AC001406,3,0,0,0,0,5.0,2.0,0.0,0.0,0.0,20.2,15.0,36.0,0.4,0.0,1.0,1.0,76.25844907407408,82.30341435185186,0.0,0.0,2.0,0.4,1.0,516150.0,351,16650.0,1,2,4,2,train,-1.0,5,2,1,9.0,3.0,1.0,346.77777777777777,0.3333333333333333,2.0,199800.0,99900.0,2
PH003682,AC001406,4,1,1,0,0,20.0,1.0,0.0,2.0,0.0,19.05,32.35,149.0,0.6,0.1,1.0,1.0,2.3770486111111113,75.32505787037037,1.0,7.0,1.0,0.15,1.0,516150.0,351,16650.0,1,2,4,2,train,-1.0,5,2,1,9.0,3.0,1.0,346.77777777777777,0.3333333333333333,2.0,199800.0,99900.0,2
PH003683,AC001407,3,0,0,0,0,-1.0,-1.0,-1.0,-1.0,-1.0,-1.0,-1.0,-1.0,-1.0,-1.0,-1.0,-1.0,-1.0,-1.0,-1.0,-1.0,-1.0,-1.0,-1.0,257600.0,0,11200.0,1,2,1,0,train,-1.0,0,2,1,-1.0,-1.0,-1.0,-1.0,-1.0,1.0,11200.0,11200.0,2
PH003684,AC001407,0,1,0,0,0,-1.0,-1.0,-1.0,-1.0,-1.0,-1.0,-1.0,-1.0,-1.0,-1.0,-1.0,-1.0,-1.0,-1.0,-1.0,-1.0,-1.0,-1.0,-1.0,257600.0,0,11200.0,1,2,1,0,train,-1.0,0,2,1,-1.0,-1.0,-1.0,-1.0,-1.0,1.0,11200.0,11200.0,2
PH003685,AC001408,3,0,1,0,0,39.0,0.0,0.0,1.0,0.0,24.53846153846154,30.333333333333332,410.0,0.8717948717948718,0.02564102564102564,1.0,1.0,3.4147916666666664,89.26930555555556,3.0,5.0,0.0,0.02564102564102564,1.0,127500.0,35,3750.0,0,2,3,2,train,0.68,1,1,1,3.0,1.0,0.0,496.3333333333333,0.3333333333333333,-1.0,-1.0,-1.0,1
PH003686,AC001409,3,0,1,0,0,19.0,0.0,0.0,0.0,0.0,18.157894736842106,57.63157894736842,373.0,0.7368421052631579,0.0,1.0,1.0,6.441608796296296,81.28446759259259,1.0,7.0,0.0,0.0,1.0,68400.0,38,1800.0,1,1,0,0,train,0.64,3,0,1,5.0,0.0,5.0,86.8,0.0,-1.0,-1.0,-1.0,2
PH003687,AC001409,0,1,0,0,0,-1.0,-1.0,-1.0,-1.0,-1.0,-1.0,-1.0,-1.0,-1.0,-1.0,-1.0,-1.0,-1.0,-1.0,-1.0,-1.0,-1.0,-1.0,-1.0,68400.0,38,1800.0,1,1,0,0,train,0.64,3,0,1,5.0,0.0,5.0,86.8,0.0,-1.0,-1.0,-1.0,2
PH003688,AC001410,3,0,1,0,0,43.0,0.0,0.0,1.0,0.0,26.930232558139537,27.046511627906977,323.0,0.813953488372093,0.023255813953488372,2.0,2.0,0.16212962962962962,87.33583333333333,4.0,16.0,0.0,0.023255813953488372,1.0,891250.0,26,28750.0,1,0,1,1,train,0.7,4,2,1,-1.0,-1.0,-1.0,-1.0,-1.0,-1.0,-1.0,-1.0,1
PH003689,AC001411,3,0,1,0,0,9.0,0.0,0.0,0.0,0.0,26.333333333333332,54.333333333333336,418.0,0.6666666666666666,0.0,1.0,1.0,39.428460648148146,81.4018287037037,0.0,0.0,0.0,0.0,1.0,40000.0,159,2000.0,0,3,3,1,train,0.47,5,0,1,5.0,0.0,0.0,362.2,0.0,2.0,12000.0,6000.0,2
PH003690,AC001411,4,1,0,0,0,-1.0,-1.0,-1.0,-1.0,-1.0,-1.0,-1.0,-1.0,-1.0,-1.0,-1.0,-1.0,-1.0,-1.0,-1.0,-1.0,-1.0,-1.0,-1.0,40000.0,159,2000.0,0,3,3,1,train,0.47,5,0,1,5.0,0.0,0.0,362.2,0.0,2.0,12000.0,6000.0,2
PH003692,AC001413,3,0,1,0,0,10.0,0.0,0.0,0.0,0.0,28.9,24.6,141.0,0.7,0.0,2.0,2.0,58.30650462962963,88.34945601851852,0.0,0.0,0.0,0.0,1.0,40000.0,11,4000.0,1,2,0,0,train,0.7,1,0,1,-1.0,-1.0,-1.0,-1.0,-1.0,2.0,4000.0,2000.0,3
PH003693,AC001413,0,1,0,0,0,-1.0,-1.0,-1.0,-1.0,-1.0,-1.0,-1.0,-1.0,-1.0,-1.0,-1.0,-1.0,-1.0,-1.0,-1.0,-1.0,-1.0,-1.0,-1.0,40000.0,11,4000.0,1,2,0,0,train,0.7,1,0,1,-1.0,-1.0,-1.0,-1.0,-1.0,2.0,4000.0,2000.0,3
PH003694,AC001413,4,2,0,0,0,-1.0,-1.0,-1.0,-1.0,-1.0,-1.0,-1.0,-1.0,-1.0,-1.0,-1.0,-1.0,-1.0,-1.0,-1.0,-1.0,-1.0,-1.0,-1.0,40000.0,11,4000.0,1,2,0,0,train,0.7,1,0,1,-1.0,-1.0,-1.0,-1.0,-1.0,2.0,4000.0,2000.0,3
PH003695,AC001414,3,0,1,0,0,2.0,0.0,0.0,0.0,0.0,21.0,27.5,55.0,0.5,0.0,1.0,1.0,83.37719907407407,87.25072916666667,0.0,0.0,0.0,0.0,1.0,85500.0,0,4500.0,2,0,0,0,train,0.48,1,1,1,-1.0,-1.0,-1.0,-1.0,-1.0,2.0,4500.0,2250.0,3
PH003696,AC001414,0,1,0,0,0,-1.0,-1.0,-1.0,-1.0,-1.0,-1.0,-1.0,-1.0,-1.0,-1.0,-1.0,-1.0,-1.0,-1.0,-1.0,-1.0,-1.0,-1.0,-1.0,85500.0,0,4500.0,2,0,0,0,train,0.48,1,1,1,-1.0,-1.0,-1.0,-1.0,-1.0,2.0,4500.0,2250.0,3
PH003697,AC001414,1,2,0,0,0,-1.0,-1.0,-1.0,-1.0,-1.0,-1.0,-1.0,-1.0,-1.0,-1.0,-1.0,-1.0,-1.0,-1.0,-1.0,-1.0,-1.0,-1.0,-1.0,85500.0,0,4500.0,2,0,0,0,train,0.48,1,1,1,-1.0,-1.0,-1.0,-1.0,-1.0,2.0,4500.0,2250.0,3
PH003698,AC001415,3,0,1,0,0,6.0,0.0,0.0,0.0,0.0,25.166666666666668,26.0,105.0,0.6666666666666666,0.0,2.0,2.0,70.32982638888889,87.27420138888888,0.0,0.0,0.0,0.0,1.0,779400.0,0,21650.0,1,1,0,0,train,0.6,4,2,1,-1.0,-1.0,-1.0,-1.0,-1.0,1.0,21650.0,21650.0,3
PH003699,AC001415,0,1,0,0,0,-1.0,-1.0,-1.0,-1.0,-1.0,-1.0,-1.0,-1.0,-1.0,-1.0,-1.0,-1.0,-1.0,-1.0,-1.0,-1.0,-1.0,-1.0,-1.0,779400.0,0,21650.0,1,1,0,0,train,0.6,4,2,1,-1.0,-1.0,-1.0,-1.0,-1.0,1.0,21650.0,21650.0,3
PH003700,AC001415,4,2,0,0,0,-1.0,-1.0,-1.0,-1.0,-1.0,-1.0,-1.0,-1.0,-1.0,-1.0,-1.0,-1.0,-1.0,-1.0,-1.0,-1.0,-1.0,-1.0,-1.0,779400.0,0,21650.0,1,1,0,0,train,0.6,4,2,1,-1.0,-1.0,-1.0,-1.0,-1.0,1.0,21650.0,21650.0,3
PH003701,AC001416,3,0,1,0,0,17.0,1.0,0.0,2.0,0.0,21.235294117647058,29.058823529411764,357.0,0.7058823529411765,0.11764705882352941,1.0,1.0,4.119768518518518,86.3235763888889,3.0,8.0,2.0,0.17647058823529413,1.0,21600.0,160,1800.0,0,3,4,1,train,0.16,3,0,1,-1.0,-1.0,-1.0,-1.0,-1.0,1.0,7000.0,7000.0,2
PH003702,AC001416,4,1,1,0,0,13.0,2.0,0.0,2.0,0.0,17.384615384615383,22.23076923076923,85.0,0.5384615384615384,0.15384615384615385,1.0,1.0,33.41003472222222,69.41604166666667,0.0,0.0,1.0,0.3076923076923077,1.0,21600.0,160,1800.0,0,3,4,1,train,0.16,3,0,1,-1.0,-1.0,-1.0,-1.0,-1.0,1.0,7000.0,7000.0,2
PH003703,AC001417,3,0,1,0,0,24.0,0.0,0.0,1.0,0.0,30.5,41.125,285.0,0.75,0.041666666666666664,1.0,1.0,21.223645833333332,82.42976851851851,0.0,6.0,0.0,0.041666666666666664,1.0,184500.0,15,4100.0,0,1,2,1,train,-1.0,1,0,1,-1.0,-1.0,-1.0,-1.0,-1.0,1.0,4100.0,4100.0,1
PH000194,AC001420,3,0,1,0,0,22.0,2.0,0.0,1.0,0.0,18.636363636363637,40.5,148.0,0.4090909090909091,0.045454545454545456,3.0,2.0,21.2809375,88.37724537037037,0.0,2.0,1.0,0.13636363636363635,1.0,106250.0,102,4250.0,0,4,3,0,train,0.23,5,2,1,7.0,5.0,1.0,619.8571428571429,0.7142857142857143,-1.0,-1.0,-1.0,3
PH003708,AC001420,1,1,1,0,0,9.0,0.0,0.0,1.0,0.0,21.22222222222222,48.55555555555556,356.0,0.7777777777777778,0.1111111111111111,1.0,1.0,2.2709027777777777,17.26934027777778,6.0,9.0,0.0,0.1111111111111111,1.0,106250.0,102,4250.0,0,4,3,0,train,0.23,5,2,1,7.0,5.0,1.0,619.8571428571429,0.7142857142857143,-1.0,-1.0,-1.0,3
PH003709,AC001420,4,2,0,0,0,-1.0,-1.0,-1.0,-1.0,-1.0,-1.0,-1.0,-1.0,-1.0,-1.0,-1.0,-1.0,-1.0,-1.0,-1.0,-1.0,-1.0,-1.0,-1.0,106250.0,102,4250.0,0,4,3,0,train,0.23,5,2,1,7.0,5.0,1.0,619.8571428571429,0.7142857142857143,-1.0,-1.0,-1.0,3
PH003712,AC001422,3,0,0,0,0,7.0,0.0,4.0,3.0,0.0,0.0,0.0,0.0,1.0,1.0,2.0,2.0,67.32653935185185,87.32302083333333,0.0,0.0,5.0,1.0,0.0,37800.0,0,5400.0,2,3,0,0,train,0.86,2,1,1,-1.0,-1.0,-1.0,-1.0,-1.0,1.0,5400.0,5400.0,2
PH003713,AC001422,1,1,0,0,0,-1.0,-1.0,-1.0,-1.0,-1.0,-1.0,-1.0,-1.0,-1.0,-1.0,-1.0,-1.0,-1.0,-1.0,-1.0,-1.0,-1.0,-1.0,-1.0,37800.0,0,5400.0,2,3,0,0,train,0.86,2,1,1,-1.0,-1.0,-1.0,-1.0,-1.0,1.0,5400.0,5400.0,2
PH003716,AC001424,3,0,0,0,0,9.0,2.0,0.0,0.0,0.0,26.77777777777778,4.666666666666667,31.0,0.7777777777777778,0.0,1.0,1.0,10.439849537037038,86.3418287037037,0.0,1.0,0.0,0.2222222222222222,1.0,159600.0,71,8400.0,0,1,1,1,train,-1.0,0,1,1,6.0,1.0,3.0,241.83333333333334,0.16666666666666666,-1.0,-1.0,-1.0,3
PH003717,AC001424,0,1,0,0,0,14.0,0.0,10.0,4.0,0.0,0.0,0.0,0.0,1.0,1.0,1.0,1.0,0.3528125,69.44019675925927,5.0,6.0,5.0,1.0,0.0,159600.0,71,8400.0,0,1,1,1,train,-1.0,0,1,1,6.0,1.0,3.0,241.83333333333334,0.16666666666666666,-1.0,-1.0,-1.0,3
PH003718,AC001424,1,2,0,0,0,8.0,2.0,3.0,0.0,0.0,12.75,12.625,35.0,0.625,0.375,1.0,1.0,11.381296296296297,54.022013888888885,0.0,5.0,3.0,0.625,1.0,159600.0,71,8400.0,0,1,1,1,train,-1.0,0,1,1,6.0,1.0,3.0,241.83333333333334,0.16666666666666666,-1.0,-1.0,-1.0,3
PH003719,AC001425,3,0,0,0,0,8.0,0.0,0.0,0.0,0.0,31.875,0.0,0.0,1.0,0.0,2.0,2.0,55.259050925925926,83.34988425925926,0.0,0.0,0.0,0.0,0.0,63000.0,0,6300.0,1,5,1,0,train,-1.0,0,1,1,-1.0,-1.0,-1.0,-1.0,-1.0,1.0,6300.0,6300.0,4
PH003720,AC001425,0,1,0,0,0,8.0,0.0,0.0,1.0,0.0,25.0,0.0,0.0,1.0,0.125,1.0,1.0,44.37935185185185,53.39019675925926,0.0,0.0,1.0,0.125,0.0,63000.0,0,6300.0,1,5,1,0,train,-1.0,0,1,1,-1.0,-1.0,-1.0,-1.0,-1.0,1.0,6300.0,6300.0,4
PH000592,AC001425,2,2,0,1,0,8.0,1.0,0.0,1.0,0.0,23.5,23.0,70.0,0.625,0.125,1.0,1.0,21.407268518518517,41.24787037037037,0.0,5.0,2.0,0.25,1.0,63000.0,0,6300.0,1,5,1,0,train,-1.0,0,1,1,-1.0,-1.0,-1.0,-1.0,-1.0,1.0,6300.0,6300.0,4
PH003721,AC001425,4,3,1,0,0,2.0,0.0,0.0,0.0,0.0,22.0,13.5,27.0,0.5,0.0,1.0,1.0,16.31388888888889,21.073680555555555,0.0,2.0,0.0,0.0,1.0,63000.0,0,6300.0,1,5,1,0,train,-1.0,0,1,1,-1.0,-1.0,-1.0,-1.0,-1.0,1.0,6300.0,6300.0,4
PH003722,AC001426,3,0,1,0,0,21.0,0.0,0.0,1.0,0.0,25.0,44.38095238095238,348.0,0.7142857142857143,0.047619047619047616,2.0,2.0,1.2679166666666666,87.38164351851852,2.0,7.0,0.0,0.047619047619047616,1.0,90600.0,10,7550.0,0,4,1,1,train,-1.0,0,1,1,-1.0,-1.0,-1.0,-1.0,-1.0,-1.0,-1.0,-1.0,2
PH003723,AC001426,4,1,0,0,0,8.0,0.0,0.0,0.0,0.0,22.75,51.875,117.0,0.375,0.0,1.0,1.0,38.35967592592593,54.25849537037037,0.0,0.0,0.0,0.0,1.0,90600.0,10,7550.0,0,4,1,1,train,-1.0,0,1,1,-1.0,-1.0,-1.0,-1.0,-1.0,-1.0,-1.0,-1.0,2
PH003724,AC001427,3,0,1,0,0,18.0,0.0,0.0,0.0,0.0,26.27777777777778,64.55555555555556,323.0,0.6111111111111112,0.0,1.0,1.0,41.38732638888889,87.37353009259259,0.0,0.0,0.0,0.0,1.0,26400.0,78,2400.0,1,1,3,1,train,0.65,1,1,1,1.0,0.0,0.0,210.0,0.0,3.0,7200.0,2400.0,2
PH003725,AC001427,0,1,0,0,0,-1.0,-1.0,-1.0,-1.0,-1.0,-1.0,-1.0,-1.0,-1.0,-1.0,-1.0,-1.0,-1.0,-1.0,-1.0,-1.0,-1.0,-1.0,-1.0,26400.0,78,2400.0,1,1,3,1,train,0.65,1,1,1,1.0,0.0,0.0,210.0,0.0,3.0,7200.0,2400.0,2
PH003729,AC001429,3,0,1,0,0,36.0,1.0,0.0,2.0,0.0,25.055555555555557,72.88888888888889,395.0,0.6944444444444444,0.05555555555555555,1.0,1.0,0.27188657407407407,88.35650462962963,1.0,8.0,0.0,0.08333333333333333,1.0,54250.0,67,1750.0,0,3,2,2,train,0.19,1,1,1,4.0,1.0,0.0,555.75,0.25,-1.0,-1.0,-1.0,3
PH003730,AC001429,0,1,0,0,0,-1.0,-1.0,-1.0,-1.0,-1.0,-1.0,-1.0,-1.0,-1.0,-1.0,-1.0,-1.0,-1.0,-1.0,-1.0,-1.0,-1.0,-1.0,-1.0,54250.0,67,1750.0,0,3,2,2,train,0.19,1,1,1,4.0,1.0,0.0,555.75,0.25,-1.0,-1.0,-1.0,3
PH003731,AC001429,1,2,0,0,0,-1.0,-1.0,-1.0,-1.0,-1.0,-1.0,-1.0,-1.0,-1.0,-1.0,-1.0,-1.0,-1.0,-1.0,-1.0,-1.0,-1.0,-1.0,-1.0,54250.0,67,1750.0,0,3,2,2,train,0.19,1,1,1,4.0,1.0,0.0,555.75,0.25,-1.0,-1.0,-1.0,3
PH003733,AC001431,3,0,1,0,0,35.0,0.0,0.0,3.0,0.0,21.057142857142857,26.085714285714285,372.0,0.8285714285714286,0.08571428571428572,1.0,1.0,6.230474537037037,86.27627314814815,2.0,11.0,1.0,0.08571428571428572,1.0,149850.0,60,4050.0,0,3,1,1,train,0.22,5,1,1,2.0,1.0,0.0,599.0,0.5,-1.0,-1.0,-1.0,1
PH000143,AC001433,3,0,1,0,0,27.0,2.0,0.0,5.0,0.0,20.85185185185185,30.296296296296298,141.0,0.6296296296296297,0.18518518518518517,3.0,2.0,52.304143518518515,87.32418981481482,0.0,0.0,0.0,0.25925925925925924,1.0,84600.0,20,4700.0,0,0,1,0,train,0.63,5,1,1,-1.0,-1.0,-1.0,-1.0,-1.0,1.0,4700.0,4700.0,4
PH003737,AC001433,1,1,0,0,0,5.0,2.0,0.0,0.0,0.0,20.4,9.0,27.0,0.6,0.0,1.0,1.0,39.29388888888889,49.40034722222222,0.0,0.0,2.0,0.4,1.0,84600.0,20,4700.0,0,0,1,0,train,0.63,5,1,1,-1.0,-1.0,-1.0,-1.0,-1.0,1.0,4700.0,4700.0,4
PH003738,AC001433,4,2,0,0,0,2.0,0.0,0.0,0.0,0.0,23.0,18.0,36.0,0.5,0.0,1.0,1.0,37.03611111111111,37.313923611111115,0.0,0.0,0.0,0.0,1.0,84600.0,20,4700.0,0,0,1,0,train,0.63,5,1,1,-1.0,-1.0,-1.0,-1.0,-1.0,1.0,4700.0,4700.0,4
PH003739,AC001434,3,0,1,0,0,24.0,0.0,0.0,0.0,0.0,20.0,39.916666666666664,314.0,0.5833333333333334,0.0,1.0,1.0,3.3821180555555554,89.25313657407408,1.0,7.0,0.0,0.0,1.0,114700.0,61,3700.0,0,2,2,1,train,-1.0,5,1,1,2.0,0.0,1.0,132.0,0.0,2.0,5400.0,2700.0,1
PH003740,AC001435,3,0,0,0,0,8.0,0.0,0.0,0.0,0.0,21.25,0.0,0.0,1.0,0.0,1.0,1.0,74.37378472222223,87.25190972222222,0.0,0.0,0.0,0.0,0.0,288750.0,85,8750.0,0,1,0,0,train,0.4,0,1,1,4.0,0.0,2.0,168.25,0.0,1.0,26250.0,26250.0,2
PH003741,AC001435,0,1,1,0,0,23.0,0.0,0.0,2.0,0.0,24.695652173913043,65.95652173913044,354.0,0.6521739130434783,0.08695652173913043,1.0,1.0,16.416261574074074,74.16351851851852,0.0,8.0,2.0,0.08695652173913043,1.0,288750.0,85,8750.0,0,1,0,0,train,0.4,0,1,1,4.0,0.0,2.0,168.25,0.0,1.0,26250.0,26250.0,2
PH000146,AC001436,3,0,1,0,0,26.0,0.0,0.0,2.0,0.0,24.346153846153847,28.576923076923077,140.0,0.6538461538461539,0.07692307692307693,3.0,2.0,2.2889583333333334,88.44391203703704,1.0,8.0,0.0,0.07692307692307693,1.0,171500.0,54,3500.0,0,0,2,1,train,-1.0,1,1,1,4.0,1.0,1.0,354.0,0.25,1.0,2800.0,2800.0,2
PH003742,AC001436,4,1,0,0,0,10.0,2.0,0.0,1.0,0.0,15.5,57.3,144.0,0.4,0.1,1.0,1.0,44.12931712962963,69.11541666666666,0.0,0.0,1.0,0.3,1.0,171500.0,54,3500.0,0,0,2,1,train,-1.0,1,1,1,4.0,1.0,1.0,354.0,0.25,1.0,2800.0,2800.0,2
PH003743,AC001437,3,0,0,0,0,2.0,0.0,0.0,0.0,2.0,0.0,0.0,0.0,1.0,1.0,1.0,1.0,83.32581018518519,88.40578703703704,0.0,0.0,2.0,0.0,0.0,42900.0,123,3300.0,0,3,6,2,train,0.8,5,1,1,8.0,1.0,0.0,336.875,0.125,-1.0,-1.0,-1.0,1
PH000048,AC001438,3,0,0,0,0,8.0,1.0,0.0,1.0,0.0,23.75,25.5,81.0,0.625,0.125,1.0,1.0,76.01023148148148,89.43267361111111,0.0,0.0,1.0,0.25,1.0,104000.0,55,4000.0,0,5,2,0,train,0.11,1,2,1,1.0,1.0,0.0,363.0,1.0,-1.0,-1.0,-1.0,4
PH003744,AC001438,0,1,1,0,0,16.0,1.0,0.0,1.0,0.0,23.625,4.1875,60.0,0.875,0.0625,1.0,1.0,20.403136574074075,73.28135416666667,0.0,1.0,0.0,0.125,1.0,104000.0,55,4000.0,0,5,2,0,train,0.11,1,2,1,1.0,1.0,0.0,363.0,1.0,-1.0,-1.0,-1.0,4
PH003745,AC001438,1,2,0,0,0,2.0,2.0,0.0,0.0,0.0,15.5,25.5,34.0,0.0,0.0,1.0,1.0,19.26246527777778,20.183483796296297,0.0,2.0,2.0,1.0,1.0,104000.0,55,4000.0,0,5,2,0,train,0.11,1,2,1,1.0,1.0,0.0,363.0,1.0,-1.0,-1.0,-1.0,4
PH003746,AC001438,4,3,0,0,0,3.0,0.0,0.0,0.0,0.0,17.666666666666668,63.0,130.0,0.3333333333333333,0.0,1.0,1.0,12.997592592592593,15.291030092592592,0.0,3.0,0.0,0.0,1.0,104000.0,55,4000.0,0,5,2,0,train,0.11,1,2,1,1.0,1.0,0.0,363.0,1.0,-1.0,-1.0,-1.0,4
PH003748,AC001440,3,0,1,0,0,22.0,0.0,3.0,0.0,0.0,24.818181818181817,37.81818181818182,392.0,0.7727272727272727,0.13636363636363635,1.0,1.0,26.115104166666665,88.45212962962962,0.0,2.0,3.0,0.13636363636363635,1.0,545400.0,50,15150.0,1,0,1,0,train,-1.0,4,2,1,1.0,0.0,1.0,93.0,0.0,2.0,23900.0,11950.0,4
PH003749,AC001440,0,1,1,0,0,11.0,0.0,0.0,0.0,0.0,30.0,56.81818181818182,406.0,0.8181818181818182,0.0,1.0,1.0,0.2897222222222222,23.307650462962965,4.0,11.0,0.0,0.0,1.0,545400.0,50,15150.0,1,0,1,0,train,-1.0,4,2,1,1.0,0.0,1.0,93.0,0.0,2.0,23900.0,11950.0,4
PH003750,AC001440,1,2,0,0,0,-1.0,-1.0,-1.0,-1.0,-1.0,-1.0,-1.0,-1.0,-1.0,-1.0,-1.0,-1.0,-1.0,-1.0,-1.0,-1.0,-1.0,-1.0,-1.0,545400.0,50,15150.0,1,0,1,0,train,-1.0,4,2,1,1.0,0.0,1.0,93.0,0.0,2.0,23900.0,11950.0,4
PH003751,AC001440,4,3,0,0,0,-1.0,-1.0,-1.0,-1.0,-1.0,-1.0,-1.0,-1.0,-1.0,-1.0,-1.0,-1.0,-1.0,-1.0,-1.0,-1.0,-1.0,-1.0,-1.0,545400.0,50,15150.0,1,0,1,0,train,-1.0,4,2,1,1.0,0.0,1.0,93.0,0.0,2.0,23900.0,11950.0,4
PH003752,AC001441,3,0,1,0,0,13.0,0.0,0.0,1.0,0.0,23.076923076923077,18.076923076923077,131.0,0.6923076923076923,0.07692307692307693,2.0,2.0,63.43446759259259,86.40717592592593,0.0,0.0,0.0,0.07692307692307693,1.0,63000.0,24,2100.0,0,2,2,1,train,-1.0,3,0,1,-1.0,-1.0,-1.0,-1.0,-1.0,1.0,2100.0,2100.0,1
PH003753,AC001442,3,0,1,0,0,23.0,0.0,0.0,0.0,0.0,25.652173913043477,34.30434782608695,335.0,0.782608695652174,0.0,2.0,2.0,2.0403125,86.44287037037037,3.0,12.0,0.0,0.0,1.0,364250.0,2,7750.0,1,0,0,0,train,0.59,0,1,1,-1.0,-1.0,-1.0,-1.0,-1.0,1.0,3200.0,3200.0,1
PH003754,AC001443,3,0,1,0,0,11.0,0.0,0.0,1.0,0.0,27.727272727272727,24.727272727272727,243.0,0.8181818181818182,0.09090909090909091,1.0,1.0,0.174375,87.40390046296297,1.0,1.0,1.0,0.09090909090909091,1.0,1071000.0,167,21000.0,0,0,5,2,train,-1.0,5,2,1,7.0,1.0,2.0,363.0,0.14285714285714285,1.0,75500.0,75500.0,2
PH003755,AC001443,4,1,1,0,0,12.0,1.0,0.0,1.0,0.0,18.5,53.416666666666664,129.0,0.4166666666666667,0.08333333333333333,1.0,1.0,0.3785648148148148,47.13590277777778,2.0,9.0,1.0,0.16666666666666666,1.0,1071000.0,167,21000.0,0,0,5,2,train,-1.0,5,2,1,7.0,1.0,2.0,363.0,0.14285714285714285,1.0,75500.0,75500.0,2
PH003758,AC001445,3,0,0,0,0,8.0,0.0,3.0,5.0,0.0,0.0,0.0,0.0,1.0,1.0,1.0,1.0,63.364699074074075,89.39837962962963,0.0,0.0,5.0,1.0,0.0,556050.0,65,16850.0,0,0,3,2,train,0.52,0,1,1,8.0,1.0,0.0,356.375,0.125,-1.0,-1.0,-1.0,3
PH003759,AC001445,0,1,1,0,0,15.0,0.0,0.0,2.0,0.0,21.933333333333334,57.8,334.0,0.6666666666666666,0.13333333333333333,1.0,1.0,18.35738425925926,63.23668981481482,0.0,3.0,0.0,0.13333333333333333,1.0,556050.0,65,16850.0,0,0,3,2,train,0.52,0,1,1,8.0,1.0,0.0,356.375,0.125,-1.0,-1.0,-1.0,3
PH003760,AC001445,4,2,0,0,0,-1.0,-1.0,-1.0,-1.0,-1.0,-1.0,-1.0,-1.0,-1.0,-1.0,-1.0,-1.0,-1.0,-1.0,-1.0,-1.0,-1.0,-1.0,-1.0,556050.0,65,16850.0,0,0,3,2,train,0.52,0,1,1,8.0,1.0,0.0,356.375,0.125,-1.0,-1.0,-1.0,3
PH003761,AC001446,3,0,0,0,0,8.0,0.0,0.0,0.0,0.0,28.0,0.0,0.0,1.0,0.0,1.0,1.0,67.18311342592592,88.4131712962963,0.0,0.0,0.0,0.0,0.0,176250.0,46,3750.0,0,1,2,2,train,-1.0,1,1,1,1.0,0.0,0.0,233.0,0.0,1.0,7500.0,7500.0,3
PH003762,AC001446,0,1,1,0,0,7.0,0.0,0.0,1.0,0.0,26.0,52.714285714285715,323.0,0.7142857142857143,0.14285714285714285,1.0,1.0,27.40775462962963,54.28290509259259,0.0,2.0,1.0,0.14285714285714285,1.0,176250.0,46,3750.0,0,1,2,2,train,-1.0,1,1,1,1.0,0.0,0.0,233.0,0.0,1.0,7500.0,7500.0,3
PH003763,AC001446,4,2,0,0,0,-1.0,-1.0,-1.0,-1.0,-1.0,-1.0,-1.0,-1.0,-1.0,-1.0,-1.0,-1.0,-1.0,-1.0,-1.0,-1.0,-1.0,-1.0,-1.0,176250.0,46,3750.0,0,1,2,2,train,-1.0,1,1,1,1.0,0.0,0.0,233.0,0.0,1.0,7500.0,7500.0,3
PH003765,AC001448,3,0,1,0,0,23.0,0.0,0.0,0.0,0.0,27.08695652173913,45.47826086956522,368.0,0.7391304347826086,0.0,1.0,1.0,2.260324074074074,88.37520833333333,5.0,10.0,0.0,0.0,1.0,44950.0,85,1450.0,0,3,4,1,train,0.66,3,0,1,8.0,0.0,0.0,193.5,0.0,-1.0,-1.0,-1.0,3
PH003766,AC001448,0,1,0,0,0,-1.0,-1.0,-1.0,-1.0,-1.0,-1.0,-1.0,-1.0,-1.0,-1.0,-1.0,-1.0,-1.0,-1.0,-1.0,-1.0,-1.0,-1.0,-1.0,44950.0,85,1450.0,0,3,4,1,train,0.66,3,0,1,8.0,0.0,0.0,193.5,0.0,-1.0,-1.0,-1.0,3
PH003767,AC001448,4,2,0,0,0,-1.0,-1.0,-1.0,-1.0,-1.0,-1.0,-1.0,-1.0,-1.0,-1.0,-1.0,-1.0,-1.0,-1.0,-1.0,-1.0,-1.0,-1.0,-1.0,44950.0,85,1450.0,0,3,4,1,train,0.66,3,0,1,8.0,0.0,0.0,193.5,0.0,-1.0,-1.0,-1.0,3
PH003770,AC001450,3,0,1,0,0,12.0,0.0,0.0,1.0,0.0,16.25,51.333333333333336,302.0,0.6666666666666666,0.08333333333333333,2.0,2.0,58.45054398148148,86.38780092592593,0.0,0.0,1.0,0.08333333333333333,1.0,14850.0,21,1650.0,1,1,1,0,train,0.49,5,2,1,-1.0,-1.0,-1.0,-1.0,-1.0,1.0,1650.0,1650.0,3
PH003771,AC001450,1,1,0,0,0,-1.0,-1.0,-1.0,-1.0,-1.0,-1.0,-1.0,-1.0,-1.0,-1.0,-1.0,-1.0,-1.0,-1.0,-1.0,-1.0,-1.0,-1.0,-1.0,14850.0,21,1650.0,1,1,1,0,train,0.49,5,2,1,-1.0,-1.0,-1.0,-1.0,-1.0,1.0,1650.0,1650.0,3
PH003772,AC001450,4,2,0,0,0,-1.0,-1.0,-1.0,-1.0,-1.0,-1.0,-1.0,-1.0,-1.0,-1.0,-1.0,-1.0,-1.0,-1.0,-1.0,-1.0,-1.0,-1.0,-1.0,14850.0,21,1650.0,1,1,1,0,train,0.49,5,2,1,-1.0,-1.0,-1.0,-1.0,-1.0,1.0,1650.0,1650.0,3
PH003773,AC001451,3,0,0,0,0,8.0,0.0,0.0,1.0,0.0,12.75,0.0,0.0,1.0,0.125,1.0,1.0,81.02564814814815,88.44643518518518,0.0,0.0,0.0,0.125,0.0,345800.0,67,12350.0,0,0,4,3,train,0.61,2,1,1,7.0,1.0,5.0,146.57142857142858,0.14285714285714285,-1.0,-1.0,-1.0,3
PH000543,AC001451,2,1,1,0,0,24.0,0.0,0.0,1.0,0.0,23.958333333333332,34.0,127.0,0.5833333333333334,0.041666666666666664,1.0,1.0,6.056238425925926,79.37891203703704,2.0,8.0,0.0,0.041666666666666664,1.0,345800.0,67,12350.0,0,0,4,3,train,0.61,2,1,1,7.0,1.0,5.0,146.57142857142858,0.14285714285714285,-1.0,-1.0,-1.0,3
PH003774,AC001451,4,2,0,0,0,-1.0,-1.0,-1.0,-1.0,-1.0,-1.0,-1.0,-1.0,-1.0,-1.0,-1.0,-1.0,-1.0,-1.0,-1.0,-1.0,-1.0,-1.0,-1.0,345800.0,67,12350.0,0,0,4,3,train,0.61,2,1,1,7.0,1.0,5.0,146.57142857142858,0.14285714285714285,-1.0,-1.0,-1.0,3
PH003775,AC001452,3,0,1,0,0,5.0,0.0,0.0,0.0,0.0,30.8,11.0,55.0,0.8,0.0,2.0,2.0,67.2757175925926,87.37674768518518,0.0,0.0,0.0,0.0,1.0,112000.0,4,2800.0,0,4,0,0,train,0.54,1,2,1,-1.0,-1.0,-1.0,-1.0,-1.0,2.0,2800.0,1400.0,2
PH003776,AC001452,4,1,0,0,0,-1.0,-1.0,-1.0,-1.0,-1.0,-1.0,-1.0,-1.0,-1.0,-1.0,-1.0,-1.0,-1.0,-1.0,-1.0,-1.0,-1.0,-1.0,-1.0,112000.0,4,2800.0,0,4,0,0,train,0.54,1,2,1,-1.0,-1.0,-1.0,-1.0,-1.0,2.0,2800.0,1400.0,2
PH003777,AC001453,3,0,1,0,0,9.0,0.0,0.0,0.0,0.0,16.0,5.222222222222222,47.0,0.8888888888888888,0.0,1.0,1.0,73.37488425925926,87.43771990740741,0.0,0.0,0.0,0.0,1.0,59850.0,33,2850.0,1,1,1,1,train,-1.0,1,1,1,-1.0,-1.0,-1.0,-1.0,-1.0,1.0,5700.0,5700.0,1
PH003780,AC001455,3,0,0,0,0,8.0,0.0,1.0,2.0,0.0,19.125,0.0,0.0,1.0,0.375,2.0,2.0,64.42450231481482,86.43506944444445,0.0,0.0,2.0,0.375,0.0,610000.0,0,30500.0,1,2,0,0,train,0.36,4,2,1,-1.0,-1.0,-1.0,-1.0,-1.0,1.0,30500.0,30500.0,4
PH003781,AC001455,0,1,1,0,0,5.0,0.0,0.0,0.0,0.0,20.4,101.8,413.0,0.4,0.0,2.0,2.0,56.3128587962963,64.1041087962963,0.0,0.0,0.0,0.0,1.0,610000.0,0,30500.0,1,2,0,0,train,0.36,4,2,1,-1.0,-1.0,-1.0,-1.0,-1.0,1.0,30500.0,30500.0,4
PH003782,AC001455,1,2,0,0,0,-1.0,-1.0,-1.0,-1.0,-1.0,-1.0,-1.0,-1.0,-1.0,-1.0,-1.0,-1.0,-1.0,-1.0,-1.0,-1.0,-1.0,-1.0,-1.0,610000.0,0,30500.0,1,2,0,0,train,0.36,4,2,1,-1.0,-1.0,-1.0,-1.0,-1.0,1.0,30500.0,30500.0,4
PH003783,AC001455,4,3,0,0,0,-1.0,-1.0,-1.0,-1.0,-1.0,-1.0,-1.0,-1.0,-1.0,-1.0,-1.0,-1.0,-1.0,-1.0,-1.0,-1.0,-1.0,-1.0,-1.0,610000.0,0,30500.0,1,2,0,0,train,0.36,4,2,1,-1.0,-1.0,-1.0,-1.0,-1.0,1.0,30500.0,30500.0,4
PH003784,AC001456,3,0,1,0,0,8.0,0.0,0.0,0.0,0.0,25.75,51.75,342.0,0.625,0.0,1.0,1.0,59.19292824074074,86.3949074074074,0.0,0.0,0.0,0.0,1.0,134400.0,117,3200.0,0,1,4,0,train,-1.0,2,0,1,3.0,1.0,0.0,639.0,0.3333333333333333,2.0,12800.0,6400.0,4
PH003785,AC001456,0,1,0,0,0,-1.0,-1.0,-1.0,-1.0,-1.0,-1.0,-1.0,-1.0,-1.0,-1.0,-1.0,-1.0,-1.0,-1.0,-1.0,-1.0,-1.0,-1.0,-1.0,134400.0,117,3200.0,0,1,4,0,train,-1.0,2,0,1,3.0,1.0,0.0,639.0,0.3333333333333333,2.0,12800.0,6400.0,4
PH003786,AC001456,1,2,0,0,0,-1.0,-1.0,-1.0,-1.0,-1.0,-1.0,-1.0,-1.0,-1.0,-1.0,-1.0,-1.0,-1.0,-1.0,-1.0,-1.0,-1.0,-1.0,-1.0,134400.0,117,3200.0,0,1,4,0,train,-1.0,2,0,1,3.0,1.0,0.0,639.0,0.3333333333333333,2.0,12800.0,6400.0,4
PH003787,AC001456,4,3,0,0,0,-1.0,-1.0,-1.0,-1.0,-1.0,-1.0,-1.0,-1.0,-1.0,-1.0,-1.0,-1.0,-1.0,-1.0,-1.0,-1.0,-1.0,-1.0,-1.0,134400.0,117,3200.0,0,1,4,0,train,-1.0,2,0,1,3.0,1.0,0.0,639.0,0.3333333333333333,2.0,12800.0,6400.0,4
PH003788,AC001457,3,0,1,0,0,9.0,0.0,0.0,0.0,0.0,22.11111111111111,89.33333333333333,232.0,0.4444444444444444,0.0,1.0,1.0,59.42747685185185,86.30224537037037,0.0,0.0,0.0,0.0,1.0,636550.0,228,21950.0,0,4,5,2,train,0.89,5,2,1,3.0,0.0,0.0,192.66666666666666,0.0,1.0,175600.0,175600.0,1
PH003789,AC001458,3,0,0,0,0,8.0,1.0,0.0,0.0,0.0,16.625,0.75,6.0,0.875,0.0,1.0,1.0,75.03950231481481,89.25284722222223,0.0,0.0,0.0,0.125,1.0,342350.0,70,8350.0,0,1,4,1,train,0.26,2,1,1,3.0,2.0,0.0,762.6666666666666,0.6666666666666666,2.0,13800.0,6900.0,5
PH003790,AC001458,0,1,1,0,0,15.0,0.0,0.0,0.0,0.0,26.2,43.733333333333334,398.0,0.6666666666666666,0.0,1.0,1.0,3.3679976851851854,73.32247685185185,1.0,7.0,0.0,0.0,1.0,342350.0,70,8350.0,0,1,4,1,train,0.26,2,1,1,3.0,2.0,0.0,762.6666666666666,0.6666666666666666,2.0,13800.0,6900.0,5
PH003791,AC001458,1,2,0,0,0,-1.0,-1.0,-1.0,-1.0,-1.0,-1.0,-1.0,-1.0,-1.0,-1.0,-1.0,-1.0,-1.0,-1.0,-1.0,-1.0,-1.0,-1.0,-1.0,342350.0,70,8350.0,0,1,4,1,train,0.26,2,1,1,3.0,2.0,0.0,762.6666666666666,0.6666666666666666,2.0,13800.0,6900.0,5
PH000341,AC001458,2,3,0,0,0,-1.0,-1.0,-1.0,-1.0,-1.0,-1.0,-1.0,-1.0,-1.0,-1.0,-1.0,-1.0,-1.0,-1.0,-1.0,-1.0,-1.0,-1.0,-1.0,342350.0,70,8350.0,0,1,4,1,train,0.26,2,1,1,3.0,2.0,0.0,762.6666666666666,0.6666666666666666,2.0,13800.0,6900.0,5
PH003792,AC001458,4,4,0,0,0,-1.0,-1.0,-1.0,-1.0,-1.0,-1.0,-1.0,-1.0,-1.0,-1.0,-1.0,-1.0,-1.0,-1.0,-1.0,-1.0,-1.0,-1.0,-1.0,342350.0,70,8350.0,0,1,4,1,train,0.26,2,1,1,3.0,2.0,0.0,762.6666666666666,0.6666666666666666,2.0,13800.0,6900.0,5
PH003793,AC001459,3,0,1,0,0,14.0,0.0,0.0,0.0,0.0,24.5,46.5,347.0,0.7142857142857143,0.0,2.0,2.0,66.04291666666667,88.33604166666667,0.0,0.0,0.0,0.0,1.0,382500.0,22,21250.0,1,2,1,1,train,-1.0,4,2,1,-1.0,-1.0,-1.0,-1.0,-1.0,1.0,21250.0,21250.0,3
PH003794,AC001459,1,1,0,0,0,-1.0,-1.0,-1.0,-1.0,-1.0,-1.0,-1.0,-1.0,-1.0,-1.0,-1.0,-1.0,-1.0,-1.0,-1.0,-1.0,-1.0,-1.0,-1.0,382500.0,22,21250.0,1,2,1,1,train,-1.0,4,2,1,-1.0,-1.0,-1.0,-1.0,-1.0,1.0,21250.0,21250.0,3
PH003795,AC001459,4,2,0,0,0,-1.0,-1.0,-1.0,-1.0,-1.0,-1.0,-1.0,-1.0,-1.0,-1.0,-1.0,-1.0,-1.0,-1.0,-1.0,-1.0,-1.0,-1.0,-1.0,382500.0,22,21250.0,1,2,1,1,train,-1.0,4,2,1,-1.0,-1.0,-1.0,-1.0,-1.0,1.0,21250.0,21250.0,3
PH003796,AC001460,3,0,0,0,0,8.0,0.0,1.0,1.0,0.0,14.875,0.0,0.0,1.0,0.25,1.0,1.0,55.396076388888886,86.38582175925926,0.0,0.0,2.0,0.25,0.0,185900.0,180,7150.0,0,2,2,1,train,0.24,2,1,1,-1.0,-1.0,-1.0,-1.0,-1.0,1.0,22600.0,22600.0,4
PH003797,AC001460,0,1,1,0,0,13.0,0.0,0.0,0.0,0.0,21.615384615384617,3.3076923076923075,43.0,0.9230769230769231,0.0,1.0,1.0,10.376967592592592,54.33979166666666,0.0,8.0,0.0,0.0,1.0,185900.0,180,7150.0,0,2,2,1,train,0.24,2,1,1,-1.0,-1.0,-1.0,-1.0,-1.0,1.0,22600.0,22600.0,4
PH003798,AC001460,1,2,0,0,0,1.0,0.0,0.0,0.0,0.0,7.0,32.0,32.0,0.0,0.0,1.0,1.0,7.374479166666666,7.374479166666666,0.0,1.0,0.0,0.0,1.0,185900.0,180,7150.0,0,2,2,1,train,0.24,2,1,1,-1.0,-1.0,-1.0,-1.0,-1.0,1.0,22600.0,22600.0,4
PH003799,AC001460,4,3,0,0,0,-1.0,-1.0,-1.0,-1.0,-1.0,-1.0,-1.0,-1.0,-1.0,-1.0,-1.0,-1.0,-1.0,-1.0,-1.0,-1.0,-1.0,-1.0,-1.0,185900.0,180,7150.0,0,2,2,1,train,0.24,2,1,1,-1.0,-1.0,-1.0,-1.0,-1.0,1.0,22600.0,22600.0,4
PH003800,AC001461,3,0,0,0,0,16.0,0.0,0.0,0.0,0.0,19.5,0.0,0.0,1.0,0.0,1.0,1.0,3.3337268518518517,86.42922453703704,2.0,7.0,0.0,0.0,0.0,242050.0,51,5150.0,0,3,1,1,train,0.37,0,2,1,6.0,0.0,6.0,71.83333333333333,0.0,-1.0,-1.0,-1.0,2
PH003801,AC001461,1,1,1,0,0,14.0,0.0,0.0,2.0,0.0,30.857142857142858,13.928571428571429,195.0,0.9285714285714286,0.14285714285714285,1.0,1.0,30.395520833333332,66.42539351851852,0.0,0.0,1.0,0.14285714285714285,1.0,242050.0,51,5150.0,0,3,1,1,train,0.37,0,2,1,6.0,0.0,6.0,71.83333333333333,0.0,-1.0,-1.0,-1.0,2
PH003802,AC001462,3,0,1,0,0,17.0,0.0,0.0,1.0,0.0,25.88235294117647,50.0,416.0,0.7647058823529411,0.058823529411764705,1.0,1.0,40.27925925925926,86.34418981481481,0.0,0.0,0.0,0.058823529411764705,1.0,1656000.0,227,36000.0,0,2,1,1,train,-1.0,4,2,1,5.0,0.0,2.0,147.4,0.0,1.0,288000.0,288000.0,1
PH003803,AC001463,3,0,1,0,0,15.0,0.0,0.0,0.0,0.0,20.4,89.06666666666666,356.0,0.6,0.0,2.0,2.0,38.00377314814815,82.4441550925926,0.0,0.0,0.0,0.0,1.0,56550.0,0,1950.0,2,1,0,0,train,0.68,5,0,1,-1.0,-1.0,-1.0,-1.0,-1.0,1.0,1950.0,1950.0,2
PH003804,AC001463,4,1,0,0,0,-1.0,-1.0,-1.0,-1.0,-1.0,-1.0,-1.0,-1.0,-1.0,-1.0,-1.0,-1.0,-1.0,-1.0,-1.0,-1.0,-1.0,-1.0,-1.0,56550.0,0,1950.0,2,1,0,0,train,0.68,5,0,1,-1.0,-1.0,-1.0,-1.0,-1.0,1.0,1950.0,1950.0,2
PH003805,AC001464,3,0,0,0,0,2.0,2.0,0.0,0.0,0.0,4.0,31.5,37.0,0.0,0.0,2.0,2.0,83.35612268518518,84.43034722222222,0.0,0.0,2.0,1.0,1.0,24750.0,16,2250.0,1,1,0,0,train,-1.0,1,1,1,-1.0,-1.0,-1.0,-1.0,-1.0,-1.0,-1.0,-1.0,3
PH003806,AC001464,4,1,0,0,0,17.0,1.0,0.0,2.0,0.0,23.058823529411764,51.11764705882353,145.0,0.5294117647058824,0.11764705882352941,2.0,2.0,6.222048611111111,75.45170138888889,2.0,4.0,0.0,0.17647058823529413,1.0,24750.0,16,2250.0,1,1,0,0,train,-1.0,1,1,1,-1.0,-1.0,-1.0,-1.0,-1.0,-1.0,-1.0,-1.0,3
PH003807,AC001465,3,0,1,0,0,14.0,0.0,0.0,1.0,0.0,19.571428571428573,3.7142857142857144,52.0,0.9285714285714286,0.07142857142857142,1.0,1.0,53.16994212962963,87.32143518518518,0.0,0.0,0.0,0.07142857142857142,1.0,402900.0,74,11850.0,0,1,3,3,train,0.76,0,1,1,8.0,0.0,2.0,170.875,0.0,-1.0,-1.0,-1.0,4
PH003808,AC001465,0,1,1,0,0,20.0,0.0,0.0,0.0,0.0,24.15,68.2,391.0,0.65,0.0,1.0,1.0,4.043344907407407,52.408483796296295,3.0,9.0,0.0,0.0,1.0,402900.0,74,11850.0,0,1,3,3,train,0.76,0,1,1,8.0,0.0,2.0,170.875,0.0,-1.0,-1.0,-1.0,4
PH000556,AC001465,2,2,0,0,0,-1.0,-1.0,-1.0,-1.0,-1.0,-1.0,-1.0,-1.0,-1.0,-1.0,-1.0,-1.0,-1.0,-1.0,-1.0,-1.0,-1.0,-1.0,-1.0,402900.0,74,11850.0,0,1,3,3,train,0.76,0,1,1,8.0,0.0,2.0,170.875,0.0,-1.0,-1.0,-1.0,4
PH003809,AC001465,4,3,0,0,0,-1.0,-1.0,-1.0,-1.0,-1.0,-1.0,-1.0,-1.0,-1.0,-1.0,-1.0,-1.0,-1.0,-1.0,-1.0,-1.0,-1.0,-1.0,-1.0,402900.0,74,11850.0,0,1,3,3,train,0.76,0,1,1,8.0,0.0,2.0,170.875,0.0,-1.0,-1.0,-1.0,4
PH003810,AC001466,3,0,1,0,0,7.0,0.0,0.0,0.0,0.0,30.142857142857142,23.0,100.0,0.7142857142857143,0.0,1.0,1.0,21.301377314814815,59.32383101851852,0.0,3.0,0.0,0.0,1.0,1130500.0,357,32300.0,0,4,2,2,train,-1.0,5,2,1,4.0,3.0,1.0,790.25,0.75,1.0,387600.0,387600.0,2
PH003811,AC001466,4,1,0,0,0,-1.0,-1.0,-1.0,-1.0,-1.0,-1.0,-1.0,-1.0,-1.0,-1.0,-1.0,-1.0,-1.0,-1.0,-1.0,-1.0,-1.0,-1.0,-1.0,1130500.0,357,32300.0,0,4,2,2,train,-1.0,5,2,1,4.0,3.0,1.0,790.25,0.75,1.0,387600.0,387600.0,2
PH003813,AC001468,3,0,0,0,0,3.0,1.0,0.0,0.0,0.0,26.333333333333332,12.333333333333334,37.0,0.6666666666666666,0.0,1.0,1.0,79.36010416666667,88.35574074074074,0.0,0.0,1.0,0.3333333333333333,1.0,64600.0,20,3800.0,1,1,3,3,train,0.55,1,2,1,-1.0,-1.0,-1.0,-1.0,-1.0,2.0,3800.0,1900.0,2
PH003814,AC001468,4,1,0,0,0,-1.0,-1.0,-1.0,-1.0,-1.0,-1.0,-1.0,-1.0,-1.0,-1.0,-1.0,-1.0,-1.0,-1.0,-1.0,-1.0,-1.0,-1.0,-1.0,64600.0,20,3800.0,1,1,3,3,train,0.55,1,2,1,-1.0,-1.0,-1.0,-1.0,-1.0,2.0,3800.0,1900.0,2
PH003815,AC001469,3,0,1,0,0,6.0,0.0,0.0,0.0,0.0,30.166666666666668,5.333333333333333,32.0,0.8333333333333334,0.0,1.0,1.0,73.00081018518519,89.32930555555555,0.0,0.0,0.0,0.0,1.0,90000.0,37,2000.0,0,6,0,0,train,-1.0,1,0,1,-1.0,-1.0,-1.0,-1.0,-1.0,1.0,4000.0,4000.0,3
PH003816,AC001469,0,1,0,0,0,-1.0,-1.0,-1.0,-1.0,-1.0,-1.0,-1.0,-1.0,-1.0,-1.0,-1.0,-1.0,-1.0,-1.0,-1.0,-1.0,-1.0,-1.0,-1.0,90000.0,37,2000.0,0,6,0,0,train,-1.0,1,0,1,-1.0,-1.0,-1.0,-1.0,-1.0,1.0,4000.0,4000.0,3
PH003817,AC001469,1,2,0,0,0,-1.0,-1.0,-1.0,-1.0,-1.0,-1.0,-1.0,-1.0,-1.0,-1.0,-1.0,-1.0,-1.0,-1.0,-1.0,-1.0,-1.0,-1.0,-1.0,90000.0,37,2000.0,0,6,0,0,train,-1.0,1,0,1,-1.0,-1.0,-1.0,-1.0,-1.0,1.0,4000.0,4000.0,3
PH003818,AC001470,3,0,0,0,0,2.0,0.0,0.0,0.0,2.0,0.0,0.0,0.0,1.0,1.0,1.0,1.0,84.29108796296296,86.38927083333333,0.0,0.0,2.0,0.0,0.0,422000.0,100,10550.0,0,4,3,2,train,0.68,0,1,1,2.0,1.0,1.0,766.0,0.5,1.0,42200.0,42200.0,3
PH003819,AC001470,1,1,1,0,0,3.0,0.0,0.0,0.0,0.0,18.0,205.0,404.0,0.3333333333333333,0.0,1.0,1.0,81.33956018518519,84.01554398148149,0.0,0.0,0.0,0.0,1.0,422000.0,100,10550.0,0,4,3,2,train,0.68,0,1,1,2.0,1.0,1.0,766.0,0.5,1.0,42200.0,42200.0,3
PH003820,AC001470,4,2,0,0,0,-1.0,-1.0,-1.0,-1.0,-1.0,-1.0,-1.0,-1.0,-1.0,-1.0,-1.0,-1.0,-1.0,-1.0,-1.0,-1.0,-1.0,-1.0,-1.0,422000.0,100,10550.0,0,4,3,2,train,0.68,0,1,1,2.0,1.0,1.0,766.0,0.5,1.0,42200.0,42200.0,3
PH003821,AC001471,3,0,1,0,0,1.0,0.0,0.0,0.0,0.0,6.0,34.0,34.0,0.0,0.0,1.0,1.0,88.37358796296296,88.37358796296296,0.0,0.0,0.0,0.0,1.0,88800.0,72,7400.0,1,2,1,1,train,0.75,2,1,1,-1.0,-1.0,-1.0,-1.0,-1.0,1.0,22200.0,22200.0,3
PH003822,AC001471,0,1,0,0,0,-1.0,-1.0,-1.0,-1.0,-1.0,-1.0,-1.0,-1.0,-1.0,-1.0,-1.0,-1.0,-1.0,-1.0,-1.0,-1.0,-1.0,-1.0,-1.0,88800.0,72,7400.0,1,2,1,1,train,0.75,2,1,1,-1.0,-1.0,-1.0,-1.0,-1.0,1.0,22200.0,22200.0,3
PH000392,AC001471,2,2,0,0,0,-1.0,-1.0,-1.0,-1.0,-1.0,-1.0,-1.0,-1.0,-1.0,-1.0,-1.0,-1.0,-1.0,-1.0,-1.0,-1.0,-1.0,-1.0,-1.0,88800.0,72,7400.0,1,2,1,1,train,0.75,2,1,1,-1.0,-1.0,-1.0,-1.0,-1.0,1.0,22200.0,22200.0,3
PH003823,AC001472,3,0,1,0,0,5.0,0.0,0.0,0.0,0.0,33.0,5.8,29.0,0.8,0.0,1.0,1.0,75.34729166666666,89.45186342592592,0.0,0.0,0.0,0.0,1.0,41650.0,468,850.0,0,0,3,1,train,0.34,3,2,1,2.0,0.0,1.0,114.5,0.0,1.0,10200.0,10200.0,3
PH003824,AC001472,1,1,0,0,0,-1.0,-1.0,-1.0,-1.0,-1.0,-1.0,-1.0,-1.0,-1.0,-1.0,-1.0,-1.0,-1.0,-1.0,-1.0,-1.0,-1.0,-1.0,-1.0,41650.0,468,850.0,0,0,3,1,train,0.34,3,2,1,2.0,0.0,1.0,114.5,0.0,1.0,10200.0,10200.0,3
PH003825,AC001472,4,2,0,0,0,-1.0,-1.0,-1.0,-1.0,-1.0,-1.0,-1.0,-1.0,-1.0,-1.0,-1.0,-1.0,-1.0,-1.0,-1.0,-1.0,-1.0,-1.0,-1.0,41650.0,468,850.0,0,0,3,1,train,0.34,3,2,1,2.0,0.0,1.0,114.5,0.0,1.0,10200.0,10200.0,3
PH003826,AC001473,3,0,0,0,0,15.0,0.0,13.0,2.0,0.0,0.0,0.0,0.0,1.0,1.0,1.0,1.0,9.398935185185184,89.41548611111111,0.0,3.0,5.0,1.0,0.0,123000.0,89,4100.0,0,0,0,0,train,-1.0,1,1,1,9.0,0.0,2.0,185.77777777777777,0.0,-1.0,-1.0,-1.0,3
PH003827,AC001473,4,1,1,0,0,15.0,0.0,0.0,0.0,0.0,25.466666666666665,31.0,123.0,0.6,0.0,1.0,1.0,47.446041666666666,77.0749537037037,0.0,0.0,0.0,0.0,1.0,123000.0,89,4100.0,0,0,0,0,train,-1.0,1,1,1,9.0,0.0,2.0,185.77777777777777,0.0,-1.0,-1.0,-1.0,3
PH003828,AC001474,3,0,1,0,0,18.0,0.0,0.0,2.0,0.0,27.166666666666668,48.611111111111114,291.0,0.7777777777777778,0.1111111111111111,1.0,1.0,27.350347222222222,84.27005787037037,0.0,3.0,2.0,0.1111111111111111,1.0,415650.0,300,8150.0,0,0,8,6,train,0.83,0,1,1,2.0,1.0,0.0,663.0,0.5,-1.0,-1.0,-1.0,2
PH003829,AC001474,4,1,0,0,0,5.0,0.0,0.0,0.0,0.0,33.2,4.2,21.0,0.8,0.0,1.0,1.0,3.015474537037037,25.296631944444446,2.0,5.0,0.0,0.0,1.0,415650.0,300,8150.0,0,0,8,6,train,0.83,0,1,1,2.0,1.0,0.0,663.0,0.5,-1.0,-1.0,-1.0,2
PH003832,AC001476,3,0,0,0,0,6.0,0.0,0.0,0.0,0.0,28.666666666666668,0.0,0.0,1.0,0.0,2.0,2.0,77.35170138888888,88.37532407407407,0.0,0.0,0.0,0.0,0.0,381600.0,0,10600.0,1,1,0,0,train,0.34,0,1,1,-1.0,-1.0,-1.0,-1.0,-1.0,1.0,10600.0,10600.0,2
PH003833,AC001476,0,1,0,0,0,-1.0,-1.0,-1.0,-1.0,-1.0,-1.0,-1.0,-1.0,-1.0,-1.0,-1.0,-1.0,-1.0,-1.0,-1.0,-1.0,-1.0,-1.0,-1.0,381600.0,0,10600.0,1,1,0,0,train,0.34,0,1,1,-1.0,-1.0,-1.0,-1.0,-1.0,1.0,10600.0,10600.0,2
PH003843,AC001482,3,0,1,0,0,1.0,0.0,0.0,0.0,0.0,8.0,61.0,61.0,0.0,0.0,1.0,1.0,88.2796412037037,88.2796412037037,0.0,0.0,0.0,0.0,1.0,75200.0,119,2350.0,0,1,5,1,train,0.48,5,2,1,-1.0,-1.0,-1.0,-1.0,-1.0,1.0,9400.0,9400.0,4
PH003844,AC001482,0,1,0,0,0,-1.0,-1.0,-1.0,-1.0,-1.0,-1.0,-1.0,-1.0,-1.0,-1.0,-1.0,-1.0,-1.0,-1.0,-1.0,-1.0,-1.0,-1.0,-1.0,75200.0,119,2350.0,0,1,5,1,train,0.48,5,2,1,-1.0,-1.0,-1.0,-1.0,-1.0,1.0,9400.0,9400.0,4
PH003845,AC001482,1,2,0,0,0,-1.0,-1.0,-1.0,-1.0,-1.0,-1.0,-1.0,-1.0,-1.0,-1.0,-1.0,-1.0,-1.0,-1.0,-1.0,-1.0,-1.0,-1.0,-1.0,75200.0,119,2350.0,0,1,5,1,train,0.48,5,2,1,-1.0,-1.0,-1.0,-1.0,-1.0,1.0,9400.0,9400.0,4
PH003846,AC001482,4,3,0,0,0,-1.0,-1.0,-1.0,-1.0,-1.0,-1.0,-1.0,-1.0,-1.0,-1.0,-1.0,-1.0,-1.0,-1.0,-1.0,-1.0,-1.0,-1.0,-1.0,75200.0,119,2350.0,0,1,5,1,train,0.48,5,2,1,-1.0,-1.0,-1.0,-1.0,-1.0,1.0,9400.0,9400.0,4
PH003847,AC001483,3,0,1,0,0,24.0,0.0,0.0,2.0,0.0,23.208333333333332,47.0,322.0,0.75,0.08333333333333333,2.0,2.0,3.122939814814815,75.41241898148148,2.0,13.0,0.0,0.08333333333333333,1.0,94250.0,4,3250.0,0,2,0,0,train,-1.0,5,1,1,-1.0,-1.0,-1.0,-1.0,-1.0,1.0,2000.0,2000.0,3
PH003848,AC001483,1,1,0,0,0,-1.0,-1.0,-1.0,-1.0,-1.0,-1.0,-1.0,-1.0,-1.0,-1.0,-1.0,-1.0,-1.0,-1.0,-1.0,-1.0,-1.0,-1.0,-1.0,94250.0,4,3250.0,0,2,0,0,train,-1.0,5,1,1,-1.0,-1.0,-1.0,-1.0,-1.0,1.0,2000.0,2000.0,3
PH000472,AC001483,2,2,0,0,0,-1.0,-1.0,-1.0,-1.0,-1.0,-1.0,-1.0,-1.0,-1.0,-1.0,-1.0,-1.0,-1.0,-1.0,-1.0,-1.0,-1.0,-1.0,-1.0,94250.0,4,3250.0,0,2,0,0,train,-1.0,5,1,1,-1.0,-1.0,-1.0,-1.0,-1.0,1.0,2000.0,2000.0,3
PH003849,AC001484,3,0,1,0,0,24.0,0.0,0.0,1.0,0.0,19.625,59.583333333333336,401.0,0.5833333333333334,0.041666666666666664,1.0,1.0,11.370740740740741,86.3542361111111,0.0,8.0,1.0,0.041666666666666664,1.0,920000.0,202,23000.0,0,1,3,2,train,0.17,5,2,1,2.0,0.0,0.0,553.0,0.0,1.0,161000.0,161000.0,4
PH003850,AC001484,0,1,1,0,0,-1.0,-1.0,-1.0,-1.0,-1.0,-1.0,-1.0,-1.0,-1.0,-1.0,-1.0,-1.0,-1.0,-1.0,-1.0,-1.0,-1.0,-1.0,-1.0,920000.0,202,23000.0,0,1,3,2,train,0.17,5,2,1,2.0,0.0,0.0,553.0,0.0,1.0,161000.0,161000.0,4
PH003851,AC001484,1,2,0,0,1,-1.0,-1.0,-1.0,-1.0,-1.0,-1.0,-1.0,-1.0,-1.0,-1.0,-1.0,-1.0,-1.0,-1.0,-1.0,-1.0,-1.0,-1.0,-1.0,920000.0,202,23000.0,0,1,3,2,train,0.17,5,2,1,2.0,0.0,0.0,553.0,0.0,1.0,161000.0,161000.0,4
PH003852,AC001484,4,3,0,0,0,-1.0,-1.0,-1.0,-1.0,-1.0,-1.0,-1.0,-1.0,-1.0,-1.0,-1.0,-1.0,-1.0,-1.0,-1.0,-1.0,-1.0,-1.0,-1.0,920000.0,202,23000.0,0,1,3,2,train,0.17,5,2,1,2.0,0.0,0.0,553.0,0.0,1.0,161000.0,161000.0,4
PH003856,AC001486,3,0,1,0,0,16.0,0.0,1.0,2.0,0.0,28.0625,3.25,52.0,0.9375,0.1875,2.0,2.0,33.38967592592593,87.28413194444444,0.0,0.0,0.0,0.1875,1.0,74100.0,0,2850.0,2,2,0,0,train,-1.0,0,2,1,-1.0,-1.0,-1.0,-1.0,-1.0,1.0,2850.0,2850.0,2
PH003857,AC001486,1,1,0,0,0,5.0,2.0,0.0,0.0,0.0,30.6,8.6,24.0,0.6,0.0,2.0,2.0,55.293935185185184,71.15517361111111,0.0,0.0,2.0,0.4,1.0,74100.0,0,2850.0,2,2,0,0,train,-1.0,0,2,1,-1.0,-1.0,-1.0,-1.0,-1.0,1.0,2850.0,2850.0,2
PH003858,AC001487,3,0,1,0,0,3.0,0.0,0.0,0.0,0.0,21.333333333333332,142.66666666666666,384.0,0.3333333333333333,0.0,2.0,2.0,81.38699074074074,89.2574537037037,0.0,0.0,0.0,0.0,1.0,381100.0,22,10300.0,1,1,1,0,train,0.39,2,1,1,-1.0,-1.0,-1.0,-1.0,-1.0,1.0,10300.0,10300.0,2
PH003859,AC001487,4,1,0,0,0,-1.0,-1.0,-1.0,-1.0,-1.0,-1.0,-1.0,-1.0,-1.0,-1.0,-1.0,-1.0,-1.0,-1.0,-1.0,-1.0,-1.0,-1.0,-1.0,381100.0,22,10300.0,1,1,1,0,train,0.39,2,1,1,-1.0,-1.0,-1.0,-1.0,-1.0,1.0,10300.0,10300.0,2
PH003860,AC001488,3,0,0,0,0,5.0,2.0,0.0,1.0,0.0,12.4,12.8,40.0,0.6,0.2,1.0,1.0,80.42292824074075,88.35907407407407,0.0,0.0,3.0,0.6,1.0,50000.0,60,1250.0,1,2,2,0,train,0.25,3,0,1,3.0,0.0,0.0,296.6666666666667,0.0,2.0,2500.0,1250.0,3
PH003861,AC001488,4,1,0,0,0,10.0,0.0,0.0,0.0,0.0,19.8,57.0,119.0,0.4,0.0,1.0,1.0,55.093715277777775,80.00368055555556,0.0,0.0,0.0,0.0,1.0,50000.0,60,1250.0,1,2,2,0,train,0.25,3,0,1,3.0,0.0,0.0,296.6666666666667,0.0,2.0,2500.0,1250.0,3
PH003862,AC001489,3,0,1,0,0,19.0,0.0,0.0,0.0,0.0,20.736842105263158,100.42105263157895,396.0,0.47368421052631576,0.0,2.0,2.0,7.390266203703704,83.30914351851852,0.0,6.0,0.0,0.0,1.0,1780200.0,0,38700.0,3,1,0,0,train,0.64,5,2,1,-1.0,-1.0,-1.0,-1.0,-1.0,2.0,27600.0,13800.0,2
PH003863,AC001489,4,1,0,0,0,-1.0,-1.0,-1.0,-1.0,-1.0,-1.0,-1.0,-1.0,-1.0,-1.0,-1.0,-1.0,-1.0,-1.0,-1.0,-1.0,-1.0,-1.0,-1.0,1780200.0,0,38700.0,3,1,0,0,train,0.64,5,2,1,-1.0,-1.0,-1.0,-1.0,-1.0,2.0,27600.0,13800.0,2
PH000015,AC001490,3,0,0,0,0,8.0,0.0,0.0,0.0,0.0,24.375,31.875,118.0,0.625,0.0,1.0,1.0,80.11840277777777,88.42685185185185,0.0,0.0,0.0,0.0,1.0,84000.0,72,5250.0,0,1,0,0,train,-1.0,2,1,1,1.0,1.0,0.0,1266.0,1.0,1.0,15750.0,15750.0,3
PH003864,AC001490,1,1,0,0,0,3.0,0.0,3.0,0.0,0.0,0.0,0.0,0.0,1.0,1.0,1.0,1.0,65.02428240740741,67.32077546296296,0.0,0.0,3.0,1.0,0.0,84000.0,72,5250.0,0,1,0,0,train,-1.0,2,1,1,1.0,1.0,0.0,1266.0,1.0,1.0,15750.0,15750.0,3
PH000580,AC001490,2,2,0,0,0,-1.0,-1.0,-1.0,-1.0,-1.0,-1.0,-1.0,-1.0,-1.0,-1.0,-1.0,-1.0,-1.0,-1.0,-1.0,-1.0,-1.0,-1.0,-1.0,84000.0,72,5250.0,0,1,0,0,train,-1.0,2,1,1,1.0,1.0,0.0,1266.0,1.0,1.0,15750.0,15750.0,3
PH003865,AC001491,3,0,0,0,0,8.0,0.0,7.0,1.0,0.0,0.0,0.0,0.0,1.0,1.0,1.0,1.0,47.43366898148148,88.41457175925926,0.0,0.0,5.0,1.0,0.0,137250.0,66,9150.0,0,2,1,1,train,0.86,0,1,1,7.0,2.0,4.0,415.0,0.2857142857142857,-1.0,-1.0,-1.0,2
PH003866,AC001491,0,1,1,0,0,15.0,0.0,0.0,0.0,0.0,27.866666666666667,90.26666666666667,417.0,0.6,0.0,1.0,1.0,0.10628472222222222,43.26340277777778,3.0,9.0,0.0,0.0,1.0,137250.0,66,9150.0,0,2,1,1,train,0.86,0,1,1,7.0,2.0,4.0,415.0,0.2857142857142857,-1.0,-1.0,-1.0,2
PH003867,AC001492,3,0,1,0,0,33.0,0.0,0.0,0.0,0.0,26.272727272727273,57.09090909090909,359.0,0.6666666666666666,0.0,1.0,1.0,1.1931597222222223,89.31988425925925,4.0,15.0,0.0,0.0,1.0,173800.0,44,3950.0,0,4,2,2,train,0.23,2,1,1,-1.0,-1.0,-1.0,-1.0,-1.0,3.0,7900.0,2633.3333333333335,1
PH003868,AC001493,3,0,0,0,0,7.0,2.0,0.0,0.0,0.0,21.285714285714285,9.857142857142858,34.0,0.5714285714285714,0.0,1.0,1.0,63.033032407407404,82.26844907407407,0.0,0.0,1.0,0.2857142857142857,1.0,82500.0,96,8250.0,0,1,5,3,train,0.78,0,1,1,6.0,0.0,1.0,166.5,0.0,1.0,33000.0,33000.0,2
PH003869,AC001493,1,1,1,0,0,12.0,0.0,0.0,0.0,0.0,21.75,82.58333333333333,371.0,0.4166666666666667,0.0,1.0,1.0,25.389537037037037,59.35275462962963,0.0,4.0,0.0,0.0,1.0,82500.0,96,8250.0,0,1,5,3,train,0.78,0,1,1,6.0,0.0,1.0,166.5,0.0,1.0,33000.0,33000.0,2
PH003878,AC001497,3,0,1,0,0,3.0,0.0,0.0,0.0,0.0,18.333333333333332,16.666666666666668,50.0,0.6666666666666666,0.0,1.0,1.0,82.4253587962963,84.42606481481481,0.0,0.0,0.0,0.0,1.0,660000.0,19,13750.0,3,1,0,0,train,-1.0,2,1,1,-1.0,-1.0,-1.0,-1.0,-1.0,1.0,13750.0,13750.0,3
PH003879,AC001497,1,1,0,0,0,-1.0,-1.0,-1.0,-1.0,-1.0,-1.0,-1.0,-1.0,-1.0,-1.0,-1.0,-1.0,-1.0,-1.0,-1.0,-1.0,-1.0,-1.0,-1.0,660000.0,19,13750.0,3,1,0,0,train,-1.0,2,1,1,-1.0,-1.0,-1.0,-1.0,-1.0,1.0,13750.0,13750.0,3
PH003880,AC001497,4,2,0,0,0,-1.0,-1.0,-1.0,-1.0,-1.0,-1.0,-1.0,-1.0,-1.0,-1.0,-1.0,-1.0,-1.0,-1.0,-1.0,-1.0,-1.0,-1.0,-1.0,660000.0,19,13750.0,3,1,0,0,train,-1.0,2,1,1,-1.0,-1.0,-1.0,-1.0,-1.0,1.0,13750.0,13750.0,3
PH003881,AC001498,3,0,1,0,0,20.0,0.0,0.0,2.0,0.0,27.1,55.45,420.0,0.8,0.1,1.0,1.0,41.267974537037034,89.34251157407408,0.0,0.0,1.0,0.1,1.0,112000.0,59,3500.0,0,4,1,1,train,0.33,1,1,1,4.0,0.0,1.0,167.0,0.0,1.0,2000.0,2000.0,3
PH003882,AC001498,0,1,1,0,0,10.0,0.0,0.0,0.0,0.0,28.7,49.0,377.0,0.7,0.0,1.0,1.0,6.377962962962963,40.339120370370374,1.0,7.0,0.0,0.0,1.0,112000.0,59,3500.0,0,4,1,1,train,0.33,1,1,1,4.0,0.0,1.0,167.0,0.0,1.0,2000.0,2000.0,3
PH003883,AC001498,4,2,0,0,0,-1.0,-1.0,-1.0,-1.0,-1.0,-1.0,-1.0,-1.0,-1.0,-1.0,-1.0,-1.0,-1.0,-1.0,-1.0,-1.0,-1.0,-1.0,-1.0,112000.0,59,3500.0,0,4,1,1,train,0.33,1,1,1,4.0,0.0,1.0,167.0,0.0,1.0,2000.0,2000.0,3
PH003887,AC001501,3,0,1,0,0,19.0,1.0,0.0,1.0,0.0,22.789473684210527,28.526315789473685,143.0,0.5789473684210527,0.05263157894736842,1.0,1.0,30.349976851851853,89.4494675925926,0.0,0.0,1.0,0.10526315789473684,1.0,44950.0,48,1550.0,0,4,1,1,train,0.04,5,0,1,-1.0,-1.0,-1.0,-1.0,-1.0,1.0,2000.0,2000.0,3
PH003888,AC001501,0,1,1,0,0,3.0,0.0,0.0,0.0,0.0,16.333333333333332,16.0,48.0,0.6666666666666666,0.0,1.0,1.0,0.08052083333333333,28.42246527777778,2.0,3.0,0.0,0.0,1.0,44950.0,48,1550.0,0,4,1,1,train,0.04,5,0,1,-1.0,-1.0,-1.0,-1.0,-1.0,1.0,2000.0,2000.0,3
PH003889,AC001501,4,2,0,0,0,-1.0,-1.0,-1.0,-1.0,-1.0,-1.0,-1.0,-1.0,-1.0,-1.0,-1.0,-1.0,-1.0,-1.0,-1.0,-1.0,-1.0,-1.0,-1.0,44950.0,48,1550.0,0,4,1,1,train,0.04,5,0,1,-1.0,-1.0,-1.0,-1.0,-1.0,1.0,2000.0,2000.0,3
PH003890,AC001502,3,0,1,0,0,27.0,0.0,0.0,1.0,0.0,28.37037037037037,43.888888888888886,398.0,0.8518518518518519,0.037037037037037035,1.0,1.0,0.0015972222222222223,63.3446875,2.0,6.0,0.0,0.037037037037037035,1.0,27900.0,48,3100.0,0,3,0,0,train,0.47,5,1,1,-1.0,-1.0,-1.0,-1.0,-1.0,-1.0,-1.0,-1.0,1
PH003893,AC001504,3,0,1,0,0,15.0,0.0,0.0,0.0,0.0,31.2,44.733333333333334,417.0,0.8,0.0,1.0,1.0,32.45425925925926,86.37820601851851,0.0,0.0,0.0,0.0,1.0,1312400.0,25,38600.0,0,1,0,0,train,-1.0,5,2,1,-1.0,-1.0,-1.0,-1.0,-1.0,-1.0,-1.0,-1.0,3
PH003894,AC001504,0,1,0,0,0,8.0,0.0,0.0,0.0,0.0,14.875,0.0,0.0,1.0,0.0,1.0,1.0,23.326458333333335,32.016041666666666,0.0,4.0,0.0,0.0,0.0,1312400.0,25,38600.0,0,1,0,0,train,-1.0,5,2,1,-1.0,-1.0,-1.0,-1.0,-1.0,-1.0,-1.0,-1.0,3
PH003895,AC001504,4,2,0,0,0,2.0,0.0,0.0,0.0,0.0,18.0,38.0,76.0,0.5,0.0,1.0,1.0,6.384710648148148,18.372083333333332,1.0,2.0,0.0,0.0,1.0,1312400.0,25,38600.0,0,1,0,0,train,-1.0,5,2,1,-1.0,-1.0,-1.0,-1.0,-1.0,-1.0,-1.0,-1.0,3
PH003896,AC001505,3,0,0,0,0,21.0,2.0,11.0,5.0,0.0,4.904761904761905,4.095238095238095,33.0,0.8571428571428571,0.7619047619047619,2.0,2.0,4.451701388888889,89.33387731481481,1.0,8.0,5.0,0.8571428571428571,1.0,175750.0,21,9250.0,1,2,0,0,train,0.49,2,1,0,-1.0,-1.0,-1.0,-1.0,-1.0,1.0,3100.0,3100.0,2
PH003897,AC001505,4,1,1,0,0,13.0,0.0,0.0,0.0,0.0,23.307692307692307,31.692307692307693,114.0,0.5384615384615384,0.0,1.0,1.0,4.017604166666667,77.35248842592593,2.0,3.0,0.0,0.0,1.0,175750.0,21,9250.0,1,2,0,0,train,0.49,2,1,0,-1.0,-1.0,-1.0,-1.0,-1.0,1.0,3100.0,3100.0,2
PH003898,AC001506,3,0,0,0,0,8.0,0.0,0.0,0.0,0.0,26.875,0.0,0.0,1.0,0.0,1.0,1.0,67.27810185185186,88.28105324074075,0.0,0.0,0.0,0.0,0.0,46250.0,105,1850.0,0,3,2,2,train,-1.0,3,2,1,6.0,1.0,2.0,211.5,0.16666666666666666,1.0,7400.0,7400.0,4
PH003899,AC001506,0,1,0,0,0,7.0,0.0,6.0,1.0,0.0,0.0,0.0,0.0,1.0,1.0,1.0,1.0,31.410613425925927,55.43541666666667,0.0,0.0,5.0,1.0,0.0,46250.0,105,1850.0,0,3,2,2,train,-1.0,3,2,1,6.0,1.0,2.0,211.5,0.16666666666666666,1.0,7400.0,7400.0,4
PH003900,AC001506,1,2,0,0,0,-1.0,-1.0,-1.0,-1.0,-1.0,-1.0,-1.0,-1.0,-1.0,-1.0,-1.0,-1.0,-1.0,-1.0,-1.0,-1.0,-1.0,-1.0,-1.0,46250.0,105,1850.0,0,3,2,2,train,-1.0,3,2,1,6.0,1.0,2.0,211.5,0.16666666666666666,1.0,7400.0,7400.0,4
PH003901,AC001506,4,3,0,0,0,-1.0,-1.0,-1.0,-1.0,-1.0,-1.0,-1.0,-1.0,-1.0,-1.0,-1.0,-1.0,-1.0,-1.0,-1.0,-1.0,-1.0,-1.0,-1.0,46250.0,105,1850.0,0,3,2,2,train,-1.0,3,2,1,6.0,1.0,2.0,211.5,0.16666666666666666,1.0,7400.0,7400.0,4
PH003902,AC001507,3,0,1,0,0,19.0,0.0,0.0,1.0,0.0,21.210526315789473,31.789473684210527,415.0,0.7894736842105263,0.05263157894736842,1.0,1.0,33.36439814814815,88.28443287037037,0.0,0.0,0.0,0.05263157894736842,1.0,328100.0,77,9650.0,0,3,4,1,train,-1.0,0,1,1,7.0,0.0,3.0,207.28571428571428,0.0,-1.0,-1.0,-1.0,3
PH003903,AC001507,0,1,1,0,0,8.0,0.0,0.0,2.0,0.0,27.25,3.25,26.0,0.875,0.25,1.0,1.0,6.388877314814815,31.24646990740741,1.0,6.0,1.0,0.25,1.0,328100.0,77,9650.0,0,3,4,1,train,-1.0,0,1,1,7.0,0.0,3.0,207.28571428571428,0.0,-1.0,-1.0,-1.0,3
PH003904,AC001507,1,2,0,0,0,-1.0,-1.0,-1.0,-1.0,-1.0,-1.0,-1.0,-1.0,-1.0,-1.0,-1.0,-1.0,-1.0,-1.0,-1.0,-1.0,-1.0,-1.0,-1.0,328100.0,77,9650.0,0,3,4,1,train,-1.0,0,1,1,7.0,0.0,3.0,207.28571428571428,0.0,-1.0,-1.0,-1.0,3
PH003905,AC001508,3,0,1,0,0,8.0,0.0,0.0,0.0,0.0,25.0,17.125,62.0,0.625,0.0,1.0,1.0,59.05060185185185,88.42193287037037,0.0,0.0,0.0,0.0,1.0,274950.0,46,30550.0,2,1,1,0,train,0.89,5,2,1,-1.0,-1.0,-1.0,-1.0,-1.0,1.0,61100.0,61100.0,3
PH003906,AC001508,0,1,0,0,0,-1.0,-1.0,-1.0,-1.0,-1.0,-1.0,-1.0,-1.0,-1.0,-1.0,-1.0,-1.0,-1.0,-1.0,-1.0,-1.0,-1.0,-1.0,-1.0,274950.0,46,30550.0,2,1,1,0,train,0.89,5,2,1,-1.0,-1.0,-1.0,-1.0,-1.0,1.0,61100.0,61100.0,3
PH003907,AC001508,4,2,0,0,0,-1.0,-1.0,-1.0,-1.0,-1.0,-1.0,-1.0,-1.0,-1.0,-1.0,-1.0,-1.0,-1.0,-1.0,-1.0,-1.0,-1.0,-1.0,-1.0,274950.0,46,30550.0,2,1,1,0,train,0.89,5,2,1,-1.0,-1.0,-1.0,-1.0,-1.0,1.0,61100.0,61100.0,3
PH003908,AC001509,3,0,0,0,0,8.0,0.0,7.0,1.0,0.0,0.0,0.0,0.0,1.0,1.0,1.0,1.0,67.35283564814814,86.41627314814815,0.0,0.0,5.0,1.0,0.0,56250.0,83,3750.0,0,0,2,0,train,0.3,2,2,1,5.0,0.0,5.0,121.0,0.0,-1.0,-1.0,-1.0,3
PH003909,AC001509,0,1,1,0,0,9.0,1.0,0.0,0.0,0.0,16.666666666666668,15.666666666666666,129.0,0.7777777777777778,0.0,1.0,1.0,31.351631944444446,59.25869212962963,0.0,0.0,0.0,0.1111111111111111,1.0,56250.0,83,3750.0,0,0,2,0,train,0.3,2,2,1,5.0,0.0,5.0,121.0,0.0,-1.0,-1.0,-1.0,3
PH003910,AC001509,4,2,1,0,0,12.0,1.0,0.0,0.0,0.0,30.083333333333332,14.833333333333334,103.0,0.8333333333333334,0.0,1.0,1.0,1.385775462962963,27.272465277777776,3.0,12.0,0.0,0.08333333333333333,1.0,56250.0,83,3750.0,0,0,2,0,train,0.3,2,2,1,5.0,0.0,5.0,121.0,0.0,-1.0,-1.0,-1.0,3
PH003911,AC001510,3,0,1,0,0,1.0,0.0,0.0,0.0,0.0,17.0,43.0,43.0,0.0,0.0,1.0,1.0,88.38893518518519,88.38893518518519,0.0,0.0,0.0,0.0,1.0,561000.0,55,17000.0,1,3,0,0,train,-1.0,0,1,1,-1.0,-1.0,-1.0,-1.0,-1.0,1.0,34000.0,34000.0,3
PH003912,AC001510,0,1,0,0,0,-1.0,-1.0,-1.0,-1.0,-1.0,-1.0,-1.0,-1.0,-1.0,-1.0,-1.0,-1.0,-1.0,-1.0,-1.0,-1.0,-1.0,-1.0,-1.0,561000.0,55,17000.0,1,3,0,0,train,-1.0,0,1,1,-1.0,-1.0,-1.0,-1.0,-1.0,1.0,34000.0,34000.0,3
PH003913,AC001510,4,2,0,0,0,-1.0,-1.0,-1.0,-1.0,-1.0,-1.0,-1.0,-1.0,-1.0,-1.0,-1.0,-1.0,-1.0,-1.0,-1.0,-1.0,-1.0,-1.0,-1.0,561000.0,55,17000.0,1,3,0,0,train,-1.0,0,1,1,-1.0,-1.0,-1.0,-1.0,-1.0,1.0,34000.0,34000.0,3
PH000108,AC001511,3,0,1,0,0,16.0,1.0,0.0,2.0,0.0,21.0625,39.4375,146.0,0.5,0.125,2.0,2.0,51.25140046296296,86.45,0.0,0.0,1.0,0.1875,1.0,91000.0,0,3250.0,2,2,0,0,train,0.66,5,0,1,-1.0,-1.0,-1.0,-1.0,-1.0,1.0,3250.0,3250.0,2
PH003914,AC001511,0,1,0,0,0,2.0,0.0,0.0,0.0,0.0,43.5,0.0,0.0,1.0,0.0,1.0,1.0,46.447175925925926,47.43277777777778,0.0,0.0,0.0,0.0,0.0,91000.0,0,3250.0,2,2,0,0,train,0.66,5,0,1,-1.0,-1.0,-1.0,-1.0,-1.0,1.0,3250.0,3250.0,2
PH003915,AC001512,3,0,1,0,0,3.0,0.0,0.0,0.0,0.0,15.333333333333334,86.66666666666667,243.0,0.3333333333333333,0.0,2.0,2.0,82.2149537037037,87.42670138888889,0.0,0.0,0.0,0.0,1.0,312800.0,25,9200.0,2,1,0,0,train,-1.0,2,1,1,-1.0,-1.0,-1.0,-1.0,-1.0,1.0,9200.0,9200.0,3
PH003916,AC001512,0,1,0,0,0,-1.0,-1.0,-1.0,-1.0,-1.0,-1.0,-1.0,-1.0,-1.0,-1.0,-1.0,-1.0,-1.0,-1.0,-1.0,-1.0,-1.0,-1.0,-1.0,312800.0,25,9200.0,2,1,0,0,train,-1.0,2,1,1,-1.0,-1.0,-1.0,-1.0,-1.0,1.0,9200.0,9200.0,3
PH003917,AC001512,4,2,0,0,0,-1.0,-1.0,-1.0,-1.0,-1.0,-1.0,-1.0,-1.0,-1.0,-1.0,-1.0,-1.0,-1.0,-1.0,-1.0,-1.0,-1.0,-1.0,-1.0,312800.0,25,9200.0,2,1,0,0,train,-1.0,2,1,1,-1.0,-1.0,-1.0,-1.0,-1.0,1.0,9200.0,9200.0,3
PH003919,AC001514,3,0,1,0,0,42.0,0.0,12.0,3.0,0.0,16.023809523809526,24.047619047619047,384.0,0.8333333333333334,0.35714285714285715,2.0,2.0,0.34510416666666666,84.27983796296296,3.0,22.0,0.0,0.35714285714285715,1.0,49500.0,0,1500.0,1,4,1,0,train,-1.0,5,0,0,1.0,0.0,0.0,177.0,0.0,1.0,300.0,300.0,1
PH003920,AC001515,3,0,0,0,0,3.0,2.0,0.0,0.0,0.0,7.666666666666667,13.666666666666666,32.0,0.3333333333333333,0.0,1.0,1.0,87.45260416666666,89.33074074074074,0.0,0.0,2.0,0.6666666666666666,1.0,1227400.0,3,32300.0,0,3,0,0,train,0.69,5,2,1,-1.0,-1.0,-1.0,-1.0,-1.0,1.0,32300.0,32300.0,2
PH003921,AC001515,4,1,1,0,0,19.0,0.0,0.0,1.0,0.0,19.842105263157894,37.0,145.0,0.47368421052631576,0.05263157894736842,2.0,2.0,13.189108796296296,87.15392361111111,0.0,8.0,0.0,0.05263157894736842,1.0,1227400.0,3,32300.0,0,3,0,0,train,0.69,5,2,1,-1.0,-1.0,-1.0,-1.0,-1.0,1.0,32300.0,32300.0,2
PH003924,AC001517,3,0,1,0,0,11.0,0.0,0.0,0.0,0.0,19.09090909090909,7.090909090909091,78.0,0.9090909090909091,0.0,2.0,2.0,51.31483796296296,76.3107175925926,0.0,0.0,0.0,0.0,1.0,37500.0,0,2500.0,1,2,0,0,train,-1.0,1,2,1,-1.0,-1.0,-1.0,-1.0,-1.0,1.0,2500.0,2500.0,1
PH003928,AC001519,3,0,1,0,0,25.0,0.0,0.0,2.0,0.0,17.08,14.04,271.0,0.88,0.08,2.0,2.0,4.284155092592592,83.44734953703704,3.0,12.0,0.0,0.08,1.0,1864800.0,0,38850.0,1,3,0,0,train,-1.0,5,2,0,-1.0,-1.0,-1.0,-1.0,-1.0,2.0,33100.0,16550.0,2
PH003929,AC001519,0,1,1,0,0,22.0,0.0,0.0,2.0,0.0,27.545454545454547,30.636363636363637,238.0,0.8181818181818182,0.09090909090909091,2.0,2.0,17.03300925925926,82.3985300925926,0.0,7.0,0.0,0.09090909090909091,1.0,1864800.0,0,38850.0,1,3,0,0,train,-1.0,5,2,0,-1.0,-1.0,-1.0,-1.0,-1.0,2.0,33100.0,16550.0,2
PH003930,AC001520,3,0,1,0,0,4.0,0.0,0.0,0.0,0.0,18.25,77.75,150.0,0.25,0.0,2.0,2.0,80.3624074074074,83.32430555555555,0.0,0.0,0.0,0.0,1.0,37000.0,18,1850.0,2,2,2,0,train,-1.0,5,0,1,-1.0,-1.0,-1.0,-1.0,-1.0,1.0,1850.0,1850.0,1
PH003933,AC001522,3,0,1,0,0,22.0,0.0,0.0,4.0,0.0,21.0,22.5,230.0,0.8636363636363636,0.18181818181818182,2.0,2.0,27.287754629629628,68.3715162037037,0.0,1.0,1.0,0.18181818181818182,1.0,75000.0,0,2500.0,1,0,1,0,train,-1.0,1,0,1,-1.0,-1.0,-1.0,-1.0,-1.0,2.0,2500.0,1250.0,3
PH003934,AC001522,0,1,1,0,0,12.0,0.0,0.0,2.0,0.0,17.0,73.0,409.0,0.6666666666666666,0.16666666666666666,1.0,1.0,5.114618055555556,27.107337962962962,2.0,12.0,1.0,0.16666666666666666,1.0,75000.0,0,2500.0,1,0,1,0,train,-1.0,1,0,1,-1.0,-1.0,-1.0,-1.0,-1.0,2.0,2500.0,1250.0,3
PH003935,AC001522,4,2,0,0,0,-1.0,-1.0,-1.0,-1.0,-1.0,-1.0,-1.0,-1.0,-1.0,-1.0,-1.0,-1.0,-1.0,-1.0,-1.0,-1.0,-1.0,-1.0,-1.0,75000.0,0,2500.0,1,0,1,0,train,-1.0,1,0,1,-1.0,-1.0,-1.0,-1.0,-1.0,2.0,2500.0,1250.0,3
PH003936,AC001523,3,0,0,0,0,5.0,2.0,0.0,0.0,0.0,20.6,9.4,28.0,0.6,0.0,1.0,1.0,80.29229166666667,87.3395949074074,0.0,0.0,2.0,0.4,1.0,11000.0,15,1100.0,0,1,0,0,train,-1.0,5,0,0,4.0,1.0,0.0,277.25,0.25,-1.0,-1.0,-1.0,1
PH003944,AC001527,3,0,0,0,0,8.0,0.0,6.0,2.0,0.0,0.0,0.0,0.0,1.0,1.0,1.0,1.0,76.24672453703704,84.3931712962963,0.0,0.0,5.0,1.0,0.0,139650.0,56,7350.0,1,4,1,1,train,0.59,2,1,1,-1.0,-1.0,-1.0,-1.0,-1.0,1.0,2200.0,2200.0,4
PH003945,AC001527,0,1,1,0,0,10.0,0.0,0.0,0.0,0.0,27.1,13.9,139.0,0.9,0.0,1.0,1.0,43.274861111111115,73.27145833333333,0.0,0.0,0.0,0.0,1.0,139650.0,56,7350.0,1,4,1,1,train,0.59,2,1,1,-1.0,-1.0,-1.0,-1.0,-1.0,1.0,2200.0,2200.0,4
PH003946,AC001527,1,2,1,0,0,15.0,0.0,0.0,1.0,0.0,22.4,31.066666666666666,190.0,0.7333333333333333,0.06666666666666667,1.0,1.0,10.451909722222222,38.37520833333333,0.0,10.0,0.0,0.06666666666666667,1.0,139650.0,56,7350.0,1,4,1,1,train,0.59,2,1,1,-1.0,-1.0,-1.0,-1.0,-1.0,1.0,2200.0,2200.0,4
PH003947,AC001527,4,3,0,0,0,-1.0,-1.0,-1.0,-1.0,-1.0,-1.0,-1.0,-1.0,-1.0,-1.0,-1.0,-1.0,-1.0,-1.0,-1.0,-1.0,-1.0,-1.0,-1.0,139650.0,56,7350.0,1,4,1,1,train,0.59,2,1,1,-1.0,-1.0,-1.0,-1.0,-1.0,1.0,2200.0,2200.0,4
PH003950,AC001529,3,0,1,0,0,15.0,0.0,0.0,4.0,0.0,19.0,34.13333333333333,411.0,0.8666666666666667,0.26666666666666666,1.0,1.0,3.362488425925926,88.33359953703703,1.0,1.0,0.0,0.26666666666666666,1.0,120900.0,52,3900.0,0,1,1,1,train,-1.0,1,1,1,5.0,2.0,0.0,430.8,0.4,-1.0,-1.0,-1.0,3
PH000409,AC001529,2,1,0,0,0,8.0,0.0,0.0,1.0,0.0,18.25,48.5,140.0,0.5,0.125,1.0,1.0,38.29239583333333,49.32101851851852,0.0,0.0,1.0,0.125,1.0,120900.0,52,3900.0,0,1,1,1,train,-1.0,1,1,1,5.0,2.0,0.0,430.8,0.4,-1.0,-1.0,-1.0,3
PH003951,AC001529,4,2,0,0,0,8.0,0.0,0.0,0.0,0.0,24.0,35.5,131.0,0.5,0.0,1.0,1.0,7.307986111111111,26.30505787037037,0.0,8.0,0.0,0.0,1.0,120900.0,52,3900.0,0,1,1,1,train,-1.0,1,1,1,5.0,2.0,0.0,430.8,0.4,-1.0,-1.0,-1.0,3
PH003952,AC001530,3,0,0,0,0,7.0,2.0,4.0,0.0,0.0,3.857142857142857,9.714285714285714,39.0,0.7142857142857143,0.5714285714285714,2.0,2.0,74.28633101851852,88.4361574074074,0.0,0.0,4.0,0.8571428571428571,1.0,41600.0,26,1600.0,1,2,2,0,train,0.06,5,2,1,-1.0,-1.0,-1.0,-1.0,-1.0,3.0,1600.0,533.3333333333334,4
PH003953,AC001530,0,1,1,0,0,5.0,0.0,0.0,0.0,0.0,10.0,72.6,277.0,0.4,0.0,1.0,1.0,62.14578703703704,73.31453703703704,0.0,0.0,0.0,0.0,1.0,41600.0,26,1600.0,1,2,2,0,train,0.06,5,2,1,-1.0,-1.0,-1.0,-1.0,-1.0,3.0,1600.0,533.3333333333334,4
PH003954,AC001530,1,2,0,0,0,-1.0,-1.0,-1.0,-1.0,-1.0,-1.0,-1.0,-1.0,-1.0,-1.0,-1.0,-1.0,-1.0,-1.0,-1.0,-1.0,-1.0,-1.0,-1.0,41600.0,26,1600.0,1,2,2,0,train,0.06,5,2,1,-1.0,-1.0,-1.0,-1.0,-1.0,3.0,1600.0,533.3333333333334,4
PH003955,AC001530,4,3,0,0,0,-1.0,-1.0,-1.0,-1.0,-1.0,-1.0,-1.0,-1.0,-1.0,-1.0,-1.0,-1.0,-1.0,-1.0,-1.0,-1.0,-1.0,-1.0,-1.0,41600.0,26,1600.0,1,2,2,0,train,0.06,5,2,1,-1.0,-1.0,-1.0,-1.0,-1.0,3.0,1600.0,533.3333333333334,4
PH003956,AC001531,3,0,1,0,0,11.0,0.0,0.0,0.0,0.0,14.909090909090908,151.54545454545453,345.0,0.18181818181818182,0.0,1.0,1.0,37.39341435185185,80.33545138888888,0.0,0.0,0.0,0.0,1.0,404700.0,219,10650.0,0,4,1,0,train,0.31,5,2,1,5.0,2.0,2.0,411.6,0.4,3.0,85200.0,28400.0,2
PH003957,AC001531,4,1,0,0,0,-1.0,-1.0,-1.0,-1.0,-1.0,-1.0,-1.0,-1.0,-1.0,-1.0,-1.0,-1.0,-1.0,-1.0,-1.0,-1.0,-1.0,-1.0,-1.0,404700.0,219,10650.0,0,4,1,0,train,0.31,5,2,1,5.0,2.0,2.0,411.6,0.4,3.0,85200.0,28400.0,2
PH000066,AC001533,3,0,1,0,0,25.0,0.0,0.0,2.0,0.0,19.64,52.76,150.0,0.44,0.08,1.0,1.0,7.275891203703703,88.37293981481481,0.0,6.0,2.0,0.08,1.0,368000.0,72,9200.0,0,4,1,1,train,-1.0,2,1,1,7.0,0.0,0.0,402.85714285714283,0.0,1.0,14900.0,14900.0,1
PH003961,AC001535,3,0,1,0,0,14.0,0.0,6.0,3.0,0.0,7.142857142857143,66.71428571428571,411.0,0.7142857142857143,0.6428571428571429,1.0,1.0,65.29291666666667,89.39481481481481,0.0,0.0,1.0,0.6428571428571429,1.0,129200.0,49,3800.0,1,1,3,1,train,-1.0,2,0,1,1.0,0.0,0.0,209.0,0.0,1.0,7600.0,7600.0,3
PH003962,AC001535,1,1,1,0,0,3.0,0.0,0.0,1.0,0.0,13.0,134.33333333333334,343.0,0.3333333333333333,0.3333333333333333,1.0,1.0,62.25212962962963,64.26913194444444,0.0,0.0,1.0,0.3333333333333333,1.0,129200.0,49,3800.0,1,1,3,1,train,-1.0,2,0,1,1.0,0.0,0.0,209.0,0.0,1.0,7600.0,7600.0,3
PH003963,AC001535,4,2,0,0,0,-1.0,-1.0,-1.0,-1.0,-1.0,-1.0,-1.0,-1.0,-1.0,-1.0,-1.0,-1.0,-1.0,-1.0,-1.0,-1.0,-1.0,-1.0,-1.0,129200.0,49,3800.0,1,1,3,1,train,-1.0,2,0,1,1.0,0.0,0.0,209.0,0.0,1.0,7600.0,7600.0,3
PH003967,AC001537,3,0,1,0,0,12.0,0.0,0.0,1.0,0.0,27.416666666666668,39.166666666666664,332.0,0.75,0.08333333333333333,1.0,1.0,68.30628472222222,88.2943287037037,0.0,0.0,0.0,0.08333333333333333,1.0,24800.0,79,1550.0,0,4,2,0,train,-1.0,5,2,1,2.0,0.0,0.0,201.5,0.0,1.0,4650.0,4650.0,2
PH003968,AC001537,0,1,0,0,0,-1.0,-1.0,-1.0,-1.0,-1.0,-1.0,-1.0,-1.0,-1.0,-1.0,-1.0,-1.0,-1.0,-1.0,-1.0,-1.0,-1.0,-1.0,-1.0,24800.0,79,1550.0,0,4,2,0,train,-1.0,5,2,1,2.0,0.0,0.0,201.5,0.0,1.0,4650.0,4650.0,2
PH003969,AC001538,3,0,1,0,0,3.0,0.0,0.0,0.0,0.0,30.666666666666668,14.333333333333334,43.0,0.6666666666666666,0.0,1.0,1.0,77.25422453703703,84.39824074074075,0.0,0.0,0.0,0.0,1.0,64900.0,0,2950.0,3,1,0,0,train,0.51,0,2,1,-1.0,-1.0,-1.0,-1.0,-1.0,4.0,2950.0,737.5,1
PH003970,AC001539,3,0,0,0,0,8.0,0.0,0.0,0.0,0.0,36.75,0.0,0.0,1.0,0.0,1.0,1.0,81.05856481481482,87.33572916666667,0.0,0.0,0.0,0.0,0.0,31500.0,39,1050.0,0,2,1,1,train,0.17,5,2,1,5.0,0.0,1.0,178.2,0.0,-1.0,-1.0,-1.0,3
PH003971,AC001539,1,1,1,0,1,13.0,0.0,0.0,0.0,0.0,27.384615384615383,3.5384615384615383,46.0,0.9230769230769231,0.0,1.0,1.0,52.24824074074074,74.32400462962963,0.0,0.0,0.0,0.0,1.0,31500.0,39,1050.0,0,2,1,1,train,0.17,5,2,1,5.0,0.0,1.0,178.2,0.0,-1.0,-1.0,-1.0,3
PH003972,AC001539,4,2,1,0,0,10.0,1.0,0.0,0.0,0.0,23.5,31.1,150.0,0.5,0.0,1.0,1.0,5.387824074074074,52.018819444444446,2.0,6.0,1.0,0.1,1.0,31500.0,39,1050.0,0,2,1,1,train,0.17,5,2,1,5.0,0.0,1.0,178.2,0.0,-1.0,-1.0,-1.0,3
PH003973,AC001540,3,0,1,0,0,11.0,0.0,0.0,0.0,0.0,19.363636363636363,141.27272727272728,369.0,0.2727272727272727,0.0,2.0,2.0,58.36228009259259,88.27817129629629,0.0,0.0,0.0,0.0,1.0,63750.0,28,3750.0,1,3,1,0,train,0.96,1,1,1,-1.0,-1.0,-1.0,-1.0,-1.0,1.0,3750.0,3750.0,3
PH003974,AC001540,0,1,0,0,0,-1.0,-1.0,-1.0,-1.0,-1.0,-1.0,-1.0,-1.0,-1.0,-1.0,-1.0,-1.0,-1.0,-1.0,-1.0,-1.0,-1.0,-1.0,-1.0,63750.0,28,3750.0,1,3,1,0,train,0.96,1,1,1,-1.0,-1.0,-1.0,-1.0,-1.0,1.0,3750.0,3750.0,3
PH003975,AC001540,4,2,0,0,0,-1.0,-1.0,-1.0,-1.0,-1.0,-1.0,-1.0,-1.0,-1.0,-1.0,-1.0,-1.0,-1.0,-1.0,-1.0,-1.0,-1.0,-1.0,-1.0,63750.0,28,3750.0,1,3,1,0,train,0.96,1,1,1,-1.0,-1.0,-1.0,-1.0,-1.0,1.0,3750.0,3750.0,3
PH003976,AC001542,3,0,1,0,0,22.0,0.0,0.0,4.0,0.0,22.318181818181817,55.0,390.0,0.7272727272727273,0.18181818181818182,2.0,2.0,23.02773148148148,89.30493055555556,0.0,5.0,0.0,0.18181818181818182,1.0,245050.0,5,8450.0,1,1,1,1,train,0.58,0,1,1,-1.0,-1.0,-1.0,-1.0,-1.0,2.0,8450.0,4225.0,1
PH003977,AC001543,3,0,1,0,0,6.0,0.0,0.0,0.0,0.0,26.666666666666668,89.83333333333333,364.0,0.5,0.0,2.0,2.0,80.29157407407408,87.34575231481482,0.0,0.0,0.0,0.0,1.0,143200.0,19,17900.0,1,1,1,1,train,-1.0,2,1,1,-1.0,-1.0,-1.0,-1.0,-1.0,1.0,17900.0,17900.0,4
PH003978,AC001543,0,1,0,0,0,-1.0,-1.0,-1.0,-1.0,-1.0,-1.0,-1.0,-1.0,-1.0,-1.0,-1.0,-1.0,-1.0,-1.0,-1.0,-1.0,-1.0,-1.0,-1.0,143200.0,19,17900.0,1,1,1,1,train,-1.0,2,1,1,-1.0,-1.0,-1.0,-1.0,-1.0,1.0,17900.0,17900.0,4
PH003979,AC001543,1,2,0,0,0,-1.0,-1.0,-1.0,-1.0,-1.0,-1.0,-1.0,-1.0,-1.0,-1.0,-1.0,-1.0,-1.0,-1.0,-1.0,-1.0,-1.0,-1.0,-1.0,143200.0,19,17900.0,1,1,1,1,train,-1.0,2,1,1,-1.0,-1.0,-1.0,-1.0,-1.0,1.0,17900.0,17900.0,4
PH000577,AC001543,2,3,0,0,0,8.0,0.0,0.0,1.0,0.0,12.25,48.875,128.0,0.25,0.125,1.0,1.0,62.15133101851852,84.27322916666667,0.0,0.0,1.0,0.125,1.0,143200.0,19,17900.0,1,1,1,1,train,-1.0,2,1,1,-1.0,-1.0,-1.0,-1.0,-1.0,1.0,17900.0,17900.0,4
PH003980,AC001544,3,0,1,0,0,5.0,0.0,0.0,0.0,0.0,25.6,74.2,343.0,0.6,0.0,1.0,1.0,57.34790509259259,83.36054398148148,0.0,0.0,0.0,0.0,1.0,158900.0,84,11350.0,0,1,3,0,train,-1.0,0,1,1,1.0,1.0,0.0,479.0,1.0,2.0,34050.0,17025.0,2
PH003981,AC001544,0,1,0,0,0,-1.0,-1.0,-1.0,-1.0,-1.0,-1.0,-1.0,-1.0,-1.0,-1.0,-1.0,-1.0,-1.0,-1.0,-1.0,-1.0,-1.0,-1.0,-1.0,158900.0,84,11350.0,0,1,3,0,train,-1.0,0,1,1,1.0,1.0,0.0,479.0,1.0,2.0,34050.0,17025.0,2
PH003982,AC001545,3,0,1,0,0,34.0,0.0,0.0,1.0,0.0,29.41176470588235,3.735294117647059,61.0,0.9117647058823529,0.029411764705882353,1.0,1.0,13.172465277777778,89.34677083333334,0.0,10.0,0.0,0.029411764705882353,1.0,13050.0,57,1450.0,0,2,2,2,train,0.33,5,0,1,5.0,0.0,0.0,224.4,0.0,1.0,2900.0,2900.0,1
PH003983,AC001546,3,0,1,0,0,14.0,2.0,0.0,1.0,0.0,29.0,6.142857142857143,34.0,0.7857142857142857,0.07142857142857142,2.0,2.0,56.27,82.42486111111111,0.0,0.0,1.0,0.21428571428571427,1.0,134300.0,14,7900.0,3,0,1,0,train,-1.0,0,1,1,1.0,1.0,0.0,870.0,1.0,2.0,6000.0,3000.0,2
PH003984,AC001547,3,0,1,0,0,8.0,0.0,0.0,0.0,0.0,25.375,15.125,65.0,0.75,0.0,2.0,2.0,62.352222222222224,86.4105324074074,0.0,0.0,0.0,0.0,1.0,226950.0,0,13350.0,1,2,1,0,train,-1.0,2,1,1,-1.0,-1.0,-1.0,-1.0,-1.0,2.0,13350.0,6675.0,4
PH003985,AC001547,0,1,0,0,0,-1.0,-1.0,-1.0,-1.0,-1.0,-1.0,-1.0,-1.0,-1.0,-1.0,-1.0,-1.0,-1.0,-1.0,-1.0,-1.0,-1.0,-1.0,-1.0,226950.0,0,13350.0,1,2,1,0,train,-1.0,2,1,1,-1.0,-1.0,-1.0,-1.0,-1.0,2.0,13350.0,6675.0,4
PH003986,AC001547,1,2,0,0,0,-1.0,-1.0,-1.0,-1.0,-1.0,-1.0,-1.0,-1.0,-1.0,-1.0,-1.0,-1.0,-1.0,-1.0,-1.0,-1.0,-1.0,-1.0,-1.0,226950.0,0,13350.0,1,2,1,0,train,-1.0,2,1,1,-1.0,-1.0,-1.0,-1.0,-1.0,2.0,13350.0,6675.0,4
PH003987,AC001547,4,3,0,0,0,-1.0,-1.0,-1.0,-1.0,-1.0,-1.0,-1.0,-1.0,-1.0,-1.0,-1.0,-1.0,-1.0,-1.0,-1.0,-1.0,-1.0,-1.0,-1.0,226950.0,0,13350.0,1,2,1,0,train,-1.0,2,1,1,-1.0,-1.0,-1.0,-1.0,-1.0,2.0,13350.0,6675.0,4
PH003988,AC001548,3,0,1,0,0,18.0,0.0,0.0,0.0,0.0,21.77777777777778,125.11111111111111,415.0,0.4444444444444444,0.0,1.0,1.0,51.44349537037037,89.35740740740741,0.0,0.0,0.0,0.0,1.0,30000.0,253,1500.0,0,2,4,3,train,0.0,3,2,1,3.0,2.0,1.0,606.6666666666666,0.6666666666666666,1.0,13500.0,13500.0,2
PH003989,AC001548,4,1,0,0,0,-1.0,-1.0,-1.0,-1.0,-1.0,-1.0,-1.0,-1.0,-1.0,-1.0,-1.0,-1.0,-1.0,-1.0,-1.0,-1.0,-1.0,-1.0,-1.0,30000.0,253,1500.0,0,2,4,3,train,0.0,3,2,1,3.0,2.0,1.0,606.6666666666666,0.6666666666666666,1.0,13500.0,13500.0,2
PH003990,AC001549,3,0,1,0,0,24.0,1.0,0.0,2.0,0.0,16.708333333333332,9.125,68.0,0.7916666666666666,0.08333333333333333,1.0,1.0,41.327210648148146,88.36150462962964,0.0,0.0,0.0,0.125,1.0,78000.0,45,1950.0,0,1,2,2,train,0.58,5,2,1,4.0,1.0,0.0,735.5,0.25,2.0,2500.0,1250.0,3
PH003991,AC001549,0,1,1,0,1,7.0,0.0,3.0,0.0,0.0,15.857142857142858,4.571428571428571,32.0,0.8571428571428571,0.42857142857142855,1.0,1.0,4.165243055555556,41.031539351851855,3.0,5.0,1.0,0.42857142857142855,1.0,78000.0,45,1950.0,0,1,2,2,train,0.58,5,2,1,4.0,1.0,0.0,735.5,0.25,2.0,2500.0,1250.0,3
PH003992,AC001549,4,2,0,0,0,-1.0,-1.0,-1.0,-1.0,-1.0,-1.0,-1.0,-1.0,-1.0,-1.0,-1.0,-1.0,-1.0,-1.0,-1.0,-1.0,-1.0,-1.0,-1.0,78000.0,45,1950.0,0,1,2,2,train,0.58,5,2,1,4.0,1.0,0.0,735.5,0.25,2.0,2500.0,1250.0,3
PH003995,AC001551,3,0,0,0,0,8.0,0.0,0.0,3.0,0.0,13.5,0.0,0.0,1.0,0.375,1.0,1.0,72.45290509259259,88.30394675925926,0.0,0.0,1.0,0.375,0.0,137200.0,47,2800.0,0,3,1,1,train,0.2,1,1,1,-1.0,-1.0,-1.0,-1.0,-1.0,1.0,5600.0,5600.0,3
PH003996,AC001551,0,1,1,0,0,10.0,0.0,0.0,0.0,0.0,28.7,20.8,71.0,0.6,0.0,1.0,1.0,44.18392361111111,69.41126157407408,0.0,0.0,0.0,0.0,1.0,137200.0,47,2800.0,0,3,1,1,train,0.2,1,1,1,-1.0,-1.0,-1.0,-1.0,-1.0,1.0,5600.0,5600.0,3
PH003997,AC001551,4,2,0,0,0,-1.0,-1.0,-1.0,-1.0,-1.0,-1.0,-1.0,-1.0,-1.0,-1.0,-1.0,-1.0,-1.0,-1.0,-1.0,-1.0,-1.0,-1.0,-1.0,137200.0,47,2800.0,0,3,1,1,train,0.2,1,1,1,-1.0,-1.0,-1.0,-1.0,-1.0,1.0,5600.0,5600.0,3
PH003998,AC001552,3,0,1,0,0,3.0,0.0,0.0,0.0,0.0,23.666666666666668,100.66666666666667,260.0,0.3333333333333333,0.0,1.0,1.0,88.39578703703704,89.40407407407407,0.0,0.0,0.0,0.0,1.0,106150.0,35,9650.0,0,3,2,0,train,0.52,0,1,1,-1.0,-1.0,-1.0,-1.0,-1.0,1.0,19300.0,19300.0,1
PH003999,AC001553,3,0,1,0,0,16.0,0.0,0.0,0.0,0.0,22.875,35.125,131.0,0.4375,0.0,1.0,1.0,42.38534722222222,86.28666666666666,0.0,0.0,0.0,0.0,1.0,457500.0,59,30500.0,1,1,1,1,train,0.8,4,2,1,-1.0,-1.0,-1.0,-1.0,-1.0,1.0,61000.0,61000.0,2
PH004000,AC001553,0,1,0,0,0,-1.0,-1.0,-1.0,-1.0,-1.0,-1.0,-1.0,-1.0,-1.0,-1.0,-1.0,-1.0,-1.0,-1.0,-1.0,-1.0,-1.0,-1.0,-1.0,457500.0,59,30500.0,1,1,1,1,train,0.8,4,2,1,-1.0,-1.0,-1.0,-1.0,-1.0,1.0,61000.0,61000.0,2
PH004005,AC001555,3,0,0,0,0,16.0,1.0,12.0,2.0,0.0,2.3125,1.9375,31.0,0.9375,0.875,1.0,1.0,54.24053240740741,83.37478009259259,0.0,0.0,5.0,0.9375,1.0,28000.0,40,1400.0,0,0,0,0,train,-1.0,5,0,1,2.0,0.0,1.0,204.0,0.0,-1.0,-1.0,-1.0,2
PH004006,AC001556,3,0,1,0,0,28.0,0.0,0.0,3.0,0.0,22.892857142857142,36.607142857142854,304.0,0.8214285714285714,0.10714285714285714,1.0,1.0,3.253090277777778,87.26034722222222,1.0,6.0,1.0,0.10714285714285714,1.0,64500.0,37,1500.0,0,3,1,1,train,0.28,2,1,1,6.0,1.0,1.0,253.66666666666666,0.16666666666666666,-1.0,-1.0,-1.0,3
PH004007,AC001556,0,1,0,0,0,-1.0,-1.0,-1.0,-1.0,-1.0,-1.0,-1.0,-1.0,-1.0,-1.0,-1.0,-1.0,-1.0,-1.0,-1.0,-1.0,-1.0,-1.0,-1.0,64500.0,37,1500.0,0,3,1,1,train,0.28,2,1,1,6.0,1.0,1.0,253.66666666666666,0.16666666666666666,-1.0,-1.0,-1.0,3
PH004008,AC001556,1,2,0,0,0,-1.0,-1.0,-1.0,-1.0,-1.0,-1.0,-1.0,-1.0,-1.0,-1.0,-1.0,-1.0,-1.0,-1.0,-1.0,-1.0,-1.0,-1.0,-1.0,64500.0,37,1500.0,0,3,1,1,train,0.28,2,1,1,6.0,1.0,1.0,253.66666666666666,0.16666666666666666,-1.0,-1.0,-1.0,3
PH004009,AC001557,3,0,1,0,0,2.0,0.0,0.0,0.0,0.0,12.0,402.5,403.0,0.0,0.0,1.0,1.0,87.31912037037037,88.39700231481481,0.0,0.0,0.0,0.0,1.0,1158850.0,0,26950.0,2,0,0,0,train,-1.0,5,2,1,-1.0,-1.0,-1.0,-1.0,-1.0,1.0,26950.0,26950.0,2
PH004010,AC001557,4,1,0,0,0,-1.0,-1.0,-1.0,-1.0,-1.0,-1.0,-1.0,-1.0,-1.0,-1.0,-1.0,-1.0,-1.0,-1.0,-1.0,-1.0,-1.0,-1.0,-1.0,1158850.0,0,26950.0,2,0,0,0,train,-1.0,5,2,1,-1.0,-1.0,-1.0,-1.0,-1.0,1.0,26950.0,26950.0,2
PH000247,AC001558,3,0,0,0,0,18.0,0.0,0.0,2.0,0.0,18.88888888888889,38.0,135.0,0.5555555555555556,0.1111111111111111,1.0,1.0,0.02130787037037037,88.3174537037037,2.0,2.0,2.0,0.1111111111111111,1.0,87400.0,63,3800.0,0,1,1,1,train,0.82,1,0,1,5.0,0.0,2.0,132.0,0.0,-1.0,-1.0,-1.0,2
PH004011,AC001559,3,0,1,0,0,1.0,0.0,0.0,0.0,0.0,17.0,73.0,73.0,0.0,0.0,1.0,1.0,87.37623842592592,87.37623842592592,0.0,0.0,0.0,0.0,1.0,27200.0,23,800.0,0,1,0,0,train,-1.0,3,2,1,-1.0,-1.0,-1.0,-1.0,-1.0,1.0,800.0,800.0,4
PH004012,AC001559,0,1,0,0,0,-1.0,-1.0,-1.0,-1.0,-1.0,-1.0,-1.0,-1.0,-1.0,-1.0,-1.0,-1.0,-1.0,-1.0,-1.0,-1.0,-1.0,-1.0,-1.0,27200.0,23,800.0,0,1,0,0,train,-1.0,3,2,1,-1.0,-1.0,-1.0,-1.0,-1.0,1.0,800.0,800.0,4
PH004013,AC001559,1,2,0,0,0,-1.0,-1.0,-1.0,-1.0,-1.0,-1.0,-1.0,-1.0,-1.0,-1.0,-1.0,-1.0,-1.0,-1.0,-1.0,-1.0,-1.0,-1.0,-1.0,27200.0,23,800.0,0,1,0,0,train,-1.0,3,2,1,-1.0,-1.0,-1.0,-1.0,-1.0,1.0,800.0,800.0,4
PH004014,AC001559,4,3,0,0,0,-1.0,-1.0,-1.0,-1.0,-1.0,-1.0,-1.0,-1.0,-1.0,-1.0,-1.0,-1.0,-1.0,-1.0,-1.0,-1.0,-1.0,-1.0,-1.0,27200.0,23,800.0,0,1,0,0,train,-1.0,3,2,1,-1.0,-1.0,-1.0,-1.0,-1.0,1.0,800.0,800.0,4
PH004017,AC001561,3,0,0,0,0,2.0,2.0,0.0,0.0,0.0,15.0,29.0,37.0,0.0,0.0,1.0,1.0,89.08377314814815,89.2990162037037,0.0,0.0,2.0,1.0,1.0,31900.0,83,1450.0,1,4,0,0,train,0.61,5,2,1,1.0,0.0,0.0,293.0,0.0,1.0,4350.0,4350.0,2
PH004018,AC001561,4,1,1,0,0,6.0,0.0,0.0,0.0,0.0,16.5,33.5,83.0,0.3333333333333333,0.0,1.0,1.0,63.27021990740741,87.4007175925926,0.0,0.0,0.0,0.0,1.0,31900.0,83,1450.0,1,4,0,0,train,0.61,5,2,1,1.0,0.0,0.0,293.0,0.0,1.0,4350.0,4350.0,2
PH004019,AC001562,3,0,0,0,0,8.0,0.0,0.0,0.0,0.0,36.125,0.0,0.0,1.0,0.0,1.0,1.0,73.40704861111111,86.42826388888889,0.0,0.0,0.0,0.0,0.0,33150.0,269,1950.0,0,4,4,1,train,-1.0,5,2,1,5.0,0.0,2.0,209.0,0.0,1.0,17550.0,17550.0,3
PH004020,AC001562,0,1,0,0,0,8.0,0.0,2.0,0.0,0.0,20.25,0.0,0.0,1.0,0.25,1.0,1.0,56.15616898148148,70.25688657407407,0.0,0.0,0.0,0.25,0.0,33150.0,269,1950.0,0,4,4,1,train,-1.0,5,2,1,5.0,0.0,2.0,209.0,0.0,1.0,17550.0,17550.0,3
PH004021,AC001563,3,0,1,0,0,9.0,0.0,0.0,2.0,0.0,10.444444444444445,3.888888888888889,35.0,0.8888888888888888,0.2222222222222222,2.0,2.0,46.28150462962963,89.27452546296297,0.0,0.0,1.0,0.2222222222222222,1.0,144000.0,22,4000.0,3,5,1,0,train,0.89,2,0,1,-1.0,-1.0,-1.0,-1.0,-1.0,1.0,4000.0,4000.0,2
PH004022,AC001563,4,1,0,0,0,8.0,1.0,0.0,2.0,0.0,18.875,4.125,33.0,0.875,0.25,1.0,1.0,48.29542824074074,63.410069444444446,0.0,0.0,3.0,0.375,1.0,144000.0,22,4000.0,3,5,1,0,train,0.89,2,0,1,-1.0,-1.0,-1.0,-1.0,-1.0,1.0,4000.0,4000.0,2
PH004023,AC001564,3,0,1,0,0,10.0,0.0,0.0,0.0,0.0,23.8,23.0,76.0,0.6,0.0,1.0,1.0,47.43549768518518,89.41511574074075,0.0,0.0,0.0,0.0,1.0,47250.0,75,2250.0,0,1,1,0,train,0.79,1,2,1,1.0,0.0,0.0,335.0,0.0,3.0,6750.0,2250.0,4
PH004024,AC001564,0,1,1,0,0,-1.0,-1.0,-1.0,-1.0,-1.0,-1.0,-1.0,-1.0,-1.0,-1.0,-1.0,-1.0,-1.0,-1.0,-1.0,-1.0,-1.0,-1.0,-1.0,47250.0,75,2250.0,0,1,1,0,train,0.79,1,2,1,1.0,0.0,0.0,335.0,0.0,3.0,6750.0,2250.0,4
PH004025,AC001564,1,2,0,0,0,-1.0,-1.0,-1.0,-1.0,-1.0,-1.0,-1.0,-1.0,-1.0,-1.0,-1.0,-1.0,-1.0,-1.0,-1.0,-1.0,-1.0,-1.0,-1.0,47250.0,75,2250.0,0,1,1,0,train,0.79,1,2,1,1.0,0.0,0.0,335.0,0.0,3.0,6750.0,2250.0,4
PH004026,AC001564,4,3,0,0,0,-1.0,-1.0,-1.0,-1.0,-1.0,-1.0,-1.0,-1.0,-1.0,-1.0,-1.0,-1.0,-1.0,-1.0,-1.0,-1.0,-1.0,-1.0,-1.0,47250.0,75,2250.0,0,1,1,0,train,0.79,1,2,1,1.0,0.0,0.0,335.0,0.0,3.0,6750.0,2250.0,4
PH004027,AC001565,3,0,1,0,0,21.0,0.0,0.0,4.0,0.0,21.0,27.047619047619047,291.0,0.8095238095238095,0.19047619047619047,2.0,2.0,9.417303240740742,87.44363425925926,0.0,11.0,2.0,0.19047619047619047,1.0,215600.0,0,15400.0,2,2,1,1,train,0.6,0,1,1,1.0,0.0,0.0,188.0,0.0,1.0,10000.0,10000.0,2
PH004028,AC001565,4,1,1,0,0,12.0,0.0,0.0,1.0,0.0,17.0,32.916666666666664,121.0,0.5833333333333334,0.08333333333333333,1.0,1.0,4.4144907407407405,58.35625,3.0,4.0,0.0,0.08333333333333333,1.0,215600.0,0,15400.0,2,2,1,1,train,0.6,0,1,1,1.0,0.0,0.0,188.0,0.0,1.0,10000.0,10000.0,2
PH004029,AC001566,3,0,1,0,0,5.0,1.0,0.0,0.0,0.0,21.6,8.6,37.0,0.6,0.0,1.0,1.0,73.27032407407407,85.26847222222223,0.0,0.0,1.0,0.2,1.0,37100.0,64,2650.0,0,5,1,0,train,0.61,5,2,1,1.0,0.0,1.0,89.0,0.0,1.0,7950.0,7950.0,2
PH004030,AC001566,1,1,0,0,1,-1.0,-1.0,-1.0,-1.0,-1.0,-1.0,-1.0,-1.0,-1.0,-1.0,-1.0,-1.0,-1.0,-1.0,-1.0,-1.0,-1.0,-1.0,-1.0,37100.0,64,2650.0,0,5,1,0,train,0.61,5,2,1,1.0,0.0,1.0,89.0,0.0,1.0,7950.0,7950.0,2
PH004031,AC001567,3,0,0,0,0,10.0,2.0,5.0,3.0,0.0,1.4,6.1,32.0,0.8,0.8,1.0,1.0,24.3384375,88.25643518518518,0.0,2.0,5.0,1.0,1.0,590150.0,38,15950.0,0,3,2,0,train,0.55,0,1,1,5.0,0.0,0.0,322.4,0.0,-1.0,-1.0,-1.0,2
PH004032,AC001567,4,1,1,0,0,25.0,0.0,0.0,3.0,0.0,21.88,25.52,137.0,0.68,0.12,1.0,1.0,3.177048611111111,73.43350694444445,2.0,7.0,0.0,0.12,1.0,590150.0,38,15950.0,0,3,2,0,train,0.55,0,1,1,5.0,0.0,0.0,322.4,0.0,-1.0,-1.0,-1.0,2
PH004033,AC001568,3,0,1,0,0,23.0,0.0,2.0,1.0,0.0,26.52173913043478,38.47826086956522,358.0,0.8695652173913043,0.13043478260869565,1.0,1.0,11.396643518518518,88.36175925925926,0.0,4.0,0.0,0.13043478260869565,1.0,274800.0,67,11450.0,0,3,1,0,train,-1.0,0,1,1,-1.0,-1.0,-1.0,-1.0,-1.0,1.0,15400.0,15400.0,2
PH004034,AC001568,4,1,1,0,0,16.0,0.0,0.0,2.0,0.0,26.5625,13.1875,95.0,0.8125,0.125,1.0,1.0,0.38564814814814813,67.30209490740741,1.0,2.0,1.0,0.125,1.0,274800.0,67,11450.0,0,3,1,0,train,-1.0,0,1,1,-1.0,-1.0,-1.0,-1.0,-1.0,1.0,15400.0,15400.0,2
PH000222,AC001573,3,0,0,1,0,8.0,0.0,0.0,2.0,0.0,19.625,20.25,96.0,0.75,0.25,2.0,2.0,53.26048611111111,89.30846064814814,0.0,0.0,1.0,0.25,1.0,329400.0,23,12200.0,1,1,0,0,train,0.54,0,1,1,3.0,1.0,1.0,411.6666666666667,0.3333333333333333,1.0,12200.0,12200.0,3
PH000265,AC001573,2,1,1,0,0,15.0,0.0,0.0,0.0,0.0,23.533333333333335,55.13333333333333,136.0,0.4,0.0,1.0,1.0,24.220810185185186,48.26082175925926,0.0,4.0,0.0,0.0,1.0,329400.0,23,12200.0,1,1,0,0,train,0.54,0,1,1,3.0,1.0,1.0,411.6666666666667,0.3333333333333333,1.0,12200.0,12200.0,3
PH004044,AC001573,4,2,0,0,0,5.0,0.0,0.0,0.0,0.0,21.4,36.8,102.0,0.6,0.0,1.0,1.0,7.248576388888889,19.250462962962963,0.0,5.0,0.0,0.0,1.0,329400.0,23,12200.0,1,1,0,0,train,0.54,0,1,1,3.0,1.0,1.0,411.6666666666667,0.3333333333333333,1.0,12200.0,12200.0,3
PH004045,AC001574,3,0,0,0,0,8.0,0.0,0.0,0.0,0.0,26.75,31.875,120.0,0.625,0.0,2.0,2.0,72.31202546296296,88.31783564814815,0.0,0.0,0.0,0.0,1.0,318000.0,8,21200.0,0,1,0,0,train,-1.0,4,2,1,-1.0,-1.0,-1.0,-1.0,-1.0,1.0,21200.0,21200.0,4
PH004046,AC001574,0,1,0,0,0,8.0,0.0,0.0,0.0,0.0,15.875,0.0,0.0,1.0,0.0,2.0,2.0,58.37628472222222,72.22756944444444,0.0,0.0,0.0,0.0,0.0,318000.0,8,21200.0,0,1,0,0,train,-1.0,4,2,1,-1.0,-1.0,-1.0,-1.0,-1.0,1.0,21200.0,21200.0,4
PH004047,AC001574,1,2,0,0,0,3.0,2.0,0.0,0.0,0.0,14.666666666666666,11.333333333333334,23.0,0.3333333333333333,0.0,1.0,1.0,47.27791666666667,57.99697916666667,0.0,0.0,2.0,0.6666666666666666,1.0,318000.0,8,21200.0,0,1,0,0,train,-1.0,4,2,1,-1.0,-1.0,-1.0,-1.0,-1.0,1.0,21200.0,21200.0,4
PH004048,AC001574,4,3,1,0,0,16.0,0.0,0.0,1.0,0.0,22.5,23.5625,137.0,0.625,0.0625,1.0,1.0,10.24664351851852,45.43989583333333,0.0,11.0,1.0,0.0625,1.0,318000.0,8,21200.0,0,1,0,0,train,-1.0,4,2,1,-1.0,-1.0,-1.0,-1.0,-1.0,1.0,21200.0,21200.0,4
PH004051,AC001576,3,0,0,0,0,8.0,0.0,8.0,0.0,0.0,0.0,0.0,0.0,1.0,1.0,2.0,2.0,61.44120370370371,81.26903935185184,0.0,0.0,5.0,1.0,0.0,569800.0,0,15400.0,2,1,0,0,train,0.82,0,1,1,2.0,0.0,1.0,130.5,0.0,-1.0,-1.0,-1.0,5
PH004052,AC001576,0,1,1,0,0,22.0,0.0,0.0,2.0,0.0,22.681818181818183,74.22727272727273,365.0,0.6818181818181818,0.09090909090909091,2.0,2.0,11.352418981481481,60.26335648148148,0.0,10.0,1.0,0.09090909090909091,1.0,569800.0,0,15400.0,2,1,0,0,train,0.82,0,1,1,2.0,0.0,1.0,130.5,0.0,-1.0,-1.0,-1.0,5
PH004053,AC001576,1,2,0,0,0,8.0,0.0,0.0,1.0,0.0,12.25,0.0,0.0,1.0,0.125,1.0,1.0,2.117939814814815,11.18574074074074,7.0,8.0,0.0,0.125,0.0,569800.0,0,15400.0,2,1,0,0,train,0.82,0,1,1,2.0,0.0,1.0,130.5,0.0,-1.0,-1.0,-1.0,5
PH004054,AC001576,4,3,0,0,0,-1.0,-1.0,-1.0,-1.0,-1.0,-1.0,-1.0,-1.0,-1.0,-1.0,-1.0,-1.0,-1.0,-1.0,-1.0,-1.0,-1.0,-1.0,-1.0,569800.0,0,15400.0,2,1,0,0,train,0.82,0,1,1,2.0,0.0,1.0,130.5,0.0,-1.0,-1.0,-1.0,5
PH004055,AC001577,3,0,0,0,0,28.0,0.0,24.0,4.0,0.0,0.0,0.0,0.0,1.0,1.0,1.0,1.0,2.4468171296296295,86.25037037037038,3.0,6.0,5.0,1.0,0.0,292500.0,44,9750.0,0,3,1,1,train,0.73,0,1,1,5.0,0.0,2.0,196.0,0.0,-1.0,-1.0,-1.0,1
PH004056,AC001578,3,0,1,0,0,34.0,0.0,0.0,1.0,0.0,25.61764705882353,60.94117647058823,415.0,0.7352941176470589,0.029411764705882353,2.0,2.0,6.2953125,87.40802083333334,1.0,14.0,0.0,0.029411764705882353,1.0,47700.0,8,2650.0,0,3,1,0,train,0.15,1,1,1,-1.0,-1.0,-1.0,-1.0,-1.0,3.0,2100.0,700.0,1
PH004057,AC001579,3,0,1,0,0,26.0,0.0,0.0,2.0,0.0,28.73076923076923,27.692307692307693,420.0,0.8846153846153846,0.07692307692307693,1.0,1.0,6.385960648148148,86.40548611111112,1.0,8.0,0.0,0.07692307692307693,1.0,139650.0,43,2850.0,0,1,2,0,train,0.51,0,1,1,-1.0,-1.0,-1.0,-1.0,-1.0,-1.0,-1.0,-1.0,3
PH004058,AC001579,0,1,0,0,1,2.0,0.0,2.0,0.0,0.0,0.0,0.0,0.0,1.0,1.0,1.0,1.0,2.2819560185185184,6.132453703703704,2.0,2.0,2.0,1.0,0.0,139650.0,43,2850.0,0,1,2,0,train,0.51,0,1,1,-1.0,-1.0,-1.0,-1.0,-1.0,-1.0,-1.0,-1.0,3
PH004059,AC001579,1,2,0,0,0,-1.0,-1.0,-1.0,-1.0,-1.0,-1.0,-1.0,-1.0,-1.0,-1.0,-1.0,-1.0,-1.0,-1.0,-1.0,-1.0,-1.0,-1.0,-1.0,139650.0,43,2850.0,0,1,2,0,train,0.51,0,1,1,-1.0,-1.0,-1.0,-1.0,-1.0,-1.0,-1.0,-1.0,3
PH004060,AC001580,3,0,0,0,0,10.0,0.0,0.0,0.0,0.0,21.6,7.0,70.0,0.9,0.0,1.0,1.0,3.384965277777778,88.41188657407407,2.0,2.0,0.0,0.0,1.0,120050.0,189,2450.0,0,1,3,1,train,0.35,5,0,1,-1.0,-1.0,-1.0,-1.0,-1.0,-1.0,-1.0,-1.0,2
PH004061,AC001580,1,1,1,0,0,15.0,0.0,0.0,1.0,0.0,24.6,24.133333333333333,129.0,0.6666666666666666,0.06666666666666667,1.0,1.0,4.4489930555555555,59.42998842592593,1.0,6.0,1.0,0.06666666666666667,1.0,120050.0,189,2450.0,0,1,3,1,train,0.35,5,0,1,-1.0,-1.0,-1.0,-1.0,-1.0,-1.0,-1.0,-1.0,2
PH004062,AC001581,3,0,0,0,0,16.0,0.0,13.0,1.0,0.0,4.1875,0.0,0.0,1.0,0.875,2.0,2.0,25.13633101851852,86.28601851851852,0.0,5.0,5.0,0.875,0.0,118900.0,14,4100.0,0,1,0,0,train,0.71,5,1,1,3.0,3.0,0.0,823.0,1.0,-1.0,-1.0,-1.0,2
PH000308,AC001581,2,1,1,1,0,25.0,2.0,0.0,5.0,0.0,20.52,28.04,114.0,0.64,0.2,2.0,1.0,6.37650462962963,73.08678240740741,1.0,8.0,2.0,0.28,1.0,118900.0,14,4100.0,0,1,0,0,train,0.71,5,1,1,3.0,3.0,0.0,823.0,1.0,-1.0,-1.0,-1.0,2
PH004065,AC001583,3,0,0,0,0,2.0,2.0,0.0,0.0,0.0,11.5,13.5,14.0,0.0,0.0,1.0,1.0,73.22978009259259,73.29958333333333,0.0,0.0,2.0,1.0,1.0,135800.0,59,9700.0,0,3,1,0,train,0.84,0,2,1,-1.0,-1.0,-1.0,-1.0,-1.0,1.0,19400.0,19400.0,3
PH004066,AC001583,0,1,1,0,0,16.0,0.0,0.0,1.0,0.0,25.0625,58.4375,393.0,0.625,0.0625,1.0,1.0,12.34042824074074,72.30918981481481,0.0,1.0,1.0,0.0625,1.0,135800.0,59,9700.0,0,3,1,0,train,0.84,0,2,1,-1.0,-1.0,-1.0,-1.0,-1.0,1.0,19400.0,19400.0,3
PH004067,AC001583,4,2,0,0,0,-1.0,-1.0,-1.0,-1.0,-1.0,-1.0,-1.0,-1.0,-1.0,-1.0,-1.0,-1.0,-1.0,-1.0,-1.0,-1.0,-1.0,-1.0,-1.0,135800.0,59,9700.0,0,3,1,0,train,0.84,0,2,1,-1.0,-1.0,-1.0,-1.0,-1.0,1.0,19400.0,19400.0,3
PH004068,AC001584,3,0,1,0,0,32.0,1.0,0.0,1.0,0.0,18.59375,1.09375,25.0,0.9375,0.03125,2.0,2.0,0.3232523148148148,89.28881944444444,2.0,18.0,1.0,0.0625,1.0,79800.0,0,2100.0,0,6,0,0,train,0.23,3,0,1,-1.0,-1.0,-1.0,-1.0,-1.0,1.0,700.0,700.0,1
PH004069,AC001585,3,0,1,0,0,11.0,0.0,0.0,1.0,0.0,22.90909090909091,34.0,127.0,0.5454545454545454,0.09090909090909091,1.0,1.0,48.074641203703706,88.36356481481481,0.0,0.0,0.0,0.09090909090909091,1.0,92650.0,84,5450.0,0,3,1,0,train,0.66,2,1,1,5.0,0.0,3.0,69.6,0.0,-1.0,-1.0,-1.0,3
PH004070,AC001585,0,1,1,0,0,8.0,0.0,0.0,0.0,0.0,25.125,78.625,399.0,0.625,0.0,1.0,1.0,0.3262847222222222,43.390775462962964,4.0,6.0,0.0,0.0,1.0,92650.0,84,5450.0,0,3,1,0,train,0.66,2,1,1,5.0,0.0,3.0,69.6,0.0,-1.0,-1.0,-1.0,3
PH004071,AC001585,4,2,0,0,0,-1.0,-1.0,-1.0,-1.0,-1.0,-1.0,-1.0,-1.0,-1.0,-1.0,-1.0,-1.0,-1.0,-1.0,-1.0,-1.0,-1.0,-1.0,-1.0,92650.0,84,5450.0,0,3,1,0,train,0.66,2,1,1,5.0,0.0,3.0,69.6,0.0,-1.0,-1.0,-1.0,3
PH004072,AC001586,3,0,1,0,0,17.0,2.0,7.0,1.0,0.0,15.882352941176471,3.0,24.0,0.8235294117647058,0.47058823529411764,1.0,1.0,12.293854166666666,89.27886574074074,0.0,6.0,5.0,0.5882352941176471,1.0,88000.0,100,2000.0,0,2,4,3,train,-1.0,2,1,1,8.0,1.0,3.0,334.125,0.125,-1.0,-1.0,-1.0,2
PH004073,AC001586,4,1,1,0,0,13.0,1.0,0.0,2.0,0.0,17.76923076923077,50.69230769230769,142.0,0.46153846153846156,0.15384615384615385,1.0,1.0,0.06537037037037037,62.091944444444444,5.0,5.0,1.0,0.23076923076923078,1.0,88000.0,100,2000.0,0,2,4,3,train,-1.0,2,1,1,8.0,1.0,3.0,334.125,0.125,-1.0,-1.0,-1.0,2
PH004074,AC001587,3,0,0,0,0,8.0,0.0,0.0,3.0,0.0,10.75,0.0,0.0,1.0,0.375,1.0,1.0,72.06619212962963,87.32319444444444,0.0,0.0,1.0,0.375,0.0,74100.0,83,3900.0,0,3,3,3,train,0.56,1,1,1,5.0,1.0,0.0,299.2,0.2,1.0,11700.0,11700.0,2
PH000401,AC001587,2,1,0,0,0,7.0,1.0,0.0,1.0,0.0,21.285714285714285,44.857142857142854,107.0,0.42857142857142855,0.14285714285714285,1.0,1.0,34.256006944444444,66.30622685185185,0.0,0.0,2.0,0.2857142857142857,1.0,74100.0,83,3900.0,0,3,3,3,train,0.56,1,1,1,5.0,1.0,0.0,299.2,0.2,1.0,11700.0,11700.0,2
PH004075,AC001588,3,0,1,0,0,23.0,0.0,0.0,2.0,0.0,17.391304347826086,36.52173913043478,350.0,0.7391304347826086,0.08695652173913043,1.0,1.0,1.032349537037037,88.42969907407408,3.0,7.0,0.0,0.08695652173913043,1.0,32300.0,154,950.0,0,1,2,2,train,0.31,5,2,1,2.0,1.0,0.0,710.5,0.5,3.0,5200.0,1733.3333333333333,1
PH004080,AC001591,3,0,0,0,0,8.0,1.0,0.0,1.0,0.0,27.5,12.25,98.0,0.875,0.125,2.0,2.0,54.308564814814815,83.27428240740741,0.0,0.0,2.0,0.25,1.0,262500.0,8,18750.0,0,4,1,0,train,-1.0,4,2,1,-1.0,-1.0,-1.0,-1.0,-1.0,2.0,18750.0,9375.0,2
PH004081,AC001591,4,1,1,0,0,5.0,0.0,0.0,0.0,0.0,20.4,88.4,398.0,0.6,0.0,1.0,1.0,39.35958333333333,53.40663194444444,0.0,0.0,0.0,0.0,1.0,262500.0,8,18750.0,0,4,1,0,train,-1.0,4,2,1,-1.0,-1.0,-1.0,-1.0,-1.0,2.0,18750.0,9375.0,2
PH004082,AC001592,3,0,0,0,0,1.0,0.0,0.0,0.0,0.0,9.0,0.0,0.0,1.0,0.0,1.0,1.0,86.24642361111111,86.24642361111111,0.0,0.0,0.0,0.0,0.0,24000.0,138,1200.0,0,0,6,4,train,0.35,5,0,1,1.0,0.0,0.0,167.0,0.0,1.0,6000.0,6000.0,3
PH004083,AC001592,0,1,1,0,0,-1.0,-1.0,-1.0,-1.0,-1.0,-1.0,-1.0,-1.0,-1.0,-1.0,-1.0,-1.0,-1.0,-1.0,-1.0,-1.0,-1.0,-1.0,-1.0,24000.0,138,1200.0,0,0,6,4,train,0.35,5,0,1,1.0,0.0,0.0,167.0,0.0,1.0,6000.0,6000.0,3
PH004084,AC001592,4,2,0,0,0,-1.0,-1.0,-1.0,-1.0,-1.0,-1.0,-1.0,-1.0,-1.0,-1.0,-1.0,-1.0,-1.0,-1.0,-1.0,-1.0,-1.0,-1.0,-1.0,24000.0,138,1200.0,0,0,6,4,train,0.35,5,0,1,1.0,0.0,0.0,167.0,0.0,1.0,6000.0,6000.0,3
PH000214,AC001593,3,0,0,0,0,16.0,0.0,0.0,3.0,0.0,17.625,34.5625,131.0,0.625,0.1875,2.0,1.0,73.40751157407408,89.4113888888889,0.0,0.0,1.0,0.1875,1.0,170400.0,56,10650.0,0,3,0,0,train,-1.0,0,1,1,-1.0,-1.0,-1.0,-1.0,-1.0,1.0,21300.0,21300.0,3
PH004085,AC001593,0,1,1,0,0,9.0,0.0,0.0,0.0,0.0,26.333333333333332,74.55555555555556,339.0,0.6666666666666666,0.0,1.0,1.0,70.40745370370371,83.30134259259259,0.0,0.0,0.0,0.0,1.0,170400.0,56,10650.0,0,3,0,0,train,-1.0,0,1,1,-1.0,-1.0,-1.0,-1.0,-1.0,1.0,21300.0,21300.0,3
PH004086,AC001593,4,2,0,0,0,-1.0,-1.0,-1.0,-1.0,-1.0,-1.0,-1.0,-1.0,-1.0,-1.0,-1.0,-1.0,-1.0,-1.0,-1.0,-1.0,-1.0,-1.0,-1.0,170400.0,56,10650.0,0,3,0,0,train,-1.0,0,1,1,-1.0,-1.0,-1.0,-1.0,-1.0,1.0,21300.0,21300.0,3
PH004087,AC001594,3,0,0,0,0,8.0,0.0,0.0,0.0,0.0,19.125,0.0,0.0,1.0,0.0,2.0,2.0,58.055092592592594,86.42425925925926,0.0,0.0,0.0,0.0,0.0,158000.0,14,3950.0,1,1,1,1,train,0.81,1,1,1,-1.0,-1.0,-1.0,-1.0,-1.0,1.0,3950.0,3950.0,3
PH004088,AC001594,1,1,0,0,0,6.0,1.0,0.0,1.0,0.0,24.5,6.5,39.0,0.8333333333333334,0.16666666666666666,1.0,1.0,45.42378472222222,52.27559027777778,0.0,0.0,1.0,0.3333333333333333,1.0,158000.0,14,3950.0,1,1,1,1,train,0.81,1,1,1,-1.0,-1.0,-1.0,-1.0,-1.0,1.0,3950.0,3950.0,3
PH004089,AC001594,4,2,0,0,0,-1.0,-1.0,-1.0,-1.0,-1.0,-1.0,-1.0,-1.0,-1.0,-1.0,-1.0,-1.0,-1.0,-1.0,-1.0,-1.0,-1.0,-1.0,-1.0,158000.0,14,3950.0,1,1,1,1,train,0.81,1,1,1,-1.0,-1.0,-1.0,-1.0,-1.0,1.0,3950.0,3950.0,3
PH004092,AC001596,3,0,1,0,0,15.0,0.0,0.0,0.0,0.0,26.8,42.06666666666667,316.0,0.7333333333333333,0.0,1.0,1.0,24.37616898148148,84.44248842592593,0.0,2.0,0.0,0.0,1.0,843750.0,57,33750.0,0,1,2,2,train,0.78,5,2,1,6.0,2.0,3.0,325.1666666666667,0.3333333333333333,1.0,67500.0,67500.0,2
PH004093,AC001596,1,1,0,0,0,-1.0,-1.0,-1.0,-1.0,-1.0,-1.0,-1.0,-1.0,-1.0,-1.0,-1.0,-1.0,-1.0,-1.0,-1.0,-1.0,-1.0,-1.0,-1.0,843750.0,57,33750.0,0,1,2,2,train,0.78,5,2,1,6.0,2.0,3.0,325.1666666666667,0.3333333333333333,1.0,67500.0,67500.0,2
PH000107,AC001597,3,0,0,0,0,11.0,0.0,0.0,2.0,0.0,19.818181818181817,20.727272727272727,103.0,0.7272727272727273,0.18181818181818182,1.0,1.0,1.9965162037037036,89.3897337962963,3.0,3.0,2.0,0.18181818181818182,1.0,58050.0,177,1350.0,0,1,0,0,train,0.05,3,0,1,9.0,1.0,3.0,268.0,0.1111111111111111,-1.0,-1.0,-1.0,3
PH004094,AC001597,0,1,1,0,0,10.0,0.0,0.0,0.0,0.0,35.6,19.2,192.0,0.9,0.0,1.0,1.0,16.12327546296296,46.0378125,0.0,6.0,0.0,0.0,1.0,58050.0,177,1350.0,0,1,0,0,train,0.05,3,0,1,9.0,1.0,3.0,268.0,0.1111111111111111,-1.0,-1.0,-1.0,3
PH004095,AC001597,1,2,0,0,0,4.0,2.0,0.0,0.0,0.0,26.0,7.75,17.0,0.5,0.0,1.0,1.0,5.293171296296296,12.27400462962963,1.0,4.0,2.0,0.5,1.0,58050.0,177,1350.0,0,1,0,0,train,0.05,3,0,1,9.0,1.0,3.0,268.0,0.1111111111111111,-1.0,-1.0,-1.0,3
PH004098,AC001599,3,0,0,0,0,8.0,1.0,0.0,2.0,0.0,11.625,1.75,14.0,0.875,0.25,1.0,1.0,62.438923611111115,88.39706018518518,0.0,0.0,1.0,0.375,1.0,50700.0,134,1950.0,0,1,4,4,train,-1.0,3,2,1,9.0,4.0,2.0,542.2222222222222,0.4444444444444444,-1.0,-1.0,-1.0,3
PH004099,AC001599,0,1,1,0,0,22.0,0.0,0.0,1.0,0.0,28.09090909090909,53.04545454545455,389.0,0.8181818181818182,0.045454545454545456,1.0,1.0,0.20431712962962964,55.33328703703704,8.0,12.0,1.0,0.045454545454545456,1.0,50700.0,134,1950.0,0,1,4,4,train,-1.0,3,2,1,9.0,4.0,2.0,542.2222222222222,0.4444444444444444,-1.0,-1.0,-1.0,3
PH004100,AC001599,1,2,0,0,0,-1.0,-1.0,-1.0,-1.0,-1.0,-1.0,-1.0,-1.0,-1.0,-1.0,-1.0,-1.0,-1.0,-1.0,-1.0,-1.0,-1.0,-1.0,-1.0,50700.0,134,1950.0,0,1,4,4,train,-1.0,3,2,1,9.0,4.0,2.0,542.2222222222222,0.4444444444444444,-1.0,-1.0,-1.0,3
PH004104,AC001601,3,0,0,0,0,16.0,0.0,0.0,1.0,0.0,21.6875,0.0,0.0,1.0,0.0625,1.0,1.0,33.32755787037037,86.36934027777778,0.0,0.0,1.0,0.0625,0.0,134400.0,51,4200.0,0,2,2,1,train,0.43,0,1,1,1.0,0.0,1.0,109.0,0.0,1.0,4900.0,4900.0,2
PH004105,AC001601,4,1,1,0,0,16.0,0.0,0.0,0.0,0.0,28.6875,36.5625,363.0,0.8125,0.0,1.0,1.0,8.41883101851852,62.43258101851852,0.0,7.0,0.0,0.0,1.0,134400.0,51,4200.0,0,2,2,1,train,0.43,0,1,1,1.0,0.0,1.0,109.0,0.0,1.0,4900.0,4900.0,2
PH004106,AC001602,3,0,1,0,0,33.0,0.0,0.0,0.0,0.0,24.060606060606062,68.66666666666667,404.0,0.5757575757575758,0.0,1.0,1.0,9.343842592592592,86.2720949074074,0.0,9.0,0.0,0.0,1.0,117600.0,80,5600.0,0,3,1,1,train,-1.0,0,1,1,2.0,0.0,0.0,230.0,0.0,1.0,5600.0,5600.0,2
PH004107,AC001602,0,1,0,0,0,-1.0,-1.0,-1.0,-1.0,-1.0,-1.0,-1.0,-1.0,-1.0,-1.0,-1.0,-1.0,-1.0,-1.0,-1.0,-1.0,-1.0,-1.0,-1.0,117600.0,80,5600.0,0,3,1,1,train,-1.0,0,1,1,2.0,0.0,0.0,230.0,0.0,1.0,5600.0,5600.0,2
PH004108,AC001603,3,0,1,0,0,3.0,0.0,0.0,0.0,0.0,20.666666666666668,120.66666666666667,362.0,0.6666666666666666,0.0,2.0,2.0,85.40682870370371,88.2912962962963,0.0,0.0,0.0,0.0,1.0,752700.0,0,28950.0,1,1,2,1,train,0.46,4,2,1,-1.0,-1.0,-1.0,-1.0,-1.0,1.0,28950.0,28950.0,1
PH004109,AC001604,3,0,1,0,0,29.0,0.0,0.0,0.0,0.0,23.75862068965517,18.93103448275862,388.0,0.8620689655172413,0.0,2.0,2.0,6.238900462962963,87.34715277777778,2.0,11.0,0.0,0.0,1.0,87500.0,0,2500.0,0,1,1,1,train,0.17,1,0,1,4.0,0.0,1.0,138.25,0.0,2.0,2500.0,1250.0,1
PH004110,AC001605,3,0,0,0,0,8.0,0.0,7.0,1.0,0.0,0.0,0.0,0.0,1.0,1.0,1.0,1.0,73.33951388888889,89.37497685185186,0.0,0.0,5.0,1.0,0.0,111800.0,453,2600.0,0,2,5,2,train,0.66,5,2,1,7.0,3.0,1.0,715.5714285714286,0.42857142857142855,1.0,22800.0,22800.0,4
PH004111,AC001605,0,1,0,0,0,8.0,0.0,0.0,1.0,0.0,32.5,0.0,0.0,1.0,0.125,1.0,1.0,44.29226851851852,72.29909722222222,0.0,0.0,0.0,0.125,0.0,111800.0,453,2600.0,0,2,5,2,train,0.66,5,2,1,7.0,3.0,1.0,715.5714285714286,0.42857142857142855,1.0,22800.0,22800.0,4
PH004112,AC001605,1,2,0,0,0,3.0,2.0,0.0,0.0,0.0,21.0,24.0,37.0,0.3333333333333333,0.0,1.0,1.0,41.0371875,44.24608796296296,0.0,0.0,2.0,0.6666666666666666,1.0,111800.0,453,2600.0,0,2,5,2,train,0.66,5,2,1,7.0,3.0,1.0,715.5714285714286,0.42857142857142855,1.0,22800.0,22800.0,4
PH004113,AC001605,4,3,1,0,0,9.0,0.0,0.0,0.0,0.0,21.0,55.55555555555556,131.0,0.4444444444444444,0.0,1.0,1.0,2.355208333333333,37.25140046296296,1.0,5.0,0.0,0.0,1.0,111800.0,453,2600.0,0,2,5,2,train,0.66,5,2,1,7.0,3.0,1.0,715.5714285714286,0.42857142857142855,1.0,22800.0,22800.0,4
PH004114,AC001606,3,0,0,0,0,8.0,0.0,0.0,0.0,0.0,23.625,0.0,0.0,1.0,0.0,1.0,1.0,58.15082175925926,89.3947337962963,0.0,0.0,0.0,0.0,0.0,353800.0,127,12200.0,0,3,2,2,train,1.0,2,1,1,8.0,1.0,3.0,281.0,0.125,-1.0,-1.0,-1.0,3
PH004115,AC001606,1,1,1,0,0,15.0,0.0,1.0,1.0,0.0,24.2,68.66666666666667,378.0,0.7333333333333333,0.13333333333333333,1.0,1.0,3.213344907407407,56.3822337962963,4.0,7.0,0.0,0.13333333333333333,1.0,353800.0,127,12200.0,0,3,2,2,train,1.0,2,1,1,8.0,1.0,3.0,281.0,0.125,-1.0,-1.0,-1.0,3
PH004116,AC001606,4,2,0,0,0,-1.0,-1.0,-1.0,-1.0,-1.0,-1.0,-1.0,-1.0,-1.0,-1.0,-1.0,-1.0,-1.0,-1.0,-1.0,-1.0,-1.0,-1.0,-1.0,353800.0,127,12200.0,0,3,2,2,train,1.0,2,1,1,8.0,1.0,3.0,281.0,0.125,-1.0,-1.0,-1.0,3
PH004119,AC001608,3,0,0,0,0,41.0,0.0,29.0,6.0,0.0,3.7804878048780486,0.0,0.0,1.0,0.8536585365853658,2.0,2.0,2.022488425925926,89.30847222222222,5.0,19.0,1.0,0.8536585365853658,0.0,154000.0,0,3500.0,4,0,0,0,train,0.85,5,1,1,1.0,0.0,1.0,78.0,0.0,-1.0,-1.0,-1.0,1
PH004120,AC001609,3,0,1,0,0,24.0,0.0,2.0,3.0,0.0,22.5,44.166666666666664,413.0,0.8333333333333334,0.20833333333333334,2.0,2.0,28.430347222222224,77.24784722222222,0.0,1.0,0.0,0.20833333333333334,1.0,664950.0,18,17050.0,0,2,2,1,train,0.58,2,1,1,-1.0,-1.0,-1.0,-1.0,-1.0,1.0,6100.0,6100.0,3
PH000275,AC001609,2,1,1,0,0,13.0,3.0,0.0,3.0,0.0,12.0,53.76923076923077,126.0,0.38461538461538464,0.23076923076923078,2.0,1.0,7.303368055555556,69.14887731481481,0.0,8.0,2.0,0.46153846153846156,1.0,664950.0,18,17050.0,0,2,2,1,train,0.58,2,1,1,-1.0,-1.0,-1.0,-1.0,-1.0,1.0,6100.0,6100.0,3
PH004121,AC001609,4,2,1,0,0,1.0,0.0,0.0,0.0,0.0,12.0,25.0,25.0,0.0,0.0,1.0,1.0,5.2756944444444445,5.2756944444444445,1.0,1.0,0.0,0.0,1.0,664950.0,18,17050.0,0,2,2,1,train,0.58,2,1,1,-1.0,-1.0,-1.0,-1.0,-1.0,1.0,6100.0,6100.0,3
PH004122,AC001610,3,0,1,0,0,10.0,0.0,0.0,0.0,0.0,26.6,45.3,349.0,0.7,0.0,1.0,1.0,5.414108796296296,87.41637731481481,3.0,5.0,0.0,0.0,1.0,52250.0,118,4750.0,0,3,5,3,train,0.97,2,1,1,6.0,4.0,0.0,703.6666666666666,0.6666666666666666,1.0,6500.0,6500.0,2
PH004123,AC001610,4,1,0,0,0,-1.0,-1.0,-1.0,-1.0,-1.0,-1.0,-1.0,-1.0,-1.0,-1.0,-1.0,-1.0,-1.0,-1.0,-1.0,-1.0,-1.0,-1.0,-1.0,52250.0,118,4750.0,0,3,5,3,train,0.97,2,1,1,6.0,4.0,0.0,703.6666666666666,0.6666666666666666,1.0,6500.0,6500.0,2
PH004124,AC001611,3,0,1,0,0,3.0,0.0,0.0,0.0,0.0,30.0,92.33333333333333,277.0,0.6666666666666666,0.0,1.0,1.0,85.40953703703704,88.26726851851852,0.0,0.0,0.0,0.0,1.0,22400.0,0,800.0,0,0,0,0,train,0.67,3,2,1,-1.0,-1.0,-1.0,-1.0,-1.0,1.0,800.0,800.0,2
PH004125,AC001611,4,1,0,0,0,-1.0,-1.0,-1.0,-1.0,-1.0,-1.0,-1.0,-1.0,-1.0,-1.0,-1.0,-1.0,-1.0,-1.0,-1.0,-1.0,-1.0,-1.0,-1.0,22400.0,0,800.0,0,0,0,0,train,0.67,3,2,1,-1.0,-1.0,-1.0,-1.0,-1.0,1.0,800.0,800.0,2
PH004131,AC001614,3,0,1,0,0,2.0,0.0,0.0,0.0,0.0,11.0,96.5,145.0,0.0,0.0,1.0,1.0,86.28849537037037,88.38637731481481,0.0,0.0,0.0,0.0,1.0,140400.0,185,3900.0,0,2,1,0,train,0.28,5,1,1,1.0,0.0,0.0,118.0,0.0,1.0,27300.0,27300.0,3
PH004132,AC001614,0,1,0,0,0,-1.0,-1.0,-1.0,-1.0,-1.0,-1.0,-1.0,-1.0,-1.0,-1.0,-1.0,-1.0,-1.0,-1.0,-1.0,-1.0,-1.0,-1.0,-1.0,140400.0,185,3900.0,0,2,1,0,train,0.28,5,1,1,1.0,0.0,0.0,118.0,0.0,1.0,27300.0,27300.0,3
PH004133,AC001614,4,2,0,0,0,-1.0,-1.0,-1.0,-1.0,-1.0,-1.0,-1.0,-1.0,-1.0,-1.0,-1.0,-1.0,-1.0,-1.0,-1.0,-1.0,-1.0,-1.0,-1.0,140400.0,185,3900.0,0,2,1,0,train,0.28,5,1,1,1.0,0.0,0.0,118.0,0.0,1.0,27300.0,27300.0,3
PH004134,AC001615,3,0,0,0,0,16.0,0.0,9.0,4.0,0.0,3.0,0.0,0.0,1.0,0.8125,1.0,1.0,0.4340509259259259,88.35796296296296,2.0,5.0,2.0,0.8125,0.0,144000.0,58,14400.0,0,4,2,1,train,0.45,4,2,1,4.0,1.0,0.0,250.25,0.25,-1.0,-1.0,-1.0,2
PH004135,AC001615,4,1,1,0,0,9.0,0.0,0.0,0.0,0.0,20.22222222222222,41.888888888888886,135.0,0.5555555555555556,0.0,1.0,1.0,41.416493055555556,59.34023148148148,0.0,0.0,0.0,0.0,1.0,144000.0,58,14400.0,0,4,2,1,train,0.45,4,2,1,4.0,1.0,0.0,250.25,0.25,-1.0,-1.0,-1.0,2
PH004136,AC001616,3,0,1,0,0,29.0,0.0,0.0,2.0,0.0,26.82758620689655,27.75862068965517,377.0,0.8620689655172413,0.06896551724137931,2.0,2.0,4.307210648148148,89.41401620370371,2.0,6.0,0.0,0.06896551724137931,1.0,251600.0,21,6800.0,0,1,1,0,train,0.41,0,1,1,1.0,0.0,1.0,106.0,0.0,-1.0,-1.0,-1.0,2
PH004137,AC001616,1,1,0,0,0,8.0,2.0,0.0,0.0,0.0,27.875,2.75,13.0,0.75,0.0,1.0,1.0,21.30840277777778,39.31981481481481,0.0,5.0,1.0,0.25,1.0,251600.0,21,6800.0,0,1,1,0,train,0.41,0,1,1,1.0,0.0,1.0,106.0,0.0,-1.0,-1.0,-1.0,2
PH004138,AC001617,3,0,0,0,0,3.0,0.0,0.0,1.0,2.0,0.0,0.0,0.0,1.0,1.0,1.0,1.0,83.39806712962962,89.41722222222222,0.0,0.0,3.0,0.3333333333333333,0.0,53200.0,44,1900.0,0,4,2,1,train,-1.0,5,2,1,-1.0,-1.0,-1.0,-1.0,-1.0,1.0,3800.0,3800.0,2
PH004142,AC001620,3,0,1,0,0,37.0,0.0,0.0,3.0,0.0,24.0,13.756756756756756,222.0,0.8648648648648649,0.08108108108108109,1.0,1.0,0.43223379629629627,87.41153935185186,2.0,9.0,1.0,0.08108108108108109,1.0,51600.0,60,4300.0,0,1,1,1,train,0.71,5,2,1,6.0,1.0,3.0,300.1666666666667,0.16666666666666666,-1.0,-1.0,-1.0,1
PH004144,AC001622,3,0,1,0,0,33.0,0.0,0.0,0.0,0.0,23.696969696969695,86.0,413.0,0.5757575757575758,0.0,2.0,2.0,21.150104166666665,89.43554398148149,0.0,7.0,0.0,0.0,1.0,107100.0,15,2550.0,1,3,0,0,train,0.24,5,2,1,-1.0,-1.0,-1.0,-1.0,-1.0,1.0,2550.0,2550.0,2
PH004145,AC001622,1,1,0,0,0,-1.0,-1.0,-1.0,-1.0,-1.0,-1.0,-1.0,-1.0,-1.0,-1.0,-1.0,-1.0,-1.0,-1.0,-1.0,-1.0,-1.0,-1.0,-1.0,107100.0,15,2550.0,1,3,0,0,train,0.24,5,2,1,-1.0,-1.0,-1.0,-1.0,-1.0,1.0,2550.0,2550.0,2
PH004146,AC001623,3,0,0,0,0,8.0,0.0,0.0,0.0,0.0,25.25,0.0,0.0,1.0,0.0,2.0,2.0,72.27940972222223,89.44202546296296,0.0,0.0,0.0,0.0,0.0,138600.0,19,4950.0,0,3,0,0,train,-1.0,0,1,1,-1.0,-1.0,-1.0,-1.0,-1.0,-1.0,-1.0,-1.0,2
PH004147,AC001623,4,1,0,0,0,13.0,1.0,0.0,2.0,0.0,22.153846153846153,20.615384615384617,110.0,0.6153846153846154,0.15384615384615385,1.0,1.0,4.280104166666667,63.34868055555555,1.0,6.0,2.0,0.23076923076923078,1.0,138600.0,19,4950.0,0,3,0,0,train,-1.0,0,1,1,-1.0,-1.0,-1.0,-1.0,-1.0,-1.0,-1.0,-1.0,2
PH004148,AC001624,3,0,0,0,0,2.0,2.0,0.0,0.0,0.0,11.0,31.0,36.0,0.0,0.0,2.0,2.0,83.38641203703703,86.38549768518519,0.0,0.0,2.0,1.0,1.0,174800.0,0,3800.0,1,0,1,0,train,0.55,5,1,1,-1.0,-1.0,-1.0,-1.0,-1.0,1.0,3800.0,3800.0,3
PH004149,AC001624,4,1,0,1,0,15.0,0.0,0.0,1.0,0.0,27.266666666666666,20.066666666666666,142.0,0.8,0.06666666666666667,2.0,2.0,16.341944444444444,79.3879861111111,0.0,2.0,0.0,0.06666666666666667,1.0,174800.0,0,3800.0,1,0,1,0,train,0.55,5,1,1,-1.0,-1.0,-1.0,-1.0,-1.0,1.0,3800.0,3800.0,3
PH004152,AC001626,3,0,1,0,0,36.0,1.0,0.0,0.0,0.0,25.13888888888889,55.44444444444444,401.0,0.6666666666666666,0.0,2.0,2.0,2.444097222222222,86.33938657407407,3.0,15.0,0.0,0.027777777777777776,1.0,152100.0,26,16900.0,1,2,2,2,train,-1.0,0,1,1,1.0,0.0,1.0,41.0,0.0,-1.0,-1.0,-1.0,2
PH004153,AC001626,4,1,0,0,0,-1.0,-1.0,-1.0,-1.0,-1.0,-1.0,-1.0,-1.0,-1.0,-1.0,-1.0,-1.0,-1.0,-1.0,-1.0,-1.0,-1.0,-1.0,-1.0,152100.0,26,16900.0,1,2,2,2,train,-1.0,0,1,1,1.0,0.0,1.0,41.0,0.0,-1.0,-1.0,-1.0,2
PH004158,AC001628,3,0,1,0,0,6.0,0.0,0.0,0.0,0.0,22.0,135.33333333333334,407.0,0.3333333333333333,0.0,2.0,2.0,83.40302083333333,89.29331018518519,0.0,0.0,0.0,0.0,1.0,300000.0,6,12000.0,1,1,1,0,train,0.46,0,1,1,-1.0,-1.0,-1.0,-1.0,-1.0,1.0,12000.0,12000.0,2
PH004159,AC001628,4,1,0,0,0,-1.0,-1.0,-1.0,-1.0,-1.0,-1.0,-1.0,-1.0,-1.0,-1.0,-1.0,-1.0,-1.0,-1.0,-1.0,-1.0,-1.0,-1.0,-1.0,300000.0,6,12000.0,1,1,1,0,train,0.46,0,1,1,-1.0,-1.0,-1.0,-1.0,-1.0,1.0,12000.0,12000.0,2
PH004160,AC001629,3,0,1,0,0,18.0,0.0,0.0,5.0,0.0,17.0,96.38888888888889,419.0,0.6666666666666666,0.2777777777777778,1.0,1.0,2.3602777777777777,80.41087962962963,1.0,5.0,0.0,0.2777777777777778,1.0,215600.0,198,9800.0,0,5,0,0,train,-1.0,0,1,1,8.0,1.0,3.0,361.0,0.125,-1.0,-1.0,-1.0,3
PH000538,AC001629,2,1,0,0,0,-1.0,-1.0,-1.0,-1.0,-1.0,-1.0,-1.0,-1.0,-1.0,-1.0,-1.0,-1.0,-1.0,-1.0,-1.0,-1.0,-1.0,-1.0,-1.0,215600.0,198,9800.0,0,5,0,0,train,-1.0,0,1,1,8.0,1.0,3.0,361.0,0.125,-1.0,-1.0,-1.0,3
PH004161,AC001629,4,2,0,0,0,-1.0,-1.0,-1.0,-1.0,-1.0,-1.0,-1.0,-1.0,-1.0,-1.0,-1.0,-1.0,-1.0,-1.0,-1.0,-1.0,-1.0,-1.0,-1.0,215600.0,198,9800.0,0,5,0,0,train,-1.0,0,1,1,8.0,1.0,3.0,361.0,0.125,-1.0,-1.0,-1.0,3
PH004164,AC001631,3,0,0,0,0,8.0,0.0,0.0,2.0,0.0,24.5,0.0,0.0,1.0,0.25,2.0,2.0,58.377743055555555,81.30484953703704,0.0,0.0,0.0,0.25,0.0,42000.0,0,1500.0,2,1,0,0,train,0.61,1,1,1,-1.0,-1.0,-1.0,-1.0,-1.0,1.0,500.0,500.0,3
PH004165,AC001631,0,1,1,0,0,13.0,0.0,6.0,1.0,0.0,13.846153846153847,3.3076923076923075,43.0,0.9230769230769231,0.5384615384615384,1.0,1.0,9.350219907407407,58.237685185185185,0.0,8.0,1.0,0.5384615384615384,1.0,42000.0,0,1500.0,2,1,0,0,train,0.61,1,1,1,-1.0,-1.0,-1.0,-1.0,-1.0,1.0,500.0,500.0,3
PH004166,AC001631,1,2,0,0,0,1.0,0.0,0.0,0.0,0.0,9.0,0.0,0.0,1.0,0.0,1.0,1.0,6.449976851851852,6.449976851851852,1.0,1.0,0.0,0.0,0.0,42000.0,0,1500.0,2,1,0,0,train,0.61,1,1,1,-1.0,-1.0,-1.0,-1.0,-1.0,1.0,500.0,500.0,3
PH004170,AC001634,3,0,0,0,0,8.0,2.0,0.0,0.0,0.0,24.125,4.25,18.0,0.75,0.0,1.0,1.0,69.32780092592593,89.34650462962964,0.0,0.0,0.0,0.25,1.0,150000.0,86,3000.0,0,2,1,1,train,0.17,1,2,1,4.0,0.0,2.0,173.75,0.0,1.0,9000.0,9000.0,2
PH004171,AC001634,0,1,1,0,0,7.0,0.0,0.0,0.0,0.0,25.428571428571427,63.42857142857143,287.0,0.5714285714285714,0.0,1.0,1.0,51.44412037037037,69.23506944444445,0.0,0.0,0.0,0.0,1.0,150000.0,86,3000.0,0,2,1,1,train,0.17,1,2,1,4.0,0.0,2.0,173.75,0.0,1.0,9000.0,9000.0,2
PH004172,AC001635,3,0,0,0,0,8.0,0.0,0.0,1.0,0.0,17.125,0.0,0.0,1.0,0.125,1.0,1.0,65.3721412037037,83.25625,0.0,0.0,0.0,0.125,0.0,140600.0,135,3800.0,0,0,2,2,train,0.54,2,1,1,2.0,0.0,0.0,472.5,0.0,-1.0,-1.0,-1.0,2
PH004173,AC001635,1,1,1,0,0,10.0,0.0,0.0,2.0,0.0,23.1,1.9,19.0,0.9,0.2,1.0,1.0,5.355613425925926,64.3691087962963,1.0,2.0,0.0,0.2,1.0,140600.0,135,3800.0,0,0,2,2,train,0.54,2,1,1,2.0,0.0,0.0,472.5,0.0,-1.0,-1.0,-1.0,2
PH004174,AC001636,3,0,1,0,0,29.0,0.0,0.0,2.0,0.0,19.06896551724138,32.41379310344828,333.0,0.7586206896551724,0.06896551724137931,1.0,1.0,3.406087962962963,89.40649305555556,3.0,15.0,0.0,0.06896551724137931,1.0,137800.0,74,10600.0,1,1,2,1,train,0.71,0,1,1,5.0,0.0,3.0,238.6,0.0,-1.0,-1.0,-1.0,5
PH004175,AC001636,0,1,0,0,0,-1.0,-1.0,-1.0,-1.0,-1.0,-1.0,-1.0,-1.0,-1.0,-1.0,-1.0,-1.0,-1.0,-1.0,-1.0,-1.0,-1.0,-1.0,-1.0,137800.0,74,10600.0,1,1,2,1,train,0.71,0,1,1,5.0,0.0,3.0,238.6,0.0,-1.0,-1.0,-1.0,5
PH004176,AC001636,1,2,0,0,0,-1.0,-1.0,-1.0,-1.0,-1.0,-1.0,-1.0,-1.0,-1.0,-1.0,-1.0,-1.0,-1.0,-1.0,-1.0,-1.0,-1.0,-1.0,-1.0,137800.0,74,10600.0,1,1,2,1,train,0.71,0,1,1,5.0,0.0,3.0,238.6,0.0,-1.0,-1.0,-1.0,5
PH000425,AC001636,2,3,0,1,0,-1.0,-1.0,-1.0,-1.0,-1.0,-1.0,-1.0,-1.0,-1.0,-1.0,-1.0,-1.0,-1.0,-1.0,-1.0,-1.0,-1.0,-1.0,-1.0,137800.0,74,10600.0,1,1,2,1,train,0.71,0,1,1,5.0,0.0,3.0,238.6,0.0,-1.0,-1.0,-1.0,5
PH004177,AC001636,4,4,0,0,0,-1.0,-1.0,-1.0,-1.0,-1.0,-1.0,-1.0,-1.0,-1.0,-1.0,-1.0,-1.0,-1.0,-1.0,-1.0,-1.0,-1.0,-1.0,-1.0,137800.0,74,10600.0,1,1,2,1,train,0.71,0,1,1,5.0,0.0,3.0,238.6,0.0,-1.0,-1.0,-1.0,5
PH004181,AC001638,3,0,1,0,0,2.0,0.0,0.0,0.0,0.0,4.5,44.5,52.0,0.0,0.0,1.0,1.0,81.41429398148148,89.43184027777778,0.0,0.0,0.0,0.0,1.0,342000.0,54,7600.0,0,3,1,1,train,0.65,0,1,1,-1.0,-1.0,-1.0,-1.0,-1.0,1.0,15200.0,15200.0,3
PH004182,AC001638,0,1,0,0,0,-1.0,-1.0,-1.0,-1.0,-1.0,-1.0,-1.0,-1.0,-1.0,-1.0,-1.0,-1.0,-1.0,-1.0,-1.0,-1.0,-1.0,-1.0,-1.0,342000.0,54,7600.0,0,3,1,1,train,0.65,0,1,1,-1.0,-1.0,-1.0,-1.0,-1.0,1.0,15200.0,15200.0,3
PH004183,AC001638,4,2,0,0,0,-1.0,-1.0,-1.0,-1.0,-1.0,-1.0,-1.0,-1.0,-1.0,-1.0,-1.0,-1.0,-1.0,-1.0,-1.0,-1.0,-1.0,-1.0,-1.0,342000.0,54,7600.0,0,3,1,1,train,0.65,0,1,1,-1.0,-1.0,-1.0,-1.0,-1.0,1.0,15200.0,15200.0,3
PH004185,AC001640,3,0,1,0,0,28.0,0.0,0.0,2.0,0.0,23.607142857142858,28.178571428571427,265.0,0.7857142857142857,0.07142857142857142,1.0,1.0,17.0225,89.44576388888889,0.0,6.0,0.0,0.07142857142857142,1.0,226100.0,49,6650.0,0,3,2,1,train,0.31,0,2,1,3.0,0.0,0.0,236.0,0.0,1.0,6400.0,6400.0,2
PH004186,AC001640,1,1,0,0,0,5.0,0.0,0.0,0.0,0.0,28.0,0.0,0.0,1.0,0.0,1.0,1.0,5.330243055555556,16.43784722222222,2.0,5.0,0.0,0.0,0.0,226100.0,49,6650.0,0,3,2,1,train,0.31,0,2,1,3.0,0.0,0.0,236.0,0.0,1.0,6400.0,6400.0,2
PH004188,AC001642,3,0,1,0,0,31.0,0.0,0.0,5.0,0.0,21.322580645161292,39.225806451612904,318.0,0.6774193548387096,0.16129032258064516,2.0,2.0,7.410474537037037,86.26178240740741,0.0,11.0,2.0,0.16129032258064516,1.0,508500.0,7,11300.0,2,2,0,0,train,0.61,0,1,1,1.0,1.0,0.0,1103.0,1.0,1.0,11300.0,11300.0,4
PH004189,AC001642,0,1,0,0,0,-1.0,-1.0,-1.0,-1.0,-1.0,-1.0,-1.0,-1.0,-1.0,-1.0,-1.0,-1.0,-1.0,-1.0,-1.0,-1.0,-1.0,-1.0,-1.0,508500.0,7,11300.0,2,2,0,0,train,0.61,0,1,1,1.0,1.0,0.0,1103.0,1.0,1.0,11300.0,11300.0,4
PH000416,AC001642,2,2,0,0,0,-1.0,-1.0,-1.0,-1.0,-1.0,-1.0,-1.0,-1.0,-1.0,-1.0,-1.0,-1.0,-1.0,-1.0,-1.0,-1.0,-1.0,-1.0,-1.0,508500.0,7,11300.0,2,2,0,0,train,0.61,0,1,1,1.0,1.0,0.0,1103.0,1.0,1.0,11300.0,11300.0,4
PH004190,AC001642,4,3,0,0,0,-1.0,-1.0,-1.0,-1.0,-1.0,-1.0,-1.0,-1.0,-1.0,-1.0,-1.0,-1.0,-1.0,-1.0,-1.0,-1.0,-1.0,-1.0,-1.0,508500.0,7,11300.0,2,2,0,0,train,0.61,0,1,1,1.0,1.0,0.0,1103.0,1.0,1.0,11300.0,11300.0,4
PH004196,AC001645,3,0,1,0,0,4.0,0.0,0.0,1.0,0.0,4.0,111.25,355.0,0.25,0.25,2.0,2.0,66.29747685185185,86.4121412037037,0.0,0.0,1.0,0.25,1.0,20800.0,8,2600.0,2,4,1,0,train,0.61,1,2,1,-1.0,-1.0,-1.0,-1.0,-1.0,2.0,2600.0,1300.0,4
PH004197,AC001645,0,1,0,0,0,-1.0,-1.0,-1.0,-1.0,-1.0,-1.0,-1.0,-1.0,-1.0,-1.0,-1.0,-1.0,-1.0,-1.0,-1.0,-1.0,-1.0,-1.0,-1.0,20800.0,8,2600.0,2,4,1,0,train,0.61,1,2,1,-1.0,-1.0,-1.0,-1.0,-1.0,2.0,2600.0,1300.0,4
PH004198,AC001645,1,2,0,0,0,-1.0,-1.0,-1.0,-1.0,-1.0,-1.0,-1.0,-1.0,-1.0,-1.0,-1.0,-1.0,-1.0,-1.0,-1.0,-1.0,-1.0,-1.0,-1.0,20800.0,8,2600.0,2,4,1,0,train,0.61,1,2,1,-1.0,-1.0,-1.0,-1.0,-1.0,2.0,2600.0,1300.0,4
PH004199,AC001645,4,3,0,0,0,-1.0,-1.0,-1.0,-1.0,-1.0,-1.0,-1.0,-1.0,-1.0,-1.0,-1.0,-1.0,-1.0,-1.0,-1.0,-1.0,-1.0,-1.0,-1.0,20800.0,8,2600.0,2,4,1,0,train,0.61,1,2,1,-1.0,-1.0,-1.0,-1.0,-1.0,2.0,2600.0,1300.0,4
PH004205,AC001649,3,0,1,0,0,14.0,0.0,0.0,2.0,0.0,19.5,23.285714285714285,326.0,0.9285714285714286,0.14285714285714285,2.0,2.0,52.42259259259259,88.4316087962963,0.0,0.0,1.0,0.14285714285714285,1.0,173600.0,11,6200.0,0,4,2,2,train,-1.0,0,1,1,1.0,0.0,0.0,182.0,0.0,-1.0,-1.0,-1.0,4
PH004206,AC001649,1,1,1,0,0,9.0,0.0,0.0,0.0,0.0,19.22222222222222,3.888888888888889,35.0,0.8888888888888888,0.0,1.0,1.0,25.070729166666666,40.32376157407408,0.0,2.0,0.0,0.0,1.0,173600.0,11,6200.0,0,4,2,2,train,-1.0,0,1,1,1.0,0.0,0.0,182.0,0.0,-1.0,-1.0,-1.0,4
PH000322,AC001649,2,2,0,0,0,8.0,0.0,0.0,0.0,0.0,28.75,34.375,147.0,0.75,0.0,1.0,1.0,11.338171296296297,24.39496527777778,0.0,8.0,0.0,0.0,1.0,173600.0,11,6200.0,0,4,2,2,train,-1.0,0,1,1,1.0,0.0,0.0,182.0,0.0,-1.0,-1.0,-1.0,4
PH004207,AC001649,4,3,1,0,0,6.0,1.0,0.0,0.0,0.0,26.833333333333332,21.833333333333332,52.0,0.5,0.0,1.0,1.0,0.2553587962962963,11.211921296296296,3.0,6.0,1.0,0.16666666666666666,1.0,173600.0,11,6200.0,0,4,2,2,train,-1.0,0,1,1,1.0,0.0,0.0,182.0,0.0,-1.0,-1.0,-1.0,4
PH004208,AC001650,3,0,1,0,0,20.0,0.0,0.0,1.0,0.0,31.4,34.3,224.0,0.75,0.05,1.0,1.0,23.270081018518518,89.29241898148148,0.0,2.0,0.0,0.05,1.0,50400.0,55,2800.0,0,4,0,0,train,0.85,1,1,1,-1.0,-1.0,-1.0,-1.0,-1.0,1.0,5600.0,5600.0,3
PH004209,AC001650,0,1,0,0,0,-1.0,-1.0,-1.0,-1.0,-1.0,-1.0,-1.0,-1.0,-1.0,-1.0,-1.0,-1.0,-1.0,-1.0,-1.0,-1.0,-1.0,-1.0,-1.0,50400.0,55,2800.0,0,4,0,0,train,0.85,1,1,1,-1.0,-1.0,-1.0,-1.0,-1.0,1.0,5600.0,5600.0,3
PH004210,AC001650,4,2,0,0,0,-1.0,-1.0,-1.0,-1.0,-1.0,-1.0,-1.0,-1.0,-1.0,-1.0,-1.0,-1.0,-1.0,-1.0,-1.0,-1.0,-1.0,-1.0,-1.0,50400.0,55,2800.0,0,4,0,0,train,0.85,1,1,1,-1.0,-1.0,-1.0,-1.0,-1.0,1.0,5600.0,5600.0,3
PH004214,AC001652,3,0,1,0,0,3.0,0.0,0.0,0.0,0.0,29.333333333333332,9.0,27.0,0.6666666666666666,0.0,1.0,1.0,84.27844907407408,85.4092824074074,0.0,0.0,0.0,0.0,1.0,811900.0,64,17650.0,0,1,4,2,train,0.43,0,1,1,-1.0,-1.0,-1.0,-1.0,-1.0,1.0,52950.0,52950.0,3
PH004215,AC001652,1,1,0,0,0,-1.0,-1.0,-1.0,-1.0,-1.0,-1.0,-1.0,-1.0,-1.0,-1.0,-1.0,-1.0,-1.0,-1.0,-1.0,-1.0,-1.0,-1.0,-1.0,811900.0,64,17650.0,0,1,4,2,train,0.43,0,1,1,-1.0,-1.0,-1.0,-1.0,-1.0,1.0,52950.0,52950.0,3
PH000315,AC001652,2,2,0,0,0,-1.0,-1.0,-1.0,-1.0,-1.0,-1.0,-1.0,-1.0,-1.0,-1.0,-1.0,-1.0,-1.0,-1.0,-1.0,-1.0,-1.0,-1.0,-1.0,811900.0,64,17650.0,0,1,4,2,train,0.43,0,1,1,-1.0,-1.0,-1.0,-1.0,-1.0,1.0,52950.0,52950.0,3
PH004219,AC001654,3,0,0,0,0,9.0,2.0,0.0,1.0,0.0,22.88888888888889,7.777777777777778,35.0,0.6666666666666666,0.1111111111111111,2.0,2.0,42.05474537037037,80.356875,0.0,0.0,1.0,0.3333333333333333,1.0,106750.0,20,3050.0,0,3,0,0,train,0.41,2,1,1,1.0,0.0,1.0,99.0,0.0,1.0,3050.0,3050.0,4
PH004220,AC001654,4,1,0,0,0,13.0,1.0,0.0,3.0,0.0,19.153846153846153,39.46153846153846,141.0,0.6153846153846154,0.23076923076923078,1.0,1.0,31.042083333333334,73.12127314814815,0.0,0.0,2.0,0.3076923076923077,1.0,106750.0,20,3050.0,0,3,0,0,train,0.41,2,1,1,1.0,0.0,1.0,99.0,0.0,1.0,3050.0,3050.0,4
PH004221,AC001655,3,0,1,0,0,23.0,0.0,4.0,4.0,0.0,20.91304347826087,24.73913043478261,385.0,0.9130434782608695,0.34782608695652173,2.0,2.0,11.005636574074074,87.40800925925926,0.0,7.0,0.0,0.34782608695652173,1.0,90000.0,5,4500.0,2,0,4,1,train,0.67,1,2,1,2.0,0.0,0.0,205.5,0.0,-1.0,-1.0,-1.0,2
PH004224,AC001657,3,0,0,0,0,27.0,0.0,12.0,15.0,0.0,0.0,0.0,0.0,1.0,1.0,1.0,1.0,17.06587962962963,89.43841435185185,0.0,4.0,5.0,1.0,0.0,49500.0,72,2750.0,0,4,0,0,train,-1.0,1,1,1,5.0,1.0,2.0,309.4,0.2,1.0,8250.0,8250.0,1
PH004225,AC001658,3,0,1,0,0,13.0,0.0,0.0,2.0,0.0,26.384615384615383,66.92307692307692,420.0,0.7692307692307693,0.15384615384615385,1.0,1.0,6.384143518518519,88.36032407407407,1.0,3.0,0.0,0.15384615384615385,1.0,146900.0,84,5650.0,0,1,2,2,train,-1.0,0,1,0,2.0,2.0,0.0,726.5,1.0,2.0,16950.0,8475.0,2
PH004226,AC001658,4,1,0,0,0,13.0,0.0,0.0,0.0,0.0,26.23076923076923,32.76923076923077,134.0,0.6153846153846154,0.0,1.0,1.0,9.390775462962964,89.39598379629629,0.0,4.0,0.0,0.0,1.0,146900.0,84,5650.0,0,1,2,2,train,-1.0,0,1,0,2.0,2.0,0.0,726.5,1.0,2.0,16950.0,8475.0,2
PH004227,AC001659,3,0,1,0,0,24.0,0.0,0.0,1.0,0.0,26.5,61.208333333333336,413.0,0.8333333333333334,0.041666666666666664,1.0,1.0,0.41282407407407407,84.28627314814815,4.0,10.0,0.0,0.041666666666666664,1.0,144000.0,72,4000.0,0,0,3,1,train,0.38,1,2,1,8.0,6.0,0.0,771.875,0.75,-1.0,-1.0,-1.0,2
PH004228,AC001659,1,1,0,0,0,2.0,2.0,0.0,0.0,0.0,17.0,24.0,37.0,0.0,0.0,1.0,1.0,39.253761574074076,48.37170138888889,0.0,0.0,2.0,1.0,1.0,144000.0,72,4000.0,0,0,3,1,train,0.38,1,2,1,8.0,6.0,0.0,771.875,0.75,-1.0,-1.0,-1.0,2
PH004231,AC001661,3,0,0,0,0,21.0,0.0,16.0,5.0,0.0,0.0,0.0,0.0,1.0,1.0,2.0,2.0,25.406261574074072,88.4097800925926,0.0,2.0,5.0,1.0,0.0,48100.0,19,1850.0,0,2,0,0,train,-1.0,3,0,1,-1.0,-1.0,-1.0,-1.0,-1.0,-1.0,-1.0,-1.0,3
PH004232,AC001661,1,1,0,0,0,2.0,2.0,0.0,0.0,0.0,12.0,15.5,22.0,0.0,0.0,1.0,1.0,64.00855324074074,64.42386574074074,0.0,0.0,2.0,1.0,1.0,48100.0,19,1850.0,0,2,0,0,train,-1.0,3,0,1,-1.0,-1.0,-1.0,-1.0,-1.0,-1.0,-1.0,-1.0,3
PH004233,AC001662,3,0,0,0,0,4.0,1.0,0.0,0.0,0.0,32.75,4.5,18.0,0.75,0.0,1.0,1.0,85.2618287037037,88.35905092592593,0.0,0.0,1.0,0.25,1.0,113600.0,95,3550.0,0,2,1,1,train,-1.0,5,0,1,-1.0,-1.0,-1.0,-1.0,-1.0,1.0,14200.0,14200.0,2
PH004234,AC001662,4,1,0,0,0,-1.0,-1.0,-1.0,-1.0,-1.0,-1.0,-1.0,-1.0,-1.0,-1.0,-1.0,-1.0,-1.0,-1.0,-1.0,-1.0,-1.0,-1.0,-1.0,113600.0,95,3550.0,0,2,1,1,train,-1.0,5,0,1,-1.0,-1.0,-1.0,-1.0,-1.0,1.0,14200.0,14200.0,2
PH004235,AC001663,3,0,0,0,0,8.0,0.0,1.0,2.0,0.0,15.0,0.0,0.0,1.0,0.375,1.0,1.0,65.35082175925926,87.40972222222223,0.0,0.0,1.0,0.375,0.0,136500.0,35,5250.0,0,1,1,0,train,0.34,0,1,1,-1.0,-1.0,-1.0,-1.0,-1.0,1.0,3500.0,3500.0,3
PH004236,AC001663,1,1,1,0,0,17.0,1.0,0.0,0.0,0.0,20.235294117647058,41.8235294117647,142.0,0.4117647058823529,0.0,1.0,1.0,0.4343634259259259,65.15105324074074,3.0,5.0,0.0,0.058823529411764705,1.0,136500.0,35,5250.0,0,1,1,0,train,0.34,0,1,1,-1.0,-1.0,-1.0,-1.0,-1.0,1.0,3500.0,3500.0,3
PH004237,AC001663,4,2,0,0,0,-1.0,-1.0,-1.0,-1.0,-1.0,-1.0,-1.0,-1.0,-1.0,-1.0,-1.0,-1.0,-1.0,-1.0,-1.0,-1.0,-1.0,-1.0,-1.0,136500.0,35,5250.0,0,1,1,0,train,0.34,0,1,1,-1.0,-1.0,-1.0,-1.0,-1.0,1.0,3500.0,3500.0,3
PH004244,AC001666,3,0,0,0,0,8.0,0.0,0.0,1.0,0.0,12.125,0.0,0.0,1.0,0.125,1.0,1.0,52.317650462962966,88.38850694444444,0.0,0.0,0.0,0.125,0.0,91300.0,177,4150.0,0,2,4,2,train,-1.0,1,2,1,6.0,1.0,1.0,293.1666666666667,0.16666666666666666,-1.0,-1.0,-1.0,3
PH004245,AC001666,0,1,0,0,0,8.0,0.0,0.0,0.0,0.0,27.0,15.75,126.0,0.875,0.0,1.0,1.0,7.312939814814815,45.36521990740741,0.0,6.0,0.0,0.0,1.0,91300.0,177,4150.0,0,2,4,2,train,-1.0,1,2,1,6.0,1.0,1.0,293.1666666666667,0.16666666666666666,-1.0,-1.0,-1.0,3
PH004246,AC001666,4,2,0,0,0,2.0,0.0,0.0,0.0,0.0,37.0,0.0,0.0,1.0,0.0,1.0,1.0,3.3583680555555557,7.222118055555556,1.0,2.0,0.0,0.0,0.0,91300.0,177,4150.0,0,2,4,2,train,-1.0,1,2,1,6.0,1.0,1.0,293.1666666666667,0.16666666666666666,-1.0,-1.0,-1.0,3
PH004247,AC001667,3,0,1,0,0,16.0,0.0,0.0,0.0,0.0,30.8125,14.0625,91.0,0.75,0.0,1.0,1.0,11.428587962962963,80.30270833333333,0.0,6.0,0.0,0.0,1.0,146250.0,334,3250.0,0,3,4,2,train,0.42,0,1,1,8.0,2.0,0.0,368.75,0.25,1.0,14500.0,14500.0,3
PH000270,AC001667,2,1,0,0,0,-1.0,-1.0,-1.0,-1.0,-1.0,-1.0,-1.0,-1.0,-1.0,-1.0,-1.0,-1.0,-1.0,-1.0,-1.0,-1.0,-1.0,-1.0,-1.0,146250.0,334,3250.0,0,3,4,2,train,0.42,0,1,1,8.0,2.0,0.0,368.75,0.25,1.0,14500.0,14500.0,3
PH004248,AC001667,4,2,0,0,0,-1.0,-1.0,-1.0,-1.0,-1.0,-1.0,-1.0,-1.0,-1.0,-1.0,-1.0,-1.0,-1.0,-1.0,-1.0,-1.0,-1.0,-1.0,-1.0,146250.0,334,3250.0,0,3,4,2,train,0.42,0,1,1,8.0,2.0,0.0,368.75,0.25,1.0,14500.0,14500.0,3
PH004251,AC001669,3,0,0,0,0,8.0,0.0,0.0,2.0,0.0,17.375,0.0,0.0,1.0,0.25,1.0,1.0,55.310949074074074,86.39939814814815,0.0,0.0,0.0,0.25,0.0,53750.0,103,1250.0,1,4,5,3,train,1.0,2,1,1,6.0,1.0,1.0,273.3333333333333,0.16666666666666666,2.0,3600.0,1800.0,2
PH004252,AC001669,1,1,1,0,0,16.0,1.0,2.0,3.0,0.0,18.9375,49.25,295.0,0.6875,0.3125,1.0,1.0,0.24938657407407408,50.35730324074074,4.0,9.0,0.0,0.375,1.0,53750.0,103,1250.0,1,4,5,3,train,1.0,2,1,1,6.0,1.0,1.0,273.3333333333333,0.16666666666666666,2.0,3600.0,1800.0,2
PH004253,AC001670,3,0,1,0,0,46.0,0.0,36.0,8.0,0.0,1.0217391304347827,0.9347826086956522,43.0,0.9782608695652174,0.9565217391304348,2.0,2.0,2.024837962962963,84.37221064814815,3.0,14.0,3.0,0.9565217391304348,1.0,305900.0,9,16100.0,1,0,1,0,train,-1.0,2,1,1,-1.0,-1.0,-1.0,-1.0,-1.0,1.0,4100.0,4100.0,1
PH004258,AC001673,3,0,1,0,0,9.0,0.0,0.0,0.0,0.0,30.555555555555557,4.444444444444445,40.0,0.8888888888888888,0.0,2.0,2.0,42.26311342592592,88.29418981481481,0.0,0.0,0.0,0.0,1.0,33350.0,27,1150.0,0,3,1,0,train,0.2,3,0,1,-1.0,-1.0,-1.0,-1.0,-1.0,1.0,1150.0,1150.0,3
PH004259,AC001673,1,1,1,0,0,11.0,0.0,0.0,0.0,0.0,25.90909090909091,20.545454545454547,226.0,0.9090909090909091,0.0,1.0,1.0,57.325011574074075,79.27452546296297,0.0,0.0,0.0,0.0,1.0,33350.0,27,1150.0,0,3,1,0,train,0.2,3,0,1,-1.0,-1.0,-1.0,-1.0,-1.0,1.0,1150.0,1150.0,3
PH004260,AC001673,4,2,0,0,0,8.0,0.0,7.0,1.0,0.0,0.0,0.0,0.0,1.0,1.0,1.0,1.0,46.22984953703704,57.20701388888889,0.0,0.0,5.0,1.0,0.0,33350.0,27,1150.0,0,3,1,0,train,0.2,3,0,1,-1.0,-1.0,-1.0,-1.0,-1.0,1.0,1150.0,1150.0,3
PH004261,AC001674,3,0,0,0,0,4.0,0.0,0.0,0.0,0.0,25.25,0.0,0.0,1.0,0.0,2.0,2.0,80.10643518518519,89.32542824074073,0.0,0.0,0.0,0.0,0.0,136500.0,27,10500.0,1,0,0,0,train,0.63,2,1,1,-1.0,-1.0,-1.0,-1.0,-1.0,1.0,10500.0,10500.0,2
PH004262,AC001674,0,1,0,0,0,-1.0,-1.0,-1.0,-1.0,-1.0,-1.0,-1.0,-1.0,-1.0,-1.0,-1.0,-1.0,-1.0,-1.0,-1.0,-1.0,-1.0,-1.0,-1.0,136500.0,27,10500.0,1,0,0,0,train,0.63,2,1,1,-1.0,-1.0,-1.0,-1.0,-1.0,1.0,10500.0,10500.0,2
PH004263,AC001675,3,0,1,0,0,18.0,0.0,0.0,2.0,0.0,24.833333333333332,42.166666666666664,319.0,0.7777777777777778,0.1111111111111111,1.0,1.0,45.38143518518518,84.41273148148149,0.0,0.0,1.0,0.1111111111111111,1.0,110250.0,37,3150.0,1,3,0,0,train,0.94,5,1,1,2.0,0.0,1.0,110.5,0.0,1.0,6300.0,6300.0,3
PH004264,AC001675,0,1,1,0,0,6.0,1.0,0.0,0.0,0.0,19.333333333333332,113.66666666666667,236.0,0.16666666666666666,0.0,1.0,1.0,25.394236111111113,44.352731481481484,0.0,3.0,1.0,0.16666666666666666,1.0,110250.0,37,3150.0,1,3,0,0,train,0.94,5,1,1,2.0,0.0,1.0,110.5,0.0,1.0,6300.0,6300.0,3
PH004265,AC001675,1,2,0,0,0,-1.0,-1.0,-1.0,-1.0,-1.0,-1.0,-1.0,-1.0,-1.0,-1.0,-1.0,-1.0,-1.0,-1.0,-1.0,-1.0,-1.0,-1.0,-1.0,110250.0,37,3150.0,1,3,0,0,train,0.94,5,1,1,2.0,0.0,1.0,110.5,0.0,1.0,6300.0,6300.0,3
PH004266,AC001676,3,0,0,0,0,16.0,0.0,0.0,1.0,0.0,27.9375,0.0,0.0,1.0,0.0625,1.0,1.0,20.31226851851852,87.40935185185185,0.0,5.0,1.0,0.0625,0.0,73500.0,208,2100.0,0,1,2,1,train,-1.0,3,0,1,8.0,0.0,4.0,161.5,0.0,-1.0,-1.0,-1.0,2
PH004267,AC001676,4,1,1,0,0,15.0,0.0,0.0,1.0,0.0,14.8,69.73333333333333,146.0,0.26666666666666666,0.06666666666666667,1.0,1.0,2.3013310185185185,60.18474537037037,3.0,7.0,0.0,0.06666666666666667,1.0,73500.0,208,2100.0,0,1,2,1,train,-1.0,3,0,1,8.0,0.0,4.0,161.5,0.0,-1.0,-1.0,-1.0,2
PH004268,AC001677,3,0,1,0,0,34.0,0.0,0.0,1.0,0.0,19.58823529411765,41.76470588235294,410.0,0.7647058823529411,0.029411764705882353,2.0,2.0,4.449317129629629,88.34844907407407,4.0,18.0,0.0,0.029411764705882353,1.0,54600.0,0,3900.0,0,6,2,1,train,0.36,5,2,1,-1.0,-1.0,-1.0,-1.0,-1.0,1.0,1600.0,1600.0,1
PH004269,AC001678,3,0,1,0,0,9.0,0.0,0.0,0.0,0.0,27.444444444444443,113.33333333333333,415.0,0.5555555555555556,0.0,1.0,1.0,67.27075231481481,89.29792824074075,0.0,0.0,0.0,0.0,1.0,134750.0,85,3850.0,0,4,2,1,train,0.33,2,1,1,1.0,0.0,1.0,60.0,0.0,1.0,11550.0,11550.0,2
PH004270,AC001678,1,1,0,0,0,-1.0,-1.0,-1.0,-1.0,-1.0,-1.0,-1.0,-1.0,-1.0,-1.0,-1.0,-1.0,-1.0,-1.0,-1.0,-1.0,-1.0,-1.0,-1.0,134750.0,85,3850.0,0,4,2,1,train,0.33,2,1,1,1.0,0.0,1.0,60.0,0.0,1.0,11550.0,11550.0,2
PH004271,AC001679,3,0,1,0,0,31.0,0.0,0.0,2.0,0.0,19.032258064516128,6.645161290322581,99.0,0.8709677419354839,0.06451612903225806,1.0,1.0,10.36892361111111,89.32747685185186,0.0,4.0,0.0,0.06451612903225806,1.0,144000.0,48,3600.0,0,2,1,0,train,-1.0,0,1,1,6.0,1.0,2.0,298.5,0.16666666666666666,1.0,7200.0,7200.0,1
PH004275,AC001681,3,0,0,0,0,2.0,0.0,0.0,0.0,2.0,0.0,0.0,0.0,1.0,1.0,1.0,1.0,89.20856481481482,89.41269675925926,0.0,0.0,2.0,0.0,0.0,64000.0,76,6400.0,1,1,4,0,train,-1.0,0,1,1,-1.0,-1.0,-1.0,-1.0,-1.0,1.0,19200.0,19200.0,4
PH004276,AC001681,0,1,1,0,0,1.0,0.0,0.0,0.0,0.0,10.0,33.0,33.0,0.0,0.0,1.0,1.0,87.348125,87.348125,0.0,0.0,0.0,0.0,1.0,64000.0,76,6400.0,1,1,4,0,train,-1.0,0,1,1,-1.0,-1.0,-1.0,-1.0,-1.0,1.0,19200.0,19200.0,4
PH004277,AC001681,1,2,0,0,0,-1.0,-1.0,-1.0,-1.0,-1.0,-1.0,-1.0,-1.0,-1.0,-1.0,-1.0,-1.0,-1.0,-1.0,-1.0,-1.0,-1.0,-1.0,-1.0,64000.0,76,6400.0,1,1,4,0,train,-1.0,0,1,1,-1.0,-1.0,-1.0,-1.0,-1.0,1.0,19200.0,19200.0,4
PH000570,AC001681,2,3,0,0,0,-1.0,-1.0,-1.0,-1.0,-1.0,-1.0,-1.0,-1.0,-1.0,-1.0,-1.0,-1.0,-1.0,-1.0,-1.0,-1.0,-1.0,-1.0,-1.0,64000.0,76,6400.0,1,1,4,0,train,-1.0,0,1,1,-1.0,-1.0,-1.0,-1.0,-1.0,1.0,19200.0,19200.0,4
PH004281,AC001683,3,0,0,0,0,8.0,0.0,6.0,2.0,0.0,0.0,0.0,0.0,1.0,1.0,1.0,1.0,76.41599537037037,89.29841435185185,0.0,0.0,5.0,1.0,0.0,31500.0,80,1750.0,0,4,1,1,train,0.81,2,1,1,5.0,1.0,3.0,383.8,0.2,2.0,5250.0,2625.0,4
PH004282,AC001683,0,1,1,0,0,6.0,0.0,0.0,0.0,0.0,32.5,15.166666666666666,54.0,0.6666666666666666,0.0,1.0,1.0,39.06445601851852,70.36854166666667,0.0,0.0,0.0,0.0,1.0,31500.0,80,1750.0,0,4,1,1,train,0.81,2,1,1,5.0,1.0,3.0,383.8,0.2,2.0,5250.0,2625.0,4
PH000437,AC001683,2,2,0,0,0,7.0,0.0,0.0,0.0,0.0,16.714285714285715,66.14285714285714,130.0,0.2857142857142857,0.0,1.0,1.0,21.42892361111111,37.407986111111114,0.0,2.0,0.0,0.0,1.0,31500.0,80,1750.0,0,4,1,1,train,0.81,2,1,1,5.0,1.0,3.0,383.8,0.2,2.0,5250.0,2625.0,4
PH004283,AC001683,4,3,0,0,0,-1.0,-1.0,-1.0,-1.0,-1.0,-1.0,-1.0,-1.0,-1.0,-1.0,-1.0,-1.0,-1.0,-1.0,-1.0,-1.0,-1.0,-1.0,-1.0,31500.0,80,1750.0,0,4,1,1,train,0.81,2,1,1,5.0,1.0,3.0,383.8,0.2,2.0,5250.0,2625.0,4
PH004286,AC001685,3,0,0,0,0,4.0,2.0,0.0,0.0,0.0,24.25,18.0,40.0,0.5,0.0,1.0,1.0,86.22767361111111,87.33159722222223,0.0,0.0,2.0,0.5,1.0,651900.0,164,12300.0,0,3,4,2,train,0.59,2,1,1,6.0,0.0,5.0,99.16666666666667,0.0,1.0,73800.0,73800.0,3
PH004287,AC001685,0,1,1,0,0,17.0,0.0,0.0,0.0,0.0,26.88235294117647,34.8235294117647,269.0,0.6470588235294118,0.0,1.0,1.0,17.07835648148148,73.42129629629629,0.0,5.0,0.0,0.0,1.0,651900.0,164,12300.0,0,3,4,2,train,0.59,2,1,1,6.0,0.0,5.0,99.16666666666667,0.0,1.0,73800.0,73800.0,3
PH004288,AC001685,1,2,0,0,0,-1.0,-1.0,-1.0,-1.0,-1.0,-1.0,-1.0,-1.0,-1.0,-1.0,-1.0,-1.0,-1.0,-1.0,-1.0,-1.0,-1.0,-1.0,-1.0,651900.0,164,12300.0,0,3,4,2,train,0.59,2,1,1,6.0,0.0,5.0,99.16666666666667,0.0,1.0,73800.0,73800.0,3
PH004289,AC001686,3,0,0,0,0,8.0,0.0,0.0,0.0,0.0,32.5,11.125,89.0,0.875,0.0,1.0,1.0,82.00063657407408,89.29018518518518,0.0,0.0,0.0,0.0,1.0,33000.0,75,1500.0,0,1,4,4,train,-1.0,5,2,1,6.0,4.0,0.0,493.6666666666667,0.6666666666666666,3.0,3500.0,1166.6666666666667,4
PH004290,AC001686,0,1,0,0,0,8.0,0.0,0.0,0.0,0.0,31.875,0.0,0.0,1.0,0.0,1.0,1.0,60.364837962962966,81.27892361111111,0.0,0.0,0.0,0.0,0.0,33000.0,75,1500.0,0,1,4,4,train,-1.0,5,2,1,6.0,4.0,0.0,493.6666666666667,0.6666666666666666,3.0,3500.0,1166.6666666666667,4
PH004291,AC001686,1,2,1,0,0,8.0,0.0,0.0,0.0,0.0,23.75,10.625,30.0,0.625,0.0,1.0,1.0,4.314953703703703,53.352222222222224,1.0,4.0,0.0,0.0,1.0,33000.0,75,1500.0,0,1,4,4,train,-1.0,5,2,1,6.0,4.0,0.0,493.6666666666667,0.6666666666666666,3.0,3500.0,1166.6666666666667,4
PH004292,AC001686,4,3,0,0,0,-1.0,-1.0,-1.0,-1.0,-1.0,-1.0,-1.0,-1.0,-1.0,-1.0,-1.0,-1.0,-1.0,-1.0,-1.0,-1.0,-1.0,-1.0,-1.0,33000.0,75,1500.0,0,1,4,4,train,-1.0,5,2,1,6.0,4.0,0.0,493.6666666666667,0.6666666666666666,3.0,3500.0,1166.6666666666667,4
PH004293,AC001687,3,0,1,0,0,15.0,0.0,0.0,1.0,0.0,27.2,32.53333333333333,215.0,0.7333333333333333,0.06666666666666667,2.0,2.0,37.34615740740741,81.2471875,0.0,0.0,1.0,0.06666666666666667,1.0,377850.0,0,11450.0,3,0,0,0,train,0.81,2,1,1,-1.0,-1.0,-1.0,-1.0,-1.0,1.0,11450.0,11450.0,3
PH004294,AC001687,0,1,1,0,0,-1.0,-1.0,-1.0,-1.0,-1.0,-1.0,-1.0,-1.0,-1.0,-1.0,-1.0,-1.0,-1.0,-1.0,-1.0,-1.0,-1.0,-1.0,-1.0,377850.0,0,11450.0,3,0,0,0,train,0.81,2,1,1,-1.0,-1.0,-1.0,-1.0,-1.0,1.0,11450.0,11450.0,3
PH004295,AC001687,1,2,0,0,0,-1.0,-1.0,-1.0,-1.0,-1.0,-1.0,-1.0,-1.0,-1.0,-1.0,-1.0,-1.0,-1.0,-1.0,-1.0,-1.0,-1.0,-1.0,-1.0,377850.0,0,11450.0,3,0,0,0,train,0.81,2,1,1,-1.0,-1.0,-1.0,-1.0,-1.0,1.0,11450.0,11450.0,3
PH004298,AC001689,3,0,0,0,0,8.0,0.0,0.0,1.0,0.0,35.125,0.0,0.0,1.0,0.125,1.0,1.0,75.3009375,86.3584375,0.0,0.0,1.0,0.125,0.0,51250.0,33,2050.0,1,1,2,1,train,0.61,3,0,1,-1.0,-1.0,-1.0,-1.0,-1.0,1.0,4100.0,4100.0,3
PH004299,AC001689,0,1,1,0,0,2.0,0.0,0.0,0.0,0.0,14.5,206.0,361.0,0.0,0.0,1.0,1.0,72.38920138888889,73.36042824074075,0.0,0.0,0.0,0.0,1.0,51250.0,33,2050.0,1,1,2,1,train,0.61,3,0,1,-1.0,-1.0,-1.0,-1.0,-1.0,1.0,4100.0,4100.0,3
PH004300,AC001689,4,2,0,0,0,-1.0,-1.0,-1.0,-1.0,-1.0,-1.0,-1.0,-1.0,-1.0,-1.0,-1.0,-1.0,-1.0,-1.0,-1.0,-1.0,-1.0,-1.0,-1.0,51250.0,33,2050.0,1,1,2,1,train,0.61,3,0,1,-1.0,-1.0,-1.0,-1.0,-1.0,1.0,4100.0,4100.0,3
PH004301,AC001690,3,0,0,0,0,13.0,0.0,0.0,0.0,0.0,23.692307692307693,0.0,0.0,1.0,0.0,2.0,2.0,27.36056712962963,86.32266203703703,0.0,2.0,0.0,0.0,0.0,82800.0,0,3450.0,2,1,0,0,train,0.68,5,1,1,-1.0,-1.0,-1.0,-1.0,-1.0,2.0,3450.0,1725.0,2
PH000399,AC001690,2,1,1,0,0,19.0,1.0,0.0,3.0,0.0,19.36842105263158,32.8421052631579,125.0,0.5263157894736842,0.15789473684210525,2.0,1.0,18.258831018518517,52.34986111111111,0.0,5.0,1.0,0.21052631578947367,1.0,82800.0,0,3450.0,2,1,0,0,train,0.68,5,1,1,-1.0,-1.0,-1.0,-1.0,-1.0,2.0,3450.0,1725.0,2
PH004302,AC001691,3,0,1,0,0,7.0,1.0,0.0,0.0,0.0,17.142857142857142,4.142857142857143,24.0,0.7142857142857143,0.0,1.0,1.0,76.25554398148148,88.25873842592593,0.0,0.0,1.0,0.14285714285714285,1.0,102600.0,55,2700.0,0,2,3,2,train,0.4,0,1,1,-1.0,-1.0,-1.0,-1.0,-1.0,1.0,5400.0,5400.0,3
PH000522,AC001691,2,1,0,0,0,-1.0,-1.0,-1.0,-1.0,-1.0,-1.0,-1.0,-1.0,-1.0,-1.0,-1.0,-1.0,-1.0,-1.0,-1.0,-1.0,-1.0,-1.0,-1.0,102600.0,55,2700.0,0,2,3,2,train,0.4,0,1,1,-1.0,-1.0,-1.0,-1.0,-1.0,1.0,5400.0,5400.0,3
PH004303,AC001691,4,2,0,0,0,-1.0,-1.0,-1.0,-1.0,-1.0,-1.0,-1.0,-1.0,-1.0,-1.0,-1.0,-1.0,-1.0,-1.0,-1.0,-1.0,-1.0,-1.0,-1.0,102600.0,55,2700.0,0,2,3,2,train,0.4,0,1,1,-1.0,-1.0,-1.0,-1.0,-1.0,1.0,5400.0,5400.0,3
PH004306,AC001693,3,0,1,0,0,9.0,0.0,0.0,1.0,0.0,24.22222222222222,15.666666666666666,96.0,0.7777777777777778,0.1111111111111111,2.0,2.0,35.29017361111111,87.43989583333334,0.0,0.0,1.0,0.1111111111111111,1.0,56350.0,15,2450.0,0,0,1,1,train,0.38,5,2,1,1.0,1.0,0.0,696.0,1.0,1.0,2450.0,2450.0,1
PH004309,AC001695,3,0,1,0,0,11.0,0.0,0.0,1.0,0.0,16.818181818181817,15.636363636363637,127.0,0.8181818181818182,0.09090909090909091,1.0,1.0,48.41217592592593,89.28047453703704,0.0,0.0,0.0,0.09090909090909091,1.0,65550.0,47,2850.0,1,1,1,0,train,-1.0,1,2,1,-1.0,-1.0,-1.0,-1.0,-1.0,2.0,5700.0,2850.0,2
PH004310,AC001695,0,1,1,0,0,15.0,0.0,0.0,0.0,0.0,23.266666666666666,19.933333333333334,202.0,0.8666666666666667,0.0,1.0,1.0,53.194965277777776,72.27526620370371,0.0,0.0,0.0,0.0,1.0,65550.0,47,2850.0,1,1,1,0,train,-1.0,1,2,1,-1.0,-1.0,-1.0,-1.0,-1.0,2.0,5700.0,2850.0,2
PH004311,AC001696,3,0,1,0,0,21.0,0.0,0.0,1.0,0.0,29.476190476190474,8.904761904761905,80.0,0.8571428571428571,0.047619047619047616,2.0,2.0,34.12040509259259,88.41792824074074,0.0,0.0,0.0,0.047619047619047616,1.0,21750.0,9,1450.0,0,1,2,0,train,0.34,2,1,1,2.0,0.0,2.0,60.5,0.0,-1.0,-1.0,-1.0,3
PH004312,AC001696,0,1,0,0,0,8.0,0.0,0.0,2.0,0.0,22.625,0.0,0.0,1.0,0.25,1.0,1.0,21.003645833333334,32.38625,0.0,4.0,1.0,0.25,0.0,21750.0,9,1450.0,0,1,2,0,train,0.34,2,1,1,2.0,0.0,2.0,60.5,0.0,-1.0,-1.0,-1.0,3
PH000388,AC001696,2,2,0,0,0,5.0,0.0,0.0,0.0,0.0,34.6,0.0,0.0,1.0,0.0,1.0,1.0,4.424409722222222,16.406493055555554,2.0,5.0,0.0,0.0,0.0,21750.0,9,1450.0,0,1,2,0,train,0.34,2,1,1,2.0,0.0,2.0,60.5,0.0,-1.0,-1.0,-1.0,3
PH004313,AC001697,3,0,1,0,0,10.0,1.0,0.0,1.0,0.0,18.2,17.9,60.0,0.6,0.1,1.0,1.0,24.305127314814815,89.3846875,0.0,1.0,2.0,0.2,1.0,75600.0,133,1800.0,0,2,2,0,train,0.26,5,0,1,5.0,1.0,0.0,522.0,0.2,-1.0,-1.0,-1.0,1
PH004314,AC001698,3,0,1,0,0,16.0,0.0,0.0,2.0,0.0,23.0,6.25,52.0,0.875,0.125,2.0,2.0,39.2734837962963,83.45362268518518,0.0,0.0,0.0,0.125,1.0,20650.0,19,2950.0,1,1,1,1,train,0.89,1,0,1,-1.0,-1.0,-1.0,-1.0,-1.0,3.0,2950.0,983.3333333333334,3
PH004315,AC001698,0,1,1,0,0,10.0,0.0,0.0,0.0,0.0,24.4,40.6,204.0,0.7,0.0,1.0,1.0,19.13946759259259,39.19820601851852,0.0,7.0,0.0,0.0,1.0,20650.0,19,2950.0,1,1,1,1,train,0.89,1,0,1,-1.0,-1.0,-1.0,-1.0,-1.0,3.0,2950.0,983.3333333333334,3
PH004316,AC001698,4,2,0,0,0,-1.0,-1.0,-1.0,-1.0,-1.0,-1.0,-1.0,-1.0,-1.0,-1.0,-1.0,-1.0,-1.0,-1.0,-1.0,-1.0,-1.0,-1.0,-1.0,20650.0,19,2950.0,1,1,1,1,train,0.89,1,0,1,-1.0,-1.0,-1.0,-1.0,-1.0,3.0,2950.0,983.3333333333334,3
PH004317,AC001699,3,0,0,0,0,19.0,0.0,16.0,3.0,0.0,0.0,0.0,0.0,1.0,1.0,1.0,1.0,0.26364583333333336,86.44849537037037,3.0,3.0,5.0,1.0,0.0,123200.0,65,4400.0,0,0,1,0,train,0.76,0,1,1,2.0,0.0,0.0,253.0,0.0,-1.0,-1.0,-1.0,2
PH004320,AC001701,3,0,1,0,0,20.0,0.0,0.0,0.0,0.0,24.3,29.3,251.0,0.65,0.0,2.0,2.0,24.345034722222223,89.28474537037037,0.0,5.0,0.0,0.0,1.0,206700.0,6,7950.0,2,0,1,0,train,0.66,0,1,1,-1.0,-1.0,-1.0,-1.0,-1.0,1.0,7950.0,7950.0,3
PH004321,AC001701,0,1,0,0,0,-1.0,-1.0,-1.0,-1.0,-1.0,-1.0,-1.0,-1.0,-1.0,-1.0,-1.0,-1.0,-1.0,-1.0,-1.0,-1.0,-1.0,-1.0,-1.0,206700.0,6,7950.0,2,0,1,0,train,0.66,0,1,1,-1.0,-1.0,-1.0,-1.0,-1.0,1.0,7950.0,7950.0,3
PH004322,AC001701,1,2,0,0,0,-1.0,-1.0,-1.0,-1.0,-1.0,-1.0,-1.0,-1.0,-1.0,-1.0,-1.0,-1.0,-1.0,-1.0,-1.0,-1.0,-1.0,-1.0,-1.0,206700.0,6,7950.0,2,0,1,0,train,0.66,0,1,1,-1.0,-1.0,-1.0,-1.0,-1.0,1.0,7950.0,7950.0,3
PH004323,AC001702,3,0,1,0,0,21.0,0.0,0.0,0.0,0.0,20.333333333333332,48.095238095238095,122.0,0.42857142857142855,0.0,1.0,1.0,38.25774305555556,89.36954861111111,0.0,0.0,0.0,0.0,1.0,186000.0,55,15500.0,0,1,0,0,train,0.46,0,1,1,1.0,0.0,1.0,32.0,0.0,-1.0,-1.0,-1.0,3
PH004324,AC001702,0,1,0,0,0,8.0,0.0,0.0,0.0,0.0,28.625,0.0,0.0,1.0,0.0,1.0,1.0,9.381944444444445,38.13579861111111,0.0,5.0,0.0,0.0,0.0,186000.0,55,15500.0,0,1,0,0,train,0.46,0,1,1,1.0,0.0,1.0,32.0,0.0,-1.0,-1.0,-1.0,3
PH004325,AC001702,1,2,0,0,0,3.0,0.0,0.0,0.0,0.0,31.666666666666668,0.0,0.0,1.0,0.0,1.0,1.0,2.4489236111111112,3.3940740740740742,3.0,3.0,0.0,0.0,0.0,186000.0,55,15500.0,0,1,0,0,train,0.46,0,1,1,1.0,0.0,1.0,32.0,0.0,-1.0,-1.0,-1.0,3
PH004326,AC001703,3,0,1,0,0,24.0,0.0,6.0,2.0,0.0,19.5,20.875,266.0,0.8333333333333334,0.3333333333333333,2.0,2.0,35.34916666666667,87.2632175925926,0.0,0.0,0.0,0.3333333333333333,1.0,27500.0,1,2500.0,0,1,0,0,train,0.2,1,2,1,-1.0,-1.0,-1.0,-1.0,-1.0,-1.0,-1.0,-1.0,4
PH004327,AC001703,0,1,0,0,0,8.0,1.0,0.0,0.0,0.0,15.125,0.625,5.0,0.875,0.0,1.0,1.0,11.255011574074073,31.284351851851852,0.0,7.0,1.0,0.125,1.0,27500.0,1,2500.0,0,1,0,0,train,0.2,1,2,1,-1.0,-1.0,-1.0,-1.0,-1.0,-1.0,-1.0,-1.0,4
PH004328,AC001703,1,2,0,0,0,6.0,1.0,0.0,0.0,0.0,16.666666666666668,8.333333333333334,26.0,0.6666666666666666,0.0,1.0,1.0,0.3483101851851852,10.32693287037037,4.0,6.0,1.0,0.16666666666666666,1.0,27500.0,1,2500.0,0,1,0,0,train,0.2,1,2,1,-1.0,-1.0,-1.0,-1.0,-1.0,-1.0,-1.0,-1.0,4
PH004329,AC001703,4,3,0,0,0,-1.0,-1.0,-1.0,-1.0,-1.0,-1.0,-1.0,-1.0,-1.0,-1.0,-1.0,-1.0,-1.0,-1.0,-1.0,-1.0,-1.0,-1.0,-1.0,27500.0,1,2500.0,0,1,0,0,train,0.2,1,2,1,-1.0,-1.0,-1.0,-1.0,-1.0,-1.0,-1.0,-1.0,4
PH004330,AC001704,3,0,1,0,0,13.0,1.0,0.0,0.0,0.0,23.53846153846154,72.6923076923077,369.0,0.5384615384615384,0.0,2.0,2.0,34.34896990740741,84.30642361111111,0.0,0.0,0.0,0.07692307692307693,1.0,361900.0,5,16450.0,2,1,1,1,train,0.56,0,1,1,-1.0,-1.0,-1.0,-1.0,-1.0,1.0,16450.0,16450.0,3
PH004331,AC001704,0,1,1,0,0,1.0,0.0,0.0,0.0,0.0,8.0,24.0,24.0,0.0,0.0,1.0,1.0,34.10016203703704,34.10016203703704,0.0,0.0,0.0,0.0,1.0,361900.0,5,16450.0,2,1,1,1,train,0.56,0,1,1,-1.0,-1.0,-1.0,-1.0,-1.0,1.0,16450.0,16450.0,3
PH000539,AC001704,2,2,0,0,0,-1.0,-1.0,-1.0,-1.0,-1.0,-1.0,-1.0,-1.0,-1.0,-1.0,-1.0,-1.0,-1.0,-1.0,-1.0,-1.0,-1.0,-1.0,-1.0,361900.0,5,16450.0,2,1,1,1,train,0.56,0,1,1,-1.0,-1.0,-1.0,-1.0,-1.0,1.0,16450.0,16450.0,3
PH004332,AC001705,3,0,0,0,0,11.0,2.0,0.0,0.0,0.0,26.09090909090909,10.181818181818182,36.0,0.6363636363636364,0.0,1.0,1.0,48.34425925925926,83.44819444444444,0.0,0.0,1.0,0.18181818181818182,1.0,525000.0,47,12500.0,2,1,2,0,train,0.93,4,2,1,5.0,1.0,1.0,291.6,0.2,-1.0,-1.0,-1.0,1
PH004333,AC001706,3,0,0,0,0,16.0,0.0,6.0,2.0,0.0,18.125,7.6875,123.0,0.9375,0.5,2.0,2.0,27.328599537037036,89.34138888888889,0.0,1.0,0.0,0.5,1.0,184500.0,15,10250.0,0,1,0,0,train,0.5,2,2,1,-1.0,-1.0,-1.0,-1.0,-1.0,-1.0,-1.0,-1.0,4
PH004334,AC001706,1,1,0,0,0,16.0,0.0,0.0,1.0,0.0,22.1875,50.625,149.0,0.5,0.0625,2.0,2.0,13.179375,75.43523148148148,0.0,8.0,0.0,0.0625,1.0,184500.0,15,10250.0,0,1,0,0,train,0.5,2,2,1,-1.0,-1.0,-1.0,-1.0,-1.0,-1.0,-1.0,-1.0,4
PH004335,AC001706,4,2,0,0,0,10.0,1.0,0.0,2.0,0.0,24.3,17.6,77.0,0.7,0.2,1.0,1.0,6.4477314814814815,63.37314814814815,1.0,2.0,2.0,0.3,1.0,184500.0,15,10250.0,0,1,0,0,train,0.5,2,2,1,-1.0,-1.0,-1.0,-1.0,-1.0,-1.0,-1.0,-1.0,4
PH004336,AC001707,3,0,1,0,0,18.0,0.0,0.0,1.0,0.0,23.555555555555557,54.611111111111114,395.0,0.7222222222222222,0.05555555555555555,1.0,1.0,67.39258101851851,88.25945601851852,0.0,0.0,0.0,0.05555555555555555,1.0,166750.0,65,7250.0,0,2,2,1,train,0.28,0,1,1,2.0,1.0,0.0,975.0,0.5,1.0,21750.0,21750.0,3
PH004337,AC001707,0,1,0,0,0,-1.0,-1.0,-1.0,-1.0,-1.0,-1.0,-1.0,-1.0,-1.0,-1.0,-1.0,-1.0,-1.0,-1.0,-1.0,-1.0,-1.0,-1.0,-1.0,166750.0,65,7250.0,0,2,2,1,train,0.28,0,1,1,2.0,1.0,0.0,975.0,0.5,1.0,21750.0,21750.0,3
PH004338,AC001707,4,2,0,1,0,-1.0,-1.0,-1.0,-1.0,-1.0,-1.0,-1.0,-1.0,-1.0,-1.0,-1.0,-1.0,-1.0,-1.0,-1.0,-1.0,-1.0,-1.0,-1.0,166750.0,65,7250.0,0,2,2,1,train,0.28,0,1,1,2.0,1.0,0.0,975.0,0.5,1.0,21750.0,21750.0,3
PH004339,AC001708,3,0,1,0,0,20.0,0.0,0.0,1.0,0.0,24.65,22.05,244.0,0.7,0.05,1.0,1.0,10.159108796296296,82.3117824074074,0.0,5.0,0.0,0.05,1.0,166500.0,48,3700.0,0,2,1,0,train,0.6,0,1,1,5.0,0.0,0.0,202.4,0.0,-1.0,-1.0,-1.0,3
PH004340,AC001708,1,1,0,0,0,-1.0,-1.0,-1.0,-1.0,-1.0,-1.0,-1.0,-1.0,-1.0,-1.0,-1.0,-1.0,-1.0,-1.0,-1.0,-1.0,-1.0,-1.0,-1.0,166500.0,48,3700.0,0,2,1,0,train,0.6,0,1,1,5.0,0.0,0.0,202.4,0.0,-1.0,-1.0,-1.0,3
PH004341,AC001708,4,2,0,0,0,-1.0,-1.0,-1.0,-1.0,-1.0,-1.0,-1.0,-1.0,-1.0,-1.0,-1.0,-1.0,-1.0,-1.0,-1.0,-1.0,-1.0,-1.0,-1.0,166500.0,48,3700.0,0,2,1,0,train,0.6,0,1,1,5.0,0.0,0.0,202.4,0.0,-1.0,-1.0,-1.0,3
PH004346,AC001711,3,0,0,0,0,8.0,0.0,2.0,1.0,0.0,11.625,0.0,0.0,1.0,0.375,1.0,1.0,62.452777777777776,87.35902777777778,0.0,0.0,1.0,0.375,0.0,110200.0,152,3800.0,0,2,0,0,train,-1.0,2,1,1,3.0,1.0,0.0,724.3333333333334,0.3333333333333333,1.0,22800.0,22800.0,2
PH004347,AC001711,0,1,1,0,0,4.0,0.0,0.0,0.0,0.0,23.75,100.0,360.0,0.5,0.0,1.0,1.0,57.43732638888889,61.366655092592595,0.0,0.0,0.0,0.0,1.0,110200.0,152,3800.0,0,2,0,0,train,-1.0,2,1,1,3.0,1.0,0.0,724.3333333333334,0.3333333333333333,1.0,22800.0,22800.0,2
PH004348,AC001712,3,0,1,0,0,5.0,0.0,0.0,0.0,0.0,11.4,25.6,128.0,0.8,0.0,2.0,2.0,80.38710648148148,89.40165509259259,0.0,0.0,0.0,0.0,1.0,746200.0,8,26650.0,1,1,1,1,train,0.66,5,2,1,-1.0,-1.0,-1.0,-1.0,-1.0,1.0,26650.0,26650.0,1
PH004349,AC001713,3,0,1,0,0,23.0,0.0,0.0,0.0,0.0,30.82608695652174,35.69565217391305,299.0,0.782608695652174,0.0,1.0,1.0,19.437407407407406,73.41641203703703,0.0,5.0,0.0,0.0,1.0,557600.0,90,16400.0,0,2,3,1,train,0.73,2,1,1,6.0,0.0,6.0,117.83333333333333,0.0,-1.0,-1.0,-1.0,1
PH004354,AC001716,3,0,0,0,0,2.0,0.0,0.0,0.0,2.0,0.0,0.0,0.0,1.0,1.0,2.0,2.0,89.00420138888889,89.25037037037038,0.0,0.0,2.0,0.0,0.0,87600.0,12,3650.0,0,3,0,0,train,-1.0,2,2,1,1.0,1.0,0.0,1270.0,1.0,2.0,2200.0,1100.0,2
PH004355,AC001716,4,1,0,0,0,14.0,2.0,0.0,1.0,0.0,18.714285714285715,47.42857142857143,130.0,0.5,0.07142857142857142,2.0,2.0,30.24701388888889,77.29005787037038,0.0,0.0,1.0,0.21428571428571427,1.0,87600.0,12,3650.0,0,3,0,0,train,-1.0,2,2,1,1.0,1.0,0.0,1270.0,1.0,2.0,2200.0,1100.0,2
PH004356,AC001717,3,0,1,0,0,17.0,0.0,8.0,1.0,0.0,11.470588235294118,26.764705882352942,273.0,0.8235294117647058,0.5294117647058824,1.0,1.0,53.15372685185185,82.36770833333334,0.0,0.0,2.0,0.5294117647058824,1.0,194400.0,46,4050.0,1,5,2,1,train,0.54,1,1,1,1.0,1.0,0.0,869.0,1.0,2.0,8100.0,4050.0,3
PH004357,AC001717,0,1,1,0,0,16.0,0.0,0.0,0.0,0.0,23.1875,62.625,404.0,0.5625,0.0,1.0,1.0,4.213888888888889,51.35125,2.0,10.0,0.0,0.0,1.0,194400.0,46,4050.0,1,5,2,1,train,0.54,1,1,1,1.0,1.0,0.0,869.0,1.0,2.0,8100.0,4050.0,3
PH004358,AC001717,4,2,0,0,0,-1.0,-1.0,-1.0,-1.0,-1.0,-1.0,-1.0,-1.0,-1.0,-1.0,-1.0,-1.0,-1.0,-1.0,-1.0,-1.0,-1.0,-1.0,-1.0,194400.0,46,4050.0,1,5,2,1,train,0.54,1,1,1,1.0,1.0,0.0,869.0,1.0,2.0,8100.0,4050.0,3
PH004359,AC001718,3,0,1,0,0,1.0,0.0,0.0,0.0,0.0,10.0,30.0,30.0,0.0,0.0,1.0,1.0,87.35234953703704,87.35234953703704,0.0,0.0,0.0,0.0,1.0,136500.0,38,6500.0,0,2,1,0,train,0.3,0,1,1,-1.0,-1.0,-1.0,-1.0,-1.0,1.0,13000.0,13000.0,2
PH004360,AC001718,4,1,0,0,0,-1.0,-1.0,-1.0,-1.0,-1.0,-1.0,-1.0,-1.0,-1.0,-1.0,-1.0,-1.0,-1.0,-1.0,-1.0,-1.0,-1.0,-1.0,-1.0,136500.0,38,6500.0,0,2,1,0,train,0.3,0,1,1,-1.0,-1.0,-1.0,-1.0,-1.0,1.0,13000.0,13000.0,2
PH004361,AC001719,3,0,1,0,0,5.0,0.0,0.0,0.0,0.0,28.4,12.0,33.0,0.6,0.0,2.0,2.0,55.36188657407408,89.42660879629629,0.0,0.0,0.0,0.0,1.0,606300.0,8,12900.0,1,2,0,0,train,0.51,0,1,1,-1.0,-1.0,-1.0,-1.0,-1.0,2.0,12900.0,6450.0,2
PH000350,AC001719,2,1,0,0,0,-1.0,-1.0,-1.0,-1.0,-1.0,-1.0,-1.0,-1.0,-1.0,-1.0,-1.0,-1.0,-1.0,-1.0,-1.0,-1.0,-1.0,-1.0,-1.0,606300.0,8,12900.0,1,2,0,0,train,0.51,0,1,1,-1.0,-1.0,-1.0,-1.0,-1.0,2.0,12900.0,6450.0,2
PH004362,AC001720,3,0,1,0,0,21.0,1.0,0.0,1.0,0.0,28.238095238095237,21.857142857142858,259.0,0.7619047619047619,0.047619047619047616,1.0,1.0,27.32386574074074,83.27054398148148,0.0,3.0,1.0,0.09523809523809523,1.0,163400.0,67,4300.0,0,2,2,2,train,-1.0,2,1,1,6.0,0.0,3.0,142.83333333333334,0.0,1.0,12900.0,12900.0,2
PH004363,AC001720,4,1,0,0,0,-1.0,-1.0,-1.0,-1.0,-1.0,-1.0,-1.0,-1.0,-1.0,-1.0,-1.0,-1.0,-1.0,-1.0,-1.0,-1.0,-1.0,-1.0,-1.0,163400.0,67,4300.0,0,2,2,2,train,-1.0,2,1,1,6.0,0.0,3.0,142.83333333333334,0.0,1.0,12900.0,12900.0,2
PH004364,AC001721,3,0,1,0,0,27.0,0.0,0.0,3.0,0.0,26.48148148148148,30.444444444444443,241.0,0.7777777777777778,0.1111111111111111,2.0,2.0,2.374236111111111,88.33520833333333,3.0,11.0,0.0,0.1111111111111111,1.0,141400.0,0,10100.0,2,2,0,0,train,-1.0,2,1,1,-1.0,-1.0,-1.0,-1.0,-1.0,-1.0,-1.0,-1.0,4
PH004365,AC001721,1,1,0,0,0,-1.0,-1.0,-1.0,-1.0,-1.0,-1.0,-1.0,-1.0,-1.0,-1.0,-1.0,-1.0,-1.0,-1.0,-1.0,-1.0,-1.0,-1.0,-1.0,141400.0,0,10100.0,2,2,0,0,train,-1.0,2,1,1,-1.0,-1.0,-1.0,-1.0,-1.0,-1.0,-1.0,-1.0,4
PH000435,AC001721,2,2,0,0,0,-1.0,-1.0,-1.0,-1.0,-1.0,-1.0,-1.0,-1.0,-1.0,-1.0,-1.0,-1.0,-1.0,-1.0,-1.0,-1.0,-1.0,-1.0,-1.0,141400.0,0,10100.0,2,2,0,0,train,-1.0,2,1,1,-1.0,-1.0,-1.0,-1.0,-1.0,-1.0,-1.0,-1.0,4
PH004366,AC001721,4,3,0,0,0,-1.0,-1.0,-1.0,-1.0,-1.0,-1.0,-1.0,-1.0,-1.0,-1.0,-1.0,-1.0,-1.0,-1.0,-1.0,-1.0,-1.0,-1.0,-1.0,141400.0,0,10100.0,2,2,0,0,train,-1.0,2,1,1,-1.0,-1.0,-1.0,-1.0,-1.0,-1.0,-1.0,-1.0,4
PH004370,AC001724,3,0,0,0,0,10.0,2.0,0.0,0.0,0.0,29.1,5.6,34.0,0.8,0.0,1.0,1.0,49.378506944444446,86.08106481481481,0.0,0.0,1.0,0.2,1.0,15600.0,52,1200.0,0,1,3,1,train,0.39,1,1,0,4.0,0.0,2.0,160.5,0.0,-1.0,-1.0,-1.0,2
PH004371,AC001724,1,1,1,0,0,5.0,2.0,0.0,0.0,0.0,19.2,17.2,34.0,0.4,0.0,1.0,1.0,74.41303240740741,86.45391203703704,0.0,0.0,2.0,0.4,1.0,15600.0,52,1200.0,0,1,3,1,train,0.39,1,1,0,4.0,0.0,2.0,160.5,0.0,-1.0,-1.0,-1.0,2
PH004372,AC001725,3,0,1,0,0,19.0,0.0,0.0,1.0,0.0,26.0,43.421052631578945,318.0,0.7894736842105263,0.05263157894736842,1.0,1.0,39.31425925925926,89.3378587962963,0.0,0.0,0.0,0.05263157894736842,1.0,225000.0,469,6250.0,0,1,0,0,train,0.63,2,1,1,8.0,1.0,0.0,225.375,0.125,-1.0,-1.0,-1.0,3
PH004373,AC001725,1,1,0,1,0,8.0,0.0,0.0,1.0,0.0,19.125,41.25,145.0,0.625,0.125,1.0,1.0,15.346909722222222,39.05209490740741,0.0,4.0,0.0,0.125,1.0,225000.0,469,6250.0,0,1,0,0,train,0.63,2,1,1,8.0,1.0,0.0,225.375,0.125,-1.0,-1.0,-1.0,3
PH004374,AC001725,4,2,1,0,0,5.0,0.0,0.0,0.0,0.0,17.8,52.0,95.0,0.2,0.0,1.0,1.0,2.425173611111111,13.264120370370371,3.0,5.0,0.0,0.0,1.0,225000.0,469,6250.0,0,1,0,0,train,0.63,2,1,1,8.0,1.0,0.0,225.375,0.125,-1.0,-1.0,-1.0,3
PH004375,AC001726,3,0,1,0,0,25.0,0.0,0.0,3.0,0.0,25.0,38.84,410.0,0.8,0.12,2.0,2.0,0.12731481481481483,87.45304398148149,5.0,10.0,0.0,0.12,1.0,173800.0,0,3950.0,0,1,0,0,train,0.43,5,1,1,1.0,1.0,0.0,542.0,1.0,-1.0,-1.0,-1.0,2
PH004376,AC001726,4,1,0,0,0,8.0,0.0,0.0,1.0,0.0,15.75,54.625,125.0,0.375,0.125,2.0,2.0,45.35315972222222,61.26164351851852,0.0,0.0,0.0,0.125,1.0,173800.0,0,3950.0,0,1,0,0,train,0.43,5,1,1,1.0,1.0,0.0,542.0,1.0,-1.0,-1.0,-1.0,2
PH004377,AC001727,3,0,1,0,0,26.0,1.0,0.0,2.0,0.0,20.5,4.730769230769231,63.0,0.8846153846153846,0.07692307692307693,1.0,1.0,3.384988425925926,86.39773148148149,3.0,7.0,1.0,0.11538461538461539,1.0,130350.0,226,3950.0,0,1,4,3,train,-1.0,2,1,1,9.0,0.0,1.0,163.11111111111111,0.0,1.0,31600.0,31600.0,1
PH004378,AC001728,3,0,0,0,0,27.0,0.0,11.0,16.0,0.0,0.0,0.0,0.0,1.0,1.0,1.0,1.0,6.119490740740741,86.36868055555556,2.0,15.0,5.0,1.0,0.0,128650.0,75,4150.0,0,1,3,2,train,0.64,5,2,1,6.0,1.0,0.0,393.0,0.16666666666666666,-1.0,-1.0,-1.0,1
PH004382,AC001730,3,0,1,0,0,6.0,0.0,0.0,0.0,0.0,20.666666666666668,45.166666666666664,138.0,0.3333333333333333,0.0,2.0,2.0,51.45017361111111,88.39657407407407,0.0,0.0,0.0,0.0,1.0,25650.0,0,2850.0,3,4,1,0,train,0.45,0,1,1,-1.0,-1.0,-1.0,-1.0,-1.0,2.0,2850.0,1425.0,2
PH004383,AC001730,0,1,0,0,0,-1.0,-1.0,-1.0,-1.0,-1.0,-1.0,-1.0,-1.0,-1.0,-1.0,-1.0,-1.0,-1.0,-1.0,-1.0,-1.0,-1.0,-1.0,-1.0,25650.0,0,2850.0,3,4,1,0,train,0.45,0,1,1,-1.0,-1.0,-1.0,-1.0,-1.0,2.0,2850.0,1425.0,2
PH004386,AC001732,3,0,1,0,0,17.0,0.0,0.0,0.0,0.0,27.294117647058822,77.76470588235294,413.0,0.6470588235294118,0.0,2.0,2.0,44.231712962962966,83.43614583333333,0.0,0.0,0.0,0.0,1.0,24400.0,0,3050.0,2,5,0,0,train,0.35,0,1,1,-1.0,-1.0,-1.0,-1.0,-1.0,2.0,3050.0,1525.0,2
PH004387,AC001732,1,1,0,0,0,-1.0,-1.0,-1.0,-1.0,-1.0,-1.0,-1.0,-1.0,-1.0,-1.0,-1.0,-1.0,-1.0,-1.0,-1.0,-1.0,-1.0,-1.0,-1.0,24400.0,0,3050.0,2,5,0,0,train,0.35,0,1,1,-1.0,-1.0,-1.0,-1.0,-1.0,2.0,3050.0,1525.0,2
PH004388,AC001733,3,0,1,0,0,22.0,1.0,0.0,2.0,0.0,24.136363636363637,30.227272727272727,333.0,0.7727272727272727,0.09090909090909091,1.0,1.0,16.367280092592594,89.38519675925926,0.0,5.0,1.0,0.13636363636363635,1.0,187200.0,65,4800.0,0,3,2,1,train,0.54,1,1,1,4.0,0.0,3.0,75.75,0.0,-1.0,-1.0,-1.0,2
PH000275,AC001733,2,1,1,0,0,13.0,3.0,0.0,3.0,0.0,12.0,53.76923076923077,126.0,0.38461538461538464,0.23076923076923078,2.0,1.0,7.303368055555556,69.14887731481481,0.0,8.0,2.0,0.46153846153846156,1.0,187200.0,65,4800.0,0,3,2,1,train,0.54,1,1,1,4.0,0.0,3.0,75.75,0.0,-1.0,-1.0,-1.0,2
PH004391,AC001735,3,0,1,0,0,5.0,0.0,0.0,0.0,0.0,14.2,97.6,410.0,0.4,0.0,2.0,2.0,56.0237037037037,88.27384259259259,0.0,0.0,0.0,0.0,1.0,188400.0,14,7850.0,3,0,1,0,train,0.63,0,1,1,-1.0,-1.0,-1.0,-1.0,-1.0,2.0,7850.0,3925.0,1
PH004401,AC001740,3,0,1,0,0,26.0,0.0,0.0,0.0,0.0,24.923076923076923,54.38461538461539,382.0,0.6538461538461539,0.0,1.0,1.0,4.42318287037037,72.26137731481481,1.0,7.0,0.0,0.0,1.0,90300.0,11,2150.0,0,1,1,1,train,0.0,5,0,1,2.0,0.0,2.0,72.0,0.0,-1.0,-1.0,-1.0,2
PH004402,AC001740,4,1,0,0,0,-1.0,-1.0,-1.0,-1.0,-1.0,-1.0,-1.0,-1.0,-1.0,-1.0,-1.0,-1.0,-1.0,-1.0,-1.0,-1.0,-1.0,-1.0,-1.0,90300.0,11,2150.0,0,1,1,1,train,0.0,5,0,1,2.0,0.0,2.0,72.0,0.0,-1.0,-1.0,-1.0,2
PH004403,AC001741,3,0,0,0,0,8.0,0.0,0.0,1.0,0.0,22.625,0.0,0.0,1.0,0.125,1.0,1.0,67.31475694444444,89.24636574074074,0.0,0.0,1.0,0.125,0.0,9000.0,31,750.0,0,4,2,1,train,-1.0,5,0,1,-1.0,-1.0,-1.0,-1.0,-1.0,-1.0,-1.0,-1.0,2
PH004404,AC001741,4,1,1,0,0,21.0,0.0,0.0,0.0,0.0,26.61904761904762,22.714285714285715,150.0,0.7619047619047619,0.0,1.0,1.0,2.2551157407407407,62.432233796296295,2.0,6.0,0.0,0.0,1.0,9000.0,31,750.0,0,4,2,1,train,-1.0,5,0,1,-1.0,-1.0,-1.0,-1.0,-1.0,-1.0,-1.0,-1.0,2
PH004405,AC001742,3,0,0,0,0,5.0,2.0,0.0,0.0,0.0,24.2,5.0,20.0,0.6,0.0,2.0,2.0,74.25799768518519,83.36930555555556,0.0,0.0,2.0,0.4,1.0,442000.0,2,11050.0,1,2,2,2,train,-1.0,5,2,1,-1.0,-1.0,-1.0,-1.0,-1.0,1.0,11050.0,11050.0,4
PH004406,AC001742,0,1,1,0,0,2.0,0.0,0.0,0.0,0.0,29.0,16.0,32.0,0.5,0.0,2.0,2.0,72.33783564814814,74.03278935185185,0.0,0.0,0.0,0.0,1.0,442000.0,2,11050.0,1,2,2,2,train,-1.0,5,2,1,-1.0,-1.0,-1.0,-1.0,-1.0,1.0,11050.0,11050.0,4
PH004407,AC001742,1,2,0,0,0,-1.0,-1.0,-1.0,-1.0,-1.0,-1.0,-1.0,-1.0,-1.0,-1.0,-1.0,-1.0,-1.0,-1.0,-1.0,-1.0,-1.0,-1.0,-1.0,442000.0,2,11050.0,1,2,2,2,train,-1.0,5,2,1,-1.0,-1.0,-1.0,-1.0,-1.0,1.0,11050.0,11050.0,4
PH004408,AC001742,4,3,0,0,0,-1.0,-1.0,-1.0,-1.0,-1.0,-1.0,-1.0,-1.0,-1.0,-1.0,-1.0,-1.0,-1.0,-1.0,-1.0,-1.0,-1.0,-1.0,-1.0,442000.0,2,11050.0,1,2,2,2,train,-1.0,5,2,1,-1.0,-1.0,-1.0,-1.0,-1.0,1.0,11050.0,11050.0,4
PH004409,AC001743,3,0,1,0,0,4.0,0.0,0.0,0.0,0.0,28.25,57.5,230.0,0.75,0.0,1.0,1.0,19.359618055555554,57.213310185185186,0.0,2.0,0.0,0.0,1.0,160950.0,163,4350.0,0,4,1,0,train,0.68,1,0,0,2.0,2.0,0.0,771.0,1.0,1.0,26100.0,26100.0,2
PH004410,AC001743,0,1,1,0,0,10.0,0.0,0.0,0.0,0.0,17.9,61.5,331.0,0.6,0.0,1.0,1.0,19.067488425925927,83.3469212962963,0.0,1.0,0.0,0.0,1.0,160950.0,163,4350.0,0,4,1,0,train,0.68,1,0,0,2.0,2.0,0.0,771.0,1.0,1.0,26100.0,26100.0,2
PH004412,AC001745,3,0,1,0,0,31.0,0.0,0.0,2.0,0.0,26.29032258064516,38.41935483870968,272.0,0.6774193548387096,0.06451612903225806,1.0,1.0,0.41350694444444447,89.33944444444444,4.0,6.0,0.0,0.06451612903225806,1.0,394000.0,175,9850.0,0,0,3,1,train,0.48,2,1,1,8.0,2.0,1.0,496.75,0.25,-1.0,-1.0,-1.0,1
PH004415,AC001747,3,0,1,0,0,23.0,1.0,0.0,0.0,0.0,28.304347826086957,38.34782608695652,347.0,0.7391304347826086,0.0,1.0,1.0,3.0593981481481483,82.44266203703704,2.0,3.0,0.0,0.043478260869565216,1.0,135900.0,47,7550.0,0,0,0,0,train,0.76,2,1,1,2.0,0.0,2.0,62.0,0.0,1.0,6500.0,6500.0,2
PH004416,AC001747,0,1,0,0,0,-1.0,-1.0,-1.0,-1.0,-1.0,-1.0,-1.0,-1.0,-1.0,-1.0,-1.0,-1.0,-1.0,-1.0,-1.0,-1.0,-1.0,-1.0,-1.0,135900.0,47,7550.0,0,0,0,0,train,0.76,2,1,1,2.0,0.0,2.0,62.0,0.0,1.0,6500.0,6500.0,2
PH004417,AC001748,3,0,0,0,0,2.0,0.0,0.0,0.0,2.0,0.0,0.0,0.0,1.0,1.0,1.0,1.0,81.41675925925927,89.34505787037037,0.0,0.0,2.0,0.0,0.0,874650.0,62,17850.0,0,1,2,1,train,0.74,2,1,1,6.0,1.0,3.0,217.66666666666666,0.16666666666666666,-1.0,-1.0,-1.0,1
PH004423,AC001752,3,0,1,0,0,24.0,0.0,0.0,0.0,0.0,29.041666666666668,29.875,179.0,0.75,0.0,1.0,1.0,7.37505787037037,83.3567013888889,0.0,7.0,0.0,0.0,1.0,137350.0,48,3350.0,0,2,0,0,train,-1.0,5,2,1,5.0,0.0,0.0,202.8,0.0,-1.0,-1.0,-1.0,2
PH004424,AC001752,4,1,0,0,0,12.0,0.0,0.0,0.0,0.0,22.333333333333332,59.083333333333336,150.0,0.4166666666666667,0.0,1.0,1.0,0.1840277777777778,57.36372685185185,4.0,4.0,0.0,0.0,1.0,137350.0,48,3350.0,0,2,0,0,train,-1.0,5,2,1,5.0,0.0,0.0,202.8,0.0,-1.0,-1.0,-1.0,2
PH004426,AC001754,3,0,0,0,0,8.0,0.0,0.0,0.0,0.0,30.0,13.375,61.0,0.75,0.0,1.0,1.0,73.40996527777777,89.4340162037037,0.0,0.0,0.0,0.0,1.0,1233000.0,50,27400.0,0,2,1,0,train,0.31,4,2,1,2.0,1.0,1.0,648.0,0.5,1.0,54800.0,54800.0,3
PH004427,AC001754,0,1,1,0,0,9.0,0.0,0.0,0.0,0.0,28.0,55.77777777777778,295.0,0.6666666666666666,0.0,1.0,1.0,59.35219907407407,73.13621527777778,0.0,0.0,0.0,0.0,1.0,1233000.0,50,27400.0,0,2,1,0,train,0.31,4,2,1,2.0,1.0,1.0,648.0,0.5,1.0,54800.0,54800.0,3
PH004428,AC001754,4,2,0,0,0,-1.0,-1.0,-1.0,-1.0,-1.0,-1.0,-1.0,-1.0,-1.0,-1.0,-1.0,-1.0,-1.0,-1.0,-1.0,-1.0,-1.0,-1.0,-1.0,1233000.0,50,27400.0,0,2,1,0,train,0.31,4,2,1,2.0,1.0,1.0,648.0,0.5,1.0,54800.0,54800.0,3
PH004429,AC001755,3,0,0,0,0,16.0,0.0,1.0,3.0,0.0,14.0,0.0,0.0,1.0,0.25,2.0,2.0,16.231770833333332,85.25871527777778,0.0,5.0,2.0,0.25,0.0,38000.0,0,1900.0,0,3,0,0,train,-1.0,0,1,1,3.0,0.0,0.0,151.66666666666666,0.0,-1.0,-1.0,-1.0,2
PH004430,AC001755,0,1,0,0,0,16.0,0.0,6.0,10.0,0.0,0.0,0.0,0.0,1.0,1.0,1.0,1.0,3.2726967592592593,55.37917824074074,3.0,8.0,5.0,1.0,0.0,38000.0,0,1900.0,0,3,0,0,train,-1.0,0,1,1,3.0,0.0,0.0,151.66666666666666,0.0,-1.0,-1.0,-1.0,2
PH004432,AC001757,3,0,0,0,0,10.0,2.0,0.0,0.0,0.0,27.4,8.4,31.0,0.7,0.0,2.0,2.0,19.43443287037037,89.40565972222223,0.0,2.0,1.0,0.2,1.0,57400.0,1,4100.0,1,2,0,0,train,0.7,1,2,1,-1.0,-1.0,-1.0,-1.0,-1.0,-1.0,-1.0,-1.0,3
PH004433,AC001757,0,1,0,0,0,14.0,0.0,0.0,1.0,0.0,18.857142857142858,0.0,0.0,1.0,0.07142857142857142,2.0,2.0,5.033449074074074,62.344849537037035,2.0,6.0,1.0,0.07142857142857142,0.0,57400.0,1,4100.0,1,2,0,0,train,0.7,1,2,1,-1.0,-1.0,-1.0,-1.0,-1.0,-1.0,-1.0,-1.0,3
PH004434,AC001757,4,2,1,0,0,10.0,1.0,0.0,0.0,0.0,18.5,60.6,130.0,0.4,0.0,1.0,1.0,27.296041666666667,43.34527777777778,0.0,1.0,1.0,0.1,1.0,57400.0,1,4100.0,1,2,0,0,train,0.7,1,2,1,-1.0,-1.0,-1.0,-1.0,-1.0,-1.0,-1.0,-1.0,3
PH004435,AC001758,3,0,1,0,0,8.0,0.0,0.0,0.0,0.0,22.0,0.0,0.0,1.0,0.0,2.0,2.0,68.21318287037037,89.39012731481482,0.0,0.0,0.0,0.0,0.0,91800.0,28,2550.0,1,0,0,0,train,-1.0,5,1,1,-1.0,-1.0,-1.0,-1.0,-1.0,1.0,800.0,800.0,2
PH004436,AC001758,4,1,1,0,0,19.0,0.0,0.0,0.0,0.0,25.63157894736842,25.263157894736842,130.0,0.631578947368421,0.0,1.0,1.0,3.246678240740741,67.30488425925925,4.0,8.0,0.0,0.0,1.0,91800.0,28,2550.0,1,0,0,0,train,-1.0,5,1,1,-1.0,-1.0,-1.0,-1.0,-1.0,1.0,800.0,800.0,2
PH004437,AC001759,3,0,1,0,0,14.0,0.0,0.0,0.0,0.0,21.0,49.857142857142854,315.0,0.5,0.0,1.0,1.0,17.154097222222223,89.40666666666667,0.0,7.0,0.0,0.0,1.0,17850.0,82,1050.0,0,1,1,1,train,0.49,3,2,1,5.0,3.0,0.0,602.8,0.6,2.0,3150.0,1575.0,2
PH004438,AC001759,4,1,0,0,0,-1.0,-1.0,-1.0,-1.0,-1.0,-1.0,-1.0,-1.0,-1.0,-1.0,-1.0,-1.0,-1.0,-1.0,-1.0,-1.0,-1.0,-1.0,-1.0,17850.0,82,1050.0,0,1,1,1,train,0.49,3,2,1,5.0,3.0,0.0,602.8,0.6,2.0,3150.0,1575.0,2
PH004439,AC001760,3,0,1,0,0,6.0,0.0,0.0,0.0,0.0,22.666666666666668,15.0,45.0,0.6666666666666666,0.0,2.0,2.0,52.01146990740741,86.27796296296296,0.0,0.0,0.0,0.0,1.0,148000.0,0,9250.0,4,0,0,0,train,-1.0,0,1,1,-1.0,-1.0,-1.0,-1.0,-1.0,2.0,9250.0,4625.0,2
PH000390,AC001760,2,1,0,0,0,-1.0,-1.0,-1.0,-1.0,-1.0,-1.0,-1.0,-1.0,-1.0,-1.0,-1.0,-1.0,-1.0,-1.0,-1.0,-1.0,-1.0,-1.0,-1.0,148000.0,0,9250.0,4,0,0,0,train,-1.0,0,1,1,-1.0,-1.0,-1.0,-1.0,-1.0,2.0,9250.0,4625.0,2
PH004440,AC001761,3,0,1,0,0,22.0,1.0,0.0,0.0,0.0,28.863636363636363,31.09090909090909,233.0,0.6818181818181818,0.0,1.0,1.0,7.293217592592592,89.39277777777778,0.0,9.0,0.0,0.045454545454545456,1.0,57600.0,257,2400.0,1,1,2,1,train,0.68,2,1,1,7.0,0.0,7.0,70.14285714285714,0.0,1.0,4900.0,4900.0,3
PH004441,AC001761,0,1,0,0,0,-1.0,-1.0,-1.0,-1.0,-1.0,-1.0,-1.0,-1.0,-1.0,-1.0,-1.0,-1.0,-1.0,-1.0,-1.0,-1.0,-1.0,-1.0,-1.0,57600.0,257,2400.0,1,1,2,1,train,0.68,2,1,1,7.0,0.0,7.0,70.14285714285714,0.0,1.0,4900.0,4900.0,3
PH004442,AC001761,4,2,0,0,0,-1.0,-1.0,-1.0,-1.0,-1.0,-1.0,-1.0,-1.0,-1.0,-1.0,-1.0,-1.0,-1.0,-1.0,-1.0,-1.0,-1.0,-1.0,-1.0,57600.0,257,2400.0,1,1,2,1,train,0.68,2,1,1,7.0,0.0,7.0,70.14285714285714,0.0,1.0,4900.0,4900.0,3
PH004443,AC001762,3,0,1,0,0,7.0,1.0,0.0,0.0,0.0,26.285714285714285,78.57142857142857,403.0,0.7142857142857143,0.0,2.0,2.0,61.28167824074074,83.44688657407407,0.0,0.0,1.0,0.14285714285714285,1.0,408000.0,14,12750.0,1,1,3,0,train,0.7,2,1,1,-1.0,-1.0,-1.0,-1.0,-1.0,1.0,12750.0,12750.0,4
PH004444,AC001762,0,1,0,0,0,-1.0,-1.0,-1.0,-1.0,-1.0,-1.0,-1.0,-1.0,-1.0,-1.0,-1.0,-1.0,-1.0,-1.0,-1.0,-1.0,-1.0,-1.0,-1.0,408000.0,14,12750.0,1,1,3,0,train,0.7,2,1,1,-1.0,-1.0,-1.0,-1.0,-1.0,1.0,12750.0,12750.0,4
PH004445,AC001762,1,2,0,0,0,-1.0,-1.0,-1.0,-1.0,-1.0,-1.0,-1.0,-1.0,-1.0,-1.0,-1.0,-1.0,-1.0,-1.0,-1.0,-1.0,-1.0,-1.0,-1.0,408000.0,14,12750.0,1,1,3,0,train,0.7,2,1,1,-1.0,-1.0,-1.0,-1.0,-1.0,1.0,12750.0,12750.0,4
PH004446,AC001762,4,3,0,0,0,-1.0,-1.0,-1.0,-1.0,-1.0,-1.0,-1.0,-1.0,-1.0,-1.0,-1.0,-1.0,-1.0,-1.0,-1.0,-1.0,-1.0,-1.0,-1.0,408000.0,14,12750.0,1,1,3,0,train,0.7,2,1,1,-1.0,-1.0,-1.0,-1.0,-1.0,1.0,12750.0,12750.0,4
PH004450,AC001765,3,0,0,0,0,-1.0,-1.0,-1.0,-1.0,-1.0,-1.0,-1.0,-1.0,-1.0,-1.0,-1.0,-1.0,-1.0,-1.0,-1.0,-1.0,-1.0,-1.0,-1.0,112000.0,0,14000.0,4,3,1,1,train,0.73,2,1,1,-1.0,-1.0,-1.0,-1.0,-1.0,1.0,14000.0,14000.0,2
PH004451,AC001765,0,1,0,0,0,-1.0,-1.0,-1.0,-1.0,-1.0,-1.0,-1.0,-1.0,-1.0,-1.0,-1.0,-1.0,-1.0,-1.0,-1.0,-1.0,-1.0,-1.0,-1.0,112000.0,0,14000.0,4,3,1,1,train,0.73,2,1,1,-1.0,-1.0,-1.0,-1.0,-1.0,1.0,14000.0,14000.0,2
PH004452,AC001766,3,0,1,0,0,14.0,0.0,0.0,1.0,0.0,15.285714285714286,58.0,319.0,0.7142857142857143,0.07142857142857142,1.0,1.0,12.355034722222221,89.42848379629629,0.0,2.0,0.0,0.07142857142857142,1.0,49400.0,55,1900.0,0,3,0,0,train,0.09,3,2,1,3.0,2.0,0.0,763.3333333333334,0.6666666666666666,2.0,3800.0,1900.0,2
PH004453,AC001766,4,1,1,0,0,16.0,0.0,0.0,0.0,0.0,20.5,42.75,136.0,0.4375,0.0,1.0,1.0,41.28598379629629,79.10399305555555,0.0,0.0,0.0,0.0,1.0,49400.0,55,1900.0,0,3,0,0,train,0.09,3,2,1,3.0,2.0,0.0,763.3333333333334,0.6666666666666666,2.0,3800.0,1900.0,2
PH004457,AC001769,3,0,1,0,0,15.0,0.0,0.0,1.0,0.0,25.8,14.666666666666666,201.0,0.8666666666666667,0.06666666666666667,1.0,1.0,58.306226851851854,88.4345949074074,0.0,0.0,1.0,0.06666666666666667,1.0,108000.0,32,2400.0,1,2,1,1,train,1.0,1,0,1,2.0,0.0,2.0,98.0,0.0,-1.0,-1.0,-1.0,3
PH004458,AC001769,0,1,1,0,0,9.0,0.0,0.0,2.0,0.0,17.444444444444443,23.333333333333332,210.0,0.8888888888888888,0.2222222222222222,1.0,1.0,34.401377314814816,58.08978009259259,0.0,0.0,0.0,0.2222222222222222,1.0,108000.0,32,2400.0,1,2,1,1,train,1.0,1,0,1,2.0,0.0,2.0,98.0,0.0,-1.0,-1.0,-1.0,3
PH004459,AC001769,4,2,1,0,0,5.0,0.0,0.0,0.0,0.0,24.4,21.2,78.0,0.6,0.0,1.0,1.0,5.443611111111111,31.313761574074075,1.0,4.0,0.0,0.0,1.0,108000.0,32,2400.0,1,2,1,1,train,1.0,1,0,1,2.0,0.0,2.0,98.0,0.0,-1.0,-1.0,-1.0,3
PH004460,AC001770,3,0,0,0,0,8.0,2.0,0.0,0.0,0.0,17.0,3.875,16.0,0.75,0.0,2.0,2.0,72.0983912037037,88.44730324074074,0.0,0.0,1.0,0.25,1.0,667400.0,24,14200.0,1,1,3,2,train,1.0,2,1,1,2.0,1.0,0.0,816.0,0.5,1.0,8500.0,8500.0,2
PH004461,AC001770,4,1,1,0,0,31.0,0.0,0.0,1.0,0.0,29.741935483870968,22.451612903225808,298.0,0.8387096774193549,0.03225806451612903,1.0,1.0,6.360162037037037,68.30155092592592,1.0,9.0,0.0,0.03225806451612903,1.0,667400.0,24,14200.0,1,1,3,2,train,1.0,2,1,1,2.0,1.0,0.0,816.0,0.5,1.0,8500.0,8500.0,2
PH004462,AC001771,3,0,1,0,0,14.0,0.0,7.0,1.0,0.0,11.071428571428571,10.928571428571429,114.0,0.8571428571428571,0.5714285714285714,1.0,1.0,53.34243055555555,88.33847222222222,0.0,0.0,0.0,0.5714285714285714,1.0,130950.0,36,4850.0,0,0,1,0,train,0.66,0,1,1,-1.0,-1.0,-1.0,-1.0,-1.0,-1.0,-1.0,-1.0,3
PH004463,AC001771,1,1,0,0,0,8.0,2.0,0.0,0.0,0.0,20.625,8.5,38.0,0.75,0.0,1.0,1.0,20.184837962962963,53.15995370370371,0.0,2.0,1.0,0.25,1.0,130950.0,36,4850.0,0,0,1,0,train,0.66,0,1,1,-1.0,-1.0,-1.0,-1.0,-1.0,-1.0,-1.0,-1.0,3
PH000295,AC001771,2,2,1,0,0,22.0,0.0,0.0,1.0,0.0,23.363636363636363,39.95454545454545,124.0,0.5454545454545454,0.045454545454545456,2.0,1.0,4.277997685185185,63.31377314814815,1.0,15.0,1.0,0.045454545454545456,1.0,130950.0,36,4850.0,0,0,1,0,train,0.66,0,1,1,-1.0,-1.0,-1.0,-1.0,-1.0,-1.0,-1.0,-1.0,3
PH004464,AC001772,3,0,1,0,0,9.0,0.0,0.0,0.0,0.0,20.11111111111111,4.333333333333333,39.0,0.8888888888888888,0.0,1.0,1.0,44.31219907407407,80.4409375,0.0,0.0,0.0,0.0,1.0,6800.0,26,850.0,2,1,0,0,train,-1.0,5,0,1,-1.0,-1.0,-1.0,-1.0,-1.0,2.0,850.0,425.0,2
PH004465,AC001772,4,1,0,0,0,8.0,0.0,0.0,0.0,0.0,27.875,33.875,145.0,0.625,0.0,1.0,1.0,47.028819444444444,61.31818287037037,0.0,0.0,0.0,0.0,1.0,6800.0,26,850.0,2,1,0,0,train,-1.0,5,0,1,-1.0,-1.0,-1.0,-1.0,-1.0,2.0,850.0,425.0,2
PH004466,AC001773,3,0,1,0,0,5.0,0.0,0.0,0.0,0.0,24.4,8.0,40.0,0.8,0.0,1.0,1.0,73.3296875,83.41262731481481,0.0,0.0,0.0,0.0,1.0,51800.0,25,1850.0,1,1,1,0,train,-1.0,0,1,1,-1.0,-1.0,-1.0,-1.0,-1.0,1.0,1850.0,1850.0,3
PH004467,AC001773,0,1,0,0,0,-1.0,-1.0,-1.0,-1.0,-1.0,-1.0,-1.0,-1.0,-1.0,-1.0,-1.0,-1.0,-1.0,-1.0,-1.0,-1.0,-1.0,-1.0,-1.0,51800.0,25,1850.0,1,1,1,0,train,-1.0,0,1,1,-1.0,-1.0,-1.0,-1.0,-1.0,1.0,1850.0,1850.0,3
PH004468,AC001773,4,2,0,0,0,-1.0,-1.0,-1.0,-1.0,-1.0,-1.0,-1.0,-1.0,-1.0,-1.0,-1.0,-1.0,-1.0,-1.0,-1.0,-1.0,-1.0,-1.0,-1.0,51800.0,25,1850.0,1,1,1,0,train,-1.0,0,1,1,-1.0,-1.0,-1.0,-1.0,-1.0,1.0,1850.0,1850.0,3
PH004469,AC001774,3,0,0,1,0,8.0,0.0,8.0,0.0,0.0,0.0,0.0,0.0,1.0,1.0,1.0,1.0,79.37155092592593,89.35755787037037,0.0,0.0,5.0,1.0,0.0,40800.0,61,3400.0,1,0,1,1,train,0.75,1,1,1,1.0,1.0,0.0,702.0,1.0,1.0,10200.0,10200.0,2
PH004470,AC001774,0,1,1,0,0,12.0,0.0,2.0,0.0,0.0,23.916666666666668,39.333333333333336,311.0,0.6666666666666666,0.16666666666666666,1.0,1.0,61.20600694444445,78.99945601851852,0.0,0.0,0.0,0.16666666666666666,1.0,40800.0,61,3400.0,1,0,1,1,train,0.75,1,1,1,1.0,1.0,0.0,702.0,1.0,1.0,10200.0,10200.0,2
PH004473,AC001776,3,0,1,0,0,27.0,0.0,0.0,1.0,0.0,26.14814814814815,98.22222222222223,410.0,0.5925925925925926,0.037037037037037035,1.0,1.0,37.45015046296297,86.27023148148149,0.0,0.0,0.0,0.037037037037037035,1.0,19200.0,29,1200.0,1,0,0,0,train,0.6,5,2,1,-1.0,-1.0,-1.0,-1.0,-1.0,1.0,1200.0,1200.0,2
PH004474,AC001776,0,1,0,0,0,-1.0,-1.0,-1.0,-1.0,-1.0,-1.0,-1.0,-1.0,-1.0,-1.0,-1.0,-1.0,-1.0,-1.0,-1.0,-1.0,-1.0,-1.0,-1.0,19200.0,29,1200.0,1,0,0,0,train,0.6,5,2,1,-1.0,-1.0,-1.0,-1.0,-1.0,1.0,1200.0,1200.0,2
PH004483,AC001780,3,0,1,0,0,15.0,1.0,0.0,0.0,0.0,23.8,20.8,295.0,0.8666666666666667,0.0,1.0,1.0,2.2737731481481482,63.35689814814815,2.0,2.0,0.0,0.06666666666666667,1.0,550000.0,219,13750.0,0,2,5,4,train,-1.0,2,1,1,8.0,3.0,0.0,587.625,0.375,-1.0,-1.0,-1.0,2
PH000445,AC001780,2,1,0,0,0,8.0,0.0,0.0,0.0,0.0,14.625,51.625,149.0,0.375,0.0,1.0,1.0,5.3448263888888885,40.37674768518519,1.0,7.0,0.0,0.0,1.0,550000.0,219,13750.0,0,2,5,4,train,-1.0,2,1,1,8.0,3.0,0.0,587.625,0.375,-1.0,-1.0,-1.0,2
PH004484,AC001781,3,0,1,0,0,5.0,0.0,0.0,0.0,0.0,22.8,81.0,362.0,0.6,0.0,1.0,1.0,86.44456018518518,89.41951388888889,0.0,0.0,0.0,0.0,1.0,254800.0,81,5200.0,1,2,0,0,train,0.48,0,1,1,-1.0,-1.0,-1.0,-1.0,-1.0,1.0,15600.0,15600.0,1
PH004485,AC001782,3,0,0,0,0,6.0,0.0,0.0,0.0,0.0,20.0,0.0,0.0,1.0,0.0,1.0,1.0,66.39693287037036,86.31364583333334,0.0,0.0,0.0,0.0,0.0,210800.0,37,12400.0,0,1,1,0,train,-1.0,2,1,1,-1.0,-1.0,-1.0,-1.0,-1.0,1.0,24800.0,24800.0,1
PH004486,AC001783,3,0,1,0,0,24.0,1.0,1.0,1.0,0.0,20.5,60.083333333333336,387.0,0.6666666666666666,0.08333333333333333,2.0,2.0,18.036319444444445,87.27,0.0,4.0,0.0,0.125,1.0,352950.0,11,9050.0,1,2,1,0,train,1.0,0,1,1,1.0,0.0,0.0,161.0,0.0,1.0,9050.0,9050.0,3
PH004487,AC001783,1,1,0,0,0,2.0,2.0,0.0,0.0,0.0,17.0,29.0,39.0,0.0,0.0,1.0,1.0,27.397800925925925,28.25409722222222,0.0,2.0,2.0,1.0,1.0,352950.0,11,9050.0,1,2,1,0,train,1.0,0,1,1,1.0,0.0,0.0,161.0,0.0,1.0,9050.0,9050.0,3
PH004488,AC001783,4,2,0,0,0,8.0,0.0,0.0,1.0,0.0,13.625,70.875,131.0,0.25,0.125,1.0,1.0,23.00689814814815,27.043252314814815,0.0,8.0,1.0,0.125,1.0,352950.0,11,9050.0,1,2,1,0,train,1.0,0,1,1,1.0,0.0,0.0,161.0,0.0,1.0,9050.0,9050.0,3
PH004489,AC001784,3,0,1,0,0,2.0,0.0,0.0,0.0,0.0,25.5,21.0,42.0,0.5,0.0,2.0,2.0,77.30152777777778,82.36094907407407,0.0,0.0,0.0,0.0,1.0,90000.0,0,2000.0,1,4,0,0,train,0.25,5,2,1,-1.0,-1.0,-1.0,-1.0,-1.0,1.0,2000.0,2000.0,3
PH004490,AC001784,0,1,0,0,0,-1.0,-1.0,-1.0,-1.0,-1.0,-1.0,-1.0,-1.0,-1.0,-1.0,-1.0,-1.0,-1.0,-1.0,-1.0,-1.0,-1.0,-1.0,-1.0,90000.0,0,2000.0,1,4,0,0,train,0.25,5,2,1,-1.0,-1.0,-1.0,-1.0,-1.0,1.0,2000.0,2000.0,3
PH004491,AC001784,4,2,0,0,0,-1.0,-1.0,-1.0,-1.0,-1.0,-1.0,-1.0,-1.0,-1.0,-1.0,-1.0,-1.0,-1.0,-1.0,-1.0,-1.0,-1.0,-1.0,-1.0,90000.0,0,2000.0,1,4,0,0,train,0.25,5,2,1,-1.0,-1.0,-1.0,-1.0,-1.0,1.0,2000.0,2000.0,3
PH004492,AC001785,3,0,1,0,0,12.0,0.0,0.0,0.0,0.0,24.333333333333332,14.416666666666666,66.0,0.75,0.0,1.0,1.0,10.373078703703703,88.24802083333333,0.0,2.0,0.0,0.0,1.0,98000.0,111,3500.0,0,1,4,2,train,0.46,5,2,1,8.0,0.0,8.0,178.375,0.0,-1.0,-1.0,-1.0,2
PH004493,AC001785,4,1,1,0,0,11.0,0.0,0.0,1.0,0.0,19.727272727272727,33.81818181818182,103.0,0.45454545454545453,0.09090909090909091,1.0,1.0,17.387766203703702,57.31880787037037,0.0,1.0,1.0,0.09090909090909091,1.0,98000.0,111,3500.0,0,1,4,2,train,0.46,5,2,1,8.0,0.0,8.0,178.375,0.0,-1.0,-1.0,-1.0,2
PH004496,AC001787,3,0,1,0,0,18.0,0.0,0.0,3.0,0.0,25.72222222222222,5.944444444444445,60.0,0.8888888888888888,0.16666666666666666,2.0,2.0,6.2650347222222225,87.28734953703703,1.0,8.0,1.0,0.16666666666666666,1.0,121800.0,12,2900.0,0,2,0,0,train,0.15,0,1,1,3.0,0.0,0.0,438.3333333333333,0.0,-1.0,-1.0,-1.0,2
PH004497,AC001787,0,1,0,0,0,11.0,0.0,0.0,0.0,0.0,33.81818181818182,0.0,0.0,1.0,0.0,1.0,1.0,4.454097222222222,42.38975694444444,3.0,3.0,0.0,0.0,0.0,121800.0,12,2900.0,0,2,0,0,train,0.15,0,1,1,3.0,0.0,0.0,438.3333333333333,0.0,-1.0,-1.0,-1.0,2
PH004498,AC001788,3,0,1,0,0,21.0,0.0,0.0,0.0,0.0,27.095238095238095,36.57142857142857,420.0,0.8095238095238095,0.0,1.0,1.0,2.380625,87.4239236111111,2.0,8.0,0.0,0.0,1.0,450950.0,54,15550.0,1,3,2,0,train,-1.0,0,1,1,4.0,1.0,0.0,299.25,0.25,2.0,22900.0,11450.0,1
PH004499,AC001789,3,0,1,0,0,6.0,0.0,0.0,1.0,0.0,26.166666666666668,8.166666666666666,49.0,0.8333333333333334,0.16666666666666666,1.0,1.0,70.33497685185185,86.34203703703703,0.0,0.0,1.0,0.16666666666666666,1.0,181300.0,61,3700.0,0,2,3,2,train,0.81,0,1,1,3.0,1.0,0.0,534.0,0.3333333333333333,1.0,11100.0,11100.0,1
PH004500,AC001790,3,0,1,0,0,15.0,0.0,0.0,1.0,0.0,17.266666666666666,23.6,232.0,0.8,0.06666666666666667,1.0,1.0,59.32755787037037,88.40019675925926,0.0,0.0,0.0,0.06666666666666667,1.0,494250.0,58,32950.0,0,1,2,0,train,0.32,5,2,1,2.0,0.0,1.0,94.0,0.0,2.0,43600.0,21800.0,3
PH004501,AC001790,1,1,0,0,0,4.0,2.0,0.0,0.0,0.0,24.25,9.5,21.0,0.5,0.0,1.0,1.0,42.36962962962963,57.344293981481485,0.0,0.0,2.0,0.5,1.0,494250.0,58,32950.0,0,1,2,0,train,0.32,5,2,1,2.0,0.0,1.0,94.0,0.0,2.0,43600.0,21800.0,3
PH004502,AC001790,4,2,1,0,0,11.0,0.0,0.0,0.0,0.0,24.0,34.63636363636363,136.0,0.5454545454545454,0.0,1.0,1.0,3.3597800925925925,42.14900462962963,2.0,6.0,0.0,0.0,1.0,494250.0,58,32950.0,0,1,2,0,train,0.32,5,2,1,2.0,0.0,1.0,94.0,0.0,2.0,43600.0,21800.0,3
PH004503,AC001791,3,0,1,0,0,21.0,0.0,0.0,1.0,0.0,21.523809523809526,65.95238095238095,367.0,0.6190476190476191,0.047619047619047616,2.0,2.0,26.28363425925926,88.43047453703704,0.0,1.0,0.0,0.047619047619047616,1.0,200100.0,0,4350.0,3,1,0,0,train,0.45,1,2,1,-1.0,-1.0,-1.0,-1.0,-1.0,1.0,4350.0,4350.0,2
PH004504,AC001791,4,1,0,0,0,-1.0,-1.0,-1.0,-1.0,-1.0,-1.0,-1.0,-1.0,-1.0,-1.0,-1.0,-1.0,-1.0,-1.0,-1.0,-1.0,-1.0,-1.0,-1.0,200100.0,0,4350.0,3,1,0,0,train,0.45,1,2,1,-1.0,-1.0,-1.0,-1.0,-1.0,1.0,4350.0,4350.0,2
PH004506,AC001793,3,0,0,0,0,8.0,0.0,0.0,0.0,0.0,36.25,0.0,0.0,1.0,0.0,2.0,2.0,61.281793981481485,83.44747685185185,0.0,0.0,0.0,0.0,0.0,796250.0,0,31850.0,0,3,0,0,train,0.28,4,2,1,-1.0,-1.0,-1.0,-1.0,-1.0,1.0,14100.0,14100.0,3
PH004507,AC001793,1,1,0,0,0,5.0,2.0,0.0,0.0,0.0,25.8,8.0,32.0,0.6,0.0,1.0,1.0,47.24030092592593,59.423171296296296,0.0,0.0,2.0,0.4,1.0,796250.0,0,31850.0,0,3,0,0,train,0.28,4,2,1,-1.0,-1.0,-1.0,-1.0,-1.0,1.0,14100.0,14100.0,3
PH004508,AC001793,4,2,1,0,0,23.0,0.0,0.0,0.0,0.0,21.782608695652176,39.43478260869565,150.0,0.43478260869565216,0.0,1.0,1.0,2.3426388888888887,44.26002314814815,3.0,13.0,0.0,0.0,1.0,796250.0,0,31850.0,0,3,0,0,train,0.28,4,2,1,-1.0,-1.0,-1.0,-1.0,-1.0,1.0,14100.0,14100.0,3
PH004509,AC001794,3,0,1,0,0,7.0,0.0,0.0,0.0,0.0,20.285714285714285,3.0,21.0,0.8571428571428571,0.0,1.0,1.0,60.43755787037037,89.35847222222222,0.0,0.0,0.0,0.0,1.0,134400.0,173,5600.0,0,2,6,3,train,0.63,2,1,1,1.0,0.0,1.0,98.0,0.0,2.0,33600.0,16800.0,2
PH000311,AC001794,2,1,0,0,0,-1.0,-1.0,-1.0,-1.0,-1.0,-1.0,-1.0,-1.0,-1.0,-1.0,-1.0,-1.0,-1.0,-1.0,-1.0,-1.0,-1.0,-1.0,-1.0,134400.0,173,5600.0,0,2,6,3,train,0.63,2,1,1,1.0,0.0,1.0,98.0,0.0,2.0,33600.0,16800.0,2
PH000182,AC001795,3,0,0,0,0,8.0,0.0,0.0,0.0,0.0,24.25,57.75,126.0,0.5,0.0,2.0,2.0,69.25068287037037,88.44888888888889,0.0,0.0,0.0,0.0,1.0,168750.0,14,3750.0,2,1,0,0,train,-1.0,2,1,1,-1.0,-1.0,-1.0,-1.0,-1.0,1.0,2300.0,2300.0,3
PH004510,AC001795,0,1,1,0,0,14.0,0.0,0.0,0.0,0.0,20.0,99.85714285714286,393.0,0.35714285714285715,0.0,1.0,1.0,5.353865740740741,64.31462962962964,1.0,12.0,0.0,0.0,1.0,168750.0,14,3750.0,2,1,0,0,train,-1.0,2,1,1,-1.0,-1.0,-1.0,-1.0,-1.0,1.0,2300.0,2300.0,3
PH004511,AC001795,4,2,0,0,0,-1.0,-1.0,-1.0,-1.0,-1.0,-1.0,-1.0,-1.0,-1.0,-1.0,-1.0,-1.0,-1.0,-1.0,-1.0,-1.0,-1.0,-1.0,-1.0,168750.0,14,3750.0,2,1,0,0,train,-1.0,2,1,1,-1.0,-1.0,-1.0,-1.0,-1.0,1.0,2300.0,2300.0,3
PH004512,AC001796,3,0,0,0,0,8.0,0.0,0.0,0.0,0.0,18.375,6.0,48.0,0.875,0.0,1.0,1.0,58.32259259259259,82.24905092592593,0.0,0.0,0.0,0.0,1.0,135700.0,144,5900.0,0,4,3,2,train,0.19,0,1,1,4.0,0.0,0.0,313.5,0.0,1.0,29500.0,29500.0,2
PH004513,AC001796,4,1,1,0,0,6.0,0.0,0.0,1.0,0.0,22.5,18.0,80.0,0.6666666666666666,0.16666666666666666,1.0,1.0,28.25642361111111,52.395694444444445,0.0,1.0,1.0,0.16666666666666666,1.0,135700.0,144,5900.0,0,4,3,2,train,0.19,0,1,1,4.0,0.0,0.0,313.5,0.0,1.0,29500.0,29500.0,2
PH004514,AC001797,3,0,1,0,0,20.0,1.0,0.0,1.0,0.0,20.8,59.4,409.0,0.7,0.05,1.0,1.0,15.381041666666667,88.27513888888889,0.0,7.0,0.0,0.1,1.0,70000.0,149,1750.0,0,3,2,2,train,0.53,2,2,1,-1.0,-1.0,-1.0,-1.0,-1.0,-1.0,-1.0,-1.0,2
PH004515,AC001797,0,1,0,0,0,4.0,0.0,0.0,0.0,0.0,20.75,0.0,0.0,1.0,0.0,1.0,1.0,6.321412037037037,15.082453703703704,1.0,4.0,0.0,0.0,0.0,70000.0,149,1750.0,0,3,2,2,train,0.53,2,2,1,-1.0,-1.0,-1.0,-1.0,-1.0,-1.0,-1.0,-1.0,2
PH004516,AC001798,3,0,1,0,0,7.0,0.0,0.0,0.0,0.0,32.714285714285715,5.857142857142857,41.0,0.8571428571428571,0.0,1.0,1.0,52.3762037037037,87.374375,0.0,0.0,0.0,0.0,1.0,49300.0,22,1700.0,0,2,0,0,train,-1.0,3,2,1,-1.0,-1.0,-1.0,-1.0,-1.0,1.0,1700.0,1700.0,2
PH004517,AC001798,4,1,0,0,0,-1.0,-1.0,-1.0,-1.0,-1.0,-1.0,-1.0,-1.0,-1.0,-1.0,-1.0,-1.0,-1.0,-1.0,-1.0,-1.0,-1.0,-1.0,-1.0,49300.0,22,1700.0,0,2,0,0,train,-1.0,3,2,1,-1.0,-1.0,-1.0,-1.0,-1.0,1.0,1700.0,1700.0,2
PH004518,AC001799,3,0,1,0,0,16.0,0.0,0.0,2.0,0.0,28.5,13.1875,174.0,0.875,0.125,1.0,1.0,7.340520833333334,88.2715625,0.0,6.0,1.0,0.125,1.0,40800.0,64,3400.0,0,4,1,1,train,-1.0,1,0,1,6.0,2.0,2.0,377.0,0.3333333333333333,1.0,1700.0,1700.0,2
PH004519,AC001799,4,1,0,0,0,8.0,0.0,0.0,1.0,0.0,29.125,12.125,97.0,0.875,0.125,1.0,1.0,43.31047453703704,71.38259259259259,0.0,0.0,1.0,0.125,1.0,40800.0,64,3400.0,0,4,1,1,train,-1.0,1,0,1,6.0,2.0,2.0,377.0,0.3333333333333333,1.0,1700.0,1700.0,2
PH004520,AC001800,3,0,0,0,0,-1.0,-1.0,-1.0,-1.0,-1.0,-1.0,-1.0,-1.0,-1.0,-1.0,-1.0,-1.0,-1.0,-1.0,-1.0,-1.0,-1.0,-1.0,-1.0,118950.0,0,3050.0,3,0,0,0,train,0.63,2,1,1,-1.0,-1.0,-1.0,-1.0,-1.0,1.0,3050.0,3050.0,2
PH004521,AC001800,4,1,0,0,0,-1.0,-1.0,-1.0,-1.0,-1.0,-1.0,-1.0,-1.0,-1.0,-1.0,-1.0,-1.0,-1.0,-1.0,-1.0,-1.0,-1.0,-1.0,-1.0,118950.0,0,3050.0,3,0,0,0,train,0.63,2,1,1,-1.0,-1.0,-1.0,-1.0,-1.0,1.0,3050.0,3050.0,2
PH004522,AC001801,3,0,0,0,0,2.0,0.0,0.0,0.0,2.0,0.0,0.0,0.0,1.0,1.0,2.0,2.0,88.42885416666667,89.36314814814814,0.0,0.0,2.0,0.0,0.0,84400.0,0,10550.0,1,2,0,0,train,-1.0,0,1,1,1.0,0.0,1.0,33.0,0.0,-1.0,-1.0,-1.0,2
PH004525,AC001803,3,0,1,0,0,10.0,0.0,0.0,0.0,0.0,21.5,34.9,349.0,0.9,0.0,1.0,1.0,73.36704861111112,89.4080324074074,0.0,0.0,0.0,0.0,1.0,216000.0,39,9000.0,1,2,0,0,train,0.67,0,1,1,1.0,0.0,1.0,92.0,0.0,1.0,18000.0,18000.0,5
PH004526,AC001803,0,1,1,0,0,12.0,0.0,0.0,1.0,0.0,26.25,16.0,192.0,0.9166666666666666,0.08333333333333333,1.0,1.0,52.99701388888889,68.28429398148148,0.0,0.0,0.0,0.08333333333333333,1.0,216000.0,39,9000.0,1,2,0,0,train,0.67,0,1,1,1.0,0.0,1.0,92.0,0.0,1.0,18000.0,18000.0,5
PH004527,AC001803,1,2,0,0,0,-1.0,-1.0,-1.0,-1.0,-1.0,-1.0,-1.0,-1.0,-1.0,-1.0,-1.0,-1.0,-1.0,-1.0,-1.0,-1.0,-1.0,-1.0,-1.0,216000.0,39,9000.0,1,2,0,0,train,0.67,0,1,1,1.0,0.0,1.0,92.0,0.0,1.0,18000.0,18000.0,5
PH000411,AC001803,2,3,0,0,0,5.0,1.0,0.0,1.0,0.0,19.0,47.0,122.0,0.6,0.2,1.0,1.0,3.3269907407407406,14.171793981481482,1.0,5.0,2.0,0.4,1.0,216000.0,39,9000.0,1,2,0,0,train,0.67,0,1,1,1.0,0.0,1.0,92.0,0.0,1.0,18000.0,18000.0,5
PH004528,AC001803,4,4,0,0,0,-1.0,-1.0,-1.0,-1.0,-1.0,-1.0,-1.0,-1.0,-1.0,-1.0,-1.0,-1.0,-1.0,-1.0,-1.0,-1.0,-1.0,-1.0,-1.0,216000.0,39,9000.0,1,2,0,0,train,0.67,0,1,1,1.0,0.0,1.0,92.0,0.0,1.0,18000.0,18000.0,5
PH004529,AC001804,3,0,1,0,0,6.0,0.0,0.0,1.0,0.0,20.0,57.333333333333336,195.0,0.5,0.16666666666666666,1.0,1.0,70.27651620370371,88.25446759259259,0.0,0.0,1.0,0.16666666666666666,1.0,68750.0,0,2750.0,1,0,0,0,train,0.5,2,2,1,-1.0,-1.0,-1.0,-1.0,-1.0,1.0,2750.0,2750.0,4
PH004530,AC001804,0,1,0,0,0,-1.0,-1.0,-1.0,-1.0,-1.0,-1.0,-1.0,-1.0,-1.0,-1.0,-1.0,-1.0,-1.0,-1.0,-1.0,-1.0,-1.0,-1.0,-1.0,68750.0,0,2750.0,1,0,0,0,train,0.5,2,2,1,-1.0,-1.0,-1.0,-1.0,-1.0,1.0,2750.0,2750.0,4
PH004531,AC001804,1,2,0,0,0,-1.0,-1.0,-1.0,-1.0,-1.0,-1.0,-1.0,-1.0,-1.0,-1.0,-1.0,-1.0,-1.0,-1.0,-1.0,-1.0,-1.0,-1.0,-1.0,68750.0,0,2750.0,1,0,0,0,train,0.5,2,2,1,-1.0,-1.0,-1.0,-1.0,-1.0,1.0,2750.0,2750.0,4
PH004532,AC001804,4,3,0,1,0,-1.0,-1.0,-1.0,-1.0,-1.0,-1.0,-1.0,-1.0,-1.0,-1.0,-1.0,-1.0,-1.0,-1.0,-1.0,-1.0,-1.0,-1.0,-1.0,68750.0,0,2750.0,1,0,0,0,train,0.5,2,2,1,-1.0,-1.0,-1.0,-1.0,-1.0,1.0,2750.0,2750.0,4
PH004534,AC001806,3,0,0,0,0,8.0,0.0,0.0,0.0,0.0,18.25,0.0,0.0,1.0,0.0,1.0,1.0,68.09318287037037,89.32267361111111,0.0,0.0,0.0,0.0,0.0,39200.0,165,2800.0,0,3,6,4,train,-1.0,5,1,1,9.0,4.0,3.0,560.5555555555555,0.4444444444444444,1.0,8800.0,8800.0,2
PH004535,AC001806,1,1,1,0,0,10.0,1.0,0.0,0.0,0.0,25.8,8.8,39.0,0.7,0.0,1.0,1.0,5.4021875,55.44853009259259,1.0,4.0,0.0,0.1,1.0,39200.0,165,2800.0,0,3,6,4,train,-1.0,5,1,1,9.0,4.0,3.0,560.5555555555555,0.4444444444444444,1.0,8800.0,8800.0,2
PH004539,AC001808,3,0,1,0,0,27.0,0.0,12.0,2.0,0.0,13.88888888888889,28.85185185185185,359.0,0.8888888888888888,0.5185185185185185,1.0,1.0,35.24755787037037,88.3052199074074,0.0,0.0,0.0,0.5185185185185185,1.0,32000.0,30,4000.0,0,2,0,0,train,0.32,1,0,1,2.0,0.0,0.0,360.0,0.0,-1.0,-1.0,-1.0,2
PH004543,AC001810,3,0,0,0,0,5.0,2.0,0.0,0.0,0.0,11.2,13.4,31.0,0.4,0.0,1.0,1.0,72.31739583333334,82.30666666666667,0.0,0.0,2.0,0.4,1.0,45600.0,26,1200.0,0,0,1,1,train,0.42,5,2,1,1.0,1.0,0.0,1121.0,1.0,-1.0,-1.0,-1.0,2
PH004544,AC001810,4,1,1,0,0,37.0,0.0,0.0,6.0,0.0,17.64864864864865,38.270270270270274,146.0,0.5675675675675675,0.16216216216216217,1.0,1.0,0.26090277777777776,66.26900462962963,6.0,16.0,1.0,0.16216216216216217,1.0,45600.0,26,1200.0,0,0,1,1,train,0.42,5,2,1,1.0,1.0,0.0,1121.0,1.0,-1.0,-1.0,-1.0,2
PH004545,AC001811,3,0,1,0,0,19.0,0.0,0.0,4.0,0.0,22.894736842105264,26.473684210526315,352.0,0.8421052631578947,0.21052631578947367,1.0,1.0,33.27002314814815,79.3085763888889,0.0,0.0,0.0,0.21052631578947367,1.0,36000.0,25,2000.0,0,1,2,2,train,-1.0,1,2,1,-1.0,-1.0,-1.0,-1.0,-1.0,-1.0,-1.0,-1.0,3
PH004546,AC001811,1,1,0,0,0,8.0,0.0,0.0,0.0,0.0,22.5,18.75,95.0,0.75,0.0,1.0,1.0,14.29079861111111,31.448032407407407,0.0,6.0,0.0,0.0,1.0,36000.0,25,2000.0,0,1,2,2,train,-1.0,1,2,1,-1.0,-1.0,-1.0,-1.0,-1.0,-1.0,-1.0,-1.0,3
PH004547,AC001811,4,2,0,0,0,3.0,0.0,0.0,0.0,0.0,38.333333333333336,0.0,0.0,1.0,0.0,1.0,1.0,9.277395833333333,13.447430555555556,0.0,3.0,0.0,0.0,0.0,36000.0,25,2000.0,0,1,2,2,train,-1.0,1,2,1,-1.0,-1.0,-1.0,-1.0,-1.0,-1.0,-1.0,-1.0,3
PH004551,AC001813,3,0,0,0,0,5.0,2.0,0.0,0.0,0.0,22.4,9.0,29.0,0.6,0.0,1.0,1.0,82.44417824074074,86.29311342592592,0.0,0.0,2.0,0.4,1.0,147400.0,196,3350.0,0,1,4,2,train,0.64,2,1,1,8.0,0.0,2.0,239.125,0.0,-1.0,-1.0,-1.0,4
PH000475,AC001813,2,1,0,0,0,9.0,1.0,0.0,0.0,0.0,23.444444444444443,44.44444444444444,101.0,0.4444444444444444,0.0,1.0,1.0,19.330613425925925,82.05011574074074,0.0,1.0,0.0,0.1111111111111111,1.0,147400.0,196,3350.0,0,1,4,2,train,0.64,2,1,1,8.0,0.0,2.0,239.125,0.0,-1.0,-1.0,-1.0,4
PH004552,AC001813,4,2,0,0,0,8.0,0.0,0.0,0.0,0.0,18.75,52.75,150.0,0.375,0.0,1.0,1.0,24.371712962962963,49.39605324074074,0.0,2.0,0.0,0.0,1.0,147400.0,196,3350.0,0,1,4,2,train,0.64,2,1,1,8.0,0.0,2.0,239.125,0.0,-1.0,-1.0,-1.0,4
PH004553,AC001814,3,0,0,0,0,1.0,0.0,0.0,0.0,0.0,44.0,0.0,0.0,1.0,0.0,1.0,1.0,89.41866898148149,89.41866898148149,0.0,0.0,0.0,0.0,0.0,411200.0,8,12850.0,0,2,0,0,train,0.73,0,1,1,-1.0,-1.0,-1.0,-1.0,-1.0,1.0,12850.0,12850.0,2
PH004554,AC001814,1,1,0,0,0,-1.0,-1.0,-1.0,-1.0,-1.0,-1.0,-1.0,-1.0,-1.0,-1.0,-1.0,-1.0,-1.0,-1.0,-1.0,-1.0,-1.0,-1.0,-1.0,411200.0,8,12850.0,0,2,0,0,train,0.73,0,1,1,-1.0,-1.0,-1.0,-1.0,-1.0,1.0,12850.0,12850.0,2
PH004555,AC001815,3,0,1,0,0,21.0,0.0,0.0,2.0,0.0,20.80952380952381,26.0,178.0,0.8095238095238095,0.09523809523809523,2.0,2.0,3.3036689814814815,88.31721064814815,3.0,11.0,0.0,0.09523809523809523,1.0,44000.0,21,2000.0,1,2,0,0,train,0.84,3,2,1,-1.0,-1.0,-1.0,-1.0,-1.0,2.0,1700.0,850.0,3
PH004556,AC001815,1,1,0,0,0,8.0,0.0,0.0,0.0,0.0,25.125,39.375,138.0,0.625,0.0,1.0,1.0,48.38111111111111,70.33534722222223,0.0,0.0,0.0,0.0,1.0,44000.0,21,2000.0,1,2,0,0,train,0.84,3,2,1,-1.0,-1.0,-1.0,-1.0,-1.0,2.0,1700.0,850.0,3
PH004557,AC001815,4,2,0,0,0,8.0,1.0,0.0,0.0,0.0,26.0,43.375,145.0,0.5,0.0,1.0,1.0,34.07202546296296,46.43637731481481,0.0,0.0,1.0,0.125,1.0,44000.0,21,2000.0,1,2,0,0,train,0.84,3,2,1,-1.0,-1.0,-1.0,-1.0,-1.0,2.0,1700.0,850.0,3
PH004558,AC001816,3,0,1,0,0,16.0,0.0,0.0,1.0,0.0,22.9375,8.0,83.0,0.875,0.0625,2.0,2.0,2.116886574074074,85.39947916666667,2.0,6.0,1.0,0.0625,1.0,371000.0,21,18550.0,0,2,1,0,train,0.03,4,2,1,-1.0,-1.0,-1.0,-1.0,-1.0,1.0,9300.0,9300.0,2
PH004559,AC001816,4,1,1,0,0,15.0,1.0,0.0,2.0,0.0,23.6,27.4,150.0,0.6666666666666666,0.13333333333333333,1.0,1.0,42.23447916666667,72.28480324074074,0.0,0.0,2.0,0.2,1.0,371000.0,21,18550.0,0,2,1,0,train,0.03,4,2,1,-1.0,-1.0,-1.0,-1.0,-1.0,1.0,9300.0,9300.0,2
PH004560,AC001817,3,0,0,0,0,8.0,0.0,2.0,6.0,0.0,0.0,0.0,0.0,1.0,1.0,2.0,2.0,73.34252314814815,86.35952546296296,0.0,0.0,5.0,1.0,0.0,91200.0,17,2850.0,0,2,1,0,train,-1.0,5,0,1,-1.0,-1.0,-1.0,-1.0,-1.0,1.0,2850.0,2850.0,3
PH004561,AC001817,1,1,0,0,0,4.0,2.0,0.0,1.0,0.0,16.75,12.5,32.0,0.5,0.25,1.0,1.0,70.10089120370371,73.1767824074074,0.0,0.0,3.0,0.75,1.0,91200.0,17,2850.0,0,2,1,0,train,-1.0,5,0,1,-1.0,-1.0,-1.0,-1.0,-1.0,1.0,2850.0,2850.0,3
PH004562,AC001817,4,2,1,0,0,8.0,0.0,0.0,2.0,0.0,23.125,7.75,62.0,0.875,0.25,1.0,1.0,47.105324074074076,65.32564814814815,0.0,0.0,1.0,0.25,1.0,91200.0,17,2850.0,0,2,1,0,train,-1.0,5,0,1,-1.0,-1.0,-1.0,-1.0,-1.0,1.0,2850.0,2850.0,3
PH004565,AC001819,3,0,1,0,0,2.0,0.0,0.0,0.0,0.0,30.5,22.0,44.0,0.5,0.0,2.0,2.0,82.44430555555556,86.44090277777778,0.0,0.0,0.0,0.0,1.0,78200.0,0,3400.0,3,4,0,0,train,-1.0,1,2,1,-1.0,-1.0,-1.0,-1.0,-1.0,1.0,3400.0,3400.0,3
PH004566,AC001819,1,1,0,0,0,-1.0,-1.0,-1.0,-1.0,-1.0,-1.0,-1.0,-1.0,-1.0,-1.0,-1.0,-1.0,-1.0,-1.0,-1.0,-1.0,-1.0,-1.0,-1.0,78200.0,0,3400.0,3,4,0,0,train,-1.0,1,2,1,-1.0,-1.0,-1.0,-1.0,-1.0,1.0,3400.0,3400.0,3
PH004567,AC001819,4,2,0,0,0,-1.0,-1.0,-1.0,-1.0,-1.0,-1.0,-1.0,-1.0,-1.0,-1.0,-1.0,-1.0,-1.0,-1.0,-1.0,-1.0,-1.0,-1.0,-1.0,78200.0,0,3400.0,3,4,0,0,train,-1.0,1,2,1,-1.0,-1.0,-1.0,-1.0,-1.0,1.0,3400.0,3400.0,3
PH004568,AC001820,3,0,1,0,0,3.0,0.0,0.0,1.0,0.0,15.666666666666666,20.666666666666668,62.0,0.6666666666666666,0.3333333333333333,2.0,2.0,81.26423611111112,82.29800925925926,0.0,0.0,1.0,0.3333333333333333,1.0,218750.0,23,8750.0,1,1,1,0,train,0.6,2,1,1,-1.0,-1.0,-1.0,-1.0,-1.0,2.0,8750.0,4375.0,1
PH004569,AC001821,3,0,1,0,0,30.0,0.0,0.0,0.0,0.0,27.8,66.83333333333333,375.0,0.6666666666666666,0.0,2.0,2.0,0.2992592592592593,85.36611111111111,1.0,4.0,0.0,0.0,1.0,45750.0,23,3050.0,0,2,0,0,train,0.76,2,1,1,-1.0,-1.0,-1.0,-1.0,-1.0,1.0,1700.0,1700.0,1
PH004570,AC001822,3,0,1,0,0,7.0,0.0,0.0,0.0,0.0,11.285714285714286,65.14285714285714,201.0,0.2857142857142857,0.0,1.0,1.0,59.27457175925926,89.28042824074075,0.0,0.0,0.0,0.0,1.0,445400.0,154,13100.0,0,2,1,1,train,-1.0,2,1,1,1.0,0.0,0.0,149.0,0.0,1.0,78600.0,78600.0,3
PH004571,AC001822,0,1,0,0,0,-1.0,-1.0,-1.0,-1.0,-1.0,-1.0,-1.0,-1.0,-1.0,-1.0,-1.0,-1.0,-1.0,-1.0,-1.0,-1.0,-1.0,-1.0,-1.0,445400.0,154,13100.0,0,2,1,1,train,-1.0,2,1,1,1.0,0.0,0.0,149.0,0.0,1.0,78600.0,78600.0,3
PH000309,AC001822,2,2,0,1,0,-1.0,-1.0,-1.0,-1.0,-1.0,-1.0,-1.0,-1.0,-1.0,-1.0,-1.0,-1.0,-1.0,-1.0,-1.0,-1.0,-1.0,-1.0,-1.0,445400.0,154,13100.0,0,2,1,1,train,-1.0,2,1,1,1.0,0.0,0.0,149.0,0.0,1.0,78600.0,78600.0,3
PH004572,AC001823,3,0,1,0,0,16.0,0.0,0.0,1.0,0.0,24.75,40.5,360.0,0.75,0.0625,1.0,1.0,4.283321759259259,88.32310185185185,1.0,6.0,0.0,0.0625,1.0,46750.0,69,4250.0,0,1,5,2,train,0.74,1,2,1,4.0,1.0,2.0,444.75,0.25,-1.0,-1.0,-1.0,2
PH004573,AC001823,1,1,0,0,0,8.0,0.0,0.0,0.0,0.0,35.75,0.0,0.0,1.0,0.0,1.0,1.0,39.288518518518515,77.15673611111112,0.0,0.0,0.0,0.0,0.0,46750.0,69,4250.0,0,1,5,2,train,0.74,1,2,1,4.0,1.0,2.0,444.75,0.25,-1.0,-1.0,-1.0,2
PH004574,AC001824,3,0,1,0,0,16.0,0.0,0.0,1.0,0.0,28.5,28.125,354.0,0.75,0.0625,1.0,1.0,43.12922453703704,81.26310185185186,0.0,0.0,1.0,0.0625,1.0,117600.0,47,2800.0,0,2,1,0,train,0.65,1,2,1,-1.0,-1.0,-1.0,-1.0,-1.0,1.0,3700.0,3700.0,2
PH004575,AC001824,1,1,1,0,0,14.0,0.0,0.0,0.0,0.0,20.142857142857142,25.642857142857142,147.0,0.7142857142857143,0.0,1.0,1.0,2.117835648148148,35.448368055555555,5.0,11.0,0.0,0.0,1.0,117600.0,47,2800.0,0,2,1,0,train,0.65,1,2,1,-1.0,-1.0,-1.0,-1.0,-1.0,1.0,3700.0,3700.0,2
PH004576,AC001825,3,0,1,0,0,9.0,0.0,0.0,0.0,0.0,24.22222222222222,78.0,400.0,0.5555555555555556,0.0,2.0,2.0,41.32333333333333,82.42523148148148,0.0,0.0,0.0,0.0,1.0,110200.0,11,3800.0,2,1,0,0,train,0.61,2,1,1,-1.0,-1.0,-1.0,-1.0,-1.0,2.0,3800.0,1900.0,1
PH004579,AC001827,3,0,1,0,0,14.0,0.0,0.0,1.0,0.0,19.642857142857142,49.142857142857146,354.0,0.6428571428571429,0.07142857142857142,2.0,2.0,17.347916666666666,87.33805555555556,0.0,5.0,0.0,0.07142857142857142,1.0,21700.0,16,1550.0,1,1,0,0,train,-1.0,0,1,1,-1.0,-1.0,-1.0,-1.0,-1.0,1.0,800.0,800.0,1
PH004580,AC001828,3,0,1,0,0,20.0,0.0,1.0,2.0,0.0,20.3,15.05,110.0,0.8,0.15,1.0,1.0,6.396203703703704,87.29745370370371,1.0,8.0,1.0,0.15,1.0,78300.0,514,2700.0,0,1,3,2,train,-1.0,5,1,1,8.0,0.0,2.0,241.25,0.0,-1.0,-1.0,-1.0,3
PH004581,AC001828,0,1,0,0,0,-1.0,-1.0,-1.0,-1.0,-1.0,-1.0,-1.0,-1.0,-1.0,-1.0,-1.0,-1.0,-1.0,-1.0,-1.0,-1.0,-1.0,-1.0,-1.0,78300.0,514,2700.0,0,1,3,2,train,-1.0,5,1,1,8.0,0.0,2.0,241.25,0.0,-1.0,-1.0,-1.0,3
PH004582,AC001828,1,2,0,0,0,-1.0,-1.0,-1.0,-1.0,-1.0,-1.0,-1.0,-1.0,-1.0,-1.0,-1.0,-1.0,-1.0,-1.0,-1.0,-1.0,-1.0,-1.0,-1.0,78300.0,514,2700.0,0,1,3,2,train,-1.0,5,1,1,8.0,0.0,2.0,241.25,0.0,-1.0,-1.0,-1.0,3
PH004583,AC001829,3,0,0,0,0,3.0,0.0,0.0,1.0,0.0,10.0,0.0,0.0,1.0,0.3333333333333333,2.0,2.0,84.43224537037037,87.28336805555556,0.0,0.0,1.0,0.3333333333333333,0.0,16200.0,0,1800.0,1,1,1,0,train,-1.0,0,1,1,-1.0,-1.0,-1.0,-1.0,-1.0,1.0,1800.0,1800.0,1
PH004584,AC001830,3,0,1,0,0,10.0,0.0,0.0,0.0,0.0,32.1,19.4,180.0,0.8,0.0,1.0,1.0,54.318703703703704,88.38136574074075,0.0,0.0,0.0,0.0,1.0,896000.0,296,16000.0,0,6,4,1,train,1.0,2,1,1,7.0,2.0,0.0,446.57142857142856,0.2857142857142857,2.0,160000.0,80000.0,3
PH000267,AC001830,2,1,0,0,0,2.0,0.0,0.0,0.0,0.0,25.5,52.5,105.0,0.5,0.0,1.0,1.0,24.2571875,41.37252314814815,0.0,1.0,0.0,0.0,1.0,896000.0,296,16000.0,0,6,4,1,train,1.0,2,1,1,7.0,2.0,0.0,446.57142857142856,0.2857142857142857,2.0,160000.0,80000.0,3
PH004585,AC001830,4,2,0,0,0,-1.0,-1.0,-1.0,-1.0,-1.0,-1.0,-1.0,-1.0,-1.0,-1.0,-1.0,-1.0,-1.0,-1.0,-1.0,-1.0,-1.0,-1.0,-1.0,896000.0,296,16000.0,0,6,4,1,train,1.0,2,1,1,7.0,2.0,0.0,446.57142857142856,0.2857142857142857,2.0,160000.0,80000.0,3
PH004586,AC001831,3,0,1,0,0,4.0,0.0,0.0,0.0,0.0,29.25,11.5,46.0,0.75,0.0,2.0,2.0,84.37023148148148,89.39171296296297,0.0,0.0,0.0,0.0,1.0,40850.0,0,2150.0,1,2,0,0,train,0.75,3,0,1,-1.0,-1.0,-1.0,-1.0,-1.0,1.0,2150.0,2150.0,3
PH004587,AC001831,0,1,0,0,0,-1.0,-1.0,-1.0,-1.0,-1.0,-1.0,-1.0,-1.0,-1.0,-1.0,-1.0,-1.0,-1.0,-1.0,-1.0,-1.0,-1.0,-1.0,-1.0,40850.0,0,2150.0,1,2,0,0,train,0.75,3,0,1,-1.0,-1.0,-1.0,-1.0,-1.0,1.0,2150.0,2150.0,3
PH004588,AC001831,4,2,0,0,0,-1.0,-1.0,-1.0,-1.0,-1.0,-1.0,-1.0,-1.0,-1.0,-1.0,-1.0,-1.0,-1.0,-1.0,-1.0,-1.0,-1.0,-1.0,-1.0,40850.0,0,2150.0,1,2,0,0,train,0.75,3,0,1,-1.0,-1.0,-1.0,-1.0,-1.0,1.0,2150.0,2150.0,3
PH004591,AC001833,3,0,0,0,0,8.0,0.0,1.0,2.0,0.0,18.125,0.0,0.0,1.0,0.375,2.0,2.0,55.36366898148148,84.31375,0.0,0.0,2.0,0.375,0.0,150750.0,0,3350.0,2,3,0,0,train,0.53,2,1,1,-1.0,-1.0,-1.0,-1.0,-1.0,2.0,2400.0,1200.0,3
PH004592,AC001833,1,1,0,0,0,4.0,2.0,0.0,0.0,0.0,15.75,17.5,27.0,0.25,0.0,1.0,1.0,51.35731481481481,55.17642361111111,0.0,0.0,2.0,0.5,1.0,150750.0,0,3350.0,2,3,0,0,train,0.53,2,1,1,-1.0,-1.0,-1.0,-1.0,-1.0,2.0,2400.0,1200.0,3
PH004593,AC001833,4,2,1,0,0,12.0,0.0,0.0,1.0,0.0,15.833333333333334,36.083333333333336,141.0,0.5,0.08333333333333333,1.0,1.0,0.30604166666666666,48.427881944444444,2.0,7.0,1.0,0.08333333333333333,1.0,150750.0,0,3350.0,2,3,0,0,train,0.53,2,1,1,-1.0,-1.0,-1.0,-1.0,-1.0,2.0,2400.0,1200.0,3
PH004594,AC001834,3,0,1,0,0,24.0,0.0,0.0,2.0,0.0,29.291666666666668,8.416666666666666,159.0,0.9166666666666666,0.08333333333333333,1.0,1.0,21.402071759259258,89.32755787037037,0.0,2.0,1.0,0.08333333333333333,1.0,20700.0,80,2300.0,0,2,0,0,train,-1.0,2,0,1,6.0,2.0,0.0,489.3333333333333,0.3333333333333333,-1.0,-1.0,-1.0,1
PH004595,AC001835,3,0,0,0,0,-1.0,-1.0,-1.0,-1.0,-1.0,-1.0,-1.0,-1.0,-1.0,-1.0,-1.0,-1.0,-1.0,-1.0,-1.0,-1.0,-1.0,-1.0,-1.0,358050.0,56,11550.0,0,2,1,1,train,0.0,5,2,1,-1.0,-1.0,-1.0,-1.0,-1.0,1.0,23100.0,23100.0,2
PH004596,AC001835,4,1,0,0,0,-1.0,-1.0,-1.0,-1.0,-1.0,-1.0,-1.0,-1.0,-1.0,-1.0,-1.0,-1.0,-1.0,-1.0,-1.0,-1.0,-1.0,-1.0,-1.0,358050.0,56,11550.0,0,2,1,1,train,0.0,5,2,1,-1.0,-1.0,-1.0,-1.0,-1.0,1.0,23100.0,23100.0,2
PH000118,AC001836,3,0,0,0,0,8.0,1.0,0.0,1.0,0.0,11.125,54.875,110.0,0.375,0.125,2.0,2.0,54.440694444444446,89.34497685185185,0.0,0.0,0.0,0.25,1.0,54000.0,0,1350.0,2,0,0,0,train,0.36,3,2,1,-1.0,-1.0,-1.0,-1.0,-1.0,2.0,1350.0,675.0,3
PH004597,AC001836,1,1,1,0,0,16.0,0.0,0.0,0.0,0.0,26.4375,109.375,369.0,0.5,0.0,1.0,1.0,18.35934027777778,53.35743055555555,0.0,7.0,0.0,0.0,1.0,54000.0,0,1350.0,2,0,0,0,train,0.36,3,2,1,-1.0,-1.0,-1.0,-1.0,-1.0,2.0,1350.0,675.0,3
PH004598,AC001836,4,2,0,0,0,-1.0,-1.0,-1.0,-1.0,-1.0,-1.0,-1.0,-1.0,-1.0,-1.0,-1.0,-1.0,-1.0,-1.0,-1.0,-1.0,-1.0,-1.0,-1.0,54000.0,0,1350.0,2,0,0,0,train,0.36,3,2,1,-1.0,-1.0,-1.0,-1.0,-1.0,2.0,1350.0,675.0,3
PH004600,AC001838,3,0,0,0,0,-1.0,-1.0,-1.0,-1.0,-1.0,-1.0,-1.0,-1.0,-1.0,-1.0,-1.0,-1.0,-1.0,-1.0,-1.0,-1.0,-1.0,-1.0,-1.0,112800.0,0,2350.0,1,1,1,1,train,0.97,2,2,1,-1.0,-1.0,-1.0,-1.0,-1.0,1.0,2350.0,2350.0,1
PH004601,AC001839,3,0,1,0,0,13.0,0.0,0.0,0.0,0.0,21.692307692307693,1.9230769230769231,25.0,0.9230769230769231,0.0,1.0,1.0,59.00704861111111,85.36809027777778,0.0,0.0,0.0,0.0,1.0,120700.0,60,3550.0,1,1,1,0,train,0.79,0,2,1,1.0,0.0,0.0,168.0,0.0,1.0,7100.0,7100.0,1
PH004604,AC001841,3,0,1,0,0,2.0,0.0,0.0,0.0,0.0,23.0,13.0,26.0,0.5,0.0,1.0,1.0,88.11515046296296,88.30390046296296,0.0,0.0,0.0,0.0,1.0,114800.0,76,2800.0,0,3,1,0,train,0.46,5,2,1,-1.0,-1.0,-1.0,-1.0,-1.0,1.0,8400.0,8400.0,2
PH004605,AC001841,0,1,0,0,0,-1.0,-1.0,-1.0,-1.0,-1.0,-1.0,-1.0,-1.0,-1.0,-1.0,-1.0,-1.0,-1.0,-1.0,-1.0,-1.0,-1.0,-1.0,-1.0,114800.0,76,2800.0,0,3,1,0,train,0.46,5,2,1,-1.0,-1.0,-1.0,-1.0,-1.0,1.0,8400.0,8400.0,2
PH004606,AC001842,3,0,0,0,0,15.0,0.0,4.0,11.0,0.0,0.0,0.0,0.0,1.0,1.0,1.0,1.0,4.331203703703704,74.38636574074074,3.0,7.0,5.0,1.0,0.0,164250.0,110,10950.0,0,2,5,3,train,-1.0,2,1,1,-1.0,-1.0,-1.0,-1.0,-1.0,-1.0,-1.0,-1.0,3
PH004607,AC001842,1,1,0,0,0,4.0,2.0,0.0,0.0,0.0,10.75,4.25,9.0,0.5,0.0,1.0,1.0,46.354108796296295,48.370416666666664,0.0,0.0,2.0,0.5,1.0,164250.0,110,10950.0,0,2,5,3,train,-1.0,2,1,1,-1.0,-1.0,-1.0,-1.0,-1.0,-1.0,-1.0,-1.0,3
PH004608,AC001842,4,2,0,0,0,8.0,0.0,0.0,2.0,0.0,16.5,32.625,141.0,0.625,0.25,1.0,1.0,17.427118055555557,45.43811342592593,0.0,3.0,1.0,0.25,1.0,164250.0,110,10950.0,0,2,5,3,train,-1.0,2,1,1,-1.0,-1.0,-1.0,-1.0,-1.0,-1.0,-1.0,-1.0,3
PH004611,AC001844,3,0,1,0,0,2.0,0.0,0.0,0.0,0.0,24.5,29.5,59.0,0.5,0.0,1.0,1.0,75.42539351851852,82.38819444444445,0.0,0.0,0.0,0.0,1.0,162400.0,80,11600.0,1,0,0,0,train,1.0,2,1,1,-1.0,-1.0,-1.0,-1.0,-1.0,1.0,34800.0,34800.0,2
PH004612,AC001844,0,1,0,0,0,-1.0,-1.0,-1.0,-1.0,-1.0,-1.0,-1.0,-1.0,-1.0,-1.0,-1.0,-1.0,-1.0,-1.0,-1.0,-1.0,-1.0,-1.0,-1.0,162400.0,80,11600.0,1,0,0,0,train,1.0,2,1,1,-1.0,-1.0,-1.0,-1.0,-1.0,1.0,34800.0,34800.0,2
PH004613,AC001845,3,0,1,0,0,4.0,0.0,0.0,0.0,0.0,21.75,119.25,410.0,0.5,0.0,1.0,1.0,85.24731481481481,88.28747685185185,0.0,0.0,0.0,0.0,1.0,109650.0,107,2150.0,0,2,3,3,train,1.0,5,2,1,1.0,1.0,0.0,685.0,1.0,1.0,8600.0,8600.0,3
PH004614,AC001845,0,1,0,0,0,-1.0,-1.0,-1.0,-1.0,-1.0,-1.0,-1.0,-1.0,-1.0,-1.0,-1.0,-1.0,-1.0,-1.0,-1.0,-1.0,-1.0,-1.0,-1.0,109650.0,107,2150.0,0,2,3,3,train,1.0,5,2,1,1.0,1.0,0.0,685.0,1.0,1.0,8600.0,8600.0,3
PH004615,AC001845,4,2,0,0,0,-1.0,-1.0,-1.0,-1.0,-1.0,-1.0,-1.0,-1.0,-1.0,-1.0,-1.0,-1.0,-1.0,-1.0,-1.0,-1.0,-1.0,-1.0,-1.0,109650.0,107,2150.0,0,2,3,3,train,1.0,5,2,1,1.0,1.0,0.0,685.0,1.0,1.0,8600.0,8600.0,3
PH004618,AC001847,3,0,1,0,0,26.0,0.0,0.0,0.0,0.0,28.46153846153846,43.38461538461539,384.0,0.7307692307692307,0.0,2.0,2.0,3.389178240740741,86.34318287037037,2.0,8.0,0.0,0.0,1.0,22400.0,12,700.0,0,4,3,1,train,-1.0,3,2,1,-1.0,-1.0,-1.0,-1.0,-1.0,2.0,500.0,250.0,1
PH004619,AC001848,3,0,1,0,0,5.0,0.0,0.0,0.0,0.0,19.4,81.2,177.0,0.2,0.0,1.0,1.0,68.37685185185185,84.25939814814815,0.0,0.0,0.0,0.0,1.0,98700.0,57,2100.0,0,2,2,0,train,0.2,0,2,1,-1.0,-1.0,-1.0,-1.0,-1.0,2.0,4200.0,2100.0,2
PH004620,AC001848,4,1,0,0,0,-1.0,-1.0,-1.0,-1.0,-1.0,-1.0,-1.0,-1.0,-1.0,-1.0,-1.0,-1.0,-1.0,-1.0,-1.0,-1.0,-1.0,-1.0,-1.0,98700.0,57,2100.0,0,2,2,0,train,0.2,0,2,1,-1.0,-1.0,-1.0,-1.0,-1.0,2.0,4200.0,2100.0,2
PH004621,AC001849,3,0,1,0,0,19.0,0.0,0.0,0.0,0.0,28.57894736842105,17.894736842105264,118.0,0.7368421052631579,0.0,2.0,2.0,23.130590277777777,83.34903935185186,0.0,6.0,0.0,0.0,1.0,303750.0,18,12150.0,0,4,0,0,train,0.52,2,1,1,-1.0,-1.0,-1.0,-1.0,-1.0,1.0,12150.0,12150.0,2
PH004622,AC001849,4,1,0,1,0,-1.0,-1.0,-1.0,-1.0,-1.0,-1.0,-1.0,-1.0,-1.0,-1.0,-1.0,-1.0,-1.0,-1.0,-1.0,-1.0,-1.0,-1.0,-1.0,303750.0,18,12150.0,0,4,0,0,train,0.52,2,1,1,-1.0,-1.0,-1.0,-1.0,-1.0,1.0,12150.0,12150.0,2
PH004625,AC001851,3,0,1,0,0,31.0,1.0,2.0,4.0,0.0,17.64516129032258,5.903225806451613,141.0,0.9032258064516129,0.1935483870967742,2.0,2.0,2.090960648148148,82.24981481481481,4.0,11.0,2.0,0.22580645161290322,1.0,120750.0,10,3450.0,0,5,0,0,train,0.41,1,2,1,-1.0,-1.0,-1.0,-1.0,-1.0,-1.0,-1.0,-1.0,1
PH004626,AC001852,3,0,0,0,0,6.0,2.0,1.0,2.0,0.0,10.166666666666666,8.666666666666666,28.0,0.6666666666666666,0.5,1.0,1.0,67.37263888888889,88.41835648148148,0.0,0.0,4.0,0.8333333333333334,1.0,45900.0,80,2550.0,0,2,1,1,train,-1.0,2,1,1,1.0,0.0,0.0,347.0,0.0,1.0,2200.0,2200.0,3
PH004627,AC001852,0,1,1,0,0,31.0,0.0,6.0,2.0,0.0,23.838709677419356,6.258064516129032,157.0,0.9354838709677419,0.25806451612903225,1.0,1.0,5.238657407407407,67.15709490740741,2.0,9.0,0.0,0.25806451612903225,1.0,45900.0,80,2550.0,0,2,1,1,train,-1.0,2,1,1,1.0,0.0,0.0,347.0,0.0,1.0,2200.0,2200.0,3
PH004628,AC001853,3,0,1,0,0,12.0,0.0,0.0,1.0,0.0,15.25,7.833333333333333,57.0,0.8333333333333334,0.08333333333333333,1.0,1.0,48.39818287037037,87.39858796296296,0.0,0.0,0.0,0.08333333333333333,1.0,134400.0,53,11200.0,0,2,3,2,train,0.56,5,2,1,-1.0,-1.0,-1.0,-1.0,-1.0,1.0,22400.0,22400.0,3
PH004629,AC001853,1,1,0,0,0,-1.0,-1.0,-1.0,-1.0,-1.0,-1.0,-1.0,-1.0,-1.0,-1.0,-1.0,-1.0,-1.0,-1.0,-1.0,-1.0,-1.0,-1.0,-1.0,134400.0,53,11200.0,0,2,3,2,train,0.56,5,2,1,-1.0,-1.0,-1.0,-1.0,-1.0,1.0,22400.0,22400.0,3
PH004630,AC001853,4,2,0,0,0,-1.0,-1.0,-1.0,-1.0,-1.0,-1.0,-1.0,-1.0,-1.0,-1.0,-1.0,-1.0,-1.0,-1.0,-1.0,-1.0,-1.0,-1.0,-1.0,134400.0,53,11200.0,0,2,3,2,train,0.56,5,2,1,-1.0,-1.0,-1.0,-1.0,-1.0,1.0,22400.0,22400.0,3
PH004631,AC001854,3,0,1,0,0,31.0,0.0,0.0,3.0,0.0,14.838709677419354,60.806451612903224,349.0,0.5483870967741935,0.0967741935483871,1.0,1.0,0.41729166666666667,83.34990740740741,2.0,8.0,0.0,0.0967741935483871,1.0,178850.0,37,3650.0,0,2,4,1,train,0.39,2,2,1,-1.0,-1.0,-1.0,-1.0,-1.0,6.0,6800.0,1133.3333333333333,2
PH004632,AC001854,0,1,0,0,0,-1.0,-1.0,-1.0,-1.0,-1.0,-1.0,-1.0,-1.0,-1.0,-1.0,-1.0,-1.0,-1.0,-1.0,-1.0,-1.0,-1.0,-1.0,-1.0,178850.0,37,3650.0,0,2,4,1,train,0.39,2,2,1,-1.0,-1.0,-1.0,-1.0,-1.0,6.0,6800.0,1133.3333333333333,2
PH004633,AC001855,3,0,1,0,0,31.0,0.0,0.0,2.0,0.0,26.419354838709676,19.161290322580644,399.0,0.8387096774193549,0.06451612903225806,2.0,2.0,0.253125,83.34454861111111,6.0,14.0,0.0,0.06451612903225806,1.0,928700.0,0,25100.0,1,2,0,0,train,0.55,5,2,1,-1.0,-1.0,-1.0,-1.0,-1.0,2.0,18200.0,9100.0,1
PH004634,AC001856,3,0,1,0,0,9.0,0.0,0.0,0.0,0.0,30.555555555555557,4.111111111111111,37.0,0.8888888888888888,0.0,2.0,2.0,58.33199074074074,86.35667824074073,0.0,0.0,0.0,0.0,1.0,75000.0,0,2500.0,0,3,0,0,train,0.66,2,1,1,2.0,1.0,0.0,581.5,0.5,-1.0,-1.0,-1.0,2
PH004635,AC001856,4,1,1,0,0,36.0,0.0,0.0,2.0,0.0,29.75,40.861111111111114,393.0,0.8055555555555556,0.05555555555555555,1.0,1.0,2.3378819444444443,56.40460648148148,4.0,19.0,0.0,0.05555555555555555,1.0,75000.0,0,2500.0,0,3,0,0,train,0.66,2,1,1,2.0,1.0,0.0,581.5,0.5,-1.0,-1.0,-1.0,2
PH004639,AC001859,3,0,1,0,0,24.0,0.0,0.0,0.0,0.0,25.5,65.125,408.0,0.6666666666666666,0.0,1.0,1.0,3.209050925925926,83.4308449074074,5.0,10.0,0.0,0.0,1.0,184300.0,130,4850.0,0,2,5,2,train,0.61,2,1,1,2.0,1.0,1.0,760.5,0.5,1.0,3700.0,3700.0,2
PH004640,AC001859,4,1,0,0,0,-1.0,-1.0,-1.0,-1.0,-1.0,-1.0,-1.0,-1.0,-1.0,-1.0,-1.0,-1.0,-1.0,-1.0,-1.0,-1.0,-1.0,-1.0,-1.0,184300.0,130,4850.0,0,2,5,2,train,0.61,2,1,1,2.0,1.0,1.0,760.5,0.5,1.0,3700.0,3700.0,2
PH004641,AC001860,3,0,1,0,0,15.0,1.0,0.0,1.0,0.0,19.133333333333333,30.866666666666667,272.0,0.8,0.06666666666666667,1.0,1.0,50.320717592592594,83.33895833333334,0.0,0.0,0.0,0.13333333333333333,1.0,184600.0,42,7100.0,0,2,2,2,train,0.31,0,2,1,-1.0,-1.0,-1.0,-1.0,-1.0,1.0,9200.0,9200.0,2
PH004642,AC001860,4,1,1,0,0,13.0,0.0,0.0,0.0,0.0,23.384615384615383,48.92307692307692,144.0,0.46153846153846156,0.0,1.0,1.0,10.08318287037037,50.01447916666667,0.0,8.0,0.0,0.0,1.0,184600.0,42,7100.0,0,2,2,2,train,0.31,0,2,1,-1.0,-1.0,-1.0,-1.0,-1.0,1.0,9200.0,9200.0,2
PH004643,AC001861,3,0,1,0,0,20.0,0.0,0.0,1.0,0.0,27.6,61.85,413.0,0.75,0.05,2.0,2.0,47.275046296296296,88.35070601851852,0.0,0.0,0.0,0.05,1.0,340600.0,10,13100.0,1,1,0,0,train,-1.0,0,2,1,2.0,0.0,2.0,110.5,0.0,-1.0,-1.0,-1.0,3
PH004644,AC001861,1,1,1,0,0,10.0,0.0,0.0,0.0,0.0,30.7,29.6,296.0,0.9,0.0,1.0,1.0,32.08054398148148,47.18578703703704,0.0,0.0,0.0,0.0,1.0,340600.0,10,13100.0,1,1,0,0,train,-1.0,0,2,1,2.0,0.0,2.0,110.5,0.0,-1.0,-1.0,-1.0,3
PH004645,AC001861,4,2,1,0,0,9.0,0.0,0.0,0.0,0.0,20.333333333333332,58.333333333333336,142.0,0.3333333333333333,0.0,1.0,1.0,2.4136805555555556,26.323043981481483,2.0,9.0,0.0,0.0,1.0,340600.0,10,13100.0,1,1,0,0,train,-1.0,0,2,1,2.0,0.0,2.0,110.5,0.0,-1.0,-1.0,-1.0,3
PH004651,AC001864,3,0,1,0,0,29.0,0.0,15.0,2.0,0.0,10.862068965517242,13.0,345.0,0.9310344827586207,0.5862068965517241,2.0,2.0,9.433125,86.32480324074074,0.0,8.0,0.0,0.5862068965517241,1.0,176000.0,0,17600.0,1,0,0,0,train,0.76,0,2,1,1.0,1.0,0.0,525.0,1.0,-1.0,-1.0,-1.0,3
PH004652,AC001864,0,1,0,0,0,20.0,1.0,0.0,1.0,0.0,25.2,0.3,6.0,0.95,0.05,1.0,1.0,0.2778703703703704,56.33614583333333,3.0,12.0,1.0,0.1,1.0,176000.0,0,17600.0,1,0,0,0,train,0.76,0,2,1,1.0,1.0,0.0,525.0,1.0,-1.0,-1.0,-1.0,3
PH004653,AC001864,4,2,0,0,0,4.0,2.0,0.0,1.0,0.0,5.5,76.75,127.0,0.25,0.25,1.0,1.0,44.02035879629629,47.26085648148148,0.0,0.0,3.0,0.75,1.0,176000.0,0,17600.0,1,0,0,0,train,0.76,0,2,1,1.0,1.0,0.0,525.0,1.0,-1.0,-1.0,-1.0,3
PH004654,AC001865,3,0,0,0,0,8.0,0.0,0.0,0.0,0.0,23.625,0.0,0.0,1.0,0.0,1.0,1.0,74.41061342592593,89.33824074074074,0.0,0.0,0.0,0.0,0.0,75850.0,64,1850.0,0,0,3,2,train,0.53,2,0,1,8.0,0.0,1.0,139.75,0.0,2.0,4100.0,2050.0,3
PH004655,AC001865,0,1,1,0,0,31.0,0.0,0.0,2.0,0.0,25.93548387096774,35.516129032258064,415.0,0.8064516129032258,0.06451612903225806,1.0,1.0,7.287233796296296,72.42245370370371,0.0,11.0,0.0,0.06451612903225806,1.0,75850.0,64,1850.0,0,0,3,2,train,0.53,2,0,1,8.0,0.0,1.0,139.75,0.0,2.0,4100.0,2050.0,3
PH004656,AC001865,4,2,0,1,0,-1.0,-1.0,-1.0,-1.0,-1.0,-1.0,-1.0,-1.0,-1.0,-1.0,-1.0,-1.0,-1.0,-1.0,-1.0,-1.0,-1.0,-1.0,-1.0,75850.0,64,1850.0,0,0,3,2,train,0.53,2,0,1,8.0,0.0,1.0,139.75,0.0,2.0,4100.0,2050.0,3
PH004657,AC001866,3,0,0,0,0,8.0,0.0,1.0,4.0,0.0,8.125,0.0,0.0,1.0,0.625,2.0,2.0,66.26417824074075,89.25394675925926,0.0,0.0,4.0,0.625,0.0,19200.0,9,1200.0,1,1,0,0,train,0.52,3,2,1,-1.0,-1.0,-1.0,-1.0,-1.0,1.0,1200.0,1200.0,4
PH004658,AC001866,0,1,1,0,0,15.0,0.0,0.0,0.0,0.0,27.0,66.93333333333334,339.0,0.6666666666666666,0.0,1.0,1.0,26.330833333333334,63.31984953703704,0.0,4.0,0.0,0.0,1.0,19200.0,9,1200.0,1,1,0,0,train,0.52,3,2,1,-1.0,-1.0,-1.0,-1.0,-1.0,1.0,1200.0,1200.0,4
PH004659,AC001866,1,2,0,0,0,-1.0,-1.0,-1.0,-1.0,-1.0,-1.0,-1.0,-1.0,-1.0,-1.0,-1.0,-1.0,-1.0,-1.0,-1.0,-1.0,-1.0,-1.0,-1.0,19200.0,9,1200.0,1,1,0,0,train,0.52,3,2,1,-1.0,-1.0,-1.0,-1.0,-1.0,1.0,1200.0,1200.0,4
PH004660,AC001866,4,3,0,0,0,-1.0,-1.0,-1.0,-1.0,-1.0,-1.0,-1.0,-1.0,-1.0,-1.0,-1.0,-1.0,-1.0,-1.0,-1.0,-1.0,-1.0,-1.0,-1.0,19200.0,9,1200.0,1,1,0,0,train,0.52,3,2,1,-1.0,-1.0,-1.0,-1.0,-1.0,1.0,1200.0,1200.0,4
PH004664,AC001869,3,0,1,0,0,8.0,0.0,0.0,0.0,0.0,29.375,3.625,29.0,0.875,0.0,1.0,1.0,2.1058333333333334,88.29572916666666,2.0,3.0,0.0,0.0,1.0,58900.0,60,1900.0,0,1,0,0,train,0.51,0,1,0,2.0,1.0,1.0,218.0,0.5,1.0,2500.0,2500.0,4
PH004665,AC001869,1,1,0,0,0,3.0,2.0,0.0,0.0,0.0,20.0,8.666666666666666,16.0,0.3333333333333333,0.0,1.0,1.0,23.332893518518517,88.99978009259259,0.0,1.0,2.0,0.6666666666666666,1.0,58900.0,60,1900.0,0,1,0,0,train,0.51,0,1,0,2.0,1.0,1.0,218.0,0.5,1.0,2500.0,2500.0,4
PH000516,AC001869,2,2,1,0,0,31.0,3.0,0.0,4.0,0.0,17.129032258064516,41.45161290322581,144.0,0.4838709677419355,0.12903225806451613,3.0,2.0,10.357291666666667,89.25980324074074,0.0,3.0,0.0,0.22580645161290322,1.0,58900.0,60,1900.0,0,1,0,0,train,0.51,0,1,0,2.0,1.0,1.0,218.0,0.5,1.0,2500.0,2500.0,4
PH004666,AC001869,4,3,0,0,0,5.0,0.0,0.0,0.0,0.0,30.8,0.0,0.0,1.0,0.0,1.0,1.0,23.08295138888889,74.45074074074074,0.0,1.0,0.0,0.0,0.0,58900.0,60,1900.0,0,1,0,0,train,0.51,0,1,0,2.0,1.0,1.0,218.0,0.5,1.0,2500.0,2500.0,4
PH004667,AC001870,3,0,1,0,0,18.0,0.0,0.0,3.0,0.0,22.166666666666668,24.333333333333332,262.0,0.8888888888888888,0.16666666666666666,1.0,1.0,14.30673611111111,87.36920138888888,0.0,7.0,0.0,0.16666666666666666,1.0,39900.0,81,2100.0,0,2,2,2,train,0.28,3,2,1,8.0,5.0,2.0,566.625,0.625,1.0,2500.0,2500.0,2
PH004668,AC001870,4,1,0,0,0,11.0,0.0,0.0,2.0,0.0,21.09090909090909,9.727272727272727,107.0,0.9090909090909091,0.18181818181818182,1.0,1.0,7.231875,56.350405092592595,0.0,3.0,0.0,0.18181818181818182,1.0,39900.0,81,2100.0,0,2,2,2,train,0.28,3,2,1,8.0,5.0,2.0,566.625,0.625,1.0,2500.0,2500.0,2
PH004671,AC001872,3,0,0,0,0,8.0,0.0,6.0,2.0,0.0,0.0,0.0,0.0,1.0,1.0,1.0,1.0,55.12107638888889,86.3187037037037,0.0,0.0,5.0,1.0,0.0,170150.0,85,4150.0,0,3,0,0,train,-1.0,1,2,1,8.0,0.0,1.0,220.875,0.0,1.0,4500.0,4500.0,4
PH004672,AC001872,0,1,0,0,0,8.0,0.0,0.0,0.0,0.0,31.25,0.0,0.0,1.0,0.0,1.0,1.0,28.267256944444444,52.274918981481484,0.0,1.0,0.0,0.0,0.0,170150.0,85,4150.0,0,3,0,0,train,-1.0,1,2,1,8.0,0.0,1.0,220.875,0.0,1.0,4500.0,4500.0,4
PH004673,AC001872,1,2,0,0,0,6.0,0.0,0.0,1.0,0.0,22.333333333333332,0.0,0.0,1.0,0.16666666666666666,1.0,1.0,2.380798611111111,24.274270833333333,1.0,6.0,1.0,0.16666666666666666,0.0,170150.0,85,4150.0,0,3,0,0,train,-1.0,1,2,1,8.0,0.0,1.0,220.875,0.0,1.0,4500.0,4500.0,4
PH004674,AC001872,4,3,0,0,0,-1.0,-1.0,-1.0,-1.0,-1.0,-1.0,-1.0,-1.0,-1.0,-1.0,-1.0,-1.0,-1.0,-1.0,-1.0,-1.0,-1.0,-1.0,-1.0,170150.0,85,4150.0,0,3,0,0,train,-1.0,1,2,1,8.0,0.0,1.0,220.875,0.0,1.0,4500.0,4500.0,4
PH004675,AC001873,3,0,1,0,0,15.0,1.0,0.0,2.0,0.0,21.066666666666666,4.466666666666667,36.0,0.8,0.13333333333333333,1.0,1.0,18.34199074074074,84.36152777777778,0.0,2.0,1.0,0.2,1.0,437800.0,61,9950.0,0,6,3,2,train,0.48,0,1,1,6.0,3.0,0.0,445.1666666666667,0.5,1.0,12700.0,12700.0,2
PH000546,AC001873,2,1,1,0,0,39.0,2.0,0.0,2.0,0.0,18.23076923076923,49.41025641025641,147.0,0.46153846153846156,0.05128205128205128,4.0,1.0,0.2539236111111111,89.25194444444445,1.0,2.0,0.0,0.10256410256410256,1.0,437800.0,61,9950.0,0,6,3,2,train,0.48,0,1,1,6.0,3.0,0.0,445.1666666666667,0.5,1.0,12700.0,12700.0,2
PH004676,AC001874,3,0,1,0,0,10.0,0.0,0.0,1.0,0.0,21.6,80.4,324.0,0.5,0.1,2.0,2.0,62.007592592592594,84.31668981481481,0.0,0.0,1.0,0.1,1.0,236350.0,16,8150.0,1,2,1,0,train,0.78,0,1,1,-1.0,-1.0,-1.0,-1.0,-1.0,1.0,8150.0,8150.0,4
PH004677,AC001874,0,1,0,0,0,-1.0,-1.0,-1.0,-1.0,-1.0,-1.0,-1.0,-1.0,-1.0,-1.0,-1.0,-1.0,-1.0,-1.0,-1.0,-1.0,-1.0,-1.0,-1.0,236350.0,16,8150.0,1,2,1,0,train,0.78,0,1,1,-1.0,-1.0,-1.0,-1.0,-1.0,1.0,8150.0,8150.0,4
PH004678,AC001874,1,2,0,0,0,-1.0,-1.0,-1.0,-1.0,-1.0,-1.0,-1.0,-1.0,-1.0,-1.0,-1.0,-1.0,-1.0,-1.0,-1.0,-1.0,-1.0,-1.0,-1.0,236350.0,16,8150.0,1,2,1,0,train,0.78,0,1,1,-1.0,-1.0,-1.0,-1.0,-1.0,1.0,8150.0,8150.0,4
PH004679,AC001874,4,3,0,0,0,-1.0,-1.0,-1.0,-1.0,-1.0,-1.0,-1.0,-1.0,-1.0,-1.0,-1.0,-1.0,-1.0,-1.0,-1.0,-1.0,-1.0,-1.0,-1.0,236350.0,16,8150.0,1,2,1,0,train,0.78,0,1,1,-1.0,-1.0,-1.0,-1.0,-1.0,1.0,8150.0,8150.0,4
PH004680,AC001875,3,0,1,0,0,22.0,0.0,0.0,1.0,0.0,26.272727272727273,29.227272727272727,358.0,0.8181818181818182,0.045454545454545456,2.0,2.0,2.1483680555555558,86.30336805555555,1.0,3.0,0.0,0.045454545454545456,1.0,17850.0,0,1050.0,0,4,1,0,train,0.29,5,2,1,3.0,0.0,0.0,358.3333333333333,0.0,-1.0,-1.0,-1.0,2
PH004681,AC001875,4,1,1,0,0,11.0,1.0,0.0,0.0,0.0,15.636363636363637,60.36363636363637,150.0,0.2727272727272727,0.0,1.0,1.0,2.3463425925925927,19.174895833333334,3.0,11.0,1.0,0.09090909090909091,1.0,17850.0,0,1050.0,0,4,1,0,train,0.29,5,2,1,3.0,0.0,0.0,358.3333333333333,0.0,-1.0,-1.0,-1.0,2
PH004684,AC001877,3,0,1,0,0,7.0,0.0,0.0,0.0,0.0,22.571428571428573,24.714285714285715,76.0,0.42857142857142855,0.0,2.0,2.0,53.031585648148145,80.32824074074074,0.0,0.0,0.0,0.0,1.0,116800.0,5,3650.0,1,1,1,0,train,-1.0,5,1,1,-1.0,-1.0,-1.0,-1.0,-1.0,1.0,3650.0,3650.0,2
PH004685,AC001877,4,1,0,0,0,-1.0,-1.0,-1.0,-1.0,-1.0,-1.0,-1.0,-1.0,-1.0,-1.0,-1.0,-1.0,-1.0,-1.0,-1.0,-1.0,-1.0,-1.0,-1.0,116800.0,5,3650.0,1,1,1,0,train,-1.0,5,1,1,-1.0,-1.0,-1.0,-1.0,-1.0,1.0,3650.0,3650.0,2
PH004686,AC001878,3,0,0,0,0,-1.0,-1.0,-1.0,-1.0,-1.0,-1.0,-1.0,-1.0,-1.0,-1.0,-1.0,-1.0,-1.0,-1.0,-1.0,-1.0,-1.0,-1.0,-1.0,23000.0,241,1000.0,1,0,3,3,train,-1.0,3,2,0,1.0,0.0,0.0,494.0,0.0,1.0,9000.0,9000.0,2
PH004687,AC001878,0,1,1,0,0,2.0,0.0,0.0,0.0,0.0,19.5,13.0,26.0,0.5,0.0,1.0,1.0,81.4034837962963,86.39662037037037,0.0,0.0,0.0,0.0,1.0,23000.0,241,1000.0,1,0,3,3,train,-1.0,3,2,0,1.0,0.0,0.0,494.0,0.0,1.0,9000.0,9000.0,2
PH004697,AC001882,3,0,1,0,0,17.0,0.0,0.0,2.0,0.0,25.058823529411764,14.647058823529411,249.0,0.9411764705882353,0.11764705882352941,2.0,2.0,1.3943402777777778,83.39984953703704,3.0,9.0,0.0,0.11764705882352941,1.0,267150.0,14,6850.0,3,1,0,0,train,0.67,2,2,1,-1.0,-1.0,-1.0,-1.0,-1.0,-1.0,-1.0,-1.0,3
PH004698,AC001882,0,1,1,0,0,10.0,0.0,0.0,1.0,0.0,12.8,31.4,314.0,0.9,0.1,1.0,1.0,0.3027314814814815,63.39982638888889,1.0,1.0,0.0,0.1,1.0,267150.0,14,6850.0,3,1,0,0,train,0.67,2,2,1,-1.0,-1.0,-1.0,-1.0,-1.0,-1.0,-1.0,-1.0,3
PH004699,AC001882,4,2,0,0,0,8.0,1.0,0.0,0.0,0.0,25.875,54.125,120.0,0.5,0.0,1.0,1.0,29.327233796296298,38.04525462962963,0.0,1.0,1.0,0.125,1.0,267150.0,14,6850.0,3,1,0,0,train,0.67,2,2,1,-1.0,-1.0,-1.0,-1.0,-1.0,-1.0,-1.0,-1.0,3
PH004700,AC001883,3,0,1,0,0,37.0,0.0,0.0,6.0,0.0,20.135135135135137,21.83783783783784,331.0,0.8918918918918919,0.16216216216216217,2.0,2.0,4.141921296296296,82.43628472222223,4.0,20.0,0.0,0.16216216216216217,1.0,190400.0,0,5600.0,0,1,1,1,train,0.56,2,1,1,-1.0,-1.0,-1.0,-1.0,-1.0,1.0,5600.0,5600.0,2
PH004701,AC001883,0,1,0,0,0,8.0,0.0,0.0,2.0,0.0,16.0,0.0,0.0,1.0,0.25,1.0,1.0,32.44431712962963,37.326828703703704,0.0,0.0,2.0,0.25,0.0,190400.0,0,5600.0,0,1,1,1,train,0.56,2,1,1,-1.0,-1.0,-1.0,-1.0,-1.0,1.0,5600.0,5600.0,2
PH004703,AC001885,3,0,1,0,0,22.0,0.0,0.0,0.0,0.0,24.318181818181817,72.0,401.0,0.5454545454545454,0.0,2.0,2.0,19.419027777777778,88.39056712962963,0.0,7.0,0.0,0.0,1.0,201300.0,0,9150.0,2,1,0,0,train,-1.0,0,2,1,-1.0,-1.0,-1.0,-1.0,-1.0,2.0,9150.0,4575.0,2
PH004704,AC001885,4,1,0,0,0,-1.0,-1.0,-1.0,-1.0,-1.0,-1.0,-1.0,-1.0,-1.0,-1.0,-1.0,-1.0,-1.0,-1.0,-1.0,-1.0,-1.0,-1.0,-1.0,201300.0,0,9150.0,2,1,0,0,train,-1.0,0,2,1,-1.0,-1.0,-1.0,-1.0,-1.0,2.0,9150.0,4575.0,2
PH004705,AC001886,3,0,1,0,0,5.0,0.0,0.0,0.0,0.0,17.6,113.0,418.0,0.4,0.0,2.0,2.0,47.40045138888889,88.41994212962963,0.0,0.0,0.0,0.0,1.0,49500.0,8,4500.0,1,1,1,0,train,-1.0,5,1,1,-1.0,-1.0,-1.0,-1.0,-1.0,1.0,4500.0,4500.0,2
PH004706,AC001886,0,1,0,0,0,-1.0,-1.0,-1.0,-1.0,-1.0,-1.0,-1.0,-1.0,-1.0,-1.0,-1.0,-1.0,-1.0,-1.0,-1.0,-1.0,-1.0,-1.0,-1.0,49500.0,8,4500.0,1,1,1,0,train,-1.0,5,1,1,-1.0,-1.0,-1.0,-1.0,-1.0,1.0,4500.0,4500.0,2
PH004707,AC001887,3,0,1,0,0,3.0,0.0,0.0,0.0,0.0,17.0,152.33333333333334,415.0,0.3333333333333333,0.0,2.0,2.0,76.41498842592593,84.41111111111111,0.0,0.0,0.0,0.0,1.0,127650.0,5,5550.0,1,0,1,1,train,0.79,0,1,1,-1.0,-1.0,-1.0,-1.0,-1.0,3.0,5550.0,1850.0,2
PH004708,AC001887,0,1,0,0,0,-1.0,-1.0,-1.0,-1.0,-1.0,-1.0,-1.0,-1.0,-1.0,-1.0,-1.0,-1.0,-1.0,-1.0,-1.0,-1.0,-1.0,-1.0,-1.0,127650.0,5,5550.0,1,0,1,1,train,0.79,0,1,1,-1.0,-1.0,-1.0,-1.0,-1.0,3.0,5550.0,1850.0,2
PH004713,AC001890,3,0,1,0,0,30.0,0.0,19.0,6.0,0.0,4.1,6.433333333333334,87.0,0.9,0.8333333333333334,1.0,1.0,7.270381944444445,88.24966435185185,0.0,7.0,0.0,0.8333333333333334,1.0,233100.0,31,5550.0,0,1,1,1,train,-1.0,0,1,1,6.0,2.0,2.0,563.3333333333334,0.3333333333333333,-1.0,-1.0,-1.0,1
PH004714,AC001891,3,0,0,0,0,8.0,1.0,0.0,1.0,0.0,16.75,1.75,14.0,0.875,0.125,2.0,2.0,77.28909722222222,89.41395833333333,0.0,0.0,1.0,0.25,1.0,24300.0,22,1350.0,0,4,2,2,train,0.45,5,2,1,-1.0,-1.0,-1.0,-1.0,-1.0,1.0,800.0,800.0,3
PH004715,AC001891,0,1,1,0,0,16.0,0.0,0.0,0.0,0.0,28.8125,11.3125,75.0,0.8125,0.0,1.0,1.0,31.270243055555557,77.18309027777778,0.0,0.0,0.0,0.0,1.0,24300.0,22,1350.0,0,4,2,2,train,0.45,5,2,1,-1.0,-1.0,-1.0,-1.0,-1.0,1.0,800.0,800.0,3
PH004716,AC001891,4,2,1,0,0,15.0,0.0,0.0,1.0,0.0,16.533333333333335,55.8,140.0,0.3333333333333333,0.06666666666666667,1.0,1.0,8.115555555555556,28.374375,0.0,15.0,0.0,0.06666666666666667,1.0,24300.0,22,1350.0,0,4,2,2,train,0.45,5,2,1,-1.0,-1.0,-1.0,-1.0,-1.0,1.0,800.0,800.0,3
PH004717,AC001892,3,0,0,0,0,2.0,0.0,0.0,0.0,2.0,0.0,0.0,0.0,1.0,1.0,1.0,1.0,89.04300925925926,89.41694444444444,0.0,0.0,2.0,0.0,0.0,148200.0,35,3900.0,0,3,1,1,train,-1.0,2,1,0,4.0,0.0,4.0,157.0,0.0,-1.0,-1.0,-1.0,3
PH004718,AC001892,4,1,1,0,0,27.0,1.0,0.0,3.0,0.0,20.74074074074074,46.48148148148148,148.0,0.5185185185185185,0.1111111111111111,1.0,1.0,4.230358796296296,82.4283449074074,1.0,3.0,0.0,0.14814814814814814,1.0,148200.0,35,3900.0,0,3,1,1,train,-1.0,2,1,0,4.0,0.0,4.0,157.0,0.0,-1.0,-1.0,-1.0,3
PH004719,AC001893,3,0,1,0,0,33.0,0.0,0.0,1.0,0.0,20.363636363636363,85.3030303030303,403.0,0.6363636363636364,0.030303030303030304,2.0,2.0,0.3497222222222222,87.3225462962963,3.0,11.0,0.0,0.030303030303030304,1.0,123900.0,21,2950.0,1,2,1,0,train,0.72,1,2,1,4.0,0.0,4.0,139.25,0.0,-1.0,-1.0,-1.0,2
PH004720,AC001893,4,1,0,0,0,8.0,0.0,0.0,1.0,0.0,27.25,14.375,62.0,0.75,0.125,1.0,1.0,60.34974537037037,74.15311342592592,0.0,0.0,1.0,0.125,1.0,123900.0,21,2950.0,1,2,1,0,train,0.72,1,2,1,4.0,0.0,4.0,139.25,0.0,-1.0,-1.0,-1.0,2
PH004727,AC001897,3,0,0,0,0,16.0,0.0,7.0,2.0,0.0,11.6875,0.0,0.0,1.0,0.5625,2.0,2.0,18.426319444444445,87.42954861111112,0.0,8.0,0.0,0.5625,0.0,39900.0,1,2100.0,0,3,0,0,train,0.15,5,2,1,1.0,1.0,0.0,1222.0,1.0,2.0,2100.0,1050.0,2
PH004728,AC001897,4,1,1,0,0,20.0,1.0,0.0,1.0,0.0,24.5,43.0,149.0,0.55,0.05,2.0,2.0,2.1684027777777777,66.30755787037037,3.0,13.0,2.0,0.1,1.0,39900.0,1,2100.0,0,3,0,0,train,0.15,5,2,1,1.0,1.0,0.0,1222.0,1.0,2.0,2100.0,1050.0,2
PH004729,AC001898,3,0,0,0,0,16.0,1.0,5.0,1.0,0.0,18.9375,4.4375,32.0,0.8125,0.375,2.0,2.0,12.057847222222222,86.40784722222222,0.0,4.0,5.0,0.4375,1.0,56000.0,6,1600.0,0,4,0,0,train,0.21,3,0,0,-1.0,-1.0,-1.0,-1.0,-1.0,1.0,1600.0,1600.0,4
PH004730,AC001898,0,1,1,0,0,7.0,1.0,0.0,0.0,0.0,29.0,8.857142857142858,32.0,0.7142857142857143,0.0,2.0,2.0,27.39587962962963,87.40630787037037,0.0,1.0,0.0,0.14285714285714285,1.0,56000.0,6,1600.0,0,4,0,0,train,0.21,3,0,0,-1.0,-1.0,-1.0,-1.0,-1.0,1.0,1600.0,1600.0,4
PH004731,AC001898,4,2,1,0,0,12.0,1.0,0.0,1.0,0.0,15.916666666666666,63.583333333333336,139.0,0.3333333333333333,0.08333333333333333,2.0,2.0,8.398668981481482,84.18616898148149,0.0,7.0,2.0,0.16666666666666666,1.0,56000.0,6,1600.0,0,4,0,0,train,0.21,3,0,0,-1.0,-1.0,-1.0,-1.0,-1.0,1.0,1600.0,1600.0,4
PH004732,AC001899,3,0,1,0,0,22.0,0.0,1.0,2.0,0.0,24.5,40.45454545454545,329.0,0.8181818181818182,0.13636363636363635,1.0,1.0,2.356886574074074,87.37736111111111,2.0,2.0,0.0,0.13636363636363635,1.0,1450400.0,49,29600.0,2,0,2,0,train,0.68,5,2,1,-1.0,-1.0,-1.0,-1.0,-1.0,-1.0,-1.0,-1.0,2
PH004733,AC001899,4,1,1,0,0,12.0,0.0,0.0,1.0,0.0,18.916666666666668,35.0,119.0,0.4166666666666667,0.08333333333333333,1.0,1.0,3.3629050925925927,40.27364583333333,1.0,4.0,1.0,0.08333333333333333,1.0,1450400.0,49,29600.0,2,0,2,0,train,0.68,5,2,1,-1.0,-1.0,-1.0,-1.0,-1.0,-1.0,-1.0,-1.0,2
PH004734,AC001900,3,0,1,0,0,26.0,0.0,0.0,1.0,0.0,26.26923076923077,44.07692307692308,394.0,0.6538461538461539,0.038461538461538464,1.0,1.0,0.4469328703703704,83.29537037037036,2.0,4.0,0.0,0.038461538461538464,1.0,186450.0,75,16950.0,0,1,2,1,train,0.45,0,1,1,8.0,1.0,5.0,206.0,0.125,-1.0,-1.0,-1.0,3
PH004735,AC001900,1,1,0,0,0,-1.0,-1.0,-1.0,-1.0,-1.0,-1.0,-1.0,-1.0,-1.0,-1.0,-1.0,-1.0,-1.0,-1.0,-1.0,-1.0,-1.0,-1.0,-1.0,186450.0,75,16950.0,0,1,2,1,train,0.45,0,1,1,8.0,1.0,5.0,206.0,0.125,-1.0,-1.0,-1.0,3
PH004736,AC001900,4,2,0,0,0,-1.0,-1.0,-1.0,-1.0,-1.0,-1.0,-1.0,-1.0,-1.0,-1.0,-1.0,-1.0,-1.0,-1.0,-1.0,-1.0,-1.0,-1.0,-1.0,186450.0,75,16950.0,0,1,2,1,train,0.45,0,1,1,8.0,1.0,5.0,206.0,0.125,-1.0,-1.0,-1.0,3
PH004741,AC001903,3,0,1,0,0,28.0,2.0,0.0,2.0,0.0,21.392857142857142,18.071428571428573,374.0,0.8571428571428571,0.07142857142857142,2.0,2.0,25.34539351851852,82.41277777777778,0.0,4.0,0.0,0.14285714285714285,1.0,265200.0,16,6800.0,0,4,0,0,train,0.67,0,2,1,3.0,0.0,2.0,199.0,0.0,-1.0,-1.0,-1.0,2
PH004742,AC001903,1,1,0,0,0,5.0,2.0,0.0,0.0,0.0,14.8,12.4,38.0,0.4,0.0,1.0,1.0,40.41991898148148,48.410011574074076,0.0,0.0,2.0,0.4,1.0,265200.0,16,6800.0,0,4,0,0,train,0.67,0,2,1,3.0,0.0,2.0,199.0,0.0,-1.0,-1.0,-1.0,2
PH004743,AC001904,3,0,1,0,0,7.0,1.0,0.0,0.0,0.0,28.428571428571427,13.285714285714286,61.0,0.7142857142857143,0.0,1.0,1.0,73.05462962962963,87.27510416666667,0.0,0.0,1.0,0.14285714285714285,1.0,196800.0,67,4100.0,0,4,2,0,train,0.74,0,1,1,2.0,0.0,1.0,185.0,0.0,2.0,12300.0,6150.0,1
PH004746,AC001906,3,0,1,0,0,8.0,0.0,0.0,0.0,0.0,21.125,58.625,379.0,0.625,0.0,1.0,1.0,62.00189814814815,88.25724537037037,0.0,0.0,0.0,0.0,1.0,41000.0,50,4100.0,1,1,3,2,train,0.8,0,1,1,-1.0,-1.0,-1.0,-1.0,-1.0,1.0,8200.0,8200.0,2
PH004747,AC001906,4,1,0,0,0,-1.0,-1.0,-1.0,-1.0,-1.0,-1.0,-1.0,-1.0,-1.0,-1.0,-1.0,-1.0,-1.0,-1.0,-1.0,-1.0,-1.0,-1.0,-1.0,41000.0,50,4100.0,1,1,3,2,train,0.8,0,1,1,-1.0,-1.0,-1.0,-1.0,-1.0,1.0,8200.0,8200.0,2
PH004748,AC001907,3,0,0,0,0,8.0,0.0,0.0,0.0,0.0,24.625,0.0,0.0,1.0,0.0,1.0,1.0,60.31443287037037,82.37070601851852,0.0,0.0,0.0,0.0,0.0,894250.0,160,18250.0,0,4,1,0,train,0.61,5,2,1,9.0,4.0,0.0,476.1111111111111,0.4444444444444444,1.0,76200.0,76200.0,3
PH004749,AC001907,0,1,1,0,0,16.0,0.0,0.0,1.0,0.0,22.9375,46.9375,366.0,0.6875,0.0625,1.0,1.0,3.4344675925925925,59.42011574074074,3.0,6.0,0.0,0.0625,1.0,894250.0,160,18250.0,0,4,1,0,train,0.61,5,2,1,9.0,4.0,0.0,476.1111111111111,0.4444444444444444,1.0,76200.0,76200.0,3
PH004750,AC001907,1,2,0,0,0,-1.0,-1.0,-1.0,-1.0,-1.0,-1.0,-1.0,-1.0,-1.0,-1.0,-1.0,-1.0,-1.0,-1.0,-1.0,-1.0,-1.0,-1.0,-1.0,894250.0,160,18250.0,0,4,1,0,train,0.61,5,2,1,9.0,4.0,0.0,476.1111111111111,0.4444444444444444,1.0,76200.0,76200.0,3
PH004753,AC001909,3,0,1,0,0,17.0,0.0,0.0,3.0,0.0,27.647058823529413,17.647058823529413,120.0,0.8235294117647058,0.17647058823529413,1.0,1.0,59.08303240740741,89.27429398148148,0.0,0.0,1.0,0.17647058823529413,1.0,34400.0,34,800.0,0,0,4,2,train,0.6,5,0,1,5.0,0.0,1.0,275.2,0.0,-1.0,-1.0,-1.0,3
PH004754,AC001909,0,1,1,0,0,22.0,0.0,0.0,2.0,0.0,25.90909090909091,21.59090909090909,216.0,0.8181818181818182,0.09090909090909091,1.0,1.0,2.2783333333333333,58.260428240740744,1.0,9.0,0.0,0.09090909090909091,1.0,34400.0,34,800.0,0,0,4,2,train,0.6,5,0,1,5.0,0.0,1.0,275.2,0.0,-1.0,-1.0,-1.0,3
PH004755,AC001909,4,2,0,0,0,-1.0,-1.0,-1.0,-1.0,-1.0,-1.0,-1.0,-1.0,-1.0,-1.0,-1.0,-1.0,-1.0,-1.0,-1.0,-1.0,-1.0,-1.0,-1.0,34400.0,34,800.0,0,0,4,2,train,0.6,5,0,1,5.0,0.0,1.0,275.2,0.0,-1.0,-1.0,-1.0,3
PH004756,AC001910,3,0,0,0,0,-1.0,-1.0,-1.0,-1.0,-1.0,-1.0,-1.0,-1.0,-1.0,-1.0,-1.0,-1.0,-1.0,-1.0,-1.0,-1.0,-1.0,-1.0,-1.0,26400.0,0,800.0,2,0,1,1,train,0.41,5,2,1,-1.0,-1.0,-1.0,-1.0,-1.0,1.0,800.0,800.0,4
PH004757,AC001910,0,1,0,0,0,-1.0,-1.0,-1.0,-1.0,-1.0,-1.0,-1.0,-1.0,-1.0,-1.0,-1.0,-1.0,-1.0,-1.0,-1.0,-1.0,-1.0,-1.0,-1.0,26400.0,0,800.0,2,0,1,1,train,0.41,5,2,1,-1.0,-1.0,-1.0,-1.0,-1.0,1.0,800.0,800.0,4
PH004758,AC001910,1,2,0,0,0,-1.0,-1.0,-1.0,-1.0,-1.0,-1.0,-1.0,-1.0,-1.0,-1.0,-1.0,-1.0,-1.0,-1.0,-1.0,-1.0,-1.0,-1.0,-1.0,26400.0,0,800.0,2,0,1,1,train,0.41,5,2,1,-1.0,-1.0,-1.0,-1.0,-1.0,1.0,800.0,800.0,4
PH004759,AC001910,4,3,0,0,0,-1.0,-1.0,-1.0,-1.0,-1.0,-1.0,-1.0,-1.0,-1.0,-1.0,-1.0,-1.0,-1.0,-1.0,-1.0,-1.0,-1.0,-1.0,-1.0,26400.0,0,800.0,2,0,1,1,train,0.41,5,2,1,-1.0,-1.0,-1.0,-1.0,-1.0,1.0,800.0,800.0,4
PH004760,AC001911,3,0,1,0,0,29.0,0.0,0.0,1.0,0.0,26.586206896551722,41.37931034482759,366.0,0.7241379310344828,0.034482758620689655,2.0,2.0,4.166331018518519,81.36630787037036,2.0,7.0,0.0,0.034482758620689655,1.0,398400.0,0,8300.0,1,2,0,0,train,-1.0,5,2,1,-1.0,-1.0,-1.0,-1.0,-1.0,2.0,5600.0,2800.0,1
PH004764,AC001913,3,0,1,0,0,8.0,0.0,0.0,0.0,0.0,23.125,37.25,134.0,0.5,0.0,2.0,2.0,67.33515046296296,89.36460648148149,0.0,0.0,0.0,0.0,1.0,120600.0,12,6700.0,1,2,1,0,train,0.62,0,1,0,-1.0,-1.0,-1.0,-1.0,-1.0,2.0,6700.0,3350.0,1
PH004765,AC001914,3,0,0,0,0,-1.0,-1.0,-1.0,-1.0,-1.0,-1.0,-1.0,-1.0,-1.0,-1.0,-1.0,-1.0,-1.0,-1.0,-1.0,-1.0,-1.0,-1.0,-1.0,65800.0,7,2350.0,0,4,1,1,train,-1.0,5,2,0,-1.0,-1.0,-1.0,-1.0,-1.0,1.0,2350.0,2350.0,3
PH004766,AC001914,0,1,0,0,0,1.0,0.0,0.0,0.0,0.0,34.0,0.0,0.0,1.0,0.0,1.0,1.0,89.41208333333333,89.41208333333333,0.0,0.0,0.0,0.0,0.0,65800.0,7,2350.0,0,4,1,1,train,-1.0,5,2,0,-1.0,-1.0,-1.0,-1.0,-1.0,1.0,2350.0,2350.0,3
PH004767,AC001914,4,2,0,0,0,-1.0,-1.0,-1.0,-1.0,-1.0,-1.0,-1.0,-1.0,-1.0,-1.0,-1.0,-1.0,-1.0,-1.0,-1.0,-1.0,-1.0,-1.0,-1.0,65800.0,7,2350.0,0,4,1,1,train,-1.0,5,2,0,-1.0,-1.0,-1.0,-1.0,-1.0,1.0,2350.0,2350.0,3
PH004768,AC001915,3,0,1,0,0,22.0,0.0,0.0,2.0,0.0,24.818181818181817,48.59090909090909,385.0,0.6818181818181818,0.09090909090909091,1.0,1.0,4.228796296296296,89.28065972222223,2.0,10.0,0.0,0.09090909090909091,1.0,537600.0,37,11200.0,0,8,2,0,train,0.3,0,1,1,1.0,1.0,0.0,663.0,1.0,1.0,10200.0,10200.0,2
PH000486,AC001915,2,1,0,0,0,-1.0,-1.0,-1.0,-1.0,-1.0,-1.0,-1.0,-1.0,-1.0,-1.0,-1.0,-1.0,-1.0,-1.0,-1.0,-1.0,-1.0,-1.0,-1.0,537600.0,37,11200.0,0,8,2,0,train,0.3,0,1,1,1.0,1.0,0.0,663.0,1.0,1.0,10200.0,10200.0,2
PH004769,AC001916,3,0,0,0,0,8.0,0.0,7.0,1.0,0.0,0.0,0.0,0.0,1.0,1.0,2.0,2.0,70.2539236111111,87.35068287037036,0.0,0.0,5.0,1.0,0.0,680550.0,5,17450.0,1,3,2,1,train,0.38,2,1,1,-1.0,-1.0,-1.0,-1.0,-1.0,1.0,17450.0,17450.0,3
PH004770,AC001916,0,1,1,0,0,15.0,0.0,0.0,2.0,0.0,19.933333333333334,51.733333333333334,334.0,0.6666666666666666,0.13333333333333333,2.0,2.0,26.276516203703704,68.43520833333334,0.0,1.0,0.0,0.13333333333333333,1.0,680550.0,5,17450.0,1,3,2,1,train,0.38,2,1,1,-1.0,-1.0,-1.0,-1.0,-1.0,1.0,17450.0,17450.0,3
PH004771,AC001916,1,2,0,0,0,-1.0,-1.0,-1.0,-1.0,-1.0,-1.0,-1.0,-1.0,-1.0,-1.0,-1.0,-1.0,-1.0,-1.0,-1.0,-1.0,-1.0,-1.0,-1.0,680550.0,5,17450.0,1,3,2,1,train,0.38,2,1,1,-1.0,-1.0,-1.0,-1.0,-1.0,1.0,17450.0,17450.0,3
PH004772,AC001917,3,0,1,0,0,34.0,0.0,0.0,4.0,0.0,24.147058823529413,40.588235294117645,347.0,0.7941176470588235,0.11764705882352941,2.0,2.0,0.11350694444444444,87.43496527777778,7.0,21.0,1.0,0.11764705882352941,1.0,482850.0,0,16650.0,1,3,0,0,train,0.71,2,1,1,-1.0,-1.0,-1.0,-1.0,-1.0,1.0,8900.0,8900.0,1
PH004773,AC001918,3,0,1,0,0,9.0,0.0,3.0,1.0,0.0,13.333333333333334,8.88888888888889,44.0,0.7777777777777778,0.4444444444444444,1.0,1.0,4.356435185185185,77.44537037037037,2.0,2.0,2.0,0.4444444444444444,1.0,428400.0,22,11900.0,0,3,1,0,train,-1.0,0,2,0,1.0,1.0,0.0,931.0,1.0,2.0,9400.0,4700.0,2
PH004774,AC001918,4,1,0,0,0,11.0,0.0,0.0,1.0,0.0,25.545454545454547,30.181818181818183,140.0,0.7272727272727273,0.09090909090909091,2.0,2.0,5.228692129629629,87.37219907407408,2.0,4.0,0.0,0.09090909090909091,1.0,428400.0,22,11900.0,0,3,1,0,train,-1.0,0,2,0,1.0,1.0,0.0,931.0,1.0,2.0,9400.0,4700.0,2
PH004782,AC001922,3,0,0,0,0,8.0,0.0,1.0,1.0,0.0,20.75,2.375,19.0,0.875,0.25,2.0,2.0,57.35861111111111,87.3294212962963,0.0,0.0,2.0,0.25,1.0,131250.0,16,5250.0,0,6,0,0,train,-1.0,0,2,1,-1.0,-1.0,-1.0,-1.0,-1.0,2.0,4200.0,2100.0,4
PH004783,AC001922,0,1,1,0,0,12.0,0.0,0.0,0.0,0.0,31.416666666666668,32.416666666666664,308.0,0.75,0.0,1.0,1.0,2.2532060185185183,56.42547453703704,3.0,11.0,0.0,0.0,1.0,131250.0,16,5250.0,0,6,0,0,train,-1.0,0,2,1,-1.0,-1.0,-1.0,-1.0,-1.0,2.0,4200.0,2100.0,4
PH004784,AC001922,1,2,0,0,0,-1.0,-1.0,-1.0,-1.0,-1.0,-1.0,-1.0,-1.0,-1.0,-1.0,-1.0,-1.0,-1.0,-1.0,-1.0,-1.0,-1.0,-1.0,-1.0,131250.0,16,5250.0,0,6,0,0,train,-1.0,0,2,1,-1.0,-1.0,-1.0,-1.0,-1.0,2.0,4200.0,2100.0,4
PH004785,AC001922,4,3,0,0,0,-1.0,-1.0,-1.0,-1.0,-1.0,-1.0,-1.0,-1.0,-1.0,-1.0,-1.0,-1.0,-1.0,-1.0,-1.0,-1.0,-1.0,-1.0,-1.0,131250.0,16,5250.0,0,6,0,0,train,-1.0,0,2,1,-1.0,-1.0,-1.0,-1.0,-1.0,2.0,4200.0,2100.0,4
PH004786,AC001923,3,0,1,0,0,9.0,0.0,0.0,2.0,0.0,22.444444444444443,5.0,29.0,0.7777777777777778,0.2222222222222222,1.0,1.0,24.114814814814814,61.34861111111111,0.0,2.0,1.0,0.2222222222222222,1.0,77900.0,234,4100.0,0,3,2,0,train,0.27,1,2,1,6.0,3.0,2.0,436.3333333333333,0.5,1.0,13400.0,13400.0,2
PH004787,AC001923,0,1,0,0,0,-1.0,-1.0,-1.0,-1.0,-1.0,-1.0,-1.0,-1.0,-1.0,-1.0,-1.0,-1.0,-1.0,-1.0,-1.0,-1.0,-1.0,-1.0,-1.0,77900.0,234,4100.0,0,3,2,0,train,0.27,1,2,1,6.0,3.0,2.0,436.3333333333333,0.5,1.0,13400.0,13400.0,2
PH004788,AC001924,3,0,0,0,0,16.0,0.0,0.0,4.0,0.0,21.9375,0.0,0.0,1.0,0.25,1.0,1.0,0.4289699074074074,86.41387731481481,3.0,8.0,2.0,0.25,0.0,18700.0,27,1700.0,0,2,0,0,train,-1.0,2,0,1,-1.0,-1.0,-1.0,-1.0,-1.0,-1.0,-1.0,-1.0,2
PH004789,AC001924,4,1,0,0,0,9.0,1.0,0.0,0.0,0.0,21.77777777777778,61.44444444444444,136.0,0.4444444444444444,0.0,1.0,1.0,0.0862962962962963,49.38585648148148,1.0,1.0,0.0,0.1111111111111111,1.0,18700.0,27,1700.0,0,2,0,0,train,-1.0,2,0,1,-1.0,-1.0,-1.0,-1.0,-1.0,-1.0,-1.0,-1.0,2
PH004792,AC001926,3,0,0,0,0,8.0,0.0,6.0,2.0,0.0,0.0,0.0,0.0,1.0,1.0,1.0,1.0,53.301886574074075,88.34725694444444,0.0,0.0,5.0,1.0,0.0,68250.0,122,1950.0,0,4,4,2,train,-1.0,3,0,1,6.0,0.0,3.0,167.33333333333334,0.0,-1.0,-1.0,-1.0,2
PH004793,AC001926,4,1,1,0,0,14.0,0.0,0.0,0.0,0.0,26.642857142857142,29.785714285714285,126.0,0.6428571428571429,0.0,1.0,1.0,0.3742361111111111,52.25516203703704,3.0,10.0,0.0,0.0,1.0,68250.0,122,1950.0,0,4,4,2,train,-1.0,3,0,1,6.0,0.0,3.0,167.33333333333334,0.0,-1.0,-1.0,-1.0,2
PH004795,AC001928,3,0,0,0,0,8.0,0.0,0.0,0.0,0.0,18.75,0.0,0.0,1.0,0.0,2.0,2.0,65.33306712962963,88.44295138888889,0.0,0.0,0.0,0.0,0.0,50400.0,15,1050.0,2,2,0,0,train,0.92,5,2,1,1.0,1.0,0.0,1151.0,1.0,-1.0,-1.0,-1.0,2
PH004796,AC001928,0,1,1,0,0,33.0,0.0,0.0,1.0,0.0,27.818181818181817,61.60606060606061,388.0,0.7272727272727273,0.030303030303030304,1.0,1.0,5.395578703703704,63.425497685185185,2.0,19.0,0.0,0.030303030303030304,1.0,50400.0,15,1050.0,2,2,0,0,train,0.92,5,2,1,1.0,1.0,0.0,1151.0,1.0,-1.0,-1.0,-1.0,2
PH004797,AC001929,3,0,1,0,0,10.0,0.0,0.0,1.0,0.0,25.2,59.4,283.0,0.7,0.1,2.0,2.0,52.44576388888889,83.03111111111112,0.0,0.0,0.0,0.1,1.0,78100.0,8,3550.0,1,0,2,1,train,0.3,2,1,0,-1.0,-1.0,-1.0,-1.0,-1.0,1.0,3550.0,3550.0,2
PH004798,AC001929,1,1,0,0,0,7.0,1.0,0.0,1.0,0.0,25.857142857142858,2.2857142857142856,16.0,0.8571428571428571,0.14285714285714285,2.0,2.0,51.30888888888889,89.28302083333334,0.0,0.0,1.0,0.2857142857142857,1.0,78100.0,8,3550.0,1,0,2,1,train,0.3,2,1,0,-1.0,-1.0,-1.0,-1.0,-1.0,1.0,3550.0,3550.0,2
PH004799,AC001930,3,0,1,0,0,31.0,1.0,0.0,1.0,0.0,25.741935483870968,62.516129032258064,355.0,0.6774193548387096,0.03225806451612903,1.0,1.0,0.22983796296296297,77.43662037037036,5.0,14.0,0.0,0.06451612903225806,1.0,244200.0,207,7400.0,0,1,7,6,train,0.59,0,1,1,4.0,0.0,0.0,186.0,0.0,-1.0,-1.0,-1.0,2
PH004800,AC001930,4,1,0,0,0,-1.0,-1.0,-1.0,-1.0,-1.0,-1.0,-1.0,-1.0,-1.0,-1.0,-1.0,-1.0,-1.0,-1.0,-1.0,-1.0,-1.0,-1.0,-1.0,244200.0,207,7400.0,0,1,7,6,train,0.59,0,1,1,4.0,0.0,0.0,186.0,0.0,-1.0,-1.0,-1.0,2
PH004801,AC001931,3,0,0,0,0,8.0,0.0,0.0,1.0,0.0,18.375,0.0,0.0,1.0,0.125,2.0,2.0,63.360601851851854,87.27075231481481,0.0,0.0,1.0,0.125,0.0,116400.0,0,4850.0,3,1,1,0,train,0.58,0,1,1,-1.0,-1.0,-1.0,-1.0,-1.0,1.0,4850.0,4850.0,3
PH004802,AC001931,0,1,1,0,0,11.0,0.0,0.0,0.0,0.0,24.454545454545453,20.90909090909091,99.0,0.6363636363636364,0.0,1.0,1.0,37.279826388888885,55.451770833333335,0.0,0.0,0.0,0.0,1.0,116400.0,0,4850.0,3,1,1,0,train,0.58,0,1,1,-1.0,-1.0,-1.0,-1.0,-1.0,1.0,4850.0,4850.0,3
PH004803,AC001931,1,2,0,0,0,-1.0,-1.0,-1.0,-1.0,-1.0,-1.0,-1.0,-1.0,-1.0,-1.0,-1.0,-1.0,-1.0,-1.0,-1.0,-1.0,-1.0,-1.0,-1.0,116400.0,0,4850.0,3,1,1,0,train,0.58,0,1,1,-1.0,-1.0,-1.0,-1.0,-1.0,1.0,4850.0,4850.0,3
PH004804,AC001932,3,0,0,0,0,-1.0,-1.0,-1.0,-1.0,-1.0,-1.0,-1.0,-1.0,-1.0,-1.0,-1.0,-1.0,-1.0,-1.0,-1.0,-1.0,-1.0,-1.0,-1.0,131400.0,4,3650.0,1,0,1,0,train,-1.0,1,1,1,-1.0,-1.0,-1.0,-1.0,-1.0,1.0,3650.0,3650.0,2
PH004805,AC001932,4,1,0,1,0,-1.0,-1.0,-1.0,-1.0,-1.0,-1.0,-1.0,-1.0,-1.0,-1.0,-1.0,-1.0,-1.0,-1.0,-1.0,-1.0,-1.0,-1.0,-1.0,131400.0,4,3650.0,1,0,1,0,train,-1.0,1,1,1,-1.0,-1.0,-1.0,-1.0,-1.0,1.0,3650.0,3650.0,2
PH004806,AC001933,3,0,0,0,0,8.0,1.0,0.0,0.0,0.0,25.75,1.125,9.0,0.875,0.0,1.0,1.0,75.33984953703704,89.31663194444444,0.0,0.0,1.0,0.125,1.0,34200.0,60,1900.0,1,1,1,0,train,0.7,1,1,1,5.0,2.0,0.0,534.0,0.4,1.0,1900.0,1900.0,3
PH004807,AC001933,0,1,1,0,0,19.0,0.0,0.0,1.0,0.0,24.31578947368421,69.10526315789474,416.0,0.631578947368421,0.05263157894736842,1.0,1.0,2.137141203703704,75.00886574074075,2.0,11.0,1.0,0.05263157894736842,1.0,34200.0,60,1900.0,1,1,1,0,train,0.7,1,1,1,5.0,2.0,0.0,534.0,0.4,1.0,1900.0,1900.0,3
PH004808,AC001933,4,2,0,0,0,-1.0,-1.0,-1.0,-1.0,-1.0,-1.0,-1.0,-1.0,-1.0,-1.0,-1.0,-1.0,-1.0,-1.0,-1.0,-1.0,-1.0,-1.0,-1.0,34200.0,60,1900.0,1,1,1,0,train,0.7,1,1,1,5.0,2.0,0.0,534.0,0.4,1.0,1900.0,1900.0,3
PH004809,AC001934,3,0,1,0,0,36.0,0.0,0.0,3.0,0.0,20.0,1.2222222222222223,44.0,0.9722222222222222,0.08333333333333333,1.0,1.0,7.43,89.33155092592592,0.0,9.0,0.0,0.08333333333333333,1.0,64800.0,359,1200.0,0,3,1,1,train,-1.0,3,0,1,-1.0,-1.0,-1.0,-1.0,-1.0,1.0,3900.0,3900.0,1
PH004812,AC001936,3,0,1,0,0,14.0,0.0,0.0,1.0,0.0,28.071428571428573,21.285714285714285,230.0,0.7857142857142857,0.07142857142857142,1.0,1.0,53.274537037037035,88.27304398148148,0.0,0.0,0.0,0.07142857142857142,1.0,150150.0,46,3850.0,1,3,0,0,train,-1.0,1,0,1,1.0,0.0,0.0,286.0,0.0,2.0,6300.0,3150.0,2
PH004813,AC001936,0,1,1,0,0,21.0,0.0,0.0,0.0,0.0,27.61904761904762,43.38095238095238,341.0,0.7619047619047619,0.0,1.0,1.0,2.0801736111111113,53.17857638888889,2.0,11.0,0.0,0.0,1.0,150150.0,46,3850.0,1,3,0,0,train,-1.0,1,0,1,1.0,0.0,0.0,286.0,0.0,2.0,6300.0,3150.0,2
PH004821,AC001942,3,0,1,0,0,40.0,0.0,0.0,4.0,0.0,23.0,21.95,396.0,0.875,0.1,1.0,1.0,4.0036805555555555,89.27122685185185,5.0,16.0,0.0,0.1,1.0,144000.0,48,4000.0,0,2,0,0,train,0.19,5,0,1,4.0,0.0,3.0,141.0,0.0,-1.0,-1.0,-1.0,1
PH004824,AC001944,3,0,0,0,0,16.0,0.0,0.0,2.0,0.0,20.6875,0.0,0.0,1.0,0.125,1.0,1.0,17.435381944444444,89.28788194444445,0.0,3.0,0.0,0.125,0.0,49500.0,51,4500.0,0,3,1,1,train,-1.0,2,1,1,3.0,0.0,1.0,150.0,0.0,-1.0,-1.0,-1.0,2
PH004825,AC001944,4,1,0,0,0,13.0,0.0,0.0,1.0,0.0,20.53846153846154,38.46153846153846,136.0,0.6153846153846154,0.07692307692307693,1.0,1.0,0.09438657407407407,71.38494212962964,5.0,5.0,0.0,0.07692307692307693,1.0,49500.0,51,4500.0,0,3,1,1,train,-1.0,2,1,1,3.0,0.0,1.0,150.0,0.0,-1.0,-1.0,-1.0,2
PH004826,AC001945,3,0,1,0,0,16.0,0.0,0.0,1.0,0.0,30.125,35.9375,270.0,0.6875,0.0625,1.0,1.0,3.3824421296296294,89.27270833333333,3.0,13.0,0.0,0.0625,1.0,39950.0,100,2350.0,0,2,1,0,train,-1.0,1,1,1,5.0,3.0,0.0,643.6,0.6,1.0,4700.0,4700.0,4
PH004827,AC001945,0,1,0,0,0,-1.0,-1.0,-1.0,-1.0,-1.0,-1.0,-1.0,-1.0,-1.0,-1.0,-1.0,-1.0,-1.0,-1.0,-1.0,-1.0,-1.0,-1.0,-1.0,39950.0,100,2350.0,0,2,1,0,train,-1.0,1,1,1,5.0,3.0,0.0,643.6,0.6,1.0,4700.0,4700.0,4
PH004828,AC001945,1,2,0,0,0,-1.0,-1.0,-1.0,-1.0,-1.0,-1.0,-1.0,-1.0,-1.0,-1.0,-1.0,-1.0,-1.0,-1.0,-1.0,-1.0,-1.0,-1.0,-1.0,39950.0,100,2350.0,0,2,1,0,train,-1.0,1,1,1,5.0,3.0,0.0,643.6,0.6,1.0,4700.0,4700.0,4
PH000341,AC001945,2,3,0,0,0,-1.0,-1.0,-1.0,-1.0,-1.0,-1.0,-1.0,-1.0,-1.0,-1.0,-1.0,-1.0,-1.0,-1.0,-1.0,-1.0,-1.0,-1.0,-1.0,39950.0,100,2350.0,0,2,1,0,train,-1.0,1,1,1,5.0,3.0,0.0,643.6,0.6,1.0,4700.0,4700.0,4
PH004829,AC001946,3,0,1,0,0,3.0,0.0,0.0,0.0,0.0,28.0,18.333333333333332,55.0,0.6666666666666666,0.0,1.0,1.0,85.43363425925926,86.25003472222222,0.0,0.0,0.0,0.0,1.0,213850.0,58,4550.0,0,1,0,0,train,-1.0,0,1,1,-1.0,-1.0,-1.0,-1.0,-1.0,2.0,9100.0,4550.0,4
PH004830,AC001946,1,1,0,0,0,-1.0,-1.0,-1.0,-1.0,-1.0,-1.0,-1.0,-1.0,-1.0,-1.0,-1.0,-1.0,-1.0,-1.0,-1.0,-1.0,-1.0,-1.0,-1.0,213850.0,58,4550.0,0,1,0,0,train,-1.0,0,1,1,-1.0,-1.0,-1.0,-1.0,-1.0,2.0,9100.0,4550.0,4
PH000400,AC001946,2,2,0,0,0,-1.0,-1.0,-1.0,-1.0,-1.0,-1.0,-1.0,-1.0,-1.0,-1.0,-1.0,-1.0,-1.0,-1.0,-1.0,-1.0,-1.0,-1.0,-1.0,213850.0,58,4550.0,0,1,0,0,train,-1.0,0,1,1,-1.0,-1.0,-1.0,-1.0,-1.0,2.0,9100.0,4550.0,4
PH004831,AC001946,4,3,0,0,0,-1.0,-1.0,-1.0,-1.0,-1.0,-1.0,-1.0,-1.0,-1.0,-1.0,-1.0,-1.0,-1.0,-1.0,-1.0,-1.0,-1.0,-1.0,-1.0,213850.0,58,4550.0,0,1,0,0,train,-1.0,0,1,1,-1.0,-1.0,-1.0,-1.0,-1.0,2.0,9100.0,4550.0,4
PH004832,AC001947,3,0,1,0,0,29.0,0.0,0.0,1.0,0.0,24.379310344827587,9.517241379310345,156.0,0.9310344827586207,0.034482758620689655,2.0,2.0,0.071875,83.35359953703704,4.0,11.0,0.0,0.034482758620689655,1.0,163200.0,0,10200.0,2,2,0,0,train,0.27,2,1,1,2.0,0.0,1.0,97.5,0.0,-1.0,-1.0,-1.0,2
PH004833,AC001947,1,1,0,0,0,3.0,2.0,0.0,0.0,0.0,19.0,16.333333333333332,31.0,0.3333333333333333,0.0,1.0,1.0,42.408171296296295,47.445625,0.0,0.0,2.0,0.6666666666666666,1.0,163200.0,0,10200.0,2,2,0,0,train,0.27,2,1,1,2.0,0.0,1.0,97.5,0.0,-1.0,-1.0,-1.0,2
PH004834,AC001948,3,0,1,0,0,14.0,0.0,0.0,0.0,0.0,28.642857142857142,43.142857142857146,341.0,0.7142857142857143,0.0,2.0,2.0,19.320625,88.39342592592592,0.0,6.0,0.0,0.0,1.0,260550.0,0,9650.0,2,2,1,0,train,-1.0,2,1,1,2.0,2.0,0.0,924.5,1.0,2.0,9650.0,4825.0,2
PH004835,AC001948,4,1,0,0,0,6.0,2.0,0.0,0.0,0.0,26.0,48.5,110.0,0.5,0.0,2.0,2.0,55.42856481481481,62.33875,0.0,0.0,1.0,0.3333333333333333,1.0,260550.0,0,9650.0,2,2,1,0,train,-1.0,2,1,1,2.0,2.0,0.0,924.5,1.0,2.0,9650.0,4825.0,2
PH004836,AC001949,3,0,0,0,0,8.0,0.0,0.0,0.0,0.0,29.875,0.0,0.0,1.0,0.0,1.0,1.0,67.4440162037037,88.40431712962963,0.0,0.0,0.0,0.0,0.0,29900.0,45,1300.0,0,0,2,0,train,-1.0,5,2,1,5.0,0.0,0.0,285.4,0.0,-1.0,-1.0,-1.0,3
PH004837,AC001949,4,1,0,0,0,7.0,0.0,0.0,1.0,0.0,23.857142857142858,21.142857142857142,90.0,0.7142857142857143,0.14285714285714285,1.0,1.0,42.3212037037037,67.10688657407407,0.0,0.0,0.0,0.14285714285714285,1.0,29900.0,45,1300.0,0,0,2,0,train,-1.0,5,2,1,5.0,0.0,0.0,285.4,0.0,-1.0,-1.0,-1.0,3
PH004839,AC001951,3,0,0,0,0,17.0,2.0,8.0,4.0,0.0,8.058823529411764,2.823529411764706,29.0,0.8823529411764706,0.7058823529411765,2.0,2.0,37.15474537037037,84.31910879629629,0.0,0.0,5.0,0.8235294117647058,1.0,85850.0,12,5050.0,0,1,1,1,train,-1.0,2,1,1,-1.0,-1.0,-1.0,-1.0,-1.0,1.0,3600.0,3600.0,2
PH004840,AC001952,3,0,1,0,0,36.0,0.0,0.0,4.0,0.0,21.916666666666668,48.69444444444444,299.0,0.6666666666666666,0.1111111111111111,2.0,2.0,0.38712962962962966,87.27997685185186,4.0,11.0,0.0,0.1111111111111111,1.0,68900.0,19,5300.0,0,3,0,0,train,-1.0,0,1,1,-1.0,-1.0,-1.0,-1.0,-1.0,-1.0,-1.0,-1.0,2
PH004841,AC001952,4,1,0,0,0,-1.0,-1.0,-1.0,-1.0,-1.0,-1.0,-1.0,-1.0,-1.0,-1.0,-1.0,-1.0,-1.0,-1.0,-1.0,-1.0,-1.0,-1.0,-1.0,68900.0,19,5300.0,0,3,0,0,train,-1.0,0,1,1,-1.0,-1.0,-1.0,-1.0,-1.0,-1.0,-1.0,-1.0,2
PH004844,AC001954,3,0,1,0,0,26.0,0.0,0.0,2.0,0.0,24.692307692307693,71.23076923076923,412.0,0.6923076923076923,0.07692307692307693,2.0,2.0,27.447465277777777,89.30813657407407,0.0,1.0,1.0,0.07692307692307693,1.0,118000.0,8,5900.0,1,1,0,0,train,-1.0,2,1,1,2.0,1.0,0.0,413.0,0.5,1.0,2700.0,2700.0,3
PH004845,AC001954,0,1,1,0,0,4.0,0.0,0.0,0.0,0.0,27.25,11.5,46.0,0.75,0.0,1.0,1.0,8.25070601851852,27.18900462962963,0.0,4.0,0.0,0.0,1.0,118000.0,8,5900.0,1,1,0,0,train,-1.0,2,1,1,2.0,1.0,0.0,413.0,0.5,1.0,2700.0,2700.0,3
PH004846,AC001954,4,2,0,0,0,-1.0,-1.0,-1.0,-1.0,-1.0,-1.0,-1.0,-1.0,-1.0,-1.0,-1.0,-1.0,-1.0,-1.0,-1.0,-1.0,-1.0,-1.0,-1.0,118000.0,8,5900.0,1,1,0,0,train,-1.0,2,1,1,2.0,1.0,0.0,413.0,0.5,1.0,2700.0,2700.0,3
PH004847,AC001955,3,0,1,0,0,24.0,1.0,0.0,2.0,0.0,21.5,1.875,31.0,0.9166666666666666,0.08333333333333333,2.0,2.0,25.436712962962964,87.45219907407407,0.0,1.0,0.0,0.125,1.0,118800.0,0,2700.0,1,1,0,0,train,0.39,5,1,1,1.0,0.0,0.0,152.0,0.0,1.0,2700.0,2700.0,1
PH004848,AC001956,3,0,0,0,0,8.0,0.0,0.0,1.0,0.0,31.875,0.0,0.0,1.0,0.125,2.0,2.0,63.25799768518519,86.39734953703703,0.0,0.0,1.0,0.125,0.0,29400.0,3,700.0,0,1,0,0,train,0.39,5,0,1,1.0,0.0,1.0,60.0,0.0,-1.0,-1.0,-1.0,3
PH004849,AC001956,0,1,1,0,0,25.0,0.0,0.0,4.0,0.0,26.32,33.48,338.0,0.8,0.16,1.0,1.0,2.300810185185185,56.339502314814816,3.0,9.0,1.0,0.16,1.0,29400.0,3,700.0,0,1,0,0,train,0.39,5,0,1,1.0,0.0,1.0,60.0,0.0,-1.0,-1.0,-1.0,3
PH004850,AC001956,1,2,0,0,0,-1.0,-1.0,-1.0,-1.0,-1.0,-1.0,-1.0,-1.0,-1.0,-1.0,-1.0,-1.0,-1.0,-1.0,-1.0,-1.0,-1.0,-1.0,-1.0,29400.0,3,700.0,0,1,0,0,train,0.39,5,0,1,1.0,0.0,1.0,60.0,0.0,-1.0,-1.0,-1.0,3
PH004851,AC001957,3,0,1,0,0,13.0,0.0,0.0,1.0,0.0,19.46153846153846,3.1538461538461537,41.0,0.9230769230769231,0.07692307692307693,1.0,1.0,52.33962962962963,88.26847222222223,0.0,0.0,1.0,0.07692307692307693,1.0,13500.0,43,1350.0,0,0,1,1,train,0.33,5,0,1,5.0,0.0,2.0,147.4,0.0,1.0,900.0,900.0,2
PH004852,AC001957,4,1,1,0,0,11.0,0.0,0.0,0.0,0.0,18.545454545454547,45.72727272727273,135.0,0.36363636363636365,0.0,1.0,1.0,0.050972222222222224,51.263194444444444,3.0,5.0,0.0,0.0,1.0,13500.0,43,1350.0,0,0,1,1,train,0.33,5,0,1,5.0,0.0,2.0,147.4,0.0,1.0,900.0,900.0,2
PH004854,AC001959,3,0,1,0,0,36.0,0.0,0.0,0.0,0.0,24.75,60.166666666666664,420.0,0.6388888888888888,0.0,1.0,1.0,0.40225694444444443,87.27621527777778,3.0,10.0,0.0,0.0,1.0,70150.0,41,3050.0,0,0,2,1,train,-1.0,5,2,1,2.0,1.0,0.0,708.5,0.5,2.0,2900.0,1450.0,3
PH004855,AC001959,0,1,0,0,0,-1.0,-1.0,-1.0,-1.0,-1.0,-1.0,-1.0,-1.0,-1.0,-1.0,-1.0,-1.0,-1.0,-1.0,-1.0,-1.0,-1.0,-1.0,-1.0,70150.0,41,3050.0,0,0,2,1,train,-1.0,5,2,1,2.0,1.0,0.0,708.5,0.5,2.0,2900.0,1450.0,3
PH004856,AC001959,4,2,0,0,0,-1.0,-1.0,-1.0,-1.0,-1.0,-1.0,-1.0,-1.0,-1.0,-1.0,-1.0,-1.0,-1.0,-1.0,-1.0,-1.0,-1.0,-1.0,-1.0,70150.0,41,3050.0,0,0,2,1,train,-1.0,5,2,1,2.0,1.0,0.0,708.5,0.5,2.0,2900.0,1450.0,3
PH004857,AC001960,3,0,1,0,0,25.0,0.0,0.0,1.0,0.0,27.48,69.08,402.0,0.68,0.04,1.0,1.0,5.303043981481482,70.38386574074075,1.0,7.0,0.0,0.04,1.0,78600.0,17,6550.0,1,3,2,1,train,1.0,0,1,1,1.0,0.0,1.0,70.0,0.0,2.0,4600.0,2300.0,2
PH004858,AC001960,0,1,0,0,0,-1.0,-1.0,-1.0,-1.0,-1.0,-1.0,-1.0,-1.0,-1.0,-1.0,-1.0,-1.0,-1.0,-1.0,-1.0,-1.0,-1.0,-1.0,-1.0,78600.0,17,6550.0,1,3,2,1,train,1.0,0,1,1,1.0,0.0,1.0,70.0,0.0,2.0,4600.0,2300.0,2
PH004864,AC001963,3,0,1,0,0,13.0,0.0,4.0,3.0,0.0,9.76923076923077,40.15384615384615,191.0,0.6923076923076923,0.5384615384615384,1.0,1.0,25.031701388888887,88.42131944444445,0.0,4.0,1.0,0.5384615384615384,1.0,48600.0,206,1800.0,0,2,4,2,train,0.42,3,2,1,9.0,3.0,6.0,317.0,0.3333333333333333,-1.0,-1.0,-1.0,2
PH004865,AC001963,0,1,1,0,0,3.0,0.0,0.0,0.0,0.0,30.0,15.0,45.0,0.6666666666666666,0.0,1.0,1.0,14.432025462962963,19.31954861111111,0.0,3.0,0.0,0.0,1.0,48600.0,206,1800.0,0,2,4,2,train,0.42,3,2,1,9.0,3.0,6.0,317.0,0.3333333333333333,-1.0,-1.0,-1.0,2
PH004866,AC001964,3,0,0,0,0,2.0,0.0,0.0,0.0,2.0,0.0,0.0,0.0,1.0,1.0,1.0,1.0,75.35712962962963,77.33651620370371,0.0,0.0,2.0,0.0,0.0,113850.0,13,3450.0,0,2,0,0,train,-1.0,2,1,1,2.0,0.0,1.0,131.5,0.0,-1.0,-1.0,-1.0,3
PH000344,AC001964,2,1,1,0,0,28.0,1.0,0.0,5.0,0.0,19.392857142857142,37.785714285714285,139.0,0.5714285714285714,0.17857142857142858,1.0,1.0,13.008321759259259,70.25925925925925,0.0,8.0,2.0,0.21428571428571427,1.0,113850.0,13,3450.0,0,2,0,0,train,-1.0,2,1,1,2.0,0.0,1.0,131.5,0.0,-1.0,-1.0,-1.0,3
PH004867,AC001965,3,0,1,0,0,20.0,0.0,1.0,2.0,0.0,18.05,20.9,369.0,0.9,0.15,1.0,1.0,17.431921296296295,89.42792824074074,0.0,4.0,1.0,0.15,1.0,43400.0,106,3100.0,0,0,4,4,train,-1.0,1,1,1,8.0,2.0,2.0,382.25,0.25,-1.0,-1.0,-1.0,3
PH004868,AC001965,0,1,1,0,0,6.0,0.0,0.0,0.0,0.0,17.333333333333332,22.833333333333332,137.0,0.8333333333333334,0.0,1.0,1.0,5.391087962962963,17.163333333333334,1.0,6.0,0.0,0.0,1.0,43400.0,106,3100.0,0,0,4,4,train,-1.0,1,1,1,8.0,2.0,2.0,382.25,0.25,-1.0,-1.0,-1.0,3
PH004869,AC001965,4,2,0,0,0,-1.0,-1.0,-1.0,-1.0,-1.0,-1.0,-1.0,-1.0,-1.0,-1.0,-1.0,-1.0,-1.0,-1.0,-1.0,-1.0,-1.0,-1.0,-1.0,43400.0,106,3100.0,0,0,4,4,train,-1.0,1,1,1,8.0,2.0,2.0,382.25,0.25,-1.0,-1.0,-1.0,3
PH004870,AC001966,3,0,0,0,0,8.0,0.0,0.0,0.0,0.0,26.0,0.0,0.0,1.0,0.0,1.0,1.0,36.40359953703704,88.25346064814815,0.0,0.0,0.0,0.0,0.0,33600.0,123,1050.0,0,2,3,3,train,0.58,5,0,1,7.0,2.0,0.0,475.42857142857144,0.2857142857142857,-1.0,-1.0,-1.0,3
PH004871,AC001966,0,1,0,0,0,5.0,0.0,4.0,1.0,0.0,0.0,0.0,0.0,1.0,1.0,1.0,1.0,14.401388888888889,36.129953703703706,0.0,4.0,5.0,1.0,0.0,33600.0,123,1050.0,0,2,3,3,train,0.58,5,0,1,7.0,2.0,0.0,475.42857142857144,0.2857142857142857,-1.0,-1.0,-1.0,3
PH004872,AC001966,1,2,0,0,0,-1.0,-1.0,-1.0,-1.0,-1.0,-1.0,-1.0,-1.0,-1.0,-1.0,-1.0,-1.0,-1.0,-1.0,-1.0,-1.0,-1.0,-1.0,-1.0,33600.0,123,1050.0,0,2,3,3,train,0.58,5,0,1,7.0,2.0,0.0,475.42857142857144,0.2857142857142857,-1.0,-1.0,-1.0,3
PH004873,AC001967,3,0,1,0,0,4.0,0.0,0.0,0.0,0.0,22.5,14.75,59.0,0.75,0.0,1.0,1.0,84.20112268518518,89.29711805555556,0.0,0.0,0.0,0.0,1.0,40500.0,216,2250.0,1,1,3,2,train,0.71,2,1,1,1.0,0.0,1.0,58.0,0.0,1.0,18000.0,18000.0,3
PH004874,AC001967,0,1,0,0,0,-1.0,-1.0,-1.0,-1.0,-1.0,-1.0,-1.0,-1.0,-1.0,-1.0,-1.0,-1.0,-1.0,-1.0,-1.0,-1.0,-1.0,-1.0,-1.0,40500.0,216,2250.0,1,1,3,2,train,0.71,2,1,1,1.0,0.0,1.0,58.0,0.0,1.0,18000.0,18000.0,3
PH004875,AC001967,4,2,0,0,0,-1.0,-1.0,-1.0,-1.0,-1.0,-1.0,-1.0,-1.0,-1.0,-1.0,-1.0,-1.0,-1.0,-1.0,-1.0,-1.0,-1.0,-1.0,-1.0,40500.0,216,2250.0,1,1,3,2,train,0.71,2,1,1,1.0,0.0,1.0,58.0,0.0,1.0,18000.0,18000.0,3
PH004876,AC001968,3,0,0,0,0,8.0,0.0,2.0,6.0,0.0,0.0,0.0,0.0,1.0,1.0,2.0,2.0,62.30587962962963,88.41607638888888,0.0,0.0,5.0,1.0,0.0,234300.0,0,7100.0,2,1,0,0,train,0.63,0,1,1,-1.0,-1.0,-1.0,-1.0,-1.0,1.0,7100.0,7100.0,4
PH004877,AC001968,0,1,1,0,0,8.0,0.0,0.0,2.0,0.0,16.375,44.125,233.0,0.625,0.25,2.0,2.0,49.38818287037037,61.247569444444444,0.0,0.0,2.0,0.25,1.0,234300.0,0,7100.0,2,1,0,0,train,0.63,0,1,1,-1.0,-1.0,-1.0,-1.0,-1.0,1.0,7100.0,7100.0,4
PH004878,AC001968,1,2,0,0,0,-1.0,-1.0,-1.0,-1.0,-1.0,-1.0,-1.0,-1.0,-1.0,-1.0,-1.0,-1.0,-1.0,-1.0,-1.0,-1.0,-1.0,-1.0,-1.0,234300.0,0,7100.0,2,1,0,0,train,0.63,0,1,1,-1.0,-1.0,-1.0,-1.0,-1.0,1.0,7100.0,7100.0,4
PH004879,AC001968,4,3,0,0,0,-1.0,-1.0,-1.0,-1.0,-1.0,-1.0,-1.0,-1.0,-1.0,-1.0,-1.0,-1.0,-1.0,-1.0,-1.0,-1.0,-1.0,-1.0,-1.0,234300.0,0,7100.0,2,1,0,0,train,0.63,0,1,1,-1.0,-1.0,-1.0,-1.0,-1.0,1.0,7100.0,7100.0,4
PH004884,AC001971,3,0,0,0,0,16.0,0.0,0.0,0.0,0.0,33.1875,3.5625,57.0,0.9375,0.0,2.0,2.0,21.425289351851852,89.33417824074074,0.0,7.0,0.0,0.0,1.0,227500.0,4,9100.0,2,3,1,1,train,0.61,2,1,1,1.0,0.0,0.0,467.0,0.0,1.0,9100.0,9100.0,3
PH004885,AC001971,0,1,1,0,0,12.0,0.0,0.0,2.0,0.0,21.0,5.416666666666667,36.0,0.8333333333333334,0.16666666666666666,1.0,1.0,13.452893518518518,63.26089120370371,0.0,4.0,1.0,0.16666666666666666,1.0,227500.0,4,9100.0,2,3,1,1,train,0.61,2,1,1,1.0,0.0,0.0,467.0,0.0,1.0,9100.0,9100.0,3
PH000312,AC001971,2,2,0,0,0,4.0,2.0,0.0,0.0,0.0,17.25,66.75,129.0,0.25,0.0,1.0,1.0,34.372060185185184,43.40335648148148,0.0,0.0,2.0,0.5,1.0,227500.0,4,9100.0,2,3,1,1,train,0.61,2,1,1,1.0,0.0,0.0,467.0,0.0,1.0,9100.0,9100.0,3
PH004886,AC001972,3,0,1,0,0,8.0,0.0,0.0,0.0,0.0,28.25,42.875,138.0,0.625,0.0,1.0,1.0,80.36554398148148,88.43682870370371,0.0,0.0,0.0,0.0,1.0,342500.0,33,13700.0,1,3,2,1,train,0.38,2,1,1,-1.0,-1.0,-1.0,-1.0,-1.0,1.0,27400.0,27400.0,2
PH000524,AC001972,2,1,1,0,0,3.0,0.0,0.0,0.0,0.0,14.333333333333334,43.666666666666664,102.0,0.3333333333333333,0.0,1.0,1.0,26.163391203703704,88.36209490740741,0.0,1.0,0.0,0.0,1.0,342500.0,33,13700.0,1,3,2,1,train,0.38,2,1,1,-1.0,-1.0,-1.0,-1.0,-1.0,1.0,27400.0,27400.0,2
PH004887,AC001973,3,0,1,0,0,18.0,1.0,5.0,1.0,0.0,11.38888888888889,42.77777777777778,408.0,0.7777777777777778,0.3333333333333333,1.0,1.0,38.26238425925926,86.41773148148148,0.0,0.0,1.0,0.3888888888888889,1.0,103550.0,46,5450.0,0,1,5,2,train,-1.0,0,1,1,2.0,0.0,1.0,289.0,0.0,1.0,4500.0,4500.0,4
PH004888,AC001973,0,1,1,0,0,12.0,0.0,1.0,2.0,0.0,22.083333333333332,32.666666666666664,196.0,0.75,0.25,1.0,1.0,0.24630787037037036,37.36675925925926,2.0,9.0,2.0,0.25,1.0,103550.0,46,5450.0,0,1,5,2,train,-1.0,0,1,1,2.0,0.0,1.0,289.0,0.0,1.0,4500.0,4500.0,4
PH000490,AC001973,2,2,0,0,0,-1.0,-1.0,-1.0,-1.0,-1.0,-1.0,-1.0,-1.0,-1.0,-1.0,-1.0,-1.0,-1.0,-1.0,-1.0,-1.0,-1.0,-1.0,-1.0,103550.0,46,5450.0,0,1,5,2,train,-1.0,0,1,1,2.0,0.0,1.0,289.0,0.0,1.0,4500.0,4500.0,4
PH004889,AC001973,4,3,0,0,0,-1.0,-1.0,-1.0,-1.0,-1.0,-1.0,-1.0,-1.0,-1.0,-1.0,-1.0,-1.0,-1.0,-1.0,-1.0,-1.0,-1.0,-1.0,-1.0,103550.0,46,5450.0,0,1,5,2,train,-1.0,0,1,1,2.0,0.0,1.0,289.0,0.0,1.0,4500.0,4500.0,4
PH004890,AC001974,3,0,1,0,0,32.0,0.0,0.0,2.0,0.0,27.53125,42.125,346.0,0.78125,0.0625,1.0,1.0,0.4265625,88.35684027777778,3.0,9.0,0.0,0.0625,1.0,92750.0,247,1750.0,0,1,6,4,train,0.25,5,2,1,9.0,0.0,6.0,156.22222222222223,0.0,1.0,10200.0,10200.0,1
PH004891,AC001975,3,0,1,0,0,7.0,0.0,0.0,0.0,0.0,24.142857142857142,16.428571428571427,78.0,0.7142857142857143,0.0,1.0,1.0,58.272777777777776,89.43686342592592,0.0,0.0,0.0,0.0,1.0,1070650.0,70,21850.0,0,1,2,0,train,0.7,5,2,1,2.0,0.0,0.0,283.5,0.0,2.0,65550.0,32775.0,2
PH004892,AC001975,4,1,0,0,0,-1.0,-1.0,-1.0,-1.0,-1.0,-1.0,-1.0,-1.0,-1.0,-1.0,-1.0,-1.0,-1.0,-1.0,-1.0,-1.0,-1.0,-1.0,-1.0,1070650.0,70,21850.0,0,1,2,0,train,0.7,5,2,1,2.0,0.0,0.0,283.5,0.0,2.0,65550.0,32775.0,2
PH004893,AC001976,3,0,1,0,0,4.0,0.0,0.0,2.0,0.0,11.25,16.25,65.0,0.75,0.5,2.0,2.0,77.07787037037038,88.37474537037038,0.0,0.0,2.0,0.5,1.0,33550.0,12,3050.0,0,2,0,0,train,0.0,1,2,1,-1.0,-1.0,-1.0,-1.0,-1.0,1.0,3050.0,3050.0,4
PH004894,AC001976,0,1,0,0,0,-1.0,-1.0,-1.0,-1.0,-1.0,-1.0,-1.0,-1.0,-1.0,-1.0,-1.0,-1.0,-1.0,-1.0,-1.0,-1.0,-1.0,-1.0,-1.0,33550.0,12,3050.0,0,2,0,0,train,0.0,1,2,1,-1.0,-1.0,-1.0,-1.0,-1.0,1.0,3050.0,3050.0,4
PH004895,AC001976,1,2,0,0,0,-1.0,-1.0,-1.0,-1.0,-1.0,-1.0,-1.0,-1.0,-1.0,-1.0,-1.0,-1.0,-1.0,-1.0,-1.0,-1.0,-1.0,-1.0,-1.0,33550.0,12,3050.0,0,2,0,0,train,0.0,1,2,1,-1.0,-1.0,-1.0,-1.0,-1.0,1.0,3050.0,3050.0,4
PH004896,AC001976,4,3,0,0,0,-1.0,-1.0,-1.0,-1.0,-1.0,-1.0,-1.0,-1.0,-1.0,-1.0,-1.0,-1.0,-1.0,-1.0,-1.0,-1.0,-1.0,-1.0,-1.0,33550.0,12,3050.0,0,2,0,0,train,0.0,1,2,1,-1.0,-1.0,-1.0,-1.0,-1.0,1.0,3050.0,3050.0,4
PH004897,AC001977,3,0,1,0,0,28.0,2.0,0.0,0.0,0.0,20.678571428571427,13.892857142857142,365.0,0.8928571428571429,0.0,1.0,1.0,19.020497685185184,88.45067129629629,0.0,6.0,1.0,0.07142857142857142,1.0,595200.0,51,12400.0,0,2,4,2,train,0.6,2,1,1,3.0,0.0,0.0,293.6666666666667,0.0,-1.0,-1.0,-1.0,1
PH004898,AC001978,3,0,1,0,0,20.0,0.0,0.0,1.0,0.0,29.25,36.55,397.0,0.85,0.05,2.0,2.0,42.44599537037037,89.37489583333333,0.0,0.0,1.0,0.05,1.0,21000.0,15,700.0,0,1,3,1,train,-1.0,3,0,1,-1.0,-1.0,-1.0,-1.0,-1.0,3.0,700.0,233.33333333333334,2
PH004899,AC001978,4,1,0,0,0,1.0,0.0,0.0,0.0,0.0,6.0,21.0,21.0,0.0,0.0,1.0,1.0,42.218657407407406,42.218657407407406,0.0,0.0,0.0,0.0,1.0,21000.0,15,700.0,0,1,3,1,train,-1.0,3,0,1,-1.0,-1.0,-1.0,-1.0,-1.0,3.0,700.0,233.33333333333334,2
PH004900,AC001979,3,0,0,0,0,-1.0,-1.0,-1.0,-1.0,-1.0,-1.0,-1.0,-1.0,-1.0,-1.0,-1.0,-1.0,-1.0,-1.0,-1.0,-1.0,-1.0,-1.0,-1.0,209600.0,29,6550.0,0,3,2,1,train,0.55,0,1,1,-1.0,-1.0,-1.0,-1.0,-1.0,1.0,6550.0,6550.0,3
PH000503,AC001979,2,1,0,0,0,-1.0,-1.0,-1.0,-1.0,-1.0,-1.0,-1.0,-1.0,-1.0,-1.0,-1.0,-1.0,-1.0,-1.0,-1.0,-1.0,-1.0,-1.0,-1.0,209600.0,29,6550.0,0,3,2,1,train,0.55,0,1,1,-1.0,-1.0,-1.0,-1.0,-1.0,1.0,6550.0,6550.0,3
PH004901,AC001979,4,2,0,0,0,-1.0,-1.0,-1.0,-1.0,-1.0,-1.0,-1.0,-1.0,-1.0,-1.0,-1.0,-1.0,-1.0,-1.0,-1.0,-1.0,-1.0,-1.0,-1.0,209600.0,29,6550.0,0,3,2,1,train,0.55,0,1,1,-1.0,-1.0,-1.0,-1.0,-1.0,1.0,6550.0,6550.0,3
PH004902,AC001980,3,0,1,0,0,10.0,0.0,0.0,0.0,0.0,25.6,37.0,370.0,0.9,0.0,1.0,1.0,80.08726851851851,89.3897337962963,0.0,0.0,0.0,0.0,1.0,212750.0,64,5750.0,0,1,4,1,train,0.59,0,1,1,2.0,0.0,0.0,154.5,0.0,1.0,17250.0,17250.0,4
PH004903,AC001980,0,1,1,0,0,6.0,0.0,0.0,0.0,0.0,24.166666666666668,9.666666666666666,31.0,0.6666666666666666,0.0,1.0,1.0,63.273159722222225,77.27083333333333,0.0,0.0,0.0,0.0,1.0,212750.0,64,5750.0,0,1,4,1,train,0.59,0,1,1,2.0,0.0,0.0,154.5,0.0,1.0,17250.0,17250.0,4
PH000320,AC001980,2,2,0,0,0,-1.0,-1.0,-1.0,-1.0,-1.0,-1.0,-1.0,-1.0,-1.0,-1.0,-1.0,-1.0,-1.0,-1.0,-1.0,-1.0,-1.0,-1.0,-1.0,212750.0,64,5750.0,0,1,4,1,train,0.59,0,1,1,2.0,0.0,0.0,154.5,0.0,1.0,17250.0,17250.0,4
PH004904,AC001980,4,3,0,0,0,-1.0,-1.0,-1.0,-1.0,-1.0,-1.0,-1.0,-1.0,-1.0,-1.0,-1.0,-1.0,-1.0,-1.0,-1.0,-1.0,-1.0,-1.0,-1.0,212750.0,64,5750.0,0,1,4,1,train,0.59,0,1,1,2.0,0.0,0.0,154.5,0.0,1.0,17250.0,17250.0,4
PH000134,AC001981,3,0,0,1,0,8.0,0.0,0.0,0.0,0.0,22.75,38.875,131.0,0.625,0.0,1.0,1.0,69.4247800925926,87.2542824074074,0.0,0.0,0.0,0.0,1.0,152000.0,45,9500.0,1,1,0,0,train,0.55,0,2,1,1.0,1.0,0.0,814.0,1.0,2.0,19000.0,9500.0,3
PH004905,AC001981,0,1,0,0,1,8.0,0.0,4.0,4.0,0.0,0.0,0.0,0.0,1.0,1.0,1.0,1.0,60.148587962962964,68.30056712962963,0.0,0.0,5.0,1.0,0.0,152000.0,45,9500.0,1,1,0,0,train,0.55,0,2,1,1.0,1.0,0.0,814.0,1.0,2.0,19000.0,9500.0,3
PH004906,AC001981,4,2,1,0,0,14.0,0.0,0.0,1.0,0.0,19.285714285714285,39.42857142857143,222.0,0.6428571428571429,0.07142857142857142,1.0,1.0,28.435868055555556,58.33141203703704,0.0,1.0,0.0,0.07142857142857142,1.0,152000.0,45,9500.0,1,1,0,0,train,0.55,0,2,1,1.0,1.0,0.0,814.0,1.0,2.0,19000.0,9500.0,3
PH004907,AC001982,3,0,0,0,0,8.0,0.0,0.0,0.0,0.0,30.25,0.0,0.0,1.0,0.0,1.0,1.0,81.4195949074074,89.41368055555556,0.0,0.0,0.0,0.0,0.0,211200.0,67,4400.0,0,0,4,2,train,0.95,0,2,1,-1.0,-1.0,-1.0,-1.0,-1.0,1.0,13200.0,13200.0,3
PH004908,AC001982,1,1,0,0,0,8.0,0.0,0.0,1.0,0.0,21.625,31.0,90.0,0.625,0.125,1.0,1.0,71.4006712962963,80.35868055555555,0.0,0.0,0.0,0.125,1.0,211200.0,67,4400.0,0,0,4,2,train,0.95,0,2,1,-1.0,-1.0,-1.0,-1.0,-1.0,1.0,13200.0,13200.0,3
PH004909,AC001982,4,2,1,0,0,1.0,0.0,0.0,0.0,0.0,8.0,91.0,91.0,0.0,0.0,1.0,1.0,62.315185185185186,62.315185185185186,0.0,0.0,0.0,0.0,1.0,211200.0,67,4400.0,0,0,4,2,train,0.95,0,2,1,-1.0,-1.0,-1.0,-1.0,-1.0,1.0,13200.0,13200.0,3
PH004910,AC001983,3,0,0,0,0,10.0,2.0,0.0,0.0,0.0,22.5,5.0,25.0,0.8,0.0,1.0,1.0,69.3234837962963,88.4053125,0.0,0.0,0.0,0.2,1.0,216200.0,51,4600.0,0,6,1,0,train,-1.0,2,1,1,6.0,2.0,1.0,383.3333333333333,0.3333333333333333,1.0,3000.0,3000.0,2
PH004911,AC001983,1,1,0,0,0,2.0,2.0,0.0,0.0,0.0,14.5,11.0,13.0,0.0,0.0,1.0,1.0,74.40780092592593,75.36780092592592,0.0,0.0,2.0,1.0,1.0,216200.0,51,4600.0,0,6,1,0,train,-1.0,2,1,1,6.0,2.0,1.0,383.3333333333333,0.3333333333333333,1.0,3000.0,3000.0,2
PH004912,AC001984,3,0,1,0,0,9.0,0.0,0.0,1.0,0.0,20.88888888888889,86.22222222222223,348.0,0.5555555555555556,0.1111111111111111,2.0,2.0,60.3653125,89.25148148148148,0.0,0.0,0.0,0.1111111111111111,1.0,825600.0,6,34400.0,2,2,0,0,train,-1.0,4,2,1,-1.0,-1.0,-1.0,-1.0,-1.0,1.0,34400.0,34400.0,3
PH004913,AC001984,0,1,0,0,0,-1.0,-1.0,-1.0,-1.0,-1.0,-1.0,-1.0,-1.0,-1.0,-1.0,-1.0,-1.0,-1.0,-1.0,-1.0,-1.0,-1.0,-1.0,-1.0,825600.0,6,34400.0,2,2,0,0,train,-1.0,4,2,1,-1.0,-1.0,-1.0,-1.0,-1.0,1.0,34400.0,34400.0,3
PH004914,AC001984,4,2,0,0,0,-1.0,-1.0,-1.0,-1.0,-1.0,-1.0,-1.0,-1.0,-1.0,-1.0,-1.0,-1.0,-1.0,-1.0,-1.0,-1.0,-1.0,-1.0,-1.0,825600.0,6,34400.0,2,2,0,0,train,-1.0,4,2,1,-1.0,-1.0,-1.0,-1.0,-1.0,1.0,34400.0,34400.0,3
PH004915,AC001985,3,0,0,0,0,34.0,0.0,6.0,9.0,0.0,12.941176470588236,0.0,0.0,1.0,0.4411764705882353,1.0,1.0,0.11971064814814815,87.28561342592593,5.0,7.0,2.0,0.4411764705882353,0.0,49200.0,83,2050.0,0,2,1,0,train,-1.0,5,2,1,6.0,2.0,3.0,411.6666666666667,0.3333333333333333,-1.0,-1.0,-1.0,2
PH004916,AC001985,1,1,0,0,0,9.0,2.0,0.0,0.0,0.0,30.77777777777778,10.222222222222221,40.0,0.6666666666666666,0.0,1.0,1.0,51.16033564814815,75.08736111111111,0.0,0.0,1.0,0.2222222222222222,1.0,49200.0,83,2050.0,0,2,1,0,train,-1.0,5,2,1,6.0,2.0,3.0,411.6666666666667,0.3333333333333333,-1.0,-1.0,-1.0,2
PH004917,AC001986,3,0,1,0,0,22.0,0.0,0.0,1.0,0.0,23.681818181818183,46.59090909090909,347.0,0.6818181818181818,0.045454545454545456,2.0,2.0,31.23783564814815,88.44275462962963,0.0,0.0,1.0,0.045454545454545456,1.0,94600.0,0,2150.0,0,2,0,0,train,0.43,3,0,1,-1.0,-1.0,-1.0,-1.0,-1.0,2.0,2150.0,1075.0,3
PH004918,AC001986,1,1,0,0,0,-1.0,-1.0,-1.0,-1.0,-1.0,-1.0,-1.0,-1.0,-1.0,-1.0,-1.0,-1.0,-1.0,-1.0,-1.0,-1.0,-1.0,-1.0,-1.0,94600.0,0,2150.0,0,2,0,0,train,0.43,3,0,1,-1.0,-1.0,-1.0,-1.0,-1.0,2.0,2150.0,1075.0,3
PH004919,AC001986,4,2,0,0,0,-1.0,-1.0,-1.0,-1.0,-1.0,-1.0,-1.0,-1.0,-1.0,-1.0,-1.0,-1.0,-1.0,-1.0,-1.0,-1.0,-1.0,-1.0,-1.0,94600.0,0,2150.0,0,2,0,0,train,0.43,3,0,1,-1.0,-1.0,-1.0,-1.0,-1.0,2.0,2150.0,1075.0,3
PH004920,AC001987,3,0,0,0,0,10.0,0.0,9.0,1.0,0.0,0.0,0.0,0.0,1.0,1.0,1.0,1.0,12.072789351851851,89.42163194444444,0.0,2.0,5.0,1.0,0.0,324700.0,212,9550.0,0,2,3,3,train,-1.0,0,1,1,9.0,0.0,0.0,274.3333333333333,0.0,-1.0,-1.0,-1.0,4
PH000546,AC001987,2,1,1,0,0,39.0,2.0,0.0,2.0,0.0,18.23076923076923,49.41025641025641,147.0,0.46153846153846156,0.05128205128205128,4.0,1.0,0.2539236111111111,89.25194444444445,1.0,2.0,0.0,0.10256410256410256,1.0,324700.0,212,9550.0,0,2,3,3,train,-1.0,0,1,1,9.0,0.0,0.0,274.3333333333333,0.0,-1.0,-1.0,-1.0,4
PH004921,AC001987,4,2,0,0,0,8.0,1.0,0.0,1.0,0.0,21.625,32.5,123.0,0.625,0.125,1.0,1.0,14.264328703703704,33.280844907407406,0.0,7.0,1.0,0.25,1.0,324700.0,212,9550.0,0,2,3,3,train,-1.0,0,1,1,9.0,0.0,0.0,274.3333333333333,0.0,-1.0,-1.0,-1.0,4
PH004922,AC001988,3,0,1,0,0,9.0,0.0,0.0,1.0,0.0,15.666666666666666,6.555555555555555,59.0,0.8888888888888888,0.1111111111111111,1.0,1.0,55.28181712962963,80.43113425925925,0.0,0.0,0.0,0.1111111111111111,1.0,878900.0,129,39950.0,0,1,2,0,train,0.0,5,2,1,5.0,0.0,5.0,61.0,0.0,1.0,199750.0,199750.0,3
PH004923,AC001988,1,1,0,0,0,4.0,2.0,0.0,0.0,0.0,18.5,12.75,36.0,0.5,0.0,1.0,1.0,43.30520833333333,52.366770833333334,0.0,0.0,2.0,0.5,1.0,878900.0,129,39950.0,0,1,2,0,train,0.0,5,2,1,5.0,0.0,5.0,61.0,0.0,1.0,199750.0,199750.0,3
PH004924,AC001988,4,2,1,0,0,1.0,0.0,0.0,0.0,0.0,8.0,27.0,27.0,0.0,0.0,1.0,1.0,41.43931712962963,41.43931712962963,0.0,0.0,0.0,0.0,1.0,878900.0,129,39950.0,0,1,2,0,train,0.0,5,2,1,5.0,0.0,5.0,61.0,0.0,1.0,199750.0,199750.0,3
PH004931,AC001991,3,0,0,0,0,8.0,0.0,0.0,1.0,0.0,27.125,0.0,0.0,1.0,0.125,1.0,1.0,70.34858796296297,86.37277777777778,0.0,0.0,0.0,0.125,0.0,54600.0,48,1400.0,0,5,3,2,train,-1.0,5,0,1,-1.0,-1.0,-1.0,-1.0,-1.0,2.0,1400.0,700.0,3
PH004932,AC001991,0,1,1,0,0,21.0,0.0,0.0,0.0,0.0,30.0,56.23809523809524,418.0,0.7142857142857143,0.0,1.0,1.0,6.2390625,69.32105324074074,2.0,9.0,0.0,0.0,1.0,54600.0,48,1400.0,0,5,3,2,train,-1.0,5,0,1,-1.0,-1.0,-1.0,-1.0,-1.0,2.0,1400.0,700.0,3
PH004933,AC001991,4,2,0,0,0,-1.0,-1.0,-1.0,-1.0,-1.0,-1.0,-1.0,-1.0,-1.0,-1.0,-1.0,-1.0,-1.0,-1.0,-1.0,-1.0,-1.0,-1.0,-1.0,54600.0,48,1400.0,0,5,3,2,train,-1.0,5,0,1,-1.0,-1.0,-1.0,-1.0,-1.0,2.0,1400.0,700.0,3
PH004938,AC001994,3,0,0,0,0,8.0,0.0,0.0,0.0,0.0,16.375,0.0,0.0,1.0,0.0,2.0,2.0,63.028391203703706,82.29692129629629,0.0,0.0,0.0,0.0,0.0,153000.0,5,5100.0,0,4,1,1,train,0.41,2,1,1,-1.0,-1.0,-1.0,-1.0,-1.0,1.0,3600.0,3600.0,2
PH004939,AC001994,0,1,1,0,0,27.0,0.0,0.0,1.0,0.0,23.11111111111111,68.11111111111111,407.0,0.5925925925925926,0.037037037037037035,1.0,1.0,14.030393518518519,62.371805555555554,0.0,18.0,0.0,0.037037037037037035,1.0,153000.0,5,5100.0,0,4,1,1,train,0.41,2,1,1,-1.0,-1.0,-1.0,-1.0,-1.0,1.0,3600.0,3600.0,2
PH004940,AC001995,3,0,1,0,0,10.0,2.0,0.0,0.0,0.0,24.4,13.0,38.0,0.6,0.0,1.0,1.0,63.258668981481485,89.4052662037037,0.0,0.0,1.0,0.2,1.0,79900.0,161,2350.0,0,3,5,2,train,0.38,1,2,1,8.0,0.0,3.0,167.375,0.0,-1.0,-1.0,-1.0,3
PH004941,AC001995,1,1,1,0,0,13.0,1.0,0.0,0.0,0.0,21.615384615384617,104.3076923076923,407.0,0.46153846153846156,0.0,1.0,1.0,0.2957523148148148,56.412280092592596,5.0,8.0,0.0,0.07692307692307693,1.0,79900.0,161,2350.0,0,3,5,2,train,0.38,1,2,1,8.0,0.0,3.0,167.375,0.0,-1.0,-1.0,-1.0,3
PH004942,AC001995,4,2,0,0,0,-1.0,-1.0,-1.0,-1.0,-1.0,-1.0,-1.0,-1.0,-1.0,-1.0,-1.0,-1.0,-1.0,-1.0,-1.0,-1.0,-1.0,-1.0,-1.0,79900.0,161,2350.0,0,3,5,2,train,0.38,1,2,1,8.0,0.0,3.0,167.375,0.0,-1.0,-1.0,-1.0,3
PH004943,AC001996,3,0,1,0,0,12.0,0.0,0.0,0.0,0.0,27.25,69.91666666666667,364.0,0.6666666666666666,0.0,2.0,2.0,59.11836805555556,83.43387731481481,0.0,0.0,0.0,0.0,1.0,125800.0,10,7400.0,1,2,0,0,train,0.39,0,2,1,-1.0,-1.0,-1.0,-1.0,-1.0,1.0,7400.0,7400.0,2
PH004944,AC001996,0,1,0,0,0,-1.0,-1.0,-1.0,-1.0,-1.0,-1.0,-1.0,-1.0,-1.0,-1.0,-1.0,-1.0,-1.0,-1.0,-1.0,-1.0,-1.0,-1.0,-1.0,125800.0,10,7400.0,1,2,0,0,train,0.39,0,2,1,-1.0,-1.0,-1.0,-1.0,-1.0,1.0,7400.0,7400.0,2
PH004945,AC001997,3,0,1,0,0,14.0,0.0,0.0,1.0,0.0,19.857142857142858,33.0,306.0,0.7857142857142857,0.07142857142857142,1.0,1.0,5.292314814814815,89.3747337962963,1.0,6.0,0.0,0.07142857142857142,1.0,402800.0,184,7600.0,0,2,7,4,train,-1.0,2,1,1,9.0,1.0,3.0,263.1111111111111,0.1111111111111111,1.0,53200.0,53200.0,2
PH000382,AC001997,2,1,0,0,0,8.0,1.0,0.0,1.0,0.0,14.75,40.5,139.0,0.625,0.125,1.0,1.0,28.31679398148148,64.4146875,0.0,1.0,1.0,0.25,1.0,402800.0,184,7600.0,0,2,7,4,train,-1.0,2,1,1,9.0,1.0,3.0,263.1111111111111,0.1111111111111111,1.0,53200.0,53200.0,2
PH004948,AC001999,3,0,1,0,0,20.0,0.0,0.0,1.0,0.0,25.05,8.35,61.0,0.85,0.05,1.0,1.0,1.2561805555555556,88.3206712962963,2.0,10.0,0.0,0.05,1.0,91200.0,401,2400.0,0,0,2,2,train,0.84,2,2,1,4.0,2.0,1.0,501.0,0.5,1.0,11600.0,11600.0,3
PH004949,AC001999,0,1,0,0,0,8.0,0.0,0.0,1.0,0.0,27.125,0.0,0.0,1.0,0.125,1.0,1.0,68.36322916666667,79.04476851851852,0.0,0.0,1.0,0.125,0.0,91200.0,401,2400.0,0,0,2,2,train,0.84,2,2,1,4.0,2.0,1.0,501.0,0.5,1.0,11600.0,11600.0,3
PH004950,AC001999,4,2,0,0,0,8.0,0.0,0.0,1.0,0.0,20.125,41.0,145.0,0.5,0.125,1.0,1.0,38.04113425925926,67.4227662037037,0.0,0.0,0.0,0.125,1.0,91200.0,401,2400.0,0,0,2,2,train,0.84,2,2,1,4.0,2.0,1.0,501.0,0.5,1.0,11600.0,11600.0,3
PH004951,AC002000,3,0,1,0,0,33.0,0.0,0.0,2.0,0.0,25.606060606060606,30.060606060606062,387.0,0.7575757575757576,0.06060606060606061,1.0,1.0,3.3079513888888887,88.32332175925926,3.0,7.0,0.0,0.06060606060606061,1.0,235950.0,44,7150.0,0,1,1,1,train,0.54,0,2,1,-1.0,-1.0,-1.0,-1.0,-1.0,1.0,4700.0,4700.0,2
PH004952,AC002000,4,1,0,0,0,8.0,1.0,0.0,1.0,0.0,22.25,44.125,126.0,0.5,0.125,1.0,1.0,19.30443287037037,34.3906712962963,0.0,3.0,2.0,0.25,1.0,235950.0,44,7150.0,0,1,1,1,train,0.54,0,2,1,-1.0,-1.0,-1.0,-1.0,-1.0,1.0,4700.0,4700.0,2
PH004955,AC002002,3,0,1,0,0,15.0,0.0,1.0,2.0,0.0,16.0,8.533333333333333,128.0,0.9333333333333333,0.2,1.0,1.0,41.03208333333333,77.36128472222222,0.0,0.0,1.0,0.2,1.0,321750.0,212,9750.0,0,1,1,1,train,0.92,0,1,1,8.0,3.0,3.0,355.625,0.375,-1.0,-1.0,-1.0,2
PH004956,AC002002,4,1,1,0,0,9.0,0.0,0.0,2.0,0.0,18.11111111111111,41.333333333333336,149.0,0.5555555555555556,0.2222222222222222,1.0,1.0,5.286921296296296,39.40982638888889,1.0,3.0,0.0,0.2222222222222222,1.0,321750.0,212,9750.0,0,1,1,1,train,0.92,0,1,1,8.0,3.0,3.0,355.625,0.375,-1.0,-1.0,-1.0,2
PH004957,AC002003,3,0,1,0,0,9.0,0.0,0.0,0.0,0.0,25.22222222222222,50.44444444444444,259.0,0.6666666666666666,0.0,2.0,2.0,49.430347222222224,83.31138888888889,0.0,0.0,0.0,0.0,1.0,36750.0,14,2450.0,0,5,1,1,train,0.34,2,1,1,-1.0,-1.0,-1.0,-1.0,-1.0,1.0,2450.0,2450.0,3
PH004958,AC002003,0,1,0,0,0,-1.0,-1.0,-1.0,-1.0,-1.0,-1.0,-1.0,-1.0,-1.0,-1.0,-1.0,-1.0,-1.0,-1.0,-1.0,-1.0,-1.0,-1.0,-1.0,36750.0,14,2450.0,0,5,1,1,train,0.34,2,1,1,-1.0,-1.0,-1.0,-1.0,-1.0,1.0,2450.0,2450.0,3
PH004959,AC002003,4,2,0,0,0,-1.0,-1.0,-1.0,-1.0,-1.0,-1.0,-1.0,-1.0,-1.0,-1.0,-1.0,-1.0,-1.0,-1.0,-1.0,-1.0,-1.0,-1.0,-1.0,36750.0,14,2450.0,0,5,1,1,train,0.34,2,1,1,-1.0,-1.0,-1.0,-1.0,-1.0,1.0,2450.0,2450.0,3
PH004964,AC002006,3,0,0,0,0,40.0,0.0,19.0,21.0,0.0,0.0,0.0,0.0,1.0,1.0,1.0,1.0,0.42148148148148146,75.41452546296296,4.0,9.0,5.0,1.0,0.0,147600.0,51,8200.0,0,1,1,1,train,-1.0,0,1,1,6.0,0.0,5.0,97.83333333333333,0.0,-1.0,-1.0,-1.0,1
PH004965,AC002007,3,0,1,0,0,10.0,0.0,0.0,0.0,0.0,24.6,59.5,348.0,0.6,0.0,1.0,1.0,6.148541666666667,88.09524305555556,1.0,4.0,0.0,0.0,1.0,148500.0,31,9900.0,2,2,1,1,train,0.59,0,1,0,-1.0,-1.0,-1.0,-1.0,-1.0,2.0,16100.0,8050.0,3
PH004966,AC002007,1,1,1,0,0,5.0,0.0,0.0,0.0,0.0,33.8,6.8,34.0,0.8,0.0,1.0,1.0,6.331493055555556,88.32141203703704,1.0,2.0,0.0,0.0,1.0,148500.0,31,9900.0,2,2,1,1,train,0.59,0,1,0,-1.0,-1.0,-1.0,-1.0,-1.0,2.0,16100.0,8050.0,3
PH004967,AC002007,4,2,1,0,0,5.0,0.0,0.0,0.0,0.0,15.8,74.4,140.0,0.2,0.0,1.0,1.0,2.212175925925926,89.29616898148149,2.0,4.0,0.0,0.0,1.0,148500.0,31,9900.0,2,2,1,1,train,0.59,0,1,0,-1.0,-1.0,-1.0,-1.0,-1.0,2.0,16100.0,8050.0,3
PH004968,AC002008,3,0,1,0,0,22.0,0.0,11.0,3.0,0.0,10.590909090909092,5.863636363636363,67.0,0.8636363636363636,0.6363636363636364,1.0,1.0,6.329224537037037,84.43503472222223,1.0,8.0,0.0,0.6363636363636364,1.0,35700.0,36,2550.0,0,0,1,0,train,0.63,1,2,1,5.0,0.0,3.0,136.6,0.0,-1.0,-1.0,-1.0,1
PH004969,AC002009,3,0,1,0,0,8.0,0.0,0.0,0.0,0.0,21.5,53.125,293.0,0.5,0.0,2.0,2.0,58.40880787037037,88.37769675925927,0.0,0.0,0.0,0.0,1.0,35200.0,0,1600.0,4,2,0,0,train,0.68,0,2,1,-1.0,-1.0,-1.0,-1.0,-1.0,1.0,1600.0,1600.0,1
PH004970,AC002010,3,0,0,0,0,34.0,0.0,15.0,19.0,0.0,0.0,0.0,0.0,1.0,1.0,2.0,2.0,2.3508680555555554,88.34037037037037,3.0,16.0,5.0,1.0,0.0,774150.0,0,19850.0,1,1,0,0,train,0.0,4,2,1,-1.0,-1.0,-1.0,-1.0,-1.0,-1.0,-1.0,-1.0,1
PH004971,AC002011,3,0,1,0,0,13.0,0.0,0.0,0.0,0.0,28.923076923076923,18.76923076923077,154.0,0.7692307692307693,0.0,1.0,1.0,50.28762731481481,82.25144675925925,0.0,0.0,0.0,0.0,1.0,294100.0,286,8650.0,0,3,2,1,train,-1.0,4,2,1,3.0,0.0,2.0,227.66666666666666,0.0,1.0,86500.0,86500.0,3
PH004972,AC002011,0,1,0,0,0,-1.0,-1.0,-1.0,-1.0,-1.0,-1.0,-1.0,-1.0,-1.0,-1.0,-1.0,-1.0,-1.0,-1.0,-1.0,-1.0,-1.0,-1.0,-1.0,294100.0,286,8650.0,0,3,2,1,train,-1.0,4,2,1,3.0,0.0,2.0,227.66666666666666,0.0,1.0,86500.0,86500.0,3
PH004973,AC002011,4,2,0,0,0,-1.0,-1.0,-1.0,-1.0,-1.0,-1.0,-1.0,-1.0,-1.0,-1.0,-1.0,-1.0,-1.0,-1.0,-1.0,-1.0,-1.0,-1.0,-1.0,294100.0,286,8650.0,0,3,2,1,train,-1.0,4,2,1,3.0,0.0,2.0,227.66666666666666,0.0,1.0,86500.0,86500.0,3
PH004974,AC002012,3,0,1,0,0,1.0,0.0,0.0,0.0,0.0,14.0,31.0,31.0,0.0,0.0,1.0,1.0,88.44196759259259,88.44196759259259,0.0,0.0,0.0,0.0,1.0,53550.0,73,2550.0,0,3,5,2,train,0.21,5,0,1,-1.0,-1.0,-1.0,-1.0,-1.0,1.0,7650.0,7650.0,3
PH004975,AC002012,0,1,0,0,0,-1.0,-1.0,-1.0,-1.0,-1.0,-1.0,-1.0,-1.0,-1.0,-1.0,-1.0,-1.0,-1.0,-1.0,-1.0,-1.0,-1.0,-1.0,-1.0,53550.0,73,2550.0,0,3,5,2,train,0.21,5,0,1,-1.0,-1.0,-1.0,-1.0,-1.0,1.0,7650.0,7650.0,3
PH004976,AC002012,4,2,0,0,0,-1.0,-1.0,-1.0,-1.0,-1.0,-1.0,-1.0,-1.0,-1.0,-1.0,-1.0,-1.0,-1.0,-1.0,-1.0,-1.0,-1.0,-1.0,-1.0,53550.0,73,2550.0,0,3,5,2,train,0.21,5,0,1,-1.0,-1.0,-1.0,-1.0,-1.0,1.0,7650.0,7650.0,3
PH004977,AC002013,3,0,1,0,0,29.0,0.0,0.0,2.0,0.0,26.862068965517242,21.103448275862068,229.0,0.7931034482758621,0.06896551724137931,2.0,2.0,9.428252314814815,86.43229166666667,0.0,15.0,1.0,0.06896551724137931,1.0,66500.0,0,1900.0,2,1,1,1,train,0.47,2,1,1,-1.0,-1.0,-1.0,-1.0,-1.0,2.0,1800.0,900.0,1
PH004978,AC002014,3,0,0,0,0,-1.0,-1.0,-1.0,-1.0,-1.0,-1.0,-1.0,-1.0,-1.0,-1.0,-1.0,-1.0,-1.0,-1.0,-1.0,-1.0,-1.0,-1.0,-1.0,130000.0,0,3250.0,1,0,0,0,train,0.39,5,1,1,-1.0,-1.0,-1.0,-1.0,-1.0,1.0,3250.0,3250.0,4
PH004979,AC002014,0,1,0,0,0,-1.0,-1.0,-1.0,-1.0,-1.0,-1.0,-1.0,-1.0,-1.0,-1.0,-1.0,-1.0,-1.0,-1.0,-1.0,-1.0,-1.0,-1.0,-1.0,130000.0,0,3250.0,1,0,0,0,train,0.39,5,1,1,-1.0,-1.0,-1.0,-1.0,-1.0,1.0,3250.0,3250.0,4
PH004980,AC002014,1,2,0,0,0,-1.0,-1.0,-1.0,-1.0,-1.0,-1.0,-1.0,-1.0,-1.0,-1.0,-1.0,-1.0,-1.0,-1.0,-1.0,-1.0,-1.0,-1.0,-1.0,130000.0,0,3250.0,1,0,0,0,train,0.39,5,1,1,-1.0,-1.0,-1.0,-1.0,-1.0,1.0,3250.0,3250.0,4
PH000413,AC002014,2,3,0,0,0,-1.0,-1.0,-1.0,-1.0,-1.0,-1.0,-1.0,-1.0,-1.0,-1.0,-1.0,-1.0,-1.0,-1.0,-1.0,-1.0,-1.0,-1.0,-1.0,130000.0,0,3250.0,1,0,0,0,train,0.39,5,1,1,-1.0,-1.0,-1.0,-1.0,-1.0,1.0,3250.0,3250.0,4
PH004981,AC002015,3,0,1,0,0,12.0,0.0,1.0,7.0,0.0,7.916666666666667,12.583333333333334,151.0,0.9166666666666666,0.6666666666666666,2.0,2.0,3.3956828703703703,89.31493055555555,1.0,4.0,4.0,0.6666666666666666,1.0,128000.0,10,12800.0,2,1,0,0,train,0.87,0,1,1,-1.0,-1.0,-1.0,-1.0,-1.0,1.0,8900.0,8900.0,2
PH004982,AC002015,4,1,1,0,0,12.0,0.0,8.0,1.0,0.0,4.333333333333333,37.333333333333336,394.0,0.8333333333333334,0.75,1.0,1.0,11.440451388888889,67.31894675925926,0.0,8.0,2.0,0.75,1.0,128000.0,10,12800.0,2,1,0,0,train,0.87,0,1,1,-1.0,-1.0,-1.0,-1.0,-1.0,1.0,8900.0,8900.0,2
PH004983,AC002016,3,0,1,0,0,31.0,1.0,0.0,1.0,0.0,24.516129032258064,16.225806451612904,338.0,0.8709677419354839,0.03225806451612903,1.0,1.0,2.427662037037037,87.37606481481481,2.0,5.0,1.0,0.06451612903225806,1.0,144000.0,69,3000.0,0,2,5,4,train,0.2,5,0,1,7.0,0.0,4.0,150.14285714285714,0.0,-1.0,-1.0,-1.0,1
PH004986,AC002018,3,0,1,0,0,21.0,1.0,0.0,0.0,0.0,18.857142857142858,0.47619047619047616,10.0,0.9523809523809523,0.0,1.0,1.0,8.205208333333333,88.25545138888889,0.0,5.0,0.0,0.047619047619047616,1.0,902500.0,53,23750.0,0,4,1,0,train,0.3,4,2,1,4.0,1.0,0.0,348.75,0.25,-1.0,-1.0,-1.0,2
PH004987,AC002018,4,1,0,0,0,16.0,0.0,0.0,1.0,0.0,24.625,34.75,127.0,0.625,0.0625,1.0,1.0,17.00607638888889,70.1400925925926,0.0,7.0,0.0,0.0625,1.0,902500.0,53,23750.0,0,4,1,0,train,0.3,4,2,1,4.0,1.0,0.0,348.75,0.25,-1.0,-1.0,-1.0,2
PH004988,AC002019,3,0,1,0,0,31.0,0.0,0.0,2.0,0.0,19.548387096774192,52.74193548387097,353.0,0.7096774193548387,0.06451612903225806,1.0,1.0,2.2375694444444445,89.37405092592593,2.0,11.0,1.0,0.06451612903225806,1.0,60000.0,47,6000.0,0,2,1,0,train,0.79,2,1,1,5.0,0.0,5.0,56.2,0.0,1.0,3000.0,3000.0,1
PH004989,AC002020,3,0,1,0,0,13.0,0.0,0.0,0.0,0.0,30.384615384615383,10.923076923076923,56.0,0.7692307692307693,0.0,1.0,1.0,25.38314814814815,87.25989583333333,0.0,1.0,0.0,0.0,1.0,245050.0,317,8450.0,0,0,3,1,train,0.38,0,1,1,5.0,0.0,2.0,123.0,0.0,1.0,39100.0,39100.0,2
PH004990,AC002020,0,1,0,0,0,-1.0,-1.0,-1.0,-1.0,-1.0,-1.0,-1.0,-1.0,-1.0,-1.0,-1.0,-1.0,-1.0,-1.0,-1.0,-1.0,-1.0,-1.0,-1.0,245050.0,317,8450.0,0,0,3,1,train,0.38,0,1,1,5.0,0.0,2.0,123.0,0.0,1.0,39100.0,39100.0,2
PH004993,AC002022,3,0,1,0,0,3.0,0.0,0.0,0.0,0.0,22.0,10.666666666666666,32.0,0.6666666666666666,0.0,2.0,2.0,68.37047453703704,70.27283564814815,0.0,0.0,0.0,0.0,1.0,68250.0,7,4550.0,1,2,1,1,train,0.79,0,1,1,-1.0,-1.0,-1.0,-1.0,-1.0,1.0,4550.0,4550.0,1
PH005002,AC002027,3,0,1,0,0,17.0,0.0,0.0,2.0,0.0,22.235294117647058,8.764705882352942,86.0,0.8235294117647058,0.11764705882352941,1.0,1.0,54.233518518518515,89.41915509259259,0.0,0.0,0.0,0.11764705882352941,1.0,141900.0,62,3300.0,1,1,1,1,train,-1.0,0,2,1,3.0,1.0,1.0,367.0,0.3333333333333333,1.0,9900.0,9900.0,1
PH005003,AC002028,3,0,1,0,0,19.0,0.0,0.0,1.0,0.0,19.42105263157895,33.68421052631579,381.0,0.8421052631578947,0.05263157894736842,1.0,1.0,32.03590277777778,82.35053240740741,0.0,0.0,0.0,0.05263157894736842,1.0,158000.0,21,3950.0,0,1,0,0,train,0.22,2,1,1,1.0,0.0,0.0,494.0,0.0,-1.0,-1.0,-1.0,3
PH005004,AC002028,0,1,0,0,0,8.0,0.0,0.0,1.0,0.0,18.75,0.0,0.0,1.0,0.125,1.0,1.0,16.10537037037037,28.400671296296295,0.0,8.0,0.0,0.125,0.0,158000.0,21,3950.0,0,1,0,0,train,0.22,2,1,1,1.0,0.0,0.0,494.0,0.0,-1.0,-1.0,-1.0,3
PH000391,AC002028,2,2,0,0,0,5.0,0.0,0.0,0.0,0.0,15.0,85.2,136.0,0.0,0.0,1.0,1.0,4.107662037037037,7.247256944444445,3.0,5.0,0.0,0.0,1.0,158000.0,21,3950.0,0,1,0,0,train,0.22,2,1,1,1.0,0.0,0.0,494.0,0.0,-1.0,-1.0,-1.0,3
PH005005,AC002029,3,0,0,0,0,1.0,0.0,0.0,0.0,0.0,32.0,0.0,0.0,1.0,0.0,1.0,1.0,89.26736111111111,89.26736111111111,0.0,0.0,0.0,0.0,0.0,116450.0,13,6850.0,1,0,1,1,train,0.87,0,1,1,-1.0,-1.0,-1.0,-1.0,-1.0,1.0,6850.0,6850.0,2
PH005006,AC002029,1,1,0,0,0,-1.0,-1.0,-1.0,-1.0,-1.0,-1.0,-1.0,-1.0,-1.0,-1.0,-1.0,-1.0,-1.0,-1.0,-1.0,-1.0,-1.0,-1.0,-1.0,116450.0,13,6850.0,1,0,1,1,train,0.87,0,1,1,-1.0,-1.0,-1.0,-1.0,-1.0,1.0,6850.0,6850.0,2
PH005007,AC002030,3,0,0,0,0,2.0,0.0,0.0,0.0,2.0,0.0,0.0,0.0,1.0,1.0,1.0,1.0,86.29699074074074,89.27074074074073,0.0,0.0,2.0,0.0,0.0,50700.0,52,1950.0,0,1,1,0,train,0.68,5,0,1,-1.0,-1.0,-1.0,-1.0,-1.0,1.0,3900.0,3900.0,2
PH005008,AC002030,4,1,1,0,0,12.0,0.0,0.0,1.0,0.0,21.833333333333332,22.166666666666668,75.0,0.5,0.08333333333333333,1.0,1.0,62.42363425925926,86.04065972222222,0.0,0.0,0.0,0.08333333333333333,1.0,50700.0,52,1950.0,0,1,1,0,train,0.68,5,0,1,-1.0,-1.0,-1.0,-1.0,-1.0,1.0,3900.0,3900.0,2
PH005009,AC002031,3,0,0,0,0,20.0,0.0,16.0,3.0,0.0,0.3,0.0,0.0,1.0,0.95,1.0,1.0,21.310439814814814,84.45387731481482,0.0,3.0,4.0,0.95,0.0,98000.0,115,2800.0,0,1,3,2,train,0.42,1,2,1,7.0,3.0,0.0,518.0,0.42857142857142855,1.0,6600.0,6600.0,1
PH005010,AC002032,3,0,1,0,0,38.0,0.0,1.0,2.0,0.0,24.07894736842105,67.97368421052632,367.0,0.631578947368421,0.07894736842105263,2.0,2.0,7.4148958333333335,89.41351851851852,0.0,10.0,1.0,0.07894736842105263,1.0,270900.0,5,15050.0,1,1,3,2,train,0.85,2,2,0,-1.0,-1.0,-1.0,-1.0,-1.0,1.0,15050.0,15050.0,1
PH005015,AC002035,3,0,1,0,0,33.0,0.0,0.0,1.0,0.0,24.96969696969697,67.0,370.0,0.6666666666666666,0.030303030303030304,1.0,1.0,5.371851851851852,88.29884259259259,1.0,7.0,0.0,0.030303030303030304,1.0,25500.0,86,1500.0,0,2,1,1,train,0.0,5,0,1,7.0,2.0,0.0,354.14285714285717,0.2857142857142857,-1.0,-1.0,-1.0,3
PH005016,AC002035,0,1,0,0,0,-1.0,-1.0,-1.0,-1.0,-1.0,-1.0,-1.0,-1.0,-1.0,-1.0,-1.0,-1.0,-1.0,-1.0,-1.0,-1.0,-1.0,-1.0,-1.0,25500.0,86,1500.0,0,2,1,1,train,0.0,5,0,1,7.0,2.0,0.0,354.14285714285717,0.2857142857142857,-1.0,-1.0,-1.0,3
PH005017,AC002035,4,2,0,0,0,-1.0,-1.0,-1.0,-1.0,-1.0,-1.0,-1.0,-1.0,-1.0,-1.0,-1.0,-1.0,-1.0,-1.0,-1.0,-1.0,-1.0,-1.0,-1.0,25500.0,86,1500.0,0,2,1,1,train,0.0,5,0,1,7.0,2.0,0.0,354.14285714285717,0.2857142857142857,-1.0,-1.0,-1.0,3
PH005020,AC002038,3,0,1,0,0,1.0,0.0,0.0,0.0,0.0,14.0,36.0,36.0,0.0,0.0,1.0,1.0,87.35711805555556,87.35711805555556,0.0,0.0,0.0,0.0,1.0,454950.0,13,16850.0,2,1,0,0,train,0.52,5,2,1,-1.0,-1.0,-1.0,-1.0,-1.0,1.0,16850.0,16850.0,3
PH005021,AC002038,0,1,0,0,0,-1.0,-1.0,-1.0,-1.0,-1.0,-1.0,-1.0,-1.0,-1.0,-1.0,-1.0,-1.0,-1.0,-1.0,-1.0,-1.0,-1.0,-1.0,-1.0,454950.0,13,16850.0,2,1,0,0,train,0.52,5,2,1,-1.0,-1.0,-1.0,-1.0,-1.0,1.0,16850.0,16850.0,3
PH005022,AC002038,4,2,0,0,0,-1.0,-1.0,-1.0,-1.0,-1.0,-1.0,-1.0,-1.0,-1.0,-1.0,-1.0,-1.0,-1.0,-1.0,-1.0,-1.0,-1.0,-1.0,-1.0,454950.0,13,16850.0,2,1,0,0,train,0.52,5,2,1,-1.0,-1.0,-1.0,-1.0,-1.0,1.0,16850.0,16850.0,3
PH005024,AC002040,3,0,1,0,0,9.0,0.0,5.0,0.0,0.0,13.555555555555555,7.555555555555555,68.0,0.8888888888888888,0.5555555555555556,2.0,2.0,69.38035879629629,89.24695601851852,0.0,0.0,1.0,0.5555555555555556,1.0,40050.0,16,4450.0,1,3,0,0,train,0.36,1,1,1,3.0,1.0,1.0,326.0,0.3333333333333333,1.0,4450.0,4450.0,4
PH005025,AC002040,0,1,0,0,0,8.0,0.0,0.0,1.0,0.0,19.75,0.0,0.0,1.0,0.125,1.0,1.0,42.12702546296296,69.06611111111111,0.0,0.0,1.0,0.125,0.0,40050.0,16,4450.0,1,3,0,0,train,0.36,1,1,1,3.0,1.0,1.0,326.0,0.3333333333333333,1.0,4450.0,4450.0,4
PH005026,AC002040,4,2,0,0,0,-1.0,-1.0,-1.0,-1.0,-1.0,-1.0,-1.0,-1.0,-1.0,-1.0,-1.0,-1.0,-1.0,-1.0,-1.0,-1.0,-1.0,-1.0,-1.0,40050.0,16,4450.0,1,3,0,0,train,0.36,1,1,1,3.0,1.0,1.0,326.0,0.3333333333333333,1.0,4450.0,4450.0,4
PH005030,AC002042,3,0,1,0,0,16.0,1.0,6.0,1.0,0.0,15.875,3.1875,26.0,0.8125,0.4375,1.0,1.0,4.3413310185185185,84.29427083333333,1.0,7.0,5.0,0.5,1.0,700700.0,83,14300.0,1,2,4,0,train,1.0,0,1,1,8.0,1.0,1.0,139.125,0.125,-1.0,-1.0,-1.0,2
PH005031,AC002042,0,1,0,0,0,8.0,0.0,0.0,1.0,0.0,31.25,15.75,126.0,0.875,0.125,1.0,1.0,36.405208333333334,53.423912037037034,0.0,0.0,1.0,0.125,1.0,700700.0,83,14300.0,1,2,4,0,train,1.0,0,1,1,8.0,1.0,1.0,139.125,0.125,-1.0,-1.0,-1.0,2
PH005032,AC002043,3,0,1,0,0,15.0,0.0,0.0,1.0,0.0,20.2,37.333333333333336,374.0,0.7333333333333333,0.06666666666666667,1.0,1.0,28.414965277777778,87.29190972222223,0.0,1.0,1.0,0.06666666666666667,1.0,20800.0,225,800.0,0,0,4,2,train,0.7,5,0,1,3.0,2.0,0.0,679.6666666666666,0.6666666666666666,1.0,6400.0,6400.0,3
PH005033,AC002043,0,1,0,0,0,-1.0,-1.0,-1.0,-1.0,-1.0,-1.0,-1.0,-1.0,-1.0,-1.0,-1.0,-1.0,-1.0,-1.0,-1.0,-1.0,-1.0,-1.0,-1.0,20800.0,225,800.0,0,0,4,2,train,0.7,5,0,1,3.0,2.0,0.0,679.6666666666666,0.6666666666666666,1.0,6400.0,6400.0,3
PH005034,AC002043,1,2,0,0,0,-1.0,-1.0,-1.0,-1.0,-1.0,-1.0,-1.0,-1.0,-1.0,-1.0,-1.0,-1.0,-1.0,-1.0,-1.0,-1.0,-1.0,-1.0,-1.0,20800.0,225,800.0,0,0,4,2,train,0.7,5,0,1,3.0,2.0,0.0,679.6666666666666,0.6666666666666666,1.0,6400.0,6400.0,3
PH005035,AC002044,3,0,1,0,0,21.0,0.0,5.0,2.0,0.0,18.285714285714285,33.904761904761905,389.0,0.7619047619047619,0.3333333333333333,2.0,2.0,20.364837962962962,88.27864583333333,0.0,9.0,1.0,0.3333333333333333,1.0,759050.0,7,16150.0,0,2,0,0,train,-1.0,0,1,1,-1.0,-1.0,-1.0,-1.0,-1.0,2.0,13500.0,6750.0,3
PH000427,AC002044,2,1,1,0,0,11.0,1.0,0.0,0.0,0.0,18.363636363636363,62.45454545454545,146.0,0.2727272727272727,0.0,1.0,1.0,7.163055555555555,20.222094907407406,0.0,11.0,0.0,0.09090909090909091,1.0,759050.0,7,16150.0,0,2,0,0,train,-1.0,0,1,1,-1.0,-1.0,-1.0,-1.0,-1.0,2.0,13500.0,6750.0,3
PH005036,AC002044,4,2,0,0,0,-1.0,-1.0,-1.0,-1.0,-1.0,-1.0,-1.0,-1.0,-1.0,-1.0,-1.0,-1.0,-1.0,-1.0,-1.0,-1.0,-1.0,-1.0,-1.0,759050.0,7,16150.0,0,2,0,0,train,-1.0,0,1,1,-1.0,-1.0,-1.0,-1.0,-1.0,2.0,13500.0,6750.0,3
PH005040,AC002046,3,0,1,0,0,24.0,0.0,0.0,2.0,0.0,20.041666666666668,43.708333333333336,142.0,0.5,0.08333333333333333,1.0,1.0,13.045416666666666,88.40496527777778,0.0,2.0,1.0,0.08333333333333333,1.0,289850.0,88,9350.0,0,1,1,1,train,0.9,2,1,1,5.0,0.0,2.0,160.0,0.0,1.0,12200.0,12200.0,4
PH005041,AC002046,0,1,0,0,0,1.0,0.0,0.0,0.0,0.0,45.0,0.0,0.0,1.0,0.0,1.0,1.0,11.274814814814814,11.274814814814814,0.0,1.0,0.0,0.0,0.0,289850.0,88,9350.0,0,1,1,1,train,0.9,2,1,1,5.0,0.0,2.0,160.0,0.0,1.0,12200.0,12200.0,4
PH000301,AC002046,2,2,0,0,0,-1.0,-1.0,-1.0,-1.0,-1.0,-1.0,-1.0,-1.0,-1.0,-1.0,-1.0,-1.0,-1.0,-1.0,-1.0,-1.0,-1.0,-1.0,-1.0,289850.0,88,9350.0,0,1,1,1,train,0.9,2,1,1,5.0,0.0,2.0,160.0,0.0,1.0,12200.0,12200.0,4
PH005042,AC002046,4,3,0,0,0,-1.0,-1.0,-1.0,-1.0,-1.0,-1.0,-1.0,-1.0,-1.0,-1.0,-1.0,-1.0,-1.0,-1.0,-1.0,-1.0,-1.0,-1.0,-1.0,289850.0,88,9350.0,0,1,1,1,train,0.9,2,1,1,5.0,0.0,2.0,160.0,0.0,1.0,12200.0,12200.0,4
PH005043,AC002047,3,0,1,0,0,11.0,0.0,0.0,2.0,0.0,18.0,46.45454545454545,321.0,0.6363636363636364,0.18181818181818182,2.0,2.0,60.13773148148148,83.25798611111111,0.0,0.0,0.0,0.18181818181818182,1.0,432400.0,14,9400.0,0,1,2,1,train,-1.0,0,1,1,-1.0,-1.0,-1.0,-1.0,-1.0,1.0,9400.0,9400.0,3
PH005044,AC002047,1,1,0,0,0,-1.0,-1.0,-1.0,-1.0,-1.0,-1.0,-1.0,-1.0,-1.0,-1.0,-1.0,-1.0,-1.0,-1.0,-1.0,-1.0,-1.0,-1.0,-1.0,432400.0,14,9400.0,0,1,2,1,train,-1.0,0,1,1,-1.0,-1.0,-1.0,-1.0,-1.0,1.0,9400.0,9400.0,3
PH005045,AC002047,4,2,0,0,0,-1.0,-1.0,-1.0,-1.0,-1.0,-1.0,-1.0,-1.0,-1.0,-1.0,-1.0,-1.0,-1.0,-1.0,-1.0,-1.0,-1.0,-1.0,-1.0,432400.0,14,9400.0,0,1,2,1,train,-1.0,0,1,1,-1.0,-1.0,-1.0,-1.0,-1.0,1.0,9400.0,9400.0,3
PH005049,AC002049,3,0,0,0,0,2.0,0.0,0.0,0.0,2.0,0.0,0.0,0.0,1.0,1.0,2.0,2.0,88.35424768518519,89.38322916666667,0.0,0.0,2.0,0.0,0.0,75900.0,21,1650.0,0,1,0,0,train,-1.0,5,2,1,2.0,0.0,0.0,143.5,0.0,-1.0,-1.0,-1.0,4
PH005050,AC002049,0,1,1,0,0,13.0,0.0,0.0,0.0,0.0,33.23076923076923,34.0,411.0,0.8461538461538461,0.0,1.0,1.0,4.1010532407407405,88.16288194444445,1.0,1.0,0.0,0.0,1.0,75900.0,21,1650.0,0,1,0,0,train,-1.0,5,2,1,2.0,0.0,0.0,143.5,0.0,-1.0,-1.0,-1.0,4
PH005051,AC002049,1,2,0,0,0,8.0,0.0,0.0,0.0,0.0,33.75,2.25,18.0,0.875,0.0,1.0,1.0,27.241875,38.30545138888889,0.0,2.0,0.0,0.0,1.0,75900.0,21,1650.0,0,1,0,0,train,-1.0,5,2,1,2.0,0.0,0.0,143.5,0.0,-1.0,-1.0,-1.0,4
PH005052,AC002049,4,3,0,0,0,8.0,1.0,0.0,0.0,0.0,11.0,85.75,146.0,0.125,0.0,1.0,1.0,4.339305555555556,25.29855324074074,1.0,8.0,1.0,0.125,1.0,75900.0,21,1650.0,0,1,0,0,train,-1.0,5,2,1,2.0,0.0,0.0,143.5,0.0,-1.0,-1.0,-1.0,4
PH005053,AC002050,3,0,1,0,0,27.0,0.0,0.0,1.0,0.0,20.333333333333332,28.185185185185187,124.0,0.5925925925925926,0.037037037037037035,1.0,1.0,3.397175925925926,87.44978009259259,2.0,8.0,0.0,0.037037037037037035,1.0,44250.0,27,2950.0,0,3,1,1,train,0.45,5,1,1,-1.0,-1.0,-1.0,-1.0,-1.0,1.0,1900.0,1900.0,2
PH005054,AC002050,0,1,1,0,0,12.0,0.0,0.0,1.0,0.0,28.5,7.833333333333333,94.0,0.9166666666666666,0.08333333333333333,1.0,1.0,0.3816319444444444,38.02194444444444,4.0,7.0,1.0,0.08333333333333333,1.0,44250.0,27,2950.0,0,3,1,1,train,0.45,5,1,1,-1.0,-1.0,-1.0,-1.0,-1.0,1.0,1900.0,1900.0,2
PH005058,AC002052,3,0,1,0,0,22.0,0.0,0.0,2.0,0.0,27.0,52.18181818181818,363.0,0.7727272727272727,0.09090909090909091,2.0,2.0,35.312465277777775,88.44553240740741,0.0,0.0,0.0,0.09090909090909091,1.0,159800.0,27,4700.0,0,5,2,0,train,-1.0,1,2,1,3.0,1.0,0.0,235.66666666666666,0.3333333333333333,1.0,1800.0,1800.0,4
PH005059,AC002052,0,1,1,0,0,10.0,0.0,0.0,1.0,0.0,14.4,89.8,320.0,0.5,0.1,1.0,1.0,5.305011574074074,32.397905092592595,2.0,8.0,0.0,0.1,1.0,159800.0,27,4700.0,0,5,2,0,train,-1.0,1,2,1,3.0,1.0,0.0,235.66666666666666,0.3333333333333333,1.0,1800.0,1800.0,4
PH005060,AC002052,1,2,0,0,0,-1.0,-1.0,-1.0,-1.0,-1.0,-1.0,-1.0,-1.0,-1.0,-1.0,-1.0,-1.0,-1.0,-1.0,-1.0,-1.0,-1.0,-1.0,-1.0,159800.0,27,4700.0,0,5,2,0,train,-1.0,1,2,1,3.0,1.0,0.0,235.66666666666666,0.3333333333333333,1.0,1800.0,1800.0,4
PH005061,AC002052,4,3,0,0,0,-1.0,-1.0,-1.0,-1.0,-1.0,-1.0,-1.0,-1.0,-1.0,-1.0,-1.0,-1.0,-1.0,-1.0,-1.0,-1.0,-1.0,-1.0,-1.0,159800.0,27,4700.0,0,5,2,0,train,-1.0,1,2,1,3.0,1.0,0.0,235.66666666666666,0.3333333333333333,1.0,1800.0,1800.0,4
PH005064,AC002054,3,0,1,0,0,24.0,0.0,0.0,2.0,0.0,30.166666666666668,27.291666666666668,254.0,0.7916666666666666,0.08333333333333333,2.0,2.0,4.362546296296296,88.30106481481481,1.0,8.0,0.0,0.08333333333333333,1.0,33150.0,0,1950.0,0,1,1,0,train,0.01,5,0,1,-1.0,-1.0,-1.0,-1.0,-1.0,1.0,800.0,800.0,2
PH005065,AC002054,1,1,0,0,0,-1.0,-1.0,-1.0,-1.0,-1.0,-1.0,-1.0,-1.0,-1.0,-1.0,-1.0,-1.0,-1.0,-1.0,-1.0,-1.0,-1.0,-1.0,-1.0,33150.0,0,1950.0,0,1,1,0,train,0.01,5,0,1,-1.0,-1.0,-1.0,-1.0,-1.0,1.0,800.0,800.0,2
PH000106,AC002056,3,0,1,0,0,18.0,1.0,0.0,1.0,0.0,21.055555555555557,45.05555555555556,149.0,0.3888888888888889,0.05555555555555555,1.0,1.0,12.251261574074075,84.42458333333333,0.0,4.0,1.0,0.1111111111111111,1.0,43550.0,35,3350.0,1,2,1,0,train,0.62,5,1,1,4.0,1.0,1.0,436.25,0.25,1.0,3800.0,3800.0,3
PH005068,AC002056,1,1,0,0,0,6.0,2.0,0.0,0.0,0.0,27.5,6.166666666666667,28.0,0.6666666666666666,0.0,1.0,1.0,55.452025462962965,69.38725694444445,0.0,0.0,1.0,0.3333333333333333,1.0,43550.0,35,3350.0,1,2,1,0,train,0.62,5,1,1,4.0,1.0,1.0,436.25,0.25,1.0,3800.0,3800.0,3
PH005069,AC002056,4,2,1,0,0,10.0,2.0,0.0,0.0,0.0,20.5,61.0,142.0,0.4,0.0,1.0,1.0,36.369421296296295,55.15369212962963,0.0,0.0,0.0,0.2,1.0,43550.0,35,3350.0,1,2,1,0,train,0.62,5,1,1,4.0,1.0,1.0,436.25,0.25,1.0,3800.0,3800.0,3
PH005070,AC002057,3,0,0,0,0,8.0,0.0,7.0,1.0,0.0,0.0,0.0,0.0,1.0,1.0,1.0,1.0,74.3017824074074,89.27188657407407,0.0,0.0,5.0,1.0,0.0,64400.0,47,2800.0,0,0,2,2,train,1.0,5,2,1,1.0,1.0,0.0,308.0,1.0,1.0,5600.0,5600.0,2
PH005071,AC002057,0,1,1,0,0,4.0,0.0,0.0,1.0,0.0,17.25,65.0,151.0,0.5,0.25,1.0,1.0,63.204282407407405,73.34920138888889,0.0,0.0,1.0,0.25,1.0,64400.0,47,2800.0,0,0,2,2,train,1.0,5,2,1,1.0,1.0,0.0,308.0,1.0,1.0,5600.0,5600.0,2
PH005072,AC002058,3,0,1,0,0,29.0,0.0,0.0,2.0,0.0,23.17241379310345,48.89655172413793,379.0,0.7241379310344828,0.06896551724137931,1.0,1.0,25.256574074074074,89.25193287037037,0.0,3.0,0.0,0.06896551724137931,1.0,75950.0,32,2450.0,0,3,2,2,train,0.74,2,2,1,1.0,0.0,1.0,70.0,0.0,2.0,3500.0,1750.0,2
PH005073,AC002058,4,1,0,0,0,4.0,0.0,0.0,0.0,0.0,35.0,0.0,0.0,1.0,0.0,1.0,1.0,10.217164351851851,16.417106481481483,0.0,4.0,0.0,0.0,0.0,75950.0,32,2450.0,0,3,2,2,train,0.74,2,2,1,1.0,0.0,1.0,70.0,0.0,2.0,3500.0,1750.0,2
PH005075,AC002060,3,0,1,0,0,34.0,0.0,0.0,3.0,0.0,25.441176470588236,22.823529411764707,353.0,0.8529411764705882,0.08823529411764706,2.0,2.0,0.38060185185185186,80.29922453703703,5.0,17.0,0.0,0.08823529411764706,1.0,121800.0,0,4350.0,4,0,0,0,train,0.67,5,2,1,-1.0,-1.0,-1.0,-1.0,-1.0,-1.0,-1.0,-1.0,1
PH005076,AC002061,3,0,1,0,0,27.0,0.0,0.0,2.0,0.0,17.62962962962963,2.4444444444444446,49.0,0.9259259259259259,0.07407407407407407,1.0,1.0,17.37769675925926,89.31283564814815,0.0,9.0,1.0,0.07407407407407407,1.0,34650.0,34,3150.0,0,0,5,4,train,-1.0,1,2,1,-1.0,-1.0,-1.0,-1.0,-1.0,-1.0,-1.0,-1.0,1
PH005077,AC002062,3,0,0,0,0,31.0,0.0,16.0,15.0,0.0,0.0,0.0,0.0,1.0,1.0,1.0,1.0,0.3005324074074074,86.40597222222222,4.0,11.0,5.0,1.0,0.0,446250.0,150,12750.0,0,1,0,0,train,0.83,2,1,1,9.0,1.0,0.0,325.1111111111111,0.1111111111111111,-1.0,-1.0,-1.0,1
PH005078,AC002063,3,0,1,0,0,18.0,0.0,0.0,2.0,0.0,24.22222222222222,17.055555555555557,106.0,0.7222222222222222,0.1111111111111111,2.0,2.0,2.2009837962962964,88.4487037037037,2.0,11.0,0.0,0.1111111111111111,1.0,61100.0,21,2350.0,1,2,0,0,train,0.71,1,1,1,-1.0,-1.0,-1.0,-1.0,-1.0,2.0,1400.0,700.0,3
PH005079,AC002063,1,1,0,0,0,-1.0,-1.0,-1.0,-1.0,-1.0,-1.0,-1.0,-1.0,-1.0,-1.0,-1.0,-1.0,-1.0,-1.0,-1.0,-1.0,-1.0,-1.0,-1.0,61100.0,21,2350.0,1,2,0,0,train,0.71,1,1,1,-1.0,-1.0,-1.0,-1.0,-1.0,2.0,1400.0,700.0,3
PH000499,AC002063,2,2,0,0,0,5.0,0.0,0.0,0.0,0.0,35.8,0.0,0.0,1.0,0.0,1.0,1.0,2.403298611111111,30.00353009259259,4.0,4.0,0.0,0.0,0.0,61100.0,21,2350.0,1,2,0,0,train,0.71,1,1,1,-1.0,-1.0,-1.0,-1.0,-1.0,2.0,1400.0,700.0,3
PH005080,AC002064,3,0,1,0,0,24.0,0.0,0.0,2.0,0.0,25.666666666666668,61.541666666666664,387.0,0.75,0.08333333333333333,1.0,1.0,0.1898263888888889,87.40612268518518,2.0,2.0,0.0,0.08333333333333333,1.0,136800.0,59,5700.0,0,1,1,1,train,-1.0,0,2,1,4.0,4.0,0.0,811.25,1.0,1.0,7500.0,7500.0,2
PH005081,AC002064,4,1,1,0,0,17.0,1.0,0.0,2.0,0.0,18.11764705882353,51.94117647058823,143.0,0.47058823529411764,0.11764705882352941,1.0,1.0,2.0903935185185185,31.308310185185185,5.0,16.0,1.0,0.17647058823529413,1.0,136800.0,59,5700.0,0,1,1,1,train,-1.0,0,2,1,4.0,4.0,0.0,811.25,1.0,1.0,7500.0,7500.0,2
PH005082,AC002065,3,0,1,0,0,16.0,0.0,0.0,5.0,0.0,17.5625,28.9375,135.0,0.6875,0.3125,1.0,1.0,39.13847222222222,85.37020833333334,0.0,0.0,1.0,0.3125,1.0,295000.0,165,11800.0,0,0,1,1,train,0.22,0,1,1,8.0,2.0,2.0,337.125,0.25,1.0,48600.0,48600.0,3
PH000437,AC002065,2,1,0,0,0,7.0,0.0,0.0,0.0,0.0,16.714285714285715,66.14285714285714,130.0,0.2857142857142857,0.0,1.0,1.0,21.42892361111111,37.407986111111114,0.0,2.0,0.0,0.0,1.0,295000.0,165,11800.0,0,0,1,1,train,0.22,0,1,1,8.0,2.0,2.0,337.125,0.25,1.0,48600.0,48600.0,3
PH005086,AC002067,3,0,1,0,0,20.0,0.0,0.0,0.0,0.0,23.4,86.55,337.0,0.5,0.0,1.0,1.0,34.326087962962966,87.33420138888889,0.0,0.0,0.0,0.0,1.0,57750.0,70,1650.0,0,3,3,1,train,0.25,5,2,0,4.0,1.0,2.0,432.25,0.25,1.0,4950.0,4950.0,1
PH005087,AC002068,3,0,1,0,0,21.0,0.0,0.0,1.0,0.0,24.047619047619047,63.857142857142854,350.0,0.6666666666666666,0.047619047619047616,1.0,1.0,0.39079861111111114,86.34380787037037,1.0,10.0,0.0,0.047619047619047616,1.0,47700.0,42,5300.0,0,1,1,1,train,0.41,0,1,1,-1.0,-1.0,-1.0,-1.0,-1.0,1.0,3800.0,3800.0,1
PH005088,AC002069,3,0,1,0,0,20.0,0.0,0.0,1.0,0.0,29.0,37.4,307.0,0.8,0.05,1.0,1.0,2.414826388888889,89.42202546296296,2.0,12.0,1.0,0.05,1.0,717200.0,242,16300.0,0,0,1,1,train,0.62,2,1,1,9.0,0.0,7.0,155.22222222222223,0.0,1.0,78100.0,78100.0,2
PH005089,AC002069,4,1,1,0,0,9.0,0.0,0.0,1.0,0.0,28.0,18.666666666666668,129.0,0.7777777777777778,0.1111111111111111,1.0,1.0,31.00982638888889,63.388587962962966,0.0,0.0,0.0,0.1111111111111111,1.0,717200.0,242,16300.0,0,0,1,1,train,0.62,2,1,1,9.0,0.0,7.0,155.22222222222223,0.0,1.0,78100.0,78100.0,2
PH000101,AC002070,3,0,0,0,0,8.0,0.0,0.0,1.0,0.0,21.875,38.875,139.0,0.625,0.125,1.0,1.0,59.399039351851854,77.27105324074074,0.0,0.0,1.0,0.125,1.0,171000.0,52,8550.0,1,2,2,0,train,-1.0,2,1,1,3.0,1.0,1.0,305.3333333333333,0.3333333333333333,-1.0,-1.0,-1.0,3
PH005090,AC002070,0,1,1,0,0,25.0,0.0,0.0,2.0,0.0,24.4,43.8,297.0,0.76,0.08,1.0,1.0,11.3084375,58.30027777777778,0.0,11.0,0.0,0.08,1.0,171000.0,52,8550.0,1,2,2,0,train,-1.0,2,1,1,3.0,1.0,1.0,305.3333333333333,0.3333333333333333,-1.0,-1.0,-1.0,3
PH005091,AC002070,1,2,1,0,0,1.0,0.0,0.0,0.0,0.0,15.0,406.0,406.0,0.0,0.0,1.0,1.0,3.2683449074074074,3.2683449074074074,1.0,1.0,0.0,0.0,1.0,171000.0,52,8550.0,1,2,2,0,train,-1.0,2,1,1,3.0,1.0,1.0,305.3333333333333,0.3333333333333333,-1.0,-1.0,-1.0,3
PH005092,AC002071,3,0,0,0,0,2.0,2.0,0.0,0.0,0.0,13.0,21.0,22.0,0.0,0.0,1.0,1.0,77.17334490740741,77.39361111111111,0.0,0.0,2.0,1.0,1.0,124550.0,38,2650.0,1,1,0,0,train,-1.0,5,0,1,2.0,0.0,2.0,82.5,0.0,2.0,4200.0,2100.0,2
PH005093,AC002072,3,0,0,0,0,8.0,0.0,5.0,3.0,0.0,0.0,0.0,0.0,1.0,1.0,1.0,1.0,62.18334490740741,83.29825231481482,0.0,0.0,5.0,1.0,0.0,101250.0,72,3750.0,0,2,2,1,train,0.11,2,1,1,8.0,4.0,1.0,716.0,0.5,1.0,4100.0,4100.0,4
PH005094,AC002072,0,1,1,0,0,13.0,0.0,0.0,2.0,0.0,20.76923076923077,27.76923076923077,361.0,0.9230769230769231,0.15384615384615385,1.0,1.0,14.286215277777778,60.4215162037037,0.0,4.0,1.0,0.15384615384615385,1.0,101250.0,72,3750.0,0,2,2,1,train,0.11,2,1,1,8.0,4.0,1.0,716.0,0.5,1.0,4100.0,4100.0,4
PH000353,AC002072,2,2,0,0,0,6.0,0.0,0.0,0.0,0.0,24.666666666666668,16.333333333333332,63.0,0.6666666666666666,0.0,1.0,1.0,0.36797453703703703,13.306354166666667,2.0,6.0,0.0,0.0,1.0,101250.0,72,3750.0,0,2,2,1,train,0.11,2,1,1,8.0,4.0,1.0,716.0,0.5,1.0,4100.0,4100.0,4
PH005095,AC002072,4,3,0,0,0,-1.0,-1.0,-1.0,-1.0,-1.0,-1.0,-1.0,-1.0,-1.0,-1.0,-1.0,-1.0,-1.0,-1.0,-1.0,-1.0,-1.0,-1.0,-1.0,101250.0,72,3750.0,0,2,2,1,train,0.11,2,1,1,8.0,4.0,1.0,716.0,0.5,1.0,4100.0,4100.0,4
PH005096,AC002073,3,0,1,0,0,19.0,1.0,0.0,0.0,0.0,22.31578947368421,35.68421052631579,350.0,0.7894736842105263,0.0,2.0,2.0,13.078321759259259,84.2809837962963,0.0,6.0,0.0,0.05263157894736842,1.0,34650.0,1,1650.0,1,1,0,0,train,-1.0,1,1,1,-1.0,-1.0,-1.0,-1.0,-1.0,1.0,1650.0,1650.0,2
PH005097,AC002073,1,1,0,0,0,3.0,2.0,0.0,0.0,0.0,21.0,9.0,15.0,0.3333333333333333,0.0,1.0,1.0,34.36221064814815,38.373333333333335,0.0,0.0,2.0,0.6666666666666666,1.0,34650.0,1,1650.0,1,1,0,0,train,-1.0,1,1,1,-1.0,-1.0,-1.0,-1.0,-1.0,1.0,1650.0,1650.0,2
PH005098,AC002074,3,0,1,0,0,19.0,0.0,0.0,1.0,0.0,21.05263157894737,35.526315789473685,265.0,0.6842105263157895,0.05263157894736842,1.0,1.0,27.323587962962964,86.27914351851852,0.0,4.0,0.0,0.05263157894736842,1.0,54050.0,367,2350.0,0,0,1,1,train,-1.0,2,1,1,5.0,0.0,1.0,173.0,0.0,1.0,28200.0,28200.0,1
PH005099,AC002075,3,0,0,0,0,7.0,2.0,0.0,0.0,0.0,31.714285714285715,4.571428571428571,16.0,0.7142857142857143,0.0,1.0,1.0,70.25315972222222,81.30275462962963,0.0,0.0,1.0,0.2857142857142857,1.0,80300.0,321,3650.0,0,2,4,2,train,0.57,5,0,1,8.0,1.0,2.0,331.875,0.125,2.0,40150.0,20075.0,2
PH005100,AC002075,4,1,0,0,0,16.0,0.0,0.0,2.0,0.0,26.875,15.375,115.0,0.75,0.125,1.0,1.0,7.095011574074074,68.43887731481482,0.0,5.0,0.0,0.125,1.0,80300.0,321,3650.0,0,2,4,2,train,0.57,5,0,1,8.0,1.0,2.0,331.875,0.125,2.0,40150.0,20075.0,2
PH005105,AC002078,3,0,1,0,0,2.0,0.0,0.0,0.0,0.0,26.5,25.0,50.0,0.5,0.0,1.0,1.0,77.35092592592592,78.42381944444445,0.0,0.0,0.0,0.0,1.0,197500.0,87,7900.0,1,3,3,1,train,-1.0,2,1,1,1.0,1.0,0.0,853.0,1.0,1.0,23700.0,23700.0,4
PH005106,AC002078,0,1,0,0,0,-1.0,-1.0,-1.0,-1.0,-1.0,-1.0,-1.0,-1.0,-1.0,-1.0,-1.0,-1.0,-1.0,-1.0,-1.0,-1.0,-1.0,-1.0,-1.0,197500.0,87,7900.0,1,3,3,1,train,-1.0,2,1,1,1.0,1.0,0.0,853.0,1.0,1.0,23700.0,23700.0,4
PH005107,AC002078,1,2,0,0,0,-1.0,-1.0,-1.0,-1.0,-1.0,-1.0,-1.0,-1.0,-1.0,-1.0,-1.0,-1.0,-1.0,-1.0,-1.0,-1.0,-1.0,-1.0,-1.0,197500.0,87,7900.0,1,3,3,1,train,-1.0,2,1,1,1.0,1.0,0.0,853.0,1.0,1.0,23700.0,23700.0,4
PH000286,AC002078,2,3,0,0,0,-1.0,-1.0,-1.0,-1.0,-1.0,-1.0,-1.0,-1.0,-1.0,-1.0,-1.0,-1.0,-1.0,-1.0,-1.0,-1.0,-1.0,-1.0,-1.0,197500.0,87,7900.0,1,3,3,1,train,-1.0,2,1,1,1.0,1.0,0.0,853.0,1.0,1.0,23700.0,23700.0,4
PH005108,AC002079,3,0,1,0,0,26.0,0.0,0.0,1.0,0.0,23.115384615384617,72.5,413.0,0.5769230769230769,0.038461538461538464,2.0,2.0,4.363425925925926,87.43449074074074,1.0,8.0,1.0,0.038461538461538464,1.0,45000.0,11,1500.0,1,1,1,0,train,0.41,5,2,1,-1.0,-1.0,-1.0,-1.0,-1.0,2.0,1000.0,500.0,4
PH005109,AC002079,0,1,0,0,0,-1.0,-1.0,-1.0,-1.0,-1.0,-1.0,-1.0,-1.0,-1.0,-1.0,-1.0,-1.0,-1.0,-1.0,-1.0,-1.0,-1.0,-1.0,-1.0,45000.0,11,1500.0,1,1,1,0,train,0.41,5,2,1,-1.0,-1.0,-1.0,-1.0,-1.0,2.0,1000.0,500.0,4
PH005110,AC002079,1,2,0,0,0,-1.0,-1.0,-1.0,-1.0,-1.0,-1.0,-1.0,-1.0,-1.0,-1.0,-1.0,-1.0,-1.0,-1.0,-1.0,-1.0,-1.0,-1.0,-1.0,45000.0,11,1500.0,1,1,1,0,train,0.41,5,2,1,-1.0,-1.0,-1.0,-1.0,-1.0,2.0,1000.0,500.0,4
PH005111,AC002079,4,3,0,0,0,-1.0,-1.0,-1.0,-1.0,-1.0,-1.0,-1.0,-1.0,-1.0,-1.0,-1.0,-1.0,-1.0,-1.0,-1.0,-1.0,-1.0,-1.0,-1.0,45000.0,11,1500.0,1,1,1,0,train,0.41,5,2,1,-1.0,-1.0,-1.0,-1.0,-1.0,2.0,1000.0,500.0,4
PH005115,AC002081,3,0,0,0,0,10.0,2.0,0.0,3.0,0.0,11.8,5.6,34.0,0.8,0.3,2.0,2.0,23.054872685185185,87.36929398148148,0.0,2.0,1.0,0.5,1.0,770500.0,0,16750.0,1,0,0,0,train,0.33,2,1,1,-1.0,-1.0,-1.0,-1.0,-1.0,1.0,9000.0,9000.0,2
PH005116,AC002081,4,1,1,0,0,23.0,1.0,0.0,2.0,0.0,18.08695652173913,46.608695652173914,136.0,0.5217391304347826,0.08695652173913043,1.0,1.0,0.0925462962962963,42.33707175925926,7.0,15.0,1.0,0.13043478260869565,1.0,770500.0,0,16750.0,1,0,0,0,train,0.33,2,1,1,-1.0,-1.0,-1.0,-1.0,-1.0,1.0,9000.0,9000.0,2
PH005117,AC002082,3,0,1,0,0,11.0,0.0,0.0,0.0,0.0,32.27272727272727,34.72727272727273,279.0,0.7272727272727273,0.0,1.0,1.0,44.12564814814815,89.40780092592593,0.0,0.0,0.0,0.0,1.0,388500.0,67,10500.0,0,1,1,0,train,0.91,0,2,1,3.0,1.0,0.0,582.6666666666666,0.3333333333333333,1.0,31500.0,31500.0,3
PH005118,AC002082,0,1,0,0,0,-1.0,-1.0,-1.0,-1.0,-1.0,-1.0,-1.0,-1.0,-1.0,-1.0,-1.0,-1.0,-1.0,-1.0,-1.0,-1.0,-1.0,-1.0,-1.0,388500.0,67,10500.0,0,1,1,0,train,0.91,0,2,1,3.0,1.0,0.0,582.6666666666666,0.3333333333333333,1.0,31500.0,31500.0,3
PH005119,AC002082,1,2,0,0,0,-1.0,-1.0,-1.0,-1.0,-1.0,-1.0,-1.0,-1.0,-1.0,-1.0,-1.0,-1.0,-1.0,-1.0,-1.0,-1.0,-1.0,-1.0,-1.0,388500.0,67,10500.0,0,1,1,0,train,0.91,0,2,1,3.0,1.0,0.0,582.6666666666666,0.3333333333333333,1.0,31500.0,31500.0,3
PH005120,AC002083,3,0,1,0,0,10.0,0.0,0.0,1.0,0.0,23.3,4.3,43.0,0.9,0.1,1.0,1.0,76.36578703703704,89.40938657407408,0.0,0.0,0.0,0.1,1.0,455400.0,96,10350.0,0,2,4,2,train,0.66,2,1,1,2.0,0.0,1.0,250.5,0.0,1.0,41400.0,41400.0,3
PH005121,AC002083,1,1,0,0,0,5.0,0.0,0.0,1.0,0.0,25.2,0.0,0.0,1.0,0.2,1.0,1.0,55.11946759259259,70.3304050925926,0.0,0.0,1.0,0.2,0.0,455400.0,96,10350.0,0,2,4,2,train,0.66,2,1,1,2.0,0.0,1.0,250.5,0.0,1.0,41400.0,41400.0,3
PH000363,AC002083,2,2,0,0,0,-1.0,-1.0,-1.0,-1.0,-1.0,-1.0,-1.0,-1.0,-1.0,-1.0,-1.0,-1.0,-1.0,-1.0,-1.0,-1.0,-1.0,-1.0,-1.0,455400.0,96,10350.0,0,2,4,2,train,0.66,2,1,1,2.0,0.0,1.0,250.5,0.0,1.0,41400.0,41400.0,3
PH005122,AC002084,3,0,1,0,0,27.0,0.0,0.0,0.0,0.0,23.62962962962963,18.925925925925927,245.0,0.8148148148148148,0.0,2.0,2.0,0.45336805555555554,80.43363425925926,8.0,15.0,0.0,0.0,1.0,123200.0,0,4400.0,0,2,0,0,train,-1.0,5,1,1,2.0,0.0,0.0,262.5,0.0,-1.0,-1.0,-1.0,1
PH005123,AC002085,3,0,1,0,0,8.0,0.0,0.0,3.0,0.0,14.875,0.0,0.0,1.0,0.375,1.0,1.0,80.43505787037037,88.39447916666667,0.0,0.0,2.0,0.375,0.0,59450.0,80,2050.0,0,3,3,2,train,0.04,3,0,1,3.0,0.0,0.0,303.3333333333333,0.0,1.0,6150.0,6150.0,2
PH005124,AC002085,4,1,1,0,0,4.0,0.0,0.0,0.0,0.0,27.25,42.0,139.0,0.5,0.0,1.0,1.0,69.13493055555556,76.40346064814815,0.0,0.0,0.0,0.0,1.0,59450.0,80,2050.0,0,3,3,2,train,0.04,3,0,1,3.0,0.0,0.0,303.3333333333333,0.0,1.0,6150.0,6150.0,2
PH005125,AC002086,3,0,0,0,0,15.0,0.0,0.0,1.0,0.0,32.266666666666666,0.0,0.0,1.0,0.06666666666666667,1.0,1.0,1.3238773148148149,80.31230324074075,1.0,4.0,0.0,0.06666666666666667,0.0,1169600.0,231,36550.0,0,2,2,1,train,0.0,5,2,1,9.0,4.0,3.0,390.8888888888889,0.4444444444444444,-1.0,-1.0,-1.0,2
PH005126,AC002086,1,1,0,0,0,3.0,2.0,0.0,0.0,0.0,23.0,18.333333333333332,32.0,0.3333333333333333,0.0,1.0,1.0,36.07516203703704,39.369363425925926,0.0,0.0,2.0,0.6666666666666666,1.0,1169600.0,231,36550.0,0,2,2,1,train,0.0,5,2,1,9.0,4.0,3.0,390.8888888888889,0.4444444444444444,-1.0,-1.0,-1.0,2
PH005129,AC002088,3,0,1,0,0,29.0,0.0,0.0,0.0,0.0,26.82758620689655,44.55172413793103,314.0,0.7241379310344828,0.0,2.0,2.0,0.23440972222222223,84.28248842592592,2.0,9.0,0.0,0.0,1.0,984000.0,21,30750.0,0,2,2,1,train,0.73,5,2,1,-1.0,-1.0,-1.0,-1.0,-1.0,-1.0,-1.0,-1.0,2
PH005130,AC002088,4,1,0,0,0,-1.0,-1.0,-1.0,-1.0,-1.0,-1.0,-1.0,-1.0,-1.0,-1.0,-1.0,-1.0,-1.0,-1.0,-1.0,-1.0,-1.0,-1.0,-1.0,984000.0,21,30750.0,0,2,2,1,train,0.73,5,2,1,-1.0,-1.0,-1.0,-1.0,-1.0,-1.0,-1.0,-1.0,2
PH005137,AC002091,3,0,1,0,0,19.0,0.0,0.0,1.0,0.0,23.105263157894736,21.57894736842105,277.0,0.8947368421052632,0.05263157894736842,1.0,1.0,5.265127314814815,88.37854166666666,2.0,4.0,0.0,0.05263157894736842,1.0,166500.0,52,4500.0,1,0,5,3,train,-1.0,1,1,1,1.0,1.0,0.0,514.0,1.0,-1.0,-1.0,-1.0,3
PH000336,AC002091,2,1,0,0,0,16.0,0.0,0.0,2.0,0.0,20.1875,51.375,142.0,0.5,0.125,1.0,1.0,58.297777777777775,70.24965277777778,0.0,0.0,0.0,0.125,1.0,166500.0,52,4500.0,1,0,5,3,train,-1.0,1,1,1,1.0,1.0,0.0,514.0,1.0,-1.0,-1.0,-1.0,3
PH005138,AC002091,4,2,0,0,0,16.0,0.0,0.0,3.0,0.0,16.75,35.0,130.0,0.5,0.1875,1.0,1.0,13.335983796296297,57.43113425925926,0.0,7.0,0.0,0.1875,1.0,166500.0,52,4500.0,1,0,5,3,train,-1.0,1,1,1,1.0,1.0,0.0,514.0,1.0,-1.0,-1.0,-1.0,3
PH000139,AC002092,3,0,1,0,0,18.0,2.0,0.0,0.0,0.0,21.11111111111111,45.333333333333336,131.0,0.3888888888888889,0.0,2.0,2.0,42.00798611111111,75.3246875,0.0,0.0,0.0,0.1111111111111111,1.0,347000.0,0,17350.0,1,4,0,0,train,0.33,0,1,1,-1.0,-1.0,-1.0,-1.0,-1.0,1.0,6800.0,6800.0,2
PH005139,AC002093,3,0,0,0,0,14.0,2.0,8.0,1.0,0.0,10.214285714285714,4.785714285714286,39.0,0.8571428571428571,0.6428571428571429,1.0,1.0,36.31119212962963,81.37427083333333,0.0,0.0,5.0,0.7857142857142857,1.0,66600.0,27,1800.0,0,0,1,1,train,0.63,1,1,1,-1.0,-1.0,-1.0,-1.0,-1.0,-1.0,-1.0,-1.0,3
PH000542,AC002093,2,1,1,0,0,17.0,1.0,0.0,3.0,0.0,17.764705882352942,29.294117647058822,129.0,0.5882352941176471,0.17647058823529413,1.0,1.0,28.12423611111111,59.41841435185185,0.0,4.0,1.0,0.23529411764705882,1.0,66600.0,27,1800.0,0,0,1,1,train,0.63,1,1,1,-1.0,-1.0,-1.0,-1.0,-1.0,-1.0,-1.0,-1.0,3
PH005140,AC002093,4,2,1,0,0,18.0,2.0,0.0,0.0,0.0,14.61111111111111,53.333333333333336,141.0,0.2777777777777778,0.0,1.0,1.0,0.3998726851851852,49.03414351851852,1.0,10.0,0.0,0.1111111111111111,1.0,66600.0,27,1800.0,0,0,1,1,train,0.63,1,1,1,-1.0,-1.0,-1.0,-1.0,-1.0,-1.0,-1.0,-1.0,3
PH005144,AC002095,3,0,1,0,0,20.0,0.0,0.0,0.0,0.0,22.4,30.0,187.0,0.7,0.0,2.0,2.0,0.4298726851851852,83.33526620370371,2.0,5.0,0.0,0.0,1.0,261800.0,0,15400.0,1,1,0,0,train,0.91,2,1,1,-1.0,-1.0,-1.0,-1.0,-1.0,-1.0,-1.0,-1.0,3
PH005145,AC002095,1,1,0,0,0,8.0,0.0,7.0,0.0,0.0,5.0,0.0,0.0,1.0,0.875,1.0,1.0,28.42560185185185,47.24673611111111,0.0,1.0,5.0,0.875,0.0,261800.0,0,15400.0,1,1,0,0,train,0.91,2,1,1,-1.0,-1.0,-1.0,-1.0,-1.0,-1.0,-1.0,-1.0,3
PH005146,AC002095,4,2,1,0,0,11.0,1.0,0.0,0.0,0.0,27.272727272727273,45.09090909090909,139.0,0.6363636363636364,0.0,1.0,1.0,11.421516203703703,28.242824074074075,0.0,11.0,0.0,0.09090909090909091,1.0,261800.0,0,15400.0,1,1,0,0,train,0.91,2,1,1,-1.0,-1.0,-1.0,-1.0,-1.0,-1.0,-1.0,-1.0,3
PH005147,AC002096,3,0,0,0,0,8.0,0.0,0.0,0.0,0.0,29.75,0.0,0.0,1.0,0.0,1.0,1.0,68.10952546296296,86.35684027777778,0.0,0.0,0.0,0.0,0.0,572400.0,60,15900.0,0,3,1,1,train,-1.0,0,1,1,2.0,0.0,1.0,175.0,0.0,1.0,18200.0,18200.0,4
PH005148,AC002096,1,1,0,0,0,6.0,2.0,0.0,0.0,0.0,19.333333333333332,10.5,34.0,0.6666666666666666,0.0,1.0,1.0,61.209155092592596,67.27762731481481,0.0,0.0,1.0,0.3333333333333333,1.0,572400.0,60,15900.0,0,3,1,1,train,-1.0,0,1,1,2.0,0.0,1.0,175.0,0.0,1.0,18200.0,18200.0,4
PH000487,AC002096,2,2,0,0,0,8.0,0.0,0.0,1.0,0.0,20.625,15.5,49.0,0.625,0.125,1.0,1.0,40.1309837962963,56.41268518518518,0.0,0.0,1.0,0.125,1.0,572400.0,60,15900.0,0,3,1,1,train,-1.0,0,1,1,2.0,0.0,1.0,175.0,0.0,1.0,18200.0,18200.0,4
PH005149,AC002096,4,3,1,0,0,8.0,1.0,0.0,0.0,0.0,17.125,55.25,125.0,0.25,0.0,1.0,1.0,0.3043634259259259,36.348634259259256,1.0,7.0,1.0,0.125,1.0,572400.0,60,15900.0,0,3,1,1,train,-1.0,0,1,1,2.0,0.0,1.0,175.0,0.0,1.0,18200.0,18200.0,4
PH005150,AC002097,3,0,0,0,0,21.0,0.0,20.0,1.0,0.0,0.0,0.0,0.0,1.0,1.0,2.0,2.0,2.4130671296296295,86.44236111111111,2.0,10.0,5.0,1.0,0.0,239250.0,0,7250.0,1,2,1,1,train,0.62,0,1,1,1.0,0.0,0.0,73.0,0.0,-1.0,-1.0,-1.0,2
PH005151,AC002097,1,1,0,0,0,12.0,2.0,0.0,3.0,0.0,14.583333333333334,5.5,29.0,0.75,0.25,1.0,1.0,13.328136574074074,56.38273148148148,0.0,4.0,3.0,0.4166666666666667,1.0,239250.0,0,7250.0,1,2,1,1,train,0.62,0,1,1,1.0,0.0,0.0,73.0,0.0,-1.0,-1.0,-1.0,2
PH005152,AC002098,3,0,0,0,0,8.0,0.0,0.0,1.0,0.0,25.5,0.0,0.0,1.0,0.125,1.0,1.0,75.01394675925926,88.41351851851852,0.0,0.0,1.0,0.125,0.0,409500.0,69,9100.0,0,1,2,1,train,-1.0,0,1,1,5.0,2.0,0.0,467.8,0.4,1.0,18100.0,18100.0,2
PH005153,AC002098,0,1,1,0,0,5.0,0.0,0.0,1.0,0.0,17.0,13.0,65.0,0.8,0.2,1.0,1.0,58.338425925925925,73.4316087962963,0.0,0.0,1.0,0.2,1.0,409500.0,69,9100.0,0,1,2,1,train,-1.0,0,1,1,5.0,2.0,0.0,467.8,0.4,1.0,18100.0,18100.0,2
PH000213,AC002099,3,0,0,0,0,8.0,1.0,0.0,0.0,0.0,24.375,33.375,98.0,0.5,0.0,1.0,1.0,46.43082175925926,80.26583333333333,0.0,0.0,0.0,0.125,1.0,53300.0,85,4100.0,0,5,2,1,train,0.53,5,0,1,6.0,0.0,3.0,274.1666666666667,0.0,-1.0,-1.0,-1.0,2
PH005154,AC002099,0,1,0,0,0,6.0,0.0,0.0,1.0,0.0,31.5,0.0,0.0,1.0,0.16666666666666666,1.0,1.0,9.368125,44.37510416666667,0.0,4.0,1.0,0.16666666666666666,0.0,53300.0,85,4100.0,0,5,2,1,train,0.53,5,0,1,6.0,0.0,3.0,274.1666666666667,0.0,-1.0,-1.0,-1.0,2
PH005155,AC002100,3,0,1,0,0,1.0,0.0,0.0,0.0,0.0,20.0,46.0,46.0,0.0,0.0,1.0,1.0,86.36304398148148,86.36304398148148,0.0,0.0,0.0,0.0,1.0,122850.0,95,3150.0,0,3,4,2,train,-1.0,1,1,1,1.0,0.0,0.0,470.0,0.0,1.0,12600.0,12600.0,3
PH005156,AC002100,0,1,0,0,0,-1.0,-1.0,-1.0,-1.0,-1.0,-1.0,-1.0,-1.0,-1.0,-1.0,-1.0,-1.0,-1.0,-1.0,-1.0,-1.0,-1.0,-1.0,-1.0,122850.0,95,3150.0,0,3,4,2,train,-1.0,1,1,1,1.0,0.0,0.0,470.0,0.0,1.0,12600.0,12600.0,3
PH005157,AC002100,1,2,0,0,0,-1.0,-1.0,-1.0,-1.0,-1.0,-1.0,-1.0,-1.0,-1.0,-1.0,-1.0,-1.0,-1.0,-1.0,-1.0,-1.0,-1.0,-1.0,-1.0,122850.0,95,3150.0,0,3,4,2,train,-1.0,1,1,1,1.0,0.0,0.0,470.0,0.0,1.0,12600.0,12600.0,3
PH005158,AC002101,3,0,0,0,0,39.0,0.0,32.0,1.0,0.0,1.8461538461538463,0.0,0.0,1.0,0.8461538461538461,2.0,2.0,3.163622685185185,88.31263888888888,4.0,23.0,1.0,0.8461538461538461,0.0,87750.0,2,5850.0,0,0,1,0,train,-1.0,0,2,1,-1.0,-1.0,-1.0,-1.0,-1.0,-1.0,-1.0,-1.0,2
PH005159,AC002101,1,1,0,0,0,5.0,2.0,0.0,1.0,0.0,13.0,13.0,40.0,0.6,0.2,1.0,1.0,38.378425925925924,42.312465277777775,0.0,0.0,3.0,0.6,1.0,87750.0,2,5850.0,0,0,1,0,train,-1.0,0,2,1,-1.0,-1.0,-1.0,-1.0,-1.0,-1.0,-1.0,-1.0,2
PH005160,AC002102,3,0,1,0,0,27.0,0.0,0.0,0.0,0.0,26.51851851851852,60.44444444444444,399.0,0.7037037037037037,0.0,1.0,1.0,19.388599537037038,86.41284722222223,0.0,7.0,0.0,0.0,1.0,84700.0,46,3850.0,1,1,1,1,train,0.54,1,2,1,5.0,4.0,0.0,734.6,0.8,1.0,7700.0,7700.0,1
PH005163,AC002104,3,0,1,0,0,27.0,0.0,2.0,3.0,0.0,14.851851851851851,73.96296296296296,384.0,0.5185185185185185,0.18518518518518517,1.0,1.0,21.439386574074074,89.34152777777778,0.0,1.0,1.0,0.18518518518518517,1.0,680400.0,50,32400.0,0,4,4,1,train,0.52,5,2,1,2.0,0.0,2.0,81.5,0.0,2.0,40900.0,20450.0,3
PH005164,AC002104,0,1,0,0,0,-1.0,-1.0,-1.0,-1.0,-1.0,-1.0,-1.0,-1.0,-1.0,-1.0,-1.0,-1.0,-1.0,-1.0,-1.0,-1.0,-1.0,-1.0,-1.0,680400.0,50,32400.0,0,4,4,1,train,0.52,5,2,1,2.0,0.0,2.0,81.5,0.0,2.0,40900.0,20450.0,3
PH005165,AC002104,4,2,0,0,0,-1.0,-1.0,-1.0,-1.0,-1.0,-1.0,-1.0,-1.0,-1.0,-1.0,-1.0,-1.0,-1.0,-1.0,-1.0,-1.0,-1.0,-1.0,-1.0,680400.0,50,32400.0,0,4,4,1,train,0.52,5,2,1,2.0,0.0,2.0,81.5,0.0,2.0,40900.0,20450.0,3
PH005166,AC002105,3,0,0,0,0,8.0,0.0,0.0,0.0,0.0,30.375,0.0,0.0,1.0,0.0,2.0,2.0,65.26469907407407,87.42734953703703,0.0,0.0,0.0,0.0,0.0,131250.0,0,8750.0,0,4,1,0,train,-1.0,2,1,1,-1.0,-1.0,-1.0,-1.0,-1.0,1.0,8750.0,8750.0,4
PH005167,AC002105,0,1,1,0,0,12.0,0.0,0.0,0.0,0.0,32.166666666666664,10.416666666666666,80.0,0.8333333333333334,0.0,2.0,2.0,36.41255787037037,62.32219907407407,0.0,0.0,0.0,0.0,1.0,131250.0,0,8750.0,0,4,1,0,train,-1.0,2,1,1,-1.0,-1.0,-1.0,-1.0,-1.0,1.0,8750.0,8750.0,4
PH005168,AC002105,1,2,0,0,0,-1.0,-1.0,-1.0,-1.0,-1.0,-1.0,-1.0,-1.0,-1.0,-1.0,-1.0,-1.0,-1.0,-1.0,-1.0,-1.0,-1.0,-1.0,-1.0,131250.0,0,8750.0,0,4,1,0,train,-1.0,2,1,1,-1.0,-1.0,-1.0,-1.0,-1.0,1.0,8750.0,8750.0,4
PH005169,AC002105,4,3,0,0,0,-1.0,-1.0,-1.0,-1.0,-1.0,-1.0,-1.0,-1.0,-1.0,-1.0,-1.0,-1.0,-1.0,-1.0,-1.0,-1.0,-1.0,-1.0,-1.0,131250.0,0,8750.0,0,4,1,0,train,-1.0,2,1,1,-1.0,-1.0,-1.0,-1.0,-1.0,1.0,8750.0,8750.0,4
PH005171,AC002107,3,0,1,0,0,12.0,0.0,0.0,0.0,0.0,26.75,5.5,34.0,0.8333333333333334,0.0,1.0,1.0,10.08349537037037,82.44872685185184,0.0,5.0,0.0,0.0,1.0,49000.0,40,3500.0,0,2,4,1,train,-1.0,1,1,0,2.0,0.0,2.0,59.5,0.0,1.0,7000.0,7000.0,4
PH005172,AC002107,1,1,0,0,0,6.0,2.0,0.0,0.0,0.0,20.166666666666668,10.333333333333334,35.0,0.6666666666666666,0.0,1.0,1.0,70.21337962962963,76.24692129629629,0.0,0.0,1.0,0.3333333333333333,1.0,49000.0,40,3500.0,0,2,4,1,train,-1.0,1,1,0,2.0,0.0,2.0,59.5,0.0,1.0,7000.0,7000.0,4
PH000546,AC002107,2,2,1,0,0,39.0,2.0,0.0,2.0,0.0,18.23076923076923,49.41025641025641,147.0,0.46153846153846156,0.05128205128205128,4.0,1.0,0.2539236111111111,89.25194444444445,1.0,2.0,0.0,0.10256410256410256,1.0,49000.0,40,3500.0,0,2,4,1,train,-1.0,1,1,0,2.0,0.0,2.0,59.5,0.0,1.0,7000.0,7000.0,4
PH005173,AC002107,4,3,1,0,0,9.0,0.0,0.0,0.0,0.0,33.22222222222222,41.0,369.0,0.8888888888888888,0.0,1.0,1.0,10.34818287037037,84.27410879629629,0.0,1.0,0.0,0.0,1.0,49000.0,40,3500.0,0,2,4,1,train,-1.0,1,1,0,2.0,0.0,2.0,59.5,0.0,1.0,7000.0,7000.0,4
PH005174,AC002108,3,0,0,0,0,8.0,0.0,7.0,1.0,0.0,0.0,0.0,0.0,1.0,1.0,1.0,1.0,66.30107638888889,89.29335648148148,0.0,0.0,5.0,1.0,0.0,60800.0,47,1900.0,0,1,0,0,train,0.47,3,0,1,4.0,0.0,4.0,106.75,0.0,-1.0,-1.0,-1.0,4
PH005175,AC002108,0,1,0,0,1,5.0,2.0,0.0,1.0,0.0,22.0,11.6,31.0,0.6,0.2,1.0,1.0,57.09744212962963,65.30424768518519,0.0,0.0,3.0,0.6,1.0,60800.0,47,1900.0,0,1,0,0,train,0.47,3,0,1,4.0,0.0,4.0,106.75,0.0,-1.0,-1.0,-1.0,4
PH005176,AC002108,4,2,0,0,0,2.0,0.0,0.0,0.0,0.0,21.5,45.0,90.0,0.5,0.0,1.0,1.0,48.42737268518518,53.35497685185185,0.0,0.0,0.0,0.0,1.0,60800.0,47,1900.0,0,1,0,0,train,0.47,3,0,1,4.0,0.0,4.0,106.75,0.0,-1.0,-1.0,-1.0,4
PH005177,AC002109,3,0,1,0,0,14.0,0.0,0.0,0.0,0.0,24.857142857142858,42.285714285714285,329.0,0.7142857142857143,0.0,1.0,1.0,20.32724537037037,89.35900462962962,0.0,4.0,0.0,0.0,1.0,756000.0,115,18900.0,0,2,2,2,train,0.38,4,2,1,5.0,0.0,3.0,176.6,0.0,1.0,40200.0,40200.0,2
PH005178,AC002109,1,1,0,0,0,4.0,1.0,0.0,0.0,0.0,31.0,9.25,37.0,0.75,0.0,1.0,1.0,2.3280671296296296,20.077708333333334,1.0,4.0,1.0,0.25,1.0,756000.0,115,18900.0,0,2,2,2,train,0.38,4,2,1,5.0,0.0,3.0,176.6,0.0,1.0,40200.0,40200.0,2
PH005180,AC002111,3,0,0,0,0,17.0,0.0,0.0,3.0,0.0,17.941176470588236,0.0,0.0,1.0,0.17647058823529413,1.0,1.0,5.400023148148148,86.36869212962964,1.0,5.0,0.0,0.17647058823529413,0.0,94000.0,63,2000.0,1,1,1,1,train,0.59,3,0,0,6.0,1.0,4.0,270.6666666666667,0.16666666666666666,1.0,3200.0,3200.0,3
PH005181,AC002111,0,1,1,0,0,14.0,0.0,0.0,0.0,0.0,21.571428571428573,70.42857142857143,323.0,0.6428571428571429,0.0,1.0,1.0,12.322511574074074,75.24909722222222,0.0,2.0,0.0,0.0,1.0,94000.0,63,2000.0,1,1,1,1,train,0.59,3,0,0,6.0,1.0,4.0,270.6666666666667,0.16666666666666666,1.0,3200.0,3200.0,3
PH005182,AC002111,1,2,0,0,0,14.0,0.0,14.0,0.0,0.0,0.0,0.0,0.0,1.0,1.0,1.0,1.0,21.35638888888889,88.30689814814815,0.0,1.0,5.0,1.0,0.0,94000.0,63,2000.0,1,1,1,1,train,0.59,3,0,0,6.0,1.0,4.0,270.6666666666667,0.16666666666666666,1.0,3200.0,3200.0,3
PH005183,AC002112,3,0,0,0,0,4.0,2.0,0.0,0.0,0.0,22.75,10.25,27.0,0.5,0.0,1.0,1.0,73.36962962962963,82.30793981481482,0.0,0.0,2.0,0.5,1.0,163200.0,124,10200.0,0,2,2,1,train,0.46,0,2,1,6.0,1.0,4.0,126.16666666666667,0.16666666666666666,-1.0,-1.0,-1.0,3
PH005184,AC002112,1,1,0,0,0,7.0,2.0,1.0,2.0,0.0,14.0,10.285714285714286,40.0,0.7142857142857143,0.42857142857142855,1.0,1.0,38.2947337962963,73.04771990740741,0.0,0.0,4.0,0.7142857142857143,1.0,163200.0,124,10200.0,0,2,2,1,train,0.46,0,2,1,6.0,1.0,4.0,126.16666666666667,0.16666666666666666,-1.0,-1.0,-1.0,3
PH005185,AC002112,4,2,0,0,0,9.0,0.0,6.0,3.0,0.0,0.0,0.0,0.0,1.0,1.0,1.0,1.0,0.2769097222222222,34.42372685185185,1.0,7.0,5.0,1.0,0.0,163200.0,124,10200.0,0,2,2,1,train,0.46,0,2,1,6.0,1.0,4.0,126.16666666666667,0.16666666666666666,-1.0,-1.0,-1.0,3
PH005186,AC002113,3,0,1,0,0,22.0,0.0,0.0,0.0,0.0,24.454545454545453,67.68181818181819,312.0,0.5909090909090909,0.0,1.0,1.0,3.0822685185185184,82.40258101851852,2.0,9.0,0.0,0.0,1.0,570850.0,86,11650.0,0,2,2,2,train,0.85,0,1,1,1.0,0.0,0.0,259.0,0.0,1.0,20200.0,20200.0,2
PH005187,AC002113,4,1,0,0,0,-1.0,-1.0,-1.0,-1.0,-1.0,-1.0,-1.0,-1.0,-1.0,-1.0,-1.0,-1.0,-1.0,-1.0,-1.0,-1.0,-1.0,-1.0,-1.0,570850.0,86,11650.0,0,2,2,2,train,0.85,0,1,1,1.0,0.0,0.0,259.0,0.0,1.0,20200.0,20200.0,2
PH005191,AC002115,3,0,1,0,0,10.0,0.0,0.0,2.0,0.0,21.8,49.2,357.0,0.7,0.2,2.0,2.0,7.334363425925926,81.35666666666667,0.0,5.0,1.0,0.2,1.0,129950.0,0,5650.0,1,2,0,0,train,0.44,0,1,0,1.0,1.0,0.0,1345.0,1.0,1.0,2100.0,2100.0,4
PH005192,AC002115,1,1,0,0,0,13.0,1.0,0.0,0.0,0.0,19.615384615384617,0.7692307692307693,10.0,0.9230769230769231,0.0,2.0,2.0,0.2881712962962963,76.31699074074074,3.0,7.0,1.0,0.07692307692307693,1.0,129950.0,0,5650.0,1,2,0,0,train,0.44,0,1,0,1.0,1.0,0.0,1345.0,1.0,1.0,2100.0,2100.0,4
PH000321,AC002115,2,2,1,0,0,14.0,1.0,0.0,0.0,0.0,17.285714285714285,57.785714285714285,127.0,0.2857142857142857,0.0,1.0,1.0,6.9981481481481485,74.37768518518519,1.0,7.0,1.0,0.07142857142857142,1.0,129950.0,0,5650.0,1,2,0,0,train,0.44,0,1,0,1.0,1.0,0.0,1345.0,1.0,1.0,2100.0,2100.0,4
PH005193,AC002115,4,3,0,0,0,9.0,0.0,0.0,1.0,0.0,19.0,43.666666666666664,147.0,0.5555555555555556,0.1111111111111111,2.0,2.0,20.281550925925927,78.34643518518519,0.0,3.0,0.0,0.1111111111111111,1.0,129950.0,0,5650.0,1,2,0,0,train,0.44,0,1,0,1.0,1.0,0.0,1345.0,1.0,1.0,2100.0,2100.0,4
PH005194,AC002116,3,0,1,0,0,23.0,0.0,1.0,2.0,0.0,24.91304347826087,30.304347826086957,393.0,0.782608695652174,0.13043478260869565,1.0,1.0,1.2555208333333334,85.37780092592592,3.0,15.0,2.0,0.13043478260869565,1.0,29500.0,78,2950.0,0,2,4,0,train,0.47,0,2,1,8.0,4.0,3.0,561.625,0.5,1.0,5600.0,5600.0,2
PH005195,AC002116,0,1,0,0,0,8.0,0.0,1.0,7.0,0.0,0.0,0.0,0.0,1.0,1.0,1.0,1.0,28.15480324074074,61.267037037037035,0.0,2.0,5.0,1.0,0.0,29500.0,78,2950.0,0,2,4,0,train,0.47,0,2,1,8.0,4.0,3.0,561.625,0.5,1.0,5600.0,5600.0,2
PH005196,AC002117,3,0,1,0,0,15.0,0.0,0.0,0.0,0.0,18.933333333333334,89.0,401.0,0.6666666666666666,0.0,1.0,1.0,60.24767361111111,89.32238425925927,0.0,0.0,0.0,0.0,1.0,202100.0,28,4700.0,1,2,1,1,train,-1.0,1,2,1,-1.0,-1.0,-1.0,-1.0,-1.0,1.0,4700.0,4700.0,4
PH005197,AC002117,0,1,0,0,0,-1.0,-1.0,-1.0,-1.0,-1.0,-1.0,-1.0,-1.0,-1.0,-1.0,-1.0,-1.0,-1.0,-1.0,-1.0,-1.0,-1.0,-1.0,-1.0,202100.0,28,4700.0,1,2,1,1,train,-1.0,1,2,1,-1.0,-1.0,-1.0,-1.0,-1.0,1.0,4700.0,4700.0,4
PH005198,AC002117,1,2,0,0,0,-1.0,-1.0,-1.0,-1.0,-1.0,-1.0,-1.0,-1.0,-1.0,-1.0,-1.0,-1.0,-1.0,-1.0,-1.0,-1.0,-1.0,-1.0,-1.0,202100.0,28,4700.0,1,2,1,1,train,-1.0,1,2,1,-1.0,-1.0,-1.0,-1.0,-1.0,1.0,4700.0,4700.0,4
PH005199,AC002117,4,3,0,0,0,-1.0,-1.0,-1.0,-1.0,-1.0,-1.0,-1.0,-1.0,-1.0,-1.0,-1.0,-1.0,-1.0,-1.0,-1.0,-1.0,-1.0,-1.0,-1.0,202100.0,28,4700.0,1,2,1,1,train,-1.0,1,2,1,-1.0,-1.0,-1.0,-1.0,-1.0,1.0,4700.0,4700.0,4
PH005200,AC002118,3,0,0,0,0,14.0,1.0,0.0,0.0,0.0,23.0,46.57142857142857,139.0,0.42857142857142855,0.0,1.0,1.0,28.435324074074074,84.41371527777778,0.0,1.0,0.0,0.07142857142857142,1.0,208000.0,199,4000.0,0,5,3,3,train,-1.0,0,1,1,7.0,0.0,2.0,192.0,0.0,1.0,28000.0,28000.0,2
PH005201,AC002118,0,1,0,0,0,8.0,0.0,1.0,0.0,0.0,20.125,0.0,0.0,1.0,0.125,1.0,1.0,46.291423611111114,69.13439814814815,0.0,0.0,0.0,0.125,0.0,208000.0,199,4000.0,0,5,3,3,train,-1.0,0,1,1,7.0,0.0,2.0,192.0,0.0,1.0,28000.0,28000.0,2
PH005202,AC002119,3,0,1,0,0,37.0,0.0,0.0,1.0,0.0,26.972972972972972,57.32432432432432,412.0,0.7567567567567568,0.02702702702702703,2.0,2.0,13.447175925925926,88.29059027777778,0.0,7.0,0.0,0.02702702702702703,1.0,44000.0,0,4400.0,1,2,1,0,train,0.38,1,0,1,-1.0,-1.0,-1.0,-1.0,-1.0,2.0,4400.0,2200.0,1
PH005203,AC002120,3,0,1,0,0,28.0,0.0,0.0,1.0,0.0,23.5,97.5,398.0,0.5714285714285714,0.03571428571428571,1.0,1.0,0.28054398148148146,89.39561342592593,1.0,12.0,0.0,0.03571428571428571,1.0,75600.0,29,4200.0,2,3,0,0,train,0.85,5,1,1,-1.0,-1.0,-1.0,-1.0,-1.0,1.0,2600.0,2600.0,3
PH005204,AC002120,0,1,0,0,0,-1.0,-1.0,-1.0,-1.0,-1.0,-1.0,-1.0,-1.0,-1.0,-1.0,-1.0,-1.0,-1.0,-1.0,-1.0,-1.0,-1.0,-1.0,-1.0,75600.0,29,4200.0,2,3,0,0,train,0.85,5,1,1,-1.0,-1.0,-1.0,-1.0,-1.0,1.0,2600.0,2600.0,3
PH000394,AC002120,2,2,1,0,0,-1.0,-1.0,-1.0,-1.0,-1.0,-1.0,-1.0,-1.0,-1.0,-1.0,-1.0,-1.0,-1.0,-1.0,-1.0,-1.0,-1.0,-1.0,-1.0,75600.0,29,4200.0,2,3,0,0,train,0.85,5,1,1,-1.0,-1.0,-1.0,-1.0,-1.0,1.0,2600.0,2600.0,3
PH005205,AC002121,3,0,1,0,0,25.0,0.0,1.0,1.0,0.0,21.0,42.52,343.0,0.6,0.08,1.0,1.0,4.30912037037037,84.35447916666666,1.0,3.0,0.0,0.08,1.0,70400.0,65,2200.0,0,1,0,0,train,0.24,5,0,1,5.0,1.0,2.0,508.2,0.2,1.0,1800.0,1800.0,3
PH005206,AC002121,1,1,0,0,0,-1.0,-1.0,-1.0,-1.0,-1.0,-1.0,-1.0,-1.0,-1.0,-1.0,-1.0,-1.0,-1.0,-1.0,-1.0,-1.0,-1.0,-1.0,-1.0,70400.0,65,2200.0,0,1,0,0,train,0.24,5,0,1,5.0,1.0,2.0,508.2,0.2,1.0,1800.0,1800.0,3
PH005207,AC002121,4,2,0,0,0,-1.0,-1.0,-1.0,-1.0,-1.0,-1.0,-1.0,-1.0,-1.0,-1.0,-1.0,-1.0,-1.0,-1.0,-1.0,-1.0,-1.0,-1.0,-1.0,70400.0,65,2200.0,0,1,0,0,train,0.24,5,0,1,5.0,1.0,2.0,508.2,0.2,1.0,1800.0,1800.0,3
PH005208,AC002122,3,0,1,0,0,23.0,0.0,0.0,1.0,0.0,22.782608695652176,6.739130434782608,120.0,0.9130434782608695,0.043478260869565216,1.0,1.0,16.032939814814814,86.44583333333334,0.0,8.0,0.0,0.043478260869565216,1.0,31200.0,108,1300.0,0,2,5,4,train,-1.0,3,2,1,-1.0,-1.0,-1.0,-1.0,-1.0,-1.0,-1.0,-1.0,1
PH000163,AC002123,3,0,1,0,0,8.0,2.0,0.0,0.0,0.0,19.25,68.75,115.0,0.25,0.0,1.0,1.0,70.27864583333333,83.34784722222223,0.0,0.0,1.0,0.25,1.0,156600.0,137,4350.0,0,1,5,5,train,0.75,0,2,1,8.0,3.0,3.0,445.75,0.375,2.0,16500.0,8250.0,2
PH005209,AC002123,0,1,1,0,0,13.0,0.0,0.0,0.0,0.0,24.0,16.615384615384617,178.0,0.8461538461538461,0.0,1.0,1.0,6.2121759259259255,53.25076388888889,2.0,6.0,0.0,0.0,1.0,156600.0,137,4350.0,0,1,5,5,train,0.75,0,2,1,8.0,3.0,3.0,445.75,0.375,2.0,16500.0,8250.0,2
PH005210,AC002124,3,0,1,0,0,1.0,0.0,0.0,0.0,0.0,4.0,40.0,40.0,0.0,0.0,1.0,1.0,88.25987268518519,88.25987268518519,0.0,0.0,0.0,0.0,1.0,100750.0,0,3250.0,4,1,0,0,train,0.82,0,2,1,-1.0,-1.0,-1.0,-1.0,-1.0,1.0,3250.0,3250.0,2
PH005211,AC002124,4,1,0,0,0,-1.0,-1.0,-1.0,-1.0,-1.0,-1.0,-1.0,-1.0,-1.0,-1.0,-1.0,-1.0,-1.0,-1.0,-1.0,-1.0,-1.0,-1.0,-1.0,100750.0,0,3250.0,4,1,0,0,train,0.82,0,2,1,-1.0,-1.0,-1.0,-1.0,-1.0,1.0,3250.0,3250.0,2
PH005212,AC002125,3,0,1,0,0,22.0,0.0,0.0,1.0,0.0,23.954545454545453,82.0,402.0,0.5909090909090909,0.045454545454545456,2.0,2.0,53.046273148148146,87.45247685185186,0.0,0.0,1.0,0.045454545454545456,1.0,88800.0,27,3700.0,2,4,1,1,train,0.85,5,0,1,-1.0,-1.0,-1.0,-1.0,-1.0,2.0,3700.0,1850.0,2
PH005213,AC002125,4,1,0,0,0,-1.0,-1.0,-1.0,-1.0,-1.0,-1.0,-1.0,-1.0,-1.0,-1.0,-1.0,-1.0,-1.0,-1.0,-1.0,-1.0,-1.0,-1.0,-1.0,88800.0,27,3700.0,2,4,1,1,train,0.85,5,0,1,-1.0,-1.0,-1.0,-1.0,-1.0,2.0,3700.0,1850.0,2
PH005214,AC002126,3,0,1,0,0,1.0,0.0,0.0,0.0,0.0,18.0,51.0,51.0,0.0,0.0,1.0,1.0,89.4479513888889,89.4479513888889,0.0,0.0,0.0,0.0,1.0,110200.0,51,2900.0,1,2,1,0,train,0.53,1,1,1,-1.0,-1.0,-1.0,-1.0,-1.0,2.0,5800.0,2900.0,3
PH005215,AC002126,0,1,0,0,0,-1.0,-1.0,-1.0,-1.0,-1.0,-1.0,-1.0,-1.0,-1.0,-1.0,-1.0,-1.0,-1.0,-1.0,-1.0,-1.0,-1.0,-1.0,-1.0,110200.0,51,2900.0,1,2,1,0,train,0.53,1,1,1,-1.0,-1.0,-1.0,-1.0,-1.0,2.0,5800.0,2900.0,3
PH000308,AC002126,2,2,1,1,0,25.0,2.0,0.0,5.0,0.0,20.52,28.04,114.0,0.64,0.2,2.0,1.0,6.37650462962963,73.08678240740741,1.0,8.0,2.0,0.28,1.0,110200.0,51,2900.0,1,2,1,0,train,0.53,1,1,1,-1.0,-1.0,-1.0,-1.0,-1.0,2.0,5800.0,2900.0,3
PH005216,AC002127,3,0,1,0,0,8.0,0.0,0.0,0.0,0.0,23.0,0.0,0.0,1.0,0.0,1.0,1.0,80.44626157407407,88.28532407407407,0.0,0.0,0.0,0.0,0.0,67200.0,155,5600.0,0,1,3,3,train,-1.0,0,1,1,1.0,0.0,0.0,98.0,0.0,1.0,33600.0,33600.0,3
PH005217,AC002127,0,1,1,1,0,1.0,0.0,0.0,0.0,0.0,3.0,41.0,41.0,0.0,0.0,1.0,1.0,79.45434027777777,79.45434027777777,0.0,0.0,0.0,0.0,1.0,67200.0,155,5600.0,0,1,3,3,train,-1.0,0,1,1,1.0,0.0,0.0,98.0,0.0,1.0,33600.0,33600.0,3
PH005218,AC002127,1,2,0,0,0,-1.0,-1.0,-1.0,-1.0,-1.0,-1.0,-1.0,-1.0,-1.0,-1.0,-1.0,-1.0,-1.0,-1.0,-1.0,-1.0,-1.0,-1.0,-1.0,67200.0,155,5600.0,0,1,3,3,train,-1.0,0,1,1,1.0,0.0,0.0,98.0,0.0,1.0,33600.0,33600.0,3
PH005222,AC002130,3,0,0,0,0,-1.0,-1.0,-1.0,-1.0,-1.0,-1.0,-1.0,-1.0,-1.0,-1.0,-1.0,-1.0,-1.0,-1.0,-1.0,-1.0,-1.0,-1.0,-1.0,28000.0,0,1750.0,0,2,0,0,train,0.11,5,0,0,-1.0,-1.0,-1.0,-1.0,-1.0,1.0,1750.0,1750.0,2
PH005223,AC002130,4,1,1,0,0,3.0,0.0,0.0,0.0,0.0,8.0,152.0,395.0,0.0,0.0,1.0,1.0,80.43599537037036,89.44068287037037,0.0,0.0,0.0,0.0,1.0,28000.0,0,1750.0,0,2,0,0,train,0.11,5,0,0,-1.0,-1.0,-1.0,-1.0,-1.0,1.0,1750.0,1750.0,2
PH005229,AC002133,3,0,0,0,0,9.0,0.0,0.0,0.0,0.0,30.77777777777778,13.11111111111111,118.0,0.8888888888888888,0.0,1.0,1.0,12.232164351851852,74.42188657407408,0.0,3.0,0.0,0.0,1.0,69750.0,159,1550.0,0,1,3,0,train,-1.0,1,1,0,8.0,1.0,2.0,226.375,0.125,-1.0,-1.0,-1.0,4
PH005230,AC002133,1,1,0,0,0,5.0,2.0,0.0,1.0,0.0,22.0,12.0,40.0,0.6,0.2,1.0,1.0,18.08596064814815,47.271145833333335,0.0,3.0,3.0,0.6,1.0,69750.0,159,1550.0,0,1,3,0,train,-1.0,1,1,0,8.0,1.0,2.0,226.375,0.125,-1.0,-1.0,-1.0,4
PH000473,AC002133,2,2,0,0,0,5.0,0.0,0.0,0.0,0.0,12.0,88.0,148.0,0.2,0.0,1.0,1.0,11.372060185185186,88.43520833333334,0.0,1.0,0.0,0.0,1.0,69750.0,159,1550.0,0,1,3,0,train,-1.0,1,1,0,8.0,1.0,2.0,226.375,0.125,-1.0,-1.0,-1.0,4
PH005231,AC002133,4,3,0,0,0,7.0,0.0,0.0,2.0,0.0,19.428571428571427,31.142857142857142,121.0,0.7142857142857143,0.2857142857142857,1.0,1.0,12.360300925925927,82.14516203703704,0.0,4.0,2.0,0.2857142857142857,1.0,69750.0,159,1550.0,0,1,3,0,train,-1.0,1,1,0,8.0,1.0,2.0,226.375,0.125,-1.0,-1.0,-1.0,4
PH005232,AC002134,3,0,0,0,0,1.0,0.0,0.0,0.0,0.0,45.0,0.0,0.0,1.0,0.0,1.0,1.0,76.3343287037037,76.3343287037037,0.0,0.0,0.0,0.0,0.0,728700.0,0,17350.0,3,1,0,0,train,-1.0,0,1,1,-1.0,-1.0,-1.0,-1.0,-1.0,1.0,17350.0,17350.0,3
PH005233,AC002134,0,1,0,0,0,-1.0,-1.0,-1.0,-1.0,-1.0,-1.0,-1.0,-1.0,-1.0,-1.0,-1.0,-1.0,-1.0,-1.0,-1.0,-1.0,-1.0,-1.0,-1.0,728700.0,0,17350.0,3,1,0,0,train,-1.0,0,1,1,-1.0,-1.0,-1.0,-1.0,-1.0,1.0,17350.0,17350.0,3
PH005234,AC002134,1,2,0,0,0,-1.0,-1.0,-1.0,-1.0,-1.0,-1.0,-1.0,-1.0,-1.0,-1.0,-1.0,-1.0,-1.0,-1.0,-1.0,-1.0,-1.0,-1.0,-1.0,728700.0,0,17350.0,3,1,0,0,train,-1.0,0,1,1,-1.0,-1.0,-1.0,-1.0,-1.0,1.0,17350.0,17350.0,3
PH005235,AC002135,3,0,0,0,0,8.0,0.0,0.0,1.0,0.0,28.625,0.0,0.0,1.0,0.125,1.0,1.0,74.40666666666667,89.26680555555555,0.0,0.0,1.0,0.125,0.0,1235000.0,72,24700.0,0,1,3,3,train,-1.0,5,2,1,1.0,0.0,0.0,202.0,0.0,-1.0,-1.0,-1.0,2
PH005236,AC002135,0,1,1,0,0,25.0,0.0,0.0,4.0,0.0,25.88,52.8,418.0,0.84,0.16,1.0,1.0,4.34744212962963,74.15929398148148,2.0,8.0,0.0,0.16,1.0,1235000.0,72,24700.0,0,1,3,3,train,-1.0,5,2,1,1.0,0.0,0.0,202.0,0.0,-1.0,-1.0,-1.0,2
PH005237,AC002136,3,0,1,0,0,20.0,0.0,0.0,0.0,0.0,27.6,27.1,270.0,0.8,0.0,1.0,1.0,2.4397569444444445,87.32917824074075,1.0,10.0,0.0,0.0,1.0,339750.0,86,7550.0,0,2,2,1,train,0.58,0,2,1,7.0,1.0,4.0,281.7142857142857,0.14285714285714285,-1.0,-1.0,-1.0,1
PH005238,AC002137,3,0,0,0,0,5.0,2.0,0.0,0.0,0.0,28.2,12.2,34.0,0.6,0.0,2.0,2.0,72.26248842592592,84.40671296296296,0.0,0.0,2.0,0.4,1.0,33750.0,20,2250.0,0,1,1,1,train,0.9,1,0,1,5.0,0.0,0.0,261.8,0.0,-1.0,-1.0,-1.0,3
PH005239,AC002137,1,1,0,0,0,18.0,2.0,11.0,3.0,0.0,5.166666666666667,3.1666666666666665,35.0,0.8888888888888888,0.7777777777777778,1.0,1.0,14.219699074074073,72.11168981481481,0.0,8.0,5.0,0.8888888888888888,1.0,33750.0,20,2250.0,0,1,1,1,train,0.9,1,0,1,5.0,0.0,0.0,261.8,0.0,-1.0,-1.0,-1.0,3
PH005250,AC002142,3,0,1,0,0,19.0,0.0,0.0,1.0,0.0,24.157894736842106,10.105263157894736,111.0,0.8421052631578947,0.05263157894736842,1.0,1.0,41.41047453703704,89.40872685185185,0.0,0.0,1.0,0.05263157894736842,1.0,27000.0,59,3000.0,1,3,0,0,train,1.0,1,1,1,4.0,2.0,1.0,676.5,0.5,1.0,6000.0,6000.0,4
PH005251,AC002142,0,1,1,0,0,3.0,0.0,0.0,0.0,0.0,9.333333333333334,151.33333333333334,319.0,0.0,0.0,1.0,1.0,34.318449074074074,41.18019675925926,0.0,0.0,0.0,0.0,1.0,27000.0,59,3000.0,1,3,0,0,train,1.0,1,1,1,4.0,2.0,1.0,676.5,0.5,1.0,6000.0,6000.0,4
PH005252,AC002142,1,2,0,0,0,-1.0,-1.0,-1.0,-1.0,-1.0,-1.0,-1.0,-1.0,-1.0,-1.0,-1.0,-1.0,-1.0,-1.0,-1.0,-1.0,-1.0,-1.0,-1.0,27000.0,59,3000.0,1,3,0,0,train,1.0,1,1,1,4.0,2.0,1.0,676.5,0.5,1.0,6000.0,6000.0,4
PH005253,AC002142,4,3,0,0,0,-1.0,-1.0,-1.0,-1.0,-1.0,-1.0,-1.0,-1.0,-1.0,-1.0,-1.0,-1.0,-1.0,-1.0,-1.0,-1.0,-1.0,-1.0,-1.0,27000.0,59,3000.0,1,3,0,0,train,1.0,1,1,1,4.0,2.0,1.0,676.5,0.5,1.0,6000.0,6000.0,4
PH005257,AC002145,3,0,1,0,0,6.0,0.0,0.0,0.0,0.0,29.833333333333332,6.5,39.0,0.8333333333333334,0.0,2.0,2.0,44.05708333333333,82.32652777777778,0.0,0.0,0.0,0.0,1.0,125800.0,15,3700.0,1,3,1,1,train,-1.0,2,1,1,-1.0,-1.0,-1.0,-1.0,-1.0,1.0,3700.0,3700.0,2
PH005258,AC002145,4,1,0,0,0,-1.0,-1.0,-1.0,-1.0,-1.0,-1.0,-1.0,-1.0,-1.0,-1.0,-1.0,-1.0,-1.0,-1.0,-1.0,-1.0,-1.0,-1.0,-1.0,125800.0,15,3700.0,1,3,1,1,train,-1.0,2,1,1,-1.0,-1.0,-1.0,-1.0,-1.0,1.0,3700.0,3700.0,2
PH005259,AC002146,3,0,1,0,0,4.0,2.0,0.0,0.0,0.0,20.75,8.75,13.0,0.25,0.0,1.0,1.0,69.45394675925925,89.3852199074074,0.0,0.0,2.0,0.5,1.0,140600.0,57,3700.0,0,1,1,1,train,0.68,1,0,1,1.0,0.0,1.0,103.0,0.0,1.0,7400.0,7400.0,3
PH005260,AC002146,0,1,1,0,1,1.0,0.0,0.0,0.0,0.0,18.0,41.0,41.0,0.0,0.0,1.0,1.0,69.02421296296296,69.02421296296296,0.0,0.0,0.0,0.0,1.0,140600.0,57,3700.0,0,1,1,1,train,0.68,1,0,1,1.0,0.0,1.0,103.0,0.0,1.0,7400.0,7400.0,3
PH005261,AC002146,4,2,0,0,0,-1.0,-1.0,-1.0,-1.0,-1.0,-1.0,-1.0,-1.0,-1.0,-1.0,-1.0,-1.0,-1.0,-1.0,-1.0,-1.0,-1.0,-1.0,-1.0,140600.0,57,3700.0,0,1,1,1,train,0.68,1,0,1,1.0,0.0,1.0,103.0,0.0,1.0,7400.0,7400.0,3
PH005262,AC002147,3,0,0,0,0,7.0,0.0,4.0,3.0,0.0,0.0,0.0,0.0,1.0,1.0,1.0,1.0,9.404212962962964,89.40662037037038,0.0,2.0,5.0,1.0,0.0,243600.0,577,8700.0,0,3,1,0,train,-1.0,0,2,0,9.0,1.0,4.0,238.55555555555554,0.1111111111111111,-1.0,-1.0,-1.0,3
PH005263,AC002147,1,1,0,0,0,9.0,0.0,9.0,0.0,0.0,0.0,0.0,0.0,1.0,1.0,1.0,1.0,2.3772106481481483,87.4444212962963,1.0,1.0,5.0,1.0,0.0,243600.0,577,8700.0,0,3,1,0,train,-1.0,0,2,0,9.0,1.0,4.0,238.55555555555554,0.1111111111111111,-1.0,-1.0,-1.0,3
PH005264,AC002147,4,2,0,0,0,8.0,0.0,0.0,1.0,0.0,12.5,68.375,144.0,0.25,0.125,1.0,1.0,34.445405092592594,77.13219907407408,0.0,0.0,1.0,0.125,1.0,243600.0,577,8700.0,0,3,1,0,train,-1.0,0,2,0,9.0,1.0,4.0,238.55555555555554,0.1111111111111111,-1.0,-1.0,-1.0,3
PH005265,AC002148,3,0,0,0,0,8.0,0.0,0.0,0.0,0.0,33.125,0.0,0.0,1.0,0.0,1.0,1.0,54.13072916666667,87.31519675925927,0.0,0.0,0.0,0.0,0.0,42750.0,150,950.0,0,4,2,2,train,0.79,5,0,1,6.0,0.0,1.0,280.5,0.0,-1.0,-1.0,-1.0,5
PH005266,AC002148,0,1,0,0,0,7.0,0.0,2.0,1.0,0.0,17.714285714285715,0.0,0.0,1.0,0.42857142857142855,1.0,1.0,31.173761574074074,52.27241898148148,0.0,0.0,1.0,0.42857142857142855,0.0,42750.0,150,950.0,0,4,2,2,train,0.79,5,0,1,6.0,0.0,1.0,280.5,0.0,-1.0,-1.0,-1.0,5
PH005267,AC002148,1,2,0,0,0,-1.0,-1.0,-1.0,-1.0,-1.0,-1.0,-1.0,-1.0,-1.0,-1.0,-1.0,-1.0,-1.0,-1.0,-1.0,-1.0,-1.0,-1.0,-1.0,42750.0,150,950.0,0,4,2,2,train,0.79,5,0,1,6.0,0.0,1.0,280.5,0.0,-1.0,-1.0,-1.0,5
PH005268,AC002148,4,3,0,0,0,-1.0,-1.0,-1.0,-1.0,-1.0,-1.0,-1.0,-1.0,-1.0,-1.0,-1.0,-1.0,-1.0,-1.0,-1.0,-1.0,-1.0,-1.0,-1.0,42750.0,150,950.0,0,4,2,2,train,0.79,5,0,1,6.0,0.0,1.0,280.5,0.0,-1.0,-1.0,-1.0,5
PH005269,AC002149,3,0,1,0,0,21.0,0.0,0.0,2.0,0.0,25.0,5.571428571428571,35.0,0.8095238095238095,0.09523809523809523,1.0,1.0,9.124282407407408,69.4240625,0.0,5.0,0.0,0.09523809523809523,1.0,32850.0,15,3650.0,1,3,0,0,train,0.53,5,0,1,-1.0,-1.0,-1.0,-1.0,-1.0,2.0,3650.0,1825.0,1
PH005270,AC002150,3,0,1,0,0,6.0,0.0,0.0,0.0,0.0,23.166666666666668,30.5,111.0,0.5,0.0,2.0,2.0,54.08068287037037,87.34320601851852,0.0,0.0,0.0,0.0,1.0,23450.0,6,3350.0,0,1,1,0,train,-1.0,1,1,1,-1.0,-1.0,-1.0,-1.0,-1.0,1.0,3350.0,3350.0,3
PH000332,AC002150,2,1,0,0,0,-1.0,-1.0,-1.0,-1.0,-1.0,-1.0,-1.0,-1.0,-1.0,-1.0,-1.0,-1.0,-1.0,-1.0,-1.0,-1.0,-1.0,-1.0,-1.0,23450.0,6,3350.0,0,1,1,0,train,-1.0,1,1,1,-1.0,-1.0,-1.0,-1.0,-1.0,1.0,3350.0,3350.0,3
PH005271,AC002150,4,2,0,0,0,-1.0,-1.0,-1.0,-1.0,-1.0,-1.0,-1.0,-1.0,-1.0,-1.0,-1.0,-1.0,-1.0,-1.0,-1.0,-1.0,-1.0,-1.0,-1.0,23450.0,6,3350.0,0,1,1,0,train,-1.0,1,1,1,-1.0,-1.0,-1.0,-1.0,-1.0,1.0,3350.0,3350.0,3
PH005274,AC002152,3,0,1,0,0,33.0,0.0,0.0,1.0,0.0,29.242424242424242,33.515151515151516,354.0,0.7878787878787878,0.030303030303030304,2.0,2.0,6.407303240740741,88.39344907407407,1.0,13.0,1.0,0.030303030303030304,1.0,276000.0,6,6000.0,1,1,5,3,train,-1.0,0,1,1,-1.0,-1.0,-1.0,-1.0,-1.0,1.0,1600.0,1600.0,1
PH005275,AC002153,3,0,1,0,0,9.0,0.0,0.0,0.0,0.0,29.77777777777778,6.888888888888889,62.0,0.8888888888888888,0.0,1.0,1.0,67.11883101851852,89.38453703703703,0.0,0.0,0.0,0.0,1.0,98700.0,74,4700.0,1,2,1,0,train,-1.0,2,1,1,1.0,0.0,0.0,81.0,0.0,1.0,14100.0,14100.0,2
PH005276,AC002153,4,1,0,0,0,-1.0,-1.0,-1.0,-1.0,-1.0,-1.0,-1.0,-1.0,-1.0,-1.0,-1.0,-1.0,-1.0,-1.0,-1.0,-1.0,-1.0,-1.0,-1.0,98700.0,74,4700.0,1,2,1,0,train,-1.0,2,1,1,1.0,0.0,0.0,81.0,0.0,1.0,14100.0,14100.0,2
PH005277,AC002154,3,0,1,0,0,24.0,0.0,0.0,2.0,0.0,20.083333333333332,31.5,399.0,0.8333333333333334,0.08333333333333333,1.0,1.0,41.44015046296296,87.34731481481481,0.0,0.0,0.0,0.08333333333333333,1.0,52800.0,49,1650.0,0,3,2,0,train,0.25,5,0,1,-1.0,-1.0,-1.0,-1.0,-1.0,-1.0,-1.0,-1.0,2
PH005278,AC002154,4,1,1,0,0,12.0,0.0,0.0,1.0,0.0,13.5,54.833333333333336,133.0,0.3333333333333333,0.08333333333333333,1.0,1.0,1.3991087962962963,38.27929398148148,4.0,7.0,0.0,0.08333333333333333,1.0,52800.0,49,1650.0,0,3,2,0,train,0.25,5,0,1,-1.0,-1.0,-1.0,-1.0,-1.0,-1.0,-1.0,-1.0,2
PH005279,AC002155,3,0,1,0,0,14.0,0.0,0.0,0.0,0.0,26.857142857142858,57.642857142857146,335.0,0.6428571428571429,0.0,2.0,2.0,62.36675925925926,88.30173611111111,0.0,0.0,0.0,0.0,1.0,174150.0,14,4050.0,3,0,0,0,train,0.64,1,1,1,-1.0,-1.0,-1.0,-1.0,-1.0,1.0,4050.0,4050.0,2
PH005280,AC002155,4,1,0,0,0,-1.0,-1.0,-1.0,-1.0,-1.0,-1.0,-1.0,-1.0,-1.0,-1.0,-1.0,-1.0,-1.0,-1.0,-1.0,-1.0,-1.0,-1.0,-1.0,174150.0,14,4050.0,3,0,0,0,train,0.64,1,1,1,-1.0,-1.0,-1.0,-1.0,-1.0,1.0,4050.0,4050.0,2
PH005281,AC002156,3,0,1,0,0,10.0,0.0,0.0,1.0,0.0,24.6,34.3,343.0,0.9,0.1,2.0,2.0,66.30690972222222,89.39199074074074,0.0,0.0,1.0,0.1,1.0,162250.0,10,14750.0,2,3,1,1,train,-1.0,0,1,1,-1.0,-1.0,-1.0,-1.0,-1.0,2.0,14750.0,7375.0,2
PH005282,AC002156,4,1,1,0,0,16.0,0.0,0.0,0.0,0.0,21.8125,42.75,145.0,0.375,0.0,1.0,1.0,5.26880787037037,66.09309027777778,1.0,5.0,0.0,0.0,1.0,162250.0,10,14750.0,2,3,1,1,train,-1.0,0,1,1,-1.0,-1.0,-1.0,-1.0,-1.0,2.0,14750.0,7375.0,2
PH005283,AC002157,3,0,0,0,0,8.0,1.0,0.0,0.0,0.0,30.0,5.75,26.0,0.75,0.0,1.0,1.0,77.44304398148148,88.36805555555556,0.0,0.0,0.0,0.125,1.0,66150.0,67,1350.0,0,1,1,0,train,-1.0,5,0,1,1.0,0.0,1.0,115.0,0.0,1.0,4050.0,4050.0,2
PH005284,AC002157,0,1,1,0,0,4.0,0.0,0.0,0.0,0.0,21.0,9.25,37.0,0.75,0.0,1.0,1.0,74.41508101851852,77.12193287037037,0.0,0.0,0.0,0.0,1.0,66150.0,67,1350.0,0,1,1,0,train,-1.0,5,0,1,1.0,0.0,1.0,115.0,0.0,1.0,4050.0,4050.0,2
PH005287,AC002159,3,0,0,0,0,8.0,0.0,6.0,2.0,0.0,0.0,0.0,0.0,1.0,1.0,2.0,2.0,69.28335648148148,86.27221064814815,0.0,0.0,5.0,1.0,0.0,158200.0,11,11300.0,1,1,1,1,train,0.53,2,1,1,-1.0,-1.0,-1.0,-1.0,-1.0,1.0,11300.0,11300.0,3
PH005288,AC002159,1,1,1,0,0,9.0,0.0,0.0,0.0,0.0,26.666666666666668,49.77777777777778,305.0,0.5555555555555556,0.0,1.0,1.0,59.01892361111111,69.08704861111111,0.0,0.0,0.0,0.0,1.0,158200.0,11,11300.0,1,1,1,1,train,0.53,2,1,1,-1.0,-1.0,-1.0,-1.0,-1.0,1.0,11300.0,11300.0,3
PH005289,AC002159,4,2,0,0,0,-1.0,-1.0,-1.0,-1.0,-1.0,-1.0,-1.0,-1.0,-1.0,-1.0,-1.0,-1.0,-1.0,-1.0,-1.0,-1.0,-1.0,-1.0,-1.0,158200.0,11,11300.0,1,1,1,1,train,0.53,2,1,1,-1.0,-1.0,-1.0,-1.0,-1.0,1.0,11300.0,11300.0,3
PH005292,AC002161,3,0,1,0,0,40.0,0.0,0.0,1.0,0.0,25.975,62.8,409.0,0.65,0.025,2.0,2.0,7.288622685185185,82.33293981481482,0.0,9.0,0.0,0.025,1.0,18200.0,22,1400.0,0,5,1,1,train,-1.0,5,0,1,-1.0,-1.0,-1.0,-1.0,-1.0,2.0,800.0,400.0,2
PH005293,AC002161,1,1,0,0,0,-1.0,-1.0,-1.0,-1.0,-1.0,-1.0,-1.0,-1.0,-1.0,-1.0,-1.0,-1.0,-1.0,-1.0,-1.0,-1.0,-1.0,-1.0,-1.0,18200.0,22,1400.0,0,5,1,1,train,-1.0,5,0,1,-1.0,-1.0,-1.0,-1.0,-1.0,2.0,800.0,400.0,2
PH005294,AC002162,3,0,1,0,0,11.0,0.0,0.0,0.0,0.0,20.90909090909091,3.1818181818181817,35.0,0.9090909090909091,0.0,1.0,1.0,54.33898148148148,89.28092592592593,0.0,0.0,0.0,0.0,1.0,8550.0,31,950.0,0,4,1,1,train,-1.0,5,0,1,2.0,1.0,1.0,250.5,0.5,-1.0,-1.0,-1.0,4
PH005295,AC002162,0,1,0,0,0,8.0,1.0,0.0,1.0,0.0,26.875,4.0,32.0,0.875,0.125,1.0,1.0,41.434641203703706,53.42381944444445,0.0,0.0,2.0,0.25,1.0,8550.0,31,950.0,0,4,1,1,train,-1.0,5,0,1,2.0,1.0,1.0,250.5,0.5,-1.0,-1.0,-1.0,4
PH005296,AC002162,1,2,1,0,0,18.0,0.0,0.0,2.0,0.0,20.11111111111111,37.611111111111114,247.0,0.7222222222222222,0.1111111111111111,1.0,1.0,7.417627314814815,40.99734953703704,0.0,8.0,0.0,0.1111111111111111,1.0,8550.0,31,950.0,0,4,1,1,train,-1.0,5,0,1,2.0,1.0,1.0,250.5,0.5,-1.0,-1.0,-1.0,4
PH005297,AC002162,4,3,0,0,0,-1.0,-1.0,-1.0,-1.0,-1.0,-1.0,-1.0,-1.0,-1.0,-1.0,-1.0,-1.0,-1.0,-1.0,-1.0,-1.0,-1.0,-1.0,-1.0,8550.0,31,950.0,0,4,1,1,train,-1.0,5,0,1,2.0,1.0,1.0,250.5,0.5,-1.0,-1.0,-1.0,4
PH005298,AC002163,3,0,1,0,0,24.0,0.0,0.0,0.0,0.0,24.0,21.833333333333332,393.0,0.9166666666666666,0.0,1.0,1.0,13.254259259259259,89.43542824074073,0.0,8.0,0.0,0.0,1.0,206550.0,71,12150.0,0,0,3,1,train,0.7,2,1,1,3.0,1.0,2.0,256.6666666666667,0.3333333333333333,-1.0,-1.0,-1.0,2
PH005299,AC002163,4,1,0,0,0,16.0,0.0,0.0,2.0,0.0,24.3125,28.875,132.0,0.625,0.125,1.0,1.0,25.41287037037037,80.39269675925927,0.0,2.0,0.0,0.125,1.0,206550.0,71,12150.0,0,0,3,1,train,0.7,2,1,1,3.0,1.0,2.0,256.6666666666667,0.3333333333333333,-1.0,-1.0,-1.0,2
PH005300,AC002164,3,0,0,0,0,3.0,1.0,0.0,0.0,0.0,22.333333333333332,3.3333333333333335,10.0,0.6666666666666666,0.0,1.0,1.0,87.43306712962963,89.34508101851851,0.0,0.0,1.0,0.3333333333333333,1.0,662400.0,119,14400.0,0,0,5,2,train,0.59,5,2,1,1.0,1.0,0.0,374.0,1.0,1.0,57600.0,57600.0,1
PH005305,AC002166,3,0,1,0,0,15.0,0.0,0.0,0.0,0.0,26.733333333333334,37.333333333333336,190.0,0.6,0.0,1.0,1.0,61.12469907407407,87.37833333333333,0.0,0.0,0.0,0.0,1.0,49500.0,50,2250.0,0,2,1,1,train,0.68,2,2,1,-1.0,-1.0,-1.0,-1.0,-1.0,1.0,4500.0,4500.0,2
PH005306,AC002166,0,1,0,0,0,-1.0,-1.0,-1.0,-1.0,-1.0,-1.0,-1.0,-1.0,-1.0,-1.0,-1.0,-1.0,-1.0,-1.0,-1.0,-1.0,-1.0,-1.0,-1.0,49500.0,50,2250.0,0,2,1,1,train,0.68,2,2,1,-1.0,-1.0,-1.0,-1.0,-1.0,1.0,4500.0,4500.0,2
PH005309,AC002168,3,0,0,0,0,16.0,0.0,0.0,1.0,0.0,23.0625,0.0,0.0,1.0,0.0625,2.0,2.0,25.236226851851853,89.2903587962963,0.0,2.0,0.0,0.0625,0.0,1635750.0,25,36350.0,0,1,1,0,train,-1.0,4,2,1,2.0,1.0,0.0,418.0,0.5,1.0,6300.0,6300.0,3
PH005310,AC002168,0,1,1,0,0,22.0,0.0,0.0,3.0,0.0,18.09090909090909,27.09090909090909,401.0,0.8636363636363636,0.13636363636363635,1.0,1.0,7.342233796296297,68.07927083333334,0.0,6.0,1.0,0.13636363636363635,1.0,1635750.0,25,36350.0,0,1,1,0,train,-1.0,4,2,1,2.0,1.0,0.0,418.0,0.5,1.0,6300.0,6300.0,3
PH005311,AC002168,4,2,0,0,0,8.0,0.0,0.0,1.0,0.0,20.5,34.75,110.0,0.625,0.125,1.0,1.0,37.256770833333334,52.165983796296295,0.0,0.0,1.0,0.125,1.0,1635750.0,25,36350.0,0,1,1,0,train,-1.0,4,2,1,2.0,1.0,0.0,418.0,0.5,1.0,6300.0,6300.0,3
PH005312,AC002169,3,0,1,0,0,23.0,0.0,0.0,1.0,0.0,22.304347826086957,76.6086956521739,412.0,0.6521739130434783,0.043478260869565216,1.0,1.0,27.25701388888889,88.42162037037038,0.0,1.0,0.0,0.043478260869565216,1.0,95200.0,44,2800.0,0,5,1,1,train,-1.0,5,0,1,5.0,1.0,0.0,436.4,0.2,2.0,2200.0,1100.0,1
PH005316,AC002171,3,0,1,0,0,27.0,0.0,0.0,2.0,0.0,25.59259259259259,33.851851851851855,367.0,0.8518518518518519,0.07407407407407407,1.0,1.0,1.4200578703703703,87.36189814814814,3.0,11.0,0.0,0.07407407407407407,1.0,86800.0,88,3100.0,0,1,3,3,train,-1.0,5,1,1,2.0,0.0,0.0,129.5,0.0,-1.0,-1.0,-1.0,4
PH005317,AC002171,0,1,0,0,0,-1.0,-1.0,-1.0,-1.0,-1.0,-1.0,-1.0,-1.0,-1.0,-1.0,-1.0,-1.0,-1.0,-1.0,-1.0,-1.0,-1.0,-1.0,-1.0,86800.0,88,3100.0,0,1,3,3,train,-1.0,5,1,1,2.0,0.0,0.0,129.5,0.0,-1.0,-1.0,-1.0,4
PH005318,AC002171,1,2,0,0,0,-1.0,-1.0,-1.0,-1.0,-1.0,-1.0,-1.0,-1.0,-1.0,-1.0,-1.0,-1.0,-1.0,-1.0,-1.0,-1.0,-1.0,-1.0,-1.0,86800.0,88,3100.0,0,1,3,3,train,-1.0,5,1,1,2.0,0.0,0.0,129.5,0.0,-1.0,-1.0,-1.0,4
PH005319,AC002171,4,3,0,0,0,-1.0,-1.0,-1.0,-1.0,-1.0,-1.0,-1.0,-1.0,-1.0,-1.0,-1.0,-1.0,-1.0,-1.0,-1.0,-1.0,-1.0,-1.0,-1.0,86800.0,88,3100.0,0,1,3,3,train,-1.0,5,1,1,2.0,0.0,0.0,129.5,0.0,-1.0,-1.0,-1.0,4
PH005320,AC002172,3,0,1,0,0,30.0,1.0,0.0,3.0,0.0,22.4,37.1,232.0,0.6666666666666666,0.1,1.0,1.0,10.426423611111112,87.45164351851852,0.0,11.0,1.0,0.13333333333333333,1.0,390000.0,67,9750.0,0,2,4,3,train,0.62,2,1,1,6.0,2.0,2.0,566.1666666666666,0.3333333333333333,2.0,22900.0,11450.0,3
PH005321,AC002172,1,1,0,0,0,-1.0,-1.0,-1.0,-1.0,-1.0,-1.0,-1.0,-1.0,-1.0,-1.0,-1.0,-1.0,-1.0,-1.0,-1.0,-1.0,-1.0,-1.0,-1.0,390000.0,67,9750.0,0,2,4,3,train,0.62,2,1,1,6.0,2.0,2.0,566.1666666666666,0.3333333333333333,2.0,22900.0,11450.0,3
PH005322,AC002172,4,2,0,0,0,-1.0,-1.0,-1.0,-1.0,-1.0,-1.0,-1.0,-1.0,-1.0,-1.0,-1.0,-1.0,-1.0,-1.0,-1.0,-1.0,-1.0,-1.0,-1.0,390000.0,67,9750.0,0,2,4,3,train,0.62,2,1,1,6.0,2.0,2.0,566.1666666666666,0.3333333333333333,2.0,22900.0,11450.0,3
PH005324,AC002174,3,0,0,0,0,22.0,0.0,1.0,3.0,0.0,24.727272727272727,3.6363636363636362,80.0,0.9545454545454546,0.18181818181818182,1.0,1.0,2.2448148148148146,87.36170138888889,3.0,9.0,1.0,0.18181818181818182,1.0,733700.0,491,15950.0,0,2,2,2,train,0.27,0,1,1,7.0,0.0,3.0,183.14285714285714,0.0,-1.0,-1.0,-1.0,1
PH005325,AC002175,3,0,1,0,0,7.0,0.0,0.0,0.0,0.0,9.428571428571429,21.0,147.0,0.8571428571428571,0.0,1.0,1.0,46.265787037037036,87.35028935185186,0.0,0.0,0.0,0.0,1.0,92250.0,102,2250.0,0,1,3,1,train,0.47,1,2,1,5.0,4.0,0.0,733.6,0.8,1.0,9000.0,9000.0,4
PH005326,AC002175,0,1,0,0,0,-1.0,-1.0,-1.0,-1.0,-1.0,-1.0,-1.0,-1.0,-1.0,-1.0,-1.0,-1.0,-1.0,-1.0,-1.0,-1.0,-1.0,-1.0,-1.0,92250.0,102,2250.0,0,1,3,1,train,0.47,1,2,1,5.0,4.0,0.0,733.6,0.8,1.0,9000.0,9000.0,4
PH005327,AC002175,1,2,0,0,0,-1.0,-1.0,-1.0,-1.0,-1.0,-1.0,-1.0,-1.0,-1.0,-1.0,-1.0,-1.0,-1.0,-1.0,-1.0,-1.0,-1.0,-1.0,-1.0,92250.0,102,2250.0,0,1,3,1,train,0.47,1,2,1,5.0,4.0,0.0,733.6,0.8,1.0,9000.0,9000.0,4
PH005328,AC002175,4,3,0,0,0,-1.0,-1.0,-1.0,-1.0,-1.0,-1.0,-1.0,-1.0,-1.0,-1.0,-1.0,-1.0,-1.0,-1.0,-1.0,-1.0,-1.0,-1.0,-1.0,92250.0,102,2250.0,0,1,3,1,train,0.47,1,2,1,5.0,4.0,0.0,733.6,0.8,1.0,9000.0,9000.0,4
PH005329,AC002176,3,0,0,0,0,8.0,0.0,7.0,0.0,0.0,4.625,0.0,0.0,1.0,0.875,1.0,1.0,39.414965277777775,89.4365162037037,0.0,0.0,4.0,0.875,0.0,624000.0,170,13000.0,0,0,1,1,train,-1.0,2,2,1,2.0,1.0,0.0,597.0,0.5,1.0,78000.0,78000.0,2
PH005330,AC002176,0,1,1,0,0,4.0,0.0,0.0,0.0,0.0,32.5,24.0,96.0,0.75,0.0,1.0,1.0,26.271944444444443,33.292800925925924,0.0,1.0,0.0,0.0,1.0,624000.0,170,13000.0,0,0,1,1,train,-1.0,2,2,1,2.0,1.0,0.0,597.0,0.5,1.0,78000.0,78000.0,2
PH005331,AC002177,3,0,1,0,0,25.0,0.0,0.0,1.0,0.0,22.88,85.84,402.0,0.6,0.04,1.0,1.0,16.44224537037037,87.38190972222222,0.0,8.0,0.0,0.04,1.0,56100.0,46,2550.0,0,1,1,0,train,0.46,0,1,1,1.0,1.0,0.0,1093.0,1.0,2.0,3500.0,1750.0,1
PH005332,AC002178,3,0,0,0,0,8.0,0.0,0.0,0.0,0.0,25.25,0.0,0.0,1.0,0.0,1.0,1.0,63.412638888888885,86.26534722222222,0.0,0.0,0.0,0.0,0.0,476850.0,92,14450.0,0,1,2,2,train,0.64,0,1,1,5.0,1.0,0.0,419.0,0.2,-1.0,-1.0,-1.0,3
PH000351,AC002178,2,1,0,0,0,8.0,0.0,0.0,1.0,0.0,26.125,0.0,0.0,1.0,0.125,1.0,1.0,19.297800925925927,63.112233796296294,0.0,3.0,0.0,0.125,0.0,476850.0,92,14450.0,0,1,2,2,train,0.64,0,1,1,5.0,1.0,0.0,419.0,0.2,-1.0,-1.0,-1.0,3
PH005333,AC002178,4,2,0,0,0,5.0,0.0,0.0,1.0,0.0,20.8,54.8,147.0,0.6,0.2,1.0,1.0,0.39012731481481483,19.006145833333335,3.0,5.0,1.0,0.2,1.0,476850.0,92,14450.0,0,1,2,2,train,0.64,0,1,1,5.0,1.0,0.0,419.0,0.2,-1.0,-1.0,-1.0,3
PH005334,AC002179,3,0,1,0,0,23.0,0.0,0.0,0.0,0.0,22.08695652173913,63.08695652173913,413.0,0.782608695652174,0.0,1.0,1.0,45.43844907407407,89.27569444444444,0.0,0.0,0.0,0.0,1.0,63000.0,68,1750.0,0,3,1,0,train,0.25,3,0,1,6.0,0.0,1.0,225.66666666666666,0.0,-1.0,-1.0,-1.0,3
PH005335,AC002179,0,1,1,0,0,13.0,0.0,0.0,2.0,0.0,23.0,31.23076923076923,307.0,0.7692307692307693,0.15384615384615385,1.0,1.0,2.172060185185185,45.14693287037037,2.0,8.0,1.0,0.15384615384615385,1.0,63000.0,68,1750.0,0,3,1,0,train,0.25,3,0,1,6.0,0.0,1.0,225.66666666666666,0.0,-1.0,-1.0,-1.0,3
PH005336,AC002179,4,2,0,0,0,-1.0,-1.0,-1.0,-1.0,-1.0,-1.0,-1.0,-1.0,-1.0,-1.0,-1.0,-1.0,-1.0,-1.0,-1.0,-1.0,-1.0,-1.0,-1.0,63000.0,68,1750.0,0,3,1,0,train,0.25,3,0,1,6.0,0.0,1.0,225.66666666666666,0.0,-1.0,-1.0,-1.0,3
PH005337,AC002180,3,0,1,0,0,4.0,0.0,0.0,0.0,0.0,33.5,11.0,44.0,0.75,0.0,1.0,1.0,77.01506944444445,86.27818287037037,0.0,0.0,0.0,0.0,1.0,866400.0,43,22800.0,0,0,1,0,train,0.99,5,2,1,-1.0,-1.0,-1.0,-1.0,-1.0,1.0,45600.0,45600.0,3
PH005338,AC002180,0,1,0,0,0,-1.0,-1.0,-1.0,-1.0,-1.0,-1.0,-1.0,-1.0,-1.0,-1.0,-1.0,-1.0,-1.0,-1.0,-1.0,-1.0,-1.0,-1.0,-1.0,866400.0,43,22800.0,0,0,1,0,train,0.99,5,2,1,-1.0,-1.0,-1.0,-1.0,-1.0,1.0,45600.0,45600.0,3
PH005339,AC002180,1,2,0,0,0,-1.0,-1.0,-1.0,-1.0,-1.0,-1.0,-1.0,-1.0,-1.0,-1.0,-1.0,-1.0,-1.0,-1.0,-1.0,-1.0,-1.0,-1.0,-1.0,866400.0,43,22800.0,0,0,1,0,train,0.99,5,2,1,-1.0,-1.0,-1.0,-1.0,-1.0,1.0,45600.0,45600.0,3
PH005340,AC002181,3,0,1,0,0,11.0,0.0,0.0,0.0,0.0,35.36363636363637,12.363636363636363,136.0,0.9090909090909091,0.0,2.0,2.0,53.214814814814815,88.40006944444444,0.0,0.0,0.0,0.0,1.0,493500.0,9,11750.0,0,0,1,1,train,0.19,0,1,1,-1.0,-1.0,-1.0,-1.0,-1.0,-1.0,-1.0,-1.0,3
PH005341,AC002181,0,1,1,0,0,20.0,0.0,0.0,2.0,0.0,27.65,59.75,350.0,0.75,0.1,1.0,1.0,4.392916666666666,49.32068287037037,1.0,10.0,0.0,0.1,1.0,493500.0,9,11750.0,0,0,1,1,train,0.19,0,1,1,-1.0,-1.0,-1.0,-1.0,-1.0,-1.0,-1.0,-1.0,3
PH005342,AC002181,4,2,0,0,0,-1.0,-1.0,-1.0,-1.0,-1.0,-1.0,-1.0,-1.0,-1.0,-1.0,-1.0,-1.0,-1.0,-1.0,-1.0,-1.0,-1.0,-1.0,-1.0,493500.0,9,11750.0,0,0,1,1,train,0.19,0,1,1,-1.0,-1.0,-1.0,-1.0,-1.0,-1.0,-1.0,-1.0,3
PH005343,AC002182,3,0,0,0,0,8.0,0.0,0.0,1.0,0.0,26.625,36.125,149.0,0.625,0.125,1.0,1.0,54.42296296296296,89.36949074074074,0.0,0.0,0.0,0.125,1.0,580800.0,720,18150.0,0,3,4,2,train,0.08,5,2,1,3.0,0.0,2.0,131.33333333333334,0.0,-1.0,-1.0,-1.0,2
PH005344,AC002182,4,1,1,0,0,10.0,0.0,0.0,1.0,0.0,16.5,29.1,121.0,0.5,0.1,1.0,1.0,7.0709027777777775,52.38420138888889,0.0,5.0,0.0,0.1,1.0,580800.0,720,18150.0,0,3,4,2,train,0.08,5,2,1,3.0,0.0,2.0,131.33333333333334,0.0,-1.0,-1.0,-1.0,2
PH005345,AC002183,3,0,0,0,0,4.0,2.0,0.0,0.0,0.0,16.5,16.25,34.0,0.5,0.0,1.0,1.0,83.07438657407407,89.38285879629629,0.0,0.0,2.0,0.5,1.0,119600.0,82,9200.0,0,3,5,2,train,0.31,4,2,1,7.0,5.0,1.0,547.5714285714286,0.7142857142857143,1.0,13800.0,13800.0,2
PH005346,AC002183,4,1,1,0,0,16.0,1.0,0.0,1.0,0.0,22.9375,34.75,142.0,0.5,0.0625,1.0,1.0,5.3759143518518515,70.35612268518518,1.0,5.0,1.0,0.125,1.0,119600.0,82,9200.0,0,3,5,2,train,0.31,4,2,1,7.0,5.0,1.0,547.5714285714286,0.7142857142857143,1.0,13800.0,13800.0,2
PH005347,AC002184,3,0,1,0,0,31.0,0.0,0.0,3.0,0.0,25.483870967741936,53.16129032258065,384.0,0.6774193548387096,0.0967741935483871,1.0,1.0,7.4385763888888885,89.4345949074074,0.0,6.0,0.0,0.0967741935483871,1.0,208800.0,32,4350.0,0,3,1,1,train,0.61,0,1,1,5.0,0.0,1.0,287.2,0.0,-1.0,-1.0,-1.0,3
PH005348,AC002184,0,1,0,0,0,-1.0,-1.0,-1.0,-1.0,-1.0,-1.0,-1.0,-1.0,-1.0,-1.0,-1.0,-1.0,-1.0,-1.0,-1.0,-1.0,-1.0,-1.0,-1.0,208800.0,32,4350.0,0,3,1,1,train,0.61,0,1,1,5.0,0.0,1.0,287.2,0.0,-1.0,-1.0,-1.0,3
PH005349,AC002184,4,2,0,0,0,-1.0,-1.0,-1.0,-1.0,-1.0,-1.0,-1.0,-1.0,-1.0,-1.0,-1.0,-1.0,-1.0,-1.0,-1.0,-1.0,-1.0,-1.0,-1.0,208800.0,32,4350.0,0,3,1,1,train,0.61,0,1,1,5.0,0.0,1.0,287.2,0.0,-1.0,-1.0,-1.0,3
PH005351,AC002186,3,0,0,0,0,16.0,1.0,8.0,0.0,0.0,12.5,3.3125,22.0,0.8125,0.5,2.0,2.0,11.284351851851852,84.35570601851852,0.0,8.0,5.0,0.5625,1.0,110500.0,2,8500.0,1,1,1,1,train,1.0,0,2,1,-1.0,-1.0,-1.0,-1.0,-1.0,3.0,8500.0,2833.3333333333335,2
PH005352,AC002186,4,1,1,0,0,18.0,0.0,0.0,4.0,0.0,18.166666666666668,22.27777777777778,120.0,0.6111111111111112,0.2222222222222222,1.0,1.0,10.427881944444444,56.080300925925926,0.0,5.0,1.0,0.2222222222222222,1.0,110500.0,2,8500.0,1,1,1,1,train,1.0,0,2,1,-1.0,-1.0,-1.0,-1.0,-1.0,3.0,8500.0,2833.3333333333335,2
PH005353,AC002187,3,0,0,0,0,16.0,0.0,0.0,0.0,0.0,16.375,0.0,0.0,1.0,0.0,1.0,1.0,27.230625,88.36018518518519,0.0,2.0,0.0,0.0,0.0,838950.0,56,17850.0,0,1,1,1,train,0.29,2,1,1,1.0,0.0,1.0,114.0,0.0,1.0,19100.0,19100.0,2
PH005354,AC002187,0,1,1,0,0,13.0,0.0,0.0,1.0,0.0,12.846153846153847,11.692307692307692,61.0,0.7692307692307693,0.07692307692307693,1.0,1.0,6.441967592592593,73.22056712962963,1.0,5.0,0.0,0.07692307692307693,1.0,838950.0,56,17850.0,0,1,1,1,train,0.29,2,1,1,1.0,0.0,1.0,114.0,0.0,1.0,19100.0,19100.0,2
PH005357,AC002189,3,0,1,0,0,13.0,2.0,0.0,1.0,0.0,24.615384615384617,12.0,75.0,0.7692307692307693,0.07692307692307693,1.0,1.0,38.412824074074074,87.35528935185185,0.0,0.0,1.0,0.23076923076923078,1.0,85800.0,38,6600.0,1,1,0,0,train,0.73,0,1,0,-1.0,-1.0,-1.0,-1.0,-1.0,-1.0,-1.0,-1.0,2
PH005358,AC002189,4,1,1,0,0,22.0,0.0,0.0,0.0,0.0,21.5,53.45454545454545,147.0,0.45454545454545453,0.0,1.0,1.0,9.448564814814814,81.27458333333334,0.0,9.0,0.0,0.0,1.0,85800.0,38,6600.0,1,1,0,0,train,0.73,0,1,0,-1.0,-1.0,-1.0,-1.0,-1.0,-1.0,-1.0,-1.0,2
PH005359,AC002190,3,0,1,0,0,3.0,0.0,0.0,0.0,0.0,26.666666666666668,23.0,47.0,0.3333333333333333,0.0,2.0,2.0,63.2893287037037,86.27859953703704,0.0,0.0,0.0,0.0,1.0,963000.0,15,21400.0,4,1,1,0,train,1.0,4,2,1,-1.0,-1.0,-1.0,-1.0,-1.0,3.0,21400.0,7133.333333333333,1
PH005360,AC002191,3,0,0,0,0,16.0,1.0,10.0,3.0,0.0,6.125,0.875,14.0,0.9375,0.8125,2.0,2.0,27.38571759259259,86.30974537037036,0.0,3.0,5.0,0.875,1.0,60800.0,8,1900.0,0,0,5,4,train,-1.0,1,1,1,2.0,0.0,1.0,121.5,0.0,1.0,900.0,900.0,3
PH005361,AC002191,0,1,1,0,0,15.0,0.0,0.0,0.0,0.0,30.4,14.4,89.0,0.8,0.0,1.0,1.0,14.008668981481481,60.169016203703706,0.0,7.0,0.0,0.0,1.0,60800.0,8,1900.0,0,0,5,4,train,-1.0,1,1,1,2.0,0.0,1.0,121.5,0.0,1.0,900.0,900.0,3
PH005362,AC002191,4,2,0,0,0,8.0,0.0,0.0,1.0,0.0,22.75,6.125,49.0,0.875,0.125,1.0,1.0,35.165532407407404,47.39369212962963,0.0,0.0,0.0,0.125,1.0,60800.0,8,1900.0,0,0,5,4,train,-1.0,1,1,1,2.0,0.0,1.0,121.5,0.0,1.0,900.0,900.0,3
PH005363,AC002192,3,0,0,0,0,2.0,0.0,0.0,0.0,2.0,0.0,0.0,0.0,1.0,1.0,2.0,2.0,79.26469907407407,87.37174768518518,0.0,0.0,2.0,0.0,0.0,336000.0,21,24000.0,0,0,1,1,train,-1.0,4,2,1,1.0,1.0,0.0,1403.0,1.0,1.0,12100.0,12100.0,3
PH005364,AC002192,4,1,0,0,0,13.0,0.0,0.0,1.0,0.0,28.46153846153846,17.53846153846154,127.0,0.7692307692307693,0.07692307692307693,1.0,1.0,54.41644675925926,75.3422337962963,0.0,0.0,0.0,0.07692307692307693,1.0,336000.0,21,24000.0,0,0,1,1,train,-1.0,4,2,1,1.0,1.0,0.0,1403.0,1.0,1.0,12100.0,12100.0,3
PH005365,AC002193,3,0,1,0,0,6.0,0.0,0.0,0.0,0.0,16.666666666666668,141.83333333333334,386.0,0.3333333333333333,0.0,2.0,2.0,52.35445601851852,87.42964120370371,0.0,0.0,0.0,0.0,1.0,45600.0,0,2850.0,1,1,1,0,train,0.47,1,1,1,-1.0,-1.0,-1.0,-1.0,-1.0,1.0,2850.0,2850.0,3
PH000548,AC002193,2,1,0,0,0,12.0,0.0,0.0,1.0,0.0,12.583333333333334,69.41666666666667,138.0,0.25,0.08333333333333333,1.0,1.0,3.057141203703704,88.39662037037037,3.0,5.0,0.0,0.08333333333333333,1.0,45600.0,0,2850.0,1,1,1,0,train,0.47,1,1,1,-1.0,-1.0,-1.0,-1.0,-1.0,1.0,2850.0,2850.0,3
PH005366,AC002193,4,2,0,0,0,-1.0,-1.0,-1.0,-1.0,-1.0,-1.0,-1.0,-1.0,-1.0,-1.0,-1.0,-1.0,-1.0,-1.0,-1.0,-1.0,-1.0,-1.0,-1.0,45600.0,0,2850.0,1,1,1,0,train,0.47,1,1,1,-1.0,-1.0,-1.0,-1.0,-1.0,1.0,2850.0,2850.0,3
PH005371,AC002196,3,0,0,0,0,4.0,0.0,4.0,0.0,0.0,0.0,0.0,0.0,1.0,1.0,2.0,2.0,80.0729513888889,86.31331018518519,0.0,0.0,4.0,1.0,0.0,278000.0,17,6950.0,2,2,0,0,train,-1.0,0,1,1,-1.0,-1.0,-1.0,-1.0,-1.0,1.0,6950.0,6950.0,1
PH005372,AC002197,3,0,1,0,0,8.0,0.0,0.0,0.0,0.0,21.5,6.0,33.0,0.75,0.0,1.0,1.0,66.28268518518519,89.38505787037037,0.0,0.0,0.0,0.0,1.0,162800.0,0,4400.0,1,4,0,0,train,-1.0,2,1,1,-1.0,-1.0,-1.0,-1.0,-1.0,1.0,4400.0,4400.0,2
PH005373,AC002197,0,1,0,0,0,-1.0,-1.0,-1.0,-1.0,-1.0,-1.0,-1.0,-1.0,-1.0,-1.0,-1.0,-1.0,-1.0,-1.0,-1.0,-1.0,-1.0,-1.0,-1.0,162800.0,0,4400.0,1,4,0,0,train,-1.0,2,1,1,-1.0,-1.0,-1.0,-1.0,-1.0,1.0,4400.0,4400.0,2
PH005374,AC002198,3,0,1,0,0,13.0,0.0,0.0,0.0,0.0,18.46153846153846,73.61538461538461,310.0,0.6153846153846154,0.0,2.0,2.0,17.308831018518518,88.26454861111111,0.0,5.0,0.0,0.0,1.0,76250.0,0,3050.0,2,1,0,0,train,1.0,1,1,1,-1.0,-1.0,-1.0,-1.0,-1.0,2.0,3050.0,1525.0,2
PH005375,AC002198,4,1,0,0,0,8.0,1.0,0.0,0.0,0.0,22.0,61.375,140.0,0.5,0.0,1.0,1.0,22.200462962962963,40.437025462962964,0.0,3.0,1.0,0.125,1.0,76250.0,0,3050.0,2,1,0,0,train,1.0,1,1,1,-1.0,-1.0,-1.0,-1.0,-1.0,2.0,3050.0,1525.0,2
PH005377,AC002200,3,0,1,0,0,8.0,0.0,0.0,2.0,0.0,21.625,11.75,60.0,0.75,0.25,2.0,2.0,25.0834375,81.3167824074074,0.0,3.0,1.0,0.25,1.0,279650.0,0,5950.0,2,0,0,0,train,-1.0,0,1,1,-1.0,-1.0,-1.0,-1.0,-1.0,3.0,5950.0,1983.3333333333333,3
PH000299,AC002200,2,1,0,1,0,-1.0,-1.0,-1.0,-1.0,-1.0,-1.0,-1.0,-1.0,-1.0,-1.0,-1.0,-1.0,-1.0,-1.0,-1.0,-1.0,-1.0,-1.0,-1.0,279650.0,0,5950.0,2,0,0,0,train,-1.0,0,1,1,-1.0,-1.0,-1.0,-1.0,-1.0,3.0,5950.0,1983.3333333333333,3
PH005378,AC002200,4,2,0,0,0,-1.0,-1.0,-1.0,-1.0,-1.0,-1.0,-1.0,-1.0,-1.0,-1.0,-1.0,-1.0,-1.0,-1.0,-1.0,-1.0,-1.0,-1.0,-1.0,279650.0,0,5950.0,2,0,0,0,train,-1.0,0,1,1,-1.0,-1.0,-1.0,-1.0,-1.0,3.0,5950.0,1983.3333333333333,3
PH000041,AC002201,3,0,0,0,0,10.0,0.0,0.0,0.0,0.0,18.7,51.4,144.0,0.5,0.0,1.0,1.0,2.283611111111111,87.24896990740741,2.0,2.0,0.0,0.0,1.0,632800.0,457,11300.0,0,1,6,4,train,0.66,0,1,1,2.0,0.0,0.0,224.5,0.0,1.0,72300.0,72300.0,3
PH005379,AC002201,1,1,1,0,0,11.0,0.0,0.0,0.0,0.0,31.636363636363637,5.909090909090909,65.0,0.9090909090909091,0.0,1.0,1.0,23.215706018518517,68.2741550925926,0.0,2.0,0.0,0.0,1.0,632800.0,457,11300.0,0,1,6,4,train,0.66,0,1,1,2.0,0.0,0.0,224.5,0.0,1.0,72300.0,72300.0,3
PH005380,AC002201,4,2,0,0,0,8.0,0.0,0.0,1.0,0.0,17.25,53.625,113.0,0.375,0.125,1.0,1.0,4.451793981481481,20.353125,1.0,8.0,1.0,0.125,1.0,632800.0,457,11300.0,0,1,6,4,train,0.66,0,1,1,2.0,0.0,0.0,224.5,0.0,1.0,72300.0,72300.0,3
PH005387,AC002205,3,0,1,0,0,16.0,0.0,1.0,2.0,0.0,20.3125,12.5,105.0,0.8125,0.1875,2.0,2.0,9.364490740740742,86.42905092592592,0.0,7.0,0.0,0.1875,1.0,346150.0,0,8050.0,1,1,0,0,train,0.13,0,1,1,1.0,0.0,1.0,51.0,0.0,1.0,3700.0,3700.0,3
PH005388,AC002205,0,1,0,0,1,8.0,0.0,8.0,0.0,0.0,0.0,0.0,0.0,1.0,1.0,1.0,1.0,34.25799768518519,43.4133912037037,0.0,0.0,5.0,1.0,0.0,346150.0,0,8050.0,1,1,0,0,train,0.13,0,1,1,1.0,0.0,1.0,51.0,0.0,1.0,3700.0,3700.0,3
PH005389,AC002205,1,2,0,0,0,8.0,0.0,0.0,0.0,0.0,15.375,57.0,132.0,0.5,0.0,1.0,1.0,19.373414351851853,34.10740740740741,0.0,5.0,0.0,0.0,1.0,346150.0,0,8050.0,1,1,0,0,train,0.13,0,1,1,1.0,0.0,1.0,51.0,0.0,1.0,3700.0,3700.0,3
PH005390,AC002206,3,0,1,0,0,21.0,0.0,0.0,2.0,0.0,22.38095238095238,51.476190476190474,409.0,0.7142857142857143,0.09523809523809523,1.0,1.0,18.35101851851852,88.34709490740741,0.0,6.0,1.0,0.09523809523809523,1.0,207900.0,63,9900.0,0,1,2,1,train,0.35,0,1,1,6.0,0.0,1.0,236.66666666666666,0.0,2.0,29700.0,14850.0,1
PH005395,AC002209,3,0,0,0,0,9.0,0.0,1.0,2.0,0.0,18.555555555555557,0.0,0.0,1.0,0.3333333333333333,2.0,2.0,6.445578703703704,84.42064814814815,1.0,1.0,1.0,0.3333333333333333,0.0,34200.0,17,950.0,1,0,3,1,train,-1.0,5,2,1,-1.0,-1.0,-1.0,-1.0,-1.0,-1.0,-1.0,-1.0,3
PH005396,AC002209,1,1,1,0,0,13.0,2.0,2.0,3.0,0.0,15.615384615384615,8.461538461538462,32.0,0.6923076923076923,0.38461538461538464,1.0,1.0,18.208587962962962,59.37614583333333,0.0,3.0,5.0,0.5384615384615384,1.0,34200.0,17,950.0,1,0,3,1,train,-1.0,5,2,1,-1.0,-1.0,-1.0,-1.0,-1.0,-1.0,-1.0,-1.0,3
PH005397,AC002209,4,2,0,0,0,8.0,0.0,0.0,2.0,0.0,23.75,8.875,71.0,0.875,0.25,1.0,1.0,10.202210648148148,17.35962962962963,0.0,8.0,0.0,0.25,1.0,34200.0,17,950.0,1,0,3,1,train,-1.0,5,2,1,-1.0,-1.0,-1.0,-1.0,-1.0,-1.0,-1.0,-1.0,3
PH005398,AC002210,3,0,1,0,0,15.0,0.0,0.0,0.0,0.0,28.4,92.0,335.0,0.6666666666666666,0.0,1.0,1.0,62.054270833333334,89.27730324074074,0.0,0.0,0.0,0.0,1.0,27900.0,40,1550.0,0,4,2,1,train,0.13,5,0,1,1.0,1.0,0.0,704.0,1.0,1.0,3100.0,3100.0,3
PH005399,AC002210,0,1,0,0,0,-1.0,-1.0,-1.0,-1.0,-1.0,-1.0,-1.0,-1.0,-1.0,-1.0,-1.0,-1.0,-1.0,-1.0,-1.0,-1.0,-1.0,-1.0,-1.0,27900.0,40,1550.0,0,4,2,1,train,0.13,5,0,1,1.0,1.0,0.0,704.0,1.0,1.0,3100.0,3100.0,3
PH005400,AC002210,1,2,0,0,0,-1.0,-1.0,-1.0,-1.0,-1.0,-1.0,-1.0,-1.0,-1.0,-1.0,-1.0,-1.0,-1.0,-1.0,-1.0,-1.0,-1.0,-1.0,-1.0,27900.0,40,1550.0,0,4,2,1,train,0.13,5,0,1,1.0,1.0,0.0,704.0,1.0,1.0,3100.0,3100.0,3
PH005401,AC002211,3,0,1,0,0,15.0,0.0,0.0,0.0,0.0,27.866666666666667,43.93333333333333,404.0,0.8666666666666667,0.0,2.0,2.0,58.04221064814815,89.29863425925926,0.0,0.0,0.0,0.0,1.0,268200.0,11,7450.0,1,1,1,0,train,0.78,0,2,1,-1.0,-1.0,-1.0,-1.0,-1.0,-1.0,-1.0,-1.0,3
PH005402,AC002211,0,1,1,0,0,17.0,0.0,0.0,1.0,0.0,16.176470588235293,23.41176470588235,321.0,0.7647058823529411,0.058823529411764705,1.0,1.0,13.441064814814816,53.30792824074074,0.0,8.0,0.0,0.058823529411764705,1.0,268200.0,11,7450.0,1,1,1,0,train,0.78,0,2,1,-1.0,-1.0,-1.0,-1.0,-1.0,-1.0,-1.0,-1.0,3
PH005403,AC002211,4,2,0,0,0,5.0,0.0,0.0,0.0,0.0,30.8,0.0,0.0,1.0,0.0,1.0,1.0,7.32775462962963,13.126481481481482,0.0,5.0,0.0,0.0,0.0,268200.0,11,7450.0,1,1,1,0,train,0.78,0,2,1,-1.0,-1.0,-1.0,-1.0,-1.0,-1.0,-1.0,-1.0,3
PH005407,AC002213,3,0,1,0,0,4.0,0.0,0.0,0.0,0.0,20.75,8.75,35.0,0.75,0.0,1.0,1.0,80.21528935185185,89.26344907407407,0.0,0.0,0.0,0.0,1.0,10200.0,81,850.0,1,1,3,1,train,0.92,3,0,1,-1.0,-1.0,-1.0,-1.0,-1.0,1.0,2550.0,2550.0,2
PH005408,AC002213,4,1,0,0,0,-1.0,-1.0,-1.0,-1.0,-1.0,-1.0,-1.0,-1.0,-1.0,-1.0,-1.0,-1.0,-1.0,-1.0,-1.0,-1.0,-1.0,-1.0,-1.0,10200.0,81,850.0,1,1,3,1,train,0.92,3,0,1,-1.0,-1.0,-1.0,-1.0,-1.0,1.0,2550.0,2550.0,2
PH005409,AC002214,3,0,1,0,0,5.0,0.0,0.0,0.0,0.0,19.6,6.2,31.0,0.8,0.0,1.0,1.0,77.4413888888889,84.3267824074074,0.0,0.0,0.0,0.0,1.0,102350.0,33,4450.0,2,2,0,0,train,0.76,5,2,1,-1.0,-1.0,-1.0,-1.0,-1.0,1.0,8900.0,8900.0,3
PH005410,AC002214,1,1,1,0,0,-1.0,-1.0,-1.0,-1.0,-1.0,-1.0,-1.0,-1.0,-1.0,-1.0,-1.0,-1.0,-1.0,-1.0,-1.0,-1.0,-1.0,-1.0,-1.0,102350.0,33,4450.0,2,2,0,0,train,0.76,5,2,1,-1.0,-1.0,-1.0,-1.0,-1.0,1.0,8900.0,8900.0,3
PH005411,AC002214,4,2,0,0,0,-1.0,-1.0,-1.0,-1.0,-1.0,-1.0,-1.0,-1.0,-1.0,-1.0,-1.0,-1.0,-1.0,-1.0,-1.0,-1.0,-1.0,-1.0,-1.0,102350.0,33,4450.0,2,2,0,0,train,0.76,5,2,1,-1.0,-1.0,-1.0,-1.0,-1.0,1.0,8900.0,8900.0,3
PH005415,AC002216,3,0,1,0,0,25.0,0.0,4.0,2.0,0.0,19.72,45.68,345.0,0.76,0.24,1.0,1.0,16.136203703703703,87.30806712962963,0.0,4.0,0.0,0.24,1.0,437500.0,306,12500.0,0,2,4,3,train,0.86,0,1,1,9.0,1.0,0.0,429.55555555555554,0.1111111111111111,-1.0,-1.0,-1.0,2
PH000324,AC002216,2,1,1,0,0,19.0,2.0,0.0,2.0,0.0,19.68421052631579,47.68421052631579,137.0,0.42105263157894735,0.10526315789473684,2.0,1.0,3.349571759259259,37.09587962962963,3.0,11.0,0.0,0.21052631578947367,1.0,437500.0,306,12500.0,0,2,4,3,train,0.86,0,1,1,9.0,1.0,0.0,429.55555555555554,0.1111111111111111,-1.0,-1.0,-1.0,2
PH005416,AC002217,3,0,1,0,0,1.0,0.0,0.0,0.0,0.0,19.0,40.0,40.0,0.0,0.0,1.0,1.0,87.41074074074074,87.41074074074074,0.0,0.0,0.0,0.0,1.0,43050.0,0,2050.0,1,2,0,0,train,0.91,1,1,1,-1.0,-1.0,-1.0,-1.0,-1.0,1.0,2050.0,2050.0,4
PH005417,AC002217,1,1,0,0,0,-1.0,-1.0,-1.0,-1.0,-1.0,-1.0,-1.0,-1.0,-1.0,-1.0,-1.0,-1.0,-1.0,-1.0,-1.0,-1.0,-1.0,-1.0,-1.0,43050.0,0,2050.0,1,2,0,0,train,0.91,1,1,1,-1.0,-1.0,-1.0,-1.0,-1.0,1.0,2050.0,2050.0,4
PH000387,AC002217,2,2,0,0,0,-1.0,-1.0,-1.0,-1.0,-1.0,-1.0,-1.0,-1.0,-1.0,-1.0,-1.0,-1.0,-1.0,-1.0,-1.0,-1.0,-1.0,-1.0,-1.0,43050.0,0,2050.0,1,2,0,0,train,0.91,1,1,1,-1.0,-1.0,-1.0,-1.0,-1.0,1.0,2050.0,2050.0,4
PH005418,AC002217,4,3,0,0,0,-1.0,-1.0,-1.0,-1.0,-1.0,-1.0,-1.0,-1.0,-1.0,-1.0,-1.0,-1.0,-1.0,-1.0,-1.0,-1.0,-1.0,-1.0,-1.0,43050.0,0,2050.0,1,2,0,0,train,0.91,1,1,1,-1.0,-1.0,-1.0,-1.0,-1.0,1.0,2050.0,2050.0,4
PH005419,AC002218,3,0,1,0,0,6.0,0.0,0.0,1.0,0.0,19.5,74.66666666666667,395.0,0.6666666666666666,0.16666666666666666,2.0,2.0,54.43056712962963,89.24947916666666,0.0,0.0,1.0,0.16666666666666666,1.0,455400.0,21,19800.0,1,3,1,0,train,-1.0,5,2,1,-1.0,-1.0,-1.0,-1.0,-1.0,1.0,19800.0,19800.0,2
PH005420,AC002218,1,1,0,0,0,-1.0,-1.0,-1.0,-1.0,-1.0,-1.0,-1.0,-1.0,-1.0,-1.0,-1.0,-1.0,-1.0,-1.0,-1.0,-1.0,-1.0,-1.0,-1.0,455400.0,21,19800.0,1,3,1,0,train,-1.0,5,2,1,-1.0,-1.0,-1.0,-1.0,-1.0,1.0,19800.0,19800.0,2
PH005426,AC002222,3,0,1,0,0,7.0,0.0,0.0,0.0,0.0,26.285714285714285,5.857142857142857,41.0,0.8571428571428571,0.0,1.0,1.0,75.27765046296297,89.44944444444444,0.0,0.0,0.0,0.0,1.0,513900.0,76,28550.0,0,2,1,0,train,0.6,5,2,1,1.0,0.0,0.0,192.0,0.0,1.0,85650.0,85650.0,3
PH005427,AC002222,1,1,0,0,0,-1.0,-1.0,-1.0,-1.0,-1.0,-1.0,-1.0,-1.0,-1.0,-1.0,-1.0,-1.0,-1.0,-1.0,-1.0,-1.0,-1.0,-1.0,-1.0,513900.0,76,28550.0,0,2,1,0,train,0.6,5,2,1,1.0,0.0,0.0,192.0,0.0,1.0,85650.0,85650.0,3
PH005428,AC002222,4,2,0,0,0,-1.0,-1.0,-1.0,-1.0,-1.0,-1.0,-1.0,-1.0,-1.0,-1.0,-1.0,-1.0,-1.0,-1.0,-1.0,-1.0,-1.0,-1.0,-1.0,513900.0,76,28550.0,0,2,1,0,train,0.6,5,2,1,1.0,0.0,0.0,192.0,0.0,1.0,85650.0,85650.0,3
PH005432,AC002224,3,0,1,0,0,18.0,0.0,0.0,0.0,0.0,25.38888888888889,62.166666666666664,302.0,0.6111111111111112,0.0,1.0,1.0,26.059652777777778,76.32059027777778,0.0,3.0,0.0,0.0,1.0,2117000.0,369,36500.0,0,2,3,2,train,0.14,4,2,1,6.0,0.0,1.0,215.33333333333334,0.0,1.0,438000.0,438000.0,3
PH005433,AC002224,0,1,0,0,0,-1.0,-1.0,-1.0,-1.0,-1.0,-1.0,-1.0,-1.0,-1.0,-1.0,-1.0,-1.0,-1.0,-1.0,-1.0,-1.0,-1.0,-1.0,-1.0,2117000.0,369,36500.0,0,2,3,2,train,0.14,4,2,1,6.0,0.0,1.0,215.33333333333334,0.0,1.0,438000.0,438000.0,3
PH005434,AC002224,4,2,0,0,0,-1.0,-1.0,-1.0,-1.0,-1.0,-1.0,-1.0,-1.0,-1.0,-1.0,-1.0,-1.0,-1.0,-1.0,-1.0,-1.0,-1.0,-1.0,-1.0,2117000.0,369,36500.0,0,2,3,2,train,0.14,4,2,1,6.0,0.0,1.0,215.33333333333334,0.0,1.0,438000.0,438000.0,3
PH005436,AC002226,3,0,1,0,0,22.0,0.0,0.0,1.0,0.0,26.181818181818183,35.68181818181818,418.0,0.7727272727272727,0.045454545454545456,2.0,2.0,27.254988425925927,81.37873842592593,0.0,1.0,1.0,0.045454545454545456,1.0,98700.0,6,2350.0,0,0,0,0,train,0.88,0,2,1,-1.0,-1.0,-1.0,-1.0,-1.0,2.0,2350.0,1175.0,2
PH005437,AC002226,4,1,0,0,0,-1.0,-1.0,-1.0,-1.0,-1.0,-1.0,-1.0,-1.0,-1.0,-1.0,-1.0,-1.0,-1.0,-1.0,-1.0,-1.0,-1.0,-1.0,-1.0,98700.0,6,2350.0,0,0,0,0,train,0.88,0,2,1,-1.0,-1.0,-1.0,-1.0,-1.0,2.0,2350.0,1175.0,2
PH000012,AC002227,3,0,0,0,0,10.0,0.0,0.0,3.0,0.0,20.0,11.5,59.0,0.8,0.3,1.0,1.0,37.32219907407407,89.37385416666666,0.0,0.0,2.0,0.3,1.0,39600.0,81,1200.0,0,2,0,0,train,0.33,3,0,0,8.0,3.0,1.0,562.125,0.375,1.0,1100.0,1100.0,3
PH005438,AC002227,1,1,0,0,0,2.0,0.0,0.0,0.0,0.0,31.5,0.0,0.0,1.0,0.0,1.0,1.0,59.275173611111114,80.0009837962963,0.0,0.0,0.0,0.0,0.0,39600.0,81,1200.0,0,2,0,0,train,0.33,3,0,0,8.0,3.0,1.0,562.125,0.375,1.0,1100.0,1100.0,3
PH005439,AC002227,4,2,0,0,0,3.0,0.0,0.0,1.0,0.0,9.333333333333334,54.333333333333336,94.0,0.3333333333333333,0.3333333333333333,1.0,1.0,37.11071759259259,87.41791666666667,0.0,0.0,1.0,0.3333333333333333,1.0,39600.0,81,1200.0,0,2,0,0,train,0.33,3,0,0,8.0,3.0,1.0,562.125,0.375,1.0,1100.0,1100.0,3
PH005440,AC002228,3,0,1,0,0,2.0,0.0,0.0,0.0,0.0,22.0,27.5,55.0,0.5,0.0,2.0,2.0,78.30826388888889,84.4127662037037,0.0,0.0,0.0,0.0,1.0,1152000.0,20,28800.0,2,1,0,0,train,-1.0,4,2,1,-1.0,-1.0,-1.0,-1.0,-1.0,1.0,28800.0,28800.0,3
PH005441,AC002228,1,1,0,0,0,-1.0,-1.0,-1.0,-1.0,-1.0,-1.0,-1.0,-1.0,-1.0,-1.0,-1.0,-1.0,-1.0,-1.0,-1.0,-1.0,-1.0,-1.0,-1.0,1152000.0,20,28800.0,2,1,0,0,train,-1.0,4,2,1,-1.0,-1.0,-1.0,-1.0,-1.0,1.0,28800.0,28800.0,3
PH005442,AC002228,4,2,0,0,0,-1.0,-1.0,-1.0,-1.0,-1.0,-1.0,-1.0,-1.0,-1.0,-1.0,-1.0,-1.0,-1.0,-1.0,-1.0,-1.0,-1.0,-1.0,-1.0,1152000.0,20,28800.0,2,1,0,0,train,-1.0,4,2,1,-1.0,-1.0,-1.0,-1.0,-1.0,1.0,28800.0,28800.0,3
PH005446,AC002230,3,0,1,0,0,21.0,0.0,0.0,1.0,0.0,26.19047619047619,62.476190476190474,349.0,0.6190476190476191,0.047619047619047616,2.0,2.0,16.38630787037037,89.4021875,0.0,6.0,0.0,0.047619047619047616,1.0,93600.0,6,2600.0,0,4,1,1,train,0.38,0,1,1,1.0,0.0,1.0,53.0,0.0,1.0,900.0,900.0,2
PH005447,AC002230,4,1,0,0,0,-1.0,-1.0,-1.0,-1.0,-1.0,-1.0,-1.0,-1.0,-1.0,-1.0,-1.0,-1.0,-1.0,-1.0,-1.0,-1.0,-1.0,-1.0,-1.0,93600.0,6,2600.0,0,4,1,1,train,0.38,0,1,1,1.0,0.0,1.0,53.0,0.0,1.0,900.0,900.0,2
PH005448,AC002231,3,0,1,0,0,15.0,2.0,0.0,0.0,0.0,25.333333333333332,37.13333333333333,141.0,0.6,0.0,1.0,1.0,23.27491898148148,87.25231481481481,0.0,1.0,0.0,0.13333333333333333,1.0,512600.0,31,11650.0,1,2,3,1,train,0.33,0,1,1,3.0,2.0,0.0,799.0,0.6666666666666666,-1.0,-1.0,-1.0,2
PH005449,AC002231,0,1,1,0,0,14.0,0.0,0.0,1.0,0.0,30.571428571428573,10.428571428571429,146.0,0.9285714285714286,0.07142857142857142,1.0,1.0,2.1158217592592594,55.416805555555555,2.0,5.0,0.0,0.07142857142857142,1.0,512600.0,31,11650.0,1,2,3,1,train,0.33,0,1,1,3.0,2.0,0.0,799.0,0.6666666666666666,-1.0,-1.0,-1.0,2
PH005450,AC002232,3,0,1,0,0,2.0,0.0,0.0,0.0,0.0,31.0,14.0,28.0,0.5,0.0,1.0,1.0,87.31126157407408,88.37756944444445,0.0,0.0,0.0,0.0,1.0,75900.0,67,3300.0,0,3,3,0,train,0.02,1,1,1,-1.0,-1.0,-1.0,-1.0,-1.0,1.0,9900.0,9900.0,1
PH005451,AC002233,3,0,1,0,0,9.0,0.0,0.0,0.0,0.0,24.444444444444443,21.11111111111111,190.0,0.8888888888888888,0.0,1.0,1.0,78.32399305555556,86.2825925925926,0.0,0.0,0.0,0.0,1.0,96000.0,52,4000.0,0,4,0,0,train,0.32,1,1,1,1.0,0.0,0.0,242.0,0.0,1.0,2900.0,2900.0,2
PH005452,AC002233,0,1,1,0,0,33.0,0.0,0.0,1.0,0.0,26.0,52.03030303030303,400.0,0.696969696969697,0.030303030303030304,1.0,1.0,5.43,77.31520833333333,2.0,10.0,0.0,0.030303030303030304,1.0,96000.0,52,4000.0,0,4,0,0,train,0.32,1,1,1,1.0,0.0,0.0,242.0,0.0,1.0,2900.0,2900.0,2
PH005453,AC002234,3,0,0,0,0,8.0,0.0,8.0,0.0,0.0,0.0,0.0,0.0,1.0,1.0,2.0,2.0,58.4125,84.39606481481482,0.0,0.0,5.0,1.0,0.0,110400.0,0,2300.0,1,2,0,0,train,-1.0,5,0,1,3.0,0.0,0.0,121.33333333333333,0.0,-1.0,-1.0,-1.0,3
PH005454,AC002234,4,1,0,0,0,7.0,0.0,0.0,0.0,0.0,21.142857142857142,51.857142857142854,150.0,0.42857142857142855,0.0,1.0,1.0,33.43939814814815,56.27016203703704,0.0,0.0,0.0,0.0,1.0,110400.0,0,2300.0,1,2,0,0,train,-1.0,5,0,1,3.0,0.0,0.0,121.33333333333333,0.0,-1.0,-1.0,-1.0,3
PH005455,AC002235,3,0,1,0,0,10.0,0.0,0.0,1.0,0.0,22.8,79.8,253.0,0.5,0.1,2.0,2.0,41.28567129629629,87.41280092592592,0.0,0.0,1.0,0.1,1.0,78300.0,26,4350.0,1,3,1,0,train,0.28,5,2,1,-1.0,-1.0,-1.0,-1.0,-1.0,1.0,4350.0,4350.0,2
PH005456,AC002235,4,1,0,0,0,-1.0,-1.0,-1.0,-1.0,-1.0,-1.0,-1.0,-1.0,-1.0,-1.0,-1.0,-1.0,-1.0,-1.0,-1.0,-1.0,-1.0,-1.0,-1.0,78300.0,26,4350.0,1,3,1,0,train,0.28,5,2,1,-1.0,-1.0,-1.0,-1.0,-1.0,1.0,4350.0,4350.0,2
PH005457,AC002236,3,0,0,0,0,28.0,2.0,17.0,9.0,0.0,0.75,1.0357142857142858,19.0,0.9285714285714286,0.9285714285714286,1.0,1.0,35.45407407407407,89.2515162037037,0.0,0.0,5.0,1.0,1.0,363300.0,64,8650.0,0,1,1,1,train,0.29,0,2,1,5.0,0.0,0.0,411.4,0.0,-1.0,-1.0,-1.0,1
PH005458,AC002237,3,0,0,0,0,2.0,1.0,0.0,0.0,0.0,9.0,3.5,7.0,0.5,0.0,1.0,1.0,88.0253125,88.42506944444445,0.0,0.0,1.0,0.5,1.0,103400.0,128,4700.0,0,2,0,0,train,-1.0,5,2,1,-1.0,-1.0,-1.0,-1.0,-1.0,1.0,23500.0,23500.0,4
PH005459,AC002237,0,1,0,0,0,-1.0,-1.0,-1.0,-1.0,-1.0,-1.0,-1.0,-1.0,-1.0,-1.0,-1.0,-1.0,-1.0,-1.0,-1.0,-1.0,-1.0,-1.0,-1.0,103400.0,128,4700.0,0,2,0,0,train,-1.0,5,2,1,-1.0,-1.0,-1.0,-1.0,-1.0,1.0,23500.0,23500.0,4
PH005460,AC002237,1,2,0,0,0,-1.0,-1.0,-1.0,-1.0,-1.0,-1.0,-1.0,-1.0,-1.0,-1.0,-1.0,-1.0,-1.0,-1.0,-1.0,-1.0,-1.0,-1.0,-1.0,103400.0,128,4700.0,0,2,0,0,train,-1.0,5,2,1,-1.0,-1.0,-1.0,-1.0,-1.0,1.0,23500.0,23500.0,4
PH005461,AC002237,4,3,0,0,0,-1.0,-1.0,-1.0,-1.0,-1.0,-1.0,-1.0,-1.0,-1.0,-1.0,-1.0,-1.0,-1.0,-1.0,-1.0,-1.0,-1.0,-1.0,-1.0,103400.0,128,4700.0,0,2,0,0,train,-1.0,5,2,1,-1.0,-1.0,-1.0,-1.0,-1.0,1.0,23500.0,23500.0,4
PH005462,AC002238,3,0,0,0,0,6.0,2.0,0.0,0.0,0.0,24.166666666666668,11.333333333333334,36.0,0.5,0.0,1.0,1.0,67.35188657407407,86.31390046296296,0.0,0.0,1.0,0.3333333333333333,1.0,106400.0,43,3800.0,0,4,1,0,train,0.44,5,1,1,6.0,2.0,0.0,473.8333333333333,0.3333333333333333,-1.0,-1.0,-1.0,1
PH005463,AC002239,3,0,1,0,0,33.0,0.0,0.0,1.0,0.0,23.666666666666668,89.84848484848484,413.0,0.5454545454545454,0.030303030303030304,2.0,2.0,11.078796296296296,89.41958333333334,0.0,14.0,0.0,0.030303030303030304,1.0,315700.0,0,28700.0,1,3,1,1,train,0.89,5,2,1,1.0,0.0,1.0,109.0,0.0,2.0,19000.0,9500.0,4
PH005464,AC002239,0,1,0,0,0,-1.0,-1.0,-1.0,-1.0,-1.0,-1.0,-1.0,-1.0,-1.0,-1.0,-1.0,-1.0,-1.0,-1.0,-1.0,-1.0,-1.0,-1.0,-1.0,315700.0,0,28700.0,1,3,1,1,train,0.89,5,2,1,1.0,0.0,1.0,109.0,0.0,2.0,19000.0,9500.0,4
PH005465,AC002239,1,2,0,0,0,-1.0,-1.0,-1.0,-1.0,-1.0,-1.0,-1.0,-1.0,-1.0,-1.0,-1.0,-1.0,-1.0,-1.0,-1.0,-1.0,-1.0,-1.0,-1.0,315700.0,0,28700.0,1,3,1,1,train,0.89,5,2,1,1.0,0.0,1.0,109.0,0.0,2.0,19000.0,9500.0,4
PH005466,AC002239,4,3,0,0,0,-1.0,-1.0,-1.0,-1.0,-1.0,-1.0,-1.0,-1.0,-1.0,-1.0,-1.0,-1.0,-1.0,-1.0,-1.0,-1.0,-1.0,-1.0,-1.0,315700.0,0,28700.0,1,3,1,1,train,0.89,5,2,1,1.0,0.0,1.0,109.0,0.0,2.0,19000.0,9500.0,4
PH005470,AC002241,3,0,1,0,0,10.0,0.0,0.0,0.0,0.0,24.2,42.1,361.0,0.7,0.0,1.0,1.0,40.001099537037035,86.29841435185185,0.0,0.0,0.0,0.0,1.0,34400.0,53,2150.0,2,1,4,0,train,0.68,2,1,1,1.0,0.0,1.0,90.0,0.0,2.0,4300.0,2150.0,1
PH005474,AC002244,3,0,0,0,0,8.0,0.0,0.0,2.0,0.0,28.375,0.0,0.0,1.0,0.25,1.0,1.0,73.09542824074074,88.2729050925926,0.0,0.0,1.0,0.25,0.0,17500.0,53,1250.0,0,3,2,1,train,0.63,3,0,1,2.0,0.0,0.0,343.0,0.0,2.0,1800.0,900.0,3
PH005475,AC002244,0,1,1,0,0,25.0,0.0,0.0,2.0,0.0,22.96,59.72,385.0,0.72,0.08,1.0,1.0,4.024965277777778,72.40141203703703,2.0,8.0,0.0,0.08,1.0,17500.0,53,1250.0,0,3,2,1,train,0.63,3,0,1,2.0,0.0,0.0,343.0,0.0,2.0,1800.0,900.0,3
PH005476,AC002244,4,2,0,0,0,-1.0,-1.0,-1.0,-1.0,-1.0,-1.0,-1.0,-1.0,-1.0,-1.0,-1.0,-1.0,-1.0,-1.0,-1.0,-1.0,-1.0,-1.0,-1.0,17500.0,53,1250.0,0,3,2,1,train,0.63,3,0,1,2.0,0.0,0.0,343.0,0.0,2.0,1800.0,900.0,3
PH005477,AC002245,3,0,1,0,0,2.0,0.0,0.0,0.0,0.0,16.0,256.0,391.0,0.0,0.0,1.0,1.0,85.36409722222223,86.4245138888889,0.0,0.0,0.0,0.0,1.0,273200.0,20,34150.0,1,1,0,0,train,0.51,4,2,1,-1.0,-1.0,-1.0,-1.0,-1.0,1.0,34150.0,34150.0,1
PH005478,AC002246,3,0,1,0,0,1.0,0.0,0.0,0.0,0.0,5.0,50.0,50.0,0.0,0.0,1.0,1.0,82.39403935185184,82.39403935185184,0.0,0.0,0.0,0.0,1.0,39600.0,21,3300.0,0,3,1,1,train,-1.0,5,2,1,-1.0,-1.0,-1.0,-1.0,-1.0,1.0,3300.0,3300.0,3
PH005479,AC002246,0,1,0,0,0,-1.0,-1.0,-1.0,-1.0,-1.0,-1.0,-1.0,-1.0,-1.0,-1.0,-1.0,-1.0,-1.0,-1.0,-1.0,-1.0,-1.0,-1.0,-1.0,39600.0,21,3300.0,0,3,1,1,train,-1.0,5,2,1,-1.0,-1.0,-1.0,-1.0,-1.0,1.0,3300.0,3300.0,3
PH005480,AC002246,4,2,0,0,0,-1.0,-1.0,-1.0,-1.0,-1.0,-1.0,-1.0,-1.0,-1.0,-1.0,-1.0,-1.0,-1.0,-1.0,-1.0,-1.0,-1.0,-1.0,-1.0,39600.0,21,3300.0,0,3,1,1,train,-1.0,5,2,1,-1.0,-1.0,-1.0,-1.0,-1.0,1.0,3300.0,3300.0,3
PH005481,AC002247,3,0,1,0,0,5.0,0.0,0.0,0.0,0.0,25.2,20.0,73.0,0.6,0.0,2.0,2.0,76.41336805555555,88.28350694444444,0.0,0.0,0.0,0.0,1.0,57400.0,0,2050.0,0,3,1,0,train,0.1,3,2,1,-1.0,-1.0,-1.0,-1.0,-1.0,1.0,2050.0,2050.0,2
PH005482,AC002247,0,1,0,0,0,-1.0,-1.0,-1.0,-1.0,-1.0,-1.0,-1.0,-1.0,-1.0,-1.0,-1.0,-1.0,-1.0,-1.0,-1.0,-1.0,-1.0,-1.0,-1.0,57400.0,0,2050.0,0,3,1,0,train,0.1,3,2,1,-1.0,-1.0,-1.0,-1.0,-1.0,1.0,2050.0,2050.0,2
PH005483,AC002248,3,0,0,0,0,16.0,0.0,3.0,13.0,0.0,0.0,0.0,0.0,1.0,1.0,1.0,1.0,27.22023148148148,86.40534722222222,0.0,2.0,5.0,1.0,0.0,19500.0,58,1300.0,0,4,1,1,train,-1.0,5,2,1,8.0,0.0,4.0,211.0,0.0,-1.0,-1.0,-1.0,2
PH005484,AC002248,0,1,0,0,0,15.0,0.0,0.0,1.0,0.0,29.4,0.0,0.0,1.0,0.06666666666666667,1.0,1.0,3.3933680555555554,62.35841435185185,1.0,7.0,0.0,0.06666666666666667,0.0,19500.0,58,1300.0,0,4,1,1,train,-1.0,5,2,1,8.0,0.0,4.0,211.0,0.0,-1.0,-1.0,-1.0,2
PH005485,AC002249,3,0,0,0,0,8.0,0.0,6.0,2.0,0.0,0.0,0.0,0.0,1.0,1.0,1.0,1.0,68.30268518518518,88.30535879629629,0.0,0.0,5.0,1.0,0.0,24000.0,53,1600.0,0,5,1,0,train,0.27,5,0,1,1.0,0.0,1.0,100.0,0.0,1.0,3200.0,3200.0,3
PH005486,AC002249,0,1,1,0,0,6.0,0.0,0.0,1.0,0.0,17.666666666666668,62.0,297.0,0.5,0.16666666666666666,1.0,1.0,59.25451388888889,66.36079861111111,0.0,0.0,1.0,0.16666666666666666,1.0,24000.0,53,1600.0,0,5,1,0,train,0.27,5,0,1,1.0,0.0,1.0,100.0,0.0,1.0,3200.0,3200.0,3
PH005487,AC002249,4,2,0,0,0,-1.0,-1.0,-1.0,-1.0,-1.0,-1.0,-1.0,-1.0,-1.0,-1.0,-1.0,-1.0,-1.0,-1.0,-1.0,-1.0,-1.0,-1.0,-1.0,24000.0,53,1600.0,0,5,1,0,train,0.27,5,0,1,1.0,0.0,1.0,100.0,0.0,1.0,3200.0,3200.0,3
PH005488,AC002250,3,0,1,0,0,12.0,0.0,4.0,0.0,0.0,15.833333333333334,5.333333333333333,49.0,0.8333333333333334,0.3333333333333333,2.0,2.0,74.44554398148148,87.2697337962963,0.0,0.0,0.0,0.3333333333333333,1.0,94000.0,7,2000.0,1,0,0,0,train,0.66,5,0,1,-1.0,-1.0,-1.0,-1.0,-1.0,1.0,2000.0,2000.0,3
PH005489,AC002250,1,1,0,0,0,-1.0,-1.0,-1.0,-1.0,-1.0,-1.0,-1.0,-1.0,-1.0,-1.0,-1.0,-1.0,-1.0,-1.0,-1.0,-1.0,-1.0,-1.0,-1.0,94000.0,7,2000.0,1,0,0,0,train,0.66,5,0,1,-1.0,-1.0,-1.0,-1.0,-1.0,1.0,2000.0,2000.0,3
PH005490,AC002250,4,2,0,0,0,-1.0,-1.0,-1.0,-1.0,-1.0,-1.0,-1.0,-1.0,-1.0,-1.0,-1.0,-1.0,-1.0,-1.0,-1.0,-1.0,-1.0,-1.0,-1.0,94000.0,7,2000.0,1,0,0,0,train,0.66,5,0,1,-1.0,-1.0,-1.0,-1.0,-1.0,1.0,2000.0,2000.0,3
PH005495,AC002252,3,0,0,0,0,13.0,2.0,6.0,2.0,0.0,8.538461538461538,3.3846153846153846,34.0,0.8461538461538461,0.6153846153846154,2.0,2.0,33.40964120370371,86.35863425925926,0.0,0.0,5.0,0.7692307692307693,1.0,22500.0,25,2500.0,0,0,2,2,train,0.49,5,1,1,3.0,0.0,0.0,374.0,0.0,-1.0,-1.0,-1.0,2
PH005496,AC002252,0,1,1,0,0,21.0,0.0,0.0,1.0,0.0,25.523809523809526,7.619047619047619,160.0,0.9523809523809523,0.047619047619047616,1.0,1.0,0.44469907407407405,61.30949074074074,6.0,10.0,0.0,0.047619047619047616,1.0,22500.0,25,2500.0,0,0,2,2,train,0.49,5,1,1,3.0,0.0,0.0,374.0,0.0,-1.0,-1.0,-1.0,2
PH005497,AC002253,3,0,1,0,0,23.0,0.0,1.0,0.0,0.0,20.73913043478261,56.82608695652174,413.0,0.6956521739130435,0.043478260869565216,1.0,1.0,19.022951388888888,84.44320601851852,0.0,5.0,0.0,0.043478260869565216,1.0,29900.0,43,2300.0,0,5,2,1,train,0.87,1,2,1,-1.0,-1.0,-1.0,-1.0,-1.0,1.0,4600.0,4600.0,2
PH005498,AC002253,4,1,0,0,0,8.0,0.0,0.0,0.0,0.0,25.5,31.625,135.0,0.625,0.0,1.0,1.0,58.03724537037037,63.43592592592593,0.0,0.0,0.0,0.0,1.0,29900.0,43,2300.0,0,5,2,1,train,0.87,1,2,1,-1.0,-1.0,-1.0,-1.0,-1.0,1.0,4600.0,4600.0,2
PH005499,AC002254,3,0,1,0,0,16.0,0.0,0.0,1.0,0.0,24.125,37.875,291.0,0.75,0.0625,1.0,1.0,8.1671875,87.41658564814814,0.0,8.0,1.0,0.0625,1.0,246500.0,169,7250.0,0,1,2,1,train,-1.0,0,1,1,7.0,0.0,0.0,177.85714285714286,0.0,-1.0,-1.0,-1.0,2
PH005500,AC002254,0,1,1,0,0,10.0,0.0,0.0,0.0,0.0,31.3,5.4,54.0,0.9,0.0,1.0,1.0,23.4125,56.35525462962963,0.0,1.0,0.0,0.0,1.0,246500.0,169,7250.0,0,1,2,1,train,-1.0,0,1,1,7.0,0.0,0.0,177.85714285714286,0.0,-1.0,-1.0,-1.0,2
PH005501,AC002255,3,0,1,0,0,27.0,0.0,2.0,8.0,0.0,20.185185185185187,15.481481481481481,349.0,0.9259259259259259,0.37037037037037035,1.0,1.0,1.4224537037037037,86.37880787037037,1.0,9.0,0.0,0.37037037037037035,1.0,226100.0,28,13300.0,1,1,0,0,train,0.34,5,2,1,4.0,0.0,4.0,145.0,0.0,-1.0,-1.0,-1.0,2
PH005502,AC002255,1,1,0,0,1,4.0,2.0,0.0,0.0,0.0,24.25,7.5,18.0,0.5,0.0,1.0,1.0,34.09427083333333,40.392233796296296,0.0,0.0,2.0,0.5,1.0,226100.0,28,13300.0,1,1,0,0,train,0.34,5,2,1,4.0,0.0,4.0,145.0,0.0,-1.0,-1.0,-1.0,2
PH005503,AC002256,3,0,1,0,0,24.0,1.0,0.0,1.0,0.0,28.583333333333332,47.541666666666664,358.0,0.6666666666666666,0.041666666666666664,2.0,2.0,7.250613425925926,86.33563657407407,0.0,9.0,0.0,0.08333333333333333,1.0,45600.0,17,2850.0,1,1,0,0,train,-1.0,5,2,1,1.0,0.0,1.0,81.0,0.0,1.0,2850.0,2850.0,1
PH005506,AC002258,3,0,1,0,0,25.0,0.0,0.0,1.0,0.0,23.68,49.8,301.0,0.64,0.04,2.0,2.0,31.182997685185185,89.4384375,0.0,0.0,1.0,0.04,1.0,458900.0,1,17650.0,2,0,2,2,train,0.91,5,2,1,-1.0,-1.0,-1.0,-1.0,-1.0,2.0,17650.0,8825.0,2
PH005507,AC002258,0,1,0,0,0,-1.0,-1.0,-1.0,-1.0,-1.0,-1.0,-1.0,-1.0,-1.0,-1.0,-1.0,-1.0,-1.0,-1.0,-1.0,-1.0,-1.0,-1.0,-1.0,458900.0,1,17650.0,2,0,2,2,train,0.91,5,2,1,-1.0,-1.0,-1.0,-1.0,-1.0,2.0,17650.0,8825.0,2
PH005508,AC002259,3,0,0,0,0,2.0,2.0,0.0,0.0,0.0,11.0,14.0,17.0,0.0,0.0,2.0,2.0,88.30512731481481,89.44839120370371,0.0,0.0,2.0,1.0,1.0,64800.0,11,1350.0,0,5,1,0,train,-1.0,5,2,1,-1.0,-1.0,-1.0,-1.0,-1.0,2.0,1350.0,675.0,3
PH005509,AC002259,0,1,1,0,0,3.0,0.0,0.0,0.0,0.0,29.333333333333332,27.0,81.0,0.6666666666666666,0.0,1.0,1.0,77.4325,88.18612268518518,0.0,0.0,0.0,0.0,1.0,64800.0,11,1350.0,0,5,1,0,train,-1.0,5,2,1,-1.0,-1.0,-1.0,-1.0,-1.0,2.0,1350.0,675.0,3
PH005510,AC002259,4,2,0,0,0,-1.0,-1.0,-1.0,-1.0,-1.0,-1.0,-1.0,-1.0,-1.0,-1.0,-1.0,-1.0,-1.0,-1.0,-1.0,-1.0,-1.0,-1.0,-1.0,64800.0,11,1350.0,0,5,1,0,train,-1.0,5,2,1,-1.0,-1.0,-1.0,-1.0,-1.0,2.0,1350.0,675.0,3
PH005511,AC002260,3,0,1,0,0,17.0,0.0,0.0,1.0,0.0,25.88235294117647,12.941176470588236,155.0,0.8235294117647058,0.058823529411764705,1.0,1.0,27.35421296296296,89.43822916666667,0.0,1.0,0.0,0.058823529411764705,1.0,75850.0,62,2050.0,0,3,0,0,train,0.2,3,2,1,8.0,4.0,0.0,525.375,0.5,-1.0,-1.0,-1.0,3
PH005512,AC002260,0,1,0,0,0,5.0,0.0,0.0,1.0,0.0,30.8,0.0,0.0,1.0,0.2,1.0,1.0,0.3051157407407407,10.453715277777778,2.0,5.0,1.0,0.2,0.0,75850.0,62,2050.0,0,3,0,0,train,0.2,3,2,1,8.0,4.0,0.0,525.375,0.5,-1.0,-1.0,-1.0,3
PH005513,AC002260,4,2,0,0,0,-1.0,-1.0,-1.0,-1.0,-1.0,-1.0,-1.0,-1.0,-1.0,-1.0,-1.0,-1.0,-1.0,-1.0,-1.0,-1.0,-1.0,-1.0,-1.0,75850.0,62,2050.0,0,3,0,0,train,0.2,3,2,1,8.0,4.0,0.0,525.375,0.5,-1.0,-1.0,-1.0,3
PH005514,AC002261,3,0,1,0,0,7.0,0.0,0.0,0.0,0.0,19.571428571428573,7.0,49.0,0.8571428571428571,0.0,1.0,1.0,4.358217592592593,76.40465277777778,1.0,4.0,0.0,0.0,1.0,206800.0,50,9400.0,0,2,0,0,train,0.57,0,1,0,3.0,1.0,0.0,586.3333333333334,0.3333333333333333,-1.0,-1.0,-1.0,2
PH005515,AC002261,4,1,1,0,0,17.0,0.0,11.0,0.0,0.0,6.176470588235294,38.705882352941174,296.0,0.7647058823529411,0.6470588235294118,1.0,1.0,2.344212962962963,88.37472222222222,2.0,6.0,0.0,0.6470588235294118,1.0,206800.0,50,9400.0,0,2,0,0,train,0.57,0,1,0,3.0,1.0,0.0,586.3333333333334,0.3333333333333333,-1.0,-1.0,-1.0,2
PH005516,AC002262,3,0,1,0,0,9.0,1.0,0.0,2.0,0.0,18.77777777777778,35.77777777777778,308.0,0.7777777777777778,0.2222222222222222,1.0,1.0,9.36329861111111,81.11537037037037,0.0,2.0,2.0,0.3333333333333333,1.0,441600.0,201,9600.0,0,3,3,1,train,0.39,5,2,0,5.0,0.0,4.0,86.6,0.0,-1.0,-1.0,-1.0,3
PH005517,AC002262,0,1,0,0,0,8.0,0.0,4.0,4.0,0.0,0.0,0.0,0.0,1.0,1.0,1.0,1.0,24.260162037037038,87.3818287037037,0.0,1.0,5.0,1.0,0.0,441600.0,201,9600.0,0,3,3,1,train,0.39,5,2,0,5.0,0.0,4.0,86.6,0.0,-1.0,-1.0,-1.0,3
PH005518,AC002262,4,2,1,0,0,2.0,0.0,0.0,0.0,0.0,19.5,44.0,88.0,0.5,0.0,1.0,1.0,48.35407407407408,81.35386574074074,0.0,0.0,0.0,0.0,1.0,441600.0,201,9600.0,0,3,3,1,train,0.39,5,2,0,5.0,0.0,4.0,86.6,0.0,-1.0,-1.0,-1.0,3
PH005519,AC002263,3,0,1,0,0,16.0,0.0,0.0,1.0,0.0,19.6875,77.6875,358.0,0.625,0.0625,1.0,1.0,3.249548611111111,86.43164351851851,1.0,2.0,0.0,0.0625,1.0,232200.0,51,8600.0,1,2,0,0,train,0.88,0,1,1,-1.0,-1.0,-1.0,-1.0,-1.0,1.0,11200.0,11200.0,5
PH005520,AC002263,0,1,0,0,0,-1.0,-1.0,-1.0,-1.0,-1.0,-1.0,-1.0,-1.0,-1.0,-1.0,-1.0,-1.0,-1.0,-1.0,-1.0,-1.0,-1.0,-1.0,-1.0,232200.0,51,8600.0,1,2,0,0,train,0.88,0,1,1,-1.0,-1.0,-1.0,-1.0,-1.0,1.0,11200.0,11200.0,5
PH005521,AC002263,1,2,0,0,0,-1.0,-1.0,-1.0,-1.0,-1.0,-1.0,-1.0,-1.0,-1.0,-1.0,-1.0,-1.0,-1.0,-1.0,-1.0,-1.0,-1.0,-1.0,-1.0,232200.0,51,8600.0,1,2,0,0,train,0.88,0,1,1,-1.0,-1.0,-1.0,-1.0,-1.0,1.0,11200.0,11200.0,5
PH000434,AC002263,2,3,0,0,0,-1.0,-1.0,-1.0,-1.0,-1.0,-1.0,-1.0,-1.0,-1.0,-1.0,-1.0,-1.0,-1.0,-1.0,-1.0,-1.0,-1.0,-1.0,-1.0,232200.0,51,8600.0,1,2,0,0,train,0.88,0,1,1,-1.0,-1.0,-1.0,-1.0,-1.0,1.0,11200.0,11200.0,5
PH005522,AC002263,4,4,0,0,0,-1.0,-1.0,-1.0,-1.0,-1.0,-1.0,-1.0,-1.0,-1.0,-1.0,-1.0,-1.0,-1.0,-1.0,-1.0,-1.0,-1.0,-1.0,-1.0,232200.0,51,8600.0,1,2,0,0,train,0.88,0,1,1,-1.0,-1.0,-1.0,-1.0,-1.0,1.0,11200.0,11200.0,5
PH005523,AC002264,3,0,0,0,0,13.0,0.0,0.0,0.0,0.0,37.46153846153846,0.0,0.0,1.0,0.0,1.0,1.0,5.331111111111111,88.34135416666666,1.0,5.0,0.0,0.0,0.0,134550.0,50,3450.0,0,1,2,0,train,-1.0,1,1,1,3.0,2.0,0.0,869.3333333333334,0.6666666666666666,-1.0,-1.0,-1.0,3
PH005524,AC002264,0,1,0,0,0,8.0,0.0,0.0,2.0,0.0,22.125,0.0,0.0,1.0,0.25,1.0,1.0,55.08997685185185,74.2503587962963,0.0,0.0,1.0,0.25,0.0,134550.0,50,3450.0,0,1,2,0,train,-1.0,1,1,1,3.0,2.0,0.0,869.3333333333334,0.6666666666666666,-1.0,-1.0,-1.0,3
PH005525,AC002264,4,2,0,0,0,8.0,0.0,0.0,1.0,0.0,15.125,46.5,117.0,0.5,0.125,1.0,1.0,30.43238425925926,53.348634259259256,0.0,0.0,1.0,0.125,1.0,134550.0,50,3450.0,0,1,2,0,train,-1.0,1,1,1,3.0,2.0,0.0,869.3333333333334,0.6666666666666666,-1.0,-1.0,-1.0,3
PH005526,AC002265,3,0,1,0,0,18.0,0.0,0.0,1.0,0.0,22.833333333333332,44.72222222222222,399.0,0.8333333333333334,0.05555555555555555,2.0,2.0,30.27809027777778,85.25850694444445,0.0,0.0,0.0,0.05555555555555555,1.0,168750.0,0,6750.0,1,2,0,0,train,0.86,2,2,1,-1.0,-1.0,-1.0,-1.0,-1.0,-1.0,-1.0,-1.0,2
PH005527,AC002265,0,1,1,0,0,15.0,0.0,0.0,1.0,0.0,24.6,89.66666666666667,350.0,0.5333333333333333,0.06666666666666667,1.0,1.0,6.037476851851852,30.18665509259259,2.0,14.0,0.0,0.06666666666666667,1.0,168750.0,0,6750.0,1,2,0,0,train,0.86,2,2,1,-1.0,-1.0,-1.0,-1.0,-1.0,-1.0,-1.0,-1.0,2
PH005528,AC002266,3,0,1,0,0,3.0,0.0,0.0,0.0,0.0,21.0,117.66666666666667,303.0,0.3333333333333333,0.0,1.0,1.0,83.37620370370371,88.31918981481482,0.0,0.0,0.0,0.0,1.0,6300.0,14,900.0,0,1,0,0,train,-1.0,5,2,1,-1.0,-1.0,-1.0,-1.0,-1.0,1.0,900.0,900.0,2
PH005529,AC002266,0,1,0,0,0,-1.0,-1.0,-1.0,-1.0,-1.0,-1.0,-1.0,-1.0,-1.0,-1.0,-1.0,-1.0,-1.0,-1.0,-1.0,-1.0,-1.0,-1.0,-1.0,6300.0,14,900.0,0,1,0,0,train,-1.0,5,2,1,-1.0,-1.0,-1.0,-1.0,-1.0,1.0,900.0,900.0,2
PH005531,AC002268,3,0,1,0,0,18.0,0.0,1.0,2.0,0.0,20.22222222222222,11.722222222222221,183.0,0.8888888888888888,0.16666666666666666,2.0,2.0,31.225231481481483,75.39108796296296,0.0,0.0,2.0,0.16666666666666666,1.0,52500.0,14,3500.0,1,0,1,1,train,0.35,1,2,1,1.0,0.0,1.0,34.0,0.0,2.0,2900.0,1450.0,2
PH005532,AC002268,4,1,0,0,0,12.0,0.0,0.0,0.0,0.0,29.75,16.416666666666668,107.0,0.6666666666666666,0.0,1.0,1.0,2.4038078703703705,63.34826388888889,1.0,4.0,0.0,0.0,1.0,52500.0,14,3500.0,1,0,1,1,train,0.35,1,2,1,1.0,0.0,1.0,34.0,0.0,2.0,2900.0,1450.0,2
PH005533,AC002269,3,0,0,0,0,8.0,1.0,0.0,0.0,0.0,12.875,1.625,13.0,0.875,0.0,1.0,1.0,70.35212962962963,89.25575231481481,0.0,0.0,0.0,0.125,1.0,49500.0,46,2750.0,0,0,4,1,train,-1.0,1,2,1,4.0,2.0,1.0,321.25,0.5,2.0,3700.0,1850.0,4
PH005534,AC002269,0,1,0,0,0,8.0,0.0,4.0,4.0,0.0,0.0,0.0,0.0,1.0,1.0,1.0,1.0,50.11020833333333,55.3743287037037,0.0,0.0,5.0,1.0,0.0,49500.0,46,2750.0,0,0,4,1,train,-1.0,1,2,1,4.0,2.0,1.0,321.25,0.5,2.0,3700.0,1850.0,4
PH005535,AC002269,1,2,1,0,0,8.0,2.0,0.0,0.0,0.0,22.625,7.875,32.0,0.625,0.0,1.0,1.0,41.38712962962963,49.40494212962963,0.0,0.0,0.0,0.25,1.0,49500.0,46,2750.0,0,0,4,1,train,-1.0,1,2,1,4.0,2.0,1.0,321.25,0.5,2.0,3700.0,1850.0,4
PH005536,AC002269,4,3,1,0,0,12.0,1.0,0.0,2.0,0.0,14.5,39.5,141.0,0.4166666666666667,0.16666666666666666,1.0,1.0,1.1894212962962962,40.99912037037037,4.0,9.0,1.0,0.25,1.0,49500.0,46,2750.0,0,0,4,1,train,-1.0,1,2,1,4.0,2.0,1.0,321.25,0.5,2.0,3700.0,1850.0,4
PH005537,AC002270,3,0,1,0,0,6.0,0.0,0.0,0.0,0.0,27.5,13.0,43.0,0.6666666666666666,0.0,2.0,2.0,69.41674768518519,87.44112268518519,0.0,0.0,0.0,0.0,1.0,441600.0,2,19200.0,1,1,1,1,train,0.52,5,2,1,-1.0,-1.0,-1.0,-1.0,-1.0,1.0,19200.0,19200.0,1
PH005538,AC002271,3,0,1,0,0,4.0,0.0,0.0,0.0,0.0,23.5,75.75,237.0,0.5,0.0,2.0,2.0,81.33855324074074,83.28783564814815,0.0,0.0,0.0,0.0,1.0,28050.0,0,850.0,1,2,1,1,train,0.27,5,0,1,-1.0,-1.0,-1.0,-1.0,-1.0,1.0,850.0,850.0,3
PH005539,AC002271,1,1,0,0,0,-1.0,-1.0,-1.0,-1.0,-1.0,-1.0,-1.0,-1.0,-1.0,-1.0,-1.0,-1.0,-1.0,-1.0,-1.0,-1.0,-1.0,-1.0,-1.0,28050.0,0,850.0,1,2,1,1,train,0.27,5,0,1,-1.0,-1.0,-1.0,-1.0,-1.0,1.0,850.0,850.0,3
PH005540,AC002271,4,2,0,0,0,-1.0,-1.0,-1.0,-1.0,-1.0,-1.0,-1.0,-1.0,-1.0,-1.0,-1.0,-1.0,-1.0,-1.0,-1.0,-1.0,-1.0,-1.0,-1.0,28050.0,0,850.0,1,2,1,1,train,0.27,5,0,1,-1.0,-1.0,-1.0,-1.0,-1.0,1.0,850.0,850.0,3
PH005541,AC002272,3,0,0,0,0,15.0,2.0,12.0,0.0,0.0,2.6,3.066666666666667,31.0,0.8666666666666667,0.8,1.0,1.0,53.40167824074074,87.40560185185186,0.0,0.0,5.0,0.9333333333333333,1.0,344400.0,57,8200.0,1,2,1,1,train,-1.0,2,1,1,7.0,0.0,2.0,193.57142857142858,0.0,1.0,6300.0,6300.0,2
PH005542,AC002273,3,0,1,0,0,30.0,0.0,0.0,3.0,0.0,23.533333333333335,31.466666666666665,387.0,0.8333333333333334,0.1,1.0,1.0,3.4058333333333333,86.4521412037037,1.0,7.0,0.0,0.1,1.0,46750.0,58,2750.0,0,2,4,1,train,0.28,2,2,1,-1.0,-1.0,-1.0,-1.0,-1.0,-1.0,-1.0,-1.0,1
PH005543,AC002274,3,0,1,0,0,21.0,0.0,0.0,2.0,0.0,24.80952380952381,39.523809523809526,314.0,0.8095238095238095,0.09523809523809523,1.0,1.0,28.0984375,86.30037037037037,0.0,2.0,1.0,0.09523809523809523,1.0,48050.0,29,1550.0,1,1,2,2,train,1.0,3,2,1,-1.0,-1.0,-1.0,-1.0,-1.0,1.0,1550.0,1550.0,3
PH005544,AC002274,1,1,0,0,0,-1.0,-1.0,-1.0,-1.0,-1.0,-1.0,-1.0,-1.0,-1.0,-1.0,-1.0,-1.0,-1.0,-1.0,-1.0,-1.0,-1.0,-1.0,-1.0,48050.0,29,1550.0,1,1,2,2,train,1.0,3,2,1,-1.0,-1.0,-1.0,-1.0,-1.0,1.0,1550.0,1550.0,3
PH005545,AC002274,4,2,0,0,0,-1.0,-1.0,-1.0,-1.0,-1.0,-1.0,-1.0,-1.0,-1.0,-1.0,-1.0,-1.0,-1.0,-1.0,-1.0,-1.0,-1.0,-1.0,-1.0,48050.0,29,1550.0,1,1,2,2,train,1.0,3,2,1,-1.0,-1.0,-1.0,-1.0,-1.0,1.0,1550.0,1550.0,3
PH005546,AC002275,3,0,1,0,0,22.0,0.0,0.0,1.0,0.0,26.954545454545453,18.727272727272727,145.0,0.7727272727272727,0.045454545454545456,1.0,1.0,0.3501736111111111,87.40612268518518,3.0,6.0,0.0,0.045454545454545456,1.0,49950.0,67,1850.0,1,2,5,1,train,-1.0,2,1,1,7.0,1.0,0.0,264.2857142857143,0.14285714285714285,-1.0,-1.0,-1.0,1
PH005550,AC002277,3,0,0,0,0,8.0,0.0,4.0,4.0,0.0,0.0,0.0,0.0,1.0,1.0,2.0,2.0,73.36538194444445,88.39914351851851,0.0,0.0,5.0,1.0,0.0,63250.0,0,2750.0,1,1,0,0,train,0.54,1,1,1,1.0,0.0,1.0,78.0,0.0,-1.0,-1.0,-1.0,2
PH005551,AC002277,4,1,1,0,0,21.0,1.0,0.0,3.0,0.0,18.285714285714285,29.428571428571427,114.0,0.47619047619047616,0.14285714285714285,2.0,2.0,2.2700810185185185,69.39891203703704,3.0,13.0,0.0,0.19047619047619047,1.0,63250.0,0,2750.0,1,1,0,0,train,0.54,1,1,1,1.0,0.0,1.0,78.0,0.0,-1.0,-1.0,-1.0,2
PH005554,AC002279,3,0,1,0,0,21.0,0.0,0.0,1.0,0.0,26.61904761904762,22.761904761904763,317.0,0.8095238095238095,0.047619047619047616,1.0,1.0,26.224849537037038,87.38318287037038,0.0,4.0,0.0,0.047619047619047616,1.0,155800.0,111,3800.0,0,1,3,1,train,-1.0,1,0,1,7.0,3.0,1.0,535.4285714285714,0.42857142857142855,2.0,15200.0,7600.0,2
PH005555,AC002279,0,1,0,0,0,-1.0,-1.0,-1.0,-1.0,-1.0,-1.0,-1.0,-1.0,-1.0,-1.0,-1.0,-1.0,-1.0,-1.0,-1.0,-1.0,-1.0,-1.0,-1.0,155800.0,111,3800.0,0,1,3,1,train,-1.0,1,0,1,7.0,3.0,1.0,535.4285714285714,0.42857142857142855,2.0,15200.0,7600.0,2
PH005556,AC002280,3,0,1,0,0,18.0,0.0,0.0,0.0,0.0,26.88888888888889,68.88888888888889,350.0,0.6666666666666666,0.0,1.0,1.0,0.3966087962962963,81.38722222222222,1.0,4.0,0.0,0.0,1.0,489450.0,22,12550.0,0,1,1,1,train,-1.0,2,1,0,2.0,0.0,2.0,67.5,0.0,1.0,4300.0,4300.0,2
PH005557,AC002280,4,1,1,0,0,16.0,0.0,0.0,1.0,0.0,25.0625,35.3125,148.0,0.625,0.0625,2.0,2.0,13.257719907407408,89.31311342592592,0.0,3.0,0.0,0.0625,1.0,489450.0,22,12550.0,0,1,1,1,train,-1.0,2,1,0,2.0,0.0,2.0,67.5,0.0,1.0,4300.0,4300.0,2
PH005558,AC002281,3,0,1,0,0,7.0,0.0,0.0,0.0,0.0,21.857142857142858,76.57142857142857,321.0,0.42857142857142855,0.0,2.0,2.0,46.249594907407406,89.3859375,0.0,0.0,0.0,0.0,1.0,108650.0,16,2650.0,1,2,1,0,train,0.6,1,1,1,-1.0,-1.0,-1.0,-1.0,-1.0,1.0,2650.0,2650.0,3
PH005559,AC002281,1,1,0,0,0,-1.0,-1.0,-1.0,-1.0,-1.0,-1.0,-1.0,-1.0,-1.0,-1.0,-1.0,-1.0,-1.0,-1.0,-1.0,-1.0,-1.0,-1.0,-1.0,108650.0,16,2650.0,1,2,1,0,train,0.6,1,1,1,-1.0,-1.0,-1.0,-1.0,-1.0,1.0,2650.0,2650.0,3
PH005560,AC002281,4,2,0,0,0,-1.0,-1.0,-1.0,-1.0,-1.0,-1.0,-1.0,-1.0,-1.0,-1.0,-1.0,-1.0,-1.0,-1.0,-1.0,-1.0,-1.0,-1.0,-1.0,108650.0,16,2650.0,1,2,1,0,train,0.6,1,1,1,-1.0,-1.0,-1.0,-1.0,-1.0,1.0,2650.0,2650.0,3
PH005561,AC002282,3,0,1,0,0,23.0,0.0,0.0,0.0,0.0,30.304347826086957,29.73913043478261,278.0,0.782608695652174,0.0,1.0,1.0,1.4144907407407408,89.33730324074074,1.0,5.0,0.0,0.0,1.0,54400.0,150,1700.0,0,2,1,0,train,0.53,5,0,1,9.0,1.0,3.0,250.11111111111111,0.1111111111111111,2.0,6400.0,3200.0,2
PH005562,AC002282,4,1,0,0,0,8.0,1.0,0.0,0.0,0.0,23.125,16.625,87.0,0.75,0.0,1.0,1.0,2.3686689814814814,23.343368055555555,1.0,8.0,1.0,0.125,1.0,54400.0,150,1700.0,0,2,1,0,train,0.53,5,0,1,9.0,1.0,3.0,250.11111111111111,0.1111111111111111,2.0,6400.0,3200.0,2
PH005565,AC002284,3,0,1,0,0,6.0,0.0,0.0,0.0,0.0,22.833333333333332,62.833333333333336,338.0,0.6666666666666666,0.0,2.0,2.0,72.25747685185185,88.27528935185185,0.0,0.0,0.0,0.0,1.0,878900.0,0,39950.0,0,3,1,1,train,-1.0,5,2,1,-1.0,-1.0,-1.0,-1.0,-1.0,1.0,39950.0,39950.0,2
PH005566,AC002284,4,1,0,0,0,-1.0,-1.0,-1.0,-1.0,-1.0,-1.0,-1.0,-1.0,-1.0,-1.0,-1.0,-1.0,-1.0,-1.0,-1.0,-1.0,-1.0,-1.0,-1.0,878900.0,0,39950.0,0,3,1,1,train,-1.0,5,2,1,-1.0,-1.0,-1.0,-1.0,-1.0,1.0,39950.0,39950.0,2
PH000117,AC002285,3,0,1,0,0,25.0,2.0,0.0,3.0,0.0,22.8,33.72,150.0,0.64,0.12,2.0,2.0,16.205844907407407,86.33107638888889,0.0,8.0,1.0,0.2,1.0,246000.0,0,8200.0,2,2,1,0,train,0.74,2,1,1,-1.0,-1.0,-1.0,-1.0,-1.0,1.0,2600.0,2600.0,2
PH005567,AC002286,3,0,1,0,0,50.0,0.0,0.0,1.0,0.0,24.5,14.86,292.0,0.92,0.02,2.0,2.0,3.169328703703704,89.2877199074074,6.0,23.0,0.0,0.02,1.0,57800.0,0,3400.0,0,2,2,0,train,0.52,0,2,1,-1.0,-1.0,-1.0,-1.0,-1.0,-1.0,-1.0,-1.0,1
PH005570,AC002288,3,0,1,0,0,29.0,1.0,0.0,2.0,0.0,24.482758620689655,31.413793103448278,403.0,0.8275862068965517,0.06896551724137931,1.0,1.0,2.4341203703703704,87.31542824074074,2.0,8.0,0.0,0.10344827586206896,1.0,92000.0,48,4000.0,0,0,3,1,train,0.69,5,0,1,4.0,0.0,2.0,196.5,0.0,-1.0,-1.0,-1.0,2
PH005571,AC002288,0,1,0,0,0,8.0,1.0,0.0,3.0,0.0,7.125,2.0,16.0,0.875,0.375,1.0,1.0,25.399722222222223,61.296851851851855,0.0,2.0,3.0,0.5,1.0,92000.0,48,4000.0,0,0,3,1,train,0.69,5,0,1,4.0,0.0,2.0,196.5,0.0,-1.0,-1.0,-1.0,2
PH005572,AC002289,3,0,0,0,0,5.0,0.0,3.0,2.0,0.0,0.0,0.0,0.0,1.0,1.0,2.0,2.0,76.29953703703704,84.28373842592593,0.0,0.0,5.0,1.0,0.0,89500.0,10,8950.0,1,0,0,0,train,0.53,0,1,1,-1.0,-1.0,-1.0,-1.0,-1.0,1.0,8950.0,8950.0,3
PH005573,AC002289,0,1,0,0,0,-1.0,-1.0,-1.0,-1.0,-1.0,-1.0,-1.0,-1.0,-1.0,-1.0,-1.0,-1.0,-1.0,-1.0,-1.0,-1.0,-1.0,-1.0,-1.0,89500.0,10,8950.0,1,0,0,0,train,0.53,0,1,1,-1.0,-1.0,-1.0,-1.0,-1.0,1.0,8950.0,8950.0,3
PH000391,AC002289,2,2,0,0,0,5.0,0.0,0.0,0.0,0.0,15.0,85.2,136.0,0.0,0.0,1.0,1.0,4.107662037037037,7.247256944444445,3.0,5.0,0.0,0.0,1.0,89500.0,10,8950.0,1,0,0,0,train,0.53,0,1,1,-1.0,-1.0,-1.0,-1.0,-1.0,1.0,8950.0,8950.0,3
PH005574,AC002290,3,0,0,0,0,8.0,0.0,0.0,1.0,0.0,13.375,0.0,0.0,1.0,0.125,2.0,2.0,53.29203703703703,87.44790509259259,0.0,0.0,1.0,0.125,0.0,144000.0,14,3600.0,1,6,1,0,train,0.22,0,1,1,-1.0,-1.0,-1.0,-1.0,-1.0,1.0,1800.0,1800.0,2
PH005575,AC002290,0,1,1,0,0,10.0,0.0,0.0,1.0,0.0,12.5,101.7,334.0,0.3,0.1,1.0,1.0,26.254490740740742,52.30951388888889,0.0,4.0,0.0,0.1,1.0,144000.0,14,3600.0,1,6,1,0,train,0.22,0,1,1,-1.0,-1.0,-1.0,-1.0,-1.0,1.0,1800.0,1800.0,2
PH005579,AC002292,3,0,1,0,0,1.0,0.0,0.0,0.0,0.0,20.0,34.0,34.0,0.0,0.0,1.0,1.0,89.37390046296296,89.37390046296296,0.0,0.0,0.0,0.0,1.0,120700.0,66,3550.0,0,1,3,1,train,0.5,5,2,1,-1.0,-1.0,-1.0,-1.0,-1.0,1.0,10650.0,10650.0,4
PH005580,AC002292,0,1,0,0,0,-1.0,-1.0,-1.0,-1.0,-1.0,-1.0,-1.0,-1.0,-1.0,-1.0,-1.0,-1.0,-1.0,-1.0,-1.0,-1.0,-1.0,-1.0,-1.0,120700.0,66,3550.0,0,1,3,1,train,0.5,5,2,1,-1.0,-1.0,-1.0,-1.0,-1.0,1.0,10650.0,10650.0,4
PH005581,AC002292,1,2,0,0,0,-1.0,-1.0,-1.0,-1.0,-1.0,-1.0,-1.0,-1.0,-1.0,-1.0,-1.0,-1.0,-1.0,-1.0,-1.0,-1.0,-1.0,-1.0,-1.0,120700.0,66,3550.0,0,1,3,1,train,0.5,5,2,1,-1.0,-1.0,-1.0,-1.0,-1.0,1.0,10650.0,10650.0,4
PH005582,AC002292,4,3,0,0,0,-1.0,-1.0,-1.0,-1.0,-1.0,-1.0,-1.0,-1.0,-1.0,-1.0,-1.0,-1.0,-1.0,-1.0,-1.0,-1.0,-1.0,-1.0,-1.0,120700.0,66,3550.0,0,1,3,1,train,0.5,5,2,1,-1.0,-1.0,-1.0,-1.0,-1.0,1.0,10650.0,10650.0,4
PH005583,AC002293,3,0,0,0,0,8.0,1.0,0.0,0.0,0.0,33.125,4.625,37.0,0.875,0.0,1.0,1.0,68.2473263888889,89.30863425925926,0.0,0.0,1.0,0.125,1.0,335000.0,389,16750.0,0,1,1,0,train,-1.0,2,1,1,8.0,0.0,6.0,106.5,0.0,-1.0,-1.0,-1.0,5
PH005584,AC002293,0,1,1,0,0,17.0,0.0,0.0,0.0,0.0,32.0,36.529411764705884,316.0,0.7058823529411765,0.0,1.0,1.0,5.04505787037037,68.09643518518519,2.0,10.0,0.0,0.0,1.0,335000.0,389,16750.0,0,1,1,0,train,-1.0,2,1,1,8.0,0.0,6.0,106.5,0.0,-1.0,-1.0,-1.0,5
PH005585,AC002293,1,2,0,0,0,-1.0,-1.0,-1.0,-1.0,-1.0,-1.0,-1.0,-1.0,-1.0,-1.0,-1.0,-1.0,-1.0,-1.0,-1.0,-1.0,-1.0,-1.0,-1.0,335000.0,389,16750.0,0,1,1,0,train,-1.0,2,1,1,8.0,0.0,6.0,106.5,0.0,-1.0,-1.0,-1.0,5
PH000437,AC002293,2,3,0,0,0,7.0,0.0,0.0,0.0,0.0,16.714285714285715,66.14285714285714,130.0,0.2857142857142857,0.0,1.0,1.0,21.42892361111111,37.407986111111114,0.0,2.0,0.0,0.0,1.0,335000.0,389,16750.0,0,1,1,0,train,-1.0,2,1,1,8.0,0.0,6.0,106.5,0.0,-1.0,-1.0,-1.0,5
PH005586,AC002293,4,4,0,0,0,-1.0,-1.0,-1.0,-1.0,-1.0,-1.0,-1.0,-1.0,-1.0,-1.0,-1.0,-1.0,-1.0,-1.0,-1.0,-1.0,-1.0,-1.0,-1.0,335000.0,389,16750.0,0,1,1,0,train,-1.0,2,1,1,8.0,0.0,6.0,106.5,0.0,-1.0,-1.0,-1.0,5
PH005587,AC002294,3,0,1,0,0,28.0,0.0,0.0,1.0,0.0,24.785714285714285,54.785714285714285,416.0,0.6785714285714286,0.03571428571428571,1.0,1.0,18.294386574074075,84.36652777777778,0.0,3.0,0.0,0.03571428571428571,1.0,245700.0,53,9100.0,0,0,1,1,train,0.54,0,1,1,1.0,0.0,1.0,96.0,0.0,1.0,6300.0,6300.0,2
PH005588,AC002294,4,1,0,0,0,8.0,1.0,0.0,2.0,0.0,10.125,78.5,138.0,0.25,0.25,1.0,1.0,52.19730324074074,66.32200231481481,0.0,0.0,2.0,0.375,1.0,245700.0,53,9100.0,0,0,1,1,train,0.54,0,1,1,1.0,0.0,1.0,96.0,0.0,1.0,6300.0,6300.0,2
PH005591,AC002296,3,0,1,0,0,11.0,0.0,0.0,2.0,0.0,22.636363636363637,76.0909090909091,399.0,0.6363636363636364,0.18181818181818182,2.0,2.0,75.2777199074074,89.33033564814815,0.0,0.0,0.0,0.18181818181818182,1.0,134300.0,19,7900.0,1,0,1,1,train,0.88,2,1,1,-1.0,-1.0,-1.0,-1.0,-1.0,1.0,7900.0,7900.0,4
PH005592,AC002296,1,1,0,0,0,-1.0,-1.0,-1.0,-1.0,-1.0,-1.0,-1.0,-1.0,-1.0,-1.0,-1.0,-1.0,-1.0,-1.0,-1.0,-1.0,-1.0,-1.0,-1.0,134300.0,19,7900.0,1,0,1,1,train,0.88,2,1,1,-1.0,-1.0,-1.0,-1.0,-1.0,1.0,7900.0,7900.0,4
PH000455,AC002296,2,2,0,1,0,-1.0,-1.0,-1.0,-1.0,-1.0,-1.0,-1.0,-1.0,-1.0,-1.0,-1.0,-1.0,-1.0,-1.0,-1.0,-1.0,-1.0,-1.0,-1.0,134300.0,19,7900.0,1,0,1,1,train,0.88,2,1,1,-1.0,-1.0,-1.0,-1.0,-1.0,1.0,7900.0,7900.0,4
PH005593,AC002296,4,3,0,0,0,-1.0,-1.0,-1.0,-1.0,-1.0,-1.0,-1.0,-1.0,-1.0,-1.0,-1.0,-1.0,-1.0,-1.0,-1.0,-1.0,-1.0,-1.0,-1.0,134300.0,19,7900.0,1,0,1,1,train,0.88,2,1,1,-1.0,-1.0,-1.0,-1.0,-1.0,1.0,7900.0,7900.0,4
PH005594,AC002297,3,0,1,0,0,31.0,0.0,0.0,3.0,0.0,16.741935483870968,26.741935483870968,334.0,0.9032258064516129,0.0967741935483871,1.0,1.0,12.367858796296296,87.29994212962963,0.0,2.0,1.0,0.0967741935483871,1.0,61050.0,46,1650.0,0,1,4,3,train,0.7,3,0,1,6.0,1.0,0.0,335.6666666666667,0.16666666666666666,-1.0,-1.0,-1.0,1
PH005595,AC002298,3,0,0,0,0,3.0,0.0,0.0,1.0,2.0,0.0,0.0,0.0,1.0,1.0,1.0,1.0,63.39523148148148,67.2640625,0.0,0.0,3.0,0.3333333333333333,0.0,745500.0,20,35500.0,0,2,1,1,train,0.49,5,2,1,-1.0,-1.0,-1.0,-1.0,-1.0,2.0,26600.0,13300.0,3
PH005596,AC002298,0,1,1,0,0,13.0,0.0,0.0,1.0,0.0,25.53846153846154,39.15384615384615,229.0,0.6923076923076923,0.07692307692307693,1.0,1.0,4.283356481481482,63.1846875,1.0,6.0,1.0,0.07692307692307693,1.0,745500.0,20,35500.0,0,2,1,1,train,0.49,5,2,1,-1.0,-1.0,-1.0,-1.0,-1.0,2.0,26600.0,13300.0,3
PH005597,AC002298,4,2,0,0,0,-1.0,-1.0,-1.0,-1.0,-1.0,-1.0,-1.0,-1.0,-1.0,-1.0,-1.0,-1.0,-1.0,-1.0,-1.0,-1.0,-1.0,-1.0,-1.0,745500.0,20,35500.0,0,2,1,1,train,0.49,5,2,1,-1.0,-1.0,-1.0,-1.0,-1.0,2.0,26600.0,13300.0,3
PH005598,AC002299,3,0,1,0,0,12.0,2.0,4.0,0.0,0.0,8.5,7.75,34.0,0.6666666666666666,0.3333333333333333,2.0,2.0,61.34739583333333,86.27695601851852,0.0,0.0,3.0,0.5,1.0,146200.0,0,4300.0,2,0,0,0,train,-1.0,0,1,1,-1.0,-1.0,-1.0,-1.0,-1.0,2.0,4300.0,2150.0,2
PH005599,AC002299,0,1,1,0,0,24.0,0.0,0.0,1.0,0.0,24.541666666666668,51.75,243.0,0.6666666666666666,0.041666666666666664,1.0,1.0,19.09755787037037,56.442083333333336,0.0,11.0,0.0,0.041666666666666664,1.0,146200.0,0,4300.0,2,0,0,0,train,-1.0,0,1,1,-1.0,-1.0,-1.0,-1.0,-1.0,2.0,4300.0,2150.0,2
PH005600,AC002300,3,0,0,0,0,16.0,0.0,0.0,4.0,0.0,16.5,30.625,115.0,0.5625,0.25,1.0,1.0,17.283078703703705,88.43944444444445,0.0,3.0,1.0,0.25,1.0,115150.0,59,2350.0,0,0,4,2,train,0.32,1,0,1,6.0,2.0,0.0,378.6666666666667,0.3333333333333333,1.0,4700.0,4700.0,2
PH005601,AC002300,0,1,1,0,0,19.0,0.0,0.0,1.0,0.0,22.105263157894736,39.78947368421053,303.0,0.7894736842105263,0.05263157894736842,1.0,1.0,10.320613425925925,80.29037037037037,0.0,2.0,0.0,0.05263157894736842,1.0,115150.0,59,2350.0,0,0,4,2,train,0.32,1,0,1,6.0,2.0,0.0,378.6666666666667,0.3333333333333333,1.0,4700.0,4700.0,2
PH005602,AC002301,3,0,1,0,0,4.0,0.0,0.0,0.0,0.0,15.75,185.25,379.0,0.25,0.0,1.0,1.0,61.026875,62.42078703703704,0.0,0.0,0.0,0.0,1.0,212500.0,101,12500.0,0,1,4,3,train,0.45,0,1,0,2.0,1.0,0.0,584.0,0.5,1.0,50000.0,50000.0,1
PH005603,AC002302,3,0,1,0,0,7.0,0.0,0.0,0.0,0.0,13.857142857142858,62.42857142857143,401.0,0.7142857142857143,0.0,2.0,2.0,57.45086805555555,88.324375,0.0,0.0,0.0,0.0,1.0,74400.0,0,6200.0,1,0,0,0,train,0.66,0,2,1,-1.0,-1.0,-1.0,-1.0,-1.0,1.0,6200.0,6200.0,3
PH005604,AC002302,0,1,0,0,0,-1.0,-1.0,-1.0,-1.0,-1.0,-1.0,-1.0,-1.0,-1.0,-1.0,-1.0,-1.0,-1.0,-1.0,-1.0,-1.0,-1.0,-1.0,-1.0,74400.0,0,6200.0,1,0,0,0,train,0.66,0,2,1,-1.0,-1.0,-1.0,-1.0,-1.0,1.0,6200.0,6200.0,3
PH005605,AC002302,4,2,0,0,0,-1.0,-1.0,-1.0,-1.0,-1.0,-1.0,-1.0,-1.0,-1.0,-1.0,-1.0,-1.0,-1.0,-1.0,-1.0,-1.0,-1.0,-1.0,-1.0,74400.0,0,6200.0,1,0,0,0,train,0.66,0,2,1,-1.0,-1.0,-1.0,-1.0,-1.0,1.0,6200.0,6200.0,3
PH005606,AC002303,3,0,0,0,0,8.0,0.0,0.0,0.0,0.0,29.25,0.0,0.0,1.0,0.0,1.0,1.0,75.28283564814815,88.3313888888889,0.0,0.0,0.0,0.0,0.0,90300.0,57,2100.0,0,2,1,0,train,-1.0,2,1,1,6.0,3.0,1.0,696.1666666666666,0.5,-1.0,-1.0,-1.0,3
PH005607,AC002303,0,1,1,0,0,21.0,0.0,0.0,3.0,0.0,23.0,68.71428571428571,365.0,0.6666666666666666,0.14285714285714285,1.0,1.0,16.01755787037037,73.41134259259259,0.0,4.0,0.0,0.14285714285714285,1.0,90300.0,57,2100.0,0,2,1,0,train,-1.0,2,1,1,6.0,3.0,1.0,696.1666666666666,0.5,-1.0,-1.0,-1.0,3
PH000478,AC002303,2,2,0,0,0,-1.0,-1.0,-1.0,-1.0,-1.0,-1.0,-1.0,-1.0,-1.0,-1.0,-1.0,-1.0,-1.0,-1.0,-1.0,-1.0,-1.0,-1.0,-1.0,90300.0,57,2100.0,0,2,1,0,train,-1.0,2,1,1,6.0,3.0,1.0,696.1666666666666,0.5,-1.0,-1.0,-1.0,3
PH005608,AC002304,3,0,1,0,0,11.0,0.0,0.0,0.0,0.0,26.363636363636363,36.54545454545455,202.0,0.8181818181818182,0.0,1.0,1.0,52.25886574074074,86.34063657407407,0.0,0.0,0.0,0.0,1.0,122100.0,286,3300.0,0,1,4,3,train,0.51,1,2,1,4.0,2.0,1.0,448.5,0.5,1.0,17800.0,17800.0,2
PH005609,AC002304,0,1,1,0,0,14.0,0.0,0.0,3.0,0.0,18.357142857142858,28.285714285714285,212.0,0.7142857142857143,0.21428571428571427,1.0,1.0,1.4384722222222222,51.259675925925926,1.0,6.0,0.0,0.21428571428571427,1.0,122100.0,286,3300.0,0,1,4,3,train,0.51,1,2,1,4.0,2.0,1.0,448.5,0.5,1.0,17800.0,17800.0,2
PH005614,AC002306,3,0,1,0,0,9.0,0.0,0.0,2.0,0.0,23.77777777777778,7.111111111111111,64.0,0.8888888888888888,0.2222222222222222,1.0,1.0,80.07461805555556,88.37744212962963,0.0,0.0,0.0,0.2222222222222222,1.0,510400.0,52,15950.0,0,3,2,1,train,0.47,2,1,1,-1.0,-1.0,-1.0,-1.0,-1.0,1.0,31900.0,31900.0,4
PH005615,AC002306,0,1,0,0,0,-1.0,-1.0,-1.0,-1.0,-1.0,-1.0,-1.0,-1.0,-1.0,-1.0,-1.0,-1.0,-1.0,-1.0,-1.0,-1.0,-1.0,-1.0,-1.0,510400.0,52,15950.0,0,3,2,1,train,0.47,2,1,1,-1.0,-1.0,-1.0,-1.0,-1.0,1.0,31900.0,31900.0,4
PH000504,AC002306,2,2,0,0,0,-1.0,-1.0,-1.0,-1.0,-1.0,-1.0,-1.0,-1.0,-1.0,-1.0,-1.0,-1.0,-1.0,-1.0,-1.0,-1.0,-1.0,-1.0,-1.0,510400.0,52,15950.0,0,3,2,1,train,0.47,2,1,1,-1.0,-1.0,-1.0,-1.0,-1.0,1.0,31900.0,31900.0,4
PH005616,AC002306,4,3,0,0,0,-1.0,-1.0,-1.0,-1.0,-1.0,-1.0,-1.0,-1.0,-1.0,-1.0,-1.0,-1.0,-1.0,-1.0,-1.0,-1.0,-1.0,-1.0,-1.0,510400.0,52,15950.0,0,3,2,1,train,0.47,2,1,1,-1.0,-1.0,-1.0,-1.0,-1.0,1.0,31900.0,31900.0,4
PH005617,AC002307,3,0,1,0,0,12.0,0.0,0.0,0.0,0.0,21.25,6.416666666666667,49.0,0.8333333333333334,0.0,2.0,2.0,7.264282407407407,87.32530092592593,0.0,2.0,0.0,0.0,1.0,178200.0,4,9900.0,0,1,2,1,train,0.69,0,1,0,-1.0,-1.0,-1.0,-1.0,-1.0,1.0,4700.0,4700.0,2
PH005618,AC002307,0,1,1,0,0,12.0,0.0,0.0,1.0,0.0,22.833333333333332,62.916666666666664,280.0,0.5833333333333334,0.08333333333333333,2.0,2.0,9.382615740740741,84.36457175925926,0.0,2.0,1.0,0.08333333333333333,1.0,178200.0,4,9900.0,0,1,2,1,train,0.69,0,1,0,-1.0,-1.0,-1.0,-1.0,-1.0,1.0,4700.0,4700.0,2
PH005619,AC002308,3,0,1,0,0,17.0,1.0,0.0,1.0,0.0,24.705882352941178,13.882352941176471,171.0,0.8235294117647058,0.058823529411764705,1.0,1.0,0.38828703703703704,81.4164699074074,1.0,7.0,1.0,0.11764705882352941,1.0,155100.0,251,4700.0,0,5,6,4,train,0.09,1,1,1,9.0,1.0,4.0,280.8888888888889,0.1111111111111111,-1.0,-1.0,-1.0,2
PH005620,AC002308,4,1,0,0,0,8.0,0.0,0.0,1.0,0.0,20.75,42.375,126.0,0.5,0.125,1.0,1.0,36.28834490740741,63.30795138888889,0.0,0.0,1.0,0.125,1.0,155100.0,251,4700.0,0,5,6,4,train,0.09,1,1,1,9.0,1.0,4.0,280.8888888888889,0.1111111111111111,-1.0,-1.0,-1.0,2
PH005621,AC002309,3,0,1,0,0,2.0,0.0,0.0,0.0,0.0,27.5,20.0,40.0,0.5,0.0,1.0,1.0,81.32418981481482,88.41642361111111,0.0,0.0,0.0,0.0,1.0,103400.0,15,2350.0,1,1,1,0,train,-1.0,5,2,1,-1.0,-1.0,-1.0,-1.0,-1.0,1.0,2350.0,2350.0,2
PH005622,AC002309,1,1,0,0,0,-1.0,-1.0,-1.0,-1.0,-1.0,-1.0,-1.0,-1.0,-1.0,-1.0,-1.0,-1.0,-1.0,-1.0,-1.0,-1.0,-1.0,-1.0,-1.0,103400.0,15,2350.0,1,1,1,0,train,-1.0,5,2,1,-1.0,-1.0,-1.0,-1.0,-1.0,1.0,2350.0,2350.0,2
PH005623,AC002310,3,0,0,0,0,-1.0,-1.0,-1.0,-1.0,-1.0,-1.0,-1.0,-1.0,-1.0,-1.0,-1.0,-1.0,-1.0,-1.0,-1.0,-1.0,-1.0,-1.0,-1.0,87150.0,5,4150.0,0,3,0,0,train,0.0,1,2,1,-1.0,-1.0,-1.0,-1.0,-1.0,1.0,4150.0,4150.0,2
PH005624,AC002310,4,1,0,0,0,-1.0,-1.0,-1.0,-1.0,-1.0,-1.0,-1.0,-1.0,-1.0,-1.0,-1.0,-1.0,-1.0,-1.0,-1.0,-1.0,-1.0,-1.0,-1.0,87150.0,5,4150.0,0,3,0,0,train,0.0,1,2,1,-1.0,-1.0,-1.0,-1.0,-1.0,1.0,4150.0,4150.0,2
PH005625,AC002311,3,0,1,0,0,23.0,0.0,0.0,2.0,0.0,22.869565217391305,38.608695652173914,229.0,0.6521739130434783,0.08695652173913043,2.0,2.0,18.32957175925926,81.42856481481482,0.0,8.0,1.0,0.08695652173913043,1.0,118800.0,0,3600.0,1,2,0,0,train,0.53,2,1,1,1.0,0.0,0.0,71.0,0.0,1.0,3600.0,3600.0,4
PH005626,AC002311,0,1,0,0,0,-1.0,-1.0,-1.0,-1.0,-1.0,-1.0,-1.0,-1.0,-1.0,-1.0,-1.0,-1.0,-1.0,-1.0,-1.0,-1.0,-1.0,-1.0,-1.0,118800.0,0,3600.0,1,2,0,0,train,0.53,2,1,1,1.0,0.0,0.0,71.0,0.0,1.0,3600.0,3600.0,4
PH005627,AC002311,1,2,0,0,0,-1.0,-1.0,-1.0,-1.0,-1.0,-1.0,-1.0,-1.0,-1.0,-1.0,-1.0,-1.0,-1.0,-1.0,-1.0,-1.0,-1.0,-1.0,-1.0,118800.0,0,3600.0,1,2,0,0,train,0.53,2,1,1,1.0,0.0,0.0,71.0,0.0,1.0,3600.0,3600.0,4
PH005628,AC002311,4,3,0,0,0,-1.0,-1.0,-1.0,-1.0,-1.0,-1.0,-1.0,-1.0,-1.0,-1.0,-1.0,-1.0,-1.0,-1.0,-1.0,-1.0,-1.0,-1.0,-1.0,118800.0,0,3600.0,1,2,0,0,train,0.53,2,1,1,1.0,0.0,0.0,71.0,0.0,1.0,3600.0,3600.0,4
PH005629,AC002312,3,0,0,0,0,8.0,0.0,0.0,0.0,0.0,27.5,0.0,0.0,1.0,0.0,1.0,1.0,69.15320601851852,87.33854166666667,0.0,0.0,0.0,0.0,0.0,494500.0,45,10750.0,1,2,0,0,train,0.71,4,2,1,6.0,1.0,0.0,378.6666666666667,0.16666666666666666,1.0,6000.0,6000.0,2
PH005630,AC002312,0,1,1,0,0,28.0,0.0,0.0,0.0,0.0,25.357142857142858,72.28571428571429,356.0,0.6071428571428571,0.0,1.0,1.0,1.029074074074074,67.26017361111111,4.0,6.0,0.0,0.0,1.0,494500.0,45,10750.0,1,2,0,0,train,0.71,4,2,1,6.0,1.0,0.0,378.6666666666667,0.16666666666666666,1.0,6000.0,6000.0,2
PH005631,AC002313,3,0,1,0,0,13.0,0.0,0.0,2.0,0.0,25.615384615384617,46.84615384615385,290.0,0.7692307692307693,0.15384615384615385,1.0,1.0,48.39540509259259,87.43827546296296,0.0,0.0,0.0,0.15384615384615385,1.0,817200.0,40,22700.0,0,5,5,4,train,0.47,4,2,1,2.0,0.0,2.0,134.5,0.0,1.0,45400.0,45400.0,2
PH005632,AC002313,4,1,0,0,0,8.0,1.0,0.0,0.0,0.0,23.125,44.875,149.0,0.5,0.0,1.0,1.0,50.22480324074074,65.28675925925926,0.0,0.0,1.0,0.125,1.0,817200.0,40,22700.0,0,5,5,4,train,0.47,4,2,1,2.0,0.0,2.0,134.5,0.0,1.0,45400.0,45400.0,2
PH005633,AC002314,3,0,1,0,0,14.0,0.0,0.0,2.0,0.0,22.642857142857142,60.642857142857146,351.0,0.6428571428571429,0.14285714285714285,1.0,1.0,39.40724537037037,86.40222222222222,0.0,0.0,1.0,0.14285714285714285,1.0,105600.0,282,3300.0,0,0,3,2,train,0.0,1,1,1,5.0,0.0,3.0,129.2,0.0,1.0,33000.0,33000.0,2
PH005634,AC002314,1,1,0,0,0,-1.0,-1.0,-1.0,-1.0,-1.0,-1.0,-1.0,-1.0,-1.0,-1.0,-1.0,-1.0,-1.0,-1.0,-1.0,-1.0,-1.0,-1.0,-1.0,105600.0,282,3300.0,0,0,3,2,train,0.0,1,1,1,5.0,0.0,3.0,129.2,0.0,1.0,33000.0,33000.0,2
PH005635,AC002315,3,0,1,0,0,6.0,0.0,0.0,0.0,0.0,34.0,10.0,60.0,0.8333333333333334,0.0,1.0,1.0,75.0085300925926,87.27663194444445,0.0,0.0,0.0,0.0,1.0,508800.0,47,10600.0,2,2,3,1,train,0.64,0,1,1,-1.0,-1.0,-1.0,-1.0,-1.0,1.0,21200.0,21200.0,3
PH005636,AC002315,0,1,0,0,0,-1.0,-1.0,-1.0,-1.0,-1.0,-1.0,-1.0,-1.0,-1.0,-1.0,-1.0,-1.0,-1.0,-1.0,-1.0,-1.0,-1.0,-1.0,-1.0,508800.0,47,10600.0,2,2,3,1,train,0.64,0,1,1,-1.0,-1.0,-1.0,-1.0,-1.0,1.0,21200.0,21200.0,3
PH005637,AC002315,4,2,0,0,0,-1.0,-1.0,-1.0,-1.0,-1.0,-1.0,-1.0,-1.0,-1.0,-1.0,-1.0,-1.0,-1.0,-1.0,-1.0,-1.0,-1.0,-1.0,-1.0,508800.0,47,10600.0,2,2,3,1,train,0.64,0,1,1,-1.0,-1.0,-1.0,-1.0,-1.0,1.0,21200.0,21200.0,3
PH005638,AC002316,3,0,1,0,0,10.0,0.0,0.0,1.0,0.0,26.6,41.5,367.0,0.8,0.1,1.0,1.0,59.32618055555555,89.25075231481482,0.0,0.0,1.0,0.1,1.0,82800.0,586,2300.0,0,0,3,2,train,1.0,5,0,1,3.0,0.0,1.0,274.0,0.0,1.0,27600.0,27600.0,1
PH005639,AC002317,3,0,0,0,0,8.0,0.0,0.0,1.0,0.0,24.125,0.0,0.0,1.0,0.125,1.0,1.0,67.0025,87.4486111111111,0.0,0.0,1.0,0.125,0.0,96000.0,43,4000.0,0,3,2,2,train,0.34,0,2,1,3.0,1.0,0.0,600.0,0.3333333333333333,1.0,3000.0,3000.0,2
PH005640,AC002317,0,1,1,0,0,11.0,0.0,0.0,0.0,0.0,22.545454545454547,45.0,316.0,0.6363636363636364,0.0,1.0,1.0,26.100381944444443,63.38644675925926,0.0,2.0,0.0,0.0,1.0,96000.0,43,4000.0,0,3,2,2,train,0.34,0,2,1,3.0,1.0,0.0,600.0,0.3333333333333333,1.0,3000.0,3000.0,2
PH005641,AC002318,3,0,0,0,0,2.0,0.0,0.0,0.0,2.0,0.0,0.0,0.0,1.0,1.0,1.0,1.0,87.20115740740741,87.3075925925926,0.0,0.0,2.0,0.0,0.0,654500.0,37,19250.0,0,6,0,0,train,0.0,4,2,1,5.0,3.0,1.0,617.2,0.6,-1.0,-1.0,-1.0,2
PH005649,AC002323,3,0,0,0,1,29.0,0.0,12.0,17.0,0.0,0.0,0.0,0.0,1.0,1.0,2.0,2.0,26.276828703703703,79.35643518518519,0.0,4.0,5.0,1.0,0.0,31500.0,18,2100.0,0,4,1,1,train,0.01,5,2,1,1.0,1.0,0.0,671.0,1.0,1.0,2100.0,2100.0,1
PH005650,AC002324,3,0,0,0,0,13.0,0.0,0.0,3.0,0.0,29.076923076923077,0.0,0.0,1.0,0.23076923076923078,1.0,1.0,4.407997685185185,88.39734953703703,2.0,5.0,0.0,0.23076923076923078,0.0,93600.0,38,2600.0,0,0,1,0,train,0.34,1,0,1,1.0,0.0,0.0,521.0,0.0,1.0,1900.0,1900.0,3
PH005651,AC002324,0,1,0,0,0,8.0,0.0,0.0,0.0,0.0,36.375,0.0,0.0,1.0,0.0,1.0,1.0,64.31574074074074,76.34607638888889,0.0,0.0,0.0,0.0,0.0,93600.0,38,2600.0,0,0,1,0,train,0.34,1,0,1,1.0,0.0,0.0,521.0,0.0,1.0,1900.0,1900.0,3
PH005652,AC002324,4,2,1,0,0,17.0,0.0,0.0,3.0,0.0,14.529411764705882,47.705882352941174,137.0,0.47058823529411764,0.17647058823529413,1.0,1.0,18.349965277777777,64.11778935185185,0.0,5.0,1.0,0.17647058823529413,1.0,93600.0,38,2600.0,0,0,1,0,train,0.34,1,0,1,1.0,0.0,0.0,521.0,0.0,1.0,1900.0,1900.0,3
PH005653,AC002325,3,0,0,0,0,8.0,0.0,8.0,0.0,0.0,0.0,0.0,0.0,1.0,1.0,2.0,2.0,60.38608796296296,74.41255787037036,0.0,0.0,5.0,1.0,0.0,121800.0,12,2900.0,1,2,1,0,train,-1.0,2,1,1,3.0,1.0,1.0,539.6666666666666,0.3333333333333333,-1.0,-1.0,-1.0,4
PH005654,AC002325,0,1,0,0,0,8.0,0.0,0.0,0.0,0.0,35.75,0.0,0.0,1.0,0.0,1.0,1.0,19.38258101851852,60.01864583333333,0.0,5.0,0.0,0.0,0.0,121800.0,12,2900.0,1,2,1,0,train,-1.0,2,1,1,3.0,1.0,1.0,539.6666666666666,0.3333333333333333,-1.0,-1.0,-1.0,4
PH005655,AC002325,1,2,1,0,0,6.0,0.0,0.0,0.0,0.0,20.166666666666668,48.166666666666664,250.0,0.6666666666666666,0.0,1.0,1.0,10.121550925925925,19.04488425925926,0.0,6.0,0.0,0.0,1.0,121800.0,12,2900.0,1,2,1,0,train,-1.0,2,1,1,3.0,1.0,1.0,539.6666666666666,0.3333333333333333,-1.0,-1.0,-1.0,4
PH000261,AC002325,2,3,0,0,0,-1.0,-1.0,-1.0,-1.0,-1.0,-1.0,-1.0,-1.0,-1.0,-1.0,-1.0,-1.0,-1.0,-1.0,-1.0,-1.0,-1.0,-1.0,-1.0,121800.0,12,2900.0,1,2,1,0,train,-1.0,2,1,1,3.0,1.0,1.0,539.6666666666666,0.3333333333333333,-1.0,-1.0,-1.0,4
PH005656,AC002326,3,0,0,0,0,4.0,2.0,0.0,0.0,0.0,21.5,8.0,20.0,0.5,0.0,2.0,2.0,80.37153935185185,89.31788194444445,0.0,0.0,2.0,0.5,1.0,78000.0,19,5200.0,1,1,2,2,train,0.69,2,1,1,-1.0,-1.0,-1.0,-1.0,-1.0,-1.0,-1.0,-1.0,2
PH005657,AC002327,3,0,1,0,0,33.0,0.0,0.0,4.0,0.0,24.151515151515152,49.121212121212125,304.0,0.696969696969697,0.12121212121212122,2.0,2.0,0.40770833333333334,89.29456018518519,5.0,14.0,3.0,0.12121212121212122,1.0,22800.0,9,1200.0,1,3,0,0,train,0.6,2,1,1,3.0,0.0,1.0,131.33333333333334,0.0,1.0,1200.0,1200.0,3
PH005658,AC002327,0,1,0,0,0,-1.0,-1.0,-1.0,-1.0,-1.0,-1.0,-1.0,-1.0,-1.0,-1.0,-1.0,-1.0,-1.0,-1.0,-1.0,-1.0,-1.0,-1.0,-1.0,22800.0,9,1200.0,1,3,0,0,train,0.6,2,1,1,3.0,0.0,1.0,131.33333333333334,0.0,1.0,1200.0,1200.0,3
PH005659,AC002327,4,2,0,0,0,-1.0,-1.0,-1.0,-1.0,-1.0,-1.0,-1.0,-1.0,-1.0,-1.0,-1.0,-1.0,-1.0,-1.0,-1.0,-1.0,-1.0,-1.0,-1.0,22800.0,9,1200.0,1,3,0,0,train,0.6,2,1,1,3.0,0.0,1.0,131.33333333333334,0.0,1.0,1200.0,1200.0,3
PH005660,AC002328,3,0,1,0,0,8.0,0.0,0.0,0.0,0.0,22.625,96.625,354.0,0.5,0.0,2.0,2.0,62.03199074074074,82.4167361111111,0.0,0.0,0.0,0.0,1.0,187850.0,0,14450.0,2,0,1,1,train,0.7,5,2,1,-1.0,-1.0,-1.0,-1.0,-1.0,1.0,14450.0,14450.0,2
PH005661,AC002328,1,1,0,0,0,-1.0,-1.0,-1.0,-1.0,-1.0,-1.0,-1.0,-1.0,-1.0,-1.0,-1.0,-1.0,-1.0,-1.0,-1.0,-1.0,-1.0,-1.0,-1.0,187850.0,0,14450.0,2,0,1,1,train,0.7,5,2,1,-1.0,-1.0,-1.0,-1.0,-1.0,1.0,14450.0,14450.0,2
PH005662,AC002329,3,0,1,0,0,26.0,0.0,0.0,0.0,0.0,22.384615384615383,1.6923076923076923,44.0,0.9615384615384616,0.0,1.0,1.0,6.284699074074074,80.2840162037037,1.0,13.0,0.0,0.0,1.0,218900.0,12,19900.0,1,6,3,1,train,0.64,4,2,1,2.0,0.0,1.0,221.5,0.0,-1.0,-1.0,-1.0,2
PH005663,AC002329,1,1,0,0,0,6.0,2.0,0.0,1.0,0.0,24.833333333333332,8.333333333333334,30.0,0.6666666666666666,0.16666666666666666,1.0,1.0,33.417881944444446,40.15103009259259,0.0,0.0,2.0,0.5,1.0,218900.0,12,19900.0,1,6,3,1,train,0.64,4,2,1,2.0,0.0,1.0,221.5,0.0,-1.0,-1.0,-1.0,2
PH005664,AC002330,3,0,1,0,0,18.0,0.0,0.0,0.0,0.0,28.666666666666668,13.555555555555555,143.0,0.8333333333333334,0.0,1.0,1.0,0.40802083333333333,88.3718287037037,2.0,7.0,0.0,0.0,1.0,85200.0,283,3550.0,0,2,6,6,train,-1.0,1,2,1,4.0,2.0,0.0,497.75,0.5,2.0,24100.0,12050.0,3
PH005665,AC002330,1,1,0,0,0,-1.0,-1.0,-1.0,-1.0,-1.0,-1.0,-1.0,-1.0,-1.0,-1.0,-1.0,-1.0,-1.0,-1.0,-1.0,-1.0,-1.0,-1.0,-1.0,85200.0,283,3550.0,0,2,6,6,train,-1.0,1,2,1,4.0,2.0,0.0,497.75,0.5,2.0,24100.0,12050.0,3
PH005666,AC002330,4,2,0,0,0,-1.0,-1.0,-1.0,-1.0,-1.0,-1.0,-1.0,-1.0,-1.0,-1.0,-1.0,-1.0,-1.0,-1.0,-1.0,-1.0,-1.0,-1.0,-1.0,85200.0,283,3550.0,0,2,6,6,train,-1.0,1,2,1,4.0,2.0,0.0,497.75,0.5,2.0,24100.0,12050.0,3
PH005667,AC002331,3,0,0,0,0,2.0,0.0,0.0,0.0,2.0,0.0,0.0,0.0,1.0,1.0,1.0,1.0,67.43644675925925,73.28277777777778,0.0,0.0,2.0,0.0,0.0,1182850.0,89,28850.0,0,3,0,0,train,-1.0,5,2,1,6.0,1.0,4.0,286.0,0.16666666666666666,1.0,25500.0,25500.0,3
PH005668,AC002331,0,1,0,0,0,9.0,2.0,0.0,0.0,0.0,30.555555555555557,5.0,33.0,0.7777777777777778,0.0,1.0,1.0,33.13179398148148,54.44700231481482,0.0,0.0,1.0,0.2222222222222222,1.0,1182850.0,89,28850.0,0,3,0,0,train,-1.0,5,2,1,6.0,1.0,4.0,286.0,0.16666666666666666,1.0,25500.0,25500.0,3
PH005671,AC002333,3,0,1,0,0,13.0,0.0,0.0,1.0,0.0,21.0,19.23076923076923,198.0,0.8461538461538461,0.07692307692307693,2.0,2.0,35.31262731481481,86.45195601851852,0.0,0.0,0.0,0.07692307692307693,1.0,65800.0,0,1400.0,1,4,0,0,train,-1.0,5,2,1,-1.0,-1.0,-1.0,-1.0,-1.0,2.0,1200.0,600.0,2
PH005672,AC002333,4,1,1,0,0,13.0,0.0,0.0,1.0,0.0,28.76923076923077,19.076923076923077,119.0,0.6923076923076923,0.07692307692307693,1.0,1.0,2.036261574074074,35.06553240740741,6.0,11.0,1.0,0.07692307692307693,1.0,65800.0,0,1400.0,1,4,0,0,train,-1.0,5,2,1,-1.0,-1.0,-1.0,-1.0,-1.0,2.0,1200.0,600.0,2
PH005675,AC002335,3,0,0,0,0,3.0,0.0,0.0,0.0,0.0,24.666666666666668,0.0,0.0,1.0,0.0,1.0,1.0,82.3245949074074,87.42675925925926,0.0,0.0,0.0,0.0,0.0,122850.0,5,3150.0,1,2,1,0,train,-1.0,0,1,1,-1.0,-1.0,-1.0,-1.0,-1.0,1.0,3150.0,3150.0,3
PH005676,AC002335,1,1,0,0,0,-1.0,-1.0,-1.0,-1.0,-1.0,-1.0,-1.0,-1.0,-1.0,-1.0,-1.0,-1.0,-1.0,-1.0,-1.0,-1.0,-1.0,-1.0,-1.0,122850.0,5,3150.0,1,2,1,0,train,-1.0,0,1,1,-1.0,-1.0,-1.0,-1.0,-1.0,1.0,3150.0,3150.0,3
PH005677,AC002335,4,2,0,0,0,-1.0,-1.0,-1.0,-1.0,-1.0,-1.0,-1.0,-1.0,-1.0,-1.0,-1.0,-1.0,-1.0,-1.0,-1.0,-1.0,-1.0,-1.0,-1.0,122850.0,5,3150.0,1,2,1,0,train,-1.0,0,1,1,-1.0,-1.0,-1.0,-1.0,-1.0,1.0,3150.0,3150.0,3
PH000067,AC002336,3,0,1,0,0,15.0,0.0,0.0,1.0,0.0,22.533333333333335,35.333333333333336,135.0,0.5333333333333333,0.06666666666666667,1.0,1.0,5.362789351851852,89.31917824074074,2.0,7.0,0.0,0.06666666666666667,1.0,161000.0,149,4600.0,0,1,4,2,train,0.47,5,1,1,9.0,5.0,2.0,454.22222222222223,0.5555555555555556,1.0,9500.0,9500.0,3
PH000258,AC002336,2,1,0,0,0,8.0,0.0,0.0,2.0,0.0,12.5,73.625,144.0,0.375,0.25,1.0,1.0,45.25023148148148,65.14908564814814,0.0,0.0,1.0,0.25,1.0,161000.0,149,4600.0,0,1,4,2,train,0.47,5,1,1,9.0,5.0,2.0,454.22222222222223,0.5555555555555556,1.0,9500.0,9500.0,3
PH005678,AC002336,4,2,0,0,0,9.0,2.0,0.0,0.0,0.0,23.555555555555557,45.333333333333336,116.0,0.3333333333333333,0.0,1.0,1.0,21.146967592592592,45.183055555555555,0.0,4.0,0.0,0.2222222222222222,1.0,161000.0,149,4600.0,0,1,4,2,train,0.47,5,1,1,9.0,5.0,2.0,454.22222222222223,0.5555555555555556,1.0,9500.0,9500.0,3
PH005679,AC002337,3,0,1,0,0,32.0,1.0,5.0,6.0,0.0,17.4375,36.09375,417.0,0.71875,0.34375,1.0,1.0,6.382916666666667,86.36746527777778,1.0,4.0,3.0,0.375,1.0,242550.0,34,11550.0,0,3,3,1,train,-1.0,0,2,1,1.0,0.0,1.0,87.0,0.0,3.0,21200.0,7066.666666666667,2
PH005680,AC002337,0,1,0,0,0,-1.0,-1.0,-1.0,-1.0,-1.0,-1.0,-1.0,-1.0,-1.0,-1.0,-1.0,-1.0,-1.0,-1.0,-1.0,-1.0,-1.0,-1.0,-1.0,242550.0,34,11550.0,0,3,3,1,train,-1.0,0,2,1,1.0,0.0,1.0,87.0,0.0,3.0,21200.0,7066.666666666667,2
PH005681,AC002338,3,0,1,0,0,20.0,1.0,0.0,1.0,0.0,21.55,60.8,390.0,0.55,0.05,1.0,1.0,25.198067129629628,82.39006944444445,0.0,2.0,2.0,0.1,1.0,99600.0,328,4150.0,0,1,1,1,train,-1.0,0,1,1,6.0,0.0,4.0,150.83333333333334,0.0,2.0,45650.0,22825.0,3
PH005682,AC002338,0,1,0,0,0,-1.0,-1.0,-1.0,-1.0,-1.0,-1.0,-1.0,-1.0,-1.0,-1.0,-1.0,-1.0,-1.0,-1.0,-1.0,-1.0,-1.0,-1.0,-1.0,99600.0,328,4150.0,0,1,1,1,train,-1.0,0,1,1,6.0,0.0,4.0,150.83333333333334,0.0,2.0,45650.0,22825.0,3
PH005683,AC002338,1,2,0,0,0,-1.0,-1.0,-1.0,-1.0,-1.0,-1.0,-1.0,-1.0,-1.0,-1.0,-1.0,-1.0,-1.0,-1.0,-1.0,-1.0,-1.0,-1.0,-1.0,99600.0,328,4150.0,0,1,1,1,train,-1.0,0,1,1,6.0,0.0,4.0,150.83333333333334,0.0,2.0,45650.0,22825.0,3
PH005684,AC002339,3,0,1,0,0,28.0,0.0,0.0,1.0,0.0,22.821428571428573,58.714285714285715,376.0,0.6785714285714286,0.03571428571428571,2.0,2.0,3.1541087962962964,86.4352199074074,2.0,7.0,0.0,0.03571428571428571,1.0,331800.0,0,23700.0,1,3,1,0,train,0.59,4,2,1,-1.0,-1.0,-1.0,-1.0,-1.0,-1.0,-1.0,-1.0,2
PH005685,AC002339,4,1,0,0,0,5.0,2.0,0.0,0.0,0.0,16.4,65.4,139.0,0.4,0.0,1.0,1.0,24.434178240740742,30.434502314814814,0.0,4.0,2.0,0.4,1.0,331800.0,0,23700.0,1,3,1,0,train,0.59,4,2,1,-1.0,-1.0,-1.0,-1.0,-1.0,-1.0,-1.0,-1.0,2
PH005686,AC002340,3,0,0,0,0,9.0,0.0,0.0,0.0,0.0,19.666666666666668,62.0,146.0,0.3333333333333333,0.0,1.0,1.0,51.44696759259259,82.40503472222223,0.0,0.0,0.0,0.0,1.0,397650.0,168,12050.0,0,1,3,2,train,0.68,0,1,1,7.0,0.0,1.0,207.14285714285714,0.0,-1.0,-1.0,-1.0,3
PH005687,AC002340,0,1,1,0,0,16.0,0.0,0.0,2.0,0.0,23.9375,41.5,335.0,0.75,0.125,1.0,1.0,20.425509259259258,51.232951388888885,0.0,4.0,0.0,0.125,1.0,397650.0,168,12050.0,0,1,3,2,train,0.68,0,1,1,7.0,0.0,1.0,207.14285714285714,0.0,-1.0,-1.0,-1.0,3
PH005688,AC002340,4,2,0,0,0,-1.0,-1.0,-1.0,-1.0,-1.0,-1.0,-1.0,-1.0,-1.0,-1.0,-1.0,-1.0,-1.0,-1.0,-1.0,-1.0,-1.0,-1.0,-1.0,397650.0,168,12050.0,0,1,3,2,train,0.68,0,1,1,7.0,0.0,1.0,207.14285714285714,0.0,-1.0,-1.0,-1.0,3
PH005692,AC002342,3,0,1,0,0,21.0,0.0,7.0,2.0,0.0,12.952380952380953,52.61904761904762,306.0,0.7142857142857143,0.42857142857142855,1.0,1.0,5.442268518518518,87.2537037037037,1.0,2.0,0.0,0.42857142857142855,1.0,235200.0,63,16800.0,0,2,3,3,train,0.53,2,1,1,8.0,2.0,0.0,448.25,0.25,-1.0,-1.0,-1.0,2
PH005693,AC002342,1,1,1,0,0,12.0,0.0,0.0,0.0,0.0,28.583333333333332,19.833333333333332,238.0,0.9166666666666666,0.0,1.0,1.0,10.423379629629629,58.27710648148148,0.0,6.0,0.0,0.0,1.0,235200.0,63,16800.0,0,2,3,3,train,0.53,2,1,1,8.0,2.0,0.0,448.25,0.25,-1.0,-1.0,-1.0,2
PH005696,AC002345,3,0,0,1,0,15.0,1.0,0.0,0.0,0.0,22.4,47.333333333333336,150.0,0.4666666666666667,0.0,2.0,2.0,36.161319444444445,80.3231712962963,0.0,0.0,0.0,0.06666666666666667,1.0,137250.0,0,9150.0,1,3,2,1,train,0.71,0,1,1,-1.0,-1.0,-1.0,-1.0,-1.0,2.0,9150.0,4575.0,2
PH005697,AC002346,3,0,0,0,0,16.0,1.0,0.0,1.0,0.0,26.8125,43.6875,139.0,0.625,0.0625,1.0,1.0,28.445717592592594,89.43820601851851,0.0,1.0,2.0,0.125,1.0,12150.0,55,1350.0,0,4,2,2,train,0.07,5,2,1,4.0,2.0,0.0,467.5,0.5,1.0,900.0,900.0,2
PH005698,AC002346,4,1,1,0,0,17.0,1.0,0.0,1.0,0.0,15.294117647058824,39.64705882352941,127.0,0.47058823529411764,0.058823529411764705,1.0,1.0,2.1853819444444444,76.02711805555556,2.0,8.0,0.0,0.11764705882352941,1.0,12150.0,55,1350.0,0,4,2,2,train,0.07,5,2,1,4.0,2.0,0.0,467.5,0.5,1.0,900.0,900.0,2
PH005705,AC002349,3,0,1,0,0,15.0,0.0,0.0,2.0,0.0,25.533333333333335,9.733333333333333,66.0,0.8,0.13333333333333333,1.0,1.0,44.29122685185185,88.37207175925926,0.0,0.0,0.0,0.13333333333333333,1.0,126400.0,55,3950.0,0,2,1,1,train,0.2,0,1,1,1.0,0.0,1.0,59.0,0.0,1.0,7900.0,7900.0,1
PH005711,AC002353,3,0,1,0,0,3.0,0.0,0.0,0.0,0.0,12.333333333333334,100.66666666666667,234.0,0.0,0.0,1.0,1.0,79.4198263888889,89.2646412037037,0.0,0.0,0.0,0.0,1.0,561600.0,33,23400.0,0,1,2,1,train,0.81,5,2,1,-1.0,-1.0,-1.0,-1.0,-1.0,2.0,46800.0,23400.0,1
PH005712,AC002354,3,0,1,0,0,42.0,1.0,0.0,1.0,0.0,21.261904761904763,46.95238095238095,360.0,0.7380952380952381,0.023809523809523808,2.0,2.0,2.2560532407407408,89.44310185185185,4.0,20.0,0.0,0.047619047619047616,1.0,260400.0,4,8400.0,0,2,1,0,train,0.44,0,1,1,1.0,0.0,0.0,230.0,0.0,1.0,2800.0,2800.0,1
PH005715,AC002356,3,0,1,0,0,1.0,0.0,0.0,0.0,0.0,13.0,26.0,26.0,0.0,0.0,1.0,1.0,89.40773148148148,89.40773148148148,0.0,0.0,0.0,0.0,1.0,257850.0,71,9550.0,1,1,1,0,train,0.73,0,1,1,-1.0,-1.0,-1.0,-1.0,-1.0,1.0,28650.0,28650.0,2
PH005716,AC002356,1,1,0,0,0,-1.0,-1.0,-1.0,-1.0,-1.0,-1.0,-1.0,-1.0,-1.0,-1.0,-1.0,-1.0,-1.0,-1.0,-1.0,-1.0,-1.0,-1.0,-1.0,257850.0,71,9550.0,1,1,1,0,train,0.73,0,1,1,-1.0,-1.0,-1.0,-1.0,-1.0,1.0,28650.0,28650.0,2
PH005717,AC002357,3,0,1,0,0,31.0,0.0,0.0,4.0,0.0,24.032258064516128,65.54838709677419,402.0,0.7096774193548387,0.12903225806451613,1.0,1.0,2.400821759259259,89.41879629629629,4.0,7.0,1.0,0.12903225806451613,1.0,260800.0,58,8150.0,1,0,1,0,train,-1.0,2,1,0,3.0,0.0,1.0,289.0,0.0,2.0,16300.0,8150.0,1
PH005718,AC002358,3,0,1,0,0,9.0,0.0,0.0,1.0,0.0,13.555555555555555,6.111111111111111,55.0,0.8888888888888888,0.1111111111111111,1.0,1.0,68.44322916666667,86.42494212962963,0.0,0.0,0.0,0.1111111111111111,1.0,24750.0,36,2250.0,0,1,2,1,train,0.14,1,1,1,-1.0,-1.0,-1.0,-1.0,-1.0,1.0,4500.0,4500.0,4
PH005719,AC002358,0,1,1,0,0,4.0,0.0,0.0,0.0,0.0,28.75,28.5,67.0,0.5,0.0,1.0,1.0,61.38820601851852,66.44033564814815,0.0,0.0,0.0,0.0,1.0,24750.0,36,2250.0,0,1,2,1,train,0.14,1,1,1,-1.0,-1.0,-1.0,-1.0,-1.0,1.0,4500.0,4500.0,4
PH005720,AC002358,1,2,0,0,0,-1.0,-1.0,-1.0,-1.0,-1.0,-1.0,-1.0,-1.0,-1.0,-1.0,-1.0,-1.0,-1.0,-1.0,-1.0,-1.0,-1.0,-1.0,-1.0,24750.0,36,2250.0,0,1,2,1,train,0.14,1,1,1,-1.0,-1.0,-1.0,-1.0,-1.0,1.0,4500.0,4500.0,4
PH005721,AC002358,4,3,0,0,0,-1.0,-1.0,-1.0,-1.0,-1.0,-1.0,-1.0,-1.0,-1.0,-1.0,-1.0,-1.0,-1.0,-1.0,-1.0,-1.0,-1.0,-1.0,-1.0,24750.0,36,2250.0,0,1,2,1,train,0.14,1,1,1,-1.0,-1.0,-1.0,-1.0,-1.0,1.0,4500.0,4500.0,4
PH005722,AC002359,3,0,0,0,0,30.0,0.0,24.0,6.0,0.0,0.0,0.0,0.0,1.0,1.0,2.0,2.0,26.36898148148148,88.44454861111112,0.0,5.0,5.0,1.0,0.0,247200.0,16,10300.0,1,1,0,0,train,0.62,5,2,1,1.0,0.0,0.0,172.0,0.0,-1.0,-1.0,-1.0,2
PH005723,AC002360,3,0,1,0,0,27.0,0.0,0.0,2.0,0.0,23.37037037037037,28.51851851851852,380.0,0.7407407407407407,0.07407407407407407,2.0,2.0,12.159907407407408,87.44473379629629,0.0,10.0,0.0,0.07407407407407407,1.0,94300.0,8,4100.0,1,0,0,0,train,-1.0,1,1,1,-1.0,-1.0,-1.0,-1.0,-1.0,1.0,1600.0,1600.0,3
PH000520,AC002360,2,1,0,0,0,-1.0,-1.0,-1.0,-1.0,-1.0,-1.0,-1.0,-1.0,-1.0,-1.0,-1.0,-1.0,-1.0,-1.0,-1.0,-1.0,-1.0,-1.0,-1.0,94300.0,8,4100.0,1,0,0,0,train,-1.0,1,1,1,-1.0,-1.0,-1.0,-1.0,-1.0,1.0,1600.0,1600.0,3
PH005724,AC002360,4,2,0,0,0,-1.0,-1.0,-1.0,-1.0,-1.0,-1.0,-1.0,-1.0,-1.0,-1.0,-1.0,-1.0,-1.0,-1.0,-1.0,-1.0,-1.0,-1.0,-1.0,94300.0,8,4100.0,1,0,0,0,train,-1.0,1,1,1,-1.0,-1.0,-1.0,-1.0,-1.0,1.0,1600.0,1600.0,3
PH005725,AC002361,3,0,1,0,0,20.0,0.0,0.0,3.0,0.0,21.1,19.55,391.0,0.95,0.15,1.0,1.0,3.317199074074074,89.4165625,2.0,6.0,1.0,0.15,1.0,26250.0,80,1750.0,0,1,4,1,train,0.5,1,1,1,4.0,0.0,4.0,119.75,0.0,-1.0,-1.0,-1.0,2
PH000393,AC002361,2,1,0,0,0,8.0,1.0,0.0,1.0,0.0,17.875,51.875,127.0,0.5,0.125,1.0,1.0,26.142083333333332,48.3902662037037,0.0,2.0,1.0,0.25,1.0,26250.0,80,1750.0,0,1,4,1,train,0.5,1,1,1,4.0,0.0,4.0,119.75,0.0,-1.0,-1.0,-1.0,2
PH005729,AC002363,3,0,1,0,0,29.0,0.0,0.0,0.0,0.0,25.20689655172414,28.24137931034483,215.0,0.7241379310344828,0.0,2.0,2.0,6.274976851851852,79.4412962962963,1.0,13.0,0.0,0.0,1.0,34650.0,3,4950.0,2,3,0,0,train,0.71,0,1,1,-1.0,-1.0,-1.0,-1.0,-1.0,1.0,2600.0,2600.0,2
PH005730,AC002363,4,1,1,0,0,13.0,0.0,0.0,0.0,0.0,24.153846153846153,32.07692307692308,128.0,0.6923076923076923,0.0,1.0,1.0,38.42804398148148,58.251921296296295,0.0,0.0,0.0,0.0,1.0,34650.0,3,4950.0,2,3,0,0,train,0.71,0,1,1,-1.0,-1.0,-1.0,-1.0,-1.0,1.0,2600.0,2600.0,2
PH005731,AC002364,3,0,0,0,0,15.0,0.0,10.0,5.0,0.0,0.0,0.0,0.0,1.0,1.0,1.0,1.0,58.03453703703704,87.37504629629629,0.0,0.0,5.0,1.0,0.0,348000.0,64,14500.0,0,3,3,2,train,0.34,0,1,1,9.0,0.0,2.0,224.22222222222223,0.0,-1.0,-1.0,-1.0,2
PH005732,AC002365,3,0,0,0,0,15.0,2.0,8.0,0.0,0.0,11.8,4.333333333333333,40.0,0.8666666666666667,0.5333333333333333,1.0,1.0,19.388680555555556,89.38267361111112,0.0,6.0,5.0,0.6666666666666666,1.0,200100.0,79,4350.0,0,1,2,1,train,0.62,5,0,1,8.0,0.0,3.0,244.375,0.0,-1.0,-1.0,-1.0,3
PH005733,AC002365,0,1,1,0,0,13.0,0.0,0.0,2.0,0.0,22.923076923076923,57.76923076923077,378.0,0.8461538461538461,0.15384615384615385,1.0,1.0,38.34569444444445,69.39252314814814,0.0,0.0,0.0,0.15384615384615385,1.0,200100.0,79,4350.0,0,1,2,1,train,0.62,5,0,1,8.0,0.0,3.0,244.375,0.0,-1.0,-1.0,-1.0,3
PH005734,AC002366,3,0,1,0,0,11.0,0.0,0.0,0.0,0.0,19.181818181818183,1.4545454545454546,16.0,0.9090909090909091,0.0,1.0,1.0,58.08032407407408,88.30310185185185,0.0,0.0,0.0,0.0,1.0,551850.0,89,14150.0,0,0,0,0,train,0.48,2,1,1,-1.0,-1.0,-1.0,-1.0,-1.0,-1.0,-1.0,-1.0,3
PH000581,AC002366,2,1,0,0,0,8.0,0.0,0.0,0.0,0.0,14.875,61.375,141.0,0.5,0.0,1.0,1.0,18.284363425925925,57.4131712962963,0.0,2.0,0.0,0.0,1.0,551850.0,89,14150.0,0,0,0,0,train,0.48,2,1,1,-1.0,-1.0,-1.0,-1.0,-1.0,-1.0,-1.0,-1.0,3
PH005735,AC002366,4,2,1,0,0,7.0,0.0,0.0,3.0,0.0,9.857142857142858,47.57142857142857,146.0,0.5714285714285714,0.42857142857142855,1.0,1.0,3.355821759259259,18.176967592592593,3.0,7.0,2.0,0.42857142857142855,1.0,551850.0,89,14150.0,0,0,0,0,train,0.48,2,1,1,-1.0,-1.0,-1.0,-1.0,-1.0,-1.0,-1.0,-1.0,3
PH005740,AC002369,3,0,0,0,0,41.0,1.0,36.0,4.0,0.0,0.0975609756097561,0.1951219512195122,8.0,0.975609756097561,0.975609756097561,1.0,1.0,5.3193171296296295,87.2996412037037,1.0,12.0,5.0,1.0,1.0,70200.0,82,5400.0,0,0,1,0,train,1.0,0,1,1,9.0,1.0,3.0,334.0,0.1111111111111111,-1.0,-1.0,-1.0,1
PH005741,AC002370,3,0,0,0,0,8.0,0.0,0.0,0.0,0.0,26.5,0.0,0.0,1.0,0.0,1.0,1.0,75.26945601851853,87.39715277777778,0.0,0.0,0.0,0.0,0.0,233800.0,57,8350.0,0,1,2,1,train,-1.0,2,1,1,1.0,0.0,1.0,97.0,0.0,1.0,16700.0,16700.0,4
PH005742,AC002370,0,1,1,0,0,2.0,0.0,0.0,0.0,0.0,18.0,26.5,53.0,0.5,0.0,1.0,1.0,74.24747685185186,75.14844907407408,0.0,0.0,0.0,0.0,1.0,233800.0,57,8350.0,0,1,2,1,train,-1.0,2,1,1,1.0,0.0,1.0,97.0,0.0,1.0,16700.0,16700.0,4
PH005743,AC002370,1,2,0,0,0,-1.0,-1.0,-1.0,-1.0,-1.0,-1.0,-1.0,-1.0,-1.0,-1.0,-1.0,-1.0,-1.0,-1.0,-1.0,-1.0,-1.0,-1.0,-1.0,233800.0,57,8350.0,0,1,2,1,train,-1.0,2,1,1,1.0,0.0,1.0,97.0,0.0,1.0,16700.0,16700.0,4
PH005744,AC002370,4,3,0,0,0,-1.0,-1.0,-1.0,-1.0,-1.0,-1.0,-1.0,-1.0,-1.0,-1.0,-1.0,-1.0,-1.0,-1.0,-1.0,-1.0,-1.0,-1.0,-1.0,233800.0,57,8350.0,0,1,2,1,train,-1.0,2,1,1,1.0,0.0,1.0,97.0,0.0,1.0,16700.0,16700.0,4
PH005747,AC002372,3,0,0,0,0,8.0,0.0,0.0,2.0,0.0,24.125,0.0,0.0,1.0,0.25,2.0,2.0,68.4057175925926,89.28623842592593,0.0,0.0,2.0,0.25,0.0,430400.0,28,13450.0,1,2,1,0,train,0.54,0,1,1,1.0,1.0,0.0,792.0,1.0,-1.0,-1.0,-1.0,3
PH005748,AC002372,1,1,1,0,0,6.0,0.0,0.0,0.0,0.0,17.166666666666668,58.333333333333336,321.0,0.6666666666666666,0.0,1.0,1.0,28.405104166666668,68.18332175925926,0.0,1.0,0.0,0.0,1.0,430400.0,28,13450.0,1,2,1,0,train,0.54,0,1,1,1.0,1.0,0.0,792.0,1.0,-1.0,-1.0,-1.0,3
PH005749,AC002372,4,2,0,0,0,-1.0,-1.0,-1.0,-1.0,-1.0,-1.0,-1.0,-1.0,-1.0,-1.0,-1.0,-1.0,-1.0,-1.0,-1.0,-1.0,-1.0,-1.0,-1.0,430400.0,28,13450.0,1,2,1,0,train,0.54,0,1,1,1.0,1.0,0.0,792.0,1.0,-1.0,-1.0,-1.0,3
PH005752,AC002375,3,0,0,0,0,2.0,2.0,0.0,0.0,0.0,7.0,12.0,15.0,0.0,0.0,1.0,1.0,88.09756944444445,88.28962962962963,0.0,0.0,2.0,1.0,1.0,125800.0,99,3400.0,0,2,2,1,train,0.81,5,0,1,-1.0,-1.0,-1.0,-1.0,-1.0,-1.0,-1.0,-1.0,3
PH005753,AC002375,4,1,0,0,0,13.0,0.0,0.0,1.0,0.0,21.23076923076923,40.46153846153846,136.0,0.6153846153846154,0.07692307692307693,1.0,1.0,47.42469907407408,83.41010416666667,0.0,0.0,0.0,0.07692307692307693,1.0,125800.0,99,3400.0,0,2,2,1,train,0.81,5,0,1,-1.0,-1.0,-1.0,-1.0,-1.0,-1.0,-1.0,-1.0,3
PH005754,AC002376,3,0,0,0,0,8.0,0.0,7.0,1.0,0.0,0.0,0.0,0.0,1.0,1.0,2.0,2.0,60.29959490740741,88.37665509259259,0.0,0.0,5.0,1.0,0.0,132800.0,17,4150.0,1,0,3,1,train,0.99,2,1,1,-1.0,-1.0,-1.0,-1.0,-1.0,1.0,4150.0,4150.0,3
PH005755,AC002376,1,1,1,0,0,15.0,0.0,0.0,1.0,0.0,24.533333333333335,8.933333333333334,55.0,0.8,0.06666666666666667,1.0,1.0,23.379988425925927,59.26119212962963,0.0,2.0,0.0,0.06666666666666667,1.0,132800.0,17,4150.0,1,0,3,1,train,0.99,2,1,1,-1.0,-1.0,-1.0,-1.0,-1.0,1.0,4150.0,4150.0,3
PH005756,AC002376,4,2,0,0,0,-1.0,-1.0,-1.0,-1.0,-1.0,-1.0,-1.0,-1.0,-1.0,-1.0,-1.0,-1.0,-1.0,-1.0,-1.0,-1.0,-1.0,-1.0,-1.0,132800.0,17,4150.0,1,0,3,1,train,0.99,2,1,1,-1.0,-1.0,-1.0,-1.0,-1.0,1.0,4150.0,4150.0,3
PH005757,AC002377,3,0,1,0,0,5.0,0.0,0.0,0.0,0.0,25.8,55.0,231.0,0.6,0.0,2.0,2.0,68.35123842592593,84.43511574074074,0.0,0.0,0.0,0.0,1.0,103500.0,16,4500.0,3,5,0,0,train,-1.0,1,2,0,-1.0,-1.0,-1.0,-1.0,-1.0,1.0,4500.0,4500.0,2
PH005758,AC002377,1,1,0,0,0,4.0,2.0,0.0,0.0,0.0,27.5,8.25,19.0,0.5,0.0,2.0,2.0,69.35628472222223,82.24900462962962,0.0,0.0,2.0,0.5,1.0,103500.0,16,4500.0,3,5,0,0,train,-1.0,1,2,0,-1.0,-1.0,-1.0,-1.0,-1.0,1.0,4500.0,4500.0,2
PH005759,AC002378,3,0,1,0,0,11.0,0.0,0.0,0.0,0.0,29.454545454545453,51.90909090909091,336.0,0.8181818181818182,0.0,1.0,1.0,2.2863657407407407,80.45224537037036,2.0,4.0,0.0,0.0,1.0,21850.0,249,950.0,0,1,0,0,train,0.28,5,0,1,9.0,0.0,0.0,225.22222222222223,0.0,1.0,1500.0,1500.0,3
PH005760,AC002378,1,1,0,0,0,-1.0,-1.0,-1.0,-1.0,-1.0,-1.0,-1.0,-1.0,-1.0,-1.0,-1.0,-1.0,-1.0,-1.0,-1.0,-1.0,-1.0,-1.0,-1.0,21850.0,249,950.0,0,1,0,0,train,0.28,5,0,1,9.0,0.0,0.0,225.22222222222223,0.0,1.0,1500.0,1500.0,3
PH005761,AC002378,4,2,0,0,0,-1.0,-1.0,-1.0,-1.0,-1.0,-1.0,-1.0,-1.0,-1.0,-1.0,-1.0,-1.0,-1.0,-1.0,-1.0,-1.0,-1.0,-1.0,-1.0,21850.0,249,950.0,0,1,0,0,train,0.28,5,0,1,9.0,0.0,0.0,225.22222222222223,0.0,1.0,1500.0,1500.0,3
PH005762,AC002379,3,0,0,0,0,10.0,0.0,0.0,0.0,0.0,22.1,56.2,146.0,0.5,0.0,2.0,2.0,61.31188657407407,88.33644675925926,0.0,0.0,0.0,0.0,1.0,216000.0,15,10800.0,2,1,1,0,train,0.88,0,2,1,-1.0,-1.0,-1.0,-1.0,-1.0,1.0,10800.0,10800.0,1
PH005766,AC002381,3,0,0,0,0,12.0,0.0,1.0,2.0,0.0,17.083333333333332,0.0,0.0,1.0,0.25,1.0,1.0,0.2528472222222222,82.29126157407407,1.0,4.0,0.0,0.25,0.0,546000.0,144,10500.0,0,2,3,1,train,0.46,0,1,1,9.0,2.0,1.0,334.77777777777777,0.2222222222222222,-1.0,-1.0,-1.0,3
PH005767,AC002381,0,1,1,0,0,13.0,0.0,0.0,0.0,0.0,25.153846153846153,33.07692307692308,210.0,0.7692307692307693,0.0,1.0,1.0,22.266145833333333,54.37453703703704,0.0,2.0,0.0,0.0,1.0,546000.0,144,10500.0,0,2,3,1,train,0.46,0,1,1,9.0,2.0,1.0,334.77777777777777,0.2222222222222222,-1.0,-1.0,-1.0,3
PH005768,AC002381,1,2,0,0,0,5.0,2.0,0.0,0.0,0.0,19.4,14.6,40.0,0.6,0.0,1.0,1.0,10.418425925925925,20.364907407407408,0.0,5.0,2.0,0.4,1.0,546000.0,144,10500.0,0,2,3,1,train,0.46,0,1,1,9.0,2.0,1.0,334.77777777777777,0.2222222222222222,-1.0,-1.0,-1.0,3
PH005770,AC002383,3,0,1,0,0,19.0,0.0,0.0,1.0,0.0,28.263157894736842,57.31578947368421,320.0,0.6842105263157895,0.05263157894736842,1.0,1.0,39.335081018518515,89.26369212962963,0.0,0.0,1.0,0.05263157894736842,1.0,24700.0,63,1900.0,0,5,2,2,train,0.41,5,2,1,-1.0,-1.0,-1.0,-1.0,-1.0,1.0,5700.0,5700.0,3
PH005771,AC002383,1,1,0,0,0,-1.0,-1.0,-1.0,-1.0,-1.0,-1.0,-1.0,-1.0,-1.0,-1.0,-1.0,-1.0,-1.0,-1.0,-1.0,-1.0,-1.0,-1.0,-1.0,24700.0,63,1900.0,0,5,2,2,train,0.41,5,2,1,-1.0,-1.0,-1.0,-1.0,-1.0,1.0,5700.0,5700.0,3
PH005772,AC002383,4,2,0,0,0,-1.0,-1.0,-1.0,-1.0,-1.0,-1.0,-1.0,-1.0,-1.0,-1.0,-1.0,-1.0,-1.0,-1.0,-1.0,-1.0,-1.0,-1.0,-1.0,24700.0,63,1900.0,0,5,2,2,train,0.41,5,2,1,-1.0,-1.0,-1.0,-1.0,-1.0,1.0,5700.0,5700.0,3
PH005776,AC002385,3,0,1,0,0,14.0,1.0,4.0,0.0,0.0,18.785714285714285,61.857142857142854,408.0,0.7857142857142857,0.2857142857142857,1.0,1.0,67.39241898148148,89.26263888888889,0.0,0.0,0.0,0.35714285714285715,1.0,126000.0,54,3000.0,0,2,1,1,train,0.48,1,1,1,1.0,0.0,0.0,181.0,0.0,1.0,3600.0,3600.0,4
PH005777,AC002385,1,1,1,0,0,12.0,0.0,5.0,1.0,0.0,14.666666666666666,3.6666666666666665,44.0,0.9166666666666666,0.5,1.0,1.0,30.30289351851852,67.24564814814815,0.0,0.0,1.0,0.5,1.0,126000.0,54,3000.0,0,2,1,1,train,0.48,1,1,1,1.0,0.0,0.0,181.0,0.0,1.0,3600.0,3600.0,4
PH000499,AC002385,2,2,0,0,0,5.0,0.0,0.0,0.0,0.0,35.8,0.0,0.0,1.0,0.0,1.0,1.0,2.403298611111111,30.00353009259259,4.0,4.0,0.0,0.0,0.0,126000.0,54,3000.0,0,2,1,1,train,0.48,1,1,1,1.0,0.0,0.0,181.0,0.0,1.0,3600.0,3600.0,4
PH005778,AC002385,4,3,1,0,0,-1.0,-1.0,-1.0,-1.0,-1.0,-1.0,-1.0,-1.0,-1.0,-1.0,-1.0,-1.0,-1.0,-1.0,-1.0,-1.0,-1.0,-1.0,-1.0,126000.0,54,3000.0,0,2,1,1,train,0.48,1,1,1,1.0,0.0,0.0,181.0,0.0,1.0,3600.0,3600.0,4
PH005779,AC002386,3,0,1,0,0,8.0,0.0,0.0,1.0,0.0,16.75,20.5,129.0,0.75,0.125,1.0,1.0,59.27736111111111,88.38086805555555,0.0,0.0,1.0,0.125,1.0,758250.0,101,16850.0,0,3,6,4,train,0.55,4,2,1,3.0,0.0,3.0,78.66666666666667,0.0,1.0,67400.0,67400.0,2
PH005780,AC002386,4,1,0,0,0,-1.0,-1.0,-1.0,-1.0,-1.0,-1.0,-1.0,-1.0,-1.0,-1.0,-1.0,-1.0,-1.0,-1.0,-1.0,-1.0,-1.0,-1.0,-1.0,758250.0,101,16850.0,0,3,6,4,train,0.55,4,2,1,3.0,0.0,3.0,78.66666666666667,0.0,1.0,67400.0,67400.0,2
PH005781,AC002387,3,0,0,0,0,8.0,0.0,0.0,0.0,0.0,36.625,0.0,0.0,1.0,0.0,1.0,1.0,67.38461805555555,84.31474537037037,0.0,0.0,0.0,0.0,0.0,42000.0,220,1400.0,0,1,1,1,train,0.66,3,2,1,5.0,2.0,1.0,550.8,0.4,1.0,11200.0,11200.0,2
PH005782,AC002387,0,1,1,0,0,1.0,0.0,0.0,0.0,0.0,10.0,65.0,65.0,0.0,0.0,1.0,1.0,58.28831018518518,58.28831018518518,0.0,0.0,0.0,0.0,1.0,42000.0,220,1400.0,0,1,1,1,train,0.66,3,2,1,5.0,2.0,1.0,550.8,0.4,1.0,11200.0,11200.0,2
PH005783,AC002388,3,0,1,0,0,27.0,0.0,1.0,2.0,0.0,23.037037037037038,27.814814814814813,381.0,0.7777777777777778,0.1111111111111111,2.0,2.0,6.16537037037037,86.35572916666666,2.0,10.0,1.0,0.1111111111111111,1.0,73150.0,0,3850.0,3,3,2,0,train,0.48,1,1,1,-1.0,-1.0,-1.0,-1.0,-1.0,-1.0,-1.0,-1.0,1
PH005784,AC002389,3,0,1,0,0,24.0,0.0,0.0,0.0,0.0,27.5,55.875,347.0,0.7916666666666666,0.0,1.0,1.0,1.2618634259259258,84.29460648148148,4.0,7.0,0.0,0.0,1.0,25800.0,161,2150.0,0,2,3,2,train,-1.0,2,0,1,8.0,4.0,1.0,547.0,0.5,2.0,6300.0,3150.0,1
PH005785,AC002390,3,0,1,0,0,7.0,0.0,0.0,0.0,0.0,29.142857142857142,111.57142857142857,408.0,0.5714285714285714,0.0,1.0,1.0,84.33244212962963,88.33788194444445,0.0,0.0,0.0,0.0,1.0,88150.0,60,2150.0,2,0,2,1,train,0.71,3,0,1,-1.0,-1.0,-1.0,-1.0,-1.0,1.0,4300.0,4300.0,2
PH005786,AC002390,4,1,0,0,0,-1.0,-1.0,-1.0,-1.0,-1.0,-1.0,-1.0,-1.0,-1.0,-1.0,-1.0,-1.0,-1.0,-1.0,-1.0,-1.0,-1.0,-1.0,-1.0,88150.0,60,2150.0,2,0,2,1,train,0.71,3,0,1,-1.0,-1.0,-1.0,-1.0,-1.0,1.0,4300.0,4300.0,2
PH005787,AC002391,3,0,1,0,0,15.0,0.0,0.0,1.0,0.0,25.8,91.8,413.0,0.6,0.06666666666666667,2.0,2.0,50.391875,88.34209490740741,0.0,0.0,0.0,0.06666666666666667,1.0,34000.0,0,850.0,3,2,0,0,train,-1.0,3,2,1,-1.0,-1.0,-1.0,-1.0,-1.0,2.0,850.0,425.0,3
PH005788,AC002391,0,1,0,0,0,-1.0,-1.0,-1.0,-1.0,-1.0,-1.0,-1.0,-1.0,-1.0,-1.0,-1.0,-1.0,-1.0,-1.0,-1.0,-1.0,-1.0,-1.0,-1.0,34000.0,0,850.0,3,2,0,0,train,-1.0,3,2,1,-1.0,-1.0,-1.0,-1.0,-1.0,2.0,850.0,425.0,3
PH005789,AC002391,4,2,0,0,0,-1.0,-1.0,-1.0,-1.0,-1.0,-1.0,-1.0,-1.0,-1.0,-1.0,-1.0,-1.0,-1.0,-1.0,-1.0,-1.0,-1.0,-1.0,-1.0,34000.0,0,850.0,3,2,0,0,train,-1.0,3,2,1,-1.0,-1.0,-1.0,-1.0,-1.0,2.0,850.0,425.0,3
PH005790,AC002392,3,0,0,0,0,3.0,0.0,0.0,0.0,0.0,5.333333333333333,0.0,0.0,1.0,0.0,2.0,2.0,69.02905092592593,83.33918981481482,0.0,0.0,0.0,0.0,0.0,243100.0,0,7150.0,1,4,1,1,train,-1.0,0,1,1,-1.0,-1.0,-1.0,-1.0,-1.0,1.0,7150.0,7150.0,3
PH005791,AC002392,0,1,0,0,0,-1.0,-1.0,-1.0,-1.0,-1.0,-1.0,-1.0,-1.0,-1.0,-1.0,-1.0,-1.0,-1.0,-1.0,-1.0,-1.0,-1.0,-1.0,-1.0,243100.0,0,7150.0,1,4,1,1,train,-1.0,0,1,1,-1.0,-1.0,-1.0,-1.0,-1.0,1.0,7150.0,7150.0,3
PH005792,AC002392,1,2,0,0,0,-1.0,-1.0,-1.0,-1.0,-1.0,-1.0,-1.0,-1.0,-1.0,-1.0,-1.0,-1.0,-1.0,-1.0,-1.0,-1.0,-1.0,-1.0,-1.0,243100.0,0,7150.0,1,4,1,1,train,-1.0,0,1,1,-1.0,-1.0,-1.0,-1.0,-1.0,1.0,7150.0,7150.0,3
PH005796,AC002394,3,0,1,0,0,17.0,0.0,1.0,2.0,0.0,22.235294117647058,8.352941176470589,56.0,0.7647058823529411,0.17647058823529413,1.0,1.0,4.306597222222222,83.36314814814814,1.0,6.0,0.0,0.17647058823529413,1.0,62000.0,205,3100.0,0,3,4,3,train,-1.0,2,1,1,6.0,0.0,3.0,171.66666666666666,0.0,-1.0,-1.0,-1.0,4
PH005797,AC002394,1,1,0,0,0,-1.0,-1.0,-1.0,-1.0,-1.0,-1.0,-1.0,-1.0,-1.0,-1.0,-1.0,-1.0,-1.0,-1.0,-1.0,-1.0,-1.0,-1.0,-1.0,62000.0,205,3100.0,0,3,4,3,train,-1.0,2,1,1,6.0,0.0,3.0,171.66666666666666,0.0,-1.0,-1.0,-1.0,4
PH000286,AC002394,2,2,0,0,0,-1.0,-1.0,-1.0,-1.0,-1.0,-1.0,-1.0,-1.0,-1.0,-1.0,-1.0,-1.0,-1.0,-1.0,-1.0,-1.0,-1.0,-1.0,-1.0,62000.0,205,3100.0,0,3,4,3,train,-1.0,2,1,1,6.0,0.0,3.0,171.66666666666666,0.0,-1.0,-1.0,-1.0,4
PH005798,AC002394,4,3,0,0,0,-1.0,-1.0,-1.0,-1.0,-1.0,-1.0,-1.0,-1.0,-1.0,-1.0,-1.0,-1.0,-1.0,-1.0,-1.0,-1.0,-1.0,-1.0,-1.0,62000.0,205,3100.0,0,3,4,3,train,-1.0,2,1,1,6.0,0.0,3.0,171.66666666666666,0.0,-1.0,-1.0,-1.0,4
PH000062,AC002395,3,0,0,0,0,8.0,0.0,0.0,1.0,0.0,23.0,48.25,135.0,0.625,0.125,2.0,2.0,62.2478125,89.37512731481482,0.0,0.0,1.0,0.125,1.0,188600.0,7,4600.0,1,0,1,0,train,-1.0,1,0,1,-1.0,-1.0,-1.0,-1.0,-1.0,3.0,4100.0,1366.6666666666667,3
PH005799,AC002395,0,1,1,0,0,24.0,0.0,0.0,4.0,0.0,20.0,54.166666666666664,344.0,0.625,0.16666666666666666,1.0,1.0,1.266550925925926,62.0496412037037,2.0,17.0,0.0,0.16666666666666666,1.0,188600.0,7,4600.0,1,0,1,0,train,-1.0,1,0,1,-1.0,-1.0,-1.0,-1.0,-1.0,3.0,4100.0,1366.6666666666667,3
PH005800,AC002395,4,2,0,0,0,-1.0,-1.0,-1.0,-1.0,-1.0,-1.0,-1.0,-1.0,-1.0,-1.0,-1.0,-1.0,-1.0,-1.0,-1.0,-1.0,-1.0,-1.0,-1.0,188600.0,7,4600.0,1,0,1,0,train,-1.0,1,0,1,-1.0,-1.0,-1.0,-1.0,-1.0,3.0,4100.0,1366.6666666666667,3
PH005801,AC002396,3,0,1,0,0,12.0,0.0,0.0,1.0,0.0,25.333333333333332,20.0,240.0,0.9166666666666666,0.08333333333333333,1.0,1.0,58.00194444444445,87.41618055555556,0.0,0.0,1.0,0.08333333333333333,1.0,242550.0,84,4950.0,0,0,1,1,train,0.84,0,1,1,4.0,1.0,0.0,389.75,0.25,1.0,14850.0,14850.0,2
PH005802,AC002396,1,1,0,0,0,4.0,2.0,0.0,1.0,0.0,12.0,14.25,32.0,0.5,0.25,1.0,1.0,58.413148148148146,64.40895833333333,0.0,0.0,3.0,0.75,1.0,242550.0,84,4950.0,0,0,1,1,train,0.84,0,1,1,4.0,1.0,0.0,389.75,0.25,1.0,14850.0,14850.0,2
PH005804,AC002398,3,0,1,0,0,22.0,0.0,0.0,0.0,0.0,26.045454545454547,55.81818181818182,419.0,0.6818181818181818,0.0,1.0,1.0,14.379907407407407,88.32457175925926,0.0,2.0,0.0,0.0,1.0,131400.0,84,3650.0,1,3,5,1,train,1.0,0,1,1,6.0,1.0,2.0,237.33333333333334,0.16666666666666666,1.0,5900.0,5900.0,3
PH005805,AC002398,0,1,1,0,0,1.0,0.0,0.0,0.0,0.0,10.0,47.0,47.0,0.0,0.0,1.0,1.0,9.27357638888889,9.27357638888889,0.0,1.0,0.0,0.0,1.0,131400.0,84,3650.0,1,3,5,1,train,1.0,0,1,1,6.0,1.0,2.0,237.33333333333334,0.16666666666666666,1.0,5900.0,5900.0,3
PH005806,AC002398,4,2,0,0,0,-1.0,-1.0,-1.0,-1.0,-1.0,-1.0,-1.0,-1.0,-1.0,-1.0,-1.0,-1.0,-1.0,-1.0,-1.0,-1.0,-1.0,-1.0,-1.0,131400.0,84,3650.0,1,3,5,1,train,1.0,0,1,1,6.0,1.0,2.0,237.33333333333334,0.16666666666666666,1.0,5900.0,5900.0,3
PH005807,AC002399,3,0,1,0,0,28.0,0.0,0.0,2.0,0.0,25.5,33.07142857142857,278.0,0.7857142857142857,0.07142857142857142,1.0,1.0,6.397662037037037,89.34974537037037,1.0,12.0,2.0,0.07142857142857142,1.0,832650.0,43,21350.0,0,2,1,1,train,0.24,5,2,1,5.0,0.0,5.0,103.4,0.0,-1.0,-1.0,-1.0,2
PH005808,AC002399,1,1,0,0,0,8.0,0.0,8.0,0.0,0.0,0.0,0.0,0.0,1.0,1.0,1.0,1.0,42.238113425925924,52.07836805555556,0.0,0.0,5.0,1.0,0.0,832650.0,43,21350.0,0,2,1,1,train,0.24,5,2,1,5.0,0.0,5.0,103.4,0.0,-1.0,-1.0,-1.0,2
PH005813,AC000348,5,2,1,0,0,3.0,0.0,0.0,0.0,0.0,15.0,83.66666666666667,224.0,0.3333333333333333,0.0,1.0,1.0,62.36333333333334,66.30350694444445,0.0,0.0,0.0,0.0,1.0,16650.0,59,1850.0,0,2,0,0,train,0.52,2,1,1,1.0,0.0,0.0,214.0,0.0,1.0,3700.0,3700.0,3
PH005815,AC001196,5,2,0,0,0,8.0,0.0,0.0,1.0,0.0,20.25,0.0,0.0,1.0,0.125,1.0,1.0,49.10381944444445,64.43491898148149,0.0,0.0,1.0,0.125,0.0,107250.0,28,7150.0,0,5,1,1,train,0.25,0,1,1,4.0,2.0,0.0,466.5,0.5,-1.0,-1.0,-1.0,3
PH005818,AC001078,5,1,1,0,0,17.0,0.0,0.0,0.0,0.0,20.58823529411765,5.823529411764706,59.0,0.8823529411764706,0.0,1.0,1.0,11.290185185185186,62.28510416666666,0.0,4.0,0.0,0.0,1.0,204000.0,24,5100.0,1,3,1,1,train,0.54,0,1,1,1.0,0.0,1.0,92.0,0.0,2.0,5100.0,2550.0,2
PH005820,AC001892,5,2,1,0,0,15.0,1.0,0.0,0.0,0.0,15.0,4.6,49.0,0.8666666666666667,0.0,1.0,1.0,3.3617476851851853,57.27627314814815,2.0,4.0,0.0,0.06666666666666667,1.0,148200.0,35,3900.0,0,3,1,1,train,-1.0,2,1,0,4.0,0.0,4.0,157.0,0.0,-1.0,-1.0,-1.0,3
PH005824,AC002071,5,1,1,0,0,14.0,0.0,0.0,1.0,0.0,21.214285714285715,14.928571428571429,99.0,0.7142857142857143,0.07142857142857142,1.0,1.0,0.3230439814814815,58.30716435185185,3.0,4.0,1.0,0.07142857142857142,1.0,124550.0,38,2650.0,1,1,0,0,train,-1.0,5,0,1,2.0,0.0,2.0,82.5,0.0,2.0,4200.0,2100.0,2
PH005825,AC000077,5,2,1,0,0,16.0,0.0,0.0,2.0,0.0,20.1875,37.375,242.0,0.625,0.125,1.0,1.0,2.166261574074074,54.29496527777778,2.0,8.0,1.0,0.125,1.0,55500.0,165,3700.0,0,1,3,1,train,0.6,2,1,1,7.0,0.0,3.0,140.57142857142858,0.0,1.0,13200.0,13200.0,3
PH005826,AC001654,5,2,0,0,0,8.0,0.0,4.0,1.0,0.0,6.875,0.0,0.0,1.0,0.625,1.0,1.0,42.374965277777775,56.39063657407407,0.0,0.0,2.0,0.625,0.0,106750.0,20,3050.0,0,3,0,0,train,0.41,2,1,1,1.0,0.0,1.0,99.0,0.0,1.0,3050.0,3050.0,4
PH005827,AC000079,5,2,1,0,0,12.0,0.0,0.0,0.0,0.0,33.333333333333336,3.5833333333333335,43.0,0.9166666666666666,0.0,1.0,1.0,1.227673611111111,46.34846064814815,2.0,5.0,0.0,0.0,1.0,89000.0,58,4450.0,0,0,2,1,train,-1.0,5,1,1,7.0,0.0,0.0,196.71428571428572,0.0,-1.0,-1.0,-1.0,3
PH005830,AC001617,5,1,0,0,0,1.0,0.0,0.0,0.0,0.0,35.0,0.0,0.0,1.0,0.0,1.0,1.0,56.25420138888889,56.25420138888889,0.0,0.0,0.0,0.0,0.0,53200.0,44,1900.0,0,4,2,1,train,-1.0,5,2,1,-1.0,-1.0,-1.0,-1.0,-1.0,1.0,3800.0,3800.0,2
PH005831,AC002364,5,1,1,0,0,16.0,0.0,0.0,0.0,0.0,22.75,115.875,352.0,0.5,0.0,1.0,1.0,2.149722222222222,47.305,2.0,7.0,0.0,0.0,1.0,348000.0,64,14500.0,0,3,3,2,train,0.34,0,1,1,9.0,0.0,2.0,224.22222222222223,0.0,-1.0,-1.0,-1.0,2
PH005832,AC000153,5,4,1,0,0,6.0,0.0,0.0,0.0,0.0,28.333333333333332,10.833333333333334,34.0,0.6666666666666666,0.0,1.0,1.0,42.4146875,54.406226851851855,0.0,0.0,0.0,0.0,1.0,154050.0,17,3950.0,2,2,1,0,train,-1.0,2,1,1,1.0,0.0,0.0,236.0,0.0,1.0,3950.0,3950.0,5
PH005833,AC001562,5,2,1,0,0,5.0,0.0,0.0,0.0,0.0,17.0,15.2,42.0,0.6,0.0,1.0,1.0,38.43533564814815,54.41601851851852,0.0,0.0,0.0,0.0,1.0,33150.0,269,1950.0,0,4,4,1,train,-1.0,5,2,1,5.0,0.0,2.0,209.0,0.0,1.0,17550.0,17550.0,3
PH005834,AC001661,5,2,1,0,0,18.0,0.0,0.0,1.0,0.0,22.333333333333332,10.444444444444445,159.0,0.8888888888888888,0.05555555555555555,1.0,1.0,0.44100694444444444,51.3771875,6.0,10.0,1.0,0.05555555555555555,1.0,48100.0,19,1850.0,0,2,0,0,train,-1.0,3,0,1,-1.0,-1.0,-1.0,-1.0,-1.0,-1.0,-1.0,-1.0,3
PH005836,AC001488,5,2,1,0,0,7.0,0.0,0.0,0.0,0.0,24.571428571428573,71.14285714285714,297.0,0.5714285714285714,0.0,1.0,1.0,10.107037037037037,53.41326388888889,0.0,3.0,0.0,0.0,1.0,50000.0,60,1250.0,1,2,2,0,train,0.25,3,0,1,3.0,0.0,0.0,296.6666666666667,0.0,2.0,2500.0,1250.0,3
PH005838,AC002318,5,1,1,0,0,23.0,0.0,2.0,1.0,0.0,24.130434782608695,40.65217391304348,315.0,0.8260869565217391,0.13043478260869565,1.0,1.0,11.40224537037037,54.315682870370374,0.0,10.0,2.0,0.13043478260869565,1.0,654500.0,37,19250.0,0,6,0,0,train,0.0,4,2,1,5.0,3.0,1.0,617.2,0.6,-1.0,-1.0,-1.0,2
PH005839,AC001555,5,1,1,0,0,10.0,0.0,0.0,1.0,0.0,18.4,44.8,376.0,0.7,0.1,1.0,1.0,0.43747685185185187,46.34446759259259,3.0,6.0,1.0,0.1,1.0,28000.0,40,1400.0,0,0,0,0,train,-1.0,5,0,1,2.0,0.0,1.0,204.0,0.0,-1.0,-1.0,-1.0,2
PH005841,AC002192,5,2,1,0,0,15.0,0.0,0.0,0.0,0.0,26.866666666666667,87.73333333333333,388.0,0.6,0.0,1.0,1.0,0.4539699074074074,49.423611111111114,3.0,8.0,0.0,0.0,1.0,336000.0,21,24000.0,0,0,1,1,train,-1.0,4,2,1,1.0,1.0,0.0,1403.0,1.0,1.0,12100.0,12100.0,3
PH005842,AC000310,5,2,1,0,0,10.0,0.0,0.0,0.0,0.0,29.3,49.3,245.0,0.7,0.0,1.0,1.0,9.088530092592592,44.277060185185185,0.0,6.0,0.0,0.0,1.0,23750.0,67,1250.0,0,2,1,0,train,-1.0,5,0,1,8.0,1.0,5.0,356.625,0.125,1.0,1600.0,1600.0,3
PH005843,AC001801,5,1,1,0,0,25.0,0.0,0.0,0.0,0.0,26.36,33.0,323.0,0.72,0.0,1.0,1.0,0.2791898148148148,49.39278935185185,8.0,18.0,0.0,0.0,1.0,84400.0,0,10550.0,1,2,0,0,train,-1.0,0,1,1,1.0,0.0,1.0,33.0,0.0,-1.0,-1.0,-1.0,2
PH005845,AC000307,5,1,1,0,0,8.0,0.0,0.0,1.0,0.0,28.75,41.125,329.0,0.875,0.125,1.0,1.0,32.41071759259259,51.42398148148148,0.0,0.0,0.0,0.125,1.0,42500.0,49,2500.0,1,3,0,0,train,0.63,1,1,1,3.0,1.0,1.0,269.6666666666667,0.3333333333333333,1.0,5000.0,5000.0,2
PH005846,AC000673,5,3,1,0,0,11.0,0.0,0.0,0.0,0.0,29.363636363636363,6.909090909090909,40.0,0.8181818181818182,0.0,1.0,1.0,11.044675925925926,41.336342592592594,0.0,6.0,0.0,0.0,1.0,247450.0,71,5050.0,0,3,3,2,train,0.34,2,1,1,7.0,1.0,3.0,274.2857142857143,0.14285714285714285,1.0,9900.0,9900.0,4
PH005848,AC002137,5,2,1,0,0,16.0,0.0,0.0,3.0,0.0,19.6875,19.0,304.0,0.9375,0.1875,1.0,1.0,6.407974537037037,46.419074074074075,1.0,9.0,1.0,0.1875,1.0,33750.0,20,2250.0,0,1,1,1,train,0.9,1,0,1,5.0,0.0,0.0,261.8,0.0,-1.0,-1.0,-1.0,3
PH005850,AC000446,5,3,1,0,0,14.0,0.0,0.0,2.0,0.0,25.642857142857142,29.285714285714285,268.0,0.7857142857142857,0.14285714285714285,1.0,1.0,0.34064814814814814,46.35634259259259,2.0,9.0,1.0,0.14285714285714285,1.0,274800.0,52,11450.0,0,1,0,0,train,0.47,0,1,1,3.0,0.0,1.0,125.33333333333333,0.0,1.0,3500.0,3500.0,4
PH005851,AC001226,5,3,0,0,0,8.0,0.0,0.0,1.0,0.0,20.5,0.0,0.0,1.0,0.125,1.0,1.0,38.11472222222222,46.35207175925926,0.0,0.0,0.0,0.125,0.0,48000.0,0,3000.0,0,3,0,0,train,0.41,5,1,1,2.0,0.0,0.0,159.5,0.0,-1.0,-1.0,-1.0,4
PH005852,AC002285,5,1,0,0,0,15.0,0.0,0.0,0.0,0.0,17.666666666666668,5.866666666666666,88.0,0.9333333333333333,0.0,1.0,1.0,0.20971064814814816,48.44337962962963,4.0,10.0,0.0,0.0,1.0,246000.0,0,8200.0,2,2,1,0,train,0.74,2,1,1,-1.0,-1.0,-1.0,-1.0,-1.0,1.0,2600.0,2600.0,2
PH005853,AC000135,5,2,0,0,0,9.0,0.0,0.0,1.0,0.0,19.0,0.0,0.0,1.0,0.1111111111111111,1.0,1.0,3.0856481481481484,45.25674768518518,1.0,3.0,1.0,0.1111111111111111,0.0,32300.0,69,1700.0,0,4,2,1,train,-1.0,0,2,1,9.0,1.0,7.0,115.11111111111111,0.1111111111111111,-1.0,-1.0,-1.0,3
PH005854,AC000934,5,1,1,0,0,12.0,0.0,0.0,1.0,0.0,25.25,0.0,0.0,1.0,0.08333333333333333,1.0,1.0,3.3871064814814815,47.417881944444446,1.0,7.0,0.0,0.08333333333333333,0.0,212500.0,122,6250.0,0,3,1,1,train,0.71,2,1,1,7.0,0.0,1.0,167.57142857142858,0.0,-1.0,-1.0,-1.0,2
PH005856,AC001898,5,3,0,0,0,5.0,0.0,0.0,2.0,0.0,19.6,0.0,0.0,1.0,0.4,1.0,1.0,12.257997685185185,31.38167824074074,0.0,3.0,2.0,0.4,0.0,56000.0,6,1600.0,0,4,0,0,train,0.21,3,0,0,-1.0,-1.0,-1.0,-1.0,-1.0,1.0,1600.0,1600.0,4
PH005857,AC002108,5,3,1,0,0,11.0,1.0,0.0,0.0,0.0,29.363636363636363,13.545454545454545,92.0,0.8181818181818182,0.0,1.0,1.0,3.432962962962963,47.43121527777778,3.0,6.0,0.0,0.09090909090909091,1.0,60800.0,47,1900.0,0,1,0,0,train,0.47,3,0,1,4.0,0.0,4.0,106.75,0.0,-1.0,-1.0,-1.0,4
PH005859,AC001203,5,3,1,0,0,13.0,0.0,0.0,1.0,0.0,25.23076923076923,18.846153846153847,162.0,0.7692307692307693,0.07692307692307693,1.0,1.0,9.203935185185186,44.2506712962963,0.0,8.0,0.0,0.07692307692307693,1.0,32250.0,62,2150.0,0,3,3,1,train,0.31,1,1,1,4.0,0.0,0.0,186.5,0.0,-1.0,-1.0,-1.0,4
PH005860,AC002375,5,2,1,0,0,10.0,0.0,0.0,0.0,0.0,26.8,55.9,283.0,0.7,0.0,1.0,1.0,0.19650462962962964,45.31752314814815,3.0,5.0,0.0,0.0,1.0,125800.0,99,3400.0,0,2,2,1,train,0.81,5,0,1,-1.0,-1.0,-1.0,-1.0,-1.0,-1.0,-1.0,-1.0,3
PH005861,AC000025,5,2,1,0,0,4.0,0.0,0.0,0.0,0.0,31.25,91.25,365.0,0.75,0.0,1.0,1.0,40.110219907407405,42.401620370370374,0.0,0.0,0.0,0.0,1.0,160200.0,36,4450.0,2,0,2,0,train,0.93,0,1,1,-1.0,-1.0,-1.0,-1.0,-1.0,1.0,8900.0,8900.0,3
PH005863,AC001624,5,2,0,0,0,8.0,0.0,0.0,0.0,0.0,25.625,0.0,0.0,1.0,0.0,1.0,1.0,24.43087962962963,37.44607638888889,0.0,3.0,0.0,0.0,0.0,174800.0,0,3800.0,1,0,1,0,train,0.55,5,1,1,-1.0,-1.0,-1.0,-1.0,-1.0,1.0,3800.0,3800.0,3
PH005864,AC001464,5,2,1,0,0,15.0,0.0,0.0,2.0,0.0,23.866666666666667,15.533333333333333,233.0,0.9333333333333333,0.13333333333333333,1.0,1.0,18.136805555555554,43.42060185185185,0.0,5.0,1.0,0.13333333333333333,1.0,24750.0,16,2250.0,1,1,0,0,train,-1.0,1,1,1,-1.0,-1.0,-1.0,-1.0,-1.0,-1.0,-1.0,-1.0,3
PH005865,AC001546,5,1,1,0,0,7.0,0.0,0.0,2.0,0.0,18.428571428571427,4.857142857142857,34.0,0.8571428571428571,0.2857142857142857,1.0,1.0,32.20783564814815,42.37246527777778,0.0,0.0,2.0,0.2857142857142857,1.0,134300.0,14,7900.0,3,0,1,0,train,-1.0,0,1,1,1.0,1.0,0.0,870.0,1.0,2.0,6000.0,3000.0,2
PH005866,AC000267,5,2,1,0,0,8.0,0.0,0.0,0.0,0.0,25.125,65.5,259.0,0.625,0.0,1.0,1.0,1.3111689814814815,40.30991898148148,2.0,5.0,0.0,0.0,1.0,1081000.0,45,23000.0,0,2,1,1,train,0.25,5,2,1,3.0,1.0,0.0,533.3333333333334,0.3333333333333333,2.0,29400.0,14700.0,3
PH005869,AC000419,5,2,0,0,0,8.0,0.0,0.0,1.0,0.0,16.5,0.0,0.0,1.0,0.125,1.0,1.0,28.285451388888887,40.3352662037037,0.0,1.0,1.0,0.125,0.0,89950.0,4,12850.0,1,2,0,0,train,0.6,0,1,1,-1.0,-1.0,-1.0,-1.0,-1.0,-1.0,-1.0,-1.0,3
PH005870,AC001949,5,2,1,0,0,13.0,0.0,0.0,0.0,0.0,25.0,82.3076923076923,369.0,0.6923076923076923,0.0,1.0,1.0,15.44298611111111,40.281469907407406,0.0,9.0,0.0,0.0,1.0,29900.0,45,1300.0,0,0,2,0,train,-1.0,5,2,1,5.0,0.0,0.0,285.4,0.0,-1.0,-1.0,-1.0,3
PH005871,AC002040,5,3,1,0,0,22.0,0.0,0.0,0.0,0.0,25.90909090909091,30.681818181818183,348.0,0.7727272727272727,0.0,1.0,1.0,5.340590277777777,40.430543981481485,1.0,15.0,0.0,0.0,1.0,40050.0,16,4450.0,1,3,0,0,train,0.36,1,1,1,3.0,1.0,1.0,326.0,0.3333333333333333,1.0,4450.0,4450.0,4
PH005872,AC000152,5,2,1,0,0,10.0,0.0,0.0,1.0,0.0,24.7,37.3,216.0,0.7,0.1,1.0,1.0,10.44763888888889,31.352037037037036,0.0,7.0,1.0,0.1,1.0,586000.0,357,14650.0,0,2,5,3,train,-1.0,2,1,1,2.0,0.0,1.0,142.5,0.0,-1.0,-1.0,-1.0,3
PH005874,AC001558,5,1,0,0,0,8.0,0.0,0.0,1.0,0.0,19.875,0.0,0.0,1.0,0.125,1.0,1.0,9.346909722222222,37.41689814814815,0.0,7.0,1.0,0.125,0.0,87400.0,63,3800.0,0,1,1,1,train,0.82,1,0,1,5.0,0.0,2.0,132.0,0.0,-1.0,-1.0,-1.0,2
PH005875,AC001964,5,2,0,0,0,9.0,0.0,0.0,3.0,0.0,21.88888888888889,0.0,0.0,1.0,0.3333333333333333,1.0,1.0,6.274039351851852,40.257025462962964,1.0,4.0,2.0,0.3333333333333333,0.0,113850.0,13,3450.0,0,2,0,0,train,-1.0,2,1,1,2.0,0.0,1.0,131.5,0.0,-1.0,-1.0,-1.0,3
PH005876,AC000712,5,3,0,0,0,7.0,0.0,0.0,1.0,0.0,18.285714285714285,0.0,0.0,1.0,0.14285714285714285,1.0,1.0,9.295532407407407,26.280324074074073,0.0,7.0,1.0,0.14285714285714285,0.0,96350.0,150,2350.0,0,1,3,1,train,0.52,2,1,1,9.0,3.0,3.0,460.1111111111111,0.3333333333333333,-1.0,-1.0,-1.0,4
PH005879,AC000343,5,2,1,0,0,16.0,1.0,0.0,1.0,0.0,23.625,27.5625,318.0,0.75,0.0625,1.0,1.0,3.0764583333333335,38.43403935185185,2.0,11.0,0.0,0.125,1.0,131200.0,0,4100.0,4,0,0,0,train,0.9,2,1,1,-1.0,-1.0,-1.0,-1.0,-1.0,3.0,3900.0,1300.0,3
PH005882,AC001102,5,1,1,0,0,19.0,0.0,0.0,1.0,0.0,23.157894736842106,3.473684210526316,46.0,0.8947368421052632,0.05263157894736842,1.0,1.0,0.17835648148148148,35.34013888888889,4.0,15.0,0.0,0.05263157894736842,1.0,387750.0,23,11750.0,1,2,2,1,train,0.97,2,2,0,1.0,0.0,0.0,231.0,0.0,1.0,5500.0,5500.0,2
PH005883,AC001433,5,3,1,0,0,5.0,0.0,0.0,1.0,0.0,29.6,8.2,41.0,0.8,0.2,1.0,1.0,24.19943287037037,34.28200231481482,0.0,2.0,1.0,0.2,1.0,84600.0,20,4700.0,0,0,1,0,train,0.63,5,1,1,-1.0,-1.0,-1.0,-1.0,-1.0,1.0,4700.0,4700.0,4
PH005885,AC002345,5,1,1,0,0,1.0,0.0,0.0,0.0,0.0,8.0,53.0,53.0,0.0,0.0,1.0,1.0,35.31060185185185,35.31060185185185,0.0,0.0,0.0,0.0,1.0,137250.0,0,9150.0,1,3,2,1,train,0.71,0,1,1,-1.0,-1.0,-1.0,-1.0,-1.0,2.0,9150.0,4575.0,2
PH005887,AC000273,5,3,1,0,0,6.0,0.0,0.0,0.0,0.0,22.666666666666668,66.66666666666667,370.0,0.6666666666666666,0.0,1.0,1.0,20.376261574074075,33.39793981481481,0.0,5.0,0.0,0.0,1.0,603000.0,11,16750.0,0,2,0,0,train,0.26,0,1,1,-1.0,-1.0,-1.0,-1.0,-1.0,2.0,11600.0,5800.0,4
PH005888,AC001808,5,1,1,0,0,9.0,0.0,0.0,1.0,0.0,22.666666666666668,5.444444444444445,49.0,0.8888888888888888,0.1111111111111111,1.0,1.0,2.429895833333333,30.24653935185185,1.0,7.0,1.0,0.1111111111111111,1.0,32000.0,30,4000.0,0,2,0,0,train,0.32,1,0,1,2.0,0.0,0.0,360.0,0.0,-1.0,-1.0,-1.0,2
PH005889,AC000597,5,1,1,0,0,9.0,0.0,0.0,0.0,0.0,25.88888888888889,63.44444444444444,419.0,0.6666666666666666,0.0,1.0,1.0,2.281527777777778,27.257604166666667,4.0,9.0,0.0,0.0,1.0,135500.0,0,13550.0,3,1,0,0,train,0.67,2,1,1,-1.0,-1.0,-1.0,-1.0,-1.0,1.0,8000.0,8000.0,2
PH005890,AC001055,5,2,1,0,0,9.0,0.0,0.0,1.0,0.0,20.555555555555557,81.88888888888889,417.0,0.6666666666666666,0.1111111111111111,1.0,1.0,18.27142361111111,30.378321759259258,0.0,8.0,1.0,0.1111111111111111,1.0,148800.0,9,4800.0,0,3,1,1,train,0.4,1,2,1,3.0,0.0,0.0,354.0,0.0,-1.0,-1.0,-1.0,3
PH005891,AC001132,5,2,1,0,0,8.0,1.0,0.0,0.0,0.0,32.375,1.0,8.0,0.875,0.0,1.0,1.0,11.368425925925926,27.43150462962963,0.0,8.0,0.0,0.125,1.0,102600.0,37,3800.0,0,1,3,2,train,-1.0,5,1,1,5.0,1.0,0.0,454.6,0.2,-1.0,-1.0,-1.0,3
PH005892,AC001699,5,1,0,0,0,8.0,0.0,0.0,1.0,0.0,30.125,0.0,0.0,1.0,0.125,1.0,1.0,5.315266203703704,23.41494212962963,1.0,8.0,0.0,0.125,0.0,123200.0,65,4400.0,0,0,1,0,train,0.76,0,1,1,2.0,0.0,0.0,253.0,0.0,-1.0,-1.0,-1.0,2
PH005893,AC002234,5,2,1,0,0,13.0,0.0,0.0,1.0,0.0,26.23076923076923,70.84615384615384,393.0,0.6923076923076923,0.07692307692307693,1.0,1.0,2.212662037037037,32.38828703703704,3.0,11.0,1.0,0.07692307692307693,1.0,110400.0,0,2300.0,1,2,0,0,train,-1.0,5,0,1,3.0,0.0,0.0,121.33333333333333,0.0,-1.0,-1.0,-1.0,3
PH005896,AC000118,5,2,0,0,0,8.0,0.0,0.0,2.0,0.0,16.125,0.0,0.0,1.0,0.25,1.0,1.0,7.26099537037037,28.329791666666665,0.0,8.0,1.0,0.25,0.0,488250.0,0,13950.0,2,2,0,0,train,0.58,0,1,1,-1.0,-1.0,-1.0,-1.0,-1.0,1.0,13950.0,13950.0,3
PH005897,AC000239,5,3,1,0,0,10.0,0.0,0.0,0.0,0.0,18.8,74.4,412.0,0.5,0.0,1.0,1.0,2.3837847222222224,26.29315972222222,2.0,10.0,0.0,0.0,1.0,99000.0,21,2200.0,0,2,0,0,train,0.05,5,0,1,1.0,0.0,1.0,43.0,0.0,1.0,1400.0,1400.0,4
PH005899,AC000981,5,2,1,0,0,12.0,0.0,0.0,0.0,0.0,23.583333333333332,58.5,410.0,0.5833333333333334,0.0,1.0,1.0,2.0681712962962964,30.435081018518517,4.0,11.0,0.0,0.0,1.0,120000.0,0,3000.0,1,0,0,0,train,0.5,1,1,1,1.0,0.0,0.0,353.0,0.0,-1.0,-1.0,-1.0,3
PH005900,AC001161,5,3,0,0,0,2.0,0.0,0.0,0.0,0.0,23.5,0.0,0.0,1.0,0.0,1.0,1.0,10.178831018518519,17.34212962962963,0.0,2.0,0.0,0.0,0.0,201000.0,30,10050.0,3,2,0,0,train,-1.0,2,1,0,-1.0,-1.0,-1.0,-1.0,-1.0,-1.0,-1.0,-1.0,4
PH005901,AC002148,5,4,1,0,0,3.0,0.0,0.0,0.0,0.0,18.0,129.0,324.0,0.3333333333333333,0.0,1.0,1.0,19.391053240740742,21.3875,0.0,3.0,0.0,0.0,1.0,42750.0,150,950.0,0,4,2,2,train,0.79,5,0,1,6.0,0.0,1.0,280.5,0.0,-1.0,-1.0,-1.0,5
PH005903,AC001353,5,1,1,0,0,9.0,0.0,0.0,0.0,0.0,31.88888888888889,38.888888888888886,304.0,0.7777777777777778,0.0,1.0,1.0,0.19131944444444443,29.32587962962963,2.0,9.0,0.0,0.0,1.0,108650.0,434,2050.0,0,2,3,2,train,-1.0,5,0,1,9.0,0.0,4.0,210.44444444444446,0.0,-1.0,-1.0,-1.0,2
PH005904,AC002092,5,1,0,0,0,20.0,1.0,0.0,2.0,0.0,17.7,0.45,9.0,0.95,0.1,1.0,1.0,0.42774305555555553,28.270844907407408,5.0,20.0,2.0,0.15,1.0,347000.0,0,17350.0,1,4,0,0,train,0.33,0,1,1,-1.0,-1.0,-1.0,-1.0,-1.0,1.0,6800.0,6800.0,2
PH005905,AC001654,5,3,1,0,0,2.0,0.0,0.0,0.0,0.0,20.5,21.5,43.0,0.5,0.0,1.0,1.0,26.38888888888889,27.30439814814815,0.0,2.0,0.0,0.0,1.0,106750.0,20,3050.0,0,3,0,0,train,0.41,2,1,1,1.0,0.0,1.0,99.0,0.0,1.0,3050.0,3050.0,4
PH005906,AC000154,5,2,0,0,0,7.0,0.0,0.0,0.0,0.0,16.285714285714285,0.0,0.0,1.0,0.0,1.0,1.0,6.0085648148148145,23.30931712962963,2.0,7.0,0.0,0.0,0.0,399000.0,182,10500.0,0,0,1,0,train,0.75,5,2,1,9.0,0.0,9.0,118.88888888888889,0.0,-1.0,-1.0,-1.0,3
PH005907,AC000596,5,2,1,0,0,6.0,0.0,0.0,0.0,0.0,23.0,125.33333333333333,334.0,0.5,0.0,1.0,1.0,8.027534722222223,17.336296296296297,0.0,6.0,0.0,0.0,1.0,271950.0,66,12950.0,1,2,1,1,train,0.73,2,1,1,-1.0,-1.0,-1.0,-1.0,-1.0,2.0,33100.0,16550.0,3
PH005911,AC000588,5,3,1,0,0,7.0,0.0,0.0,1.0,0.0,16.285714285714285,7.142857142857143,50.0,0.8571428571428571,0.14285714285714285,1.0,1.0,7.147615740740741,23.285729166666666,0.0,7.0,0.0,0.14285714285714285,1.0,198800.0,0,7100.0,2,1,0,0,train,-1.0,2,1,1,-1.0,-1.0,-1.0,-1.0,-1.0,-1.0,-1.0,-1.0,4
PH005913,AC002331,5,2,0,0,0,13.0,0.0,0.0,0.0,0.0,22.076923076923077,0.0,0.0,1.0,0.0,1.0,1.0,0.14734953703703704,23.340983796296296,8.0,13.0,0.0,0.0,0.0,1182850.0,89,28850.0,0,3,0,0,train,-1.0,5,2,1,6.0,1.0,4.0,286.0,0.16666666666666666,1.0,25500.0,25500.0,3
PH005914,AC002359,5,1,1,0,0,9.0,0.0,0.0,0.0,0.0,29.333333333333332,32.22222222222222,252.0,0.7777777777777778,0.0,1.0,1.0,7.267164351851852,23.362951388888888,0.0,9.0,0.0,0.0,1.0,247200.0,16,10300.0,1,1,0,0,train,0.62,5,2,1,1.0,0.0,0.0,172.0,0.0,-1.0,-1.0,-1.0,2
PH005915,AC000211,5,2,1,0,0,12.0,0.0,0.0,0.0,0.0,31.916666666666668,39.5,401.0,0.8333333333333334,0.0,1.0,1.0,2.3203009259259257,21.265462962962964,4.0,12.0,0.0,0.0,1.0,23400.0,0,1950.0,1,4,0,0,train,0.41,3,2,1,-1.0,-1.0,-1.0,-1.0,-1.0,-1.0,-1.0,-1.0,3
PH005917,AC001032,5,1,0,0,0,-1.0,-1.0,-1.0,-1.0,-1.0,-1.0,-1.0,-1.0,-1.0,-1.0,-1.0,-1.0,-1.0,-1.0,-1.0,-1.0,-1.0,-1.0,-1.0,226800.0,72,10800.0,0,2,1,1,train,0.78,5,2,1,1.0,0.0,0.0,153.0,0.0,1.0,32400.0,32400.0,2
PH005919,AC002272,5,1,1,0,0,5.0,0.0,0.0,1.0,0.0,16.4,0.0,0.0,1.0,0.2,1.0,1.0,2.2902199074074074,18.360636574074075,2.0,5.0,1.0,0.2,0.0,344400.0,57,8200.0,1,2,1,1,train,-1.0,2,1,1,7.0,0.0,2.0,193.57142857142858,0.0,1.0,6300.0,6300.0,2
PH005920,AC000567,5,1,0,0,0,4.0,0.0,0.0,0.0,0.0,25.0,0.0,0.0,1.0,0.0,1.0,1.0,3.2739583333333333,20.413969907407406,2.0,4.0,0.0,0.0,0.0,80500.0,24,1750.0,0,4,1,1,train,-1.0,5,2,1,-1.0,-1.0,-1.0,-1.0,-1.0,-1.0,-1.0,-1.0,2
PH005922,AC002065,5,2,1,0,0,2.0,0.0,0.0,0.0,0.0,23.5,25.5,51.0,0.5,0.0,1.0,1.0,9.256203703703704,14.443831018518518,0.0,2.0,0.0,0.0,1.0,295000.0,165,11800.0,0,0,1,1,train,0.22,0,1,1,8.0,2.0,2.0,337.125,0.25,1.0,48600.0,48600.0,3
PH005929,AC002365,5,2,1,0,0,7.0,0.0,0.0,0.0,0.0,25.0,71.0,271.0,0.5714285714285714,0.0,1.0,1.0,5.4,17.43320601851852,1.0,7.0,0.0,0.0,1.0,200100.0,79,4350.0,0,1,2,1,train,0.62,5,0,1,8.0,0.0,3.0,244.375,0.0,-1.0,-1.0,-1.0,3
PH005930,AC001813,5,3,1,0,0,7.0,0.0,0.0,0.0,0.0,31.857142857142858,35.42857142857143,248.0,0.8571428571428571,0.0,1.0,1.0,3.267048611111111,16.36204861111111,2.0,7.0,0.0,0.0,1.0,147400.0,196,3350.0,0,1,4,2,train,0.64,2,1,1,8.0,0.0,2.0,239.125,0.0,-1.0,-1.0,-1.0,4
PH005932,AC000057,5,5,1,0,0,4.0,0.0,0.0,0.0,0.0,15.75,9.75,39.0,0.75,0.0,1.0,1.0,2.285011574074074,14.366678240740741,3.0,4.0,0.0,0.0,1.0,43000.0,64,2150.0,0,0,1,0,train,-1.0,0,1,1,-1.0,-1.0,-1.0,-1.0,-1.0,-1.0,-1.0,-1.0,6
PH005934,AC002326,5,1,1,0,0,2.0,0.0,0.0,0.0,0.0,28.5,20.0,40.0,0.5,0.0,1.0,1.0,3.3547106481481483,9.294965277777777,1.0,2.0,0.0,0.0,1.0,78000.0,19,5200.0,1,1,2,2,train,0.69,2,1,1,-1.0,-1.0,-1.0,-1.0,-1.0,-1.0,-1.0,-1.0,2
PH005935,AC000187,5,3,1,0,0,1.0,0.0,0.0,0.0,0.0,8.0,177.0,177.0,0.0,0.0,1.0,1.0,13.259085648148147,13.259085648148147,0.0,1.0,0.0,0.0,1.0,247500.0,32,7500.0,2,4,1,0,train,1.0,0,1,1,2.0,1.0,0.0,508.5,0.5,1.0,8200.0,8200.0,4
PH005936,AC001211,5,2,1,0,0,7.0,0.0,0.0,0.0,0.0,28.0,57.857142857142854,228.0,0.7142857142857143,0.0,1.0,1.0,0.40965277777777775,12.424571759259258,2.0,7.0,0.0,0.0,1.0,100100.0,0,4550.0,1,0,0,0,train,0.55,5,1,1,-1.0,-1.0,-1.0,-1.0,-1.0,-1.0,-1.0,-1.0,3
PH005937,AC000885,5,2,1,0,0,1.0,0.0,0.0,0.0,0.0,17.0,58.0,58.0,0.0,0.0,1.0,1.0,9.403159722222222,9.403159722222222,0.0,1.0,0.0,0.0,1.0,803700.0,0,17100.0,0,5,1,1,train,-1.0,2,1,1,-1.0,-1.0,-1.0,-1.0,-1.0,1.0,8700.0,8700.0,3
PH005938,AC001149,5,3,0,0,0,1.0,0.0,0.0,0.0,0.0,4.0,0.0,0.0,1.0,0.0,1.0,1.0,6.274548611111111,6.274548611111111,1.0,1.0,0.0,0.0,0.0,64800.0,19,1800.0,1,0,0,0,train,0.4,2,2,1,-1.0,-1.0,-1.0,-1.0,-1.0,-1.0,-1.0,-1.0,4
PH005939,AC001655,5,1,1,0,0,6.0,0.0,0.0,0.0,0.0,20.0,61.166666666666664,127.0,0.5,0.0,1.0,1.0,4.377002314814815,9.3471875,3.0,6.0,0.0,0.0,1.0,90000.0,5,4500.0,2,0,4,1,train,0.67,1,2,1,2.0,0.0,0.0,205.5,0.0,-1.0,-1.0,-1.0,2
PH005941,AC001274,5,1,0,0,0,2.0,0.0,0.0,0.0,0.0,44.5,0.0,0.0,1.0,0.0,1.0,1.0,4.00425925925926,4.323923611111111,2.0,2.0,0.0,0.0,0.0,121800.0,42,8700.0,1,2,2,1,train,0.69,0,1,1,2.0,0.0,0.0,151.0,0.0,-1.0,-1.0,-1.0,2
PH005942,AC001473,5,2,1,0,0,3.0,0.0,0.0,0.0,0.0,21.333333333333332,208.66666666666666,358.0,0.3333333333333333,0.0,1.0,1.0,1.4005787037037036,7.246365740740741,1.0,3.0,0.0,0.0,1.0,123000.0,89,4100.0,0,0,0,0,train,-1.0,1,1,1,9.0,0.0,2.0,185.77777777777777,0.0,-1.0,-1.0,-1.0,3
PH005943,AC001951,5,1,1,0,0,5.0,0.0,0.0,0.0,0.0,27.2,92.0,356.0,0.6,0.0,1.0,1.0,3.1418055555555555,5.300034722222223,5.0,5.0,0.0,0.0,1.0,85850.0,12,5050.0,0,1,1,1,train,-1.0,2,1,1,-1.0,-1.0,-1.0,-1.0,-1.0,1.0,3600.0,3600.0,2
PH005944,AC001987,5,3,1,0,0,3.0,0.0,0.0,0.0,0.0,35.666666666666664,0.0,0.0,1.0,0.0,1.0,1.0,2.3961574074074075,6.371053240740741,3.0,3.0,0.0,0.0,0.0,324700.0,212,9550.0,0,2,3,3,train,-1.0,0,1,1,9.0,0.0,0.0,274.3333333333333,0.0,-1.0,-1.0,-1.0,4
PH005945,AC000931,5,1,0,0,0,1.0,0.0,0.0,0.0,0.0,7.0,0.0,0.0,1.0,0.0,1.0,1.0,6.25037037037037,6.25037037037037,1.0,1.0,0.0,0.0,0.0,78650.0,7,7150.0,1,3,1,0,train,-1.0,0,1,1,-1.0,-1.0,-1.0,-1.0,-1.0,2.0,5500.0,2750.0,2
PH005946,AC001141,5,4,1,0,0,3.0,0.0,0.0,1.0,0.0,11.333333333333334,103.33333333333333,310.0,0.6666666666666666,0.3333333333333333,1.0,1.0,1.431724537037037,2.285671296296296,3.0,3.0,1.0,0.3333333333333333,1.0,175500.0,352,5850.0,0,3,4,4,train,0.32,2,1,1,8.0,1.0,1.0,279.875,0.125,1.0,30800.0,30800.0,5
PH005947,AC000993,5,2,0,0,0,-1.0,-1.0,-1.0,-1.0,-1.0,-1.0,-1.0,-1.0,-1.0,-1.0,-1.0,-1.0,-1.0,-1.0,-1.0,-1.0,-1.0,-1.0,-1.0,161500.0,39,4250.0,1,0,1,0,train,0.33,0,1,1,-1.0,-1.0,-1.0,-1.0,-1.0,2.0,5400.0,2700.0,3
PH005948,AC001085,5,3,0,0,0,4.0,0.0,0.0,1.0,0.0,21.5,0.0,0.0,1.0,0.25,1.0,1.0,2.001898148148148,3.29474537037037,4.0,4.0,1.0,0.25,0.0,60000.0,2,2000.0,2,0,0,0,train,0.7,0,1,1,-1.0,-1.0,-1.0,-1.0,-1.0,-1.0,-1.0,-1.0,4
PH005949,AC001706,5,3,1,0,0,2.0,0.0,0.0,0.0,0.0,3.5,0.0,0.0,1.0,0.0,1.0,1.0,2.143032407407407,2.2913310185185187,2.0,2.0,0.0,0.0,0.0,184500.0,15,10250.0,0,1,0,0,train,0.5,2,2,1,-1.0,-1.0,-1.0,-1.0,-1.0,-1.0,-1.0,-1.0,4
PH005950,AC001852,5,2,1,0,0,1.0,0.0,0.0,0.0,0.0,6.0,25.0,25.0,0.0,0.0,1.0,1.0,0.3691203703703704,0.3691203703703704,1.0,1.0,0.0,0.0,1.0,45900.0,80,2550.0,0,2,1,1,train,-1.0,2,1,1,1.0,0.0,0.0,347.0,0.0,1.0,2200.0,2200.0,3
PH005951,AC001273,5,3,0,0,0,2.0,0.0,0.0,0.0,0.0,34.5,0.0,0.0,1.0,0.0,1.0,1.0,0.2125,0.30267361111111113,2.0,2.0,0.0,0.0,0.0,231400.0,202,4450.0,0,2,4,4,train,0.79,1,0,1,9.0,1.0,5.0,199.11111111111111,0.1111111111111111,-1.0,-1.0,-1.0,4
PH005953,AC001576,5,4,0,0,0,-1.0,-1.0,-1.0,-1.0,-1.0,-1.0,-1.0,-1.0,-1.0,-1.0,-1.0,-1.0,-1.0,-1.0,-1.0,-1.0,-1.0,-1.0,-1.0,569800.0,0,15400.0,2,1,0,0,train,0.82,0,1,1,2.0,0.0,1.0,130.5,0.0,-1.0,-1.0,-1.0,5
PH005954,AC000522,5,2,0,0,0,-1.0,-1.0,-1.0,-1.0,-1.0,-1.0,-1.0,-1.0,-1.0,-1.0,-1.0,-1.0,-1.0,-1.0,-1.0,-1.0,-1.0,-1.0,-1.0,57600.0,22,2400.0,0,5,0,0,train,0.34,2,2,1,-1.0,-1.0,-1.0,-1.0,-1.0,-1.0,-1.0,-1.0,3
PH005957,AC000440,5,2,0,0,0,-1.0,-1.0,-1.0,-1.0,-1.0,-1.0,-1.0,-1.0,-1.0,-1.0,-1.0,-1.0,-1.0,-1.0,-1.0,-1.0,-1.0,-1.0,-1.0,161000.0,2,4600.0,0,3,0,0,train,-1.0,1,2,0,-1.0,-1.0,-1.0,-1.0,-1.0,-1.0,-1.0,-1.0,3
