account_id,lender_id,portfolio,income_type,town_id,preferred_language,bucket_start,dpd_start,emi_amount,overdue_start,outstanding,salary_credit_day,bureau_score_band,other_active_loans,paid_other_lenders_30d,last_bounce_reason,ability_to_pay_estimate,prev_ptp_count,prev_ptp_broken,dialling_arm
AC000001,L03,pl_salaried,salaried,T1,kanglish,61-90,81,16750.0,50250.0,737000.0,,550-649,2,False,mandate_not_registered,0.76,2,0,rule_based
AC000002,L03,pl_salaried,salaried,T3,english,X,0,9800.0,9800.0,284200.0,5.0,650-699,2,False,insufficient_funds,0.65,0,0,rule_based
AC000003,L06,msme,self_employed,T2,hinglish,61-90,70,22550.0,67650.0,766700.0,,300-549,2,False,insufficient_funds,0.55,2,2,rule_based
AC000004,L01,credit_card,self_employed,T2,hinglish,61-90,68,4450.0,13350.0,160200.0,,300-549,0,False,insufficient_funds,1.0,0,0,rule_based
AC000005,L01,credit_card,self_employed,T2,hinglish,1-30,24,3950.0,3950.0,63200.0,,300-549,3,False,insufficient_funds,,3,2,rule_based
AC000006,L03,pl_salaried,salaried,T1,english,X,0,4250.0,4250.0,89250.0,,550-649,0,False,insufficient_funds,,0,0,rule_based
AC000007,L01,credit_card,salaried,T1,kanglish,61-90,68,9850.0,29550.0,197000.0,,300-549,4,False,insufficient_funds,0.65,1,1,random_contact_point
AC000008,L03,pl_salaried,salaried,T3,hinglish,1-30,9,11700.0,11700.0,339300.0,,550-649,2,True,insufficient_funds,0.95,1,1,rule_based
AC000009,L06,two_wheeler,salaried,T2,english,90+,162,2900.0,17400.0,37700.0,,300-549,2,False,insufficient_funds,,2,0,rule_based
AC000010,L01,pl_salaried,salaried,T2,hinglish,X,0,9150.0,9150.0,73200.0,,550-649,1,False,insufficient_funds,0.27,0,0,rule_based
AC000011,L02,consumer_durable,self_employed,T2,hinglish,1-30,29,2300.0,2300.0,16100.0,,300-549,2,False,insufficient_funds,0.55,1,0,rule_based
AC000012,L02,consumer_durable,salaried,T1,kanglish,X,0,3950.0,3950.0,161950.0,,550-649,2,False,stop_payment,,0,0,rule_based
AC000013,L03,pl_salaried,salaried,T2,english,61-90,62,15150.0,45450.0,545400.0,28.0,300-549,0,False,insufficient_funds,0.65,0,0,random_contact_point
AC000014,L03,pl_salaried,salaried,T2,hinglish,31-60,45,8100.0,16200.0,186300.0,5.0,300-549,1,False,insufficient_funds,0.37,1,0,rule_based
AC000015,L01,pl_salaried,salaried,T1,kanglish,90+,129,16100.0,80500.0,322000.0,10.0,300-549,2,False,insufficient_funds,0.65,5,4,rule_based
AC000016,L06,two_wheeler,daily_wage,T3,english,90+,324,2300.0,25300.0,112700.0,,300-549,1,False,insufficient_funds,,2,1,random_contact_point
AC000017,L03,pl_salaried,salaried,T1,kanglish,31-60,57,7100.0,14200.0,340800.0,,300-549,5,False,insufficient_funds,0.33,1,0,rule_based
AC000018,L05,msme,self_employed,T3,hinglish,1-30,4,34550.0,34550.0,1451100.0,,550-649,2,False,insufficient_funds,0.89,0,0,rule_based
AC000019,L04,mfi_jlg,daily_wage,T1,kanglish,X,0,1850.0,1850.0,81400.0,,650-699,0,True,insufficient_funds,0.61,0,0,rule_based
AC000020,L06,msme,self_employed,T3,hinglish,90+,122,16150.0,80750.0,274550.0,,300-549,4,False,insufficient_funds,0.52,2,2,rule_based
AC000021,L02,two_wheeler,salaried,T3,english,1-30,28,2350.0,2350.0,18800.0,10.0,550-649,2,True,technical,0.4,1,0,rule_based
AC000022,L03,consumer_durable,salaried,T1,english,90+,216,1450.0,11600.0,37700.0,,300-549,1,False,insufficient_funds,0.19,2,1,rule_based
AC000023,L01,pl_salaried,salaried,T2,hinglish,90+,219,5350.0,42800.0,256800.0,,300-549,2,False,insufficient_funds,0.71,3,1,rule_based
AC000024,L01,credit_card,salaried,T3,kanglish,31-60,32,6200.0,12400.0,272800.0,1.0,300-549,3,False,insufficient_funds,0.38,4,2,rule_based
AC000025,L01,credit_card,salaried,T2,hinglish,31-60,36,4450.0,8900.0,160200.0,,650-699,0,True,insufficient_funds,0.93,2,0,rule_based
AC000026,L03,consumer_durable,salaried,T1,kanglish,90+,121,1450.0,7250.0,49300.0,,300-549,2,False,stop_payment,0.73,1,0,rule_based
AC000027,L02,two_wheeler,salaried,T3,kanglish,61-90,79,4000.0,12000.0,104000.0,1.0,300-549,3,False,insufficient_funds,,2,1,rule_based
AC000028,L05,msme,self_employed,T2,hinglish,61-90,67,36400.0,109200.0,1310400.0,,300-549,2,False,stop_payment,,4,1,rule_based
AC000029,L03,pl_salaried,salaried,T1,kanglish,1-30,25,7600.0,7600.0,121600.0,,300-549,2,False,insufficient_funds,0.09,3,3,rule_based
AC000030,L03,consumer_durable,self_employed,T3,hinglish,31-60,33,2800.0,5600.0,47600.0,,550-649,3,False,insufficient_funds,,0,0,rule_based
AC000031,L02,two_wheeler,daily_wage,T3,english,1-30,11,4750.0,4750.0,142500.0,,550-649,1,False,insufficient_funds,0.74,1,1,rule_based
AC000032,L02,two_wheeler,self_employed,T1,kanglish,90+,136,3400.0,17000.0,98600.0,,300-549,1,False,insufficient_funds,0.29,2,1,rule_based
AC000033,L03,consumer_durable,salaried,T2,hinglish,31-60,32,2600.0,5200.0,119600.0,,300-549,1,False,insufficient_funds,0.65,2,2,rule_based
AC000034,L01,credit_card,salaried,T1,kanglish,61-90,83,10000.0,30000.0,140000.0,10.0,300-549,3,False,insufficient_funds,,1,0,rule_based
AC000035,L01,credit_card,salaried,T3,english,X,0,1700.0,1700.0,18700.0,1.0,650-699,3,False,insufficient_funds,0.54,0,0,rule_based
AC000036,L02,two_wheeler,self_employed,T3,english,90+,148,2600.0,13000.0,101400.0,,300-549,7,True,technical,0.29,4,2,rule_based
AC000037,L03,pl_salaried,salaried,T3,hinglish,1-30,3,3500.0,3500.0,157500.0,5.0,550-649,1,True,insufficient_funds,0.58,1,0,rule_based
AC000038,L01,credit_card,salaried,T1,hinglish,61-90,61,3350.0,10050.0,107200.0,10.0,300-549,4,False,insufficient_funds,0.65,2,2,rule_based
AC000039,L01,pl_salaried,salaried,T1,english,X,0,7200.0,7200.0,252000.0,,550-649,3,True,insufficient_funds,0.27,0,0,rule_based
AC000040,L01,pl_salaried,salaried,T2,hinglish,90+,171,12900.0,77400.0,193500.0,,300-549,1,True,insufficient_funds,,3,2,rule_based
AC000041,L05,msme,self_employed,T1,kanglish,31-60,47,37050.0,74100.0,407550.0,,550-649,0,True,insufficient_funds,0.67,1,0,rule_based
AC000042,L06,two_wheeler,salaried,T1,kanglish,31-60,47,4350.0,8700.0,43500.0,1.0,550-649,1,False,insufficient_funds,0.73,1,0,rule_based
AC000043,L01,credit_card,salaried,T1,kanglish,1-30,11,10200.0,10200.0,275400.0,,550-649,2,True,insufficient_funds,0.4,1,0,rule_based
AC000044,L01,credit_card,salaried,T3,english,1-30,23,7300.0,7300.0,189800.0,1.0,700-749,0,False,insufficient_funds,1.0,2,0,rule_based
AC000045,L02,two_wheeler,salaried,T3,kanglish,1-30,10,2900.0,2900.0,26100.0,1.0,700-749,1,False,insufficient_funds,0.8,0,0,rule_based
AC000046,L06,mfi_jlg,daily_wage,T3,hinglish,X,0,950.0,950.0,45600.0,,550-649,1,False,insufficient_funds,0.0,0,0,random_contact_point
AC000047,L02,consumer_durable,salaried,T1,kanglish,31-60,31,3100.0,6200.0,111600.0,,550-649,0,True,insufficient_funds,0.7,0,0,rule_based
AC000048,L02,consumer_durable,daily_wage,T3,hinglish,31-60,52,1900.0,3800.0,57000.0,,300-549,3,False,insufficient_funds,0.49,0,0,rule_based
AC000049,L01,credit_card,salaried,T2,hinglish,1-30,18,9600.0,9600.0,86400.0,,550-649,4,False,insufficient_funds,,0,0,rule_based
AC000050,L01,credit_card,salaried,T1,hinglish,61-90,74,10300.0,30900.0,92700.0,28.0,550-649,5,False,insufficient_funds,0.45,2,2,rule_based
AC000051,L06,two_wheeler,salaried,T2,hinglish,1-30,30,4800.0,4800.0,110400.0,15.0,300-549,1,False,stop_payment,0.88,2,1,rule_based
AC000052,L02,two_wheeler,salaried,T3,kanglish,X,0,3650.0,3650.0,69350.0,,550-649,2,True,insufficient_funds,0.65,0,0,rule_based
AC000053,L06,two_wheeler,salaried,T1,kanglish,90+,592,2800.0,33600.0,61600.0,5.0,300-549,0,False,insufficient_funds,0.38,1,0,rule_based
AC000054,L04,mfi_jlg,daily_wage,T3,hinglish,1-30,18,2100.0,2100.0,42000.0,,300-549,4,True,insufficient_funds,,0,0,rule_based
AC000055,L06,two_wheeler,salaried,T2,hinglish,31-60,50,3500.0,7000.0,168000.0,15.0,300-549,2,False,insufficient_funds,,3,1,rule_based
AC000056,L01,credit_card,self_employed,T2,hinglish,90+,264,11400.0,102600.0,513000.0,,300-549,3,False,insufficient_funds,0.69,1,0,rule_based
AC000057,L01,credit_card,salaried,T3,hinglish,61-90,64,2150.0,6450.0,43000.0,10.0,300-549,0,True,insufficient_funds,,1,0,rule_based
AC000058,L01,credit_card,salaried,T3,kanglish,31-60,39,9900.0,19800.0,376200.0,30.0,300-549,3,False,insufficient_funds,0.63,1,0,rule_based
AC000059,L01,pl_salaried,salaried,T2,hinglish,31-60,58,5150.0,10300.0,144200.0,,550-649,0,False,insufficient_funds,0.27,0,0,rule_based
AC000060,L03,pl_salaried,salaried,T1,hinglish,90+,193,4650.0,32550.0,195300.0,,300-549,2,True,insufficient_funds,0.88,2,0,rule_based
AC000061,L04,mfi_jlg,daily_wage,T2,hinglish,90+,646,1000.0,12000.0,27000.0,,300-549,2,False,insufficient_funds,0.28,2,0,rule_based
AC000062,L01,credit_card,self_employed,T3,hinglish,1-30,25,8950.0,8950.0,71600.0,,300-549,2,True,insufficient_funds,,0,0,rule_based
AC000063,L01,pl_salaried,salaried,T3,hinglish,31-60,37,5000.0,10000.0,155000.0,25.0,300-549,3,True,insufficient_funds,0.34,4,3,rule_based
AC000064,L02,two_wheeler,salaried,T3,hinglish,90+,206,3050.0,21350.0,161650.0,1.0,300-549,1,True,insufficient_funds,,3,1,rule_based
AC000065,L04,mfi_jlg,self_employed,T3,hinglish,61-90,80,2000.0,6000.0,26000.0,,300-549,4,False,insufficient_funds,0.0,6,3,rule_based
AC000066,L03,pl_salaried,salaried,T3,kanglish,X,0,4150.0,4150.0,107900.0,,300-549,2,False,insufficient_funds,,0,0,rule_based
AC000067,L05,msme,self_employed,T3,hinglish,1-30,23,38700.0,38700.0,1393200.0,,550-649,4,False,insufficient_funds,,3,1,rule_based
AC000068,L03,consumer_durable,self_employed,T1,hinglish,31-60,59,1900.0,3800.0,85500.0,,300-549,1,False,insufficient_funds,0.53,0,0,rule_based
AC000069,L06,two_wheeler,salaried,T2,hinglish,1-30,14,4250.0,4250.0,59500.0,,550-649,2,False,insufficient_funds,,0,0,rule_based
AC000070,L06,mfi_jlg,daily_wage,T2,hinglish,61-90,86,1450.0,4350.0,63800.0,,300-549,1,True,insufficient_funds,,0,0,rule_based
AC000071,L01,pl_salaried,salaried,T2,hinglish,31-60,58,16100.0,32200.0,772800.0,28.0,300-549,2,False,technical,,2,1,rule_based
AC000072,L03,consumer_durable,self_employed,T2,hinglish,1-30,1,3450.0,3450.0,44850.0,,550-649,2,False,insufficient_funds,0.42,2,1,random_contact_point
AC000073,L01,credit_card,salaried,T3,english,1-30,14,3650.0,3650.0,113150.0,10.0,300-549,1,True,insufficient_funds,0.25,0,0,rule_based
AC000074,L03,consumer_durable,daily_wage,T3,kanglish,90+,179,2100.0,12600.0,58800.0,,300-549,1,False,insufficient_funds,0.47,3,2,rule_based
AC000075,L02,two_wheeler,daily_wage,T3,hinglish,90+,428,2500.0,30000.0,140000.0,,300-549,0,True,insufficient_funds,,3,1,rule_based
AC000076,L03,pl_salaried,salaried,T3,kanglish,61-90,87,17150.0,51450.0,668850.0,,550-649,1,False,insufficient_funds,0.93,2,1,rule_based
AC000077,L03,pl_salaried,salaried,T3,english,90+,165,3700.0,22200.0,55500.0,7.0,300-549,1,False,insufficient_funds,0.6,3,1,rule_based
AC000078,L06,mfi_jlg,daily_wage,T3,hinglish,90+,220,1950.0,15600.0,101400.0,,300-549,1,False,insufficient_funds,0.39,3,3,rule_based
AC000079,L06,two_wheeler,salaried,T1,english,31-60,58,4450.0,8900.0,89000.0,30.0,300-549,0,True,insufficient_funds,,2,1,rule_based
AC000080,L01,pl_salaried,salaried,T3,kanglish,X,0,14400.0,14400.0,504000.0,15.0,650-699,2,True,technical,0.5,0,0,rule_based
AC000081,L06,mfi_jlg,self_employed,T1,kanglish,61-90,64,2150.0,6450.0,68800.0,,300-549,0,False,insufficient_funds,0.41,3,3,rule_based
AC000082,L06,msme,self_employed,T3,hinglish,31-60,31,13800.0,27600.0,303600.0,,550-649,2,True,insufficient_funds,,0,0,rule_based
AC000083,L06,two_wheeler,salaried,T1,kanglish,1-30,7,4200.0,4200.0,130200.0,1.0,550-649,2,True,insufficient_funds,0.14,0,0,rule_based
AC000084,L06,two_wheeler,daily_wage,T2,hinglish,90+,101,4450.0,17800.0,213600.0,,300-549,2,False,insufficient_funds,,3,1,rule_based
AC000085,L03,pl_salaried,salaried,T1,hinglish,1-30,14,14050.0,14050.0,562000.0,15.0,550-649,3,False,insufficient_funds,0.5,0,0,rule_based
AC000086,L06,msme,self_employed,T3,english,90+,353,15850.0,190200.0,919300.0,,300-549,3,False,insufficient_funds,0.08,3,2,rule_based
AC000087,L01,credit_card,salaried,T3,hinglish,31-60,42,11300.0,22600.0,90400.0,25.0,300-549,4,False,insufficient_funds,0.28,4,2,rule_based
AC000088,L06,msme,self_employed,T1,hinglish,X,0,27950.0,27950.0,838500.0,,300-549,1,False,insufficient_funds,0.38,0,0,rule_based
AC000089,L01,credit_card,salaried,T1,kanglish,90+,96,5750.0,23000.0,224250.0,10.0,300-549,0,False,insufficient_funds,,4,3,rule_based
AC000090,L06,two_wheeler,salaried,T3,english,61-90,70,4550.0,13650.0,95550.0,,300-549,1,False,technical,0.73,5,3,rule_based
AC000091,L03,pl_salaried,salaried,T1,kanglish,31-60,46,17950.0,35900.0,556450.0,7.0,300-549,4,True,technical,,1,0,rule_based
AC000092,L01,pl_salaried,salaried,T3,hinglish,31-60,52,8200.0,16400.0,336200.0,,300-549,1,True,insufficient_funds,0.97,2,0,rule_based
AC000093,L06,mfi_jlg,daily_wage,T3,english,1-30,15,1350.0,1350.0,63450.0,,300-549,2,False,insufficient_funds,,0,0,rule_based
AC000094,L06,two_wheeler,self_employed,T3,english,1-30,24,2800.0,2800.0,47600.0,,550-649,3,False,insufficient_funds,0.63,0,0,rule_based
AC000095,L02,two_wheeler,daily_wage,T1,kanglish,X,0,3550.0,3550.0,142000.0,,300-549,1,False,insufficient_funds,0.43,1,1,rule_based
AC000096,L02,consumer_durable,salaried,T3,english,1-30,17,3400.0,3400.0,91800.0,7.0,550-649,5,False,technical,,2,0,rule_based
AC000097,L02,consumer_durable,salaried,T3,hinglish,1-30,30,3100.0,3100.0,58900.0,1.0,550-649,2,False,insufficient_funds,0.18,0,0,rule_based
AC000098,L05,msme,self_employed,T2,hinglish,31-60,49,12500.0,25000.0,312500.0,,550-649,4,False,insufficient_funds,,1,1,rule_based
AC000099,L01,pl_salaried,salaried,T3,hinglish,X,0,7300.0,7300.0,51100.0,30.0,550-649,3,True,insufficient_funds,,0,0,rule_based
AC000100,L02,two_wheeler,self_employed,T1,kanglish,31-60,35,4400.0,8800.0,79200.0,,300-549,1,True,insufficient_funds,0.49,1,1,rule_based
AC000101,L05,msme,self_employed,T3,english,1-30,5,10750.0,10750.0,322500.0,,550-649,2,True,insufficient_funds,,0,0,rule_based
AC000102,L01,credit_card,salaried,T1,kanglish,1-30,15,10800.0,10800.0,410400.0,,550-649,1,True,insufficient_funds,0.77,1,1,rule_based
AC000103,L03,pl_salaried,salaried,T1,kanglish,90+,98,9800.0,39200.0,303800.0,7.0,300-549,4,True,insufficient_funds,0.59,5,2,rule_based
AC000104,L05,msme,self_employed,T1,hinglish,90+,146,10350.0,51750.0,434700.0,,300-549,2,True,insufficient_funds,0.67,5,3,rule_based
AC000105,L06,two_wheeler,salaried,T3,hinglish,61-90,87,3200.0,9600.0,144000.0,,300-549,2,True,insufficient_funds,0.28,3,1,rule_based
AC000106,L06,two_wheeler,self_employed,T2,english,X,0,2350.0,2350.0,65800.0,,750-900,1,True,insufficient_funds,,0,0,rule_based
AC000107,L03,consumer_durable,self_employed,T1,english,61-90,61,1450.0,4350.0,18850.0,,300-549,3,False,stop_payment,0.38,0,0,rule_based
AC000108,L02,two_wheeler,self_employed,T1,english,1-30,14,2950.0,2950.0,123900.0,,550-649,0,False,insufficient_funds,,0,0,rule_based
AC000109,L06,two_wheeler,salaried,T3,hinglish,31-60,52,2850.0,5700.0,91200.0,1.0,300-549,3,False,mandate_not_registered,0.81,1,1,rule_based
AC000110,L01,credit_card,self_employed,T1,english,90+,431,7850.0,94200.0,266900.0,,300-549,1,False,insufficient_funds,0.12,3,2,rule_based
AC000111,L01,credit_card,salaried,T2,hinglish,1-30,17,7050.0,7050.0,338400.0,,300-549,4,False,insufficient_funds,,2,1,rule_based
AC000112,L01,pl_salaried,salaried,T2,english,90+,233,15850.0,126800.0,649850.0,30.0,300-549,0,False,insufficient_funds,,4,1,rule_based
AC000113,L06,msme,self_employed,T3,kanglish,61-90,77,27400.0,82200.0,274000.0,,300-549,2,False,insufficient_funds,,4,1,rule_based
AC000114,L06,msme,self_employed,T3,kanglish,1-30,4,33750.0,33750.0,1552500.0,,550-649,1,True,insufficient_funds,,0,0,rule_based
AC000115,L01,credit_card,salaried,T3,kanglish,X,0,3200.0,3200.0,28800.0,7.0,550-649,0,False,technical,0.34,0,0,rule_based
AC000116,L01,credit_card,salaried,T1,english,61-90,63,11100.0,33300.0,499500.0,,300-549,1,True,insufficient_funds,0.5,0,0,rule_based
AC000117,L05,msme,self_employed,T2,hinglish,31-60,34,16300.0,32600.0,130400.0,,300-549,2,False,insufficient_funds,0.27,3,2,rule_based
AC000118,L01,pl_salaried,salaried,T1,kanglish,X,0,13950.0,13950.0,488250.0,1.0,650-699,2,False,insufficient_funds,0.58,0,0,rule_based
AC000119,L02,two_wheeler,salaried,T2,hinglish,X,0,4450.0,4450.0,40050.0,7.0,700-749,2,True,insufficient_funds,1.0,1,1,rule_based
AC000120,L02,two_wheeler,salaried,T2,hinglish,90+,432,3400.0,40800.0,68000.0,7.0,300-549,1,False,insufficient_funds,0.72,5,1,rule_based
AC000121,L04,mfi_jlg,daily_wage,T2,hinglish,1-30,23,1750.0,1750.0,28000.0,,550-649,2,True,insufficient_funds,0.7,1,0,rule_based
AC000122,L03,pl_salaried,salaried,T3,kanglish,90+,136,10050.0,50250.0,211050.0,1.0,300-549,3,False,mandate_not_registered,,7,6,rule_based
AC000123,L04,mfi_jlg,self_employed,T3,hinglish,61-90,75,1050.0,3150.0,37800.0,,300-549,0,False,insufficient_funds,0.35,4,3,rule_based
AC000124,L01,credit_card,salaried,T1,hinglish,1-30,11,7350.0,7350.0,80850.0,,300-549,2,False,insufficient_funds,,0,0,rule_based
AC000125,L06,two_wheeler,daily_wage,T3,english,1-30,15,4000.0,4000.0,112000.0,,550-649,4,True,insufficient_funds,0.4,1,0,rule_based
AC000126,L03,pl_salaried,salaried,T3,kanglish,61-90,76,6650.0,19950.0,332500.0,5.0,300-549,2,False,insufficient_funds,0.73,1,0,rule_based
AC000127,L06,two_wheeler,salaried,T3,kanglish,1-30,17,4700.0,4700.0,47000.0,,550-649,0,True,insufficient_funds,0.71,1,1,rule_based
AC000128,L06,two_wheeler,salaried,T1,kanglish,X,0,3000.0,3000.0,135000.0,,750-900,0,False,insufficient_funds,0.73,0,0,rule_based
AC000129,L01,pl_salaried,salaried,T2,english,1-30,11,13900.0,13900.0,291900.0,5.0,300-549,1,False,stop_payment,0.92,1,1,rule_based
AC000130,L01,pl_salaried,salaried,T2,hinglish,90+,172,15800.0,94800.0,347600.0,1.0,300-549,2,True,insufficient_funds,0.35,0,0,rule_based
AC000131,L01,pl_salaried,salaried,T2,hinglish,61-90,77,9000.0,27000.0,234000.0,10.0,300-549,1,False,mandate_not_registered,,2,1,rule_based
AC000132,L01,credit_card,salaried,T2,hinglish,31-60,33,1550.0,3100.0,24800.0,30.0,300-549,4,False,insufficient_funds,,3,0,random_contact_point
AC000133,L03,pl_salaried,salaried,T1,hinglish,1-30,2,13050.0,13050.0,430650.0,,550-649,1,False,insufficient_funds,0.67,1,0,rule_based
AC000134,L02,consumer_durable,salaried,T1,kanglish,31-60,56,3350.0,6700.0,53600.0,5.0,300-549,2,False,insufficient_funds,0.7,2,1,rule_based
AC000135,L01,credit_card,self_employed,T3,english,61-90,69,1700.0,5100.0,32300.0,,300-549,4,False,insufficient_funds,,2,1,rule_based
AC000136,L05,msme,self_employed,T1,english,X,0,37850.0,37850.0,984100.0,,550-649,1,False,insufficient_funds,0.69,0,0,rule_based
AC000137,L02,consumer_durable,salaried,T1,kanglish,90+,299,3850.0,38500.0,61600.0,,300-549,3,False,insufficient_funds,0.48,1,1,rule_based
AC000138,L01,pl_salaried,salaried,T2,hinglish,90+,94,9000.0,36000.0,90000.0,,300-549,1,True,insufficient_funds,0.53,2,1,rule_based
AC000139,L06,mfi_jlg,self_employed,T2,hinglish,1-30,16,1900.0,1900.0,17100.0,,550-649,0,False,insufficient_funds,0.58,0,0,rule_based
AC000140,L05,msme,self_employed,T2,hinglish,90+,214,33350.0,266800.0,566950.0,,300-549,0,False,insufficient_funds,0.41,7,3,rule_based
AC000141,L06,mfi_jlg,daily_wage,T3,english,61-90,62,1950.0,5850.0,21450.0,,300-549,0,True,insufficient_funds,,4,1,rule_based
AC000142,L06,two_wheeler,self_employed,T2,hinglish,31-60,44,4200.0,8400.0,75600.0,,300-549,1,False,insufficient_funds,0.21,1,1,rule_based
AC000143,L02,two_wheeler,daily_wage,T1,kanglish,X,0,2250.0,2250.0,92250.0,,550-649,1,False,stop_payment,,1,1,rule_based
AC000144,L03,pl_salaried,salaried,T1,kanglish,90+,156,10200.0,61200.0,377400.0,,300-549,2,False,technical,,3,0,rule_based
AC000145,L06,two_wheeler,salaried,T2,hinglish,31-60,49,2450.0,4900.0,19600.0,5.0,300-549,3,True,insufficient_funds,0.41,1,1,rule_based
AC000146,L03,consumer_durable,self_employed,T2,hinglish,61-90,86,3650.0,10950.0,32850.0,,300-549,2,True,insufficient_funds,,2,1,rule_based
AC000147,L03,consumer_durable,salaried,T3,hinglish,1-30,6,1250.0,1250.0,22500.0,,650-699,3,False,insufficient_funds,0.82,2,1,rule_based
AC000148,L03,pl_salaried,salaried,T2,hinglish,1-30,1,10850.0,10850.0,86800.0,,300-549,3,True,insufficient_funds,,1,1,rule_based
AC000149,L06,mfi_jlg,daily_wage,T2,english,90+,142,1150.0,5750.0,28750.0,,300-549,5,False,insufficient_funds,,4,1,rule_based
AC000150,L01,credit_card,salaried,T3,english,31-60,49,9650.0,19300.0,347400.0,10.0,550-649,1,False,insufficient_funds,1.0,0,0,rule_based
AC000151,L02,consumer_durable,salaried,T3,kanglish,X,0,2800.0,2800.0,114800.0,,550-649,3,False,insufficient_funds,0.31,0,0,rule_based
AC000152,L03,pl_salaried,salaried,T3,english,90+,357,14650.0,175800.0,586000.0,7.0,300-549,2,True,mandate_not_registered,,5,3,rule_based
AC000153,L03,consumer_durable,salaried,T2,english,1-30,17,3950.0,3950.0,154050.0,25.0,650-699,2,False,insufficient_funds,,1,0,rule_based
AC000154,L06,msme,self_employed,T1,kanglish,90+,182,10500.0,73500.0,399000.0,,300-549,0,True,insufficient_funds,0.75,1,0,rule_based
AC000155,L03,pl_salaried,salaried,T2,english,90+,157,17650.0,105900.0,741300.0,10.0,300-549,0,False,insufficient_funds,,2,2,rule_based
AC000156,L03,pl_salaried,salaried,T1,hinglish,X,0,9650.0,9650.0,154400.0,10.0,700-749,0,False,insufficient_funds,0.82,0,0,random_contact_point
AC000157,L06,msme,self_employed,T2,hinglish,31-60,50,21050.0,42100.0,736750.0,,300-549,1,False,insufficient_funds,,2,1,rule_based
AC000158,L01,pl_salaried,salaried,T3,english,90+,313,8150.0,89650.0,456400.0,1.0,300-549,1,False,insufficient_funds,0.5,4,3,rule_based
AC000159,L02,two_wheeler,salaried,T2,hinglish,90+,448,2600.0,31200.0,109200.0,,300-549,2,False,insufficient_funds,0.78,5,4,rule_based
AC000160,L03,consumer_durable,self_employed,T1,kanglish,31-60,48,3000.0,6000.0,138000.0,,300-549,2,False,insufficient_funds,0.41,1,0,rule_based
AC000161,L06,two_wheeler,salaried,T1,kanglish,61-90,77,3000.0,9000.0,147000.0,,300-549,5,False,insufficient_funds,,4,3,rule_based
AC000162,L01,credit_card,salaried,T3,english,31-60,60,3200.0,6400.0,112000.0,1.0,300-549,1,False,insufficient_funds,0.49,1,1,rule_based
AC000163,L06,two_wheeler,self_employed,T1,hinglish,1-30,2,3250.0,3250.0,22750.0,,300-549,3,False,insufficient_funds,,0,0,rule_based
AC000164,L01,pl_salaried,salaried,T2,hinglish,31-60,58,8600.0,17200.0,232200.0,,300-549,0,True,stop_payment,0.83,1,0,rule_based
AC000165,L02,consumer_durable,salaried,T3,hinglish,1-30,1,2050.0,2050.0,55350.0,,300-549,4,False,insufficient_funds,0.52,1,1,rule_based
AC000166,L01,credit_card,salaried,T1,english,1-30,20,7800.0,7800.0,117000.0,30.0,550-649,2,False,mandate_not_registered,,1,1,rule_based
AC000167,L01,pl_salaried,salaried,T3,hinglish,1-30,22,5000.0,5000.0,170000.0,,300-549,3,False,insufficient_funds,,1,1,rule_based
AC000168,L01,credit_card,self_employed,T1,hinglish,90+,283,8650.0,86500.0,216250.0,,300-549,2,False,insufficient_funds,0.16,1,1,rule_based
AC000169,L02,consumer_durable,salaried,T3,hinglish,1-30,14,1800.0,1800.0,59400.0,1.0,300-549,5,False,insufficient_funds,,0,0,rule_based
AC000170,L03,pl_salaried,salaried,T1,kanglish,1-30,9,7450.0,7450.0,141550.0,,650-699,1,False,insufficient_funds,,0,0,rule_based
AC000171,L05,msme,self_employed,T1,kanglish,X,0,10200.0,10200.0,489600.0,,700-749,1,False,mandate_not_registered,,1,1,rule_based
AC000172,L06,mfi_jlg,daily_wage,T1,kanglish,1-30,2,750.0,750.0,33000.0,,300-549,5,False,insufficient_funds,0.66,1,0,rule_based
AC000173,L06,msme,self_employed,T3,english,90+,180,37300.0,223800.0,1603900.0,,300-549,4,False,insufficient_funds,,2,1,rule_based
AC000174,L02,consumer_durable,daily_wage,T2,hinglish,1-30,20,3250.0,3250.0,68250.0,,300-549,2,True,mandate_not_registered,0.25,0,0,rule_based
AC000175,L05,msme,self_employed,T3,kanglish,1-30,20,31750.0,31750.0,1016000.0,,550-649,3,False,insufficient_funds,0.53,0,0,rule_based
AC000176,L03,consumer_durable,daily_wage,T2,hinglish,90+,111,3500.0,14000.0,157500.0,,300-549,0,True,insufficient_funds,0.55,3,2,rule_based
AC000177,L03,pl_salaried,salaried,T3,hinglish,X,0,4300.0,4300.0,77400.0,1.0,750-900,2,True,insufficient_funds,,0,0,rule_based
AC000178,L05,msme,self_employed,T2,english,31-60,35,29950.0,59900.0,569050.0,,300-549,1,False,insufficient_funds,0.0,1,0,rule_based
AC000179,L02,two_wheeler,self_employed,T2,hinglish,61-90,71,3450.0,10350.0,158700.0,,300-549,1,True,insufficient_funds,0.58,2,0,rule_based
AC000180,L06,two_wheeler,daily_wage,T2,hinglish,61-90,70,2850.0,8550.0,76950.0,,300-549,2,False,insufficient_funds,0.9,2,1,rule_based
AC000181,L02,consumer_durable,salaried,T1,hinglish,1-30,15,3950.0,3950.0,79000.0,,300-549,1,False,insufficient_funds,0.26,0,0,rule_based
AC000182,L03,consumer_durable,salaried,T3,english,61-90,83,3900.0,11700.0,120900.0,10.0,300-549,0,True,insufficient_funds,0.38,5,0,rule_based
AC000183,L06,mfi_jlg,self_employed,T3,english,31-60,59,1350.0,2700.0,49950.0,,300-549,1,False,stop_payment,0.51,2,2,rule_based
AC000184,L02,two_wheeler,salaried,T1,hinglish,61-90,64,2350.0,7050.0,21150.0,1.0,300-549,5,False,insufficient_funds,0.61,3,2,rule_based
AC000185,L06,two_wheeler,salaried,T3,hinglish,1-30,26,3950.0,3950.0,82950.0,,550-649,3,False,insufficient_funds,0.74,1,1,rule_based
AC000186,L01,credit_card,salaried,T1,hinglish,61-90,67,4450.0,13350.0,191350.0,30.0,300-549,3,False,insufficient_funds,,1,1,rule_based
AC000187,L01,credit_card,salaried,T3,hinglish,31-60,32,7500.0,15000.0,247500.0,7.0,650-699,4,True,insufficient_funds,1.0,1,0,rule_based
AC000188,L01,credit_card,salaried,T3,hinglish,61-90,61,4000.0,12000.0,136000.0,7.0,300-549,2,False,insufficient_funds,0.77,3,0,rule_based
AC000189,L01,pl_salaried,salaried,T1,english,90+,237,9400.0,75200.0,300800.0,15.0,300-549,2,False,insufficient_funds,1.0,2,1,rule_based
AC000190,L01,pl_salaried,salaried,T1,kanglish,90+,240,5500.0,44000.0,93500.0,25.0,300-549,1,True,insufficient_funds,0.82,5,4,rule_based
AC000191,L06,mfi_jlg,self_employed,T3,english,61-90,86,950.0,2850.0,26600.0,,300-549,1,False,insufficient_funds,,3,3,rule_based
AC000192,L02,two_wheeler,salaried,T2,hinglish,1-30,4,2250.0,2250.0,15750.0,,300-549,4,False,insufficient_funds,,0,0,rule_based
AC000193,L02,consumer_durable,salaried,T2,hinglish,X,0,2200.0,2200.0,52800.0,7.0,700-749,0,True,insufficient_funds,0.73,1,0,rule_based
AC000194,L02,two_wheeler,salaried,T3,kanglish,31-60,52,4300.0,8600.0,51600.0,7.0,300-549,3,False,insufficient_funds,0.0,1,0,rule_based
AC000195,L03,pl_salaried,salaried,T1,kanglish,X,0,8200.0,8200.0,328000.0,30.0,300-549,0,True,insufficient_funds,,1,0,rule_based
AC000196,L03,pl_salaried,self_employed,T1,english,61-90,71,14900.0,44700.0,596000.0,,300-549,2,False,insufficient_funds,0.26,3,0,rule_based
AC000197,L01,pl_salaried,salaried,T3,english,61-90,64,6700.0,20100.0,221100.0,10.0,300-549,2,False,insufficient_funds,,1,1,random_contact_point
AC000198,L03,consumer_durable,salaried,T3,english,31-60,48,3000.0,6000.0,123000.0,,300-549,3,False,insufficient_funds,,0,0,rule_based
AC000199,L03,pl_salaried,salaried,T2,english,1-30,23,12200.0,12200.0,341600.0,30.0,550-649,2,False,insufficient_funds,,0,0,rule_based
AC000200,L06,two_wheeler,self_employed,T1,kanglish,90+,202,4600.0,32200.0,234600.0,,300-549,3,False,mandate_not_registered,,3,1,rule_based
AC000201,L03,consumer_durable,salaried,T3,hinglish,31-60,58,1500.0,3000.0,42000.0,1.0,550-649,2,False,insufficient_funds,0.54,1,0,random_contact_point
AC000202,L02,consumer_durable,salaried,T1,english,31-60,40,1500.0,3000.0,13500.0,,300-549,4,False,mandate_not_registered,0.5,2,1,rule_based
AC000203,L03,pl_salaried,salaried,T1,hinglish,31-60,36,16500.0,33000.0,445500.0,15.0,550-649,1,True,technical,0.61,0,0,rule_based
AC000204,L03,pl_salaried,salaried,T1,kanglish,X,0,11500.0,11500.0,126500.0,1.0,700-749,0,True,insufficient_funds,1.0,1,0,rule_based
AC000205,L01,pl_salaried,salaried,T3,hinglish,61-90,85,5900.0,17700.0,253700.0,,300-549,1,False,insufficient_funds,,2,1,rule_based
AC000206,L03,pl_salaried,salaried,T1,english,X,0,8150.0,8150.0,244500.0,25.0,700-749,4,False,insufficient_funds,,0,0,rule_based
AC000207,L03,pl_salaried,salaried,T1,kanglish,31-60,55,11850.0,23700.0,331800.0,10.0,550-649,2,False,insufficient_funds,0.29,0,0,rule_based
AC000208,L06,two_wheeler,self_employed,T2,hinglish,1-30,11,4050.0,4050.0,81000.0,,300-549,2,False,insufficient_funds,,0,0,rule_based
AC000209,L02,consumer_durable,salaried,T2,hinglish,1-30,9,1400.0,1400.0,37800.0,1.0,650-699,2,False,insufficient_funds,0.0,1,1,rule_based
AC000210,L02,two_wheeler,salaried,T1,kanglish,1-30,26,3750.0,3750.0,180000.0,15.0,300-549,3,False,insufficient_funds,0.39,0,0,rule_based
AC000211,L04,mfi_jlg,self_employed,T2,hinglish,X,0,1950.0,1950.0,23400.0,,550-649,4,True,insufficient_funds,0.41,0,0,rule_based
AC000212,L03,pl_salaried,salaried,T2,hinglish,90+,209,10600.0,74200.0,254400.0,,300-549,2,True,insufficient_funds,,6,5,rule_based
AC000213,L05,msme,self_employed,T2,hinglish,61-90,83,29850.0,89550.0,567150.0,,300-549,4,False,insufficient_funds,0.73,1,1,rule_based
AC000214,L06,two_wheeler,self_employed,T1,kanglish,X,0,3900.0,3900.0,46800.0,,650-699,3,True,insufficient_funds,0.45,0,0,rule_based
AC000215,L05,msme,self_employed,T3,kanglish,X,0,17150.0,17150.0,686000.0,,300-549,3,False,insufficient_funds,0.23,1,0,rule_based
AC000216,L03,consumer_durable,salaried,T3,hinglish,61-90,65,4000.0,12000.0,172000.0,10.0,300-549,1,False,insufficient_funds,0.21,5,5,rule_based
AC000217,L01,credit_card,self_employed,T1,kanglish,X,0,11450.0,11450.0,469450.0,,700-749,2,False,insufficient_funds,,0,0,rule_based
AC000218,L01,pl_salaried,salaried,T2,hinglish,31-60,44,5250.0,10500.0,136500.0,,300-549,3,True,insufficient_funds,0.83,0,0,rule_based
AC000219,L03,pl_salaried,salaried,T1,english,X,0,9700.0,9700.0,203700.0,,750-900,0,True,technical,0.68,1,1,rule_based
AC000220,L06,two_wheeler,salaried,T2,hinglish,31-60,39,3900.0,7800.0,74100.0,,300-549,3,False,insufficient_funds,0.58,3,1,rule_based
AC000221,L03,consumer_durable,salaried,T3,english,90+,216,1650.0,13200.0,36300.0,,300-549,2,False,insufficient_funds,,1,0,rule_based
AC000222,L01,credit_card,salaried,T1,kanglish,1-30,10,10550.0,10550.0,232100.0,7.0,550-649,2,True,insufficient_funds,0.48,1,0,rule_based
AC000223,L04,mfi_jlg,self_employed,T3,kanglish,90+,106,1100.0,4400.0,47300.0,,300-549,3,False,mandate_not_registered,0.32,2,1,rule_based
AC000224,L06,two_wheeler,self_employed,T2,hinglish,90+,190,4600.0,32200.0,73600.0,,300-549,1,False,insufficient_funds,0.39,3,1,rule_based
AC000225,L03,pl_salaried,salaried,T1,kanglish,90+,103,11150.0,44600.0,535200.0,,300-549,4,False,insufficient_funds,,8,4,rule_based
AC000226,L01,credit_card,self_employed,T1,kanglish,61-90,73,4500.0,13500.0,103500.0,,300-549,3,False,technical,0.84,1,0,rule_based
AC000227,L04,mfi_jlg,daily_wage,T1,english,90+,172,2100.0,12600.0,86100.0,,300-549,0,True,technical,0.23,3,3,rule_based
AC000228,L04,mfi_jlg,self_employed,T3,hinglish,31-60,50,2150.0,4300.0,66650.0,,300-549,3,False,insufficient_funds,0.27,2,2,rule_based
AC000229,L06,two_wheeler,salaried,T2,hinglish,90+,221,4700.0,37600.0,136300.0,15.0,550-649,0,True,insufficient_funds,,0,0,rule_based
AC000230,L01,pl_salaried,salaried,T3,hinglish,X,0,7000.0,7000.0,217000.0,5.0,750-900,2,True,insufficient_funds,0.87,1,0,rule_based
AC000231,L06,mfi_jlg,self_employed,T1,kanglish,61-90,83,2050.0,6150.0,59450.0,,300-549,5,True,insufficient_funds,0.11,3,1,random_contact_point
AC000232,L03,pl_salaried,salaried,T1,english,31-60,33,12200.0,24400.0,207400.0,5.0,300-549,2,False,insufficient_funds,0.2,2,0,rule_based
AC000233,L03,consumer_durable,self_employed,T2,hinglish,X,0,2650.0,2650.0,113950.0,,650-699,0,False,insufficient_funds,0.45,0,0,rule_based
AC000234,L01,pl_salaried,salaried,T2,english,1-30,20,4050.0,4050.0,117450.0,25.0,550-649,2,False,insufficient_funds,0.83,1,0,rule_based
AC000235,L03,pl_salaried,salaried,T1,kanglish,1-30,11,8050.0,8050.0,104650.0,15.0,550-649,0,False,stop_payment,0.65,0,0,rule_based
AC000236,L02,two_wheeler,self_employed,T1,hinglish,1-30,27,3300.0,3300.0,112200.0,,650-699,2,True,insufficient_funds,,0,0,rule_based
AC000237,L06,two_wheeler,salaried,T3,english,1-30,7,3800.0,3800.0,34200.0,,300-549,0,False,insufficient_funds,,0,0,rule_based
AC000238,L06,two_wheeler,daily_wage,T2,hinglish,1-30,18,4300.0,4300.0,107500.0,,550-649,3,True,insufficient_funds,0.54,0,0,rule_based
AC000239,L06,two_wheeler,daily_wage,T1,kanglish,1-30,21,2200.0,2200.0,99000.0,,300-549,2,True,technical,0.05,0,0,rule_based
AC000240,L02,consumer_durable,salaried,T3,english,31-60,45,2500.0,5000.0,62500.0,,300-549,1,False,insufficient_funds,,5,2,random_contact_point
AC000241,L06,two_wheeler,daily_wage,T2,hinglish,X,0,3550.0,3550.0,110050.0,,550-649,1,True,insufficient_funds,0.0,0,0,rule_based
AC000242,L06,two_wheeler,daily_wage,T3,kanglish,1-30,9,3900.0,3900.0,31200.0,,650-699,1,False,insufficient_funds,0.73,2,0,rule_based
AC000243,L06,two_wheeler,salaried,T3,kanglish,1-30,26,4050.0,4050.0,133650.0,,550-649,3,False,insufficient_funds,0.8,2,2,rule_based
AC000244,L03,pl_salaried,salaried,T1,kanglish,1-30,15,15050.0,15050.0,436450.0,1.0,300-549,3,False,insufficient_funds,0.4,3,2,rule_based
AC000245,L06,two_wheeler,self_employed,T3,kanglish,X,0,3150.0,3150.0,37800.0,,700-749,2,False,insufficient_funds,,2,0,rule_based
AC000246,L03,pl_salaried,salaried,T1,kanglish,90+,119,6900.0,27600.0,282900.0,1.0,300-549,1,False,insufficient_funds,0.73,4,2,rule_based
AC000247,L06,mfi_jlg,daily_wage,T1,english,1-30,10,1600.0,1600.0,59200.0,,550-649,2,False,insufficient_funds,,1,0,rule_based
AC000248,L01,pl_salaried,salaried,T2,hinglish,1-30,10,12100.0,12100.0,290400.0,,300-549,2,False,insufficient_funds,0.57,2,1,rule_based
AC000249,L03,consumer_durable,salaried,T3,kanglish,31-60,49,2150.0,4300.0,66650.0,,300-549,0,True,insufficient_funds,0.14,1,0,rule_based
AC000250,L06,two_wheeler,salaried,T1,hinglish,90+,218,2950.0,23600.0,91450.0,10.0,300-549,2,False,technical,0.77,2,0,rule_based
AC000251,L02,consumer_durable,salaried,T1,hinglish,31-60,54,2800.0,5600.0,61600.0,7.0,300-549,3,False,insufficient_funds,,0,0,rule_based
AC000252,L06,two_wheeler,daily_wage,T1,kanglish,1-30,4,2650.0,2650.0,26500.0,,550-649,2,False,insufficient_funds,0.38,1,0,random_contact_point
AC000253,L01,pl_salaried,salaried,T1,english,31-60,59,9150.0,18300.0,329400.0,30.0,300-549,1,False,insufficient_funds,0.6,2,0,rule_based
AC000254,L06,msme,self_employed,T1,english,31-60,44,37850.0,75700.0,605600.0,,300-549,1,False,insufficient_funds,0.16,0,0,rule_based
AC000255,L04,mfi_jlg,self_employed,T1,kanglish,1-30,11,1100.0,1100.0,49500.0,,300-549,2,False,insufficient_funds,0.3,0,0,rule_based
AC000256,L06,msme,self_employed,T3,hinglish,90+,110,37550.0,150200.0,1915050.0,,300-549,3,True,insufficient_funds,0.61,2,2,rule_based
AC000257,L06,two_wheeler,salaried,T3,hinglish,90+,270,3650.0,32850.0,193450.0,,300-549,1,True,insufficient_funds,0.7,1,0,rule_based
AC000258,L06,mfi_jlg,self_employed,T3,english,31-60,53,1900.0,3800.0,60800.0,,300-549,0,True,insufficient_funds,0.83,2,2,rule_based
AC000259,L06,msme,self_employed,T1,kanglish,X,0,31650.0,31650.0,253200.0,,550-649,0,False,insufficient_funds,,0,0,rule_based
AC000260,L06,mfi_jlg,daily_wage,T1,english,31-60,40,1750.0,3500.0,68250.0,,300-549,4,True,insufficient_funds,0.44,2,1,rule_based
AC000261,L01,credit_card,salaried,T2,hinglish,90+,450,7050.0,84600.0,148050.0,,300-549,4,True,insufficient_funds,0.82,1,1,rule_based
AC000262,L06,mfi_jlg,self_employed,T2,hinglish,90+,205,2150.0,15050.0,101050.0,,300-549,2,True,insufficient_funds,0.78,4,2,rule_based
AC000263,L04,mfi_jlg,daily_wage,T2,hinglish,1-30,21,1250.0,1250.0,36250.0,,300-549,0,False,mandate_not_registered,,1,0,rule_based
AC000264,L03,consumer_durable,daily_wage,T1,hinglish,1-30,16,1200.0,1200.0,37200.0,,550-649,4,False,insufficient_funds,,0,0,rule_based
AC000265,L01,credit_card,self_employed,T3,kanglish,1-30,5,6750.0,6750.0,222750.0,,550-649,2,False,insufficient_funds,0.75,0,0,rule_based
AC000266,L02,two_wheeler,salaried,T2,english,61-90,84,4600.0,13800.0,184000.0,1.0,300-549,3,False,insufficient_funds,0.28,3,2,rule_based
AC000267,L06,msme,self_employed,T2,hinglish,31-60,45,23000.0,46000.0,1081000.0,,300-549,2,False,insufficient_funds,0.25,1,1,rule_based
AC000268,L02,two_wheeler,self_employed,T2,hinglish,1-30,16,4550.0,4550.0,127400.0,,550-649,2,True,stop_payment,0.64,1,0,rule_based
AC000269,L04,mfi_jlg,self_employed,T1,kanglish,1-30,22,800.0,800.0,25600.0,,300-549,3,False,insufficient_funds,0.33,0,0,rule_based
AC000270,L06,two_wheeler,salaried,T1,kanglish,1-30,11,3150.0,3150.0,129150.0,30.0,750-900,1,False,insufficient_funds,0.73,2,0,rule_based
AC000271,L03,pl_salaried,salaried,T3,hinglish,90+,142,7750.0,38750.0,341000.0,,300-549,2,False,insufficient_funds,,4,2,rule_based
AC000272,L06,mfi_jlg,self_employed,T2,english,1-30,30,2200.0,2200.0,55000.0,,550-649,2,False,insufficient_funds,,1,0,rule_based
AC000273,L01,pl_salaried,salaried,T1,kanglish,1-30,11,16750.0,16750.0,603000.0,,300-549,2,False,insufficient_funds,0.26,0,0,rule_based
AC000274,L03,pl_salaried,salaried,T1,kanglish,61-90,75,8150.0,24450.0,105950.0,,300-549,0,False,stop_payment,0.59,2,2,rule_based
AC000275,L04,mfi_jlg,daily_wage,T1,kanglish,31-60,41,1950.0,3900.0,50700.0,,700-749,0,True,insufficient_funds,0.94,0,0,random_contact_point
AC000276,L04,mfi_jlg,self_employed,T3,hinglish,61-90,69,1050.0,3150.0,12600.0,,300-549,1,True,insufficient_funds,0.84,2,0,random_contact_point
AC000277,L03,consumer_durable,salaried,T3,hinglish,90+,104,2350.0,9400.0,56400.0,25.0,300-549,2,True,insufficient_funds,0.77,5,2,rule_based
AC000278,L03,pl_salaried,salaried,T2,hinglish,X,0,6550.0,6550.0,176850.0,5.0,550-649,2,True,insufficient_funds,,1,1,rule_based
AC000279,L03,pl_salaried,salaried,T3,english,X,0,16650.0,16650.0,549450.0,7.0,550-649,3,True,insufficient_funds,0.54,0,0,rule_based
AC000280,L02,consumer_durable,salaried,T2,hinglish,X,0,2650.0,2650.0,60950.0,,700-749,3,False,insufficient_funds,0.5,0,0,rule_based
AC000281,L03,pl_salaried,self_employed,T3,kanglish,61-90,73,14200.0,42600.0,511200.0,,300-549,3,False,technical,0.6,1,1,rule_based
AC000282,L01,pl_salaried,salaried,T2,hinglish,90+,479,13250.0,159000.0,265000.0,,300-549,1,False,insufficient_funds,0.25,6,5,rule_based
AC000283,L01,credit_card,self_employed,T3,kanglish,1-30,27,11600.0,11600.0,243600.0,,300-549,1,False,insufficient_funds,0.24,1,1,rule_based
AC000284,L02,two_wheeler,self_employed,T3,hinglish,61-90,74,2850.0,8550.0,34200.0,,300-549,2,False,insufficient_funds,0.59,2,1,rule_based
AC000285,L02,consumer_durable,self_employed,T2,hinglish,61-90,80,3600.0,10800.0,75600.0,,300-549,1,True,stop_payment,,1,0,rule_based
AC000286,L06,mfi_jlg,daily_wage,T1,kanglish,90+,337,1800.0,21600.0,54000.0,,300-549,1,True,insufficient_funds,,1,1,rule_based
AC000287,L06,mfi_jlg,self_employed,T1,kanglish,31-60,53,700.0,1400.0,8400.0,,300-549,3,False,insufficient_funds,0.41,2,2,rule_based
AC000288,L03,pl_salaried,salaried,T1,hinglish,1-30,27,3750.0,3750.0,90000.0,5.0,300-549,2,True,insufficient_funds,0.83,1,0,rule_based
AC000289,L01,credit_card,salaried,T1,kanglish,61-90,65,5650.0,16950.0,73450.0,1.0,300-549,3,False,mandate_not_registered,,0,0,rule_based
AC000290,L06,two_wheeler,salaried,T2,english,61-90,66,4250.0,12750.0,157250.0,,550-649,1,False,insufficient_funds,0.65,0,0,rule_based
AC000291,L01,pl_salaried,salaried,T2,hinglish,61-90,77,4950.0,14850.0,59400.0,30.0,300-549,2,False,insufficient_funds,0.64,5,1,rule_based
AC000292,L03,pl_salaried,salaried,T1,hinglish,90+,251,12600.0,113400.0,655200.0,25.0,300-549,1,True,insufficient_funds,0.84,5,2,rule_based
AC000293,L01,credit_card,salaried,T3,english,1-30,25,7400.0,7400.0,266400.0,15.0,650-699,0,True,insufficient_funds,0.82,1,1,rule_based
AC000294,L03,pl_salaried,salaried,T1,hinglish,61-90,75,6150.0,18450.0,141450.0,30.0,300-549,2,False,insufficient_funds,0.63,0,0,rule_based
AC000295,L06,two_wheeler,self_employed,T1,english,1-30,15,4100.0,4100.0,118900.0,,300-549,4,True,insufficient_funds,0.5,1,1,rule_based
AC000296,L04,mfi_jlg,daily_wage,T1,kanglish,1-30,16,1550.0,1550.0,43400.0,,300-549,0,False,insufficient_funds,0.18,1,1,rule_based
AC000297,L03,pl_salaried,salaried,T3,kanglish,1-30,2,6400.0,6400.0,275200.0,1.0,300-549,3,True,insufficient_funds,0.29,1,0,rule_based
AC000298,L02,two_wheeler,daily_wage,T2,hinglish,1-30,20,3500.0,3500.0,52500.0,,650-699,1,False,technical,1.0,0,0,rule_based
AC000299,L05,msme,self_employed,T1,hinglish,X,0,9500.0,9500.0,104500.0,,300-549,1,False,insufficient_funds,0.21,0,0,rule_based
AC000300,L04,mfi_jlg,self_employed,T1,kanglish,61-90,89,1250.0,3750.0,33750.0,,300-549,4,False,insufficient_funds,0.19,1,1,rule_based
AC000301,L05,msme,self_employed,T2,hinglish,90+,157,8900.0,53400.0,471700.0,,300-549,1,True,insufficient_funds,,2,2,rule_based
AC000302,L02,two_wheeler,self_employed,T3,hinglish,1-30,3,3200.0,3200.0,60800.0,,300-549,1,False,insufficient_funds,0.49,2,2,rule_based
AC000303,L05,msme,self_employed,T2,english,1-30,7,12400.0,12400.0,322400.0,,550-649,1,False,insufficient_funds,0.64,0,0,rule_based
AC000304,L01,pl_salaried,salaried,T2,hinglish,X,0,14700.0,14700.0,617400.0,,550-649,1,False,insufficient_funds,,0,0,rule_based
AC000305,L01,credit_card,salaried,T2,english,1-30,28,11250.0,11250.0,450000.0,10.0,550-649,1,False,insufficient_funds,,1,1,rule_based
AC000306,L03,pl_salaried,salaried,T1,kanglish,1-30,27,7300.0,7300.0,109500.0,1.0,300-549,3,False,insufficient_funds,0.35,1,0,rule_based
AC000307,L02,two_wheeler,salaried,T2,hinglish,31-60,49,2500.0,5000.0,42500.0,28.0,550-649,3,False,technical,0.63,0,0,rule_based
AC000308,L01,credit_card,salaried,T2,english,90+,248,3200.0,28800.0,70400.0,,300-549,0,True,stop_payment,0.77,8,7,rule_based
AC000309,L03,pl_salaried,salaried,T3,hinglish,31-60,41,4050.0,8100.0,85050.0,10.0,300-549,2,False,insufficient_funds,0.53,1,1,random_contact_point
AC000310,L06,mfi_jlg,daily_wage,T1,kanglish,61-90,67,1250.0,3750.0,23750.0,,300-549,2,False,technical,,1,0,rule_based
AC000311,L01,credit_card,salaried,T1,hinglish,61-90,81,7300.0,21900.0,102200.0,,300-549,3,False,insufficient_funds,0.5,2,2,rule_based
AC000312,L03,pl_salaried,salaried,T2,hinglish,1-30,25,3550.0,3550.0,31950.0,7.0,650-699,2,False,technical,0.48,0,0,rule_based
AC000313,L03,pl_salaried,salaried,T3,kanglish,1-30,6,9650.0,9650.0,202650.0,,700-749,6,False,insufficient_funds,0.71,0,0,rule_based
AC000314,L02,two_wheeler,salaried,T2,hinglish,X,0,4250.0,4250.0,76500.0,5.0,550-649,0,False,insufficient_funds,0.54,0,0,rule_based
AC000315,L01,credit_card,salaried,T3,hinglish,1-30,23,2600.0,2600.0,57200.0,5.0,300-549,1,False,insufficient_funds,0.33,0,0,rule_based
AC000316,L01,credit_card,self_employed,T3,hinglish,90+,263,8000.0,72000.0,216000.0,,300-549,0,True,insufficient_funds,0.45,2,1,random_contact_point
AC000317,L03,pl_salaried,salaried,T3,hinglish,31-60,54,12250.0,24500.0,257250.0,,550-649,0,False,insufficient_funds,,1,1,rule_based
AC000318,L04,mfi_jlg,daily_wage,T2,hinglish,31-60,40,1050.0,2100.0,12600.0,,300-549,3,False,insufficient_funds,0.15,3,2,rule_based
AC000319,L03,consumer_durable,self_employed,T3,hinglish,1-30,7,3300.0,3300.0,148500.0,,650-699,2,False,insufficient_funds,0.63,0,0,rule_based
AC000320,L06,two_wheeler,salaried,T3,english,1-30,12,3800.0,3800.0,64600.0,5.0,650-699,0,False,insufficient_funds,0.73,1,1,rule_based
AC000321,L06,mfi_jlg,daily_wage,T2,hinglish,90+,124,1100.0,5500.0,50600.0,,300-549,3,True,stop_payment,,3,2,rule_based
AC000322,L05,msme,self_employed,T2,hinglish,1-30,14,27050.0,27050.0,1000850.0,,300-549,4,False,insufficient_funds,0.27,0,0,rule_based
AC000323,L03,consumer_durable,self_employed,T1,kanglish,61-90,68,3750.0,11250.0,48750.0,,550-649,1,False,insufficient_funds,,3,0,rule_based
AC000324,L06,two_wheeler,salaried,T2,hinglish,X,0,3200.0,3200.0,83200.0,,300-549,1,False,insufficient_funds,,0,0,rule_based
AC000325,L02,consumer_durable,salaried,T3,english,X,0,2350.0,2350.0,54050.0,,650-699,1,False,insufficient_funds,0.68,0,0,rule_based
AC000326,L03,consumer_durable,salaried,T3,hinglish,1-30,7,1600.0,1600.0,43200.0,7.0,300-549,1,False,technical,0.59,0,0,rule_based
AC000327,L06,msme,self_employed,T2,hinglish,90+,191,33550.0,234850.0,872300.0,,300-549,2,False,insufficient_funds,0.43,4,3,rule_based
AC000328,L02,two_wheeler,self_employed,T3,english,1-30,27,4600.0,4600.0,151800.0,,300-549,3,True,mandate_not_registered,0.27,1,1,rule_based
AC000329,L03,pl_salaried,salaried,T1,kanglish,61-90,78,16050.0,48150.0,770400.0,,300-549,2,False,insufficient_funds,0.23,1,1,rule_based
AC000330,L03,pl_salaried,self_employed,T3,kanglish,1-30,2,4650.0,4650.0,93000.0,,300-549,2,False,insufficient_funds,0.58,0,0,rule_based
AC000331,L02,two_wheeler,salaried,T2,hinglish,31-60,41,3900.0,7800.0,128700.0,25.0,550-649,4,True,insufficient_funds,0.47,1,0,rule_based
AC000332,L02,two_wheeler,salaried,T2,hinglish,31-60,34,4600.0,9200.0,96600.0,,550-649,3,False,insufficient_funds,,2,0,rule_based
AC000333,L01,credit_card,salaried,T2,hinglish,31-60,41,5350.0,10700.0,240750.0,,300-549,3,False,insufficient_funds,0.15,2,0,rule_based
AC000334,L06,two_wheeler,salaried,T3,hinglish,1-30,15,3450.0,3450.0,69000.0,28.0,550-649,0,False,insufficient_funds,0.99,2,1,rule_based
AC000335,L06,two_wheeler,daily_wage,T1,english,1-30,14,3400.0,3400.0,81600.0,,650-699,2,False,insufficient_funds,0.55,1,0,rule_based
AC000336,L06,msme,self_employed,T2,hinglish,90+,565,38350.0,460200.0,1188850.0,,300-549,1,False,mandate_not_registered,0.88,3,3,rule_based
AC000337,L03,pl_salaried,salaried,T3,hinglish,31-60,40,5950.0,11900.0,196350.0,,300-549,2,False,insufficient_funds,0.27,2,2,rule_based
AC000338,L03,pl_salaried,salaried,T1,english,1-30,4,10950.0,10950.0,503700.0,,700-749,1,True,insufficient_funds,,2,1,rule_based
AC000339,L06,msme,self_employed,T2,hinglish,1-30,5,13600.0,13600.0,163200.0,,300-549,2,False,insufficient_funds,0.12,1,0,rule_based
AC000340,L05,msme,self_employed,T2,hinglish,X,0,16800.0,16800.0,336000.0,,550-649,1,False,insufficient_funds,,0,0,rule_based
AC000341,L02,consumer_durable,salaried,T3,english,31-60,59,2400.0,4800.0,28800.0,,300-549,0,False,insufficient_funds,,0,0,rule_based
AC000342,L06,msme,self_employed,T3,hinglish,1-30,13,9750.0,9750.0,282750.0,,550-649,3,True,stop_payment,0.93,0,0,rule_based
AC000343,L03,consumer_durable,salaried,T1,english,X,0,4100.0,4100.0,131200.0,,750-900,0,False,insufficient_funds,0.9,0,0,rule_based
AC000344,L01,credit_card,salaried,T3,hinglish,1-30,12,11650.0,11650.0,419400.0,1.0,750-900,1,False,technical,0.98,0,0,rule_based
AC000345,L01,credit_card,salaried,T2,hinglish,31-60,34,5850.0,11700.0,181350.0,,550-649,1,False,insufficient_funds,0.72,2,2,random_contact_point
AC000346,L01,pl_salaried,salaried,T2,hinglish,90+,137,8450.0,42250.0,354900.0,10.0,300-549,0,False,insufficient_funds,0.4,3,3,rule_based
AC000347,L02,two_wheeler,salaried,T1,kanglish,61-90,82,4650.0,13950.0,213900.0,5.0,300-549,2,False,insufficient_funds,0.15,2,0,rule_based
AC000348,L03,consumer_durable,salaried,T1,english,31-60,59,1850.0,3700.0,16650.0,1.0,300-549,2,False,mandate_not_registered,0.52,0,0,rule_based
AC000349,L01,credit_card,salaried,T2,hinglish,61-90,68,2950.0,8850.0,109150.0,,300-549,1,False,insufficient_funds,0.74,1,1,rule_based
AC000350,L06,two_wheeler,salaried,T1,kanglish,1-30,25,4700.0,4700.0,192700.0,,300-549,2,False,insufficient_funds,,0,0,rule_based
AC000351,L01,credit_card,salaried,T3,kanglish,31-60,59,10250.0,20500.0,164000.0,,300-549,0,False,insufficient_funds,0.55,3,0,rule_based
AC000352,L01,pl_salaried,salaried,T1,kanglish,X,0,10250.0,10250.0,102500.0,,550-649,2,False,insufficient_funds,,0,0,rule_based
AC000353,L01,pl_salaried,salaried,T3,english,X,0,16850.0,16850.0,471800.0,15.0,650-699,4,False,insufficient_funds,0.34,1,0,rule_based
AC000354,L03,pl_salaried,salaried,T3,hinglish,31-60,54,11150.0,22300.0,323350.0,,300-549,2,True,insufficient_funds,0.57,1,1,rule_based
AC000355,L02,consumer_durable,salaried,T2,english,1-30,25,1700.0,1700.0,13600.0,1.0,550-649,4,True,insufficient_funds,,1,0,rule_based
AC000356,L01,credit_card,salaried,T3,kanglish,61-90,69,10100.0,30300.0,232300.0,15.0,300-549,1,False,technical,0.32,1,1,rule_based
AC000357,L05,msme,self_employed,T3,hinglish,31-60,52,39650.0,79300.0,1387750.0,,300-549,3,False,mandate_not_registered,,1,1,rule_based
AC000358,L04,mfi_jlg,self_employed,T3,kanglish,X,0,1400.0,1400.0,15400.0,,300-549,4,False,insufficient_funds,,0,0,rule_based
AC000359,L03,pl_salaried,salaried,T2,hinglish,1-30,17,9250.0,9250.0,111000.0,,300-549,0,False,insufficient_funds,0.47,1,0,rule_based
AC000360,L01,pl_salaried,salaried,T2,hinglish,31-60,47,17850.0,35700.0,321300.0,25.0,300-549,3,False,stop_payment,0.5,5,4,rule_based
AC000361,L05,msme,self_employed,T3,kanglish,61-90,82,33000.0,99000.0,858000.0,,300-549,2,True,insufficient_funds,0.55,2,2,rule_based
AC000362,L01,pl_salaried,self_employed,T3,hinglish,61-90,83,4000.0,12000.0,108000.0,,300-549,0,False,insufficient_funds,,2,0,rule_based
AC000363,L02,consumer_durable,salaried,T2,hinglish,1-30,11,4050.0,4050.0,32400.0,,550-649,0,False,insufficient_funds,,0,0,rule_based
AC000364,L03,pl_salaried,salaried,T2,hinglish,90+,96,17000.0,68000.0,408000.0,7.0,300-549,4,False,insufficient_funds,0.53,2,0,rule_based
AC000365,L04,mfi_jlg,daily_wage,T1,kanglish,1-30,7,1050.0,1050.0,36750.0,,300-549,3,False,insufficient_funds,,1,1,rule_based
AC000366,L06,msme,self_employed,T3,hinglish,X,0,23400.0,23400.0,608400.0,,750-900,1,False,mandate_not_registered,0.81,0,0,rule_based
AC000367,L01,pl_salaried,salaried,T3,hinglish,31-60,39,10500.0,21000.0,378000.0,,300-549,0,True,mandate_not_registered,,0,0,rule_based
AC000368,L01,pl_salaried,salaried,T1,kanglish,1-30,3,10550.0,10550.0,305950.0,25.0,550-649,1,False,insufficient_funds,0.5,0,0,rule_based
AC000369,L03,consumer_durable,daily_wage,T1,kanglish,X,0,4050.0,4050.0,52650.0,,550-649,0,False,insufficient_funds,,0,0,rule_based
AC000370,L01,pl_salaried,salaried,T3,english,1-30,18,16850.0,16850.0,269600.0,15.0,550-649,1,True,insufficient_funds,0.63,0,0,rule_based
AC000371,L02,two_wheeler,self_employed,T1,kanglish,90+,106,4700.0,18800.0,79900.0,,300-549,3,True,insufficient_funds,,1,1,rule_based
AC000372,L06,two_wheeler,salaried,T3,english,90+,109,4350.0,17400.0,156600.0,,300-549,2,True,insufficient_funds,0.85,3,1,rule_based
AC000373,L03,pl_salaried,salaried,T2,hinglish,90+,357,10600.0,127200.0,328600.0,28.0,300-549,2,False,insufficient_funds,,1,0,rule_based
AC000374,L06,mfi_jlg,daily_wage,T2,hinglish,1-30,28,1400.0,1400.0,39200.0,,550-649,1,False,insufficient_funds,0.68,0,0,rule_based
AC000375,L04,mfi_jlg,self_employed,T1,kanglish,31-60,51,1550.0,3100.0,75950.0,,300-549,2,False,insufficient_funds,,1,0,rule_based
AC000376,L01,credit_card,salaried,T1,kanglish,61-90,73,8800.0,26400.0,114400.0,1.0,300-549,3,False,insufficient_funds,0.61,1,0,rule_based
AC000377,L06,msme,self_employed,T2,hinglish,1-30,8,26400.0,26400.0,1161600.0,,300-549,3,False,insufficient_funds,0.46,1,0,rule_based
AC000378,L01,pl_salaried,salaried,T2,hinglish,1-30,4,9600.0,9600.0,297600.0,5.0,550-649,1,False,insufficient_funds,0.66,0,0,rule_based
AC000379,L01,pl_salaried,salaried,T3,hinglish,1-30,6,7100.0,7100.0,184600.0,1.0,300-549,7,False,insufficient_funds,0.45,2,1,rule_based
AC000380,L02,two_wheeler,daily_wage,T3,kanglish,31-60,40,3400.0,6800.0,119000.0,,300-549,3,False,insufficient_funds,0.32,4,1,rule_based
AC000381,L03,consumer_durable,salaried,T3,hinglish,31-60,41,1650.0,3300.0,67650.0,,550-649,3,False,insufficient_funds,0.56,1,1,rule_based
AC000382,L03,pl_salaried,salaried,T2,hinglish,1-30,18,12900.0,12900.0,438600.0,15.0,550-649,1,False,technical,,1,0,random_contact_point
AC000383,L01,pl_salaried,salaried,T2,english,X,0,11550.0,11550.0,80850.0,1.0,550-649,2,False,insufficient_funds,,0,0,rule_based
AC000384,L06,two_wheeler,salaried,T1,kanglish,61-90,79,2750.0,8250.0,129250.0,,300-549,1,False,insufficient_funds,0.6,0,0,rule_based
AC000385,L06,msme,self_employed,T3,hinglish,31-60,34,26000.0,52000.0,312000.0,,300-549,1,True,insufficient_funds,0.45,1,0,rule_based
AC000386,L01,pl_salaried,salaried,T2,english,1-30,20,6200.0,6200.0,161200.0,,750-900,1,False,insufficient_funds,,2,0,rule_based
AC000387,L01,credit_card,self_employed,T3,kanglish,1-30,1,9350.0,9350.0,345950.0,,300-549,2,True,insufficient_funds,0.28,0,0,random_contact_point
AC000388,L04,mfi_jlg,daily_wage,T2,hinglish,90+,207,1750.0,12250.0,80500.0,,300-549,2,False,insufficient_funds,0.8,3,3,rule_based
AC000389,L01,credit_card,salaried,T1,kanglish,31-60,34,4300.0,8600.0,193500.0,5.0,300-549,5,False,insufficient_funds,0.64,1,1,rule_based
AC000390,L03,pl_salaried,salaried,T2,hinglish,31-60,44,13650.0,27300.0,464100.0,1.0,300-549,3,False,insufficient_funds,0.07,1,0,rule_based
AC000391,L03,pl_salaried,salaried,T3,hinglish,31-60,52,12650.0,25300.0,151800.0,,550-649,3,False,mandate_not_registered,,2,0,rule_based
AC000392,L01,credit_card,self_employed,T3,english,90+,171,8250.0,49500.0,222750.0,,300-549,0,False,insufficient_funds,0.63,0,0,rule_based
AC000393,L06,two_wheeler,self_employed,T2,english,1-30,16,3200.0,3200.0,124800.0,,550-649,2,False,insufficient_funds,0.87,0,0,rule_based
AC000394,L06,msme,self_employed,T2,hinglish,1-30,19,16150.0,16150.0,662150.0,,650-699,2,True,insufficient_funds,0.81,1,0,rule_based
AC000395,L06,mfi_jlg,self_employed,T1,hinglish,1-30,13,1700.0,1700.0,15300.0,,300-549,2,True,mandate_not_registered,,0,0,random_contact_point
AC000396,L06,mfi_jlg,self_employed,T3,english,61-90,62,1050.0,3150.0,25200.0,,300-549,1,False,insufficient_funds,,2,1,rule_based
AC000397,L03,consumer_durable,salaried,T2,hinglish,X,0,3500.0,3500.0,73500.0,10.0,700-749,2,False,insufficient_funds,,0,0,rule_based
AC000398,L01,credit_card,salaried,T3,kanglish,1-30,30,1900.0,1900.0,81700.0,,300-549,1,False,insufficient_funds,0.08,2,1,rule_based
AC000399,L01,credit_card,salaried,T2,hinglish,1-30,6,3550.0,3550.0,138450.0,,550-649,0,True,insufficient_funds,0.76,0,0,rule_based
AC000400,L02,consumer_durable,daily_wage,T3,hinglish,31-60,38,2500.0,5000.0,90000.0,,300-549,3,True,technical,,2,2,rule_based
AC000401,L01,pl_salaried,salaried,T3,hinglish,31-60,34,8950.0,17900.0,250600.0,7.0,300-549,1,False,insufficient_funds,,1,1,rule_based
AC000402,L04,mfi_jlg,daily_wage,T1,kanglish,1-30,22,750.0,750.0,7500.0,,550-649,2,True,insufficient_funds,,0,0,rule_based
AC000403,L04,mfi_jlg,self_employed,T2,hinglish,1-30,30,1950.0,1950.0,74100.0,,550-649,1,False,insufficient_funds,,1,1,rule_based
AC000404,L01,pl_salaried,salaried,T1,english,61-90,83,3050.0,9150.0,109800.0,1.0,300-549,2,False,insufficient_funds,0.72,2,2,rule_based
AC000405,L02,two_wheeler,self_employed,T3,hinglish,X,0,4650.0,4650.0,83700.0,,300-549,3,False,insufficient_funds,0.04,0,0,rule_based
AC000406,L01,pl_salaried,salaried,T3,hinglish,61-90,73,9700.0,29100.0,223100.0,10.0,300-549,2,False,insufficient_funds,0.78,0,0,rule_based
AC000407,L03,pl_salaried,salaried,T2,hinglish,1-30,12,3100.0,3100.0,108500.0,1.0,550-649,0,True,technical,0.58,0,0,rule_based
AC000408,L06,two_wheeler,daily_wage,T1,kanglish,90+,135,3150.0,15750.0,37800.0,,300-549,2,False,insufficient_funds,0.05,5,3,rule_based
AC000409,L01,credit_card,salaried,T3,hinglish,1-30,24,11300.0,11300.0,452000.0,10.0,300-549,1,False,technical,,1,0,rule_based
AC000410,L06,msme,self_employed,T3,hinglish,31-60,46,13950.0,27900.0,446400.0,,300-549,4,False,insufficient_funds,,1,0,rule_based
AC000411,L02,consumer_durable,self_employed,T2,hinglish,X,0,2700.0,2700.0,40500.0,,650-699,4,False,insufficient_funds,0.27,0,0,rule_based
AC000412,L05,msme,self_employed,T3,english,1-30,25,17500.0,17500.0,507500.0,,700-749,1,False,insufficient_funds,1.0,1,0,rule_based
AC000413,L03,pl_salaried,salaried,T1,kanglish,61-90,73,4100.0,12300.0,65600.0,,300-549,5,False,insufficient_funds,,3,2,rule_based
AC000414,L01,pl_salaried,salaried,T2,hinglish,31-60,57,9450.0,18900.0,189000.0,5.0,300-549,2,False,insufficient_funds,,1,1,rule_based
AC000415,L03,pl_salaried,salaried,T3,english,61-90,79,4250.0,12750.0,42500.0,,300-549,3,False,insufficient_funds,0.54,1,0,rule_based
AC000416,L03,pl_salaried,salaried,T3,hinglish,31-60,32,7150.0,14300.0,300300.0,1.0,300-549,0,False,technical,0.35,1,0,rule_based
AC000417,L02,consumer_durable,salaried,T1,kanglish,31-60,57,2700.0,5400.0,64800.0,7.0,300-549,2,True,mandate_not_registered,0.22,1,0,rule_based
AC000418,L01,credit_card,salaried,T2,hinglish,90+,405,9250.0,111000.0,425500.0,30.0,300-549,3,True,technical,0.3,6,5,rule_based
AC000419,L01,pl_salaried,salaried,T2,hinglish,1-30,4,12850.0,12850.0,89950.0,,550-649,2,False,insufficient_funds,0.6,0,0,rule_based
AC000420,L06,msme,self_employed,T1,kanglish,90+,148,15900.0,79500.0,747300.0,,300-549,1,True,insufficient_funds,0.43,4,4,rule_based
AC000421,L01,credit_card,self_employed,T3,english,1-30,17,3900.0,3900.0,113100.0,,550-649,1,False,insufficient_funds,0.19,2,1,rule_based
AC000422,L01,pl_salaried,salaried,T1,english,1-30,5,7650.0,7650.0,99450.0,7.0,550-649,2,False,insufficient_funds,0.61,1,0,rule_based
AC000423,L03,pl_salaried,salaried,T1,kanglish,61-90,89,17950.0,53850.0,359000.0,,300-549,1,False,insufficient_funds,0.69,0,0,rule_based
AC000424,L04,mfi_jlg,self_employed,T3,kanglish,X,0,2000.0,2000.0,46000.0,,550-649,1,False,insufficient_funds,,0,0,rule_based
AC000425,L06,msme,self_employed,T1,hinglish,1-30,18,25850.0,25850.0,1240800.0,,300-549,1,True,insufficient_funds,0.3,2,1,rule_based
AC000426,L03,pl_salaried,salaried,T2,hinglish,X,0,16750.0,16750.0,737000.0,,650-699,4,True,insufficient_funds,0.61,1,1,rule_based
AC000427,L03,consumer_durable,self_employed,T2,hinglish,31-60,38,4100.0,8200.0,180400.0,,300-549,1,False,insufficient_funds,0.5,2,2,rule_based
AC000428,L05,msme,self_employed,T1,english,31-60,33,17850.0,35700.0,267750.0,,300-549,2,False,insufficient_funds,0.37,0,0,rule_based
AC000429,L06,msme,self_employed,T2,hinglish,X,0,31350.0,31350.0,940500.0,,550-649,1,False,insufficient_funds,0.08,0,0,rule_based
AC000430,L03,pl_salaried,self_employed,T2,hinglish,1-30,28,11800.0,11800.0,94400.0,,300-549,1,False,insufficient_funds,0.52,0,0,rule_based
AC000431,L01,pl_salaried,salaried,T3,english,1-30,8,17500.0,17500.0,770000.0,,550-649,2,False,insufficient_funds,0.68,0,0,rule_based
AC000432,L05,msme,self_employed,T3,hinglish,1-30,18,26150.0,26150.0,235350.0,,550-649,3,True,insufficient_funds,0.21,1,0,rule_based
AC000433,L01,credit_card,salaried,T1,kanglish,X,0,2650.0,2650.0,124550.0,,750-900,1,False,insufficient_funds,1.0,3,0,rule_based
AC000434,L06,two_wheeler,self_employed,T2,hinglish,1-30,19,4150.0,4150.0,58100.0,,300-549,1,False,insufficient_funds,,0,0,rule_based
AC000435,L06,mfi_jlg,daily_wage,T2,hinglish,90+,96,2150.0,8600.0,75250.0,,300-549,4,False,mandate_not_registered,,7,2,rule_based
AC000436,L01,pl_salaried,salaried,T1,hinglish,61-90,68,16000.0,48000.0,688000.0,,300-549,5,False,insufficient_funds,0.85,2,0,rule_based
AC000437,L06,msme,self_employed,T1,kanglish,1-30,1,25050.0,25050.0,551100.0,,300-549,3,False,insufficient_funds,,0,0,rule_based
AC000438,L03,consumer_durable,salaried,T2,hinglish,1-30,15,1750.0,1750.0,33250.0,,550-649,3,False,insufficient_funds,,1,1,rule_based
AC000439,L06,mfi_jlg,daily_wage,T2,hinglish,X,0,2150.0,2150.0,94600.0,,700-749,0,False,insufficient_funds,0.4,2,0,rule_based
AC000440,L02,two_wheeler,self_employed,T3,hinglish,1-30,2,4600.0,4600.0,161000.0,,300-549,3,False,insufficient_funds,,0,0,random_contact_point
AC000441,L06,msme,self_employed,T1,hinglish,1-30,7,38450.0,38450.0,692100.0,,550-649,0,False,stop_payment,1.0,0,0,rule_based
AC000442,L02,two_wheeler,salaried,T1,kanglish,90+,268,4700.0,42300.0,70500.0,,300-549,2,False,insufficient_funds,0.27,3,3,rule_based
AC000443,L06,mfi_jlg,self_employed,T3,hinglish,61-90,65,1650.0,4950.0,36300.0,,300-549,0,False,insufficient_funds,0.53,2,2,rule_based
AC000444,L06,msme,self_employed,T3,english,31-60,42,18300.0,36600.0,329400.0,,550-649,2,False,insufficient_funds,0.89,2,0,rule_based
AC000445,L04,mfi_jlg,self_employed,T2,hinglish,X,0,2050.0,2050.0,69700.0,,650-699,1,False,insufficient_funds,0.6,0,0,rule_based
AC000446,L01,credit_card,salaried,T3,kanglish,31-60,52,11450.0,22900.0,274800.0,1.0,300-549,1,False,insufficient_funds,0.47,0,0,rule_based
AC000447,L01,pl_salaried,salaried,T3,hinglish,90+,121,7800.0,39000.0,93600.0,7.0,300-549,1,False,mandate_not_registered,0.54,1,0,rule_based
AC000448,L01,pl_salaried,salaried,T1,kanglish,X,0,14250.0,14250.0,484500.0,5.0,650-699,2,False,technical,0.77,0,0,rule_based
AC000449,L02,two_wheeler,self_employed,T2,hinglish,90+,199,4650.0,32550.0,79050.0,,300-549,3,True,insufficient_funds,0.07,2,1,rule_based
AC000450,L06,two_wheeler,self_employed,T3,english,1-30,25,3650.0,3650.0,43800.0,,550-649,1,False,insufficient_funds,0.5,1,0,rule_based
AC000451,L02,two_wheeler,self_employed,T2,hinglish,61-90,64,3500.0,10500.0,112000.0,,300-549,1,False,mandate_not_registered,0.28,3,2,rule_based
AC000452,L01,credit_card,self_employed,T3,english,1-30,2,2700.0,2700.0,54000.0,,300-549,2,False,insufficient_funds,,1,1,rule_based
AC000453,L06,msme,self_employed,T3,kanglish,31-60,48,28350.0,56700.0,368550.0,,550-649,4,False,insufficient_funds,0.91,1,1,rule_based
AC000454,L02,consumer_durable,self_employed,T2,hinglish,1-30,26,3500.0,3500.0,119000.0,,650-699,3,True,insufficient_funds,,2,0,rule_based
AC000455,L01,pl_salaried,salaried,T1,kanglish,31-60,53,5050.0,10100.0,217150.0,,550-649,0,False,insufficient_funds,,1,1,rule_based
AC000456,L04,mfi_jlg,self_employed,T3,hinglish,31-60,49,1350.0,2700.0,18900.0,,300-549,1,False,insufficient_funds,0.54,0,0,rule_based
AC000457,L04,mfi_jlg,daily_wage,T2,hinglish,31-60,46,1900.0,3800.0,83600.0,,300-549,2,False,insufficient_funds,0.14,1,0,rule_based
AC000458,L02,two_wheeler,self_employed,T1,hinglish,61-90,83,4750.0,14250.0,52250.0,,300-549,1,False,insufficient_funds,,2,1,rule_based
AC000459,L01,pl_salaried,salaried,T3,hinglish,X,0,13250.0,13250.0,371000.0,5.0,750-900,0,False,insufficient_funds,0.97,0,0,rule_based
AC000460,L05,msme,self_employed,T3,english,61-90,86,8000.0,24000.0,312000.0,,300-549,3,True,insufficient_funds,0.53,2,0,rule_based
AC000461,L02,consumer_durable,salaried,T1,kanglish,1-30,22,1200.0,1200.0,12000.0,,300-549,0,False,insufficient_funds,,3,1,rule_based
AC000462,L04,mfi_jlg,daily_wage,T1,english,61-90,87,2150.0,6450.0,103200.0,,550-649,0,False,insufficient_funds,0.72,1,0,rule_based
AC000463,L02,consumer_durable,daily_wage,T3,hinglish,X,0,3100.0,3100.0,55800.0,,550-649,2,False,technical,0.69,0,0,random_contact_point
AC000464,L03,consumer_durable,salaried,T3,english,31-60,42,3150.0,6300.0,126000.0,1.0,300-549,0,False,insufficient_funds,0.24,4,2,rule_based
AC000465,L01,credit_card,salaried,T2,hinglish,1-30,3,4200.0,4200.0,130200.0,1.0,650-699,1,False,insufficient_funds,,0,0,rule_based
AC000466,L04,mfi_jlg,daily_wage,T1,hinglish,90+,107,1900.0,7600.0,47500.0,,300-549,0,True,insufficient_funds,0.87,3,1,rule_based
AC000467,L06,two_wheeler,salaried,T2,hinglish,31-60,58,2750.0,5500.0,27500.0,,300-549,0,False,insufficient_funds,,3,2,rule_based
AC000468,L03,consumer_durable,self_employed,T2,hinglish,X,0,3450.0,3450.0,148350.0,,650-699,2,False,insufficient_funds,0.99,1,1,rule_based
AC000469,L03,pl_salaried,salaried,T1,kanglish,61-90,73,10350.0,31050.0,238050.0,5.0,300-549,1,False,insufficient_funds,,1,1,random_contact_point
AC000470,L01,credit_card,self_employed,T2,hinglish,1-30,8,3400.0,3400.0,95200.0,,300-549,2,True,insufficient_funds,0.47,0,0,rule_based
AC000471,L06,msme,self_employed,T1,hinglish,1-30,15,31600.0,31600.0,442400.0,,550-649,1,True,insufficient_funds,,0,0,rule_based
AC000472,L01,credit_card,salaried,T3,english,1-30,23,1600.0,1600.0,38400.0,1.0,300-549,3,True,insufficient_funds,,3,2,rule_based
AC000473,L06,msme,self_employed,T3,kanglish,61-90,63,24100.0,72300.0,795300.0,,300-549,2,True,insufficient_funds,0.49,1,0,rule_based
AC000474,L01,credit_card,self_employed,T3,kanglish,90+,123,4800.0,24000.0,249600.0,,300-549,3,True,insufficient_funds,0.39,6,2,random_contact_point
AC000475,L03,consumer_durable,salaried,T1,kanglish,90+,258,4000.0,36000.0,204000.0,1.0,300-549,2,False,technical,,2,1,rule_based
AC000476,L02,consumer_durable,salaried,T2,hinglish,1-30,15,3450.0,3450.0,158700.0,28.0,300-549,2,False,insufficient_funds,0.19,1,0,rule_based
AC000477,L01,credit_card,salaried,T2,english,X,0,11750.0,11750.0,517000.0,,650-699,2,False,insufficient_funds,0.7,1,1,rule_based
AC000478,L04,mfi_jlg,daily_wage,T2,hinglish,90+,187,1300.0,9100.0,29900.0,,300-549,3,True,insufficient_funds,0.98,2,2,random_contact_point
AC000479,L01,credit_card,salaried,T3,hinglish,1-30,3,5100.0,5100.0,56100.0,10.0,550-649,3,True,insufficient_funds,0.94,0,0,rule_based
AC000480,L06,two_wheeler,salaried,T3,english,31-60,45,2700.0,5400.0,72900.0,25.0,300-549,2,False,insufficient_funds,0.5,1,0,rule_based
AC000481,L04,mfi_jlg,daily_wage,T3,hinglish,90+,211,1250.0,10000.0,21250.0,,300-549,5,False,insufficient_funds,0.07,2,1,rule_based
AC000482,L06,msme,self_employed,T1,hinglish,1-30,28,14650.0,14650.0,512750.0,,550-649,1,False,insufficient_funds,0.83,0,0,rule_based
AC000483,L03,pl_salaried,salaried,T2,hinglish,1-30,1,3250.0,3250.0,120250.0,,750-900,3,False,insufficient_funds,,0,0,rule_based
AC000484,L03,pl_salaried,salaried,T1,kanglish,90+,110,7100.0,28400.0,291100.0,7.0,300-549,0,False,insufficient_funds,0.69,2,2,rule_based
AC000485,L06,mfi_jlg,self_employed,T2,hinglish,31-60,54,1150.0,2300.0,9200.0,,300-549,2,False,insufficient_funds,0.13,0,0,rule_based
AC000486,L06,two_wheeler,salaried,T2,hinglish,90+,107,4700.0,18800.0,47000.0,10.0,300-549,3,True,insufficient_funds,0.43,4,3,rule_based
AC000487,L02,two_wheeler,salaried,T3,kanglish,31-60,48,4000.0,8000.0,112000.0,,300-549,1,True,stop_payment,0.66,2,1,random_contact_point
AC000488,L03,pl_salaried,salaried,T3,hinglish,1-30,3,17350.0,17350.0,416400.0,10.0,650-699,0,False,insufficient_funds,1.0,1,1,rule_based
AC000489,L01,credit_card,salaried,T1,hinglish,61-90,64,6800.0,20400.0,244800.0,,300-549,0,True,mandate_not_registered,0.51,1,0,rule_based
AC000490,L05,msme,self_employed,T3,english,61-90,67,8050.0,24150.0,305900.0,,300-549,1,False,insufficient_funds,0.24,4,2,rule_based
AC000491,L01,pl_salaried,self_employed,T3,hinglish,90+,130,7750.0,38750.0,209250.0,,300-549,4,False,insufficient_funds,0.25,5,2,rule_based
AC000492,L01,credit_card,salaried,T2,hinglish,31-60,53,9350.0,18700.0,383350.0,1.0,300-549,1,True,insufficient_funds,,1,0,rule_based
AC000493,L02,consumer_durable,salaried,T2,hinglish,31-60,41,3400.0,6800.0,85000.0,5.0,300-549,2,False,stop_payment,0.79,0,0,rule_based
AC000494,L03,pl_salaried,salaried,T1,hinglish,1-30,3,5700.0,5700.0,199500.0,,550-649,3,False,insufficient_funds,0.65,1,0,rule_based
AC000495,L04,mfi_jlg,self_employed,T1,kanglish,1-30,21,1250.0,1250.0,31250.0,,550-649,2,False,insufficient_funds,0.58,0,0,rule_based
AC000496,L01,pl_salaried,salaried,T1,english,90+,91,5800.0,23200.0,75400.0,1.0,300-549,1,False,insufficient_funds,0.44,4,0,rule_based
AC000497,L06,msme,self_employed,T3,hinglish,90+,197,30600.0,214200.0,765000.0,,300-549,1,True,insufficient_funds,0.41,2,0,rule_based
AC000498,L06,mfi_jlg,self_employed,T1,hinglish,31-60,56,1950.0,3900.0,93600.0,,300-549,2,False,technical,0.1,1,1,rule_based
AC000499,L02,consumer_durable,self_employed,T2,hinglish,90+,251,1950.0,17550.0,62400.0,,300-549,6,False,insufficient_funds,,5,4,rule_based
AC000500,L03,pl_salaried,salaried,T3,english,1-30,17,10200.0,10200.0,316200.0,5.0,550-649,2,True,insufficient_funds,0.73,0,0,rule_based
AC000501,L06,two_wheeler,salaried,T3,kanglish,90+,169,3600.0,21600.0,162000.0,10.0,300-549,0,False,insufficient_funds,0.61,3,0,random_contact_point
AC000502,L04,mfi_jlg,self_employed,T1,hinglish,31-60,54,1750.0,3500.0,52500.0,,300-549,2,False,insufficient_funds,0.25,5,2,rule_based
AC000503,L03,pl_salaried,salaried,T3,english,61-90,68,15650.0,46950.0,688600.0,,300-549,4,False,insufficient_funds,0.41,3,1,rule_based
AC000504,L01,pl_salaried,salaried,T1,hinglish,61-90,80,14350.0,43050.0,200900.0,5.0,300-549,5,False,insufficient_funds,0.08,4,4,rule_based
AC000505,L03,pl_salaried,salaried,T3,hinglish,31-60,37,9550.0,19100.0,315150.0,,300-549,2,False,insufficient_funds,0.08,2,1,rule_based
AC000506,L02,consumer_durable,salaried,T1,english,90+,255,4200.0,37800.0,130200.0,,300-549,1,False,technical,0.7,5,5,rule_based
AC000507,L04,mfi_jlg,self_employed,T1,kanglish,1-30,16,1050.0,1050.0,19950.0,,550-649,1,False,technical,0.4,0,0,rule_based
AC000508,L06,mfi_jlg,daily_wage,T3,hinglish,90+,161,1750.0,10500.0,49000.0,,300-549,1,False,insufficient_funds,0.43,4,3,rule_based
AC000509,L06,mfi_jlg,self_employed,T1,hinglish,1-30,13,1250.0,1250.0,30000.0,,300-549,3,False,insufficient_funds,,1,0,rule_based
AC000510,L02,two_wheeler,salaried,T1,english,1-30,9,2550.0,2550.0,61200.0,1.0,700-749,4,True,insufficient_funds,1.0,2,1,rule_based
AC000511,L02,two_wheeler,self_employed,T1,kanglish,61-90,90,3550.0,10650.0,134900.0,,300-549,1,False,insufficient_funds,0.13,1,1,rule_based
AC000512,L06,two_wheeler,self_employed,T2,hinglish,61-90,85,4650.0,13950.0,213900.0,,550-649,1,True,insufficient_funds,0.72,5,2,rule_based
AC000513,L06,mfi_jlg,self_employed,T3,hinglish,90+,134,1550.0,7750.0,46500.0,,300-549,2,True,insufficient_funds,0.49,4,2,rule_based
AC000514,L03,pl_salaried,salaried,T1,kanglish,1-30,3,6150.0,6150.0,184500.0,30.0,300-549,4,False,insufficient_funds,,0,0,rule_based
AC000515,L02,consumer_durable,daily_wage,T1,kanglish,X,0,2600.0,2600.0,31200.0,,550-649,1,True,insufficient_funds,0.28,1,0,rule_based
AC000516,L06,msme,self_employed,T3,english,31-60,48,29200.0,58400.0,730000.0,,300-549,3,False,insufficient_funds,0.5,1,1,rule_based
AC000517,L01,credit_card,self_employed,T1,english,90+,238,7300.0,58400.0,299300.0,,300-549,0,False,mandate_not_registered,0.19,2,0,rule_based
AC000518,L06,two_wheeler,self_employed,T1,hinglish,90+,266,3750.0,33750.0,180000.0,,300-549,3,True,insufficient_funds,0.62,4,2,rule_based
AC000519,L01,pl_salaried,self_employed,T1,hinglish,90+,206,3700.0,25900.0,59200.0,,300-549,1,True,insufficient_funds,0.69,2,2,rule_based
AC000520,L02,consumer_durable,salaried,T3,hinglish,31-60,32,2450.0,4900.0,73500.0,25.0,550-649,0,False,insufficient_funds,0.84,2,1,rule_based
AC000521,L02,consumer_durable,self_employed,T2,hinglish,90+,191,2700.0,18900.0,145800.0,,300-549,3,True,insufficient_funds,0.0,4,2,rule_based
AC000522,L03,consumer_durable,self_employed,T2,hinglish,1-30,22,2400.0,2400.0,57600.0,,300-549,5,False,insufficient_funds,0.34,0,0,rule_based
AC000523,L01,credit_card,salaried,T2,hinglish,90+,144,9300.0,46500.0,223200.0,7.0,300-549,2,False,insufficient_funds,0.55,1,1,rule_based
AC000524,L01,pl_salaried,salaried,T2,hinglish,31-60,32,9950.0,19900.0,368150.0,28.0,300-549,1,False,insufficient_funds,,3,3,rule_based
AC000525,L03,pl_salaried,salaried,T3,hinglish,1-30,29,15200.0,15200.0,197600.0,15.0,300-549,3,True,insufficient_funds,0.22,0,0,rule_based
AC000526,L01,pl_salaried,salaried,T3,kanglish,31-60,35,13950.0,27900.0,460350.0,10.0,550-649,3,False,insufficient_funds,,2,1,rule_based
AC000527,L03,pl_salaried,salaried,T2,hinglish,61-90,86,9150.0,27450.0,311100.0,1.0,550-649,0,False,insufficient_funds,1.0,4,2,rule_based
AC000528,L01,pl_salaried,salaried,T3,english,1-30,28,11900.0,11900.0,273700.0,30.0,550-649,3,False,insufficient_funds,0.51,1,0,rule_based
AC000529,L02,consumer_durable,salaried,T1,kanglish,X,0,3000.0,3000.0,114000.0,30.0,650-699,4,False,insufficient_funds,,0,0,rule_based
AC000530,L03,pl_salaried,salaried,T2,hinglish,61-90,63,9550.0,28650.0,191000.0,,300-549,3,False,insufficient_funds,0.62,2,1,rule_based
AC000531,L01,pl_salaried,self_employed,T2,hinglish,90+,310,11700.0,128700.0,549900.0,,300-549,4,False,insufficient_funds,,4,0,rule_based
AC000532,L05,msme,self_employed,T1,kanglish,31-60,31,29300.0,58600.0,879000.0,,550-649,5,False,insufficient_funds,0.79,1,0,rule_based
AC000533,L06,two_wheeler,self_employed,T1,kanglish,X,0,3250.0,3250.0,58500.0,,700-749,3,False,insufficient_funds,,2,0,rule_based
AC000534,L06,mfi_jlg,daily_wage,T1,english,31-60,56,1250.0,2500.0,61250.0,,300-549,0,False,technical,,0,0,rule_based
AC000535,L04,mfi_jlg,daily_wage,T1,hinglish,X,0,1500.0,1500.0,43500.0,,650-699,3,False,insufficient_funds,0.42,0,0,rule_based
AC000536,L02,consumer_durable,self_employed,T3,english,1-30,16,2250.0,2250.0,81000.0,,300-549,2,False,insufficient_funds,0.29,0,0,rule_based
AC000537,L06,mfi_jlg,self_employed,T1,hinglish,X,0,1800.0,1800.0,64800.0,,300-549,1,True,insufficient_funds,,1,0,rule_based
AC000538,L02,two_wheeler,salaried,T2,hinglish,31-60,36,3650.0,7300.0,167900.0,10.0,300-549,6,False,insufficient_funds,0.59,1,1,rule_based
AC000539,L06,mfi_jlg,daily_wage,T1,kanglish,1-30,7,1800.0,1800.0,73800.0,,550-649,0,False,insufficient_funds,0.38,2,1,rule_based
AC000540,L06,two_wheeler,salaried,T2,hinglish,X,0,4500.0,4500.0,63000.0,,550-649,4,False,insufficient_funds,0.54,0,0,rule_based
AC000541,L01,credit_card,salaried,T1,hinglish,1-30,16,8450.0,8450.0,228150.0,,550-649,2,False,insufficient_funds,0.58,0,0,rule_based
AC000542,L02,two_wheeler,self_employed,T1,english,31-60,37,4550.0,9100.0,163800.0,,550-649,0,True,insufficient_funds,0.66,2,2,random_contact_point
AC000543,L01,pl_salaried,salaried,T2,hinglish,1-30,3,10750.0,10750.0,75250.0,1.0,300-549,1,False,mandate_not_registered,0.64,0,0,rule_based
AC000544,L05,msme,self_employed,T1,hinglish,X,0,22000.0,22000.0,396000.0,,750-900,4,False,insufficient_funds,0.53,0,0,rule_based
AC000545,L03,pl_salaried,salaried,T2,hinglish,31-60,57,13200.0,26400.0,330000.0,28.0,550-649,1,False,insufficient_funds,0.4,3,1,rule_based
AC000546,L01,pl_salaried,salaried,T2,hinglish,61-90,65,10600.0,31800.0,169600.0,5.0,300-549,0,True,technical,,1,1,rule_based
AC000547,L03,pl_salaried,salaried,T3,kanglish,90+,118,17100.0,68400.0,598500.0,,300-549,2,False,insufficient_funds,0.21,4,2,rule_based
AC000548,L06,msme,self_employed,T2,hinglish,31-60,50,28450.0,56900.0,569000.0,,550-649,4,False,insufficient_funds,0.77,2,1,rule_based
AC000549,L01,credit_card,salaried,T2,english,61-90,85,7900.0,23700.0,110600.0,,300-549,1,False,insufficient_funds,0.8,3,2,rule_based
AC000550,L06,mfi_jlg,daily_wage,T2,hinglish,90+,255,1850.0,16650.0,64750.0,,300-549,5,False,technical,,4,2,rule_based
AC000551,L05,msme,self_employed,T2,hinglish,61-90,87,26300.0,78900.0,1236100.0,,300-549,0,True,insufficient_funds,,0,0,rule_based
AC000552,L01,pl_salaried,salaried,T2,hinglish,31-60,58,9400.0,18800.0,131600.0,,550-649,5,True,insufficient_funds,0.76,2,0,rule_based
AC000553,L06,mfi_jlg,self_employed,T2,hinglish,X,0,1300.0,1300.0,18200.0,,550-649,3,False,insufficient_funds,,0,0,rule_based
AC000554,L01,credit_card,self_employed,T2,hinglish,1-30,5,8300.0,8300.0,91300.0,,550-649,4,False,insufficient_funds,0.66,2,1,rule_based
AC000555,L01,pl_salaried,salaried,T3,hinglish,1-30,28,3250.0,3250.0,42250.0,1.0,550-649,2,True,mandate_not_registered,0.4,0,0,rule_based
AC000556,L06,mfi_jlg,daily_wage,T2,hinglish,1-30,4,1750.0,1750.0,43750.0,,300-549,1,False,technical,0.39,0,0,rule_based
AC000557,L02,consumer_durable,self_employed,T1,hinglish,90+,118,1900.0,7600.0,19000.0,,300-549,1,True,stop_payment,0.79,6,6,rule_based
AC000558,L01,credit_card,salaried,T2,hinglish,1-30,24,9900.0,9900.0,118800.0,,550-649,3,True,insufficient_funds,0.66,1,1,rule_based
AC000559,L02,two_wheeler,daily_wage,T3,hinglish,31-60,32,3250.0,6500.0,58500.0,,300-549,1,True,insufficient_funds,0.7,0,0,rule_based
AC000560,L01,credit_card,self_employed,T3,hinglish,90+,129,8950.0,44750.0,98450.0,,300-549,3,True,insufficient_funds,0.39,5,3,rule_based
AC000561,L02,two_wheeler,self_employed,T1,kanglish,31-60,38,3800.0,7600.0,163400.0,,300-549,1,False,insufficient_funds,,0,0,rule_based
AC000562,L06,mfi_jlg,self_employed,T2,hinglish,1-30,4,1050.0,1050.0,19950.0,,550-649,3,False,insufficient_funds,0.66,1,1,rule_based
AC000563,L06,two_wheeler,self_employed,T3,english,90+,132,2950.0,14750.0,120950.0,,300-549,1,False,insufficient_funds,,3,0,rule_based
AC000564,L06,mfi_jlg,self_employed,T1,hinglish,1-30,23,1400.0,1400.0,49000.0,,300-549,2,False,insufficient_funds,0.69,0,0,rule_based
AC000565,L03,pl_salaried,salaried,T2,hinglish,X,0,6550.0,6550.0,85150.0,10.0,550-649,1,False,insufficient_funds,0.62,2,1,rule_based
AC000566,L04,mfi_jlg,self_employed,T1,kanglish,1-30,6,1550.0,1550.0,20150.0,,300-549,1,False,insufficient_funds,,0,0,rule_based
AC000567,L06,mfi_jlg,self_employed,T3,kanglish,1-30,24,1750.0,1750.0,80500.0,,300-549,4,False,insufficient_funds,,1,1,rule_based
AC000568,L06,mfi_jlg,daily_wage,T1,hinglish,61-90,69,2050.0,6150.0,59450.0,,300-549,2,False,insufficient_funds,0.36,0,0,random_contact_point
AC000569,L01,pl_salaried,salaried,T3,hinglish,1-30,17,10500.0,10500.0,346500.0,15.0,550-649,2,False,insufficient_funds,0.34,2,1,random_contact_point
AC000570,L02,two_wheeler,self_employed,T1,hinglish,61-90,80,3350.0,10050.0,127300.0,,300-549,0,True,mandate_not_registered,0.54,0,0,rule_based
AC000571,L01,credit_card,salaried,T1,hinglish,X,0,9800.0,9800.0,274400.0,7.0,650-699,4,False,insufficient_funds,,0,0,rule_based
AC000572,L01,pl_salaried,salaried,T1,kanglish,90+,199,11100.0,77700.0,444000.0,1.0,300-549,2,False,stop_payment,0.53,3,2,rule_based
AC000573,L03,pl_salaried,salaried,T1,hinglish,X,0,11300.0,11300.0,135600.0,7.0,550-649,2,False,insufficient_funds,0.53,3,1,rule_based
AC000574,L06,two_wheeler,self_employed,T3,kanglish,90+,152,2750.0,16500.0,137500.0,,300-549,1,False,stop_payment,,5,2,rule_based
AC000575,L04,mfi_jlg,daily_wage,T1,kanglish,X,0,1150.0,1150.0,50600.0,,300-549,4,False,insufficient_funds,0.39,3,1,rule_based
AC000576,L03,pl_salaried,salaried,T1,hinglish,90+,269,13700.0,123300.0,630200.0,,300-549,0,False,insufficient_funds,0.75,2,0,rule_based
AC000577,L05,msme,self_employed,T3,hinglish,90+,196,15650.0,109550.0,594700.0,,300-549,5,False,insufficient_funds,0.16,5,2,rule_based
AC000578,L02,two_wheeler,self_employed,T2,hinglish,31-60,54,3600.0,7200.0,93600.0,,550-649,1,True,mandate_not_registered,0.97,2,1,rule_based
AC000579,L04,mfi_jlg,self_employed,T2,hinglish,X,0,1950.0,1950.0,23400.0,,550-649,1,False,insufficient_funds,0.73,0,0,rule_based
AC000580,L06,two_wheeler,self_employed,T1,hinglish,31-60,40,3700.0,7400.0,81400.0,,300-549,2,False,insufficient_funds,0.35,0,0,rule_based
AC000581,L06,two_wheeler,salaried,T3,kanglish,31-60,31,3100.0,6200.0,86800.0,5.0,300-549,0,False,insufficient_funds,0.49,5,3,rule_based
AC000582,L06,two_wheeler,salaried,T2,hinglish,31-60,33,2900.0,5800.0,116000.0,15.0,550-649,2,False,insufficient_funds,1.0,2,0,rule_based
AC000583,L03,consumer_durable,self_employed,T1,kanglish,31-60,55,4000.0,8000.0,36000.0,,550-649,2,True,insufficient_funds,0.8,2,2,rule_based
AC000584,L02,two_wheeler,salaried,T2,hinglish,90+,142,2600.0,13000.0,75400.0,5.0,300-549,2,False,technical,0.42,2,1,rule_based
AC000585,L02,two_wheeler,self_employed,T2,hinglish,90+,104,2550.0,10200.0,33150.0,,300-549,1,True,stop_payment,,3,2,rule_based
AC000586,L06,two_wheeler,self_employed,T2,hinglish,31-60,55,4050.0,8100.0,137700.0,,550-649,1,False,insufficient_funds,0.89,1,0,rule_based
AC000587,L06,mfi_jlg,daily_wage,T2,hinglish,X,0,1150.0,1150.0,16100.0,,300-549,2,False,insufficient_funds,0.18,0,0,rule_based
AC000588,L03,pl_salaried,salaried,T2,hinglish,X,0,7100.0,7100.0,198800.0,,650-699,1,False,insufficient_funds,,0,0,rule_based
AC000589,L02,two_wheeler,salaried,T2,hinglish,61-90,63,2800.0,8400.0,72800.0,5.0,300-549,4,False,insufficient_funds,0.29,2,2,rule_based
AC000590,L06,two_wheeler,salaried,T1,english,90+,475,2500.0,30000.0,100000.0,,300-549,4,False,technical,0.45,2,0,rule_based
AC000591,L02,consumer_durable,salaried,T3,english,1-30,12,4000.0,4000.0,164000.0,1.0,700-749,2,False,insufficient_funds,0.62,1,0,rule_based
AC000592,L02,two_wheeler,self_employed,T1,english,X,0,4800.0,4800.0,67200.0,,550-649,0,True,insufficient_funds,0.6,1,1,rule_based
AC000593,L06,two_wheeler,salaried,T3,english,1-30,10,2900.0,2900.0,101500.0,,650-699,1,False,insufficient_funds,0.76,0,0,rule_based
AC000594,L03,consumer_durable,self_employed,T1,hinglish,1-30,8,2700.0,2700.0,59400.0,,550-649,1,True,insufficient_funds,0.27,1,1,rule_based
AC000595,L02,two_wheeler,daily_wage,T2,hinglish,90+,310,4550.0,50050.0,204750.0,,300-549,1,False,stop_payment,,4,3,rule_based
AC000596,L03,pl_salaried,salaried,T2,english,61-90,66,12950.0,38850.0,271950.0,,550-649,2,False,insufficient_funds,0.73,1,1,rule_based
AC000597,L03,pl_salaried,salaried,T2,hinglish,X,0,13550.0,13550.0,135500.0,25.0,700-749,1,True,insufficient_funds,0.67,0,0,rule_based
AC000598,L03,pl_salaried,salaried,T3,hinglish,1-30,16,9150.0,9150.0,183000.0,5.0,550-649,3,False,insufficient_funds,0.36,1,0,rule_based
AC000599,L03,pl_salaried,salaried,T2,hinglish,X,0,9050.0,9050.0,135750.0,,550-649,3,False,insufficient_funds,0.63,0,0,rule_based
AC000600,L02,two_wheeler,salaried,T3,kanglish,31-60,54,3800.0,7600.0,114000.0,1.0,300-549,1,False,insufficient_funds,0.26,1,1,rule_based
AC000601,L04,mfi_jlg,self_employed,T3,hinglish,61-90,75,1550.0,4650.0,41850.0,,300-549,2,False,insufficient_funds,0.09,0,0,rule_based
AC000602,L06,mfi_jlg,self_employed,T3,hinglish,X,0,1950.0,1950.0,83850.0,,550-649,1,False,insufficient_funds,,1,1,rule_based
AC000603,L01,pl_salaried,salaried,T1,kanglish,1-30,11,5700.0,5700.0,262200.0,,300-549,3,False,insufficient_funds,0.23,2,0,rule_based
AC000604,L02,two_wheeler,salaried,T1,hinglish,90+,314,4050.0,44550.0,97200.0,7.0,300-549,2,True,technical,0.72,1,1,rule_based
AC000605,L03,pl_salaried,salaried,T3,english,90+,290,9200.0,92000.0,386400.0,,300-549,1,True,insufficient_funds,,8,4,rule_based
AC000606,L02,consumer_durable,salaried,T1,hinglish,31-60,38,4100.0,8200.0,53300.0,15.0,300-549,1,False,mandate_not_registered,0.33,2,2,rule_based
AC000607,L01,pl_salaried,salaried,T3,hinglish,31-60,41,14800.0,29600.0,236800.0,,300-549,4,False,insufficient_funds,,1,0,rule_based
AC000608,L04,mfi_jlg,daily_wage,T1,english,90+,309,1800.0,19800.0,48600.0,,300-549,1,False,insufficient_funds,0.14,1,1,rule_based
AC000609,L01,credit_card,self_employed,T3,hinglish,61-90,89,3050.0,9150.0,27450.0,,300-549,2,False,insufficient_funds,0.79,1,1,rule_based
AC000610,L06,mfi_jlg,self_employed,T1,kanglish,90+,100,2000.0,8000.0,58000.0,,300-549,2,False,insufficient_funds,0.48,1,1,rule_based
AC000611,L01,credit_card,salaried,T3,hinglish,X,0,8600.0,8600.0,77400.0,10.0,700-749,0,True,insufficient_funds,0.51,1,0,rule_based
AC000612,L06,mfi_jlg,daily_wage,T2,hinglish,1-30,3,1900.0,1900.0,41800.0,,650-699,3,False,insufficient_funds,0.31,0,0,rule_based
AC000613,L03,pl_salaried,salaried,T1,english,X,0,16650.0,16650.0,233100.0,,650-699,3,False,insufficient_funds,0.39,0,0,rule_based
AC000614,L02,consumer_durable,salaried,T2,english,90+,194,2450.0,17150.0,132300.0,25.0,300-549,0,False,stop_payment,0.9,4,4,rule_based
AC000615,L06,two_wheeler,salaried,T2,hinglish,61-90,69,3650.0,10950.0,127750.0,,300-549,1,False,insufficient_funds,,3,1,rule_based
AC000616,L04,mfi_jlg,self_employed,T3,hinglish,1-30,3,1100.0,1100.0,9900.0,,300-549,2,False,technical,,0,0,rule_based
AC000617,L06,msme,self_employed,T2,hinglish,90+,235,24600.0,196800.0,492000.0,,300-549,0,True,insufficient_funds,0.78,4,3,rule_based
AC000618,L03,consumer_durable,salaried,T2,hinglish,90+,247,2350.0,21150.0,119850.0,,300-549,1,False,insufficient_funds,0.59,3,1,rule_based
AC000619,L01,pl_salaried,salaried,T1,kanglish,1-30,28,11900.0,11900.0,95200.0,28.0,550-649,0,False,insufficient_funds,0.62,0,0,rule_based
AC000620,L01,credit_card,salaried,T3,english,31-60,60,9250.0,18500.0,286750.0,,300-549,2,False,insufficient_funds,0.66,1,1,rule_based
AC000621,L03,pl_salaried,salaried,T1,hinglish,31-60,52,7500.0,15000.0,240000.0,,300-549,2,False,insufficient_funds,0.5,1,1,rule_based
AC000622,L03,pl_salaried,salaried,T3,hinglish,X,0,13250.0,13250.0,477000.0,1.0,550-649,0,False,insufficient_funds,0.77,0,0,rule_based
AC000623,L06,two_wheeler,salaried,T2,hinglish,61-90,85,2650.0,7950.0,42400.0,,300-549,3,False,insufficient_funds,0.27,1,0,rule_based
AC000624,L03,consumer_durable,self_employed,T3,english,1-30,28,3950.0,3950.0,189600.0,,550-649,1,False,insufficient_funds,0.59,0,0,rule_based
AC000625,L03,consumer_durable,daily_wage,T3,english,90+,238,3100.0,24800.0,71300.0,,300-549,3,False,insufficient_funds,,1,0,rule_based
AC000626,L02,two_wheeler,salaried,T1,kanglish,90+,349,4400.0,52800.0,96800.0,1.0,300-549,1,False,insufficient_funds,,6,4,rule_based
AC000627,L04,mfi_jlg,daily_wage,T1,kanglish,90+,182,2200.0,15400.0,116600.0,,300-549,0,False,insufficient_funds,,5,4,rule_based
AC000628,L05,msme,self_employed,T1,kanglish,61-90,86,24450.0,73350.0,1002450.0,,300-549,0,True,insufficient_funds,0.73,3,1,rule_based
AC000629,L02,consumer_durable,salaried,T1,english,1-30,24,3500.0,3500.0,143500.0,,550-649,1,True,insufficient_funds,0.88,1,1,rule_based
AC000630,L03,pl_salaried,salaried,T1,english,1-30,20,14100.0,14100.0,620400.0,5.0,550-649,2,False,insufficient_funds,0.73,1,1,rule_based
AC000631,L02,two_wheeler,salaried,T3,english,61-90,80,4350.0,13050.0,191400.0,30.0,300-549,2,True,insufficient_funds,0.58,1,0,random_contact_point
AC000632,L05,msme,self_employed,T2,hinglish,1-30,20,34350.0,34350.0,1614450.0,,550-649,3,False,insufficient_funds,0.0,1,1,rule_based
AC000633,L01,credit_card,salaried,T2,hinglish,61-90,62,4650.0,13950.0,46500.0,,300-549,3,True,insufficient_funds,,1,1,rule_based
AC000634,L02,two_wheeler,salaried,T2,hinglish,1-30,19,3100.0,3100.0,55800.0,1.0,550-649,5,False,insufficient_funds,,1,0,rule_based
AC000635,L02,consumer_durable,salaried,T1,english,1-30,12,2450.0,2450.0,115150.0,,300-549,0,False,insufficient_funds,,0,0,rule_based
AC000636,L03,consumer_durable,salaried,T2,hinglish,31-60,48,2400.0,4800.0,67200.0,7.0,300-549,2,False,insufficient_funds,0.15,1,0,rule_based
AC000637,L02,consumer_durable,salaried,T1,kanglish,61-90,62,1450.0,4350.0,42050.0,1.0,300-549,4,False,insufficient_funds,0.97,1,0,rule_based
AC000638,L05,msme,self_employed,T3,kanglish,31-60,56,21850.0,43700.0,589950.0,,300-549,1,False,insufficient_funds,,1,1,rule_based
AC000639,L03,pl_salaried,salaried,T3,english,31-60,37,8000.0,16000.0,88000.0,5.0,300-549,2,False,insufficient_funds,0.32,1,1,rule_based
AC000640,L01,credit_card,salaried,T1,kanglish,1-30,4,10700.0,10700.0,310300.0,1.0,300-549,5,False,insufficient_funds,0.12,1,0,rule_based
AC000641,L06,two_wheeler,salaried,T3,english,61-90,77,4200.0,12600.0,92400.0,,300-549,1,False,insufficient_funds,1.0,1,0,rule_based
AC000642,L02,two_wheeler,self_employed,T2,hinglish,31-60,43,3600.0,7200.0,75600.0,,650-699,2,False,insufficient_funds,0.68,1,1,rule_based
AC000643,L02,two_wheeler,salaried,T1,kanglish,31-60,46,4550.0,9100.0,54600.0,5.0,300-549,3,False,insufficient_funds,0.35,0,0,rule_based
AC000644,L06,mfi_jlg,self_employed,T1,english,1-30,23,2100.0,2100.0,81900.0,,300-549,4,False,insufficient_funds,0.23,1,1,rule_based
AC000645,L01,credit_card,self_employed,T1,kanglish,31-60,47,4700.0,9400.0,98700.0,,300-549,1,False,insufficient_funds,,2,1,rule_based
AC000646,L04,mfi_jlg,self_employed,T3,hinglish,X,0,1350.0,1350.0,37800.0,,650-699,2,False,insufficient_funds,0.72,0,0,rule_based
AC000647,L01,credit_card,self_employed,T3,hinglish,31-60,44,4050.0,8100.0,52650.0,,300-549,2,True,insufficient_funds,0.17,0,0,rule_based
AC000648,L01,credit_card,salaried,T2,hinglish,1-30,22,10600.0,10600.0,106000.0,,650-699,3,False,insufficient_funds,0.95,0,0,rule_based
AC000649,L01,pl_salaried,salaried,T1,english,90+,191,15400.0,107800.0,354200.0,5.0,300-549,2,False,insufficient_funds,0.62,1,1,rule_based
AC000650,L01,pl_salaried,salaried,T1,kanglish,61-90,66,4100.0,12300.0,65600.0,,300-549,4,False,insufficient_funds,0.69,1,1,rule_based
AC000651,L06,msme,self_employed,T2,hinglish,31-60,31,21950.0,43900.0,219500.0,,300-549,5,False,mandate_not_registered,0.39,2,1,rule_based
AC000652,L06,two_wheeler,salaried,T1,hinglish,90+,542,4300.0,51600.0,189200.0,5.0,300-549,4,True,insufficient_funds,1.0,1,0,rule_based
AC000653,L01,pl_salaried,salaried,T2,english,61-90,86,3150.0,9450.0,59850.0,7.0,300-549,2,False,insufficient_funds,0.27,2,2,rule_based
AC000654,L04,mfi_jlg,daily_wage,T1,kanglish,X,0,750.0,750.0,23250.0,,550-649,3,True,insufficient_funds,0.36,1,0,rule_based
AC000655,L06,two_wheeler,salaried,T1,kanglish,61-90,75,2300.0,6900.0,52900.0,1.0,300-549,3,False,insufficient_funds,,3,3,rule_based
AC000656,L03,pl_salaried,salaried,T2,hinglish,90+,265,4850.0,43650.0,223100.0,,300-549,1,False,insufficient_funds,,1,0,rule_based
AC000657,L01,credit_card,self_employed,T1,kanglish,X,0,4100.0,4100.0,184500.0,,550-649,2,False,insufficient_funds,,0,0,rule_based
AC000658,L03,pl_salaried,salaried,T3,kanglish,1-30,30,5350.0,5350.0,251450.0,1.0,300-549,0,False,insufficient_funds,,2,1,rule_based
AC000659,L06,mfi_jlg,daily_wage,T3,kanglish,31-60,46,1150.0,2300.0,17250.0,,300-549,2,False,insufficient_funds,0.05,2,1,rule_based
AC000660,L01,pl_salaried,salaried,T2,hinglish,1-30,29,16200.0,16200.0,550800.0,5.0,700-749,1,False,insufficient_funds,0.75,0,0,rule_based
AC000661,L01,pl_salaried,salaried,T3,hinglish,31-60,36,9350.0,18700.0,392700.0,,300-549,3,False,insufficient_funds,,1,1,rule_based
AC000662,L01,pl_salaried,salaried,T2,hinglish,31-60,39,7100.0,14200.0,255600.0,,300-549,1,True,insufficient_funds,,1,1,rule_based
AC000663,L06,two_wheeler,daily_wage,T3,english,61-90,77,4500.0,13500.0,193500.0,,300-549,0,True,insufficient_funds,,2,1,rule_based
AC000664,L03,pl_salaried,salaried,T2,hinglish,X,0,9450.0,9450.0,141750.0,7.0,650-699,2,False,insufficient_funds,0.67,0,0,random_contact_point
AC000665,L05,msme,self_employed,T3,english,1-30,19,39500.0,39500.0,1185000.0,,300-549,4,False,insufficient_funds,0.04,3,1,rule_based
AC000666,L01,pl_salaried,salaried,T2,hinglish,90+,120,8900.0,35600.0,89000.0,7.0,300-549,3,False,insufficient_funds,0.73,5,3,random_contact_point
AC000667,L06,two_wheeler,self_employed,T2,hinglish,1-30,30,4700.0,4700.0,117500.0,,550-649,0,False,mandate_not_registered,0.18,1,0,rule_based
AC000668,L06,two_wheeler,daily_wage,T1,kanglish,31-60,31,4150.0,8300.0,49800.0,,300-549,4,True,insufficient_funds,0.2,2,0,rule_based
AC000669,L06,two_wheeler,daily_wage,T2,hinglish,X,0,2500.0,2500.0,57500.0,,550-649,1,False,stop_payment,,0,0,rule_based
AC000670,L03,pl_salaried,salaried,T2,hinglish,1-30,2,7500.0,7500.0,262500.0,,550-649,3,False,insufficient_funds,,0,0,rule_based
AC000671,L05,msme,self_employed,T3,english,31-60,47,36600.0,73200.0,1683600.0,,550-649,0,False,insufficient_funds,0.6,3,2,rule_based
AC000672,L02,consumer_durable,self_employed,T2,hinglish,1-30,10,4100.0,4100.0,61500.0,,550-649,0,True,insufficient_funds,,1,0,rule_based
AC000673,L03,pl_salaried,salaried,T1,kanglish,61-90,71,5050.0,15150.0,247450.0,1.0,300-549,3,False,insufficient_funds,0.34,3,2,rule_based
AC000674,L01,pl_salaried,salaried,T2,hinglish,31-60,47,12850.0,25700.0,154200.0,,300-549,0,True,insufficient_funds,0.58,1,0,rule_based
AC000675,L02,consumer_durable,self_employed,T3,hinglish,90+,232,1900.0,15200.0,81700.0,,300-549,0,False,insufficient_funds,0.16,4,2,random_contact_point
AC000676,L06,two_wheeler,salaried,T3,english,90+,157,4300.0,25800.0,215000.0,25.0,300-549,2,True,insufficient_funds,0.61,3,2,rule_based
AC000677,L01,pl_salaried,salaried,T2,hinglish,1-30,10,5050.0,5050.0,217150.0,,550-649,0,False,insufficient_funds,0.56,0,0,random_contact_point
AC000678,L03,pl_salaried,salaried,T1,hinglish,X,0,14650.0,14650.0,322300.0,,650-699,1,False,insufficient_funds,0.79,0,0,rule_based
AC000679,L06,mfi_jlg,self_employed,T3,kanglish,90+,125,1950.0,9750.0,83850.0,,300-549,1,True,stop_payment,,5,0,random_contact_point
AC000680,L04,mfi_jlg,daily_wage,T3,kanglish,1-30,10,2150.0,2150.0,75250.0,,550-649,1,False,insufficient_funds,0.2,0,0,rule_based
AC000681,L06,two_wheeler,self_employed,T3,hinglish,1-30,14,3900.0,3900.0,144300.0,,650-699,2,False,technical,,1,0,rule_based
AC000682,L03,consumer_durable,self_employed,T3,hinglish,1-30,24,2700.0,2700.0,102600.0,,550-649,4,False,stop_payment,0.63,0,0,rule_based
AC000683,L06,two_wheeler,salaried,T1,english,61-90,86,3100.0,9300.0,58900.0,10.0,300-549,2,False,insufficient_funds,0.7,4,1,rule_based
AC000684,L01,credit_card,salaried,T3,kanglish,1-30,6,5850.0,5850.0,134550.0,5.0,650-699,0,False,insufficient_funds,,1,0,rule_based
AC000685,L02,two_wheeler,daily_wage,T1,kanglish,1-30,4,4500.0,4500.0,108000.0,,550-649,2,True,mandate_not_registered,0.86,1,0,rule_based
AC000686,L01,credit_card,salaried,T1,hinglish,31-60,50,5350.0,10700.0,181900.0,,300-549,4,False,insufficient_funds,0.44,0,0,rule_based
AC000687,L01,pl_salaried,salaried,T2,hinglish,61-90,90,6050.0,18150.0,114950.0,,300-549,1,True,insufficient_funds,,1,1,rule_based
AC000688,L03,pl_salaried,salaried,T2,hinglish,1-30,7,13950.0,13950.0,167400.0,1.0,650-699,6,False,insufficient_funds,0.7,0,0,rule_based
AC000689,L01,credit_card,salaried,T3,english,61-90,63,10950.0,32850.0,438000.0,7.0,300-549,3,False,stop_payment,0.62,2,1,rule_based
AC000690,L04,mfi_jlg,self_employed,T2,hinglish,31-60,55,1950.0,3900.0,44850.0,,300-549,5,False,insufficient_funds,0.31,2,2,rule_based
AC000691,L03,pl_salaried,salaried,T1,kanglish,1-30,20,15100.0,15100.0,286900.0,1.0,700-749,1,False,insufficient_funds,0.92,0,0,rule_based
AC000692,L06,two_wheeler,salaried,T2,hinglish,1-30,1,3650.0,3650.0,175200.0,,550-649,1,False,insufficient_funds,0.33,1,1,rule_based
AC000693,L06,mfi_jlg,self_employed,T3,kanglish,X,0,1300.0,1300.0,46800.0,,300-549,1,True,insufficient_funds,,0,0,rule_based
AC000694,L06,two_wheeler,salaried,T3,hinglish,1-30,22,4400.0,4400.0,158400.0,,650-699,0,True,insufficient_funds,,1,0,rule_based
AC000695,L06,mfi_jlg,self_employed,T1,hinglish,90+,155,800.0,4800.0,20000.0,,300-549,3,False,insufficient_funds,0.56,3,1,rule_based
AC000696,L05,msme,self_employed,T2,hinglish,X,0,15750.0,15750.0,189000.0,,650-699,2,False,insufficient_funds,0.53,0,0,rule_based
AC000697,L04,mfi_jlg,daily_wage,T1,kanglish,90+,227,1500.0,12000.0,24000.0,,300-549,4,False,insufficient_funds,,6,2,rule_based
AC000698,L03,pl_salaried,salaried,T3,hinglish,X,0,4900.0,4900.0,191100.0,1.0,650-699,0,False,insufficient_funds,0.68,0,0,rule_based
AC000699,L06,two_wheeler,daily_wage,T2,hinglish,1-30,24,3950.0,3950.0,173800.0,,550-649,0,False,insufficient_funds,,2,2,rule_based
AC000700,L06,two_wheeler,daily_wage,T2,hinglish,31-60,41,2950.0,5900.0,126850.0,,300-549,4,False,technical,,2,0,rule_based
AC000701,L03,pl_salaried,salaried,T1,kanglish,90+,201,4300.0,30100.0,129000.0,5.0,300-549,1,False,insufficient_funds,0.69,0,0,rule_based
AC000702,L03,pl_salaried,salaried,T3,english,X,0,17250.0,17250.0,379500.0,1.0,650-699,2,False,insufficient_funds,,0,0,rule_based
AC000703,L01,pl_salaried,salaried,T3,hinglish,X,0,9950.0,9950.0,159200.0,1.0,650-699,3,True,technical,0.51,0,0,rule_based
AC000704,L02,two_wheeler,daily_wage,T2,english,31-60,33,4750.0,9500.0,209000.0,,300-549,3,True,insufficient_funds,0.72,1,0,rule_based
AC000705,L01,credit_card,salaried,T1,hinglish,1-30,30,6300.0,6300.0,182700.0,30.0,650-699,2,True,insufficient_funds,,0,0,rule_based
AC000706,L01,pl_salaried,salaried,T2,hinglish,31-60,33,12450.0,24900.0,149400.0,1.0,550-649,0,False,technical,0.37,3,1,rule_based
AC000707,L05,msme,self_employed,T3,english,90+,204,37150.0,260050.0,668700.0,,300-549,0,False,insufficient_funds,0.34,5,4,rule_based
AC000708,L03,consumer_durable,self_employed,T2,hinglish,X,0,1550.0,1550.0,13950.0,,300-549,7,True,insufficient_funds,0.31,0,0,rule_based
AC000709,L01,pl_salaried,salaried,T3,english,90+,131,3350.0,16750.0,36850.0,5.0,300-549,2,False,insufficient_funds,0.29,5,4,rule_based
AC000710,L02,consumer_durable,salaried,T1,kanglish,X,0,3150.0,3150.0,113400.0,7.0,300-549,3,False,insufficient_funds,0.1,0,0,rule_based
AC000711,L03,pl_salaried,salaried,T2,hinglish,90+,130,7200.0,36000.0,86400.0,1.0,300-549,1,False,insufficient_funds,0.41,2,2,rule_based
AC000712,L03,consumer_durable,salaried,T1,kanglish,90+,150,2350.0,11750.0,96350.0,10.0,300-549,1,True,insufficient_funds,0.52,3,1,rule_based
AC000713,L03,consumer_durable,salaried,T2,hinglish,31-60,59,3500.0,7000.0,171500.0,1.0,300-549,4,False,insufficient_funds,0.02,4,0,rule_based
AC000714,L03,pl_salaried,salaried,T1,hinglish,90+,154,10600.0,63600.0,487600.0,25.0,300-549,2,True,stop_payment,0.79,2,2,rule_based
AC000715,L04,mfi_jlg,daily_wage,T2,hinglish,90+,215,1250.0,10000.0,58750.0,,300-549,2,False,insufficient_funds,0.4,3,3,random_contact_point
AC000716,L03,consumer_durable,daily_wage,T2,hinglish,X,0,2800.0,2800.0,109200.0,,300-549,2,True,insufficient_funds,0.56,0,0,rule_based
AC000717,L02,consumer_durable,self_employed,T3,hinglish,X,0,1600.0,1600.0,67200.0,,650-699,1,False,insufficient_funds,,0,0,rule_based
AC000718,L02,consumer_durable,salaried,T2,hinglish,X,0,1250.0,1250.0,11250.0,5.0,550-649,2,False,insufficient_funds,,1,0,rule_based
AC000719,L02,two_wheeler,salaried,T1,english,31-60,35,3700.0,7400.0,103600.0,15.0,300-549,2,False,insufficient_funds,0.37,0,0,rule_based
AC000720,L01,pl_salaried,salaried,T1,hinglish,31-60,56,16300.0,32600.0,342300.0,7.0,550-649,0,True,insufficient_funds,0.67,0,0,rule_based
AC000721,L06,msme,self_employed,T1,english,31-60,54,12400.0,24800.0,372000.0,,550-649,2,False,insufficient_funds,0.49,2,1,rule_based
AC000722,L06,two_wheeler,salaried,T3,english,61-90,89,3550.0,10650.0,85200.0,,300-549,5,False,insufficient_funds,0.31,4,3,random_contact_point
AC000723,L06,two_wheeler,salaried,T2,hinglish,1-30,16,3250.0,3250.0,45500.0,15.0,550-649,0,False,insufficient_funds,,1,1,rule_based
AC000724,L01,credit_card,salaried,T2,hinglish,X,0,8800.0,8800.0,281600.0,,550-649,2,False,insufficient_funds,0.41,0,0,rule_based
AC000725,L06,two_wheeler,salaried,T3,english,1-30,2,2550.0,2550.0,68850.0,,300-549,1,False,insufficient_funds,,1,1,rule_based
AC000726,L01,pl_salaried,salaried,T1,kanglish,90+,178,7050.0,42300.0,141000.0,,300-549,2,False,insufficient_funds,0.43,0,0,rule_based
AC000727,L04,mfi_jlg,daily_wage,T2,hinglish,1-30,24,900.0,900.0,27900.0,,550-649,2,True,insufficient_funds,0.52,1,1,rule_based
AC000728,L03,pl_salaried,salaried,T1,english,1-30,27,14650.0,14650.0,190450.0,,550-649,3,True,insufficient_funds,0.51,1,0,rule_based
AC000729,L04,mfi_jlg,daily_wage,T1,hinglish,1-30,24,850.0,850.0,34850.0,,300-549,0,False,insufficient_funds,0.04,1,1,rule_based
AC000730,L05,msme,self_employed,T2,hinglish,90+,236,35300.0,282400.0,1376700.0,,300-549,2,False,mandate_not_registered,0.83,1,0,rule_based
AC000731,L06,two_wheeler,self_employed,T3,kanglish,1-30,15,4000.0,4000.0,168000.0,,300-549,2,False,insufficient_funds,0.29,0,0,rule_based
AC000732,L06,two_wheeler,salaried,T3,english,31-60,38,3300.0,6600.0,89100.0,30.0,300-549,2,False,mandate_not_registered,0.3,1,0,rule_based
AC000733,L01,credit_card,salaried,T1,kanglish,X,0,9850.0,9850.0,403850.0,15.0,650-699,3,False,insufficient_funds,,0,0,rule_based
AC000734,L03,consumer_durable,salaried,T2,hinglish,X,0,1850.0,1850.0,31450.0,1.0,550-649,1,False,technical,,0,0,rule_based
AC000735,L06,mfi_jlg,self_employed,T3,hinglish,61-90,87,950.0,2850.0,46550.0,,300-549,3,False,insufficient_funds,0.47,1,1,rule_based
AC000736,L01,credit_card,salaried,T3,english,31-60,59,8100.0,16200.0,396900.0,10.0,550-649,1,False,insufficient_funds,,2,0,rule_based
AC000737,L01,pl_salaried,salaried,T3,hinglish,61-90,83,12950.0,38850.0,608650.0,,300-549,3,False,stop_payment,0.9,1,1,rule_based
AC000738,L03,pl_salaried,salaried,T2,hinglish,1-30,2,4750.0,4750.0,180500.0,30.0,300-549,2,False,insufficient_funds,,0,0,random_contact_point
AC000739,L02,two_wheeler,self_employed,T2,hinglish,90+,143,4650.0,23250.0,102300.0,,300-549,3,True,insufficient_funds,0.91,6,2,rule_based
AC000740,L03,consumer_durable,salaried,T3,kanglish,31-60,46,3350.0,6700.0,113900.0,30.0,300-549,3,True,insufficient_funds,,0,0,rule_based
AC000741,L04,mfi_jlg,self_employed,T1,kanglish,90+,153,1000.0,6000.0,20000.0,,300-549,5,True,insufficient_funds,0.4,2,1,rule_based
AC000742,L03,pl_salaried,salaried,T2,hinglish,1-30,14,7400.0,7400.0,162800.0,10.0,300-549,0,False,insufficient_funds,,0,0,rule_based
AC000743,L06,msme,self_employed,T1,english,1-30,14,13850.0,13850.0,304700.0,,300-549,1,False,insufficient_funds,,0,0,rule_based
AC000744,L01,credit_card,self_employed,T2,hinglish,1-30,19,11400.0,11400.0,148200.0,,650-699,3,False,insufficient_funds,,0,0,rule_based
AC000745,L05,msme,self_employed,T2,hinglish,61-90,80,21600.0,64800.0,259200.0,,300-549,2,False,insufficient_funds,0.43,1,1,rule_based
AC000746,L01,pl_salaried,self_employed,T1,hinglish,61-90,67,6550.0,19650.0,117900.0,,300-549,0,True,insufficient_funds,,4,2,rule_based
AC000747,L02,two_wheeler,salaried,T2,hinglish,31-60,34,4700.0,9400.0,197400.0,,300-549,4,False,insufficient_funds,0.67,2,0,rule_based
AC000748,L03,consumer_durable,daily_wage,T1,kanglish,X,0,3700.0,3700.0,111000.0,,550-649,3,False,insufficient_funds,0.69,2,0,random_contact_point
AC000749,L01,pl_salaried,salaried,T3,hinglish,1-30,17,9650.0,9650.0,250900.0,,300-549,4,False,stop_payment,,0,0,rule_based
AC000750,L06,mfi_jlg,self_employed,T3,kanglish,X,0,1850.0,1850.0,85100.0,,550-649,0,True,stop_payment,0.6,0,0,random_contact_point
AC000751,L03,consumer_durable,salaried,T1,english,90+,108,2200.0,8800.0,33000.0,1.0,300-549,4,False,insufficient_funds,0.0,2,2,rule_based
AC000752,L01,pl_salaried,salaried,T1,kanglish,1-30,21,12550.0,12550.0,150600.0,5.0,550-649,1,False,insufficient_funds,,3,2,rule_based
AC000753,L03,pl_salaried,salaried,T3,hinglish,X,0,9500.0,9500.0,247000.0,,650-699,2,False,insufficient_funds,,0,0,rule_based
AC000754,L04,mfi_jlg,daily_wage,T3,hinglish,1-30,2,1250.0,1250.0,45000.0,,300-549,1,True,insufficient_funds,0.58,0,0,rule_based
AC000755,L01,credit_card,self_employed,T3,english,X,0,9950.0,9950.0,298500.0,,750-900,3,False,technical,0.62,1,0,rule_based
AC000756,L01,pl_salaried,salaried,T2,hinglish,90+,413,6650.0,79800.0,359100.0,5.0,300-549,1,False,insufficient_funds,0.39,1,0,rule_based
AC000757,L06,two_wheeler,self_employed,T1,kanglish,1-30,3,4200.0,4200.0,92400.0,,650-699,1,False,insufficient_funds,0.74,1,0,rule_based
AC000758,L06,mfi_jlg,self_employed,T3,kanglish,90+,720,1350.0,16200.0,63450.0,,300-549,1,False,insufficient_funds,,4,0,rule_based
AC000759,L01,credit_card,salaried,T2,hinglish,61-90,83,5700.0,17100.0,125400.0,,300-549,1,False,insufficient_funds,0.22,3,3,rule_based
AC000760,L01,credit_card,salaried,T2,hinglish,31-60,53,11500.0,23000.0,207000.0,7.0,550-649,2,False,insufficient_funds,0.54,0,0,rule_based
AC000761,L05,msme,self_employed,T3,kanglish,31-60,42,39500.0,79000.0,1027000.0,,300-549,1,False,insufficient_funds,0.33,3,1,rule_based
AC000762,L02,two_wheeler,daily_wage,T3,english,61-90,75,2850.0,8550.0,94050.0,,300-549,3,False,insufficient_funds,0.35,2,1,rule_based
AC000763,L05,msme,self_employed,T1,english,61-90,68,11100.0,33300.0,210900.0,,300-549,0,False,stop_payment,0.7,1,0,rule_based
AC000764,L02,two_wheeler,self_employed,T3,english,X,0,4050.0,4050.0,190350.0,,300-549,3,False,insufficient_funds,0.41,0,0,rule_based
AC000765,L03,consumer_durable,salaried,T2,hinglish,90+,101,2800.0,11200.0,70000.0,,300-549,1,True,stop_payment,0.53,2,1,rule_based
AC000766,L04,mfi_jlg,daily_wage,T1,kanglish,1-30,14,1600.0,1600.0,43200.0,,300-549,3,False,mandate_not_registered,0.45,0,0,rule_based
AC000767,L01,pl_salaried,salaried,T1,kanglish,1-30,19,13450.0,13450.0,484200.0,,700-749,0,False,insufficient_funds,0.59,1,1,rule_based
AC000768,L03,consumer_durable,salaried,T2,hinglish,1-30,30,1900.0,1900.0,38000.0,,550-649,1,False,insufficient_funds,,0,0,rule_based
AC000769,L06,two_wheeler,salaried,T2,hinglish,61-90,87,2250.0,6750.0,103500.0,5.0,300-549,1,True,insufficient_funds,0.49,2,1,rule_based
AC000770,L03,pl_salaried,salaried,T1,english,1-30,15,11750.0,11750.0,446500.0,1.0,550-649,3,False,insufficient_funds,0.68,1,0,rule_based
AC000771,L01,pl_salaried,salaried,T2,hinglish,1-30,28,10800.0,10800.0,97200.0,5.0,650-699,2,False,insufficient_funds,0.81,1,1,rule_based
AC000772,L06,mfi_jlg,daily_wage,T2,hinglish,X,0,2150.0,2150.0,49450.0,,300-549,1,False,insufficient_funds,,0,0,rule_based
AC000773,L03,pl_salaried,salaried,T2,hinglish,1-30,13,11300.0,11300.0,531100.0,,300-549,1,False,insufficient_funds,,1,1,rule_based
AC000774,L01,credit_card,self_employed,T3,hinglish,X,0,7000.0,7000.0,266000.0,,550-649,2,False,insufficient_funds,0.14,1,0,rule_based
AC000775,L01,pl_salaried,salaried,T1,kanglish,90+,111,6350.0,25400.0,171450.0,7.0,300-549,2,True,insufficient_funds,0.29,5,4,rule_based
AC000776,L06,two_wheeler,salaried,T3,english,1-30,2,4350.0,4350.0,204450.0,5.0,300-549,5,False,insufficient_funds,,0,0,rule_based
AC000777,L01,credit_card,salaried,T2,hinglish,90+,96,1750.0,7000.0,78750.0,,300-549,2,True,insufficient_funds,0.67,0,0,random_contact_point
AC000778,L02,two_wheeler,salaried,T1,hinglish,61-90,69,3500.0,10500.0,105000.0,28.0,300-549,1,True,technical,0.61,2,2,rule_based
AC000779,L01,pl_salaried,salaried,T1,hinglish,61-90,79,13200.0,39600.0,475200.0,25.0,300-549,3,False,insufficient_funds,,3,1,rule_based
AC000780,L01,pl_salaried,salaried,T3,english,90+,104,8800.0,35200.0,343200.0,,300-549,2,False,insufficient_funds,0.68,2,1,rule_based
AC000781,L02,two_wheeler,self_employed,T1,english,1-30,4,4650.0,4650.0,190650.0,,550-649,1,True,insufficient_funds,0.62,0,0,rule_based
AC000782,L01,credit_card,self_employed,T1,hinglish,31-60,53,4250.0,8500.0,59500.0,,550-649,5,True,technical,0.59,1,0,rule_based
AC000783,L06,mfi_jlg,daily_wage,T2,hinglish,X,0,1850.0,1850.0,24050.0,,550-649,2,False,insufficient_funds,,0,0,rule_based
AC000784,L01,pl_salaried,salaried,T2,hinglish,X,0,8450.0,8450.0,185900.0,,650-699,2,False,insufficient_funds,0.43,1,0,rule_based
AC000785,L01,pl_salaried,salaried,T2,hinglish,1-30,4,5250.0,5250.0,63000.0,1.0,550-649,2,True,insufficient_funds,0.6,2,0,rule_based
AC000786,L03,pl_salaried,salaried,T1,hinglish,61-90,64,11950.0,35850.0,203150.0,1.0,300-549,1,True,insufficient_funds,0.35,1,1,rule_based
AC000787,L02,two_wheeler,self_employed,T2,hinglish,90+,191,3200.0,22400.0,44800.0,,300-549,3,False,insufficient_funds,0.71,4,0,rule_based
AC000788,L01,credit_card,salaried,T3,kanglish,1-30,4,8050.0,8050.0,370300.0,25.0,300-549,1,False,technical,,1,1,rule_based
AC000789,L05,msme,self_employed,T3,kanglish,61-90,83,34850.0,104550.0,627300.0,,300-549,3,True,insufficient_funds,0.79,1,0,rule_based
AC000790,L01,credit_card,salaried,T3,hinglish,1-30,26,3150.0,3150.0,56700.0,,300-549,3,False,insufficient_funds,0.09,2,2,rule_based
AC000791,L02,two_wheeler,salaried,T2,hinglish,X,0,2900.0,2900.0,98600.0,15.0,550-649,1,False,insufficient_funds,0.44,0,0,rule_based
AC000792,L06,two_wheeler,daily_wage,T1,english,X,0,4800.0,4800.0,100800.0,,700-749,0,True,insufficient_funds,0.65,0,0,rule_based
AC000793,L01,pl_salaried,salaried,T1,hinglish,31-60,32,12050.0,24100.0,349450.0,,550-649,0,True,insufficient_funds,0.82,0,0,rule_based
AC000794,L02,two_wheeler,self_employed,T3,english,31-60,36,3600.0,7200.0,28800.0,,550-649,1,True,insufficient_funds,0.62,1,0,rule_based
AC000795,L01,credit_card,salaried,T3,hinglish,1-30,29,7650.0,7650.0,260100.0,10.0,650-699,3,False,insufficient_funds,,1,1,rule_based
AC000796,L06,two_wheeler,daily_wage,T2,hinglish,X,0,4450.0,4450.0,204700.0,,550-649,3,False,insufficient_funds,0.35,1,0,rule_based
AC000797,L03,pl_salaried,salaried,T2,hinglish,31-60,52,8100.0,16200.0,388800.0,,650-699,1,False,insufficient_funds,0.64,1,0,rule_based
AC000798,L05,msme,self_employed,T2,english,61-90,76,23850.0,71550.0,1120950.0,,300-549,1,False,insufficient_funds,,3,2,rule_based
AC000799,L03,consumer_durable,self_employed,T2,hinglish,X,0,3850.0,3850.0,50050.0,,300-549,2,True,stop_payment,0.69,0,0,rule_based
AC000800,L03,pl_salaried,salaried,T2,hinglish,61-90,65,15900.0,47700.0,286200.0,,300-549,2,True,insufficient_funds,,1,1,rule_based
AC000801,L02,two_wheeler,salaried,T2,hinglish,31-60,57,4550.0,9100.0,77350.0,28.0,550-649,2,False,mandate_not_registered,0.75,1,0,rule_based
AC000802,L04,mfi_jlg,self_employed,T1,kanglish,31-60,44,1650.0,3300.0,67650.0,,300-549,2,True,insufficient_funds,0.45,2,2,rule_based
AC000803,L01,credit_card,self_employed,T1,hinglish,X,0,5300.0,5300.0,84800.0,,300-549,2,False,insufficient_funds,0.26,0,0,rule_based
AC000804,L05,msme,self_employed,T1,kanglish,90+,120,11550.0,46200.0,450450.0,,300-549,0,True,stop_payment,0.63,5,4,random_contact_point
AC000805,L06,mfi_jlg,self_employed,T3,kanglish,31-60,59,1800.0,3600.0,68400.0,,300-549,1,False,stop_payment,,1,0,rule_based
AC000806,L02,consumer_durable,self_employed,T3,kanglish,1-30,11,4100.0,4100.0,188600.0,,300-549,1,False,insufficient_funds,0.0,0,0,rule_based
AC000807,L02,consumer_durable,salaried,T3,kanglish,90+,173,3450.0,20700.0,44850.0,25.0,300-549,3,True,insufficient_funds,0.78,5,2,rule_based
AC000808,L03,pl_salaried,salaried,T3,kanglish,90+,608,15700.0,188400.0,361100.0,,300-549,1,False,insufficient_funds,,4,3,rule_based
AC000809,L06,two_wheeler,daily_wage,T1,kanglish,61-90,88,3550.0,10650.0,81650.0,,300-549,3,False,insufficient_funds,,2,0,rule_based
AC000810,L02,two_wheeler,salaried,T1,english,90+,133,3400.0,17000.0,139400.0,10.0,300-549,2,False,insufficient_funds,0.66,2,2,rule_based
AC000811,L03,pl_salaried,salaried,T1,kanglish,X,0,4650.0,4650.0,139500.0,,700-749,3,False,insufficient_funds,0.68,1,0,rule_based
AC000812,L01,credit_card,self_employed,T1,kanglish,61-90,82,7100.0,21300.0,156200.0,,300-549,0,False,insufficient_funds,,1,0,rule_based
AC000813,L02,consumer_durable,self_employed,T3,hinglish,1-30,26,1450.0,1450.0,10150.0,,550-649,1,False,insufficient_funds,0.75,0,0,rule_based
AC000814,L01,pl_salaried,salaried,T1,english,90+,98,13450.0,53800.0,134500.0,5.0,300-549,2,True,insufficient_funds,,4,2,rule_based
AC000815,L06,two_wheeler,salaried,T3,english,1-30,9,3650.0,3650.0,167900.0,1.0,300-549,3,False,insufficient_funds,0.3,1,1,rule_based
AC000816,L06,msme,self_employed,T2,hinglish,X,0,38500.0,38500.0,1848000.0,,300-549,1,True,insufficient_funds,,0,0,rule_based
AC000817,L01,credit_card,salaried,T1,kanglish,1-30,26,1500.0,1500.0,70500.0,,650-699,4,False,insufficient_funds,,0,0,rule_based
AC000818,L06,two_wheeler,daily_wage,T3,kanglish,61-90,90,4400.0,13200.0,171600.0,,300-549,1,False,insufficient_funds,0.65,2,1,rule_based
AC000819,L02,consumer_durable,salaried,T3,hinglish,31-60,55,2500.0,5000.0,105000.0,,300-549,1,True,insufficient_funds,0.19,1,1,rule_based
AC000820,L02,two_wheeler,daily_wage,T2,hinglish,61-90,87,4700.0,14100.0,141000.0,,300-549,0,True,mandate_not_registered,0.94,3,3,rule_based
AC000821,L01,pl_salaried,salaried,T1,hinglish,X,0,8900.0,8900.0,231400.0,5.0,650-699,1,False,insufficient_funds,0.67,0,0,rule_based
AC000822,L03,pl_salaried,salaried,T2,hinglish,1-30,8,18000.0,18000.0,846000.0,,550-649,3,False,insufficient_funds,0.65,1,1,rule_based
AC000823,L03,consumer_durable,self_employed,T2,hinglish,31-60,49,4150.0,8300.0,132800.0,,300-549,0,False,insufficient_funds,0.67,0,0,rule_based
AC000824,L03,pl_salaried,salaried,T3,kanglish,1-30,29,6400.0,6400.0,249600.0,1.0,300-549,3,False,insufficient_funds,,2,0,rule_based
AC000825,L02,two_wheeler,self_employed,T1,hinglish,61-90,64,3050.0,9150.0,30500.0,,300-549,3,False,insufficient_funds,0.5,0,0,rule_based
AC000826,L01,pl_salaried,salaried,T3,hinglish,90+,113,7200.0,28800.0,129600.0,10.0,300-549,2,True,technical,0.36,5,3,rule_based
AC000827,L02,two_wheeler,salaried,T1,english,31-60,46,4100.0,8200.0,168100.0,,300-549,5,False,technical,0.22,4,3,rule_based
AC000828,L02,consumer_durable,salaried,T3,english,1-30,2,1900.0,1900.0,49400.0,,650-699,2,False,insufficient_funds,0.44,1,0,rule_based
AC000829,L02,two_wheeler,salaried,T1,kanglish,31-60,42,2950.0,5900.0,23600.0,7.0,300-549,3,False,mandate_not_registered,,2,2,rule_based
AC000830,L02,consumer_durable,salaried,T3,english,90+,192,3200.0,22400.0,121600.0,,300-549,4,False,technical,0.15,5,2,rule_based
AC000831,L03,pl_salaried,salaried,T1,english,61-90,77,9650.0,28950.0,337750.0,15.0,550-649,2,False,insufficient_funds,0.92,5,1,random_contact_point
AC000832,L06,two_wheeler,self_employed,T3,kanglish,61-90,68,3800.0,11400.0,76000.0,,300-549,4,False,insufficient_funds,0.18,0,0,rule_based
AC000833,L06,msme,self_employed,T3,hinglish,1-30,18,25600.0,25600.0,256000.0,,300-549,2,False,insufficient_funds,,0,0,rule_based
AC000834,L06,two_wheeler,daily_wage,T1,kanglish,61-90,74,4300.0,12900.0,111800.0,,300-549,2,True,insufficient_funds,,4,1,rule_based
AC000835,L03,pl_salaried,salaried,T1,english,X,0,7050.0,7050.0,282000.0,,300-549,2,False,insufficient_funds,,2,1,rule_based
AC000836,L05,msme,self_employed,T3,english,61-90,85,36200.0,108600.0,325800.0,,300-549,1,False,insufficient_funds,0.46,0,0,rule_based
AC000837,L01,credit_card,self_employed,T3,hinglish,90+,179,10400.0,62400.0,353600.0,,300-549,1,True,insufficient_funds,0.7,3,3,rule_based
AC000838,L02,two_wheeler,salaried,T3,english,90+,407,4500.0,54000.0,184500.0,,300-549,2,False,insufficient_funds,0.91,3,3,rule_based
AC000839,L03,consumer_durable,salaried,T2,hinglish,X,0,4000.0,4000.0,52000.0,,300-549,1,True,insufficient_funds,,0,0,rule_based
AC000840,L03,pl_salaried,salaried,T1,kanglish,90+,125,13400.0,67000.0,402000.0,10.0,300-549,2,False,insufficient_funds,,2,2,rule_based
AC000841,L01,credit_card,self_employed,T2,hinglish,X,0,5300.0,5300.0,47700.0,,300-549,5,True,insufficient_funds,0.33,0,0,rule_based
AC000842,L01,pl_salaried,salaried,T3,hinglish,31-60,47,10200.0,20400.0,224400.0,,300-549,0,False,insufficient_funds,0.46,1,1,rule_based
AC000843,L01,credit_card,salaried,T1,kanglish,61-90,78,2950.0,8850.0,56050.0,,300-549,0,False,insufficient_funds,0.82,4,4,rule_based
AC000844,L01,pl_salaried,salaried,T1,kanglish,31-60,50,6300.0,12600.0,182700.0,,300-549,3,False,insufficient_funds,0.6,2,2,rule_based
AC000845,L04,mfi_jlg,daily_wage,T3,hinglish,1-30,29,1800.0,1800.0,84600.0,,300-549,0,False,insufficient_funds,0.0,3,2,rule_based
AC000846,L01,pl_salaried,self_employed,T3,hinglish,61-90,71,10600.0,31800.0,190800.0,,550-649,0,True,insufficient_funds,0.77,0,0,rule_based
AC000847,L06,mfi_jlg,daily_wage,T3,kanglish,31-60,58,1750.0,3500.0,22750.0,,300-549,4,False,insufficient_funds,,1,0,rule_based
AC000848,L01,pl_salaried,salaried,T3,english,31-60,32,16350.0,32700.0,506850.0,15.0,300-549,3,False,insufficient_funds,0.63,3,1,rule_based
AC000849,L01,credit_card,self_employed,T2,hinglish,31-60,32,6100.0,12200.0,164700.0,,300-549,5,False,insufficient_funds,0.55,0,0,rule_based
AC000850,L01,credit_card,salaried,T1,hinglish,61-90,80,6600.0,19800.0,66000.0,1.0,550-649,2,True,insufficient_funds,0.98,4,2,rule_based
AC000851,L06,mfi_jlg,daily_wage,T3,kanglish,1-30,29,1450.0,1450.0,26100.0,,300-549,3,False,insufficient_funds,0.4,2,1,random_contact_point
AC000852,L02,two_wheeler,salaried,T3,kanglish,X,0,3350.0,3350.0,110550.0,5.0,550-649,1,False,insufficient_funds,0.14,0,0,rule_based
AC000853,L01,credit_card,salaried,T1,kanglish,31-60,45,8200.0,16400.0,287000.0,,300-549,0,False,insufficient_funds,0.27,2,0,rule_based
AC000854,L05,msme,self_employed,T1,kanglish,61-90,81,35800.0,107400.0,1539400.0,,300-549,2,False,insufficient_funds,0.48,2,2,rule_based
AC000855,L06,two_wheeler,self_employed,T2,english,1-30,28,3150.0,3150.0,122850.0,,300-549,3,False,insufficient_funds,0.29,1,0,rule_based
AC000856,L01,pl_salaried,salaried,T1,kanglish,X,0,14900.0,14900.0,342700.0,1.0,550-649,2,False,insufficient_funds,,0,0,rule_based
AC000857,L02,consumer_durable,self_employed,T1,kanglish,90+,97,3500.0,14000.0,171500.0,,300-549,2,True,insufficient_funds,,1,1,rule_based
AC000858,L01,credit_card,salaried,T1,hinglish,90+,235,7000.0,56000.0,217000.0,,300-549,3,False,insufficient_funds,0.78,6,4,rule_based
AC000859,L01,pl_salaried,self_employed,T3,kanglish,31-60,47,10500.0,21000.0,283500.0,,300-549,0,True,insufficient_funds,0.63,1,0,rule_based
AC000860,L06,two_wheeler,self_employed,T1,kanglish,61-90,76,2850.0,8550.0,39900.0,,300-549,3,False,insufficient_funds,,1,1,rule_based
AC000861,L01,pl_salaried,salaried,T3,kanglish,90+,138,7350.0,36750.0,220500.0,,300-549,1,True,insufficient_funds,0.16,2,1,rule_based
AC000862,L01,pl_salaried,salaried,T2,english,31-60,32,5700.0,11400.0,267900.0,,300-549,3,True,insufficient_funds,,0,0,rule_based
AC000863,L06,mfi_jlg,daily_wage,T2,hinglish,1-30,25,1550.0,1550.0,27900.0,,700-749,0,False,insufficient_funds,0.8,2,0,rule_based
AC000864,L01,pl_salaried,salaried,T3,english,31-60,52,16200.0,32400.0,793800.0,1.0,550-649,1,False,insufficient_funds,0.76,5,1,rule_based
AC000865,L05,msme,self_employed,T2,hinglish,90+,169,8450.0,50700.0,363350.0,,300-549,1,True,insufficient_funds,0.78,4,3,rule_based
AC000866,L02,consumer_durable,salaried,T3,hinglish,61-90,74,3050.0,9150.0,51850.0,10.0,300-549,3,False,insufficient_funds,,2,1,rule_based
AC000867,L06,two_wheeler,salaried,T3,english,X,0,2550.0,2550.0,122400.0,25.0,650-699,0,False,insufficient_funds,0.25,0,0,rule_based
AC000868,L06,mfi_jlg,daily_wage,T3,hinglish,90+,245,1400.0,12600.0,70000.0,,300-549,1,False,insufficient_funds,0.35,3,3,rule_based
AC000869,L04,mfi_jlg,self_employed,T3,english,61-90,84,1300.0,3900.0,29900.0,,300-549,2,False,technical,0.0,2,1,rule_based
AC000870,L02,consumer_durable,salaried,T3,english,1-30,9,2700.0,2700.0,118800.0,,300-549,3,False,insufficient_funds,,0,0,rule_based
AC000871,L01,credit_card,self_employed,T2,hinglish,90+,175,1950.0,11700.0,79950.0,,300-549,1,True,insufficient_funds,,2,1,rule_based
AC000872,L01,pl_salaried,salaried,T2,hinglish,61-90,78,13650.0,40950.0,122850.0,15.0,300-549,3,False,insufficient_funds,0.92,1,1,rule_based
AC000873,L06,two_wheeler,self_employed,T2,hinglish,90+,232,3150.0,25200.0,144900.0,,300-549,2,False,insufficient_funds,0.33,3,2,rule_based
AC000874,L06,two_wheeler,daily_wage,T3,kanglish,90+,124,4450.0,22250.0,209150.0,,300-549,3,False,technical,0.18,5,2,rule_based
AC000875,L01,pl_salaried,salaried,T2,hinglish,X,0,11600.0,11600.0,475600.0,,650-699,4,False,technical,0.74,0,0,rule_based
AC000876,L06,two_wheeler,salaried,T1,kanglish,61-90,75,3300.0,9900.0,92400.0,1.0,300-549,2,True,insufficient_funds,0.81,3,2,rule_based
AC000877,L03,pl_salaried,salaried,T2,hinglish,1-30,6,16200.0,16200.0,518400.0,1.0,300-549,0,True,insufficient_funds,0.88,0,0,rule_based
AC000878,L02,consumer_durable,salaried,T2,hinglish,90+,112,4000.0,16000.0,164000.0,30.0,300-549,4,False,insufficient_funds,0.64,3,3,rule_based
AC000879,L03,pl_salaried,self_employed,T2,hinglish,90+,97,4850.0,19400.0,130950.0,,300-549,2,False,insufficient_funds,,7,4,rule_based
AC000880,L03,pl_salaried,salaried,T2,hinglish,90+,238,13250.0,106000.0,397500.0,10.0,300-549,2,False,insufficient_funds,0.81,3,2,rule_based
AC000881,L03,pl_salaried,self_employed,T3,kanglish,61-90,90,6250.0,18750.0,206250.0,,300-549,2,False,insufficient_funds,0.7,2,1,rule_based
AC000882,L01,pl_salaried,salaried,T1,kanglish,61-90,66,4800.0,14400.0,43200.0,5.0,300-549,0,True,insufficient_funds,,2,1,rule_based
AC000883,L03,pl_salaried,salaried,T3,hinglish,1-30,9,10000.0,10000.0,110000.0,,550-649,2,True,insufficient_funds,0.79,0,0,rule_based
AC000884,L01,pl_salaried,salaried,T3,hinglish,1-30,5,8800.0,8800.0,378400.0,,650-699,5,False,insufficient_funds,0.45,1,0,rule_based
AC000885,L03,pl_salaried,salaried,T1,english,X,0,17100.0,17100.0,803700.0,7.0,300-549,5,True,insufficient_funds,,1,1,rule_based
AC000886,L01,pl_salaried,salaried,T1,english,90+,165,7850.0,47100.0,235500.0,5.0,300-549,1,False,insufficient_funds,0.91,2,2,rule_based
AC000887,L01,credit_card,self_employed,T3,kanglish,31-60,43,10650.0,21300.0,149100.0,,300-549,4,False,insufficient_funds,,1,0,rule_based
AC000888,L01,credit_card,salaried,T3,kanglish,31-60,59,6300.0,12600.0,81900.0,30.0,300-549,1,False,insufficient_funds,0.0,1,0,rule_based
AC000889,L01,credit_card,salaried,T1,hinglish,1-30,20,2300.0,2300.0,36800.0,1.0,550-649,2,True,insufficient_funds,,1,1,rule_based
AC000890,L01,credit_card,salaried,T2,hinglish,31-60,58,9600.0,19200.0,230400.0,7.0,300-549,1,False,insufficient_funds,0.43,5,2,rule_based
AC000891,L01,pl_salaried,salaried,T1,hinglish,31-60,43,15200.0,30400.0,501600.0,10.0,650-699,1,False,insufficient_funds,0.84,5,3,rule_based
AC000892,L01,pl_salaried,salaried,T2,hinglish,90+,124,14250.0,71250.0,313500.0,1.0,300-549,2,True,insufficient_funds,,1,0,rule_based
AC000893,L01,pl_salaried,salaried,T1,kanglish,90+,316,13000.0,143000.0,507000.0,7.0,300-549,0,False,insufficient_funds,0.75,3,2,rule_based
AC000894,L04,mfi_jlg,daily_wage,T2,hinglish,31-60,53,1100.0,2200.0,39600.0,,300-549,1,False,insufficient_funds,0.68,1,0,rule_based
AC000895,L02,consumer_durable,salaried,T2,hinglish,61-90,77,2400.0,7200.0,26400.0,,300-549,1,False,insufficient_funds,0.33,1,0,rule_based
AC000896,L03,consumer_durable,self_employed,T2,hinglish,1-30,20,3900.0,3900.0,117000.0,,550-649,0,False,insufficient_funds,0.74,1,0,rule_based
AC000897,L06,two_wheeler,self_employed,T1,hinglish,X,0,3000.0,3000.0,90000.0,,300-549,1,True,insufficient_funds,0.41,1,1,rule_based
AC000898,L02,two_wheeler,self_employed,T3,english,31-60,44,4100.0,8200.0,155800.0,,550-649,0,False,insufficient_funds,0.78,1,1,rule_based
AC000899,L01,credit_card,self_employed,T3,english,61-90,84,8450.0,25350.0,304200.0,,300-549,2,True,mandate_not_registered,0.76,3,3,rule_based
AC000900,L06,mfi_jlg,self_employed,T2,hinglish,X,0,1250.0,1250.0,58750.0,,300-549,4,False,insufficient_funds,0.32,0,0,rule_based
AC000901,L04,mfi_jlg,daily_wage,T3,kanglish,1-30,28,1350.0,1350.0,36450.0,,300-549,0,True,insufficient_funds,0.21,1,1,rule_based
AC000902,L06,msme,self_employed,T3,english,31-60,49,16450.0,32900.0,296100.0,,300-549,2,False,insufficient_funds,0.64,4,2,rule_based
AC000903,L02,consumer_durable,salaried,T1,hinglish,X,0,2500.0,2500.0,77500.0,1.0,750-900,0,False,insufficient_funds,1.0,0,0,rule_based
AC000904,L06,two_wheeler,self_employed,T1,english,1-30,10,2750.0,2750.0,38500.0,,550-649,0,False,insufficient_funds,0.6,1,0,random_contact_point
AC000905,L06,mfi_jlg,self_employed,T2,hinglish,31-60,49,1550.0,3100.0,18600.0,,300-549,4,True,insufficient_funds,,0,0,rule_based
AC000906,L05,msme,self_employed,T3,hinglish,90+,345,18800.0,225600.0,864800.0,,300-549,2,False,insufficient_funds,0.37,4,2,rule_based
AC000907,L01,credit_card,self_employed,T3,hinglish,1-30,3,8300.0,8300.0,365200.0,,300-549,0,False,technical,,1,1,rule_based
AC000908,L02,consumer_durable,salaried,T1,kanglish,1-30,10,3450.0,3450.0,103500.0,,300-549,3,True,insufficient_funds,,2,1,rule_based
AC000909,L03,pl_salaried,salaried,T1,english,X,0,16800.0,16800.0,806400.0,30.0,650-699,2,False,insufficient_funds,0.72,1,1,rule_based
AC000910,L02,consumer_durable,self_employed,T3,hinglish,X,0,3950.0,3950.0,118500.0,,750-900,1,False,insufficient_funds,0.72,1,0,rule_based
AC000911,L06,mfi_jlg,self_employed,T3,english,61-90,70,1450.0,4350.0,49300.0,,300-549,1,False,insufficient_funds,0.16,6,4,rule_based
AC000912,L03,pl_salaried,salaried,T2,hinglish,1-30,21,9100.0,9100.0,300300.0,,650-699,1,True,mandate_not_registered,0.82,0,0,rule_based
AC000913,L04,mfi_jlg,self_employed,T2,hinglish,1-30,28,850.0,850.0,25500.0,,300-549,1,False,insufficient_funds,,1,1,rule_based
AC000914,L01,pl_salaried,salaried,T3,hinglish,90+,107,8850.0,35400.0,185850.0,1.0,300-549,1,True,insufficient_funds,0.49,7,3,rule_based
AC000915,L06,mfi_jlg,daily_wage,T2,hinglish,61-90,77,1200.0,3600.0,45600.0,,300-549,1,False,insufficient_funds,,1,1,rule_based
AC000916,L05,msme,self_employed,T3,hinglish,X,0,25100.0,25100.0,727900.0,,650-699,2,False,insufficient_funds,0.65,1,0,rule_based
AC000917,L02,two_wheeler,daily_wage,T3,kanglish,1-30,16,2850.0,2850.0,125400.0,,550-649,0,False,insufficient_funds,0.74,3,2,rule_based
AC000918,L05,msme,self_employed,T1,english,90+,328,10300.0,113300.0,226600.0,,300-549,2,False,technical,0.35,5,4,rule_based
AC000919,L01,pl_salaried,salaried,T1,kanglish,61-90,64,5400.0,16200.0,86400.0,,300-549,4,True,insufficient_funds,0.72,4,2,rule_based
AC000920,L03,pl_salaried,salaried,T3,hinglish,90+,214,7150.0,57200.0,286000.0,,300-549,1,False,insufficient_funds,0.53,3,0,rule_based
AC000921,L01,credit_card,salaried,T2,hinglish,X,0,6000.0,6000.0,162000.0,,550-649,3,False,insufficient_funds,0.73,0,0,rule_based
AC000922,L03,pl_salaried,salaried,T1,kanglish,61-90,77,16200.0,48600.0,405000.0,7.0,300-549,2,False,insufficient_funds,0.57,2,1,rule_based
AC000923,L06,two_wheeler,self_employed,T2,hinglish,X,0,4650.0,4650.0,106950.0,,550-649,2,True,insufficient_funds,0.13,0,0,rule_based
AC000924,L03,pl_salaried,salaried,T2,hinglish,1-30,7,10100.0,10100.0,343400.0,,650-699,1,False,insufficient_funds,0.78,1,0,random_contact_point
AC000925,L01,credit_card,salaried,T1,english,61-90,68,5800.0,17400.0,87000.0,,300-549,2,False,insufficient_funds,,3,1,rule_based
AC000926,L06,two_wheeler,self_employed,T3,kanglish,61-90,80,2400.0,7200.0,69600.0,,300-549,0,False,insufficient_funds,0.4,5,2,random_contact_point
AC000927,L06,msme,self_employed,T1,english,X,0,20450.0,20450.0,490800.0,,300-549,3,True,insufficient_funds,,2,2,rule_based
AC000928,L03,pl_salaried,salaried,T1,kanglish,1-30,2,8100.0,8100.0,243000.0,,300-549,0,False,insufficient_funds,0.63,0,0,rule_based
AC000929,L03,consumer_durable,salaried,T1,hinglish,61-90,65,2850.0,8550.0,128250.0,28.0,300-549,3,False,insufficient_funds,0.61,0,0,random_contact_point
AC000930,L02,two_wheeler,salaried,T2,hinglish,X,0,3300.0,3300.0,26400.0,,550-649,4,False,insufficient_funds,,1,0,rule_based
AC000931,L01,credit_card,salaried,T3,english,1-30,7,7150.0,7150.0,78650.0,25.0,550-649,3,False,insufficient_funds,,1,0,rule_based
AC000932,L02,two_wheeler,self_employed,T2,hinglish,1-30,22,3700.0,3700.0,99900.0,,550-649,2,False,stop_payment,0.49,0,0,rule_based
AC000933,L01,credit_card,salaried,T3,english,X,0,2050.0,2050.0,28700.0,30.0,650-699,0,True,insufficient_funds,0.7,0,0,rule_based
AC000934,L03,pl_salaried,salaried,T1,kanglish,90+,122,6250.0,31250.0,212500.0,1.0,300-549,3,False,mandate_not_registered,0.71,1,1,rule_based
AC000935,L02,two_wheeler,salaried,T2,hinglish,X,0,2800.0,2800.0,92400.0,,300-549,3,True,insufficient_funds,,0,0,rule_based
AC000936,L03,pl_salaried,salaried,T2,hinglish,31-60,32,10250.0,20500.0,492000.0,,300-549,3,False,insufficient_funds,0.36,4,2,rule_based
AC000937,L01,credit_card,salaried,T3,kanglish,61-90,69,4650.0,13950.0,79050.0,5.0,300-549,2,False,insufficient_funds,0.57,2,0,rule_based
AC000938,L06,two_wheeler,salaried,T2,hinglish,X,0,2950.0,2950.0,41300.0,10.0,650-699,1,False,insufficient_funds,,1,1,rule_based
AC000939,L01,credit_card,salaried,T3,english,31-60,54,11850.0,23700.0,177750.0,15.0,550-649,1,False,insufficient_funds,0.64,1,0,rule_based
AC000940,L05,msme,self_employed,T1,kanglish,1-30,6,34050.0,34050.0,1293900.0,,300-549,3,False,mandate_not_registered,,0,0,rule_based
AC000941,L03,pl_salaried,salaried,T3,english,90+,95,13750.0,55000.0,660000.0,7.0,300-549,3,False,stop_payment,,4,2,rule_based
AC000942,L03,consumer_durable,daily_wage,T3,english,61-90,74,2150.0,6450.0,47300.0,,300-549,2,False,insufficient_funds,0.24,1,1,rule_based
AC000943,L06,msme,self_employed,T3,hinglish,61-90,79,13550.0,40650.0,365850.0,,300-549,2,False,insufficient_funds,,3,2,rule_based
AC000944,L02,consumer_durable,salaried,T1,kanglish,1-30,6,1350.0,1350.0,64800.0,,650-699,0,False,insufficient_funds,,2,0,rule_based
AC000945,L05,msme,self_employed,T1,english,90+,102,30450.0,121800.0,548100.0,,300-549,1,False,insufficient_funds,0.96,6,6,rule_based
AC000946,L01,pl_salaried,salaried,T2,hinglish,31-60,55,7300.0,14600.0,73000.0,,550-649,1,False,insufficient_funds,0.94,1,1,rule_based
AC000947,L02,two_wheeler,self_employed,T2,hinglish,1-30,8,2800.0,2800.0,78400.0,,550-649,1,False,mandate_not_registered,0.71,0,0,rule_based
AC000948,L03,pl_salaried,salaried,T3,kanglish,X,0,14350.0,14350.0,430500.0,,550-649,2,False,insufficient_funds,0.43,0,0,rule_based
AC000949,L05,msme,self_employed,T1,kanglish,X,0,22750.0,22750.0,204750.0,,550-649,3,False,insufficient_funds,0.93,0,0,rule_based
AC000950,L02,two_wheeler,self_employed,T2,hinglish,1-30,19,3100.0,3100.0,96100.0,,550-649,0,False,insufficient_funds,0.86,1,0,rule_based
AC000951,L01,pl_salaried,salaried,T1,english,1-30,9,12450.0,12450.0,199200.0,,650-699,2,False,insufficient_funds,0.86,0,0,rule_based
AC000952,L02,consumer_durable,daily_wage,T2,hinglish,90+,313,3650.0,40150.0,80300.0,,300-549,3,False,insufficient_funds,,1,0,random_contact_point
AC000953,L01,pl_salaried,salaried,T1,kanglish,90+,484,14800.0,177600.0,606800.0,,550-649,2,False,insufficient_funds,1.0,2,2,rule_based
AC000954,L06,two_wheeler,daily_wage,T3,kanglish,X,0,4550.0,4550.0,195650.0,,700-749,1,False,insufficient_funds,0.41,0,0,rule_based
AC000955,L06,mfi_jlg,daily_wage,T1,kanglish,90+,165,1250.0,7500.0,23750.0,,300-549,1,False,insufficient_funds,0.19,4,1,rule_based
AC000956,L03,pl_salaried,salaried,T2,hinglish,61-90,81,6750.0,20250.0,101250.0,,300-549,3,False,insufficient_funds,,2,0,rule_based
AC000957,L06,two_wheeler,self_employed,T1,kanglish,31-60,46,3300.0,6600.0,151800.0,,300-549,5,True,insufficient_funds,0.78,2,2,rule_based
AC000958,L06,msme,self_employed,T1,kanglish,90+,172,10250.0,61500.0,461250.0,,300-549,6,False,insufficient_funds,0.48,4,1,rule_based
AC000959,L01,pl_salaried,salaried,T2,hinglish,61-90,64,12450.0,37350.0,236550.0,1.0,300-549,3,True,insufficient_funds,,3,1,rule_based
AC000960,L02,two_wheeler,daily_wage,T1,kanglish,31-60,31,3300.0,6600.0,66000.0,,300-549,2,True,insufficient_funds,0.39,1,0,rule_based
AC000961,L03,pl_salaried,salaried,T2,hinglish,1-30,9,5300.0,5300.0,100700.0,5.0,550-649,4,False,insufficient_funds,0.75,1,0,rule_based
AC000962,L04,mfi_jlg,self_employed,T1,kanglish,1-30,2,1750.0,1750.0,43750.0,,300-549,0,False,insufficient_funds,0.49,0,0,rule_based
AC000963,L03,pl_salaried,salaried,T3,english,90+,238,8450.0,67600.0,363350.0,1.0,300-549,5,False,insufficient_funds,,4,1,rule_based
AC000964,L02,consumer_durable,daily_wage,T3,english,1-30,27,3050.0,3050.0,118950.0,,550-649,0,False,insufficient_funds,0.54,0,0,rule_based
AC000965,L02,consumer_durable,salaried,T3,english,X,0,2000.0,2000.0,86000.0,5.0,700-749,2,False,insufficient_funds,0.93,0,0,random_contact_point
AC000966,L01,pl_salaried,salaried,T1,kanglish,1-30,14,13850.0,13850.0,664800.0,,300-549,0,False,stop_payment,0.71,0,0,rule_based
AC000967,L01,credit_card,salaried,T2,hinglish,31-60,44,8450.0,16900.0,92950.0,,300-549,3,False,insufficient_funds,0.76,0,0,rule_based
AC000968,L02,two_wheeler,salaried,T1,kanglish,1-30,11,3200.0,3200.0,108800.0,,300-549,3,True,insufficient_funds,0.52,0,0,rule_based
AC000969,L06,mfi_jlg,self_employed,T2,hinglish,90+,109,1200.0,4800.0,39600.0,,300-549,1,True,insufficient_funds,0.05,2,0,rule_based
AC000970,L06,two_wheeler,self_employed,T3,kanglish,1-30,25,4700.0,4700.0,206800.0,,550-649,0,False,insufficient_funds,,1,0,rule_based
AC000971,L01,pl_salaried,salaried,T1,hinglish,90+,111,12500.0,50000.0,500000.0,10.0,300-549,2,False,insufficient_funds,0.61,3,2,rule_based
AC000972,L03,pl_salaried,salaried,T1,english,31-60,50,5800.0,11600.0,243600.0,,300-549,2,False,insufficient_funds,1.0,3,2,random_contact_point
AC000973,L03,consumer_durable,salaried,T3,hinglish,31-60,33,3850.0,7700.0,169400.0,,650-699,3,False,insufficient_funds,0.75,2,0,rule_based
AC000974,L06,two_wheeler,daily_wage,T2,hinglish,1-30,1,2500.0,2500.0,100000.0,,300-549,0,False,stop_payment,0.39,1,1,rule_based
AC000975,L05,msme,self_employed,T1,kanglish,1-30,26,13700.0,13700.0,137000.0,,650-699,2,False,insufficient_funds,0.85,2,1,rule_based
AC000976,L06,two_wheeler,salaried,T3,english,90+,272,4450.0,44500.0,186900.0,5.0,300-549,2,False,insufficient_funds,,2,1,rule_based
AC000977,L02,consumer_durable,self_employed,T1,kanglish,61-90,86,3950.0,11850.0,197500.0,,300-549,0,True,insufficient_funds,,2,1,rule_based
AC000978,L03,pl_salaried,salaried,T3,english,1-30,9,15900.0,15900.0,413400.0,30.0,650-699,3,False,insufficient_funds,,1,1,random_contact_point
AC000979,L03,pl_salaried,salaried,T1,kanglish,90+,243,3800.0,34200.0,72200.0,5.0,300-549,2,False,insufficient_funds,0.04,5,1,rule_based
AC000980,L03,consumer_durable,self_employed,T3,english,61-90,75,3850.0,11550.0,38500.0,,550-649,2,True,insufficient_funds,,2,0,rule_based
AC000981,L02,consumer_durable,salaried,T3,hinglish,X,0,3000.0,3000.0,120000.0,1.0,550-649,0,True,insufficient_funds,0.5,0,0,rule_based
AC000982,L01,credit_card,salaried,T1,kanglish,31-60,32,5900.0,11800.0,253700.0,15.0,300-549,5,False,insufficient_funds,0.26,0,0,rule_based
AC000983,L01,credit_card,self_employed,T3,hinglish,61-90,72,3850.0,11550.0,57750.0,,300-549,1,False,stop_payment,1.0,0,0,rule_based
AC000984,L02,two_wheeler,daily_wage,T1,kanglish,61-90,85,3050.0,9150.0,149450.0,,300-549,1,True,insufficient_funds,,2,2,rule_based
AC000985,L01,credit_card,salaried,T3,hinglish,X,0,9300.0,9300.0,297600.0,1.0,550-649,2,False,insufficient_funds,0.36,1,1,rule_based
AC000986,L01,pl_salaried,salaried,T3,hinglish,1-30,2,11950.0,11950.0,239000.0,,300-549,0,False,insufficient_funds,0.28,0,0,rule_based
AC000987,L03,consumer_durable,salaried,T1,hinglish,1-30,16,4150.0,4150.0,87150.0,,550-649,1,True,insufficient_funds,,1,0,rule_based
AC000988,L03,pl_salaried,salaried,T2,hinglish,1-30,19,17750.0,17750.0,284000.0,5.0,300-549,2,False,insufficient_funds,0.59,1,1,rule_based
AC000989,L04,mfi_jlg,self_employed,T1,kanglish,X,0,700.0,700.0,14700.0,,550-649,0,False,insufficient_funds,,1,1,rule_based
AC000990,L01,pl_salaried,salaried,T2,hinglish,31-60,59,10950.0,21900.0,131400.0,,550-649,3,False,insufficient_funds,,2,2,rule_based
AC000991,L01,pl_salaried,salaried,T2,hinglish,31-60,40,15000.0,30000.0,345000.0,,300-549,1,False,insufficient_funds,0.7,2,1,rule_based
AC000992,L06,mfi_jlg,self_employed,T2,hinglish,1-30,5,850.0,850.0,11050.0,,300-549,2,False,insufficient_funds,0.02,1,1,rule_based
AC000993,L01,credit_card,salaried,T3,english,31-60,39,4250.0,8500.0,161500.0,10.0,550-649,0,False,insufficient_funds,0.33,1,0,rule_based
AC000994,L06,mfi_jlg,daily_wage,T3,hinglish,X,0,1450.0,1450.0,53650.0,,550-649,3,False,insufficient_funds,0.2,0,0,rule_based
AC000995,L01,pl_salaried,salaried,T2,hinglish,1-30,5,11950.0,11950.0,274850.0,,650-699,0,True,insufficient_funds,,1,0,rule_based
AC000996,L03,consumer_durable,salaried,T3,hinglish,61-90,86,3800.0,11400.0,190000.0,,300-549,1,False,insufficient_funds,0.5,1,1,rule_based
AC000997,L06,mfi_jlg,self_employed,T1,hinglish,90+,118,1000.0,4000.0,49000.0,,300-549,2,False,insufficient_funds,0.43,7,2,rule_based
AC000998,L06,msme,self_employed,T3,english,1-30,18,12500.0,12500.0,487500.0,,300-549,2,False,insufficient_funds,0.42,3,1,rule_based
AC000999,L01,pl_salaried,salaried,T3,hinglish,90+,153,14750.0,88500.0,295000.0,1.0,300-549,1,True,insufficient_funds,0.57,1,0,rule_based
AC001000,L01,credit_card,self_employed,T3,kanglish,90+,171,3200.0,19200.0,102400.0,,300-549,1,False,technical,0.32,4,3,rule_based
AC001001,L01,credit_card,self_employed,T3,hinglish,31-60,41,3100.0,6200.0,24800.0,,300-549,0,False,insufficient_funds,0.7,1,1,rule_based
AC001002,L02,two_wheeler,self_employed,T1,english,90+,101,4700.0,18800.0,56400.0,,300-549,1,False,insufficient_funds,,1,1,rule_based
AC001003,L01,credit_card,salaried,T1,kanglish,1-30,3,9150.0,9150.0,128100.0,1.0,300-549,1,True,technical,0.0,0,0,rule_based
AC001004,L03,pl_salaried,salaried,T2,hinglish,X,0,12850.0,12850.0,449750.0,5.0,700-749,2,True,insufficient_funds,0.63,0,0,rule_based
AC001005,L01,credit_card,salaried,T1,kanglish,90+,161,8250.0,49500.0,429000.0,,300-549,1,True,insufficient_funds,0.68,0,0,rule_based
AC001006,L03,pl_salaried,salaried,T2,hinglish,31-60,54,13350.0,26700.0,106800.0,1.0,550-649,3,True,insufficient_funds,0.66,0,0,rule_based
AC001007,L01,credit_card,salaried,T2,hinglish,1-30,29,2250.0,2250.0,74250.0,28.0,300-549,3,False,technical,0.38,0,0,rule_based
AC001008,L01,pl_salaried,salaried,T3,hinglish,X,0,6400.0,6400.0,166400.0,,750-900,0,True,insufficient_funds,,1,0,rule_based
AC001009,L03,pl_salaried,salaried,T2,hinglish,X,0,14150.0,14150.0,452800.0,25.0,650-699,3,False,insufficient_funds,0.72,0,0,rule_based
AC001010,L04,mfi_jlg,daily_wage,T1,kanglish,X,0,1450.0,1450.0,34800.0,,750-900,1,False,insufficient_funds,,0,0,rule_based
AC001011,L01,credit_card,salaried,T3,hinglish,1-30,18,2700.0,2700.0,129600.0,,300-549,3,True,insufficient_funds,,1,0,rule_based
AC001012,L01,credit_card,salaried,T1,hinglish,90+,275,8150.0,81500.0,211900.0,,300-549,1,False,insufficient_funds,0.58,1,0,rule_based
AC001013,L02,two_wheeler,salaried,T1,hinglish,1-30,26,3000.0,3000.0,78000.0,10.0,550-649,1,False,insufficient_funds,0.71,0,0,rule_based
AC001014,L04,mfi_jlg,daily_wage,T2,english,61-90,72,1550.0,4650.0,58900.0,,300-549,1,True,insufficient_funds,0.48,5,3,rule_based
AC001015,L01,credit_card,salaried,T1,kanglish,X,0,7500.0,7500.0,150000.0,30.0,700-749,1,False,insufficient_funds,0.51,1,1,rule_based
AC001016,L06,two_wheeler,self_employed,T1,kanglish,1-30,28,2400.0,2400.0,115200.0,,550-649,1,True,insufficient_funds,,2,2,rule_based
AC001017,L02,consumer_durable,self_employed,T1,kanglish,90+,171,1500.0,9000.0,18000.0,,300-549,4,False,insufficient_funds,,5,0,rule_based
AC001018,L02,two_wheeler,salaried,T1,kanglish,1-30,23,3550.0,3550.0,117150.0,1.0,550-649,1,True,insufficient_funds,0.66,0,0,rule_based
AC001019,L03,consumer_durable,self_employed,T1,hinglish,1-30,20,4150.0,4150.0,74700.0,,550-649,1,False,insufficient_funds,0.74,0,0,rule_based
AC001020,L05,msme,self_employed,T2,hinglish,90+,125,27850.0,139250.0,417750.0,,300-549,6,False,mandate_not_registered,0.52,2,1,rule_based
AC001021,L01,pl_salaried,salaried,T3,english,X,0,6550.0,6550.0,176850.0,5.0,700-749,1,False,insufficient_funds,0.67,0,0,rule_based
AC001022,L02,two_wheeler,salaried,T1,kanglish,X,0,2800.0,2800.0,89600.0,1.0,300-549,4,False,stop_payment,0.5,1,0,rule_based
AC001023,L04,mfi_jlg,self_employed,T1,kanglish,90+,176,2100.0,12600.0,25200.0,,300-549,1,True,insufficient_funds,0.5,0,0,rule_based
AC001024,L02,consumer_durable,salaried,T1,english,1-30,13,2850.0,2850.0,94050.0,1.0,550-649,3,True,insufficient_funds,,2,1,rule_based
AC001025,L02,two_wheeler,salaried,T1,kanglish,31-60,52,4150.0,8300.0,182600.0,,550-649,0,False,insufficient_funds,0.95,2,1,rule_based
AC001026,L03,pl_salaried,salaried,T2,hinglish,X,0,17700.0,17700.0,123900.0,10.0,750-900,2,False,insufficient_funds,1.0,2,0,rule_based
AC001027,L02,two_wheeler,salaried,T2,hinglish,1-30,2,3900.0,3900.0,113100.0,1.0,550-649,0,False,insufficient_funds,0.69,2,0,rule_based
AC001028,L01,pl_salaried,salaried,T3,english,31-60,59,6400.0,12800.0,307200.0,,550-649,2,True,insufficient_funds,0.71,1,1,rule_based
AC001029,L06,mfi_jlg,daily_wage,T3,hinglish,61-90,66,1700.0,5100.0,76500.0,,300-549,1,False,insufficient_funds,0.32,3,2,rule_based
AC001030,L06,two_wheeler,salaried,T3,english,1-30,7,4000.0,4000.0,104000.0,,550-649,1,False,insufficient_funds,,1,0,rule_based
AC001031,L06,mfi_jlg,daily_wage,T3,hinglish,90+,188,750.0,5250.0,31500.0,,300-549,1,False,technical,,2,2,random_contact_point
AC001032,L06,msme,self_employed,T1,kanglish,61-90,72,10800.0,32400.0,226800.0,,300-549,2,True,insufficient_funds,0.78,1,1,rule_based
AC001033,L04,mfi_jlg,daily_wage,T1,kanglish,31-60,60,1250.0,2500.0,42500.0,,300-549,3,False,insufficient_funds,0.27,5,4,rule_based
AC001034,L02,two_wheeler,daily_wage,T2,hinglish,31-60,58,2700.0,5400.0,35100.0,,300-549,3,False,insufficient_funds,,3,0,rule_based
AC001035,L04,mfi_jlg,daily_wage,T2,english,31-60,39,1900.0,3800.0,70300.0,,300-549,3,False,insufficient_funds,0.2,3,1,rule_based
AC001036,L05,msme,self_employed,T2,hinglish,61-90,80,34350.0,103050.0,961800.0,,300-549,0,False,insufficient_funds,0.22,2,0,rule_based
AC001037,L06,msme,self_employed,T2,hinglish,X,0,33800.0,33800.0,1284400.0,,700-749,2,False,insufficient_funds,0.42,0,0,random_contact_point
AC001038,L01,pl_salaried,salaried,T3,hinglish,90+,115,6550.0,26200.0,288200.0,,300-549,6,False,insufficient_funds,0.25,4,3,rule_based
AC001039,L06,two_wheeler,salaried,T2,hinglish,31-60,42,4050.0,8100.0,97200.0,,300-549,0,False,mandate_not_registered,0.73,0,0,rule_based
AC001040,L03,pl_salaried,salaried,T3,english,90+,143,15900.0,79500.0,365700.0,,300-549,1,False,insufficient_funds,0.8,4,3,rule_based
AC001041,L06,msme,self_employed,T3,kanglish,90+,161,10550.0,63300.0,443100.0,,300-549,3,False,insufficient_funds,,7,6,rule_based
AC001042,L06,mfi_jlg,self_employed,T2,hinglish,X,0,1100.0,1100.0,25300.0,,550-649,1,False,insufficient_funds,0.59,0,0,rule_based
AC001043,L02,two_wheeler,daily_wage,T1,english,1-30,23,3000.0,3000.0,129000.0,,300-549,1,False,insufficient_funds,,0,0,rule_based
AC001044,L03,pl_salaried,salaried,T1,hinglish,31-60,39,6650.0,13300.0,179550.0,,300-549,4,False,stop_payment,0.9,3,2,rule_based
AC001045,L01,credit_card,salaried,T2,hinglish,31-60,57,8700.0,17400.0,339300.0,1.0,300-549,0,True,insufficient_funds,0.64,1,1,rule_based
AC001046,L04,mfi_jlg,self_employed,T3,kanglish,90+,474,2100.0,25200.0,119700.0,,300-549,3,False,insufficient_funds,,2,2,rule_based
AC001047,L03,pl_salaried,salaried,T3,english,X,0,8400.0,8400.0,294000.0,30.0,550-649,3,False,insufficient_funds,,0,0,rule_based
AC001048,L03,pl_salaried,salaried,T1,hinglish,31-60,46,13700.0,27400.0,438400.0,,550-649,2,True,insufficient_funds,0.79,1,0,rule_based
AC001049,L02,consumer_durable,salaried,T1,english,90+,279,3950.0,39500.0,201450.0,1.0,300-549,3,False,insufficient_funds,,5,1,rule_based
AC001050,L04,mfi_jlg,daily_wage,T3,hinglish,90+,94,1500.0,6000.0,66000.0,,300-549,0,False,insufficient_funds,,3,3,random_contact_point
AC001051,L01,pl_salaried,salaried,T2,hinglish,X,0,5400.0,5400.0,81000.0,25.0,550-649,4,False,insufficient_funds,0.65,0,0,rule_based
AC001052,L01,credit_card,salaried,T3,english,90+,200,3350.0,23450.0,97150.0,,300-549,5,False,insufficient_funds,0.84,2,0,rule_based
AC001053,L02,consumer_durable,self_employed,T1,hinglish,X,0,3500.0,3500.0,70000.0,,300-549,1,False,mandate_not_registered,0.37,0,0,rule_based
AC001054,L06,mfi_jlg,self_employed,T1,english,31-60,51,850.0,1700.0,35700.0,,300-549,1,False,insufficient_funds,0.45,0,0,rule_based
AC001055,L02,two_wheeler,self_employed,T1,kanglish,1-30,9,4800.0,4800.0,148800.0,,300-549,3,False,insufficient_funds,0.4,1,1,rule_based
AC001056,L01,credit_card,self_employed,T1,kanglish,31-60,33,9150.0,18300.0,118950.0,,300-549,2,False,insufficient_funds,0.25,1,0,rule_based
AC001057,L01,credit_card,salaried,T2,hinglish,X,0,11350.0,11350.0,170250.0,10.0,550-649,1,False,insufficient_funds,,0,0,rule_based
AC001058,L01,pl_salaried,salaried,T1,kanglish,1-30,26,5400.0,5400.0,102600.0,30.0,650-699,3,True,stop_payment,1.0,2,1,rule_based
AC001059,L04,mfi_jlg,daily_wage,T2,hinglish,1-30,7,1050.0,1050.0,37800.0,,550-649,2,True,insufficient_funds,,3,1,rule_based
AC001060,L03,pl_salaried,salaried,T3,kanglish,90+,315,10300.0,113300.0,432600.0,25.0,300-549,3,True,insufficient_funds,,4,3,rule_based
AC001061,L03,pl_salaried,salaried,T1,kanglish,31-60,37,6650.0,13300.0,259350.0,1.0,550-649,1,False,insufficient_funds,0.88,2,0,rule_based
AC001062,L06,mfi_jlg,daily_wage,T3,hinglish,61-90,76,2050.0,6150.0,55350.0,,300-549,2,True,insufficient_funds,,0,0,rule_based
AC001063,L02,consumer_durable,daily_wage,T1,hinglish,61-90,63,3150.0,9450.0,31500.0,,300-549,0,False,insufficient_funds,0.45,2,1,rule_based
AC001064,L04,mfi_jlg,self_employed,T2,hinglish,1-30,20,2200.0,2200.0,44000.0,,300-549,6,False,insufficient_funds,0.45,3,2,rule_based
AC001065,L06,two_wheeler,salaried,T1,english,X,0,4100.0,4100.0,139400.0,5.0,650-699,1,False,insufficient_funds,,0,0,rule_based
AC001066,L06,two_wheeler,salaried,T3,hinglish,X,0,3750.0,3750.0,75000.0,,300-549,1,True,insufficient_funds,0.25,0,0,rule_based
AC001067,L06,two_wheeler,daily_wage,T1,hinglish,31-60,39,4450.0,8900.0,40050.0,,300-549,3,False,insufficient_funds,0.64,1,1,rule_based
AC001068,L01,credit_card,salaried,T2,hinglish,90+,162,7800.0,46800.0,351000.0,15.0,300-549,2,False,insufficient_funds,0.36,3,1,rule_based
AC001069,L02,two_wheeler,self_employed,T3,kanglish,1-30,30,3750.0,3750.0,30000.0,,300-549,1,False,insufficient_funds,0.0,0,0,rule_based
AC001070,L06,two_wheeler,daily_wage,T1,kanglish,61-90,67,3650.0,10950.0,142350.0,,300-549,2,False,insufficient_funds,0.48,3,1,rule_based
AC001071,L02,two_wheeler,salaried,T3,hinglish,90+,139,2800.0,14000.0,47600.0,,300-549,3,False,insufficient_funds,,1,1,random_contact_point
AC001072,L02,consumer_durable,salaried,T3,kanglish,90+,107,2200.0,8800.0,92400.0,,300-549,2,True,insufficient_funds,,1,1,rule_based
AC001073,L03,consumer_durable,salaried,T1,kanglish,1-30,28,1300.0,1300.0,20800.0,1.0,300-549,2,False,insufficient_funds,0.25,1,1,rule_based
AC001074,L01,pl_salaried,salaried,T1,hinglish,90+,350,6550.0,78600.0,268550.0,,300-549,2,True,insufficient_funds,,4,2,rule_based
AC001075,L01,credit_card,salaried,T3,english,31-60,60,3550.0,7100.0,156200.0,10.0,300-549,3,False,insufficient_funds,0.61,1,0,rule_based
AC001076,L01,pl_salaried,salaried,T3,english,31-60,55,3150.0,6300.0,47250.0,10.0,300-549,2,False,stop_payment,,2,2,rule_based
AC001077,L01,credit_card,self_employed,T1,kanglish,61-90,83,8650.0,25950.0,276800.0,,550-649,1,False,insufficient_funds,0.52,1,0,rule_based
AC001078,L01,credit_card,salaried,T3,hinglish,1-30,24,5100.0,5100.0,204000.0,7.0,550-649,3,False,insufficient_funds,0.54,1,1,rule_based
AC001079,L03,pl_salaried,salaried,T3,kanglish,61-90,74,8550.0,25650.0,94050.0,15.0,300-549,2,False,insufficient_funds,0.33,2,2,rule_based
AC001080,L06,mfi_jlg,self_employed,T2,hinglish,31-60,47,2000.0,4000.0,52000.0,,300-549,0,False,insufficient_funds,,3,3,rule_based
AC001081,L06,two_wheeler,self_employed,T3,english,61-90,77,3950.0,11850.0,193550.0,,300-549,4,False,insufficient_funds,0.43,3,1,rule_based
AC001082,L03,consumer_durable,salaried,T1,kanglish,90+,100,2050.0,8200.0,90200.0,,300-549,2,False,stop_payment,,1,1,random_contact_point
AC001083,L01,pl_salaried,salaried,T2,hinglish,31-60,37,7750.0,15500.0,209250.0,10.0,300-549,1,False,insufficient_funds,0.6,2,1,rule_based
AC001084,L01,pl_salaried,salaried,T3,hinglish,X,0,3450.0,3450.0,27600.0,25.0,550-649,2,True,insufficient_funds,0.39,0,0,rule_based
AC001085,L01,credit_card,salaried,T3,kanglish,1-30,2,2000.0,2000.0,60000.0,7.0,650-699,0,False,insufficient_funds,0.7,0,0,rule_based
AC001086,L03,pl_salaried,salaried,T1,kanglish,90+,180,12300.0,73800.0,159900.0,,300-549,4,True,insufficient_funds,0.51,2,0,rule_based
AC001087,L01,pl_salaried,salaried,T2,hinglish,31-60,48,12400.0,24800.0,458800.0,30.0,300-549,0,False,technical,0.62,2,0,rule_based
AC001088,L03,consumer_durable,self_employed,T1,hinglish,90+,155,3250.0,19500.0,81250.0,,300-549,1,False,insufficient_funds,0.97,1,0,rule_based
AC001089,L01,pl_salaried,salaried,T1,kanglish,1-30,27,4050.0,4050.0,170100.0,10.0,650-699,5,True,insufficient_funds,0.79,1,0,rule_based
AC001090,L03,pl_salaried,salaried,T1,hinglish,31-60,47,7750.0,15500.0,201500.0,,550-649,2,False,insufficient_funds,,0,0,rule_based
AC001091,L02,two_wheeler,self_employed,T1,kanglish,90+,190,3150.0,22050.0,116550.0,,300-549,1,True,technical,,2,0,rule_based
AC001092,L06,two_wheeler,daily_wage,T2,hinglish,61-90,88,2300.0,6900.0,36800.0,,300-549,2,False,insufficient_funds,0.37,2,1,rule_based
AC001093,L02,two_wheeler,salaried,T1,kanglish,1-30,22,4300.0,4300.0,141900.0,,300-549,4,False,mandate_not_registered,,0,0,rule_based
AC001094,L01,credit_card,salaried,T3,english,X,0,4650.0,4650.0,125550.0,7.0,300-549,3,False,insufficient_funds,0.17,0,0,rule_based
AC001095,L06,msme,self_employed,T3,hinglish,90+,169,36400.0,218400.0,546000.0,,300-549,2,False,insufficient_funds,0.49,5,3,rule_based
AC001096,L01,pl_salaried,salaried,T2,hinglish,61-90,74,16100.0,48300.0,579600.0,1.0,300-549,2,False,insufficient_funds,,1,1,rule_based
AC001097,L06,two_wheeler,daily_wage,T1,hinglish,1-30,11,2350.0,2350.0,21150.0,,300-549,1,False,insufficient_funds,,2,1,rule_based
AC001098,L04,mfi_jlg,self_employed,T3,english,31-60,49,1200.0,2400.0,55200.0,,300-549,1,False,insufficient_funds,,1,0,rule_based
AC001099,L05,msme,self_employed,T1,kanglish,1-30,9,38700.0,38700.0,657900.0,,550-649,6,True,insufficient_funds,0.53,1,0,rule_based
AC001100,L01,credit_card,salaried,T2,hinglish,1-30,2,11000.0,11000.0,286000.0,,300-549,2,False,insufficient_funds,,0,0,rule_based
AC001101,L02,two_wheeler,salaried,T1,kanglish,1-30,15,3950.0,3950.0,118500.0,,300-549,2,False,insufficient_funds,0.38,1,0,rule_based
AC001102,L03,pl_salaried,self_employed,T3,english,1-30,23,11750.0,11750.0,387750.0,,550-649,2,False,insufficient_funds,0.97,2,1,random_contact_point
AC001103,L03,pl_salaried,salaried,T1,english,90+,362,9200.0,110400.0,506000.0,7.0,300-549,2,True,stop_payment,0.85,2,2,random_contact_point
AC001104,L01,pl_salaried,salaried,T3,english,1-30,22,10000.0,10000.0,270000.0,10.0,550-649,2,False,insufficient_funds,0.4,0,0,rule_based
AC001105,L06,mfi_jlg,daily_wage,T3,kanglish,61-90,89,1850.0,5550.0,29600.0,,300-549,3,False,insufficient_funds,0.08,3,2,rule_based
AC001106,L01,credit_card,self_employed,T3,english,31-60,32,5800.0,11600.0,272600.0,,300-549,3,False,technical,0.61,2,1,rule_based
AC001107,L04,mfi_jlg,self_employed,T3,hinglish,X,0,1050.0,1050.0,48300.0,,300-549,2,False,insufficient_funds,0.36,0,0,rule_based
AC001108,L03,pl_salaried,salaried,T3,hinglish,1-30,14,6100.0,6100.0,140300.0,1.0,550-649,3,False,insufficient_funds,,0,0,rule_based
AC001109,L05,msme,self_employed,T3,hinglish,1-30,11,9400.0,9400.0,169200.0,,550-649,0,False,insufficient_funds,0.59,0,0,rule_based
AC001110,L06,msme,self_employed,T1,kanglish,61-90,73,38400.0,115200.0,1497600.0,,300-549,3,False,insufficient_funds,0.36,0,0,rule_based
AC001111,L03,pl_salaried,salaried,T3,hinglish,90+,113,15200.0,60800.0,668800.0,,300-549,2,True,insufficient_funds,,6,6,rule_based
AC001112,L01,pl_salaried,self_employed,T1,kanglish,61-90,73,16700.0,50100.0,217100.0,,300-549,4,False,insufficient_funds,,0,0,rule_based
AC001113,L03,pl_salaried,salaried,T2,hinglish,61-90,71,16650.0,49950.0,333000.0,,300-549,4,False,insufficient_funds,,1,0,rule_based
AC001114,L05,msme,self_employed,T2,hinglish,90+,198,16950.0,118650.0,406800.0,,300-549,3,False,insufficient_funds,0.78,1,0,rule_based
AC001115,L01,pl_salaried,salaried,T3,hinglish,61-90,68,6350.0,19050.0,165100.0,10.0,300-549,2,False,insufficient_funds,0.63,4,2,rule_based
AC001116,L06,two_wheeler,daily_wage,T1,kanglish,31-60,54,2600.0,5200.0,83200.0,,300-549,5,False,insufficient_funds,0.52,2,2,rule_based
AC001117,L06,two_wheeler,self_employed,T2,hinglish,61-90,85,3300.0,9900.0,125400.0,,300-549,3,False,technical,,3,1,rule_based
AC001118,L05,msme,self_employed,T2,hinglish,1-30,19,29250.0,29250.0,1228500.0,,550-649,3,True,stop_payment,,0,0,rule_based
AC001119,L02,two_wheeler,self_employed,T3,kanglish,X,0,4450.0,4450.0,195800.0,,550-649,0,False,insufficient_funds,0.59,0,0,rule_based
AC001120,L02,two_wheeler,salaried,T1,kanglish,61-90,90,2450.0,7350.0,63700.0,10.0,300-549,3,False,insufficient_funds,0.59,4,4,rule_based
AC001121,L02,consumer_durable,salaried,T2,hinglish,61-90,62,3800.0,11400.0,72200.0,,300-549,5,False,insufficient_funds,0.81,3,2,rule_based
AC001122,L01,pl_salaried,salaried,T2,hinglish,1-30,17,7650.0,7650.0,68850.0,15.0,550-649,0,False,insufficient_funds,0.61,1,1,rule_based
AC001123,L06,msme,self_employed,T3,kanglish,90+,127,13600.0,68000.0,584800.0,,300-549,1,True,insufficient_funds,0.9,2,1,rule_based
AC001124,L03,pl_salaried,salaried,T3,english,X,0,5400.0,5400.0,86400.0,,650-699,0,False,insufficient_funds,,0,0,rule_based
AC001125,L06,two_wheeler,daily_wage,T1,kanglish,61-90,74,3950.0,11850.0,197500.0,,300-549,3,True,insufficient_funds,,2,1,rule_based
AC001126,L03,consumer_durable,salaried,T1,hinglish,90+,246,1200.0,10800.0,33600.0,10.0,300-549,2,False,insufficient_funds,0.69,5,2,rule_based
AC001127,L06,mfi_jlg,self_employed,T3,hinglish,1-30,29,1300.0,1300.0,29900.0,,300-549,0,True,insufficient_funds,,0,0,rule_based
AC001128,L04,mfi_jlg,daily_wage,T2,hinglish,90+,351,1750.0,21000.0,84000.0,,300-549,1,False,insufficient_funds,,7,2,rule_based
AC001129,L03,pl_salaried,salaried,T3,hinglish,90+,205,7600.0,53200.0,129200.0,1.0,300-549,0,True,stop_payment,0.86,5,2,rule_based
AC001130,L01,credit_card,self_employed,T3,hinglish,61-90,78,10600.0,31800.0,201400.0,,300-549,0,False,insufficient_funds,0.47,2,0,random_contact_point
AC001131,L01,credit_card,salaried,T1,hinglish,90+,122,6850.0,34250.0,232900.0,,300-549,2,False,insufficient_funds,0.92,1,1,rule_based
AC001132,L06,two_wheeler,salaried,T3,hinglish,31-60,37,3800.0,7600.0,102600.0,1.0,300-549,1,False,stop_payment,,3,2,rule_based
AC001133,L06,two_wheeler,self_employed,T1,kanglish,31-60,52,4450.0,8900.0,80100.0,,300-549,1,False,insufficient_funds,0.48,1,1,rule_based
AC001134,L01,credit_card,salaried,T3,kanglish,61-90,62,6950.0,20850.0,159850.0,30.0,300-549,1,False,technical,,0,0,rule_based
AC001135,L01,credit_card,salaried,T2,hinglish,1-30,20,1550.0,1550.0,15500.0,5.0,650-699,1,False,insufficient_funds,0.47,1,0,rule_based
AC001136,L03,pl_salaried,salaried,T3,kanglish,1-30,20,8000.0,8000.0,344000.0,30.0,300-549,1,True,insufficient_funds,0.46,0,0,rule_based
AC001137,L01,credit_card,salaried,T1,kanglish,X,0,8200.0,8200.0,262400.0,28.0,550-649,0,False,insufficient_funds,,0,0,rule_based
AC001138,L03,pl_salaried,salaried,T2,hinglish,1-30,2,12500.0,12500.0,550000.0,,550-649,2,False,insufficient_funds,0.55,1,0,rule_based
AC001139,L05,msme,self_employed,T1,english,61-90,81,34150.0,102450.0,785450.0,,300-549,2,False,insufficient_funds,0.4,1,1,rule_based
AC001140,L06,two_wheeler,self_employed,T3,hinglish,90+,229,2650.0,21200.0,124550.0,,300-549,2,False,stop_payment,,2,1,rule_based
AC001141,L03,pl_salaried,salaried,T3,english,90+,352,5850.0,70200.0,175500.0,15.0,300-549,3,True,insufficient_funds,0.32,4,4,rule_based
AC001142,L04,mfi_jlg,daily_wage,T3,hinglish,1-30,25,2150.0,2150.0,47300.0,,300-549,1,True,mandate_not_registered,0.69,0,0,rule_based
AC001143,L05,msme,self_employed,T3,hinglish,31-60,41,34950.0,69900.0,1607700.0,,300-549,3,False,mandate_not_registered,,2,1,rule_based
AC001144,L01,pl_salaried,salaried,T1,english,31-60,45,16800.0,33600.0,386400.0,7.0,550-649,3,True,insufficient_funds,,1,1,rule_based
AC001145,L01,pl_salaried,salaried,T3,hinglish,1-30,21,4550.0,4550.0,50050.0,,650-699,3,True,insufficient_funds,1.0,0,0,rule_based
AC001146,L03,pl_salaried,salaried,T2,hinglish,31-60,37,3100.0,6200.0,105400.0,1.0,300-549,1,False,insufficient_funds,0.45,3,2,rule_based
AC001147,L03,pl_salaried,salaried,T2,hinglish,1-30,9,15800.0,15800.0,395000.0,,300-549,5,False,mandate_not_registered,0.48,0,0,rule_based
AC001148,L06,mfi_jlg,daily_wage,T1,kanglish,90+,138,1350.0,6750.0,63450.0,,300-549,3,False,insufficient_funds,0.01,2,1,rule_based
AC001149,L03,consumer_durable,self_employed,T3,kanglish,1-30,19,1800.0,1800.0,64800.0,,550-649,0,False,insufficient_funds,0.4,0,0,rule_based
AC001150,L01,pl_salaried,salaried,T2,hinglish,90+,422,13550.0,162600.0,718150.0,28.0,300-549,2,True,technical,0.2,6,3,rule_based
AC001151,L04,mfi_jlg,daily_wage,T2,hinglish,90+,205,1450.0,10150.0,56550.0,,300-549,1,False,insufficient_funds,,2,1,rule_based
AC001152,L01,pl_salaried,self_employed,T1,english,61-90,77,8350.0,25050.0,116900.0,,300-549,4,False,insufficient_funds,0.36,3,1,rule_based
AC001153,L02,two_wheeler,self_employed,T2,hinglish,1-30,9,4300.0,4300.0,141900.0,,300-549,1,True,insufficient_funds,,1,1,rule_based
AC001154,L06,mfi_jlg,self_employed,T1,kanglish,1-30,10,1050.0,1050.0,32550.0,,550-649,1,False,insufficient_funds,0.87,2,0,random_contact_point
AC001155,L01,credit_card,salaried,T3,kanglish,90+,133,2650.0,13250.0,116600.0,,300-549,2,False,insufficient_funds,0.49,1,1,rule_based
AC001156,L03,pl_salaried,salaried,T3,kanglish,X,0,11950.0,11950.0,83650.0,1.0,550-649,1,False,insufficient_funds,0.28,0,0,rule_based
AC001157,L02,two_wheeler,self_employed,T3,hinglish,X,0,3350.0,3350.0,70350.0,,550-649,0,False,insufficient_funds,0.0,0,0,rule_based
AC001158,L03,consumer_durable,salaried,T2,hinglish,90+,124,3200.0,16000.0,54400.0,10.0,300-549,2,False,insufficient_funds,0.25,4,3,rule_based
AC001159,L01,pl_salaried,salaried,T2,hinglish,61-90,72,6350.0,19050.0,171450.0,25.0,300-549,2,False,insufficient_funds,0.54,1,1,rule_based
AC001160,L01,pl_salaried,salaried,T2,hinglish,61-90,89,5550.0,16650.0,277500.0,,300-549,0,True,insufficient_funds,0.51,4,1,rule_based
AC001161,L03,pl_salaried,salaried,T3,hinglish,1-30,30,10050.0,10050.0,201000.0,,700-749,2,False,insufficient_funds,,0,0,random_contact_point
AC001162,L02,two_wheeler,self_employed,T1,kanglish,31-60,45,3300.0,6600.0,29700.0,,300-549,0,False,technical,0.0,1,1,rule_based
AC001163,L02,two_wheeler,self_employed,T1,kanglish,90+,129,3150.0,15750.0,66150.0,,300-549,5,True,insufficient_funds,0.29,4,3,rule_based
AC001164,L06,msme,self_employed,T2,hinglish,1-30,2,39300.0,39300.0,1493400.0,,650-699,2,False,insufficient_funds,0.88,0,0,rule_based
AC001165,L06,mfi_jlg,daily_wage,T2,hinglish,1-30,27,1300.0,1300.0,28600.0,,300-549,2,False,insufficient_funds,,0,0,rule_based
AC001166,L03,consumer_durable,salaried,T3,english,X,0,2050.0,2050.0,30750.0,,550-649,2,False,stop_payment,0.82,1,1,rule_based
AC001167,L05,msme,self_employed,T1,hinglish,31-60,49,39750.0,79500.0,874500.0,,300-549,1,False,insufficient_funds,0.37,2,1,rule_based
AC001168,L01,pl_salaried,salaried,T2,hinglish,1-30,11,8300.0,8300.0,298800.0,,300-549,1,True,insufficient_funds,,2,1,rule_based
AC001169,L02,two_wheeler,self_employed,T1,kanglish,90+,127,3200.0,16000.0,89600.0,,300-549,1,True,insufficient_funds,,10,5,rule_based
AC001170,L01,credit_card,self_employed,T1,english,1-30,4,6550.0,6550.0,117900.0,,550-649,0,False,insufficient_funds,,0,0,rule_based
AC001171,L01,credit_card,self_employed,T3,kanglish,1-30,21,4250.0,4250.0,178500.0,,550-649,0,True,insufficient_funds,0.52,1,1,rule_based
AC001172,L03,consumer_durable,salaried,T3,hinglish,90+,346,1650.0,19800.0,64350.0,,300-549,1,False,insufficient_funds,,3,1,rule_based
AC001173,L04,mfi_jlg,daily_wage,T3,english,90+,183,800.0,5600.0,21600.0,,300-549,2,False,insufficient_funds,0.51,4,4,rule_based
AC001174,L02,consumer_durable,salaried,T2,hinglish,61-90,89,1450.0,4350.0,63800.0,30.0,300-549,1,False,insufficient_funds,,2,1,rule_based
AC001175,L01,credit_card,salaried,T3,english,90+,144,5600.0,28000.0,162400.0,1.0,300-549,3,False,insufficient_funds,0.39,0,0,rule_based
AC001176,L06,two_wheeler,self_employed,T2,hinglish,1-30,21,3550.0,3550.0,53250.0,,550-649,3,False,insufficient_funds,0.38,0,0,rule_based
AC001177,L02,two_wheeler,self_employed,T2,english,31-60,53,2500.0,5000.0,65000.0,,300-549,6,False,insufficient_funds,0.08,1,0,rule_based
AC001178,L03,pl_salaried,salaried,T1,kanglish,1-30,2,12250.0,12250.0,477750.0,10.0,300-549,2,True,insufficient_funds,0.21,0,0,random_contact_point
AC001179,L03,pl_salaried,salaried,T1,kanglish,31-60,57,6250.0,12500.0,118750.0,,550-649,3,True,insufficient_funds,0.62,2,1,rule_based
AC001180,L02,two_wheeler,daily_wage,T1,kanglish,61-90,71,3300.0,9900.0,52800.0,,300-549,5,False,insufficient_funds,0.28,4,1,rule_based
AC001181,L03,pl_salaried,salaried,T3,kanglish,90+,215,12950.0,103600.0,440300.0,15.0,300-549,0,False,insufficient_funds,,3,2,rule_based
AC001182,L03,consumer_durable,salaried,T3,english,X,0,3100.0,3100.0,136400.0,10.0,550-649,2,False,insufficient_funds,,0,0,rule_based
AC001183,L03,pl_salaried,salaried,T2,hinglish,1-30,11,14500.0,14500.0,623500.0,1.0,650-699,2,True,insufficient_funds,,1,1,rule_based
AC001184,L03,pl_salaried,salaried,T1,kanglish,90+,153,5500.0,33000.0,264000.0,30.0,300-549,0,False,insufficient_funds,0.45,2,1,rule_based
AC001185,L04,mfi_jlg,self_employed,T3,kanglish,31-60,31,2000.0,4000.0,38000.0,,300-549,0,False,insufficient_funds,,1,0,rule_based
AC001186,L03,pl_salaried,salaried,T1,english,1-30,22,3650.0,3650.0,153300.0,,550-649,2,False,insufficient_funds,,1,0,rule_based
AC001187,L03,consumer_durable,salaried,T3,hinglish,1-30,7,3000.0,3000.0,81000.0,1.0,650-699,1,True,insufficient_funds,0.69,0,0,rule_based
AC001188,L06,mfi_jlg,self_employed,T2,hinglish,1-30,23,750.0,750.0,15000.0,,300-549,2,False,insufficient_funds,0.0,0,0,rule_based
AC001189,L01,pl_salaried,salaried,T3,english,1-30,14,9600.0,9600.0,259200.0,,300-549,1,False,insufficient_funds,0.15,1,1,rule_based
AC001190,L04,mfi_jlg,self_employed,T1,english,1-30,19,1750.0,1750.0,64750.0,,550-649,3,False,insufficient_funds,0.54,0,0,rule_based
AC001191,L06,mfi_jlg,daily_wage,T1,kanglish,31-60,59,1100.0,2200.0,40700.0,,300-549,3,False,insufficient_funds,0.11,0,0,rule_based
AC001192,L04,mfi_jlg,daily_wage,T2,hinglish,31-60,32,1400.0,2800.0,56000.0,,300-549,2,True,insufficient_funds,,2,2,rule_based
AC001193,L06,msme,self_employed,T2,hinglish,31-60,39,10450.0,20900.0,303050.0,,550-649,4,False,insufficient_funds,0.68,1,0,rule_based
AC001194,L04,mfi_jlg,daily_wage,T1,kanglish,X,0,1100.0,1100.0,16500.0,,750-900,1,False,insufficient_funds,0.96,0,0,rule_based
AC001195,L06,two_wheeler,self_employed,T2,english,X,0,3900.0,3900.0,62400.0,,650-699,0,False,insufficient_funds,,2,1,rule_based
AC001196,L01,credit_card,salaried,T1,kanglish,1-30,28,7150.0,7150.0,107250.0,,300-549,5,False,insufficient_funds,0.25,1,1,rule_based
AC001197,L04,mfi_jlg,daily_wage,T3,kanglish,90+,221,1300.0,10400.0,37700.0,,300-549,5,False,insufficient_funds,0.57,3,3,rule_based
AC001198,L03,consumer_durable,salaried,T2,hinglish,61-90,61,3800.0,11400.0,53200.0,,300-549,1,False,insufficient_funds,0.47,0,0,rule_based
AC001199,L06,two_wheeler,salaried,T2,hinglish,X,0,3500.0,3500.0,49000.0,,300-549,0,False,insufficient_funds,,0,0,rule_based
AC001200,L06,mfi_jlg,daily_wage,T2,hinglish,31-60,39,1500.0,3000.0,52500.0,,300-549,1,False,insufficient_funds,,2,1,rule_based
AC001201,L02,two_wheeler,self_employed,T3,kanglish,31-60,51,2650.0,5300.0,29150.0,,550-649,0,False,insufficient_funds,0.6,1,0,rule_based
AC001202,L04,mfi_jlg,daily_wage,T1,english,31-60,37,1650.0,3300.0,52800.0,,300-549,1,False,insufficient_funds,0.0,0,0,rule_based
AC001203,L02,consumer_durable,salaried,T3,english,61-90,62,2150.0,6450.0,32250.0,,300-549,3,True,insufficient_funds,0.31,3,1,rule_based
AC001204,L03,pl_salaried,salaried,T3,english,90+,111,14600.0,58400.0,277400.0,,300-549,2,True,stop_payment,,5,2,random_contact_point
AC001205,L03,pl_salaried,salaried,T2,hinglish,X,0,12750.0,12750.0,140250.0,10.0,550-649,2,False,insufficient_funds,0.5,1,1,rule_based
AC001206,L06,two_wheeler,salaried,T1,kanglish,31-60,39,3150.0,6300.0,100800.0,7.0,550-649,1,False,insufficient_funds,1.0,0,0,rule_based
AC001207,L06,two_wheeler,salaried,T1,hinglish,31-60,49,3350.0,6700.0,36850.0,5.0,300-549,3,False,insufficient_funds,0.78,2,0,rule_based
AC001208,L06,two_wheeler,self_employed,T3,hinglish,31-60,59,3950.0,7900.0,185650.0,,300-549,1,False,insufficient_funds,0.28,2,0,rule_based
AC001209,L01,pl_salaried,salaried,T1,kanglish,1-30,22,13550.0,13550.0,162600.0,,300-549,2,False,insufficient_funds,0.06,0,0,rule_based
AC001210,L01,credit_card,salaried,T1,kanglish,31-60,46,1650.0,3300.0,36300.0,28.0,300-549,1,False,insufficient_funds,0.0,0,0,rule_based
AC001211,L06,two_wheeler,salaried,T3,english,X,0,4550.0,4550.0,100100.0,15.0,550-649,0,False,insufficient_funds,0.55,0,0,rule_based
AC001212,L06,two_wheeler,self_employed,T3,english,61-90,84,3650.0,10950.0,47450.0,,300-549,1,True,stop_payment,0.43,3,3,rule_based
AC001213,L04,mfi_jlg,daily_wage,T2,hinglish,31-60,57,2100.0,4200.0,29400.0,,300-549,0,False,insufficient_funds,0.42,1,0,rule_based
AC001214,L06,mfi_jlg,daily_wage,T1,english,1-30,18,1200.0,1200.0,32400.0,,550-649,1,False,insufficient_funds,0.69,0,0,rule_based
AC001215,L04,mfi_jlg,self_employed,T2,hinglish,90+,244,1600.0,14400.0,56000.0,,300-549,2,False,technical,0.66,2,0,rule_based
AC001216,L06,msme,self_employed,T3,kanglish,90+,92,29050.0,116200.0,784350.0,,300-549,2,False,insufficient_funds,0.47,3,3,rule_based
AC001217,L04,mfi_jlg,daily_wage,T1,hinglish,31-60,43,2050.0,4100.0,36900.0,,300-549,4,False,insufficient_funds,,1,0,random_contact_point
AC001218,L02,two_wheeler,daily_wage,T1,kanglish,90+,139,3950.0,19750.0,205400.0,,300-549,1,True,insufficient_funds,0.62,4,3,random_contact_point
AC001219,L06,two_wheeler,salaried,T3,english,90+,163,2400.0,14400.0,112800.0,1.0,300-549,4,False,insufficient_funds,,1,0,rule_based
AC001220,L01,pl_salaried,salaried,T3,hinglish,X,0,9050.0,9050.0,190050.0,,750-900,1,False,insufficient_funds,0.48,0,0,rule_based
AC001221,L01,pl_salaried,salaried,T2,hinglish,31-60,60,6500.0,13000.0,78000.0,,650-699,0,True,insufficient_funds,0.81,2,0,rule_based
AC001222,L06,two_wheeler,salaried,T3,english,31-60,60,4700.0,9400.0,112800.0,5.0,300-549,1,False,insufficient_funds,,3,1,rule_based
AC001223,L05,msme,self_employed,T2,hinglish,31-60,51,16750.0,33500.0,636500.0,,300-549,0,False,insufficient_funds,0.28,1,0,rule_based
AC001224,L04,mfi_jlg,daily_wage,T3,english,90+,292,1150.0,11500.0,57500.0,,300-549,2,False,insufficient_funds,0.11,5,2,rule_based
AC001225,L01,pl_salaried,self_employed,T1,kanglish,31-60,40,11000.0,22000.0,121000.0,,650-699,1,True,insufficient_funds,0.62,2,2,rule_based
AC001226,L06,two_wheeler,salaried,T2,english,X,0,3000.0,3000.0,48000.0,1.0,300-549,3,False,insufficient_funds,0.41,0,0,rule_based
AC001227,L01,pl_salaried,self_employed,T3,hinglish,31-60,32,6050.0,12100.0,290400.0,,300-549,1,False,insufficient_funds,,2,0,rule_based
AC001228,L06,mfi_jlg,self_employed,T2,hinglish,61-90,72,2000.0,6000.0,48000.0,,300-549,2,False,insufficient_funds,0.51,5,2,rule_based
AC001229,L05,msme,self_employed,T2,hinglish,1-30,19,12000.0,12000.0,432000.0,,300-549,1,False,insufficient_funds,0.24,1,1,rule_based
AC001230,L06,two_wheeler,salaried,T3,english,X,0,3100.0,3100.0,124000.0,25.0,750-900,1,False,insufficient_funds,1.0,0,0,rule_based
AC001231,L06,two_wheeler,self_employed,T2,hinglish,1-30,16,2800.0,2800.0,120400.0,,550-649,1,False,insufficient_funds,,0,0,rule_based
AC001232,L01,credit_card,salaried,T1,kanglish,61-90,86,4500.0,13500.0,225000.0,5.0,300-549,3,True,insufficient_funds,,2,1,rule_based
AC001233,L06,two_wheeler,self_employed,T2,hinglish,X,0,2400.0,2400.0,24000.0,,550-649,2,False,insufficient_funds,0.38,0,0,rule_based
AC001234,L06,msme,self_employed,T3,kanglish,1-30,9,12750.0,12750.0,255000.0,,300-549,3,False,insufficient_funds,0.03,1,1,rule_based
AC001235,L04,mfi_jlg,daily_wage,T2,hinglish,X,0,2150.0,2150.0,68800.0,,700-749,2,False,insufficient_funds,0.29,0,0,rule_based
AC001236,L02,two_wheeler,self_employed,T2,hinglish,31-60,33,4250.0,8500.0,55250.0,,300-549,3,False,insufficient_funds,,3,2,random_contact_point
AC001237,L01,credit_card,salaried,T1,kanglish,X,0,11900.0,11900.0,83300.0,5.0,550-649,4,False,technical,,0,0,rule_based
AC001238,L03,pl_salaried,self_employed,T1,english,X,0,13900.0,13900.0,403100.0,,750-900,1,False,insufficient_funds,0.71,0,0,rule_based
AC001239,L01,pl_salaried,salaried,T3,kanglish,61-90,71,5950.0,17850.0,142800.0,10.0,550-649,2,False,insufficient_funds,,3,1,rule_based
AC001240,L01,pl_salaried,salaried,T3,hinglish,1-30,3,7350.0,7350.0,95550.0,,550-649,1,False,insufficient_funds,0.36,0,0,rule_based
AC001241,L01,credit_card,self_employed,T2,hinglish,1-30,9,2100.0,2100.0,100800.0,,550-649,1,False,insufficient_funds,0.42,1,1,rule_based
AC001242,L03,consumer_durable,daily_wage,T2,hinglish,31-60,42,1600.0,3200.0,43200.0,,300-549,3,False,insufficient_funds,0.6,0,0,rule_based
AC001243,L02,two_wheeler,salaried,T1,english,X,0,2850.0,2850.0,62700.0,7.0,550-649,1,True,insufficient_funds,,0,0,rule_based
AC001244,L01,pl_salaried,salaried,T2,hinglish,X,0,10600.0,10600.0,487600.0,,650-699,3,False,insufficient_funds,0.73,0,0,rule_based
AC001245,L01,pl_salaried,salaried,T2,hinglish,1-30,3,10300.0,10300.0,319300.0,,300-549,1,True,insufficient_funds,0.59,1,1,rule_based
AC001246,L01,credit_card,self_employed,T2,hinglish,1-30,21,4850.0,4850.0,82450.0,,550-649,2,False,insufficient_funds,,0,0,rule_based
AC001247,L05,msme,self_employed,T1,kanglish,31-60,33,37950.0,75900.0,1100550.0,,650-699,1,False,insufficient_funds,0.76,1,0,rule_based
AC001248,L01,credit_card,salaried,T1,kanglish,90+,168,4850.0,29100.0,213400.0,,300-549,3,False,insufficient_funds,0.33,3,1,rule_based
AC001249,L04,mfi_jlg,daily_wage,T3,kanglish,1-30,27,1950.0,1950.0,39000.0,,300-549,2,True,mandate_not_registered,,0,0,rule_based
AC001250,L05,msme,self_employed,T2,hinglish,31-60,44,29900.0,59800.0,538200.0,,550-649,0,True,insufficient_funds,0.84,1,1,rule_based
AC001251,L03,pl_salaried,salaried,T3,english,90+,149,12000.0,60000.0,156000.0,5.0,300-549,5,False,insufficient_funds,0.56,1,0,rule_based
AC001252,L02,two_wheeler,self_employed,T3,hinglish,31-60,53,2950.0,5900.0,91450.0,,300-549,1,False,insufficient_funds,0.61,0,0,rule_based
AC001253,L03,consumer_durable,daily_wage,T3,kanglish,61-90,65,3600.0,10800.0,162000.0,,300-549,2,False,insufficient_funds,,3,2,rule_based
AC001254,L01,credit_card,salaried,T1,english,31-60,32,5500.0,11000.0,55000.0,,300-549,5,False,insufficient_funds,0.67,2,1,rule_based
AC001255,L01,pl_salaried,salaried,T1,english,31-60,53,9550.0,19100.0,334250.0,10.0,650-699,1,True,insufficient_funds,0.59,0,0,rule_based
AC001256,L02,consumer_durable,salaried,T2,english,90+,344,4150.0,49800.0,91300.0,7.0,300-549,3,False,insufficient_funds,,3,1,random_contact_point
AC001257,L02,consumer_durable,self_employed,T2,hinglish,X,0,2300.0,2300.0,110400.0,,300-549,0,False,insufficient_funds,,0,0,rule_based
AC001258,L06,two_wheeler,salaried,T1,hinglish,90+,216,2650.0,21200.0,55650.0,30.0,300-549,1,False,mandate_not_registered,0.86,3,3,rule_based
AC001259,L06,two_wheeler,self_employed,T2,hinglish,31-60,32,4750.0,9500.0,156750.0,,300-549,3,False,insufficient_funds,0.21,2,1,rule_based
AC001260,L03,pl_salaried,salaried,T1,english,31-60,53,16800.0,33600.0,823200.0,1.0,300-549,3,False,insufficient_funds,0.41,1,0,rule_based
AC001261,L06,msme,self_employed,T1,kanglish,31-60,56,9600.0,19200.0,115200.0,,300-549,1,True,insufficient_funds,0.27,1,1,rule_based
AC001262,L02,two_wheeler,self_employed,T3,hinglish,1-30,6,4250.0,4250.0,123250.0,,550-649,3,True,insufficient_funds,0.26,0,0,rule_based
AC001263,L01,pl_salaried,salaried,T2,hinglish,X,0,15600.0,15600.0,390000.0,5.0,300-549,1,True,insufficient_funds,0.22,0,0,rule_based
AC001264,L06,mfi_jlg,self_employed,T1,english,90+,297,1550.0,15500.0,26350.0,,550-649,1,False,insufficient_funds,1.0,1,0,rule_based
AC001265,L02,consumer_durable,salaried,T1,kanglish,31-60,33,3800.0,7600.0,72200.0,25.0,550-649,2,False,insufficient_funds,0.45,3,1,random_contact_point
AC001266,L06,msme,self_employed,T3,kanglish,90+,289,39500.0,395000.0,1738000.0,,300-549,1,True,insufficient_funds,,7,3,rule_based
AC001267,L01,pl_salaried,salaried,T3,hinglish,1-30,13,16200.0,16200.0,745200.0,,550-649,3,False,insufficient_funds,0.75,0,0,rule_based
AC001268,L03,pl_salaried,salaried,T1,english,1-30,21,12450.0,12450.0,460650.0,5.0,550-649,3,False,insufficient_funds,1.0,0,0,rule_based
AC001269,L03,consumer_durable,self_employed,T2,hinglish,1-30,19,3500.0,3500.0,52500.0,,550-649,1,False,insufficient_funds,0.57,2,2,rule_based
AC001270,L02,consumer_durable,daily_wage,T2,hinglish,1-30,18,3950.0,3950.0,122450.0,,700-749,1,False,insufficient_funds,0.8,0,0,rule_based
AC001271,L02,two_wheeler,salaried,T1,kanglish,31-60,31,4600.0,9200.0,119600.0,1.0,300-549,1,False,insufficient_funds,0.46,1,1,rule_based
AC001272,L04,mfi_jlg,daily_wage,T2,hinglish,90+,221,1800.0,14400.0,50400.0,,300-549,0,True,insufficient_funds,0.54,3,2,rule_based
AC001273,L02,two_wheeler,daily_wage,T1,hinglish,90+,202,4450.0,31150.0,231400.0,,300-549,2,True,insufficient_funds,0.79,4,4,rule_based
AC001274,L01,credit_card,salaried,T1,kanglish,31-60,42,8700.0,17400.0,121800.0,,550-649,2,False,insufficient_funds,0.69,2,1,rule_based
AC001275,L01,pl_salaried,salaried,T2,hinglish,1-30,15,12550.0,12550.0,125500.0,,650-699,0,False,insufficient_funds,0.82,1,0,rule_based
AC001276,L03,pl_salaried,salaried,T1,kanglish,31-60,45,12150.0,24300.0,206550.0,,300-549,1,False,stop_payment,0.06,1,1,rule_based
AC001277,L03,pl_salaried,salaried,T2,hinglish,31-60,44,9500.0,19000.0,370500.0,7.0,300-549,3,False,insufficient_funds,,1,0,rule_based
AC001278,L05,msme,self_employed,T1,kanglish,61-90,73,33850.0,101550.0,812400.0,,300-549,2,False,insufficient_funds,,3,0,rule_based
AC001279,L03,pl_salaried,salaried,T2,hinglish,31-60,31,7850.0,15700.0,266900.0,,550-649,3,False,insufficient_funds,0.42,0,0,rule_based
AC001280,L01,pl_salaried,salaried,T3,kanglish,X,0,11900.0,11900.0,285600.0,,550-649,1,False,insufficient_funds,0.81,0,0,rule_based
AC001281,L02,two_wheeler,self_employed,T2,english,X,0,4550.0,4550.0,113750.0,,550-649,5,False,insufficient_funds,0.03,0,0,rule_based
AC001282,L01,pl_salaried,salaried,T2,hinglish,90+,131,3400.0,17000.0,74800.0,,300-549,3,False,insufficient_funds,0.62,1,0,rule_based
AC001283,L01,pl_salaried,salaried,T2,hinglish,61-90,71,3100.0,9300.0,40300.0,5.0,300-549,1,False,insufficient_funds,0.95,2,2,rule_based
AC001284,L02,two_wheeler,salaried,T3,english,90+,293,3450.0,34500.0,93150.0,25.0,300-549,0,True,insufficient_funds,0.87,4,4,rule_based
AC001285,L01,credit_card,self_employed,T3,english,1-30,20,4100.0,4100.0,172200.0,,650-699,3,False,insufficient_funds,0.63,0,0,rule_based
AC001286,L06,mfi_jlg,self_employed,T1,hinglish,31-60,58,1400.0,2800.0,68600.0,,300-549,2,False,insufficient_funds,0.55,4,2,rule_based
AC001287,L02,consumer_durable,self_employed,T1,english,1-30,3,2450.0,2450.0,19600.0,,550-649,1,False,stop_payment,,1,0,rule_based
AC001288,L01,pl_salaried,salaried,T2,hinglish,90+,169,15750.0,94500.0,535500.0,5.0,300-549,0,True,insufficient_funds,0.52,2,1,rule_based
AC001289,L02,consumer_durable,self_employed,T3,hinglish,1-30,25,1500.0,1500.0,58500.0,,300-549,2,False,insufficient_funds,0.43,0,0,rule_based
AC001290,L02,consumer_durable,salaried,T1,kanglish,61-90,76,1550.0,4650.0,55800.0,25.0,300-549,1,False,insufficient_funds,0.54,1,0,rule_based
AC001291,L05,msme,self_employed,T2,hinglish,1-30,9,17900.0,17900.0,572800.0,,300-549,2,False,technical,0.58,2,0,rule_based
AC001292,L06,mfi_jlg,daily_wage,T2,hinglish,X,0,1600.0,1600.0,38400.0,,300-549,4,True,insufficient_funds,,1,1,rule_based
AC001293,L04,mfi_jlg,daily_wage,T2,hinglish,1-30,27,2150.0,2150.0,32250.0,,550-649,3,False,insufficient_funds,0.63,0,0,rule_based
AC001294,L06,mfi_jlg,self_employed,T3,kanglish,31-60,41,1100.0,2200.0,15400.0,,550-649,0,False,insufficient_funds,0.71,1,1,rule_based
AC001295,L06,mfi_jlg,self_employed,T2,hinglish,90+,232,1900.0,15200.0,70300.0,,300-549,3,False,insufficient_funds,,1,1,random_contact_point
AC001296,L01,pl_salaried,salaried,T2,hinglish,90+,99,3700.0,14800.0,133200.0,,300-549,1,False,insufficient_funds,,5,3,rule_based
AC001297,L02,consumer_durable,salaried,T3,english,31-60,47,3500.0,7000.0,129500.0,,300-549,4,False,insufficient_funds,,2,1,rule_based
AC001298,L02,two_wheeler,self_employed,T3,english,31-60,40,2650.0,5300.0,71550.0,,550-649,0,False,insufficient_funds,0.55,0,0,rule_based
AC001299,L05,msme,self_employed,T2,hinglish,61-90,90,23050.0,69150.0,576250.0,,300-549,2,False,insufficient_funds,,3,3,rule_based
AC001300,L01,credit_card,salaried,T2,hinglish,X,0,6350.0,6350.0,266700.0,25.0,550-649,4,False,insufficient_funds,0.31,2,1,rule_based
AC001301,L03,pl_salaried,salaried,T3,kanglish,61-90,79,10850.0,32550.0,455700.0,28.0,300-549,1,False,insufficient_funds,,1,0,rule_based
AC001302,L02,two_wheeler,self_employed,T3,hinglish,61-90,71,3050.0,9150.0,42700.0,,550-649,1,True,insufficient_funds,,2,0,rule_based
AC001303,L06,two_wheeler,salaried,T2,hinglish,31-60,46,2950.0,5900.0,141600.0,7.0,550-649,1,False,insufficient_funds,0.77,1,0,rule_based
AC001304,L06,two_wheeler,salaried,T2,hinglish,X,0,4050.0,4050.0,40500.0,,550-649,0,False,insufficient_funds,0.49,0,0,rule_based
AC001305,L01,credit_card,salaried,T1,kanglish,1-30,25,8250.0,8250.0,313500.0,10.0,550-649,1,False,insufficient_funds,,0,0,rule_based
AC001306,L01,pl_salaried,salaried,T3,hinglish,1-30,7,12200.0,12200.0,463600.0,,550-649,2,True,technical,0.62,0,0,rule_based
AC001307,L06,two_wheeler,self_employed,T2,english,90+,209,2250.0,15750.0,29250.0,,300-549,3,True,insufficient_funds,,1,1,rule_based
AC001308,L01,credit_card,salaried,T1,kanglish,31-60,39,4900.0,9800.0,137200.0,1.0,300-549,3,False,insufficient_funds,,2,2,rule_based
AC001309,L02,consumer_durable,salaried,T2,hinglish,31-60,44,3800.0,7600.0,83600.0,30.0,300-549,1,True,insufficient_funds,0.98,0,0,rule_based
AC001310,L03,pl_salaried,salaried,T3,english,31-60,33,5950.0,11900.0,47600.0,15.0,300-549,2,False,insufficient_funds,0.36,2,0,rule_based
AC001311,L01,credit_card,salaried,T1,english,61-90,70,11450.0,34350.0,538150.0,10.0,300-549,1,True,insufficient_funds,,2,1,rule_based
AC001312,L01,credit_card,salaried,T2,hinglish,1-30,22,11800.0,11800.0,354000.0,,300-549,2,True,insufficient_funds,0.48,0,0,rule_based
AC001313,L02,two_wheeler,daily_wage,T3,kanglish,X,0,2550.0,2550.0,53550.0,,650-699,0,False,insufficient_funds,,0,0,rule_based
AC001314,L06,two_wheeler,self_employed,T3,kanglish,61-90,72,4000.0,12000.0,48000.0,,300-549,1,False,insufficient_funds,0.74,4,2,rule_based
AC001315,L04,mfi_jlg,self_employed,T2,english,1-30,20,1450.0,1450.0,20300.0,,550-649,2,False,insufficient_funds,0.61,2,0,rule_based
AC001316,L03,consumer_durable,salaried,T1,kanglish,1-30,29,2550.0,2550.0,63750.0,1.0,550-649,2,False,insufficient_funds,0.56,0,0,rule_based
AC001317,L01,credit_card,salaried,T2,english,31-60,39,2750.0,5500.0,38500.0,,300-549,4,False,insufficient_funds,0.61,2,1,rule_based
AC001318,L04,mfi_jlg,self_employed,T1,english,1-30,5,950.0,950.0,10450.0,,300-549,4,True,insufficient_funds,0.21,1,0,rule_based
AC001319,L01,pl_salaried,salaried,T2,hinglish,90+,107,16450.0,65800.0,707350.0,,300-549,1,False,insufficient_funds,,5,5,rule_based
AC001320,L01,pl_salaried,salaried,T2,hinglish,90+,172,5850.0,35100.0,70200.0,,300-549,1,False,insufficient_funds,,6,4,rule_based
AC001321,L06,two_wheeler,self_employed,T3,hinglish,90+,165,2500.0,15000.0,55000.0,,300-549,0,True,insufficient_funds,,4,2,rule_based
AC001322,L03,pl_salaried,salaried,T2,english,90+,151,16250.0,97500.0,357500.0,7.0,300-549,1,False,insufficient_funds,1.0,3,1,rule_based
AC001323,L06,two_wheeler,self_employed,T3,english,1-30,24,2350.0,2350.0,61100.0,,300-549,3,True,insufficient_funds,0.0,1,1,rule_based
AC001324,L04,mfi_jlg,daily_wage,T3,hinglish,1-30,8,1650.0,1650.0,62700.0,,550-649,4,True,insufficient_funds,0.53,3,1,rule_based
AC001325,L04,mfi_jlg,self_employed,T2,hinglish,61-90,67,1900.0,5700.0,57000.0,,550-649,1,False,technical,0.99,2,0,rule_based
AC001326,L02,two_wheeler,salaried,T1,english,X,0,2500.0,2500.0,27500.0,,550-649,5,False,insufficient_funds,0.78,0,0,rule_based
AC001327,L06,two_wheeler,salaried,T3,hinglish,90+,148,4000.0,20000.0,204000.0,,300-549,3,True,insufficient_funds,,4,4,rule_based
AC001328,L01,credit_card,salaried,T3,kanglish,X,0,5100.0,5100.0,204000.0,,700-749,1,False,insufficient_funds,0.85,0,0,rule_based
AC001329,L01,pl_salaried,salaried,T1,hinglish,31-60,53,14450.0,28900.0,505750.0,,300-549,1,False,insufficient_funds,0.35,0,0,rule_based
AC001330,L01,pl_salaried,salaried,T1,kanglish,31-60,43,6600.0,13200.0,250800.0,,550-649,1,False,technical,,1,1,rule_based
AC001331,L04,mfi_jlg,daily_wage,T2,hinglish,90+,124,1550.0,7750.0,79050.0,,300-549,1,True,stop_payment,0.75,2,2,rule_based
AC001332,L02,consumer_durable,self_employed,T1,hinglish,31-60,58,1400.0,2800.0,57400.0,,300-549,0,True,insufficient_funds,0.39,1,1,rule_based
AC001333,L03,pl_salaried,salaried,T3,kanglish,31-60,37,5250.0,10500.0,84000.0,1.0,300-549,3,False,mandate_not_registered,,3,2,rule_based
AC001334,L06,two_wheeler,salaried,T1,kanglish,1-30,12,2550.0,2550.0,76500.0,10.0,550-649,1,True,stop_payment,0.41,0,0,rule_based
AC001335,L06,mfi_jlg,self_employed,T2,hinglish,31-60,57,1950.0,3900.0,85800.0,,300-549,2,False,mandate_not_registered,0.38,2,1,rule_based
AC001336,L06,msme,self_employed,T1,english,61-90,79,31250.0,93750.0,1093750.0,,300-549,1,False,insufficient_funds,0.73,1,1,rule_based
AC001337,L06,two_wheeler,daily_wage,T2,hinglish,31-60,56,2600.0,5200.0,41600.0,,300-549,3,True,insufficient_funds,0.52,2,2,rule_based
AC001338,L02,two_wheeler,daily_wage,T3,kanglish,61-90,62,2800.0,8400.0,72800.0,,300-549,3,False,insufficient_funds,,1,1,rule_based
AC001339,L06,mfi_jlg,self_employed,T1,english,X,0,1250.0,1250.0,22500.0,,650-699,3,True,insufficient_funds,,0,0,rule_based
AC001340,L05,msme,self_employed,T1,hinglish,1-30,23,29650.0,29650.0,800550.0,,300-549,2,False,insufficient_funds,0.18,0,0,rule_based
AC001341,L03,pl_salaried,salaried,T1,kanglish,90+,122,7750.0,38750.0,403000.0,,300-549,3,False,insufficient_funds,,2,2,rule_based
AC001342,L02,consumer_durable,salaried,T1,english,1-30,22,1400.0,1400.0,29400.0,7.0,550-649,0,True,insufficient_funds,0.68,1,1,rule_based
AC001343,L03,pl_salaried,salaried,T2,hinglish,31-60,39,8950.0,17900.0,250600.0,5.0,300-549,0,False,stop_payment,0.81,2,2,random_contact_point
AC001344,L06,msme,self_employed,T1,english,31-60,53,22800.0,45600.0,1094400.0,,300-549,1,False,insufficient_funds,0.68,1,1,rule_based
AC001345,L03,pl_salaried,salaried,T2,hinglish,90+,131,6700.0,33500.0,174200.0,,300-549,1,False,technical,0.74,3,2,rule_based
AC001346,L03,pl_salaried,salaried,T3,hinglish,1-30,9,18000.0,18000.0,864000.0,1.0,300-549,1,True,insufficient_funds,0.83,1,1,rule_based
AC001347,L03,pl_salaried,salaried,T3,english,1-30,2,6450.0,6450.0,219300.0,7.0,300-549,4,True,stop_payment,,2,1,rule_based
AC001348,L06,two_wheeler,daily_wage,T1,hinglish,90+,153,4150.0,24900.0,53950.0,,300-549,2,True,stop_payment,0.42,1,1,rule_based
AC001349,L01,credit_card,self_employed,T3,kanglish,31-60,53,3700.0,7400.0,148000.0,,300-549,3,False,technical,0.42,1,0,rule_based
AC001350,L03,pl_salaried,salaried,T3,hinglish,31-60,38,15450.0,30900.0,324450.0,,550-649,3,True,insufficient_funds,,1,1,rule_based
AC001351,L06,two_wheeler,salaried,T2,hinglish,1-30,19,2700.0,2700.0,70200.0,1.0,550-649,1,False,insufficient_funds,,1,0,rule_based
AC001352,L01,credit_card,salaried,T3,english,1-30,2,3450.0,3450.0,41400.0,5.0,650-699,1,False,technical,,2,1,rule_based
AC001353,L06,mfi_jlg,daily_wage,T2,hinglish,90+,434,2050.0,24600.0,108650.0,,300-549,2,False,insufficient_funds,,3,2,rule_based
AC001354,L03,consumer_durable,salaried,T1,kanglish,61-90,66,3000.0,9000.0,60000.0,28.0,300-549,1,False,insufficient_funds,0.63,6,5,rule_based
AC001355,L04,mfi_jlg,daily_wage,T3,kanglish,90+,99,1650.0,6600.0,59400.0,,300-549,1,False,insufficient_funds,0.25,2,2,rule_based
AC001356,L01,pl_salaried,salaried,T3,english,90+,232,5400.0,43200.0,86400.0,,300-549,3,False,insufficient_funds,0.5,1,1,rule_based
AC001357,L01,credit_card,salaried,T1,english,31-60,46,6650.0,13300.0,292600.0,25.0,550-649,1,False,insufficient_funds,0.8,1,0,rule_based
AC001358,L03,consumer_durable,salaried,T1,kanglish,31-60,46,3950.0,7900.0,150100.0,5.0,550-649,3,False,insufficient_funds,0.85,2,0,rule_based
AC001359,L03,pl_salaried,salaried,T1,hinglish,31-60,43,17700.0,35400.0,831900.0,5.0,300-549,2,True,technical,0.74,1,0,random_contact_point
AC001360,L01,credit_card,self_employed,T2,hinglish,90+,179,7400.0,44400.0,288600.0,,300-549,1,False,insufficient_funds,0.0,10,5,rule_based
AC001361,L02,consumer_durable,self_employed,T3,hinglish,31-60,57,2400.0,4800.0,81600.0,,550-649,0,False,insufficient_funds,,2,2,rule_based
AC001362,L02,consumer_durable,salaried,T1,hinglish,X,0,3150.0,3150.0,119700.0,7.0,550-649,0,True,insufficient_funds,1.0,0,0,rule_based
AC001363,L01,credit_card,salaried,T2,hinglish,90+,422,5950.0,71400.0,279650.0,,300-549,0,False,insufficient_funds,,1,1,rule_based
AC001364,L06,mfi_jlg,daily_wage,T3,hinglish,31-60,55,1900.0,3800.0,93100.0,,300-549,4,False,insufficient_funds,,1,1,rule_based
AC001365,L02,two_wheeler,self_employed,T2,hinglish,90+,188,2300.0,16100.0,36800.0,,300-549,0,False,insufficient_funds,,4,1,rule_based
AC001366,L04,mfi_jlg,daily_wage,T2,english,1-30,7,1100.0,1100.0,29700.0,,300-549,0,False,insufficient_funds,0.09,2,2,rule_based
AC001367,L01,pl_salaried,salaried,T2,english,31-60,40,6400.0,12800.0,262400.0,30.0,300-549,6,False,insufficient_funds,0.13,0,0,rule_based
AC001368,L01,pl_salaried,salaried,T1,english,61-90,62,9350.0,28050.0,149600.0,7.0,300-549,4,False,insufficient_funds,0.63,2,1,rule_based
AC001369,L06,two_wheeler,self_employed,T2,hinglish,61-90,88,4550.0,13650.0,222950.0,,300-549,0,False,mandate_not_registered,,2,1,rule_based
AC001370,L01,pl_salaried,salaried,T1,kanglish,X,0,11400.0,11400.0,364800.0,,550-649,4,False,mandate_not_registered,0.74,0,0,rule_based
AC001371,L04,mfi_jlg,daily_wage,T3,english,1-30,13,1350.0,1350.0,35100.0,,300-549,0,False,insufficient_funds,,1,1,random_contact_point
AC001372,L01,credit_card,salaried,T1,english,61-90,79,4350.0,13050.0,52200.0,,300-549,2,False,insufficient_funds,0.45,2,0,rule_based
AC001373,L03,consumer_durable,salaried,T3,kanglish,90+,93,2850.0,11400.0,76950.0,,300-549,4,False,insufficient_funds,0.56,2,1,random_contact_point
AC001374,L05,msme,self_employed,T2,hinglish,X,0,24400.0,24400.0,1146800.0,,550-649,6,False,insufficient_funds,,1,0,rule_based
AC001375,L06,two_wheeler,salaried,T3,hinglish,1-30,27,4500.0,4500.0,162000.0,,300-549,5,False,insufficient_funds,,1,0,rule_based
AC001376,L06,mfi_jlg,self_employed,T3,hinglish,31-60,51,2050.0,4100.0,77900.0,,300-549,6,False,insufficient_funds,0.52,1,0,rule_based
AC001377,L03,pl_salaried,salaried,T3,kanglish,1-30,21,4800.0,4800.0,72000.0,1.0,550-649,0,False,insufficient_funds,0.61,0,0,rule_based
AC001378,L02,two_wheeler,salaried,T1,english,X,0,2700.0,2700.0,62100.0,,650-699,3,False,insufficient_funds,0.5,1,0,rule_based
AC001379,L01,pl_salaried,salaried,T2,hinglish,31-60,38,15250.0,30500.0,183000.0,7.0,550-649,0,False,insufficient_funds,,3,1,rule_based
AC001380,L05,msme,self_employed,T3,kanglish,31-60,60,9400.0,18800.0,376000.0,,300-549,3,False,insufficient_funds,0.36,3,2,rule_based
AC001381,L06,msme,self_employed,T3,hinglish,1-30,9,24000.0,24000.0,1080000.0,,550-649,2,False,insufficient_funds,0.47,0,0,rule_based
AC001382,L03,consumer_durable,self_employed,T3,hinglish,1-30,20,3850.0,3850.0,88550.0,,300-549,0,False,insufficient_funds,0.51,2,0,rule_based
AC001383,L06,msme,self_employed,T1,kanglish,90+,161,18900.0,113400.0,264600.0,,300-549,2,False,insufficient_funds,0.27,4,2,rule_based
AC001384,L02,consumer_durable,salaried,T1,hinglish,31-60,45,3700.0,7400.0,170200.0,7.0,550-649,2,False,insufficient_funds,1.0,1,1,rule_based
AC001385,L03,pl_salaried,salaried,T1,kanglish,61-90,85,7100.0,21300.0,269800.0,,300-549,1,True,insufficient_funds,0.43,1,0,rule_based
AC001386,L03,consumer_durable,self_employed,T1,kanglish,1-30,7,1800.0,1800.0,48600.0,,300-549,5,False,insufficient_funds,0.04,2,2,rule_based
AC001387,L06,two_wheeler,self_employed,T3,hinglish,90+,174,2900.0,17400.0,69600.0,,300-549,3,False,insufficient_funds,,7,5,rule_based
AC001388,L06,two_wheeler,self_employed,T2,hinglish,90+,165,2700.0,16200.0,64800.0,,300-549,1,True,insufficient_funds,,2,2,rule_based
AC001389,L02,two_wheeler,self_employed,T2,hinglish,1-30,13,4050.0,4050.0,28350.0,,650-699,0,True,insufficient_funds,,1,1,rule_based
AC001390,L01,credit_card,salaried,T1,english,31-60,59,4450.0,8900.0,155750.0,5.0,550-649,3,False,insufficient_funds,,0,0,rule_based
AC001391,L01,credit_card,salaried,T3,kanglish,61-90,75,11900.0,35700.0,226100.0,25.0,300-549,0,False,insufficient_funds,0.27,4,1,random_contact_point
AC001392,L01,pl_salaried,salaried,T1,kanglish,1-30,28,11250.0,11250.0,157500.0,,300-549,2,False,insufficient_funds,0.43,1,0,rule_based
AC001393,L03,pl_salaried,salaried,T1,english,61-90,68,11250.0,33750.0,483750.0,25.0,300-549,2,True,stop_payment,0.53,4,3,rule_based
AC001394,L02,two_wheeler,salaried,T3,english,1-30,9,2850.0,2850.0,45600.0,7.0,550-649,2,False,insufficient_funds,,1,1,rule_based
AC001395,L02,consumer_durable,salaried,T3,hinglish,31-60,59,3250.0,6500.0,26000.0,28.0,300-549,2,False,insufficient_funds,0.26,1,0,rule_based
AC001396,L04,mfi_jlg,self_employed,T1,kanglish,90+,194,800.0,5600.0,25600.0,,300-549,2,False,insufficient_funds,,5,3,rule_based
AC001397,L06,two_wheeler,self_employed,T1,english,1-30,26,4600.0,4600.0,69000.0,,650-699,1,False,insufficient_funds,,0,0,rule_based
AC001398,L06,two_wheeler,salaried,T2,hinglish,X,0,4350.0,4350.0,160950.0,10.0,300-549,3,False,insufficient_funds,,0,0,rule_based
AC001399,L02,two_wheeler,salaried,T2,hinglish,X,0,3750.0,3750.0,138750.0,,550-649,6,False,mandate_not_registered,0.57,1,1,rule_based
AC001400,L03,pl_salaried,salaried,T1,kanglish,90+,182,12050.0,84350.0,361500.0,25.0,300-549,4,True,insufficient_funds,,5,2,rule_based
AC001401,L06,msme,self_employed,T2,hinglish,1-30,7,17100.0,17100.0,820800.0,,550-649,1,False,mandate_not_registered,,1,0,rule_based
AC001402,L03,pl_salaried,salaried,T2,hinglish,1-30,30,3850.0,3850.0,150150.0,30.0,650-699,0,False,insufficient_funds,0.48,0,0,rule_based
AC001403,L06,mfi_jlg,daily_wage,T2,hinglish,61-90,84,1300.0,3900.0,46800.0,,300-549,4,False,insufficient_funds,,1,0,random_contact_point
AC001404,L04,mfi_jlg,self_employed,T3,english,61-90,65,1850.0,5550.0,44400.0,,550-649,0,False,insufficient_funds,,3,2,rule_based
AC001405,L06,two_wheeler,self_employed,T3,kanglish,31-60,60,2200.0,4400.0,66000.0,,300-549,1,False,insufficient_funds,,0,0,rule_based
AC001406,L06,msme,self_employed,T1,english,90+,351,16650.0,199800.0,516150.0,,550-649,2,False,insufficient_funds,,4,2,rule_based
AC001407,L01,credit_card,self_employed,T1,english,X,0,11200.0,11200.0,257600.0,,550-649,2,False,insufficient_funds,,1,0,rule_based
AC001408,L02,consumer_durable,salaried,T1,english,31-60,35,3750.0,7500.0,127500.0,5.0,300-549,2,False,insufficient_funds,0.68,3,2,rule_based
AC001409,L04,mfi_jlg,daily_wage,T1,kanglish,31-60,38,1800.0,3600.0,68400.0,,550-649,1,True,insufficient_funds,0.64,0,0,rule_based
AC001410,L05,msme,self_employed,T1,english,1-30,26,28750.0,28750.0,891250.0,,550-649,0,False,insufficient_funds,0.7,1,1,rule_based
AC001411,L06,mfi_jlg,daily_wage,T1,kanglish,90+,159,2000.0,12000.0,40000.0,,300-549,3,True,insufficient_funds,0.47,3,1,rule_based
AC001412,L05,msme,self_employed,T3,kanglish,31-60,52,21750.0,43500.0,652500.0,,300-549,4,True,stop_payment,0.88,1,0,rule_based
AC001413,L02,consumer_durable,daily_wage,T3,english,1-30,11,4000.0,4000.0,40000.0,,550-649,2,False,mandate_not_registered,0.7,0,0,rule_based
AC001414,L02,two_wheeler,salaried,T3,hinglish,X,0,4500.0,4500.0,85500.0,,650-699,0,False,insufficient_funds,0.48,0,0,rule_based
AC001415,L05,msme,self_employed,T2,hinglish,X,0,21650.0,21650.0,779400.0,,550-649,1,True,insufficient_funds,0.6,0,0,rule_based
AC001416,L04,mfi_jlg,daily_wage,T3,hinglish,90+,160,1800.0,10800.0,21600.0,,300-549,3,False,insufficient_funds,0.16,4,1,rule_based
AC001417,L02,two_wheeler,daily_wage,T2,hinglish,1-30,15,4100.0,4100.0,184500.0,,300-549,1,False,insufficient_funds,,2,1,rule_based
AC001418,L03,consumer_durable,salaried,T2,hinglish,90+,268,2950.0,26550.0,135700.0,30.0,300-549,3,False,insufficient_funds,,8,5,rule_based
AC001419,L01,credit_card,salaried,T1,kanglish,X,0,2300.0,2300.0,98900.0,,650-699,3,False,insufficient_funds,0.98,0,0,rule_based
AC001420,L06,two_wheeler,self_employed,T3,english,90+,102,4250.0,17000.0,106250.0,,300-549,4,False,insufficient_funds,0.23,3,0,rule_based
AC001421,L01,pl_salaried,salaried,T2,hinglish,90+,122,5550.0,27750.0,144300.0,,300-549,0,False,insufficient_funds,,4,2,rule_based
AC001422,L03,pl_salaried,salaried,T1,kanglish,X,0,5400.0,5400.0,37800.0,1.0,650-699,3,True,insufficient_funds,0.86,0,0,rule_based
AC001423,L05,msme,self_employed,T2,hinglish,X,0,13100.0,13100.0,602600.0,,750-900,1,False,insufficient_funds,1.0,0,0,rule_based
AC001424,L01,credit_card,salaried,T1,kanglish,61-90,71,8400.0,25200.0,159600.0,,300-549,1,False,stop_payment,,1,1,rule_based
AC001425,L01,credit_card,salaried,T3,english,X,0,6300.0,6300.0,63000.0,1.0,550-649,5,False,insufficient_funds,,1,0,rule_based
AC001426,L01,pl_salaried,salaried,T2,english,1-30,10,7550.0,7550.0,90600.0,30.0,300-549,4,False,insufficient_funds,,1,1,rule_based
AC001427,L02,two_wheeler,salaried,T3,kanglish,61-90,78,2400.0,7200.0,26400.0,10.0,550-649,1,False,insufficient_funds,0.65,3,1,rule_based
AC001428,L05,msme,self_employed,T3,english,90+,139,38800.0,194000.0,504400.0,,300-549,5,True,insufficient_funds,,2,1,rule_based
AC001429,L02,consumer_durable,salaried,T2,hinglish,61-90,67,1750.0,5250.0,54250.0,28.0,300-549,3,False,insufficient_funds,0.19,2,2,rule_based
AC001430,L03,pl_salaried,salaried,T3,hinglish,90+,135,5150.0,25750.0,123600.0,5.0,300-549,1,True,insufficient_funds,0.51,3,1,rule_based
AC001431,L06,two_wheeler,salaried,T3,kanglish,31-60,60,4050.0,8100.0,149850.0,1.0,300-549,3,False,insufficient_funds,0.22,1,1,rule_based
AC001432,L02,two_wheeler,self_employed,T1,hinglish,61-90,79,4300.0,12900.0,60200.0,,300-549,1,False,insufficient_funds,0.61,3,2,rule_based
AC001433,L06,two_wheeler,salaried,T1,kanglish,1-30,20,4700.0,4700.0,84600.0,15.0,300-549,0,True,insufficient_funds,0.63,1,0,rule_based
AC001434,L06,two_wheeler,salaried,T2,english,61-90,61,3700.0,11100.0,114700.0,,300-549,2,False,technical,,2,1,rule_based
AC001435,L01,credit_card,salaried,T2,hinglish,61-90,85,8750.0,26250.0,288750.0,,300-549,1,False,insufficient_funds,0.4,0,0,rule_based
AC001436,L02,two_wheeler,salaried,T3,english,31-60,54,3500.0,7000.0,171500.0,7.0,300-549,0,False,insufficient_funds,,2,1,rule_based
AC001437,L06,two_wheeler,salaried,T2,hinglish,90+,123,3300.0,16500.0,42900.0,,300-549,3,False,insufficient_funds,0.8,6,2,rule_based
AC001438,L02,two_wheeler,self_employed,T3,hinglish,31-60,55,4000.0,8000.0,104000.0,,300-549,5,False,insufficient_funds,0.11,2,0,rule_based
AC001439,L02,two_wheeler,self_employed,T2,hinglish,31-60,32,4600.0,9200.0,207000.0,,300-549,0,False,stop_payment,0.69,2,1,rule_based
AC001440,L05,msme,self_employed,T2,hinglish,31-60,50,15150.0,30300.0,545400.0,,550-649,0,True,insufficient_funds,,1,0,rule_based
AC001441,L04,mfi_jlg,daily_wage,T3,kanglish,1-30,24,2100.0,2100.0,63000.0,,300-549,2,True,mandate_not_registered,,2,1,rule_based
AC001442,L01,credit_card,salaried,T3,kanglish,1-30,2,7750.0,7750.0,364250.0,,550-649,0,False,insufficient_funds,0.59,0,0,rule_based
AC001443,L06,msme,self_employed,T1,english,90+,167,21000.0,126000.0,1071000.0,,300-549,0,True,insufficient_funds,,5,2,rule_based
AC001444,L05,msme,self_employed,T2,hinglish,1-30,30,14100.0,14100.0,423000.0,,300-549,3,False,insufficient_funds,0.27,1,1,rule_based
AC001445,L01,pl_salaried,salaried,T3,english,61-90,65,16850.0,50550.0,556050.0,,300-549,0,True,stop_payment,0.52,3,2,rule_based
AC001446,L02,two_wheeler,salaried,T2,hinglish,31-60,46,3750.0,7500.0,176250.0,,300-549,1,True,insufficient_funds,,2,2,rule_based
AC001447,L01,credit_card,self_employed,T1,english,90+,135,10850.0,54250.0,499100.0,,300-549,1,False,insufficient_funds,0.51,5,3,random_contact_point
AC001448,L04,mfi_jlg,daily_wage,T3,english,61-90,85,1450.0,4350.0,44950.0,,300-549,3,False,insufficient_funds,0.66,4,1,rule_based
AC001449,L03,pl_salaried,salaried,T1,kanglish,X,0,10700.0,10700.0,492200.0,7.0,550-649,3,False,insufficient_funds,0.48,1,1,rule_based
AC001450,L06,mfi_jlg,self_employed,T1,kanglish,1-30,21,1650.0,1650.0,14850.0,,550-649,1,False,insufficient_funds,0.49,1,0,rule_based
AC001451,L03,pl_salaried,salaried,T3,kanglish,61-90,67,12350.0,37050.0,345800.0,,300-549,0,False,insufficient_funds,0.61,4,3,rule_based
AC001452,L02,two_wheeler,self_employed,T2,hinglish,1-30,4,2800.0,2800.0,112000.0,,300-549,4,False,insufficient_funds,0.54,0,0,rule_based
AC001453,L02,consumer_durable,salaried,T2,hinglish,31-60,33,2850.0,5700.0,59850.0,1.0,550-649,1,False,insufficient_funds,,1,1,rule_based
AC001454,L01,credit_card,self_employed,T2,hinglish,1-30,21,2200.0,2200.0,94600.0,,550-649,2,True,insufficient_funds,0.55,2,1,rule_based
AC001455,L05,msme,self_employed,T1,kanglish,X,0,30500.0,30500.0,610000.0,,550-649,2,False,mandate_not_registered,0.36,0,0,rule_based
AC001456,L03,consumer_durable,daily_wage,T1,kanglish,90+,117,3200.0,12800.0,134400.0,,300-549,1,False,insufficient_funds,,4,0,rule_based
AC001457,L06,msme,self_employed,T3,english,90+,228,21950.0,175600.0,636550.0,,300-549,4,False,insufficient_funds,0.89,5,2,rule_based
AC001458,L03,pl_salaried,salaried,T1,kanglish,61-90,70,8350.0,25050.0,342350.0,,300-549,1,False,insufficient_funds,0.26,4,1,rule_based
AC001459,L05,msme,self_employed,T1,hinglish,1-30,22,21250.0,21250.0,382500.0,,550-649,2,False,insufficient_funds,,1,1,rule_based
AC001460,L03,pl_salaried,salaried,T3,hinglish,90+,180,7150.0,42900.0,185900.0,1.0,300-549,2,False,stop_payment,0.24,2,1,rule_based
AC001461,L01,credit_card,self_employed,T3,english,31-60,51,5150.0,10300.0,242050.0,,300-549,3,False,insufficient_funds,0.37,1,1,rule_based
AC001462,L05,msme,self_employed,T3,kanglish,90+,227,36000.0,288000.0,1656000.0,,300-549,2,False,insufficient_funds,,1,1,rule_based
AC001463,L06,mfi_jlg,daily_wage,T1,hinglish,X,0,1950.0,1950.0,56550.0,,650-699,1,False,insufficient_funds,0.68,0,0,rule_based
AC001464,L02,two_wheeler,salaried,T1,kanglish,1-30,16,2250.0,2250.0,24750.0,10.0,550-649,1,True,mandate_not_registered,,0,0,rule_based
AC001465,L01,credit_card,salaried,T3,hinglish,61-90,74,11850.0,35550.0,402900.0,30.0,300-549,1,False,insufficient_funds,0.76,3,3,rule_based
AC001466,L06,msme,self_employed,T3,hinglish,90+,357,32300.0,387600.0,1130500.0,,300-549,4,True,stop_payment,,2,2,rule_based
AC001467,L04,mfi_jlg,daily_wage,T3,kanglish,1-30,13,1750.0,1750.0,15750.0,,300-549,1,True,insufficient_funds,,2,1,rule_based
AC001468,L02,two_wheeler,self_employed,T2,hinglish,1-30,20,3800.0,3800.0,64600.0,,550-649,1,True,insufficient_funds,0.55,3,3,rule_based
AC001469,L02,consumer_durable,daily_wage,T3,english,31-60,37,2000.0,4000.0,90000.0,,300-549,6,False,stop_payment,,0,0,rule_based
AC001470,L01,pl_salaried,salaried,T3,hinglish,90+,100,10550.0,42200.0,422000.0,7.0,300-549,4,True,insufficient_funds,0.68,3,2,rule_based
AC001471,L03,pl_salaried,salaried,T2,hinglish,61-90,72,7400.0,22200.0,88800.0,,550-649,2,False,insufficient_funds,0.75,1,1,rule_based
AC001472,L04,mfi_jlg,self_employed,T1,kanglish,90+,468,850.0,10200.0,41650.0,,300-549,0,False,insufficient_funds,0.34,3,1,rule_based
AC001473,L02,consumer_durable,salaried,T1,english,61-90,89,4100.0,12300.0,123000.0,28.0,300-549,0,True,insufficient_funds,,0,0,rule_based
AC001474,L01,pl_salaried,salaried,T3,kanglish,90+,300,8150.0,81500.0,415650.0,10.0,300-549,0,True,insufficient_funds,0.83,8,6,rule_based
AC001475,L03,pl_salaried,salaried,T1,hinglish,31-60,47,9800.0,19600.0,431200.0,30.0,300-549,3,False,mandate_not_registered,,0,0,rule_based
AC001476,L01,pl_salaried,salaried,T1,hinglish,X,0,10600.0,10600.0,381600.0,,550-649,1,True,insufficient_funds,0.34,0,0,rule_based
AC001477,L06,msme,self_employed,T2,hinglish,61-90,85,24650.0,73950.0,320450.0,,300-549,0,False,insufficient_funds,0.74,0,0,rule_based
AC001478,L03,pl_salaried,salaried,T3,hinglish,31-60,43,17750.0,35500.0,266250.0,,300-549,3,True,mandate_not_registered,0.54,1,1,random_contact_point
AC001479,L06,two_wheeler,salaried,T2,hinglish,31-60,50,4450.0,8900.0,186900.0,1.0,300-549,0,False,insufficient_funds,0.15,1,1,rule_based
AC001480,L03,consumer_durable,salaried,T3,english,1-30,24,1900.0,1900.0,34200.0,1.0,550-649,4,False,insufficient_funds,0.48,3,2,rule_based
AC001481,L03,pl_salaried,salaried,T1,hinglish,61-90,66,6350.0,19050.0,247650.0,10.0,300-549,4,False,insufficient_funds,0.57,3,2,rule_based
AC001482,L06,two_wheeler,self_employed,T2,hinglish,90+,119,2350.0,9400.0,75200.0,,300-549,1,False,insufficient_funds,0.48,5,1,rule_based
AC001483,L06,two_wheeler,salaried,T2,hinglish,1-30,4,3250.0,3250.0,94250.0,1.0,300-549,2,True,insufficient_funds,,0,0,rule_based
AC001484,L06,msme,self_employed,T2,hinglish,90+,202,23000.0,161000.0,920000.0,,300-549,1,True,insufficient_funds,0.17,3,2,rule_based
AC001485,L01,credit_card,salaried,T2,hinglish,1-30,18,3400.0,3400.0,71400.0,7.0,300-549,2,False,technical,0.85,1,1,rule_based
AC001486,L01,credit_card,self_employed,T2,hinglish,X,0,2850.0,2850.0,74100.0,,650-699,2,False,mandate_not_registered,,0,0,rule_based
AC001487,L03,pl_salaried,salaried,T3,kanglish,1-30,22,10300.0,10300.0,381100.0,,550-649,1,True,insufficient_funds,0.39,1,0,rule_based
AC001488,L04,mfi_jlg,daily_wage,T3,english,31-60,60,1250.0,2500.0,50000.0,,550-649,2,False,insufficient_funds,0.25,2,0,rule_based
AC001489,L06,msme,self_employed,T3,hinglish,X,0,38700.0,38700.0,1780200.0,,700-749,1,False,technical,0.64,0,0,rule_based
AC001490,L03,pl_salaried,salaried,T3,english,61-90,72,5250.0,15750.0,84000.0,,300-549,1,False,insufficient_funds,,0,0,rule_based
AC001491,L01,credit_card,salaried,T2,hinglish,61-90,66,9150.0,27450.0,137250.0,25.0,300-549,2,True,insufficient_funds,0.86,1,1,rule_based
AC001492,L03,consumer_durable,salaried,T3,hinglish,31-60,44,3950.0,7900.0,173800.0,28.0,300-549,4,True,insufficient_funds,0.23,2,2,rule_based
AC001493,L01,pl_salaried,salaried,T2,hinglish,90+,96,8250.0,33000.0,82500.0,,300-549,1,False,insufficient_funds,0.78,5,3,rule_based
AC001494,L01,credit_card,salaried,T2,hinglish,90+,103,9650.0,38600.0,414950.0,1.0,300-549,5,False,technical,0.71,5,3,rule_based
AC001495,L02,two_wheeler,self_employed,T1,kanglish,1-30,24,4650.0,4650.0,32550.0,,550-649,3,False,mandate_not_registered,0.55,2,1,random_contact_point
AC001496,L01,credit_card,self_employed,T2,hinglish,X,0,8550.0,8550.0,230850.0,,750-900,2,False,insufficient_funds,,1,0,rule_based
AC001497,L03,pl_salaried,salaried,T3,english,1-30,19,13750.0,13750.0,660000.0,30.0,700-749,1,False,mandate_not_registered,,0,0,rule_based
AC001498,L02,two_wheeler,salaried,T3,english,31-60,59,3500.0,7000.0,112000.0,,300-549,4,False,insufficient_funds,0.33,1,1,rule_based
AC001499,L03,pl_salaried,self_employed,T1,hinglish,1-30,30,5600.0,5600.0,168000.0,,550-649,3,False,insufficient_funds,0.81,1,0,rule_based
AC001500,L02,two_wheeler,daily_wage,T2,hinglish,61-90,75,2750.0,8250.0,96250.0,,300-549,0,False,insufficient_funds,0.56,1,0,rule_based
AC001501,L06,mfi_jlg,daily_wage,T2,english,31-60,48,1550.0,3100.0,44950.0,,300-549,4,False,insufficient_funds,0.04,1,1,rule_based
AC001502,L06,two_wheeler,salaried,T3,hinglish,31-60,48,3100.0,6200.0,27900.0,,300-549,3,False,insufficient_funds,0.47,0,0,rule_based
AC001503,L03,pl_salaried,salaried,T1,kanglish,1-30,13,11700.0,11700.0,163800.0,25.0,300-549,2,False,insufficient_funds,0.63,3,2,rule_based
AC001504,L06,msme,self_employed,T2,hinglish,1-30,25,38600.0,38600.0,1312400.0,,300-549,1,False,mandate_not_registered,,0,0,rule_based
AC001505,L03,pl_salaried,salaried,T3,english,1-30,21,9250.0,9250.0,175750.0,7.0,550-649,2,False,insufficient_funds,0.49,0,0,random_contact_point
AC001506,L04,mfi_jlg,self_employed,T2,hinglish,90+,105,1850.0,7400.0,46250.0,,300-549,3,False,insufficient_funds,,2,2,rule_based
AC001507,L01,credit_card,salaried,T1,kanglish,61-90,77,9650.0,28950.0,328100.0,,300-549,3,False,insufficient_funds,,4,1,rule_based
AC001508,L06,msme,self_employed,T3,kanglish,31-60,46,30550.0,61100.0,274950.0,,650-699,1,True,insufficient_funds,0.89,1,0,rule_based
AC001509,L03,pl_salaried,self_employed,T3,hinglish,61-90,83,3750.0,11250.0,56250.0,,300-549,0,False,insufficient_funds,0.3,2,0,rule_based
AC001510,L01,pl_salaried,salaried,T2,hinglish,31-60,55,17000.0,34000.0,561000.0,,550-649,3,True,insufficient_funds,,0,0,rule_based
AC001511,L06,two_wheeler,daily_wage,T1,english,X,0,3250.0,3250.0,91000.0,,650-699,2,False,insufficient_funds,0.66,0,0,rule_based
AC001512,L03,pl_salaried,salaried,T2,hinglish,1-30,25,9200.0,9200.0,312800.0,1.0,650-699,1,False,mandate_not_registered,,0,0,rule_based
AC001513,L03,pl_salaried,salaried,T2,hinglish,X,0,14750.0,14750.0,103250.0,28.0,650-699,1,True,technical,0.69,0,0,rule_based
AC001514,L06,mfi_jlg,daily_wage,T2,hinglish,X,0,1500.0,1500.0,49500.0,,550-649,4,False,insufficient_funds,,1,0,random_contact_point
AC001515,L06,msme,self_employed,T2,hinglish,1-30,3,32300.0,32300.0,1227400.0,,300-549,3,True,insufficient_funds,0.69,0,0,rule_based
AC001516,L03,pl_salaried,salaried,T2,hinglish,61-90,77,9250.0,27750.0,462500.0,7.0,550-649,5,True,insufficient_funds,0.69,0,0,rule_based
AC001517,L02,consumer_durable,self_employed,T3,hinglish,X,0,2500.0,2500.0,37500.0,,550-649,2,True,insufficient_funds,,0,0,rule_based
AC001518,L05,msme,self_employed,T3,english,X,0,36750.0,36750.0,1470000.0,,550-649,2,True,insufficient_funds,0.33,0,0,rule_based
AC001519,L06,msme,self_employed,T3,kanglish,X,0,38850.0,38850.0,1864800.0,,550-649,3,False,insufficient_funds,,0,0,random_contact_point
AC001520,L06,mfi_jlg,daily_wage,T1,english,1-30,18,1850.0,1850.0,37000.0,,650-699,2,False,insufficient_funds,,2,0,rule_based
AC001521,L04,mfi_jlg,self_employed,T1,hinglish,1-30,23,1950.0,1950.0,91650.0,,650-699,2,True,insufficient_funds,0.55,0,0,rule_based
AC001522,L02,two_wheeler,daily_wage,T1,english,X,0,2500.0,2500.0,75000.0,,550-649,0,False,technical,,1,0,rule_based
AC001523,L06,mfi_jlg,daily_wage,T2,hinglish,1-30,15,1100.0,1100.0,11000.0,,300-549,1,False,insufficient_funds,,0,0,random_contact_point
AC001524,L02,consumer_durable,salaried,T2,hinglish,90+,340,1200.0,14400.0,58800.0,1.0,300-549,1,True,insufficient_funds,0.35,5,5,rule_based
AC001525,L01,pl_salaried,salaried,T3,english,1-30,25,17050.0,17050.0,460350.0,,550-649,2,False,insufficient_funds,,0,0,rule_based
AC001526,L01,credit_card,salaried,T2,hinglish,1-30,27,8800.0,8800.0,88000.0,1.0,300-549,1,False,insufficient_funds,0.84,0,0,rule_based
AC001527,L03,pl_salaried,salaried,T1,hinglish,31-60,56,7350.0,14700.0,139650.0,,550-649,4,False,insufficient_funds,0.59,1,1,rule_based
AC001528,L03,consumer_durable,salaried,T2,english,1-30,25,2850.0,2850.0,79800.0,28.0,550-649,1,True,insufficient_funds,0.31,0,0,rule_based
AC001529,L02,two_wheeler,salaried,T2,english,31-60,52,3900.0,7800.0,120900.0,,300-549,1,True,insufficient_funds,,1,1,rule_based
AC001530,L06,mfi_jlg,self_employed,T1,kanglish,1-30,26,1600.0,1600.0,41600.0,,550-649,2,False,technical,0.06,2,0,rule_based
AC001531,L06,msme,self_employed,T2,hinglish,90+,219,10650.0,85200.0,404700.0,,300-549,4,False,insufficient_funds,0.31,1,0,rule_based
AC001532,L02,consumer_durable,salaried,T1,kanglish,90+,138,3100.0,15500.0,127100.0,15.0,300-549,4,False,insufficient_funds,,3,1,rule_based
AC001533,L03,pl_salaried,salaried,T1,hinglish,61-90,72,9200.0,27600.0,368000.0,1.0,300-549,4,False,stop_payment,,1,1,rule_based
AC001534,L06,msme,self_employed,T2,hinglish,1-30,1,39900.0,39900.0,1117200.0,,300-549,2,False,insufficient_funds,0.06,3,0,rule_based
AC001535,L03,consumer_durable,daily_wage,T3,hinglish,31-60,49,3800.0,7600.0,129200.0,,550-649,1,False,insufficient_funds,,3,1,rule_based
AC001536,L01,pl_salaried,salaried,T3,english,1-30,22,14400.0,14400.0,604800.0,,300-549,2,False,insufficient_funds,0.59,2,0,rule_based
AC001537,L06,mfi_jlg,self_employed,T1,kanglish,61-90,79,1550.0,4650.0,24800.0,,300-549,4,True,insufficient_funds,,2,0,rule_based
AC001538,L01,credit_card,self_employed,T2,hinglish,X,0,2950.0,2950.0,64900.0,,700-749,1,False,insufficient_funds,0.51,0,0,rule_based
AC001539,L06,mfi_jlg,self_employed,T3,kanglish,31-60,39,1050.0,2100.0,31500.0,,300-549,2,False,insufficient_funds,0.17,1,1,rule_based
AC001540,L02,two_wheeler,salaried,T3,hinglish,1-30,28,3750.0,3750.0,63750.0,10.0,550-649,3,True,insufficient_funds,0.96,1,0,rule_based
AC001541,L01,pl_salaried,salaried,T3,english,31-60,33,8150.0,16300.0,383050.0,,300-549,3,True,insufficient_funds,0.42,2,1,rule_based
AC001542,L01,pl_salaried,salaried,T2,hinglish,1-30,5,8450.0,8450.0,245050.0,25.0,550-649,1,False,mandate_not_registered,0.58,1,1,rule_based
AC001543,L03,pl_salaried,salaried,T3,english,1-30,19,17900.0,17900.0,143200.0,1.0,550-649,1,False,insufficient_funds,,1,1,rule_based
AC001544,L01,pl_salaried,salaried,T3,hinglish,61-90,84,11350.0,34050.0,158900.0,,300-549,1,False,insufficient_funds,,3,0,rule_based
AC001545,L06,mfi_jlg,daily_wage,T1,kanglish,31-60,57,1450.0,2900.0,13050.0,,300-549,2,False,insufficient_funds,0.33,2,2,rule_based
AC001546,L01,credit_card,salaried,T1,kanglish,1-30,14,7900.0,7900.0,134300.0,25.0,700-749,0,False,insufficient_funds,,1,0,rule_based
AC001547,L03,pl_salaried,salaried,T3,english,X,0,13350.0,13350.0,226950.0,,550-649,2,False,insufficient_funds,,1,0,rule_based
AC001548,L04,mfi_jlg,self_employed,T3,hinglish,90+,253,1500.0,13500.0,30000.0,,300-549,2,False,insufficient_funds,0.0,4,3,rule_based
AC001549,L06,mfi_jlg,self_employed,T2,hinglish,31-60,45,1950.0,3900.0,78000.0,,300-549,1,False,insufficient_funds,0.58,2,2,rule_based
AC001550,L06,two_wheeler,salaried,T2,hinglish,31-60,39,3900.0,7800.0,78000.0,10.0,550-649,0,True,insufficient_funds,0.65,1,0,rule_based
AC001551,L02,consumer_durable,salaried,T1,hinglish,31-60,47,2800.0,5600.0,137200.0,28.0,300-549,3,False,insufficient_funds,0.2,1,1,rule_based
AC001552,L01,credit_card,salaried,T3,english,31-60,35,9650.0,19300.0,106150.0,5.0,300-549,3,False,insufficient_funds,0.52,2,0,rule_based
AC001553,L05,msme,self_employed,T2,hinglish,31-60,59,30500.0,61000.0,457500.0,,550-649,1,False,insufficient_funds,0.8,1,1,rule_based
AC001554,L03,pl_salaried,salaried,T2,hinglish,X,0,12650.0,12650.0,430100.0,28.0,650-699,2,False,insufficient_funds,,0,0,rule_based
AC001555,L06,mfi_jlg,daily_wage,T2,hinglish,31-60,40,1400.0,2800.0,28000.0,,300-549,0,False,insufficient_funds,,0,0,rule_based
AC001556,L03,consumer_durable,salaried,T2,hinglish,31-60,37,1500.0,3000.0,64500.0,10.0,300-549,3,True,mandate_not_registered,0.28,1,1,rule_based
AC001557,L06,msme,self_employed,T3,english,X,0,26950.0,26950.0,1158850.0,,650-699,0,False,insufficient_funds,,0,0,rule_based
AC001558,L02,two_wheeler,daily_wage,T3,kanglish,61-90,63,3800.0,11400.0,87400.0,,300-549,1,False,insufficient_funds,0.82,1,1,rule_based
AC001559,L04,mfi_jlg,self_employed,T1,hinglish,1-30,23,800.0,800.0,27200.0,,300-549,1,True,insufficient_funds,,0,0,rule_based
AC001560,L01,credit_card,salaried,T1,hinglish,X,0,10600.0,10600.0,265000.0,7.0,550-649,2,False,insufficient_funds,0.43,0,0,rule_based
AC001561,L06,mfi_jlg,self_employed,T1,english,61-90,83,1450.0,4350.0,31900.0,,550-649,4,False,insufficient_funds,0.61,0,0,rule_based
AC001562,L06,mfi_jlg,self_employed,T1,hinglish,90+,269,1950.0,17550.0,33150.0,,300-549,4,True,insufficient_funds,,4,1,rule_based
AC001563,L03,consumer_durable,daily_wage,T2,hinglish,1-30,22,4000.0,4000.0,144000.0,,700-749,5,True,insufficient_funds,0.89,1,0,rule_based
AC001564,L02,two_wheeler,self_employed,T2,hinglish,61-90,75,2250.0,6750.0,47250.0,,300-549,1,False,insufficient_funds,0.79,1,0,rule_based
AC001565,L01,pl_salaried,salaried,T1,kanglish,X,0,15400.0,15400.0,215600.0,7.0,650-699,2,True,insufficient_funds,0.6,1,1,rule_based
AC001566,L06,two_wheeler,self_employed,T3,hinglish,61-90,64,2650.0,7950.0,37100.0,,300-549,5,False,insufficient_funds,0.61,1,0,rule_based
AC001567,L01,pl_salaried,salaried,T3,english,31-60,38,15950.0,31900.0,590150.0,5.0,300-549,3,False,insufficient_funds,0.55,2,0,rule_based
AC001568,L01,pl_salaried,salaried,T1,english,61-90,67,11450.0,34350.0,274800.0,1.0,300-549,3,False,mandate_not_registered,,1,0,rule_based
AC001569,L01,credit_card,self_employed,T3,hinglish,1-30,7,4100.0,4100.0,45100.0,,300-549,4,False,insufficient_funds,0.38,0,0,rule_based
AC001570,L06,mfi_jlg,daily_wage,T2,hinglish,1-30,13,1550.0,1550.0,46500.0,,300-549,3,False,insufficient_funds,,0,0,rule_based
AC001571,L03,pl_salaried,salaried,T2,hinglish,90+,237,7400.0,59200.0,281200.0,30.0,300-549,2,True,insufficient_funds,0.93,1,1,rule_based
AC001572,L01,pl_salaried,salaried,T2,hinglish,X,0,3350.0,3350.0,137350.0,,650-699,4,False,mandate_not_registered,0.75,0,0,rule_based
AC001573,L01,pl_salaried,salaried,T1,english,1-30,23,12200.0,12200.0,329400.0,,550-649,1,False,insufficient_funds,0.54,0,0,rule_based
AC001574,L05,msme,self_employed,T2,english,1-30,8,21200.0,21200.0,318000.0,,300-549,1,True,insufficient_funds,,0,0,rule_based
AC001575,L06,mfi_jlg,daily_wage,T3,kanglish,31-60,54,1200.0,2400.0,31200.0,,650-699,1,False,insufficient_funds,0.48,2,1,rule_based
AC001576,L01,pl_salaried,salaried,T3,kanglish,X,0,15400.0,15400.0,569800.0,,650-699,1,False,insufficient_funds,0.82,0,0,rule_based
AC001577,L01,pl_salaried,salaried,T2,hinglish,31-60,44,9750.0,19500.0,292500.0,5.0,300-549,3,True,insufficient_funds,0.73,1,1,rule_based
AC001578,L02,two_wheeler,salaried,T3,kanglish,1-30,8,2650.0,2650.0,47700.0,1.0,300-549,3,True,insufficient_funds,0.15,1,0,rule_based
AC001579,L01,credit_card,salaried,T3,kanglish,31-60,43,2850.0,5700.0,139650.0,,300-549,1,True,stop_payment,0.51,2,0,rule_based
AC001580,L06,two_wheeler,daily_wage,T3,english,90+,189,2450.0,17150.0,120050.0,,300-549,1,False,technical,0.35,3,1,rule_based
AC001581,L06,two_wheeler,salaried,T1,hinglish,1-30,14,4100.0,4100.0,118900.0,5.0,300-549,1,False,insufficient_funds,0.71,0,0,rule_based
AC001582,L03,consumer_durable,salaried,T1,kanglish,31-60,54,2900.0,5800.0,118900.0,,550-649,2,False,insufficient_funds,,4,0,rule_based
AC001583,L01,credit_card,self_employed,T3,english,31-60,59,9700.0,19400.0,135800.0,,300-549,3,False,insufficient_funds,0.84,1,0,rule_based
AC001584,L04,mfi_jlg,daily_wage,T3,english,X,0,2100.0,2100.0,79800.0,,300-549,6,False,insufficient_funds,0.23,0,0,rule_based
AC001585,L03,pl_salaried,salaried,T2,hinglish,61-90,84,5450.0,16350.0,92650.0,10.0,300-549,3,False,insufficient_funds,0.66,1,0,rule_based
AC001586,L03,consumer_durable,salaried,T3,english,90+,100,2000.0,8000.0,88000.0,1.0,300-549,2,False,insufficient_funds,,4,3,rule_based
AC001587,L02,consumer_durable,salaried,T2,english,61-90,83,3900.0,11700.0,74100.0,1.0,300-549,3,True,insufficient_funds,0.56,3,3,rule_based
AC001588,L06,mfi_jlg,self_employed,T1,hinglish,90+,154,950.0,5700.0,32300.0,,300-549,1,False,insufficient_funds,0.31,2,2,rule_based
AC001589,L06,two_wheeler,salaried,T3,kanglish,31-60,34,2500.0,5000.0,95000.0,7.0,650-699,1,True,insufficient_funds,,2,0,rule_based
AC001590,L03,pl_salaried,salaried,T3,english,31-60,59,7300.0,14600.0,65700.0,7.0,300-549,2,False,technical,0.41,1,1,rule_based
AC001591,L05,msme,self_employed,T2,hinglish,1-30,8,18750.0,18750.0,262500.0,,300-549,4,False,insufficient_funds,,1,0,rule_based
AC001592,L06,mfi_jlg,daily_wage,T3,hinglish,90+,138,1200.0,6000.0,24000.0,,300-549,0,False,insufficient_funds,0.35,6,4,rule_based
AC001593,L01,pl_salaried,salaried,T2,hinglish,31-60,56,10650.0,21300.0,170400.0,,300-549,3,True,insufficient_funds,,0,0,rule_based
AC001594,L02,two_wheeler,salaried,T2,hinglish,1-30,14,3950.0,3950.0,158000.0,,550-649,1,True,insufficient_funds,0.81,1,1,rule_based
AC001595,L06,two_wheeler,self_employed,T2,hinglish,61-90,68,2650.0,7950.0,132500.0,,300-549,2,False,insufficient_funds,,1,0,rule_based
AC001596,L06,msme,self_employed,T2,hinglish,31-60,57,33750.0,67500.0,843750.0,,300-549,1,True,insufficient_funds,0.78,2,2,rule_based
AC001597,L04,mfi_jlg,daily_wage,T2,hinglish,90+,177,1350.0,8100.0,58050.0,,300-549,1,False,insufficient_funds,0.05,0,0,rule_based
AC001598,L04,mfi_jlg,self_employed,T1,english,61-90,70,1800.0,5400.0,32400.0,,300-549,0,False,insufficient_funds,0.11,0,0,rule_based
AC001599,L04,mfi_jlg,self_employed,T1,kanglish,90+,134,1950.0,9750.0,50700.0,,300-549,1,True,insufficient_funds,,4,4,rule_based
AC001600,L01,pl_salaried,salaried,T1,kanglish,31-60,38,15550.0,31100.0,217700.0,,300-549,1,False,insufficient_funds,0.17,3,1,rule_based
AC001601,L01,credit_card,salaried,T2,hinglish,31-60,51,4200.0,8400.0,134400.0,,300-549,2,False,insufficient_funds,0.43,2,1,rule_based
AC001602,L01,pl_salaried,salaried,T2,hinglish,61-90,80,5600.0,16800.0,117600.0,1.0,300-549,3,True,insufficient_funds,,1,1,rule_based
AC001603,L05,msme,self_employed,T2,english,X,0,28950.0,28950.0,752700.0,,550-649,1,False,insufficient_funds,0.46,2,1,rule_based
AC001604,L02,two_wheeler,daily_wage,T2,hinglish,X,0,2500.0,2500.0,87500.0,,300-549,1,False,insufficient_funds,0.17,1,1,rule_based
AC001605,L06,two_wheeler,self_employed,T1,kanglish,90+,453,2600.0,31200.0,111800.0,,300-549,2,True,stop_payment,0.66,5,2,rule_based
AC001606,L03,pl_salaried,salaried,T3,english,90+,127,12200.0,61000.0,353800.0,5.0,300-549,3,False,technical,1.0,2,2,rule_based
AC001607,L01,pl_salaried,salaried,T3,kanglish,90+,470,14300.0,171600.0,829400.0,,300-549,1,False,insufficient_funds,0.6,3,2,rule_based
AC001608,L06,two_wheeler,salaried,T3,kanglish,X,0,3500.0,3500.0,154000.0,,750-900,0,False,insufficient_funds,0.85,0,0,rule_based
AC001609,L03,pl_salaried,salaried,T1,english,1-30,18,17050.0,17050.0,664950.0,,300-549,2,False,insufficient_funds,0.58,2,1,rule_based
AC001610,L03,pl_salaried,salaried,T2,english,90+,118,4750.0,19000.0,52250.0,,300-549,3,False,insufficient_funds,0.97,5,3,rule_based
AC001611,L04,mfi_jlg,self_employed,T2,hinglish,X,0,800.0,800.0,22400.0,,300-549,0,False,insufficient_funds,0.67,0,0,rule_based
AC001612,L01,credit_card,salaried,T3,kanglish,31-60,34,1850.0,3700.0,90650.0,30.0,300-549,2,False,insufficient_funds,0.79,1,1,rule_based
AC001613,L01,credit_card,salaried,T1,kanglish,1-30,19,10150.0,10150.0,131950.0,10.0,300-549,2,True,insufficient_funds,0.61,0,0,rule_based
AC001614,L06,two_wheeler,salaried,T3,hinglish,90+,185,3900.0,27300.0,140400.0,7.0,300-549,2,True,insufficient_funds,0.28,1,0,rule_based
AC001615,L05,msme,self_employed,T3,kanglish,31-60,58,14400.0,28800.0,144000.0,,300-549,4,False,insufficient_funds,0.45,2,1,rule_based
AC001616,L01,credit_card,salaried,T3,kanglish,1-30,21,6800.0,6800.0,251600.0,1.0,300-549,1,False,insufficient_funds,0.41,1,0,rule_based
AC001617,L06,mfi_jlg,self_employed,T3,hinglish,31-60,44,1900.0,3800.0,53200.0,,300-549,4,False,insufficient_funds,,2,1,rule_based
AC001618,L03,consumer_durable,salaried,T1,hinglish,X,0,1550.0,1550.0,26350.0,,650-699,2,False,insufficient_funds,,1,1,rule_based
AC001619,L04,mfi_jlg,self_employed,T2,hinglish,61-90,77,1800.0,5400.0,19800.0,,300-549,2,False,insufficient_funds,,3,3,rule_based
AC001620,L06,two_wheeler,self_employed,T1,english,31-60,60,4300.0,8600.0,51600.0,,300-549,1,False,insufficient_funds,0.71,1,1,rule_based
AC001621,L04,mfi_jlg,daily_wage,T2,hinglish,31-60,56,2050.0,4100.0,100450.0,,300-549,3,False,technical,0.47,1,1,rule_based
AC001622,L06,two_wheeler,self_employed,T3,hinglish,1-30,15,2550.0,2550.0,107100.0,,550-649,3,False,insufficient_funds,0.24,0,0,rule_based
AC001623,L01,credit_card,salaried,T3,english,1-30,19,4950.0,4950.0,138600.0,15.0,300-549,3,False,stop_payment,,0,0,rule_based
AC001624,L06,two_wheeler,salaried,T3,hinglish,X,0,3800.0,3800.0,174800.0,,550-649,0,False,stop_payment,0.55,1,0,rule_based
AC001625,L01,credit_card,salaried,T3,kanglish,90+,570,1600.0,19200.0,38400.0,1.0,300-549,4,False,technical,,2,2,rule_based
AC001626,L01,pl_salaried,salaried,T1,hinglish,1-30,26,16900.0,16900.0,152100.0,25.0,550-649,2,True,insufficient_funds,,2,2,rule_based
AC001627,L01,credit_card,salaried,T3,english,31-60,38,1850.0,3700.0,31450.0,,550-649,2,True,insufficient_funds,0.84,2,1,rule_based
AC001628,L01,pl_salaried,salaried,T3,english,1-30,6,12000.0,12000.0,300000.0,25.0,550-649,1,False,insufficient_funds,0.46,1,0,rule_based
AC001629,L01,credit_card,salaried,T3,english,90+,198,9800.0,68600.0,215600.0,,300-549,5,False,insufficient_funds,,0,0,rule_based
AC001630,L02,two_wheeler,salaried,T1,kanglish,61-90,84,4200.0,12600.0,205800.0,15.0,300-549,2,False,insufficient_funds,,2,1,rule_based
AC001631,L02,consumer_durable,salaried,T1,hinglish,X,0,1500.0,1500.0,42000.0,1.0,650-699,1,False,insufficient_funds,0.61,0,0,rule_based
AC001632,L01,pl_salaried,salaried,T2,english,31-60,54,14500.0,29000.0,246500.0,15.0,300-549,3,False,insufficient_funds,0.36,1,0,rule_based
AC001633,L04,mfi_jlg,daily_wage,T1,hinglish,31-60,40,2050.0,4100.0,53300.0,,300-549,4,False,insufficient_funds,0.43,1,1,rule_based
AC001634,L02,two_wheeler,self_employed,T1,english,61-90,86,3000.0,9000.0,150000.0,,300-549,2,False,insufficient_funds,0.17,1,1,rule_based
AC001635,L03,pl_salaried,salaried,T1,kanglish,90+,135,3800.0,19000.0,140600.0,1.0,300-549,0,True,insufficient_funds,0.54,2,2,rule_based
AC001636,L01,pl_salaried,salaried,T2,hinglish,61-90,74,10600.0,31800.0,137800.0,,550-649,1,False,insufficient_funds,0.71,2,1,rule_based
AC001637,L01,pl_salaried,salaried,T2,hinglish,90+,187,12350.0,86450.0,358150.0,7.0,300-549,4,False,stop_payment,0.22,8,7,rule_based
AC001638,L01,pl_salaried,salaried,T1,hinglish,31-60,54,7600.0,15200.0,342000.0,10.0,300-549,3,False,technical,0.65,1,1,rule_based
AC001639,L01,pl_salaried,salaried,T3,kanglish,1-30,19,9450.0,9450.0,330750.0,1.0,550-649,0,False,insufficient_funds,0.39,0,0,rule_based
AC001640,L01,credit_card,self_employed,T1,hinglish,31-60,49,6650.0,13300.0,226100.0,,300-549,3,True,insufficient_funds,0.31,2,1,rule_based
AC001641,L02,two_wheeler,daily_wage,T2,hinglish,61-90,82,2400.0,7200.0,57600.0,,300-549,2,False,technical,0.16,1,1,rule_based
AC001642,L01,pl_salaried,salaried,T2,hinglish,1-30,7,11300.0,11300.0,508500.0,1.0,650-699,2,False,insufficient_funds,0.61,0,0,rule_based
AC001643,L03,pl_salaried,salaried,T2,hinglish,31-60,43,11300.0,22600.0,226000.0,1.0,300-549,1,False,insufficient_funds,0.69,1,1,rule_based
AC001644,L01,pl_salaried,salaried,T1,hinglish,X,0,3650.0,3650.0,54750.0,,550-649,3,False,insufficient_funds,0.44,1,0,rule_based
AC001645,L02,two_wheeler,self_employed,T3,hinglish,1-30,8,2600.0,2600.0,20800.0,,650-699,4,False,insufficient_funds,0.61,1,0,rule_based
AC001646,L01,credit_card,self_employed,T2,hinglish,90+,115,3050.0,12200.0,125050.0,,300-549,1,True,insufficient_funds,0.64,4,2,rule_based
AC001647,L06,two_wheeler,salaried,T1,kanglish,X,0,2450.0,2450.0,98000.0,,550-649,2,False,insufficient_funds,,0,0,rule_based
AC001648,L01,pl_salaried,salaried,T2,english,61-90,77,9600.0,28800.0,96000.0,10.0,300-549,0,False,mandate_not_registered,0.87,3,2,rule_based
AC001649,L01,pl_salaried,salaried,T1,hinglish,1-30,11,6200.0,6200.0,173600.0,5.0,300-549,4,False,insufficient_funds,,2,2,rule_based
AC001650,L02,consumer_durable,salaried,T3,kanglish,31-60,55,2800.0,5600.0,50400.0,1.0,300-549,4,False,insufficient_funds,0.85,0,0,rule_based
AC001651,L03,pl_salaried,salaried,T2,hinglish,90+,233,16750.0,134000.0,368500.0,5.0,300-549,0,False,insufficient_funds,0.3,2,2,rule_based
AC001652,L01,pl_salaried,salaried,T1,kanglish,61-90,64,17650.0,52950.0,811900.0,1.0,300-549,1,True,insufficient_funds,0.43,4,2,rule_based
AC001653,L01,pl_salaried,salaried,T3,hinglish,90+,96,7500.0,30000.0,217500.0,30.0,300-549,2,False,insufficient_funds,,2,1,rule_based
AC001654,L03,consumer_durable,salaried,T3,english,1-30,20,3050.0,3050.0,106750.0,15.0,300-549,3,False,insufficient_funds,0.41,0,0,rule_based
AC001655,L02,two_wheeler,self_employed,T2,english,1-30,5,4500.0,4500.0,90000.0,,650-699,0,False,insufficient_funds,0.67,4,1,rule_based
AC001656,L02,two_wheeler,salaried,T3,hinglish,61-90,89,3200.0,9600.0,118400.0,25.0,300-549,4,True,technical,0.28,2,0,rule_based
AC001657,L02,consumer_durable,salaried,T2,hinglish,61-90,72,2750.0,8250.0,49500.0,1.0,300-549,4,False,insufficient_funds,,0,0,rule_based
AC001658,L01,pl_salaried,salaried,T1,kanglish,61-90,84,5650.0,16950.0,146900.0,15.0,300-549,1,False,insufficient_funds,,2,2,random_contact_point
AC001659,L02,consumer_durable,self_employed,T3,english,61-90,72,4000.0,12000.0,144000.0,,300-549,0,False,insufficient_funds,0.38,3,1,rule_based
AC001660,L03,pl_salaried,salaried,T3,hinglish,1-30,7,6300.0,6300.0,88200.0,25.0,550-649,3,False,technical,0.66,0,0,rule_based
AC001661,L04,mfi_jlg,daily_wage,T1,english,1-30,19,1850.0,1850.0,48100.0,,300-549,2,False,insufficient_funds,,0,0,rule_based
AC001662,L06,two_wheeler,daily_wage,T1,kanglish,90+,95,3550.0,14200.0,113600.0,,300-549,2,True,insufficient_funds,,1,1,rule_based
AC001663,L01,credit_card,salaried,T2,hinglish,31-60,35,5250.0,10500.0,136500.0,10.0,300-549,1,False,insufficient_funds,0.34,1,0,rule_based
AC001664,L03,consumer_durable,salaried,T3,hinglish,61-90,87,2000.0,6000.0,38000.0,5.0,300-549,0,False,technical,0.73,5,2,rule_based
AC001665,L03,pl_salaried,salaried,T1,kanglish,31-60,50,10150.0,20300.0,274050.0,28.0,550-649,4,False,insufficient_funds,,1,0,rule_based
AC001666,L02,consumer_durable,self_employed,T3,hinglish,90+,177,4150.0,24900.0,91300.0,,300-549,2,False,insufficient_funds,,4,2,rule_based
AC001667,L01,credit_card,salaried,T1,kanglish,90+,334,3250.0,39000.0,146250.0,5.0,300-549,3,False,insufficient_funds,0.42,4,2,rule_based
AC001668,L06,mfi_jlg,self_employed,T3,hinglish,1-30,6,1000.0,1000.0,19000.0,,550-649,0,False,insufficient_funds,0.41,1,0,rule_based
AC001669,L03,consumer_durable,salaried,T3,hinglish,90+,103,1250.0,5000.0,53750.0,,550-649,4,False,insufficient_funds,1.0,5,3,rule_based
AC001670,L03,pl_salaried,salaried,T1,kanglish,1-30,9,16100.0,16100.0,305900.0,7.0,550-649,0,False,insufficient_funds,,1,0,rule_based
AC001671,L03,consumer_durable,salaried,T2,hinglish,1-30,2,1550.0,1550.0,40300.0,,550-649,1,False,insufficient_funds,,0,0,rule_based
AC001672,L02,two_wheeler,salaried,T1,english,90+,234,4200.0,33600.0,147000.0,,300-549,2,False,insufficient_funds,0.8,1,0,rule_based
AC001673,L04,mfi_jlg,daily_wage,T2,english,1-30,27,1150.0,1150.0,33350.0,,300-549,3,False,insufficient_funds,0.2,1,0,rule_based
AC001674,L03,pl_salaried,salaried,T2,hinglish,1-30,27,10500.0,10500.0,136500.0,,550-649,0,False,insufficient_funds,0.63,0,0,rule_based
AC001675,L06,two_wheeler,salaried,T3,kanglish,31-60,37,3150.0,6300.0,110250.0,7.0,550-649,3,False,insufficient_funds,0.94,0,0,rule_based
AC001676,L04,mfi_jlg,daily_wage,T2,hinglish,90+,208,2100.0,14700.0,73500.0,,300-549,1,False,insufficient_funds,,2,1,rule_based
AC001677,L06,two_wheeler,self_employed,T2,english,X,0,3900.0,3900.0,54600.0,,300-549,6,False,insufficient_funds,0.36,2,1,rule_based
AC001678,L03,pl_salaried,salaried,T1,kanglish,61-90,85,3850.0,11550.0,134750.0,25.0,300-549,4,False,stop_payment,0.33,2,1,rule_based
AC001679,L01,pl_salaried,salaried,T1,kanglish,31-60,48,3600.0,7200.0,144000.0,10.0,300-549,2,False,insufficient_funds,,1,0,rule_based
AC001680,L05,msme,self_employed,T2,hinglish,1-30,13,27500.0,27500.0,742500.0,,300-549,1,True,insufficient_funds,0.58,1,1,rule_based
AC001681,L01,pl_salaried,salaried,T3,english,61-90,76,6400.0,19200.0,64000.0,30.0,550-649,1,False,insufficient_funds,,4,0,rule_based
AC001682,L06,mfi_jlg,daily_wage,T3,kanglish,31-60,47,1600.0,3200.0,57600.0,,550-649,3,False,insufficient_funds,,1,0,rule_based
AC001683,L03,consumer_durable,salaried,T2,english,61-90,80,1750.0,5250.0,31500.0,,300-549,4,True,stop_payment,0.81,1,1,rule_based
AC001684,L01,pl_salaried,salaried,T3,hinglish,61-90,75,15650.0,46950.0,532100.0,30.0,550-649,1,False,insufficient_funds,1.0,2,0,rule_based
AC001685,L03,pl_salaried,salaried,T1,english,90+,164,12300.0,73800.0,651900.0,30.0,300-549,3,False,insufficient_funds,0.59,4,2,rule_based
AC001686,L06,mfi_jlg,self_employed,T3,hinglish,61-90,75,1500.0,4500.0,33000.0,,300-549,1,False,insufficient_funds,,4,4,rule_based
AC001687,L03,pl_salaried,salaried,T1,hinglish,X,0,11450.0,11450.0,377850.0,,700-749,0,False,insufficient_funds,0.81,0,0,rule_based
AC001688,L06,two_wheeler,salaried,T1,kanglish,61-90,69,2400.0,7200.0,105600.0,10.0,300-549,3,False,insufficient_funds,0.42,2,1,rule_based
AC001689,L04,mfi_jlg,daily_wage,T3,english,31-60,33,2050.0,4100.0,51250.0,,550-649,1,True,insufficient_funds,0.61,2,1,rule_based
AC001690,L06,two_wheeler,salaried,T2,hinglish,X,0,3450.0,3450.0,82800.0,,650-699,1,False,insufficient_funds,0.68,0,0,rule_based
AC001691,L01,credit_card,salaried,T3,english,31-60,55,2700.0,5400.0,102600.0,10.0,300-549,2,True,stop_payment,0.4,3,2,rule_based
AC001692,L04,mfi_jlg,self_employed,T3,hinglish,61-90,72,2000.0,6000.0,100000.0,,300-549,3,False,insufficient_funds,0.27,5,4,rule_based
AC001693,L06,two_wheeler,self_employed,T1,kanglish,1-30,15,2450.0,2450.0,56350.0,,300-549,0,False,insufficient_funds,0.38,1,1,rule_based
AC001694,L03,pl_salaried,salaried,T1,hinglish,1-30,5,7800.0,7800.0,218400.0,,550-649,1,False,insufficient_funds,,2,1,rule_based
AC001695,L02,two_wheeler,self_employed,T2,hinglish,31-60,47,2850.0,5700.0,65550.0,,550-649,1,False,insufficient_funds,,1,0,rule_based
AC001696,L03,consumer_durable,salaried,T2,hinglish,1-30,9,1450.0,1450.0,21750.0,,300-549,1,True,mandate_not_registered,0.34,2,0,rule_based
AC001697,L06,mfi_jlg,daily_wage,T2,hinglish,90+,133,1800.0,9000.0,75600.0,,300-549,2,False,insufficient_funds,0.26,2,0,rule_based
AC001698,L02,two_wheeler,daily_wage,T1,hinglish,1-30,19,2950.0,2950.0,20650.0,,550-649,1,True,insufficient_funds,0.89,1,1,rule_based
AC001699,L01,credit_card,salaried,T1,english,61-90,65,4400.0,13200.0,123200.0,,300-549,0,False,technical,0.76,1,0,rule_based
AC001700,L03,pl_salaried,self_employed,T2,hinglish,61-90,84,16950.0,50850.0,644100.0,,550-649,2,True,insufficient_funds,0.75,2,2,rule_based
AC001701,L01,pl_salaried,salaried,T1,kanglish,1-30,6,7950.0,7950.0,206700.0,,650-699,0,False,insufficient_funds,0.66,1,0,rule_based
AC001702,L01,pl_salaried,salaried,T2,hinglish,31-60,55,15500.0,31000.0,186000.0,,300-549,1,True,insufficient_funds,0.46,0,0,rule_based
AC001703,L02,consumer_durable,self_employed,T1,kanglish,1-30,1,2500.0,2500.0,27500.0,,300-549,1,False,insufficient_funds,0.2,0,0,rule_based
AC001704,L01,pl_salaried,salaried,T3,kanglish,1-30,5,16450.0,16450.0,361900.0,25.0,650-699,1,False,insufficient_funds,0.56,1,1,rule_based
AC001705,L05,msme,self_employed,T2,hinglish,31-60,47,12500.0,25000.0,525000.0,,650-699,1,False,insufficient_funds,0.93,2,0,rule_based
AC001706,L03,pl_salaried,self_employed,T1,english,1-30,15,10250.0,10250.0,184500.0,,300-549,1,True,insufficient_funds,0.5,0,0,rule_based
AC001707,L01,credit_card,salaried,T3,hinglish,61-90,65,7250.0,21750.0,166750.0,1.0,300-549,2,False,insufficient_funds,0.28,2,1,rule_based
AC001708,L01,credit_card,salaried,T2,hinglish,31-60,48,3700.0,7400.0,166500.0,,300-549,2,False,insufficient_funds,0.6,1,0,rule_based
AC001709,L01,credit_card,salaried,T2,hinglish,X,0,5100.0,5100.0,153000.0,,650-699,0,False,insufficient_funds,0.47,0,0,rule_based
AC001710,L06,msme,self_employed,T1,hinglish,1-30,23,23900.0,23900.0,1075500.0,,550-649,3,True,insufficient_funds,0.61,1,0,rule_based
AC001711,L03,consumer_durable,salaried,T2,hinglish,90+,152,3800.0,22800.0,110200.0,5.0,300-549,2,False,insufficient_funds,,0,0,rule_based
AC001712,L06,msme,self_employed,T3,english,1-30,8,26650.0,26650.0,746200.0,,550-649,1,False,insufficient_funds,0.66,1,1,rule_based
AC001713,L03,pl_salaried,salaried,T1,hinglish,61-90,90,16400.0,49200.0,557600.0,10.0,300-549,2,True,insufficient_funds,0.73,3,1,rule_based
AC001714,L06,mfi_jlg,daily_wage,T2,hinglish,X,0,2000.0,2000.0,80000.0,,550-649,0,True,insufficient_funds,0.65,0,0,rule_based
AC001715,L01,pl_salaried,salaried,T1,kanglish,90+,142,7150.0,35750.0,235950.0,25.0,300-549,2,False,technical,,2,1,rule_based
AC001716,L03,consumer_durable,self_employed,T2,hinglish,1-30,12,3650.0,3650.0,87600.0,,300-549,3,False,insufficient_funds,,0,0,rule_based
AC001717,L02,two_wheeler,salaried,T2,hinglish,31-60,46,4050.0,8100.0,194400.0,30.0,550-649,5,False,insufficient_funds,0.54,2,1,rule_based
AC001718,L01,credit_card,salaried,T1,kanglish,31-60,38,6500.0,13000.0,136500.0,1.0,300-549,2,False,mandate_not_registered,0.3,1,0,rule_based
AC001719,L01,pl_salaried,salaried,T1,hinglish,1-30,8,12900.0,12900.0,606300.0,,550-649,2,False,insufficient_funds,0.51,0,0,rule_based
AC001720,L03,pl_salaried,salaried,T2,hinglish,61-90,67,4300.0,12900.0,163400.0,5.0,300-549,2,True,stop_payment,,2,2,rule_based
AC001721,L03,pl_salaried,salaried,T2,hinglish,X,0,10100.0,10100.0,141400.0,,650-699,2,False,insufficient_funds,,0,0,rule_based
AC001722,L02,consumer_durable,daily_wage,T3,kanglish,1-30,17,3450.0,3450.0,120750.0,,550-649,1,False,insufficient_funds,0.93,1,0,rule_based
AC001723,L06,msme,self_employed,T3,kanglish,1-30,7,28350.0,28350.0,1247400.0,,300-549,0,False,insufficient_funds,0.71,0,0,rule_based
AC001724,L02,consumer_durable,salaried,T3,hinglish,31-60,52,1200.0,2400.0,15600.0,10.0,300-549,1,False,insufficient_funds,0.39,3,1,random_contact_point
AC001725,L03,pl_salaried,salaried,T3,english,90+,469,6250.0,75000.0,225000.0,25.0,300-549,1,False,stop_payment,0.63,0,0,rule_based
AC001726,L06,two_wheeler,salaried,T1,hinglish,X,0,3950.0,3950.0,173800.0,28.0,300-549,1,False,insufficient_funds,0.43,0,0,rule_based
AC001727,L03,pl_salaried,salaried,T3,hinglish,90+,226,3950.0,31600.0,130350.0,,300-549,1,True,insufficient_funds,,4,3,rule_based
AC001728,L06,two_wheeler,self_employed,T3,kanglish,61-90,75,4150.0,12450.0,128650.0,,300-549,1,False,technical,0.64,3,2,rule_based
AC001729,L01,credit_card,self_employed,T2,english,X,0,5900.0,5900.0,224200.0,,750-900,1,False,insufficient_funds,0.81,0,0,rule_based
AC001730,L01,credit_card,salaried,T2,hinglish,X,0,2850.0,2850.0,25650.0,,700-749,4,False,insufficient_funds,0.45,1,0,rule_based
AC001731,L02,two_wheeler,salaried,T2,hinglish,1-30,20,2350.0,2350.0,65800.0,1.0,300-549,3,False,insufficient_funds,,1,0,rule_based
AC001732,L01,pl_salaried,salaried,T1,english,X,0,3050.0,3050.0,24400.0,,650-699,5,False,insufficient_funds,0.35,0,0,rule_based
AC001733,L02,two_wheeler,salaried,T1,kanglish,61-90,65,4800.0,14400.0,187200.0,,300-549,3,False,insufficient_funds,0.54,2,1,rule_based
AC001734,L06,mfi_jlg,daily_wage,T1,english,31-60,37,850.0,1700.0,25500.0,,300-549,0,False,insufficient_funds,,2,0,rule_based
AC001735,L01,pl_salaried,salaried,T2,hinglish,1-30,14,7850.0,7850.0,188400.0,,700-749,0,False,insufficient_funds,0.63,1,0,rule_based
AC001736,L02,consumer_durable,daily_wage,T2,hinglish,61-90,84,3800.0,11400.0,98800.0,,300-549,5,False,technical,0.21,1,1,rule_based
AC001737,L02,two_wheeler,daily_wage,T1,kanglish,1-30,26,2350.0,2350.0,86950.0,,300-549,2,False,insufficient_funds,,1,1,rule_based
AC001738,L05,msme,self_employed,T1,kanglish,90+,162,12650.0,75900.0,569250.0,,300-549,0,True,insufficient_funds,0.49,4,1,rule_based
AC001739,L06,mfi_jlg,daily_wage,T1,kanglish,31-60,46,1850.0,3700.0,51800.0,,300-549,4,False,insufficient_funds,,0,0,rule_based
AC001740,L06,mfi_jlg,daily_wage,T3,english,1-30,11,2150.0,2150.0,90300.0,,300-549,1,False,insufficient_funds,0.0,1,1,rule_based
AC001741,L06,mfi_jlg,daily_wage,T3,english,31-60,31,750.0,1500.0,9000.0,,300-549,4,False,insufficient_funds,,2,1,rule_based
AC001742,L06,msme,self_employed,T1,kanglish,1-30,2,11050.0,11050.0,442000.0,,550-649,2,False,insufficient_funds,,2,2,rule_based
AC001743,L02,two_wheeler,daily_wage,T3,hinglish,90+,163,4350.0,26100.0,160950.0,,300-549,4,True,insufficient_funds,0.68,1,0,random_contact_point
AC001744,L03,pl_salaried,salaried,T3,hinglish,1-30,19,11850.0,11850.0,177750.0,,550-649,1,False,insufficient_funds,,0,0,rule_based
AC001745,L03,pl_salaried,salaried,T3,english,90+,175,9850.0,59100.0,394000.0,25.0,300-549,0,False,insufficient_funds,0.48,3,1,rule_based
AC001746,L06,two_wheeler,salaried,T3,hinglish,90+,231,4100.0,32800.0,176300.0,15.0,300-549,1,False,insufficient_funds,0.61,7,4,rule_based
AC001747,L03,pl_salaried,salaried,T2,english,31-60,47,7550.0,15100.0,135900.0,10.0,300-549,0,True,technical,0.76,0,0,rule_based
AC001748,L03,pl_salaried,salaried,T1,kanglish,61-90,62,17850.0,53550.0,874650.0,25.0,300-549,1,False,insufficient_funds,0.74,2,1,rule_based
AC001749,L03,pl_salaried,salaried,T3,kanglish,31-60,54,17100.0,34200.0,598500.0,1.0,300-549,3,False,insufficient_funds,0.31,0,0,rule_based
AC001750,L02,two_wheeler,self_employed,T3,kanglish,X,0,3750.0,3750.0,48750.0,,700-749,0,False,insufficient_funds,0.27,0,0,rule_based
AC001751,L01,pl_salaried,salaried,T1,kanglish,90+,120,4900.0,19600.0,249900.0,,300-549,2,False,insufficient_funds,0.73,1,1,rule_based
AC001752,L06,two_wheeler,self_employed,T2,hinglish,31-60,48,3350.0,6700.0,137350.0,,300-549,2,False,technical,,0,0,rule_based
AC001753,L06,msme,self_employed,T2,hinglish,90+,91,16300.0,65200.0,489000.0,,300-549,1,False,insufficient_funds,0.75,4,3,rule_based
AC001754,L05,msme,self_employed,T2,hinglish,31-60,50,27400.0,54800.0,1233000.0,,300-549,2,False,insufficient_funds,0.31,1,0,rule_based
AC001755,L01,credit_card,salaried,T2,hinglish,X,0,1900.0,1900.0,38000.0,1.0,300-549,3,False,insufficient_funds,,0,0,rule_based
AC001756,L02,two_wheeler,salaried,T1,kanglish,1-30,24,4150.0,4150.0,62250.0,,300-549,1,False,insufficient_funds,0.61,1,0,rule_based
AC001757,L02,two_wheeler,self_employed,T2,hinglish,1-30,1,4100.0,4100.0,57400.0,,550-649,2,False,insufficient_funds,0.7,0,0,rule_based
AC001758,L06,two_wheeler,salaried,T1,kanglish,1-30,28,2550.0,2550.0,91800.0,10.0,550-649,0,False,insufficient_funds,,0,0,rule_based
AC001759,L04,mfi_jlg,self_employed,T1,kanglish,61-90,82,1050.0,3150.0,17850.0,,300-549,1,True,insufficient_funds,0.49,1,1,rule_based
AC001760,L01,pl_salaried,salaried,T2,hinglish,X,0,9250.0,9250.0,148000.0,,750-900,0,False,insufficient_funds,,0,0,rule_based
AC001761,L03,consumer_durable,salaried,T2,hinglish,90+,257,2400.0,21600.0,57600.0,25.0,550-649,1,False,insufficient_funds,0.68,2,1,rule_based
AC001762,L03,pl_salaried,salaried,T2,hinglish,1-30,14,12750.0,12750.0,408000.0,15.0,550-649,1,True,insufficient_funds,0.7,3,0,rule_based
AC001763,L06,msme,self_employed,T1,hinglish,31-60,49,37800.0,75600.0,869400.0,,300-549,3,False,insufficient_funds,,2,1,rule_based
AC001764,L02,two_wheeler,salaried,T2,english,1-30,5,4250.0,4250.0,106250.0,7.0,700-749,2,False,insufficient_funds,,2,1,rule_based
AC001765,L03,pl_salaried,salaried,T1,english,X,0,14000.0,14000.0,112000.0,,750-900,3,False,insufficient_funds,0.73,1,1,rule_based
AC001766,L04,mfi_jlg,self_employed,T1,kanglish,31-60,55,1900.0,3800.0,49400.0,,300-549,3,False,insufficient_funds,0.09,0,0,rule_based
AC001767,L01,pl_salaried,salaried,T3,english,1-30,14,8500.0,8500.0,229500.0,5.0,300-549,1,False,technical,0.12,1,0,rule_based
AC001768,L06,mfi_jlg,daily_wage,T2,hinglish,31-60,59,1500.0,3000.0,19500.0,,550-649,1,False,insufficient_funds,0.87,1,0,rule_based
AC001769,L02,two_wheeler,daily_wage,T2,hinglish,31-60,32,2400.0,4800.0,108000.0,,550-649,2,False,insufficient_funds,1.0,1,1,rule_based
AC001770,L03,pl_salaried,salaried,T2,hinglish,1-30,24,14200.0,14200.0,667400.0,10.0,550-649,1,False,stop_payment,1.0,3,2,rule_based
AC001771,L01,pl_salaried,salaried,T1,english,31-60,36,4850.0,9700.0,130950.0,,300-549,0,False,insufficient_funds,0.66,1,0,rule_based
AC001772,L06,mfi_jlg,daily_wage,T1,kanglish,1-30,26,850.0,850.0,6800.0,,650-699,1,False,insufficient_funds,,0,0,rule_based
AC001773,L01,credit_card,salaried,T2,hinglish,1-30,25,1850.0,1850.0,51800.0,15.0,550-649,1,False,insufficient_funds,,1,0,rule_based
AC001774,L02,consumer_durable,salaried,T3,kanglish,61-90,61,3400.0,10200.0,40800.0,,550-649,0,True,insufficient_funds,0.75,1,1,rule_based
AC001775,L04,mfi_jlg,daily_wage,T2,hinglish,X,0,1100.0,1100.0,34100.0,,300-549,3,False,insufficient_funds,,0,0,rule_based
AC001776,L06,mfi_jlg,self_employed,T3,hinglish,1-30,29,1200.0,1200.0,19200.0,,550-649,0,False,insufficient_funds,0.6,0,0,rule_based
AC001777,L01,pl_salaried,salaried,T3,english,31-60,32,8000.0,16000.0,384000.0,10.0,550-649,1,False,insufficient_funds,,0,0,rule_based
AC001778,L04,mfi_jlg,daily_wage,T1,kanglish,31-60,52,1200.0,2400.0,34800.0,,300-549,3,False,insufficient_funds,,1,0,rule_based
AC001779,L02,consumer_durable,salaried,T3,english,90+,170,3400.0,20400.0,81600.0,1.0,300-549,2,True,insufficient_funds,0.7,4,2,rule_based
AC001780,L03,pl_salaried,salaried,T2,hinglish,90+,219,13750.0,110000.0,550000.0,,300-549,2,False,insufficient_funds,,5,4,rule_based
AC001781,L01,credit_card,salaried,T2,hinglish,61-90,81,5200.0,15600.0,254800.0,,550-649,2,True,insufficient_funds,0.48,0,0,rule_based
AC001782,L03,pl_salaried,salaried,T2,hinglish,31-60,37,12400.0,24800.0,210800.0,7.0,300-549,1,True,insufficient_funds,,1,0,rule_based
AC001783,L01,credit_card,salaried,T2,hinglish,1-30,11,9050.0,9050.0,352950.0,28.0,550-649,2,True,insufficient_funds,1.0,1,0,rule_based
AC001784,L06,mfi_jlg,self_employed,T1,kanglish,X,0,2000.0,2000.0,90000.0,,550-649,4,False,insufficient_funds,0.25,0,0,rule_based
AC001785,L06,two_wheeler,self_employed,T1,hinglish,90+,111,3500.0,14000.0,98000.0,,300-549,1,False,insufficient_funds,0.46,4,2,rule_based
AC001786,L02,two_wheeler,salaried,T1,kanglish,1-30,5,3900.0,3900.0,175500.0,1.0,300-549,2,False,insufficient_funds,0.46,0,0,rule_based
AC001787,L01,credit_card,salaried,T1,hinglish,1-30,12,2900.0,2900.0,121800.0,,300-549,2,False,technical,0.15,0,0,rule_based
AC001788,L01,pl_salaried,salaried,T1,english,31-60,54,15550.0,31100.0,450950.0,,550-649,3,False,insufficient_funds,,2,0,rule_based
AC001789,L01,pl_salaried,salaried,T1,kanglish,61-90,61,3700.0,11100.0,181300.0,10.0,300-549,2,True,insufficient_funds,0.81,3,2,rule_based
AC001790,L06,msme,self_employed,T3,kanglish,31-60,58,32950.0,65900.0,494250.0,,300-549,1,False,insufficient_funds,0.32,2,0,rule_based
AC001791,L02,two_wheeler,self_employed,T1,hinglish,X,0,4350.0,4350.0,200100.0,,700-749,1,False,insufficient_funds,0.45,0,0,rule_based
AC001792,L01,credit_card,self_employed,T3,english,90+,330,9750.0,107250.0,282750.0,,300-549,3,True,insufficient_funds,0.17,2,1,rule_based
AC001793,L05,msme,self_employed,T2,english,X,0,31850.0,31850.0,796250.0,,300-549,3,False,insufficient_funds,0.28,0,0,rule_based
AC001794,L03,pl_salaried,salaried,T1,kanglish,90+,173,5600.0,33600.0,134400.0,,300-549,2,False,insufficient_funds,0.63,6,3,rule_based
AC001795,L03,pl_salaried,salaried,T1,english,1-30,14,3750.0,3750.0,168750.0,,650-699,1,False,insufficient_funds,,0,0,rule_based
AC001796,L01,pl_salaried,salaried,T1,hinglish,90+,144,5900.0,29500.0,135700.0,,300-549,4,False,stop_payment,0.19,3,2,rule_based
AC001797,L03,consumer_durable,self_employed,T2,hinglish,90+,149,1750.0,8750.0,70000.0,,300-549,3,False,insufficient_funds,0.53,2,2,rule_based
AC001798,L04,mfi_jlg,self_employed,T1,kanglish,1-30,22,1700.0,1700.0,49300.0,,300-549,2,False,insufficient_funds,,0,0,rule_based
AC001799,L02,two_wheeler,daily_wage,T3,english,61-90,64,3400.0,10200.0,40800.0,,300-549,4,False,insufficient_funds,,1,1,rule_based
AC001800,L03,pl_salaried,salaried,T2,hinglish,X,0,3050.0,3050.0,118950.0,,700-749,0,False,insufficient_funds,0.63,0,0,rule_based
AC001801,L01,pl_salaried,salaried,T2,hinglish,X,0,10550.0,10550.0,84400.0,,550-649,2,True,insufficient_funds,,0,0,rule_based
AC001802,L06,mfi_jlg,self_employed,T2,hinglish,1-30,30,1800.0,1800.0,25200.0,,300-549,3,False,insufficient_funds,,0,0,random_contact_point
AC001803,L01,credit_card,salaried,T2,hinglish,31-60,39,9000.0,18000.0,216000.0,,550-649,2,False,insufficient_funds,0.67,0,0,rule_based
AC001804,L03,consumer_durable,self_employed,T3,hinglish,X,0,2750.0,2750.0,68750.0,,550-649,0,False,insufficient_funds,0.5,0,0,rule_based
AC001805,L04,mfi_jlg,self_employed,T2,hinglish,31-60,32,700.0,1400.0,24500.0,,300-549,5,False,insufficient_funds,0.02,3,2,rule_based
AC001806,L06,two_wheeler,salaried,T1,kanglish,90+,165,2800.0,16800.0,39200.0,10.0,300-549,3,False,insufficient_funds,,6,4,rule_based
AC001807,L04,mfi_jlg,daily_wage,T3,kanglish,90+,121,1350.0,6750.0,64800.0,,300-549,2,False,insufficient_funds,,4,1,rule_based
AC001808,L02,consumer_durable,daily_wage,T3,english,1-30,30,4000.0,4000.0,32000.0,,300-549,2,False,insufficient_funds,0.32,0,0,rule_based
AC001809,L06,two_wheeler,daily_wage,T3,hinglish,31-60,39,3500.0,7000.0,31500.0,,650-699,1,False,insufficient_funds,0.84,1,1,rule_based
AC001810,L06,mfi_jlg,self_employed,T3,kanglish,1-30,26,1200.0,1200.0,45600.0,,300-549,0,False,insufficient_funds,0.42,1,1,rule_based
AC001811,L02,consumer_durable,self_employed,T2,hinglish,1-30,25,2000.0,2000.0,36000.0,,300-549,1,False,insufficient_funds,,2,2,rule_based
AC001812,L03,pl_salaried,salaried,T2,hinglish,90+,174,10900.0,65400.0,239800.0,7.0,300-549,0,True,insufficient_funds,0.8,3,1,rule_based
AC001813,L03,consumer_durable,salaried,T2,hinglish,90+,196,3350.0,23450.0,147400.0,28.0,300-549,1,True,insufficient_funds,0.64,4,2,rule_based
AC001814,L01,pl_salaried,salaried,T2,hinglish,1-30,8,12850.0,12850.0,411200.0,,300-549,2,False,mandate_not_registered,0.73,0,0,rule_based
AC001815,L04,mfi_jlg,self_employed,T3,kanglish,1-30,21,2000.0,2000.0,44000.0,,550-649,2,False,mandate_not_registered,0.84,0,0,rule_based
AC001816,L05,msme,self_employed,T2,hinglish,1-30,21,18550.0,18550.0,371000.0,,300-549,2,False,insufficient_funds,0.03,1,0,rule_based
AC001817,L06,two_wheeler,daily_wage,T2,english,1-30,17,2850.0,2850.0,91200.0,,300-549,2,True,insufficient_funds,,1,0,rule_based
AC001818,L02,two_wheeler,salaried,T3,kanglish,X,0,3550.0,3550.0,152650.0,,550-649,0,False,insufficient_funds,0.49,0,0,rule_based
AC001819,L02,two_wheeler,self_employed,T1,hinglish,X,0,3400.0,3400.0,78200.0,,700-749,4,False,insufficient_funds,,0,0,rule_based
AC001820,L03,pl_salaried,salaried,T2,hinglish,1-30,23,8750.0,8750.0,218750.0,,550-649,1,False,insufficient_funds,0.6,1,0,rule_based
AC001821,L03,pl_salaried,salaried,T3,english,1-30,23,3050.0,3050.0,45750.0,,300-549,2,False,insufficient_funds,0.76,0,0,rule_based
AC001822,L03,pl_salaried,salaried,T1,kanglish,90+,154,13100.0,78600.0,445400.0,1.0,300-549,2,True,insufficient_funds,,1,1,rule_based
AC001823,L02,two_wheeler,self_employed,T1,hinglish,61-90,69,4250.0,12750.0,46750.0,,300-549,1,False,insufficient_funds,0.74,5,2,rule_based
AC001824,L02,two_wheeler,self_employed,T1,kanglish,31-60,47,2800.0,5600.0,117600.0,,300-549,2,True,technical,0.65,1,0,rule_based
AC001825,L03,pl_salaried,salaried,T1,kanglish,1-30,11,3800.0,3800.0,110200.0,10.0,650-699,1,False,insufficient_funds,0.61,0,0,rule_based
AC001826,L03,consumer_durable,daily_wage,T2,hinglish,90+,210,4050.0,28350.0,101250.0,,300-549,0,False,technical,1.0,2,0,rule_based
AC001827,L01,credit_card,salaried,T3,kanglish,1-30,16,1550.0,1550.0,21700.0,5.0,550-649,1,False,insufficient_funds,,0,0,rule_based
AC001828,L06,two_wheeler,salaried,T2,hinglish,90+,514,2700.0,32400.0,78300.0,5.0,300-549,1,False,insufficient_funds,,3,2,rule_based
AC001829,L01,credit_card,salaried,T2,english,X,0,1800.0,1800.0,16200.0,,550-649,1,False,insufficient_funds,,1,0,rule_based
AC001830,L03,pl_salaried,salaried,T1,kanglish,90+,296,16000.0,160000.0,896000.0,,300-549,6,False,insufficient_funds,1.0,4,1,rule_based
AC001831,L04,mfi_jlg,daily_wage,T3,hinglish,X,0,2150.0,2150.0,40850.0,,550-649,2,False,insufficient_funds,0.75,0,0,rule_based
AC001832,L02,two_wheeler,salaried,T2,english,61-90,63,3450.0,10350.0,162150.0,30.0,300-549,3,True,insufficient_funds,0.86,4,0,rule_based
AC001833,L03,pl_salaried,salaried,T3,hinglish,X,0,3350.0,3350.0,150750.0,,650-699,3,False,insufficient_funds,0.53,0,0,rule_based
AC001834,L03,consumer_durable,daily_wage,T1,kanglish,61-90,80,2300.0,6900.0,20700.0,,300-549,2,False,insufficient_funds,,0,0,rule_based
AC001835,L06,msme,self_employed,T3,english,31-60,56,11550.0,23100.0,358050.0,,300-549,2,False,technical,0.0,1,1,rule_based
AC001836,L04,mfi_jlg,self_employed,T2,hinglish,X,0,1350.0,1350.0,54000.0,,650-699,0,False,insufficient_funds,0.36,0,0,rule_based
AC001837,L05,msme,self_employed,T3,hinglish,61-90,66,36550.0,109650.0,694450.0,,300-549,1,False,stop_payment,0.29,2,2,rule_based
AC001838,L03,consumer_durable,self_employed,T2,hinglish,X,0,2350.0,2350.0,112800.0,,550-649,1,False,insufficient_funds,0.97,1,1,rule_based
AC001839,L01,credit_card,self_employed,T3,english,31-60,60,3550.0,7100.0,120700.0,,550-649,1,True,technical,0.79,1,0,rule_based
AC001840,L06,two_wheeler,salaried,T2,english,1-30,13,2350.0,2350.0,91650.0,30.0,550-649,4,True,insufficient_funds,0.37,0,0,rule_based
AC001841,L06,two_wheeler,self_employed,T1,hinglish,61-90,76,2800.0,8400.0,114800.0,,300-549,3,False,insufficient_funds,0.46,1,0,rule_based
AC001842,L03,pl_salaried,salaried,T3,hinglish,90+,110,10950.0,43800.0,164250.0,,300-549,2,False,insufficient_funds,,5,3,rule_based
AC001843,L03,pl_salaried,salaried,T1,kanglish,31-60,52,16400.0,32800.0,705200.0,30.0,550-649,3,False,insufficient_funds,0.34,1,0,rule_based
AC001844,L03,pl_salaried,salaried,T3,english,61-90,80,11600.0,34800.0,162400.0,5.0,550-649,0,False,insufficient_funds,1.0,0,0,rule_based
AC001845,L06,mfi_jlg,self_employed,T1,english,90+,107,2150.0,8600.0,109650.0,,300-549,2,False,stop_payment,1.0,3,3,rule_based
AC001846,L05,msme,self_employed,T3,hinglish,61-90,83,24050.0,72150.0,841750.0,,300-549,2,False,insufficient_funds,,3,2,rule_based
AC001847,L04,mfi_jlg,self_employed,T2,hinglish,1-30,12,700.0,700.0,22400.0,,300-549,4,True,insufficient_funds,,3,1,rule_based
AC001848,L01,credit_card,self_employed,T2,hinglish,31-60,57,2100.0,4200.0,98700.0,,300-549,2,False,insufficient_funds,0.2,2,0,rule_based
AC001849,L03,pl_salaried,salaried,T3,english,1-30,18,12150.0,12150.0,303750.0,1.0,300-549,4,False,insufficient_funds,0.52,0,0,rule_based
AC001850,L06,two_wheeler,self_employed,T2,hinglish,31-60,46,3100.0,6200.0,86800.0,,300-549,6,True,insufficient_funds,0.46,3,1,rule_based
AC001851,L02,two_wheeler,self_employed,T2,hinglish,1-30,10,3450.0,3450.0,120750.0,,300-549,5,True,insufficient_funds,0.41,0,0,rule_based
AC001852,L03,consumer_durable,salaried,T2,hinglish,61-90,80,2550.0,7650.0,45900.0,7.0,300-549,2,False,insufficient_funds,,1,1,rule_based
AC001853,L06,msme,self_employed,T2,hinglish,31-60,53,11200.0,22400.0,134400.0,,300-549,2,True,insufficient_funds,0.56,3,2,rule_based
AC001854,L03,consumer_durable,self_employed,T3,hinglish,31-60,37,3650.0,7300.0,178850.0,,300-549,2,False,insufficient_funds,0.39,4,1,rule_based
AC001855,L06,msme,self_employed,T1,kanglish,X,0,25100.0,25100.0,928700.0,,550-649,2,False,insufficient_funds,0.55,0,0,rule_based
AC001856,L03,consumer_durable,salaried,T1,kanglish,X,0,2500.0,2500.0,75000.0,,300-549,3,False,stop_payment,0.66,0,0,rule_based
AC001857,L02,two_wheeler,self_employed,T3,hinglish,61-90,77,2900.0,8700.0,58000.0,,300-549,1,False,insufficient_funds,0.43,1,1,rule_based
AC001858,L03,pl_salaried,salaried,T2,hinglish,31-60,49,13200.0,26400.0,541200.0,5.0,550-649,1,False,insufficient_funds,1.0,1,0,rule_based
AC001859,L03,pl_salaried,salaried,T3,hinglish,90+,130,4850.0,24250.0,184300.0,30.0,300-549,2,False,technical,0.61,5,2,rule_based
AC001860,L01,credit_card,self_employed,T3,kanglish,31-60,42,7100.0,14200.0,184600.0,,300-549,2,True,stop_payment,0.31,2,2,rule_based
AC001861,L01,pl_salaried,self_employed,T3,hinglish,1-30,10,13100.0,13100.0,340600.0,,550-649,1,False,insufficient_funds,,0,0,rule_based
AC001862,L03,pl_salaried,salaried,T2,hinglish,61-90,66,16200.0,48600.0,777600.0,,300-549,3,False,insufficient_funds,,2,1,rule_based
AC001863,L02,consumer_durable,daily_wage,T3,kanglish,61-90,72,2650.0,7950.0,50350.0,,300-549,3,True,insufficient_funds,0.0,1,1,rule_based
AC001864,L01,pl_salaried,self_employed,T1,kanglish,X,0,17600.0,17600.0,176000.0,,550-649,0,False,insufficient_funds,0.76,0,0,rule_based
AC001865,L03,consumer_durable,daily_wage,T1,english,61-90,64,1850.0,5550.0,75850.0,,300-549,0,False,insufficient_funds,0.53,3,2,rule_based
AC001866,L04,mfi_jlg,self_employed,T3,hinglish,1-30,9,1200.0,1200.0,19200.0,,550-649,1,False,insufficient_funds,0.52,0,0,rule_based
AC001867,L06,mfi_jlg,daily_wage,T3,kanglish,1-30,18,1850.0,1850.0,79550.0,,550-649,1,False,technical,0.63,2,1,rule_based
AC001868,L06,mfi_jlg,self_employed,T1,english,X,0,1250.0,1250.0,40000.0,,300-549,3,False,insufficient_funds,,0,0,rule_based
AC001869,L01,credit_card,salaried,T3,kanglish,31-60,60,1900.0,3800.0,58900.0,,300-549,1,True,insufficient_funds,0.51,0,0,random_contact_point
AC001870,L04,mfi_jlg,self_employed,T3,hinglish,61-90,81,2100.0,6300.0,39900.0,,300-549,2,False,insufficient_funds,0.28,2,2,rule_based
AC001871,L03,pl_salaried,salaried,T1,kanglish,1-30,21,9650.0,9650.0,405300.0,7.0,550-649,0,True,technical,0.49,1,1,rule_based
AC001872,L02,consumer_durable,self_employed,T1,hinglish,61-90,85,4150.0,12450.0,170150.0,,300-549,3,True,stop_payment,,0,0,rule_based
AC001873,L01,credit_card,salaried,T3,kanglish,61-90,61,9950.0,29850.0,437800.0,15.0,300-549,6,True,insufficient_funds,0.48,3,2,rule_based
AC001874,L01,pl_salaried,salaried,T1,kanglish,1-30,16,8150.0,8150.0,236350.0,28.0,550-649,2,False,insufficient_funds,0.78,1,0,rule_based
AC001875,L06,mfi_jlg,self_employed,T1,hinglish,X,0,1050.0,1050.0,17850.0,,300-549,4,False,mandate_not_registered,0.29,1,0,rule_based
AC001876,L06,mfi_jlg,self_employed,T2,hinglish,1-30,18,1900.0,1900.0,57000.0,,550-649,0,True,insufficient_funds,,0,0,rule_based
AC001877,L06,two_wheeler,salaried,T3,english,1-30,5,3650.0,3650.0,116800.0,1.0,550-649,1,True,insufficient_funds,,1,0,rule_based
AC001878,L04,mfi_jlg,self_employed,T3,kanglish,90+,241,1000.0,9000.0,23000.0,,550-649,0,False,insufficient_funds,,3,3,random_contact_point
AC001879,L03,pl_salaried,salaried,T3,hinglish,61-90,80,14300.0,42900.0,715000.0,30.0,300-549,0,True,insufficient_funds,0.75,0,0,rule_based
AC001880,L04,mfi_jlg,self_employed,T3,english,X,0,1000.0,1000.0,24000.0,,300-549,5,False,insufficient_funds,0.59,0,0,rule_based
AC001881,L01,pl_salaried,salaried,T3,hinglish,31-60,44,11150.0,22300.0,133800.0,,650-699,1,False,insufficient_funds,1.0,1,1,rule_based
AC001882,L03,pl_salaried,self_employed,T2,hinglish,1-30,14,6850.0,6850.0,267150.0,,700-749,1,False,insufficient_funds,0.67,0,0,rule_based
AC001883,L03,pl_salaried,salaried,T1,kanglish,X,0,5600.0,5600.0,190400.0,10.0,300-549,1,False,insufficient_funds,0.56,1,1,rule_based
AC001884,L01,credit_card,salaried,T2,hinglish,1-30,17,6700.0,6700.0,60300.0,30.0,650-699,1,True,insufficient_funds,0.7,1,0,rule_based
AC001885,L01,credit_card,self_employed,T2,hinglish,X,0,9150.0,9150.0,201300.0,,650-699,1,False,mandate_not_registered,,0,0,rule_based
AC001886,L06,two_wheeler,salaried,T1,english,1-30,8,4500.0,4500.0,49500.0,10.0,550-649,1,False,insufficient_funds,,1,0,rule_based
AC001887,L01,pl_salaried,salaried,T2,hinglish,1-30,5,5550.0,5550.0,127650.0,,550-649,0,False,insufficient_funds,0.79,1,1,rule_based
AC001888,L03,pl_salaried,salaried,T1,kanglish,1-30,4,9900.0,9900.0,89100.0,,300-549,0,False,technical,0.31,2,0,rule_based
AC001889,L02,two_wheeler,self_employed,T1,kanglish,31-60,35,3600.0,7200.0,36000.0,,300-549,2,True,insufficient_funds,,4,2,rule_based
AC001890,L01,pl_salaried,salaried,T2,hinglish,31-60,31,5550.0,11100.0,233100.0,,300-549,1,False,insufficient_funds,,1,1,rule_based
AC001891,L06,mfi_jlg,self_employed,T1,hinglish,1-30,22,1350.0,1350.0,24300.0,,300-549,4,False,insufficient_funds,0.45,2,2,rule_based
AC001892,L03,consumer_durable,salaried,T1,english,31-60,35,3900.0,7800.0,148200.0,,300-549,3,False,insufficient_funds,,1,1,random_contact_point
AC001893,L02,two_wheeler,self_employed,T3,english,1-30,21,2950.0,2950.0,123900.0,,550-649,2,False,mandate_not_registered,0.72,1,0,rule_based
AC001894,L03,consumer_durable,salaried,T3,kanglish,90+,208,3000.0,21000.0,123000.0,1.0,300-549,3,False,insufficient_funds,,0,0,rule_based
AC001895,L03,pl_salaried,salaried,T2,hinglish,X,0,3300.0,3300.0,29700.0,,550-649,2,False,insufficient_funds,0.31,1,1,rule_based
AC001896,L03,pl_salaried,salaried,T1,kanglish,31-60,55,3800.0,7600.0,159600.0,,300-549,1,True,insufficient_funds,0.58,2,1,rule_based
AC001897,L06,mfi_jlg,self_employed,T2,hinglish,1-30,1,2100.0,2100.0,39900.0,,300-549,3,False,insufficient_funds,0.15,0,0,rule_based
AC001898,L04,mfi_jlg,daily_wage,T3,kanglish,1-30,6,1600.0,1600.0,56000.0,,300-549,4,False,insufficient_funds,0.21,0,0,random_contact_point
AC001899,L06,msme,self_employed,T1,english,31-60,49,29600.0,59200.0,1450400.0,,650-699,0,False,insufficient_funds,0.68,2,0,rule_based
AC001900,L01,pl_salaried,salaried,T1,kanglish,61-90,75,16950.0,50850.0,186450.0,,300-549,1,False,insufficient_funds,0.45,2,1,rule_based
AC001901,L04,mfi_jlg,self_employed,T2,hinglish,90+,128,1650.0,8250.0,28050.0,,300-549,1,False,insufficient_funds,0.25,5,2,rule_based
AC001902,L01,credit_card,self_employed,T2,hinglish,31-60,35,9400.0,18800.0,404200.0,,550-649,1,False,insufficient_funds,0.9,1,1,rule_based
AC001903,L01,credit_card,self_employed,T1,kanglish,1-30,16,6800.0,6800.0,265200.0,,300-549,4,False,stop_payment,0.67,0,0,rule_based
AC001904,L01,pl_salaried,salaried,T1,english,61-90,67,4100.0,12300.0,196800.0,1.0,300-549,4,False,insufficient_funds,0.74,2,0,rule_based
AC001905,L03,consumer_durable,daily_wage,T2,hinglish,1-30,2,4100.0,4100.0,196800.0,,300-549,1,False,insufficient_funds,0.45,1,1,rule_based
AC001906,L01,pl_salaried,salaried,T2,hinglish,31-60,50,4100.0,8200.0,41000.0,7.0,550-649,1,True,stop_payment,0.8,3,2,rule_based
AC001907,L06,msme,self_employed,T2,hinglish,90+,160,18250.0,109500.0,894250.0,,300-549,4,False,insufficient_funds,0.61,1,0,rule_based
AC001908,L06,mfi_jlg,self_employed,T3,hinglish,1-30,13,700.0,700.0,10500.0,,550-649,1,False,insufficient_funds,0.26,1,0,rule_based
AC001909,L06,mfi_jlg,daily_wage,T1,hinglish,31-60,34,800.0,1600.0,34400.0,,300-549,0,False,insufficient_funds,0.6,4,2,rule_based
AC001910,L06,mfi_jlg,self_employed,T3,english,X,0,800.0,800.0,26400.0,,650-699,0,False,insufficient_funds,0.41,1,1,rule_based
AC001911,L06,msme,self_employed,T2,hinglish,X,0,8300.0,8300.0,398400.0,,550-649,2,False,insufficient_funds,,0,0,rule_based
AC001912,L01,pl_salaried,salaried,T3,kanglish,90+,374,9750.0,117000.0,575250.0,10.0,300-549,2,True,mandate_not_registered,0.4,3,1,rule_based
AC001913,L01,pl_salaried,salaried,T3,kanglish,1-30,12,6700.0,6700.0,120600.0,7.0,550-649,2,False,insufficient_funds,0.62,1,0,random_contact_point
AC001914,L06,two_wheeler,self_employed,T2,hinglish,1-30,7,2350.0,2350.0,65800.0,,300-549,4,False,insufficient_funds,,1,1,random_contact_point
AC001915,L01,credit_card,salaried,T2,hinglish,31-60,37,11200.0,22400.0,537600.0,30.0,300-549,8,True,insufficient_funds,0.3,2,0,rule_based
AC001916,L03,pl_salaried,salaried,T2,hinglish,1-30,5,17450.0,17450.0,680550.0,1.0,550-649,3,False,insufficient_funds,0.38,2,1,rule_based
AC001917,L03,pl_salaried,salaried,T3,hinglish,X,0,16650.0,16650.0,482850.0,,550-649,3,True,technical,0.71,0,0,rule_based
AC001918,L01,credit_card,self_employed,T1,kanglish,1-30,22,11900.0,11900.0,428400.0,,300-549,3,False,insufficient_funds,,1,0,random_contact_point
AC001919,L01,pl_salaried,salaried,T2,hinglish,31-60,58,9050.0,18100.0,108600.0,,300-549,1,False,insufficient_funds,0.48,1,1,rule_based
AC001920,L01,pl_salaried,salaried,T3,hinglish,1-30,2,9750.0,9750.0,360750.0,5.0,700-749,2,False,insufficient_funds,0.67,1,0,rule_based
AC001921,L03,consumer_durable,daily_wage,T2,hinglish,61-90,81,3250.0,9750.0,146250.0,,300-549,3,True,insufficient_funds,0.44,1,1,rule_based
AC001922,L01,credit_card,self_employed,T1,english,1-30,16,5250.0,5250.0,131250.0,,300-549,6,False,technical,,0,0,rule_based
AC001923,L02,consumer_durable,self_employed,T3,hinglish,90+,234,4100.0,32800.0,77900.0,,300-549,3,False,insufficient_funds,0.27,2,0,rule_based
AC001924,L03,consumer_durable,daily_wage,T3,english,1-30,27,1700.0,1700.0,18700.0,,300-549,2,False,technical,,0,0,rule_based
AC001925,L01,pl_salaried,salaried,T2,english,1-30,9,8650.0,8650.0,121100.0,,550-649,3,False,technical,,1,1,rule_based
AC001926,L04,mfi_jlg,daily_wage,T2,hinglish,90+,122,1950.0,9750.0,68250.0,,300-549,4,False,insufficient_funds,,4,2,rule_based
AC001927,L06,two_wheeler,salaried,T1,hinglish,90+,129,2550.0,12750.0,28050.0,,300-549,1,True,insufficient_funds,0.59,1,1,rule_based
AC001928,L06,mfi_jlg,self_employed,T2,hinglish,1-30,15,1050.0,1050.0,50400.0,,650-699,2,True,insufficient_funds,0.92,0,0,rule_based
AC001929,L03,pl_salaried,salaried,T3,kanglish,1-30,8,3550.0,3550.0,78100.0,10.0,550-649,0,True,insufficient_funds,0.3,2,1,random_contact_point
AC001930,L01,pl_salaried,salaried,T1,english,90+,207,7400.0,51800.0,244200.0,1.0,300-549,1,False,insufficient_funds,0.59,7,6,rule_based
AC001931,L01,pl_salaried,salaried,T1,kanglish,X,0,4850.0,4850.0,116400.0,,700-749,1,False,insufficient_funds,0.58,1,0,rule_based
AC001932,L02,two_wheeler,salaried,T3,english,1-30,4,3650.0,3650.0,131400.0,,550-649,0,True,insufficient_funds,,1,0,rule_based
AC001933,L02,consumer_durable,salaried,T2,hinglish,31-60,60,1900.0,3800.0,34200.0,,550-649,1,False,mandate_not_registered,0.7,1,0,rule_based
AC001934,L04,mfi_jlg,daily_wage,T3,english,90+,359,1200.0,14400.0,64800.0,,300-549,3,True,insufficient_funds,,1,1,rule_based
AC001935,L04,mfi_jlg,daily_wage,T2,english,31-60,53,1600.0,3200.0,67200.0,,300-549,1,False,insufficient_funds,0.46,1,0,rule_based
AC001936,L02,consumer_durable,daily_wage,T1,kanglish,31-60,46,3850.0,7700.0,150150.0,,550-649,3,False,insufficient_funds,,0,0,rule_based
AC001937,L06,mfi_jlg,self_employed,T3,english,90+,180,1600.0,9600.0,78400.0,,300-549,3,False,insufficient_funds,,6,1,random_contact_point
AC001938,L01,pl_salaried,salaried,T1,kanglish,X,0,4550.0,4550.0,172900.0,1.0,700-749,1,False,insufficient_funds,0.99,0,0,rule_based
AC001939,L05,msme,self_employed,T3,hinglish,61-90,68,27900.0,83700.0,585900.0,,300-549,5,False,insufficient_funds,0.29,3,2,rule_based
AC001940,L01,credit_card,salaried,T1,kanglish,X,0,2800.0,2800.0,98000.0,5.0,550-649,2,False,insufficient_funds,0.36,1,1,rule_based
AC001941,L01,pl_salaried,salaried,T3,hinglish,61-90,69,11400.0,34200.0,342000.0,15.0,300-549,0,False,insufficient_funds,0.22,1,1,rule_based
AC001942,L06,two_wheeler,daily_wage,T1,english,31-60,48,4000.0,8000.0,144000.0,,300-549,2,False,insufficient_funds,0.19,0,0,rule_based
AC001943,L03,consumer_durable,salaried,T3,kanglish,1-30,20,2450.0,2450.0,112700.0,,300-549,2,False,insufficient_funds,,2,1,rule_based
AC001944,L03,pl_salaried,salaried,T3,kanglish,31-60,51,4500.0,9000.0,49500.0,15.0,300-549,3,False,insufficient_funds,,1,1,rule_based
AC001945,L02,two_wheeler,salaried,T1,kanglish,90+,100,2350.0,9400.0,39950.0,,300-549,2,False,insufficient_funds,,1,0,rule_based
AC001946,L01,pl_salaried,salaried,T2,hinglish,31-60,58,4550.0,9100.0,213850.0,1.0,300-549,1,False,technical,,0,0,rule_based
AC001947,L03,pl_salaried,salaried,T3,english,X,0,10200.0,10200.0,163200.0,7.0,650-699,2,True,insufficient_funds,0.27,0,0,rule_based
AC001948,L03,pl_salaried,salaried,T3,english,X,0,9650.0,9650.0,260550.0,1.0,650-699,2,True,insufficient_funds,,1,0,rule_based
AC001949,L06,mfi_jlg,self_employed,T2,hinglish,31-60,45,1300.0,2600.0,29900.0,,300-549,0,True,insufficient_funds,,2,0,rule_based
AC001950,L05,msme,self_employed,T3,hinglish,61-90,67,9300.0,27900.0,399900.0,,300-549,3,False,insufficient_funds,0.42,4,1,rule_based
AC001951,L03,pl_salaried,salaried,T3,kanglish,1-30,12,5050.0,5050.0,85850.0,,300-549,1,False,stop_payment,,1,1,rule_based
AC001952,L01,credit_card,salaried,T3,kanglish,1-30,19,5300.0,5300.0,68900.0,,300-549,3,True,stop_payment,,0,0,rule_based
AC001953,L01,pl_salaried,salaried,T2,hinglish,61-90,85,3050.0,9150.0,30500.0,,300-549,0,True,stop_payment,,3,2,rule_based
AC001954,L03,pl_salaried,salaried,T2,hinglish,1-30,8,5900.0,5900.0,118000.0,,550-649,1,False,insufficient_funds,,0,0,rule_based
AC001955,L06,two_wheeler,salaried,T3,english,X,0,2700.0,2700.0,118800.0,,550-649,1,False,insufficient_funds,0.39,0,0,rule_based
AC001956,L06,mfi_jlg,daily_wage,T3,english,1-30,3,700.0,700.0,29400.0,,300-549,1,False,insufficient_funds,0.39,0,0,rule_based
AC001957,L06,mfi_jlg,daily_wage,T1,kanglish,31-60,43,1350.0,2700.0,13500.0,,300-549,0,False,insufficient_funds,0.33,1,1,rule_based
AC001958,L01,credit_card,salaried,T2,hinglish,90+,192,3850.0,26950.0,207900.0,,300-549,2,True,insufficient_funds,0.51,6,2,rule_based
AC001959,L06,two_wheeler,self_employed,T3,kanglish,31-60,41,3050.0,6100.0,70150.0,,300-549,0,False,insufficient_funds,,2,1,rule_based
AC001960,L01,pl_salaried,salaried,T2,hinglish,1-30,17,6550.0,6550.0,78600.0,,550-649,3,True,insufficient_funds,1.0,2,1,rule_based
AC001961,L03,pl_salaried,salaried,T2,english,90+,414,15000.0,180000.0,330000.0,,300-549,3,False,insufficient_funds,0.54,3,2,rule_based
AC001962,L02,consumer_durable,salaried,T1,english,1-30,16,2300.0,2300.0,43700.0,30.0,550-649,0,True,technical,0.93,1,1,rule_based
AC001963,L04,mfi_jlg,self_employed,T1,kanglish,90+,206,1800.0,12600.0,48600.0,,300-549,2,True,insufficient_funds,0.42,4,2,rule_based
AC001964,L03,consumer_durable,salaried,T1,english,1-30,13,3450.0,3450.0,113850.0,5.0,300-549,2,False,insufficient_funds,,0,0,rule_based
AC001965,L02,consumer_durable,salaried,T2,hinglish,90+,106,3100.0,12400.0,43400.0,,300-549,0,False,insufficient_funds,,4,4,rule_based
AC001966,L06,mfi_jlg,daily_wage,T2,hinglish,90+,123,1050.0,5250.0,33600.0,,300-549,2,False,stop_payment,0.58,3,3,rule_based
AC001967,L03,consumer_durable,salaried,T3,hinglish,90+,216,2250.0,18000.0,40500.0,,550-649,1,False,insufficient_funds,0.71,3,2,rule_based
AC001968,L01,credit_card,salaried,T1,english,X,0,7100.0,7100.0,234300.0,10.0,650-699,1,True,insufficient_funds,0.63,0,0,rule_based
AC001969,L03,pl_salaried,salaried,T1,english,90+,295,16750.0,167500.0,703500.0,5.0,300-549,1,False,technical,0.43,7,6,rule_based
AC001970,L01,pl_salaried,salaried,T3,hinglish,61-90,86,9100.0,27300.0,336700.0,10.0,300-549,0,False,technical,0.34,0,0,rule_based
AC001971,L03,pl_salaried,salaried,T1,kanglish,1-30,4,9100.0,9100.0,227500.0,1.0,650-699,3,False,insufficient_funds,0.61,1,1,rule_based
AC001972,L03,pl_salaried,salaried,T3,english,31-60,33,13700.0,27400.0,342500.0,28.0,550-649,3,False,insufficient_funds,0.38,2,1,rule_based
AC001973,L01,credit_card,salaried,T2,hinglish,31-60,46,5450.0,10900.0,103550.0,10.0,300-549,1,False,insufficient_funds,,5,2,rule_based
AC001974,L06,mfi_jlg,self_employed,T3,english,90+,247,1750.0,15750.0,92750.0,,300-549,1,False,insufficient_funds,0.25,6,4,rule_based
AC001975,L06,msme,self_employed,T3,english,61-90,70,21850.0,65550.0,1070650.0,,300-549,1,True,stop_payment,0.7,2,0,rule_based
AC001976,L02,two_wheeler,self_employed,T3,hinglish,1-30,12,3050.0,3050.0,33550.0,,300-549,2,True,insufficient_funds,0.0,0,0,rule_based
AC001977,L03,pl_salaried,salaried,T2,hinglish,31-60,51,12400.0,24800.0,595200.0,30.0,300-549,2,True,insufficient_funds,0.6,4,2,rule_based
AC001978,L04,mfi_jlg,daily_wage,T1,kanglish,1-30,15,700.0,700.0,21000.0,,300-549,1,False,insufficient_funds,,3,1,rule_based
AC001979,L01,credit_card,salaried,T3,hinglish,1-30,29,6550.0,6550.0,209600.0,,300-549,3,False,insufficient_funds,0.55,2,1,rule_based
AC001980,L01,pl_salaried,salaried,T1,kanglish,61-90,64,5750.0,17250.0,212750.0,25.0,300-549,1,False,insufficient_funds,0.59,4,1,rule_based
AC001981,L01,credit_card,self_employed,T2,hinglish,31-60,45,9500.0,19000.0,152000.0,,550-649,1,False,insufficient_funds,0.55,0,0,rule_based
AC001982,L01,credit_card,self_employed,T2,hinglish,61-90,67,4400.0,13200.0,211200.0,,300-549,0,True,insufficient_funds,0.95,4,2,rule_based
AC001983,L03,pl_salaried,salaried,T3,hinglish,31-60,51,4600.0,9200.0,216200.0,25.0,300-549,6,False,insufficient_funds,,1,0,rule_based
AC001984,L05,msme,self_employed,T3,hinglish,1-30,6,34400.0,34400.0,825600.0,,650-699,2,False,insufficient_funds,,0,0,rule_based
AC001985,L06,mfi_jlg,self_employed,T3,english,61-90,83,2050.0,6150.0,49200.0,,300-549,2,False,insufficient_funds,,1,0,rule_based
AC001986,L04,mfi_jlg,daily_wage,T1,hinglish,X,0,2150.0,2150.0,94600.0,,300-549,2,False,insufficient_funds,0.43,0,0,rule_based
AC001987,L01,pl_salaried,salaried,T3,english,90+,212,9550.0,76400.0,324700.0,10.0,300-549,2,False,insufficient_funds,,3,3,rule_based
AC001988,L06,msme,self_employed,T3,english,90+,129,39950.0,199750.0,878900.0,,300-549,1,False,insufficient_funds,0.0,2,0,rule_based
AC001989,L04,mfi_jlg,self_employed,T2,hinglish,90+,105,700.0,2800.0,28000.0,,300-549,3,True,insufficient_funds,0.72,1,0,rule_based
AC001990,L01,pl_salaried,salaried,T1,english,90+,140,11450.0,57250.0,125950.0,,300-549,0,False,insufficient_funds,0.89,5,2,rule_based
AC001991,L06,mfi_jlg,daily_wage,T2,hinglish,31-60,48,1400.0,2800.0,54600.0,,300-549,5,False,insufficient_funds,,3,2,rule_based
AC001992,L06,two_wheeler,daily_wage,T1,english,31-60,54,4700.0,9400.0,164500.0,,300-549,4,False,insufficient_funds,0.46,1,0,rule_based
AC001993,L02,two_wheeler,daily_wage,T2,hinglish,90+,406,2750.0,33000.0,101750.0,,300-549,2,True,insufficient_funds,0.73,6,2,rule_based
AC001994,L03,pl_salaried,salaried,T1,kanglish,1-30,5,5100.0,5100.0,153000.0,15.0,300-549,4,True,insufficient_funds,0.41,1,1,rule_based
AC001995,L02,two_wheeler,self_employed,T2,hinglish,90+,161,2350.0,14100.0,79900.0,,300-549,3,False,insufficient_funds,0.38,5,2,rule_based
AC001996,L01,pl_salaried,self_employed,T2,hinglish,1-30,10,7400.0,7400.0,125800.0,,550-649,2,False,insufficient_funds,0.39,0,0,rule_based
AC001997,L03,pl_salaried,salaried,T2,hinglish,90+,184,7600.0,53200.0,402800.0,,300-549,2,False,insufficient_funds,,7,4,rule_based
AC001998,L01,pl_salaried,salaried,T3,english,31-60,31,6900.0,13800.0,200100.0,,300-549,6,False,insufficient_funds,0.22,2,0,rule_based
AC001999,L03,consumer_durable,self_employed,T1,hinglish,90+,401,2400.0,28800.0,91200.0,,300-549,0,True,insufficient_funds,0.84,2,2,rule_based
AC002000,L01,credit_card,self_employed,T2,hinglish,31-60,44,7150.0,14300.0,235950.0,,300-549,1,False,stop_payment,0.54,1,1,rule_based
AC002001,L01,credit_card,salaried,T3,kanglish,31-60,34,5000.0,10000.0,185000.0,1.0,550-649,0,False,insufficient_funds,0.69,1,0,rule_based
AC002002,L01,credit_card,salaried,T2,hinglish,90+,212,9750.0,78000.0,321750.0,,300-549,1,True,insufficient_funds,0.92,1,1,rule_based
AC002003,L03,consumer_durable,salaried,T2,hinglish,1-30,14,2450.0,2450.0,36750.0,1.0,300-549,5,False,insufficient_funds,0.34,1,1,rule_based
AC002004,L06,two_wheeler,salaried,T3,english,1-30,24,3100.0,3100.0,74400.0,,650-699,5,True,stop_payment,,0,0,rule_based
AC002005,L02,consumer_durable,self_employed,T2,hinglish,X,0,1600.0,1600.0,52800.0,,650-699,1,False,insufficient_funds,0.61,0,0,rule_based
AC002006,L01,credit_card,salaried,T3,english,31-60,51,8200.0,16400.0,147600.0,7.0,300-549,1,True,insufficient_funds,,1,1,rule_based
AC002007,L01,pl_salaried,salaried,T3,kanglish,31-60,31,9900.0,19800.0,148500.0,30.0,650-699,2,True,insufficient_funds,0.59,1,1,random_contact_point
AC002008,L02,two_wheeler,self_employed,T1,kanglish,31-60,36,2550.0,5100.0,35700.0,,300-549,0,True,insufficient_funds,0.63,1,0,rule_based
AC002009,L01,credit_card,self_employed,T3,hinglish,X,0,1600.0,1600.0,35200.0,,750-900,2,False,insufficient_funds,0.68,0,0,rule_based
AC002010,L05,msme,self_employed,T2,hinglish,X,0,19850.0,19850.0,774150.0,,550-649,1,False,insufficient_funds,0.0,0,0,rule_based
AC002011,L05,msme,self_employed,T3,english,90+,286,8650.0,86500.0,294100.0,,300-549,3,True,insufficient_funds,,2,1,rule_based
AC002012,L06,two_wheeler,daily_wage,T2,english,61-90,73,2550.0,7650.0,53550.0,,300-549,3,False,insufficient_funds,0.21,5,2,rule_based
AC002013,L03,consumer_durable,salaried,T3,english,X,0,1900.0,1900.0,66500.0,5.0,650-699,1,False,insufficient_funds,0.47,1,1,rule_based
AC002014,L06,two_wheeler,salaried,T2,hinglish,X,0,3250.0,3250.0,130000.0,1.0,550-649,0,False,insufficient_funds,0.39,0,0,rule_based
AC002015,L01,pl_salaried,salaried,T2,hinglish,1-30,10,12800.0,12800.0,128000.0,5.0,650-699,1,False,insufficient_funds,0.87,0,0,rule_based
AC002016,L06,two_wheeler,daily_wage,T3,english,61-90,69,3000.0,9000.0,144000.0,,300-549,2,False,insufficient_funds,0.2,5,4,rule_based
AC002017,L03,pl_salaried,salaried,T3,english,61-90,69,10650.0,31950.0,138450.0,10.0,300-549,0,False,insufficient_funds,0.54,0,0,rule_based
AC002018,L05,msme,self_employed,T1,kanglish,31-60,53,23750.0,47500.0,902500.0,,300-549,4,False,technical,0.3,1,0,rule_based
AC002019,L03,pl_salaried,salaried,T1,kanglish,31-60,47,6000.0,12000.0,60000.0,,300-549,2,False,insufficient_funds,0.79,1,0,rule_based
AC002020,L01,credit_card,salaried,T3,hinglish,90+,317,8450.0,92950.0,245050.0,,300-549,0,False,mandate_not_registered,0.38,3,1,rule_based
AC002021,L02,two_wheeler,self_employed,T2,hinglish,1-30,17,2450.0,2450.0,56350.0,,650-699,1,False,insufficient_funds,0.37,0,0,rule_based
AC002022,L01,pl_salaried,salaried,T1,hinglish,1-30,7,4550.0,4550.0,68250.0,,550-649,2,False,insufficient_funds,0.79,1,1,rule_based
AC002023,L03,pl_salaried,salaried,T2,hinglish,1-30,11,15350.0,15350.0,230250.0,7.0,300-549,7,False,insufficient_funds,,0,0,rule_based
AC002024,L04,mfi_jlg,self_employed,T3,hinglish,90+,157,1300.0,7800.0,35100.0,,300-549,1,False,technical,0.03,2,2,rule_based
AC002025,L01,pl_salaried,salaried,T3,english,31-60,48,10200.0,20400.0,408000.0,,300-549,3,False,insufficient_funds,0.52,3,1,rule_based
AC002026,L02,two_wheeler,salaried,T1,english,31-60,48,3750.0,7500.0,105000.0,10.0,300-549,2,False,technical,,2,2,rule_based
AC002027,L01,credit_card,self_employed,T3,kanglish,61-90,62,3300.0,9900.0,141900.0,,550-649,1,False,technical,,1,1,rule_based
AC002028,L03,pl_salaried,salaried,T2,hinglish,1-30,21,3950.0,3950.0,158000.0,1.0,300-549,1,False,insufficient_funds,0.22,0,0,rule_based
AC002029,L01,pl_salaried,salaried,T2,hinglish,1-30,13,6850.0,6850.0,116450.0,25.0,550-649,0,False,insufficient_funds,0.87,1,1,rule_based
AC002030,L06,mfi_jlg,daily_wage,T3,english,31-60,52,1950.0,3900.0,50700.0,,300-549,1,False,insufficient_funds,0.68,1,0,rule_based
AC002031,L02,consumer_durable,self_employed,T1,hinglish,90+,115,2800.0,11200.0,98000.0,,300-549,1,True,technical,0.42,3,2,rule_based
AC002032,L03,pl_salaried,self_employed,T2,hinglish,1-30,5,15050.0,15050.0,270900.0,,550-649,1,False,technical,0.85,3,2,random_contact_point
AC002033,L02,consumer_durable,salaried,T1,english,31-60,45,3550.0,7100.0,99400.0,,300-549,1,False,insufficient_funds,,1,1,rule_based
AC002034,L02,two_wheeler,self_employed,T1,hinglish,90+,123,3500.0,17500.0,80500.0,,300-549,1,True,technical,,3,1,rule_based
AC002035,L06,mfi_jlg,daily_wage,T2,hinglish,61-90,86,1500.0,4500.0,25500.0,,300-549,2,False,insufficient_funds,0.0,1,1,rule_based
AC002036,L06,mfi_jlg,daily_wage,T3,hinglish,31-60,35,1600.0,3200.0,17600.0,,300-549,3,False,technical,,1,0,rule_based
AC002037,L06,mfi_jlg,daily_wage,T2,hinglish,1-30,15,1000.0,1000.0,33000.0,,650-699,3,True,insufficient_funds,0.46,1,0,rule_based
AC002038,L06,msme,self_employed,T3,english,1-30,13,16850.0,16850.0,454950.0,,650-699,1,True,insufficient_funds,0.52,0,0,rule_based
AC002039,L06,two_wheeler,self_employed,T1,english,1-30,11,2400.0,2400.0,88800.0,,650-699,1,True,insufficient_funds,,0,0,rule_based
AC002040,L02,two_wheeler,salaried,T3,english,1-30,16,4450.0,4450.0,40050.0,5.0,550-649,3,True,insufficient_funds,0.36,0,0,rule_based
AC002041,L01,credit_card,salaried,T2,hinglish,61-90,74,9100.0,27300.0,400400.0,,550-649,2,True,insufficient_funds,0.81,4,1,rule_based
AC002042,L01,pl_salaried,salaried,T3,hinglish,61-90,83,14300.0,42900.0,700700.0,,550-649,2,False,technical,1.0,4,0,rule_based
AC002043,L06,mfi_jlg,daily_wage,T1,english,90+,225,800.0,6400.0,20800.0,,300-549,0,False,insufficient_funds,0.7,4,2,rule_based
AC002044,L01,pl_salaried,salaried,T2,hinglish,1-30,7,16150.0,16150.0,759050.0,7.0,300-549,2,False,insufficient_funds,,0,0,rule_based
AC002045,L03,pl_salaried,salaried,T1,kanglish,1-30,30,12050.0,12050.0,156650.0,,550-649,4,False,insufficient_funds,0.23,2,1,rule_based
AC002046,L03,pl_salaried,salaried,T1,english,61-90,88,9350.0,28050.0,289850.0,25.0,300-549,1,True,insufficient_funds,0.9,1,1,rule_based
AC002047,L01,pl_salaried,salaried,T2,hinglish,1-30,14,9400.0,9400.0,432400.0,30.0,300-549,1,False,insufficient_funds,,2,1,rule_based
AC002048,L04,mfi_jlg,daily_wage,T3,english,X,0,1750.0,1750.0,43750.0,,550-649,1,False,insufficient_funds,0.29,0,0,rule_based
AC002049,L06,mfi_jlg,self_employed,T1,english,1-30,21,1650.0,1650.0,75900.0,,300-549,1,False,insufficient_funds,,0,0,rule_based
AC002050,L06,two_wheeler,salaried,T3,english,1-30,27,2950.0,2950.0,44250.0,25.0,300-549,3,False,insufficient_funds,0.45,1,1,rule_based
AC002051,L03,pl_salaried,salaried,T3,hinglish,X,0,5900.0,5900.0,112100.0,,700-749,0,False,insufficient_funds,0.92,0,0,rule_based
AC002052,L02,two_wheeler,self_employed,T2,hinglish,1-30,27,4700.0,4700.0,159800.0,,300-549,5,False,technical,,2,0,rule_based
AC002053,L01,credit_card,salaried,T3,kanglish,90+,113,7450.0,29800.0,89400.0,10.0,300-549,2,False,insufficient_funds,,3,2,rule_based
AC002054,L06,mfi_jlg,daily_wage,T2,hinglish,X,0,1950.0,1950.0,33150.0,,300-549,1,False,insufficient_funds,0.01,1,0,rule_based
AC002055,L02,two_wheeler,salaried,T3,hinglish,31-60,49,4600.0,9200.0,170200.0,28.0,300-549,1,True,stop_payment,0.92,1,1,rule_based
AC002056,L06,two_wheeler,salaried,T3,english,31-60,35,3350.0,6700.0,43550.0,10.0,550-649,2,False,mandate_not_registered,0.62,1,0,rule_based
AC002057,L06,two_wheeler,self_employed,T3,english,31-60,47,2800.0,5600.0,64400.0,,300-549,0,True,insufficient_funds,1.0,2,2,rule_based
AC002058,L03,consumer_durable,self_employed,T2,hinglish,31-60,32,2450.0,4900.0,75950.0,,300-549,3,True,insufficient_funds,0.74,2,2,rule_based
AC002059,L04,mfi_jlg,daily_wage,T3,hinglish,X,0,1950.0,1950.0,74100.0,,550-649,3,False,insufficient_funds,0.08,0,0,rule_based
AC002060,L06,two_wheeler,self_employed,T3,english,X,0,4350.0,4350.0,121800.0,,750-900,0,False,insufficient_funds,0.67,0,0,rule_based
AC002061,L02,two_wheeler,self_employed,T1,kanglish,31-60,34,3150.0,6300.0,34650.0,,300-549,0,False,technical,,5,4,rule_based
AC002062,L03,pl_salaried,salaried,T2,hinglish,90+,150,12750.0,63750.0,446250.0,,300-549,1,False,technical,0.83,0,0,rule_based
AC002063,L02,consumer_durable,salaried,T3,english,1-30,21,2350.0,2350.0,61100.0,,550-649,2,False,insufficient_funds,0.71,0,0,rule_based
AC002064,L01,credit_card,self_employed,T2,english,31-60,59,5700.0,11400.0,136800.0,,300-549,1,False,insufficient_funds,,1,1,rule_based
AC002065,L01,pl_salaried,salaried,T2,english,90+,165,11800.0,70800.0,295000.0,7.0,300-549,0,False,insufficient_funds,0.22,1,1,rule_based
AC002066,L03,consumer_durable,salaried,T3,hinglish,61-90,83,3150.0,9450.0,135450.0,10.0,300-549,3,False,insufficient_funds,0.51,1,1,rule_based
AC002067,L06,mfi_jlg,self_employed,T3,kanglish,61-90,70,1650.0,4950.0,57750.0,,300-549,3,False,insufficient_funds,0.25,3,1,random_contact_point
AC002068,L01,pl_salaried,salaried,T1,kanglish,31-60,42,5300.0,10600.0,47700.0,25.0,300-549,1,False,insufficient_funds,0.41,1,1,rule_based
AC002069,L03,pl_salaried,salaried,T2,hinglish,90+,242,16300.0,146700.0,717200.0,1.0,300-549,0,False,insufficient_funds,0.62,1,1,rule_based
AC002070,L03,pl_salaried,salaried,T2,hinglish,31-60,52,8550.0,17100.0,171000.0,1.0,550-649,2,False,insufficient_funds,,2,0,rule_based
AC002071,L06,two_wheeler,daily_wage,T1,kanglish,31-60,38,2650.0,5300.0,124550.0,,550-649,1,False,insufficient_funds,,0,0,rule_based
AC002072,L03,pl_salaried,salaried,T1,kanglish,61-90,72,3750.0,11250.0,101250.0,15.0,300-549,2,False,insufficient_funds,0.11,2,1,rule_based
AC002073,L02,consumer_durable,salaried,T3,kanglish,1-30,1,1650.0,1650.0,34650.0,,550-649,1,False,insufficient_funds,,0,0,rule_based
AC002074,L03,consumer_durable,salaried,T3,english,90+,367,2350.0,28200.0,54050.0,7.0,300-549,0,False,stop_payment,,1,1,rule_based
AC002075,L06,two_wheeler,daily_wage,T3,kanglish,90+,321,3650.0,40150.0,80300.0,,300-549,2,False,insufficient_funds,0.57,4,2,rule_based
AC002076,L06,two_wheeler,self_employed,T3,hinglish,31-60,43,3450.0,6900.0,134550.0,,550-649,0,False,insufficient_funds,,5,4,rule_based
AC002077,L01,credit_card,salaried,T3,kanglish,1-30,1,8800.0,8800.0,413600.0,,300-549,1,False,insufficient_funds,0.33,1,1,rule_based
AC002078,L03,pl_salaried,salaried,T1,english,61-90,87,7900.0,23700.0,197500.0,10.0,550-649,3,False,technical,,3,1,rule_based
AC002079,L06,mfi_jlg,self_employed,T2,hinglish,1-30,11,1500.0,1500.0,45000.0,,550-649,1,False,insufficient_funds,0.41,1,0,rule_based
AC002080,L03,pl_salaried,salaried,T1,kanglish,31-60,59,16050.0,32100.0,770400.0,,550-649,2,False,insufficient_funds,0.51,1,1,rule_based
AC002081,L03,pl_salaried,salaried,T3,hinglish,X,0,16750.0,16750.0,770500.0,1.0,550-649,0,False,insufficient_funds,0.33,0,0,rule_based
AC002082,L01,credit_card,self_employed,T3,hinglish,61-90,67,10500.0,31500.0,388500.0,,300-549,1,False,insufficient_funds,0.91,1,0,rule_based
AC002083,L03,pl_salaried,salaried,T1,hinglish,90+,96,10350.0,41400.0,455400.0,1.0,300-549,2,False,insufficient_funds,0.66,4,2,rule_based
AC002084,L06,two_wheeler,salaried,T2,hinglish,X,0,4400.0,4400.0,123200.0,7.0,300-549,2,False,insufficient_funds,,0,0,rule_based
AC002085,L04,mfi_jlg,daily_wage,T2,hinglish,61-90,80,2050.0,6150.0,59450.0,,300-549,3,False,technical,0.04,3,2,rule_based
AC002086,L06,msme,self_employed,T1,kanglish,90+,231,36550.0,292400.0,1169600.0,,300-549,2,False,mandate_not_registered,0.0,2,1,rule_based
AC002087,L02,two_wheeler,self_employed,T3,hinglish,X,0,4100.0,4100.0,41000.0,,750-900,0,False,technical,0.97,0,0,rule_based
AC002088,L06,msme,self_employed,T2,english,1-30,21,30750.0,30750.0,984000.0,,300-549,2,False,insufficient_funds,0.73,2,1,rule_based
AC002089,L01,credit_card,salaried,T2,hinglish,1-30,19,9700.0,9700.0,184300.0,,550-649,3,False,insufficient_funds,0.5,0,0,rule_based
AC002090,L05,msme,self_employed,T3,hinglish,90+,130,20950.0,104750.0,858950.0,,300-549,1,True,mandate_not_registered,0.49,4,2,rule_based
AC002091,L02,two_wheeler,salaried,T1,english,31-60,52,4500.0,9000.0,166500.0,,550-649,0,False,insufficient_funds,,5,3,rule_based
AC002092,L01,pl_salaried,salaried,T2,hinglish,X,0,17350.0,17350.0,347000.0,,550-649,4,False,insufficient_funds,0.33,0,0,rule_based
AC002093,L02,consumer_durable,salaried,T3,hinglish,1-30,27,1800.0,1800.0,66600.0,,300-549,0,True,insufficient_funds,0.63,1,1,rule_based
AC002094,L03,pl_salaried,salaried,T2,hinglish,31-60,45,16150.0,32300.0,242250.0,30.0,300-549,1,False,insufficient_funds,,1,1,random_contact_point
AC002095,L03,pl_salaried,salaried,T2,hinglish,X,0,15400.0,15400.0,261800.0,,550-649,1,True,insufficient_funds,0.91,0,0,rule_based
AC002096,L01,pl_salaried,salaried,T2,hinglish,31-60,60,15900.0,31800.0,572400.0,,300-549,3,False,insufficient_funds,,1,1,rule_based
AC002097,L01,credit_card,salaried,T1,english,X,0,7250.0,7250.0,239250.0,15.0,550-649,2,True,insufficient_funds,0.62,1,1,rule_based
AC002098,L01,credit_card,salaried,T1,english,61-90,69,9100.0,27300.0,409500.0,,300-549,1,False,insufficient_funds,,2,1,rule_based
AC002099,L06,two_wheeler,daily_wage,T3,hinglish,61-90,85,4100.0,12300.0,53300.0,,300-549,5,True,insufficient_funds,0.53,2,1,rule_based
AC002100,L02,consumer_durable,salaried,T1,kanglish,90+,95,3150.0,12600.0,122850.0,15.0,300-549,3,False,technical,,4,2,rule_based
AC002101,L01,credit_card,self_employed,T3,hinglish,1-30,2,5850.0,5850.0,87750.0,,300-549,0,False,insufficient_funds,,1,0,rule_based
AC002102,L02,two_wheeler,self_employed,T1,kanglish,31-60,46,3850.0,7700.0,84700.0,,550-649,1,False,insufficient_funds,0.54,1,1,rule_based
AC002103,L01,credit_card,salaried,T3,english,61-90,71,9800.0,29400.0,137200.0,,300-549,3,False,insufficient_funds,0.46,0,0,rule_based
AC002104,L06,msme,self_employed,T3,hinglish,31-60,50,32400.0,64800.0,680400.0,,300-549,4,False,insufficient_funds,0.52,4,1,rule_based
AC002105,L03,pl_salaried,salaried,T1,kanglish,X,0,8750.0,8750.0,131250.0,5.0,300-549,4,True,technical,,1,0,rule_based
AC002106,L03,pl_salaried,salaried,T2,hinglish,X,0,14350.0,14350.0,401800.0,,650-699,1,False,insufficient_funds,0.74,0,0,rule_based
AC002107,L02,two_wheeler,salaried,T3,english,31-60,40,3500.0,7000.0,49000.0,,300-549,2,True,insufficient_funds,,4,1,random_contact_point
AC002108,L04,mfi_jlg,daily_wage,T2,hinglish,31-60,47,1900.0,3800.0,60800.0,,300-549,1,False,technical,0.47,0,0,rule_based
AC002109,L05,msme,self_employed,T3,english,90+,115,18900.0,75600.0,756000.0,,300-549,2,False,insufficient_funds,0.38,2,2,rule_based
AC002110,L02,two_wheeler,self_employed,T1,english,90+,121,4750.0,23750.0,128250.0,,300-549,0,True,insufficient_funds,0.81,4,3,rule_based
AC002111,L04,mfi_jlg,daily_wage,T3,hinglish,61-90,63,2000.0,6000.0,94000.0,,550-649,1,False,insufficient_funds,0.59,1,1,random_contact_point
AC002112,L01,credit_card,self_employed,T2,english,90+,124,10200.0,51000.0,163200.0,,300-549,2,True,insufficient_funds,0.46,2,1,rule_based
AC002113,L01,pl_salaried,salaried,T2,hinglish,61-90,86,11650.0,34950.0,570850.0,30.0,300-549,2,True,insufficient_funds,0.85,2,2,rule_based
AC002114,L01,pl_salaried,salaried,T2,english,X,0,13800.0,13800.0,441600.0,,300-549,3,True,insufficient_funds,0.39,2,2,rule_based
AC002115,L01,pl_salaried,salaried,T1,kanglish,X,0,5650.0,5650.0,129950.0,30.0,550-649,2,True,insufficient_funds,0.44,0,0,random_contact_point
AC002116,L01,credit_card,self_employed,T2,hinglish,61-90,78,2950.0,8850.0,29500.0,,300-549,2,False,insufficient_funds,0.47,4,0,rule_based
AC002117,L02,two_wheeler,self_employed,T1,kanglish,1-30,28,4700.0,4700.0,202100.0,,550-649,2,True,insufficient_funds,,1,1,rule_based
AC002118,L01,credit_card,salaried,T3,hinglish,90+,199,4000.0,28000.0,208000.0,,300-549,5,False,technical,,3,3,rule_based
AC002119,L02,two_wheeler,daily_wage,T2,hinglish,X,0,4400.0,4400.0,44000.0,,550-649,2,False,insufficient_funds,0.38,1,0,rule_based
AC002120,L06,two_wheeler,salaried,T2,hinglish,1-30,29,4200.0,4200.0,75600.0,10.0,650-699,3,False,insufficient_funds,0.85,0,0,rule_based
AC002121,L06,mfi_jlg,daily_wage,T3,english,61-90,65,2200.0,6600.0,70400.0,,300-549,1,False,insufficient_funds,0.24,0,0,rule_based
AC002122,L04,mfi_jlg,self_employed,T3,english,90+,108,1300.0,5200.0,31200.0,,300-549,2,False,mandate_not_registered,,5,4,rule_based
AC002123,L01,credit_card,self_employed,T3,hinglish,90+,137,4350.0,21750.0,156600.0,,300-549,1,True,technical,0.75,5,5,rule_based
AC002124,L01,credit_card,self_employed,T1,hinglish,X,0,3250.0,3250.0,100750.0,,750-900,1,False,insufficient_funds,0.82,0,0,rule_based
AC002125,L06,two_wheeler,daily_wage,T3,kanglish,1-30,27,3700.0,3700.0,88800.0,,650-699,4,False,insufficient_funds,0.85,1,1,rule_based
AC002126,L02,two_wheeler,salaried,T1,english,31-60,51,2900.0,5800.0,110200.0,,550-649,2,False,insufficient_funds,0.53,1,0,rule_based
AC002127,L01,credit_card,salaried,T2,hinglish,90+,155,5600.0,33600.0,67200.0,7.0,300-549,1,False,insufficient_funds,,3,3,rule_based
AC002128,L01,credit_card,self_employed,T3,hinglish,1-30,12,3550.0,3550.0,117150.0,,300-549,3,False,insufficient_funds,0.57,2,1,rule_based
AC002129,L04,mfi_jlg,daily_wage,T1,kanglish,31-60,55,1800.0,3600.0,37800.0,,550-649,2,True,insufficient_funds,0.68,0,0,rule_based
AC002130,L06,mfi_jlg,daily_wage,T1,kanglish,X,0,1750.0,1750.0,28000.0,,300-549,2,False,insufficient_funds,0.11,0,0,random_contact_point
AC002131,L01,pl_salaried,salaried,T2,hinglish,61-90,64,13950.0,41850.0,125550.0,,300-549,2,False,mandate_not_registered,,1,1,rule_based
AC002132,L02,two_wheeler,self_employed,T2,hinglish,X,0,4500.0,4500.0,36000.0,,650-699,2,False,mandate_not_registered,,0,0,random_contact_point
AC002133,L02,consumer_durable,salaried,T2,hinglish,90+,159,1550.0,9300.0,69750.0,10.0,300-549,1,False,insufficient_funds,,3,0,random_contact_point
AC002134,L01,pl_salaried,salaried,T3,kanglish,X,0,17350.0,17350.0,728700.0,,700-749,1,False,insufficient_funds,,0,0,rule_based
AC002135,L06,msme,self_employed,T3,hinglish,61-90,72,24700.0,74100.0,1235000.0,,300-549,1,False,stop_payment,,3,3,rule_based
AC002136,L01,pl_salaried,self_employed,T3,english,61-90,86,7550.0,22650.0,339750.0,,300-549,2,False,insufficient_funds,0.58,2,1,rule_based
AC002137,L02,two_wheeler,daily_wage,T1,english,1-30,20,2250.0,2250.0,33750.0,,300-549,1,True,stop_payment,0.9,1,1,rule_based
AC002138,L06,two_wheeler,salaried,T3,english,1-30,22,2800.0,2800.0,42000.0,30.0,550-649,5,False,insufficient_funds,0.08,2,2,rule_based
AC002139,L01,pl_salaried,salaried,T3,hinglish,31-60,50,17800.0,35600.0,712000.0,,550-649,2,False,insufficient_funds,1.0,1,0,rule_based
AC002140,L02,consumer_durable,self_employed,T1,hinglish,31-60,32,2550.0,5100.0,68850.0,,300-549,2,False,insufficient_funds,0.68,3,2,rule_based
AC002141,L02,two_wheeler,salaried,T2,hinglish,61-90,61,3250.0,9750.0,149500.0,10.0,300-549,1,False,insufficient_funds,0.92,5,1,rule_based
AC002142,L02,consumer_durable,salaried,T1,hinglish,31-60,59,3000.0,6000.0,27000.0,10.0,550-649,3,True,insufficient_funds,1.0,0,0,rule_based
AC002143,L01,credit_card,salaried,T1,kanglish,1-30,6,7750.0,7750.0,147250.0,5.0,550-649,2,False,mandate_not_registered,,0,0,rule_based
AC002144,L05,msme,self_employed,T1,hinglish,90+,211,37550.0,300400.0,826100.0,,300-549,1,False,insufficient_funds,,1,0,random_contact_point
AC002145,L03,consumer_durable,salaried,T3,kanglish,1-30,15,3700.0,3700.0,125800.0,10.0,550-649,3,False,insufficient_funds,,1,1,rule_based
AC002146,L02,two_wheeler,daily_wage,T2,hinglish,31-60,57,3700.0,7400.0,140600.0,,300-549,1,True,insufficient_funds,0.68,1,1,rule_based
AC002147,L01,pl_salaried,self_employed,T1,kanglish,90+,577,8700.0,104400.0,243600.0,,300-549,3,False,insufficient_funds,,1,0,random_contact_point
AC002148,L06,mfi_jlg,daily_wage,T2,english,90+,150,950.0,4750.0,42750.0,,300-549,4,False,stop_payment,0.79,2,2,rule_based
AC002149,L06,two_wheeler,daily_wage,T1,kanglish,1-30,15,3650.0,3650.0,32850.0,,550-649,3,False,insufficient_funds,0.53,0,0,rule_based
AC002150,L02,consumer_durable,salaried,T1,kanglish,1-30,6,3350.0,3350.0,23450.0,,300-549,1,False,insufficient_funds,,1,0,rule_based
AC002151,L06,two_wheeler,salaried,T3,english,31-60,59,2650.0,5300.0,84800.0,,300-549,0,False,technical,0.39,2,1,rule_based
AC002152,L01,pl_salaried,salaried,T2,hinglish,1-30,6,6000.0,6000.0,276000.0,7.0,550-649,1,True,insufficient_funds,,5,3,rule_based
AC002153,L03,pl_salaried,salaried,T3,hinglish,61-90,74,4700.0,14100.0,98700.0,1.0,550-649,2,True,technical,,1,0,rule_based
AC002154,L06,mfi_jlg,daily_wage,T1,kanglish,31-60,49,1650.0,3300.0,52800.0,,300-549,3,False,insufficient_funds,0.25,2,0,rule_based
AC002155,L02,consumer_durable,salaried,T1,kanglish,1-30,14,4050.0,4050.0,174150.0,7.0,700-749,0,True,insufficient_funds,0.64,0,0,rule_based
AC002156,L01,pl_salaried,salaried,T3,hinglish,1-30,10,14750.0,14750.0,162250.0,1.0,650-699,3,False,insufficient_funds,,1,1,rule_based
AC002157,L06,mfi_jlg,daily_wage,T1,kanglish,61-90,67,1350.0,4050.0,66150.0,,300-549,1,False,insufficient_funds,,1,0,rule_based
AC002158,L03,consumer_durable,salaried,T2,hinglish,61-90,75,3250.0,9750.0,113750.0,28.0,300-549,6,False,technical,0.3,2,1,rule_based
AC002159,L03,pl_salaried,salaried,T3,hinglish,1-30,11,11300.0,11300.0,158200.0,15.0,550-649,1,False,insufficient_funds,0.53,1,1,rule_based
AC002160,L01,pl_salaried,salaried,T2,hinglish,X,0,7600.0,7600.0,212800.0,10.0,550-649,3,False,stop_payment,0.68,0,0,rule_based
AC002161,L06,mfi_jlg,daily_wage,T3,hinglish,1-30,22,1400.0,1400.0,18200.0,,300-549,5,False,insufficient_funds,,1,1,rule_based
AC002162,L06,mfi_jlg,daily_wage,T3,english,31-60,31,950.0,1900.0,8550.0,,300-549,4,False,insufficient_funds,,1,1,rule_based
AC002163,L03,pl_salaried,salaried,T1,kanglish,61-90,71,12150.0,36450.0,206550.0,,300-549,0,True,insufficient_funds,0.7,3,1,rule_based
AC002164,L06,msme,self_employed,T1,kanglish,90+,119,14400.0,57600.0,662400.0,,300-549,0,False,insufficient_funds,0.59,5,2,rule_based
AC002165,L02,two_wheeler,self_employed,T2,hinglish,90+,95,2450.0,9800.0,71050.0,,300-549,1,False,insufficient_funds,0.55,4,2,rule_based
AC002166,L03,consumer_durable,self_employed,T1,hinglish,31-60,50,2250.0,4500.0,49500.0,,300-549,2,False,insufficient_funds,0.68,1,1,rule_based
AC002167,L06,msme,self_employed,T2,hinglish,90+,119,18000.0,72000.0,414000.0,,300-549,0,True,insufficient_funds,0.66,4,2,rule_based
AC002168,L05,msme,self_employed,T2,hinglish,1-30,25,36350.0,36350.0,1635750.0,,300-549,1,False,insufficient_funds,,1,0,rule_based
AC002169,L06,two_wheeler,daily_wage,T3,kanglish,31-60,44,2800.0,5600.0,95200.0,,300-549,5,True,insufficient_funds,,1,1,rule_based
AC002170,L03,pl_salaried,salaried,T3,hinglish,31-60,31,8000.0,16000.0,392000.0,,550-649,1,False,stop_payment,0.66,0,0,rule_based
AC002171,L06,two_wheeler,salaried,T1,english,61-90,88,3100.0,9300.0,86800.0,,300-549,1,False,stop_payment,,3,3,rule_based
AC002172,L03,pl_salaried,salaried,T1,english,61-90,67,9750.0,29250.0,390000.0,1.0,300-549,2,False,insufficient_funds,0.62,4,3,rule_based
AC002173,L04,mfi_jlg,daily_wage,T3,english,1-30,23,1800.0,1800.0,12600.0,,300-549,4,False,technical,0.08,0,0,rule_based
AC002174,L01,pl_salaried,salaried,T1,hinglish,90+,491,15950.0,191400.0,733700.0,,300-549,2,False,insufficient_funds,0.27,2,2,rule_based
AC002175,L02,two_wheeler,self_employed,T1,english,90+,102,2250.0,9000.0,92250.0,,300-549,1,True,insufficient_funds,0.47,3,1,rule_based
AC002176,L03,pl_salaried,self_employed,T1,kanglish,90+,170,13000.0,78000.0,624000.0,,300-549,0,False,insufficient_funds,,1,1,rule_based
AC002177,L01,credit_card,salaried,T2,hinglish,31-60,46,2550.0,5100.0,56100.0,10.0,300-549,1,False,insufficient_funds,0.46,1,0,rule_based
AC002178,L01,pl_salaried,salaried,T1,hinglish,90+,92,14450.0,57800.0,476850.0,30.0,300-549,1,False,insufficient_funds,0.64,2,2,rule_based
AC002179,L04,mfi_jlg,daily_wage,T1,kanglish,61-90,68,1750.0,5250.0,63000.0,,300-549,3,False,insufficient_funds,0.25,1,0,rule_based
AC002180,L06,msme,self_employed,T1,kanglish,31-60,43,22800.0,45600.0,866400.0,,300-549,0,False,insufficient_funds,0.99,1,0,rule_based
AC002181,L01,pl_salaried,salaried,T3,kanglish,1-30,9,11750.0,11750.0,493500.0,1.0,300-549,0,False,technical,0.19,1,1,rule_based
AC002182,L06,msme,self_employed,T1,hinglish,90+,720,18150.0,217800.0,580800.0,,300-549,3,False,insufficient_funds,0.08,4,2,rule_based
AC002183,L05,msme,self_employed,T3,kanglish,61-90,82,9200.0,27600.0,119600.0,,300-549,3,False,insufficient_funds,0.31,5,2,rule_based
AC002184,L01,credit_card,salaried,T2,hinglish,31-60,32,4350.0,8700.0,208800.0,30.0,300-549,3,False,insufficient_funds,0.61,1,1,rule_based
AC002185,L06,mfi_jlg,self_employed,T2,hinglish,90+,164,1500.0,9000.0,55500.0,,550-649,2,False,insufficient_funds,0.82,5,2,rule_based
AC002186,L01,credit_card,self_employed,T3,kanglish,1-30,2,8500.0,8500.0,110500.0,,550-649,1,False,insufficient_funds,1.0,1,1,rule_based
AC002187,L03,pl_salaried,salaried,T2,hinglish,31-60,56,17850.0,35700.0,838950.0,,300-549,1,False,insufficient_funds,0.29,1,1,rule_based
AC002188,L06,two_wheeler,salaried,T1,kanglish,1-30,12,4000.0,4000.0,192000.0,,300-549,1,False,insufficient_funds,0.5,3,3,rule_based
AC002189,L01,pl_salaried,salaried,T2,hinglish,31-60,38,6600.0,13200.0,85800.0,,550-649,1,False,insufficient_funds,0.73,0,0,random_contact_point
AC002190,L05,msme,self_employed,T1,kanglish,1-30,15,21400.0,21400.0,963000.0,,750-900,1,False,insufficient_funds,1.0,1,0,rule_based
AC002191,L02,consumer_durable,salaried,T1,hinglish,1-30,8,1900.0,1900.0,60800.0,1.0,300-549,0,True,insufficient_funds,,5,4,rule_based
AC002192,L05,msme,self_employed,T3,hinglish,1-30,21,24000.0,24000.0,336000.0,,300-549,0,False,insufficient_funds,,1,1,rule_based
AC002193,L02,two_wheeler,salaried,T3,kanglish,X,0,2850.0,2850.0,45600.0,15.0,550-649,1,True,insufficient_funds,0.47,1,0,rule_based
AC002194,L06,two_wheeler,daily_wage,T2,hinglish,X,0,3100.0,3100.0,46500.0,,550-649,0,False,mandate_not_registered,0.51,0,0,rule_based
AC002195,L02,consumer_durable,salaried,T2,hinglish,61-90,66,1350.0,4050.0,35100.0,30.0,550-649,0,False,insufficient_funds,,3,1,rule_based
AC002196,L01,pl_salaried,salaried,T2,hinglish,1-30,17,6950.0,6950.0,278000.0,1.0,650-699,2,True,insufficient_funds,,0,0,rule_based
AC002197,L03,pl_salaried,salaried,T1,kanglish,X,0,4400.0,4400.0,162800.0,25.0,550-649,4,False,insufficient_funds,,0,0,rule_based
AC002198,L02,two_wheeler,salaried,T1,kanglish,X,0,3050.0,3050.0,76250.0,1.0,650-699,1,False,insufficient_funds,1.0,0,0,rule_based
AC002199,L01,credit_card,salaried,T2,hinglish,1-30,21,5700.0,5700.0,239400.0,,300-549,5,False,insufficient_funds,0.13,0,0,rule_based
AC002200,L01,credit_card,salaried,T1,hinglish,X,0,5950.0,5950.0,279650.0,,650-699,0,True,stop_payment,,0,0,rule_based
AC002201,L01,pl_salaried,salaried,T1,hinglish,90+,457,11300.0,135600.0,632800.0,30.0,300-549,1,True,insufficient_funds,0.66,6,4,rule_based
AC002202,L02,two_wheeler,daily_wage,T2,hinglish,31-60,48,3550.0,7100.0,60350.0,,550-649,3,False,insufficient_funds,0.69,2,2,rule_based
AC002203,L03,pl_salaried,salaried,T2,hinglish,1-30,23,12200.0,12200.0,488000.0,7.0,300-549,3,False,insufficient_funds,0.59,0,0,rule_based
AC002204,L01,pl_salaried,salaried,T1,hinglish,31-60,36,13900.0,27800.0,208500.0,5.0,550-649,2,False,insufficient_funds,0.51,2,0,rule_based
AC002205,L01,pl_salaried,salaried,T3,english,X,0,8050.0,8050.0,346150.0,7.0,550-649,1,False,insufficient_funds,0.13,0,0,rule_based
AC002206,L01,credit_card,salaried,T3,kanglish,61-90,63,9900.0,29700.0,207900.0,,300-549,1,False,insufficient_funds,0.35,2,1,rule_based
AC002207,L05,msme,self_employed,T2,hinglish,90+,202,21000.0,147000.0,336000.0,,300-549,5,True,insufficient_funds,0.79,5,4,rule_based
AC002208,L01,credit_card,salaried,T1,kanglish,X,0,11850.0,11850.0,82950.0,10.0,550-649,1,False,stop_payment,0.27,0,0,rule_based
AC002209,L06,mfi_jlg,self_employed,T2,hinglish,1-30,17,950.0,950.0,34200.0,,550-649,0,True,insufficient_funds,,3,1,rule_based
AC002210,L06,mfi_jlg,daily_wage,T3,kanglish,31-60,40,1550.0,3100.0,27900.0,,300-549,4,False,insufficient_funds,0.13,2,1,rule_based
AC002211,L01,credit_card,self_employed,T2,hinglish,1-30,11,7450.0,7450.0,268200.0,,550-649,1,False,insufficient_funds,0.78,1,0,rule_based
AC002212,L06,msme,self_employed,T2,hinglish,X,0,16900.0,16900.0,354900.0,,550-649,0,True,insufficient_funds,0.82,1,0,rule_based
AC002213,L04,mfi_jlg,daily_wage,T1,hinglish,61-90,81,850.0,2550.0,10200.0,,550-649,1,True,insufficient_funds,0.92,3,1,rule_based
AC002214,L06,two_wheeler,self_employed,T1,english,31-60,33,4450.0,8900.0,102350.0,,650-699,2,False,insufficient_funds,0.76,0,0,rule_based
AC002215,L01,pl_salaried,salaried,T3,hinglish,1-30,14,3200.0,3200.0,67200.0,1.0,300-549,2,False,insufficient_funds,,0,0,rule_based
AC002216,L01,pl_salaried,salaried,T1,english,90+,306,12500.0,137500.0,437500.0,,300-549,2,False,mandate_not_registered,0.86,4,3,rule_based
AC002217,L02,consumer_durable,salaried,T2,hinglish,X,0,2050.0,2050.0,43050.0,10.0,550-649,2,False,insufficient_funds,0.91,0,0,rule_based
AC002218,L06,msme,self_employed,T3,english,1-30,21,19800.0,19800.0,455400.0,,550-649,3,False,insufficient_funds,,1,0,rule_based
AC002219,L03,consumer_durable,salaried,T1,kanglish,61-90,70,1600.0,4800.0,57600.0,5.0,300-549,2,False,insufficient_funds,0.24,2,2,random_contact_point
AC002220,L03,consumer_durable,self_employed,T3,kanglish,31-60,39,2300.0,4600.0,55200.0,,300-549,1,False,insufficient_funds,0.42,2,1,random_contact_point
AC002221,L01,pl_salaried,salaried,T3,hinglish,31-60,38,18000.0,36000.0,540000.0,,300-549,1,False,insufficient_funds,0.29,0,0,rule_based
AC002222,L06,msme,self_employed,T3,kanglish,61-90,76,28550.0,85650.0,513900.0,,300-549,2,False,insufficient_funds,0.6,1,0,rule_based
AC002223,L06,two_wheeler,self_employed,T3,kanglish,31-60,33,2600.0,5200.0,122200.0,,300-549,1,False,insufficient_funds,0.58,1,1,rule_based
AC002224,L05,msme,self_employed,T3,kanglish,90+,369,36500.0,438000.0,2117000.0,,300-549,2,True,insufficient_funds,0.14,3,2,rule_based
AC002225,L01,pl_salaried,salaried,T1,english,31-60,31,7400.0,14800.0,96200.0,10.0,300-549,1,False,insufficient_funds,0.3,0,0,rule_based
AC002226,L01,credit_card,self_employed,T3,english,1-30,6,2350.0,2350.0,98700.0,,300-549,0,False,insufficient_funds,0.88,0,0,rule_based
AC002227,L04,mfi_jlg,daily_wage,T2,hinglish,61-90,81,1200.0,3600.0,39600.0,,300-549,2,False,insufficient_funds,0.33,0,0,random_contact_point
AC002228,L05,msme,self_employed,T3,hinglish,1-30,20,28800.0,28800.0,1152000.0,,650-699,1,False,insufficient_funds,,0,0,rule_based
AC002229,L02,two_wheeler,salaried,T2,hinglish,61-90,71,3100.0,9300.0,43400.0,1.0,300-549,4,True,insufficient_funds,,7,6,rule_based
AC002230,L01,credit_card,salaried,T3,kanglish,1-30,6,2600.0,2600.0,93600.0,28.0,300-549,4,False,insufficient_funds,0.38,1,1,rule_based
AC002231,L01,credit_card,salaried,T1,kanglish,31-60,31,11650.0,23300.0,512600.0,,550-649,2,False,insufficient_funds,0.33,3,1,rule_based
AC002232,L02,consumer_durable,salaried,T1,hinglish,61-90,67,3300.0,9900.0,75900.0,,300-549,3,False,technical,0.02,3,0,rule_based
AC002233,L02,two_wheeler,salaried,T3,hinglish,31-60,52,4000.0,8000.0,96000.0,7.0,300-549,4,False,insufficient_funds,0.32,0,0,rule_based
AC002234,L06,two_wheeler,daily_wage,T2,english,X,0,2300.0,2300.0,110400.0,,550-649,2,False,insufficient_funds,,0,0,rule_based
AC002235,L06,two_wheeler,self_employed,T2,hinglish,1-30,26,4350.0,4350.0,78300.0,,550-649,3,False,insufficient_funds,0.28,1,0,rule_based
AC002236,L01,credit_card,self_employed,T3,english,61-90,64,8650.0,25950.0,363300.0,,300-549,1,False,insufficient_funds,0.29,1,1,rule_based
AC002237,L06,two_wheeler,self_employed,T1,english,90+,128,4700.0,23500.0,103400.0,,300-549,2,False,insufficient_funds,,0,0,rule_based
AC002238,L06,two_wheeler,salaried,T1,english,31-60,43,3800.0,7600.0,106400.0,30.0,300-549,4,False,mandate_not_registered,0.44,1,0,rule_based
AC002239,L06,msme,self_employed,T1,kanglish,X,0,28700.0,28700.0,315700.0,,550-649,3,False,stop_payment,0.89,1,1,rule_based
AC002240,L02,consumer_durable,self_employed,T3,hinglish,1-30,17,3300.0,3300.0,145200.0,,300-549,1,False,insufficient_funds,0.46,4,2,rule_based
AC002241,L03,consumer_durable,salaried,T1,kanglish,31-60,53,2150.0,4300.0,34400.0,25.0,650-699,1,False,insufficient_funds,0.68,4,0,rule_based
AC002242,L02,two_wheeler,salaried,T2,hinglish,X,0,4700.0,4700.0,169200.0,10.0,700-749,2,False,insufficient_funds,0.54,0,0,rule_based
AC002243,L02,two_wheeler,salaried,T3,english,90+,122,3250.0,16250.0,87750.0,7.0,300-549,2,False,insufficient_funds,0.38,3,2,rule_based
AC002244,L04,mfi_jlg,daily_wage,T3,english,31-60,53,1250.0,2500.0,17500.0,,300-549,3,True,insufficient_funds,0.63,2,1,rule_based
AC002245,L05,msme,self_employed,T3,english,1-30,20,34150.0,34150.0,273200.0,,550-649,1,False,insufficient_funds,0.51,0,0,rule_based
AC002246,L06,two_wheeler,self_employed,T2,hinglish,1-30,21,3300.0,3300.0,39600.0,,300-549,3,False,technical,,1,1,rule_based
AC002247,L04,mfi_jlg,self_employed,T3,english,X,0,2050.0,2050.0,57400.0,,300-549,3,False,technical,0.1,1,0,rule_based
AC002248,L06,mfi_jlg,self_employed,T3,hinglish,31-60,58,1300.0,2600.0,19500.0,,300-549,4,False,insufficient_funds,,1,1,rule_based
AC002249,L06,mfi_jlg,daily_wage,T3,english,31-60,53,1600.0,3200.0,24000.0,,300-549,5,False,insufficient_funds,0.27,1,0,rule_based
AC002250,L06,mfi_jlg,daily_wage,T2,hinglish,1-30,7,2000.0,2000.0,94000.0,,550-649,0,False,insufficient_funds,0.66,0,0,rule_based
AC002251,L01,pl_salaried,salaried,T3,hinglish,31-60,48,5750.0,11500.0,178250.0,,550-649,3,False,insufficient_funds,,1,0,rule_based
AC002252,L06,two_wheeler,salaried,T3,kanglish,1-30,25,2500.0,2500.0,22500.0,,300-549,0,False,insufficient_funds,0.49,2,2,rule_based
AC002253,L02,two_wheeler,self_employed,T3,hinglish,31-60,43,2300.0,4600.0,29900.0,,300-549,5,False,insufficient_funds,0.87,2,1,rule_based
AC002254,L01,pl_salaried,salaried,T3,hinglish,90+,169,7250.0,43500.0,246500.0,30.0,300-549,1,False,insufficient_funds,,2,1,rule_based
AC002255,L06,msme,self_employed,T1,kanglish,1-30,28,13300.0,13300.0,226100.0,,550-649,1,False,insufficient_funds,0.34,0,0,rule_based
AC002256,L06,two_wheeler,self_employed,T3,english,1-30,17,2850.0,2850.0,45600.0,,550-649,1,False,insufficient_funds,,0,0,rule_based
AC002257,L01,pl_salaried,salaried,T2,hinglish,90+,126,9400.0,47000.0,413600.0,,300-549,2,False,technical,0.37,3,2,rule_based
AC002258,L06,msme,self_employed,T1,hinglish,1-30,1,17650.0,17650.0,458900.0,,650-699,0,True,insufficient_funds,0.91,2,2,rule_based
AC002259,L06,mfi_jlg,self_employed,T1,english,1-30,11,1350.0,1350.0,64800.0,,300-549,5,False,insufficient_funds,,1,0,rule_based
AC002260,L04,mfi_jlg,self_employed,T1,kanglish,61-90,62,2050.0,6150.0,75850.0,,300-549,3,False,insufficient_funds,0.2,0,0,rule_based
AC002261,L01,credit_card,salaried,T2,hinglish,31-60,50,9400.0,18800.0,206800.0,28.0,300-549,2,False,insufficient_funds,0.57,0,0,random_contact_point
AC002262,L06,msme,self_employed,T1,kanglish,90+,201,9600.0,67200.0,441600.0,,300-549,3,False,insufficient_funds,0.39,3,1,random_contact_point
AC002263,L01,credit_card,salaried,T2,hinglish,31-60,51,8600.0,17200.0,232200.0,,550-649,2,False,insufficient_funds,0.88,0,0,rule_based
AC002264,L02,two_wheeler,salaried,T3,hinglish,31-60,50,3450.0,6900.0,134550.0,30.0,300-549,1,False,insufficient_funds,,2,0,rule_based
AC002265,L03,pl_salaried,self_employed,T1,kanglish,X,0,6750.0,6750.0,168750.0,,550-649,2,True,insufficient_funds,0.86,0,0,rule_based
AC002266,L06,mfi_jlg,self_employed,T1,kanglish,1-30,14,900.0,900.0,6300.0,,300-549,1,True,insufficient_funds,,0,0,rule_based
AC002267,L06,mfi_jlg,daily_wage,T1,kanglish,31-60,45,1250.0,2500.0,28750.0,,550-649,0,False,technical,0.7,2,0,rule_based
AC002268,L02,two_wheeler,self_employed,T3,hinglish,1-30,14,3500.0,3500.0,52500.0,,550-649,0,False,insufficient_funds,0.35,1,1,rule_based
AC002269,L02,two_wheeler,self_employed,T1,kanglish,31-60,46,2750.0,5500.0,49500.0,,300-549,0,False,insufficient_funds,,4,1,rule_based
AC002270,L06,msme,self_employed,T1,kanglish,1-30,2,19200.0,19200.0,441600.0,,550-649,1,False,insufficient_funds,0.52,1,1,rule_based
AC002271,L06,mfi_jlg,daily_wage,T1,english,X,0,850.0,850.0,28050.0,,550-649,2,False,insufficient_funds,0.27,1,1,rule_based
AC002272,L03,pl_salaried,salaried,T1,kanglish,31-60,57,8200.0,16400.0,344400.0,25.0,550-649,2,False,stop_payment,,1,1,rule_based
AC002273,L03,consumer_durable,self_employed,T3,kanglish,31-60,58,2750.0,5500.0,46750.0,,300-549,2,False,insufficient_funds,0.28,4,1,rule_based
AC002274,L04,mfi_jlg,self_employed,T3,kanglish,1-30,29,1550.0,1550.0,48050.0,,550-649,1,False,insufficient_funds,1.0,2,2,rule_based
AC002275,L03,consumer_durable,salaried,T1,kanglish,61-90,67,1850.0,5550.0,49950.0,1.0,550-649,2,False,mandate_not_registered,,5,1,rule_based
AC002276,L03,consumer_durable,daily_wage,T2,hinglish,X,0,2700.0,2700.0,24300.0,,550-649,1,False,insufficient_funds,0.68,0,0,rule_based
AC002277,L02,consumer_durable,salaried,T2,hinglish,X,0,2750.0,2750.0,63250.0,10.0,550-649,1,True,insufficient_funds,0.54,0,0,rule_based
AC002278,L04,mfi_jlg,self_employed,T3,hinglish,90+,388,2150.0,25800.0,103200.0,,300-549,1,False,stop_payment,,5,2,rule_based
AC002279,L02,two_wheeler,daily_wage,T3,english,90+,111,3800.0,15200.0,155800.0,,300-549,1,True,insufficient_funds,,3,1,rule_based
AC002280,L03,pl_salaried,salaried,T3,hinglish,1-30,22,12550.0,12550.0,489450.0,1.0,300-549,1,False,insufficient_funds,,1,1,random_contact_point
AC002281,L02,two_wheeler,salaried,T3,kanglish,1-30,16,2650.0,2650.0,108650.0,1.0,550-649,2,False,insufficient_funds,0.6,1,0,rule_based
AC002282,L06,mfi_jlg,daily_wage,T2,hinglish,90+,150,1700.0,8500.0,54400.0,,300-549,2,False,insufficient_funds,0.53,1,0,rule_based
AC002283,L06,two_wheeler,self_employed,T1,english,31-60,40,3050.0,6100.0,24400.0,,300-549,0,False,stop_payment,,2,2,rule_based
AC002284,L06,msme,self_employed,T3,kanglish,X,0,39950.0,39950.0,878900.0,,300-549,3,False,insufficient_funds,,1,1,rule_based
AC002285,L03,pl_salaried,salaried,T1,kanglish,X,0,8200.0,8200.0,246000.0,1.0,650-699,2,False,insufficient_funds,0.74,1,0,rule_based
AC002286,L01,credit_card,self_employed,T2,hinglish,X,0,3400.0,3400.0,57800.0,,300-549,2,False,insufficient_funds,0.52,2,0,rule_based
AC002287,L02,two_wheeler,salaried,T3,kanglish,61-90,61,2700.0,8100.0,35100.0,15.0,300-549,4,False,insufficient_funds,,1,0,random_contact_point
AC002288,L06,two_wheeler,daily_wage,T2,hinglish,31-60,48,4000.0,8000.0,92000.0,,300-549,0,False,technical,0.69,3,1,rule_based
AC002289,L01,pl_salaried,salaried,T2,hinglish,1-30,10,8950.0,8950.0,89500.0,15.0,550-649,0,False,insufficient_funds,0.53,0,0,rule_based
AC002290,L01,pl_salaried,salaried,T2,english,1-30,14,3600.0,3600.0,144000.0,5.0,550-649,6,False,insufficient_funds,0.22,1,0,rule_based
AC002291,L05,msme,self_employed,T1,kanglish,X,0,18550.0,18550.0,389550.0,,700-749,4,False,insufficient_funds,,0,0,rule_based
AC002292,L06,two_wheeler,self_employed,T1,kanglish,61-90,66,3550.0,10650.0,120700.0,,300-549,1,False,insufficient_funds,0.5,3,1,rule_based
AC002293,L03,pl_salaried,salaried,T2,hinglish,90+,389,16750.0,201000.0,335000.0,1.0,300-549,1,False,insufficient_funds,,1,0,rule_based
AC002294,L01,pl_salaried,salaried,T1,kanglish,31-60,53,9100.0,18200.0,245700.0,5.0,300-549,0,False,insufficient_funds,0.54,1,1,rule_based
AC002295,L06,two_wheeler,salaried,T3,english,61-90,71,4100.0,12300.0,196800.0,,550-649,1,False,insufficient_funds,0.79,2,1,random_contact_point
AC002296,L03,pl_salaried,salaried,T2,hinglish,1-30,19,7900.0,7900.0,134300.0,15.0,550-649,0,True,insufficient_funds,0.88,1,1,rule_based
AC002297,L04,mfi_jlg,daily_wage,T3,kanglish,31-60,46,1650.0,3300.0,61050.0,,300-549,1,False,insufficient_funds,0.7,4,3,rule_based
AC002298,L06,msme,self_employed,T3,english,1-30,20,35500.0,35500.0,745500.0,,300-549,2,False,insufficient_funds,0.49,1,1,rule_based
AC002299,L01,pl_salaried,salaried,T2,hinglish,X,0,4300.0,4300.0,146200.0,10.0,650-699,0,True,insufficient_funds,,0,0,rule_based
AC002300,L02,two_wheeler,daily_wage,T2,hinglish,31-60,59,2350.0,4700.0,115150.0,,300-549,0,False,insufficient_funds,0.32,4,2,rule_based
AC002301,L01,pl_salaried,salaried,T3,english,90+,101,12500.0,50000.0,212500.0,,300-549,1,False,mandate_not_registered,0.45,4,3,random_contact_point
AC002302,L01,credit_card,self_employed,T1,hinglish,X,0,6200.0,6200.0,74400.0,,550-649,0,False,stop_payment,0.66,0,0,rule_based
AC002303,L03,consumer_durable,salaried,T2,hinglish,31-60,57,2100.0,4200.0,90300.0,,300-549,2,False,insufficient_funds,,1,0,rule_based
AC002304,L02,two_wheeler,self_employed,T1,kanglish,90+,286,3300.0,33000.0,122100.0,,300-549,1,False,insufficient_funds,0.51,4,3,rule_based
AC002305,L02,consumer_durable,daily_wage,T3,hinglish,61-90,62,2000.0,6000.0,38000.0,,300-549,1,True,insufficient_funds,0.38,2,1,rule_based
AC002306,L03,pl_salaried,salaried,T3,english,31-60,52,15950.0,31900.0,510400.0,,300-549,3,True,mandate_not_registered,0.47,2,1,rule_based
AC002307,L01,credit_card,salaried,T2,hinglish,1-30,4,9900.0,9900.0,178200.0,10.0,300-549,1,False,insufficient_funds,0.69,2,1,random_contact_point
AC002308,L02,two_wheeler,salaried,T2,hinglish,90+,251,4700.0,42300.0,155100.0,25.0,300-549,5,False,insufficient_funds,0.09,6,4,rule_based
AC002309,L06,two_wheeler,self_employed,T2,english,1-30,15,2350.0,2350.0,103400.0,,550-649,1,True,insufficient_funds,,1,0,rule_based
AC002310,L02,consumer_durable,self_employed,T2,hinglish,1-30,5,4150.0,4150.0,87150.0,,300-549,3,False,insufficient_funds,0.0,0,0,rule_based
AC002311,L03,pl_salaried,salaried,T2,hinglish,X,0,3600.0,3600.0,118800.0,,550-649,2,False,insufficient_funds,0.53,0,0,rule_based
AC002312,L05,msme,self_employed,T3,hinglish,31-60,45,10750.0,21500.0,494500.0,,550-649,2,True,insufficient_funds,0.71,0,0,rule_based
AC002313,L05,msme,self_employed,T1,hinglish,31-60,40,22700.0,45400.0,817200.0,,300-549,5,False,insufficient_funds,0.47,5,4,rule_based
AC002314,L02,two_wheeler,salaried,T1,kanglish,90+,282,3300.0,33000.0,105600.0,,300-549,0,False,insufficient_funds,0.0,3,2,rule_based
AC002315,L01,credit_card,salaried,T1,hinglish,31-60,47,10600.0,21200.0,508800.0,,650-699,2,False,insufficient_funds,0.64,3,1,rule_based
AC002316,L06,two_wheeler,daily_wage,T3,english,90+,586,2300.0,27600.0,82800.0,,300-549,0,False,insufficient_funds,1.0,3,2,rule_based
AC002317,L01,credit_card,self_employed,T3,english,31-60,43,4000.0,8000.0,96000.0,,300-549,3,False,insufficient_funds,0.34,2,2,rule_based
AC002318,L05,msme,self_employed,T1,hinglish,31-60,37,19250.0,38500.0,654500.0,,300-549,6,False,insufficient_funds,0.0,0,0,rule_based
AC002319,L06,two_wheeler,self_employed,T2,hinglish,1-30,14,2600.0,2600.0,46800.0,,650-699,2,True,insufficient_funds,0.3,0,0,rule_based
AC002320,L02,consumer_durable,salaried,T3,english,1-30,15,2800.0,2800.0,75600.0,,300-549,1,False,insufficient_funds,0.21,2,2,rule_based
AC002321,L06,mfi_jlg,daily_wage,T1,kanglish,31-60,47,1100.0,2200.0,20900.0,,300-549,1,False,insufficient_funds,,3,0,rule_based
AC002322,L06,two_wheeler,self_employed,T3,hinglish,61-90,85,3400.0,10200.0,37400.0,,300-549,2,False,mandate_not_registered,,2,0,rule_based
AC002323,L06,mfi_jlg,self_employed,T3,english,1-30,18,2100.0,2100.0,31500.0,,300-549,4,False,insufficient_funds,0.01,1,1,rule_based
AC002324,L02,two_wheeler,daily_wage,T3,hinglish,31-60,38,2600.0,5200.0,93600.0,,300-549,0,False,insufficient_funds,0.34,1,0,rule_based
AC002325,L03,consumer_durable,salaried,T1,english,1-30,12,2900.0,2900.0,121800.0,5.0,550-649,2,False,insufficient_funds,,1,0,rule_based
AC002326,L03,pl_salaried,salaried,T2,hinglish,1-30,19,5200.0,5200.0,78000.0,25.0,550-649,1,False,insufficient_funds,0.69,2,2,rule_based
AC002327,L03,consumer_durable,salaried,T1,kanglish,1-30,9,1200.0,1200.0,22800.0,1.0,550-649,3,False,mandate_not_registered,0.6,0,0,rule_based
AC002328,L06,msme,self_employed,T1,kanglish,X,0,14450.0,14450.0,187850.0,,650-699,0,False,insufficient_funds,0.7,1,1,rule_based
AC002329,L05,msme,self_employed,T1,hinglish,1-30,12,19900.0,19900.0,218900.0,,550-649,6,True,insufficient_funds,0.64,3,1,rule_based
AC002330,L02,two_wheeler,self_employed,T1,kanglish,90+,283,3550.0,35500.0,85200.0,,300-549,2,True,insufficient_funds,,6,6,rule_based
AC002331,L06,msme,self_employed,T3,hinglish,61-90,89,28850.0,86550.0,1182850.0,,300-549,3,False,insufficient_funds,,0,0,rule_based
AC002332,L01,credit_card,salaried,T2,hinglish,X,0,7750.0,7750.0,294500.0,15.0,550-649,4,False,insufficient_funds,0.5,0,0,rule_based
AC002333,L06,mfi_jlg,self_employed,T1,hinglish,X,0,1400.0,1400.0,65800.0,,550-649,4,False,insufficient_funds,,0,0,rule_based
AC002334,L01,pl_salaried,self_employed,T2,hinglish,31-60,53,5200.0,10400.0,41600.0,,550-649,1,False,insufficient_funds,0.93,2,0,rule_based
AC002335,L01,credit_card,salaried,T2,hinglish,1-30,5,3150.0,3150.0,122850.0,15.0,550-649,2,False,insufficient_funds,,1,0,rule_based
AC002336,L06,two_wheeler,salaried,T1,hinglish,90+,149,4600.0,23000.0,161000.0,7.0,300-549,1,True,insufficient_funds,0.47,4,2,rule_based
AC002337,L01,credit_card,self_employed,T1,english,31-60,34,11550.0,23100.0,242550.0,,300-549,3,False,insufficient_funds,,3,1,rule_based
AC002338,L01,credit_card,salaried,T2,hinglish,90+,328,4150.0,45650.0,99600.0,25.0,300-549,1,True,stop_payment,,1,1,rule_based
AC002339,L05,msme,self_employed,T3,english,X,0,23700.0,23700.0,331800.0,,550-649,3,False,insufficient_funds,0.59,1,0,rule_based
AC002340,L01,pl_salaried,salaried,T1,english,90+,168,12050.0,72300.0,397650.0,,300-549,1,False,technical,0.68,3,2,rule_based
AC002341,L06,mfi_jlg,self_employed,T3,kanglish,61-90,73,1100.0,3300.0,46200.0,,300-549,5,True,insufficient_funds,0.0,0,0,rule_based
AC002342,L03,pl_salaried,salaried,T2,hinglish,61-90,63,16800.0,50400.0,235200.0,,300-549,2,True,insufficient_funds,0.53,3,3,rule_based
AC002343,L06,mfi_jlg,daily_wage,T2,hinglish,90+,450,2200.0,26400.0,99000.0,,300-549,1,False,mandate_not_registered,,5,3,rule_based
AC002344,L06,msme,self_employed,T1,hinglish,31-60,59,35000.0,70000.0,490000.0,,550-649,1,True,insufficient_funds,0.5,2,1,rule_based
AC002345,L01,credit_card,salaried,T2,hinglish,X,0,9150.0,9150.0,137250.0,25.0,550-649,3,False,insufficient_funds,0.71,2,1,rule_based
AC002346,L06,mfi_jlg,self_employed,T2,hinglish,31-60,55,1350.0,2700.0,12150.0,,300-549,4,False,insufficient_funds,0.07,2,2,rule_based
AC002347,L02,consumer_durable,self_employed,T1,kanglish,61-90,89,1750.0,5250.0,84000.0,,300-549,2,False,insufficient_funds,0.39,3,2,rule_based
AC002348,L05,msme,self_employed,T3,english,90+,109,36950.0,147800.0,812900.0,,300-549,1,False,insufficient_funds,0.64,2,0,rule_based
AC002349,L01,credit_card,salaried,T2,hinglish,31-60,55,3950.0,7900.0,126400.0,1.0,300-549,2,True,stop_payment,0.2,1,1,rule_based
AC002350,L02,two_wheeler,salaried,T1,english,61-90,85,2700.0,8100.0,40500.0,1.0,300-549,2,True,insufficient_funds,,3,3,random_contact_point
AC002351,L06,mfi_jlg,daily_wage,T1,kanglish,1-30,28,1250.0,1250.0,38750.0,,300-549,2,False,technical,0.17,1,1,rule_based
AC002352,L01,credit_card,salaried,T1,kanglish,1-30,8,7950.0,7950.0,286200.0,7.0,300-549,4,False,insufficient_funds,,0,0,rule_based
AC002353,L06,msme,self_employed,T3,kanglish,31-60,33,23400.0,46800.0,561600.0,,300-549,1,True,insufficient_funds,0.81,2,1,rule_based
AC002354,L01,credit_card,salaried,T1,kanglish,1-30,4,8400.0,8400.0,260400.0,10.0,300-549,2,False,insufficient_funds,0.44,1,0,rule_based
AC002355,L05,msme,self_employed,T2,hinglish,1-30,24,39400.0,39400.0,591000.0,,650-699,0,False,insufficient_funds,0.42,1,0,rule_based
AC002356,L01,pl_salaried,salaried,T3,kanglish,61-90,71,9550.0,28650.0,257850.0,7.0,550-649,1,False,insufficient_funds,0.73,1,0,rule_based
AC002357,L03,pl_salaried,salaried,T1,kanglish,31-60,58,8150.0,16300.0,260800.0,7.0,550-649,0,True,insufficient_funds,,1,0,random_contact_point
AC002358,L02,consumer_durable,salaried,T2,hinglish,31-60,36,2250.0,4500.0,24750.0,5.0,300-549,1,True,insufficient_funds,0.14,2,1,rule_based
AC002359,L06,msme,self_employed,T2,english,1-30,16,10300.0,10300.0,247200.0,,550-649,1,False,insufficient_funds,0.62,0,0,rule_based
AC002360,L02,consumer_durable,salaried,T3,kanglish,1-30,8,4100.0,4100.0,94300.0,,550-649,0,False,insufficient_funds,,0,0,rule_based
AC002361,L02,consumer_durable,salaried,T2,hinglish,61-90,80,1750.0,5250.0,26250.0,7.0,300-549,1,False,insufficient_funds,0.5,4,1,rule_based
AC002362,L02,two_wheeler,salaried,T1,kanglish,90+,106,2500.0,10000.0,32500.0,7.0,300-549,1,False,technical,0.04,3,3,rule_based
AC002363,L01,credit_card,salaried,T1,english,1-30,3,4950.0,4950.0,34650.0,1.0,650-699,3,True,insufficient_funds,0.71,0,0,rule_based
AC002364,L01,pl_salaried,salaried,T2,hinglish,61-90,64,14500.0,43500.0,348000.0,25.0,300-549,3,False,insufficient_funds,0.34,3,2,rule_based
AC002365,L06,two_wheeler,daily_wage,T2,hinglish,61-90,79,4350.0,13050.0,200100.0,,300-549,1,False,insufficient_funds,0.62,2,1,rule_based
AC002366,L03,pl_salaried,salaried,T3,hinglish,61-90,89,14150.0,42450.0,551850.0,1.0,300-549,0,False,insufficient_funds,0.48,0,0,rule_based
AC002367,L03,consumer_durable,daily_wage,T1,english,31-60,37,2100.0,4200.0,98700.0,,300-549,1,False,insufficient_funds,0.7,2,1,rule_based
AC002368,L03,pl_salaried,salaried,T1,hinglish,1-30,26,6700.0,6700.0,187600.0,28.0,300-549,4,False,insufficient_funds,0.27,2,2,rule_based
AC002369,L01,pl_salaried,salaried,T2,hinglish,61-90,82,5400.0,16200.0,70200.0,15.0,300-549,0,True,insufficient_funds,1.0,1,0,rule_based
AC002370,L03,pl_salaried,salaried,T1,hinglish,31-60,57,8350.0,16700.0,233800.0,5.0,300-549,1,False,insufficient_funds,,2,1,rule_based
AC002371,L01,pl_salaried,salaried,T2,hinglish,1-30,2,14650.0,14650.0,278350.0,,550-649,2,True,technical,0.62,0,0,rule_based
AC002372,L01,pl_salaried,salaried,T1,hinglish,1-30,28,13450.0,13450.0,430400.0,30.0,550-649,2,False,insufficient_funds,0.54,1,0,rule_based
AC002373,L04,mfi_jlg,daily_wage,T3,kanglish,31-60,31,750.0,1500.0,28500.0,,300-549,5,False,insufficient_funds,0.85,5,1,rule_based
AC002374,L01,credit_card,salaried,T1,hinglish,31-60,38,10100.0,20200.0,474700.0,15.0,550-649,4,False,insufficient_funds,0.62,1,1,rule_based
AC002375,L06,two_wheeler,daily_wage,T2,hinglish,90+,99,3400.0,13600.0,125800.0,,300-549,2,False,insufficient_funds,0.81,2,1,rule_based
AC002376,L03,consumer_durable,salaried,T2,hinglish,1-30,17,4150.0,4150.0,132800.0,1.0,550-649,0,False,insufficient_funds,0.99,3,1,rule_based
AC002377,L02,two_wheeler,self_employed,T1,hinglish,1-30,16,4500.0,4500.0,103500.0,,700-749,5,False,insufficient_funds,,0,0,random_contact_point
AC002378,L06,mfi_jlg,daily_wage,T2,hinglish,90+,249,950.0,8550.0,21850.0,,300-549,1,False,insufficient_funds,0.28,0,0,rule_based
AC002379,L01,credit_card,self_employed,T2,hinglish,1-30,15,10800.0,10800.0,216000.0,,650-699,1,False,insufficient_funds,0.88,1,0,rule_based
AC002380,L03,pl_salaried,salaried,T3,english,X,0,13000.0,13000.0,403000.0,,550-649,3,True,insufficient_funds,0.53,0,0,rule_based
AC002381,L01,credit_card,salaried,T2,hinglish,90+,144,10500.0,52500.0,546000.0,10.0,300-549,2,False,mandate_not_registered,0.46,3,1,rule_based
AC002382,L02,consumer_durable,salaried,T2,hinglish,90+,124,2650.0,13250.0,95400.0,,300-549,3,False,insufficient_funds,0.33,1,0,rule_based
AC002383,L06,mfi_jlg,self_employed,T2,hinglish,61-90,63,1900.0,5700.0,24700.0,,300-549,5,False,technical,0.41,2,2,rule_based
AC002384,L03,pl_salaried,salaried,T2,hinglish,1-30,15,15450.0,15450.0,169950.0,,550-649,2,True,insufficient_funds,,0,0,rule_based
AC002385,L02,two_wheeler,salaried,T3,kanglish,31-60,54,3000.0,6000.0,126000.0,1.0,300-549,2,False,insufficient_funds,0.48,1,1,rule_based
AC002386,L05,msme,self_employed,T1,kanglish,90+,101,16850.0,67400.0,758250.0,,300-549,3,False,insufficient_funds,0.55,6,4,rule_based
AC002387,L04,mfi_jlg,self_employed,T2,hinglish,90+,220,1400.0,11200.0,42000.0,,300-549,1,False,stop_payment,0.66,1,1,rule_based
AC002388,L02,two_wheeler,salaried,T3,english,X,0,3850.0,3850.0,73150.0,,700-749,3,False,insufficient_funds,0.48,2,0,rule_based
AC002389,L03,consumer_durable,daily_wage,T2,hinglish,90+,161,2150.0,12900.0,25800.0,,300-549,2,False,insufficient_funds,,3,2,rule_based
AC002390,L04,mfi_jlg,daily_wage,T2,hinglish,31-60,60,2150.0,4300.0,88150.0,,650-699,0,False,insufficient_funds,0.71,2,1,rule_based
AC002391,L04,mfi_jlg,self_employed,T3,hinglish,X,0,850.0,850.0,34000.0,,700-749,2,False,mandate_not_registered,,0,0,rule_based
AC002392,L01,pl_salaried,salaried,T2,hinglish,X,0,7150.0,7150.0,243100.0,,550-649,4,False,insufficient_funds,,1,1,rule_based
AC002393,L01,pl_salaried,salaried,T2,hinglish,X,0,8100.0,8100.0,380700.0,15.0,550-649,2,False,stop_payment,0.56,0,0,rule_based
AC002394,L03,consumer_durable,salaried,T1,kanglish,90+,205,3100.0,21700.0,62000.0,,300-549,3,False,insufficient_funds,,4,3,rule_based
AC002395,L02,two_wheeler,daily_wage,T1,kanglish,1-30,7,4600.0,4600.0,188600.0,,550-649,0,False,insufficient_funds,,1,0,rule_based
AC002396,L01,credit_card,salaried,T1,kanglish,61-90,84,4950.0,14850.0,242550.0,5.0,300-549,0,False,insufficient_funds,0.84,1,1,rule_based
AC002397,L06,two_wheeler,salaried,T3,hinglish,X,0,2650.0,2650.0,87450.0,30.0,550-649,4,True,insufficient_funds,,0,0,rule_based
AC002398,L01,pl_salaried,salaried,T2,hinglish,61-90,84,3650.0,10950.0,131400.0,,550-649,3,True,insufficient_funds,1.0,5,1,rule_based
AC002399,L06,msme,self_employed,T3,kanglish,31-60,43,21350.0,42700.0,832650.0,,300-549,2,True,insufficient_funds,0.24,1,1,rule_based
AC002400,L03,pl_salaried,salaried,T1,hinglish,90+,169,16050.0,96300.0,417300.0,,300-549,2,False,insufficient_funds,0.51,3,1,rule_based
