phone_id,account_id,source,relation_recorded,added_date,phone_masked,priority_slot
PH000611,AC000001,kyc_origination,self,2026-04-01,XXXXXX7289,0
PH000612,AC000001,bureau,self,2026-04-01,XXXXXX0099,1
PH000613,AC000002,kyc_origination,self,2026-04-01,XXXXXX2068,0
PH000581,AC000002,employer,office,2026-04-01,XXXXXX8219,1
PH000614,AC000002,reference,reference_mother,2026-04-01,XXXXXX5322,2
PH000615,AC000003,kyc_origination,self,2026-04-01,XXXXXX6395,0
PH000616,AC000003,bureau,self,2026-04-01,XXXXXX8433,1
PH000617,AC000003,reference,reference_mother,2026-04-01,XXXXXX7977,2
PH000618,AC000004,kyc_origination,self,2026-04-01,XXXXXX1043,0
PH000619,AC000004,bureau,self,2026-04-01,XXXXXX3787,1
PH000620,AC000005,kyc_origination,self,2026-04-01,XXXXXX2273,0
PH000621,AC000005,bureau,self,2026-04-01,XXXXXX6924,1
PH000622,AC000006,kyc_origination,self,2026-04-01,XXXXXX6448,0
PH000623,AC000006,borrower_update,self,2026-04-01,XXXXXX6878,1
PH000624,AC000006,bureau,self,2026-04-01,XXXXXX6948,2
PH000625,AC000007,kyc_origination,self,2026-04-01,XXXXXX3121,0
PH000626,AC000007,reference,reference_spouse,2026-04-01,XXXXXX7923,1
PH000627,AC000008,kyc_origination,self,2026-04-01,XXXXXX6570,0
PH000628,AC000008,borrower_update,self,2026-04-01,XXXXXX0402,1
PH000629,AC000008,reference,reference_father,2026-04-01,XXXXXX8674,2
PH000630,AC000009,kyc_origination,self,2026-04-01,XXXXXX4458,0
PH000631,AC000009,bureau,self,2026-04-01,XXXXXX4117,1
PH000632,AC000010,kyc_origination,self,2026-04-01,XXXXXX1472,0
PH000633,AC000010,bureau,self,2026-04-01,XXXXXX2404,1
PH000420,AC000010,employer,office,2026-04-01,XXXXXX4690,2
PH000634,AC000011,kyc_origination,self,2026-04-01,XXXXXX1513,0
PH000635,AC000011,borrower_update,self,2026-04-01,XXXXXX1316,1
PH000636,AC000011,reference,reference_friend,2026-04-01,XXXXXX2536,2
PH000637,AC000012,kyc_origination,self,2026-04-01,XXXXXX9334,0
PH000638,AC000012,reference,reference_spouse,2026-04-01,XXXXXX7692,1
PH000639,AC000013,kyc_origination,self,2026-04-01,XXXXXX4145,0
PH000640,AC000014,kyc_origination,self,2026-04-01,XXXXXX2974,0
PH000641,AC000014,bureau,self,2026-04-01,XXXXXX8554,1
PH000642,AC000015,kyc_origination,self,2026-04-01,XXXXXX7483,0
PH000643,AC000015,borrower_update,self,2026-04-01,XXXXXX9887,1
PH000644,AC000015,reference,reference_spouse,2026-04-01,XXXXXX7185,2
PH000645,AC000016,kyc_origination,self,2026-04-01,XXXXXX4428,0
PH000646,AC000016,bureau,self,2026-04-01,XXXXXX4110,1
PH000647,AC000016,reference,reference_father,2026-04-01,XXXXXX4856,2
PH000648,AC000017,kyc_origination,self,2026-04-01,XXXXXX7616,0
PH000649,AC000017,bureau,self,2026-04-01,XXXXXX0085,1
PH000286,AC000017,employer,office,2026-04-01,XXXXXX5160,2
PH000650,AC000017,reference,reference_brother,2026-04-01,XXXXXX5910,3
PH000651,AC000018,kyc_origination,self,2026-04-01,XXXXXX2247,0
PH000652,AC000018,borrower_update,self,2026-04-01,XXXXXX7556,1
PH000653,AC000018,bureau,self,2026-04-01,XXXXXX6487,2
PH000654,AC000019,kyc_origination,self,2026-04-01,XXXXXX3285,0
PH000655,AC000019,borrower_update,self,2026-04-01,XXXXXX9798,1
PH000656,AC000020,kyc_origination,self,2026-04-01,XXXXXX2332,0
PH000657,AC000020,bureau,self,2026-04-01,XXXXXX0000,1
PH000658,AC000021,kyc_origination,self,2026-04-01,XXXXXX2595,0
PH000659,AC000022,kyc_origination,self,2026-04-01,XXXXXX7937,0
PH000258,AC000022,employer,office,2026-04-01,XXXXXX5659,1
PH000660,AC000023,kyc_origination,self,2026-04-01,XXXXXX3336,0
PH000661,AC000023,bureau,self,2026-04-01,XXXXXX0779,1
PH000662,AC000023,reference,reference_father,2026-04-01,XXXXXX8709,2
PH000663,AC000024,kyc_origination,self,2026-04-01,XXXXXX9346,0
PH000664,AC000024,borrower_update,self,2026-04-01,XXXXXX8027,1
PH000665,AC000024,reference,reference_friend,2026-04-01,XXXXXX6180,2
PH000666,AC000025,kyc_origination,self,2026-04-01,XXXXXX2764,0
PH000465,AC000025,employer,office,2026-04-01,XXXXXX4351,1
PH000667,AC000026,kyc_origination,self,2026-04-01,XXXXXX0921,0
PH000668,AC000026,borrower_update,self,2026-04-01,XXXXXX9806,1
PH000669,AC000026,bureau,self,2026-04-01,XXXXXX4259,2
PH000670,AC000026,reference,reference_brother,2026-04-01,XXXXXX7540,3
PH000671,AC000027,kyc_origination,self,2026-04-01,XXXXXX0834,0
PH000672,AC000027,borrower_update,self,2026-04-01,XXXXXX4957,1
PH000673,AC000027,reference,reference_friend,2026-04-01,XXXXXX3134,2
PH000674,AC000028,kyc_origination,self,2026-04-01,XXXXXX3132,0
PH000675,AC000028,bureau,self,2026-04-01,XXXXXX7947,1
PH000676,AC000029,kyc_origination,self,2026-04-01,XXXXXX0250,0
PH000677,AC000029,bureau,self,2026-04-01,XXXXXX3619,1
PH000678,AC000029,reference,reference_friend,2026-04-01,XXXXXX0641,2
PH000679,AC000030,kyc_origination,self,2026-04-01,XXXXXX0425,0
PH000680,AC000030,borrower_update,self,2026-04-01,XXXXXX6091,1
PH000681,AC000030,bureau,self,2026-04-01,XXXXXX2304,2
PH000682,AC000031,kyc_origination,self,2026-04-01,XXXXXX7358,0
PH000683,AC000031,borrower_update,self,2026-04-01,XXXXXX0266,1
PH000684,AC000031,bureau,self,2026-04-01,XXXXXX4520,2
PH000685,AC000032,kyc_origination,self,2026-04-01,XXXXXX7062,0
PH000686,AC000032,borrower_update,self,2026-04-01,XXXXXX6337,1
PH000687,AC000032,reference,reference_brother,2026-04-01,XXXXXX2311,2
PH000688,AC000033,kyc_origination,self,2026-04-01,XXXXXX6657,0
PH000689,AC000034,kyc_origination,self,2026-04-01,XXXXXX3438,0
PH000690,AC000034,reference,reference_friend,2026-04-01,XXXXXX9895,1
PH000691,AC000035,kyc_origination,self,2026-04-01,XXXXXX3997,0
PH000602,AC000035,employer,office,2026-04-01,XXXXXX0589,1
PH000692,AC000035,reference,reference_spouse,2026-04-01,XXXXXX3258,2
PH000693,AC000036,kyc_origination,self,2026-04-01,XXXXXX9276,0
PH000694,AC000036,borrower_update,self,2026-04-01,XXXXXX1331,1
PH000695,AC000036,bureau,self,2026-04-01,XXXXXX6272,2
PH000696,AC000037,kyc_origination,self,2026-04-01,XXXXXX1351,0
PH000697,AC000037,bureau,self,2026-04-01,XXXXXX4303,1
PH000698,AC000038,kyc_origination,self,2026-04-01,XXXXXX6042,0
PH000699,AC000038,reference,reference_spouse,2026-04-01,XXXXXX0941,1
PH000700,AC000039,kyc_origination,self,2026-04-01,XXXXXX6117,0
PH000291,AC000039,employer,office,2026-04-01,XXXXXX4622,1
PH000701,AC000040,kyc_origination,self,2026-04-01,XXXXXX7101,0
PH000702,AC000040,borrower_update,self,2026-04-01,XXXXXX4487,1
PH000703,AC000041,kyc_origination,self,2026-04-01,XXXXXX8252,0
PH000704,AC000041,bureau,self,2026-04-01,XXXXXX5894,1
PH000705,AC000041,reference,reference_brother,2026-04-01,XXXXXX7973,2
PH000706,AC000042,kyc_origination,self,2026-04-01,XXXXXX8600,0
PH000263,AC000042,employer,office,2026-04-01,XXXXXX6837,1
PH000707,AC000042,reference,reference_father,2026-04-01,XXXXXX5432,2
PH000708,AC000043,kyc_origination,self,2026-04-01,XXXXXX3395,0
PH000709,AC000043,borrower_update,self,2026-04-01,XXXXXX6948,1
PH000710,AC000043,bureau,self,2026-04-01,XXXXXX7485,2
PH000711,AC000043,reference,reference_spouse,2026-04-01,XXXXXX6977,3
PH000712,AC000044,kyc_origination,self,2026-04-01,XXXXXX3953,0
PH000713,AC000044,bureau,self,2026-04-01,XXXXXX3866,1
PH000714,AC000045,kyc_origination,self,2026-04-01,XXXXXX7434,0
PH000715,AC000045,borrower_update,self,2026-04-01,XXXXXX4425,1
PH000716,AC000045,bureau,self,2026-04-01,XXXXXX1980,2
PH000717,AC000045,reference,reference_brother,2026-04-01,XXXXXX6829,3
PH000718,AC000046,kyc_origination,self,2026-04-01,XXXXXX4547,0
PH000719,AC000046,reference,reference_spouse,2026-04-01,XXXXXX6466,1
PH000720,AC000047,kyc_origination,self,2026-04-01,XXXXXX1242,0
PH000721,AC000048,kyc_origination,self,2026-04-01,XXXXXX8903,0
PH000722,AC000049,kyc_origination,self,2026-04-01,XXXXXX8748,0
PH000723,AC000049,borrower_update,self,2026-04-01,XXXXXX6855,1
PH000724,AC000050,kyc_origination,self,2026-04-01,XXXXXX2461,0
PH000725,AC000050,reference,reference_brother,2026-04-01,XXXXXX2500,1
PH000726,AC000051,kyc_origination,self,2026-04-01,XXXXXX3196,0
PH000727,AC000051,borrower_update,self,2026-04-01,XXXXXX3501,1
PH000728,AC000052,kyc_origination,self,2026-04-01,XXXXXX8617,0
PH000729,AC000052,bureau,self,2026-04-01,XXXXXX8941,1
PH000730,AC000053,kyc_origination,self,2026-04-01,XXXXXX1534,0
PH000731,AC000053,bureau,self,2026-04-01,XXXXXX5364,1
PH000732,AC000054,kyc_origination,self,2026-04-01,XXXXXX8908,0
PH000733,AC000054,borrower_update,self,2026-04-01,XXXXXX9965,1
PH000734,AC000054,reference,reference_friend,2026-04-01,XXXXXX4964,2
PH000735,AC000055,kyc_origination,self,2026-04-01,XXXXXX6863,0
PH000736,AC000055,borrower_update,self,2026-04-01,XXXXXX8959,1
PH000045,AC000056,kyc_origination,self,2026-04-01,XXXXXX8863,0
PH000737,AC000056,borrower_update,self,2026-04-01,XXXXXX8360,1
PH000738,AC000056,reference,reference_spouse,2026-04-01,XXXXXX6866,2
PH000739,AC000057,kyc_origination,self,2026-04-01,XXXXXX5980,0
PH000740,AC000057,borrower_update,self,2026-04-01,XXXXXX2413,1
PH000741,AC000057,bureau,self,2026-04-01,XXXXXX8237,2
PH000498,AC000057,employer,office,2026-04-01,XXXXXX7039,3
PH000742,AC000057,reference,reference_brother,2026-04-01,XXXXXX8791,4
PH000743,AC000058,kyc_origination,self,2026-04-01,XXXXXX4316,0
PH000744,AC000058,reference,reference_spouse,2026-04-01,XXXXXX8811,1
PH000745,AC000059,kyc_origination,self,2026-04-01,XXXXXX8068,0
PH000746,AC000059,bureau,self,2026-04-01,XXXXXX8057,1
PH000747,AC000060,kyc_origination,self,2026-04-01,XXXXXX8692,0
PH000748,AC000060,borrower_update,self,2026-04-01,XXXXXX5107,1
PH000749,AC000060,bureau,self,2026-04-01,XXXXXX4073,2
PH000750,AC000060,reference,reference_father,2026-04-01,XXXXXX2587,3
PH000751,AC000061,kyc_origination,self,2026-04-01,XXXXXX2261,0
PH000752,AC000062,kyc_origination,self,2026-04-01,XXXXXX2738,0
PH000753,AC000062,borrower_update,self,2026-04-01,XXXXXX6515,1
PH000754,AC000063,kyc_origination,self,2026-04-01,XXXXXX2892,0
PH000755,AC000063,reference,reference_spouse,2026-04-01,XXXXXX8716,1
PH000756,AC000064,kyc_origination,self,2026-04-01,XXXXXX1410,0
PH000757,AC000064,reference,reference_brother,2026-04-01,XXXXXX6149,1
PH000758,AC000065,kyc_origination,self,2026-04-01,XXXXXX9059,0
PH000759,AC000065,reference,reference_friend,2026-04-01,XXXXXX8438,1
PH000760,AC000066,kyc_origination,self,2026-04-01,XXXXXX0152,0
PH000761,AC000066,reference,reference_spouse,2026-04-01,XXXXXX1395,1
PH000762,AC000067,kyc_origination,self,2026-04-01,XXXXXX0529,0
PH000763,AC000067,borrower_update,self,2026-04-01,XXXXXX6630,1
PH000764,AC000067,reference,reference_father,2026-04-01,XXXXXX7162,2
PH000765,AC000068,kyc_origination,self,2026-04-01,XXXXXX5000,0
PH000766,AC000068,bureau,self,2026-04-01,XXXXXX0531,1
PH000767,AC000068,reference,reference_mother,2026-04-01,XXXXXX9254,2
PH000768,AC000069,kyc_origination,self,2026-04-01,XXXXXX8955,0
PH000769,AC000069,borrower_update,self,2026-04-01,XXXXXX1065,1
PH000770,AC000069,bureau,self,2026-04-01,XXXXXX5898,2
PH000771,AC000070,kyc_origination,self,2026-04-01,XXXXXX5859,0
PH000772,AC000070,borrower_update,self,2026-04-01,XXXXXX6894,1
PH000773,AC000071,kyc_origination,self,2026-04-01,XXXXXX2219,0
PH000774,AC000071,bureau,self,2026-04-01,XXXXXX1324,1
PH000775,AC000072,kyc_origination,self,2026-04-01,XXXXXX3740,0
PH000776,AC000072,borrower_update,self,2026-04-01,XXXXXX0398,1
PH000777,AC000072,reference,reference_brother,2026-04-01,XXXXXX3238,2
PH000778,AC000073,kyc_origination,self,2026-04-01,XXXXXX5748,0
PH000779,AC000073,reference,reference_brother,2026-04-01,XXXXXX8630,1
PH000780,AC000074,kyc_origination,self,2026-04-01,XXXXXX0600,0
PH000781,AC000074,reference,reference_friend,2026-04-01,XXXXXX5818,1
PH000782,AC000075,kyc_origination,self,2026-04-01,XXXXXX2427,0
PH000783,AC000076,kyc_origination,self,2026-04-01,XXXXXX6151,0
PH000784,AC000076,reference,reference_father,2026-04-01,XXXXXX3699,1
PH000785,AC000077,kyc_origination,self,2026-04-01,XXXXXX8899,0
PH000786,AC000077,reference,reference_friend,2026-04-01,XXXXXX7316,1
PH000241,AC000078,kyc_origination,self,2026-04-01,XXXXXX2576,0
PH000787,AC000078,borrower_update,self,2026-04-01,XXXXXX3357,1
PH000788,AC000079,kyc_origination,self,2026-04-01,XXXXXX2437,0
PH000346,AC000079,employer,office,2026-04-01,XXXXXX9490,1
PH000789,AC000080,kyc_origination,self,2026-04-01,XXXXXX6214,0
PH000790,AC000080,borrower_update,self,2026-04-01,XXXXXX3811,1
PH000791,AC000080,reference,reference_spouse,2026-04-01,XXXXXX9160,2
PH000792,AC000081,kyc_origination,self,2026-04-01,XXXXXX6821,0
PH000793,AC000082,kyc_origination,self,2026-04-01,XXXXXX4763,0
PH000794,AC000082,borrower_update,self,2026-04-01,XXXXXX3423,1
PH000795,AC000082,bureau,self,2026-04-01,XXXXXX3333,2
PH000796,AC000082,reference,reference_spouse,2026-04-01,XXXXXX3292,3
PH000797,AC000083,kyc_origination,self,2026-04-01,XXXXXX2664,0
PH000798,AC000083,reference,reference_friend,2026-04-01,XXXXXX4827,1
PH000799,AC000084,kyc_origination,self,2026-04-01,XXXXXX8301,0
PH000800,AC000084,bureau,self,2026-04-01,XXXXXX7797,1
PH000801,AC000084,reference,reference_friend,2026-04-01,XXXXXX6890,2
PH000802,AC000085,kyc_origination,self,2026-04-01,XXXXXX1025,0
PH000803,AC000085,borrower_update,self,2026-04-01,XXXXXX8075,1
PH000804,AC000085,bureau,self,2026-04-01,XXXXXX2839,2
PH000805,AC000085,reference,reference_brother,2026-04-01,XXXXXX7561,3
PH000806,AC000086,kyc_origination,self,2026-04-01,XXXXXX6055,0
PH000807,AC000086,reference,reference_father,2026-04-01,XXXXXX4375,1
PH000808,AC000087,kyc_origination,self,2026-04-01,XXXXXX4616,0
PH000809,AC000087,bureau,self,2026-04-01,XXXXXX6855,1
PH000810,AC000087,reference,reference_spouse,2026-04-01,XXXXXX2987,2
PH000811,AC000088,kyc_origination,self,2026-04-01,XXXXXX5880,0
PH000812,AC000088,bureau,self,2026-04-01,XXXXXX6919,1
PH000813,AC000088,reference,reference_spouse,2026-04-01,XXXXXX1791,2
PH000814,AC000089,kyc_origination,self,2026-04-01,XXXXXX7121,0
PH000815,AC000089,borrower_update,self,2026-04-01,XXXXXX7323,1
PH000816,AC000089,reference,reference_spouse,2026-04-01,XXXXXX4604,2
PH000817,AC000090,kyc_origination,self,2026-04-01,XXXXXX6679,0
PH000818,AC000091,kyc_origination,self,2026-04-01,XXXXXX8183,0
PH000819,AC000091,bureau,self,2026-04-01,XXXXXX4719,1
PH000820,AC000091,reference,reference_friend,2026-04-01,XXXXXX0246,2
PH000821,AC000092,kyc_origination,self,2026-04-01,XXXXXX5343,0
PH000822,AC000092,borrower_update,self,2026-04-01,XXXXXX0649,1
PH000823,AC000092,reference,reference_father,2026-04-01,XXXXXX4400,2
PH000824,AC000093,kyc_origination,self,2026-04-01,XXXXXX3197,0
PH000825,AC000093,reference,reference_spouse,2026-04-01,XXXXXX3775,1
PH000826,AC000094,kyc_origination,self,2026-04-01,XXXXXX6256,0
PH000827,AC000094,reference,reference_spouse,2026-04-01,XXXXXX3318,1
PH000828,AC000095,kyc_origination,self,2026-04-01,XXXXXX0332,0
PH000829,AC000095,borrower_update,self,2026-04-01,XXXXXX7305,1
PH000830,AC000095,reference,reference_friend,2026-04-01,XXXXXX9818,2
PH000831,AC000096,kyc_origination,self,2026-04-01,XXXXXX4058,0
PH000832,AC000096,bureau,self,2026-04-01,XXXXXX6529,1
PH000833,AC000096,reference,reference_father,2026-04-01,XXXXXX6521,2
PH000834,AC000097,kyc_origination,self,2026-04-01,XXXXXX6333,0
PH000835,AC000097,borrower_update,self,2026-04-01,XXXXXX5626,1
PH000836,AC000097,reference,reference_spouse,2026-04-01,XXXXXX4480,2
PH000837,AC000098,kyc_origination,self,2026-04-01,XXXXXX1918,0
PH000838,AC000098,bureau,self,2026-04-01,XXXXXX5609,1
PH000839,AC000098,reference,reference_spouse,2026-04-01,XXXXXX7376,2
PH000840,AC000099,kyc_origination,self,2026-04-01,XXXXXX5581,0
PH000841,AC000099,reference,reference_brother,2026-04-01,XXXXXX5579,1
PH000842,AC000100,kyc_origination,self,2026-04-01,XXXXXX1782,0
PH000843,AC000101,kyc_origination,self,2026-04-01,XXXXXX2263,0
PH000844,AC000102,kyc_origination,self,2026-04-01,XXXXXX9522,0
PH000845,AC000102,borrower_update,self,2026-04-01,XXXXXX4635,1
PH000347,AC000102,employer,office,2026-04-01,XXXXXX9678,2
PH000846,AC000102,reference,reference_father,2026-04-01,XXXXXX4810,3
PH000847,AC000103,kyc_origination,self,2026-04-01,XXXXXX7736,0
PH000848,AC000104,kyc_origination,self,2026-04-01,XXXXXX3205,0
PH000849,AC000105,kyc_origination,self,2026-04-01,XXXXXX8592,0
PH000850,AC000105,reference,reference_brother,2026-04-01,XXXXXX7910,1
PH000851,AC000106,kyc_origination,self,2026-04-01,XXXXXX0698,0
PH000852,AC000106,reference,reference_friend,2026-04-01,XXXXXX1537,1
PH000853,AC000107,kyc_origination,self,2026-04-01,XXXXXX7402,0
PH000854,AC000107,borrower_update,self,2026-04-01,XXXXXX6701,1
PH000855,AC000108,kyc_origination,self,2026-04-01,XXXXXX5723,0
PH000856,AC000108,reference,reference_father,2026-04-01,XXXXXX8995,1
PH000229,AC000109,kyc_origination,self,2026-04-01,XXXXXX4114,0
PH000857,AC000109,reference,reference_father,2026-04-01,XXXXXX7188,1
PH000858,AC000110,kyc_origination,self,2026-04-01,XXXXXX1744,0
PH000859,AC000111,kyc_origination,self,2026-04-01,XXXXXX7319,0
PH000860,AC000111,borrower_update,self,2026-04-01,XXXXXX2683,1
PH000464,AC000111,employer,office,2026-04-01,XXXXXX2959,2
PH000861,AC000111,reference,reference_father,2026-04-01,XXXXXX6783,3
PH000862,AC000112,kyc_origination,self,2026-04-01,XXXXXX6768,0
PH000863,AC000112,reference,reference_spouse,2026-04-01,XXXXXX8038,1
PH000864,AC000113,kyc_origination,self,2026-04-01,XXXXXX3722,0
PH000865,AC000113,reference,reference_father,2026-04-01,XXXXXX5136,1
PH000866,AC000114,kyc_origination,self,2026-04-01,XXXXXX0285,0
PH000867,AC000115,kyc_origination,self,2026-04-01,XXXXXX8491,0
PH000868,AC000115,reference,reference_father,2026-04-01,XXXXXX3359,1
PH000869,AC000116,kyc_origination,self,2026-04-01,XXXXXX9949,0
PH000870,AC000116,reference,reference_spouse,2026-04-01,XXXXXX3429,1
PH000871,AC000117,kyc_origination,self,2026-04-01,XXXXXX4731,0
PH000872,AC000117,reference,reference_friend,2026-04-01,XXXXXX2243,1
PH000873,AC000118,kyc_origination,self,2026-04-01,XXXXXX8733,0
PH000874,AC000118,reference,reference_father,2026-04-01,XXXXXX5788,1
PH000875,AC000119,kyc_origination,self,2026-04-01,XXXXXX1540,0
PH000876,AC000119,bureau,self,2026-04-01,XXXXXX4219,1
PH000877,AC000119,reference,reference_spouse,2026-04-01,XXXXXX1656,2
PH000878,AC000120,kyc_origination,self,2026-04-01,XXXXXX2534,0
PH000476,AC000120,employer,office,2026-04-01,XXXXXX8933,1
PH000879,AC000121,kyc_origination,self,2026-04-01,XXXXXX7486,0
PH000880,AC000121,reference,reference_friend,2026-04-01,XXXXXX1159,1
PH000881,AC000122,kyc_origination,self,2026-04-01,XXXXXX7666,0
PH000882,AC000122,bureau,self,2026-04-01,XXXXXX7695,1
PH000513,AC000122,employer,office,2026-04-01,XXXXXX1225,2
PH000883,AC000122,reference,reference_father,2026-04-01,XXXXXX8741,3
PH000884,AC000123,kyc_origination,self,2026-04-01,XXXXXX4641,0
PH000885,AC000123,borrower_update,self,2026-04-01,XXXXXX6173,1
PH000886,AC000123,reference,reference_spouse,2026-04-01,XXXXXX1334,2
PH000887,AC000124,kyc_origination,self,2026-04-01,XXXXXX9737,0
PH000888,AC000124,bureau,self,2026-04-01,XXXXXX5455,1
PH000889,AC000125,kyc_origination,self,2026-04-01,XXXXXX4414,0
PH000890,AC000125,reference,reference_father,2026-04-01,XXXXXX3472,1
PH000064,AC000126,kyc_origination,self,2026-04-01,XXXXXX3877,0
PH000891,AC000126,borrower_update,self,2026-04-01,XXXXXX6941,1
PH000892,AC000127,kyc_origination,self,2026-04-01,XXXXXX3908,0
PH000893,AC000127,borrower_update,self,2026-04-01,XXXXXX9984,1
PH000894,AC000127,reference,reference_friend,2026-04-01,XXXXXX2219,2
PH000895,AC000128,kyc_origination,self,2026-04-01,XXXXXX8929,0
PH000896,AC000128,borrower_update,self,2026-04-01,XXXXXX3043,1
PH000355,AC000128,employer,office,2026-04-01,XXXXXX0237,2
PH000897,AC000128,reference,reference_spouse,2026-04-01,XXXXXX5180,3
PH000898,AC000129,kyc_origination,self,2026-04-01,XXXXXX5208,0
PH000899,AC000129,reference,reference_brother,2026-04-01,XXXXXX4767,1
PH000900,AC000130,kyc_origination,self,2026-04-01,XXXXXX1457,0
PH000901,AC000130,reference,reference_father,2026-04-01,XXXXXX3871,1
PH000902,AC000131,kyc_origination,self,2026-04-01,XXXXXX3238,0
PH000903,AC000131,borrower_update,self,2026-04-01,XXXXXX3950,1
PH000904,AC000131,bureau,self,2026-04-01,XXXXXX1765,2
PH000385,AC000131,employer,office,2026-04-01,XXXXXX6099,3
PH000905,AC000131,reference,reference_brother,2026-04-01,XXXXXX5256,4
PH000906,AC000132,kyc_origination,self,2026-04-01,XXXXXX6088,0
PH000907,AC000132,reference,reference_spouse,2026-04-01,XXXXXX8714,1
PH000908,AC000133,kyc_origination,self,2026-04-01,XXXXXX5896,0
PH000909,AC000134,kyc_origination,self,2026-04-01,XXXXXX6681,0
PH000910,AC000134,borrower_update,self,2026-04-01,XXXXXX8267,1
PH000911,AC000135,kyc_origination,self,2026-04-01,XXXXXX1448,0
PH000912,AC000135,reference,reference_friend,2026-04-01,XXXXXX0483,1
PH000913,AC000136,kyc_origination,self,2026-04-01,XXXXXX9475,0
PH000914,AC000136,borrower_update,self,2026-04-01,XXXXXX1364,1
PH000915,AC000137,kyc_origination,self,2026-04-01,XXXXXX2783,0
PH000916,AC000137,bureau,self,2026-04-01,XXXXXX5693,1
PH000027,AC000138,kyc_origination,self,2026-04-01,XXXXXX8743,0
PH000917,AC000138,reference,reference_spouse,2026-04-01,XXXXXX6673,1
PH000918,AC000139,kyc_origination,self,2026-04-01,XXXXXX8904,0
PH000919,AC000140,kyc_origination,self,2026-04-01,XXXXXX2773,0
PH000920,AC000141,kyc_origination,self,2026-04-01,XXXXXX0483,0
PH000921,AC000142,kyc_origination,self,2026-04-01,XXXXXX2147,0
PH000922,AC000142,bureau,self,2026-04-01,XXXXXX8209,1
PH000923,AC000142,reference,reference_friend,2026-04-01,XXXXXX4870,2
PH000924,AC000143,kyc_origination,self,2026-04-01,XXXXXX7846,0
PH000925,AC000143,reference,reference_spouse,2026-04-01,XXXXXX6238,1
PH000926,AC000144,kyc_origination,self,2026-04-01,XXXXXX4181,0
PH000927,AC000144,borrower_update,self,2026-04-01,XXXXXX6366,1
PH000928,AC000144,reference,reference_brother,2026-04-01,XXXXXX0233,2
PH000929,AC000145,kyc_origination,self,2026-04-01,XXXXXX3094,0
PH000930,AC000146,kyc_origination,self,2026-04-01,XXXXXX0254,0
PH000931,AC000147,kyc_origination,self,2026-04-01,XXXXXX0016,0
PH000932,AC000147,borrower_update,self,2026-04-01,XXXXXX0735,1
PH000933,AC000147,bureau,self,2026-04-01,XXXXXX5801,2
PH000499,AC000147,employer,office,2026-04-01,XXXXXX2016,3
PH000934,AC000147,reference,reference_father,2026-04-01,XXXXXX0276,4
PH000935,AC000148,kyc_origination,self,2026-04-01,XXXXXX3691,0
PH000441,AC000148,employer,office,2026-04-01,XXXXXX2467,1
PH000936,AC000149,kyc_origination,self,2026-04-01,XXXXXX2718,0
PH000937,AC000149,reference,reference_friend,2026-04-01,XXXXXX5122,1
PH000938,AC000150,kyc_origination,self,2026-04-01,XXXXXX4683,0
PH000939,AC000151,kyc_origination,self,2026-04-01,XXXXXX8374,0
PH000940,AC000151,borrower_update,self,2026-04-01,XXXXXX3269,1
PH000941,AC000151,bureau,self,2026-04-01,XXXXXX4382,2
PH000547,AC000151,employer,office,2026-04-01,XXXXXX2956,3
PH000942,AC000151,reference,reference_spouse,2026-04-01,XXXXXX4053,4
PH000943,AC000152,kyc_origination,self,2026-04-01,XXXXXX5659,0
PH000944,AC000152,reference,reference_spouse,2026-04-01,XXXXXX4254,1
PH000143,AC000153,kyc_origination,self,2026-04-01,XXXXXX3179,0
PH000945,AC000153,bureau,self,2026-04-01,XXXXXX4594,1
PH000489,AC000153,employer,office,2026-04-01,XXXXXX4339,2
PH000946,AC000153,reference,reference_spouse,2026-04-01,XXXXXX2401,3
PH000947,AC000154,kyc_origination,self,2026-04-01,XXXXXX7944,0
PH000948,AC000154,reference,reference_mother,2026-04-01,XXXXXX5577,1
PH000949,AC000155,kyc_origination,self,2026-04-01,XXXXXX7652,0
PH000950,AC000156,kyc_origination,self,2026-04-01,XXXXXX0132,0
PH000951,AC000156,bureau,self,2026-04-01,XXXXXX8485,1
PH000362,AC000156,employer,office,2026-04-01,XXXXXX1345,2
PH000952,AC000157,kyc_origination,self,2026-04-01,XXXXXX4124,0
PH000953,AC000158,kyc_origination,self,2026-04-01,XXXXXX6033,0
PH000954,AC000158,bureau,self,2026-04-01,XXXXXX9698,1
PH000602,AC000158,employer,office,2026-04-01,XXXXXX0589,2
PH000955,AC000158,reference,reference_father,2026-04-01,XXXXXX2457,3
PH000956,AC000159,kyc_origination,self,2026-04-01,XXXXXX8514,0
PH000957,AC000160,kyc_origination,self,2026-04-01,XXXXXX7918,0
PH000958,AC000161,kyc_origination,self,2026-04-01,XXXXXX2461,0
PH000959,AC000161,borrower_update,self,2026-04-01,XXXXXX9501,1
PH000960,AC000161,reference,reference_brother,2026-04-01,XXXXXX7542,2
PH000167,AC000162,kyc_origination,self,2026-04-01,XXXXXX8885,0
PH000961,AC000162,borrower_update,self,2026-04-01,XXXXXX0822,1
PH000962,AC000162,bureau,self,2026-04-01,XXXXXX5637,2
PH000963,AC000162,reference,reference_father,2026-04-01,XXXXXX0490,3
PH000964,AC000163,kyc_origination,self,2026-04-01,XXXXXX0265,0
PH000965,AC000163,borrower_update,self,2026-04-01,XXXXXX7262,1
PH000966,AC000163,bureau,self,2026-04-01,XXXXXX2510,2
PH000967,AC000164,kyc_origination,self,2026-04-01,XXXXXX2532,0
PH000968,AC000164,reference,reference_brother,2026-04-01,XXXXXX3251,1
PH000969,AC000165,kyc_origination,self,2026-04-01,XXXXXX5803,0
PH000970,AC000165,borrower_update,self,2026-04-01,XXXXXX9748,1
PH000971,AC000165,reference,reference_spouse,2026-04-01,XXXXXX4194,2
PH000972,AC000166,kyc_origination,self,2026-04-01,XXXXXX4747,0
PH000973,AC000167,kyc_origination,self,2026-04-01,XXXXXX9084,0
PH000974,AC000167,borrower_update,self,2026-04-01,XXXXXX7110,1
PH000975,AC000167,bureau,self,2026-04-01,XXXXXX3790,2
PH000976,AC000168,kyc_origination,self,2026-04-01,XXXXXX5105,0
PH000977,AC000168,reference,reference_father,2026-04-01,XXXXXX8747,1
PH000978,AC000169,kyc_origination,self,2026-04-01,XXXXXX3239,0
PH000979,AC000170,kyc_origination,self,2026-04-01,XXXXXX1795,0
PH000980,AC000170,bureau,self,2026-04-01,XXXXXX7342,1
PH000981,AC000171,kyc_origination,self,2026-04-01,XXXXXX0372,0
PH000982,AC000171,borrower_update,self,2026-04-01,XXXXXX3770,1
PH000983,AC000171,reference,reference_friend,2026-04-01,XXXXXX9804,2
PH000984,AC000172,kyc_origination,self,2026-04-01,XXXXXX1434,0
PH000985,AC000172,borrower_update,self,2026-04-01,XXXXXX1194,1
PH000986,AC000172,bureau,self,2026-04-01,XXXXXX6810,2
PH000987,AC000172,reference,reference_friend,2026-04-01,XXXXXX2538,3
PH000988,AC000173,kyc_origination,self,2026-04-01,XXXXXX0350,0
PH000989,AC000173,bureau,self,2026-04-01,XXXXXX7199,1
PH000990,AC000173,reference,reference_father,2026-04-01,XXXXXX2622,2
PH000991,AC000174,kyc_origination,self,2026-04-01,XXXXXX6157,0
PH000992,AC000174,borrower_update,self,2026-04-01,XXXXXX0885,1
PH000993,AC000175,kyc_origination,self,2026-04-01,XXXXXX0538,0
PH000994,AC000175,bureau,self,2026-04-01,XXXXXX0026,1
PH000995,AC000176,kyc_origination,self,2026-04-01,XXXXXX2721,0
PH000996,AC000176,reference,reference_father,2026-04-01,XXXXXX1408,1
PH000997,AC000177,kyc_origination,self,2026-04-01,XXXXXX2867,0
PH000998,AC000178,kyc_origination,self,2026-04-01,XXXXXX3240,0
PH000999,AC000178,reference,reference_father,2026-04-01,XXXXXX0035,1
PH001000,AC000179,kyc_origination,self,2026-04-01,XXXXXX9353,0
PH001001,AC000179,bureau,self,2026-04-01,XXXXXX8227,1
PH001002,AC000179,reference,reference_spouse,2026-04-01,XXXXXX7509,2
PH001003,AC000180,kyc_origination,self,2026-04-01,XXXXXX6720,0
PH001004,AC000180,bureau,self,2026-04-01,XXXXXX7828,1
PH001005,AC000180,reference,reference_spouse,2026-04-01,XXXXXX6007,2
PH001006,AC000181,kyc_origination,self,2026-04-01,XXXXXX4733,0
PH001007,AC000181,bureau,self,2026-04-01,XXXXXX3467,1
PH001008,AC000182,kyc_origination,self,2026-04-01,XXXXXX9645,0
PH001009,AC000182,borrower_update,self,2026-04-01,XXXXXX0689,1
PH000531,AC000182,employer,office,2026-04-01,XXXXXX1235,2
PH001010,AC000183,kyc_origination,self,2026-04-01,XXXXXX9200,0
PH001011,AC000183,borrower_update,self,2026-04-01,XXXXXX7854,1
PH001012,AC000183,reference,reference_brother,2026-04-01,XXXXXX7671,2
PH001013,AC000184,kyc_origination,self,2026-04-01,XXXXXX8530,0
PH001014,AC000184,borrower_update,self,2026-04-01,XXXXXX8080,1
PH001015,AC000184,bureau,self,2026-04-01,XXXXXX0203,2
PH001016,AC000184,reference,reference_mother,2026-04-01,XXXXXX2104,3
PH001017,AC000185,kyc_origination,self,2026-04-01,XXXXXX1584,0
PH001018,AC000185,bureau,self,2026-04-01,XXXXXX6452,1
PH000557,AC000185,employer,office,2026-04-01,XXXXXX0459,2
PH001019,AC000186,kyc_origination,self,2026-04-01,XXXXXX3476,0
PH000368,AC000186,employer,office,2026-04-01,XXXXXX2447,1
PH001020,AC000187,kyc_origination,self,2026-04-01,XXXXXX3830,0
PH000579,AC000187,employer,office,2026-04-01,XXXXXX0968,1
PH001021,AC000187,reference,reference_brother,2026-04-01,XXXXXX0903,2
PH001022,AC000188,kyc_origination,self,2026-04-01,XXXXXX5252,0
PH001023,AC000188,borrower_update,self,2026-04-01,XXXXXX8859,1
PH001024,AC000189,kyc_origination,self,2026-04-01,XXXXXX2073,0
PH001025,AC000189,bureau,self,2026-04-01,XXXXXX5256,1
PH000342,AC000189,employer,office,2026-04-01,XXXXXX0929,2
PH001026,AC000189,reference,reference_spouse,2026-04-01,XXXXXX6546,3
PH001027,AC000190,kyc_origination,self,2026-04-01,XXXXXX8189,0
PH001028,AC000191,kyc_origination,self,2026-04-01,XXXXXX0704,0
PH001029,AC000191,borrower_update,self,2026-04-01,XXXXXX9468,1
PH001030,AC000191,reference,reference_spouse,2026-04-01,XXXXXX3098,2
PH001031,AC000192,kyc_origination,self,2026-04-01,XXXXXX1552,0
PH001032,AC000192,borrower_update,self,2026-04-01,XXXXXX0797,1
PH001033,AC000193,kyc_origination,self,2026-04-01,XXXXXX3502,0
PH000421,AC000193,employer,office,2026-04-01,XXXXXX3254,1
PH001034,AC000193,reference,reference_father,2026-04-01,XXXXXX9185,2
PH001035,AC000194,kyc_origination,self,2026-04-01,XXXXXX0600,0
PH001036,AC000194,borrower_update,self,2026-04-01,XXXXXX8371,1
PH001037,AC000194,reference,reference_spouse,2026-04-01,XXXXXX1805,2
PH001038,AC000195,kyc_origination,self,2026-04-01,XXXXXX3038,0
PH001039,AC000195,reference,reference_spouse,2026-04-01,XXXXXX3360,1
PH001040,AC000196,kyc_origination,self,2026-04-01,XXXXXX5196,0
PH001041,AC000196,reference,reference_friend,2026-04-01,XXXXXX8982,1
PH001042,AC000197,kyc_origination,self,2026-04-01,XXXXXX7748,0
PH001043,AC000197,borrower_update,self,2026-04-01,XXXXXX8761,1
PH001044,AC000197,reference,reference_father,2026-04-01,XXXXXX0576,2
PH001045,AC000198,kyc_origination,self,2026-04-01,XXXXXX4567,0
PH001046,AC000198,borrower_update,self,2026-04-01,XXXXXX4219,1
PH000514,AC000198,employer,office,2026-04-01,XXXXXX6602,2
PH001047,AC000199,kyc_origination,self,2026-04-01,XXXXXX3272,0
PH001048,AC000200,kyc_origination,self,2026-04-01,XXXXXX6667,0
PH001049,AC000200,reference,reference_spouse,2026-04-01,XXXXXX5932,1
PH001050,AC000201,kyc_origination,self,2026-04-01,XXXXXX1572,0
PH001051,AC000201,reference,reference_spouse,2026-04-01,XXXXXX7118,1
PH001052,AC000202,kyc_origination,self,2026-04-01,XXXXXX3674,0
PH000223,AC000203,kyc_origination,self,2026-04-01,XXXXXX1835,0
PH000327,AC000203,employer,office,2026-04-01,XXXXXX1059,1
PH001053,AC000204,kyc_origination,self,2026-04-01,XXXXXX6248,0
PH001054,AC000204,borrower_update,self,2026-04-01,XXXXXX6016,1
PH001055,AC000204,bureau,self,2026-04-01,XXXXXX2835,2
PH000305,AC000204,employer,office,2026-04-01,XXXXXX5679,3
PH001056,AC000205,kyc_origination,self,2026-04-01,XXXXXX6663,0
PH001057,AC000205,bureau,self,2026-04-01,XXXXXX5104,1
PH001058,AC000205,reference,reference_spouse,2026-04-01,XXXXXX3762,2
PH001059,AC000206,kyc_origination,self,2026-04-01,XXXXXX1459,0
PH001060,AC000206,bureau,self,2026-04-01,XXXXXX3337,1
PH001061,AC000207,kyc_origination,self,2026-04-01,XXXXXX8048,0
PH001062,AC000207,reference,reference_father,2026-04-01,XXXXXX0662,1
PH001063,AC000208,kyc_origination,self,2026-04-01,XXXXXX4787,0
PH001064,AC000208,bureau,self,2026-04-01,XXXXXX6797,1
PH001065,AC000208,reference,reference_brother,2026-04-01,XXXXXX9027,2
PH001066,AC000209,kyc_origination,self,2026-04-01,XXXXXX8560,0
PH001067,AC000209,bureau,self,2026-04-01,XXXXXX7665,1
PH001068,AC000209,reference,reference_brother,2026-04-01,XXXXXX5570,2
PH001069,AC000210,kyc_origination,self,2026-04-01,XXXXXX9583,0
PH001070,AC000210,reference,reference_spouse,2026-04-01,XXXXXX5406,1
PH000030,AC000211,kyc_origination,self,2026-04-01,XXXXXX9060,0
PH001071,AC000211,bureau,self,2026-04-01,XXXXXX7215,1
PH001072,AC000212,kyc_origination,self,2026-04-01,XXXXXX8667,0
PH001073,AC000212,borrower_update,self,2026-04-01,XXXXXX3887,1
PH001074,AC000212,reference,reference_father,2026-04-01,XXXXXX0576,2
PH001075,AC000213,kyc_origination,self,2026-04-01,XXXXXX5187,0
PH001076,AC000214,kyc_origination,self,2026-04-01,XXXXXX9464,0
PH001077,AC000214,reference,reference_spouse,2026-04-01,XXXXXX4820,1
PH001078,AC000215,kyc_origination,self,2026-04-01,XXXXXX3843,0
PH001079,AC000215,borrower_update,self,2026-04-01,XXXXXX1462,1
PH001080,AC000215,reference,reference_friend,2026-04-01,XXXXXX5502,2
PH001081,AC000216,kyc_origination,self,2026-04-01,XXXXXX2051,0
PH001082,AC000216,bureau,self,2026-04-01,XXXXXX8556,1
PH001083,AC000216,reference,reference_spouse,2026-04-01,XXXXXX6382,2
PH001084,AC000217,kyc_origination,self,2026-04-01,XXXXXX9999,0
PH001085,AC000217,borrower_update,self,2026-04-01,XXXXXX0069,1
PH001086,AC000217,bureau,self,2026-04-01,XXXXXX0782,2
PH001087,AC000218,kyc_origination,self,2026-04-01,XXXXXX5580,0
PH000380,AC000218,employer,office,2026-04-01,XXXXXX0738,1
PH001088,AC000218,reference,reference_father,2026-04-01,XXXXXX4249,2
PH001089,AC000219,kyc_origination,self,2026-04-01,XXXXXX3251,0
PH001090,AC000219,bureau,self,2026-04-01,XXXXXX2299,1
PH001091,AC000220,kyc_origination,self,2026-04-01,XXXXXX2113,0
PH001092,AC000220,reference,reference_brother,2026-04-01,XXXXXX8469,1
PH001093,AC000221,kyc_origination,self,2026-04-01,XXXXXX8286,0
PH001094,AC000221,borrower_update,self,2026-04-01,XXXXXX4110,1
PH001095,AC000221,bureau,self,2026-04-01,XXXXXX7845,2
PH001096,AC000222,kyc_origination,self,2026-04-01,XXXXXX1586,0
PH001097,AC000222,reference,reference_friend,2026-04-01,XXXXXX4966,1
PH001098,AC000223,kyc_origination,self,2026-04-01,XXXXXX2153,0
PH001099,AC000224,kyc_origination,self,2026-04-01,XXXXXX3231,0
PH001100,AC000225,kyc_origination,self,2026-04-01,XXXXXX6928,0
PH001101,AC000225,bureau,self,2026-04-01,XXXXXX5272,1
PH001102,AC000225,reference,reference_friend,2026-04-01,XXXXXX6522,2
PH001103,AC000226,kyc_origination,self,2026-04-01,XXXXXX0451,0
PH001104,AC000226,borrower_update,self,2026-04-01,XXXXXX4119,1
PH001105,AC000227,kyc_origination,self,2026-04-01,XXXXXX5939,0
PH001106,AC000227,reference,reference_brother,2026-04-01,XXXXXX5816,1
PH001107,AC000228,kyc_origination,self,2026-04-01,XXXXXX2618,0
PH001108,AC000229,kyc_origination,self,2026-04-01,XXXXXX3568,0
PH001109,AC000229,bureau,self,2026-04-01,XXXXXX9503,1
PH001110,AC000229,reference,reference_brother,2026-04-01,XXXXXX8908,2
PH001111,AC000230,kyc_origination,self,2026-04-01,XXXXXX4573,0
PH001112,AC000230,reference,reference_brother,2026-04-01,XXXXXX6211,1
PH001113,AC000231,kyc_origination,self,2026-04-01,XXXXXX4435,0
PH001114,AC000231,borrower_update,self,2026-04-01,XXXXXX6515,1
PH001115,AC000232,kyc_origination,self,2026-04-01,XXXXXX7494,0
PH001116,AC000232,reference,reference_brother,2026-04-01,XXXXXX1954,1
PH001117,AC000233,kyc_origination,self,2026-04-01,XXXXXX2941,0
PH001118,AC000233,borrower_update,self,2026-04-01,XXXXXX9126,1
PH001119,AC000234,kyc_origination,self,2026-04-01,XXXXXX5740,0
PH001120,AC000234,reference,reference_spouse,2026-04-01,XXXXXX2478,1
PH001121,AC000235,kyc_origination,self,2026-04-01,XXXXXX5473,0
PH001122,AC000235,reference,reference_spouse,2026-04-01,XXXXXX9147,1
PH001123,AC000236,kyc_origination,self,2026-04-01,XXXXXX1628,0
PH001124,AC000236,reference,reference_spouse,2026-04-01,XXXXXX0398,1
PH001125,AC000237,kyc_origination,self,2026-04-01,XXXXXX3207,0
PH001126,AC000237,reference,reference_father,2026-04-01,XXXXXX0444,1
PH001127,AC000238,kyc_origination,self,2026-04-01,XXXXXX2970,0
PH001128,AC000239,kyc_origination,self,2026-04-01,XXXXXX1468,0
PH001129,AC000239,bureau,self,2026-04-01,XXXXXX8961,1
PH001130,AC000239,reference,reference_mother,2026-04-01,XXXXXX9535,2
PH001131,AC000240,kyc_origination,self,2026-04-01,XXXXXX8379,0
PH000521,AC000240,employer,office,2026-04-01,XXXXXX6628,1
PH001132,AC000240,reference,reference_mother,2026-04-01,XXXXXX6637,2
PH001133,AC000241,kyc_origination,self,2026-04-01,XXXXXX0696,0
PH001134,AC000241,bureau,self,2026-04-01,XXXXXX8588,1
PH001135,AC000241,reference,reference_friend,2026-04-01,XXXXXX1455,2
PH001136,AC000242,kyc_origination,self,2026-04-01,XXXXXX1896,0
PH001137,AC000242,bureau,self,2026-04-01,XXXXXX5890,1
PH001138,AC000242,reference,reference_father,2026-04-01,XXXXXX6198,2
PH001139,AC000243,kyc_origination,self,2026-04-01,XXXXXX7461,0
PH000540,AC000243,employer,office,2026-04-01,XXXXXX6975,1
PH001140,AC000244,kyc_origination,self,2026-04-01,XXXXXX0503,0
PH001141,AC000244,borrower_update,self,2026-04-01,XXXXXX4053,1
PH001142,AC000245,kyc_origination,self,2026-04-01,XXXXXX0975,0
PH001143,AC000245,reference,reference_brother,2026-04-01,XXXXXX7593,1
PH001144,AC000246,kyc_origination,self,2026-04-01,XXXXXX9486,0
PH001145,AC000246,borrower_update,self,2026-04-01,XXXXXX7097,1
PH001146,AC000247,kyc_origination,self,2026-04-01,XXXXXX2954,0
PH001147,AC000247,borrower_update,self,2026-04-01,XXXXXX0265,1
PH001148,AC000248,kyc_origination,self,2026-04-01,XXXXXX1156,0
PH001149,AC000248,borrower_update,self,2026-04-01,XXXXXX5493,1
PH000405,AC000248,employer,office,2026-04-01,XXXXXX9100,2
PH001150,AC000248,reference,reference_spouse,2026-04-01,XXXXXX0749,3
PH001151,AC000249,kyc_origination,self,2026-04-01,XXXXXX0759,0
PH001152,AC000250,kyc_origination,self,2026-04-01,XXXXXX5047,0
PH001153,AC000250,reference,reference_spouse,2026-04-01,XXXXXX7618,1
PH001154,AC000251,kyc_origination,self,2026-04-01,XXXXXX2981,0
PH001155,AC000251,bureau,self,2026-04-01,XXXXXX3094,1
PH001156,AC000251,reference,reference_mother,2026-04-01,XXXXXX3549,2
PH001157,AC000252,kyc_origination,self,2026-04-01,XXXXXX3308,0
PH001158,AC000252,reference,reference_mother,2026-04-01,XXXXXX1179,1
PH001159,AC000253,kyc_origination,self,2026-04-01,XXXXXX9348,0
PH001160,AC000253,bureau,self,2026-04-01,XXXXXX8256,1
PH000336,AC000253,employer,office,2026-04-01,XXXXXX2411,2
PH001161,AC000254,kyc_origination,self,2026-04-01,XXXXXX8540,0
PH001162,AC000254,reference,reference_father,2026-04-01,XXXXXX5333,1
PH001163,AC000255,kyc_origination,self,2026-04-01,XXXXXX2892,0
PH001164,AC000255,reference,reference_brother,2026-04-01,XXXXXX2503,1
PH001165,AC000256,kyc_origination,self,2026-04-01,XXXXXX4250,0
PH001166,AC000257,kyc_origination,self,2026-04-01,XXXXXX2314,0
PH001167,AC000257,borrower_update,self,2026-04-01,XXXXXX3774,1
PH000573,AC000257,employer,office,2026-04-01,XXXXXX5260,2
PH001168,AC000258,kyc_origination,self,2026-04-01,XXXXXX2036,0
PH001169,AC000258,borrower_update,self,2026-04-01,XXXXXX8398,1
PH001170,AC000259,kyc_origination,self,2026-04-01,XXXXXX0568,0
PH001171,AC000259,reference,reference_mother,2026-04-01,XXXXXX8630,1
PH001172,AC000260,kyc_origination,self,2026-04-01,XXXXXX9864,0
PH001173,AC000261,kyc_origination,self,2026-04-01,XXXXXX6535,0
PH001174,AC000261,borrower_update,self,2026-04-01,XXXXXX4178,1
PH001175,AC000262,kyc_origination,self,2026-04-01,XXXXXX7279,0
PH001176,AC000262,reference,reference_father,2026-04-01,XXXXXX4174,1
PH001177,AC000263,kyc_origination,self,2026-04-01,XXXXXX7671,0
PH001178,AC000263,reference,reference_spouse,2026-04-01,XXXXXX5427,1
PH001179,AC000264,kyc_origination,self,2026-04-01,XXXXXX4124,0
PH001180,AC000265,kyc_origination,self,2026-04-01,XXXXXX7471,0
PH001181,AC000265,bureau,self,2026-04-01,XXXXXX7996,1
PH001182,AC000265,reference,reference_spouse,2026-04-01,XXXXXX3449,2
PH000200,AC000266,kyc_origination,self,2026-04-01,XXXXXX0137,0
PH001183,AC000266,borrower_update,self,2026-04-01,XXXXXX0769,1
PH001184,AC000266,bureau,self,2026-04-01,XXXXXX6383,2
PH001185,AC000267,kyc_origination,self,2026-04-01,XXXXXX0323,0
PH001186,AC000267,reference,reference_mother,2026-04-01,XXXXXX6809,1
PH001187,AC000268,kyc_origination,self,2026-04-01,XXXXXX2421,0
PH001188,AC000269,kyc_origination,self,2026-04-01,XXXXXX6944,0
PH001189,AC000270,kyc_origination,self,2026-04-01,XXXXXX2981,0
PH001190,AC000270,bureau,self,2026-04-01,XXXXXX4797,1
PH000339,AC000270,employer,office,2026-04-01,XXXXXX0569,2
PH001191,AC000270,reference,reference_mother,2026-04-01,XXXXXX6379,3
PH001192,AC000271,kyc_origination,self,2026-04-01,XXXXXX0097,0
PH001193,AC000271,borrower_update,self,2026-04-01,XXXXXX0446,1
PH001194,AC000271,reference,reference_spouse,2026-04-01,XXXXXX9804,2
PH001195,AC000272,kyc_origination,self,2026-04-01,XXXXXX4649,0
PH001196,AC000273,kyc_origination,self,2026-04-01,XXXXXX5821,0
PH001197,AC000273,borrower_update,self,2026-04-01,XXXXXX6015,1
PH001198,AC000273,reference,reference_mother,2026-04-01,XXXXXX5740,2
PH001199,AC000274,kyc_origination,self,2026-04-01,XXXXXX1131,0
PH001200,AC000274,bureau,self,2026-04-01,XXXXXX9255,1
PH001201,AC000274,reference,reference_spouse,2026-04-01,XXXXXX8086,2
PH001202,AC000275,kyc_origination,self,2026-04-01,XXXXXX2091,0
PH001203,AC000275,reference,reference_brother,2026-04-01,XXXXXX0592,1
PH001204,AC000276,kyc_origination,self,2026-04-01,XXXXXX9527,0
PH001205,AC000276,reference,reference_spouse,2026-04-01,XXXXXX9217,1
PH001206,AC000277,kyc_origination,self,2026-04-01,XXXXXX7000,0
PH001207,AC000277,reference,reference_spouse,2026-04-01,XXXXXX0752,1
PH001208,AC000278,kyc_origination,self,2026-04-01,XXXXXX1782,0
PH001209,AC000278,bureau,self,2026-04-01,XXXXXX1545,1
PH000432,AC000278,employer,office,2026-04-01,XXXXXX3087,2
PH001210,AC000278,reference,reference_father,2026-04-01,XXXXXX8442,3
PH001211,AC000279,kyc_origination,self,2026-04-01,XXXXXX0396,0
PH001212,AC000279,bureau,self,2026-04-01,XXXXXX9083,1
PH001213,AC000280,kyc_origination,self,2026-04-01,XXXXXX7877,0
PH001214,AC000280,borrower_update,self,2026-04-01,XXXXXX5296,1
PH001215,AC000281,kyc_origination,self,2026-04-01,XXXXXX7918,0
PH001216,AC000282,kyc_origination,self,2026-04-01,XXXXXX2741,0
PH001217,AC000282,borrower_update,self,2026-04-01,XXXXXX1165,1
PH000474,AC000282,employer,office,2026-04-01,XXXXXX7017,2
PH001218,AC000282,reference,reference_brother,2026-04-01,XXXXXX3384,3
PH001219,AC000283,kyc_origination,self,2026-04-01,XXXXXX0006,0
PH001220,AC000283,borrower_update,self,2026-04-01,XXXXXX0725,1
PH001221,AC000283,bureau,self,2026-04-01,XXXXXX1208,2
PH001222,AC000283,reference,reference_father,2026-04-01,XXXXXX1407,3
PH000175,AC000284,kyc_origination,self,2026-04-01,XXXXXX3433,0
PH001223,AC000285,kyc_origination,self,2026-04-01,XXXXXX4992,0
PH001224,AC000285,bureau,self,2026-04-01,XXXXXX1300,1
PH001225,AC000286,kyc_origination,self,2026-04-01,XXXXXX5099,0
PH001226,AC000286,reference,reference_brother,2026-04-01,XXXXXX3401,1
PH001227,AC000287,kyc_origination,self,2026-04-01,XXXXXX8856,0
PH001228,AC000287,bureau,self,2026-04-01,XXXXXX0726,1
PH001229,AC000288,kyc_origination,self,2026-04-01,XXXXXX9223,0
PH000355,AC000288,employer,office,2026-04-01,XXXXXX0237,1
PH001230,AC000289,kyc_origination,self,2026-04-01,XXXXXX4088,0
PH001231,AC000290,kyc_origination,self,2026-04-01,XXXXXX3288,0
PH001232,AC000290,borrower_update,self,2026-04-01,XXXXXX4575,1
PH001233,AC000291,kyc_origination,self,2026-04-01,XXXXXX4699,0
PH000413,AC000291,employer,office,2026-04-01,XXXXXX4971,1
PH001234,AC000292,kyc_origination,self,2026-04-01,XXXXXX3333,0
PH001235,AC000292,reference,reference_mother,2026-04-01,XXXXXX2140,1
PH001236,AC000293,kyc_origination,self,2026-04-01,XXXXXX2389,0
PH000579,AC000293,employer,office,2026-04-01,XXXXXX0968,1
PH001237,AC000293,reference,reference_spouse,2026-04-01,XXXXXX8209,2
PH001238,AC000294,kyc_origination,self,2026-04-01,XXXXXX1652,0
PH001239,AC000295,kyc_origination,self,2026-04-01,XXXXXX9428,0
PH001240,AC000295,bureau,self,2026-04-01,XXXXXX7612,1
PH001241,AC000296,kyc_origination,self,2026-04-01,XXXXXX0298,0
PH001242,AC000297,kyc_origination,self,2026-04-01,XXXXXX0171,0
PH001243,AC000297,borrower_update,self,2026-04-01,XXXXXX1546,1
PH001244,AC000297,reference,reference_spouse,2026-04-01,XXXXXX8357,2
PH001245,AC000298,kyc_origination,self,2026-04-01,XXXXXX3277,0
PH001246,AC000298,borrower_update,self,2026-04-01,XXXXXX0080,1
PH001247,AC000299,kyc_origination,self,2026-04-01,XXXXXX1275,0
PH001248,AC000299,borrower_update,self,2026-04-01,XXXXXX0218,1
PH001249,AC000300,kyc_origination,self,2026-04-01,XXXXXX3724,0
PH001250,AC000300,bureau,self,2026-04-01,XXXXXX1059,1
PH001251,AC000300,reference,reference_brother,2026-04-01,XXXXXX3871,2
PH001252,AC000301,kyc_origination,self,2026-04-01,XXXXXX1303,0
PH001253,AC000301,reference,reference_spouse,2026-04-01,XXXXXX3457,1
PH001254,AC000302,kyc_origination,self,2026-04-01,XXXXXX6643,0
PH001255,AC000303,kyc_origination,self,2026-04-01,XXXXXX0977,0
PH001256,AC000303,bureau,self,2026-04-01,XXXXXX7360,1
PH001257,AC000303,reference,reference_father,2026-04-01,XXXXXX7835,2
PH001258,AC000304,kyc_origination,self,2026-04-01,XXXXXX9718,0
PH001259,AC000304,borrower_update,self,2026-04-01,XXXXXX7910,1
PH001260,AC000305,kyc_origination,self,2026-04-01,XXXXXX0519,0
PH001261,AC000305,reference,reference_brother,2026-04-01,XXXXXX4814,1
PH001262,AC000306,kyc_origination,self,2026-04-01,XXXXXX0506,0
PH001263,AC000306,reference,reference_spouse,2026-04-01,XXXXXX3996,1
PH000226,AC000307,kyc_origination,self,2026-04-01,XXXXXX0318,0
PH001264,AC000308,kyc_origination,self,2026-04-01,XXXXXX0146,0
PH001265,AC000308,borrower_update,self,2026-04-01,XXXXXX1970,1
PH001266,AC000308,reference,reference_father,2026-04-01,XXXXXX1050,2
PH001267,AC000309,kyc_origination,self,2026-04-01,XXXXXX6812,0
PH001268,AC000309,borrower_update,self,2026-04-01,XXXXXX7778,1
PH001269,AC000310,kyc_origination,self,2026-04-01,XXXXXX3634,0
PH001270,AC000310,bureau,self,2026-04-01,XXXXXX8515,1
PH001271,AC000311,kyc_origination,self,2026-04-01,XXXXXX4784,0
PH001272,AC000311,bureau,self,2026-04-01,XXXXXX4453,1
PH001273,AC000312,kyc_origination,self,2026-04-01,XXXXXX0711,0
PH001274,AC000313,kyc_origination,self,2026-04-01,XXXXXX3231,0
PH001275,AC000314,kyc_origination,self,2026-04-01,XXXXXX4778,0
PH001276,AC000314,reference,reference_friend,2026-04-01,XXXXXX6886,1
PH001277,AC000315,kyc_origination,self,2026-04-01,XXXXXX5242,0
PH001278,AC000315,reference,reference_brother,2026-04-01,XXXXXX3852,1
PH001279,AC000316,kyc_origination,self,2026-04-01,XXXXXX6476,0
PH001280,AC000316,reference,reference_spouse,2026-04-01,XXXXXX2171,1
PH001281,AC000317,kyc_origination,self,2026-04-01,XXXXXX1716,0
PH001282,AC000317,borrower_update,self,2026-04-01,XXXXXX8274,1
PH000591,AC000317,employer,office,2026-04-01,XXXXXX7517,2
PH001283,AC000318,kyc_origination,self,2026-04-01,XXXXXX2371,0
PH001284,AC000318,reference,reference_spouse,2026-04-01,XXXXXX2662,1
PH001285,AC000319,kyc_origination,self,2026-04-01,XXXXXX2165,0
PH001286,AC000319,borrower_update,self,2026-04-01,XXXXXX5297,1
PH001287,AC000319,reference,reference_spouse,2026-04-01,XXXXXX0806,2
PH001288,AC000320,kyc_origination,self,2026-04-01,XXXXXX8096,0
PH001289,AC000321,kyc_origination,self,2026-04-01,XXXXXX3383,0
PH001290,AC000321,borrower_update,self,2026-04-01,XXXXXX7249,1
PH001291,AC000322,kyc_origination,self,2026-04-01,XXXXXX7023,0
PH001292,AC000322,reference,reference_brother,2026-04-01,XXXXXX2425,1
PH001293,AC000323,kyc_origination,self,2026-04-01,XXXXXX7440,0
PH001294,AC000323,borrower_update,self,2026-04-01,XXXXXX5536,1
PH001295,AC000323,bureau,self,2026-04-01,XXXXXX9425,2
PH001296,AC000323,reference,reference_brother,2026-04-01,XXXXXX8816,3
PH001297,AC000324,kyc_origination,self,2026-04-01,XXXXXX1948,0
PH001298,AC000325,kyc_origination,self,2026-04-01,XXXXXX8568,0
PH001299,AC000325,bureau,self,2026-04-01,XXXXXX2221,1
PH001300,AC000326,kyc_origination,self,2026-04-01,XXXXXX2659,0
PH001301,AC000326,bureau,self,2026-04-01,XXXXXX5628,1
PH001302,AC000326,reference,reference_brother,2026-04-01,XXXXXX6199,2
PH001303,AC000327,kyc_origination,self,2026-04-01,XXXXXX4822,0
PH001304,AC000327,reference,reference_father,2026-04-01,XXXXXX1546,1
PH001305,AC000328,kyc_origination,self,2026-04-01,XXXXXX1986,0
PH001306,AC000329,kyc_origination,self,2026-04-01,XXXXXX9552,0
PH001307,AC000329,borrower_update,self,2026-04-01,XXXXXX0892,1
PH001308,AC000329,reference,reference_brother,2026-04-01,XXXXXX9557,2
PH001309,AC000330,kyc_origination,self,2026-04-01,XXXXXX8415,0
PH001310,AC000331,kyc_origination,self,2026-04-01,XXXXXX6860,0
PH001311,AC000332,kyc_origination,self,2026-04-01,XXXXXX9560,0
PH001312,AC000332,borrower_update,self,2026-04-01,XXXXXX6563,1
PH001313,AC000333,kyc_origination,self,2026-04-01,XXXXXX7227,0
PH001314,AC000333,bureau,self,2026-04-01,XXXXXX0128,1
PH001315,AC000333,reference,reference_spouse,2026-04-01,XXXXXX7078,2
PH001316,AC000334,kyc_origination,self,2026-04-01,XXXXXX8020,0
PH001317,AC000334,borrower_update,self,2026-04-01,XXXXXX4033,1
PH001318,AC000335,kyc_origination,self,2026-04-01,XXXXXX1953,0
PH001319,AC000335,borrower_update,self,2026-04-01,XXXXXX6857,1
PH001320,AC000335,reference,reference_brother,2026-04-01,XXXXXX4638,2
PH001321,AC000336,kyc_origination,self,2026-04-01,XXXXXX7555,0
PH001322,AC000336,borrower_update,self,2026-04-01,XXXXXX4186,1
PH001323,AC000337,kyc_origination,self,2026-04-01,XXXXXX2275,0
PH000544,AC000337,employer,office,2026-04-01,XXXXXX0548,1
PH001324,AC000338,kyc_origination,self,2026-04-01,XXXXXX8281,0
PH000263,AC000338,employer,office,2026-04-01,XXXXXX6837,1
PH001325,AC000339,kyc_origination,self,2026-04-01,XXXXXX5246,0
PH001326,AC000339,bureau,self,2026-04-01,XXXXXX1259,1
PH001327,AC000339,reference,reference_brother,2026-04-01,XXXXXX2912,2
PH001328,AC000340,kyc_origination,self,2026-04-01,XXXXXX2564,0
PH001329,AC000340,borrower_update,self,2026-04-01,XXXXXX3714,1
PH001330,AC000341,kyc_origination,self,2026-04-01,XXXXXX6799,0
PH001331,AC000341,borrower_update,self,2026-04-01,XXXXXX1435,1
PH001332,AC000341,reference,reference_spouse,2026-04-01,XXXXXX1067,2
PH001333,AC000342,kyc_origination,self,2026-04-01,XXXXXX9300,0
PH001334,AC000342,bureau,self,2026-04-01,XXXXXX9095,1
PH001335,AC000343,kyc_origination,self,2026-04-01,XXXXXX8318,0
PH001336,AC000343,reference,reference_spouse,2026-04-01,XXXXXX9406,1
PH001337,AC000344,kyc_origination,self,2026-04-01,XXXXXX5814,0
PH001338,AC000344,borrower_update,self,2026-04-01,XXXXXX8940,1
PH001339,AC000344,reference,reference_father,2026-04-01,XXXXXX5450,2
PH001340,AC000345,kyc_origination,self,2026-04-01,XXXXXX5770,0
PH001341,AC000345,reference,reference_brother,2026-04-01,XXXXXX9539,1
PH001342,AC000346,kyc_origination,self,2026-04-01,XXXXXX7073,0
PH001343,AC000346,borrower_update,self,2026-04-01,XXXXXX5910,1
PH000486,AC000346,employer,office,2026-04-01,XXXXXX3772,2
PH001344,AC000346,reference,reference_father,2026-04-01,XXXXXX4440,3
PH001345,AC000347,kyc_origination,self,2026-04-01,XXXXXX4872,0
PH001346,AC000348,kyc_origination,self,2026-04-01,XXXXXX4151,0
PH001347,AC000348,borrower_update,self,2026-04-01,XXXXXX5218,1
PH001348,AC000349,kyc_origination,self,2026-04-01,XXXXXX4466,0
PH001349,AC000349,borrower_update,self,2026-04-01,XXXXXX5252,1
PH001350,AC000349,bureau,self,2026-04-01,XXXXXX4022,2
PH001351,AC000349,reference,reference_mother,2026-04-01,XXXXXX1170,3
PH001352,AC000350,kyc_origination,self,2026-04-01,XXXXXX2474,0
PH001353,AC000351,kyc_origination,self,2026-04-01,XXXXXX4893,0
PH001354,AC000352,kyc_origination,self,2026-04-01,XXXXXX8399,0
PH001355,AC000352,borrower_update,self,2026-04-01,XXXXXX0434,1
PH001356,AC000353,kyc_origination,self,2026-04-01,XXXXXX9843,0
PH001357,AC000353,borrower_update,self,2026-04-01,XXXXXX1077,1
PH001358,AC000353,bureau,self,2026-04-01,XXXXXX3296,2
PH001359,AC000353,reference,reference_spouse,2026-04-01,XXXXXX8646,3
PH001360,AC000354,kyc_origination,self,2026-04-01,XXXXXX2615,0
PH001361,AC000354,reference,reference_father,2026-04-01,XXXXXX5565,1
PH001362,AC000355,kyc_origination,self,2026-04-01,XXXXXX7746,0
PH001363,AC000355,borrower_update,self,2026-04-01,XXXXXX6398,1
PH001364,AC000356,kyc_origination,self,2026-04-01,XXXXXX2962,0
PH001365,AC000356,borrower_update,self,2026-04-01,XXXXXX2040,1
PH001366,AC000356,reference,reference_brother,2026-04-01,XXXXXX6041,2
PH001367,AC000357,kyc_origination,self,2026-04-01,XXXXXX1639,0
PH001368,AC000357,borrower_update,self,2026-04-01,XXXXXX7810,1
PH001369,AC000358,kyc_origination,self,2026-04-01,XXXXXX4665,0
PH001370,AC000358,bureau,self,2026-04-01,XXXXXX1373,1
PH001371,AC000358,reference,reference_father,2026-04-01,XXXXXX5098,2
PH001372,AC000359,kyc_origination,self,2026-04-01,XXXXXX3999,0
PH001373,AC000360,kyc_origination,self,2026-04-01,XXXXXX9722,0
PH001374,AC000360,borrower_update,self,2026-04-01,XXXXXX2315,1
PH001375,AC000360,bureau,self,2026-04-01,XXXXXX6712,2
PH001376,AC000361,kyc_origination,self,2026-04-01,XXXXXX8962,0
PH001377,AC000361,bureau,self,2026-04-01,XXXXXX3181,1
PH001378,AC000361,reference,reference_spouse,2026-04-01,XXXXXX3282,2
PH001379,AC000362,kyc_origination,self,2026-04-01,XXXXXX8959,0
PH001380,AC000363,kyc_origination,self,2026-04-01,XXXXXX3704,0
PH000445,AC000363,employer,office,2026-04-01,XXXXXX3240,1
PH001381,AC000363,reference,reference_spouse,2026-04-01,XXXXXX7774,2
PH001382,AC000364,kyc_origination,self,2026-04-01,XXXXXX0955,0
PH001383,AC000364,bureau,self,2026-04-01,XXXXXX7501,1
PH001384,AC000365,kyc_origination,self,2026-04-01,XXXXXX2529,0
PH001385,AC000365,borrower_update,self,2026-04-01,XXXXXX1448,1
PH001386,AC000365,bureau,self,2026-04-01,XXXXXX7507,2
PH001387,AC000366,kyc_origination,self,2026-04-01,XXXXXX9596,0
PH001388,AC000366,borrower_update,self,2026-04-01,XXXXXX5335,1
PH001389,AC000366,bureau,self,2026-04-01,XXXXXX1589,2
PH001390,AC000366,reference,reference_spouse,2026-04-01,XXXXXX1200,3
PH001391,AC000367,kyc_origination,self,2026-04-01,XXXXXX9206,0
PH001392,AC000367,borrower_update,self,2026-04-01,XXXXXX8292,1
PH001393,AC000367,bureau,self,2026-04-01,XXXXXX3825,2
PH001394,AC000368,kyc_origination,self,2026-04-01,XXXXXX7636,0
PH001395,AC000368,borrower_update,self,2026-04-01,XXXXXX9616,1
PH000263,AC000368,employer,office,2026-04-01,XXXXXX6837,2
PH001396,AC000369,kyc_origination,self,2026-04-01,XXXXXX0496,0
PH001397,AC000369,borrower_update,self,2026-04-01,XXXXXX5420,1
PH001398,AC000370,kyc_origination,self,2026-04-01,XXXXXX7681,0
PH001399,AC000370,bureau,self,2026-04-01,XXXXXX5801,1
PH000581,AC000370,employer,office,2026-04-01,XXXXXX8219,2
PH001400,AC000370,reference,reference_father,2026-04-01,XXXXXX3550,3
PH001401,AC000371,kyc_origination,self,2026-04-01,XXXXXX7071,0
PH001402,AC000371,bureau,self,2026-04-01,XXXXXX9902,1
PH001403,AC000372,kyc_origination,self,2026-04-01,XXXXXX8902,0
PH001404,AC000372,reference,reference_friend,2026-04-01,XXXXXX4432,1
PH001405,AC000373,kyc_origination,self,2026-04-01,XXXXXX5461,0
PH001406,AC000373,bureau,self,2026-04-01,XXXXXX6979,1
PH001407,AC000373,reference,reference_spouse,2026-04-01,XXXXXX6073,2
PH001408,AC000374,kyc_origination,self,2026-04-01,XXXXXX7015,0
PH001409,AC000374,borrower_update,self,2026-04-01,XXXXXX3384,1
PH001410,AC000374,reference,reference_mother,2026-04-01,XXXXXX7535,2
PH001411,AC000375,kyc_origination,self,2026-04-01,XXXXXX5588,0
PH001412,AC000375,bureau,self,2026-04-01,XXXXXX8971,1
PH001413,AC000375,reference,reference_mother,2026-04-01,XXXXXX2830,2
PH001414,AC000376,kyc_origination,self,2026-04-01,XXXXXX7911,0
PH001415,AC000376,borrower_update,self,2026-04-01,XXXXXX8981,1
PH001416,AC000377,kyc_origination,self,2026-04-01,XXXXXX6501,0
PH001417,AC000377,bureau,self,2026-04-01,XXXXXX6493,1
PH001418,AC000377,reference,reference_spouse,2026-04-01,XXXXXX9394,2
PH001419,AC000378,kyc_origination,self,2026-04-01,XXXXXX5350,0
PH001420,AC000378,borrower_update,self,2026-04-01,XXXXXX1793,1
PH001421,AC000378,reference,reference_spouse,2026-04-01,XXXXXX5532,2
PH001422,AC000379,kyc_origination,self,2026-04-01,XXXXXX4546,0
PH001423,AC000379,bureau,self,2026-04-01,XXXXXX0322,1
PH001424,AC000379,reference,reference_brother,2026-04-01,XXXXXX9296,2
PH001425,AC000380,kyc_origination,self,2026-04-01,XXXXXX2950,0
PH001426,AC000380,reference,reference_friend,2026-04-01,XXXXXX6314,1
PH001427,AC000381,kyc_origination,self,2026-04-01,XXXXXX2550,0
PH001428,AC000381,bureau,self,2026-04-01,XXXXXX0970,1
PH000607,AC000381,employer,office,2026-04-01,XXXXXX0564,2
PH001429,AC000382,kyc_origination,self,2026-04-01,XXXXXX6136,0
PH001430,AC000383,kyc_origination,self,2026-04-01,XXXXXX9922,0
PH001431,AC000383,bureau,self,2026-04-01,XXXXXX6123,1
PH000434,AC000383,employer,office,2026-04-01,XXXXXX4300,2
PH001432,AC000384,kyc_origination,self,2026-04-01,XXXXXX5345,0
PH001433,AC000384,borrower_update,self,2026-04-01,XXXXXX7908,1
PH001434,AC000384,reference,reference_mother,2026-04-01,XXXXXX9279,2
PH001435,AC000385,kyc_origination,self,2026-04-01,XXXXXX2404,0
PH001436,AC000385,borrower_update,self,2026-04-01,XXXXXX9589,1
PH001437,AC000385,reference,reference_friend,2026-04-01,XXXXXX3626,2
PH001438,AC000386,kyc_origination,self,2026-04-01,XXXXXX4767,0
PH000459,AC000386,employer,office,2026-04-01,XXXXXX0228,1
PH001439,AC000386,reference,reference_friend,2026-04-01,XXXXXX7866,2
PH001440,AC000387,kyc_origination,self,2026-04-01,XXXXXX6424,0
PH001441,AC000387,reference,reference_spouse,2026-04-01,XXXXXX3524,1
PH001442,AC000388,kyc_origination,self,2026-04-01,XXXXXX5982,0
PH001443,AC000388,borrower_update,self,2026-04-01,XXXXXX8819,1
PH001444,AC000388,reference,reference_mother,2026-04-01,XXXXXX8306,2
PH001445,AC000389,kyc_origination,self,2026-04-01,XXXXXX5638,0
PH001446,AC000389,borrower_update,self,2026-04-01,XXXXXX5699,1
PH001447,AC000390,kyc_origination,self,2026-04-01,XXXXXX1029,0
PH001448,AC000390,borrower_update,self,2026-04-01,XXXXXX3609,1
PH001449,AC000391,kyc_origination,self,2026-04-01,XXXXXX4116,0
PH000582,AC000391,employer,office,2026-04-01,XXXXXX4197,1
PH001450,AC000391,reference,reference_brother,2026-04-01,XXXXXX8315,2
PH001451,AC000392,kyc_origination,self,2026-04-01,XXXXXX0583,0
PH001452,AC000392,reference,reference_friend,2026-04-01,XXXXXX6333,1
PH001453,AC000393,kyc_origination,self,2026-04-01,XXXXXX6006,0
PH001454,AC000393,borrower_update,self,2026-04-01,XXXXXX9105,1
PH001455,AC000394,kyc_origination,self,2026-04-01,XXXXXX4845,0
PH001456,AC000394,borrower_update,self,2026-04-01,XXXXXX7065,1
PH001457,AC000395,kyc_origination,self,2026-04-01,XXXXXX1082,0
PH001458,AC000396,kyc_origination,self,2026-04-01,XXXXXX5640,0
PH001459,AC000396,borrower_update,self,2026-04-01,XXXXXX4458,1
PH001460,AC000397,kyc_origination,self,2026-04-01,XXXXXX8949,0
PH001461,AC000397,borrower_update,self,2026-04-01,XXXXXX6334,1
PH001462,AC000398,kyc_origination,self,2026-04-01,XXXXXX3478,0
PH001463,AC000398,borrower_update,self,2026-04-01,XXXXXX1151,1
PH000550,AC000398,employer,office,2026-04-01,XXXXXX4484,2
PH001464,AC000398,reference,reference_brother,2026-04-01,XXXXXX1481,3
PH001465,AC000399,kyc_origination,self,2026-04-01,XXXXXX0484,0
PH001466,AC000399,borrower_update,self,2026-04-01,XXXXXX7868,1
PH001467,AC000399,bureau,self,2026-04-01,XXXXXX5806,2
PH001468,AC000399,reference,reference_friend,2026-04-01,XXXXXX4897,3
PH001469,AC000400,kyc_origination,self,2026-04-01,XXXXXX8499,0
PH000188,AC000401,kyc_origination,self,2026-04-01,XXXXXX5076,0
PH001470,AC000401,bureau,self,2026-04-01,XXXXXX7278,1
PH001471,AC000401,reference,reference_spouse,2026-04-01,XXXXXX0829,2
PH001472,AC000402,kyc_origination,self,2026-04-01,XXXXXX8881,0
PH001473,AC000402,borrower_update,self,2026-04-01,XXXXXX6444,1
PH001474,AC000402,bureau,self,2026-04-01,XXXXXX4956,2
PH001475,AC000402,reference,reference_spouse,2026-04-01,XXXXXX7740,3
PH001476,AC000403,kyc_origination,self,2026-04-01,XXXXXX0216,0
PH001477,AC000404,kyc_origination,self,2026-04-01,XXXXXX6277,0
PH001478,AC000404,reference,reference_brother,2026-04-01,XXXXXX2674,1
PH001479,AC000405,kyc_origination,self,2026-04-01,XXXXXX4830,0
PH001480,AC000405,reference,reference_spouse,2026-04-01,XXXXXX8605,1
PH001481,AC000406,kyc_origination,self,2026-04-01,XXXXXX0902,0
PH001482,AC000406,bureau,self,2026-04-01,XXXXXX0180,1
PH001483,AC000407,kyc_origination,self,2026-04-01,XXXXXX5109,0
PH001484,AC000407,reference,reference_spouse,2026-04-01,XXXXXX3101,1
PH001485,AC000408,kyc_origination,self,2026-04-01,XXXXXX4953,0
PH001486,AC000408,borrower_update,self,2026-04-01,XXXXXX1766,1
PH001487,AC000408,bureau,self,2026-04-01,XXXXXX8661,2
PH001488,AC000408,reference,reference_spouse,2026-04-01,XXXXXX5075,3
PH001489,AC000409,kyc_origination,self,2026-04-01,XXXXXX0994,0
PH001490,AC000409,borrower_update,self,2026-04-01,XXXXXX4670,1
PH001491,AC000409,bureau,self,2026-04-01,XXXXXX0808,2
PH001492,AC000410,kyc_origination,self,2026-04-01,XXXXXX6654,0
PH001493,AC000410,reference,reference_brother,2026-04-01,XXXXXX2717,1
PH001494,AC000411,kyc_origination,self,2026-04-01,XXXXXX8261,0
PH001495,AC000411,borrower_update,self,2026-04-01,XXXXXX6891,1
PH001496,AC000411,reference,reference_father,2026-04-01,XXXXXX0380,2
PH001497,AC000412,kyc_origination,self,2026-04-01,XXXXXX3214,0
PH001498,AC000412,reference,reference_father,2026-04-01,XXXXXX5754,1
PH001499,AC000413,kyc_origination,self,2026-04-01,XXXXXX8244,0
PH001500,AC000413,borrower_update,self,2026-04-01,XXXXXX6137,1
PH001501,AC000413,reference,reference_father,2026-04-01,XXXXXX7390,2
PH001502,AC000414,kyc_origination,self,2026-04-01,XXXXXX4672,0
PH001503,AC000415,kyc_origination,self,2026-04-01,XXXXXX8804,0
PH001504,AC000415,borrower_update,self,2026-04-01,XXXXXX1329,1
PH001505,AC000416,kyc_origination,self,2026-04-01,XXXXXX8524,0
PH001506,AC000416,bureau,self,2026-04-01,XXXXXX6507,1
PH001507,AC000417,kyc_origination,self,2026-04-01,XXXXXX6428,0
PH001508,AC000417,borrower_update,self,2026-04-01,XXXXXX9167,1
PH001509,AC000417,reference,reference_brother,2026-04-01,XXXXXX1461,2
PH001510,AC000418,kyc_origination,self,2026-04-01,XXXXXX7524,0
PH001511,AC000418,borrower_update,self,2026-04-01,XXXXXX6000,1
PH001512,AC000418,bureau,self,2026-04-01,XXXXXX5781,2
PH001513,AC000419,kyc_origination,self,2026-04-01,XXXXXX1521,0
PH001514,AC000419,bureau,self,2026-04-01,XXXXXX3137,1
PH001515,AC000420,kyc_origination,self,2026-04-01,XXXXXX4997,0
PH001516,AC000420,bureau,self,2026-04-01,XXXXXX5831,1
PH001517,AC000420,reference,reference_father,2026-04-01,XXXXXX4146,2
PH001518,AC000421,kyc_origination,self,2026-04-01,XXXXXX4699,0
PH001519,AC000421,borrower_update,self,2026-04-01,XXXXXX7999,1
PH001520,AC000421,reference,reference_friend,2026-04-01,XXXXXX1413,2
PH001521,AC000422,kyc_origination,self,2026-04-01,XXXXXX8061,0
PH001522,AC000422,borrower_update,self,2026-04-01,XXXXXX2358,1
PH001523,AC000422,reference,reference_father,2026-04-01,XXXXXX8012,2
PH001524,AC000423,kyc_origination,self,2026-04-01,XXXXXX8660,0
PH001525,AC000423,borrower_update,self,2026-04-01,XXXXXX0683,1
PH001526,AC000423,bureau,self,2026-04-01,XXXXXX4636,2
PH000235,AC000424,kyc_origination,self,2026-04-01,XXXXXX1566,0
PH001527,AC000424,reference,reference_spouse,2026-04-01,XXXXXX4858,1
PH001528,AC000425,kyc_origination,self,2026-04-01,XXXXXX1218,0
PH001529,AC000425,borrower_update,self,2026-04-01,XXXXXX8841,1
PH001530,AC000425,reference,reference_father,2026-04-01,XXXXXX8685,2
PH001531,AC000426,kyc_origination,self,2026-04-01,XXXXXX2007,0
PH001532,AC000426,borrower_update,self,2026-04-01,XXXXXX0752,1
PH000485,AC000426,employer,office,2026-04-01,XXXXXX0946,2
PH001533,AC000426,reference,reference_father,2026-04-01,XXXXXX0452,3
PH001534,AC000427,kyc_origination,self,2026-04-01,XXXXXX5876,0
PH001535,AC000427,borrower_update,self,2026-04-01,XXXXXX0922,1
PH001536,AC000427,bureau,self,2026-04-01,XXXXXX1694,2
PH001537,AC000428,kyc_origination,self,2026-04-01,XXXXXX3287,0
PH001538,AC000428,borrower_update,self,2026-04-01,XXXXXX3970,1
PH001539,AC000428,reference,reference_spouse,2026-04-01,XXXXXX7193,2
PH000110,AC000429,kyc_origination,self,2026-04-01,XXXXXX6358,0
PH001540,AC000429,borrower_update,self,2026-04-01,XXXXXX6139,1
PH001541,AC000429,reference,reference_friend,2026-04-01,XXXXXX7374,2
PH001542,AC000430,kyc_origination,self,2026-04-01,XXXXXX8712,0
PH001543,AC000431,kyc_origination,self,2026-04-01,XXXXXX6540,0
PH001544,AC000431,borrower_update,self,2026-04-01,XXXXXX7742,1
PH001545,AC000432,kyc_origination,self,2026-04-01,XXXXXX8300,0
PH001546,AC000432,borrower_update,self,2026-04-01,XXXXXX6289,1
PH001547,AC000432,reference,reference_spouse,2026-04-01,XXXXXX0920,2
PH001548,AC000433,kyc_origination,self,2026-04-01,XXXXXX4072,0
PH001549,AC000433,reference,reference_spouse,2026-04-01,XXXXXX6637,1
PH001550,AC000434,kyc_origination,self,2026-04-01,XXXXXX3031,0
PH001551,AC000435,kyc_origination,self,2026-04-01,XXXXXX8083,0
PH001552,AC000435,bureau,self,2026-04-01,XXXXXX9880,1
PH001553,AC000435,reference,reference_spouse,2026-04-01,XXXXXX6565,2
PH001554,AC000436,kyc_origination,self,2026-04-01,XXXXXX8038,0
PH001555,AC000437,kyc_origination,self,2026-04-01,XXXXXX9970,0
PH001556,AC000437,reference,reference_spouse,2026-04-01,XXXXXX2704,1
PH001557,AC000438,kyc_origination,self,2026-04-01,XXXXXX3287,0
PH001558,AC000438,reference,reference_spouse,2026-04-01,XXXXXX1383,1
PH001559,AC000439,kyc_origination,self,2026-04-01,XXXXXX8860,0
PH001560,AC000439,borrower_update,self,2026-04-01,XXXXXX4613,1
PH001561,AC000440,kyc_origination,self,2026-04-01,XXXXXX7558,0
PH001562,AC000440,reference,reference_friend,2026-04-01,XXXXXX1838,1
PH001563,AC000441,kyc_origination,self,2026-04-01,XXXXXX8771,0
PH001564,AC000441,borrower_update,self,2026-04-01,XXXXXX0928,1
PH001565,AC000442,kyc_origination,self,2026-04-01,XXXXXX2286,0
PH001566,AC000442,borrower_update,self,2026-04-01,XXXXXX1703,1
PH001567,AC000442,reference,reference_spouse,2026-04-01,XXXXXX7824,2
PH001568,AC000443,kyc_origination,self,2026-04-01,XXXXXX5060,0
PH001569,AC000443,reference,reference_spouse,2026-04-01,XXXXXX9476,1
PH000143,AC000444,kyc_origination,self,2026-04-01,XXXXXX3179,0
PH001570,AC000444,bureau,self,2026-04-01,XXXXXX2505,1
PH001571,AC000444,reference,reference_friend,2026-04-01,XXXXXX5919,2
PH001572,AC000445,kyc_origination,self,2026-04-01,XXXXXX5971,0
PH001573,AC000445,bureau,self,2026-04-01,XXXXXX1301,1
PH001574,AC000445,reference,reference_spouse,2026-04-01,XXXXXX0211,2
PH001575,AC000446,kyc_origination,self,2026-04-01,XXXXXX1767,0
PH000577,AC000446,employer,office,2026-04-01,XXXXXX7543,1
PH001576,AC000446,reference,reference_friend,2026-04-01,XXXXXX1630,2
PH001577,AC000447,kyc_origination,self,2026-04-01,XXXXXX4435,0
PH001578,AC000448,kyc_origination,self,2026-04-01,XXXXXX9094,0
PH001579,AC000448,reference,reference_father,2026-04-01,XXXXXX7042,1
PH001580,AC000449,kyc_origination,self,2026-04-01,XXXXXX2798,0
PH001581,AC000449,bureau,self,2026-04-01,XXXXXX8585,1
PH001582,AC000449,reference,reference_brother,2026-04-01,XXXXXX3771,2
PH001583,AC000450,kyc_origination,self,2026-04-01,XXXXXX1734,0
PH001584,AC000451,kyc_origination,self,2026-04-01,XXXXXX1592,0
PH001585,AC000452,kyc_origination,self,2026-04-01,XXXXXX9202,0
PH001586,AC000452,bureau,self,2026-04-01,XXXXXX1884,1
PH001587,AC000452,reference,reference_father,2026-04-01,XXXXXX6352,2
PH001588,AC000453,kyc_origination,self,2026-04-01,XXXXXX4084,0
PH001589,AC000453,bureau,self,2026-04-01,XXXXXX1305,1
PH001590,AC000453,reference,reference_friend,2026-04-01,XXXXXX0040,2
PH001591,AC000454,kyc_origination,self,2026-04-01,XXXXXX8648,0
PH001592,AC000454,bureau,self,2026-04-01,XXXXXX3055,1
PH001593,AC000454,reference,reference_father,2026-04-01,XXXXXX6580,2
PH001594,AC000455,kyc_origination,self,2026-04-01,XXXXXX4402,0
PH000337,AC000455,employer,office,2026-04-01,XXXXXX9108,1
PH001595,AC000455,reference,reference_brother,2026-04-01,XXXXXX6750,2
PH001596,AC000456,kyc_origination,self,2026-04-01,XXXXXX8015,0
PH001597,AC000456,bureau,self,2026-04-01,XXXXXX1797,1
PH001598,AC000457,kyc_origination,self,2026-04-01,XXXXXX0508,0
PH001599,AC000457,bureau,self,2026-04-01,XXXXXX6894,1
PH001600,AC000457,reference,reference_brother,2026-04-01,XXXXXX9519,2
PH001601,AC000458,kyc_origination,self,2026-04-01,XXXXXX2526,0
PH001602,AC000458,reference,reference_spouse,2026-04-01,XXXXXX1867,1
PH001603,AC000459,kyc_origination,self,2026-04-01,XXXXXX5504,0
PH001604,AC000459,reference,reference_spouse,2026-04-01,XXXXXX1449,1
PH001605,AC000460,kyc_origination,self,2026-04-01,XXXXXX7750,0
PH001606,AC000460,reference,reference_father,2026-04-01,XXXXXX6406,1
PH001607,AC000461,kyc_origination,self,2026-04-01,XXXXXX8794,0
PH001608,AC000461,bureau,self,2026-04-01,XXXXXX4359,1
PH001609,AC000461,reference,reference_spouse,2026-04-01,XXXXXX6295,2
PH001610,AC000462,kyc_origination,self,2026-04-01,XXXXXX0803,0
PH001611,AC000462,reference,reference_father,2026-04-01,XXXXXX1807,1
PH001612,AC000463,kyc_origination,self,2026-04-01,XXXXXX0597,0
PH001613,AC000463,reference,reference_father,2026-04-01,XXXXXX1077,1
PH001614,AC000464,kyc_origination,self,2026-04-01,XXXXXX0981,0
PH001615,AC000464,borrower_update,self,2026-04-01,XXXXXX6481,1
PH001616,AC000464,bureau,self,2026-04-01,XXXXXX0580,2
PH001617,AC000465,kyc_origination,self,2026-04-01,XXXXXX8617,0
PH001618,AC000465,reference,reference_friend,2026-04-01,XXXXXX3423,1
PH000121,AC000466,kyc_origination,self,2026-04-01,XXXXXX4638,0
PH001619,AC000466,reference,reference_spouse,2026-04-01,XXXXXX0764,1
PH001620,AC000467,kyc_origination,self,2026-04-01,XXXXXX9623,0
PH001621,AC000468,kyc_origination,self,2026-04-01,XXXXXX8797,0
PH001622,AC000468,borrower_update,self,2026-04-01,XXXXXX0991,1
PH001623,AC000468,bureau,self,2026-04-01,XXXXXX4167,2
PH001624,AC000469,kyc_origination,self,2026-04-01,XXXXXX8900,0
PH001625,AC000469,bureau,self,2026-04-01,XXXXXX1496,1
PH001626,AC000470,kyc_origination,self,2026-04-01,XXXXXX5911,0
PH001627,AC000470,reference,reference_father,2026-04-01,XXXXXX8522,1
PH001628,AC000471,kyc_origination,self,2026-04-01,XXXXXX4573,0
PH001629,AC000471,borrower_update,self,2026-04-01,XXXXXX2990,1
PH001630,AC000471,reference,reference_friend,2026-04-01,XXXXXX2500,2
PH001631,AC000472,kyc_origination,self,2026-04-01,XXXXXX0267,0
PH001632,AC000472,borrower_update,self,2026-04-01,XXXXXX9758,1
PH001633,AC000472,reference,reference_friend,2026-04-01,XXXXXX4102,2
PH001634,AC000473,kyc_origination,self,2026-04-01,XXXXXX3773,0
PH001635,AC000473,bureau,self,2026-04-01,XXXXXX2795,1
PH001636,AC000473,reference,reference_spouse,2026-04-01,XXXXXX8663,2
PH001637,AC000474,kyc_origination,self,2026-04-01,XXXXXX0743,0
PH001638,AC000474,bureau,self,2026-04-01,XXXXXX6733,1
PH001639,AC000474,reference,reference_friend,2026-04-01,XXXXXX4029,2
PH001640,AC000475,kyc_origination,self,2026-04-01,XXXXXX3042,0
PH001641,AC000476,kyc_origination,self,2026-04-01,XXXXXX1552,0
PH001642,AC000476,bureau,self,2026-04-01,XXXXXX0164,1
PH001643,AC000476,reference,reference_friend,2026-04-01,XXXXXX7829,2
PH001644,AC000477,kyc_origination,self,2026-04-01,XXXXXX7159,0
PH001645,AC000477,bureau,self,2026-04-01,XXXXXX1789,1
PH000441,AC000477,employer,office,2026-04-01,XXXXXX2467,2
PH001646,AC000477,reference,reference_mother,2026-04-01,XXXXXX3646,3
PH001647,AC000478,kyc_origination,self,2026-04-01,XXXXXX5440,0
PH001648,AC000478,reference,reference_friend,2026-04-01,XXXXXX5556,1
PH001649,AC000479,kyc_origination,self,2026-04-01,XXXXXX9994,0
PH001650,AC000480,kyc_origination,self,2026-04-01,XXXXXX7592,0
PH001651,AC000480,borrower_update,self,2026-04-01,XXXXXX5727,1
PH001652,AC000480,reference,reference_brother,2026-04-01,XXXXXX6108,2
PH001653,AC000481,kyc_origination,self,2026-04-01,XXXXXX3958,0
PH001654,AC000481,borrower_update,self,2026-04-01,XXXXXX6911,1
PH001655,AC000481,reference,reference_spouse,2026-04-01,XXXXXX3338,2
PH001656,AC000482,kyc_origination,self,2026-04-01,XXXXXX9165,0
PH001657,AC000482,borrower_update,self,2026-04-01,XXXXXX0144,1
PH001658,AC000483,kyc_origination,self,2026-04-01,XXXXXX0901,0
PH001659,AC000484,kyc_origination,self,2026-04-01,XXXXXX4297,0
PH001660,AC000484,borrower_update,self,2026-04-01,XXXXXX1540,1
PH001661,AC000484,bureau,self,2026-04-01,XXXXXX8316,2
PH001662,AC000485,kyc_origination,self,2026-04-01,XXXXXX1446,0
PH001663,AC000485,borrower_update,self,2026-04-01,XXXXXX8338,1
PH001664,AC000486,kyc_origination,self,2026-04-01,XXXXXX1003,0
PH001665,AC000487,kyc_origination,self,2026-04-01,XXXXXX0914,0
PH001666,AC000487,borrower_update,self,2026-04-01,XXXXXX9555,1
PH000548,AC000487,employer,office,2026-04-01,XXXXXX1694,2
PH001667,AC000487,reference,reference_friend,2026-04-01,XXXXXX3250,3
PH001668,AC000488,kyc_origination,self,2026-04-01,XXXXXX5555,0
PH001669,AC000489,kyc_origination,self,2026-04-01,XXXXXX0280,0
PH001670,AC000489,bureau,self,2026-04-01,XXXXXX6399,1
PH001671,AC000489,reference,reference_friend,2026-04-01,XXXXXX5531,2
PH001672,AC000490,kyc_origination,self,2026-04-01,XXXXXX2957,0
PH001673,AC000490,reference,reference_spouse,2026-04-01,XXXXXX2881,1
PH001674,AC000491,kyc_origination,self,2026-04-01,XXXXXX4814,0
PH001675,AC000491,reference,reference_friend,2026-04-01,XXXXXX3057,1
PH001676,AC000492,kyc_origination,self,2026-04-01,XXXXXX6258,0
PH000469,AC000492,employer,office,2026-04-01,XXXXXX8493,1
PH001677,AC000492,reference,reference_spouse,2026-04-01,XXXXXX1670,2
PH001678,AC000493,kyc_origination,self,2026-04-01,XXXXXX0692,0
PH001679,AC000493,borrower_update,self,2026-04-01,XXXXXX4158,1
PH001680,AC000494,kyc_origination,self,2026-04-01,XXXXXX9375,0
PH001681,AC000494,borrower_update,self,2026-04-01,XXXXXX3595,1
PH001682,AC000494,reference,reference_spouse,2026-04-01,XXXXXX6488,2
PH001683,AC000495,kyc_origination,self,2026-04-01,XXXXXX3177,0
PH001684,AC000495,reference,reference_father,2026-04-01,XXXXXX1635,1
PH001685,AC000496,kyc_origination,self,2026-04-01,XXXXXX6495,0
PH001686,AC000497,kyc_origination,self,2026-04-01,XXXXXX4907,0
PH001687,AC000497,bureau,self,2026-04-01,XXXXXX1124,1
PH001688,AC000497,reference,reference_father,2026-04-01,XXXXXX3613,2
PH001689,AC000498,kyc_origination,self,2026-04-01,XXXXXX4009,0
PH001690,AC000499,kyc_origination,self,2026-04-01,XXXXXX6920,0
PH001691,AC000499,borrower_update,self,2026-04-01,XXXXXX0867,1
PH001692,AC000500,kyc_origination,self,2026-04-01,XXXXXX5910,0
PH001693,AC000500,reference,reference_spouse,2026-04-01,XXXXXX3401,1
PH001694,AC000501,kyc_origination,self,2026-04-01,XXXXXX9494,0
PH001695,AC000501,reference,reference_spouse,2026-04-01,XXXXXX6215,1
PH001696,AC000502,kyc_origination,self,2026-04-01,XXXXXX5543,0
PH001697,AC000502,borrower_update,self,2026-04-01,XXXXXX5538,1
PH001698,AC000502,reference,reference_spouse,2026-04-01,XXXXXX0203,2
PH001699,AC000503,kyc_origination,self,2026-04-01,XXXXXX1369,0
PH001700,AC000503,borrower_update,self,2026-04-01,XXXXXX8327,1
PH000600,AC000503,employer,office,2026-04-01,XXXXXX3147,2
PH001701,AC000503,reference,reference_spouse,2026-04-01,XXXXXX3782,3
PH001702,AC000504,kyc_origination,self,2026-04-01,XXXXXX3673,0
PH001703,AC000504,bureau,self,2026-04-01,XXXXXX3955,1
PH001704,AC000505,kyc_origination,self,2026-04-01,XXXXXX5888,0
PH000031,AC000506,kyc_origination,self,2026-04-01,XXXXXX7037,0
PH001705,AC000506,reference,reference_father,2026-04-01,XXXXXX6812,1
PH001706,AC000507,kyc_origination,self,2026-04-01,XXXXXX3665,0
PH001707,AC000507,reference,reference_mother,2026-04-01,XXXXXX1387,1
PH001708,AC000508,kyc_origination,self,2026-04-01,XXXXXX9407,0
PH001709,AC000508,borrower_update,self,2026-04-01,XXXXXX2332,1
PH001710,AC000508,bureau,self,2026-04-01,XXXXXX0709,2
PH001711,AC000508,reference,reference_brother,2026-04-01,XXXXXX7277,3
PH001712,AC000509,kyc_origination,self,2026-04-01,XXXXXX3712,0
PH001713,AC000510,kyc_origination,self,2026-04-01,XXXXXX6403,0
PH001714,AC000510,borrower_update,self,2026-04-01,XXXXXX9844,1
PH001715,AC000510,bureau,self,2026-04-01,XXXXXX6050,2
PH001716,AC000511,kyc_origination,self,2026-04-01,XXXXXX1733,0
PH001717,AC000511,borrower_update,self,2026-04-01,XXXXXX9842,1
PH001718,AC000511,reference,reference_friend,2026-04-01,XXXXXX0821,2
PH001719,AC000512,kyc_origination,self,2026-04-01,XXXXXX0999,0
PH001720,AC000512,borrower_update,self,2026-04-01,XXXXXX4352,1
PH001721,AC000513,kyc_origination,self,2026-04-01,XXXXXX9072,0
PH001722,AC000513,bureau,self,2026-04-01,XXXXXX1076,1
PH001723,AC000514,kyc_origination,self,2026-04-01,XXXXXX5696,0
PH001724,AC000514,reference,reference_father,2026-04-01,XXXXXX8684,1
PH001725,AC000515,kyc_origination,self,2026-04-01,XXXXXX9557,0
PH001726,AC000515,borrower_update,self,2026-04-01,XXXXXX3997,1
PH001727,AC000516,kyc_origination,self,2026-04-01,XXXXXX5519,0
PH001728,AC000516,bureau,self,2026-04-01,XXXXXX1323,1
PH001729,AC000517,kyc_origination,self,2026-04-01,XXXXXX0413,0
PH001730,AC000517,reference,reference_father,2026-04-01,XXXXXX4990,1
PH001731,AC000518,kyc_origination,self,2026-04-01,XXXXXX1789,0
PH001732,AC000519,kyc_origination,self,2026-04-01,XXXXXX1935,0
PH001733,AC000519,reference,reference_spouse,2026-04-01,XXXXXX1522,1
PH001734,AC000520,kyc_origination,self,2026-04-01,XXXXXX6104,0
PH001735,AC000520,reference,reference_spouse,2026-04-01,XXXXXX2025,1
PH001736,AC000521,kyc_origination,self,2026-04-01,XXXXXX2960,0
PH001737,AC000521,borrower_update,self,2026-04-01,XXXXXX5988,1
PH001738,AC000521,reference,reference_mother,2026-04-01,XXXXXX7456,2
PH001739,AC000522,kyc_origination,self,2026-04-01,XXXXXX1135,0
PH001740,AC000522,reference,reference_spouse,2026-04-01,XXXXXX2575,1
PH001741,AC000523,kyc_origination,self,2026-04-01,XXXXXX6605,0
PH001742,AC000523,bureau,self,2026-04-01,XXXXXX6205,1
PH001743,AC000523,reference,reference_brother,2026-04-01,XXXXXX6897,2
PH001744,AC000524,kyc_origination,self,2026-04-01,XXXXXX8073,0
PH001745,AC000524,borrower_update,self,2026-04-01,XXXXXX2780,1
PH001746,AC000524,reference,reference_brother,2026-04-01,XXXXXX1239,2
PH001747,AC000525,kyc_origination,self,2026-04-01,XXXXXX3479,0
PH001748,AC000525,borrower_update,self,2026-04-01,XXXXXX7533,1
PH001749,AC000526,kyc_origination,self,2026-04-01,XXXXXX2762,0
PH001750,AC000526,reference,reference_father,2026-04-01,XXXXXX5866,1
PH001751,AC000527,kyc_origination,self,2026-04-01,XXXXXX2179,0
PH001752,AC000527,bureau,self,2026-04-01,XXXXXX6430,1
PH001753,AC000527,reference,reference_spouse,2026-04-01,XXXXXX1933,2
PH001754,AC000528,kyc_origination,self,2026-04-01,XXXXXX9979,0
PH001755,AC000528,reference,reference_friend,2026-04-01,XXXXXX0049,1
PH001756,AC000529,kyc_origination,self,2026-04-01,XXXXXX5879,0
PH001757,AC000529,borrower_update,self,2026-04-01,XXXXXX3150,1
PH001758,AC000529,bureau,self,2026-04-01,XXXXXX4176,2
PH001759,AC000529,reference,reference_friend,2026-04-01,XXXXXX6786,3
PH001760,AC000530,kyc_origination,self,2026-04-01,XXXXXX7536,0
PH001761,AC000530,bureau,self,2026-04-01,XXXXXX1700,1
PH001762,AC000530,reference,reference_mother,2026-04-01,XXXXXX6217,2
PH001763,AC000531,kyc_origination,self,2026-04-01,XXXXXX8908,0
PH001764,AC000531,reference,reference_father,2026-04-01,XXXXXX0160,1
PH001765,AC000532,kyc_origination,self,2026-04-01,XXXXXX5677,0
PH001766,AC000532,borrower_update,self,2026-04-01,XXXXXX0012,1
PH001767,AC000532,bureau,self,2026-04-01,XXXXXX4869,2
PH001768,AC000533,kyc_origination,self,2026-04-01,XXXXXX5838,0
PH001769,AC000533,borrower_update,self,2026-04-01,XXXXXX7339,1
PH001770,AC000534,kyc_origination,self,2026-04-01,XXXXXX5672,0
PH001771,AC000535,kyc_origination,self,2026-04-01,XXXXXX8875,0
PH001772,AC000535,reference,reference_mother,2026-04-01,XXXXXX7210,1
PH001773,AC000536,kyc_origination,self,2026-04-01,XXXXXX4194,0
PH001774,AC000536,bureau,self,2026-04-01,XXXXXX7654,1
PH001775,AC000536,reference,reference_brother,2026-04-01,XXXXXX9858,2
PH001776,AC000537,kyc_origination,self,2026-04-01,XXXXXX0975,0
PH001777,AC000538,kyc_origination,self,2026-04-01,XXXXXX8925,0
PH001778,AC000539,kyc_origination,self,2026-04-01,XXXXXX3377,0
PH001779,AC000540,kyc_origination,self,2026-04-01,XXXXXX3593,0
PH001780,AC000540,borrower_update,self,2026-04-01,XXXXXX6989,1
PH001781,AC000540,reference,reference_mother,2026-04-01,XXXXXX4662,2
PH001782,AC000541,kyc_origination,self,2026-04-01,XXXXXX4040,0
PH001783,AC000541,bureau,self,2026-04-01,XXXXXX8380,1
PH001784,AC000541,reference,reference_spouse,2026-04-01,XXXXXX5288,2
PH001785,AC000542,kyc_origination,self,2026-04-01,XXXXXX3920,0
PH001786,AC000542,borrower_update,self,2026-04-01,XXXXXX0858,1
PH001787,AC000542,reference,reference_father,2026-04-01,XXXXXX0940,2
PH001788,AC000543,kyc_origination,self,2026-04-01,XXXXXX2230,0
PH000490,AC000543,employer,office,2026-04-01,XXXXXX7540,1
PH001789,AC000543,reference,reference_mother,2026-04-01,XXXXXX0966,2
PH001790,AC000544,kyc_origination,self,2026-04-01,XXXXXX2813,0
PH001791,AC000544,borrower_update,self,2026-04-01,XXXXXX5687,1
PH001792,AC000544,bureau,self,2026-04-01,XXXXXX1422,2
PH001793,AC000545,kyc_origination,self,2026-04-01,XXXXXX1855,0
PH001794,AC000545,bureau,self,2026-04-01,XXXXXX9932,1
PH001795,AC000545,reference,reference_brother,2026-04-01,XXXXXX4791,2
PH001796,AC000546,kyc_origination,self,2026-04-01,XXXXXX4206,0
PH001797,AC000546,bureau,self,2026-04-01,XXXXXX6751,1
PH001798,AC000547,kyc_origination,self,2026-04-01,XXXXXX2287,0
PH001799,AC000547,bureau,self,2026-04-01,XXXXXX2272,1
PH001800,AC000548,kyc_origination,self,2026-04-01,XXXXXX1805,0
PH001801,AC000548,reference,reference_spouse,2026-04-01,XXXXXX1892,1
PH001802,AC000549,kyc_origination,self,2026-04-01,XXXXXX8088,0
PH001803,AC000549,borrower_update,self,2026-04-01,XXXXXX9506,1
PH001804,AC000549,reference,reference_spouse,2026-04-01,XXXXXX0217,2
PH001805,AC000550,kyc_origination,self,2026-04-01,XXXXXX4205,0
PH001806,AC000550,bureau,self,2026-04-01,XXXXXX0113,1
PH001807,AC000550,reference,reference_brother,2026-04-01,XXXXXX3844,2
PH001808,AC000551,kyc_origination,self,2026-04-01,XXXXXX7626,0
PH001809,AC000551,borrower_update,self,2026-04-01,XXXXXX5439,1
PH001810,AC000552,kyc_origination,self,2026-04-01,XXXXXX5758,0
PH001811,AC000552,reference,reference_mother,2026-04-01,XXXXXX6301,1
PH001812,AC000553,kyc_origination,self,2026-04-01,XXXXXX0931,0
PH001813,AC000553,borrower_update,self,2026-04-01,XXXXXX2189,1
PH001814,AC000553,bureau,self,2026-04-01,XXXXXX0221,2
PH001815,AC000553,reference,reference_mother,2026-04-01,XXXXXX5747,3
PH001816,AC000554,kyc_origination,self,2026-04-01,XXXXXX0225,0
PH001817,AC000554,reference,reference_brother,2026-04-01,XXXXXX2382,1
PH001818,AC000555,kyc_origination,self,2026-04-01,XXXXXX2658,0
PH001819,AC000555,borrower_update,self,2026-04-01,XXXXXX1552,1
PH001820,AC000555,bureau,self,2026-04-01,XXXXXX5449,2
PH001821,AC000555,reference,reference_spouse,2026-04-01,XXXXXX1525,3
PH001822,AC000556,kyc_origination,self,2026-04-01,XXXXXX8507,0
PH001823,AC000556,bureau,self,2026-04-01,XXXXXX9042,1
PH001824,AC000556,reference,reference_friend,2026-04-01,XXXXXX6522,2
PH001825,AC000557,kyc_origination,self,2026-04-01,XXXXXX8836,0
PH001826,AC000557,borrower_update,self,2026-04-01,XXXXXX9842,1
PH001827,AC000557,reference,reference_spouse,2026-04-01,XXXXXX9961,2
PH001828,AC000558,kyc_origination,self,2026-04-01,XXXXXX5765,0
PH001829,AC000558,reference,reference_spouse,2026-04-01,XXXXXX6727,1
PH001830,AC000559,kyc_origination,self,2026-04-01,XXXXXX0245,0
PH001831,AC000559,reference,reference_spouse,2026-04-01,XXXXXX7461,1
PH001832,AC000560,kyc_origination,self,2026-04-01,XXXXXX2994,0
PH001833,AC000560,borrower_update,self,2026-04-01,XXXXXX0031,1
PH001834,AC000560,reference,reference_spouse,2026-04-01,XXXXXX7912,2
PH001835,AC000561,kyc_origination,self,2026-04-01,XXXXXX3119,0
PH001836,AC000561,reference,reference_mother,2026-04-01,XXXXXX8168,1
PH001837,AC000562,kyc_origination,self,2026-04-01,XXXXXX0136,0
PH001838,AC000562,reference,reference_spouse,2026-04-01,XXXXXX1415,1
PH001839,AC000563,kyc_origination,self,2026-04-01,XXXXXX4568,0
PH001840,AC000563,bureau,self,2026-04-01,XXXXXX6271,1
PH001841,AC000563,reference,reference_mother,2026-04-01,XXXXXX3265,2
PH001842,AC000564,kyc_origination,self,2026-04-01,XXXXXX2397,0
PH001843,AC000564,bureau,self,2026-04-01,XXXXXX4295,1
PH001844,AC000564,reference,reference_father,2026-04-01,XXXXXX1965,2
PH001845,AC000565,kyc_origination,self,2026-04-01,XXXXXX0239,0
PH001846,AC000566,kyc_origination,self,2026-04-01,XXXXXX9968,0
PH001847,AC000567,kyc_origination,self,2026-04-01,XXXXXX4670,0
PH001848,AC000568,kyc_origination,self,2026-04-01,XXXXXX6896,0
PH001849,AC000568,bureau,self,2026-04-01,XXXXXX8429,1
PH001850,AC000569,kyc_origination,self,2026-04-01,XXXXXX8844,0
PH001851,AC000569,reference,reference_brother,2026-04-01,XXXXXX7067,1
PH001852,AC000570,kyc_origination,self,2026-04-01,XXXXXX7689,0
PH001853,AC000571,kyc_origination,self,2026-04-01,XXXXXX1213,0
PH001854,AC000572,kyc_origination,self,2026-04-01,XXXXXX6485,0
PH001855,AC000572,borrower_update,self,2026-04-01,XXXXXX4684,1
PH001856,AC000572,reference,reference_mother,2026-04-01,XXXXXX6728,2
PH001857,AC000573,kyc_origination,self,2026-04-01,XXXXXX0633,0
PH001858,AC000573,reference,reference_mother,2026-04-01,XXXXXX3056,1
PH001859,AC000574,kyc_origination,self,2026-04-01,XXXXXX0849,0
PH001860,AC000575,kyc_origination,self,2026-04-01,XXXXXX5897,0
PH001861,AC000576,kyc_origination,self,2026-04-01,XXXXXX8252,0
PH001862,AC000576,reference,reference_spouse,2026-04-01,XXXXXX3632,1
PH001863,AC000577,kyc_origination,self,2026-04-01,XXXXXX7313,0
PH001864,AC000578,kyc_origination,self,2026-04-01,XXXXXX8077,0
PH001865,AC000578,bureau,self,2026-04-01,XXXXXX0200,1
PH001866,AC000579,kyc_origination,self,2026-04-01,XXXXXX9757,0
PH001867,AC000580,kyc_origination,self,2026-04-01,XXXXXX5552,0
PH001868,AC000581,kyc_origination,self,2026-04-01,XXXXXX4904,0
PH001869,AC000582,kyc_origination,self,2026-04-01,XXXXXX9331,0
PH001870,AC000582,borrower_update,self,2026-04-01,XXXXXX9283,1
PH001871,AC000582,bureau,self,2026-04-01,XXXXXX7663,2
PH001872,AC000583,kyc_origination,self,2026-04-01,XXXXXX9736,0
PH001873,AC000583,reference,reference_brother,2026-04-01,XXXXXX9258,1
PH001874,AC000584,kyc_origination,self,2026-04-01,XXXXXX8332,0
PH001875,AC000584,borrower_update,self,2026-04-01,XXXXXX9490,1
PH001876,AC000584,bureau,self,2026-04-01,XXXXXX7805,2
PH000476,AC000584,employer,office,2026-04-01,XXXXXX8933,3
PH001877,AC000585,kyc_origination,self,2026-04-01,XXXXXX8311,0
PH001878,AC000585,borrower_update,self,2026-04-01,XXXXXX2542,1
PH001879,AC000585,reference,reference_spouse,2026-04-01,XXXXXX2338,2
PH001880,AC000586,kyc_origination,self,2026-04-01,XXXXXX4078,0
PH001881,AC000586,borrower_update,self,2026-04-01,XXXXXX4890,1
PH001882,AC000587,kyc_origination,self,2026-04-01,XXXXXX6515,0
PH001883,AC000588,kyc_origination,self,2026-04-01,XXXXXX0324,0
PH001884,AC000588,bureau,self,2026-04-01,XXXXXX7085,1
PH001885,AC000588,reference,reference_brother,2026-04-01,XXXXXX2162,2
PH001886,AC000589,kyc_origination,self,2026-04-01,XXXXXX3169,0
PH001887,AC000589,borrower_update,self,2026-04-01,XXXXXX9983,1
PH001888,AC000589,reference,reference_spouse,2026-04-01,XXXXXX2861,2
PH001889,AC000590,kyc_origination,self,2026-04-01,XXXXXX2927,0
PH001890,AC000590,borrower_update,self,2026-04-01,XXXXXX9933,1
PH001891,AC000591,kyc_origination,self,2026-04-01,XXXXXX9244,0
PH001892,AC000591,borrower_update,self,2026-04-01,XXXXXX5361,1
PH001893,AC000591,reference,reference_father,2026-04-01,XXXXXX7021,2
PH001894,AC000592,kyc_origination,self,2026-04-01,XXXXXX8277,0
PH001895,AC000592,borrower_update,self,2026-04-01,XXXXXX6934,1
PH001896,AC000592,bureau,self,2026-04-01,XXXXXX4717,2
PH001897,AC000592,reference,reference_mother,2026-04-01,XXXXXX0065,3
PH001898,AC000593,kyc_origination,self,2026-04-01,XXXXXX3615,0
PH000194,AC000594,kyc_origination,self,2026-04-01,XXXXXX7205,0
PH001899,AC000594,borrower_update,self,2026-04-01,XXXXXX0054,1
PH001900,AC000594,bureau,self,2026-04-01,XXXXXX7720,2
PH001901,AC000594,reference,reference_brother,2026-04-01,XXXXXX0989,3
PH001902,AC000595,kyc_origination,self,2026-04-01,XXXXXX5202,0
PH001903,AC000596,kyc_origination,self,2026-04-01,XXXXXX2999,0
PH000476,AC000596,employer,office,2026-04-01,XXXXXX8933,1
PH001904,AC000597,kyc_origination,self,2026-04-01,XXXXXX0425,0
PH001905,AC000598,kyc_origination,self,2026-04-01,XXXXXX5098,0
PH000610,AC000598,employer,office,2026-04-01,XXXXXX7966,1
PH001906,AC000598,reference,reference_spouse,2026-04-01,XXXXXX3698,2
PH001907,AC000599,kyc_origination,self,2026-04-01,XXXXXX9664,0
PH001908,AC000599,reference,reference_brother,2026-04-01,XXXXXX0719,1
PH001909,AC000600,kyc_origination,self,2026-04-01,XXXXXX5047,0
PH001910,AC000600,bureau,self,2026-04-01,XXXXXX8112,1
PH000575,AC000600,employer,office,2026-04-01,XXXXXX9385,2
PH001911,AC000601,kyc_origination,self,2026-04-01,XXXXXX9221,0
PH001912,AC000601,borrower_update,self,2026-04-01,XXXXXX6321,1
PH001913,AC000601,bureau,self,2026-04-01,XXXXXX9786,2
PH001914,AC000601,reference,reference_mother,2026-04-01,XXXXXX0214,3
PH001915,AC000602,kyc_origination,self,2026-04-01,XXXXXX8258,0
PH001916,AC000602,bureau,self,2026-04-01,XXXXXX2192,1
PH001917,AC000603,kyc_origination,self,2026-04-01,XXXXXX9109,0
PH001918,AC000603,borrower_update,self,2026-04-01,XXXXXX4836,1
PH001919,AC000603,reference,reference_father,2026-04-01,XXXXXX0372,2
PH001920,AC000604,kyc_origination,self,2026-04-01,XXXXXX5084,0
PH001921,AC000604,borrower_update,self,2026-04-01,XXXXXX0087,1
PH001922,AC000605,kyc_origination,self,2026-04-01,XXXXXX0708,0
PH001923,AC000605,borrower_update,self,2026-04-01,XXXXXX7083,1
PH001924,AC000605,bureau,self,2026-04-01,XXXXXX6063,2
PH001925,AC000605,reference,reference_spouse,2026-04-01,XXXXXX1666,3
PH001926,AC000606,kyc_origination,self,2026-04-01,XXXXXX7448,0
PH001927,AC000606,borrower_update,self,2026-04-01,XXXXXX8082,1
PH001928,AC000606,reference,reference_father,2026-04-01,XXXXXX9486,2
PH001929,AC000607,kyc_origination,self,2026-04-01,XXXXXX5694,0
PH001930,AC000607,borrower_update,self,2026-04-01,XXXXXX4007,1
PH001931,AC000607,reference,reference_father,2026-04-01,XXXXXX0455,2
PH001932,AC000608,kyc_origination,self,2026-04-01,XXXXXX1850,0
PH001933,AC000608,reference,reference_brother,2026-04-01,XXXXXX9750,1
PH001934,AC000609,kyc_origination,self,2026-04-01,XXXXXX8695,0
PH001935,AC000610,kyc_origination,self,2026-04-01,XXXXXX9560,0
PH001936,AC000610,reference,reference_friend,2026-04-01,XXXXXX5532,1
PH001937,AC000611,kyc_origination,self,2026-04-01,XXXXXX7381,0
PH000609,AC000611,employer,office,2026-04-01,XXXXXX1616,1
PH001938,AC000611,reference,reference_friend,2026-04-01,XXXXXX4869,2
PH001939,AC000612,kyc_origination,self,2026-04-01,XXXXXX8112,0
PH001940,AC000613,kyc_origination,self,2026-04-01,XXXXXX5545,0
PH001941,AC000613,borrower_update,self,2026-04-01,XXXXXX4079,1
PH001942,AC000613,bureau,self,2026-04-01,XXXXXX4845,2
PH000299,AC000613,employer,office,2026-04-01,XXXXXX4973,3
PH001943,AC000613,reference,reference_brother,2026-04-01,XXXXXX3993,4
PH001944,AC000614,kyc_origination,self,2026-04-01,XXXXXX7664,0
PH001945,AC000614,bureau,self,2026-04-01,XXXXXX6683,1
PH001946,AC000614,reference,reference_brother,2026-04-01,XXXXXX6289,2
PH001947,AC000615,kyc_origination,self,2026-04-01,XXXXXX6144,0
PH001948,AC000615,bureau,self,2026-04-01,XXXXXX8248,1
PH000451,AC000615,employer,office,2026-04-01,XXXXXX0512,2
PH001949,AC000615,reference,reference_friend,2026-04-01,XXXXXX0811,3
PH001950,AC000616,kyc_origination,self,2026-04-01,XXXXXX1126,0
PH001951,AC000616,borrower_update,self,2026-04-01,XXXXXX3821,1
PH001952,AC000616,reference,reference_brother,2026-04-01,XXXXXX2955,2
PH001953,AC000617,kyc_origination,self,2026-04-01,XXXXXX4920,0
PH001954,AC000617,bureau,self,2026-04-01,XXXXXX1354,1
PH001955,AC000618,kyc_origination,self,2026-04-01,XXXXXX5734,0
PH001956,AC000618,borrower_update,self,2026-04-01,XXXXXX4408,1
PH001957,AC000619,kyc_origination,self,2026-04-01,XXXXXX2066,0
PH001958,AC000620,kyc_origination,self,2026-04-01,XXXXXX9157,0
PH001959,AC000621,kyc_origination,self,2026-04-01,XXXXXX9916,0
PH001960,AC000621,reference,reference_brother,2026-04-01,XXXXXX8565,1
PH001961,AC000622,kyc_origination,self,2026-04-01,XXXXXX2500,0
PH001962,AC000623,kyc_origination,self,2026-04-01,XXXXXX6271,0
PH001963,AC000623,borrower_update,self,2026-04-01,XXXXXX4876,1
PH001964,AC000623,reference,reference_spouse,2026-04-01,XXXXXX9771,2
PH001965,AC000624,kyc_origination,self,2026-04-01,XXXXXX8983,0
PH001966,AC000624,borrower_update,self,2026-04-01,XXXXXX8958,1
PH001967,AC000625,kyc_origination,self,2026-04-01,XXXXXX1638,0
PH001968,AC000625,borrower_update,self,2026-04-01,XXXXXX6061,1
PH001969,AC000625,bureau,self,2026-04-01,XXXXXX9674,2
PH001970,AC000626,kyc_origination,self,2026-04-01,XXXXXX9497,0
PH001971,AC000626,borrower_update,self,2026-04-01,XXXXXX9174,1
PH001972,AC000626,bureau,self,2026-04-01,XXXXXX8940,2
PH000284,AC000626,employer,office,2026-04-01,XXXXXX6678,3
PH001973,AC000627,kyc_origination,self,2026-04-01,XXXXXX3797,0
PH001974,AC000627,borrower_update,self,2026-04-01,XXXXXX6889,1
PH001975,AC000627,bureau,self,2026-04-01,XXXXXX8507,2
PH001976,AC000628,kyc_origination,self,2026-04-01,XXXXXX5671,0
PH001977,AC000629,kyc_origination,self,2026-04-01,XXXXXX6428,0
PH001978,AC000629,borrower_update,self,2026-04-01,XXXXXX4325,1
PH001979,AC000629,reference,reference_brother,2026-04-01,XXXXXX8907,2
PH001980,AC000630,kyc_origination,self,2026-04-01,XXXXXX9837,0
PH001981,AC000630,borrower_update,self,2026-04-01,XXXXXX4059,1
PH001982,AC000630,reference,reference_mother,2026-04-01,XXXXXX9151,2
PH001983,AC000631,kyc_origination,self,2026-04-01,XXXXXX0851,0
PH001984,AC000631,borrower_update,self,2026-04-01,XXXXXX0868,1
PH001985,AC000632,kyc_origination,self,2026-04-01,XXXXXX7024,0
PH001986,AC000632,bureau,self,2026-04-01,XXXXXX5935,1
PH001987,AC000632,reference,reference_brother,2026-04-01,XXXXXX1849,2
PH001988,AC000633,kyc_origination,self,2026-04-01,XXXXXX9948,0
PH001989,AC000633,bureau,self,2026-04-01,XXXXXX8002,1
PH001990,AC000633,reference,reference_mother,2026-04-01,XXXXXX7408,2
PH001991,AC000634,kyc_origination,self,2026-04-01,XXXXXX5523,0
PH001992,AC000634,bureau,self,2026-04-01,XXXXXX3971,1
PH000461,AC000634,employer,office,2026-04-01,XXXXXX6018,2
PH001993,AC000634,reference,reference_friend,2026-04-01,XXXXXX7674,3
PH001994,AC000635,kyc_origination,self,2026-04-01,XXXXXX3492,0
PH001995,AC000635,borrower_update,self,2026-04-01,XXXXXX0962,1
PH000306,AC000635,employer,office,2026-04-01,XXXXXX5930,2
PH001996,AC000636,kyc_origination,self,2026-04-01,XXXXXX8630,0
PH001997,AC000636,bureau,self,2026-04-01,XXXXXX7884,1
PH001998,AC000637,kyc_origination,self,2026-04-01,XXXXXX4310,0
PH000295,AC000637,employer,office,2026-04-01,XXXXXX2747,1
PH001999,AC000637,reference,reference_friend,2026-04-01,XXXXXX2783,2
PH002000,AC000638,kyc_origination,self,2026-04-01,XXXXXX6912,0
PH002001,AC000638,borrower_update,self,2026-04-01,XXXXXX6371,1
PH002002,AC000638,bureau,self,2026-04-01,XXXXXX0148,2
PH002003,AC000638,reference,reference_spouse,2026-04-01,XXXXXX9167,3
PH002004,AC000639,kyc_origination,self,2026-04-01,XXXXXX7598,0
PH002005,AC000640,kyc_origination,self,2026-04-01,XXXXXX5358,0
PH002006,AC000641,kyc_origination,self,2026-04-01,XXXXXX1109,0
PH002007,AC000641,borrower_update,self,2026-04-01,XXXXXX2401,1
PH002008,AC000642,kyc_origination,self,2026-04-01,XXXXXX1222,0
PH002009,AC000642,borrower_update,self,2026-04-01,XXXXXX4810,1
PH002010,AC000642,bureau,self,2026-04-01,XXXXXX1007,2
PH002011,AC000643,kyc_origination,self,2026-04-01,XXXXXX2147,0
PH002012,AC000643,bureau,self,2026-04-01,XXXXXX0196,1
PH002013,AC000643,reference,reference_spouse,2026-04-01,XXXXXX1803,2
PH002014,AC000644,kyc_origination,self,2026-04-01,XXXXXX5700,0
PH002015,AC000644,bureau,self,2026-04-01,XXXXXX7990,1
PH002016,AC000645,kyc_origination,self,2026-04-01,XXXXXX4311,0
PH002017,AC000645,reference,reference_friend,2026-04-01,XXXXXX7473,1
PH002018,AC000646,kyc_origination,self,2026-04-01,XXXXXX8295,0
PH002019,AC000646,borrower_update,self,2026-04-01,XXXXXX2735,1
PH002020,AC000646,reference,reference_brother,2026-04-01,XXXXXX1738,2
PH002021,AC000647,kyc_origination,self,2026-04-01,XXXXXX5039,0
PH002022,AC000648,kyc_origination,self,2026-04-01,XXXXXX6722,0
PH002023,AC000648,reference,reference_spouse,2026-04-01,XXXXXX3863,1
PH002024,AC000649,kyc_origination,self,2026-04-01,XXXXXX1448,0
PH002025,AC000649,bureau,self,2026-04-01,XXXXXX4069,1
PH002026,AC000650,kyc_origination,self,2026-04-01,XXXXXX4637,0
PH002027,AC000651,kyc_origination,self,2026-04-01,XXXXXX5896,0
PH002028,AC000651,borrower_update,self,2026-04-01,XXXXXX7126,1
PH002029,AC000651,bureau,self,2026-04-01,XXXXXX7488,2
PH002030,AC000652,kyc_origination,self,2026-04-01,XXXXXX3888,0
PH002031,AC000652,reference,reference_brother,2026-04-01,XXXXXX6797,1
PH002032,AC000653,kyc_origination,self,2026-04-01,XXXXXX6918,0
PH002033,AC000653,bureau,self,2026-04-01,XXXXXX9824,1
PH002034,AC000654,kyc_origination,self,2026-04-01,XXXXXX0547,0
PH002035,AC000654,bureau,self,2026-04-01,XXXXXX1001,1
PH002036,AC000654,reference,reference_mother,2026-04-01,XXXXXX6171,2
PH002037,AC000655,kyc_origination,self,2026-04-01,XXXXXX5649,0
PH002038,AC000656,kyc_origination,self,2026-04-01,XXXXXX6516,0
PH002039,AC000656,borrower_update,self,2026-04-01,XXXXXX7981,1
PH000439,AC000656,employer,office,2026-04-01,XXXXXX4474,2
PH002040,AC000656,reference,reference_brother,2026-04-01,XXXXXX9690,3
PH002041,AC000657,kyc_origination,self,2026-04-01,XXXXXX2705,0
PH002042,AC000657,borrower_update,self,2026-04-01,XXXXXX0845,1
PH002043,AC000657,bureau,self,2026-04-01,XXXXXX9209,2
PH002044,AC000658,kyc_origination,self,2026-04-01,XXXXXX3019,0
PH002045,AC000658,borrower_update,self,2026-04-01,XXXXXX7625,1
PH002046,AC000658,reference,reference_brother,2026-04-01,XXXXXX5387,2
PH002047,AC000659,kyc_origination,self,2026-04-01,XXXXXX0463,0
PH002048,AC000659,reference,reference_friend,2026-04-01,XXXXXX0662,1
PH002049,AC000660,kyc_origination,self,2026-04-01,XXXXXX4112,0
PH002050,AC000661,kyc_origination,self,2026-04-01,XXXXXX9304,0
PH002051,AC000661,borrower_update,self,2026-04-01,XXXXXX9833,1
PH002052,AC000661,reference,reference_brother,2026-04-01,XXXXXX2451,2
PH002053,AC000662,kyc_origination,self,2026-04-01,XXXXXX7147,0
PH002054,AC000662,borrower_update,self,2026-04-01,XXXXXX2708,1
PH002055,AC000663,kyc_origination,self,2026-04-01,XXXXXX4996,0
PH002056,AC000663,borrower_update,self,2026-04-01,XXXXXX9554,1
PH002057,AC000663,reference,reference_friend,2026-04-01,XXXXXX0657,2
PH002058,AC000664,kyc_origination,self,2026-04-01,XXXXXX4663,0
PH002059,AC000664,bureau,self,2026-04-01,XXXXXX8466,1
PH002060,AC000664,reference,reference_father,2026-04-01,XXXXXX6518,2
PH002061,AC000665,kyc_origination,self,2026-04-01,XXXXXX7089,0
PH002062,AC000665,reference,reference_spouse,2026-04-01,XXXXXX9935,1
PH002063,AC000666,kyc_origination,self,2026-04-01,XXXXXX2455,0
PH002064,AC000666,borrower_update,self,2026-04-01,XXXXXX4419,1
PH002065,AC000666,bureau,self,2026-04-01,XXXXXX1251,2
PH002066,AC000667,kyc_origination,self,2026-04-01,XXXXXX0019,0
PH002067,AC000667,borrower_update,self,2026-04-01,XXXXXX9251,1
PH002068,AC000667,bureau,self,2026-04-01,XXXXXX2863,2
PH002069,AC000667,reference,reference_brother,2026-04-01,XXXXXX8679,3
PH002070,AC000668,kyc_origination,self,2026-04-01,XXXXXX7506,0
PH002071,AC000668,reference,reference_father,2026-04-01,XXXXXX7237,1
PH002072,AC000669,kyc_origination,self,2026-04-01,XXXXXX1601,0
PH002073,AC000669,reference,reference_friend,2026-04-01,XXXXXX6779,1
PH002074,AC000670,kyc_origination,self,2026-04-01,XXXXXX3379,0
PH002075,AC000670,borrower_update,self,2026-04-01,XXXXXX5475,1
PH000469,AC000670,employer,office,2026-04-01,XXXXXX8493,2
PH002076,AC000671,kyc_origination,self,2026-04-01,XXXXXX5620,0
PH002077,AC000671,borrower_update,self,2026-04-01,XXXXXX3307,1
PH002078,AC000671,reference,reference_father,2026-04-01,XXXXXX0577,2
PH002079,AC000672,kyc_origination,self,2026-04-01,XXXXXX0661,0
PH002080,AC000672,borrower_update,self,2026-04-01,XXXXXX0752,1
PH002081,AC000673,kyc_origination,self,2026-04-01,XXXXXX1344,0
PH002082,AC000673,borrower_update,self,2026-04-01,XXXXXX8655,1
PH002083,AC000673,reference,reference_father,2026-04-01,XXXXXX7363,2
PH002084,AC000674,kyc_origination,self,2026-04-01,XXXXXX6072,0
PH002085,AC000674,borrower_update,self,2026-04-01,XXXXXX9034,1
PH002086,AC000675,kyc_origination,self,2026-04-01,XXXXXX7363,0
PH002087,AC000675,reference,reference_spouse,2026-04-01,XXXXXX2548,1
PH002088,AC000676,kyc_origination,self,2026-04-01,XXXXXX2032,0
PH002089,AC000676,reference,reference_father,2026-04-01,XXXXXX4875,1
PH002090,AC000677,kyc_origination,self,2026-04-01,XXXXXX1741,0
PH002091,AC000677,borrower_update,self,2026-04-01,XXXXXX0814,1
PH002092,AC000677,bureau,self,2026-04-01,XXXXXX5010,2
PH000483,AC000677,employer,office,2026-04-01,XXXXXX0309,3
PH002093,AC000678,kyc_origination,self,2026-04-01,XXXXXX9468,0
PH002094,AC000678,reference,reference_brother,2026-04-01,XXXXXX9510,1
PH002095,AC000679,kyc_origination,self,2026-04-01,XXXXXX5993,0
PH002096,AC000680,kyc_origination,self,2026-04-01,XXXXXX5800,0
PH002097,AC000680,reference,reference_spouse,2026-04-01,XXXXXX2671,1
PH002098,AC000681,kyc_origination,self,2026-04-01,XXXXXX7718,0
PH002099,AC000681,borrower_update,self,2026-04-01,XXXXXX2853,1
PH002100,AC000682,kyc_origination,self,2026-04-01,XXXXXX1642,0
PH002101,AC000682,reference,reference_spouse,2026-04-01,XXXXXX4927,1
PH002102,AC000683,kyc_origination,self,2026-04-01,XXXXXX1381,0
PH002103,AC000683,borrower_update,self,2026-04-01,XXXXXX2481,1
PH002104,AC000683,bureau,self,2026-04-01,XXXXXX2531,2
PH002105,AC000683,reference,reference_spouse,2026-04-01,XXXXXX4135,3
PH002106,AC000684,kyc_origination,self,2026-04-01,XXXXXX2517,0
PH002107,AC000685,kyc_origination,self,2026-04-01,XXXXXX6036,0
PH002108,AC000686,kyc_origination,self,2026-04-01,XXXXXX0827,0
PH000335,AC000686,employer,office,2026-04-01,XXXXXX6523,1
PH002109,AC000687,kyc_origination,self,2026-04-01,XXXXXX0955,0
PH002110,AC000687,borrower_update,self,2026-04-01,XXXXXX7352,1
PH002111,AC000687,bureau,self,2026-04-01,XXXXXX1603,2
PH002112,AC000687,reference,reference_father,2026-04-01,XXXXXX7840,3
PH002113,AC000688,kyc_origination,self,2026-04-01,XXXXXX8435,0
PH002114,AC000688,reference,reference_spouse,2026-04-01,XXXXXX2883,1
PH000245,AC000689,kyc_origination,self,2026-04-01,XXXXXX5414,0
PH002115,AC000689,reference,reference_brother,2026-04-01,XXXXXX5268,1
PH002116,AC000690,kyc_origination,self,2026-04-01,XXXXXX0731,0
PH002117,AC000691,kyc_origination,self,2026-04-01,XXXXXX1902,0
PH002118,AC000692,kyc_origination,self,2026-04-01,XXXXXX6123,0
PH002119,AC000692,reference,reference_father,2026-04-01,XXXXXX8908,1
PH002120,AC000693,kyc_origination,self,2026-04-01,XXXXXX2644,0
PH002121,AC000693,reference,reference_spouse,2026-04-01,XXXXXX6822,1
PH002122,AC000694,kyc_origination,self,2026-04-01,XXXXXX1879,0
PH002123,AC000694,borrower_update,self,2026-04-01,XXXXXX3501,1
PH002124,AC000694,reference,reference_friend,2026-04-01,XXXXXX5041,2
PH002125,AC000695,kyc_origination,self,2026-04-01,XXXXXX0193,0
PH002126,AC000695,borrower_update,self,2026-04-01,XXXXXX8543,1
PH002127,AC000696,kyc_origination,self,2026-04-01,XXXXXX0575,0
PH002128,AC000696,reference,reference_mother,2026-04-01,XXXXXX2606,1
PH002129,AC000697,kyc_origination,self,2026-04-01,XXXXXX1167,0
PH002130,AC000698,kyc_origination,self,2026-04-01,XXXXXX1019,0
PH000491,AC000698,employer,office,2026-04-01,XXXXXX6294,1
PH002131,AC000698,reference,reference_brother,2026-04-01,XXXXXX1109,2
PH002132,AC000699,kyc_origination,self,2026-04-01,XXXXXX8818,0
PH002133,AC000699,borrower_update,self,2026-04-01,XXXXXX1119,1
PH002134,AC000699,bureau,self,2026-04-01,XXXXXX3871,2
PH002135,AC000700,kyc_origination,self,2026-04-01,XXXXXX1666,0
PH002136,AC000700,borrower_update,self,2026-04-01,XXXXXX7261,1
PH002137,AC000700,reference,reference_father,2026-04-01,XXXXXX7153,2
PH002138,AC000701,kyc_origination,self,2026-04-01,XXXXXX0946,0
PH000340,AC000701,employer,office,2026-04-01,XXXXXX4648,1
PH002139,AC000701,reference,reference_brother,2026-04-01,XXXXXX7580,2
PH002140,AC000702,kyc_origination,self,2026-04-01,XXXXXX6285,0
PH000585,AC000702,employer,office,2026-04-01,XXXXXX7278,1
PH002141,AC000702,reference,reference_father,2026-04-01,XXXXXX4749,2
PH002142,AC000703,kyc_origination,self,2026-04-01,XXXXXX4355,0
PH002143,AC000704,kyc_origination,self,2026-04-01,XXXXXX2272,0
PH002144,AC000704,reference,reference_spouse,2026-04-01,XXXXXX8100,1
PH002145,AC000705,kyc_origination,self,2026-04-01,XXXXXX8341,0
PH002146,AC000705,borrower_update,self,2026-04-01,XXXXXX8123,1
PH000309,AC000705,employer,office,2026-04-01,XXXXXX8251,2
PH002147,AC000705,reference,reference_spouse,2026-04-01,XXXXXX2722,3
PH002148,AC000706,kyc_origination,self,2026-04-01,XXXXXX2921,0
PH002149,AC000706,bureau,self,2026-04-01,XXXXXX7932,1
PH002150,AC000706,reference,reference_friend,2026-04-01,XXXXXX2671,2
PH002151,AC000707,kyc_origination,self,2026-04-01,XXXXXX1525,0
PH002152,AC000707,reference,reference_friend,2026-04-01,XXXXXX3452,1
PH002153,AC000708,kyc_origination,self,2026-04-01,XXXXXX4515,0
PH002154,AC000708,bureau,self,2026-04-01,XXXXXX4330,1
PH002155,AC000708,reference,reference_spouse,2026-04-01,XXXXXX1000,2
PH002156,AC000709,kyc_origination,self,2026-04-01,XXXXXX4475,0
PH002157,AC000709,reference,reference_spouse,2026-04-01,XXXXXX7609,1
PH002158,AC000710,kyc_origination,self,2026-04-01,XXXXXX8900,0
PH002159,AC000710,bureau,self,2026-04-01,XXXXXX1385,1
PH000319,AC000710,employer,office,2026-04-01,XXXXXX5623,2
PH002160,AC000711,kyc_origination,self,2026-04-01,XXXXXX6513,0
PH000452,AC000711,employer,office,2026-04-01,XXXXXX3845,1
PH002161,AC000711,reference,reference_friend,2026-04-01,XXXXXX2862,2
PH002162,AC000712,kyc_origination,self,2026-04-01,XXXXXX1582,0
PH002163,AC000712,borrower_update,self,2026-04-01,XXXXXX7443,1
PH002164,AC000712,bureau,self,2026-04-01,XXXXXX0159,2
PH002165,AC000713,kyc_origination,self,2026-04-01,XXXXXX8185,0
PH002166,AC000713,reference,reference_friend,2026-04-01,XXXXXX2266,1
PH002167,AC000714,kyc_origination,self,2026-04-01,XXXXXX8103,0
PH002168,AC000714,bureau,self,2026-04-01,XXXXXX8848,1
PH002169,AC000714,reference,reference_brother,2026-04-01,XXXXXX7929,2
PH002170,AC000715,kyc_origination,self,2026-04-01,XXXXXX0752,0
PH002171,AC000715,bureau,self,2026-04-01,XXXXXX5154,1
PH002172,AC000715,reference,reference_father,2026-04-01,XXXXXX5988,2
PH002173,AC000716,kyc_origination,self,2026-04-01,XXXXXX5685,0
PH002174,AC000717,kyc_origination,self,2026-04-01,XXXXXX6751,0
PH002175,AC000717,reference,reference_father,2026-04-01,XXXXXX4982,1
PH002176,AC000718,kyc_origination,self,2026-04-01,XXXXXX7546,0
PH002177,AC000718,borrower_update,self,2026-04-01,XXXXXX2784,1
PH000402,AC000718,employer,office,2026-04-01,XXXXXX9258,2
PH002178,AC000719,kyc_origination,self,2026-04-01,XXXXXX9770,0
PH002179,AC000719,borrower_update,self,2026-04-01,XXXXXX4734,1
PH002180,AC000719,bureau,self,2026-04-01,XXXXXX1223,2
PH000324,AC000719,employer,office,2026-04-01,XXXXXX6980,3
PH002181,AC000719,reference,reference_friend,2026-04-01,XXXXXX5443,4
PH002182,AC000720,kyc_origination,self,2026-04-01,XXXXXX9139,0
PH002183,AC000720,borrower_update,self,2026-04-01,XXXXXX9233,1
PH002184,AC000720,reference,reference_brother,2026-04-01,XXXXXX9711,2
PH002185,AC000721,kyc_origination,self,2026-04-01,XXXXXX5631,0
PH002186,AC000721,bureau,self,2026-04-01,XXXXXX1637,1
PH002187,AC000721,reference,reference_friend,2026-04-01,XXXXXX7207,2
PH002188,AC000722,kyc_origination,self,2026-04-01,XXXXXX6241,0
PH002189,AC000722,borrower_update,self,2026-04-01,XXXXXX3245,1
PH002190,AC000723,kyc_origination,self,2026-04-01,XXXXXX8477,0
PH002191,AC000723,borrower_update,self,2026-04-01,XXXXXX5918,1
PH002192,AC000723,bureau,self,2026-04-01,XXXXXX4350,2
PH000448,AC000723,employer,office,2026-04-01,XXXXXX9210,3
PH002193,AC000724,kyc_origination,self,2026-04-01,XXXXXX1863,0
PH002194,AC000724,borrower_update,self,2026-04-01,XXXXXX3795,1
PH002195,AC000725,kyc_origination,self,2026-04-01,XXXXXX5072,0
PH002196,AC000726,kyc_origination,self,2026-04-01,XXXXXX2848,0
PH002197,AC000727,kyc_origination,self,2026-04-01,XXXXXX7441,0
PH002198,AC000727,borrower_update,self,2026-04-01,XXXXXX5656,1
PH002199,AC000728,kyc_origination,self,2026-04-01,XXXXXX1964,0
PH002200,AC000728,borrower_update,self,2026-04-01,XXXXXX5687,1
PH000341,AC000728,employer,office,2026-04-01,XXXXXX9821,2
PH002201,AC000729,kyc_origination,self,2026-04-01,XXXXXX9831,0
PH002202,AC000729,reference,reference_spouse,2026-04-01,XXXXXX6150,1
PH002203,AC000730,kyc_origination,self,2026-04-01,XXXXXX8876,0
PH002204,AC000730,borrower_update,self,2026-04-01,XXXXXX7975,1
PH002205,AC000731,kyc_origination,self,2026-04-01,XXXXXX7368,0
PH002206,AC000731,borrower_update,self,2026-04-01,XXXXXX4581,1
PH002207,AC000731,bureau,self,2026-04-01,XXXXXX1727,2
PH002208,AC000731,reference,reference_spouse,2026-04-01,XXXXXX9116,3
PH002209,AC000732,kyc_origination,self,2026-04-01,XXXXXX1599,0
PH002210,AC000732,reference,reference_spouse,2026-04-01,XXXXXX2489,1
PH002211,AC000733,kyc_origination,self,2026-04-01,XXXXXX0785,0
PH002212,AC000733,borrower_update,self,2026-04-01,XXXXXX6787,1
PH000321,AC000733,employer,office,2026-04-01,XXXXXX5867,2
PH002213,AC000734,kyc_origination,self,2026-04-01,XXXXXX8251,0
PH002214,AC000735,kyc_origination,self,2026-04-01,XXXXXX4146,0
PH002215,AC000735,bureau,self,2026-04-01,XXXXXX7561,1
PH002216,AC000735,reference,reference_brother,2026-04-01,XXXXXX5051,2
PH002217,AC000736,kyc_origination,self,2026-04-01,XXXXXX4898,0
PH002218,AC000736,borrower_update,self,2026-04-01,XXXXXX4768,1
PH002219,AC000736,reference,reference_friend,2026-04-01,XXXXXX3086,2
PH002220,AC000737,kyc_origination,self,2026-04-01,XXXXXX0760,0
PH002221,AC000737,reference,reference_father,2026-04-01,XXXXXX6626,1
PH002222,AC000738,kyc_origination,self,2026-04-01,XXXXXX1185,0
PH002223,AC000739,kyc_origination,self,2026-04-01,XXXXXX1988,0
PH002224,AC000740,kyc_origination,self,2026-04-01,XXXXXX2538,0
PH002225,AC000740,borrower_update,self,2026-04-01,XXXXXX9657,1
PH002226,AC000740,reference,reference_spouse,2026-04-01,XXXXXX3227,2
PH002227,AC000741,kyc_origination,self,2026-04-01,XXXXXX0175,0
PH002228,AC000742,kyc_origination,self,2026-04-01,XXXXXX2904,0
PH002229,AC000742,reference,reference_spouse,2026-04-01,XXXXXX3995,1
PH002230,AC000743,kyc_origination,self,2026-04-01,XXXXXX3144,0
PH002231,AC000743,bureau,self,2026-04-01,XXXXXX0788,1
PH002232,AC000743,reference,reference_friend,2026-04-01,XXXXXX0745,2
PH002233,AC000744,kyc_origination,self,2026-04-01,XXXXXX7204,0
PH002234,AC000744,reference,reference_spouse,2026-04-01,XXXXXX0764,1
PH002235,AC000745,kyc_origination,self,2026-04-01,XXXXXX5143,0
PH002236,AC000745,reference,reference_friend,2026-04-01,XXXXXX3577,1
PH002237,AC000746,kyc_origination,self,2026-04-01,XXXXXX4929,0
PH002238,AC000746,borrower_update,self,2026-04-01,XXXXXX4344,1
PH002239,AC000746,bureau,self,2026-04-01,XXXXXX7900,2
PH002240,AC000747,kyc_origination,self,2026-04-01,XXXXXX5797,0
PH002241,AC000748,kyc_origination,self,2026-04-01,XXXXXX5330,0
PH002242,AC000749,kyc_origination,self,2026-04-01,XXXXXX1306,0
PH002243,AC000749,borrower_update,self,2026-04-01,XXXXXX1817,1
PH000578,AC000749,employer,office,2026-04-01,XXXXXX1378,2
PH002244,AC000749,reference,reference_friend,2026-04-01,XXXXXX8330,3
PH002245,AC000750,kyc_origination,self,2026-04-01,XXXXXX7419,0
PH002246,AC000750,reference,reference_friend,2026-04-01,XXXXXX6350,1
PH002247,AC000751,kyc_origination,self,2026-04-01,XXXXXX9436,0
PH002248,AC000751,reference,reference_friend,2026-04-01,XXXXXX6173,1
PH002249,AC000752,kyc_origination,self,2026-04-01,XXXXXX9633,0
PH000324,AC000752,employer,office,2026-04-01,XXXXXX6980,1
PH002250,AC000752,reference,reference_father,2026-04-01,XXXXXX1403,2
PH002251,AC000753,kyc_origination,self,2026-04-01,XXXXXX7903,0
PH002252,AC000753,bureau,self,2026-04-01,XXXXXX7517,1
PH000536,AC000753,employer,office,2026-04-01,XXXXXX2202,2
PH002253,AC000754,kyc_origination,self,2026-04-01,XXXXXX5051,0
PH002254,AC000754,borrower_update,self,2026-04-01,XXXXXX6891,1
PH002255,AC000754,bureau,self,2026-04-01,XXXXXX6636,2
PH002256,AC000754,reference,reference_father,2026-04-01,XXXXXX7986,3
PH002257,AC000755,kyc_origination,self,2026-04-01,XXXXXX6438,0
PH002258,AC000755,reference,reference_brother,2026-04-01,XXXXXX9698,1
PH002259,AC000756,kyc_origination,self,2026-04-01,XXXXXX2234,0
PH002260,AC000757,kyc_origination,self,2026-04-01,XXXXXX5210,0
PH002261,AC000758,kyc_origination,self,2026-04-01,XXXXXX3286,0
PH002262,AC000758,reference,reference_mother,2026-04-01,XXXXXX0742,1
PH002263,AC000759,kyc_origination,self,2026-04-01,XXXXXX4239,0
PH002264,AC000759,borrower_update,self,2026-04-01,XXXXXX6747,1
PH002265,AC000759,bureau,self,2026-04-01,XXXXXX2122,2
PH002266,AC000760,kyc_origination,self,2026-04-01,XXXXXX8433,0
PH002267,AC000760,bureau,self,2026-04-01,XXXXXX1392,1
PH002268,AC000761,kyc_origination,self,2026-04-01,XXXXXX3554,0
PH002269,AC000762,kyc_origination,self,2026-04-01,XXXXXX9039,0
PH002270,AC000762,borrower_update,self,2026-04-01,XXXXXX5526,1
PH002271,AC000762,reference,reference_spouse,2026-04-01,XXXXXX8478,2
PH002272,AC000763,kyc_origination,self,2026-04-01,XXXXXX5530,0
PH002273,AC000763,borrower_update,self,2026-04-01,XXXXXX0096,1
PH002274,AC000764,kyc_origination,self,2026-04-01,XXXXXX4782,0
PH002275,AC000764,reference,reference_mother,2026-04-01,XXXXXX8543,1
PH002276,AC000765,kyc_origination,self,2026-04-01,XXXXXX0528,0
PH002277,AC000766,kyc_origination,self,2026-04-01,XXXXXX7606,0
PH002278,AC000767,kyc_origination,self,2026-04-01,XXXXXX8628,0
PH002279,AC000767,bureau,self,2026-04-01,XXXXXX5455,1
PH002280,AC000767,reference,reference_friend,2026-04-01,XXXXXX6916,2
PH002281,AC000768,kyc_origination,self,2026-04-01,XXXXXX4497,0
PH002282,AC000769,kyc_origination,self,2026-04-01,XXXXXX0199,0
PH002283,AC000769,bureau,self,2026-04-01,XXXXXX3684,1
PH002284,AC000769,reference,reference_spouse,2026-04-01,XXXXXX3037,2
PH002285,AC000770,kyc_origination,self,2026-04-01,XXXXXX5824,0
PH002286,AC000770,borrower_update,self,2026-04-01,XXXXXX5439,1
PH000318,AC000770,employer,office,2026-04-01,XXXXXX3668,2
PH002287,AC000771,kyc_origination,self,2026-04-01,XXXXXX7141,0
PH002288,AC000771,borrower_update,self,2026-04-01,XXXXXX4162,1
PH002289,AC000771,bureau,self,2026-04-01,XXXXXX1182,2
PH002290,AC000771,reference,reference_brother,2026-04-01,XXXXXX6611,3
PH002291,AC000772,kyc_origination,self,2026-04-01,XXXXXX5923,0
PH002292,AC000772,borrower_update,self,2026-04-01,XXXXXX4254,1
PH002293,AC000772,reference,reference_brother,2026-04-01,XXXXXX4950,2
PH002294,AC000773,kyc_origination,self,2026-04-01,XXXXXX1683,0
PH002295,AC000773,reference,reference_friend,2026-04-01,XXXXXX2419,1
PH002296,AC000774,kyc_origination,self,2026-04-01,XXXXXX5044,0
PH002297,AC000775,kyc_origination,self,2026-04-01,XXXXXX0374,0
PH002298,AC000775,borrower_update,self,2026-04-01,XXXXXX0499,1
PH002299,AC000776,kyc_origination,self,2026-04-01,XXXXXX6336,0
PH002300,AC000776,borrower_update,self,2026-04-01,XXXXXX7604,1
PH002301,AC000777,kyc_origination,self,2026-04-01,XXXXXX9364,0
PH000424,AC000777,employer,office,2026-04-01,XXXXXX8410,1
PH002302,AC000777,reference,reference_spouse,2026-04-01,XXXXXX0544,2
PH002303,AC000778,kyc_origination,self,2026-04-01,XXXXXX5118,0
PH002304,AC000778,bureau,self,2026-04-01,XXXXXX6918,1
PH002305,AC000778,reference,reference_brother,2026-04-01,XXXXXX1853,2
PH002306,AC000779,kyc_origination,self,2026-04-01,XXXXXX4529,0
PH002307,AC000780,kyc_origination,self,2026-04-01,XXXXXX3276,0
PH002308,AC000780,borrower_update,self,2026-04-01,XXXXXX1361,1
PH000531,AC000780,employer,office,2026-04-01,XXXXXX1235,2
PH002309,AC000781,kyc_origination,self,2026-04-01,XXXXXX7425,0
PH002310,AC000782,kyc_origination,self,2026-04-01,XXXXXX8202,0
PH002311,AC000783,kyc_origination,self,2026-04-01,XXXXXX6652,0
PH002312,AC000783,borrower_update,self,2026-04-01,XXXXXX8628,1
PH002313,AC000783,reference,reference_friend,2026-04-01,XXXXXX2434,2
PH002314,AC000784,kyc_origination,self,2026-04-01,XXXXXX9468,0
PH002315,AC000784,borrower_update,self,2026-04-01,XXXXXX5989,1
PH002316,AC000784,bureau,self,2026-04-01,XXXXXX4498,2
PH002317,AC000785,kyc_origination,self,2026-04-01,XXXXXX8655,0
PH002318,AC000785,borrower_update,self,2026-04-01,XXXXXX0408,1
PH002319,AC000786,kyc_origination,self,2026-04-01,XXXXXX6637,0
PH002320,AC000786,borrower_update,self,2026-04-01,XXXXXX0674,1
PH000339,AC000786,employer,office,2026-04-01,XXXXXX0569,2
PH002321,AC000786,reference,reference_father,2026-04-01,XXXXXX3923,3
PH002322,AC000787,kyc_origination,self,2026-04-01,XXXXXX2530,0
PH002323,AC000787,reference,reference_brother,2026-04-01,XXXXXX9588,1
PH002324,AC000788,kyc_origination,self,2026-04-01,XXXXXX5764,0
PH002325,AC000789,kyc_origination,self,2026-04-01,XXXXXX8835,0
PH002326,AC000789,bureau,self,2026-04-01,XXXXXX4516,1
PH002327,AC000789,reference,reference_spouse,2026-04-01,XXXXXX1605,2
PH002328,AC000790,kyc_origination,self,2026-04-01,XXXXXX6970,0
PH000508,AC000790,employer,office,2026-04-01,XXXXXX0856,1
PH002329,AC000790,reference,reference_spouse,2026-04-01,XXXXXX1824,2
PH002330,AC000791,kyc_origination,self,2026-04-01,XXXXXX8307,0
PH000411,AC000791,employer,office,2026-04-01,XXXXXX5441,1
PH002331,AC000791,reference,reference_father,2026-04-01,XXXXXX7011,2
PH002332,AC000792,kyc_origination,self,2026-04-01,XXXXXX7497,0
PH002333,AC000792,bureau,self,2026-04-01,XXXXXX4542,1
PH002334,AC000792,reference,reference_spouse,2026-04-01,XXXXXX7009,2
PH002335,AC000793,kyc_origination,self,2026-04-01,XXXXXX2059,0
PH000310,AC000793,employer,office,2026-04-01,XXXXXX7388,1
PH002336,AC000793,reference,reference_mother,2026-04-01,XXXXXX7704,2
PH002337,AC000794,kyc_origination,self,2026-04-01,XXXXXX3930,0
PH002338,AC000794,bureau,self,2026-04-01,XXXXXX9671,1
PH002339,AC000795,kyc_origination,self,2026-04-01,XXXXXX8346,0
PH002340,AC000796,kyc_origination,self,2026-04-01,XXXXXX2789,0
PH002341,AC000796,reference,reference_spouse,2026-04-01,XXXXXX2037,1
PH002342,AC000797,kyc_origination,self,2026-04-01,XXXXXX2319,0
PH002343,AC000798,kyc_origination,self,2026-04-01,XXXXXX7576,0
PH002344,AC000798,bureau,self,2026-04-01,XXXXXX6400,1
PH002345,AC000799,kyc_origination,self,2026-04-01,XXXXXX5590,0
PH002346,AC000800,kyc_origination,self,2026-04-01,XXXXXX3217,0
PH002347,AC000801,kyc_origination,self,2026-04-01,XXXXXX9935,0
PH002348,AC000801,borrower_update,self,2026-04-01,XXXXXX6893,1
PH002349,AC000801,bureau,self,2026-04-01,XXXXXX4578,2
PH000431,AC000801,employer,office,2026-04-01,XXXXXX9333,3
PH002350,AC000801,reference,reference_father,2026-04-01,XXXXXX9235,4
PH002351,AC000802,kyc_origination,self,2026-04-01,XXXXXX0196,0
PH002352,AC000802,bureau,self,2026-04-01,XXXXXX7101,1
PH002353,AC000802,reference,reference_brother,2026-04-01,XXXXXX8980,2
PH002354,AC000803,kyc_origination,self,2026-04-01,XXXXXX7677,0
PH002355,AC000804,kyc_origination,self,2026-04-01,XXXXXX7757,0
PH002356,AC000804,borrower_update,self,2026-04-01,XXXXXX0829,1
PH002357,AC000805,kyc_origination,self,2026-04-01,XXXXXX1707,0
PH002358,AC000805,bureau,self,2026-04-01,XXXXXX6745,1
PH002359,AC000806,kyc_origination,self,2026-04-01,XXXXXX1096,0
PH002360,AC000806,borrower_update,self,2026-04-01,XXXXXX5509,1
PH002361,AC000807,kyc_origination,self,2026-04-01,XXXXXX4036,0
PH002362,AC000808,kyc_origination,self,2026-04-01,XXXXXX6588,0
PH002363,AC000808,bureau,self,2026-04-01,XXXXXX3363,1
PH002364,AC000808,reference,reference_spouse,2026-04-01,XXXXXX2101,2
PH002365,AC000809,kyc_origination,self,2026-04-01,XXXXXX0359,0
PH002366,AC000809,borrower_update,self,2026-04-01,XXXXXX6985,1
PH002367,AC000809,bureau,self,2026-04-01,XXXXXX6881,2
PH002368,AC000809,reference,reference_father,2026-04-01,XXXXXX5969,3
PH002369,AC000810,kyc_origination,self,2026-04-01,XXXXXX3211,0
PH002370,AC000811,kyc_origination,self,2026-04-01,XXXXXX0232,0
PH002371,AC000811,borrower_update,self,2026-04-01,XXXXXX7222,1
PH002372,AC000812,kyc_origination,self,2026-04-01,XXXXXX5685,0
PH002373,AC000812,bureau,self,2026-04-01,XXXXXX1451,1
PH002374,AC000813,kyc_origination,self,2026-04-01,XXXXXX4471,0
PH002375,AC000813,borrower_update,self,2026-04-01,XXXXXX2250,1
PH002376,AC000814,kyc_origination,self,2026-04-01,XXXXXX0658,0
PH000295,AC000814,employer,office,2026-04-01,XXXXXX2747,1
PH002377,AC000814,reference,reference_brother,2026-04-01,XXXXXX7623,2
PH002378,AC000815,kyc_origination,self,2026-04-01,XXXXXX1637,0
PH002379,AC000815,reference,reference_father,2026-04-01,XXXXXX1353,1
PH002380,AC000816,kyc_origination,self,2026-04-01,XXXXXX4288,0
PH002381,AC000817,kyc_origination,self,2026-04-01,XXXXXX0200,0
PH002382,AC000817,borrower_update,self,2026-04-01,XXXXXX8318,1
PH002383,AC000817,reference,reference_brother,2026-04-01,XXXXXX4688,2
PH002384,AC000818,kyc_origination,self,2026-04-01,XXXXXX1113,0
PH002385,AC000818,borrower_update,self,2026-04-01,XXXXXX1495,1
PH002386,AC000818,bureau,self,2026-04-01,XXXXXX1603,2
PH002387,AC000819,kyc_origination,self,2026-04-01,XXXXXX0855,0
PH002388,AC000819,bureau,self,2026-04-01,XXXXXX6655,1
PH002389,AC000819,reference,reference_brother,2026-04-01,XXXXXX2448,2
PH002390,AC000820,kyc_origination,self,2026-04-01,XXXXXX0716,0
PH002391,AC000820,reference,reference_spouse,2026-04-01,XXXXXX3822,1
PH002392,AC000821,kyc_origination,self,2026-04-01,XXXXXX9491,0
PH002393,AC000822,kyc_origination,self,2026-04-01,XXXXXX6430,0
PH002394,AC000822,borrower_update,self,2026-04-01,XXXXXX2009,1
PH002395,AC000823,kyc_origination,self,2026-04-01,XXXXXX9134,0
PH002396,AC000823,reference,reference_mother,2026-04-01,XXXXXX8219,1
PH002397,AC000824,kyc_origination,self,2026-04-01,XXXXXX1713,0
PH002398,AC000824,borrower_update,self,2026-04-01,XXXXXX9152,1
PH002399,AC000825,kyc_origination,self,2026-04-01,XXXXXX3241,0
PH002400,AC000825,bureau,self,2026-04-01,XXXXXX8253,1
PH002401,AC000825,reference,reference_spouse,2026-04-01,XXXXXX0750,2
PH002402,AC000826,kyc_origination,self,2026-04-01,XXXXXX1039,0
PH002403,AC000826,borrower_update,self,2026-04-01,XXXXXX1250,1
PH002404,AC000826,reference,reference_brother,2026-04-01,XXXXXX5929,2
PH002405,AC000827,kyc_origination,self,2026-04-01,XXXXXX8476,0
PH002406,AC000827,borrower_update,self,2026-04-01,XXXXXX8517,1
PH002407,AC000827,reference,reference_father,2026-04-01,XXXXXX2288,2
PH002408,AC000828,kyc_origination,self,2026-04-01,XXXXXX3725,0
PH002409,AC000828,reference,reference_brother,2026-04-01,XXXXXX1096,1
PH002410,AC000829,kyc_origination,self,2026-04-01,XXXXXX8994,0
PH002411,AC000829,borrower_update,self,2026-04-01,XXXXXX6026,1
PH000332,AC000829,employer,office,2026-04-01,XXXXXX2783,2
PH002412,AC000829,reference,reference_spouse,2026-04-01,XXXXXX2193,3
PH002413,AC000830,kyc_origination,self,2026-04-01,XXXXXX4648,0
PH002414,AC000830,reference,reference_brother,2026-04-01,XXXXXX9697,1
PH002415,AC000831,kyc_origination,self,2026-04-01,XXXXXX4748,0
PH002416,AC000831,reference,reference_mother,2026-04-01,XXXXXX3137,1
PH002417,AC000832,kyc_origination,self,2026-04-01,XXXXXX0808,0
PH002418,AC000832,bureau,self,2026-04-01,XXXXXX4063,1
PH002419,AC000833,kyc_origination,self,2026-04-01,XXXXXX3581,0
PH002420,AC000833,bureau,self,2026-04-01,XXXXXX8764,1
PH002421,AC000833,reference,reference_spouse,2026-04-01,XXXXXX9711,2
PH002422,AC000834,kyc_origination,self,2026-04-01,XXXXXX5380,0
PH002423,AC000834,bureau,self,2026-04-01,XXXXXX5202,1
PH002424,AC000835,kyc_origination,self,2026-04-01,XXXXXX3520,0
PH002425,AC000835,borrower_update,self,2026-04-01,XXXXXX6459,1
PH002426,AC000835,reference,reference_brother,2026-04-01,XXXXXX4225,2
PH002427,AC000836,kyc_origination,self,2026-04-01,XXXXXX0896,0
PH002428,AC000836,borrower_update,self,2026-04-01,XXXXXX9562,1
PH002429,AC000836,reference,reference_spouse,2026-04-01,XXXXXX6469,2
PH002430,AC000837,kyc_origination,self,2026-04-01,XXXXXX5952,0
PH002431,AC000837,borrower_update,self,2026-04-01,XXXXXX6051,1
PH002432,AC000838,kyc_origination,self,2026-04-01,XXXXXX5645,0
PH000498,AC000838,employer,office,2026-04-01,XXXXXX7039,1
PH002433,AC000839,kyc_origination,self,2026-04-01,XXXXXX8174,0
PH002434,AC000839,reference,reference_spouse,2026-04-01,XXXXXX7028,1
PH002435,AC000840,kyc_origination,self,2026-04-01,XXXXXX3688,0
PH002436,AC000840,reference,reference_father,2026-04-01,XXXXXX3297,1
PH002437,AC000841,kyc_origination,self,2026-04-01,XXXXXX5782,0
PH002438,AC000842,kyc_origination,self,2026-04-01,XXXXXX6711,0
PH002439,AC000842,bureau,self,2026-04-01,XXXXXX9177,1
PH002440,AC000843,kyc_origination,self,2026-04-01,XXXXXX2667,0
PH002441,AC000843,reference,reference_spouse,2026-04-01,XXXXXX9058,1
PH002442,AC000844,kyc_origination,self,2026-04-01,XXXXXX1773,0
PH002443,AC000844,borrower_update,self,2026-04-01,XXXXXX3292,1
PH002444,AC000844,bureau,self,2026-04-01,XXXXXX3623,2
PH002445,AC000844,reference,reference_spouse,2026-04-01,XXXXXX3794,3
PH002446,AC000845,kyc_origination,self,2026-04-01,XXXXXX6785,0
PH002447,AC000845,bureau,self,2026-04-01,XXXXXX1247,1
PH002448,AC000846,kyc_origination,self,2026-04-01,XXXXXX1430,0
PH002449,AC000846,borrower_update,self,2026-04-01,XXXXXX0688,1
PH002450,AC000846,bureau,self,2026-04-01,XXXXXX1878,2
PH002451,AC000847,kyc_origination,self,2026-04-01,XXXXXX3508,0
PH002452,AC000847,reference,reference_brother,2026-04-01,XXXXXX9817,1
PH002453,AC000848,kyc_origination,self,2026-04-01,XXXXXX1985,0
PH002454,AC000848,bureau,self,2026-04-01,XXXXXX4193,1
PH000571,AC000848,employer,office,2026-04-01,XXXXXX1880,2
PH002455,AC000849,kyc_origination,self,2026-04-01,XXXXXX2474,0
PH002456,AC000850,kyc_origination,self,2026-04-01,XXXXXX0719,0
PH002457,AC000850,borrower_update,self,2026-04-01,XXXXXX8681,1
PH002458,AC000850,reference,reference_brother,2026-04-01,XXXXXX1232,2
PH002459,AC000851,kyc_origination,self,2026-04-01,XXXXXX4689,0
PH002460,AC000851,borrower_update,self,2026-04-01,XXXXXX8812,1
PH002461,AC000851,bureau,self,2026-04-01,XXXXXX6018,2
PH002462,AC000852,kyc_origination,self,2026-04-01,XXXXXX7595,0
PH002463,AC000853,kyc_origination,self,2026-04-01,XXXXXX9947,0
PH002464,AC000853,borrower_update,self,2026-04-01,XXXXXX0829,1
PH000254,AC000853,employer,office,2026-04-01,XXXXXX2084,2
PH002465,AC000853,reference,reference_spouse,2026-04-01,XXXXXX1729,3
PH002466,AC000854,kyc_origination,self,2026-04-01,XXXXXX7041,0
PH002467,AC000854,reference,reference_friend,2026-04-01,XXXXXX5422,1
PH002468,AC000855,kyc_origination,self,2026-04-01,XXXXXX2210,0
PH002469,AC000855,borrower_update,self,2026-04-01,XXXXXX7150,1
PH002470,AC000856,kyc_origination,self,2026-04-01,XXXXXX3680,0
PH002471,AC000856,borrower_update,self,2026-04-01,XXXXXX4397,1
PH002472,AC000856,bureau,self,2026-04-01,XXXXXX9614,2
PH000347,AC000856,employer,office,2026-04-01,XXXXXX9678,3
PH002473,AC000856,reference,reference_spouse,2026-04-01,XXXXXX5450,4
PH002474,AC000857,kyc_origination,self,2026-04-01,XXXXXX7269,0
PH002475,AC000858,kyc_origination,self,2026-04-01,XXXXXX9028,0
PH000297,AC000858,employer,office,2026-04-01,XXXXXX8298,1
PH002476,AC000859,kyc_origination,self,2026-04-01,XXXXXX8095,0
PH002477,AC000859,borrower_update,self,2026-04-01,XXXXXX0230,1
PH002478,AC000860,kyc_origination,self,2026-04-01,XXXXXX6523,0
PH002479,AC000860,reference,reference_father,2026-04-01,XXXXXX9886,1
PH002480,AC000861,kyc_origination,self,2026-04-01,XXXXXX2938,0
PH002481,AC000861,borrower_update,self,2026-04-01,XXXXXX3026,1
PH002482,AC000861,bureau,self,2026-04-01,XXXXXX4943,2
PH002483,AC000862,kyc_origination,self,2026-04-01,XXXXXX0552,0
PH002484,AC000862,bureau,self,2026-04-01,XXXXXX8682,1
PH002485,AC000863,kyc_origination,self,2026-04-01,XXXXXX9099,0
PH002486,AC000863,reference,reference_spouse,2026-04-01,XXXXXX7428,1
PH002487,AC000864,kyc_origination,self,2026-04-01,XXXXXX0303,0
PH002488,AC000864,reference,reference_father,2026-04-01,XXXXXX1048,1
PH002489,AC000865,kyc_origination,self,2026-04-01,XXXXXX5371,0
PH002490,AC000865,borrower_update,self,2026-04-01,XXXXXX9814,1
PH002491,AC000866,kyc_origination,self,2026-04-01,XXXXXX5869,0
PH002492,AC000867,kyc_origination,self,2026-04-01,XXXXXX8977,0
PH002493,AC000867,borrower_update,self,2026-04-01,XXXXXX5727,1
PH002494,AC000867,reference,reference_friend,2026-04-01,XXXXXX1807,2
PH002495,AC000868,kyc_origination,self,2026-04-01,XXXXXX3123,0
PH002496,AC000869,kyc_origination,self,2026-04-01,XXXXXX9651,0
PH002497,AC000869,bureau,self,2026-04-01,XXXXXX8017,1
PH002498,AC000870,kyc_origination,self,2026-04-01,XXXXXX6452,0
PH002499,AC000871,kyc_origination,self,2026-04-01,XXXXXX0010,0
PH002500,AC000871,bureau,self,2026-04-01,XXXXXX9293,1
PH002501,AC000871,reference,reference_spouse,2026-04-01,XXXXXX8255,2
PH002502,AC000872,kyc_origination,self,2026-04-01,XXXXXX8798,0
PH002503,AC000872,borrower_update,self,2026-04-01,XXXXXX5195,1
PH002504,AC000872,bureau,self,2026-04-01,XXXXXX9899,2
PH000387,AC000872,employer,office,2026-04-01,XXXXXX3153,3
PH002505,AC000872,reference,reference_brother,2026-04-01,XXXXXX0336,4
PH002506,AC000873,kyc_origination,self,2026-04-01,XXXXXX9307,0
PH002507,AC000873,bureau,self,2026-04-01,XXXXXX6566,1
PH002508,AC000874,kyc_origination,self,2026-04-01,XXXXXX1733,0
PH002509,AC000874,bureau,self,2026-04-01,XXXXXX8268,1
PH002510,AC000874,reference,reference_father,2026-04-01,XXXXXX9951,2
PH002511,AC000875,kyc_origination,self,2026-04-01,XXXXXX4836,0
PH002512,AC000875,reference,reference_friend,2026-04-01,XXXXXX5919,1
PH002513,AC000876,kyc_origination,self,2026-04-01,XXXXXX3778,0
PH002514,AC000877,kyc_origination,self,2026-04-01,XXXXXX1869,0
PH000432,AC000877,employer,office,2026-04-01,XXXXXX3087,1
PH002515,AC000878,kyc_origination,self,2026-04-01,XXXXXX8357,0
PH002516,AC000878,borrower_update,self,2026-04-01,XXXXXX9203,1
PH002517,AC000879,kyc_origination,self,2026-04-01,XXXXXX0445,0
PH002518,AC000879,borrower_update,self,2026-04-01,XXXXXX5608,1
PH002519,AC000880,kyc_origination,self,2026-04-01,XXXXXX2149,0
PH002520,AC000880,borrower_update,self,2026-04-01,XXXXXX1269,1
PH002521,AC000880,bureau,self,2026-04-01,XXXXXX9889,2
PH002522,AC000881,kyc_origination,self,2026-04-01,XXXXXX8408,0
PH002523,AC000881,borrower_update,self,2026-04-01,XXXXXX1110,1
PH002524,AC000881,bureau,self,2026-04-01,XXXXXX3067,2
PH002525,AC000882,kyc_origination,self,2026-04-01,XXXXXX2316,0
PH000264,AC000882,employer,office,2026-04-01,XXXXXX9535,1
PH002526,AC000883,kyc_origination,self,2026-04-01,XXXXXX0081,0
PH002527,AC000884,kyc_origination,self,2026-04-01,XXXXXX2690,0
PH002528,AC000884,borrower_update,self,2026-04-01,XXXXXX6742,1
PH002529,AC000884,reference,reference_father,2026-04-01,XXXXXX2166,2
PH002530,AC000885,kyc_origination,self,2026-04-01,XXXXXX0064,0
PH002531,AC000885,borrower_update,self,2026-04-01,XXXXXX1788,1
PH000217,AC000886,kyc_origination,self,2026-04-01,XXXXXX4224,0
PH002532,AC000886,bureau,self,2026-04-01,XXXXXX1193,1
PH002533,AC000886,reference,reference_spouse,2026-04-01,XXXXXX9493,2
PH002534,AC000887,kyc_origination,self,2026-04-01,XXXXXX0794,0
PH002535,AC000887,borrower_update,self,2026-04-01,XXXXXX4911,1
PH002536,AC000887,reference,reference_spouse,2026-04-01,XXXXXX9520,2
PH002537,AC000888,kyc_origination,self,2026-04-01,XXXXXX8281,0
PH002538,AC000889,kyc_origination,self,2026-04-01,XXXXXX6050,0
PH002539,AC000889,borrower_update,self,2026-04-01,XXXXXX8854,1
PH002540,AC000889,reference,reference_father,2026-04-01,XXXXXX6676,2
PH002541,AC000890,kyc_origination,self,2026-04-01,XXXXXX5813,0
PH002542,AC000890,borrower_update,self,2026-04-01,XXXXXX3303,1
PH002543,AC000890,reference,reference_friend,2026-04-01,XXXXXX4018,2
PH002544,AC000891,kyc_origination,self,2026-04-01,XXXXXX6289,0
PH002545,AC000891,bureau,self,2026-04-01,XXXXXX1483,1
PH000282,AC000891,employer,office,2026-04-01,XXXXXX7919,2
PH002546,AC000892,kyc_origination,self,2026-04-01,XXXXXX1210,0
PH002547,AC000892,reference,reference_spouse,2026-04-01,XXXXXX6046,1
PH002548,AC000893,kyc_origination,self,2026-04-01,XXXXXX3346,0
PH002549,AC000893,reference,reference_spouse,2026-04-01,XXXXXX7183,1
PH002550,AC000894,kyc_origination,self,2026-04-01,XXXXXX2140,0
PH002551,AC000894,borrower_update,self,2026-04-01,XXXXXX0371,1
PH002552,AC000895,kyc_origination,self,2026-04-01,XXXXXX4672,0
PH002553,AC000895,borrower_update,self,2026-04-01,XXXXXX4925,1
PH002554,AC000895,bureau,self,2026-04-01,XXXXXX3518,2
PH002555,AC000895,reference,reference_spouse,2026-04-01,XXXXXX1525,3
PH002556,AC000896,kyc_origination,self,2026-04-01,XXXXXX0604,0
PH002557,AC000896,borrower_update,self,2026-04-01,XXXXXX8064,1
PH002558,AC000896,reference,reference_brother,2026-04-01,XXXXXX7699,2
PH002559,AC000897,kyc_origination,self,2026-04-01,XXXXXX4905,0
PH002560,AC000898,kyc_origination,self,2026-04-01,XXXXXX8419,0
PH002561,AC000898,reference,reference_spouse,2026-04-01,XXXXXX3696,1
PH002562,AC000899,kyc_origination,self,2026-04-01,XXXXXX8798,0
PH002563,AC000899,borrower_update,self,2026-04-01,XXXXXX4001,1
PH002564,AC000899,bureau,self,2026-04-01,XXXXXX8904,2
PH002565,AC000900,kyc_origination,self,2026-04-01,XXXXXX4537,0
PH002566,AC000900,bureau,self,2026-04-01,XXXXXX3115,1
PH002567,AC000900,reference,reference_spouse,2026-04-01,XXXXXX5612,2
PH002568,AC000901,kyc_origination,self,2026-04-01,XXXXXX8886,0
PH002569,AC000901,borrower_update,self,2026-04-01,XXXXXX6085,1
PH002570,AC000901,reference,reference_mother,2026-04-01,XXXXXX2735,2
PH002571,AC000902,kyc_origination,self,2026-04-01,XXXXXX1255,0
PH002572,AC000902,borrower_update,self,2026-04-01,XXXXXX8111,1
PH002573,AC000902,bureau,self,2026-04-01,XXXXXX5321,2
PH002574,AC000902,reference,reference_spouse,2026-04-01,XXXXXX6624,3
PH002575,AC000903,kyc_origination,self,2026-04-01,XXXXXX1877,0
PH002576,AC000903,reference,reference_spouse,2026-04-01,XXXXXX1734,1
PH002577,AC000904,kyc_origination,self,2026-04-01,XXXXXX9331,0
PH002578,AC000904,reference,reference_brother,2026-04-01,XXXXXX4783,1
PH002579,AC000905,kyc_origination,self,2026-04-01,XXXXXX7790,0
PH002580,AC000905,reference,reference_friend,2026-04-01,XXXXXX1100,1
PH002581,AC000906,kyc_origination,self,2026-04-01,XXXXXX0802,0
PH002582,AC000906,borrower_update,self,2026-04-01,XXXXXX7946,1
PH002583,AC000906,reference,reference_father,2026-04-01,XXXXXX6137,2
PH002584,AC000907,kyc_origination,self,2026-04-01,XXXXXX6130,0
PH002585,AC000907,borrower_update,self,2026-04-01,XXXXXX5037,1
PH002586,AC000907,reference,reference_spouse,2026-04-01,XXXXXX7605,2
PH002587,AC000908,kyc_origination,self,2026-04-01,XXXXXX2974,0
PH002588,AC000908,bureau,self,2026-04-01,XXXXXX8311,1
PH002589,AC000908,reference,reference_spouse,2026-04-01,XXXXXX8897,2
PH002590,AC000909,kyc_origination,self,2026-04-01,XXXXXX1053,0
PH002591,AC000909,borrower_update,self,2026-04-01,XXXXXX6854,1
PH002592,AC000909,bureau,self,2026-04-01,XXXXXX4642,2
PH002593,AC000909,reference,reference_father,2026-04-01,XXXXXX2149,3
PH002594,AC000910,kyc_origination,self,2026-04-01,XXXXXX7588,0
PH002595,AC000910,bureau,self,2026-04-01,XXXXXX5683,1
PH002596,AC000911,kyc_origination,self,2026-04-01,XXXXXX8033,0
PH002597,AC000911,reference,reference_spouse,2026-04-01,XXXXXX2483,1
PH002598,AC000912,kyc_origination,self,2026-04-01,XXXXXX7542,0
PH002599,AC000912,borrower_update,self,2026-04-01,XXXXXX8170,1
PH000443,AC000912,employer,office,2026-04-01,XXXXXX3558,2
PH002600,AC000913,kyc_origination,self,2026-04-01,XXXXXX4140,0
PH002601,AC000913,reference,reference_mother,2026-04-01,XXXXXX2322,1
PH002602,AC000914,kyc_origination,self,2026-04-01,XXXXXX4360,0
PH002603,AC000914,borrower_update,self,2026-04-01,XXXXXX6577,1
PH002604,AC000915,kyc_origination,self,2026-04-01,XXXXXX9049,0
PH002605,AC000915,reference,reference_brother,2026-04-01,XXXXXX0547,1
PH002606,AC000916,kyc_origination,self,2026-04-01,XXXXXX1764,0
PH002607,AC000917,kyc_origination,self,2026-04-01,XXXXXX9929,0
PH002608,AC000917,borrower_update,self,2026-04-01,XXXXXX5748,1
PH002609,AC000918,kyc_origination,self,2026-04-01,XXXXXX3946,0
PH002610,AC000918,bureau,self,2026-04-01,XXXXXX1470,1
PH002611,AC000918,reference,reference_friend,2026-04-01,XXXXXX7525,2
PH002612,AC000919,kyc_origination,self,2026-04-01,XXXXXX2592,0
PH002613,AC000919,borrower_update,self,2026-04-01,XXXXXX1180,1
PH002614,AC000919,reference,reference_brother,2026-04-01,XXXXXX4871,2
PH002615,AC000920,kyc_origination,self,2026-04-01,XXXXXX1684,0
PH002616,AC000920,borrower_update,self,2026-04-01,XXXXXX0468,1
PH002617,AC000920,bureau,self,2026-04-01,XXXXXX8627,2
PH002618,AC000920,reference,reference_father,2026-04-01,XXXXXX7886,3
PH002619,AC000921,kyc_origination,self,2026-04-01,XXXXXX7831,0
PH002620,AC000921,borrower_update,self,2026-04-01,XXXXXX7507,1
PH002621,AC000922,kyc_origination,self,2026-04-01,XXXXXX5234,0
PH002622,AC000922,borrower_update,self,2026-04-01,XXXXXX4517,1
PH002623,AC000922,reference,reference_spouse,2026-04-01,XXXXXX1991,2
PH002624,AC000923,kyc_origination,self,2026-04-01,XXXXXX2896,0
PH002625,AC000923,borrower_update,self,2026-04-01,XXXXXX5720,1
PH002626,AC000924,kyc_origination,self,2026-04-01,XXXXXX9777,0
PH002627,AC000924,borrower_update,self,2026-04-01,XXXXXX7499,1
PH002628,AC000924,reference,reference_father,2026-04-01,XXXXXX9398,2
PH002629,AC000925,kyc_origination,self,2026-04-01,XXXXXX8618,0
PH002630,AC000925,bureau,self,2026-04-01,XXXXXX9157,1
PH002631,AC000925,reference,reference_brother,2026-04-01,XXXXXX9559,2
PH002632,AC000926,kyc_origination,self,2026-04-01,XXXXXX0501,0
PH002633,AC000926,bureau,self,2026-04-01,XXXXXX5951,1
PH002634,AC000926,reference,reference_friend,2026-04-01,XXXXXX0071,2
PH000228,AC000927,kyc_origination,self,2026-04-01,XXXXXX8814,0
PH002635,AC000928,kyc_origination,self,2026-04-01,XXXXXX0916,0
PH002636,AC000928,reference,reference_mother,2026-04-01,XXXXXX3704,1
PH002637,AC000929,kyc_origination,self,2026-04-01,XXXXXX5144,0
PH002638,AC000929,borrower_update,self,2026-04-01,XXXXXX2620,1
PH002639,AC000929,bureau,self,2026-04-01,XXXXXX5998,2
PH002640,AC000929,reference,reference_father,2026-04-01,XXXXXX9563,3
PH002641,AC000930,kyc_origination,self,2026-04-01,XXXXXX2049,0
PH002642,AC000930,borrower_update,self,2026-04-01,XXXXXX0353,1
PH002643,AC000930,reference,reference_friend,2026-04-01,XXXXXX0967,2
PH002644,AC000931,kyc_origination,self,2026-04-01,XXXXXX8846,0
PH002645,AC000932,kyc_origination,self,2026-04-01,XXXXXX4271,0
PH002646,AC000932,reference,reference_father,2026-04-01,XXXXXX7774,1
PH002647,AC000933,kyc_origination,self,2026-04-01,XXXXXX4720,0
PH002648,AC000933,borrower_update,self,2026-04-01,XXXXXX4857,1
PH000518,AC000933,employer,office,2026-04-01,XXXXXX2666,2
PH002649,AC000933,reference,reference_spouse,2026-04-01,XXXXXX9675,3
PH002650,AC000934,kyc_origination,self,2026-04-01,XXXXXX2485,0
PH002651,AC000935,kyc_origination,self,2026-04-01,XXXXXX5698,0
PH002652,AC000935,borrower_update,self,2026-04-01,XXXXXX7155,1
PH002653,AC000935,bureau,self,2026-04-01,XXXXXX7212,2
PH002654,AC000935,reference,reference_friend,2026-04-01,XXXXXX0886,3
PH002655,AC000936,kyc_origination,self,2026-04-01,XXXXXX1246,0
PH002656,AC000937,kyc_origination,self,2026-04-01,XXXXXX1003,0
PH002657,AC000937,borrower_update,self,2026-04-01,XXXXXX3071,1
PH002658,AC000937,reference,reference_father,2026-04-01,XXXXXX1276,2
PH002659,AC000938,kyc_origination,self,2026-04-01,XXXXXX0733,0
PH002660,AC000938,bureau,self,2026-04-01,XXXXXX8084,1
PH002661,AC000939,kyc_origination,self,2026-04-01,XXXXXX3308,0
PH002662,AC000940,kyc_origination,self,2026-04-01,XXXXXX5155,0
PH002663,AC000940,bureau,self,2026-04-01,XXXXXX0561,1
PH002664,AC000941,kyc_origination,self,2026-04-01,XXXXXX3160,0
PH002665,AC000941,borrower_update,self,2026-04-01,XXXXXX0291,1
PH002666,AC000942,kyc_origination,self,2026-04-01,XXXXXX5347,0
PH002667,AC000942,borrower_update,self,2026-04-01,XXXXXX7593,1
PH002668,AC000942,reference,reference_spouse,2026-04-01,XXXXXX0376,2
PH002669,AC000943,kyc_origination,self,2026-04-01,XXXXXX6359,0
PH002670,AC000943,bureau,self,2026-04-01,XXXXXX4705,1
PH002671,AC000943,reference,reference_friend,2026-04-01,XXXXXX6088,2
PH002672,AC000944,kyc_origination,self,2026-04-01,XXXXXX2205,0
PH000211,AC000945,kyc_origination,self,2026-04-01,XXXXXX3771,0
PH002673,AC000945,borrower_update,self,2026-04-01,XXXXXX4789,1
PH002674,AC000946,kyc_origination,self,2026-04-01,XXXXXX8387,0
PH002675,AC000946,bureau,self,2026-04-01,XXXXXX4225,1
PH002676,AC000947,kyc_origination,self,2026-04-01,XXXXXX9945,0
PH002677,AC000947,borrower_update,self,2026-04-01,XXXXXX3322,1
PH002678,AC000947,bureau,self,2026-04-01,XXXXXX4778,2
PH002679,AC000948,kyc_origination,self,2026-04-01,XXXXXX9088,0
PH002680,AC000948,borrower_update,self,2026-04-01,XXXXXX0770,1
PH002681,AC000949,kyc_origination,self,2026-04-01,XXXXXX9563,0
PH002682,AC000949,bureau,self,2026-04-01,XXXXXX9892,1
PH002683,AC000950,kyc_origination,self,2026-04-01,XXXXXX2630,0
PH002684,AC000951,kyc_origination,self,2026-04-01,XXXXXX4332,0
PH002685,AC000951,reference,reference_father,2026-04-01,XXXXXX5797,1
PH002686,AC000952,kyc_origination,self,2026-04-01,XXXXXX6169,0
PH002687,AC000953,kyc_origination,self,2026-04-01,XXXXXX0022,0
PH002688,AC000954,kyc_origination,self,2026-04-01,XXXXXX6455,0
PH002689,AC000954,reference,reference_spouse,2026-04-01,XXXXXX8773,1
PH002690,AC000955,kyc_origination,self,2026-04-01,XXXXXX3021,0
PH002691,AC000955,borrower_update,self,2026-04-01,XXXXXX6741,1
PH002692,AC000955,bureau,self,2026-04-01,XXXXXX5593,2
PH002693,AC000955,reference,reference_spouse,2026-04-01,XXXXXX3675,3
PH002694,AC000956,kyc_origination,self,2026-04-01,XXXXXX1442,0
PH002695,AC000957,kyc_origination,self,2026-04-01,XXXXXX6218,0
PH002696,AC000957,borrower_update,self,2026-04-01,XXXXXX2145,1
PH002697,AC000957,bureau,self,2026-04-01,XXXXXX9318,2
PH002698,AC000958,kyc_origination,self,2026-04-01,XXXXXX1623,0
PH002699,AC000959,kyc_origination,self,2026-04-01,XXXXXX8372,0
PH002700,AC000959,bureau,self,2026-04-01,XXXXXX2861,1
PH002701,AC000960,kyc_origination,self,2026-04-01,XXXXXX5698,0
PH002702,AC000960,reference,reference_spouse,2026-04-01,XXXXXX8950,1
PH002703,AC000961,kyc_origination,self,2026-04-01,XXXXXX1615,0
PH002704,AC000962,kyc_origination,self,2026-04-01,XXXXXX0075,0
PH002705,AC000962,bureau,self,2026-04-01,XXXXXX8579,1
PH002706,AC000962,reference,reference_father,2026-04-01,XXXXXX8995,2
PH002707,AC000963,kyc_origination,self,2026-04-01,XXXXXX0773,0
PH002708,AC000963,reference,reference_friend,2026-04-01,XXXXXX9069,1
PH002709,AC000964,kyc_origination,self,2026-04-01,XXXXXX3144,0
PH002710,AC000964,bureau,self,2026-04-01,XXXXXX7232,1
PH002711,AC000965,kyc_origination,self,2026-04-01,XXXXXX5417,0
PH000524,AC000965,employer,office,2026-04-01,XXXXXX7570,1
PH002712,AC000965,reference,reference_spouse,2026-04-01,XXXXXX1971,2
PH002713,AC000966,kyc_origination,self,2026-04-01,XXXXXX5590,0
PH002714,AC000967,kyc_origination,self,2026-04-01,XXXXXX2710,0
PH000426,AC000967,employer,office,2026-04-01,XXXXXX0573,1
PH002715,AC000968,kyc_origination,self,2026-04-01,XXXXXX6381,0
PH002716,AC000968,borrower_update,self,2026-04-01,XXXXXX8969,1
PH002717,AC000968,reference,reference_spouse,2026-04-01,XXXXXX6194,2
PH002718,AC000969,kyc_origination,self,2026-04-01,XXXXXX4879,0
PH002719,AC000969,borrower_update,self,2026-04-01,XXXXXX7902,1
PH002720,AC000969,reference,reference_father,2026-04-01,XXXXXX1687,2
PH002721,AC000970,kyc_origination,self,2026-04-01,XXXXXX4810,0
PH002722,AC000970,reference,reference_brother,2026-04-01,XXXXXX8990,1
PH002723,AC000971,kyc_origination,self,2026-04-01,XXXXXX6910,0
PH002724,AC000971,bureau,self,2026-04-01,XXXXXX7146,1
PH002725,AC000971,reference,reference_brother,2026-04-01,XXXXXX1279,2
PH002726,AC000972,kyc_origination,self,2026-04-01,XXXXXX7495,0
PH002727,AC000972,reference,reference_spouse,2026-04-01,XXXXXX6068,1
PH002728,AC000973,kyc_origination,self,2026-04-01,XXXXXX8502,0
PH002729,AC000973,bureau,self,2026-04-01,XXXXXX3999,1
PH002730,AC000974,kyc_origination,self,2026-04-01,XXXXXX2900,0
PH002731,AC000974,reference,reference_friend,2026-04-01,XXXXXX0466,1
PH002732,AC000975,kyc_origination,self,2026-04-01,XXXXXX8636,0
PH002733,AC000975,bureau,self,2026-04-01,XXXXXX4790,1
PH002734,AC000976,kyc_origination,self,2026-04-01,XXXXXX1678,0
PH002735,AC000976,borrower_update,self,2026-04-01,XXXXXX0683,1
PH002736,AC000977,kyc_origination,self,2026-04-01,XXXXXX9043,0
PH002737,AC000977,borrower_update,self,2026-04-01,XXXXXX1773,1
PH002738,AC000978,kyc_origination,self,2026-04-01,XXXXXX0150,0
PH002739,AC000979,kyc_origination,self,2026-04-01,XXXXXX4769,0
PH002740,AC000979,borrower_update,self,2026-04-01,XXXXXX5540,1
PH002741,AC000979,bureau,self,2026-04-01,XXXXXX7764,2
PH002742,AC000979,reference,reference_friend,2026-04-01,XXXXXX4748,3
PH002743,AC000980,kyc_origination,self,2026-04-01,XXXXXX5807,0
PH002744,AC000980,bureau,self,2026-04-01,XXXXXX1275,1
PH000146,AC000981,kyc_origination,self,2026-04-01,XXXXXX8145,0
PH002745,AC000981,borrower_update,self,2026-04-01,XXXXXX1453,1
PH002746,AC000982,kyc_origination,self,2026-04-01,XXXXXX0558,0
PH002747,AC000982,borrower_update,self,2026-04-01,XXXXXX9029,1
PH002748,AC000982,reference,reference_spouse,2026-04-01,XXXXXX1861,2
PH002749,AC000983,kyc_origination,self,2026-04-01,XXXXXX7563,0
PH002750,AC000983,borrower_update,self,2026-04-01,XXXXXX2541,1
PH002751,AC000983,bureau,self,2026-04-01,XXXXXX6039,2
PH002752,AC000983,reference,reference_mother,2026-04-01,XXXXXX9716,3
PH002753,AC000984,kyc_origination,self,2026-04-01,XXXXXX3441,0
PH002754,AC000984,borrower_update,self,2026-04-01,XXXXXX7196,1
PH002755,AC000984,reference,reference_spouse,2026-04-01,XXXXXX2653,2
PH002756,AC000985,kyc_origination,self,2026-04-01,XXXXXX1588,0
PH002757,AC000985,borrower_update,self,2026-04-01,XXXXXX4835,1
PH002758,AC000985,reference,reference_spouse,2026-04-01,XXXXXX4814,2
PH002759,AC000986,kyc_origination,self,2026-04-01,XXXXXX6308,0
PH002760,AC000986,reference,reference_brother,2026-04-01,XXXXXX1676,1
PH002761,AC000987,kyc_origination,self,2026-04-01,XXXXXX9470,0
PH002762,AC000987,bureau,self,2026-04-01,XXXXXX6575,1
PH002763,AC000987,reference,reference_father,2026-04-01,XXXXXX8623,2
PH002764,AC000988,kyc_origination,self,2026-04-01,XXXXXX6983,0
PH002765,AC000988,bureau,self,2026-04-01,XXXXXX2210,1
PH002766,AC000988,reference,reference_friend,2026-04-01,XXXXXX4468,2
PH002767,AC000989,kyc_origination,self,2026-04-01,XXXXXX3095,0
PH002768,AC000989,borrower_update,self,2026-04-01,XXXXXX6285,1
PH002769,AC000990,kyc_origination,self,2026-04-01,XXXXXX7311,0
PH000390,AC000990,employer,office,2026-04-01,XXXXXX8663,1
PH002770,AC000990,reference,reference_father,2026-04-01,XXXXXX5770,2
PH002771,AC000991,kyc_origination,self,2026-04-01,XXXXXX5580,0
PH002772,AC000991,reference,reference_brother,2026-04-01,XXXXXX9094,1
PH002773,AC000992,kyc_origination,self,2026-04-01,XXXXXX3955,0
PH002774,AC000993,kyc_origination,self,2026-04-01,XXXXXX6833,0
PH002775,AC000993,reference,reference_spouse,2026-04-01,XXXXXX4142,1
PH002776,AC000994,kyc_origination,self,2026-04-01,XXXXXX0245,0
PH002777,AC000994,borrower_update,self,2026-04-01,XXXXXX6465,1
PH002778,AC000994,reference,reference_friend,2026-04-01,XXXXXX6348,2
PH002779,AC000995,kyc_origination,self,2026-04-01,XXXXXX5361,0
PH002780,AC000995,bureau,self,2026-04-01,XXXXXX4519,1
PH002781,AC000995,reference,reference_father,2026-04-01,XXXXXX7983,2
PH002782,AC000996,kyc_origination,self,2026-04-01,XXXXXX0363,0
PH000574,AC000996,employer,office,2026-04-01,XXXXXX7404,1
PH002783,AC000996,reference,reference_spouse,2026-04-01,XXXXXX2987,2
PH002784,AC000997,kyc_origination,self,2026-04-01,XXXXXX9579,0
PH002785,AC000998,kyc_origination,self,2026-04-01,XXXXXX3740,0
PH002786,AC000999,kyc_origination,self,2026-04-01,XXXXXX2879,0
PH002787,AC000999,borrower_update,self,2026-04-01,XXXXXX1253,1
PH002788,AC000999,bureau,self,2026-04-01,XXXXXX9090,2
PH000595,AC000999,employer,office,2026-04-01,XXXXXX7957,3
PH002789,AC001000,kyc_origination,self,2026-04-01,XXXXXX2816,0
PH002790,AC001000,borrower_update,self,2026-04-01,XXXXXX0838,1
PH002791,AC001001,kyc_origination,self,2026-04-01,XXXXXX9127,0
PH002792,AC001001,bureau,self,2026-04-01,XXXXXX5090,1
PH002793,AC001002,kyc_origination,self,2026-04-01,XXXXXX3542,0
PH002794,AC001002,reference,reference_friend,2026-04-01,XXXXXX9825,1
PH002795,AC001003,kyc_origination,self,2026-04-01,XXXXXX8434,0
PH002796,AC001003,borrower_update,self,2026-04-01,XXXXXX3002,1
PH002797,AC001003,bureau,self,2026-04-01,XXXXXX3820,2
PH002798,AC001003,reference,reference_spouse,2026-04-01,XXXXXX4032,3
PH002799,AC001004,kyc_origination,self,2026-04-01,XXXXXX0979,0
PH002800,AC001005,kyc_origination,self,2026-04-01,XXXXXX1774,0
PH002801,AC001005,borrower_update,self,2026-04-01,XXXXXX1901,1
PH000260,AC001005,employer,office,2026-04-01,XXXXXX4056,2
PH002802,AC001006,kyc_origination,self,2026-04-01,XXXXXX5027,0
PH002803,AC001006,bureau,self,2026-04-01,XXXXXX6931,1
PH002804,AC001006,reference,reference_mother,2026-04-01,XXXXXX2800,2
PH002805,AC001007,kyc_origination,self,2026-04-01,XXXXXX4102,0
PH002806,AC001007,borrower_update,self,2026-04-01,XXXXXX9540,1
PH000468,AC001007,employer,office,2026-04-01,XXXXXX5276,2
PH002807,AC001007,reference,reference_friend,2026-04-01,XXXXXX9404,3
PH002808,AC001008,kyc_origination,self,2026-04-01,XXXXXX0477,0
PH000555,AC001008,employer,office,2026-04-01,XXXXXX3836,1
PH002809,AC001008,reference,reference_spouse,2026-04-01,XXXXXX0139,2
PH002810,AC001009,kyc_origination,self,2026-04-01,XXXXXX5777,0
PH002811,AC001010,kyc_origination,self,2026-04-01,XXXXXX3800,0
PH002812,AC001010,borrower_update,self,2026-04-01,XXXXXX8590,1
PH002813,AC001010,bureau,self,2026-04-01,XXXXXX9517,2
PH002814,AC001010,reference,reference_mother,2026-04-01,XXXXXX0533,3
PH002815,AC001011,kyc_origination,self,2026-04-01,XXXXXX1010,0
PH002816,AC001012,kyc_origination,self,2026-04-01,XXXXXX8258,0
PH000338,AC001012,employer,office,2026-04-01,XXXXXX2153,1
PH002817,AC001013,kyc_origination,self,2026-04-01,XXXXXX8860,0
PH002818,AC001013,reference,reference_brother,2026-04-01,XXXXXX7509,1
PH002819,AC001014,kyc_origination,self,2026-04-01,XXXXXX9930,0
PH002820,AC001014,borrower_update,self,2026-04-01,XXXXXX4241,1
PH002821,AC001015,kyc_origination,self,2026-04-01,XXXXXX1471,0
PH002822,AC001015,bureau,self,2026-04-01,XXXXXX4444,1
PH002823,AC001015,reference,reference_father,2026-04-01,XXXXXX1939,2
PH002824,AC001016,kyc_origination,self,2026-04-01,XXXXXX4066,0
PH002825,AC001016,reference,reference_spouse,2026-04-01,XXXXXX7388,1
PH002826,AC001017,kyc_origination,self,2026-04-01,XXXXXX5249,0
PH002827,AC001017,reference,reference_spouse,2026-04-01,XXXXXX8800,1
PH002828,AC001018,kyc_origination,self,2026-04-01,XXXXXX1456,0
PH000362,AC001018,employer,office,2026-04-01,XXXXXX1345,1
PH002829,AC001018,reference,reference_mother,2026-04-01,XXXXXX0383,2
PH002830,AC001019,kyc_origination,self,2026-04-01,XXXXXX6883,0
PH002831,AC001019,borrower_update,self,2026-04-01,XXXXXX5120,1
PH002832,AC001019,bureau,self,2026-04-01,XXXXXX5340,2
PH002833,AC001020,kyc_origination,self,2026-04-01,XXXXXX9976,0
PH002834,AC001021,kyc_origination,self,2026-04-01,XXXXXX7406,0
PH000496,AC001021,employer,office,2026-04-01,XXXXXX6170,1
PH002835,AC001022,kyc_origination,self,2026-04-01,XXXXXX0402,0
PH002836,AC001022,borrower_update,self,2026-04-01,XXXXXX1810,1
PH000316,AC001022,employer,office,2026-04-01,XXXXXX8336,2
PH002837,AC001022,reference,reference_friend,2026-04-01,XXXXXX5812,3
PH000070,AC001023,kyc_origination,self,2026-04-01,XXXXXX8464,0
PH002838,AC001023,borrower_update,self,2026-04-01,XXXXXX4820,1
PH002839,AC001024,kyc_origination,self,2026-04-01,XXXXXX5861,0
PH002840,AC001024,borrower_update,self,2026-04-01,XXXXXX9847,1
PH002841,AC001024,bureau,self,2026-04-01,XXXXXX5817,2
PH002842,AC001024,reference,reference_spouse,2026-04-01,XXXXXX5355,3
PH002843,AC001025,kyc_origination,self,2026-04-01,XXXXXX8305,0
PH002844,AC001025,reference,reference_mother,2026-04-01,XXXXXX0098,1
PH002845,AC001026,kyc_origination,self,2026-04-01,XXXXXX6688,0
PH002846,AC001026,borrower_update,self,2026-04-01,XXXXXX8238,1
PH002847,AC001026,reference,reference_father,2026-04-01,XXXXXX7557,2
PH002848,AC001027,kyc_origination,self,2026-04-01,XXXXXX1526,0
PH002849,AC001027,borrower_update,self,2026-04-01,XXXXXX2721,1
PH002850,AC001027,bureau,self,2026-04-01,XXXXXX7436,2
PH002851,AC001027,reference,reference_spouse,2026-04-01,XXXXXX4355,3
PH002852,AC001028,kyc_origination,self,2026-04-01,XXXXXX0884,0
PH002853,AC001028,bureau,self,2026-04-01,XXXXXX0391,1
PH002854,AC001029,kyc_origination,self,2026-04-01,XXXXXX2959,0
PH002855,AC001029,reference,reference_spouse,2026-04-01,XXXXXX7125,1
PH000100,AC001030,kyc_origination,self,2026-04-01,XXXXXX7348,0
PH002856,AC001030,bureau,self,2026-04-01,XXXXXX9143,1
PH002857,AC001030,reference,reference_father,2026-04-01,XXXXXX1755,2
PH002858,AC001031,kyc_origination,self,2026-04-01,XXXXXX8094,0
PH002859,AC001031,reference,reference_father,2026-04-01,XXXXXX1936,1
PH002860,AC001032,kyc_origination,self,2026-04-01,XXXXXX3173,0
PH002861,AC001033,kyc_origination,self,2026-04-01,XXXXXX2297,0
PH002862,AC001033,borrower_update,self,2026-04-01,XXXXXX5832,1
PH002863,AC001033,reference,reference_father,2026-04-01,XXXXXX0375,2
PH002864,AC001034,kyc_origination,self,2026-04-01,XXXXXX7083,0
PH002865,AC001034,bureau,self,2026-04-01,XXXXXX8182,1
PH002866,AC001034,reference,reference_spouse,2026-04-01,XXXXXX5543,2
PH002867,AC001035,kyc_origination,self,2026-04-01,XXXXXX8427,0
PH002868,AC001035,borrower_update,self,2026-04-01,XXXXXX2851,1
PH002869,AC001035,bureau,self,2026-04-01,XXXXXX4124,2
PH002870,AC001036,kyc_origination,self,2026-04-01,XXXXXX6988,0
PH002871,AC001036,reference,reference_brother,2026-04-01,XXXXXX9026,1
PH002872,AC001037,kyc_origination,self,2026-04-01,XXXXXX3960,0
PH002873,AC001037,bureau,self,2026-04-01,XXXXXX6747,1
PH002874,AC001037,reference,reference_spouse,2026-04-01,XXXXXX7248,2
PH002875,AC001038,kyc_origination,self,2026-04-01,XXXXXX7267,0
PH002876,AC001039,kyc_origination,self,2026-04-01,XXXXXX3380,0
PH002877,AC001039,borrower_update,self,2026-04-01,XXXXXX7905,1
PH002878,AC001039,bureau,self,2026-04-01,XXXXXX1377,2
PH002879,AC001040,kyc_origination,self,2026-04-01,XXXXXX3420,0
PH002880,AC001040,bureau,self,2026-04-01,XXXXXX4005,1
PH002881,AC001040,reference,reference_brother,2026-04-01,XXXXXX6410,2
PH002882,AC001041,kyc_origination,self,2026-04-01,XXXXXX4745,0
PH002883,AC001041,borrower_update,self,2026-04-01,XXXXXX0788,1
PH002884,AC001042,kyc_origination,self,2026-04-01,XXXXXX5847,0
PH002885,AC001042,bureau,self,2026-04-01,XXXXXX2054,1
PH002886,AC001043,kyc_origination,self,2026-04-01,XXXXXX0820,0
PH002887,AC001043,bureau,self,2026-04-01,XXXXXX3230,1
PH002888,AC001044,kyc_origination,self,2026-04-01,XXXXXX5307,0
PH002889,AC001044,bureau,self,2026-04-01,XXXXXX5544,1
PH000316,AC001044,employer,office,2026-04-01,XXXXXX8336,2
PH000080,AC001045,kyc_origination,self,2026-04-01,XXXXXX6564,0
PH000479,AC001045,employer,office,2026-04-01,XXXXXX2310,1
PH002890,AC001045,reference,reference_spouse,2026-04-01,XXXXXX7602,2
PH002891,AC001046,kyc_origination,self,2026-04-01,XXXXXX1872,0
PH002892,AC001046,reference,reference_father,2026-04-01,XXXXXX6587,1
PH002893,AC001047,kyc_origination,self,2026-04-01,XXXXXX9553,0
PH002894,AC001047,borrower_update,self,2026-04-01,XXXXXX3581,1
PH002895,AC001047,reference,reference_spouse,2026-04-01,XXXXXX0244,2
PH002896,AC001048,kyc_origination,self,2026-04-01,XXXXXX9604,0
PH002897,AC001048,bureau,self,2026-04-01,XXXXXX6117,1
PH002898,AC001048,reference,reference_mother,2026-04-01,XXXXXX3673,2
PH002899,AC001049,kyc_origination,self,2026-04-01,XXXXXX6938,0
PH002900,AC001050,kyc_origination,self,2026-04-01,XXXXXX3491,0
PH002901,AC001050,reference,reference_friend,2026-04-01,XXXXXX2051,1
PH002902,AC001051,kyc_origination,self,2026-04-01,XXXXXX7872,0
PH002903,AC001051,borrower_update,self,2026-04-01,XXXXXX1233,1
PH002904,AC001051,bureau,self,2026-04-01,XXXXXX5809,2
PH002905,AC001052,kyc_origination,self,2026-04-01,XXXXXX7352,0
PH002906,AC001053,kyc_origination,self,2026-04-01,XXXXXX6053,0
PH002907,AC001053,bureau,self,2026-04-01,XXXXXX3764,1
PH002908,AC001053,reference,reference_brother,2026-04-01,XXXXXX5290,2
PH002909,AC001054,kyc_origination,self,2026-04-01,XXXXXX8423,0
PH002910,AC001054,bureau,self,2026-04-01,XXXXXX6365,1
PH002911,AC001054,reference,reference_spouse,2026-04-01,XXXXXX9292,2
PH002912,AC001055,kyc_origination,self,2026-04-01,XXXXXX5508,0
PH002913,AC001055,borrower_update,self,2026-04-01,XXXXXX5884,1
PH000162,AC001056,kyc_origination,self,2026-04-01,XXXXXX4308,0
PH002914,AC001057,kyc_origination,self,2026-04-01,XXXXXX7612,0
PH002915,AC001057,reference,reference_spouse,2026-04-01,XXXXXX1911,1
PH002916,AC001058,kyc_origination,self,2026-04-01,XXXXXX3605,0
PH000358,AC001058,employer,office,2026-04-01,XXXXXX2473,1
PH002917,AC001059,kyc_origination,self,2026-04-01,XXXXXX7696,0
PH002918,AC001059,borrower_update,self,2026-04-01,XXXXXX6122,1
PH002919,AC001059,reference,reference_brother,2026-04-01,XXXXXX6478,2
PH002920,AC001060,kyc_origination,self,2026-04-01,XXXXXX9408,0
PH002921,AC001060,reference,reference_spouse,2026-04-01,XXXXXX2834,1
PH002922,AC001061,kyc_origination,self,2026-04-01,XXXXXX2915,0
PH002923,AC001061,reference,reference_friend,2026-04-01,XXXXXX3145,1
PH002924,AC001062,kyc_origination,self,2026-04-01,XXXXXX1800,0
PH002925,AC001062,borrower_update,self,2026-04-01,XXXXXX6747,1
PH002926,AC001062,reference,reference_spouse,2026-04-01,XXXXXX8809,2
PH002927,AC001063,kyc_origination,self,2026-04-01,XXXXXX6637,0
PH002928,AC001063,borrower_update,self,2026-04-01,XXXXXX8370,1
PH002929,AC001063,reference,reference_brother,2026-04-01,XXXXXX7674,2
PH002930,AC001064,kyc_origination,self,2026-04-01,XXXXXX3211,0
PH002931,AC001064,reference,reference_father,2026-04-01,XXXXXX8394,1
PH002932,AC001065,kyc_origination,self,2026-04-01,XXXXXX7320,0
PH002933,AC001065,borrower_update,self,2026-04-01,XXXXXX2463,1
PH002934,AC001065,bureau,self,2026-04-01,XXXXXX3457,2
PH002935,AC001066,kyc_origination,self,2026-04-01,XXXXXX9315,0
PH002936,AC001066,borrower_update,self,2026-04-01,XXXXXX4481,1
PH002937,AC001067,kyc_origination,self,2026-04-01,XXXXXX0986,0
PH002938,AC001067,borrower_update,self,2026-04-01,XXXXXX9075,1
PH002939,AC001067,bureau,self,2026-04-01,XXXXXX6318,2
PH002940,AC001067,reference,reference_brother,2026-04-01,XXXXXX0655,3
PH002941,AC001068,kyc_origination,self,2026-04-01,XXXXXX5790,0
PH002942,AC001068,borrower_update,self,2026-04-01,XXXXXX9057,1
PH002943,AC001068,bureau,self,2026-04-01,XXXXXX5018,2
PH002944,AC001068,reference,reference_spouse,2026-04-01,XXXXXX6674,3
PH002945,AC001069,kyc_origination,self,2026-04-01,XXXXXX9160,0
PH002946,AC001070,kyc_origination,self,2026-04-01,XXXXXX0752,0
PH002947,AC001070,borrower_update,self,2026-04-01,XXXXXX0710,1
PH002948,AC001070,reference,reference_brother,2026-04-01,XXXXXX8511,2
PH002949,AC001071,kyc_origination,self,2026-04-01,XXXXXX2496,0
PH002950,AC001071,borrower_update,self,2026-04-01,XXXXXX0698,1
PH002951,AC001072,kyc_origination,self,2026-04-01,XXXXXX1516,0
PH002952,AC001072,borrower_update,self,2026-04-01,XXXXXX9885,1
PH002953,AC001073,kyc_origination,self,2026-04-01,XXXXXX4086,0
PH002954,AC001073,bureau,self,2026-04-01,XXXXXX2916,1
PH000283,AC001073,employer,office,2026-04-01,XXXXXX8601,2
PH002955,AC001074,kyc_origination,self,2026-04-01,XXXXXX1251,0
PH002956,AC001074,borrower_update,self,2026-04-01,XXXXXX0028,1
PH002957,AC001074,bureau,self,2026-04-01,XXXXXX3472,2
PH000290,AC001074,employer,office,2026-04-01,XXXXXX3009,3
PH002958,AC001075,kyc_origination,self,2026-04-01,XXXXXX0143,0
PH002959,AC001075,borrower_update,self,2026-04-01,XXXXXX7830,1
PH002960,AC001075,reference,reference_spouse,2026-04-01,XXXXXX0596,2
PH002961,AC001076,kyc_origination,self,2026-04-01,XXXXXX4674,0
PH002962,AC001076,bureau,self,2026-04-01,XXXXXX5339,1
PH002963,AC001076,reference,reference_brother,2026-04-01,XXXXXX5715,2
PH002964,AC001077,kyc_origination,self,2026-04-01,XXXXXX1218,0
PH002965,AC001078,kyc_origination,self,2026-04-01,XXXXXX9637,0
PH002966,AC001079,kyc_origination,self,2026-04-01,XXXXXX1164,0
PH002967,AC001079,borrower_update,self,2026-04-01,XXXXXX1048,1
PH002968,AC001079,reference,reference_spouse,2026-04-01,XXXXXX9248,2
PH002969,AC001080,kyc_origination,self,2026-04-01,XXXXXX3569,0
PH002970,AC001080,reference,reference_mother,2026-04-01,XXXXXX9856,1
PH002971,AC001081,kyc_origination,self,2026-04-01,XXXXXX4849,0
PH002972,AC001081,bureau,self,2026-04-01,XXXXXX8541,1
PH002973,AC001081,reference,reference_friend,2026-04-01,XXXXXX9688,2
PH002974,AC001082,kyc_origination,self,2026-04-01,XXXXXX9754,0
PH002975,AC001083,kyc_origination,self,2026-04-01,XXXXXX9735,0
PH002976,AC001084,kyc_origination,self,2026-04-01,XXXXXX8890,0
PH002977,AC001084,reference,reference_father,2026-04-01,XXXXXX7695,1
PH002978,AC001085,kyc_origination,self,2026-04-01,XXXXXX4900,0
PH002979,AC001085,bureau,self,2026-04-01,XXXXXX4413,1
PH002980,AC001085,reference,reference_father,2026-04-01,XXXXXX9736,2
PH002981,AC001086,kyc_origination,self,2026-04-01,XXXXXX8837,0
PH002982,AC001087,kyc_origination,self,2026-04-01,XXXXXX7567,0
PH002983,AC001087,borrower_update,self,2026-04-01,XXXXXX6036,1
PH002984,AC001087,bureau,self,2026-04-01,XXXXXX7470,2
PH000471,AC001087,employer,office,2026-04-01,XXXXXX5880,3
PH002985,AC001088,kyc_origination,self,2026-04-01,XXXXXX9830,0
PH002986,AC001089,kyc_origination,self,2026-04-01,XXXXXX0106,0
PH002987,AC001089,bureau,self,2026-04-01,XXXXXX5021,1
PH000313,AC001089,employer,office,2026-04-01,XXXXXX1582,2
PH002988,AC001089,reference,reference_father,2026-04-01,XXXXXX7477,3
PH002989,AC001090,kyc_origination,self,2026-04-01,XXXXXX1451,0
PH002990,AC001090,reference,reference_friend,2026-04-01,XXXXXX0220,1
PH002991,AC001091,kyc_origination,self,2026-04-01,XXXXXX0129,0
PH002992,AC001091,reference,reference_spouse,2026-04-01,XXXXXX4314,1
PH002993,AC001092,kyc_origination,self,2026-04-01,XXXXXX4323,0
PH002994,AC001093,kyc_origination,self,2026-04-01,XXXXXX3775,0
PH002995,AC001093,bureau,self,2026-04-01,XXXXXX6615,1
PH002996,AC001093,reference,reference_spouse,2026-04-01,XXXXXX0133,2
PH002997,AC001094,kyc_origination,self,2026-04-01,XXXXXX8344,0
PH002998,AC001094,reference,reference_friend,2026-04-01,XXXXXX7485,1
PH002999,AC001095,kyc_origination,self,2026-04-01,XXXXXX5873,0
PH003000,AC001095,reference,reference_brother,2026-04-01,XXXXXX3468,1
PH003001,AC001096,kyc_origination,self,2026-04-01,XXXXXX5100,0
PH003002,AC001096,reference,reference_father,2026-04-01,XXXXXX8699,1
PH003003,AC001097,kyc_origination,self,2026-04-01,XXXXXX3767,0
PH003004,AC001097,borrower_update,self,2026-04-01,XXXXXX0161,1
PH003005,AC001098,kyc_origination,self,2026-04-01,XXXXXX3145,0
PH003006,AC001098,bureau,self,2026-04-01,XXXXXX3911,1
PH003007,AC001098,reference,reference_brother,2026-04-01,XXXXXX8307,2
PH003008,AC001099,kyc_origination,self,2026-04-01,XXXXXX2928,0
PH003009,AC001099,bureau,self,2026-04-01,XXXXXX9091,1
PH003010,AC001100,kyc_origination,self,2026-04-01,XXXXXX1310,0
PH003011,AC001100,bureau,self,2026-04-01,XXXXXX3829,1
PH003012,AC001100,reference,reference_father,2026-04-01,XXXXXX0815,2
PH003013,AC001101,kyc_origination,self,2026-04-01,XXXXXX0745,0
PH003014,AC001101,bureau,self,2026-04-01,XXXXXX2411,1
PH000329,AC001101,employer,office,2026-04-01,XXXXXX7358,2
PH003015,AC001102,kyc_origination,self,2026-04-01,XXXXXX2866,0
PH003016,AC001103,kyc_origination,self,2026-04-01,XXXXXX8921,0
PH003017,AC001104,kyc_origination,self,2026-04-01,XXXXXX3243,0
PH003018,AC001104,borrower_update,self,2026-04-01,XXXXXX3110,1
PH003019,AC001105,kyc_origination,self,2026-04-01,XXXXXX4952,0
PH003020,AC001105,bureau,self,2026-04-01,XXXXXX1767,1
PH003021,AC001106,kyc_origination,self,2026-04-01,XXXXXX5476,0
PH003022,AC001106,borrower_update,self,2026-04-01,XXXXXX1596,1
PH003023,AC001106,reference,reference_spouse,2026-04-01,XXXXXX5851,2
PH003024,AC001107,kyc_origination,self,2026-04-01,XXXXXX2322,0
PH003025,AC001108,kyc_origination,self,2026-04-01,XXXXXX8875,0
PH003026,AC001108,bureau,self,2026-04-01,XXXXXX8547,1
PH000137,AC001109,kyc_origination,self,2026-04-01,XXXXXX8477,0
PH003027,AC001109,borrower_update,self,2026-04-01,XXXXXX4780,1
PH003028,AC001110,kyc_origination,self,2026-04-01,XXXXXX0296,0
PH003029,AC001111,kyc_origination,self,2026-04-01,XXXXXX6952,0
PH003030,AC001111,borrower_update,self,2026-04-01,XXXXXX8906,1
PH000565,AC001111,employer,office,2026-04-01,XXXXXX8635,2
PH003031,AC001112,kyc_origination,self,2026-04-01,XXXXXX0618,0
PH003032,AC001112,borrower_update,self,2026-04-01,XXXXXX5059,1
PH003033,AC001112,reference,reference_father,2026-04-01,XXXXXX8120,2
PH003034,AC001113,kyc_origination,self,2026-04-01,XXXXXX2238,0
PH003035,AC001113,borrower_update,self,2026-04-01,XXXXXX9218,1
PH003036,AC001113,bureau,self,2026-04-01,XXXXXX4988,2
PH003037,AC001114,kyc_origination,self,2026-04-01,XXXXXX2918,0
PH003038,AC001114,reference,reference_friend,2026-04-01,XXXXXX1420,1
PH003039,AC001115,kyc_origination,self,2026-04-01,XXXXXX1431,0
PH003040,AC001115,borrower_update,self,2026-04-01,XXXXXX1911,1
PH003041,AC001115,reference,reference_spouse,2026-04-01,XXXXXX2777,2
PH003042,AC001116,kyc_origination,self,2026-04-01,XXXXXX4293,0
PH003043,AC001116,reference,reference_father,2026-04-01,XXXXXX1969,1
PH003044,AC001117,kyc_origination,self,2026-04-01,XXXXXX2627,0
PH003045,AC001117,borrower_update,self,2026-04-01,XXXXXX2623,1
PH003046,AC001118,kyc_origination,self,2026-04-01,XXXXXX0385,0
PH003047,AC001118,borrower_update,self,2026-04-01,XXXXXX7280,1
PH003048,AC001119,kyc_origination,self,2026-04-01,XXXXXX2106,0
PH003049,AC001119,borrower_update,self,2026-04-01,XXXXXX7636,1
PH003050,AC001120,kyc_origination,self,2026-04-01,XXXXXX2615,0
PH003051,AC001120,bureau,self,2026-04-01,XXXXXX9905,1
PH000315,AC001120,employer,office,2026-04-01,XXXXXX0387,2
PH003052,AC001120,reference,reference_spouse,2026-04-01,XXXXXX1850,3
PH003053,AC001121,kyc_origination,self,2026-04-01,XXXXXX0165,0
PH003054,AC001121,reference,reference_spouse,2026-04-01,XXXXXX4290,1
PH003055,AC001122,kyc_origination,self,2026-04-01,XXXXXX4746,0
PH003056,AC001123,kyc_origination,self,2026-04-01,XXXXXX2662,0
PH003057,AC001123,borrower_update,self,2026-04-01,XXXXXX5858,1
PH003058,AC001123,bureau,self,2026-04-01,XXXXXX8833,2
PH003059,AC001124,kyc_origination,self,2026-04-01,XXXXXX8631,0
PH003060,AC001124,reference,reference_spouse,2026-04-01,XXXXXX7837,1
PH003061,AC001125,kyc_origination,self,2026-04-01,XXXXXX0207,0
PH003062,AC001125,borrower_update,self,2026-04-01,XXXXXX6660,1
PH003063,AC001126,kyc_origination,self,2026-04-01,XXXXXX8477,0
PH003064,AC001126,borrower_update,self,2026-04-01,XXXXXX8280,1
PH000369,AC001126,employer,office,2026-04-01,XXXXXX5792,2
PH003065,AC001126,reference,reference_father,2026-04-01,XXXXXX2613,3
PH003066,AC001127,kyc_origination,self,2026-04-01,XXXXXX2505,0
PH003067,AC001127,reference,reference_father,2026-04-01,XXXXXX1624,1
PH003068,AC001128,kyc_origination,self,2026-04-01,XXXXXX7361,0
PH003069,AC001128,reference,reference_brother,2026-04-01,XXXXXX1513,1
PH000199,AC001129,kyc_origination,self,2026-04-01,XXXXXX2591,0
PH003070,AC001129,borrower_update,self,2026-04-01,XXXXXX9841,1
PH003071,AC001129,bureau,self,2026-04-01,XXXXXX3842,2
PH003072,AC001130,kyc_origination,self,2026-04-01,XXXXXX4501,0
PH003073,AC001131,kyc_origination,self,2026-04-01,XXXXXX3013,0
PH003074,AC001131,borrower_update,self,2026-04-01,XXXXXX0236,1
PH003075,AC001131,reference,reference_spouse,2026-04-01,XXXXXX1387,2
PH003076,AC001132,kyc_origination,self,2026-04-01,XXXXXX5046,0
PH003077,AC001132,bureau,self,2026-04-01,XXXXXX6912,1
PH003078,AC001133,kyc_origination,self,2026-04-01,XXXXXX0546,0
PH003079,AC001134,kyc_origination,self,2026-04-01,XXXXXX8256,0
PH000494,AC001134,employer,office,2026-04-01,XXXXXX7118,1
PH003080,AC001135,kyc_origination,self,2026-04-01,XXXXXX0973,0
PH000372,AC001135,employer,office,2026-04-01,XXXXXX3013,1
PH003081,AC001136,kyc_origination,self,2026-04-01,XXXXXX8532,0
PH003082,AC001136,borrower_update,self,2026-04-01,XXXXXX0934,1
PH003083,AC001136,bureau,self,2026-04-01,XXXXXX8241,2
PH003084,AC001137,kyc_origination,self,2026-04-01,XXXXXX8599,0
PH003085,AC001137,reference,reference_brother,2026-04-01,XXXXXX6291,1
PH003086,AC001138,kyc_origination,self,2026-04-01,XXXXXX1993,0
PH000392,AC001138,employer,office,2026-04-01,XXXXXX3742,1
PH003087,AC001138,reference,reference_brother,2026-04-01,XXXXXX8777,2
PH000020,AC001139,kyc_origination,self,2026-04-01,XXXXXX9388,0
PH003088,AC001139,bureau,self,2026-04-01,XXXXXX1181,1
PH003089,AC001139,reference,reference_father,2026-04-01,XXXXXX4093,2
PH003090,AC001140,kyc_origination,self,2026-04-01,XXXXXX2039,0
PH003091,AC001140,borrower_update,self,2026-04-01,XXXXXX3810,1
PH003092,AC001140,reference,reference_brother,2026-04-01,XXXXXX6420,2
PH003093,AC001141,kyc_origination,self,2026-04-01,XXXXXX4935,0
PH003094,AC001141,borrower_update,self,2026-04-01,XXXXXX7480,1
PH000491,AC001141,employer,office,2026-04-01,XXXXXX6294,2
PH003095,AC001141,reference,reference_friend,2026-04-01,XXXXXX9114,3
PH003096,AC001142,kyc_origination,self,2026-04-01,XXXXXX5432,0
PH003097,AC001142,borrower_update,self,2026-04-01,XXXXXX4542,1
PH003098,AC001142,reference,reference_spouse,2026-04-01,XXXXXX3800,2
PH003099,AC001143,kyc_origination,self,2026-04-01,XXXXXX7766,0
PH003100,AC001143,borrower_update,self,2026-04-01,XXXXXX0076,1
PH003101,AC001143,reference,reference_spouse,2026-04-01,XXXXXX8246,2
PH003102,AC001144,kyc_origination,self,2026-04-01,XXXXXX0980,0
PH003103,AC001144,borrower_update,self,2026-04-01,XXXXXX6913,1
PH000293,AC001144,employer,office,2026-04-01,XXXXXX4981,2
PH003104,AC001144,reference,reference_spouse,2026-04-01,XXXXXX5276,3
PH003105,AC001145,kyc_origination,self,2026-04-01,XXXXXX8703,0
PH003106,AC001145,bureau,self,2026-04-01,XXXXXX4013,1
PH003107,AC001145,reference,reference_friend,2026-04-01,XXXXXX9418,2
PH003108,AC001146,kyc_origination,self,2026-04-01,XXXXXX6465,0
PH003109,AC001146,reference,reference_father,2026-04-01,XXXXXX9182,1
PH003110,AC001147,kyc_origination,self,2026-04-01,XXXXXX7027,0
PH003111,AC001148,kyc_origination,self,2026-04-01,XXXXXX8468,0
PH003112,AC001148,reference,reference_spouse,2026-04-01,XXXXXX5529,1
PH003113,AC001149,kyc_origination,self,2026-04-01,XXXXXX4347,0
PH003114,AC001149,bureau,self,2026-04-01,XXXXXX1311,1
PH003115,AC001149,reference,reference_mother,2026-04-01,XXXXXX9613,2
PH003116,AC001150,kyc_origination,self,2026-04-01,XXXXXX5307,0
PH003117,AC001151,kyc_origination,self,2026-04-01,XXXXXX8899,0
PH003118,AC001151,borrower_update,self,2026-04-01,XXXXXX7061,1
PH003119,AC001151,bureau,self,2026-04-01,XXXXXX9543,2
PH003120,AC001152,kyc_origination,self,2026-04-01,XXXXXX7396,0
PH003121,AC001152,bureau,self,2026-04-01,XXXXXX3297,1
PH003122,AC001152,reference,reference_spouse,2026-04-01,XXXXXX9696,2
PH003123,AC001153,kyc_origination,self,2026-04-01,XXXXXX0378,0
PH003124,AC001154,kyc_origination,self,2026-04-01,XXXXXX7015,0
PH003125,AC001154,borrower_update,self,2026-04-01,XXXXXX7763,1
PH003126,AC001154,bureau,self,2026-04-01,XXXXXX9255,2
PH003127,AC001155,kyc_origination,self,2026-04-01,XXXXXX9460,0
PH000502,AC001155,employer,office,2026-04-01,XXXXXX6906,1
PH003128,AC001156,kyc_origination,self,2026-04-01,XXXXXX7659,0
PH003129,AC001157,kyc_origination,self,2026-04-01,XXXXXX8060,0
PH003130,AC001158,kyc_origination,self,2026-04-01,XXXXXX5061,0
PH003131,AC001158,borrower_update,self,2026-04-01,XXXXXX7769,1
PH003132,AC001158,reference,reference_brother,2026-04-01,XXXXXX5928,2
PH003133,AC001159,kyc_origination,self,2026-04-01,XXXXXX9429,0
PH003134,AC001159,bureau,self,2026-04-01,XXXXXX6623,1
PH000471,AC001159,employer,office,2026-04-01,XXXXXX5880,2
PH003135,AC001159,reference,reference_brother,2026-04-01,XXXXXX1133,3
PH003136,AC001160,kyc_origination,self,2026-04-01,XXXXXX3966,0
PH003137,AC001160,borrower_update,self,2026-04-01,XXXXXX3963,1
PH003138,AC001160,bureau,self,2026-04-01,XXXXXX2171,2
PH003139,AC001160,reference,reference_mother,2026-04-01,XXXXXX3597,3
PH003140,AC001161,kyc_origination,self,2026-04-01,XXXXXX4842,0
PH003141,AC001161,borrower_update,self,2026-04-01,XXXXXX2438,1
PH003142,AC001161,reference,reference_brother,2026-04-01,XXXXXX5250,2
PH003143,AC001162,kyc_origination,self,2026-04-01,XXXXXX3422,0
PH003144,AC001162,bureau,self,2026-04-01,XXXXXX5138,1
PH003145,AC001163,kyc_origination,self,2026-04-01,XXXXXX7364,0
PH003146,AC001164,kyc_origination,self,2026-04-01,XXXXXX7656,0
PH003147,AC001164,reference,reference_spouse,2026-04-01,XXXXXX4988,1
PH003148,AC001165,kyc_origination,self,2026-04-01,XXXXXX2947,0
PH003149,AC001165,borrower_update,self,2026-04-01,XXXXXX8484,1
PH003150,AC001166,kyc_origination,self,2026-04-01,XXXXXX8654,0
PH000513,AC001166,employer,office,2026-04-01,XXXXXX1225,1
PH003151,AC001166,reference,reference_friend,2026-04-01,XXXXXX9216,2
PH003152,AC001167,kyc_origination,self,2026-04-01,XXXXXX3933,0
PH003153,AC001168,kyc_origination,self,2026-04-01,XXXXXX7103,0
PH003154,AC001168,bureau,self,2026-04-01,XXXXXX7195,1
PH003155,AC001169,kyc_origination,self,2026-04-01,XXXXXX7880,0
PH003156,AC001169,bureau,self,2026-04-01,XXXXXX6075,1
PH003157,AC001169,reference,reference_brother,2026-04-01,XXXXXX2267,2
PH003158,AC001170,kyc_origination,self,2026-04-01,XXXXXX0527,0
PH003159,AC001170,bureau,self,2026-04-01,XXXXXX0212,1
PH003160,AC001170,reference,reference_brother,2026-04-01,XXXXXX8857,2
PH003161,AC001171,kyc_origination,self,2026-04-01,XXXXXX5114,0
PH003162,AC001172,kyc_origination,self,2026-04-01,XXXXXX2251,0
PH003163,AC001173,kyc_origination,self,2026-04-01,XXXXXX0971,0
PH003164,AC001173,borrower_update,self,2026-04-01,XXXXXX6663,1
PH003165,AC001174,kyc_origination,self,2026-04-01,XXXXXX9298,0
PH003166,AC001174,borrower_update,self,2026-04-01,XXXXXX6604,1
PH003167,AC001175,kyc_origination,self,2026-04-01,XXXXXX4111,0
PH003168,AC001175,borrower_update,self,2026-04-01,XXXXXX5020,1
PH000506,AC001175,employer,office,2026-04-01,XXXXXX9165,2
PH003169,AC001175,reference,reference_spouse,2026-04-01,XXXXXX4421,3
PH003170,AC001176,kyc_origination,self,2026-04-01,XXXXXX5669,0
PH003171,AC001176,reference,reference_friend,2026-04-01,XXXXXX0449,1
PH003172,AC001177,kyc_origination,self,2026-04-01,XXXXXX0726,0
PH003173,AC001177,borrower_update,self,2026-04-01,XXXXXX3999,1
PH003174,AC001177,bureau,self,2026-04-01,XXXXXX3593,2
PH003175,AC001177,reference,reference_mother,2026-04-01,XXXXXX2107,3
PH003176,AC001178,kyc_origination,self,2026-04-01,XXXXXX4236,0
PH003177,AC001178,borrower_update,self,2026-04-01,XXXXXX2902,1
PH003178,AC001178,reference,reference_brother,2026-04-01,XXXXXX1029,2
PH003179,AC001179,kyc_origination,self,2026-04-01,XXXXXX0613,0
PH003180,AC001179,bureau,self,2026-04-01,XXXXXX5420,1
PH003181,AC001179,reference,reference_spouse,2026-04-01,XXXXXX6023,2
PH003182,AC001180,kyc_origination,self,2026-04-01,XXXXXX3335,0
PH003183,AC001180,bureau,self,2026-04-01,XXXXXX1086,1
PH003184,AC001181,kyc_origination,self,2026-04-01,XXXXXX6493,0
PH003185,AC001181,borrower_update,self,2026-04-01,XXXXXX8341,1
PH003186,AC001181,reference,reference_father,2026-04-01,XXXXXX1239,2
PH003187,AC001182,kyc_origination,self,2026-04-01,XXXXXX8744,0
PH003188,AC001183,kyc_origination,self,2026-04-01,XXXXXX9930,0
PH003189,AC001184,kyc_origination,self,2026-04-01,XXXXXX0222,0
PH003190,AC001185,kyc_origination,self,2026-04-01,XXXXXX7996,0
PH003191,AC001185,reference,reference_spouse,2026-04-01,XXXXXX0570,1
PH003192,AC001186,kyc_origination,self,2026-04-01,XXXXXX6600,0
PH003193,AC001186,borrower_update,self,2026-04-01,XXXXXX6007,1
PH000332,AC001186,employer,office,2026-04-01,XXXXXX2783,2
PH003194,AC001186,reference,reference_brother,2026-04-01,XXXXXX6574,3
PH003195,AC001187,kyc_origination,self,2026-04-01,XXXXXX8299,0
PH003196,AC001187,borrower_update,self,2026-04-01,XXXXXX1624,1
PH003197,AC001187,bureau,self,2026-04-01,XXXXXX5032,2
PH000608,AC001187,employer,office,2026-04-01,XXXXXX6088,3
PH003198,AC001187,reference,reference_spouse,2026-04-01,XXXXXX0255,4
PH003199,AC001188,kyc_origination,self,2026-04-01,XXXXXX1484,0
PH003200,AC001189,kyc_origination,self,2026-04-01,XXXXXX2395,0
PH003201,AC001189,bureau,self,2026-04-01,XXXXXX2288,1
PH003202,AC001190,kyc_origination,self,2026-04-01,XXXXXX2833,0
PH003203,AC001190,reference,reference_mother,2026-04-01,XXXXXX1102,1
PH003204,AC001191,kyc_origination,self,2026-04-01,XXXXXX9360,0
PH003205,AC001191,bureau,self,2026-04-01,XXXXXX8173,1
PH003206,AC001192,kyc_origination,self,2026-04-01,XXXXXX3562,0
PH003207,AC001192,bureau,self,2026-04-01,XXXXXX2695,1
PH003208,AC001192,reference,reference_father,2026-04-01,XXXXXX1445,2
PH003209,AC001193,kyc_origination,self,2026-04-01,XXXXXX7870,0
PH003210,AC001194,kyc_origination,self,2026-04-01,XXXXXX0200,0
PH003211,AC001194,borrower_update,self,2026-04-01,XXXXXX0687,1
PH003212,AC001195,kyc_origination,self,2026-04-01,XXXXXX1822,0
PH003213,AC001195,borrower_update,self,2026-04-01,XXXXXX7433,1
PH003214,AC001195,bureau,self,2026-04-01,XXXXXX1397,2
PH003215,AC001195,reference,reference_friend,2026-04-01,XXXXXX9844,3
PH003216,AC001196,kyc_origination,self,2026-04-01,XXXXXX4303,0
PH003217,AC001196,bureau,self,2026-04-01,XXXXXX2966,1
PH003218,AC001197,kyc_origination,self,2026-04-01,XXXXXX2441,0
PH003219,AC001197,reference,reference_spouse,2026-04-01,XXXXXX0231,1
PH003220,AC001198,kyc_origination,self,2026-04-01,XXXXXX0929,0
PH003221,AC001198,borrower_update,self,2026-04-01,XXXXXX6617,1
PH003222,AC001198,reference,reference_brother,2026-04-01,XXXXXX5617,2
PH003223,AC001199,kyc_origination,self,2026-04-01,XXXXXX8425,0
PH003224,AC001200,kyc_origination,self,2026-04-01,XXXXXX4693,0
PH003225,AC001201,kyc_origination,self,2026-04-01,XXXXXX5856,0
PH003226,AC001201,borrower_update,self,2026-04-01,XXXXXX8982,1
PH003227,AC001201,reference,reference_father,2026-04-01,XXXXXX9107,2
PH003228,AC001202,kyc_origination,self,2026-04-01,XXXXXX6430,0
PH003229,AC001203,kyc_origination,self,2026-04-01,XXXXXX7901,0
PH003230,AC001203,bureau,self,2026-04-01,XXXXXX3944,1
PH000574,AC001203,employer,office,2026-04-01,XXXXXX7404,2
PH003231,AC001204,kyc_origination,self,2026-04-01,XXXXXX4422,0
PH003232,AC001204,bureau,self,2026-04-01,XXXXXX1355,1
PH000495,AC001204,employer,office,2026-04-01,XXXXXX4864,2
PH003233,AC001205,kyc_origination,self,2026-04-01,XXXXXX4853,0
PH003234,AC001205,reference,reference_spouse,2026-04-01,XXXXXX2733,1
PH003235,AC001206,kyc_origination,self,2026-04-01,XXXXXX6223,0
PH003236,AC001206,borrower_update,self,2026-04-01,XXXXXX4411,1
PH000260,AC001206,employer,office,2026-04-01,XXXXXX4056,2
PH003237,AC001206,reference,reference_brother,2026-04-01,XXXXXX5546,3
PH003238,AC001207,kyc_origination,self,2026-04-01,XXXXXX7556,0
PH003239,AC001207,reference,reference_friend,2026-04-01,XXXXXX6836,1
PH003240,AC001208,kyc_origination,self,2026-04-01,XXXXXX3098,0
PH003241,AC001208,reference,reference_friend,2026-04-01,XXXXXX7996,1
PH003242,AC001209,kyc_origination,self,2026-04-01,XXXXXX6374,0
PH003243,AC001209,borrower_update,self,2026-04-01,XXXXXX8812,1
PH003244,AC001210,kyc_origination,self,2026-04-01,XXXXXX1660,0
PH003245,AC001210,bureau,self,2026-04-01,XXXXXX6048,1
PH003246,AC001211,kyc_origination,self,2026-04-01,XXXXXX3506,0
PH003247,AC001211,reference,reference_friend,2026-04-01,XXXXXX7692,1
PH003248,AC001212,kyc_origination,self,2026-04-01,XXXXXX3797,0
PH003249,AC001213,kyc_origination,self,2026-04-01,XXXXXX3969,0
PH003250,AC001214,kyc_origination,self,2026-04-01,XXXXXX2781,0
PH003251,AC001214,reference,reference_spouse,2026-04-01,XXXXXX3802,1
PH003252,AC001215,kyc_origination,self,2026-04-01,XXXXXX1644,0
PH003253,AC001215,borrower_update,self,2026-04-01,XXXXXX5035,1
PH003254,AC001215,bureau,self,2026-04-01,XXXXXX0494,2
PH003255,AC001216,kyc_origination,self,2026-04-01,XXXXXX3513,0
PH003256,AC001216,bureau,self,2026-04-01,XXXXXX2245,1
PH003257,AC001216,reference,reference_spouse,2026-04-01,XXXXXX5662,2
PH003258,AC001217,kyc_origination,self,2026-04-01,XXXXXX5488,0
PH003259,AC001217,reference,reference_brother,2026-04-01,XXXXXX4784,1
PH003260,AC001218,kyc_origination,self,2026-04-01,XXXXXX3863,0
PH003261,AC001218,reference,reference_spouse,2026-04-01,XXXXXX6283,1
PH003262,AC001219,kyc_origination,self,2026-04-01,XXXXXX5469,0
PH003263,AC001219,borrower_update,self,2026-04-01,XXXXXX7931,1
PH003264,AC001219,bureau,self,2026-04-01,XXXXXX1745,2
PH003265,AC001220,kyc_origination,self,2026-04-01,XXXXXX5304,0
PH003266,AC001220,reference,reference_father,2026-04-01,XXXXXX0014,1
PH003267,AC001221,kyc_origination,self,2026-04-01,XXXXXX9696,0
PH000464,AC001221,employer,office,2026-04-01,XXXXXX2959,1
PH003268,AC001222,kyc_origination,self,2026-04-01,XXXXXX9681,0
PH003269,AC001222,bureau,self,2026-04-01,XXXXXX0010,1
PH003270,AC001222,reference,reference_spouse,2026-04-01,XXXXXX4341,2
PH003271,AC001223,kyc_origination,self,2026-04-01,XXXXXX7534,0
PH003272,AC001223,bureau,self,2026-04-01,XXXXXX3496,1
PH003273,AC001224,kyc_origination,self,2026-04-01,XXXXXX7247,0
PH000195,AC001225,kyc_origination,self,2026-04-01,XXXXXX8157,0
PH003274,AC001225,bureau,self,2026-04-01,XXXXXX0082,1
PH003275,AC001225,reference,reference_spouse,2026-04-01,XXXXXX1757,2
PH003276,AC001226,kyc_origination,self,2026-04-01,XXXXXX2646,0
PH003277,AC001226,bureau,self,2026-04-01,XXXXXX4259,1
PH003278,AC001226,reference,reference_father,2026-04-01,XXXXXX2578,2
PH003279,AC001227,kyc_origination,self,2026-04-01,XXXXXX7456,0
PH003280,AC001227,borrower_update,self,2026-04-01,XXXXXX4018,1
PH003281,AC001227,bureau,self,2026-04-01,XXXXXX5790,2
PH003282,AC001227,reference,reference_spouse,2026-04-01,XXXXXX3664,3
PH003283,AC001228,kyc_origination,self,2026-04-01,XXXXXX4931,0
PH003284,AC001228,reference,reference_brother,2026-04-01,XXXXXX3612,1
PH003285,AC001229,kyc_origination,self,2026-04-01,XXXXXX0083,0
PH003286,AC001229,bureau,self,2026-04-01,XXXXXX3655,1
PH003287,AC001230,kyc_origination,self,2026-04-01,XXXXXX8391,0
PH000601,AC001230,employer,office,2026-04-01,XXXXXX7724,1
PH003288,AC001230,reference,reference_spouse,2026-04-01,XXXXXX6427,2
PH003289,AC001231,kyc_origination,self,2026-04-01,XXXXXX2082,0
PH003290,AC001231,bureau,self,2026-04-01,XXXXXX0031,1
PH003291,AC001232,kyc_origination,self,2026-04-01,XXXXXX8112,0
PH000361,AC001232,employer,office,2026-04-01,XXXXXX0978,1
PH003292,AC001233,kyc_origination,self,2026-04-01,XXXXXX6295,0
PH003293,AC001233,reference,reference_spouse,2026-04-01,XXXXXX8395,1
PH003294,AC001234,kyc_origination,self,2026-04-01,XXXXXX6436,0
PH003295,AC001234,bureau,self,2026-04-01,XXXXXX3516,1
PH003296,AC001235,kyc_origination,self,2026-04-01,XXXXXX0239,0
PH003297,AC001235,reference,reference_spouse,2026-04-01,XXXXXX0339,1
PH003298,AC001236,kyc_origination,self,2026-04-01,XXXXXX8567,0
PH003299,AC001236,reference,reference_brother,2026-04-01,XXXXXX1572,1
PH003300,AC001237,kyc_origination,self,2026-04-01,XXXXXX2399,0
PH003301,AC001237,bureau,self,2026-04-01,XXXXXX6570,1
PH003302,AC001237,reference,reference_father,2026-04-01,XXXXXX7875,2
PH003303,AC001238,kyc_origination,self,2026-04-01,XXXXXX4954,0
PH003304,AC001238,reference,reference_spouse,2026-04-01,XXXXXX6999,1
PH003305,AC001239,kyc_origination,self,2026-04-01,XXXXXX9851,0
PH003306,AC001239,bureau,self,2026-04-01,XXXXXX8142,1
PH003307,AC001240,kyc_origination,self,2026-04-01,XXXXXX4888,0
PH003308,AC001240,bureau,self,2026-04-01,XXXXXX4939,1
PH003309,AC001240,reference,reference_brother,2026-04-01,XXXXXX6067,2
PH003310,AC001241,kyc_origination,self,2026-04-01,XXXXXX7906,0
PH003311,AC001241,borrower_update,self,2026-04-01,XXXXXX8262,1
PH003312,AC001242,kyc_origination,self,2026-04-01,XXXXXX8174,0
PH003313,AC001242,reference,reference_mother,2026-04-01,XXXXXX5379,1
PH003314,AC001243,kyc_origination,self,2026-04-01,XXXXXX8560,0
PH003315,AC001243,bureau,self,2026-04-01,XXXXXX5786,1
PH003316,AC001244,kyc_origination,self,2026-04-01,XXXXXX0888,0
PH003317,AC001244,borrower_update,self,2026-04-01,XXXXXX0199,1
PH003318,AC001245,kyc_origination,self,2026-04-01,XXXXXX0370,0
PH003319,AC001245,reference,reference_father,2026-04-01,XXXXXX5764,1
PH003320,AC001246,kyc_origination,self,2026-04-01,XXXXXX6704,0
PH003321,AC001246,reference,reference_spouse,2026-04-01,XXXXXX8098,1
PH003322,AC001247,kyc_origination,self,2026-04-01,XXXXXX6853,0
PH003323,AC001247,borrower_update,self,2026-04-01,XXXXXX0424,1
PH003324,AC001248,kyc_origination,self,2026-04-01,XXXXXX4607,0
PH003325,AC001248,borrower_update,self,2026-04-01,XXXXXX5632,1
PH003326,AC001248,reference,reference_brother,2026-04-01,XXXXXX9304,2
PH003327,AC001249,kyc_origination,self,2026-04-01,XXXXXX5328,0
PH003328,AC001249,borrower_update,self,2026-04-01,XXXXXX9712,1
PH003329,AC001250,kyc_origination,self,2026-04-01,XXXXXX5518,0
PH003330,AC001250,bureau,self,2026-04-01,XXXXXX0168,1
PH003331,AC001250,reference,reference_friend,2026-04-01,XXXXXX6328,2
PH003332,AC001251,kyc_origination,self,2026-04-01,XXXXXX6518,0
PH003333,AC001252,kyc_origination,self,2026-04-01,XXXXXX6426,0
PH003334,AC001252,borrower_update,self,2026-04-01,XXXXXX2542,1
PH003335,AC001252,bureau,self,2026-04-01,XXXXXX7865,2
PH003336,AC001253,kyc_origination,self,2026-04-01,XXXXXX8185,0
PH003337,AC001253,borrower_update,self,2026-04-01,XXXXXX9036,1
PH003338,AC001253,reference,reference_mother,2026-04-01,XXXXXX0125,2
PH003339,AC001254,kyc_origination,self,2026-04-01,XXXXXX7001,0
PH003340,AC001254,borrower_update,self,2026-04-01,XXXXXX6762,1
PH003341,AC001254,reference,reference_brother,2026-04-01,XXXXXX2612,2
PH003342,AC001255,kyc_origination,self,2026-04-01,XXXXXX3431,0
PH003343,AC001255,borrower_update,self,2026-04-01,XXXXXX9893,1
PH003344,AC001255,reference,reference_friend,2026-04-01,XXXXXX0799,2
PH003345,AC001256,kyc_origination,self,2026-04-01,XXXXXX0236,0
PH003346,AC001256,borrower_update,self,2026-04-01,XXXXXX5040,1
PH003347,AC001257,kyc_origination,self,2026-04-01,XXXXXX9053,0
PH003348,AC001257,reference,reference_brother,2026-04-01,XXXXXX9685,1
PH003349,AC001258,kyc_origination,self,2026-04-01,XXXXXX9062,0
PH003350,AC001258,borrower_update,self,2026-04-01,XXXXXX2424,1
PH000272,AC001258,employer,office,2026-04-01,XXXXXX5332,2
PH003351,AC001259,kyc_origination,self,2026-04-01,XXXXXX0530,0
PH003352,AC001259,borrower_update,self,2026-04-01,XXXXXX5770,1
PH003353,AC001259,bureau,self,2026-04-01,XXXXXX6943,2
PH003354,AC001259,reference,reference_spouse,2026-04-01,XXXXXX8361,3
PH003355,AC001260,kyc_origination,self,2026-04-01,XXXXXX0678,0
PH003356,AC001260,borrower_update,self,2026-04-01,XXXXXX8281,1
PH003357,AC001260,bureau,self,2026-04-01,XXXXXX4967,2
PH003358,AC001260,reference,reference_father,2026-04-01,XXXXXX0419,3
PH003359,AC001261,kyc_origination,self,2026-04-01,XXXXXX1108,0
PH003360,AC001261,borrower_update,self,2026-04-01,XXXXXX2651,1
PH003361,AC001261,reference,reference_spouse,2026-04-01,XXXXXX2694,2
PH003362,AC001262,kyc_origination,self,2026-04-01,XXXXXX8664,0
PH003363,AC001262,borrower_update,self,2026-04-01,XXXXXX3843,1
PH003364,AC001262,reference,reference_brother,2026-04-01,XXXXXX6478,2
PH003365,AC001263,kyc_origination,self,2026-04-01,XXXXXX3510,0
PH003366,AC001263,borrower_update,self,2026-04-01,XXXXXX2991,1
PH003367,AC001263,bureau,self,2026-04-01,XXXXXX6934,2
PH003368,AC001263,reference,reference_spouse,2026-04-01,XXXXXX8213,3
PH003369,AC001264,kyc_origination,self,2026-04-01,XXXXXX4570,0
PH003370,AC001264,bureau,self,2026-04-01,XXXXXX2102,1
PH003371,AC001264,reference,reference_spouse,2026-04-01,XXXXXX4787,2
PH003372,AC001265,kyc_origination,self,2026-04-01,XXXXXX3352,0
PH003373,AC001265,borrower_update,self,2026-04-01,XXXXXX8495,1
PH003374,AC001266,kyc_origination,self,2026-04-01,XXXXXX5634,0
PH003375,AC001266,bureau,self,2026-04-01,XXXXXX8851,1
PH003376,AC001267,kyc_origination,self,2026-04-01,XXXXXX3996,0
PH003377,AC001267,borrower_update,self,2026-04-01,XXXXXX7114,1
PH003378,AC001267,bureau,self,2026-04-01,XXXXXX9129,2
PH003379,AC001268,kyc_origination,self,2026-04-01,XXXXXX3507,0
PH003380,AC001268,borrower_update,self,2026-04-01,XXXXXX9601,1
PH003381,AC001268,reference,reference_spouse,2026-04-01,XXXXXX9078,2
PH003382,AC001269,kyc_origination,self,2026-04-01,XXXXXX5369,0
PH003383,AC001269,borrower_update,self,2026-04-01,XXXXXX5165,1
PH003384,AC001269,bureau,self,2026-04-01,XXXXXX2371,2
PH003385,AC001269,reference,reference_spouse,2026-04-01,XXXXXX9144,3
PH003386,AC001270,kyc_origination,self,2026-04-01,XXXXXX7026,0
PH003387,AC001270,borrower_update,self,2026-04-01,XXXXXX1704,1
PH003388,AC001270,bureau,self,2026-04-01,XXXXXX0487,2
PH003389,AC001270,reference,reference_spouse,2026-04-01,XXXXXX8481,3
PH003390,AC001271,kyc_origination,self,2026-04-01,XXXXXX9723,0
PH000169,AC001272,kyc_origination,self,2026-04-01,XXXXXX9295,0
PH003391,AC001272,reference,reference_father,2026-04-01,XXXXXX2624,1
PH003392,AC001273,kyc_origination,self,2026-04-01,XXXXXX3587,0
PH003393,AC001273,borrower_update,self,2026-04-01,XXXXXX8061,1
PH003394,AC001273,reference,reference_spouse,2026-04-01,XXXXXX7717,2
PH003395,AC001274,kyc_origination,self,2026-04-01,XXXXXX8612,0
PH003396,AC001275,kyc_origination,self,2026-04-01,XXXXXX3300,0
PH003397,AC001275,borrower_update,self,2026-04-01,XXXXXX6027,1
PH000477,AC001275,employer,office,2026-04-01,XXXXXX9868,2
PH003398,AC001275,reference,reference_spouse,2026-04-01,XXXXXX6146,3
PH003399,AC001276,kyc_origination,self,2026-04-01,XXXXXX9743,0
PH000263,AC001276,employer,office,2026-04-01,XXXXXX6837,1
PH003400,AC001277,kyc_origination,self,2026-04-01,XXXXXX7281,0
PH003401,AC001277,borrower_update,self,2026-04-01,XXXXXX8708,1
PH003402,AC001278,kyc_origination,self,2026-04-01,XXXXXX3516,0
PH003403,AC001278,reference,reference_friend,2026-04-01,XXXXXX1171,1
PH003404,AC001279,kyc_origination,self,2026-04-01,XXXXXX6748,0
PH003405,AC001279,borrower_update,self,2026-04-01,XXXXXX4428,1
PH003406,AC001279,reference,reference_spouse,2026-04-01,XXXXXX1162,2
PH003407,AC001280,kyc_origination,self,2026-04-01,XXXXXX3009,0
PH003408,AC001280,bureau,self,2026-04-01,XXXXXX6780,1
PH003409,AC001280,reference,reference_brother,2026-04-01,XXXXXX2931,2
PH003410,AC001281,kyc_origination,self,2026-04-01,XXXXXX6526,0
PH003411,AC001281,borrower_update,self,2026-04-01,XXXXXX0504,1
PH003412,AC001281,reference,reference_brother,2026-04-01,XXXXXX4370,2
PH003413,AC001282,kyc_origination,self,2026-04-01,XXXXXX1440,0
PH003414,AC001283,kyc_origination,self,2026-04-01,XXXXXX8866,0
PH003415,AC001283,reference,reference_spouse,2026-04-01,XXXXXX9183,1
PH003416,AC001284,kyc_origination,self,2026-04-01,XXXXXX0135,0
PH003417,AC001285,kyc_origination,self,2026-04-01,XXXXXX8698,0
PH003418,AC001285,bureau,self,2026-04-01,XXXXXX0402,1
PH003419,AC001285,reference,reference_father,2026-04-01,XXXXXX7372,2
PH003420,AC001286,kyc_origination,self,2026-04-01,XXXXXX1537,0
PH003421,AC001286,bureau,self,2026-04-01,XXXXXX8718,1
PH003422,AC001287,kyc_origination,self,2026-04-01,XXXXXX7369,0
PH003423,AC001287,reference,reference_father,2026-04-01,XXXXXX1566,1
PH003424,AC001288,kyc_origination,self,2026-04-01,XXXXXX2869,0
PH003425,AC001288,borrower_update,self,2026-04-01,XXXXXX7625,1
PH003426,AC001289,kyc_origination,self,2026-04-01,XXXXXX4159,0
PH003427,AC001290,kyc_origination,self,2026-04-01,XXXXXX5551,0
PH003428,AC001290,borrower_update,self,2026-04-01,XXXXXX2836,1
PH003429,AC001290,bureau,self,2026-04-01,XXXXXX4111,2
PH003430,AC001291,kyc_origination,self,2026-04-01,XXXXXX8835,0
PH003431,AC001291,borrower_update,self,2026-04-01,XXXXXX0133,1
PH003432,AC001291,bureau,self,2026-04-01,XXXXXX8253,2
PH003433,AC001292,kyc_origination,self,2026-04-01,XXXXXX8002,0
PH003434,AC001292,reference,reference_brother,2026-04-01,XXXXXX1833,1
PH000082,AC001293,kyc_origination,self,2026-04-01,XXXXXX1146,0
PH003435,AC001293,borrower_update,self,2026-04-01,XXXXXX2113,1
PH003436,AC001294,kyc_origination,self,2026-04-01,XXXXXX7261,0
PH003437,AC001294,borrower_update,self,2026-04-01,XXXXXX3652,1
PH003438,AC001295,kyc_origination,self,2026-04-01,XXXXXX8543,0
PH003439,AC001295,borrower_update,self,2026-04-01,XXXXXX8802,1
PH003440,AC001295,reference,reference_mother,2026-04-01,XXXXXX5040,2
PH003441,AC001296,kyc_origination,self,2026-04-01,XXXXXX8855,0
PH003442,AC001296,bureau,self,2026-04-01,XXXXXX3683,1
PH003443,AC001296,reference,reference_mother,2026-04-01,XXXXXX4980,2
PH003444,AC001297,kyc_origination,self,2026-04-01,XXXXXX7327,0
PH003445,AC001297,borrower_update,self,2026-04-01,XXXXXX1606,1
PH003446,AC001297,reference,reference_friend,2026-04-01,XXXXXX5862,2
PH003447,AC001298,kyc_origination,self,2026-04-01,XXXXXX1647,0
PH003448,AC001299,kyc_origination,self,2026-04-01,XXXXXX2034,0
PH003449,AC001299,bureau,self,2026-04-01,XXXXXX6579,1
PH003450,AC001299,reference,reference_spouse,2026-04-01,XXXXXX3553,2
PH003451,AC001300,kyc_origination,self,2026-04-01,XXXXXX1460,0
PH003452,AC001300,borrower_update,self,2026-04-01,XXXXXX9182,1
PH000464,AC001300,employer,office,2026-04-01,XXXXXX2959,2
PH003453,AC001300,reference,reference_brother,2026-04-01,XXXXXX2968,3
PH003454,AC001301,kyc_origination,self,2026-04-01,XXXXXX5609,0
PH003455,AC001301,reference,reference_brother,2026-04-01,XXXXXX6168,1
PH003456,AC001302,kyc_origination,self,2026-04-01,XXXXXX4949,0
PH003457,AC001302,reference,reference_spouse,2026-04-01,XXXXXX2898,1
PH003458,AC001303,kyc_origination,self,2026-04-01,XXXXXX4872,0
PH003459,AC001303,reference,reference_mother,2026-04-01,XXXXXX7669,1
PH003460,AC001304,kyc_origination,self,2026-04-01,XXXXXX9260,0
PH003461,AC001305,kyc_origination,self,2026-04-01,XXXXXX6939,0
PH003462,AC001305,reference,reference_brother,2026-04-01,XXXXXX7696,1
PH003463,AC001306,kyc_origination,self,2026-04-01,XXXXXX1408,0
PH000582,AC001306,employer,office,2026-04-01,XXXXXX4197,1
PH003464,AC001306,reference,reference_mother,2026-04-01,XXXXXX1327,2
PH003465,AC001307,kyc_origination,self,2026-04-01,XXXXXX4437,0
PH003466,AC001308,kyc_origination,self,2026-04-01,XXXXXX6488,0
PH003467,AC001308,borrower_update,self,2026-04-01,XXXXXX0563,1
PH003468,AC001308,bureau,self,2026-04-01,XXXXXX3483,2
PH003469,AC001309,kyc_origination,self,2026-04-01,XXXXXX4022,0
PH003470,AC001309,bureau,self,2026-04-01,XXXXXX3616,1
PH003471,AC001310,kyc_origination,self,2026-04-01,XXXXXX5649,0
PH003472,AC001310,reference,reference_spouse,2026-04-01,XXXXXX1814,1
PH003473,AC001311,kyc_origination,self,2026-04-01,XXXXXX8609,0
PH003474,AC001311,borrower_update,self,2026-04-01,XXXXXX2689,1
PH003475,AC001311,reference,reference_brother,2026-04-01,XXXXXX8334,2
PH000212,AC001312,kyc_origination,self,2026-04-01,XXXXXX7190,0
PH003476,AC001312,borrower_update,self,2026-04-01,XXXXXX5197,1
PH003477,AC001313,kyc_origination,self,2026-04-01,XXXXXX4539,0
PH003478,AC001314,kyc_origination,self,2026-04-01,XXXXXX4962,0
PH003479,AC001314,reference,reference_brother,2026-04-01,XXXXXX1223,1
PH003480,AC001315,kyc_origination,self,2026-04-01,XXXXXX5895,0
PH003481,AC001315,borrower_update,self,2026-04-01,XXXXXX9948,1
PH003482,AC001315,reference,reference_spouse,2026-04-01,XXXXXX0277,2
PH003483,AC001316,kyc_origination,self,2026-04-01,XXXXXX0036,0
PH003484,AC001316,reference,reference_friend,2026-04-01,XXXXXX4374,1
PH000208,AC001317,kyc_origination,self,2026-04-01,XXXXXX3800,0
PH000443,AC001317,employer,office,2026-04-01,XXXXXX3558,1
PH003485,AC001318,kyc_origination,self,2026-04-01,XXXXXX4141,0
PH003486,AC001319,kyc_origination,self,2026-04-01,XXXXXX0798,0
PH003487,AC001319,reference,reference_mother,2026-04-01,XXXXXX4124,1
PH003488,AC001320,kyc_origination,self,2026-04-01,XXXXXX1694,0
PH000453,AC001320,employer,office,2026-04-01,XXXXXX7207,1
PH003489,AC001320,reference,reference_brother,2026-04-01,XXXXXX0587,2
PH003490,AC001321,kyc_origination,self,2026-04-01,XXXXXX7293,0
PH003491,AC001322,kyc_origination,self,2026-04-01,XXXXXX2219,0
PH003492,AC001322,bureau,self,2026-04-01,XXXXXX2660,1
PH003493,AC001323,kyc_origination,self,2026-04-01,XXXXXX3038,0
PH003494,AC001323,borrower_update,self,2026-04-01,XXXXXX8518,1
PH003495,AC001323,bureau,self,2026-04-01,XXXXXX4041,2
PH003496,AC001324,kyc_origination,self,2026-04-01,XXXXXX0753,0
PH003497,AC001325,kyc_origination,self,2026-04-01,XXXXXX7252,0
PH003498,AC001326,kyc_origination,self,2026-04-01,XXXXXX2601,0
PH000364,AC001326,employer,office,2026-04-01,XXXXXX6688,1
PH003499,AC001326,reference,reference_mother,2026-04-01,XXXXXX2190,2
PH003500,AC001327,kyc_origination,self,2026-04-01,XXXXXX0241,0
PH003501,AC001327,borrower_update,self,2026-04-01,XXXXXX7125,1
PH003502,AC001327,reference,reference_spouse,2026-04-01,XXXXXX7687,2
PH003503,AC001328,kyc_origination,self,2026-04-01,XXXXXX8062,0
PH003504,AC001329,kyc_origination,self,2026-04-01,XXXXXX4525,0
PH003505,AC001329,borrower_update,self,2026-04-01,XXXXXX8834,1
PH000329,AC001329,employer,office,2026-04-01,XXXXXX7358,2
PH003506,AC001329,reference,reference_mother,2026-04-01,XXXXXX7516,3
PH003507,AC001330,kyc_origination,self,2026-04-01,XXXXXX4527,0
PH003508,AC001330,borrower_update,self,2026-04-01,XXXXXX7717,1
PH003509,AC001330,bureau,self,2026-04-01,XXXXXX2754,2
PH003510,AC001331,kyc_origination,self,2026-04-01,XXXXXX0997,0
PH003511,AC001331,borrower_update,self,2026-04-01,XXXXXX6418,1
PH003512,AC001332,kyc_origination,self,2026-04-01,XXXXXX3402,0
PH003513,AC001332,reference,reference_spouse,2026-04-01,XXXXXX9361,1
PH003514,AC001333,kyc_origination,self,2026-04-01,XXXXXX4348,0
PH003515,AC001333,borrower_update,self,2026-04-01,XXXXXX7483,1
PH003516,AC001333,bureau,self,2026-04-01,XXXXXX2437,2
PH003517,AC001334,kyc_origination,self,2026-04-01,XXXXXX5521,0
PH003518,AC001334,bureau,self,2026-04-01,XXXXXX4870,1
PH003519,AC001334,reference,reference_spouse,2026-04-01,XXXXXX5062,2
PH003520,AC001335,kyc_origination,self,2026-04-01,XXXXXX1264,0
PH003521,AC001335,borrower_update,self,2026-04-01,XXXXXX3847,1
PH003522,AC001336,kyc_origination,self,2026-04-01,XXXXXX2629,0
PH003523,AC001337,kyc_origination,self,2026-04-01,XXXXXX9553,0
PH003524,AC001337,reference,reference_mother,2026-04-01,XXXXXX3903,1
PH003525,AC001338,kyc_origination,self,2026-04-01,XXXXXX2406,0
PH003526,AC001338,reference,reference_friend,2026-04-01,XXXXXX1177,1
PH003527,AC001339,kyc_origination,self,2026-04-01,XXXXXX3866,0
PH003528,AC001339,borrower_update,self,2026-04-01,XXXXXX7441,1
PH003529,AC001339,bureau,self,2026-04-01,XXXXXX4931,2
PH003530,AC001339,reference,reference_brother,2026-04-01,XXXXXX0834,3
PH003531,AC001340,kyc_origination,self,2026-04-01,XXXXXX7323,0
PH003532,AC001340,bureau,self,2026-04-01,XXXXXX0832,1
PH003533,AC001341,kyc_origination,self,2026-04-01,XXXXXX7325,0
PH003534,AC001341,borrower_update,self,2026-04-01,XXXXXX7771,1
PH000351,AC001341,employer,office,2026-04-01,XXXXXX3713,2
PH003535,AC001341,reference,reference_friend,2026-04-01,XXXXXX5859,3
PH003536,AC001342,kyc_origination,self,2026-04-01,XXXXXX6051,0
PH003537,AC001343,kyc_origination,self,2026-04-01,XXXXXX5931,0
PH003538,AC001343,bureau,self,2026-04-01,XXXXXX2793,1
PH000448,AC001343,employer,office,2026-04-01,XXXXXX9210,2
PH003539,AC001344,kyc_origination,self,2026-04-01,XXXXXX8352,0
PH003540,AC001344,reference,reference_spouse,2026-04-01,XXXXXX4307,1
PH003541,AC001345,kyc_origination,self,2026-04-01,XXXXXX6343,0
PH003542,AC001346,kyc_origination,self,2026-04-01,XXXXXX2605,0
PH003543,AC001346,bureau,self,2026-04-01,XXXXXX6577,1
PH003544,AC001346,reference,reference_brother,2026-04-01,XXXXXX6872,2
PH003545,AC001347,kyc_origination,self,2026-04-01,XXXXXX0266,0
PH003546,AC001347,borrower_update,self,2026-04-01,XXXXXX9839,1
PH003547,AC001347,bureau,self,2026-04-01,XXXXXX8917,2
PH000546,AC001347,employer,office,2026-04-01,XXXXXX0492,3
PH003548,AC001347,reference,reference_mother,2026-04-01,XXXXXX3890,4
PH003549,AC001348,kyc_origination,self,2026-04-01,XXXXXX3073,0
PH003550,AC001348,bureau,self,2026-04-01,XXXXXX0426,1
PH003551,AC001348,reference,reference_spouse,2026-04-01,XXXXXX9740,2
PH003552,AC001349,kyc_origination,self,2026-04-01,XXXXXX2943,0
PH003553,AC001349,bureau,self,2026-04-01,XXXXXX9128,1
PH003554,AC001349,reference,reference_friend,2026-04-01,XXXXXX1785,2
PH003555,AC001350,kyc_origination,self,2026-04-01,XXXXXX0446,0
PH003556,AC001350,bureau,self,2026-04-01,XXXXXX3659,1
PH003557,AC001351,kyc_origination,self,2026-04-01,XXXXXX0407,0
PH003558,AC001351,borrower_update,self,2026-04-01,XXXXXX0964,1
PH003559,AC001351,bureau,self,2026-04-01,XXXXXX1151,2
PH000412,AC001351,employer,office,2026-04-01,XXXXXX4994,3
PH003560,AC001351,reference,reference_father,2026-04-01,XXXXXX4193,4
PH003561,AC001352,kyc_origination,self,2026-04-01,XXXXXX9926,0
PH003562,AC001352,borrower_update,self,2026-04-01,XXXXXX6011,1
PH003563,AC001352,reference,reference_father,2026-04-01,XXXXXX5500,2
PH003564,AC001353,kyc_origination,self,2026-04-01,XXXXXX0300,0
PH003565,AC001354,kyc_origination,self,2026-04-01,XXXXXX2165,0
PH000302,AC001354,employer,office,2026-04-01,XXXXXX2700,1
PH003566,AC001354,reference,reference_friend,2026-04-01,XXXXXX0319,2
PH003567,AC001355,kyc_origination,self,2026-04-01,XXXXXX8588,0
PH003568,AC001356,kyc_origination,self,2026-04-01,XXXXXX9347,0
PH003569,AC001356,reference,reference_spouse,2026-04-01,XXXXXX4213,1
PH003570,AC001357,kyc_origination,self,2026-04-01,XXXXXX7775,0
PH003571,AC001357,borrower_update,self,2026-04-01,XXXXXX6086,1
PH003572,AC001358,kyc_origination,self,2026-04-01,XXXXXX4112,0
PH003573,AC001359,kyc_origination,self,2026-04-01,XXXXXX7781,0
PH003574,AC001360,kyc_origination,self,2026-04-01,XXXXXX5799,0
PH003575,AC001360,reference,reference_spouse,2026-04-01,XXXXXX1017,1
PH003576,AC001361,kyc_origination,self,2026-04-01,XXXXXX8102,0
PH003577,AC001361,reference,reference_friend,2026-04-01,XXXXXX5025,1
PH003578,AC001362,kyc_origination,self,2026-04-01,XXXXXX7690,0
PH003579,AC001362,borrower_update,self,2026-04-01,XXXXXX7140,1
PH000358,AC001362,employer,office,2026-04-01,XXXXXX2473,2
PH003580,AC001362,reference,reference_spouse,2026-04-01,XXXXXX3919,3
PH003581,AC001363,kyc_origination,self,2026-04-01,XXXXXX6732,0
PH003582,AC001363,borrower_update,self,2026-04-01,XXXXXX3133,1
PH003583,AC001363,reference,reference_spouse,2026-04-01,XXXXXX6484,2
PH003584,AC001364,kyc_origination,self,2026-04-01,XXXXXX4808,0
PH003585,AC001365,kyc_origination,self,2026-04-01,XXXXXX9023,0
PH003586,AC001366,kyc_origination,self,2026-04-01,XXXXXX2786,0
PH003587,AC001366,bureau,self,2026-04-01,XXXXXX0600,1
PH003588,AC001367,kyc_origination,self,2026-04-01,XXXXXX0768,0
PH003589,AC001367,borrower_update,self,2026-04-01,XXXXXX0484,1
PH003590,AC001367,bureau,self,2026-04-01,XXXXXX3656,2
PH003591,AC001367,reference,reference_father,2026-04-01,XXXXXX1707,3
PH003592,AC001368,kyc_origination,self,2026-04-01,XXXXXX7150,0
PH003593,AC001368,borrower_update,self,2026-04-01,XXXXXX3235,1
PH003594,AC001368,bureau,self,2026-04-01,XXXXXX1404,2
PH003595,AC001369,kyc_origination,self,2026-04-01,XXXXXX2217,0
PH003596,AC001369,bureau,self,2026-04-01,XXXXXX0187,1
PH003597,AC001370,kyc_origination,self,2026-04-01,XXXXXX7584,0
PH000283,AC001370,employer,office,2026-04-01,XXXXXX8601,1
PH003598,AC001371,kyc_origination,self,2026-04-01,XXXXXX6309,0
PH003599,AC001371,bureau,self,2026-04-01,XXXXXX1803,1
PH003600,AC001372,kyc_origination,self,2026-04-01,XXXXXX1083,0
PH003601,AC001372,borrower_update,self,2026-04-01,XXXXXX2407,1
PH003602,AC001372,bureau,self,2026-04-01,XXXXXX0652,2
PH003603,AC001372,reference,reference_spouse,2026-04-01,XXXXXX9084,3
PH003604,AC001373,kyc_origination,self,2026-04-01,XXXXXX7489,0
PH003605,AC001374,kyc_origination,self,2026-04-01,XXXXXX9893,0
PH003606,AC001374,reference,reference_brother,2026-04-01,XXXXXX6375,1
PH003607,AC001375,kyc_origination,self,2026-04-01,XXXXXX0048,0
PH003608,AC001375,bureau,self,2026-04-01,XXXXXX8488,1
PH003609,AC001375,reference,reference_friend,2026-04-01,XXXXXX8565,2
PH003610,AC001376,kyc_origination,self,2026-04-01,XXXXXX4742,0
PH003611,AC001376,borrower_update,self,2026-04-01,XXXXXX3334,1
PH003612,AC001377,kyc_origination,self,2026-04-01,XXXXXX6078,0
PH003613,AC001377,reference,reference_brother,2026-04-01,XXXXXX8140,1
PH003614,AC001378,kyc_origination,self,2026-04-01,XXXXXX5403,0
PH003615,AC001378,borrower_update,self,2026-04-01,XXXXXX3321,1
PH003616,AC001378,bureau,self,2026-04-01,XXXXXX5075,2
PH003617,AC001379,kyc_origination,self,2026-04-01,XXXXXX0999,0
PH003618,AC001379,bureau,self,2026-04-01,XXXXXX7981,1
PH000470,AC001379,employer,office,2026-04-01,XXXXXX7275,2
PH003619,AC001379,reference,reference_father,2026-04-01,XXXXXX6963,3
PH003620,AC001380,kyc_origination,self,2026-04-01,XXXXXX7122,0
PH003621,AC001380,reference,reference_brother,2026-04-01,XXXXXX6566,1
PH003622,AC001381,kyc_origination,self,2026-04-01,XXXXXX3964,0
PH003623,AC001381,borrower_update,self,2026-04-01,XXXXXX6829,1
PH003624,AC001381,reference,reference_father,2026-04-01,XXXXXX4372,2
PH003625,AC001382,kyc_origination,self,2026-04-01,XXXXXX2172,0
PH003626,AC001382,bureau,self,2026-04-01,XXXXXX9147,1
PH003627,AC001382,reference,reference_spouse,2026-04-01,XXXXXX5616,2
PH003628,AC001383,kyc_origination,self,2026-04-01,XXXXXX8828,0
PH003629,AC001383,reference,reference_father,2026-04-01,XXXXXX9935,1
PH003630,AC001384,kyc_origination,self,2026-04-01,XXXXXX2110,0
PH003631,AC001384,borrower_update,self,2026-04-01,XXXXXX2629,1
PH003632,AC001385,kyc_origination,self,2026-04-01,XXXXXX2811,0
PH003633,AC001385,borrower_update,self,2026-04-01,XXXXXX3215,1
PH003634,AC001385,bureau,self,2026-04-01,XXXXXX8390,2
PH003635,AC001385,reference,reference_mother,2026-04-01,XXXXXX6422,3
PH003636,AC001386,kyc_origination,self,2026-04-01,XXXXXX7668,0
PH003637,AC001386,reference,reference_spouse,2026-04-01,XXXXXX2754,1
PH003638,AC001387,kyc_origination,self,2026-04-01,XXXXXX1136,0
PH003639,AC001387,reference,reference_father,2026-04-01,XXXXXX7883,1
PH003640,AC001388,kyc_origination,self,2026-04-01,XXXXXX2168,0
PH003641,AC001388,bureau,self,2026-04-01,XXXXXX7210,1
PH003642,AC001389,kyc_origination,self,2026-04-01,XXXXXX9038,0
PH003643,AC001389,reference,reference_spouse,2026-04-01,XXXXXX0560,1
PH003644,AC001390,kyc_origination,self,2026-04-01,XXXXXX5761,0
PH003645,AC001391,kyc_origination,self,2026-04-01,XXXXXX3503,0
PH003646,AC001391,reference,reference_mother,2026-04-01,XXXXXX8344,1
PH003647,AC001392,kyc_origination,self,2026-04-01,XXXXXX1496,0
PH003648,AC001392,borrower_update,self,2026-04-01,XXXXXX7227,1
PH003649,AC001392,reference,reference_mother,2026-04-01,XXXXXX6280,2
PH003650,AC001393,kyc_origination,self,2026-04-01,XXXXXX7754,0
PH003651,AC001393,reference,reference_father,2026-04-01,XXXXXX8630,1
PH003652,AC001394,kyc_origination,self,2026-04-01,XXXXXX8758,0
PH003653,AC001394,reference,reference_mother,2026-04-01,XXXXXX5643,1
PH003654,AC001395,kyc_origination,self,2026-04-01,XXXXXX9928,0
PH003655,AC001395,borrower_update,self,2026-04-01,XXXXXX3817,1
PH003656,AC001395,bureau,self,2026-04-01,XXXXXX7841,2
PH003657,AC001395,reference,reference_spouse,2026-04-01,XXXXXX4125,3
PH003658,AC001396,kyc_origination,self,2026-04-01,XXXXXX7540,0
PH003659,AC001396,bureau,self,2026-04-01,XXXXXX2491,1
PH003660,AC001397,kyc_origination,self,2026-04-01,XXXXXX6832,0
PH003661,AC001397,borrower_update,self,2026-04-01,XXXXXX6668,1
PH003662,AC001398,kyc_origination,self,2026-04-01,XXXXXX9680,0
PH003663,AC001398,reference,reference_spouse,2026-04-01,XXXXXX5913,1
PH003664,AC001399,kyc_origination,self,2026-04-01,XXXXXX4801,0
PH003665,AC001399,bureau,self,2026-04-01,XXXXXX1032,1
PH003666,AC001400,kyc_origination,self,2026-04-01,XXXXXX0926,0
PH003667,AC001400,bureau,self,2026-04-01,XXXXXX5602,1
PH003668,AC001400,reference,reference_mother,2026-04-01,XXXXXX3922,2
PH003669,AC001401,kyc_origination,self,2026-04-01,XXXXXX1857,0
PH003670,AC001401,borrower_update,self,2026-04-01,XXXXXX9948,1
PH003671,AC001401,reference,reference_mother,2026-04-01,XXXXXX3258,2
PH003672,AC001402,kyc_origination,self,2026-04-01,XXXXXX3612,0
PH003673,AC001402,borrower_update,self,2026-04-01,XXXXXX4702,1
PH000490,AC001402,employer,office,2026-04-01,XXXXXX7540,2
PH003674,AC001403,kyc_origination,self,2026-04-01,XXXXXX5109,0
PH003675,AC001403,reference,reference_brother,2026-04-01,XXXXXX1663,1
PH003676,AC001404,kyc_origination,self,2026-04-01,XXXXXX8048,0
PH003677,AC001404,reference,reference_friend,2026-04-01,XXXXXX8305,1
PH003678,AC001405,kyc_origination,self,2026-04-01,XXXXXX8080,0
PH003679,AC001405,bureau,self,2026-04-01,XXXXXX8206,1
PH003680,AC001405,reference,reference_father,2026-04-01,XXXXXX9927,2
PH003681,AC001406,kyc_origination,self,2026-04-01,XXXXXX8438,0
PH003682,AC001406,reference,reference_spouse,2026-04-01,XXXXXX4714,1
PH003683,AC001407,kyc_origination,self,2026-04-01,XXXXXX1113,0
PH003684,AC001407,borrower_update,self,2026-04-01,XXXXXX2320,1
PH003685,AC001408,kyc_origination,self,2026-04-01,XXXXXX2384,0
PH003686,AC001409,kyc_origination,self,2026-04-01,XXXXXX3802,0
PH003687,AC001409,borrower_update,self,2026-04-01,XXXXXX5542,1
PH003688,AC001410,kyc_origination,self,2026-04-01,XXXXXX0322,0
PH003689,AC001411,kyc_origination,self,2026-04-01,XXXXXX5277,0
PH003690,AC001411,reference,reference_mother,2026-04-01,XXXXXX7892,1
PH003691,AC001412,kyc_origination,self,2026-04-01,XXXXXX2815,0
PH003692,AC001413,kyc_origination,self,2026-04-01,XXXXXX0706,0
PH003693,AC001413,borrower_update,self,2026-04-01,XXXXXX7233,1
PH003694,AC001413,reference,reference_father,2026-04-01,XXXXXX5987,2
PH003695,AC001414,kyc_origination,self,2026-04-01,XXXXXX1503,0
PH003696,AC001414,borrower_update,self,2026-04-01,XXXXXX0090,1
PH003697,AC001414,bureau,self,2026-04-01,XXXXXX3322,2
PH003698,AC001415,kyc_origination,self,2026-04-01,XXXXXX9911,0
PH003699,AC001415,borrower_update,self,2026-04-01,XXXXXX2394,1
PH003700,AC001415,reference,reference_father,2026-04-01,XXXXXX9839,2
PH003701,AC001416,kyc_origination,self,2026-04-01,XXXXXX9607,0
PH003702,AC001416,reference,reference_spouse,2026-04-01,XXXXXX7067,1
PH003703,AC001417,kyc_origination,self,2026-04-01,XXXXXX7816,0
PH003704,AC001418,kyc_origination,self,2026-04-01,XXXXXX9778,0
PH003705,AC001418,reference,reference_friend,2026-04-01,XXXXXX0283,1
PH003706,AC001419,kyc_origination,self,2026-04-01,XXXXXX3870,0
PH003707,AC001419,borrower_update,self,2026-04-01,XXXXXX8937,1
PH000194,AC001420,kyc_origination,self,2026-04-01,XXXXXX7205,0
PH003708,AC001420,bureau,self,2026-04-01,XXXXXX9032,1
PH003709,AC001420,reference,reference_spouse,2026-04-01,XXXXXX2016,2
PH003710,AC001421,kyc_origination,self,2026-04-01,XXXXXX5971,0
PH000423,AC001421,employer,office,2026-04-01,XXXXXX3614,1
PH003711,AC001421,reference,reference_father,2026-04-01,XXXXXX8641,2
PH003712,AC001422,kyc_origination,self,2026-04-01,XXXXXX6225,0
PH003713,AC001422,bureau,self,2026-04-01,XXXXXX3792,1
PH003714,AC001423,kyc_origination,self,2026-04-01,XXXXXX6533,0
PH003715,AC001423,reference,reference_spouse,2026-04-01,XXXXXX7272,1
PH003716,AC001424,kyc_origination,self,2026-04-01,XXXXXX6434,0
PH003717,AC001424,borrower_update,self,2026-04-01,XXXXXX6026,1
PH003718,AC001424,bureau,self,2026-04-01,XXXXXX3403,2
PH003719,AC001425,kyc_origination,self,2026-04-01,XXXXXX4178,0
PH003720,AC001425,borrower_update,self,2026-04-01,XXXXXX6251,1
PH000592,AC001425,employer,office,2026-04-01,XXXXXX3694,2
PH003721,AC001425,reference,reference_father,2026-04-01,XXXXXX4129,3
PH003722,AC001426,kyc_origination,self,2026-04-01,XXXXXX3599,0
PH003723,AC001426,reference,reference_spouse,2026-04-01,XXXXXX4730,1
PH003724,AC001427,kyc_origination,self,2026-04-01,XXXXXX9270,0
PH003725,AC001427,borrower_update,self,2026-04-01,XXXXXX2057,1
PH003726,AC001428,kyc_origination,self,2026-04-01,XXXXXX8419,0
PH003727,AC001428,borrower_update,self,2026-04-01,XXXXXX4584,1
PH003728,AC001428,reference,reference_spouse,2026-04-01,XXXXXX3914,2
PH003729,AC001429,kyc_origination,self,2026-04-01,XXXXXX1439,0
PH003730,AC001429,borrower_update,self,2026-04-01,XXXXXX2349,1
PH003731,AC001429,bureau,self,2026-04-01,XXXXXX9633,2
PH003732,AC001430,kyc_origination,self,2026-04-01,XXXXXX9750,0
PH003733,AC001431,kyc_origination,self,2026-04-01,XXXXXX9859,0
PH003734,AC001432,kyc_origination,self,2026-04-01,XXXXXX9617,0
PH003735,AC001432,borrower_update,self,2026-04-01,XXXXXX7122,1
PH003736,AC001432,reference,reference_spouse,2026-04-01,XXXXXX8722,2
PH000143,AC001433,kyc_origination,self,2026-04-01,XXXXXX3179,0
PH003737,AC001433,bureau,self,2026-04-01,XXXXXX3463,1
PH003738,AC001433,reference,reference_father,2026-04-01,XXXXXX8483,2
PH003739,AC001434,kyc_origination,self,2026-04-01,XXXXXX5717,0
PH003740,AC001435,kyc_origination,self,2026-04-01,XXXXXX4833,0
PH003741,AC001435,borrower_update,self,2026-04-01,XXXXXX3871,1
PH000146,AC001436,kyc_origination,self,2026-04-01,XXXXXX8145,0
PH003742,AC001436,reference,reference_father,2026-04-01,XXXXXX3733,1
PH003743,AC001437,kyc_origination,self,2026-04-01,XXXXXX3080,0
PH000048,AC001438,kyc_origination,self,2026-04-01,XXXXXX3919,0
PH003744,AC001438,borrower_update,self,2026-04-01,XXXXXX5362,1
PH003745,AC001438,bureau,self,2026-04-01,XXXXXX4472,2
PH003746,AC001438,reference,reference_spouse,2026-04-01,XXXXXX1773,3
PH003747,AC001439,kyc_origination,self,2026-04-01,XXXXXX8033,0
PH003748,AC001440,kyc_origination,self,2026-04-01,XXXXXX7809,0
PH003749,AC001440,borrower_update,self,2026-04-01,XXXXXX5167,1
PH003750,AC001440,bureau,self,2026-04-01,XXXXXX1671,2
PH003751,AC001440,reference,reference_mother,2026-04-01,XXXXXX3503,3
PH003752,AC001441,kyc_origination,self,2026-04-01,XXXXXX6073,0
PH003753,AC001442,kyc_origination,self,2026-04-01,XXXXXX0114,0
PH003754,AC001443,kyc_origination,self,2026-04-01,XXXXXX0681,0
PH003755,AC001443,reference,reference_spouse,2026-04-01,XXXXXX1749,1
PH003756,AC001444,kyc_origination,self,2026-04-01,XXXXXX7793,0
PH003757,AC001444,bureau,self,2026-04-01,XXXXXX3885,1
PH003758,AC001445,kyc_origination,self,2026-04-01,XXXXXX1525,0
PH003759,AC001445,borrower_update,self,2026-04-01,XXXXXX2980,1
PH003760,AC001445,reference,reference_friend,2026-04-01,XXXXXX8474,2
PH003761,AC001446,kyc_origination,self,2026-04-01,XXXXXX3575,0
PH003762,AC001446,borrower_update,self,2026-04-01,XXXXXX3578,1
PH003763,AC001446,reference,reference_spouse,2026-04-01,XXXXXX0303,2
PH003764,AC001447,kyc_origination,self,2026-04-01,XXXXXX1363,0
PH003765,AC001448,kyc_origination,self,2026-04-01,XXXXXX7746,0
PH003766,AC001448,borrower_update,self,2026-04-01,XXXXXX5962,1
PH003767,AC001448,reference,reference_spouse,2026-04-01,XXXXXX7830,2
PH003768,AC001449,kyc_origination,self,2026-04-01,XXXXXX5713,0
PH003769,AC001449,reference,reference_spouse,2026-04-01,XXXXXX3233,1
PH003770,AC001450,kyc_origination,self,2026-04-01,XXXXXX4766,0
PH003771,AC001450,bureau,self,2026-04-01,XXXXXX6409,1
PH003772,AC001450,reference,reference_mother,2026-04-01,XXXXXX0485,2
PH003773,AC001451,kyc_origination,self,2026-04-01,XXXXXX5801,0
PH000543,AC001451,employer,office,2026-04-01,XXXXXX0672,1
PH003774,AC001451,reference,reference_mother,2026-04-01,XXXXXX5486,2
PH003775,AC001452,kyc_origination,self,2026-04-01,XXXXXX6991,0
PH003776,AC001452,reference,reference_spouse,2026-04-01,XXXXXX2019,1
PH003777,AC001453,kyc_origination,self,2026-04-01,XXXXXX2348,0
PH003778,AC001454,kyc_origination,self,2026-04-01,XXXXXX7857,0
PH003779,AC001454,reference,reference_brother,2026-04-01,XXXXXX8403,1
PH003780,AC001455,kyc_origination,self,2026-04-01,XXXXXX7720,0
PH003781,AC001455,borrower_update,self,2026-04-01,XXXXXX5823,1
PH003782,AC001455,bureau,self,2026-04-01,XXXXXX5241,2
PH003783,AC001455,reference,reference_friend,2026-04-01,XXXXXX4923,3
PH003784,AC001456,kyc_origination,self,2026-04-01,XXXXXX7785,0
PH003785,AC001456,borrower_update,self,2026-04-01,XXXXXX4008,1
PH003786,AC001456,bureau,self,2026-04-01,XXXXXX8467,2
PH003787,AC001456,reference,reference_friend,2026-04-01,XXXXXX0971,3
PH003788,AC001457,kyc_origination,self,2026-04-01,XXXXXX0553,0
PH003789,AC001458,kyc_origination,self,2026-04-01,XXXXXX3283,0
PH003790,AC001458,borrower_update,self,2026-04-01,XXXXXX7806,1
PH003791,AC001458,bureau,self,2026-04-01,XXXXXX9063,2
PH000341,AC001458,employer,office,2026-04-01,XXXXXX9821,3
PH003792,AC001458,reference,reference_brother,2026-04-01,XXXXXX1312,4
PH003793,AC001459,kyc_origination,self,2026-04-01,XXXXXX4806,0
PH003794,AC001459,bureau,self,2026-04-01,XXXXXX5308,1
PH003795,AC001459,reference,reference_father,2026-04-01,XXXXXX0242,2
PH003796,AC001460,kyc_origination,self,2026-04-01,XXXXXX3056,0
PH003797,AC001460,borrower_update,self,2026-04-01,XXXXXX8175,1
PH003798,AC001460,bureau,self,2026-04-01,XXXXXX3177,2
PH003799,AC001460,reference,reference_brother,2026-04-01,XXXXXX5529,3
PH003800,AC001461,kyc_origination,self,2026-04-01,XXXXXX5008,0
PH003801,AC001461,bureau,self,2026-04-01,XXXXXX8555,1
PH003802,AC001462,kyc_origination,self,2026-04-01,XXXXXX4757,0
PH003803,AC001463,kyc_origination,self,2026-04-01,XXXXXX9591,0
PH003804,AC001463,reference,reference_spouse,2026-04-01,XXXXXX3573,1
PH003805,AC001464,kyc_origination,self,2026-04-01,XXXXXX3429,0
PH003806,AC001464,reference,reference_father,2026-04-01,XXXXXX6725,1
PH003807,AC001465,kyc_origination,self,2026-04-01,XXXXXX8370,0
PH003808,AC001465,borrower_update,self,2026-04-01,XXXXXX9494,1
PH000556,AC001465,employer,office,2026-04-01,XXXXXX6786,2
PH003809,AC001465,reference,reference_brother,2026-04-01,XXXXXX2859,3
PH003810,AC001466,kyc_origination,self,2026-04-01,XXXXXX6537,0
PH003811,AC001466,reference,reference_mother,2026-04-01,XXXXXX1008,1
PH003812,AC001467,kyc_origination,self,2026-04-01,XXXXXX4018,0
PH003813,AC001468,kyc_origination,self,2026-04-01,XXXXXX0536,0
PH003814,AC001468,reference,reference_father,2026-04-01,XXXXXX3360,1
PH003815,AC001469,kyc_origination,self,2026-04-01,XXXXXX0045,0
PH003816,AC001469,borrower_update,self,2026-04-01,XXXXXX9901,1
PH003817,AC001469,bureau,self,2026-04-01,XXXXXX7994,2
PH003818,AC001470,kyc_origination,self,2026-04-01,XXXXXX3707,0
PH003819,AC001470,bureau,self,2026-04-01,XXXXXX4622,1
PH003820,AC001470,reference,reference_spouse,2026-04-01,XXXXXX0201,2
PH003821,AC001471,kyc_origination,self,2026-04-01,XXXXXX3066,0
PH003822,AC001471,borrower_update,self,2026-04-01,XXXXXX3329,1
PH000392,AC001471,employer,office,2026-04-01,XXXXXX3742,2
PH003823,AC001472,kyc_origination,self,2026-04-01,XXXXXX6307,0
PH003824,AC001472,bureau,self,2026-04-01,XXXXXX1932,1
PH003825,AC001472,reference,reference_father,2026-04-01,XXXXXX0082,2
PH003826,AC001473,kyc_origination,self,2026-04-01,XXXXXX0479,0
PH003827,AC001473,reference,reference_friend,2026-04-01,XXXXXX6643,1
PH003828,AC001474,kyc_origination,self,2026-04-01,XXXXXX2471,0
PH003829,AC001474,reference,reference_spouse,2026-04-01,XXXXXX3331,1
PH003830,AC001475,kyc_origination,self,2026-04-01,XXXXXX3669,0
PH003831,AC001475,bureau,self,2026-04-01,XXXXXX4904,1
PH003832,AC001476,kyc_origination,self,2026-04-01,XXXXXX0528,0
PH003833,AC001476,borrower_update,self,2026-04-01,XXXXXX0724,1
PH003834,AC001477,kyc_origination,self,2026-04-01,XXXXXX8592,0
PH003835,AC001478,kyc_origination,self,2026-04-01,XXXXXX7416,0
PH003836,AC001479,kyc_origination,self,2026-04-01,XXXXXX1688,0
PH003837,AC001479,borrower_update,self,2026-04-01,XXXXXX1969,1
PH000381,AC001479,employer,office,2026-04-01,XXXXXX5186,2
PH003838,AC001479,reference,reference_spouse,2026-04-01,XXXXXX8527,3
PH003839,AC001480,kyc_origination,self,2026-04-01,XXXXXX3977,0
PH003840,AC001480,borrower_update,self,2026-04-01,XXXXXX3846,1
PH003841,AC001481,kyc_origination,self,2026-04-01,XXXXXX7475,0
PH003842,AC001481,borrower_update,self,2026-04-01,XXXXXX8982,1
PH003843,AC001482,kyc_origination,self,2026-04-01,XXXXXX5728,0
PH003844,AC001482,borrower_update,self,2026-04-01,XXXXXX6050,1
PH003845,AC001482,bureau,self,2026-04-01,XXXXXX8945,2
PH003846,AC001482,reference,reference_spouse,2026-04-01,XXXXXX0458,3
PH003847,AC001483,kyc_origination,self,2026-04-01,XXXXXX8565,0
PH003848,AC001483,bureau,self,2026-04-01,XXXXXX6675,1
PH000472,AC001483,employer,office,2026-04-01,XXXXXX1330,2
PH003849,AC001484,kyc_origination,self,2026-04-01,XXXXXX0275,0
PH003850,AC001484,borrower_update,self,2026-04-01,XXXXXX0337,1
PH003851,AC001484,bureau,self,2026-04-01,XXXXXX2290,2
PH003852,AC001484,reference,reference_brother,2026-04-01,XXXXXX6659,3
PH003853,AC001485,kyc_origination,self,2026-04-01,XXXXXX3605,0
PH003854,AC001485,borrower_update,self,2026-04-01,XXXXXX2937,1
PH000437,AC001485,employer,office,2026-04-01,XXXXXX2744,2
PH003855,AC001485,reference,reference_brother,2026-04-01,XXXXXX2293,3
PH003856,AC001486,kyc_origination,self,2026-04-01,XXXXXX8170,0
PH003857,AC001486,bureau,self,2026-04-01,XXXXXX7932,1
PH003858,AC001487,kyc_origination,self,2026-04-01,XXXXXX2416,0
PH003859,AC001487,reference,reference_friend,2026-04-01,XXXXXX5804,1
PH003860,AC001488,kyc_origination,self,2026-04-01,XXXXXX9133,0
PH003861,AC001488,reference,reference_friend,2026-04-01,XXXXXX8060,1
PH003862,AC001489,kyc_origination,self,2026-04-01,XXXXXX2373,0
PH003863,AC001489,reference,reference_friend,2026-04-01,XXXXXX4118,1
PH000015,AC001490,kyc_origination,self,2026-04-01,XXXXXX4128,0
PH003864,AC001490,bureau,self,2026-04-01,XXXXXX8664,1
PH000580,AC001490,employer,office,2026-04-01,XXXXXX4574,2
PH003865,AC001491,kyc_origination,self,2026-04-01,XXXXXX0031,0
PH003866,AC001491,borrower_update,self,2026-04-01,XXXXXX3845,1
PH003867,AC001492,kyc_origination,self,2026-04-01,XXXXXX1335,0
PH003868,AC001493,kyc_origination,self,2026-04-01,XXXXXX3703,0
PH003869,AC001493,bureau,self,2026-04-01,XXXXXX1490,1
PH003870,AC001494,kyc_origination,self,2026-04-01,XXXXXX4030,0
PH003871,AC001494,borrower_update,self,2026-04-01,XXXXXX3954,1
PH000428,AC001494,employer,office,2026-04-01,XXXXXX4321,2
PH003872,AC001494,reference,reference_mother,2026-04-01,XXXXXX5373,3
PH003873,AC001495,kyc_origination,self,2026-04-01,XXXXXX4530,0
PH003874,AC001496,kyc_origination,self,2026-04-01,XXXXXX1279,0
PH003875,AC001496,borrower_update,self,2026-04-01,XXXXXX1594,1
PH003876,AC001496,bureau,self,2026-04-01,XXXXXX2728,2
PH003877,AC001496,reference,reference_brother,2026-04-01,XXXXXX6611,3
PH003878,AC001497,kyc_origination,self,2026-04-01,XXXXXX0208,0
PH003879,AC001497,bureau,self,2026-04-01,XXXXXX7168,1
PH003880,AC001497,reference,reference_friend,2026-04-01,XXXXXX9071,2
PH003881,AC001498,kyc_origination,self,2026-04-01,XXXXXX6480,0
PH003882,AC001498,borrower_update,self,2026-04-01,XXXXXX8852,1
PH003883,AC001498,reference,reference_spouse,2026-04-01,XXXXXX9714,2
PH003884,AC001499,kyc_origination,self,2026-04-01,XXXXXX6925,0
PH003885,AC001500,kyc_origination,self,2026-04-01,XXXXXX3359,0
PH003886,AC001500,reference,reference_spouse,2026-04-01,XXXXXX3320,1
PH003887,AC001501,kyc_origination,self,2026-04-01,XXXXXX3096,0
PH003888,AC001501,borrower_update,self,2026-04-01,XXXXXX1369,1
PH003889,AC001501,reference,reference_spouse,2026-04-01,XXXXXX6083,2
PH003890,AC001502,kyc_origination,self,2026-04-01,XXXXXX0168,0
PH003891,AC001503,kyc_origination,self,2026-04-01,XXXXXX1485,0
PH003892,AC001503,borrower_update,self,2026-04-01,XXXXXX2863,1
PH003893,AC001504,kyc_origination,self,2026-04-01,XXXXXX1592,0
PH003894,AC001504,borrower_update,self,2026-04-01,XXXXXX7485,1
PH003895,AC001504,reference,reference_friend,2026-04-01,XXXXXX3619,2
PH003896,AC001505,kyc_origination,self,2026-04-01,XXXXXX3167,0
PH003897,AC001505,reference,reference_friend,2026-04-01,XXXXXX0655,1
PH003898,AC001506,kyc_origination,self,2026-04-01,XXXXXX0061,0
PH003899,AC001506,borrower_update,self,2026-04-01,XXXXXX8328,1
PH003900,AC001506,bureau,self,2026-04-01,XXXXXX0825,2
PH003901,AC001506,reference,reference_brother,2026-04-01,XXXXXX4108,3
PH003902,AC001507,kyc_origination,self,2026-04-01,XXXXXX4987,0
PH003903,AC001507,borrower_update,self,2026-04-01,XXXXXX1928,1
PH003904,AC001507,bureau,self,2026-04-01,XXXXXX7198,2
PH003905,AC001508,kyc_origination,self,2026-04-01,XXXXXX3563,0
PH003906,AC001508,borrower_update,self,2026-04-01,XXXXXX1173,1
PH003907,AC001508,reference,reference_father,2026-04-01,XXXXXX1576,2
PH003908,AC001509,kyc_origination,self,2026-04-01,XXXXXX3225,0
PH003909,AC001509,borrower_update,self,2026-04-01,XXXXXX7226,1
PH003910,AC001509,reference,reference_spouse,2026-04-01,XXXXXX2656,2
PH003911,AC001510,kyc_origination,self,2026-04-01,XXXXXX3089,0
PH003912,AC001510,borrower_update,self,2026-04-01,XXXXXX6307,1
PH003913,AC001510,reference,reference_brother,2026-04-01,XXXXXX2424,2
PH000108,AC001511,kyc_origination,self,2026-04-01,XXXXXX5579,0
PH003914,AC001511,borrower_update,self,2026-04-01,XXXXXX6131,1
PH003915,AC001512,kyc_origination,self,2026-04-01,XXXXXX0720,0
PH003916,AC001512,borrower_update,self,2026-04-01,XXXXXX6752,1
PH003917,AC001512,reference,reference_spouse,2026-04-01,XXXXXX7217,2
PH003918,AC001513,kyc_origination,self,2026-04-01,XXXXXX5355,0
PH003919,AC001514,kyc_origination,self,2026-04-01,XXXXXX2423,0
PH003920,AC001515,kyc_origination,self,2026-04-01,XXXXXX3103,0
PH003921,AC001515,reference,reference_spouse,2026-04-01,XXXXXX5742,1
PH003922,AC001516,kyc_origination,self,2026-04-01,XXXXXX9962,0
PH003923,AC001516,bureau,self,2026-04-01,XXXXXX2493,1
PH000485,AC001516,employer,office,2026-04-01,XXXXXX0946,2
PH003924,AC001517,kyc_origination,self,2026-04-01,XXXXXX5942,0
PH003925,AC001518,kyc_origination,self,2026-04-01,XXXXXX5687,0
PH003926,AC001518,borrower_update,self,2026-04-01,XXXXXX7757,1
PH003927,AC001518,reference,reference_spouse,2026-04-01,XXXXXX9717,2
PH003928,AC001519,kyc_origination,self,2026-04-01,XXXXXX3009,0
PH003929,AC001519,borrower_update,self,2026-04-01,XXXXXX7249,1
PH003930,AC001520,kyc_origination,self,2026-04-01,XXXXXX3585,0
PH003931,AC001521,kyc_origination,self,2026-04-01,XXXXXX6879,0
PH003932,AC001521,reference,reference_brother,2026-04-01,XXXXXX1165,1
PH003933,AC001522,kyc_origination,self,2026-04-01,XXXXXX7956,0
PH003934,AC001522,borrower_update,self,2026-04-01,XXXXXX5324,1
PH003935,AC001522,reference,reference_friend,2026-04-01,XXXXXX2328,2
PH003936,AC001523,kyc_origination,self,2026-04-01,XXXXXX5744,0
PH003937,AC001524,kyc_origination,self,2026-04-01,XXXXXX7308,0
PH003938,AC001524,bureau,self,2026-04-01,XXXXXX7309,1
PH003939,AC001524,reference,reference_father,2026-04-01,XXXXXX0900,2
PH003940,AC001525,kyc_origination,self,2026-04-01,XXXXXX4153,0
PH003941,AC001525,borrower_update,self,2026-04-01,XXXXXX3968,1
PH000571,AC001525,employer,office,2026-04-01,XXXXXX1880,2
PH003942,AC001526,kyc_origination,self,2026-04-01,XXXXXX5889,0
PH003943,AC001526,reference,reference_brother,2026-04-01,XXXXXX1221,1
PH003944,AC001527,kyc_origination,self,2026-04-01,XXXXXX5830,0
PH003945,AC001527,borrower_update,self,2026-04-01,XXXXXX7324,1
PH003946,AC001527,bureau,self,2026-04-01,XXXXXX4544,2
PH003947,AC001527,reference,reference_friend,2026-04-01,XXXXXX7241,3
PH003948,AC001528,kyc_origination,self,2026-04-01,XXXXXX5222,0
PH000436,AC001528,employer,office,2026-04-01,XXXXXX8227,1
PH003949,AC001528,reference,reference_father,2026-04-01,XXXXXX6174,2
PH003950,AC001529,kyc_origination,self,2026-04-01,XXXXXX0162,0
PH000409,AC001529,employer,office,2026-04-01,XXXXXX2234,1
PH003951,AC001529,reference,reference_spouse,2026-04-01,XXXXXX5345,2
PH003952,AC001530,kyc_origination,self,2026-04-01,XXXXXX7381,0
PH003953,AC001530,borrower_update,self,2026-04-01,XXXXXX1300,1
PH003954,AC001530,bureau,self,2026-04-01,XXXXXX9505,2
PH003955,AC001530,reference,reference_father,2026-04-01,XXXXXX5569,3
PH003956,AC001531,kyc_origination,self,2026-04-01,XXXXXX1717,0
PH003957,AC001531,reference,reference_father,2026-04-01,XXXXXX7807,1
PH003958,AC001532,kyc_origination,self,2026-04-01,XXXXXX7065,0
PH000066,AC001533,kyc_origination,self,2026-04-01,XXXXXX2845,0
PH003959,AC001534,kyc_origination,self,2026-04-01,XXXXXX8792,0
PH003960,AC001534,reference,reference_spouse,2026-04-01,XXXXXX2390,1
PH003961,AC001535,kyc_origination,self,2026-04-01,XXXXXX7414,0
PH003962,AC001535,bureau,self,2026-04-01,XXXXXX7110,1
PH003963,AC001535,reference,reference_spouse,2026-04-01,XXXXXX4025,2
PH003964,AC001536,kyc_origination,self,2026-04-01,XXXXXX1584,0
PH003965,AC001536,borrower_update,self,2026-04-01,XXXXXX4374,1
PH000532,AC001536,employer,office,2026-04-01,XXXXXX9781,2
PH003966,AC001536,reference,reference_father,2026-04-01,XXXXXX4768,3
PH003967,AC001537,kyc_origination,self,2026-04-01,XXXXXX7191,0
PH003968,AC001537,borrower_update,self,2026-04-01,XXXXXX8726,1
PH003969,AC001538,kyc_origination,self,2026-04-01,XXXXXX9378,0
PH003970,AC001539,kyc_origination,self,2026-04-01,XXXXXX5273,0
PH003971,AC001539,bureau,self,2026-04-01,XXXXXX8049,1
PH003972,AC001539,reference,reference_spouse,2026-04-01,XXXXXX5857,2
PH003973,AC001540,kyc_origination,self,2026-04-01,XXXXXX5741,0
PH003974,AC001540,borrower_update,self,2026-04-01,XXXXXX6021,1
PH003975,AC001540,reference,reference_father,2026-04-01,XXXXXX0385,2
PH000214,AC001541,kyc_origination,self,2026-04-01,XXXXXX9942,0
PH000545,AC001541,employer,office,2026-04-01,XXXXXX3666,1
PH003976,AC001542,kyc_origination,self,2026-04-01,XXXXXX6483,0
PH003977,AC001543,kyc_origination,self,2026-04-01,XXXXXX2912,0
PH003978,AC001543,borrower_update,self,2026-04-01,XXXXXX8691,1
PH003979,AC001543,bureau,self,2026-04-01,XXXXXX7594,2
PH000577,AC001543,employer,office,2026-04-01,XXXXXX7543,3
PH003980,AC001544,kyc_origination,self,2026-04-01,XXXXXX7929,0
PH003981,AC001544,borrower_update,self,2026-04-01,XXXXXX3541,1
PH003982,AC001545,kyc_origination,self,2026-04-01,XXXXXX0490,0
PH003983,AC001546,kyc_origination,self,2026-04-01,XXXXXX9559,0
PH003984,AC001547,kyc_origination,self,2026-04-01,XXXXXX7488,0
PH003985,AC001547,borrower_update,self,2026-04-01,XXXXXX3191,1
PH003986,AC001547,bureau,self,2026-04-01,XXXXXX5809,2
PH003987,AC001547,reference,reference_friend,2026-04-01,XXXXXX8690,3
PH003988,AC001548,kyc_origination,self,2026-04-01,XXXXXX5017,0
PH003989,AC001548,reference,reference_spouse,2026-04-01,XXXXXX6734,1
PH003990,AC001549,kyc_origination,self,2026-04-01,XXXXXX4271,0
PH003991,AC001549,borrower_update,self,2026-04-01,XXXXXX7820,1
PH003992,AC001549,reference,reference_mother,2026-04-01,XXXXXX2734,2
PH003993,AC001550,kyc_origination,self,2026-04-01,XXXXXX8383,0
PH003994,AC001550,reference,reference_spouse,2026-04-01,XXXXXX6015,1
PH003995,AC001551,kyc_origination,self,2026-04-01,XXXXXX6316,0
PH003996,AC001551,borrower_update,self,2026-04-01,XXXXXX6403,1
PH003997,AC001551,reference,reference_spouse,2026-04-01,XXXXXX5710,2
PH003998,AC001552,kyc_origination,self,2026-04-01,XXXXXX6819,0
PH003999,AC001553,kyc_origination,self,2026-04-01,XXXXXX3869,0
PH004000,AC001553,borrower_update,self,2026-04-01,XXXXXX9557,1
PH004001,AC001554,kyc_origination,self,2026-04-01,XXXXXX0738,0
PH004002,AC001554,borrower_update,self,2026-04-01,XXXXXX8027,1
PH004003,AC001554,bureau,self,2026-04-01,XXXXXX2260,2
PH004004,AC001554,reference,reference_spouse,2026-04-01,XXXXXX3732,3
PH004005,AC001555,kyc_origination,self,2026-04-01,XXXXXX8715,0
PH004006,AC001556,kyc_origination,self,2026-04-01,XXXXXX8083,0
PH004007,AC001556,borrower_update,self,2026-04-01,XXXXXX8939,1
PH004008,AC001556,bureau,self,2026-04-01,XXXXXX2475,2
PH004009,AC001557,kyc_origination,self,2026-04-01,XXXXXX9255,0
PH004010,AC001557,reference,reference_spouse,2026-04-01,XXXXXX7327,1
PH000247,AC001558,kyc_origination,self,2026-04-01,XXXXXX7882,0
PH004011,AC001559,kyc_origination,self,2026-04-01,XXXXXX4761,0
PH004012,AC001559,borrower_update,self,2026-04-01,XXXXXX6683,1
PH004013,AC001559,bureau,self,2026-04-01,XXXXXX1593,2
PH004014,AC001559,reference,reference_brother,2026-04-01,XXXXXX5083,3
PH004015,AC001560,kyc_origination,self,2026-04-01,XXXXXX2667,0
PH004016,AC001560,reference,reference_father,2026-04-01,XXXXXX2909,1
PH004017,AC001561,kyc_origination,self,2026-04-01,XXXXXX4363,0
PH004018,AC001561,reference,reference_spouse,2026-04-01,XXXXXX5037,1
PH004019,AC001562,kyc_origination,self,2026-04-01,XXXXXX1891,0
PH004020,AC001562,borrower_update,self,2026-04-01,XXXXXX6656,1
PH004021,AC001563,kyc_origination,self,2026-04-01,XXXXXX9150,0
PH004022,AC001563,reference,reference_father,2026-04-01,XXXXXX3297,1
PH004023,AC001564,kyc_origination,self,2026-04-01,XXXXXX0600,0
PH004024,AC001564,borrower_update,self,2026-04-01,XXXXXX2279,1
PH004025,AC001564,bureau,self,2026-04-01,XXXXXX5199,2
PH004026,AC001564,reference,reference_brother,2026-04-01,XXXXXX8965,3
PH004027,AC001565,kyc_origination,self,2026-04-01,XXXXXX8797,0
PH004028,AC001565,reference,reference_spouse,2026-04-01,XXXXXX5249,1
PH004029,AC001566,kyc_origination,self,2026-04-01,XXXXXX9997,0
PH004030,AC001566,bureau,self,2026-04-01,XXXXXX0993,1
PH004031,AC001567,kyc_origination,self,2026-04-01,XXXXXX4374,0
PH004032,AC001567,reference,reference_brother,2026-04-01,XXXXXX8795,1
PH004033,AC001568,kyc_origination,self,2026-04-01,XXXXXX6234,0
PH004034,AC001568,reference,reference_mother,2026-04-01,XXXXXX8041,1
PH004035,AC001569,kyc_origination,self,2026-04-01,XXXXXX7760,0
PH004036,AC001569,bureau,self,2026-04-01,XXXXXX4562,1
PH004037,AC001569,reference,reference_spouse,2026-04-01,XXXXXX2051,2
PH004038,AC001570,kyc_origination,self,2026-04-01,XXXXXX3763,0
PH004039,AC001571,kyc_origination,self,2026-04-01,XXXXXX6839,0
PH004040,AC001571,borrower_update,self,2026-04-01,XXXXXX6386,1
PH000432,AC001571,employer,office,2026-04-01,XXXXXX3087,2
PH004041,AC001572,kyc_origination,self,2026-04-01,XXXXXX8794,0
PH004042,AC001572,borrower_update,self,2026-04-01,XXXXXX0256,1
PH004043,AC001572,reference,reference_spouse,2026-04-01,XXXXXX1355,2
PH000222,AC001573,kyc_origination,self,2026-04-01,XXXXXX6459,0
PH000265,AC001573,employer,office,2026-04-01,XXXXXX9916,1
PH004044,AC001573,reference,reference_friend,2026-04-01,XXXXXX3249,2
PH004045,AC001574,kyc_origination,self,2026-04-01,XXXXXX7059,0
PH004046,AC001574,borrower_update,self,2026-04-01,XXXXXX0830,1
PH004047,AC001574,bureau,self,2026-04-01,XXXXXX7874,2
PH004048,AC001574,reference,reference_spouse,2026-04-01,XXXXXX7028,3
PH004049,AC001575,kyc_origination,self,2026-04-01,XXXXXX7783,0
PH004050,AC001575,reference,reference_brother,2026-04-01,XXXXXX3423,1
PH004051,AC001576,kyc_origination,self,2026-04-01,XXXXXX6216,0
PH004052,AC001576,borrower_update,self,2026-04-01,XXXXXX3528,1
PH004053,AC001576,bureau,self,2026-04-01,XXXXXX6090,2
PH004054,AC001576,reference,reference_friend,2026-04-01,XXXXXX9618,3
PH004055,AC001577,kyc_origination,self,2026-04-01,XXXXXX9687,0
PH004056,AC001578,kyc_origination,self,2026-04-01,XXXXXX0819,0
PH004057,AC001579,kyc_origination,self,2026-04-01,XXXXXX5548,0
PH004058,AC001579,borrower_update,self,2026-04-01,XXXXXX5606,1
PH004059,AC001579,bureau,self,2026-04-01,XXXXXX7666,2
PH004060,AC001580,kyc_origination,self,2026-04-01,XXXXXX5681,0
PH004061,AC001580,bureau,self,2026-04-01,XXXXXX4543,1
PH004062,AC001581,kyc_origination,self,2026-04-01,XXXXXX6884,0
PH000308,AC001581,employer,office,2026-04-01,XXXXXX4483,1
PH004063,AC001582,kyc_origination,self,2026-04-01,XXXXXX2669,0
PH004064,AC001582,bureau,self,2026-04-01,XXXXXX6350,1
PH004065,AC001583,kyc_origination,self,2026-04-01,XXXXXX4493,0
PH004066,AC001583,borrower_update,self,2026-04-01,XXXXXX7312,1
PH004067,AC001583,reference,reference_father,2026-04-01,XXXXXX3269,2
PH004068,AC001584,kyc_origination,self,2026-04-01,XXXXXX9980,0
PH004069,AC001585,kyc_origination,self,2026-04-01,XXXXXX1423,0
PH004070,AC001585,borrower_update,self,2026-04-01,XXXXXX6047,1
PH004071,AC001585,reference,reference_brother,2026-04-01,XXXXXX5570,2
PH004072,AC001586,kyc_origination,self,2026-04-01,XXXXXX4757,0
PH004073,AC001586,reference,reference_father,2026-04-01,XXXXXX7943,1
PH004074,AC001587,kyc_origination,self,2026-04-01,XXXXXX0983,0
PH000401,AC001587,employer,office,2026-04-01,XXXXXX3883,1
PH004075,AC001588,kyc_origination,self,2026-04-01,XXXXXX0945,0
PH004076,AC001589,kyc_origination,self,2026-04-01,XXXXXX3461,0
PH004077,AC001589,borrower_update,self,2026-04-01,XXXXXX9957,1
PH004078,AC001590,kyc_origination,self,2026-04-01,XXXXXX1103,0
PH004079,AC001590,borrower_update,self,2026-04-01,XXXXXX4552,1
PH004080,AC001591,kyc_origination,self,2026-04-01,XXXXXX4211,0
PH004081,AC001591,reference,reference_mother,2026-04-01,XXXXXX8657,1
PH004082,AC001592,kyc_origination,self,2026-04-01,XXXXXX2588,0
PH004083,AC001592,borrower_update,self,2026-04-01,XXXXXX1598,1
PH004084,AC001592,reference,reference_brother,2026-04-01,XXXXXX4101,2
PH000214,AC001593,kyc_origination,self,2026-04-01,XXXXXX9942,0
PH004085,AC001593,borrower_update,self,2026-04-01,XXXXXX6065,1
PH004086,AC001593,reference,reference_spouse,2026-04-01,XXXXXX2606,2
PH004087,AC001594,kyc_origination,self,2026-04-01,XXXXXX2580,0
PH004088,AC001594,bureau,self,2026-04-01,XXXXXX4507,1
PH004089,AC001594,reference,reference_father,2026-04-01,XXXXXX7718,2
PH004090,AC001595,kyc_origination,self,2026-04-01,XXXXXX4596,0
PH004091,AC001595,reference,reference_mother,2026-04-01,XXXXXX7344,1
PH004092,AC001596,kyc_origination,self,2026-04-01,XXXXXX0818,0
PH004093,AC001596,bureau,self,2026-04-01,XXXXXX2203,1
PH000107,AC001597,kyc_origination,self,2026-04-01,XXXXXX1915,0
PH004094,AC001597,borrower_update,self,2026-04-01,XXXXXX1321,1
PH004095,AC001597,bureau,self,2026-04-01,XXXXXX9644,2
PH004096,AC001598,kyc_origination,self,2026-04-01,XXXXXX4295,0
PH004097,AC001598,reference,reference_friend,2026-04-01,XXXXXX7928,1
PH004098,AC001599,kyc_origination,self,2026-04-01,XXXXXX5709,0
PH004099,AC001599,borrower_update,self,2026-04-01,XXXXXX5183,1
PH004100,AC001599,bureau,self,2026-04-01,XXXXXX2111,2
PH004101,AC001600,kyc_origination,self,2026-04-01,XXXXXX8247,0
PH004102,AC001600,borrower_update,self,2026-04-01,XXXXXX4981,1
PH004103,AC001600,bureau,self,2026-04-01,XXXXXX9493,2
PH004104,AC001601,kyc_origination,self,2026-04-01,XXXXXX4888,0
PH004105,AC001601,reference,reference_friend,2026-04-01,XXXXXX0073,1
PH004106,AC001602,kyc_origination,self,2026-04-01,XXXXXX1681,0
PH004107,AC001602,borrower_update,self,2026-04-01,XXXXXX1641,1
PH004108,AC001603,kyc_origination,self,2026-04-01,XXXXXX8461,0
PH004109,AC001604,kyc_origination,self,2026-04-01,XXXXXX3984,0
PH004110,AC001605,kyc_origination,self,2026-04-01,XXXXXX1879,0
PH004111,AC001605,borrower_update,self,2026-04-01,XXXXXX3742,1
PH004112,AC001605,bureau,self,2026-04-01,XXXXXX3776,2
PH004113,AC001605,reference,reference_spouse,2026-04-01,XXXXXX5689,3
PH004114,AC001606,kyc_origination,self,2026-04-01,XXXXXX8724,0
PH004115,AC001606,bureau,self,2026-04-01,XXXXXX6133,1
PH004116,AC001606,reference,reference_spouse,2026-04-01,XXXXXX5123,2
PH004117,AC001607,kyc_origination,self,2026-04-01,XXXXXX8101,0
PH004118,AC001607,reference,reference_mother,2026-04-01,XXXXXX2426,1
PH004119,AC001608,kyc_origination,self,2026-04-01,XXXXXX4069,0
PH004120,AC001609,kyc_origination,self,2026-04-01,XXXXXX3703,0
PH000275,AC001609,employer,office,2026-04-01,XXXXXX8085,1
PH004121,AC001609,reference,reference_spouse,2026-04-01,XXXXXX3682,2
PH004122,AC001610,kyc_origination,self,2026-04-01,XXXXXX8783,0
PH004123,AC001610,reference,reference_spouse,2026-04-01,XXXXXX4354,1
PH004124,AC001611,kyc_origination,self,2026-04-01,XXXXXX3120,0
PH004125,AC001611,reference,reference_brother,2026-04-01,XXXXXX4288,1
PH004126,AC001612,kyc_origination,self,2026-04-01,XXXXXX4015,0
PH004127,AC001612,borrower_update,self,2026-04-01,XXXXXX2868,1
PH004128,AC001613,kyc_origination,self,2026-04-01,XXXXXX4364,0
PH004129,AC001613,borrower_update,self,2026-04-01,XXXXXX6295,1
PH004130,AC001613,reference,reference_spouse,2026-04-01,XXXXXX8875,2
PH004131,AC001614,kyc_origination,self,2026-04-01,XXXXXX6294,0
PH004132,AC001614,borrower_update,self,2026-04-01,XXXXXX1146,1
PH004133,AC001614,reference,reference_father,2026-04-01,XXXXXX3468,2
PH004134,AC001615,kyc_origination,self,2026-04-01,XXXXXX7924,0
PH004135,AC001615,reference,reference_spouse,2026-04-01,XXXXXX5784,1
PH004136,AC001616,kyc_origination,self,2026-04-01,XXXXXX7667,0
PH004137,AC001616,bureau,self,2026-04-01,XXXXXX5139,1
PH004138,AC001617,kyc_origination,self,2026-04-01,XXXXXX7085,0
PH004139,AC001618,kyc_origination,self,2026-04-01,XXXXXX8286,0
PH004140,AC001619,kyc_origination,self,2026-04-01,XXXXXX8329,0
PH004141,AC001619,reference,reference_friend,2026-04-01,XXXXXX3700,1
PH004142,AC001620,kyc_origination,self,2026-04-01,XXXXXX8106,0
PH004143,AC001621,kyc_origination,self,2026-04-01,XXXXXX9112,0
PH004144,AC001622,kyc_origination,self,2026-04-01,XXXXXX2603,0
PH004145,AC001622,bureau,self,2026-04-01,XXXXXX3228,1
PH004146,AC001623,kyc_origination,self,2026-04-01,XXXXXX9467,0
PH004147,AC001623,reference,reference_father,2026-04-01,XXXXXX0008,1
PH004148,AC001624,kyc_origination,self,2026-04-01,XXXXXX1784,0
PH004149,AC001624,reference,reference_spouse,2026-04-01,XXXXXX2064,1
PH004150,AC001625,kyc_origination,self,2026-04-01,XXXXXX0849,0
PH004151,AC001625,reference,reference_spouse,2026-04-01,XXXXXX3494,1
PH004152,AC001626,kyc_origination,self,2026-04-01,XXXXXX3076,0
PH004153,AC001626,reference,reference_spouse,2026-04-01,XXXXXX2020,1
PH004154,AC001627,kyc_origination,self,2026-04-01,XXXXXX7038,0
PH004155,AC001627,borrower_update,self,2026-04-01,XXXXXX9712,1
PH004156,AC001627,bureau,self,2026-04-01,XXXXXX6267,2
PH004157,AC001627,reference,reference_spouse,2026-04-01,XXXXXX5544,3
PH004158,AC001628,kyc_origination,self,2026-04-01,XXXXXX4364,0
PH004159,AC001628,reference,reference_friend,2026-04-01,XXXXXX8444,1
PH004160,AC001629,kyc_origination,self,2026-04-01,XXXXXX4041,0
PH000538,AC001629,employer,office,2026-04-01,XXXXXX9536,1
PH004161,AC001629,reference,reference_spouse,2026-04-01,XXXXXX6483,2
PH004162,AC001630,kyc_origination,self,2026-04-01,XXXXXX1419,0
PH004163,AC001630,reference,reference_spouse,2026-04-01,XXXXXX0806,1
PH004164,AC001631,kyc_origination,self,2026-04-01,XXXXXX2419,0
PH004165,AC001631,borrower_update,self,2026-04-01,XXXXXX7440,1
PH004166,AC001631,bureau,self,2026-04-01,XXXXXX5247,2
PH004167,AC001632,kyc_origination,self,2026-04-01,XXXXXX2927,0
PH004168,AC001632,borrower_update,self,2026-04-01,XXXXXX7731,1
PH004169,AC001633,kyc_origination,self,2026-04-01,XXXXXX0729,0
PH004170,AC001634,kyc_origination,self,2026-04-01,XXXXXX1175,0
PH004171,AC001634,borrower_update,self,2026-04-01,XXXXXX0522,1
PH004172,AC001635,kyc_origination,self,2026-04-01,XXXXXX7720,0
PH004173,AC001635,bureau,self,2026-04-01,XXXXXX6227,1
PH004174,AC001636,kyc_origination,self,2026-04-01,XXXXXX0605,0
PH004175,AC001636,borrower_update,self,2026-04-01,XXXXXX0192,1
PH004176,AC001636,bureau,self,2026-04-01,XXXXXX4926,2
PH000425,AC001636,employer,office,2026-04-01,XXXXXX1240,3
PH004177,AC001636,reference,reference_spouse,2026-04-01,XXXXXX9221,4
PH004178,AC001637,kyc_origination,self,2026-04-01,XXXXXX7876,0
PH004179,AC001637,borrower_update,self,2026-04-01,XXXXXX8312,1
PH004180,AC001637,reference,reference_spouse,2026-04-01,XXXXXX5626,2
PH004181,AC001638,kyc_origination,self,2026-04-01,XXXXXX8736,0
PH004182,AC001638,borrower_update,self,2026-04-01,XXXXXX2077,1
PH004183,AC001638,reference,reference_father,2026-04-01,XXXXXX5442,2
PH004184,AC001639,kyc_origination,self,2026-04-01,XXXXXX8044,0
PH004185,AC001640,kyc_origination,self,2026-04-01,XXXXXX5071,0
PH004186,AC001640,bureau,self,2026-04-01,XXXXXX7650,1
PH004187,AC001641,kyc_origination,self,2026-04-01,XXXXXX3236,0
PH004188,AC001642,kyc_origination,self,2026-04-01,XXXXXX5386,0
PH004189,AC001642,borrower_update,self,2026-04-01,XXXXXX9282,1
PH000416,AC001642,employer,office,2026-04-01,XXXXXX7740,2
PH004190,AC001642,reference,reference_spouse,2026-04-01,XXXXXX6238,3
PH004191,AC001643,kyc_origination,self,2026-04-01,XXXXXX2642,0
PH000479,AC001643,employer,office,2026-04-01,XXXXXX2310,1
PH004192,AC001643,reference,reference_father,2026-04-01,XXXXXX9061,2
PH004193,AC001644,kyc_origination,self,2026-04-01,XXXXXX9640,0
PH004194,AC001644,bureau,self,2026-04-01,XXXXXX7278,1
PH004195,AC001644,reference,reference_spouse,2026-04-01,XXXXXX7189,2
PH004196,AC001645,kyc_origination,self,2026-04-01,XXXXXX8969,0
PH004197,AC001645,borrower_update,self,2026-04-01,XXXXXX1391,1
PH004198,AC001645,bureau,self,2026-04-01,XXXXXX9918,2
PH004199,AC001645,reference,reference_spouse,2026-04-01,XXXXXX8858,3
PH004200,AC001646,kyc_origination,self,2026-04-01,XXXXXX1067,0
PH004201,AC001647,kyc_origination,self,2026-04-01,XXXXXX9374,0
PH000369,AC001647,employer,office,2026-04-01,XXXXXX5792,1
PH004202,AC001647,reference,reference_mother,2026-04-01,XXXXXX1904,2
PH004203,AC001648,kyc_origination,self,2026-04-01,XXXXXX0208,0
PH004204,AC001648,bureau,self,2026-04-01,XXXXXX3721,1
PH004205,AC001649,kyc_origination,self,2026-04-01,XXXXXX9878,0
PH004206,AC001649,bureau,self,2026-04-01,XXXXXX7878,1
PH000322,AC001649,employer,office,2026-04-01,XXXXXX1774,2
PH004207,AC001649,reference,reference_spouse,2026-04-01,XXXXXX3899,3
PH004208,AC001650,kyc_origination,self,2026-04-01,XXXXXX9930,0
PH004209,AC001650,borrower_update,self,2026-04-01,XXXXXX5928,1
PH004210,AC001650,reference,reference_brother,2026-04-01,XXXXXX5789,2
PH004211,AC001651,kyc_origination,self,2026-04-01,XXXXXX7971,0
PH004212,AC001651,borrower_update,self,2026-04-01,XXXXXX7931,1
PH004213,AC001651,reference,reference_brother,2026-04-01,XXXXXX6630,2
PH004214,AC001652,kyc_origination,self,2026-04-01,XXXXXX5629,0
PH004215,AC001652,bureau,self,2026-04-01,XXXXXX0831,1
PH000315,AC001652,employer,office,2026-04-01,XXXXXX0387,2
PH004216,AC001653,kyc_origination,self,2026-04-01,XXXXXX0372,0
PH004217,AC001653,bureau,self,2026-04-01,XXXXXX4255,1
PH000492,AC001653,employer,office,2026-04-01,XXXXXX8456,2
PH004218,AC001653,reference,reference_father,2026-04-01,XXXXXX4375,3
PH004219,AC001654,kyc_origination,self,2026-04-01,XXXXXX9904,0
PH004220,AC001654,reference,reference_mother,2026-04-01,XXXXXX1050,1
PH004221,AC001655,kyc_origination,self,2026-04-01,XXXXXX4479,0
PH004222,AC001656,kyc_origination,self,2026-04-01,XXXXXX8013,0
PH004223,AC001656,borrower_update,self,2026-04-01,XXXXXX2773,1
PH004224,AC001657,kyc_origination,self,2026-04-01,XXXXXX2831,0
PH004225,AC001658,kyc_origination,self,2026-04-01,XXXXXX9106,0
PH004226,AC001658,reference,reference_friend,2026-04-01,XXXXXX0232,1
PH004227,AC001659,kyc_origination,self,2026-04-01,XXXXXX3138,0
PH004228,AC001659,bureau,self,2026-04-01,XXXXXX4221,1
PH004229,AC001660,kyc_origination,self,2026-04-01,XXXXXX0491,0
PH004230,AC001660,reference,reference_brother,2026-04-01,XXXXXX4692,1
PH004231,AC001661,kyc_origination,self,2026-04-01,XXXXXX3439,0
PH004232,AC001661,bureau,self,2026-04-01,XXXXXX3450,1
PH004233,AC001662,kyc_origination,self,2026-04-01,XXXXXX9525,0
PH004234,AC001662,reference,reference_spouse,2026-04-01,XXXXXX6074,1
PH004235,AC001663,kyc_origination,self,2026-04-01,XXXXXX4570,0
PH004236,AC001663,bureau,self,2026-04-01,XXXXXX1951,1
PH004237,AC001663,reference,reference_friend,2026-04-01,XXXXXX2169,2
PH004238,AC001664,kyc_origination,self,2026-04-01,XXXXXX4422,0
PH004239,AC001664,bureau,self,2026-04-01,XXXXXX7125,1
PH004240,AC001664,reference,reference_spouse,2026-04-01,XXXXXX6778,2
PH004241,AC001665,kyc_origination,self,2026-04-01,XXXXXX9449,0
PH004242,AC001665,borrower_update,self,2026-04-01,XXXXXX4109,1
PH004243,AC001665,bureau,self,2026-04-01,XXXXXX6818,2
PH004244,AC001666,kyc_origination,self,2026-04-01,XXXXXX7027,0
PH004245,AC001666,borrower_update,self,2026-04-01,XXXXXX1400,1
PH004246,AC001666,reference,reference_brother,2026-04-01,XXXXXX1379,2
PH004247,AC001667,kyc_origination,self,2026-04-01,XXXXXX1254,0
PH000270,AC001667,employer,office,2026-04-01,XXXXXX2895,1
PH004248,AC001667,reference,reference_brother,2026-04-01,XXXXXX6686,2
PH004249,AC001668,kyc_origination,self,2026-04-01,XXXXXX3393,0
PH004250,AC001668,reference,reference_brother,2026-04-01,XXXXXX7663,1
PH004251,AC001669,kyc_origination,self,2026-04-01,XXXXXX5464,0
PH004252,AC001669,bureau,self,2026-04-01,XXXXXX7633,1
PH004253,AC001670,kyc_origination,self,2026-04-01,XXXXXX9456,0
PH004254,AC001671,kyc_origination,self,2026-04-01,XXXXXX6809,0
PH004255,AC001672,kyc_origination,self,2026-04-01,XXXXXX2789,0
PH004256,AC001672,borrower_update,self,2026-04-01,XXXXXX5812,1
PH004257,AC001672,bureau,self,2026-04-01,XXXXXX8509,2
PH000289,AC001672,employer,office,2026-04-01,XXXXXX3493,3
PH004258,AC001673,kyc_origination,self,2026-04-01,XXXXXX6096,0
PH004259,AC001673,bureau,self,2026-04-01,XXXXXX2231,1
PH004260,AC001673,reference,reference_mother,2026-04-01,XXXXXX2537,2
PH004261,AC001674,kyc_origination,self,2026-04-01,XXXXXX0882,0
PH004262,AC001674,borrower_update,self,2026-04-01,XXXXXX2981,1
PH004263,AC001675,kyc_origination,self,2026-04-01,XXXXXX7190,0
PH004264,AC001675,borrower_update,self,2026-04-01,XXXXXX5326,1
PH004265,AC001675,bureau,self,2026-04-01,XXXXXX7721,2
PH004266,AC001676,kyc_origination,self,2026-04-01,XXXXXX8164,0
PH004267,AC001676,reference,reference_friend,2026-04-01,XXXXXX4859,1
PH004268,AC001677,kyc_origination,self,2026-04-01,XXXXXX5138,0
PH004269,AC001678,kyc_origination,self,2026-04-01,XXXXXX4189,0
PH004270,AC001678,bureau,self,2026-04-01,XXXXXX7742,1
PH004271,AC001679,kyc_origination,self,2026-04-01,XXXXXX6197,0
PH004272,AC001680,kyc_origination,self,2026-04-01,XXXXXX6322,0
PH004273,AC001680,borrower_update,self,2026-04-01,XXXXXX1430,1
PH004274,AC001680,bureau,self,2026-04-01,XXXXXX5501,2
PH004275,AC001681,kyc_origination,self,2026-04-01,XXXXXX8236,0
PH004276,AC001681,borrower_update,self,2026-04-01,XXXXXX4382,1
PH004277,AC001681,bureau,self,2026-04-01,XXXXXX9988,2
PH000570,AC001681,employer,office,2026-04-01,XXXXXX3392,3
PH004278,AC001682,kyc_origination,self,2026-04-01,XXXXXX2043,0
PH004279,AC001682,borrower_update,self,2026-04-01,XXXXXX4239,1
PH004280,AC001682,reference,reference_friend,2026-04-01,XXXXXX9155,2
PH004281,AC001683,kyc_origination,self,2026-04-01,XXXXXX5475,0
PH004282,AC001683,borrower_update,self,2026-04-01,XXXXXX7751,1
PH000437,AC001683,employer,office,2026-04-01,XXXXXX2744,2
PH004283,AC001683,reference,reference_father,2026-04-01,XXXXXX5634,3
PH004284,AC001684,kyc_origination,self,2026-04-01,XXXXXX3890,0
PH004285,AC001684,borrower_update,self,2026-04-01,XXXXXX2242,1
PH004286,AC001685,kyc_origination,self,2026-04-01,XXXXXX7905,0
PH004287,AC001685,borrower_update,self,2026-04-01,XXXXXX3309,1
PH004288,AC001685,bureau,self,2026-04-01,XXXXXX6686,2
PH004289,AC001686,kyc_origination,self,2026-04-01,XXXXXX5250,0
PH004290,AC001686,borrower_update,self,2026-04-01,XXXXXX8669,1
PH004291,AC001686,bureau,self,2026-04-01,XXXXXX5108,2
PH004292,AC001686,reference,reference_mother,2026-04-01,XXXXXX6835,3
PH004293,AC001687,kyc_origination,self,2026-04-01,XXXXXX4175,0
PH004294,AC001687,borrower_update,self,2026-04-01,XXXXXX0520,1
PH004295,AC001687,bureau,self,2026-04-01,XXXXXX2913,2
PH004296,AC001688,kyc_origination,self,2026-04-01,XXXXXX1059,0
PH004297,AC001688,borrower_update,self,2026-04-01,XXXXXX3598,1
PH004298,AC001689,kyc_origination,self,2026-04-01,XXXXXX6014,0
PH004299,AC001689,borrower_update,self,2026-04-01,XXXXXX1017,1
PH004300,AC001689,reference,reference_spouse,2026-04-01,XXXXXX7246,2
PH004301,AC001690,kyc_origination,self,2026-04-01,XXXXXX3352,0
PH000399,AC001690,employer,office,2026-04-01,XXXXXX2007,1
PH004302,AC001691,kyc_origination,self,2026-04-01,XXXXXX6988,0
PH000522,AC001691,employer,office,2026-04-01,XXXXXX0570,1
PH004303,AC001691,reference,reference_brother,2026-04-01,XXXXXX4166,2
PH004304,AC001692,kyc_origination,self,2026-04-01,XXXXXX5903,0
PH004305,AC001692,reference,reference_mother,2026-04-01,XXXXXX4976,1
PH004306,AC001693,kyc_origination,self,2026-04-01,XXXXXX1424,0
PH004307,AC001694,kyc_origination,self,2026-04-01,XXXXXX4551,0
PH004308,AC001694,reference,reference_father,2026-04-01,XXXXXX3650,1
PH004309,AC001695,kyc_origination,self,2026-04-01,XXXXXX3840,0
PH004310,AC001695,borrower_update,self,2026-04-01,XXXXXX6834,1
PH004311,AC001696,kyc_origination,self,2026-04-01,XXXXXX4442,0
PH004312,AC001696,borrower_update,self,2026-04-01,XXXXXX7927,1
PH000388,AC001696,employer,office,2026-04-01,XXXXXX9265,2
PH004313,AC001697,kyc_origination,self,2026-04-01,XXXXXX0493,0
PH004314,AC001698,kyc_origination,self,2026-04-01,XXXXXX4337,0
PH004315,AC001698,borrower_update,self,2026-04-01,XXXXXX1921,1
PH004316,AC001698,reference,reference_spouse,2026-04-01,XXXXXX6731,2
PH004317,AC001699,kyc_origination,self,2026-04-01,XXXXXX4565,0
PH004318,AC001700,kyc_origination,self,2026-04-01,XXXXXX1032,0
PH004319,AC001700,reference,reference_friend,2026-04-01,XXXXXX7442,1
PH004320,AC001701,kyc_origination,self,2026-04-01,XXXXXX3103,0
PH004321,AC001701,borrower_update,self,2026-04-01,XXXXXX8494,1
PH004322,AC001701,bureau,self,2026-04-01,XXXXXX8521,2
PH004323,AC001702,kyc_origination,self,2026-04-01,XXXXXX4732,0
PH004324,AC001702,borrower_update,self,2026-04-01,XXXXXX0668,1
PH004325,AC001702,bureau,self,2026-04-01,XXXXXX5841,2
PH004326,AC001703,kyc_origination,self,2026-04-01,XXXXXX6651,0
PH004327,AC001703,borrower_update,self,2026-04-01,XXXXXX1608,1
PH004328,AC001703,bureau,self,2026-04-01,XXXXXX3180,2
PH004329,AC001703,reference,reference_mother,2026-04-01,XXXXXX4362,3
PH004330,AC001704,kyc_origination,self,2026-04-01,XXXXXX3812,0
PH004331,AC001704,borrower_update,self,2026-04-01,XXXXXX9475,1
PH000539,AC001704,employer,office,2026-04-01,XXXXXX7456,2
PH004332,AC001705,kyc_origination,self,2026-04-01,XXXXXX7938,0
PH004333,AC001706,kyc_origination,self,2026-04-01,XXXXXX5219,0
PH004334,AC001706,bureau,self,2026-04-01,XXXXXX1030,1
PH004335,AC001706,reference,reference_brother,2026-04-01,XXXXXX7276,2
PH004336,AC001707,kyc_origination,self,2026-04-01,XXXXXX3180,0
PH004337,AC001707,borrower_update,self,2026-04-01,XXXXXX2071,1
PH004338,AC001707,reference,reference_mother,2026-04-01,XXXXXX5539,2
PH004339,AC001708,kyc_origination,self,2026-04-01,XXXXXX2973,0
PH004340,AC001708,bureau,self,2026-04-01,XXXXXX6592,1
PH004341,AC001708,reference,reference_brother,2026-04-01,XXXXXX1882,2
PH004342,AC001709,kyc_origination,self,2026-04-01,XXXXXX0094,0
PH004343,AC001709,borrower_update,self,2026-04-01,XXXXXX9160,1
PH004344,AC001710,kyc_origination,self,2026-04-01,XXXXXX2047,0
PH004345,AC001710,reference,reference_father,2026-04-01,XXXXXX4053,1
PH004346,AC001711,kyc_origination,self,2026-04-01,XXXXXX8479,0
PH004347,AC001711,borrower_update,self,2026-04-01,XXXXXX1609,1
PH004348,AC001712,kyc_origination,self,2026-04-01,XXXXXX8530,0
PH004349,AC001713,kyc_origination,self,2026-04-01,XXXXXX9898,0
PH004350,AC001714,kyc_origination,self,2026-04-01,XXXXXX4464,0
PH004351,AC001714,reference,reference_spouse,2026-04-01,XXXXXX9127,1
PH004352,AC001715,kyc_origination,self,2026-04-01,XXXXXX3529,0
PH004353,AC001715,borrower_update,self,2026-04-01,XXXXXX1018,1
PH000281,AC001715,employer,office,2026-04-01,XXXXXX0483,2
PH004354,AC001716,kyc_origination,self,2026-04-01,XXXXXX1428,0
PH004355,AC001716,reference,reference_spouse,2026-04-01,XXXXXX3882,1
PH004356,AC001717,kyc_origination,self,2026-04-01,XXXXXX1187,0
PH004357,AC001717,borrower_update,self,2026-04-01,XXXXXX1249,1
PH004358,AC001717,reference,reference_friend,2026-04-01,XXXXXX5639,2
PH004359,AC001718,kyc_origination,self,2026-04-01,XXXXXX2005,0
PH004360,AC001718,reference,reference_father,2026-04-01,XXXXXX1976,1
PH004361,AC001719,kyc_origination,self,2026-04-01,XXXXXX2497,0
PH000350,AC001719,employer,office,2026-04-01,XXXXXX4602,1
PH004362,AC001720,kyc_origination,self,2026-04-01,XXXXXX0753,0
PH004363,AC001720,reference,reference_brother,2026-04-01,XXXXXX3547,1
PH004364,AC001721,kyc_origination,self,2026-04-01,XXXXXX0025,0
PH004365,AC001721,bureau,self,2026-04-01,XXXXXX5449,1
PH000435,AC001721,employer,office,2026-04-01,XXXXXX2179,2
PH004366,AC001721,reference,reference_spouse,2026-04-01,XXXXXX7583,3
PH000212,AC001722,kyc_origination,self,2026-04-01,XXXXXX7190,0
PH004367,AC001722,borrower_update,self,2026-04-01,XXXXXX7902,1
PH004368,AC001723,kyc_origination,self,2026-04-01,XXXXXX5454,0
PH004369,AC001723,reference,reference_father,2026-04-01,XXXXXX9565,1
PH004370,AC001724,kyc_origination,self,2026-04-01,XXXXXX3074,0
PH004371,AC001724,bureau,self,2026-04-01,XXXXXX9057,1
PH004372,AC001725,kyc_origination,self,2026-04-01,XXXXXX2521,0
PH004373,AC001725,bureau,self,2026-04-01,XXXXXX3307,1
PH004374,AC001725,reference,reference_father,2026-04-01,XXXXXX6817,2
PH004375,AC001726,kyc_origination,self,2026-04-01,XXXXXX0399,0
PH004376,AC001726,reference,reference_friend,2026-04-01,XXXXXX7546,1
PH004377,AC001727,kyc_origination,self,2026-04-01,XXXXXX1887,0
PH004378,AC001728,kyc_origination,self,2026-04-01,XXXXXX7149,0
PH004379,AC001729,kyc_origination,self,2026-04-01,XXXXXX1689,0
PH004380,AC001729,borrower_update,self,2026-04-01,XXXXXX6547,1
PH004381,AC001729,reference,reference_spouse,2026-04-01,XXXXXX8170,2
PH004382,AC001730,kyc_origination,self,2026-04-01,XXXXXX2069,0
PH004383,AC001730,borrower_update,self,2026-04-01,XXXXXX2594,1
PH004384,AC001731,kyc_origination,self,2026-04-01,XXXXXX0475,0
PH004385,AC001731,reference,reference_brother,2026-04-01,XXXXXX1806,1
PH004386,AC001732,kyc_origination,self,2026-04-01,XXXXXX6134,0
PH004387,AC001732,bureau,self,2026-04-01,XXXXXX8054,1
PH004388,AC001733,kyc_origination,self,2026-04-01,XXXXXX1977,0
PH000275,AC001733,employer,office,2026-04-01,XXXXXX8085,1
PH004389,AC001734,kyc_origination,self,2026-04-01,XXXXXX1112,0
PH004390,AC001734,reference,reference_spouse,2026-04-01,XXXXXX3459,1
PH004391,AC001735,kyc_origination,self,2026-04-01,XXXXXX0403,0
PH004392,AC001736,kyc_origination,self,2026-04-01,XXXXXX5094,0
PH004393,AC001736,borrower_update,self,2026-04-01,XXXXXX8277,1
PH004394,AC001737,kyc_origination,self,2026-04-01,XXXXXX2786,0
PH004395,AC001737,borrower_update,self,2026-04-01,XXXXXX0993,1
PH004396,AC001738,kyc_origination,self,2026-04-01,XXXXXX8914,0
PH004397,AC001738,reference,reference_mother,2026-04-01,XXXXXX1884,1
PH004398,AC001739,kyc_origination,self,2026-04-01,XXXXXX8463,0
PH004399,AC001739,borrower_update,self,2026-04-01,XXXXXX8859,1
PH004400,AC001739,reference,reference_spouse,2026-04-01,XXXXXX1952,2
PH004401,AC001740,kyc_origination,self,2026-04-01,XXXXXX4488,0
PH004402,AC001740,reference,reference_mother,2026-04-01,XXXXXX3013,1
PH004403,AC001741,kyc_origination,self,2026-04-01,XXXXXX8182,0
PH004404,AC001741,reference,reference_spouse,2026-04-01,XXXXXX0820,1
PH004405,AC001742,kyc_origination,self,2026-04-01,XXXXXX1272,0
PH004406,AC001742,borrower_update,self,2026-04-01,XXXXXX8841,1
PH004407,AC001742,bureau,self,2026-04-01,XXXXXX8475,2
PH004408,AC001742,reference,reference_spouse,2026-04-01,XXXXXX3690,3
PH004409,AC001743,kyc_origination,self,2026-04-01,XXXXXX8217,0
PH004410,AC001743,borrower_update,self,2026-04-01,XXXXXX0900,1
PH000093,AC001744,kyc_origination,self,2026-04-01,XXXXXX8309,0
PH004411,AC001744,borrower_update,self,2026-04-01,XXXXXX0019,1
PH004412,AC001745,kyc_origination,self,2026-04-01,XXXXXX3511,0
PH004413,AC001746,kyc_origination,self,2026-04-01,XXXXXX6424,0
PH004414,AC001746,reference,reference_father,2026-04-01,XXXXXX0589,1
PH004415,AC001747,kyc_origination,self,2026-04-01,XXXXXX1289,0
PH004416,AC001747,borrower_update,self,2026-04-01,XXXXXX8805,1
PH004417,AC001748,kyc_origination,self,2026-04-01,XXXXXX6509,0
PH004418,AC001749,kyc_origination,self,2026-04-01,XXXXXX6655,0
PH004419,AC001749,reference,reference_father,2026-04-01,XXXXXX3804,1
PH004420,AC001750,kyc_origination,self,2026-04-01,XXXXXX7178,0
PH004421,AC001751,kyc_origination,self,2026-04-01,XXXXXX4746,0
PH004422,AC001751,borrower_update,self,2026-04-01,XXXXXX3523,1
PH004423,AC001752,kyc_origination,self,2026-04-01,XXXXXX0252,0
PH004424,AC001752,reference,reference_brother,2026-04-01,XXXXXX7957,1
PH004425,AC001753,kyc_origination,self,2026-04-01,XXXXXX1623,0
PH004426,AC001754,kyc_origination,self,2026-04-01,XXXXXX5287,0
PH004427,AC001754,borrower_update,self,2026-04-01,XXXXXX1846,1
PH004428,AC001754,reference,reference_spouse,2026-04-01,XXXXXX4156,2
PH004429,AC001755,kyc_origination,self,2026-04-01,XXXXXX0836,0
PH004430,AC001755,borrower_update,self,2026-04-01,XXXXXX3182,1
PH004431,AC001756,kyc_origination,self,2026-04-01,XXXXXX6861,0
PH000283,AC001756,employer,office,2026-04-01,XXXXXX8601,1
PH004432,AC001757,kyc_origination,self,2026-04-01,XXXXXX6797,0
PH004433,AC001757,borrower_update,self,2026-04-01,XXXXXX9096,1
PH004434,AC001757,reference,reference_father,2026-04-01,XXXXXX8573,2
PH004435,AC001758,kyc_origination,self,2026-04-01,XXXXXX8716,0
PH004436,AC001758,reference,reference_spouse,2026-04-01,XXXXXX4634,1
PH004437,AC001759,kyc_origination,self,2026-04-01,XXXXXX2710,0
PH004438,AC001759,reference,reference_friend,2026-04-01,XXXXXX3021,1
PH004439,AC001760,kyc_origination,self,2026-04-01,XXXXXX6056,0
PH000390,AC001760,employer,office,2026-04-01,XXXXXX8663,1
PH004440,AC001761,kyc_origination,self,2026-04-01,XXXXXX2673,0
PH004441,AC001761,borrower_update,self,2026-04-01,XXXXXX5880,1
PH004442,AC001761,reference,reference_spouse,2026-04-01,XXXXXX7469,2
PH004443,AC001762,kyc_origination,self,2026-04-01,XXXXXX6672,0
PH004444,AC001762,borrower_update,self,2026-04-01,XXXXXX3975,1
PH004445,AC001762,bureau,self,2026-04-01,XXXXXX3791,2
PH004446,AC001762,reference,reference_brother,2026-04-01,XXXXXX6854,3
PH004447,AC001763,kyc_origination,self,2026-04-01,XXXXXX5352,0
PH004448,AC001764,kyc_origination,self,2026-04-01,XXXXXX7611,0
PH000450,AC001764,employer,office,2026-04-01,XXXXXX6859,1
PH004449,AC001764,reference,reference_friend,2026-04-01,XXXXXX4729,2
PH004450,AC001765,kyc_origination,self,2026-04-01,XXXXXX7255,0
PH004451,AC001765,borrower_update,self,2026-04-01,XXXXXX3056,1
PH004452,AC001766,kyc_origination,self,2026-04-01,XXXXXX4954,0
PH004453,AC001766,reference,reference_spouse,2026-04-01,XXXXXX6381,1
PH000246,AC001767,kyc_origination,self,2026-04-01,XXXXXX0086,0
PH004454,AC001767,borrower_update,self,2026-04-01,XXXXXX6428,1
PH004455,AC001767,reference,reference_mother,2026-04-01,XXXXXX6565,2
PH004456,AC001768,kyc_origination,self,2026-04-01,XXXXXX5085,0
PH004457,AC001769,kyc_origination,self,2026-04-01,XXXXXX5828,0
PH004458,AC001769,borrower_update,self,2026-04-01,XXXXXX5972,1
PH004459,AC001769,reference,reference_spouse,2026-04-01,XXXXXX7571,2
PH004460,AC001770,kyc_origination,self,2026-04-01,XXXXXX9716,0
PH004461,AC001770,reference,reference_spouse,2026-04-01,XXXXXX8911,1
PH004462,AC001771,kyc_origination,self,2026-04-01,XXXXXX2509,0
PH004463,AC001771,bureau,self,2026-04-01,XXXXXX2118,1
PH000295,AC001771,employer,office,2026-04-01,XXXXXX2747,2
PH004464,AC001772,kyc_origination,self,2026-04-01,XXXXXX0844,0
PH004465,AC001772,reference,reference_brother,2026-04-01,XXXXXX9480,1
PH004466,AC001773,kyc_origination,self,2026-04-01,XXXXXX4504,0
PH004467,AC001773,borrower_update,self,2026-04-01,XXXXXX6970,1
PH004468,AC001773,reference,reference_spouse,2026-04-01,XXXXXX4030,2
PH004469,AC001774,kyc_origination,self,2026-04-01,XXXXXX4732,0
PH004470,AC001774,borrower_update,self,2026-04-01,XXXXXX1349,1
PH004471,AC001775,kyc_origination,self,2026-04-01,XXXXXX3641,0
PH004472,AC001775,bureau,self,2026-04-01,XXXXXX4349,1
PH004473,AC001776,kyc_origination,self,2026-04-01,XXXXXX5725,0
PH004474,AC001776,borrower_update,self,2026-04-01,XXXXXX7456,1
PH004475,AC001777,kyc_origination,self,2026-04-01,XXXXXX1344,0
PH000538,AC001777,employer,office,2026-04-01,XXXXXX9536,1
PH004476,AC001777,reference,reference_father,2026-04-01,XXXXXX9736,2
PH004477,AC001778,kyc_origination,self,2026-04-01,XXXXXX4753,0
PH004478,AC001778,borrower_update,self,2026-04-01,XXXXXX3883,1
PH004479,AC001778,bureau,self,2026-04-01,XXXXXX9110,2
PH004480,AC001778,reference,reference_spouse,2026-04-01,XXXXXX2257,3
PH004481,AC001779,kyc_origination,self,2026-04-01,XXXXXX6450,0
PH004482,AC001779,borrower_update,self,2026-04-01,XXXXXX7442,1
PH004483,AC001780,kyc_origination,self,2026-04-01,XXXXXX5978,0
PH000445,AC001780,employer,office,2026-04-01,XXXXXX3240,1
PH004484,AC001781,kyc_origination,self,2026-04-01,XXXXXX6842,0
PH004485,AC001782,kyc_origination,self,2026-04-01,XXXXXX3918,0
PH004486,AC001783,kyc_origination,self,2026-04-01,XXXXXX1211,0
PH004487,AC001783,bureau,self,2026-04-01,XXXXXX4449,1
PH004488,AC001783,reference,reference_spouse,2026-04-01,XXXXXX6693,2
PH004489,AC001784,kyc_origination,self,2026-04-01,XXXXXX4271,0
PH004490,AC001784,borrower_update,self,2026-04-01,XXXXXX6270,1
PH004491,AC001784,reference,reference_spouse,2026-04-01,XXXXXX7330,2
PH004492,AC001785,kyc_origination,self,2026-04-01,XXXXXX9866,0
PH004493,AC001785,reference,reference_friend,2026-04-01,XXXXXX8984,1
PH004494,AC001786,kyc_origination,self,2026-04-01,XXXXXX0638,0
PH004495,AC001786,bureau,self,2026-04-01,XXXXXX8845,1
PH004496,AC001787,kyc_origination,self,2026-04-01,XXXXXX4087,0
PH004497,AC001787,borrower_update,self,2026-04-01,XXXXXX6685,1
PH004498,AC001788,kyc_origination,self,2026-04-01,XXXXXX9893,0
PH004499,AC001789,kyc_origination,self,2026-04-01,XXXXXX7254,0
PH004500,AC001790,kyc_origination,self,2026-04-01,XXXXXX0291,0
PH004501,AC001790,bureau,self,2026-04-01,XXXXXX7657,1
PH004502,AC001790,reference,reference_mother,2026-04-01,XXXXXX8629,2
PH004503,AC001791,kyc_origination,self,2026-04-01,XXXXXX2410,0
PH004504,AC001791,reference,reference_brother,2026-04-01,XXXXXX7640,1
PH004505,AC001792,kyc_origination,self,2026-04-01,XXXXXX1288,0
PH004506,AC001793,kyc_origination,self,2026-04-01,XXXXXX3678,0
PH004507,AC001793,bureau,self,2026-04-01,XXXXXX4389,1
PH004508,AC001793,reference,reference_spouse,2026-04-01,XXXXXX6086,2
PH004509,AC001794,kyc_origination,self,2026-04-01,XXXXXX1039,0
PH000311,AC001794,employer,office,2026-04-01,XXXXXX3553,1
PH000182,AC001795,kyc_origination,self,2026-04-01,XXXXXX5604,0
PH004510,AC001795,borrower_update,self,2026-04-01,XXXXXX9984,1
PH004511,AC001795,reference,reference_mother,2026-04-01,XXXXXX9857,2
PH004512,AC001796,kyc_origination,self,2026-04-01,XXXXXX2921,0
PH004513,AC001796,reference,reference_father,2026-04-01,XXXXXX0658,1
PH004514,AC001797,kyc_origination,self,2026-04-01,XXXXXX1212,0
PH004515,AC001797,borrower_update,self,2026-04-01,XXXXXX5325,1
PH004516,AC001798,kyc_origination,self,2026-04-01,XXXXXX0474,0
PH004517,AC001798,reference,reference_father,2026-04-01,XXXXXX7290,1
PH004518,AC001799,kyc_origination,self,2026-04-01,XXXXXX8903,0
PH004519,AC001799,reference,reference_father,2026-04-01,XXXXXX0283,1
PH004520,AC001800,kyc_origination,self,2026-04-01,XXXXXX4199,0
PH004521,AC001800,reference,reference_friend,2026-04-01,XXXXXX6495,1
PH004522,AC001801,kyc_origination,self,2026-04-01,XXXXXX0865,0
PH004523,AC001802,kyc_origination,self,2026-04-01,XXXXXX7184,0
PH004524,AC001802,reference,reference_father,2026-04-01,XXXXXX6465,1
PH004525,AC001803,kyc_origination,self,2026-04-01,XXXXXX0382,0
PH004526,AC001803,borrower_update,self,2026-04-01,XXXXXX5631,1
PH004527,AC001803,bureau,self,2026-04-01,XXXXXX3821,2
PH000411,AC001803,employer,office,2026-04-01,XXXXXX5441,3
PH004528,AC001803,reference,reference_father,2026-04-01,XXXXXX6276,4
PH004529,AC001804,kyc_origination,self,2026-04-01,XXXXXX1260,0
PH004530,AC001804,borrower_update,self,2026-04-01,XXXXXX4453,1
PH004531,AC001804,bureau,self,2026-04-01,XXXXXX2907,2
PH004532,AC001804,reference,reference_spouse,2026-04-01,XXXXXX5128,3
PH004533,AC001805,kyc_origination,self,2026-04-01,XXXXXX7967,0
PH004534,AC001806,kyc_origination,self,2026-04-01,XXXXXX6261,0
PH004535,AC001806,bureau,self,2026-04-01,XXXXXX3640,1
PH004536,AC001807,kyc_origination,self,2026-04-01,XXXXXX2982,0
PH004537,AC001807,borrower_update,self,2026-04-01,XXXXXX3748,1
PH004538,AC001807,reference,reference_brother,2026-04-01,XXXXXX7808,2
PH004539,AC001808,kyc_origination,self,2026-04-01,XXXXXX8512,0
PH004540,AC001809,kyc_origination,self,2026-04-01,XXXXXX5186,0
PH004541,AC001809,bureau,self,2026-04-01,XXXXXX6850,1
PH004542,AC001809,reference,reference_brother,2026-04-01,XXXXXX5185,2
PH004543,AC001810,kyc_origination,self,2026-04-01,XXXXXX8215,0
PH004544,AC001810,reference,reference_father,2026-04-01,XXXXXX7737,1
PH004545,AC001811,kyc_origination,self,2026-04-01,XXXXXX4028,0
PH004546,AC001811,bureau,self,2026-04-01,XXXXXX7835,1
PH004547,AC001811,reference,reference_brother,2026-04-01,XXXXXX9253,2
PH004548,AC001812,kyc_origination,self,2026-04-01,XXXXXX1037,0
PH004549,AC001812,bureau,self,2026-04-01,XXXXXX0022,1
PH000458,AC001812,employer,office,2026-04-01,XXXXXX1115,2
PH004550,AC001812,reference,reference_father,2026-04-01,XXXXXX6438,3
PH004551,AC001813,kyc_origination,self,2026-04-01,XXXXXX4207,0
PH000475,AC001813,employer,office,2026-04-01,XXXXXX6673,1
PH004552,AC001813,reference,reference_spouse,2026-04-01,XXXXXX1627,2
PH004553,AC001814,kyc_origination,self,2026-04-01,XXXXXX0490,0
PH004554,AC001814,bureau,self,2026-04-01,XXXXXX4377,1
PH004555,AC001815,kyc_origination,self,2026-04-01,XXXXXX2057,0
PH004556,AC001815,bureau,self,2026-04-01,XXXXXX5319,1
PH004557,AC001815,reference,reference_brother,2026-04-01,XXXXXX4690,2
PH004558,AC001816,kyc_origination,self,2026-04-01,XXXXXX7807,0
PH004559,AC001816,reference,reference_friend,2026-04-01,XXXXXX9971,1
PH004560,AC001817,kyc_origination,self,2026-04-01,XXXXXX5013,0
PH004561,AC001817,bureau,self,2026-04-01,XXXXXX5969,1
PH004562,AC001817,reference,reference_father,2026-04-01,XXXXXX4496,2
PH004563,AC001818,kyc_origination,self,2026-04-01,XXXXXX6286,0
PH004564,AC001818,reference,reference_brother,2026-04-01,XXXXXX6455,1
PH004565,AC001819,kyc_origination,self,2026-04-01,XXXXXX8888,0
PH004566,AC001819,bureau,self,2026-04-01,XXXXXX4861,1
PH004567,AC001819,reference,reference_friend,2026-04-01,XXXXXX4048,2
PH004568,AC001820,kyc_origination,self,2026-04-01,XXXXXX9624,0
PH004569,AC001821,kyc_origination,self,2026-04-01,XXXXXX6680,0
PH004570,AC001822,kyc_origination,self,2026-04-01,XXXXXX5254,0
PH004571,AC001822,borrower_update,self,2026-04-01,XXXXXX8874,1
PH000309,AC001822,employer,office,2026-04-01,XXXXXX8251,2
PH004572,AC001823,kyc_origination,self,2026-04-01,XXXXXX5365,0
PH004573,AC001823,bureau,self,2026-04-01,XXXXXX8225,1
PH004574,AC001824,kyc_origination,self,2026-04-01,XXXXXX4891,0
PH004575,AC001824,bureau,self,2026-04-01,XXXXXX9586,1
PH004576,AC001825,kyc_origination,self,2026-04-01,XXXXXX7821,0
PH004577,AC001826,kyc_origination,self,2026-04-01,XXXXXX9086,0
PH004578,AC001826,reference,reference_mother,2026-04-01,XXXXXX1529,1
PH004579,AC001827,kyc_origination,self,2026-04-01,XXXXXX6824,0
PH004580,AC001828,kyc_origination,self,2026-04-01,XXXXXX3532,0
PH004581,AC001828,borrower_update,self,2026-04-01,XXXXXX2265,1
PH004582,AC001828,bureau,self,2026-04-01,XXXXXX6614,2
PH004583,AC001829,kyc_origination,self,2026-04-01,XXXXXX7136,0
PH004584,AC001830,kyc_origination,self,2026-04-01,XXXXXX8898,0
PH000267,AC001830,employer,office,2026-04-01,XXXXXX8738,1
PH004585,AC001830,reference,reference_brother,2026-04-01,XXXXXX4900,2
PH004586,AC001831,kyc_origination,self,2026-04-01,XXXXXX2005,0
PH004587,AC001831,borrower_update,self,2026-04-01,XXXXXX4172,1
PH004588,AC001831,reference,reference_father,2026-04-01,XXXXXX8247,2
PH004589,AC001832,kyc_origination,self,2026-04-01,XXXXXX8062,0
PH004590,AC001832,reference,reference_spouse,2026-04-01,XXXXXX8438,1
PH004591,AC001833,kyc_origination,self,2026-04-01,XXXXXX1217,0
PH004592,AC001833,bureau,self,2026-04-01,XXXXXX9544,1
PH004593,AC001833,reference,reference_spouse,2026-04-01,XXXXXX2251,2
PH004594,AC001834,kyc_origination,self,2026-04-01,XXXXXX4015,0
PH004595,AC001835,kyc_origination,self,2026-04-01,XXXXXX5848,0
PH004596,AC001835,reference,reference_spouse,2026-04-01,XXXXXX9783,1
PH000118,AC001836,kyc_origination,self,2026-04-01,XXXXXX6797,0
PH004597,AC001836,bureau,self,2026-04-01,XXXXXX8824,1
PH004598,AC001836,reference,reference_friend,2026-04-01,XXXXXX0492,2
PH004599,AC001837,kyc_origination,self,2026-04-01,XXXXXX0480,0
PH004600,AC001838,kyc_origination,self,2026-04-01,XXXXXX7616,0
PH004601,AC001839,kyc_origination,self,2026-04-01,XXXXXX5077,0
PH004602,AC001840,kyc_origination,self,2026-04-01,XXXXXX2332,0
PH004603,AC001840,reference,reference_friend,2026-04-01,XXXXXX8110,1
PH004604,AC001841,kyc_origination,self,2026-04-01,XXXXXX3874,0
PH004605,AC001841,borrower_update,self,2026-04-01,XXXXXX3086,1
PH004606,AC001842,kyc_origination,self,2026-04-01,XXXXXX6408,0
PH004607,AC001842,bureau,self,2026-04-01,XXXXXX2038,1
PH004608,AC001842,reference,reference_spouse,2026-04-01,XXXXXX1894,2
PH004609,AC001843,kyc_origination,self,2026-04-01,XXXXXX7653,0
PH004610,AC001843,bureau,self,2026-04-01,XXXXXX8324,1
PH004611,AC001844,kyc_origination,self,2026-04-01,XXXXXX3979,0
PH004612,AC001844,borrower_update,self,2026-04-01,XXXXXX2495,1
PH004613,AC001845,kyc_origination,self,2026-04-01,XXXXXX5851,0
PH004614,AC001845,borrower_update,self,2026-04-01,XXXXXX3427,1
PH004615,AC001845,reference,reference_mother,2026-04-01,XXXXXX9412,2
PH004616,AC001846,kyc_origination,self,2026-04-01,XXXXXX9804,0
PH004617,AC001846,borrower_update,self,2026-04-01,XXXXXX8589,1
PH004618,AC001847,kyc_origination,self,2026-04-01,XXXXXX0453,0
PH004619,AC001848,kyc_origination,self,2026-04-01,XXXXXX9419,0
PH004620,AC001848,reference,reference_spouse,2026-04-01,XXXXXX0874,1
PH004621,AC001849,kyc_origination,self,2026-04-01,XXXXXX4768,0
PH004622,AC001849,reference,reference_friend,2026-04-01,XXXXXX5327,1
PH004623,AC001850,kyc_origination,self,2026-04-01,XXXXXX7439,0
PH004624,AC001850,borrower_update,self,2026-04-01,XXXXXX1707,1
PH004625,AC001851,kyc_origination,self,2026-04-01,XXXXXX5465,0
PH004626,AC001852,kyc_origination,self,2026-04-01,XXXXXX4370,0
PH004627,AC001852,borrower_update,self,2026-04-01,XXXXXX5654,1
PH004628,AC001853,kyc_origination,self,2026-04-01,XXXXXX8851,0
PH004629,AC001853,bureau,self,2026-04-01,XXXXXX4308,1
PH004630,AC001853,reference,reference_spouse,2026-04-01,XXXXXX7739,2
PH004631,AC001854,kyc_origination,self,2026-04-01,XXXXXX4542,0
PH004632,AC001854,borrower_update,self,2026-04-01,XXXXXX5626,1
PH004633,AC001855,kyc_origination,self,2026-04-01,XXXXXX0343,0
PH004634,AC001856,kyc_origination,self,2026-04-01,XXXXXX8984,0
PH004635,AC001856,reference,reference_friend,2026-04-01,XXXXXX8369,1
PH004636,AC001857,kyc_origination,self,2026-04-01,XXXXXX6536,0
PH004637,AC001858,kyc_origination,self,2026-04-01,XXXXXX1355,0
PH004638,AC001858,bureau,self,2026-04-01,XXXXXX8383,1
PH000470,AC001858,employer,office,2026-04-01,XXXXXX7275,2
PH004639,AC001859,kyc_origination,self,2026-04-01,XXXXXX7416,0
PH004640,AC001859,reference,reference_spouse,2026-04-01,XXXXXX6111,1
PH004641,AC001860,kyc_origination,self,2026-04-01,XXXXXX6977,0
PH004642,AC001860,reference,reference_brother,2026-04-01,XXXXXX8462,1
PH004643,AC001861,kyc_origination,self,2026-04-01,XXXXXX2819,0
PH004644,AC001861,bureau,self,2026-04-01,XXXXXX5053,1
PH004645,AC001861,reference,reference_friend,2026-04-01,XXXXXX7025,2
PH004646,AC001862,kyc_origination,self,2026-04-01,XXXXXX9018,0
PH004647,AC001862,bureau,self,2026-04-01,XXXXXX1404,1
PH000399,AC001862,employer,office,2026-04-01,XXXXXX2007,2
PH004648,AC001862,reference,reference_father,2026-04-01,XXXXXX9908,3
PH004649,AC001863,kyc_origination,self,2026-04-01,XXXXXX1786,0
PH004650,AC001863,borrower_update,self,2026-04-01,XXXXXX5789,1
PH004651,AC001864,kyc_origination,self,2026-04-01,XXXXXX2847,0
PH004652,AC001864,borrower_update,self,2026-04-01,XXXXXX2669,1
PH004653,AC001864,reference,reference_friend,2026-04-01,XXXXXX7204,2
PH004654,AC001865,kyc_origination,self,2026-04-01,XXXXXX1184,0
PH004655,AC001865,borrower_update,self,2026-04-01,XXXXXX2475,1
PH004656,AC001865,reference,reference_father,2026-04-01,XXXXXX3412,2
PH004657,AC001866,kyc_origination,self,2026-04-01,XXXXXX7350,0
PH004658,AC001866,borrower_update,self,2026-04-01,XXXXXX8382,1
PH004659,AC001866,bureau,self,2026-04-01,XXXXXX6455,2
PH004660,AC001866,reference,reference_mother,2026-04-01,XXXXXX1525,3
PH004661,AC001867,kyc_origination,self,2026-04-01,XXXXXX9066,0
PH004662,AC001868,kyc_origination,self,2026-04-01,XXXXXX6678,0
PH004663,AC001868,reference,reference_spouse,2026-04-01,XXXXXX5349,1
PH004664,AC001869,kyc_origination,self,2026-04-01,XXXXXX3742,0
PH004665,AC001869,bureau,self,2026-04-01,XXXXXX5244,1
PH000516,AC001869,employer,office,2026-04-01,XXXXXX4371,2
PH004666,AC001869,reference,reference_friend,2026-04-01,XXXXXX0951,3
PH004667,AC001870,kyc_origination,self,2026-04-01,XXXXXX5136,0
PH004668,AC001870,reference,reference_brother,2026-04-01,XXXXXX9929,1
PH004669,AC001871,kyc_origination,self,2026-04-01,XXXXXX7356,0
PH004670,AC001871,reference,reference_father,2026-04-01,XXXXXX2079,1
PH004671,AC001872,kyc_origination,self,2026-04-01,XXXXXX2224,0
PH004672,AC001872,borrower_update,self,2026-04-01,XXXXXX0513,1
PH004673,AC001872,bureau,self,2026-04-01,XXXXXX8946,2
PH004674,AC001872,reference,reference_father,2026-04-01,XXXXXX9397,3
PH004675,AC001873,kyc_origination,self,2026-04-01,XXXXXX4692,0
PH000546,AC001873,employer,office,2026-04-01,XXXXXX0492,1
PH004676,AC001874,kyc_origination,self,2026-04-01,XXXXXX6637,0
PH004677,AC001874,borrower_update,self,2026-04-01,XXXXXX6918,1
PH004678,AC001874,bureau,self,2026-04-01,XXXXXX2693,2
PH004679,AC001874,reference,reference_spouse,2026-04-01,XXXXXX2739,3
PH004680,AC001875,kyc_origination,self,2026-04-01,XXXXXX5531,0
PH004681,AC001875,reference,reference_brother,2026-04-01,XXXXXX3754,1
PH004682,AC001876,kyc_origination,self,2026-04-01,XXXXXX1500,0
PH004683,AC001876,bureau,self,2026-04-01,XXXXXX1651,1
PH004684,AC001877,kyc_origination,self,2026-04-01,XXXXXX4598,0
PH004685,AC001877,reference,reference_friend,2026-04-01,XXXXXX5714,1
PH004686,AC001878,kyc_origination,self,2026-04-01,XXXXXX5176,0
PH004687,AC001878,borrower_update,self,2026-04-01,XXXXXX3487,1
PH004688,AC001879,kyc_origination,self,2026-04-01,XXXXXX7578,0
PH004689,AC001879,borrower_update,self,2026-04-01,XXXXXX8765,1
PH004690,AC001879,reference,reference_father,2026-04-01,XXXXXX3636,2
PH004691,AC001880,kyc_origination,self,2026-04-01,XXXXXX6749,0
PH004692,AC001880,borrower_update,self,2026-04-01,XXXXXX8068,1
PH004693,AC001881,kyc_origination,self,2026-04-01,XXXXXX4213,0
PH004694,AC001881,borrower_update,self,2026-04-01,XXXXXX7542,1
PH004695,AC001881,bureau,self,2026-04-01,XXXXXX4351,2
PH000509,AC001881,employer,office,2026-04-01,XXXXXX7674,3
PH004696,AC001881,reference,reference_friend,2026-04-01,XXXXXX9300,4
PH004697,AC001882,kyc_origination,self,2026-04-01,XXXXXX1407,0
PH004698,AC001882,borrower_update,self,2026-04-01,XXXXXX1855,1
PH004699,AC001882,reference,reference_brother,2026-04-01,XXXXXX4050,2
PH004700,AC001883,kyc_origination,self,2026-04-01,XXXXXX5392,0
PH004701,AC001883,borrower_update,self,2026-04-01,XXXXXX0889,1
PH004702,AC001884,kyc_origination,self,2026-04-01,XXXXXX7685,0
PH000444,AC001884,employer,office,2026-04-01,XXXXXX5542,1
PH004703,AC001885,kyc_origination,self,2026-04-01,XXXXXX1835,0
PH004704,AC001885,reference,reference_friend,2026-04-01,XXXXXX5832,1
PH004705,AC001886,kyc_origination,self,2026-04-01,XXXXXX1804,0
PH004706,AC001886,borrower_update,self,2026-04-01,XXXXXX4585,1
PH004707,AC001887,kyc_origination,self,2026-04-01,XXXXXX4792,0
PH004708,AC001887,borrower_update,self,2026-04-01,XXXXXX7162,1
PH004709,AC001888,kyc_origination,self,2026-04-01,XXXXXX6898,0
PH004710,AC001888,bureau,self,2026-04-01,XXXXXX9770,1
PH004711,AC001889,kyc_origination,self,2026-04-01,XXXXXX1800,0
PH004712,AC001889,reference,reference_spouse,2026-04-01,XXXXXX5139,1
PH004713,AC001890,kyc_origination,self,2026-04-01,XXXXXX0513,0
PH004714,AC001891,kyc_origination,self,2026-04-01,XXXXXX4187,0
PH004715,AC001891,borrower_update,self,2026-04-01,XXXXXX2870,1
PH004716,AC001891,reference,reference_friend,2026-04-01,XXXXXX5350,2
PH004717,AC001892,kyc_origination,self,2026-04-01,XXXXXX1270,0
PH004718,AC001892,reference,reference_spouse,2026-04-01,XXXXXX5132,1
PH004719,AC001893,kyc_origination,self,2026-04-01,XXXXXX1263,0
PH004720,AC001893,reference,reference_brother,2026-04-01,XXXXXX8389,1
PH004721,AC001894,kyc_origination,self,2026-04-01,XXXXXX8143,0
PH004722,AC001895,kyc_origination,self,2026-04-01,XXXXXX1561,0
PH004723,AC001895,borrower_update,self,2026-04-01,XXXXXX2653,1
PH000384,AC001895,employer,office,2026-04-01,XXXXXX8263,2
PH004724,AC001896,kyc_origination,self,2026-04-01,XXXXXX9021,0
PH004725,AC001896,bureau,self,2026-04-01,XXXXXX2264,1
PH004726,AC001896,reference,reference_father,2026-04-01,XXXXXX3594,2
PH004727,AC001897,kyc_origination,self,2026-04-01,XXXXXX1100,0
PH004728,AC001897,reference,reference_friend,2026-04-01,XXXXXX6269,1
PH004729,AC001898,kyc_origination,self,2026-04-01,XXXXXX5167,0
PH004730,AC001898,borrower_update,self,2026-04-01,XXXXXX3912,1
PH004731,AC001898,reference,reference_mother,2026-04-01,XXXXXX0339,2
PH004732,AC001899,kyc_origination,self,2026-04-01,XXXXXX5361,0
PH004733,AC001899,reference,reference_brother,2026-04-01,XXXXXX3954,1
PH004734,AC001900,kyc_origination,self,2026-04-01,XXXXXX1084,0
PH004735,AC001900,bureau,self,2026-04-01,XXXXXX3053,1
PH004736,AC001900,reference,reference_spouse,2026-04-01,XXXXXX4599,2
PH004737,AC001901,kyc_origination,self,2026-04-01,XXXXXX3552,0
PH004738,AC001901,reference,reference_father,2026-04-01,XXXXXX9356,1
PH004739,AC001902,kyc_origination,self,2026-04-01,XXXXXX5359,0
PH004740,AC001902,reference,reference_brother,2026-04-01,XXXXXX4880,1
PH004741,AC001903,kyc_origination,self,2026-04-01,XXXXXX7594,0
PH004742,AC001903,bureau,self,2026-04-01,XXXXXX4642,1
PH004743,AC001904,kyc_origination,self,2026-04-01,XXXXXX5193,0
PH004744,AC001905,kyc_origination,self,2026-04-01,XXXXXX5294,0
PH004745,AC001905,reference,reference_brother,2026-04-01,XXXXXX0754,1
PH004746,AC001906,kyc_origination,self,2026-04-01,XXXXXX6350,0
PH004747,AC001906,reference,reference_brother,2026-04-01,XXXXXX3036,1
PH004748,AC001907,kyc_origination,self,2026-04-01,XXXXXX9137,0
PH004749,AC001907,borrower_update,self,2026-04-01,XXXXXX9654,1
PH004750,AC001907,bureau,self,2026-04-01,XXXXXX8335,2
PH004751,AC001908,kyc_origination,self,2026-04-01,XXXXXX2632,0
PH004752,AC001908,bureau,self,2026-04-01,XXXXXX9800,1
PH004753,AC001909,kyc_origination,self,2026-04-01,XXXXXX5201,0
PH004754,AC001909,borrower_update,self,2026-04-01,XXXXXX4550,1
PH004755,AC001909,reference,reference_father,2026-04-01,XXXXXX5752,2
PH004756,AC001910,kyc_origination,self,2026-04-01,XXXXXX3206,0
PH004757,AC001910,borrower_update,self,2026-04-01,XXXXXX3824,1
PH004758,AC001910,bureau,self,2026-04-01,XXXXXX3442,2
PH004759,AC001910,reference,reference_father,2026-04-01,XXXXXX4578,3
PH004760,AC001911,kyc_origination,self,2026-04-01,XXXXXX5431,0
PH004761,AC001912,kyc_origination,self,2026-04-01,XXXXXX0762,0
PH004762,AC001912,bureau,self,2026-04-01,XXXXXX3279,1
PH000572,AC001912,employer,office,2026-04-01,XXXXXX3235,2
PH004763,AC001912,reference,reference_mother,2026-04-01,XXXXXX6463,3
PH004764,AC001913,kyc_origination,self,2026-04-01,XXXXXX5336,0
PH004765,AC001914,kyc_origination,self,2026-04-01,XXXXXX3933,0
PH004766,AC001914,borrower_update,self,2026-04-01,XXXXXX2870,1
PH004767,AC001914,reference,reference_spouse,2026-04-01,XXXXXX4951,2
PH004768,AC001915,kyc_origination,self,2026-04-01,XXXXXX8733,0
PH000486,AC001915,employer,office,2026-04-01,XXXXXX3772,1
PH004769,AC001916,kyc_origination,self,2026-04-01,XXXXXX4059,0
PH004770,AC001916,borrower_update,self,2026-04-01,XXXXXX9955,1
PH004771,AC001916,bureau,self,2026-04-01,XXXXXX1131,2
PH004772,AC001917,kyc_origination,self,2026-04-01,XXXXXX9716,0
PH004773,AC001918,kyc_origination,self,2026-04-01,XXXXXX9775,0
PH004774,AC001918,reference,reference_father,2026-04-01,XXXXXX1867,1
PH004775,AC001919,kyc_origination,self,2026-04-01,XXXXXX9341,0
PH004776,AC001919,reference,reference_spouse,2026-04-01,XXXXXX2951,1
PH004777,AC001920,kyc_origination,self,2026-04-01,XXXXXX5564,0
PH000516,AC001920,employer,office,2026-04-01,XXXXXX4371,1
PH004778,AC001921,kyc_origination,self,2026-04-01,XXXXXX7051,0
PH004779,AC001921,borrower_update,self,2026-04-01,XXXXXX1064,1
PH004780,AC001921,bureau,self,2026-04-01,XXXXXX4648,2
PH004781,AC001921,reference,reference_spouse,2026-04-01,XXXXXX3718,3
PH004782,AC001922,kyc_origination,self,2026-04-01,XXXXXX0504,0
PH004783,AC001922,borrower_update,self,2026-04-01,XXXXXX4336,1
PH004784,AC001922,bureau,self,2026-04-01,XXXXXX8207,2
PH004785,AC001922,reference,reference_father,2026-04-01,XXXXXX9708,3
PH004786,AC001923,kyc_origination,self,2026-04-01,XXXXXX1436,0
PH004787,AC001923,borrower_update,self,2026-04-01,XXXXXX9355,1
PH004788,AC001924,kyc_origination,self,2026-04-01,XXXXXX0385,0
PH004789,AC001924,reference,reference_father,2026-04-01,XXXXXX2827,1
PH004790,AC001925,kyc_origination,self,2026-04-01,XXXXXX7674,0
PH004791,AC001925,reference,reference_spouse,2026-04-01,XXXXXX6028,1
PH004792,AC001926,kyc_origination,self,2026-04-01,XXXXXX8546,0
PH004793,AC001926,reference,reference_brother,2026-04-01,XXXXXX5300,1
PH004794,AC001927,kyc_origination,self,2026-04-01,XXXXXX1258,0
PH000308,AC001927,employer,office,2026-04-01,XXXXXX4483,1
PH004795,AC001928,kyc_origination,self,2026-04-01,XXXXXX0274,0
PH004796,AC001928,borrower_update,self,2026-04-01,XXXXXX9587,1
PH004797,AC001929,kyc_origination,self,2026-04-01,XXXXXX4866,0
PH004798,AC001929,bureau,self,2026-04-01,XXXXXX1185,1
PH004799,AC001930,kyc_origination,self,2026-04-01,XXXXXX8563,0
PH004800,AC001930,reference,reference_spouse,2026-04-01,XXXXXX5521,1
PH004801,AC001931,kyc_origination,self,2026-04-01,XXXXXX2132,0
PH004802,AC001931,borrower_update,self,2026-04-01,XXXXXX0238,1
PH004803,AC001931,bureau,self,2026-04-01,XXXXXX2077,2
PH004804,AC001932,kyc_origination,self,2026-04-01,XXXXXX2546,0
PH004805,AC001932,reference,reference_brother,2026-04-01,XXXXXX6516,1
PH004806,AC001933,kyc_origination,self,2026-04-01,XXXXXX9350,0
PH004807,AC001933,borrower_update,self,2026-04-01,XXXXXX1931,1
PH004808,AC001933,reference,reference_friend,2026-04-01,XXXXXX5030,2
PH004809,AC001934,kyc_origination,self,2026-04-01,XXXXXX3717,0
PH004810,AC001935,kyc_origination,self,2026-04-01,XXXXXX0541,0
PH004811,AC001935,reference,reference_mother,2026-04-01,XXXXXX7713,1
PH004812,AC001936,kyc_origination,self,2026-04-01,XXXXXX1356,0
PH004813,AC001936,borrower_update,self,2026-04-01,XXXXXX5887,1
PH004814,AC001937,kyc_origination,self,2026-04-01,XXXXXX2563,0
PH004815,AC001938,kyc_origination,self,2026-04-01,XXXXXX4668,0
PH004816,AC001939,kyc_origination,self,2026-04-01,XXXXXX1373,0
PH004817,AC001939,reference,reference_spouse,2026-04-01,XXXXXX5355,1
PH004818,AC001940,kyc_origination,self,2026-04-01,XXXXXX5600,0
PH004819,AC001941,kyc_origination,self,2026-04-01,XXXXXX7656,0
PH004820,AC001941,borrower_update,self,2026-04-01,XXXXXX4462,1
PH004821,AC001942,kyc_origination,self,2026-04-01,XXXXXX8070,0
PH004822,AC001943,kyc_origination,self,2026-04-01,XXXXXX4892,0
PH004823,AC001943,reference,reference_spouse,2026-04-01,XXXXXX3022,1
PH004824,AC001944,kyc_origination,self,2026-04-01,XXXXXX0394,0
PH004825,AC001944,reference,reference_spouse,2026-04-01,XXXXXX4576,1
PH004826,AC001945,kyc_origination,self,2026-04-01,XXXXXX2326,0
PH004827,AC001945,borrower_update,self,2026-04-01,XXXXXX8195,1
PH004828,AC001945,bureau,self,2026-04-01,XXXXXX2744,2
PH000341,AC001945,employer,office,2026-04-01,XXXXXX9821,3
PH004829,AC001946,kyc_origination,self,2026-04-01,XXXXXX6986,0
PH004830,AC001946,bureau,self,2026-04-01,XXXXXX2517,1
PH000400,AC001946,employer,office,2026-04-01,XXXXXX8245,2
PH004831,AC001946,reference,reference_spouse,2026-04-01,XXXXXX5213,3
PH004832,AC001947,kyc_origination,self,2026-04-01,XXXXXX7088,0
PH004833,AC001947,bureau,self,2026-04-01,XXXXXX4582,1
PH004834,AC001948,kyc_origination,self,2026-04-01,XXXXXX6173,0
PH004835,AC001948,reference,reference_brother,2026-04-01,XXXXXX7099,1
PH004836,AC001949,kyc_origination,self,2026-04-01,XXXXXX6302,0
PH004837,AC001949,reference,reference_mother,2026-04-01,XXXXXX3409,1
PH004838,AC001950,kyc_origination,self,2026-04-01,XXXXXX3470,0
PH004839,AC001951,kyc_origination,self,2026-04-01,XXXXXX4885,0
PH004840,AC001952,kyc_origination,self,2026-04-01,XXXXXX6309,0
PH004841,AC001952,reference,reference_spouse,2026-04-01,XXXXXX4161,1
PH004842,AC001953,kyc_origination,self,2026-04-01,XXXXXX6416,0
PH004843,AC001953,borrower_update,self,2026-04-01,XXXXXX4204,1
PH004844,AC001954,kyc_origination,self,2026-04-01,XXXXXX5287,0
PH004845,AC001954,borrower_update,self,2026-04-01,XXXXXX3945,1
PH004846,AC001954,reference,reference_spouse,2026-04-01,XXXXXX3575,2
PH004847,AC001955,kyc_origination,self,2026-04-01,XXXXXX3601,0
PH004848,AC001956,kyc_origination,self,2026-04-01,XXXXXX3541,0
PH004849,AC001956,borrower_update,self,2026-04-01,XXXXXX6319,1
PH004850,AC001956,bureau,self,2026-04-01,XXXXXX9196,2
PH004851,AC001957,kyc_origination,self,2026-04-01,XXXXXX7486,0
PH004852,AC001957,reference,reference_friend,2026-04-01,XXXXXX1477,1
PH004853,AC001958,kyc_origination,self,2026-04-01,XXXXXX1369,0
PH004854,AC001959,kyc_origination,self,2026-04-01,XXXXXX5157,0
PH004855,AC001959,borrower_update,self,2026-04-01,XXXXXX2772,1
PH004856,AC001959,reference,reference_spouse,2026-04-01,XXXXXX0731,2
PH004857,AC001960,kyc_origination,self,2026-04-01,XXXXXX3708,0
PH004858,AC001960,borrower_update,self,2026-04-01,XXXXXX3987,1
PH004859,AC001961,kyc_origination,self,2026-04-01,XXXXXX2370,0
PH004860,AC001961,bureau,self,2026-04-01,XXXXXX9130,1
PH000403,AC001961,employer,office,2026-04-01,XXXXXX4662,2
PH004861,AC001961,reference,reference_mother,2026-04-01,XXXXXX4170,3
PH004862,AC001962,kyc_origination,self,2026-04-01,XXXXXX8309,0
PH004863,AC001962,borrower_update,self,2026-04-01,XXXXXX6031,1
PH000356,AC001962,employer,office,2026-04-01,XXXXXX9461,2
PH004864,AC001963,kyc_origination,self,2026-04-01,XXXXXX0411,0
PH004865,AC001963,borrower_update,self,2026-04-01,XXXXXX8930,1
PH004866,AC001964,kyc_origination,self,2026-04-01,XXXXXX6866,0
PH000344,AC001964,employer,office,2026-04-01,XXXXXX2540,1
PH004867,AC001965,kyc_origination,self,2026-04-01,XXXXXX2939,0
PH004868,AC001965,borrower_update,self,2026-04-01,XXXXXX6545,1
PH004869,AC001965,reference,reference_brother,2026-04-01,XXXXXX1676,2
PH004870,AC001966,kyc_origination,self,2026-04-01,XXXXXX6880,0
PH004871,AC001966,borrower_update,self,2026-04-01,XXXXXX4229,1
PH004872,AC001966,bureau,self,2026-04-01,XXXXXX4193,2
PH004873,AC001967,kyc_origination,self,2026-04-01,XXXXXX1791,0
PH004874,AC001967,borrower_update,self,2026-04-01,XXXXXX4679,1
PH004875,AC001967,reference,reference_brother,2026-04-01,XXXXXX2946,2
PH004876,AC001968,kyc_origination,self,2026-04-01,XXXXXX3164,0
PH004877,AC001968,borrower_update,self,2026-04-01,XXXXXX5969,1
PH004878,AC001968,bureau,self,2026-04-01,XXXXXX8265,2
PH004879,AC001968,reference,reference_father,2026-04-01,XXXXXX6396,3
PH004880,AC001969,kyc_origination,self,2026-04-01,XXXXXX0376,0
PH004881,AC001969,reference,reference_father,2026-04-01,XXXXXX1996,1
PH004882,AC001970,kyc_origination,self,2026-04-01,XXXXXX5336,0
PH004883,AC001970,borrower_update,self,2026-04-01,XXXXXX8600,1
PH004884,AC001971,kyc_origination,self,2026-04-01,XXXXXX5598,0
PH004885,AC001971,borrower_update,self,2026-04-01,XXXXXX3241,1
PH000312,AC001971,employer,office,2026-04-01,XXXXXX0512,2
PH004886,AC001972,kyc_origination,self,2026-04-01,XXXXXX4091,0
PH000524,AC001972,employer,office,2026-04-01,XXXXXX7570,1
PH004887,AC001973,kyc_origination,self,2026-04-01,XXXXXX3034,0
PH004888,AC001973,borrower_update,self,2026-04-01,XXXXXX8202,1
PH000490,AC001973,employer,office,2026-04-01,XXXXXX7540,2
PH004889,AC001973,reference,reference_father,2026-04-01,XXXXXX1230,3
PH004890,AC001974,kyc_origination,self,2026-04-01,XXXXXX5817,0
PH004891,AC001975,kyc_origination,self,2026-04-01,XXXXXX1730,0
PH004892,AC001975,reference,reference_brother,2026-04-01,XXXXXX9880,1
PH004893,AC001976,kyc_origination,self,2026-04-01,XXXXXX7186,0
PH004894,AC001976,borrower_update,self,2026-04-01,XXXXXX7174,1
PH004895,AC001976,bureau,self,2026-04-01,XXXXXX8495,2
PH004896,AC001976,reference,reference_spouse,2026-04-01,XXXXXX6530,3
PH004897,AC001977,kyc_origination,self,2026-04-01,XXXXXX8594,0
PH004898,AC001978,kyc_origination,self,2026-04-01,XXXXXX6870,0
PH004899,AC001978,reference,reference_spouse,2026-04-01,XXXXXX8719,1
PH004900,AC001979,kyc_origination,self,2026-04-01,XXXXXX5978,0
PH000503,AC001979,employer,office,2026-04-01,XXXXXX8287,1
PH004901,AC001979,reference,reference_friend,2026-04-01,XXXXXX9922,2
PH004902,AC001980,kyc_origination,self,2026-04-01,XXXXXX2498,0
PH004903,AC001980,borrower_update,self,2026-04-01,XXXXXX3374,1
PH000320,AC001980,employer,office,2026-04-01,XXXXXX2989,2
PH004904,AC001980,reference,reference_brother,2026-04-01,XXXXXX2147,3
PH000134,AC001981,kyc_origination,self,2026-04-01,XXXXXX7169,0
PH004905,AC001981,borrower_update,self,2026-04-01,XXXXXX0109,1
PH004906,AC001981,reference,reference_spouse,2026-04-01,XXXXXX0336,2
PH004907,AC001982,kyc_origination,self,2026-04-01,XXXXXX7295,0
PH004908,AC001982,bureau,self,2026-04-01,XXXXXX7245,1
PH004909,AC001982,reference,reference_spouse,2026-04-01,XXXXXX5315,2
PH004910,AC001983,kyc_origination,self,2026-04-01,XXXXXX2030,0
PH004911,AC001983,bureau,self,2026-04-01,XXXXXX9672,1
PH004912,AC001984,kyc_origination,self,2026-04-01,XXXXXX3535,0
PH004913,AC001984,borrower_update,self,2026-04-01,XXXXXX8354,1
PH004914,AC001984,reference,reference_brother,2026-04-01,XXXXXX0313,2
PH004915,AC001985,kyc_origination,self,2026-04-01,XXXXXX2139,0
PH004916,AC001985,bureau,self,2026-04-01,XXXXXX5078,1
PH004917,AC001986,kyc_origination,self,2026-04-01,XXXXXX5669,0
PH004918,AC001986,bureau,self,2026-04-01,XXXXXX1613,1
PH004919,AC001986,reference,reference_father,2026-04-01,XXXXXX1836,2
PH004920,AC001987,kyc_origination,self,2026-04-01,XXXXXX3299,0
PH000546,AC001987,employer,office,2026-04-01,XXXXXX0492,1
PH004921,AC001987,reference,reference_father,2026-04-01,XXXXXX3483,2
PH004922,AC001988,kyc_origination,self,2026-04-01,XXXXXX0451,0
PH004923,AC001988,bureau,self,2026-04-01,XXXXXX7886,1
PH004924,AC001988,reference,reference_mother,2026-04-01,XXXXXX2443,2
PH004925,AC001989,kyc_origination,self,2026-04-01,XXXXXX5445,0
PH004926,AC001989,borrower_update,self,2026-04-01,XXXXXX9896,1
PH004927,AC001989,reference,reference_spouse,2026-04-01,XXXXXX5847,2
PH004928,AC001990,kyc_origination,self,2026-04-01,XXXXXX6514,0
PH004929,AC001990,borrower_update,self,2026-04-01,XXXXXX1097,1
PH004930,AC001990,reference,reference_brother,2026-04-01,XXXXXX0460,2
PH004931,AC001991,kyc_origination,self,2026-04-01,XXXXXX9870,0
PH004932,AC001991,borrower_update,self,2026-04-01,XXXXXX3281,1
PH004933,AC001991,reference,reference_spouse,2026-04-01,XXXXXX5398,2
PH000056,AC001992,kyc_origination,self,2026-04-01,XXXXXX0267,0
PH004934,AC001992,bureau,self,2026-04-01,XXXXXX0387,1
PH004935,AC001992,reference,reference_friend,2026-04-01,XXXXXX7332,2
PH004936,AC001993,kyc_origination,self,2026-04-01,XXXXXX9970,0
PH004937,AC001993,bureau,self,2026-04-01,XXXXXX0368,1
PH004938,AC001994,kyc_origination,self,2026-04-01,XXXXXX3633,0
PH004939,AC001994,borrower_update,self,2026-04-01,XXXXXX4370,1
PH004940,AC001995,kyc_origination,self,2026-04-01,XXXXXX5607,0
PH004941,AC001995,bureau,self,2026-04-01,XXXXXX3654,1
PH004942,AC001995,reference,reference_friend,2026-04-01,XXXXXX8459,2
PH004943,AC001996,kyc_origination,self,2026-04-01,XXXXXX6435,0
PH004944,AC001996,borrower_update,self,2026-04-01,XXXXXX1918,1
PH004945,AC001997,kyc_origination,self,2026-04-01,XXXXXX8822,0
PH000382,AC001997,employer,office,2026-04-01,XXXXXX4919,1
PH004946,AC001998,kyc_origination,self,2026-04-01,XXXXXX0016,0
PH004947,AC001998,bureau,self,2026-04-01,XXXXXX9563,1
PH004948,AC001999,kyc_origination,self,2026-04-01,XXXXXX0738,0
PH004949,AC001999,borrower_update,self,2026-04-01,XXXXXX2002,1
PH004950,AC001999,reference,reference_father,2026-04-01,XXXXXX6666,2
PH004951,AC002000,kyc_origination,self,2026-04-01,XXXXXX0877,0
PH004952,AC002000,reference,reference_spouse,2026-04-01,XXXXXX0300,1
PH004953,AC002001,kyc_origination,self,2026-04-01,XXXXXX8260,0
PH004954,AC002001,reference,reference_spouse,2026-04-01,XXXXXX3625,1
PH004955,AC002002,kyc_origination,self,2026-04-01,XXXXXX2104,0
PH004956,AC002002,reference,reference_spouse,2026-04-01,XXXXXX3380,1
PH004957,AC002003,kyc_origination,self,2026-04-01,XXXXXX2853,0
PH004958,AC002003,borrower_update,self,2026-04-01,XXXXXX3768,1
PH004959,AC002003,reference,reference_spouse,2026-04-01,XXXXXX5540,2
PH004960,AC002004,kyc_origination,self,2026-04-01,XXXXXX3546,0
PH000509,AC002004,employer,office,2026-04-01,XXXXXX7674,1
PH004961,AC002004,reference,reference_brother,2026-04-01,XXXXXX2299,2
PH004962,AC002005,kyc_origination,self,2026-04-01,XXXXXX9857,0
PH004963,AC002005,borrower_update,self,2026-04-01,XXXXXX4366,1
PH004964,AC002006,kyc_origination,self,2026-04-01,XXXXXX5070,0
PH004965,AC002007,kyc_origination,self,2026-04-01,XXXXXX4079,0
PH004966,AC002007,bureau,self,2026-04-01,XXXXXX9778,1
PH004967,AC002007,reference,reference_mother,2026-04-01,XXXXXX2717,2
PH004968,AC002008,kyc_origination,self,2026-04-01,XXXXXX5212,0
PH004969,AC002009,kyc_origination,self,2026-04-01,XXXXXX5052,0
PH004970,AC002010,kyc_origination,self,2026-04-01,XXXXXX3402,0
PH004971,AC002011,kyc_origination,self,2026-04-01,XXXXXX4715,0
PH004972,AC002011,borrower_update,self,2026-04-01,XXXXXX2459,1
PH004973,AC002011,reference,reference_spouse,2026-04-01,XXXXXX0455,2
PH004974,AC002012,kyc_origination,self,2026-04-01,XXXXXX8975,0
PH004975,AC002012,borrower_update,self,2026-04-01,XXXXXX9840,1
PH004976,AC002012,reference,reference_brother,2026-04-01,XXXXXX3675,2
PH004977,AC002013,kyc_origination,self,2026-04-01,XXXXXX2573,0
PH004978,AC002014,kyc_origination,self,2026-04-01,XXXXXX6586,0
PH004979,AC002014,borrower_update,self,2026-04-01,XXXXXX2163,1
PH004980,AC002014,bureau,self,2026-04-01,XXXXXX7735,2
PH000413,AC002014,employer,office,2026-04-01,XXXXXX4971,3
PH004981,AC002015,kyc_origination,self,2026-04-01,XXXXXX9335,0
PH004982,AC002015,reference,reference_friend,2026-04-01,XXXXXX3285,1
PH004983,AC002016,kyc_origination,self,2026-04-01,XXXXXX1619,0
PH004984,AC002017,kyc_origination,self,2026-04-01,XXXXXX7515,0
PH004985,AC002017,bureau,self,2026-04-01,XXXXXX6863,1
PH004986,AC002018,kyc_origination,self,2026-04-01,XXXXXX7978,0
PH004987,AC002018,reference,reference_spouse,2026-04-01,XXXXXX7782,1
PH004988,AC002019,kyc_origination,self,2026-04-01,XXXXXX7096,0
PH004989,AC002020,kyc_origination,self,2026-04-01,XXXXXX0912,0
PH004990,AC002020,borrower_update,self,2026-04-01,XXXXXX8590,1
PH004991,AC002021,kyc_origination,self,2026-04-01,XXXXXX7551,0
PH004992,AC002021,reference,reference_friend,2026-04-01,XXXXXX4145,1
PH004993,AC002022,kyc_origination,self,2026-04-01,XXXXXX2653,0
PH000084,AC002023,kyc_origination,self,2026-04-01,XXXXXX9373,0
PH004994,AC002023,reference,reference_spouse,2026-04-01,XXXXXX0446,1
PH004995,AC002024,kyc_origination,self,2026-04-01,XXXXXX6243,0
PH004996,AC002024,borrower_update,self,2026-04-01,XXXXXX7787,1
PH004997,AC002024,reference,reference_friend,2026-04-01,XXXXXX4900,2
PH004998,AC002025,kyc_origination,self,2026-04-01,XXXXXX6046,0
PH004999,AC002025,borrower_update,self,2026-04-01,XXXXXX5365,1
PH005000,AC002025,reference,reference_friend,2026-04-01,XXXXXX2435,2
PH005001,AC002026,kyc_origination,self,2026-04-01,XXXXXX2278,0
PH005002,AC002027,kyc_origination,self,2026-04-01,XXXXXX5006,0
PH005003,AC002028,kyc_origination,self,2026-04-01,XXXXXX2136,0
PH005004,AC002028,borrower_update,self,2026-04-01,XXXXXX4823,1
PH000391,AC002028,employer,office,2026-04-01,XXXXXX5914,2
PH005005,AC002029,kyc_origination,self,2026-04-01,XXXXXX0405,0
PH005006,AC002029,bureau,self,2026-04-01,XXXXXX0624,1
PH005007,AC002030,kyc_origination,self,2026-04-01,XXXXXX2789,0
PH005008,AC002030,reference,reference_spouse,2026-04-01,XXXXXX1265,1
PH005009,AC002031,kyc_origination,self,2026-04-01,XXXXXX8572,0
PH005010,AC002032,kyc_origination,self,2026-04-01,XXXXXX1133,0
PH005011,AC002033,kyc_origination,self,2026-04-01,XXXXXX5603,0
PH005012,AC002033,reference,reference_mother,2026-04-01,XXXXXX8069,1
PH005013,AC002034,kyc_origination,self,2026-04-01,XXXXXX3495,0
PH005014,AC002034,bureau,self,2026-04-01,XXXXXX7024,1
PH005015,AC002035,kyc_origination,self,2026-04-01,XXXXXX0451,0
PH005016,AC002035,borrower_update,self,2026-04-01,XXXXXX4787,1
PH005017,AC002035,reference,reference_friend,2026-04-01,XXXXXX1016,2
PH005018,AC002036,kyc_origination,self,2026-04-01,XXXXXX7978,0
PH005019,AC002037,kyc_origination,self,2026-04-01,XXXXXX3686,0
PH005020,AC002038,kyc_origination,self,2026-04-01,XXXXXX4027,0
PH005021,AC002038,borrower_update,self,2026-04-01,XXXXXX4656,1
PH005022,AC002038,reference,reference_mother,2026-04-01,XXXXXX7502,2
PH005023,AC002039,kyc_origination,self,2026-04-01,XXXXXX9781,0
PH005024,AC002040,kyc_origination,self,2026-04-01,XXXXXX7752,0
PH005025,AC002040,borrower_update,self,2026-04-01,XXXXXX6720,1
PH005026,AC002040,reference,reference_mother,2026-04-01,XXXXXX5342,2
PH005027,AC002041,kyc_origination,self,2026-04-01,XXXXXX7593,0
PH005028,AC002041,borrower_update,self,2026-04-01,XXXXXX5513,1
PH005029,AC002041,bureau,self,2026-04-01,XXXXXX4541,2
PH005030,AC002042,kyc_origination,self,2026-04-01,XXXXXX5072,0
PH005031,AC002042,borrower_update,self,2026-04-01,XXXXXX6667,1
PH005032,AC002043,kyc_origination,self,2026-04-01,XXXXXX1191,0
PH005033,AC002043,borrower_update,self,2026-04-01,XXXXXX8150,1
PH005034,AC002043,bureau,self,2026-04-01,XXXXXX1555,2
PH005035,AC002044,kyc_origination,self,2026-04-01,XXXXXX1642,0
PH000427,AC002044,employer,office,2026-04-01,XXXXXX7450,1
PH005036,AC002044,reference,reference_spouse,2026-04-01,XXXXXX6469,2
PH005037,AC002045,kyc_origination,self,2026-04-01,XXXXXX3197,0
PH005038,AC002045,borrower_update,self,2026-04-01,XXXXXX2130,1
PH005039,AC002045,reference,reference_brother,2026-04-01,XXXXXX1231,2
PH005040,AC002046,kyc_origination,self,2026-04-01,XXXXXX0704,0
PH005041,AC002046,borrower_update,self,2026-04-01,XXXXXX7599,1
PH000301,AC002046,employer,office,2026-04-01,XXXXXX4806,2
PH005042,AC002046,reference,reference_friend,2026-04-01,XXXXXX3203,3
PH005043,AC002047,kyc_origination,self,2026-04-01,XXXXXX9866,0
PH005044,AC002047,bureau,self,2026-04-01,XXXXXX4776,1
PH005045,AC002047,reference,reference_spouse,2026-04-01,XXXXXX1928,2
PH005046,AC002048,kyc_origination,self,2026-04-01,XXXXXX8056,0
PH005047,AC002048,borrower_update,self,2026-04-01,XXXXXX4345,1
PH005048,AC002048,bureau,self,2026-04-01,XXXXXX6145,2
PH005049,AC002049,kyc_origination,self,2026-04-01,XXXXXX0398,0
PH005050,AC002049,borrower_update,self,2026-04-01,XXXXXX2781,1
PH005051,AC002049,bureau,self,2026-04-01,XXXXXX8716,2
PH005052,AC002049,reference,reference_brother,2026-04-01,XXXXXX1629,3
PH005053,AC002050,kyc_origination,self,2026-04-01,XXXXXX4313,0
PH005054,AC002050,borrower_update,self,2026-04-01,XXXXXX1668,1
PH005055,AC002051,kyc_origination,self,2026-04-01,XXXXXX3983,0
PH005056,AC002051,borrower_update,self,2026-04-01,XXXXXX9751,1
PH005057,AC002051,reference,reference_spouse,2026-04-01,XXXXXX0539,2
PH005058,AC002052,kyc_origination,self,2026-04-01,XXXXXX5772,0
PH005059,AC002052,borrower_update,self,2026-04-01,XXXXXX3841,1
PH005060,AC002052,bureau,self,2026-04-01,XXXXXX1958,2
PH005061,AC002052,reference,reference_brother,2026-04-01,XXXXXX2166,3
PH005062,AC002053,kyc_origination,self,2026-04-01,XXXXXX8429,0
PH005063,AC002053,reference,reference_brother,2026-04-01,XXXXXX3456,1
PH005064,AC002054,kyc_origination,self,2026-04-01,XXXXXX8904,0
PH005065,AC002054,bureau,self,2026-04-01,XXXXXX7927,1
PH005066,AC002055,kyc_origination,self,2026-04-01,XXXXXX0525,0
PH005067,AC002055,bureau,self,2026-04-01,XXXXXX2758,1
PH000106,AC002056,kyc_origination,self,2026-04-01,XXXXXX8324,0
PH005068,AC002056,bureau,self,2026-04-01,XXXXXX7869,1
PH005069,AC002056,reference,reference_mother,2026-04-01,XXXXXX0011,2
PH005070,AC002057,kyc_origination,self,2026-04-01,XXXXXX1078,0
PH005071,AC002057,borrower_update,self,2026-04-01,XXXXXX8531,1
PH005072,AC002058,kyc_origination,self,2026-04-01,XXXXXX7714,0
PH005073,AC002058,reference,reference_father,2026-04-01,XXXXXX0458,1
PH005074,AC002059,kyc_origination,self,2026-04-01,XXXXXX2467,0
PH005075,AC002060,kyc_origination,self,2026-04-01,XXXXXX6116,0
PH005076,AC002061,kyc_origination,self,2026-04-01,XXXXXX1585,0
PH005077,AC002062,kyc_origination,self,2026-04-01,XXXXXX8997,0
PH005078,AC002063,kyc_origination,self,2026-04-01,XXXXXX2857,0
PH005079,AC002063,bureau,self,2026-04-01,XXXXXX0736,1
PH000499,AC002063,employer,office,2026-04-01,XXXXXX2016,2
PH005080,AC002064,kyc_origination,self,2026-04-01,XXXXXX0018,0
PH005081,AC002064,reference,reference_spouse,2026-04-01,XXXXXX1810,1
PH005082,AC002065,kyc_origination,self,2026-04-01,XXXXXX7663,0
PH000437,AC002065,employer,office,2026-04-01,XXXXXX2744,1
PH005083,AC002066,kyc_origination,self,2026-04-01,XXXXXX6165,0
PH005084,AC002066,borrower_update,self,2026-04-01,XXXXXX1532,1
PH005085,AC002066,bureau,self,2026-04-01,XXXXXX0335,2
PH000588,AC002066,employer,office,2026-04-01,XXXXXX1623,3
PH005086,AC002067,kyc_origination,self,2026-04-01,XXXXXX1231,0
PH005087,AC002068,kyc_origination,self,2026-04-01,XXXXXX8371,0
PH005088,AC002069,kyc_origination,self,2026-04-01,XXXXXX3020,0
PH005089,AC002069,reference,reference_brother,2026-04-01,XXXXXX1508,1
PH000101,AC002070,kyc_origination,self,2026-04-01,XXXXXX1194,0
PH005090,AC002070,borrower_update,self,2026-04-01,XXXXXX7803,1
PH005091,AC002070,bureau,self,2026-04-01,XXXXXX2522,2
PH005092,AC002071,kyc_origination,self,2026-04-01,XXXXXX3641,0
PH005093,AC002072,kyc_origination,self,2026-04-01,XXXXXX1072,0
PH005094,AC002072,borrower_update,self,2026-04-01,XXXXXX3118,1
PH000353,AC002072,employer,office,2026-04-01,XXXXXX6607,2
PH005095,AC002072,reference,reference_spouse,2026-04-01,XXXXXX3090,3
PH005096,AC002073,kyc_origination,self,2026-04-01,XXXXXX3883,0
PH005097,AC002073,bureau,self,2026-04-01,XXXXXX8297,1
PH005098,AC002074,kyc_origination,self,2026-04-01,XXXXXX3536,0
PH005099,AC002075,kyc_origination,self,2026-04-01,XXXXXX0770,0
PH005100,AC002075,reference,reference_spouse,2026-04-01,XXXXXX2982,1
PH005101,AC002076,kyc_origination,self,2026-04-01,XXXXXX3160,0
PH005102,AC002076,borrower_update,self,2026-04-01,XXXXXX3055,1
PH005103,AC002077,kyc_origination,self,2026-04-01,XXXXXX4488,0
PH005104,AC002077,borrower_update,self,2026-04-01,XXXXXX6701,1
PH000497,AC002077,employer,office,2026-04-01,XXXXXX8299,2
PH005105,AC002078,kyc_origination,self,2026-04-01,XXXXXX1073,0
PH005106,AC002078,borrower_update,self,2026-04-01,XXXXXX1044,1
PH005107,AC002078,bureau,self,2026-04-01,XXXXXX6021,2
PH000286,AC002078,employer,office,2026-04-01,XXXXXX5160,3
PH005108,AC002079,kyc_origination,self,2026-04-01,XXXXXX2099,0
PH005109,AC002079,borrower_update,self,2026-04-01,XXXXXX7159,1
PH005110,AC002079,bureau,self,2026-04-01,XXXXXX4588,2
PH005111,AC002079,reference,reference_father,2026-04-01,XXXXXX5738,3
PH005112,AC002080,kyc_origination,self,2026-04-01,XXXXXX3989,0
PH005113,AC002080,borrower_update,self,2026-04-01,XXXXXX5376,1
PH005114,AC002080,reference,reference_father,2026-04-01,XXXXXX2139,2
PH005115,AC002081,kyc_origination,self,2026-04-01,XXXXXX9779,0
PH005116,AC002081,reference,reference_friend,2026-04-01,XXXXXX9025,1
PH005117,AC002082,kyc_origination,self,2026-04-01,XXXXXX3096,0
PH005118,AC002082,borrower_update,self,2026-04-01,XXXXXX0194,1
PH005119,AC002082,bureau,self,2026-04-01,XXXXXX8227,2
PH005120,AC002083,kyc_origination,self,2026-04-01,XXXXXX7532,0
PH005121,AC002083,bureau,self,2026-04-01,XXXXXX2339,1
PH000363,AC002083,employer,office,2026-04-01,XXXXXX4045,2
PH005122,AC002084,kyc_origination,self,2026-04-01,XXXXXX4818,0
PH005123,AC002085,kyc_origination,self,2026-04-01,XXXXXX0582,0
PH005124,AC002085,reference,reference_spouse,2026-04-01,XXXXXX5754,1
PH005125,AC002086,kyc_origination,self,2026-04-01,XXXXXX1536,0
PH005126,AC002086,bureau,self,2026-04-01,XXXXXX2329,1
PH005127,AC002087,kyc_origination,self,2026-04-01,XXXXXX1579,0
PH005128,AC002087,borrower_update,self,2026-04-01,XXXXXX5157,1
PH005129,AC002088,kyc_origination,self,2026-04-01,XXXXXX8166,0
PH005130,AC002088,reference,reference_friend,2026-04-01,XXXXXX7166,1
PH005131,AC002089,kyc_origination,self,2026-04-01,XXXXXX9391,0
PH005132,AC002089,reference,reference_mother,2026-04-01,XXXXXX8726,1
PH005133,AC002090,kyc_origination,self,2026-04-01,XXXXXX3903,0
PH005134,AC002090,borrower_update,self,2026-04-01,XXXXXX6156,1
PH005135,AC002090,bureau,self,2026-04-01,XXXXXX6980,2
PH005136,AC002090,reference,reference_mother,2026-04-01,XXXXXX8069,3
PH005137,AC002091,kyc_origination,self,2026-04-01,XXXXXX6988,0
PH000336,AC002091,employer,office,2026-04-01,XXXXXX2411,1
PH005138,AC002091,reference,reference_friend,2026-04-01,XXXXXX7147,2
PH000139,AC002092,kyc_origination,self,2026-04-01,XXXXXX2819,0
PH005139,AC002093,kyc_origination,self,2026-04-01,XXXXXX4744,0
PH000542,AC002093,employer,office,2026-04-01,XXXXXX5864,1
PH005140,AC002093,reference,reference_spouse,2026-04-01,XXXXXX6509,2
PH005141,AC002094,kyc_origination,self,2026-04-01,XXXXXX7553,0
PH005142,AC002094,bureau,self,2026-04-01,XXXXXX7356,1
PH005143,AC002094,reference,reference_friend,2026-04-01,XXXXXX0450,2
PH005144,AC002095,kyc_origination,self,2026-04-01,XXXXXX6349,0
PH005145,AC002095,bureau,self,2026-04-01,XXXXXX6796,1
PH005146,AC002095,reference,reference_mother,2026-04-01,XXXXXX1441,2
PH005147,AC002096,kyc_origination,self,2026-04-01,XXXXXX3435,0
PH005148,AC002096,bureau,self,2026-04-01,XXXXXX6975,1
PH000487,AC002096,employer,office,2026-04-01,XXXXXX9716,2
PH005149,AC002096,reference,reference_brother,2026-04-01,XXXXXX4857,3
PH005150,AC002097,kyc_origination,self,2026-04-01,XXXXXX8201,0
PH005151,AC002097,bureau,self,2026-04-01,XXXXXX5455,1
PH005152,AC002098,kyc_origination,self,2026-04-01,XXXXXX0707,0
PH005153,AC002098,borrower_update,self,2026-04-01,XXXXXX9062,1
PH000213,AC002099,kyc_origination,self,2026-04-01,XXXXXX2035,0
PH005154,AC002099,borrower_update,self,2026-04-01,XXXXXX4783,1
PH005155,AC002100,kyc_origination,self,2026-04-01,XXXXXX1989,0
PH005156,AC002100,borrower_update,self,2026-04-01,XXXXXX7831,1
PH005157,AC002100,bureau,self,2026-04-01,XXXXXX7636,2
PH005158,AC002101,kyc_origination,self,2026-04-01,XXXXXX5238,0
PH005159,AC002101,bureau,self,2026-04-01,XXXXXX4139,1
PH005160,AC002102,kyc_origination,self,2026-04-01,XXXXXX4526,0
PH005161,AC002103,kyc_origination,self,2026-04-01,XXXXXX1132,0
PH005162,AC002103,bureau,self,2026-04-01,XXXXXX8868,1
PH000563,AC002103,employer,office,2026-04-01,XXXXXX0848,2
PH005163,AC002104,kyc_origination,self,2026-04-01,XXXXXX8287,0
PH005164,AC002104,borrower_update,self,2026-04-01,XXXXXX0108,1
PH005165,AC002104,reference,reference_brother,2026-04-01,XXXXXX3295,2
PH005166,AC002105,kyc_origination,self,2026-04-01,XXXXXX2537,0
PH005167,AC002105,borrower_update,self,2026-04-01,XXXXXX4883,1
PH005168,AC002105,bureau,self,2026-04-01,XXXXXX3842,2
PH005169,AC002105,reference,reference_friend,2026-04-01,XXXXXX1709,3
PH005170,AC002106,kyc_origination,self,2026-04-01,XXXXXX7643,0
PH005171,AC002107,kyc_origination,self,2026-04-01,XXXXXX2165,0
PH005172,AC002107,bureau,self,2026-04-01,XXXXXX0460,1
PH000546,AC002107,employer,office,2026-04-01,XXXXXX0492,2
PH005173,AC002107,reference,reference_spouse,2026-04-01,XXXXXX4714,3
PH005174,AC002108,kyc_origination,self,2026-04-01,XXXXXX1528,0
PH005175,AC002108,borrower_update,self,2026-04-01,XXXXXX3660,1
PH005176,AC002108,reference,reference_father,2026-04-01,XXXXXX2142,2
PH005177,AC002109,kyc_origination,self,2026-04-01,XXXXXX6486,0
PH005178,AC002109,bureau,self,2026-04-01,XXXXXX5107,1
PH005179,AC002110,kyc_origination,self,2026-04-01,XXXXXX7927,0
PH005180,AC002111,kyc_origination,self,2026-04-01,XXXXXX5032,0
PH005181,AC002111,borrower_update,self,2026-04-01,XXXXXX7275,1
PH005182,AC002111,bureau,self,2026-04-01,XXXXXX7889,2
PH005183,AC002112,kyc_origination,self,2026-04-01,XXXXXX9272,0
PH005184,AC002112,bureau,self,2026-04-01,XXXXXX9902,1
PH005185,AC002112,reference,reference_brother,2026-04-01,XXXXXX7373,2
PH005186,AC002113,kyc_origination,self,2026-04-01,XXXXXX8384,0
PH005187,AC002113,reference,reference_mother,2026-04-01,XXXXXX2200,1
PH005188,AC002114,kyc_origination,self,2026-04-01,XXXXXX6160,0
PH005189,AC002114,bureau,self,2026-04-01,XXXXXX1676,1
PH005190,AC002114,reference,reference_father,2026-04-01,XXXXXX5799,2
PH005191,AC002115,kyc_origination,self,2026-04-01,XXXXXX5034,0
PH005192,AC002115,bureau,self,2026-04-01,XXXXXX6746,1
PH000321,AC002115,employer,office,2026-04-01,XXXXXX5867,2
PH005193,AC002115,reference,reference_spouse,2026-04-01,XXXXXX9772,3
PH005194,AC002116,kyc_origination,self,2026-04-01,XXXXXX8435,0
PH005195,AC002116,borrower_update,self,2026-04-01,XXXXXX8971,1
PH005196,AC002117,kyc_origination,self,2026-04-01,XXXXXX7319,0
PH005197,AC002117,borrower_update,self,2026-04-01,XXXXXX8997,1
PH005198,AC002117,bureau,self,2026-04-01,XXXXXX9340,2
PH005199,AC002117,reference,reference_brother,2026-04-01,XXXXXX5007,3
PH005200,AC002118,kyc_origination,self,2026-04-01,XXXXXX0802,0
PH005201,AC002118,borrower_update,self,2026-04-01,XXXXXX5397,1
PH005202,AC002119,kyc_origination,self,2026-04-01,XXXXXX9151,0
PH005203,AC002120,kyc_origination,self,2026-04-01,XXXXXX1605,0
PH005204,AC002120,borrower_update,self,2026-04-01,XXXXXX5994,1
PH000394,AC002120,employer,office,2026-04-01,XXXXXX9325,2
PH005205,AC002121,kyc_origination,self,2026-04-01,XXXXXX6750,0
PH005206,AC002121,bureau,self,2026-04-01,XXXXXX4232,1
PH005207,AC002121,reference,reference_friend,2026-04-01,XXXXXX4108,2
PH005208,AC002122,kyc_origination,self,2026-04-01,XXXXXX1926,0
PH000163,AC002123,kyc_origination,self,2026-04-01,XXXXXX7888,0
PH005209,AC002123,borrower_update,self,2026-04-01,XXXXXX4249,1
PH005210,AC002124,kyc_origination,self,2026-04-01,XXXXXX1498,0
PH005211,AC002124,reference,reference_mother,2026-04-01,XXXXXX0606,1
PH005212,AC002125,kyc_origination,self,2026-04-01,XXXXXX4617,0
PH005213,AC002125,reference,reference_spouse,2026-04-01,XXXXXX8270,1
PH005214,AC002126,kyc_origination,self,2026-04-01,XXXXXX9485,0
PH005215,AC002126,borrower_update,self,2026-04-01,XXXXXX9498,1
PH000308,AC002126,employer,office,2026-04-01,XXXXXX4483,2
PH005216,AC002127,kyc_origination,self,2026-04-01,XXXXXX4195,0
PH005217,AC002127,borrower_update,self,2026-04-01,XXXXXX7362,1
PH005218,AC002127,bureau,self,2026-04-01,XXXXXX9542,2
PH005219,AC002128,kyc_origination,self,2026-04-01,XXXXXX1847,0
PH005220,AC002128,borrower_update,self,2026-04-01,XXXXXX1410,1
PH005221,AC002129,kyc_origination,self,2026-04-01,XXXXXX0878,0
PH005222,AC002130,kyc_origination,self,2026-04-01,XXXXXX7907,0
PH005223,AC002130,reference,reference_mother,2026-04-01,XXXXXX7981,1
PH005224,AC002131,kyc_origination,self,2026-04-01,XXXXXX6116,0
PH000443,AC002131,employer,office,2026-04-01,XXXXXX3558,1
PH005225,AC002131,reference,reference_friend,2026-04-01,XXXXXX9702,2
PH005226,AC002132,kyc_origination,self,2026-04-01,XXXXXX6619,0
PH005227,AC002132,bureau,self,2026-04-01,XXXXXX7167,1
PH005228,AC002132,reference,reference_mother,2026-04-01,XXXXXX4483,2
PH005229,AC002133,kyc_origination,self,2026-04-01,XXXXXX3611,0
PH005230,AC002133,bureau,self,2026-04-01,XXXXXX6519,1
PH000473,AC002133,employer,office,2026-04-01,XXXXXX9642,2
PH005231,AC002133,reference,reference_brother,2026-04-01,XXXXXX0791,3
PH005232,AC002134,kyc_origination,self,2026-04-01,XXXXXX2649,0
PH005233,AC002134,borrower_update,self,2026-04-01,XXXXXX0148,1
PH005234,AC002134,bureau,self,2026-04-01,XXXXXX3802,2
PH005235,AC002135,kyc_origination,self,2026-04-01,XXXXXX8106,0
PH005236,AC002135,borrower_update,self,2026-04-01,XXXXXX6025,1
PH005237,AC002136,kyc_origination,self,2026-04-01,XXXXXX6145,0
PH005238,AC002137,kyc_origination,self,2026-04-01,XXXXXX7466,0
PH005239,AC002137,bureau,self,2026-04-01,XXXXXX9439,1
PH005240,AC002138,kyc_origination,self,2026-04-01,XXXXXX3644,0
PH005241,AC002138,borrower_update,self,2026-04-01,XXXXXX8638,1
PH005242,AC002139,kyc_origination,self,2026-04-01,XXXXXX3894,0
PH005243,AC002140,kyc_origination,self,2026-04-01,XXXXXX4694,0
PH005244,AC002140,borrower_update,self,2026-04-01,XXXXXX6500,1
PH005245,AC002140,bureau,self,2026-04-01,XXXXXX7210,2
PH005246,AC002140,reference,reference_brother,2026-04-01,XXXXXX3042,3
PH005247,AC002141,kyc_origination,self,2026-04-01,XXXXXX8683,0
PH005248,AC002141,borrower_update,self,2026-04-01,XXXXXX3341,1
PH005249,AC002141,reference,reference_father,2026-04-01,XXXXXX7934,2
PH005250,AC002142,kyc_origination,self,2026-04-01,XXXXXX4296,0
PH005251,AC002142,borrower_update,self,2026-04-01,XXXXXX6272,1
PH005252,AC002142,bureau,self,2026-04-01,XXXXXX1196,2
PH005253,AC002142,reference,reference_spouse,2026-04-01,XXXXXX0673,3
PH005254,AC002143,kyc_origination,self,2026-04-01,XXXXXX4491,0
PH005255,AC002144,kyc_origination,self,2026-04-01,XXXXXX3545,0
PH005256,AC002144,borrower_update,self,2026-04-01,XXXXXX1692,1
PH005257,AC002145,kyc_origination,self,2026-04-01,XXXXXX1780,0
PH005258,AC002145,reference,reference_friend,2026-04-01,XXXXXX0094,1
PH005259,AC002146,kyc_origination,self,2026-04-01,XXXXXX6153,0
PH005260,AC002146,borrower_update,self,2026-04-01,XXXXXX7863,1
PH005261,AC002146,reference,reference_spouse,2026-04-01,XXXXXX7780,2
PH005262,AC002147,kyc_origination,self,2026-04-01,XXXXXX6165,0
PH005263,AC002147,bureau,self,2026-04-01,XXXXXX6361,1
PH005264,AC002147,reference,reference_spouse,2026-04-01,XXXXXX8961,2
PH005265,AC002148,kyc_origination,self,2026-04-01,XXXXXX8614,0
PH005266,AC002148,borrower_update,self,2026-04-01,XXXXXX6568,1
PH005267,AC002148,bureau,self,2026-04-01,XXXXXX4226,2
PH005268,AC002148,reference,reference_brother,2026-04-01,XXXXXX1371,3
PH005269,AC002149,kyc_origination,self,2026-04-01,XXXXXX7779,0
PH005270,AC002150,kyc_origination,self,2026-04-01,XXXXXX5539,0
PH000332,AC002150,employer,office,2026-04-01,XXXXXX2783,1
PH005271,AC002150,reference,reference_brother,2026-04-01,XXXXXX2290,2
PH005272,AC002151,kyc_origination,self,2026-04-01,XXXXXX3866,0
PH000513,AC002151,employer,office,2026-04-01,XXXXXX1225,1
PH005273,AC002151,reference,reference_brother,2026-04-01,XXXXXX5819,2
PH005274,AC002152,kyc_origination,self,2026-04-01,XXXXXX1600,0
PH005275,AC002153,kyc_origination,self,2026-04-01,XXXXXX8104,0
PH005276,AC002153,reference,reference_spouse,2026-04-01,XXXXXX0021,1
PH005277,AC002154,kyc_origination,self,2026-04-01,XXXXXX8460,0
PH005278,AC002154,reference,reference_brother,2026-04-01,XXXXXX3144,1
PH005279,AC002155,kyc_origination,self,2026-04-01,XXXXXX9681,0
PH005280,AC002155,reference,reference_brother,2026-04-01,XXXXXX9735,1
PH005281,AC002156,kyc_origination,self,2026-04-01,XXXXXX3066,0
PH005282,AC002156,reference,reference_spouse,2026-04-01,XXXXXX7103,1
PH005283,AC002157,kyc_origination,self,2026-04-01,XXXXXX1179,0
PH005284,AC002157,borrower_update,self,2026-04-01,XXXXXX3535,1
PH005285,AC002158,kyc_origination,self,2026-04-01,XXXXXX7450,0
PH005286,AC002158,bureau,self,2026-04-01,XXXXXX7638,1
PH000443,AC002158,employer,office,2026-04-01,XXXXXX3558,2
PH005287,AC002159,kyc_origination,self,2026-04-01,XXXXXX2944,0
PH005288,AC002159,bureau,self,2026-04-01,XXXXXX7419,1
PH005289,AC002159,reference,reference_spouse,2026-04-01,XXXXXX0264,2
PH005290,AC002160,kyc_origination,self,2026-04-01,XXXXXX5189,0
PH005291,AC002160,borrower_update,self,2026-04-01,XXXXXX3237,1
PH005292,AC002161,kyc_origination,self,2026-04-01,XXXXXX8485,0
PH005293,AC002161,bureau,self,2026-04-01,XXXXXX2727,1
PH005294,AC002162,kyc_origination,self,2026-04-01,XXXXXX1851,0
PH005295,AC002162,borrower_update,self,2026-04-01,XXXXXX0552,1
PH005296,AC002162,bureau,self,2026-04-01,XXXXXX1179,2
PH005297,AC002162,reference,reference_brother,2026-04-01,XXXXXX7443,3
PH005298,AC002163,kyc_origination,self,2026-04-01,XXXXXX6401,0
PH005299,AC002163,reference,reference_spouse,2026-04-01,XXXXXX1015,1
PH005300,AC002164,kyc_origination,self,2026-04-01,XXXXXX3581,0
PH005301,AC002165,kyc_origination,self,2026-04-01,XXXXXX2637,0
PH005302,AC002165,borrower_update,self,2026-04-01,XXXXXX3452,1
PH005303,AC002165,bureau,self,2026-04-01,XXXXXX6404,2
PH005304,AC002165,reference,reference_spouse,2026-04-01,XXXXXX4619,3
PH005305,AC002166,kyc_origination,self,2026-04-01,XXXXXX1512,0
PH005306,AC002166,borrower_update,self,2026-04-01,XXXXXX3562,1
PH005307,AC002167,kyc_origination,self,2026-04-01,XXXXXX9617,0
PH005308,AC002167,bureau,self,2026-04-01,XXXXXX7455,1
PH005309,AC002168,kyc_origination,self,2026-04-01,XXXXXX0753,0
PH005310,AC002168,borrower_update,self,2026-04-01,XXXXXX9004,1
PH005311,AC002168,reference,reference_father,2026-04-01,XXXXXX2859,2
PH005312,AC002169,kyc_origination,self,2026-04-01,XXXXXX9975,0
PH005313,AC002170,kyc_origination,self,2026-04-01,XXXXXX4141,0
PH005314,AC002170,bureau,self,2026-04-01,XXXXXX0490,1
PH000578,AC002170,employer,office,2026-04-01,XXXXXX1378,2
PH005315,AC002170,reference,reference_friend,2026-04-01,XXXXXX6671,3
PH005316,AC002171,kyc_origination,self,2026-04-01,XXXXXX4253,0
PH005317,AC002171,borrower_update,self,2026-04-01,XXXXXX7294,1
PH005318,AC002171,bureau,self,2026-04-01,XXXXXX7108,2
PH005319,AC002171,reference,reference_spouse,2026-04-01,XXXXXX7371,3
PH005320,AC002172,kyc_origination,self,2026-04-01,XXXXXX5552,0
PH005321,AC002172,bureau,self,2026-04-01,XXXXXX6679,1
PH005322,AC002172,reference,reference_father,2026-04-01,XXXXXX3115,2
PH005323,AC002173,kyc_origination,self,2026-04-01,XXXXXX0449,0
PH005324,AC002174,kyc_origination,self,2026-04-01,XXXXXX9713,0
PH005325,AC002175,kyc_origination,self,2026-04-01,XXXXXX7801,0
PH005326,AC002175,borrower_update,self,2026-04-01,XXXXXX8503,1
PH005327,AC002175,bureau,self,2026-04-01,XXXXXX2677,2
PH005328,AC002175,reference,reference_brother,2026-04-01,XXXXXX1283,3
PH005329,AC002176,kyc_origination,self,2026-04-01,XXXXXX6768,0
PH005330,AC002176,borrower_update,self,2026-04-01,XXXXXX0544,1
PH005331,AC002177,kyc_origination,self,2026-04-01,XXXXXX2719,0
PH005332,AC002178,kyc_origination,self,2026-04-01,XXXXXX3136,0
PH000351,AC002178,employer,office,2026-04-01,XXXXXX3713,1
PH005333,AC002178,reference,reference_friend,2026-04-01,XXXXXX7482,2
PH005334,AC002179,kyc_origination,self,2026-04-01,XXXXXX4317,0
PH005335,AC002179,borrower_update,self,2026-04-01,XXXXXX1908,1
PH005336,AC002179,reference,reference_mother,2026-04-01,XXXXXX6264,2
PH005337,AC002180,kyc_origination,self,2026-04-01,XXXXXX2752,0
PH005338,AC002180,borrower_update,self,2026-04-01,XXXXXX9189,1
PH005339,AC002180,bureau,self,2026-04-01,XXXXXX0032,2
PH005340,AC002181,kyc_origination,self,2026-04-01,XXXXXX9201,0
PH005341,AC002181,borrower_update,self,2026-04-01,XXXXXX7697,1
PH005342,AC002181,reference,reference_friend,2026-04-01,XXXXXX9991,2
PH005343,AC002182,kyc_origination,self,2026-04-01,XXXXXX9810,0
PH005344,AC002182,reference,reference_spouse,2026-04-01,XXXXXX3411,1
PH005345,AC002183,kyc_origination,self,2026-04-01,XXXXXX0567,0
PH005346,AC002183,reference,reference_brother,2026-04-01,XXXXXX5748,1
PH005347,AC002184,kyc_origination,self,2026-04-01,XXXXXX1977,0
PH005348,AC002184,borrower_update,self,2026-04-01,XXXXXX3028,1
PH005349,AC002184,reference,reference_spouse,2026-04-01,XXXXXX9339,2
PH005350,AC002185,kyc_origination,self,2026-04-01,XXXXXX0841,0
PH005351,AC002186,kyc_origination,self,2026-04-01,XXXXXX5519,0
PH005352,AC002186,reference,reference_friend,2026-04-01,XXXXXX5535,1
PH005353,AC002187,kyc_origination,self,2026-04-01,XXXXXX9376,0
PH005354,AC002187,borrower_update,self,2026-04-01,XXXXXX4435,1
PH005355,AC002188,kyc_origination,self,2026-04-01,XXXXXX6229,0
PH005356,AC002188,borrower_update,self,2026-04-01,XXXXXX6485,1
PH005357,AC002189,kyc_origination,self,2026-04-01,XXXXXX3762,0
PH005358,AC002189,reference,reference_friend,2026-04-01,XXXXXX5446,1
PH005359,AC002190,kyc_origination,self,2026-04-01,XXXXXX4519,0
PH005360,AC002191,kyc_origination,self,2026-04-01,XXXXXX6685,0
PH005361,AC002191,borrower_update,self,2026-04-01,XXXXXX2830,1
PH005362,AC002191,reference,reference_father,2026-04-01,XXXXXX0842,2
PH005363,AC002192,kyc_origination,self,2026-04-01,XXXXXX9270,0
PH005364,AC002192,reference,reference_spouse,2026-04-01,XXXXXX4873,1
PH005365,AC002193,kyc_origination,self,2026-04-01,XXXXXX5659,0
PH000548,AC002193,employer,office,2026-04-01,XXXXXX1694,1
PH005366,AC002193,reference,reference_spouse,2026-04-01,XXXXXX5345,2
PH005367,AC002194,kyc_origination,self,2026-04-01,XXXXXX5698,0
PH005368,AC002194,bureau,self,2026-04-01,XXXXXX4528,1
PH005369,AC002195,kyc_origination,self,2026-04-01,XXXXXX6054,0
PH005370,AC002195,reference,reference_spouse,2026-04-01,XXXXXX6877,1
PH005371,AC002196,kyc_origination,self,2026-04-01,XXXXXX2855,0
PH005372,AC002197,kyc_origination,self,2026-04-01,XXXXXX6085,0
PH005373,AC002197,borrower_update,self,2026-04-01,XXXXXX1697,1
PH005374,AC002198,kyc_origination,self,2026-04-01,XXXXXX2522,0
PH005375,AC002198,reference,reference_friend,2026-04-01,XXXXXX6078,1
PH005376,AC002199,kyc_origination,self,2026-04-01,XXXXXX2699,0
PH005377,AC002200,kyc_origination,self,2026-04-01,XXXXXX4463,0
PH000299,AC002200,employer,office,2026-04-01,XXXXXX4973,1
PH005378,AC002200,reference,reference_spouse,2026-04-01,XXXXXX0774,2
PH000041,AC002201,kyc_origination,self,2026-04-01,XXXXXX6786,0
PH005379,AC002201,bureau,self,2026-04-01,XXXXXX8221,1
PH005380,AC002201,reference,reference_brother,2026-04-01,XXXXXX2549,2
PH005381,AC002202,kyc_origination,self,2026-04-01,XXXXXX8433,0
PH005382,AC002202,borrower_update,self,2026-04-01,XXXXXX2041,1
PH005383,AC002202,reference,reference_brother,2026-04-01,XXXXXX7260,2
PH005384,AC002203,kyc_origination,self,2026-04-01,XXXXXX8557,0
PH005385,AC002203,borrower_update,self,2026-04-01,XXXXXX0543,1
PH000413,AC002203,employer,office,2026-04-01,XXXXXX4971,2
PH005386,AC002204,kyc_origination,self,2026-04-01,XXXXXX1328,0
PH000304,AC002204,employer,office,2026-04-01,XXXXXX7328,1
PH005387,AC002205,kyc_origination,self,2026-04-01,XXXXXX3639,0
PH005388,AC002205,borrower_update,self,2026-04-01,XXXXXX6490,1
PH005389,AC002205,bureau,self,2026-04-01,XXXXXX2997,2
PH005390,AC002206,kyc_origination,self,2026-04-01,XXXXXX3154,0
PH005391,AC002207,kyc_origination,self,2026-04-01,XXXXXX9387,0
PH005392,AC002207,reference,reference_brother,2026-04-01,XXXXXX4303,1
PH005393,AC002208,kyc_origination,self,2026-04-01,XXXXXX8563,0
PH005394,AC002208,bureau,self,2026-04-01,XXXXXX8312,1
PH000340,AC002208,employer,office,2026-04-01,XXXXXX4648,2
PH005395,AC002209,kyc_origination,self,2026-04-01,XXXXXX4797,0
PH005396,AC002209,bureau,self,2026-04-01,XXXXXX3114,1
PH005397,AC002209,reference,reference_mother,2026-04-01,XXXXXX4409,2
PH005398,AC002210,kyc_origination,self,2026-04-01,XXXXXX1011,0
PH005399,AC002210,borrower_update,self,2026-04-01,XXXXXX6272,1
PH005400,AC002210,bureau,self,2026-04-01,XXXXXX0923,2
PH005401,AC002211,kyc_origination,self,2026-04-01,XXXXXX3907,0
PH005402,AC002211,borrower_update,self,2026-04-01,XXXXXX5627,1
PH005403,AC002211,reference,reference_spouse,2026-04-01,XXXXXX7211,2
PH005404,AC002212,kyc_origination,self,2026-04-01,XXXXXX0948,0
PH005405,AC002212,bureau,self,2026-04-01,XXXXXX5207,1
PH005406,AC002212,reference,reference_spouse,2026-04-01,XXXXXX1157,2
PH005407,AC002213,kyc_origination,self,2026-04-01,XXXXXX8274,0
PH005408,AC002213,reference,reference_spouse,2026-04-01,XXXXXX0221,1
PH005409,AC002214,kyc_origination,self,2026-04-01,XXXXXX7682,0
PH005410,AC002214,bureau,self,2026-04-01,XXXXXX4440,1
PH005411,AC002214,reference,reference_mother,2026-04-01,XXXXXX3470,2
PH005412,AC002215,kyc_origination,self,2026-04-01,XXXXXX6691,0
PH005413,AC002215,borrower_update,self,2026-04-01,XXXXXX2506,1
PH005414,AC002215,reference,reference_spouse,2026-04-01,XXXXXX8338,2
PH005415,AC002216,kyc_origination,self,2026-04-01,XXXXXX5160,0
PH000324,AC002216,employer,office,2026-04-01,XXXXXX6980,1
PH005416,AC002217,kyc_origination,self,2026-04-01,XXXXXX7843,0
PH005417,AC002217,bureau,self,2026-04-01,XXXXXX6136,1
PH000387,AC002217,employer,office,2026-04-01,XXXXXX3153,2
PH005418,AC002217,reference,reference_spouse,2026-04-01,XXXXXX1393,3
PH005419,AC002218,kyc_origination,self,2026-04-01,XXXXXX0905,0
PH005420,AC002218,bureau,self,2026-04-01,XXXXXX9437,1
PH005421,AC002219,kyc_origination,self,2026-04-01,XXXXXX1597,0
PH005422,AC002220,kyc_origination,self,2026-04-01,XXXXXX9683,0
PH005423,AC002220,bureau,self,2026-04-01,XXXXXX1346,1
PH005424,AC002221,kyc_origination,self,2026-04-01,XXXXXX2330,0
PH005425,AC002221,borrower_update,self,2026-04-01,XXXXXX4017,1
PH000566,AC002221,employer,office,2026-04-01,XXXXXX5911,2
PH005426,AC002222,kyc_origination,self,2026-04-01,XXXXXX3263,0
PH005427,AC002222,bureau,self,2026-04-01,XXXXXX1153,1
PH005428,AC002222,reference,reference_father,2026-04-01,XXXXXX6643,2
PH005429,AC002223,kyc_origination,self,2026-04-01,XXXXXX0352,0
PH005430,AC002223,borrower_update,self,2026-04-01,XXXXXX5469,1
PH005431,AC002223,reference,reference_father,2026-04-01,XXXXXX2817,2
PH005432,AC002224,kyc_origination,self,2026-04-01,XXXXXX1523,0
PH005433,AC002224,borrower_update,self,2026-04-01,XXXXXX4684,1
PH005434,AC002224,reference,reference_brother,2026-04-01,XXXXXX5187,2
PH005435,AC002225,kyc_origination,self,2026-04-01,XXXXXX4102,0
PH005436,AC002226,kyc_origination,self,2026-04-01,XXXXXX4216,0
PH005437,AC002226,reference,reference_brother,2026-04-01,XXXXXX1710,1
PH000012,AC002227,kyc_origination,self,2026-04-01,XXXXXX3065,0
PH005438,AC002227,bureau,self,2026-04-01,XXXXXX9959,1
PH005439,AC002227,reference,reference_spouse,2026-04-01,XXXXXX5509,2
PH005440,AC002228,kyc_origination,self,2026-04-01,XXXXXX5818,0
PH005441,AC002228,bureau,self,2026-04-01,XXXXXX1979,1
PH005442,AC002228,reference,reference_friend,2026-04-01,XXXXXX5902,2
PH005443,AC002229,kyc_origination,self,2026-04-01,XXXXXX3259,0
PH005444,AC002229,borrower_update,self,2026-04-01,XXXXXX4386,1
PH005445,AC002229,bureau,self,2026-04-01,XXXXXX7319,2
PH005446,AC002230,kyc_origination,self,2026-04-01,XXXXXX3983,0
PH005447,AC002230,reference,reference_spouse,2026-04-01,XXXXXX7257,1
PH005448,AC002231,kyc_origination,self,2026-04-01,XXXXXX1148,0
PH005449,AC002231,borrower_update,self,2026-04-01,XXXXXX0807,1
PH005450,AC002232,kyc_origination,self,2026-04-01,XXXXXX6867,0
PH005451,AC002233,kyc_origination,self,2026-04-01,XXXXXX7444,0
PH005452,AC002233,borrower_update,self,2026-04-01,XXXXXX3345,1
PH005453,AC002234,kyc_origination,self,2026-04-01,XXXXXX0003,0
PH005454,AC002234,reference,reference_mother,2026-04-01,XXXXXX2562,1
PH005455,AC002235,kyc_origination,self,2026-04-01,XXXXXX0825,0
PH005456,AC002235,reference,reference_spouse,2026-04-01,XXXXXX2898,1
PH005457,AC002236,kyc_origination,self,2026-04-01,XXXXXX0548,0
PH005458,AC002237,kyc_origination,self,2026-04-01,XXXXXX5337,0
PH005459,AC002237,borrower_update,self,2026-04-01,XXXXXX5407,1
PH005460,AC002237,bureau,self,2026-04-01,XXXXXX1820,2
PH005461,AC002237,reference,reference_mother,2026-04-01,XXXXXX7172,3
PH005462,AC002238,kyc_origination,self,2026-04-01,XXXXXX1756,0
PH005463,AC002239,kyc_origination,self,2026-04-01,XXXXXX1362,0
PH005464,AC002239,borrower_update,self,2026-04-01,XXXXXX1115,1
PH005465,AC002239,bureau,self,2026-04-01,XXXXXX5499,2
PH005466,AC002239,reference,reference_father,2026-04-01,XXXXXX2142,3
PH005467,AC002240,kyc_origination,self,2026-04-01,XXXXXX5463,0
PH005468,AC002240,bureau,self,2026-04-01,XXXXXX3193,1
PH005469,AC002240,reference,reference_friend,2026-04-01,XXXXXX5825,2
PH005470,AC002241,kyc_origination,self,2026-04-01,XXXXXX8991,0
PH005471,AC002242,kyc_origination,self,2026-04-01,XXXXXX0078,0
PH005472,AC002243,kyc_origination,self,2026-04-01,XXXXXX6701,0
PH005473,AC002243,reference,reference_brother,2026-04-01,XXXXXX5448,1
PH005474,AC002244,kyc_origination,self,2026-04-01,XXXXXX6469,0
PH005475,AC002244,borrower_update,self,2026-04-01,XXXXXX7200,1
PH005476,AC002244,reference,reference_friend,2026-04-01,XXXXXX4768,2
PH005477,AC002245,kyc_origination,self,2026-04-01,XXXXXX7684,0
PH005478,AC002246,kyc_origination,self,2026-04-01,XXXXXX7801,0
PH005479,AC002246,borrower_update,self,2026-04-01,XXXXXX4774,1
PH005480,AC002246,reference,reference_spouse,2026-04-01,XXXXXX7188,2
PH005481,AC002247,kyc_origination,self,2026-04-01,XXXXXX2137,0
PH005482,AC002247,borrower_update,self,2026-04-01,XXXXXX6204,1
PH005483,AC002248,kyc_origination,self,2026-04-01,XXXXXX0413,0
PH005484,AC002248,borrower_update,self,2026-04-01,XXXXXX4486,1
PH005485,AC002249,kyc_origination,self,2026-04-01,XXXXXX1997,0
PH005486,AC002249,borrower_update,self,2026-04-01,XXXXXX0360,1
PH005487,AC002249,reference,reference_friend,2026-04-01,XXXXXX5330,2
PH005488,AC002250,kyc_origination,self,2026-04-01,XXXXXX9277,0
PH005489,AC002250,bureau,self,2026-04-01,XXXXXX7731,1
PH005490,AC002250,reference,reference_brother,2026-04-01,XXXXXX1895,2
PH005491,AC002251,kyc_origination,self,2026-04-01,XXXXXX6247,0
PH005492,AC002251,borrower_update,self,2026-04-01,XXXXXX3090,1
PH005493,AC002251,bureau,self,2026-04-01,XXXXXX1036,2
PH000587,AC002251,employer,office,2026-04-01,XXXXXX2396,3
PH005494,AC002251,reference,reference_spouse,2026-04-01,XXXXXX8356,4
PH005495,AC002252,kyc_origination,self,2026-04-01,XXXXXX1787,0
PH005496,AC002252,borrower_update,self,2026-04-01,XXXXXX9025,1
PH005497,AC002253,kyc_origination,self,2026-04-01,XXXXXX9515,0
PH005498,AC002253,reference,reference_spouse,2026-04-01,XXXXXX4597,1
PH005499,AC002254,kyc_origination,self,2026-04-01,XXXXXX1366,0
PH005500,AC002254,borrower_update,self,2026-04-01,XXXXXX2704,1
PH005501,AC002255,kyc_origination,self,2026-04-01,XXXXXX9565,0
PH005502,AC002255,bureau,self,2026-04-01,XXXXXX1191,1
PH005503,AC002256,kyc_origination,self,2026-04-01,XXXXXX2289,0
PH005504,AC002257,kyc_origination,self,2026-04-01,XXXXXX6432,0
PH005505,AC002257,borrower_update,self,2026-04-01,XXXXXX4257,1
PH005506,AC002258,kyc_origination,self,2026-04-01,XXXXXX1403,0
PH005507,AC002258,borrower_update,self,2026-04-01,XXXXXX0665,1
PH005508,AC002259,kyc_origination,self,2026-04-01,XXXXXX8640,0
PH005509,AC002259,borrower_update,self,2026-04-01,XXXXXX8155,1
PH005510,AC002259,reference,reference_friend,2026-04-01,XXXXXX5825,2
PH005511,AC002260,kyc_origination,self,2026-04-01,XXXXXX4932,0
PH005512,AC002260,borrower_update,self,2026-04-01,XXXXXX9122,1
PH005513,AC002260,reference,reference_father,2026-04-01,XXXXXX7096,2
PH005514,AC002261,kyc_origination,self,2026-04-01,XXXXXX6600,0
PH005515,AC002261,reference,reference_father,2026-04-01,XXXXXX9766,1
PH005516,AC002262,kyc_origination,self,2026-04-01,XXXXXX5554,0
PH005517,AC002262,borrower_update,self,2026-04-01,XXXXXX4669,1
PH005518,AC002262,reference,reference_mother,2026-04-01,XXXXXX8862,2
PH005519,AC002263,kyc_origination,self,2026-04-01,XXXXXX7533,0
PH005520,AC002263,borrower_update,self,2026-04-01,XXXXXX7458,1
PH005521,AC002263,bureau,self,2026-04-01,XXXXXX7951,2
PH000434,AC002263,employer,office,2026-04-01,XXXXXX4300,3
PH005522,AC002263,reference,reference_father,2026-04-01,XXXXXX4866,4
PH005523,AC002264,kyc_origination,self,2026-04-01,XXXXXX3964,0
PH005524,AC002264,borrower_update,self,2026-04-01,XXXXXX6598,1
PH005525,AC002264,reference,reference_spouse,2026-04-01,XXXXXX9046,2
PH005526,AC002265,kyc_origination,self,2026-04-01,XXXXXX6468,0
PH005527,AC002265,borrower_update,self,2026-04-01,XXXXXX0014,1
PH005528,AC002266,kyc_origination,self,2026-04-01,XXXXXX4749,0
PH005529,AC002266,borrower_update,self,2026-04-01,XXXXXX8483,1
PH005530,AC002267,kyc_origination,self,2026-04-01,XXXXXX0705,0
PH005531,AC002268,kyc_origination,self,2026-04-01,XXXXXX8072,0
PH005532,AC002268,reference,reference_spouse,2026-04-01,XXXXXX9421,1
PH005533,AC002269,kyc_origination,self,2026-04-01,XXXXXX0693,0
PH005534,AC002269,borrower_update,self,2026-04-01,XXXXXX6842,1
PH005535,AC002269,bureau,self,2026-04-01,XXXXXX5610,2
PH005536,AC002269,reference,reference_brother,2026-04-01,XXXXXX3103,3
PH005537,AC002270,kyc_origination,self,2026-04-01,XXXXXX2317,0
PH005538,AC002271,kyc_origination,self,2026-04-01,XXXXXX6953,0
PH005539,AC002271,bureau,self,2026-04-01,XXXXXX8071,1
PH005540,AC002271,reference,reference_spouse,2026-04-01,XXXXXX1644,2
PH005541,AC002272,kyc_origination,self,2026-04-01,XXXXXX4236,0
PH005542,AC002273,kyc_origination,self,2026-04-01,XXXXXX3853,0
PH005543,AC002274,kyc_origination,self,2026-04-01,XXXXXX3084,0
PH005544,AC002274,bureau,self,2026-04-01,XXXXXX5964,1
PH005545,AC002274,reference,reference_father,2026-04-01,XXXXXX0149,2
PH005546,AC002275,kyc_origination,self,2026-04-01,XXXXXX0107,0
PH005547,AC002276,kyc_origination,self,2026-04-01,XXXXXX1930,0
PH005548,AC002276,bureau,self,2026-04-01,XXXXXX9280,1
PH005549,AC002276,reference,reference_friend,2026-04-01,XXXXXX6903,2
PH005550,AC002277,kyc_origination,self,2026-04-01,XXXXXX8090,0
PH005551,AC002277,reference,reference_spouse,2026-04-01,XXXXXX8967,1
PH005552,AC002278,kyc_origination,self,2026-04-01,XXXXXX6460,0
PH005553,AC002278,reference,reference_spouse,2026-04-01,XXXXXX1014,1
PH005554,AC002279,kyc_origination,self,2026-04-01,XXXXXX3229,0
PH005555,AC002279,borrower_update,self,2026-04-01,XXXXXX6363,1
PH005556,AC002280,kyc_origination,self,2026-04-01,XXXXXX9054,0
PH005557,AC002280,reference,reference_friend,2026-04-01,XXXXXX8271,1
PH005558,AC002281,kyc_origination,self,2026-04-01,XXXXXX3885,0
PH005559,AC002281,bureau,self,2026-04-01,XXXXXX3805,1
PH005560,AC002281,reference,reference_father,2026-04-01,XXXXXX4746,2
PH005561,AC002282,kyc_origination,self,2026-04-01,XXXXXX3598,0
PH005562,AC002282,reference,reference_friend,2026-04-01,XXXXXX0572,1
PH005563,AC002283,kyc_origination,self,2026-04-01,XXXXXX4551,0
PH005564,AC002283,reference,reference_father,2026-04-01,XXXXXX8098,1
PH005565,AC002284,kyc_origination,self,2026-04-01,XXXXXX5707,0
PH005566,AC002284,reference,reference_brother,2026-04-01,XXXXXX2286,1
PH000117,AC002285,kyc_origination,self,2026-04-01,XXXXXX4332,0
PH005567,AC002286,kyc_origination,self,2026-04-01,XXXXXX8663,0
PH005568,AC002287,kyc_origination,self,2026-04-01,XXXXXX8450,0
PH005569,AC002287,borrower_update,self,2026-04-01,XXXXXX1839,1
PH000546,AC002287,employer,office,2026-04-01,XXXXXX0492,2
PH005570,AC002288,kyc_origination,self,2026-04-01,XXXXXX0689,0
PH005571,AC002288,borrower_update,self,2026-04-01,XXXXXX8095,1
PH005572,AC002289,kyc_origination,self,2026-04-01,XXXXXX9929,0
PH005573,AC002289,borrower_update,self,2026-04-01,XXXXXX4671,1
PH000391,AC002289,employer,office,2026-04-01,XXXXXX5914,2
PH005574,AC002290,kyc_origination,self,2026-04-01,XXXXXX5388,0
PH005575,AC002290,borrower_update,self,2026-04-01,XXXXXX7948,1
PH005576,AC002291,kyc_origination,self,2026-04-01,XXXXXX6685,0
PH005577,AC002291,borrower_update,self,2026-04-01,XXXXXX2391,1
PH005578,AC002291,reference,reference_spouse,2026-04-01,XXXXXX2977,2
PH005579,AC002292,kyc_origination,self,2026-04-01,XXXXXX7030,0
PH005580,AC002292,borrower_update,self,2026-04-01,XXXXXX4232,1
PH005581,AC002292,bureau,self,2026-04-01,XXXXXX0305,2
PH005582,AC002292,reference,reference_spouse,2026-04-01,XXXXXX7281,3
PH005583,AC002293,kyc_origination,self,2026-04-01,XXXXXX3030,0
PH005584,AC002293,borrower_update,self,2026-04-01,XXXXXX7693,1
PH005585,AC002293,bureau,self,2026-04-01,XXXXXX2510,2
PH000437,AC002293,employer,office,2026-04-01,XXXXXX2744,3
PH005586,AC002293,reference,reference_brother,2026-04-01,XXXXXX7060,4
PH005587,AC002294,kyc_origination,self,2026-04-01,XXXXXX1462,0
PH005588,AC002294,reference,reference_spouse,2026-04-01,XXXXXX7195,1
PH005589,AC002295,kyc_origination,self,2026-04-01,XXXXXX3064,0
PH005590,AC002295,reference,reference_spouse,2026-04-01,XXXXXX2324,1
PH005591,AC002296,kyc_origination,self,2026-04-01,XXXXXX9503,0
PH005592,AC002296,bureau,self,2026-04-01,XXXXXX4523,1
PH000455,AC002296,employer,office,2026-04-01,XXXXXX5841,2
PH005593,AC002296,reference,reference_spouse,2026-04-01,XXXXXX6971,3
PH005594,AC002297,kyc_origination,self,2026-04-01,XXXXXX4599,0
PH005595,AC002298,kyc_origination,self,2026-04-01,XXXXXX2789,0
PH005596,AC002298,borrower_update,self,2026-04-01,XXXXXX4081,1
PH005597,AC002298,reference,reference_spouse,2026-04-01,XXXXXX7108,2
PH005598,AC002299,kyc_origination,self,2026-04-01,XXXXXX7372,0
PH005599,AC002299,borrower_update,self,2026-04-01,XXXXXX4772,1
PH005600,AC002300,kyc_origination,self,2026-04-01,XXXXXX1919,0
PH005601,AC002300,borrower_update,self,2026-04-01,XXXXXX9555,1
PH005602,AC002301,kyc_origination,self,2026-04-01,XXXXXX4802,0
PH005603,AC002302,kyc_origination,self,2026-04-01,XXXXXX2823,0
PH005604,AC002302,borrower_update,self,2026-04-01,XXXXXX0098,1
PH005605,AC002302,reference,reference_friend,2026-04-01,XXXXXX2578,2
PH005606,AC002303,kyc_origination,self,2026-04-01,XXXXXX4376,0
PH005607,AC002303,borrower_update,self,2026-04-01,XXXXXX8227,1
PH000478,AC002303,employer,office,2026-04-01,XXXXXX8688,2
PH005608,AC002304,kyc_origination,self,2026-04-01,XXXXXX1936,0
PH005609,AC002304,borrower_update,self,2026-04-01,XXXXXX8762,1
PH005610,AC002305,kyc_origination,self,2026-04-01,XXXXXX9700,0
PH005611,AC002305,borrower_update,self,2026-04-01,XXXXXX1603,1
PH005612,AC002305,bureau,self,2026-04-01,XXXXXX7484,2
PH005613,AC002305,reference,reference_spouse,2026-04-01,XXXXXX0751,3
PH005614,AC002306,kyc_origination,self,2026-04-01,XXXXXX6304,0
PH005615,AC002306,borrower_update,self,2026-04-01,XXXXXX2310,1
PH000504,AC002306,employer,office,2026-04-01,XXXXXX3425,2
PH005616,AC002306,reference,reference_brother,2026-04-01,XXXXXX7407,3
PH005617,AC002307,kyc_origination,self,2026-04-01,XXXXXX3299,0
PH005618,AC002307,borrower_update,self,2026-04-01,XXXXXX4797,1
PH005619,AC002308,kyc_origination,self,2026-04-01,XXXXXX2682,0
PH005620,AC002308,reference,reference_friend,2026-04-01,XXXXXX6329,1
PH005621,AC002309,kyc_origination,self,2026-04-01,XXXXXX6361,0
PH005622,AC002309,bureau,self,2026-04-01,XXXXXX4443,1
PH005623,AC002310,kyc_origination,self,2026-04-01,XXXXXX5412,0
PH005624,AC002310,reference,reference_father,2026-04-01,XXXXXX4653,1
PH005625,AC002311,kyc_origination,self,2026-04-01,XXXXXX5248,0
PH005626,AC002311,borrower_update,self,2026-04-01,XXXXXX6211,1
PH005627,AC002311,bureau,self,2026-04-01,XXXXXX1731,2
PH005628,AC002311,reference,reference_mother,2026-04-01,XXXXXX0485,3
PH005629,AC002312,kyc_origination,self,2026-04-01,XXXXXX6768,0
PH005630,AC002312,borrower_update,self,2026-04-01,XXXXXX4734,1
PH005631,AC002313,kyc_origination,self,2026-04-01,XXXXXX8677,0
PH005632,AC002313,reference,reference_spouse,2026-04-01,XXXXXX7578,1
PH005633,AC002314,kyc_origination,self,2026-04-01,XXXXXX0998,0
PH005634,AC002314,bureau,self,2026-04-01,XXXXXX5518,1
PH005635,AC002315,kyc_origination,self,2026-04-01,XXXXXX2848,0
PH005636,AC002315,borrower_update,self,2026-04-01,XXXXXX9785,1
PH005637,AC002315,reference,reference_father,2026-04-01,XXXXXX0751,2
PH005638,AC002316,kyc_origination,self,2026-04-01,XXXXXX4631,0
PH005639,AC002317,kyc_origination,self,2026-04-01,XXXXXX4730,0
PH005640,AC002317,borrower_update,self,2026-04-01,XXXXXX8261,1
PH005641,AC002318,kyc_origination,self,2026-04-01,XXXXXX5251,0
PH000077,AC002319,kyc_origination,self,2026-04-01,XXXXXX7285,0
PH005642,AC002319,reference,reference_mother,2026-04-01,XXXXXX3193,1
PH005643,AC002320,kyc_origination,self,2026-04-01,XXXXXX5627,0
PH005644,AC002321,kyc_origination,self,2026-04-01,XXXXXX1216,0
PH005645,AC002321,borrower_update,self,2026-04-01,XXXXXX7045,1
PH005646,AC002321,bureau,self,2026-04-01,XXXXXX2403,2
PH005647,AC002322,kyc_origination,self,2026-04-01,XXXXXX7726,0
PH005648,AC002322,borrower_update,self,2026-04-01,XXXXXX1978,1
PH005649,AC002323,kyc_origination,self,2026-04-01,XXXXXX6007,0
PH005650,AC002324,kyc_origination,self,2026-04-01,XXXXXX7503,0
PH005651,AC002324,borrower_update,self,2026-04-01,XXXXXX6138,1
PH005652,AC002324,reference,reference_mother,2026-04-01,XXXXXX8256,2
PH005653,AC002325,kyc_origination,self,2026-04-01,XXXXXX1445,0
PH005654,AC002325,borrower_update,self,2026-04-01,XXXXXX2418,1
PH005655,AC002325,bureau,self,2026-04-01,XXXXXX7487,2
PH000261,AC002325,employer,office,2026-04-01,XXXXXX5475,3
PH005656,AC002326,kyc_origination,self,2026-04-01,XXXXXX2172,0
PH005657,AC002327,kyc_origination,self,2026-04-01,XXXXXX4617,0
PH005658,AC002327,borrower_update,self,2026-04-01,XXXXXX1025,1
PH005659,AC002327,reference,reference_brother,2026-04-01,XXXXXX9556,2
PH005660,AC002328,kyc_origination,self,2026-04-01,XXXXXX9191,0
PH005661,AC002328,bureau,self,2026-04-01,XXXXXX8970,1
PH005662,AC002329,kyc_origination,self,2026-04-01,XXXXXX2319,0
PH005663,AC002329,bureau,self,2026-04-01,XXXXXX3217,1
PH005664,AC002330,kyc_origination,self,2026-04-01,XXXXXX8475,0
PH005665,AC002330,bureau,self,2026-04-01,XXXXXX6994,1
PH005666,AC002330,reference,reference_friend,2026-04-01,XXXXXX2672,2
PH005667,AC002331,kyc_origination,self,2026-04-01,XXXXXX7207,0
PH005668,AC002331,borrower_update,self,2026-04-01,XXXXXX3640,1
PH005669,AC002332,kyc_origination,self,2026-04-01,XXXXXX3140,0
PH000433,AC002332,employer,office,2026-04-01,XXXXXX0411,1
PH005670,AC002332,reference,reference_mother,2026-04-01,XXXXXX1772,2
PH005671,AC002333,kyc_origination,self,2026-04-01,XXXXXX3581,0
PH005672,AC002333,reference,reference_father,2026-04-01,XXXXXX4976,1
PH005673,AC002334,kyc_origination,self,2026-04-01,XXXXXX8184,0
PH005674,AC002334,borrower_update,self,2026-04-01,XXXXXX0022,1
PH005675,AC002335,kyc_origination,self,2026-04-01,XXXXXX6838,0
PH005676,AC002335,bureau,self,2026-04-01,XXXXXX2837,1
PH005677,AC002335,reference,reference_brother,2026-04-01,XXXXXX4095,2
PH000067,AC002336,kyc_origination,self,2026-04-01,XXXXXX7600,0
PH000258,AC002336,employer,office,2026-04-01,XXXXXX5659,1
PH005678,AC002336,reference,reference_father,2026-04-01,XXXXXX5156,2
PH005679,AC002337,kyc_origination,self,2026-04-01,XXXXXX6261,0
PH005680,AC002337,borrower_update,self,2026-04-01,XXXXXX8501,1
PH005681,AC002338,kyc_origination,self,2026-04-01,XXXXXX3851,0
PH005682,AC002338,borrower_update,self,2026-04-01,XXXXXX0740,1
PH005683,AC002338,bureau,self,2026-04-01,XXXXXX0678,2
PH005684,AC002339,kyc_origination,self,2026-04-01,XXXXXX9574,0
PH005685,AC002339,reference,reference_mother,2026-04-01,XXXXXX9694,1
PH005686,AC002340,kyc_origination,self,2026-04-01,XXXXXX0161,0
PH005687,AC002340,borrower_update,self,2026-04-01,XXXXXX8490,1
PH005688,AC002340,reference,reference_spouse,2026-04-01,XXXXXX1551,2
PH005689,AC002341,kyc_origination,self,2026-04-01,XXXXXX6311,0
PH005690,AC002341,borrower_update,self,2026-04-01,XXXXXX1786,1
PH005691,AC002341,reference,reference_father,2026-04-01,XXXXXX8507,2
PH005692,AC002342,kyc_origination,self,2026-04-01,XXXXXX9177,0
PH005693,AC002342,bureau,self,2026-04-01,XXXXXX3332,1
PH005694,AC002343,kyc_origination,self,2026-04-01,XXXXXX7520,0
PH005695,AC002344,kyc_origination,self,2026-04-01,XXXXXX3440,0
PH005696,AC002345,kyc_origination,self,2026-04-01,XXXXXX9163,0
PH005697,AC002346,kyc_origination,self,2026-04-01,XXXXXX1039,0
PH005698,AC002346,reference,reference_friend,2026-04-01,XXXXXX6666,1
PH005699,AC002347,kyc_origination,self,2026-04-01,XXXXXX0682,0
PH005700,AC002347,bureau,self,2026-04-01,XXXXXX6388,1
PH005701,AC002347,reference,reference_spouse,2026-04-01,XXXXXX3482,2
PH005702,AC002348,kyc_origination,self,2026-04-01,XXXXXX6946,0
PH005703,AC002348,borrower_update,self,2026-04-01,XXXXXX0852,1
PH005704,AC002348,bureau,self,2026-04-01,XXXXXX4198,2
PH005705,AC002349,kyc_origination,self,2026-04-01,XXXXXX2689,0
PH005706,AC002350,kyc_origination,self,2026-04-01,XXXXXX5059,0
PH005707,AC002351,kyc_origination,self,2026-04-01,XXXXXX9248,0
PH005708,AC002351,bureau,self,2026-04-01,XXXXXX2853,1
PH005709,AC002352,kyc_origination,self,2026-04-01,XXXXXX4451,0
PH005710,AC002352,reference,reference_spouse,2026-04-01,XXXXXX3638,1
PH005711,AC002353,kyc_origination,self,2026-04-01,XXXXXX5045,0
PH005712,AC002354,kyc_origination,self,2026-04-01,XXXXXX8100,0
PH005713,AC002355,kyc_origination,self,2026-04-01,XXXXXX0224,0
PH005714,AC002355,reference,reference_friend,2026-04-01,XXXXXX5442,1
PH005715,AC002356,kyc_origination,self,2026-04-01,XXXXXX7059,0
PH005716,AC002356,bureau,self,2026-04-01,XXXXXX7340,1
PH005717,AC002357,kyc_origination,self,2026-04-01,XXXXXX6484,0
PH005718,AC002358,kyc_origination,self,2026-04-01,XXXXXX6698,0
PH005719,AC002358,borrower_update,self,2026-04-01,XXXXXX5934,1
PH005720,AC002358,bureau,self,2026-04-01,XXXXXX8468,2
PH005721,AC002358,reference,reference_friend,2026-04-01,XXXXXX0852,3
PH005722,AC002359,kyc_origination,self,2026-04-01,XXXXXX5990,0
PH005723,AC002360,kyc_origination,self,2026-04-01,XXXXXX9172,0
PH000520,AC002360,employer,office,2026-04-01,XXXXXX8438,1
PH005724,AC002360,reference,reference_brother,2026-04-01,XXXXXX7709,2
PH005725,AC002361,kyc_origination,self,2026-04-01,XXXXXX1079,0
PH000393,AC002361,employer,office,2026-04-01,XXXXXX4620,1
PH005726,AC002362,kyc_origination,self,2026-04-01,XXXXXX6306,0
PH005727,AC002362,borrower_update,self,2026-04-01,XXXXXX1312,1
PH000295,AC002362,employer,office,2026-04-01,XXXXXX2747,2
PH005728,AC002362,reference,reference_father,2026-04-01,XXXXXX6548,3
PH005729,AC002363,kyc_origination,self,2026-04-01,XXXXXX2473,0
PH005730,AC002363,reference,reference_friend,2026-04-01,XXXXXX6671,1
PH005731,AC002364,kyc_origination,self,2026-04-01,XXXXXX3263,0
PH005732,AC002365,kyc_origination,self,2026-04-01,XXXXXX1268,0
PH005733,AC002365,borrower_update,self,2026-04-01,XXXXXX3274,1
PH005734,AC002366,kyc_origination,self,2026-04-01,XXXXXX8435,0
PH000581,AC002366,employer,office,2026-04-01,XXXXXX8219,1
PH005735,AC002366,reference,reference_friend,2026-04-01,XXXXXX7844,2
PH005736,AC002367,kyc_origination,self,2026-04-01,XXXXXX6781,0
PH005737,AC002367,reference,reference_spouse,2026-04-01,XXXXXX4472,1
PH005738,AC002368,kyc_origination,self,2026-04-01,XXXXXX6311,0
PH005739,AC002368,reference,reference_spouse,2026-04-01,XXXXXX4517,1
PH005740,AC002369,kyc_origination,self,2026-04-01,XXXXXX8319,0
PH005741,AC002370,kyc_origination,self,2026-04-01,XXXXXX9193,0
PH005742,AC002370,borrower_update,self,2026-04-01,XXXXXX1760,1
PH005743,AC002370,bureau,self,2026-04-01,XXXXXX9581,2
PH005744,AC002370,reference,reference_father,2026-04-01,XXXXXX2393,3
PH005745,AC002371,kyc_origination,self,2026-04-01,XXXXXX9668,0
PH005746,AC002371,reference,reference_brother,2026-04-01,XXXXXX4678,1
PH005747,AC002372,kyc_origination,self,2026-04-01,XXXXXX8495,0
PH005748,AC002372,bureau,self,2026-04-01,XXXXXX5645,1
PH005749,AC002372,reference,reference_spouse,2026-04-01,XXXXXX1492,2
PH000056,AC002373,kyc_origination,self,2026-04-01,XXXXXX0267,0
PH005750,AC002373,reference,reference_friend,2026-04-01,XXXXXX0639,1
PH005751,AC002374,kyc_origination,self,2026-04-01,XXXXXX3223,0
PH005752,AC002375,kyc_origination,self,2026-04-01,XXXXXX8808,0
PH005753,AC002375,reference,reference_spouse,2026-04-01,XXXXXX3896,1
PH005754,AC002376,kyc_origination,self,2026-04-01,XXXXXX5421,0
PH005755,AC002376,bureau,self,2026-04-01,XXXXXX6399,1
PH005756,AC002376,reference,reference_spouse,2026-04-01,XXXXXX6920,2
PH005757,AC002377,kyc_origination,self,2026-04-01,XXXXXX4386,0
PH005758,AC002377,bureau,self,2026-04-01,XXXXXX1601,1
PH005759,AC002378,kyc_origination,self,2026-04-01,XXXXXX3294,0
PH005760,AC002378,bureau,self,2026-04-01,XXXXXX9407,1
PH005761,AC002378,reference,reference_mother,2026-04-01,XXXXXX4503,2
PH005762,AC002379,kyc_origination,self,2026-04-01,XXXXXX4853,0
PH005763,AC002380,kyc_origination,self,2026-04-01,XXXXXX8011,0
PH005764,AC002380,borrower_update,self,2026-04-01,XXXXXX3541,1
PH005765,AC002380,reference,reference_spouse,2026-04-01,XXXXXX9426,2
PH005766,AC002381,kyc_origination,self,2026-04-01,XXXXXX9823,0
PH005767,AC002381,borrower_update,self,2026-04-01,XXXXXX5514,1
PH005768,AC002381,bureau,self,2026-04-01,XXXXXX1927,2
PH005769,AC002382,kyc_origination,self,2026-04-01,XXXXXX0065,0
PH005770,AC002383,kyc_origination,self,2026-04-01,XXXXXX6932,0
PH005771,AC002383,bureau,self,2026-04-01,XXXXXX2232,1
PH005772,AC002383,reference,reference_spouse,2026-04-01,XXXXXX1828,2
PH005773,AC002384,kyc_origination,self,2026-04-01,XXXXXX9513,0
PH005774,AC002384,bureau,self,2026-04-01,XXXXXX4226,1
PH000486,AC002384,employer,office,2026-04-01,XXXXXX3772,2
PH005775,AC002384,reference,reference_spouse,2026-04-01,XXXXXX4953,3
PH005776,AC002385,kyc_origination,self,2026-04-01,XXXXXX5864,0
PH005777,AC002385,bureau,self,2026-04-01,XXXXXX2902,1
PH000499,AC002385,employer,office,2026-04-01,XXXXXX2016,2
PH005778,AC002385,reference,reference_spouse,2026-04-01,XXXXXX6977,3
PH005779,AC002386,kyc_origination,self,2026-04-01,XXXXXX2104,0
PH005780,AC002386,reference,reference_mother,2026-04-01,XXXXXX9144,1
PH005781,AC002387,kyc_origination,self,2026-04-01,XXXXXX0461,0
PH005782,AC002387,borrower_update,self,2026-04-01,XXXXXX0226,1
PH005783,AC002388,kyc_origination,self,2026-04-01,XXXXXX6173,0
PH005784,AC002389,kyc_origination,self,2026-04-01,XXXXXX3738,0
PH005785,AC002390,kyc_origination,self,2026-04-01,XXXXXX3772,0
PH005786,AC002390,reference,reference_brother,2026-04-01,XXXXXX5406,1
PH005787,AC002391,kyc_origination,self,2026-04-01,XXXXXX7809,0
PH005788,AC002391,borrower_update,self,2026-04-01,XXXXXX7553,1
PH005789,AC002391,reference,reference_friend,2026-04-01,XXXXXX9739,2
PH005790,AC002392,kyc_origination,self,2026-04-01,XXXXXX1550,0
PH005791,AC002392,borrower_update,self,2026-04-01,XXXXXX3235,1
PH005792,AC002392,bureau,self,2026-04-01,XXXXXX7341,2
PH005793,AC002393,kyc_origination,self,2026-04-01,XXXXXX3282,0
PH005794,AC002393,bureau,self,2026-04-01,XXXXXX6120,1
PH005795,AC002393,reference,reference_friend,2026-04-01,XXXXXX2078,2
PH005796,AC002394,kyc_origination,self,2026-04-01,XXXXXX1089,0
PH005797,AC002394,bureau,self,2026-04-01,XXXXXX4479,1
PH000286,AC002394,employer,office,2026-04-01,XXXXXX5160,2
PH005798,AC002394,reference,reference_spouse,2026-04-01,XXXXXX1761,3
PH000062,AC002395,kyc_origination,self,2026-04-01,XXXXXX1984,0
PH005799,AC002395,borrower_update,self,2026-04-01,XXXXXX6526,1
PH005800,AC002395,reference,reference_friend,2026-04-01,XXXXXX2227,2
PH005801,AC002396,kyc_origination,self,2026-04-01,XXXXXX6551,0
PH005802,AC002396,bureau,self,2026-04-01,XXXXXX2308,1
PH005803,AC002397,kyc_origination,self,2026-04-01,XXXXXX1550,0
PH000511,AC002397,employer,office,2026-04-01,XXXXXX5295,1
PH005804,AC002398,kyc_origination,self,2026-04-01,XXXXXX4271,0
PH005805,AC002398,borrower_update,self,2026-04-01,XXXXXX0404,1
PH005806,AC002398,reference,reference_father,2026-04-01,XXXXXX8747,2
PH005807,AC002399,kyc_origination,self,2026-04-01,XXXXXX5887,0
PH005808,AC002399,bureau,self,2026-04-01,XXXXXX5242,1
PH005809,AC002400,kyc_origination,self,2026-04-01,XXXXXX4344,0
PH005810,AC002400,reference,reference_spouse,2026-04-01,XXXXXX8264,1
PH005811,AC000285,skip_trace,self,2026-04-13,XXXXXX3895,2
PH005812,AC002103,skip_trace,self,2026-04-18,XXXXXX9355,3
PH005813,AC000348,skip_trace,self,2026-04-23,XXXXXX7488,2
PH005814,AC000409,skip_trace,self,2026-04-23,XXXXXX6571,3
PH005815,AC001196,skip_trace,self,2026-04-25,XXXXXX2981,2
PH005816,AC002204,skip_trace,self,2026-04-26,XXXXXX5538,2
PH005817,AC000905,skip_trace,self,2026-04-27,XXXXXX0254,2
PH005818,AC001078,skip_trace,self,2026-04-27,XXXXXX4768,1
PH005819,AC001998,skip_trace,self,2026-04-28,XXXXXX2152,2
PH005820,AC001892,skip_trace,self,2026-04-29,XXXXXX1709,2
PH005821,AC002017,skip_trace,self,2026-04-29,XXXXXX3302,2
PH005822,AC000725,skip_trace,self,2026-04-30,XXXXXX9921,1
PH005823,AC001217,skip_trace,self,2026-04-30,XXXXXX9549,2
PH005824,AC002071,skip_trace,self,2026-04-30,XXXXXX4514,1
PH005825,AC000077,skip_trace,self,2026-05-01,XXXXXX3130,2
PH005826,AC001654,skip_trace,self,2026-05-01,XXXXXX0943,2
PH005827,AC000079,skip_trace,self,2026-05-02,XXXXXX2648,2
PH005828,AC001439,skip_trace,self,2026-05-02,XXXXXX1076,1
PH005829,AC001541,skip_trace,self,2026-05-02,XXXXXX2445,2
PH005830,AC001617,skip_trace,self,2026-05-02,XXXXXX0066,1
PH005831,AC002364,skip_trace,self,2026-05-02,XXXXXX7401,1
PH005832,AC000153,skip_trace,self,2026-05-04,XXXXXX7454,4
PH005833,AC001562,skip_trace,self,2026-05-04,XXXXXX7088,2
PH005834,AC001661,skip_trace,self,2026-05-04,XXXXXX4051,2
PH005835,AC001775,skip_trace,self,2026-05-04,XXXXXX5215,2
PH005836,AC001488,skip_trace,self,2026-05-05,XXXXXX5780,2
PH005837,AC002106,skip_trace,self,2026-05-05,XXXXXX4854,1
PH005838,AC002318,skip_trace,self,2026-05-05,XXXXXX8227,1
PH005839,AC001555,skip_trace,self,2026-05-06,XXXXXX9402,1
PH005840,AC001943,skip_trace,self,2026-05-06,XXXXXX1462,2
PH005841,AC002192,skip_trace,self,2026-05-06,XXXXXX0658,2
PH005842,AC000310,skip_trace,self,2026-05-07,XXXXXX2997,2
PH005843,AC001801,skip_trace,self,2026-05-07,XXXXXX0684,1
PH005844,AC001895,skip_trace,self,2026-05-07,XXXXXX2618,3
PH005845,AC000307,skip_trace,self,2026-05-08,XXXXXX5891,1
PH005846,AC000673,skip_trace,self,2026-05-08,XXXXXX2846,3
PH005847,AC000828,skip_trace,self,2026-05-08,XXXXXX0397,2
PH005848,AC002137,skip_trace,self,2026-05-08,XXXXXX7084,2
PH005849,AC002322,skip_trace,self,2026-05-08,XXXXXX1988,2
PH005850,AC000446,skip_trace,self,2026-05-09,XXXXXX8571,3
PH005851,AC001226,skip_trace,self,2026-05-09,XXXXXX6762,3
PH005852,AC002285,skip_trace,self,2026-05-09,XXXXXX3386,1
PH005853,AC000135,skip_trace,self,2026-05-11,XXXXXX9040,2
PH005854,AC000934,skip_trace,self,2026-05-11,XXXXXX2640,1
PH005855,AC001867,skip_trace,self,2026-05-11,XXXXXX1651,1
PH005856,AC001898,skip_trace,self,2026-05-11,XXXXXX9406,3
PH005857,AC002108,skip_trace,self,2026-05-12,XXXXXX6495,3
PH005858,AC001030,skip_trace,self,2026-05-13,XXXXXX5316,3
PH005859,AC001203,skip_trace,self,2026-05-13,XXXXXX8620,3
PH005860,AC002375,skip_trace,self,2026-05-13,XXXXXX3460,2
PH005861,AC000025,skip_trace,self,2026-05-14,XXXXXX3157,2
PH005862,AC000401,skip_trace,self,2026-05-14,XXXXXX6187,3
PH005863,AC001624,skip_trace,self,2026-05-14,XXXXXX7629,2
PH005864,AC001464,skip_trace,self,2026-05-15,XXXXXX9398,2
PH005865,AC001546,skip_trace,self,2026-05-15,XXXXXX7623,1
PH005866,AC000267,skip_trace,self,2026-05-16,XXXXXX6426,2
PH005867,AC001746,skip_trace,self,2026-05-16,XXXXXX3887,2
PH005868,AC000928,skip_trace,self,2026-05-17,XXXXXX2960,2
PH005869,AC000419,skip_trace,self,2026-05-18,XXXXXX8352,2
PH005870,AC001949,skip_trace,self,2026-05-18,XXXXXX9770,2
PH005871,AC002040,skip_trace,self,2026-05-18,XXXXXX6682,3
PH005872,AC000152,skip_trace,self,2026-05-19,XXXXXX0367,2
PH005873,AC000196,skip_trace,self,2026-05-19,XXXXXX0256,2
PH005874,AC001558,skip_trace,self,2026-05-19,XXXXXX1291,1
PH005875,AC001964,skip_trace,self,2026-05-19,XXXXXX7328,2
PH005876,AC000712,skip_trace,self,2026-05-20,XXXXXX5288,3
PH005877,AC001245,skip_trace,self,2026-05-20,XXXXXX1404,2
PH005878,AC002053,skip_trace,self,2026-05-20,XXXXXX1074,2
PH005879,AC000343,skip_trace,self,2026-05-21,XXXXXX0601,2
PH005880,AC000747,skip_trace,self,2026-05-21,XXXXXX2214,1
PH005881,AC001570,skip_trace,self,2026-05-21,XXXXXX2149,1
PH005882,AC001102,skip_trace,self,2026-05-22,XXXXXX5159,1
PH005883,AC001433,skip_trace,self,2026-05-23,XXXXXX0536,3
PH005884,AC001768,skip_trace,self,2026-05-24,XXXXXX3375,1
PH005885,AC002345,skip_trace,self,2026-05-24,XXXXXX4695,1
PH005886,AC000108,skip_trace,self,2026-05-25,XXXXXX8234,2
PH005887,AC000273,skip_trace,self,2026-05-25,XXXXXX7564,3
PH005888,AC001808,skip_trace,self,2026-05-25,XXXXXX9129,1
PH005889,AC000597,skip_trace,self,2026-05-27,XXXXXX4351,1
PH005890,AC001055,skip_trace,self,2026-05-27,XXXXXX1509,2
PH005891,AC001132,skip_trace,self,2026-05-27,XXXXXX0465,2
PH005892,AC001699,skip_trace,self,2026-05-27,XXXXXX6902,1
PH005893,AC002234,skip_trace,self,2026-05-27,XXXXXX4968,2
PH005894,AC001940,skip_trace,self,2026-05-28,XXXXXX5748,1
PH005895,AC002240,skip_trace,self,2026-05-28,XXXXXX9822,3
PH005896,AC000118,skip_trace,self,2026-05-29,XXXXXX5985,2
PH005897,AC000239,skip_trace,self,2026-05-29,XXXXXX8989,3
PH005898,AC000796,skip_trace,self,2026-05-29,XXXXXX4085,2
PH005899,AC000981,skip_trace,self,2026-05-29,XXXXXX6958,2
PH005900,AC001161,skip_trace,self,2026-05-29,XXXXXX1769,3
PH005901,AC002148,skip_trace,self,2026-05-29,XXXXXX9504,4
PH005902,AC000682,skip_trace,self,2026-05-30,XXXXXX6046,2
PH005903,AC001353,skip_trace,self,2026-05-30,XXXXXX3844,1
PH005904,AC002092,skip_trace,self,2026-05-30,XXXXXX5891,1
PH005905,AC001654,skip_trace,self,2026-05-31,XXXXXX0716,3
PH005906,AC000154,skip_trace,self,2026-06-03,XXXXXX9789,2
PH005907,AC000596,skip_trace,self,2026-06-03,XXXXXX2696,2
PH005908,AC001993,skip_trace,self,2026-06-03,XXXXXX0028,2
PH005909,AC000361,skip_trace,self,2026-06-04,XXXXXX3456,3
PH005910,AC000053,skip_trace,self,2026-06-05,XXXXXX2403,2
PH005911,AC000588,skip_trace,self,2026-06-05,XXXXXX8976,3
PH005912,AC001340,skip_trace,self,2026-06-05,XXXXXX1663,2
PH005913,AC002331,skip_trace,self,2026-06-05,XXXXXX0653,2
PH005914,AC002359,skip_trace,self,2026-06-05,XXXXXX6342,1
PH005915,AC000211,skip_trace,self,2026-06-06,XXXXXX1233,2
PH005916,AC000783,skip_trace,self,2026-06-06,XXXXXX2487,3
PH005917,AC001032,skip_trace,self,2026-06-06,XXXXXX1263,1
PH005918,AC001147,skip_trace,self,2026-06-06,XXXXXX0666,1
PH005919,AC002272,skip_trace,self,2026-06-06,XXXXXX5748,1
PH005920,AC000567,skip_trace,self,2026-06-07,XXXXXX5643,1
PH005921,AC000624,skip_trace,self,2026-06-08,XXXXXX1732,2
PH005922,AC002065,skip_trace,self,2026-06-08,XXXXXX5421,2
PH005923,AC000565,skip_trace,self,2026-06-09,XXXXXX7352,1
PH005924,AC001349,skip_trace,self,2026-06-09,XXXXXX6713,3
PH005925,AC002319,skip_trace,self,2026-06-09,XXXXXX5014,2
PH005926,AC000260,skip_trace,self,2026-06-10,XXXXXX2363,1
PH005927,AC000581,skip_trace,self,2026-06-10,XXXXXX3996,1
PH005928,AC001004,skip_trace,self,2026-06-10,XXXXXX3668,1
PH005929,AC002365,skip_trace,self,2026-06-10,XXXXXX3476,2
PH005930,AC001813,skip_trace,self,2026-06-11,XXXXXX1044,3
PH005931,AC002208,skip_trace,self,2026-06-11,XXXXXX0698,3
PH005932,AC000057,skip_trace,self,2026-06-12,XXXXXX6630,5
PH005933,AC002048,skip_trace,self,2026-06-13,XXXXXX2478,3
PH005934,AC002326,skip_trace,self,2026-06-14,XXXXXX9631,1
PH005935,AC000187,skip_trace,self,2026-06-15,XXXXXX9097,3
PH005936,AC001211,skip_trace,self,2026-06-16,XXXXXX7230,2
PH005937,AC000885,skip_trace,self,2026-06-17,XXXXXX6555,2
PH005938,AC001149,skip_trace,self,2026-06-17,XXXXXX0128,3
PH005939,AC001655,skip_trace,self,2026-06-18,XXXXXX7333,1
PH005940,AC000833,skip_trace,self,2026-06-20,XXXXXX6556,3
PH005941,AC001274,skip_trace,self,2026-06-20,XXXXXX5090,1
PH005942,AC001473,skip_trace,self,2026-06-20,XXXXXX3068,2
PH005943,AC001951,skip_trace,self,2026-06-21,XXXXXX9927,1
PH005944,AC001987,skip_trace,self,2026-06-21,XXXXXX1086,3
PH005945,AC000931,skip_trace,self,2026-06-22,XXXXXX7103,1
PH005946,AC001141,skip_trace,self,2026-06-22,XXXXXX4787,4
PH005947,AC000993,skip_trace,self,2026-06-24,XXXXXX5119,2
PH005948,AC001085,skip_trace,self,2026-06-24,XXXXXX0391,3
PH005949,AC001706,skip_trace,self,2026-06-24,XXXXXX2559,3
PH005950,AC001852,skip_trace,self,2026-06-24,XXXXXX7118,2
PH005951,AC001273,skip_trace,self,2026-06-25,XXXXXX7009,3
PH005952,AC001630,skip_trace,self,2026-06-26,XXXXXX2994,2
PH005953,AC001576,skip_trace,self,2026-06-27,XXXXXX4632,4
PH005954,AC000522,skip_trace,self,2026-06-28,XXXXXX6073,2
PH005955,AC001029,skip_trace,self,2026-06-28,XXXXXX8493,2
PH005956,AC001430,skip_trace,self,2026-06-28,XXXXXX6767,1
PH005957,AC000440,skip_trace,self,2026-06-29,XXXXXX7393,2
PH005958,AC000974,skip_trace,self,2026-06-29,XXXXXX5372,2
