address_id,account_id,address_type,source,added_date,town_id,address_text
AD000001,AC000001,residence,kyc_origination,2026-04-01,T1,"6th Cross, 5th Main, ಚರ್ಚ್ ಹತ್ತಿರ, Kuvempu Layt, Kaveripura - 960102"
AD000002,AC000001,office,kyc_origination,2026-04-01,T1,no. 173 12th cross 3rd main shanthi nagar kaveripura - 960101
AD000003,AC000002,residence,kyc_origination,2026-04-01,T3,367/3 e block 2nd road green park layt navanagara east - 980301
AD000004,AC000003,residence,kyc_origination,2026-04-01,T2,#81 gali 10 ganesh mandir ke bagal mein krishna puri devgarh nagar - 970202
AD000005,AC000004,residence,kyc_origination,2026-04-01,T2,"behind PDS Shop, Shivaji Nagar, Devgarh Nagar - 970202"
AD000006,AC000004,permanent_native,kyc_origination,2026-04-01,OUT,"Village Rampura Kalan, Tehsil D, District South - 996281"
AD000007,AC000005,residence,kyc_origination,2026-04-01,T2,"गली नं. 3, राशन की दुकान के बगल में, Tilak Ngr, Devgarh Nagar - 970204"
AD000008,AC000006,residence,kyc_origination,2026-04-01,T1,9th cr 1st main vinayaka nagr kaveripura - 960104
AD000009,AC000007,residence,kyc_origination,2026-04-01,T1,"231/2, 7th Cr, 7th Main, close to Hanuman Temple, Nehru Colony, Kaveripura - 960102"
AD000010,AC000007,office,kyc_origination,2026-04-01,T1,"6th X, 1st Main, nr Medical Store, Kaveripura - 960104"
AD000011,AC000008,residence,kyc_origination,2026-04-01,T3,blk a rd 2 milk dairy edurru palm meadows navanagara east - 980302
AD000012,AC000009,residence,kyc_origination,2026-04-01,T2,house 52 gali no. 5 ward 9 मस्जिद के पास shastri nagar devgarh nagar - 970201
AD000013,AC000010,residence,kyc_origination,2026-04-01,T2,"H.No. 186, Gali No. 4, Ward 3, opp Overhead Tank, Ambedkar Nagar, Devgarh Nagar - 970204"
AD000014,AC000011,residence,kyc_origination,2026-04-01,T2,"HOUSE 458, GALI NO-4, AMBEDKAR NAGAR, DEVGARH NAGAR"
AD000015,AC000012,residence,kyc_origination,2026-04-01,T1,"H.NO. 356, NR. CHURCH, KUVEMPU LAYOUT, KAVERIPURA - 960104"
AD000016,AC000013,residence,kyc_origination,2026-04-01,T2,"No. 86, Gali 2, Ward 8, Azad Mohalla, Devgarh Nagar - 970203"
AD000017,AC000014,residence,kyc_origination,2026-04-01,T2,"217/2, Gali no-4, opp. Water Tank, Ambedkar Nagr, Devgarh Nagar - 970204"
AD000018,AC000015,residence,kyc_origination,2026-04-01,T1,"#159, 6th Cross, 7th Main, Anjaneya Badavane, Kaveripura - 9601003"
AD000019,AC000016,residence,kyc_origination,2026-04-01,T3,#421 blk d rd 6 near water tank silver oak layt navanagara east - 980301
AD000020,AC000017,residence,kyc_origination,2026-04-01,T1,house 25 3rd cross 6th main rd kaveripura - 960104
AD000021,AC000018,residence,kyc_origination,2026-04-01,T3,"HOUSE 32, BLK C, RD 6, NAVANAGARA EAST - 980303"
AD000022,AC000019,residence,kyc_origination,2026-04-01,T1,"4th Cross, 8th Main, near Govt School, Kuvempu Layout, Kaveripura - 960102"
AD000023,AC000020,residence,kyc_origination,2026-04-01,T3,h.no. 64 blk d rd 6 silver oak layout navanagara east - 980301
AD000024,AC000021,residence,kyc_origination,2026-04-01,T3,"F BLOCK, 5TH ROAD, CLOSE TO GANAPATHI TEMPLE, RAILWAY COLONY, NAVANAGARA EAST - 980304"
AD000025,AC000021,office,kyc_origination,2026-04-01,T3,"BLK A, RD 6, SUNRISE ENCLAVE, NAVANAGARA EAST - 980304"
AD000026,AC000022,residence,kyc_origination,2026-04-01,T1,"H.No. 377, 9th Cross, 7th Main, Vinayaka Nagar, Kaveripura - 960104"
AD000027,AC000023,residence,kyc_origination,2026-04-01,T2,"89/2, Azad Mohalla, Devgarh Nagar - 970203"
AD000028,AC000024,residence,kyc_origination,2026-04-01,T3,"Blk F, Rd 4, Defence Col, Navanagara East - 980302"
AD000029,AC000025,residence,kyc_origination,2026-04-01,T2,"Gali 2, Ward 3, Tanki ke pass, Ambedkar Nagar, Devgarh Ngr - 970204"
AD000030,AC000026,residence,kyc_origination,2026-04-01,T1,11th cross 3rd mn adj. ganapathi temple nehru colony kaveripura - 960102
AD000031,AC000027,residence,kyc_origination,2026-04-01,T3,"HAALINA DAIYR EDURU, PALM MEADOWS, NAVANAGARA EAST - 980302"
AD000032,AC000028,residence,kyc_origination,2026-04-01,T2,"HOUSE 193, GALI NO. 9, NR GANESH TEMPLE, PATEL NAGAR, DEVGARH NAGAR - 970202"
AD000033,AC000029,residence,kyc_origination,2026-04-01,T1,5th cross 3rd main nr. medical store vidya nagar kaveripura - 960103
AD000034,AC000029,office,kyc_origination,2026-04-01,T1,#475 ganapathi gudi hattira kuvempu layout kaveripura - 960102
AD000035,AC000030,residence,kyc_origination,2026-04-01,T3,"A Block, 2nd Road, behind Milk Dairy, Palm Meadows, Navanagara East - 980302"
AD000036,AC000031,residence,kyc_origination,2026-04-01,T3,"D BLOCK, 5TH ROAD, OPP. KALYANA MANTAPA, LAKEVIEW PHASE 2, NAVANAAGARA EAST - 980303"
AD000037,AC000032,residence,kyc_origination,2026-04-01,T1,"4TH CROSS, 2ND MN, KAVERIPURA - 960102"
AD000038,AC000032,permanent_native,kyc_origination,2026-04-01,OUT,"Village Kodihalli, Tehsil C, District South - 997460"
AD000039,AC000033,residence,kyc_origination,2026-04-01,T2,"Sai Residency, Gali 2, Dawai ki Dukaan ke paas, Ambedkar Nagar, Devgarh Nagar - 970204"
AD000040,AC000034,residence,kyc_origination,2026-04-01,T1,"313/2, 3rd Crs, 8th Main, Basava Nagar, Kaveripura"
AD000041,AC000034,office,kyc_origination,2026-04-01,T1,"9th Cross, 4th Mainn, close to Church, Hosa Badavane, Kaveripura - 960101"
AD000042,AC000035,residence,kyc_origination,2026-04-01,T3,"House 217, Lakevew Phase 2, Navanagara East - 980303"
AD000043,AC000036,residence,kyc_origination,2026-04-01,T3,"H.NO. 452, BLK F, RD 5, LAKEVIEW PHASE 2, NAVANAGARA EAST - 980303"
AD000044,AC000036,permanent_native,kyc_origination,2026-04-01,OUT,"Village Mallapura, Taluk A, District North - 999665"
AD000045,AC000037,residence,kyc_origination,2026-04-01,T3,#478 nr govt school silver oak layou navanagara east - 980301
AD000046,AC000037,office,kyc_origination,2026-04-01,T3,"Blk A, Rd 3, opp PDS Shop, Sunrise Enclave, Navanagara East - 980304"
AD000047,AC000038,residence,kyc_origination,2026-04-01,T1,"House 353, 5th X, 8th Main, Sarkari Shaale hattira, Vinayaka Nagar, Kaveripura - 960104"
AD000048,AC000039,residence,kyc_origination,2026-04-01,T1,"#160, 5th Cross, 1st Main, ಕಲ್ಯಾಣ ಮಂಟಪ ಹತ್ತಿರ, Kalyana Ngr, Kaveripura - 960104"
AD000049,AC000040,residence,kyc_origination,2026-04-01,T2,"H.No. 178, Gali no-1, close to Ration Shop, Azad Mohalla, Devgarh Nagar - 970203"
AD000050,AC000041,residence,kyc_origination,2026-04-01,T1,"197/1, 4TH CROSS, 8TH MAIN, KUVEMPU LAYT, KAVERIPURA - 960104"
AD000051,AC000041,permanent_native,kyc_origination,2026-04-01,OUT,"Village Hosahalli, Taluk A, District West - 993028"
AD000052,AC000042,residence,kyc_origination,2026-04-01,T1,10th cross 1st main hanuman mandir ke paas gandhi nagr kaveripura - 960102
AD000053,AC000043,residence,kyc_origination,2026-04-01,T1,"H.No. 279, 10th Cross, 2nd Main, Ganesh Mandir ke paas, Siddeshwara Colny, Kaveripura - 960102"
AD000054,AC000043,office,kyc_origination,2026-04-01,T1,"#208, Ganapathi Gudi hattira, Vinayaka Nagar, Kaveripura - 960104"
AD000055,AC000044,residence,kyc_origination,2026-04-01,T3,"60/3, B Blk., 1st Road, near Pharmacy, Teachers Colony, Navanagara East - 980302"
AD000056,AC000044,office,kyc_origination,2026-04-01,T3,"H.No. 178, F Blk, 4th Road, nr Bus Stop, Green Park Layout, Navanagara East - 980301"
AD000057,AC000045,residence,kyc_origination,2026-04-01,T3,"441/3, NR. GOVT SCHOOL, SILVUR OAK LAYOUT, NAVANAGARA EAST - 980301"
AD000058,AC000046,residence,kyc_origination,2026-04-01,T3,a blk 6th rd nr government school hmt colony navanagara east - 980303
AD000059,AC000047,residence,kyc_origination,2026-04-01,T1,"NO. 197, 3RD X, 6TH MAIN, GANAPATHI GUDI HATTIRA, ASHOKA LAYOUT, KAVERIPURA - 960104"
AD000060,AC000048,residence,kyc_origination,2026-04-01,T3,"B BLK, 3RD ROAD, LAKEVIEW PHASE 2, NAVANAGARA EAST - 980303"
AD000061,AC000049,residence,kyc_origination,2026-04-01,T2,"#461, Gali 7, nr Church, Patel Nagar, Devgarh Ngr - 970202"
AD000062,AC000050,residence,kyc_origination,2026-04-01,T1,"H.No. 339, 6th Cr, 3rd Main, Bus Nildana eduru, Gandhi Nagar, Kaveripura"
AD000063,AC000051,residence,kyc_origination,2026-04-01,T2,gali 6 community hall ke paas nehru colony devgarh nagr - 970203
AD000064,AC000051,office,kyc_origination,2026-04-01,T2,h.no. 192 gali no. 7 nr ganapathi temple devgarh nagar - 970204
AD000065,AC000052,residence,kyc_origination,2026-04-01,T3,"HOUSE 164, B BLOCK, 3RD RIAD, NR. GOVT SCHOOL, TEACHERS COL, NAVANAGARA EAST - 980302"
AD000066,AC000053,residence,kyc_origination,2026-04-01,T1,"379/3, 6th Cross, 5th Mn, nar Pharmacy, Kuvempu Layout, Kaveripura - 960102"
AD000067,AC000054,residence,kyc_origination,2026-04-01,T3,"No. 267, Blk A, Rd 2, Palm Meadows, Navanagara East - 980303"
AD000068,AC000055,residence,kyc_origination,2026-04-01,T2,93/3 nr. medical store nehru colony devgarh ngr - 970230
AD000069,AC000056,residence,kyc_origination,2026-04-01,T2,"No. 124, Gali no-3, डाकघर के पास, Shivaji Nagar, Devgarh Ngr - 970202"
AD000070,AC000056,permanent_native,kyc_origination,2026-04-01,OUT,"Village Sundarpur, Tehsil C, District West - 991196"
AD000071,AC000057,residence,kyc_origination,2026-04-01,T3,"No. 19, Blk A, Rd 3, Petrol Bunk edhuu, Unity Nagar, Navanagara East - 980302"
AD000072,AC000058,residence,kyc_origination,2026-04-01,T3,"Annapoorna Nilaya, D Block, 4th Rd, ner Mosque, Navanagara East - 980302"
AD000073,AC000059,residence,kyc_origination,2026-04-01,T2,"House 206, Gali No. 2, Ward 7, Gandhi Basti, Devgarh Nagar - 970203"
AD000074,AC000059,office,kyc_origination,2026-04-01,T2,"#38, Azad Mohalla, Devgarh Ngr - 970202"
AD000075,AC000060,residence,kyc_origination,2026-04-01,T1,"No. 326, 5th Cross, 5th Main, opp Hanuman Temple, Nehru Colony, Kaveripura - 960102"
AD000076,AC000061,residence,kyc_origination,2026-04-01,T2,"Gali 9, Ward 7, close to Ganesh Temple, Gandhi Baste, Devgarh Nagr - 970203"
AD000077,AC000062,residence,kyc_origination,2026-04-01,T3,"185/3, A Blk., 2nd Rd, Haalina Dairy hindhe, Navanagara East - 980302"
AD000078,AC000063,residence,kyc_origination,2026-04-01,T3,"167/3, Blk E, Rd 3, opp. Govt School, Silver Oak Layout, Navanagara East - 980301"
AD000079,AC000064,residence,kyc_origination,2026-04-01,T3,"NO. 14, A BLOCK, 3RD RD., NEAR CHURCH, TEACHERS COL, NAVANAGARA EAST - 980302"
AD000080,AC000064,office,kyc_origination,2026-04-01,T3,"NO. 254, C BLOCK, 5TH ROAD, OPP HANUMAN TEMPLE, LAKEVIEW PHASE 2, NAVANAGARA EAST - 980303"
AD000081,AC000065,residence,kyc_origination,2026-04-01,T3,"Blk B, Rd 5, nr Milk Booth, HMT Colony, Navanagara East"
AD000082,AC000066,residence,kyc_origination,2026-04-01,T3,2951/ c block 6th road opp. hanuman temple lakeview phase 2 navanagara east - 980303
AD000083,AC000066,office,kyc_origination,2026-04-01,T3,#203 blk f rd 4 nr post office hmt colony navanagara east - 980301
AD000084,AC000067,residence,kyc_origination,2026-04-01,T3,"H.NO. 371, B BLOCK, 4TH ROAD, NR. MASJID, ORCHID ENCLAVE, NAVANAGARA EAST - 980301"
AD000085,AC000068,residence,kyc_origination,2026-04-01,T1,house 283 ಬಸ್ ನಿಲ್ದಾಣ ಹತ್ತಿರ gandhi nagar kaveripura - 960102
AD000086,AC000069,residence,kyc_origination,2026-04-01,T2,h.no. 107 gali no. 5 opp water tank krishna puri devgarh nagar
AD000087,AC000069,office,kyc_origination,2026-04-01,T2,#423 gali no. 11 ward 7 gandhi basti devgarh nagar - 970201
AD000088,AC000070,residence,kyc_origination,2026-04-01,T2,gali no-10 hanuman mandir ke paass ambedkar nagar devgarh nagar - 970204
AD000089,AC000071,residence,kyc_origination,2026-04-01,T2,"77/3, गली नं. 9, Ward 3, हनुमान मंदिर के पास, Ambedkar Nagar, Devgarh Ngr - 970204"
AD000090,AC000071,office,kyc_origination,2026-04-01,T2,"No. 324, near Hanuman Temple, Subhash Nagar, Devgarh Nagar - 970201"
AD000091,AC000072,residence,kyc_origination,2026-04-01,T2,no. 410 gali no. 1 bus adda ke piche devgarh nagar - 970202
AD000092,AC000073,residence,kyc_origination,2026-04-01,T3,"#272, Blk A, Rd 1, close to Hanuman Temple, Palm Meadows, Navanagara East - 980302"
AD000093,AC000073,office,kyc_origination,2026-04-01,T3,"#304, E Blk, 1st Rd, b/h Kalyana Mantapa, Sunrise Enclave, Navanagara East - 980304"
AD000094,AC000074,residence,kyc_origination,2026-04-01,T3,no. 397 nr. government school silver oak lyt navanagara east - 980301
AD000095,AC000074,permanent_native,kyc_origination,2026-04-01,OUT,"Village Mallapura, Taluk A, District West - 991842"
AD000096,AC000075,residence,kyc_origination,2026-04-01,T3,"NO. 206, NR GANESH TEMPLE, LAKEVIEW PHASE 2, NAVAANAGARA EAST - 980303"
AD000097,AC000076,residence,kyc_origination,2026-04-01,T3,blk a rd 6 tanki ke saamne green park lyt navanagara east - 980301
AD000098,AC000077,residence,kyc_origination,2026-04-01,T3,"B Block, 5th Road, Bus Stop ke paas, Railway Colony, Navanagara East - 980304"
AD000099,AC000078,residence,kyc_origination,2026-04-01,T3,no. 107 blk f rd 7 nr pharmacy hmt colony navanagara east - 980304
AD000100,AC000079,residence,kyc_origination,2026-04-01,T1,8th cross 4th main rd park hattira nehru colony kaveripura - 960102
AD000101,AC000080,residence,kyc_origination,2026-04-01,T3,"House 13, B Blk, 4th Rad, nr Mosque, Railway Colony, Nvaanagara Eat - 980304"
AD000102,AC000081,residence,kyc_origination,2026-04-01,T1,#266 6th crs 7th main ನ್ಯಾಯಬೆಲೆ ಅಂಗಡಿ ಪಕ್ಕ anjaneya badavane kaveripura - 960103
AD000103,AC000082,residence,kyc_origination,2026-04-01,T3,"No. 180, Blk D, Rd 5, Palm Meadows, Navanagara East - 980302"
AD000104,AC000083,residence,kyc_origination,2026-04-01,T1,372/2 sri krishna nivas 5th crs 2nd mn medical shop hindhe vidya nagr kaveripura
AD000105,AC000084,residence,kyc_origination,2026-04-01,T2,"H.No. 336, Geli 11, Sarkari School ke pass, Shastri Nagr, Devgarh Nagar - 970201"
AD000106,AC000085,residence,kyc_origination,2026-04-01,T1,"No. 49, Ganapathi Gudi hattira, Vinayaka Nagar, Kaveripura - 960104"
AD000107,AC000086,residence,kyc_origination,2026-04-01,T3,f blk. 1st road lakeview phase 2 navanagara east - 980303
AD000108,AC000087,residence,kyc_origination,2026-04-01,T3,"182/2, Om Sai Complex, Blk E, Rd 1, ಗಣಪತಿ ದೇವಸ್ಥಾನ ಹತ್ತಿರ, Defence Colony, Navanagara East - 980301"
AD000109,AC000088,residence,kyc_origination,2026-04-01,T1,"#378, 5th X, 8th Main, near Kalyana Mantapa, Siddeshwara Colony, Kaveripura - 960102"
AD000110,AC000088,permanent_native,kyc_origination,2026-04-01,OUT,"Village Bilagi, Taluk A, District West - 998921"
AD000111,AC000089,residence,kyc_origination,2026-04-01,T1,"H.No. 56, Masidi hattira, Vidya Nagar, Kaveripura - 960103"
AD000112,AC000089,office,kyc_origination,2026-04-01,T1,"5th Cross, 5th Main, Ganapathi Guudi hinde, Gandhi Nagr, Kaveripura - 960103"
AD000113,AC000090,residence,kyc_origination,2026-04-01,T3,#161 blk d rd 5 opposite children park sunrise enclave navanagara east - 980304
AD000114,AC000091,residence,kyc_origination,2026-04-01,T1,annapoorna nilaya 10ht cross 2nd main rd nehru colony kaveripura
AD000115,AC000092,residence,kyc_origination,2026-04-01,T3,"184/2, Blk D, Rd 5, Sunrise Enclave, Navanagara East - 980303"
AD000116,AC000093,residence,kyc_origination,2026-04-01,T3,"Blk D, Rd 5, Paani ki Tanki ke piche, Navanagara East - 980301"
AD000117,AC000094,residence,kyc_origination,2026-04-01,T3,"House 105, Bus Nildana hattira, Palm Meadows, Navanagara East - 980302"
AD000118,AC000094,permanent_native,kyc_origination,2026-04-01,OUT,"Village Mallapura, Taluk B, District West - 991187"
AD000119,AC000095,residence,kyc_origination,2026-04-01,T1,"2ND CROSS, 5TH MAIN, NR. BUS STAND, KAVERIPURA - 960101"
AD000120,AC000096,residence,kyc_origination,2026-04-01,T3,"BLK A, RD 7, PALM MEADOWS, NAVANAGARA EAST - 980302"
AD000121,AC000096,office,kyc_origination,2026-04-01,T3,"D BLOCK, 1ST ROAD, BESIDE PETROL BUNK, NAVANAGARA EAST - 980301"
AD000122,AC000097,residence,kyc_origination,2026-04-01,T3,"#95, BLK C, RD 6, OPP MEDICAL STORE, TEACHERS COLONY, NAVANAGORA EAST - 980302"
AD000123,AC000098,residence,kyc_origination,2026-04-01,T2,"H.NO. 241, GALI NO-2, RATION KI DUKAAN KE PAAS, AZAD MOHALLA, DEVGARH NAGAR - 970203"
AD000124,AC000099,residence,kyc_origination,2026-04-01,T3,"Blk D, Rd 5, nr Hnauman Temple, Palm Meadows, Navanagara East - 980302"
AD000125,AC000099,office,kyc_origination,2026-04-01,T3,"H.No. 129, Blk B, Rd 6, near Bus Stop, Lakeview Phase 2, Navanagara East - 980303"
AD000126,AC000100,residence,kyc_origination,2026-04-01,T1,"NO. 227, GANDHI NAGAR, KAVERIPURA"
AD000127,AC000101,residence,kyc_origination,2026-04-01,T3,"B BLK, 6TH ROAD, NR GOVT SCHOOL, TEACHERS COLNY, NAVANAGARA EAST - 980302"
AD000128,AC000102,residence,kyc_origination,2026-04-01,T1,"No. 471, 10th Cross, 2nd Main, Ganapathi Gudi hinhde, Nehru Colny, Kaveripura - 960102"
AD000129,AC000103,residence,kyc_origination,2026-04-01,T1,"11th Cross, 7th Main, nr Community Hall, Nehru Colony, Kaveripura - 960102"
AD000130,AC000104,residence,kyc_origination,2026-04-01,T1,"#258, NR. MEDICAL STORE, SIDDESHWARA COLONY, KAVERIPURA - 960102"
AD000131,AC000104,permanent_native,kyc_origination,2026-04-01,OUT,"Village Kodihalli, Tehsil C, District West - 992194"
AD000132,AC000105,residence,kyc_origination,2026-04-01,T3,"217/3, Sri Krishna Nivas, Blk F, Rd 3, near Mosque, Teachers Colony, Navanagara East - 980302"
AD000133,AC000105,office,kyc_origination,2026-04-01,T3,blk b rd 2 haanuman mandir ke pass green park layout navanagara east - 980301
AD000134,AC000106,residence,kyc_origination,2026-04-01,T2,h.noo. 449 gali no-4 ward 8 azad mohalla devgarh nagar - 970203
AD000135,AC000107,residence,kyc_origination,2026-04-01,T1,15/3 12th crs 5th main gandhi nagr kaveripura - 960102
AD000136,AC000108,residence,kyc_origination,2026-04-01,T1,"382/3, NR. CHURCH, KUVEMPU LAYOUT, KAVERIPURA - 960102"
AD000137,AC000109,residence,kyc_origination,2026-04-01,T3,c block 4th rd nr. post office silver oak layt navanagara east - 980301
AD000138,AC000110,residence,kyc_origination,2026-04-01,T1,"Om Sai Complex, 6th Cr, 3rd Main, Gandhi Nagar, Kaveripura - 960104"
AD000139,AC000111,residence,kyc_origination,2026-04-01,T2,"53/3, Gali no-10, Ward 1, close to Pharmacy, Shivaji Nagar, Devgarh Ngr - 970202"
AD000140,AC000111,office,kyc_origination,2026-04-01,T2,"H.No. 227, Gali 8, near Petrol Bunk, Tilak Nagar, Devgarh Nagar - 970204"
AD000141,AC000112,residence,kyc_origination,2026-04-01,T2,"Gali No. 4, Ward 1, Devgarh Nagar - 970202"
AD000142,AC000113,residence,kyc_origination,2026-04-01,T3,blk f rd 6 lakeview phase 2 navanagara east - 980303
AD000143,AC000113,permanent_native,kyc_origination,2026-04-01,OUT,"Village Sundarpur, Taluk B, District South - 995170"
AD000144,AC000114,residence,kyc_origination,2026-04-01,T3,h.no. 246 shanti kunj blk d rd 5 opp bus stop sunrise enclave navanagara east - 980304
AD000145,AC000115,residence,kyc_origination,2026-04-01,T3,"#179, B Blk., 3rd Road, b/h Ration Shop, HMT Colony, Navanagara East - 980301"
AD000146,AC000116,residence,kyc_origination,2026-04-01,T1,"House 31, Anjeneya Badavane, Kaveripura"
AD000147,AC000117,residence,kyc_origination,2026-04-01,T2,"गली नं. 9, GANDHI BASTI, DEVGARH NAGAR - 970203"
AD000148,AC000118,residence,kyc_origination,2026-04-01,T1,"H.No. 169, 6th X, 8th Mn, Church hattira, Basava Ngr, Kaveripura - 960101"
AD000149,AC000119,residence,kyc_origination,2026-04-01,T2,"H.NO. 211, GALI 2, GANNDHI BASTI, DEVGARH NAGAR"
AD000150,AC000120,residence,kyc_origination,2026-04-01,T2,"HOUSE 170, SHANTI KUNJ, GALI NO. 7, KRISHNA PURI, DEVGARH NAGAR"
AD000151,AC000120,office,kyc_origination,2026-04-01,T2,"H.NO. 257, GALI NO. 10, AMBEDKAR NAGAR, DEVGARH NAGAR - 970204"
AD000152,AC000121,residence,kyc_origination,2026-04-01,T2,"H.No. 115, Gali 9, Krishna Puri, Devgarh Nagr - 970202"
AD000153,AC000122,residence,kyc_origination,2026-04-01,T3,"Blk F, Rd 3, near Govt Schol, Silver Oak Layout, Navanagara East - 980301"
AD000154,AC000122,office,kyc_origination,2026-04-01,T3,house 244 c block 2nd road next to children park palm meadows navanagara east - 980302
AD000155,AC000123,residence,kyc_origination,2026-04-01,T3,"F Blk., 2nd Road, close to Overhead Tank, Teachers Colony, Navanagara East - 980302"
AD000156,AC000124,residence,kyc_origination,2026-04-01,T1,"1st Cross, 4th Main, near Hanuman Temple, Kaveripura - 960102"
AD000157,AC000125,residence,kyc_origination,2026-04-01,T3,blk f rd 1 near water tank palm meadows navanagara east - 980302
AD000158,AC000125,permanent_native,kyc_origination,2026-04-01,OUT,"Village Devipur, Taluk A, District South - 993803"
AD000159,AC000126,residence,kyc_origination,2026-04-01,T3,no. 432 blk d rd 4 bhd milk dairy silver oak layt navanagara east
AD000160,AC000127,residence,kyc_origination,2026-04-01,T3,"D Blk, 6th Road, opp. Community Hall, Lakeview Phase 2, Navvanagara East - 980304"
AD000161,AC000128,residence,kyc_origination,2026-04-01,T1,no. 44 5th cross 6th main vinayaka nagar kaveripura - 960104
AD000162,AC000129,residence,kyc_origination,2026-04-01,T2,"H.No. 191, Gali no-1, Girja Ghar ke pass, Shivaji Nagar, Devgarh Ngr - 970202"
AD000163,AC000130,residence,kyc_origination,2026-04-01,T2,"467/2, Annapoorna Nilaya, Ambedkar Nagar, Devgarh Nagar - 970204"
AD000164,AC000130,office,kyc_origination,2026-04-01,T2,"No. 68, Gali no-6, Ward 6, Neru Colony, Devgarh Nagar - 970203"
AD000165,AC000131,residence,kyc_origination,2026-04-01,T2,"Gali no-7, Nehru Colony, Devgarh Nagar - 970203"
AD000166,AC000132,residence,kyc_origination,2026-04-01,T2,"H.No. 370, Gali no-12, Ward 6, Nehru Colony, Devgarh Nagr - 9700203"
AD000167,AC000132,office,kyc_origination,2026-04-01,T2,"H.No. 236, Gali No. 3, Ward 1, near Community Hall, Shivaji Ngr, Devgarh Nagar - 970202"
AD000168,AC000133,residence,kyc_origination,2026-04-01,T1,"#236, 3rd Cross, 3rd Main, Sarkari Shaale hattira, Kalyana Nagr, Kaveripura - 960104"
AD000169,AC000134,residence,kyc_origination,2026-04-01,T1,"H.NO. 217, 10TH X, 8TH MN, NEAR BUS STOP, NEHRU COLNY, KAVERIPURA - 960102"
AD000170,AC000135,residence,kyc_origination,2026-04-01,T3,"Blk F, Rd 6, Green Park Layout, Navanagara East - 980301"
AD000171,AC000136,residence,kyc_origination,2026-04-01,T1,"HOUSE 179, 9TH CRS, 8TH MN, NR. MOSQUE, KAVERIPURA"
AD000172,AC000137,residence,kyc_origination,2026-04-01,T1,"3RD CR, 3RD MAIN RD, NR GOVT SCHOOL, SHANTHI NAGAR, KAVERIPURA - 960101"
AD000173,AC000138,residence,kyc_origination,2026-04-01,T2,"No. 108, Gali no-3, Ward 11, near Masjid, Patel Ngr, Devgarh Nagr - 970202"
AD000174,AC000138,office,kyc_origination,2026-04-01,T2,"H.No. 470, Om Sai Complex, Gali 1, Ration ki Dukaan ke peeche, Tilak Ngr, Devgarh Nagar - 970204"
AD000175,AC000139,residence,kyc_origination,2026-04-01,T2,no. 153 gali 3 patel nagar devgarh nagar - 970202
AD000176,AC000140,residence,kyc_origination,2026-04-01,T2,"H.NO. 431, GALI 10, WARD 1, NR MEDICALS, SHIVAJI NAGAR, DEVGARH NAGAR - 970202"
AD000177,AC000141,residence,kyc_origination,2026-04-01,T3,house 88 blk b rd 4 nr. water tank sunrise enclave navanagara east - 980304
AD000178,AC000142,residence,kyc_origination,2026-04-01,T2,"No. 46, Gali 9, nr Govt School, Idnira Col, Devgarh Nagar - 970202"
AD000179,AC000143,residence,kyc_origination,2026-04-01,T1,"#476, 11TH CR, 6TH MAIN, VIYA NAGAR, KVERIPURA - 960103"
AD000180,AC000144,residence,kyc_origination,2026-04-01,T1,"3rd Cross, 3rd Main, nr. Posst Office, Shanthi Ngr, Kaveripura - 960101"
AD000181,AC000145,residence,kyc_origination,2026-04-01,T2,gali no. 8 ward 6 nehru colony devgarh ngr - 970203
AD000182,AC000146,residence,kyc_origination,2026-04-01,T2,"Gali No. 7, Bus Stop ke saamne, Azad Mohalla, Devgarh Nagar - 970203"
AD000183,AC000146,permanent_native,kyc_origination,2026-04-01,OUT,"Village Mallapura, Tehsil C, District South - 994058"
AD000184,AC000147,residence,kyc_origination,2026-04-01,T3,f block 5th rd. close to ganesh temple railway colony navanagara east - 980304
AD000185,AC000147,office,kyc_origination,2026-04-01,T3,b block 1st road close to church teachers colony navanagara east - 980302
AD000186,AC000148,residence,kyc_origination,2026-04-01,T2,no. 77 ration ki dukaan ke samne ram nagr devgarh ngr
AD000187,AC000149,residence,kyc_origination,2026-04-01,T2,"H.No. 117, Sai Residency, Gali no-9, near Government School, Gandhi Basti, Devgarh Nagar - 970203"
AD000188,AC000150,residence,kyc_origination,2026-04-01,T3,"No. 450, Blk D, Rd 5, b/h Bus Stand, Teachers Col, Navanagara East - 980302"
AD000189,AC000151,residence,kyc_origination,2026-04-01,T3,"HOUSE 56, BLK A, RD 4, NR. BUS STOP, LAKEVIEW PHASE 2, NAVANAGARA EAST - 980303"
AD000190,AC000151,office,kyc_origination,2026-04-01,T3,"H.NO. 310, A BLK., 4TH RD., HMT COLONY, NAVANAGARA EAST - 980302"
AD000191,AC000152,residence,kyc_origination,2026-04-01,T3,"House 50, Blk F, Rd 2, nr Ganesh Temple, Green Park Layout, Navanagara East - 980301"
AD000192,AC000153,residence,kyc_origination,2026-04-01,T2,gali no. 9 nr. hanuman temple patel nagar devgarh nagar - 970202
AD000193,AC000154,residence,kyc_origination,2026-04-01,T1,#462 1st x 1st main kaveripura - 960102
AD000194,AC000155,residence,kyc_origination,2026-04-01,T2,no. 192 sai residency dawai ki dukaan ke pass devgarh nagr - 970201
AD000195,AC000156,residence,kyc_origination,2026-04-01,T1,"H.No. 69, opposite Bus Stand, Vidya Nagar, Kaveripura - 960103"
AD000196,AC000157,residence,kyc_origination,2026-04-01,T2,h.no. 455 gali no. 4 azad mohalla devgarh nagar - 970203
AD000197,AC000158,residence,kyc_origination,2026-04-01,T3,"House 252, Ganga Apartments, Blk E, Rd 3, Silver Oak Layout, Navanagara East - 980301"
AD000198,AC000159,residence,kyc_origination,2026-04-01,T2,"राशन की दुकान के पास, AMBEDKAR NAGAR, DEVGARH NAGR - 97204"
AD000199,AC000160,residence,kyc_origination,2026-04-01,T1,#294 ganga apartments anjaneya gudi hattira kaveripura - 960102
AD000200,AC000161,residence,kyc_origination,2026-04-01,T1,park hattira kaveripura - 960102
AD000201,AC000161,office,kyc_origination,2026-04-01,T1,"No. 328, 4th Cross, 3rd Main Rd, Kuvempu Layout, Kaveripura - 960102"
AD000202,AC000162,residence,kyc_origination,2026-04-01,T3,"No. 282, Shanti Kunj, Palm Meadows, Navanagara East - 980302"
AD000203,AC000163,residence,kyc_origination,2026-04-01,T1,"No. 119, 2nd Cross, 4th Main, Nehru Col, Kaveripura - 960102"
AD000204,AC000164,residence,kyc_origination,2026-04-01,T2,"गली नं. 5, राशन की दुकान के सामने, Azad Mohalla, Devgarh Nagar - 970203"
AD000205,AC000165,residence,kyc_origination,2026-04-01,T3,"H.NO. 240, OM SAI COMPLEX, B/H CHURCH, GREEN PARK LAYOUT, NAVANAGARA EAST - 980301"
AD000206,AC000166,residence,kyc_origination,2026-04-01,T1,"#36, Om Sai Complex, 8th Crs, 5th Main, Kalyana Nagar, Kaveripura - 960104"
AD000207,AC000166,office,kyc_origination,2026-04-01,T1,"House 154, Om Sai Complex, 2nd Cross, 8th Main, Kalyana Nagar, Kaveripura - 960104"
AD000208,AC000167,residence,kyc_origination,2026-04-01,T3,"A Blk, 6th Road, opp. Church, Sunrise Enclave, Navanagara East"
AD000209,AC000168,residence,kyc_origination,2026-04-01,T1,"#77, 3rd Cross, 8th Main Rd, bhd PDS Shop, Vidya Nagr, Kaveripura - 960103"
AD000210,AC000169,residence,kyc_origination,2026-04-01,T3,"D BLOCK, 1ST ROAD, HMT COLONY, NAVANAGARA EAST - 980301"
AD000211,AC000169,office,kyc_origination,2026-04-01,T3,"256/2, BLK E, RD 1, BHD WATER TANK, UNITY NGR, NAVANAGARA EAST - 980302"
AD000212,AC000170,residence,kyc_origination,2026-04-01,T1,"Sai Residency, 6th Cross, 4th Main, Gandhi Ngr, Kaveripura - 960102"
AD000213,AC000171,residence,kyc_origination,2026-04-01,T1,"6TH X, 2ND MAIN RD, GANDHI NAGAR, KAVERIPURA - 960102"
AD000214,AC000172,residence,kyc_origination,2026-04-01,T1,"House 160, 9th Cross, 1st Main, opp Children Park, Gandhi Nagar, Kaveripura - 960102"
AD000215,AC000172,permanent_native,kyc_origination,2026-04-01,OUT,"Village Devipur, Taluk A, District North - 993299"
AD000216,AC000173,residence,kyc_origination,2026-04-01,T3,no. 283 a block 4th road opp milk dairy green park layout navanagara east - 980301
AD000217,AC000174,residence,kyc_origination,2026-04-01,T2,"H.NO. 283, GALI NO. 9, NR BUS STOP, AZAD MOHALLA, DEVGARH NAGAR - 970203"
AD000218,AC000174,permanent_native,kyc_origination,2026-04-01,OUT,"Village Mallapura, Tehsil C, District West - 997860"
AD000219,AC000175,residence,kyc_origination,2026-04-01,T3,"#303, A BLK., 3RD ROAD, CLOSE TO BUS STOP, SILVER OAK LAYOUT, NAVANAGARA EAST - 980301"
AD000220,AC000176,residence,kyc_origination,2026-04-01,T2,gali no. 1 close to bus stop indira colony devgarh nagar - 970202
AD000221,AC000177,residence,kyc_origination,2026-04-01,T3,"315/1, Blk D, Rd 6, behind Bus Stop, Teachers Colony, Navanagara East - 980302"
AD000222,AC000178,residence,kyc_origination,2026-04-01,T2,"HOUSE 192, SRI KRISHNA NIVAS, GALI NO-11, WARD 3, DOODH DAIRY KE PASS, AMBEDKAR NAGAR, DEVGARH NAGAR - 970204"
AD000223,AC000179,residence,kyc_origination,2026-04-01,T2,"61/3, GREEN VIEW APTS, गली नं. 4, WARD 11, PATEL NAGAR, DEVGARH NGR - 970202"
AD000224,AC000180,residence,kyc_origination,2026-04-01,T2,house 350 lakshmi nilya gali no-11 nr church indira colony devgarh nagr - 970202
AD000225,AC000181,residence,kyc_origination,2026-04-01,T1,"9TH CRS, 4TH MAIN, HANUMAN MANDIR KE PASS, VIDYA NAGAR, KAVERIPURA - 960103"
AD000226,AC000181,office,kyc_origination,2026-04-01,T1,"NO. 463, CLOSE TO GANAPATHI TEMPLE, ASHOKA LAYOUT, KAVERIPURA - 960104"
AD000227,AC000182,residence,kyc_origination,2026-04-01,T3,151/2 b blk 1st road teachers colony navanagara east - 980302
AD000228,AC000183,residence,kyc_origination,2026-04-01,T3,no. 146 b block 5th road bus adda ke paas lekeview phase 2 navanagara east - 980301
AD000229,AC000184,residence,kyc_origination,2026-04-01,T1,"HOUSE 90, 8TH CR, 8TH MAIN, BEHIND GOVT SCHOOL, HOSA BADAVANE, KAVERIPURA - 9601001"
AD000230,AC000185,residence,kyc_origination,2026-04-01,T3,71/1 kalyana mantapa hattira lakeview phase 2 navanagara east - 983003
AD000231,AC000186,residence,kyc_origination,2026-04-01,T1,"11th Cross, 3rd Main Rd, Anjaneya Badavane, Kaveripura - 960103"
AD000232,AC000186,office,kyc_origination,2026-04-01,T1,"6th Cross, 8th Mainn, close to Ganesh Temple, Ashoka Layout, Kaveripura - 960104"
AD000233,AC000187,residence,kyc_origination,2026-04-01,T3,"E Blk, 2nd Road, near Bus Stop, Teachers Col, Navanagara East - 980302"
AD000234,AC000187,office,kyc_origination,2026-04-01,T3,"Sai Residency, beside Milk Booth, Royal Gardenns, Navanagara East"
AD000235,AC000188,residence,kyc_origination,2026-04-01,T3,"Blk E, Rd 4, near Govt School, Green Park Lyt, Navanagara East - 980301"
AD000236,AC000189,residence,kyc_origination,2026-04-01,T1,"No. 261, 8th Cross, 2nd Main, Nehru Colony, Kaveripura - 960102"
AD000237,AC000189,office,kyc_origination,2026-04-01,T1,"#387, 7th Cr, 1st Mn, Medical Shp hindhe, Kaveripura - 960104"
AD000238,AC000190,residence,kyc_origination,2026-04-01,T1,"433/2, 5th Cross, 4th Mn, close to Bus Stop, Vinayaka Nagar, Kaveripura - 960104"
AD000239,AC000191,residence,kyc_origination,2026-04-01,T3,"No. 414, Blk F, Rd 2, close to Masjid, Teachers Colony, Navanagara East - 980302"
AD000240,AC000192,residence,kyc_origination,2026-04-01,T2,"GALI NO-12, CLOSE TO COMMUNITY HALL, PATEL NAGAR, DEVGARH NAGR - 970202"
AD000241,AC000193,residence,kyc_origination,2026-04-01,T2,"HOUSE 233, GALI 2, WARD 7, NR MOSQUE, GANDHI BASTI, DEVGARH NGR - 970203"
AD000242,AC000193,office,kyc_origination,2026-04-01,T2,"157/1, GALI 1, OPP PARK, DEVGARH NAGAR - 970203"
AD000243,AC000194,residence,kyc_origination,2026-04-01,T3,"#200, BLK F, RD 4, TEACHERS COLONY, NAVANAGARA EAST - 980302"
AD000244,AC000194,office,kyc_origination,2026-04-01,T3,"HOUSE 96, BLK D, RD 6, B/H COMMUNITY HALL, GREEN PARK LAYOUT, NAVANAGARA EAST - 980301"
AD000245,AC000195,residence,kyc_origination,2026-04-01,T1,"2nd Crs, 4th Main, Kaveripura - 960102"
AD000246,AC000195,office,kyc_origination,2026-04-01,T1,"134/2, Sri Krishna Nivas, 6th X, 1st Main Rd, close to Milk Booth, Kalyana Nagar, Kaveripura"
AD000247,AC000196,residence,kyc_origination,2026-04-01,T1,"H.No. 285, 2nd Crs, 1st Main Rd, Hanuman Mandir ke paos, Kaveripura - 960102"
AD000248,AC000197,residence,kyc_origination,2026-04-01,T3,"House 386, Blk F, Rd 3, nr Medicals, Unity Nagar, Navanagara East - 980302"
AD000249,AC000198,residence,kyc_origination,2026-04-01,T3,"No. 66, Ganga Apartments, C Block, 5th Road, Milk Dairy hattira, Teachers Colony, Navanagara East - 980302"
AD000250,AC000199,residence,kyc_origination,2026-04-01,T2,gali no-10 azad mohalla devgarh nagar - 970203
AD000251,AC000200,residence,kyc_origination,2026-04-01,T1,"H.No. 468, 9th Cross, 5th Main, Ashoka Layout, Kaveripura - 960104"
AD000252,AC000201,residence,kyc_origination,2026-04-01,T3,"#407, near Bus Stop, Lakeview Phase 2, Navanagara East - 980302"
AD000253,AC000202,residence,kyc_origination,2026-04-01,T1,"#300, BUS STOP HATTIRA, GANDHI NAGAR, KAVERIPURA - 960102"
AD000254,AC000202,office,kyc_origination,2026-04-01,T1,"#414, ANNAPOORNA NILAYA, 5TH CROSS, 4TH MAIN, OPP CHURCH, HOSA BADAVANE, KAVERIPURA - 960101"
AD000255,AC000203,residence,kyc_origination,2026-04-01,T1,house 463 5th cross 3rd main rd near post office vidya nagr kaveripura - 960103
AD000256,AC000203,office,kyc_origination,2026-04-01,T1,"#269, 6th Cr, 7th Main, Church hattira, Hosa Badavane, Kaveripura - 960101"
AD000257,AC000204,residence,kyc_origination,2026-04-01,T1,#2 7th cross 7th main ನ್ಯಾಯಬೆಲೆ ಅಂಗಡಿ ಹತ್ತಿರ nehru colony kaveripura - 960103
AD000258,AC000205,residence,kyc_origination,2026-04-01,T3,"280/1, D Blk, 2nd Rd., Hanuman Mandir ke samne, Navanagara East - 980301"
AD000259,AC000206,residence,kyc_origination,2026-04-01,T1,232/2 5th x 5th main anjaneya swamy temple eduru nehru colny kaveripura - 960101
AD000260,AC000207,residence,kyc_origination,2026-04-01,T1,3rd cross 3rd main bhd hanuman temple kuvempu layout kaveripura - 960102
AD000261,AC000208,residence,kyc_origination,2026-04-01,T2,166/3 gali no-7 ward 2 ration dukan ke bagal me indira colony devgarh ngr - 970202
AD000262,AC000208,permanent_native,kyc_origination,2026-04-01,OUT,"Village Sundarpur, Tehsil C, District East - 993685"
AD000263,AC000209,residence,kyc_origination,2026-04-01,T2,"HOUSE 59, राशन की दुकान के पास, AZAD MOHALLA, DEVAGRH NAGAR - 970203"
AD000264,AC000209,office,kyc_origination,2026-04-01,T2,"GALI 3, दूध डेयरी के पास, NEHRU COLONY, DEVGARH NGR - 970203"
AD000265,AC000210,residence,kyc_origination,2026-04-01,T1,"NO. 321, 4TH CRS, 7TH MAIN, VIDYA NAGR, KAVERIPURA - 960103"
AD000266,AC000211,residence,kyc_origination,2026-04-01,T2,"House 135, Gali 4, Ward 4, Ram Nagar, Devgarh Nagar - 970203"
AD000267,AC000212,residence,kyc_origination,2026-04-01,T2,359/1 krishna puri devgrah nagar
AD000268,AC000213,residence,kyc_origination,2026-04-01,T2,"GALI 11, AZAD MOHALLA, DEVGARH NAGAR - 970203"
AD000269,AC000214,residence,kyc_origination,2026-04-01,T1,"9th Cross, 6th Mn, Bus Nildana hinde, Shanthi Nagar, Kaveripura - 960101"
AD000270,AC000215,residence,kyc_origination,2026-04-01,T3,"HOUSE 118, TEACHERS COLONY, NAVANAGARA EAST - 980302"
AD000271,AC000215,permanent_native,kyc_origination,2026-04-01,OUT,"Village Devipur, Tehsil C, District South - 996560"
AD000272,AC000216,residence,kyc_origination,2026-04-01,T3,#181 c block 4th road jama masjid ke paas silver oak lyt navanagara east - 980301
AD000273,AC000216,office,kyc_origination,2026-04-01,T3,house 428 blk c rd 3 navanagara east - 980301
AD000274,AC000217,residence,kyc_origination,2026-04-01,T1,"6th Cross, 1st Main Rd, Jama Masjid ke pass, Basava Nagar, Kaveripura - 960104"
AD000275,AC000218,residence,kyc_origination,2026-04-01,T2,"Gali n-5, nr Church, Devgarh Nagr - 970201"
AD000276,AC000219,residence,kyc_origination,2026-04-01,T1,no. 319 8th cross 7th main adj. pds shop anjaneya badavane kaveripura - 960103
AD000277,AC000219,office,kyc_origination,2026-04-01,T1,205/3 near hanuman temple basava ngr kaveripura - 960104
AD000278,AC000220,residence,kyc_origination,2026-04-01,T2,"गली नं. 10, Ward 5, पानी की टंकी के पीछे, Subhash Nagar, Devgarh Nagar - 970201"
AD000279,AC000221,residence,kyc_origination,2026-04-01,T3,"House 424, Blk D, Rd 1, nr Petrol Bunk, Green Park Layout, Navanagara East - 980301"
AD000280,AC000221,office,kyc_origination,2026-04-01,T3,"No. 112, near Pharmacy, Teachers Colny, Navanagara East - 980302"
AD000281,AC000222,residence,kyc_origination,2026-04-01,T1,"10th Cross, 7th Main, near Ration Shop, Gandhi Nagr, Kaveripura - 960102"
AD000282,AC000223,residence,kyc_origination,2026-04-01,T3,"A Blk, 2nd Road, Unity Nagar, Navanagara East - 980302"
AD000283,AC000223,permanent_native,kyc_origination,2026-04-01,OUT,"Village Kodihalli, Taluk B, District East - 998113"
AD000284,AC000224,residence,kyc_origination,2026-04-01,T2,"House 22, Om Sai Complex, Galli No. 9, Ambedkar Nagar, Devgarh Nagar - 970204"
AD000285,AC000225,residence,kyc_origination,2026-04-01,T1,#208 12th x 5th main opp. church anjaneya badavane kaveripura - 960103
AD000286,AC000226,residence,kyc_origination,2026-04-01,T1,"3rd Cross, 1st Maain, close to Church, Gandhi Nagar, Kaveripura - 960102"
AD000287,AC000227,residence,kyc_origination,2026-04-01,T1,"#478, Ganga Apatments, Hanuman Mandir ke paas, Nehru Colony, Kaveripura"
AD000288,AC000228,residence,kyc_origination,2026-04-01,T3,"#144, A Block, 3rd Rd., close to Medicals, Silver Oak Layout, Nvaanagara East - 980301"
AD000289,AC000228,permanent_native,kyc_origination,2026-04-01,OUT,"Village Mallapura, Tehsil C, District East - 998501"
AD000290,AC000229,residence,kyc_origination,2026-04-01,T2,337/3 lakshmi nilaya gali 2 ward 6 near kalyana mantapa nehru colony devgarh ngr - 970203
AD000291,AC000230,residence,kyc_origination,2026-04-01,T3,"Blk D, Rd 4, opposite Community Hall, Lakeview Phase 2, Navanagara East - 980303"
AD000292,AC000231,residence,kyc_origination,2026-04-01,T1,no. 404 6th cross 5th main nr. ganapathi temple anjaneya badavane kaveripura - 960103
AD000293,AC000232,residence,kyc_origination,2026-04-01,T1,#382 1st cross 5th main ಸರ್ಕಾರಿ ಶಾಲೆ ಹತ್ತಿರ vidya nagar kaveripura - 960103
AD000294,AC000233,residence,kyc_origination,2026-04-01,T2,"Gali No. 1, Devgarh Nagar - 97002"
AD000295,AC000234,residence,kyc_origination,2026-04-01,T2,"गली नं. 4, Ward 11, मस्जिद के पास, Patel Nagar, Devgarh Ngr - 970202"
AD000296,AC000234,office,kyc_origination,2026-04-01,T2,"H.No. 421, Gali no-8, behind Bus Stand, Nehru Colony, Devgarh Nagar - 970203"
AD000297,AC000235,residence,kyc_origination,2026-04-01,T1,"5th Cross, 6th Main, Nehru Colony, Kaveripura - 960102"
AD000298,AC000235,office,kyc_origination,2026-04-01,T1,h.no. 77 12th crs 4th main anjaneya badavane kaveripura - 960103
AD000299,AC000236,residence,kyc_origination,2026-04-01,T1,"10TH X, 6TH MAIN, KAVERIPURA - 960102"
AD000300,AC000237,residence,kyc_origination,2026-04-01,T3,house 399 blk b rd 4 close to milk booth railway colony navanagara east - 980304
AD000301,AC000238,residence,kyc_origination,2026-04-01,T2,"H.No. 13, Gali 9, पानी की टंकी के पास, Shastri Nagar, Devgarh Nagar - 970201"
AD000302,AC000239,residence,kyc_origination,2026-04-01,T1,"#466, 3rd Cross, 8th Mn, Kuvempu Layout, Kaveripura - 960102"
AD000303,AC000240,residence,kyc_origination,2026-04-01,T3,"H.NO. 268, BLK E, RD 6, NYAYABELE ANGADI HINDE, LAKEVIEW PHASE 2, NAVANAGARA EAST - 980303"
AD000304,AC000241,residence,kyc_origination,2026-04-01,T2,#169 गली नं. 3 बारात घर के बगल में azad mohalla devgarh ngar - 970203
AD000305,AC000242,residence,kyc_origination,2026-04-01,T3,railway colny navanagara east - 980304
AD000306,AC000243,residence,kyc_origination,2026-04-01,T3,#216 blk e rd 1 opp bus stop lakeview phase 2 navanagara east - 980303
AD000307,AC000244,residence,kyc_origination,2026-04-01,T1,"#121, 4th Cross, 4th Main, nr Post Office, Vinayaka Ngr, Kaveripura - 960104"
AD000308,AC000245,residence,kyc_origination,2026-04-01,T3,41/2 ganga apartments b block 5th road nr. bus stand lakeview phase 2 navanagara east - 980303
AD000309,AC000246,residence,kyc_origination,2026-04-01,T1,"11th Cr, 3rd Main, Nehru Colony, Kaveripura - 960102"
AD000310,AC000247,residence,kyc_origination,2026-04-01,T1,7th crs 3rd main rd neerina tank hindhe kaveripura - 960101
AD000311,AC000248,residence,kyc_origination,2026-04-01,T2,"गणेश मंदिर के पास, Azad Mohalla, Devgarh Nagar - 970203"
AD000312,AC000249,residence,kyc_origination,2026-04-01,T3,"415/2, A Blk., 1st Road, Bus Stop ke pass, Royal Gardens, Navanagara East - 980303"
AD000313,AC000249,office,kyc_origination,2026-04-01,T3,189/1 c blk 6th road ಅಂಚೆ ಕಚೇರಿ ಹತ್ತಿರ silver oak layout navanagara east - 980301
AD000314,AC000250,residence,kyc_origination,2026-04-01,T1,6th cross 2nd main ಉದ್ಯಾನವನ ಹತ್ತಿರ nehru colony kaveripura - 960102
AD000315,AC000250,office,kyc_origination,2026-04-01,T1,#10 4th x 5th mn basava ngr kaveripura - 960101
AD000316,AC000251,residence,kyc_origination,2026-04-01,T1,"HOUSE 240, 5TH CROSS, 1ST MAIN, CLOSE TO MASJID, NEHRU COLONY, KAVERIPURA - 960102"
AD000317,AC000251,office,kyc_origination,2026-04-01,T1,"HOUSE 75, 11TH CR, 7TH MAIN RD, ಕಲ್ಯಾಣ ಮಂಟಪ ಹತ್ತಿರ, KAVERIPURA - 960104"
AD000318,AC000252,residence,kyc_origination,2026-04-01,T1,6th cross 5th main close to pharmacy kuvempu layout kaveripura - 960102
AD000319,AC000253,residence,kyc_origination,2026-04-01,T1,"No. 281, 12th Crs, 8th Main, ಬಸ್ ನಿಲ್ದಾಣ ಹತ್ತಿರ, Nehru Colony, Kaveripura"
AD000320,AC000253,office,kyc_origination,2026-04-01,T1,"House 73, Green View Apts, 6th Cross, 5th Main, opp. Children Park, Kaveripura - 960102"
AD000321,AC000254,residence,kyc_origination,2026-04-01,T1,7th cross 3rd main neerina tank hattira shanthi nagar kaveripura - 960101
AD000322,AC000255,residence,kyc_origination,2026-04-01,T1,"10th Cr, 8th Main, Bus Stop hattira, Nehru Colony, Kaveripura - 960102"
AD000323,AC000256,residence,kyc_origination,2026-04-01,T3,e block 6th road opp petrol pump railway colony nevanagara east - 980304
AD000324,AC000257,residence,kyc_origination,2026-04-01,T3,h.no. 472 d block 2nd road close to petrlo bunk railway colony navanagara east - 980304
AD000325,AC000257,office,kyc_origination,2026-04-01,T3,"Blk F, Rd 4, Ganesh Mandir ke pass, Green Park Layt, Navanagara East - 980301"
AD000326,AC000258,residence,kyc_origination,2026-04-01,T3,"A Block, 3rd Rd., opp Bus Stop, Navanagara East - 980301"
AD000327,AC000259,residence,kyc_origination,2026-04-01,T1,"2nd Cross, 7th Mn, Ration ki Dukaan ke bagal mein, Kuvempu Layt, Kaveripura - 960103"
AD000328,AC000260,residence,kyc_origination,2026-04-01,T1,"No. 41, 9th Cross, 1st Main, Gandhi Nagar, Kaveripura - 960102"
AD000329,AC000260,permanent_native,kyc_origination,2026-04-01,OUT,"Village Devipur, Taluk A, District North - 992302"
AD000330,AC000261,residence,kyc_origination,2026-04-01,T2,"Gli no-8, close to Overhead Tank, Krishna Puri, Devgarh Nagar - 970202"
AD000331,AC000261,office,kyc_origination,2026-04-01,T2,"280/1, Sai Residency, Gali No. 7, Nehru Colony, Devgarh Nagr - 970203"
AD000332,AC000262,residence,kyc_origination,2026-04-01,T2,gali no. 10 ward 3 nr hanuman temple ambedkar ngr devgarh naagr - 970204
AD000333,AC000263,residence,kyc_origination,2026-04-01,T2,"#456, Sri Krishna Nivas, Gali No. 4, nr Bus Stop, Azad Mohalla, Davgarh Nagar - 970203"
AD000334,AC000264,residence,kyc_origination,2026-04-01,T1,1st x 4th main ಕಲ್ಯಾಣ ಮಂಟಪ ಹತ್ತಿರ gandhi nagr kaveripura - 960102
AD000335,AC000265,residence,kyc_origination,2026-04-01,T3,"House 176, opposite Ganapathi Temple, Palm Meadows, Navanagara Eats - 980302"
AD000336,AC000266,residence,kyc_origination,2026-04-01,T2,"HOUSE 154, गली नं. 6, WARD 11, सरकारी स्कूल के बगल में, PATEL NAGAR, DEVGARH NAGAR - 970202"
AD000337,AC000266,office,kyc_origination,2026-04-01,T2,"H.NO. 366, LAKHSMI NILAYA, गली नं. 7, WARD 11, चर्च के सामने, PATEL NAGAR, DEVGARH NAGAR - 970202"
AD000338,AC000267,residence,kyc_origination,2026-04-01,T2,"Gali No. 8, Ward 11, next to Govt School, Patel Nagar, Devgarh Nagar - 970202"
AD000339,AC000268,residence,kyc_origination,2026-04-01,T2,"HOUSE 90, गली नं. 12, हनुमान मंदिर के पास, PATEL NAGAR, DEVGARH NAGAR - 970202"
AD000340,AC000269,residence,kyc_origination,2026-04-01,T1,"#333, 9th X, 3rd Main Rd, ನ್ಯಾಯಬೆಲೆ ಅಂಗಡಿ ಹತ್ತಿರ, Hosa Badavane, Kaveripura - 960101"
AD000341,AC000270,residence,kyc_origination,2026-04-01,T1,6th cross 5th main close to petrol bunk anjaneya badavane kaveripura - 960103
AD000342,AC000271,residence,kyc_origination,2026-04-01,T3,#329 blk a rd 2 lakeview phase 2 navanagara east - 980303
AD000343,AC000272,residence,kyc_origination,2026-04-01,T2,no. 176 gali no-9 nr. post office nehru colny devgarh nagor - 970203
AD000344,AC000273,residence,kyc_origination,2026-04-01,T1,"3rd Cross, 2nd Main, nr. Medicals, Basava Nagar, Kaveripura - 960101"
AD000345,AC000274,residence,kyc_origination,2026-04-01,T1,"No. 463, Gandhi Ngr, Kaveripura - 960102"
AD000346,AC000275,residence,kyc_origination,2026-04-01,T1,"6th Cr, 2nd Mn, b/h Petrol Bunk, Ashoka Layout, Kaveripura - 960104"
AD000347,AC000276,residence,kyc_origination,2026-04-01,T3,"H.No. 78, C Block, 4th Road, beside Medical Store, Navanagara East - 980302"
AD000348,AC000277,residence,kyc_origination,2026-04-01,T3,blk b rd 1 close to milk booth hmt colony navanagara east - 980301
AD000349,AC000278,residence,kyc_origination,2026-04-01,T2,gali no. 4 ward 8 azad mohalla devgarh nagar - 970203
AD000350,AC000278,office,kyc_origination,2026-04-01,T2,#387 sri krishna nivas nr masjid devgarh nagar - 9770204
AD000351,AC000279,residence,kyc_origination,2026-04-01,T3,"146/1, Blk C, Rd 1, Sunrise Enclave, Navanagara East"
AD000352,AC000280,residence,kyc_origination,2026-04-01,T2,"#11, GALI NO-9, NEHRU COLONY, DEVGARH NAGAR - 970203"
AD000353,AC000280,office,kyc_origination,2026-04-01,T2,"GALI 11, WARD 4, B/H GOVERNMENT SCHOOL, RAM NAGAR, DEVGARH NAGAR - 970203"
AD000354,AC000281,residence,kyc_origination,2026-04-01,T3,h.no. 276 church ke paas teachers col navanagara east - 980302
AD000355,AC000282,residence,kyc_origination,2026-04-01,T2,"#447, Gali No. 3, Bus Addda ke paas, Shivaji Nagar, Devgarh Nagar"
AD000356,AC000283,residence,kyc_origination,2026-04-01,T3,"H.No. 211, Shanti Kunj, E Block, 4th Road, nr Overhead Tank, Unity Ngr, Navanagara East - 980302"
AD000357,AC000284,residence,kyc_origination,2026-04-01,T3,"#60, BLK B, RD 3, BUS NILDANA HATTIRA, ROYAL GARDENS, NAVANAGARA EAST - 980303"
AD000358,AC000285,residence,kyc_origination,2026-04-01,T2,"NO. 312, गली नं. 4, INDIRA COL, DEVGARH NAGAR - 970202"
AD000359,AC000286,residence,kyc_origination,2026-04-01,T1,house 165 5th cross 1st main shanthi nagr kaveripura - 960103
AD000360,AC000287,residence,kyc_origination,2026-04-01,T1,6th cross 7th main rd nr. ration shop nehru colony kaveripura - 960102
AD000361,AC000288,residence,kyc_origination,2026-04-01,T1,"#240, Basaav Naga, Kaveripura - 960101"
AD000362,AC000288,office,kyc_origination,2026-04-01,T1,#340 green view apts 8th cross 8th mn ganapathi gudi hattira shanthi nagar kaveripura - 960101
AD000363,AC000289,residence,kyc_origination,2026-04-01,T1,"1st Crss, 5th Main, Milk Dairy hattira, Siddeshwara Colony, Kaveripura - 960102"
AD000364,AC000290,residence,kyc_origination,2026-04-01,T2,"Gali 1, बस स्टॉप के पास, Shivaji Nagar, Devgarh Nagar - 970202"
AD000365,AC000291,residence,kyc_origination,2026-04-01,T2,"170/3, Gali 6, Dawai ki Dukaan ke pass, Devgarh Nagar - 970203"
AD000366,AC000292,residence,kyc_origination,2026-04-01,T1,12th x 8th main sarkari shaale hattira kuvempu lyt kaveripura - 960102
AD000367,AC000293,residence,kyc_origination,2026-04-01,T3,"H.No. 431, Blk D, Rd 1, opposite Milk Booth, Silver Oak Layout, Navanagara East - 980301"
AD000368,AC000293,office,kyc_origination,2026-04-01,T3,"E Block, 1st Road, close to Bus Stand, Railway Colony, Navanagara East - 980304"
AD000369,AC000294,residence,kyc_origination,2026-04-01,T1,343/1 4th x 4th mn close to bus stop gandhi nagar kaveripura - 960102
AD000370,AC000294,office,kyc_origination,2026-04-01,T1,11th cross 6th main bus stop hattira nehru colony kaveripura - 960102
AD000371,AC000295,residence,kyc_origination,2026-04-01,T1,3rd cross 5th main rd samudaya bhavana hattira gandhi nagar kaveripura - 960102
AD000372,AC000296,residence,kyc_origination,2026-04-01,T1,"3rd Cross, 8th Mn, Gandhi Nagar, Kaveripura - 960102"
AD000373,AC000296,permanent_native,kyc_origination,2026-04-01,OUT,"Village Mallapura, Taluk A, District West - 995674"
AD000374,AC000297,residence,kyc_origination,2026-04-01,T3,"Blk B, Rd 2, Teachers Colny, Navanagara East - 980301"
AD000375,AC000297,office,kyc_origination,2026-04-01,T3,house 467 blk c rd 5 nr milk boooth defence colony navanagara east - 980301
AD000376,AC000298,residence,kyc_origination,2026-04-01,T2,"414/3, DEVGARH NAGAR - 970203"
AD000377,AC000299,residence,kyc_origination,2026-04-01,T1,"426/2, SRI KRISHNA NIVAS, 5TH CR, 5TH MN, NR OVERHEAD TANK, BASAVA NAGR, KAVERIPURA - 960101"
AD000378,AC000300,residence,kyc_origination,2026-04-01,T1,"Annapoorna Nilaya, 6th X, 1st Main, Ration Angdi hattira, Hosa Badavane, Kaveripura - 960101"
AD000379,AC000301,residence,kyc_origination,2026-04-01,T2,"HOUSE 68, SUBHASH NGR, DEVGARH NAGAR - 970201"
AD000380,AC000302,residence,kyc_origination,2026-04-01,T3,"NO. 413, SHANTI KUNJ, D BLOCK, 1ST ROAD, MILK DAIRY HATTIRA, RAILWAY COLONY, NAVANAGARA EAST - 980304"
AD000381,AC000303,residence,kyc_origination,2026-04-01,T2,"NO. 366, GALI 5, WARD 1, OPP POST OFFICE, SHIVAJI NAGAR, DEVGARH NAGAR - 970202"
AD000382,AC000304,residence,kyc_origination,2026-04-01,T2,"No. 34, Gali No. 7, Ward 6, दूध डेयरी के पास, Nehru Colny, Devgarh Nagar - 970203"
AD000383,AC000305,residence,kyc_origination,2026-04-01,T2,"Gali no-2, Tilak Nagar, Devgarh Ngr - 970201"
AD000384,AC000306,residence,kyc_origination,2026-04-01,T1,153/3 nr water tank shanthi nagar kaveripura - 960101
AD000385,AC000307,residence,kyc_origination,2026-04-01,T2,"H.NO. 462, GALI NO-8, WARD 10, PAANI KI TANKI KE PAAS, KRISHNA PURI, DEVGARH NAGAR - 970202"
AD000386,AC000308,residence,kyc_origination,2026-04-01,T2,"House 210, Gali No. 9, near Hanuman Temple, Indira Colony, Devgarh Nagar - 970202"
AD000387,AC000308,office,kyc_origination,2026-04-01,T2,"House 287, Gali 11, Sarkari School ke paas, Tilak Nagar, Devgarh Nagar - 970204"
AD000388,AC000309,residence,kyc_origination,2026-04-01,T3,blk a rd 6 church ke piche teachers colony navanagara east - 980302
AD000389,AC000310,residence,kyc_origination,2026-04-01,T1,house 366 12th cross 3rd main rd near ganapathi temple kaveripura - 960102
AD000390,AC000311,residence,kyc_origination,2026-04-01,T1,"4th Cross, 5th Main, nr. Hanuman Temple, Siddeshwara Colony, Kaveripura - 960102"
AD000391,AC000311,office,kyc_origination,2026-04-01,T1,"No. 57, 12th Cross, 5th Main, Ganddhi Nagar, Kaveripura - 960102"
AD000392,AC000312,residence,kyc_origination,2026-04-01,T2,gali 9 ward 10 nr ganesh temple devgarh nagr - 970202
AD000393,AC000313,residence,kyc_origination,2026-04-01,T3,"House 468, Blk A, Rd 2, Navanagara East - 980303"
AD000394,AC000314,residence,kyc_origination,2026-04-01,T2,"BARAT GAR KE PASS, AZAD MOHALLA, DEVGARH NGR - 970203"
AD000395,AC000315,residence,kyc_origination,2026-04-01,T3,"#126, Blk E, Rd 3, Lakeview Phase 2, Navanagara East - 980303"
AD000396,AC000315,office,kyc_origination,2026-04-01,T3,"No. 283, Blk E, Rd 4, behind Post Office, HMT Colony, Navanagara East"
AD000397,AC000316,residence,kyc_origination,2026-04-01,T3,"No. 401, Green View Apts, E Block, 2nd Road, Palm Meadows, Navanagara East - 980302"
AD000398,AC000317,residence,kyc_origination,2026-04-01,T3,no. 363 blk c rd 7 railway colony navanagara east - 980304
AD000399,AC000317,office,kyc_origination,2026-04-01,T3,house 279 b block 5th rd nr. overhead tank palm meadows navanagara east - 980302
AD000400,AC000318,residence,kyc_origination,2026-04-01,T2,"430/3, Gali 9, Subhash Nagar, Devgarh Nagar - 970201"
AD000401,AC000319,residence,kyc_origination,2026-04-01,T3,"F Block, 6th Road, opp. Post Office, Railway Colony, Navanagara East - 980304"
AD000402,AC000320,residence,kyc_origination,2026-04-01,T3,house 250 d blk. 4th road bus adda ke pass railway colny navanagara east - 980304
AD000403,AC000320,office,kyc_origination,2026-04-01,T3,h.no. 383 nr. milk dairy railway colony navanagara east - 980304
AD000404,AC000321,residence,kyc_origination,2026-04-01,T2,ganesh mandir ke peeche nehru colony devgarh nagar - 970203
AD000405,AC000322,residence,kyc_origination,2026-04-01,T2,"GALI NO. 11, WARD 4, NEAR MEDICALS, RAM NAGAR, DEVGARH NAGAR - 970203"
AD000406,AC000323,residence,kyc_origination,2026-04-01,T1,"1st Crs, 8th Main, opp. Ration Shop, Vidya Nagr, Kaveripura - 90103"
AD000407,AC000324,residence,kyc_origination,2026-04-01,T2,house 360 gali no. 11 close to post office krishna puri devgarh ngr - 970202
AD000408,AC000324,office,kyc_origination,2026-04-01,T2,#202 gali no-8 behind post office krishna puri devgarh nagar - 970202
AD000409,AC000325,residence,kyc_origination,2026-04-01,T3,"213/2, ANNAPOORNA NILAYA, CHURCH HATTIRA, TEACHERS COL, NAVANAGARA EAST - 980304"
AD000410,AC000325,office,kyc_origination,2026-04-01,T3,"BLK C, RD 5, CLOSE TO PHARMACY, NAVANAGARA EAST - 980302"
AD000411,AC000326,residence,kyc_origination,2026-04-01,T3,house 206 lakeview phase 2 navanagara east - 980303
AD000412,AC000327,residence,kyc_origination,2026-04-01,T2,"Gali No. 6, Ward 11, nr. Church, Patel Nagar, Devgarh Nagar - 970204"
AD000413,AC000327,permanent_native,kyc_origination,2026-04-01,OUT,"Village Chikkapura, Tehsil D, District East - 994056"
AD000414,AC000328,residence,kyc_origination,2026-04-01,T3,"BLK D, RD 1, NR RATION SHOP, HMT COLONY, NAVANAGARA EAST - 980301"
AD000415,AC000328,permanent_native,kyc_origination,2026-04-01,OUT,"Village Rampura Kalan, Tehsil D, District North - 992673"
AD000416,AC000329,residence,kyc_origination,2026-04-01,T1,4th cr 2nd main hosa badavane kaveripura - 960101
AD000417,AC000330,residence,kyc_origination,2026-04-01,T3,"No. 312, B Block, 2nd Road, close to Masjid, Railway Colony, Navanagara East - 980304"
AD000418,AC000331,residence,kyc_origination,2026-04-01,T2,"SHANTI KUNJ, GALI NO. 10, OPP OVERHEAD TANK, NEHRU COLNY, DEVGARH NAGAR - 970203"
AD000419,AC000332,residence,kyc_origination,2026-04-01,T2,"GALI 2, PATEL NAGAR, DEVGARH NAGAR - 970202"
AD000420,AC000333,residence,kyc_origination,2026-04-01,T2,"Gali No. 10, nr. Ganesh Temple, Krishna Puri, Devgarh Nagar - 970202"
AD000421,AC000334,residence,kyc_origination,2026-04-01,T3,435/3 blk e rd 3 nr petrol bunk green park layt navanagara east - 980301
AD000422,AC000334,office,kyc_origination,2026-04-01,T3,house 440 om sai complex a block 1st rd opp church defence colony navanagara east
AD000423,AC000335,residence,kyc_origination,2026-04-01,T1,4th cross 6th mn nr. ganapathi temple ashoka layout kaveripura - 960104
AD000424,AC000336,residence,kyc_origination,2026-04-01,T2,#156 gali no-4 opp. community hall nehru colony devgarh ngr - 970203
AD000425,AC000336,permanent_native,kyc_origination,2026-04-01,OUT,"Village Hosahalli, Tehsil D, District South - 997113"
AD000426,AC000337,residence,kyc_origination,2026-04-01,T3,"H.No. 2, Annapoorna Nilaya, Blk A, Rd 5, nr. Ration Shop, Teachers Colony, Navanagara East - 980302"
AD000427,AC000337,office,kyc_origination,2026-04-01,T3,d blocck 4th rd hmt col navanagara east - 980301
AD000428,AC000338,residence,kyc_origination,2026-04-01,T1,41/3 ganga apartments 1st crss 7th main close to hanuman temple nehru colony kaverpura - 960102
AD000429,AC000338,office,kyc_origination,2026-04-01,T1,"H.No. 421, ಕಲ್ಯಾಣ ಮಂಟಪ ಹತ್ತಿರ, Gandhi Nagr, Kaveripura - 960102"
AD000430,AC000339,residence,kyc_origination,2026-04-01,T2,house 402 church ke pass patel nagr devgarh nagar - 970202
AD000431,AC000339,permanent_native,kyc_origination,2026-04-01,OUT,"Village Sundarpur, Tehsil D, District East - 994704"
AD000432,AC000340,residence,kyc_origination,2026-04-01,T2,"174/3, GALI NO-10, PATEL NAGAR, DEVGARH NAGAR - 970202"
AD000433,AC000341,residence,kyc_origination,2026-04-01,T3,"H.NO. 212, BLK C, RD 1, NEXT TO CHURCH, NAVANAGARA EAST - 980303"
AD000434,AC000342,residence,kyc_origination,2026-04-01,T3,"No. 31, Blk F, Rd 5, opposite Hanuman Temple, HMT Colony, Navanagara East - 980304"
AD000435,AC000343,residence,kyc_origination,2026-04-01,T1,"134/3, ಪೆಟ್ರೋಲ್ ಬಂಕ್ ಹತ್ತಿರ, Kalyana Ngr, Kaveripura - 960104"
AD000436,AC000344,residence,kyc_origination,2026-04-01,T3,"F Blk., 2nd Road, Navanagara East - 980303"
AD000437,AC000345,residence,kyc_origination,2026-04-01,T2,"House 262, Gali No. 11, nr Milk Booth, Ambedkar Nagr, Devgarh Nagar - 970204"
AD000438,AC000346,residence,kyc_origination,2026-04-01,T2,"H.No. 372, Gali No. 1, Ward 8, Azad Mohalla, Devgarh Nagar - 970203"
AD000439,AC000346,office,kyc_origination,2026-04-01,T2,"No. 149, Gali no-9, close to Hanuman Tempel, Indira Colony, Devgarh Nagar - 970202"
AD000440,AC000347,residence,kyc_origination,2026-04-01,T1,"113/3, SHANTI KUNJ, 12TH CROSS, 3RD MAIN, ನ್ಯಾಯಬೆಲೆ ಅಂಗಡಿ ಹತ್ತಿರ, SIDDESHWARA COLNY, KAVERIPURA - 960102"
AD000441,AC000348,residence,kyc_origination,2026-04-01,T1,h.no. 136 5th cross 5th main masidi eduru vidya ngr kaveripura - 960103
AD000442,AC000348,office,kyc_origination,2026-04-01,T1,h.no. 287 ಬಸ್ ನಿಲ್ದಾಣ ಹತ್ತಿರ hosa badavane kaveripura - 960101
AD000443,AC000349,residence,kyc_origination,2026-04-01,T2,"#116, naer Hanuman Temple, Shivaji Nagr, Devgarh Nagar - 970202"
AD000444,AC000349,office,kyc_origination,2026-04-01,T2,"#425, Gali 2, Ration ki Dukaan ke paaas, Devgarh Nagar - 970202"
AD000445,AC000350,residence,kyc_origination,2026-04-01,T1,#93 10th cross 1st main nr ganapathi temple nehru colony kaveripura - 960102
AD000446,AC000351,residence,kyc_origination,2026-04-01,T3,"A Block, 4th Road, nr. Mosque, Orchid Enclave, Navanagara East - 980301"
AD000447,AC000352,residence,kyc_origination,2026-04-01,T1,"470/3, 10th Cross, 3rd Main, ಸರ್ಕಾರಿ ಶಾಲೆ ಎದುರು, Anjaneya Badavane, Kaveripura - 960103"
AD000448,AC000353,residence,kyc_origination,2026-04-01,T3,"383/2, D Blk, 5th Road, behind Hanuman Temple, Orchhid Enclave, Navanagara East - 980301"
AD000449,AC000354,residence,kyc_origination,2026-04-01,T3,no. 101 c blk. 1st road sunrise enclave navanagara east - 980301
AD000450,AC000355,residence,kyc_origination,2026-04-01,T2,"GALI 8, KRISHNA PURI, DEVGARH NAGR - 970202"
AD000451,AC000356,residence,kyc_origination,2026-04-01,T3,"No. 435, F Block, 6th Road, Teachers Colony, Navanagara East - 980302"
AD000452,AC000357,residence,kyc_origination,2026-04-01,T3,"#27, D BLOCK, 1ST ROAD, NR GOVT SCHOOL, TEACHERS COLONY, NAVANAGARA EAST - 980302"
AD000453,AC000358,residence,kyc_origination,2026-04-01,T3,"House 248, Blk D, Rd 6, opp. Overhead Tank, Silver Oak Layout, Navanagara East - 980301"
AD000454,AC000358,permanent_native,kyc_origination,2026-04-01,OUT,"Village Kodihalli, Tehsil C, District North - 995265"
AD000455,AC000359,residence,kyc_origination,2026-04-01,T2,gali no. 1 jama masjid ke pass tilak nagar devgarh nagar - 970204
AD000456,AC000360,residence,kyc_origination,2026-04-01,T2,"250/2, Gali no-9, Doodh Dairy ke samne, Shastri Nagar, Devgarh Nagar - 970201"
AD000457,AC000361,residence,kyc_origination,2026-04-01,T3,"BLK D, RD 4, ಸರ್ಕಾರಿ ಶಾಲೆ ಹತ್ತಿರ, RAILWAY COLONY, NAVANAGARA EAST - 980304"
AD000458,AC000362,residence,kyc_origination,2026-04-01,T3,"Green View Apts, Blk E, Rd 3, Silver Oak Lyt, Navanagara East - 980301"
AD000459,AC000363,residence,kyc_origination,2026-04-01,T2,"240/3, GALI NO-4, WARD 5, DOODH DAIRY KE PAAS, SUBHASH NGR, DEVGARH NAGR - 970201"
AD000460,AC000364,residence,kyc_origination,2026-04-01,T2,h.no. 230 gali no. 6 close to overhead tank krishna puri devgarh naagar - 970202
AD000461,AC000364,office,kyc_origination,2026-04-01,T2,"208/3, Gali no-3, opposite Kalyana Mantapa, Nehru Colony, Devgarh Nagar - 970203"
AD000462,AC000365,residence,kyc_origination,2026-04-01,T1,"House 412, nr. PDS Sohp, Hosa Badavane, Kaveripura - 960101"
AD000463,AC000365,permanent_native,kyc_origination,2026-04-01,OUT,"Village Mallapura, Tehsil C, District East - 993770"
AD000464,AC000366,residence,kyc_origination,2026-04-01,T3,c blk. 3rd road teachers colony navanagara east - 980302
AD000465,AC000367,residence,kyc_origination,2026-04-01,T3,"Lakshmi Nilaya, Blk E, Rd 5, nr. Overhead Tank, Silver Oak Layout, Navanagara East"
AD000466,AC000368,residence,kyc_origination,2026-04-01,T1,"9th Cr, 4th Main, close to Medical Store, Kuvempu Layout, Kaveripura - 960102"
AD000467,AC000369,residence,kyc_origination,2026-04-01,T1,house 263 4th crs 6th main srkari shaale hattira basava nagr kaveripura - 960101
AD000468,AC000370,residence,kyc_origination,2026-04-01,T3,"House 64, Blk F, Rd 4, close to Milk Dairy, Sunrise Enclave, Navanagara East - 980304"
AD000469,AC000371,residence,kyc_origination,2026-04-01,T1,"458/1, 10TH CROSS, 5TH MAIN, OPP. PDS SHO,P GANDHI NAGAR, KAVERIPURA - 960102"
AD000470,AC000371,permanent_native,kyc_origination,2026-04-01,OUT,"Village Bilagi, Tehsil C, District North - 995877"
AD000471,AC000372,residence,kyc_origination,2026-04-01,T3,"#71, Blk B, Rd 6, nr Overhead Tank, Green Park Lyt, Navanagara East - 980301"
AD000472,AC000373,residence,kyc_origination,2026-04-01,T2,"Gali 12, Hanuman Mandir ke bagal me, Shastri Nagar, Devgarh Nagar - 970201"
AD000473,AC000374,residence,kyc_origination,2026-04-01,T2,house 342 close to kalyana mantapa patel nagar devgarh nagar
AD000474,AC000374,permanent_native,kyc_origination,2026-04-01,OUT,"Village Bilagi, Tehsil C, District South - 998052"
AD000475,AC000375,residence,kyc_origination,2026-04-01,T1,"H.No. 471, 5th Cross, 3rd Main, near Children Park, Nehru Coloony, Kaveripura - 960102"
AD000476,AC000375,permanent_native,kyc_origination,2026-04-01,OUT,"Village Sundarpur, Taluk A, District East - 995144"
AD000477,AC000376,residence,kyc_origination,2026-04-01,T1,"10th Cr, 6th Main, opposite Bus Stand, Shanthi Nagar, Kaveripura - 960101"
AD000478,AC000376,office,kyc_origination,2026-04-01,T1,"House 17, Green View Apts, 4th Crs, 8th Main, Gandhi Nagar, Kaveripura - 960102"
AD000479,AC000377,residence,kyc_origination,2026-04-01,T2,no. 312 gali 9 ward 5 behind govt school subhash nagar devgarh nagar - 970201
AD000480,AC000378,residence,kyc_origination,2026-04-01,T2,"55/3, Barat Ghar ke bagal me, Patel Nagr, Devgarh Nagar - 970202"
AD000481,AC000379,residence,kyc_origination,2026-04-01,T3,"40/1, Railway Colony, Navanagara Eats - 980304"
AD000482,AC000379,office,kyc_origination,2026-04-01,T3,"House 479, Blk F, Rd 3, Tanki ke pass, HMT Colony, Navanagara East - 980301"
AD000483,AC000380,residence,kyc_origination,2026-04-01,T3,"#168, C BLK., 6TH ROAD, MASJID KE SAAMNE, DEFENCE COLNY, NAVANAGARA EAST - 980302"
AD000484,AC000381,residence,kyc_origination,2026-04-01,T3,#256 blk f rd 5 nr post office railway colny navanagraa east - 980304
AD000485,AC000382,residence,kyc_origination,2026-04-01,T2,"Gali 10, Barat Ghir ke pass, Shivaji Nagar, Devgahr Nagar - 970202"
AD000486,AC000382,office,kyc_origination,2026-04-01,T2,"28/1, Gali no-12, Ward 10, Krishna Puri, Devgarh Nagar"
AD000487,AC000383,residence,kyc_origination,2026-04-01,T2,"House 301, opposite Post Office, Devgarh Nagr - 970202"
AD000488,AC000384,residence,kyc_origination,2026-04-01,T1,house 321 neear milk booth kaveripura - 960102
AD000489,AC000385,residence,kyc_origination,2026-04-01,T3,#115 silver oak layt navanagara east - 980301
AD000490,AC000385,permanent_native,kyc_origination,2026-04-01,OUT,"Village Kodihalli, Taluk B, District North - 997089"
AD000491,AC000386,residence,kyc_origination,2026-04-01,T2,"Gali 7, Church ke pass, Shivaji Ngr, Devgarh Nagar - 970202"
AD000492,AC000386,office,kyc_origination,2026-04-01,T2,"376/2, Azad Mohalla, Devgarh Nagar - 970202"
AD000493,AC000387,residence,kyc_origination,2026-04-01,T3,"#337, Palm Meadows, Navanagara East - 980302"
AD000494,AC000387,permanent_native,kyc_origination,2026-04-01,OUT,"Village Kodihalli, Tehsil C, District West - 991904"
AD000495,AC000388,residence,kyc_origination,2026-04-01,T2,"Gali no-9, near Ganesh Temple, Krishna Puri, Devgarh Nagar - 970202"
AD000496,AC000388,permanent_native,kyc_origination,2026-04-01,OUT,"Village Rampura Kalan, Tehsil D, District South - 999621"
AD000497,AC000389,residence,kyc_origination,2026-04-01,T1,"No. 393, 10th Cross, 6th Mn, Sarkari Shaale hattira, Vinayaka Nagar, Kaveripura - 960104"
AD000498,AC000390,residence,kyc_origination,2026-04-01,T2,#311 gali no-2 devgarh ngr - 970202
AD000499,AC000391,residence,kyc_origination,2026-04-01,T3,"Blk F, Rd 3, next to Medicals, Navanagara East"
AD000500,AC000391,office,kyc_origination,2026-04-01,T3,blk d rd 6 masidi hattira orchid enclave navanagara east - 980301
AD000501,AC000392,residence,kyc_origination,2026-04-01,T3,"271/3, C Blk, 3rd Road, nr Water Tank, Defence Colony, Navanagara East - 980301"
AD000502,AC000393,residence,kyc_origination,2026-04-01,T2,"263/2, Gali no-3, Patel Nagar, Devgarh Nagar - 970202"
AD000503,AC000394,residence,kyc_origination,2026-04-01,T2,"352/1, Gali No. 4, nr. Government School, Indira Colony, Devgarh Nagr - 970202"
AD000504,AC000395,residence,kyc_origination,2026-04-01,T1,house 155 9th cross 5th main nehru colony kaveripura - 960102
AD000505,AC000396,residence,kyc_origination,2026-04-01,T3,#258 ಸರ್ಕಾರಿ ಶಾಲೆ ಹತ್ತಿರ navanagara east - 980301
AD000506,AC000397,residence,kyc_origination,2026-04-01,T2,"#337, Gali no-4, Ward 6, Nehru Col, Devgarh Nagr - 970203"
AD000507,AC000397,office,kyc_origination,2026-04-01,T2,gali no-12 bhd park nehru colny devgarh ngr - 970203
AD000508,AC000398,residence,kyc_origination,2026-04-01,T3,"288/3, Blk F, Rd 5, b/h Ganapathi Temple, Railway Col, Navanagara East - 980304"
AD000509,AC000399,residence,kyc_origination,2026-04-01,T2,"#2, गली नं. 6, Ward 8, राशन की दुकान के सामने, Azad Mohalla, Devgarh Nagar - 970203"
AD000510,AC000400,residence,kyc_origination,2026-04-01,T3,"A BLOCK, 3RD RD., NR. BUS STOP, SILVER OAK LAYOUT, NAVANAGARA EAST - 980301"
AD000511,AC000401,residence,kyc_origination,2026-04-01,T3,"Blk F, Rd 2, opposite Overhead Tank, Sunrise Enclave, Navanagara East - 983004"
AD000512,AC000401,office,kyc_origination,2026-04-01,T3,"#53, D Block, 5th Rd., Green Park Layt, Navanagara East - 980301"
AD000513,AC000402,residence,kyc_origination,2026-04-01,T1,"7th Cross, 6th Main, Bus Stop hindhe, Vinayaka Nagar, Kaveripura - 960104"
AD000514,AC000402,permanent_native,kyc_origination,2026-04-01,OUT,"Village Sundarpur, Taluk B, District South - 994014"
AD000515,AC000403,residence,kyc_origination,2026-04-01,T2,"334/2, Gali no-6, Krishna Puri, Devgarh Nagar - 970202"
AD000516,AC000403,permanent_native,kyc_origination,2026-04-01,OUT,"Village Hosahalli, Tehsil D, District North - 998009"
AD000517,AC000404,residence,kyc_origination,2026-04-01,T1,"#430, 1st Cross, 1st Main, Vidya Nagar, Kaveripura - 960103"
AD000518,AC000404,office,kyc_origination,2026-04-01,T1,"#394, 10th Cross, 1st Mn, close to Govt School, Anjaneya Badavane, Kaveripura - 960103"
AD000519,AC000405,residence,kyc_origination,2026-04-01,T3,"NO. 288, C BLOCK, 3RD ROAD, SUNRISE ENCLAVE, NAVANAGARA EAST - 980302"
AD000520,AC000405,permanent_native,kyc_origination,2026-04-01,OUT,"Village Sundarpur, Taluk A, District East - 995495"
AD000521,AC000406,residence,kyc_origination,2026-04-01,T3,"House 131, A Block, 1st Road, Orchid Enclave, Navanagara East - 980301"
AD000522,AC000407,residence,kyc_origination,2026-04-01,T2,49/1 geen view apts gali 12 ration dukan ke peeche nehru colony devgarh nagr
AD000523,AC000407,office,kyc_origination,2026-04-01,T2,"H.N. 272, nr. Bus Stand, Krishna Puri, Devgarh Ngr - 970202"
AD000524,AC000408,residence,kyc_origination,2026-04-01,T1,"H.No. 310, 12th Cr, 1st Main, Ganesh Mandir ke pass, Nehru Colony, Kaveripura - 960102"
AD000525,AC000409,residence,kyc_origination,2026-04-01,T3,"House 268, D Blk, 3rd Road, nr Post Office, HMT Colony, Navanagara East - 980301"
AD000526,AC000410,residence,kyc_origination,2026-04-01,T3,blk f rd 2 close to pharmacy teachers colony navanagara east - 980302
AD000527,AC000411,residence,kyc_origination,2026-04-01,T2,"NO. 449, AZAD MOHALLA, DEVGARH NAGAR - 970203"
AD000528,AC000412,residence,kyc_origination,2026-04-01,T3,"H.NO. 207, BLK B, RD 5, SILVER OAK LAYYOUT, NAVANAGARA EAST - 980301"
AD000529,AC000413,residence,kyc_origination,2026-04-01,T1,"#166, 8th Cross, 4th Main Rd, beside Medicals, Nehru Colony, Kaveripura - 960102"
AD000530,AC000413,office,kyc_origination,2026-04-01,T1,"310/2, 7th Cr, 3rd Mn, Basava Nagar, Kaveripura - 960101"
AD000531,AC000414,residence,kyc_origination,2026-04-01,T2,"H.No. 103, Gai no-2, Doodh Dairy ke pass, Devgarh Nagr - 970202"
AD000532,AC000415,residence,kyc_origination,2026-04-01,T3,blk c rd 6 b/h medicals teachers col navanagara east - 980302
AD000533,AC000415,office,kyc_origination,2026-04-01,T3,h.no. 173 blk e rd 3 silver oak layout navanagara east - 980301
AD000534,AC000416,residence,kyc_origination,2026-04-01,T3,f block 5th road nr medical store navanagara east - 980303
AD000535,AC000416,office,kyc_origination,2026-04-01,T3,house 225 sai residency blk b rd 4 nr pds shop lakeview phase 2 navanagara east - 980303
AD000536,AC000417,residence,kyc_origination,2026-04-01,T1,"#19, 8TH CR, 2ND MAIN, OPP. PDS SHOP, VINAYAKA NGR, KAVERIPURA - 960104"
AD000537,AC000417,office,kyc_origination,2026-04-01,T1,"#61, 1ST CROSS, 1ST MAIN RD, ಉದ್ಯಾನವನ ಹತ್ತಿರ, KAVERIPURA - 960102"
AD000538,AC000418,residence,kyc_origination,2026-04-01,T2,"239/1, Om Sai Complex, Gali no-13, बारात घर के बगल में, Patel Nagr, Devgarh Nagar - 970202"
AD000539,AC000418,office,kyc_origination,2026-04-01,T2,"H.No. 174, Gali No. 9, Ward 10, near Post Office, Devgarh Ngr - 970202"
AD000540,AC000419,residence,kyc_origination,2026-04-01,T2,"H.No. 386, Gali 5, मेडिकल स्टोर के पास, Gandhi Basti, Devgarh Nagr - 970203"
AD000541,AC000420,residence,kyc_origination,2026-04-01,T1,#223 near hanuman temple nehru colony kaveripura - 960102
AD000542,AC000421,residence,kyc_origination,2026-04-01,T3,"House 75, D Block, 2nd Road, close to Kalyana Mantapa, Navanagara East - 980304"
AD000543,AC000422,residence,kyc_origination,2026-04-01,T1,"House 158, 8th Cross, 4th Main, Bus Stop edhuru, Gandhi Nagar, Kaveripura - 960102"
AD000544,AC000423,residence,kyc_origination,2026-04-01,T1,"No. 136, 9th Cross, 6th Main, ಹಾಲಿನ ಡೈರಿ ಹತ್ತಿರ, Hosa Badavane, Kaveripura - 960101"
AD000545,AC000424,residence,kyc_origination,2026-04-01,T3,"74/3, Petrol Pump ke piche, Green Park Layout, Naavanagara East - 980301"
AD000546,AC000424,permanent_native,kyc_origination,2026-04-01,OUT,"Village Bilagi, Tehsil C, District South - 992472"
AD000547,AC000425,residence,kyc_origination,2026-04-01,T1,"#90, 7th Crs, 4th Mn, nr Medicals, Basava Nagar, Kaveripura - 960101"
AD000548,AC000426,residence,kyc_origination,2026-04-01,T2,no. 257 gali no-8 near pharmacy azad mohalla devgarh nagar - 970203
AD000549,AC000426,office,kyc_origination,2026-04-01,T2,h.no. 364 green view apts gali no. 3 b/h mosque shastri nagar devgarh nagar - 970204
AD000550,AC000427,residence,kyc_origination,2026-04-01,T2,429/3 gali no-5 close to church shivaji nagar devgarh nagr - 970202
AD000551,AC000428,residence,kyc_origination,2026-04-01,T1,"H.NO. 69, 10TH CROSS, 4TH MAINN, OPP. RATION SHOP, GANDHI NAGAR, KAVERIPURA - 960102"
AD000552,AC000429,residence,kyc_origination,2026-04-01,T2,"#28, Gali 4, पेट्रोल पंप के सामने, Gandhi Basti, Devgarh Ngr - 970203"
AD000553,AC000430,residence,kyc_origination,2026-04-01,T2,h.no. 466 gali no-12 ward 11 patel nagar devgarh nagar - 970202
AD000554,AC000431,residence,kyc_origination,2026-04-01,T3,"#61, E Block, 3rd Rd., nr. Ganapathi Temple, Teachers Colny, Navanagara East - 980302"
AD000555,AC000431,office,kyc_origination,2026-04-01,T3,"No. 207, F Block, 2nd Road, close to Mosque, Sunrise Enclave, Navanagara East - 980304"
AD000556,AC000432,residence,kyc_origination,2026-04-01,T3,"B BLOCK, 5TH RD, CLOSE TO BUS STAND, LAKEVIEW PHHASE 2, NAVANAGARA EAST - 980303"
AD000557,AC000433,residence,kyc_origination,2026-04-01,T1,"6th Crs, 3rd Main, nr Ganesh Temple, Gandhi Nagar, Kaveripura - 960102"
AD000558,AC000434,residence,kyc_origination,2026-04-01,T2,322/2 gali no. 4 nr overhead tank krishna puri devgarh nagar - 970202
AD000559,AC000434,permanent_native,kyc_origination,2026-04-01,OUT,"Village Chikkapura, Taluk A, District West - 998902"
AD000560,AC000435,residence,kyc_origination,2026-04-01,T2,"opposite Mosque, Patel Ngr, Devgarh Nagar - 970202"
AD000561,AC000436,residence,kyc_origination,2026-04-01,T1,"227/2, 7th Cross, 8th Mn, close to Overhead Tank, Kaveripura - 960102"
AD000562,AC000436,office,kyc_origination,2026-04-01,T1,"House 463, Annapoorna Nilaya, Church hattira, Basava Nagr, Kavripura - 960101"
AD000563,AC000437,residence,kyc_origination,2026-04-01,T1,"No. 353, 4th Cross, 7th Main, bhd Milk Booth, Nehru Colony, Kaveripura - 960102"
AD000564,AC000437,permanent_native,kyc_origination,2026-04-01,OUT,"Village Devipur, Taluk A, District East - 995248"
AD000565,AC000438,residence,kyc_origination,2026-04-01,T2,h.no. 433 gali no. 10 hanuman mandir ke pass inidra colony devgarh ngaar - 970202
AD000566,AC000439,residence,kyc_origination,2026-04-01,T2,"Gali No. 10, nr. Post Office, Krishna Puri, Devgarh Ngr - 970202"
AD000567,AC000440,residence,kyc_origination,2026-04-01,T3,"HOUSE 461, BLK A, RD 3, NR MILK BOOTH, RAILWAY COLNOY, NAVANAGARA EAST - 98304"
AD000568,AC000441,residence,kyc_origination,2026-04-01,T1,no. 175 1st cross 4th mn anjaneya swamy temple hattira kuvempu layout kaveripura
AD000569,AC000442,residence,kyc_origination,2026-04-01,T1,"NO. 45, OPP. KALYANA MANTAPA, NEHRU COLNY, KAVERIPURA - 960102"
AD000570,AC000443,residence,kyc_origination,2026-04-01,T3,"163/1, nr. Masjid, Teachers Colony, Navanagara East - 980302"
AD000571,AC000443,permanent_native,kyc_origination,2026-04-01,OUT,"Village Kodihalli, Tehsil C, District West - 995877"
AD000572,AC000444,residence,kyc_origination,2026-04-01,T3,189/1 f blk 6th road defence colny navanagara east - 980301
AD000573,AC000445,residence,kyc_origination,2026-04-01,T2,"Gali 11, Ward 11, nr Kalyana Mantapa, Patel Nagar, Devgarh Ngr"
AD000574,AC000446,residence,kyc_origination,2026-04-01,T3,"Blk C, Rd 4, b/h Ganesh Temple, Orchid Enclave, Navanagara East - 980301"
AD000575,AC000446,office,kyc_origination,2026-04-01,T3,"H.No. 171, Unity Nagar, Navanagara Eats - 980302"
AD000576,AC000447,residence,kyc_origination,2026-04-01,T3,"House 35, B Block, 6th Road, ಮಸೀದಿ ಹತ್ತಿರ, Orchid Enclave, Navanagara East - 980301"
AD000577,AC000447,office,kyc_origination,2026-04-01,T3,"307/3, D Blk., 5th Road, opp Kalyana Mantapa, Lakeview Phase 2, Navanagara East - 980301"
AD000578,AC000448,residence,kyc_origination,2026-04-01,T1,"No. 349, 5th Cross, 7th Main Rd, Kuvempu Lyt, Kaveripura"
AD000579,AC000449,residence,kyc_origination,2026-04-01,T2,"GALI 5, WARD 9, GIRJA GHAR KE PASS, DEVGARH NAGAR"
AD000580,AC000450,residence,kyc_origination,2026-04-01,T3,110/3 d block 4th road opp. overhead tank navanagara east - 980301
AD000581,AC000451,residence,kyc_origination,2026-04-01,T2,"172/1, SHIVAJI NAGR, DEVGARH NGR - 970202"
AD000582,AC000451,permanent_native,kyc_origination,2026-04-01,OUT,"Village Hosahalli, Tehsil D, District West - 996563"
AD000583,AC000452,residence,kyc_origination,2026-04-01,T3,"Blk A, Rd 2, behind Milk Booth, Palm Meadows, Navanagara East - 980302"
AD000584,AC000453,residence,kyc_origination,2026-04-01,T3,h.no. 302 nr hanuman templa sunrise enclave navanagara east - 980304
AD000585,AC000454,residence,kyc_origination,2026-04-01,T2,"GALI 7, PATEL NAGAR, DEVGARH NAGAR - 970202"
AD000586,AC000455,residence,kyc_origination,2026-04-01,T1,"House 271, 11th Cr, 5th Mn, opp Church, Anjaneya Badavane, Kaveripura - 960103"
AD000587,AC000456,residence,kyc_origination,2026-04-01,T3,"H.No. 293, F Block, 3rd Road, close to Ganesh Temple, Teachers Colony, Navanagara East - 980302"
AD000588,AC000457,residence,kyc_origination,2026-04-01,T2,"House 3, गली नं. 6, Indira Colony, Devgarh Nagar - 970202"
AD000589,AC000458,residence,kyc_origination,2026-04-01,T1,"10TH X, 2ND MAIN, GANAPATHI GUDI HENDE, NEHRU COLONY, KAVERIPURA - 960101"
AD000590,AC000459,residence,kyc_origination,2026-04-01,T3,"228/3, Blk C, Rd 1, Orchid Enclave, Navanagara East - 980301"
AD000591,AC000459,office,kyc_origination,2026-04-01,T3,"H.No. 291, E Block, 4th Road, close to Post Office, HMT Colony, Navanagara East - 980301"
AD000592,AC000460,residence,kyc_origination,2026-04-01,T3,"HOUSE 252, BLK B, RD 5, NEAR PETROL BUNK, GREEN PARK LAYOUT, NAVANAGARA EAST - 980301"
AD000593,AC000461,residence,kyc_origination,2026-04-01,T1,"1ST CROSS, 4TH MAIN, NR GANESH TEMPLE, ASHOKA LAYOUT, KAVERIPURA - 960104"
AD000594,AC000462,residence,kyc_origination,2026-04-01,T1,"No. 355, 3rd Cross, 1st Mn, Medical Shop hinde, Kaveripura - 960104"
AD000595,AC000463,residence,kyc_origination,2026-04-01,T3,"BLK C, RD 3, BARAT GHAR KE PASS, RAILWAY COL, NAVANAGARA EAST - 980304"
AD000596,AC000464,residence,kyc_origination,2026-04-01,T3,blk d rd 6 nr. govt school teachers colny navanagara eats - 980302
AD000597,AC000464,office,kyc_origination,2026-04-01,T3,blk b rd 6 bus stop hattira palm meadows navanagara east - 980302
AD000598,AC000465,residence,kyc_origination,2026-04-01,T2,"Dawai ki Dukaan ke paas, Patel Nagar, Devgarh Nagr - 970202"
AD000599,AC000466,residence,kyc_origination,2026-04-01,T1,"House 350, Lakshmi Nilaya, 2nd X, 3rd Main, Kaveripura - 960101"
AD000600,AC000467,residence,kyc_origination,2026-04-01,T2,"#183, behind Pharmacy, Patel Nagar, Devgarh Nagar - 970203"
AD000601,AC000468,residence,kyc_origination,2026-04-01,T2,no. 193 gali 12 nr pds shop devgarh nagr - 970201
AD000602,AC000469,residence,kyc_origination,2026-04-01,T1,house 62 11th cross 5th main nehru colony kaveripura - 960102
AD000603,AC000470,residence,kyc_origination,2026-04-01,T2,"No. 247, Gali 13, b/h Post Office, Nehru Colny, Devgarh Nagar - 970201"
AD000604,AC000471,residence,kyc_origination,2026-04-01,T1,h.no. 6 1st x 8th main gandhi nagar kaveripura - 960102
AD000605,AC000472,residence,kyc_origination,2026-04-01,T3,"Huose 29, Blk B, Rd 5, Girja Ghar ke peeche, Silver Oak Layout, Navanagara East - 980301"
AD000606,AC000473,residence,kyc_origination,2026-04-01,T3,166/1 e block 3rd road community hall ke peeche sunrise enclave navanagara east - 980304
AD000607,AC000474,residence,kyc_origination,2026-04-01,T3,"House 319, A Block, 1st Road, bhd PDS Shop, Orchid Enclave, Navanagara East - 980301"
AD000608,AC000475,residence,kyc_origination,2026-04-01,T1,2nd cross 6th main nr community hall gandhi nagar kaveripura - 960102
AD000609,AC000476,residence,kyc_origination,2026-04-01,T2,"NO. 128, GALI 4, DOODH DAIRY KE SAAMNE, SUBHASH NGR, DEVGARH NAGAR - 970201"
AD000610,AC000476,office,kyc_origination,2026-04-01,T2,"119/1, GALI NO. 11, CLOSE TO GOVERNMENT SCHOOL, RAM NAGAR, DEVGARH NAGAR - 970203"
AD000611,AC000477,residence,kyc_origination,2026-04-01,T2,"#246, Gali no-10, Ganesh Mandir ke samne, Krishna Puri, Devgarh Nagar - 970202"
AD000612,AC000477,office,kyc_origination,2026-04-01,T2,"No. 75, Gali No. 2, Ward 7, nr. Masjid, Gandhi Basti, Devgarh Nagar - 970203"
AD000613,AC000478,residence,kyc_origination,2026-04-01,T2,"House 33, Gali no-5, Ward 6, close to Bus Stand, Nehru Colony, Devgarh Nagar - 970203"
AD000614,AC000479,residence,kyc_origination,2026-04-01,T3,"bhd Masjid, Railway Colony, Navanagara East - 980304"
AD000615,AC000479,office,kyc_origination,2026-04-01,T3,"292/3, B Blk., 6th Road, Tanki ke paas, Sunrise Enclave, Navanagara East - 980301"
AD000616,AC000480,residence,kyc_origination,2026-04-01,T3,blk f rd 1 nr ganapathi temple navanagara east - 980301
AD000617,AC000481,residence,kyc_origination,2026-04-01,T3,"No. 51, Blk D, Rd 6, Neerina Tank hindhe, Silver Oak Layout, Navanagara East - 980301"
AD000618,AC000481,permanent_native,kyc_origination,2026-04-01,OUT,"Village Bilagi, Tehsil C, District West - 992031"
AD000619,AC000482,residence,kyc_origination,2026-04-01,T1,ashoka layout kaveripura - 960104
AD000620,AC000483,residence,kyc_origination,2026-04-01,T2,shanti kunj gali 4 petrol pump ke paas gandhi basti devgarh nagar - 97023
AD000621,AC000483,office,kyc_origination,2026-04-01,T2,"Gali No. 5, Ward 7, near Post Office, Gandhi Basti, Devgarh Nagar - 970203"
AD000622,AC000484,residence,kyc_origination,2026-04-01,T1,"House 252, Om Sai Complex, 1st Cross, 3rd Main, Masidi hattira, Nehru Colony, Kaveripura - 960102"
AD000623,AC000484,office,kyc_origination,2026-04-01,T1,303/2 masidi hattira vidya ngr kaveripura
AD000624,AC000485,residence,kyc_origination,2026-04-01,T2,29/1 gali no-11 bus stop ke piche devgarh nagar - 970201
AD000625,AC000486,residence,kyc_origination,2026-04-01,T2,gali no-4 ward 7 jama masjid ke saamne devgarh nagar - 970203
AD000626,AC000486,office,kyc_origination,2026-04-01,T2,no. 285 gali no. 9 subhash nagar devgarh nagar - 970201
AD000627,AC000487,residence,kyc_origination,2026-04-01,T3,"A BLOCK, 3RD ROAD, ORCHID ENCLAVE, NAVANAGARA EAST"
AD000628,AC000488,residence,kyc_origination,2026-04-01,T3,"Blk D, Rd 2, close to Bus Stop, Sunrise Enclave, Navanagara East - 980304"
AD000629,AC000488,office,kyc_origination,2026-04-01,T3,house 13 near milk booth railway colony navanagara east - 980304
AD000630,AC000489,residence,kyc_origination,2026-04-01,T1,"House 182, Lakshmi Nilaya, 12th Cross, 4th Main, Nehru Colny, Kaveripura - 960102"
AD000631,AC000490,residence,kyc_origination,2026-04-01,T3,"H.NO. 206, BLK D, RD 3, BEHIND MILK DAIRY, SILVER OAK LAYOUT, NAVANAGARA EAST - 980301"
AD000632,AC000491,residence,kyc_origination,2026-04-01,T3,"H.No. 200, Blk A, Rd 1, Orchid Enlcave, Navanagara East"
AD000633,AC000492,residence,kyc_origination,2026-04-01,T2,"H.No. 49, Gali No. 1, Krishna Puri, Devgarh Nagar"
AD000634,AC000493,residence,kyc_origination,2026-04-01,T2,"HOUSE 105, GALI NO. 14, NR. GANAPATHI TEMPLE, PATEL NAGAR, DEVGARH NAGAR - 970204"
AD000635,AC000494,residence,kyc_origination,2026-04-01,T1,"No. 240, 1st Cr, 5th Mn, nr. Hanuman Temple, Kuvempu Layout, Kaveripura"
AD000636,AC000494,office,kyc_origination,2026-04-01,T1,6th cross 3rd main neerina tank hattira kaveripura - 960101
AD000637,AC000495,residence,kyc_origination,2026-04-01,T1,"5/1, 9th Cr, 3rd Main, opp. Bus Stand, Kaveripura - 960102"
AD000638,AC000496,residence,kyc_origination,2026-04-01,T1,"No. 17, 2nd X, 8th Mn, Hanuman Mandir ke pass, Siddeshwara Colony, Kaveripura - 960102"
AD000639,AC000497,residence,kyc_origination,2026-04-01,T3,"#71, B Block, 6th Road, Medical Store ke pass, Teachers Colony, Navanagara East - 980302"
AD000640,AC000497,permanent_native,kyc_origination,2026-04-01,OUT,"Village Devipur, Tehsil C, District West - 996519"
AD000641,AC000498,residence,kyc_origination,2026-04-01,T1,9th x 7th main close to community hall nehru colny kaveripura - 960102
AD000642,AC000499,residence,kyc_origination,2026-04-01,T2,"166/1, INDIRA COLONY, DEVGARH NAGAR - 970202"
AD000643,AC000499,permanent_native,kyc_origination,2026-04-01,OUT,"Village Bilagi, Taluk B, District West - 995084"
AD000644,AC000500,residence,kyc_origination,2026-04-01,T3,"Annapoorna Nilaya, Blk D, Rd 2, nr Water Tank, Silvir Oak Layout, Navanagara East - 980301"
AD000645,AC000501,residence,kyc_origination,2026-04-01,T3,"A Block, 1st Road, Lakeview Phase 2, Navanagara East - 980303"
AD000646,AC000502,residence,kyc_origination,2026-04-01,T1,"H.No. 229, near Pharmacy, Nehur Colny, Kaveripura - 960102"
AD000647,AC000503,residence,kyc_origination,2026-04-01,T3,"F Blk., 5th Road, opposite Community Hall, Orrchid Enclave, Navanagara East - 980301"
AD000648,AC000503,office,kyc_origination,2026-04-01,T3,ganga apartments b blk 5th road hanuman mandir ke saamne navanagara east - 980301
AD000649,AC000504,residence,kyc_origination,2026-04-01,T1,"34/1, 3rd Crs, 6th Mn, Sarkari Shaale hattira, Vinayaka Nagar, Kaveripura - 960102"
AD000650,AC000505,residence,kyc_origination,2026-04-01,T3,"445/3, C Block, 5th Rd., Lakeview Phase 2, Navanagara East - 980303"
AD000651,AC000505,office,kyc_origination,2026-04-01,T3,h.no. 41 blk d rd 6 barat ghhar ke paas lakeview phase 2 navanagara east - 980303
AD000652,AC000506,residence,kyc_origination,2026-04-01,T1,"#328, ANJANEYA SWAMY TEMPLE EDURU, NEHRU COL, KAVERIPURA - 960102"
AD000653,AC000507,residence,kyc_origination,2026-04-01,T1,"12th Cross, 4th Main Rd, ಸರ್ಕಾರಿ ಶಾಲೆ ಎದುರು, Siddeshwara Colony, Kaveripura - 960101"
AD000654,AC000508,residence,kyc_origination,2026-04-01,T3,"Om Sai Complex, close to Milk Dairy, Navanagara East - 980304"
AD000655,AC000509,residence,kyc_origination,2026-04-01,T1,108/3 6th x 1st main opposite community hall hosa badavane kaveripura - 960101
AD000656,AC000510,residence,kyc_origination,2026-04-01,T1,"8TH CROSS, 4TH MAIN, VIDYA NAGAR, KAVERIPURA - 960103"
AD000657,AC000510,office,kyc_origination,2026-04-01,T1,"12TH CR, 6TH MN, SHANTHI NAGAR, KAVERIPURA - 960101"
AD000658,AC000511,residence,kyc_origination,2026-04-01,T1,"HOUSE 447, 4TH CROSS, 2ND MAIN, NEHRU COLNY, KAVERIPURA - 960102"
AD000659,AC000511,permanent_native,kyc_origination,2026-04-01,OUT,"Village Bilagi, Taluk B, District South - 998010"
AD000660,AC000512,residence,kyc_origination,2026-04-01,T2,no. 251 gali 9 subhash ngr devgarh ngr - 970201
AD000661,AC000512,permanent_native,kyc_origination,2026-04-01,OUT,"Village Bilagi, Taluk A, District East - 993740"
AD000662,AC000513,residence,kyc_origination,2026-04-01,T3,house 274 nr milk booth sunrise enclave navanagara east - 980304
AD000663,AC000514,residence,kyc_origination,2026-04-01,T1,6th cross 1st mn near hanuman temple vidya nagar kaveripura - 960103
AD000664,AC000514,office,kyc_origination,2026-04-01,T1,#382 6th cross 7th main doodh dairy ke pass ashoka layout kaveripura - 960101
AD000665,AC000515,residence,kyc_origination,2026-04-01,T1,"440/1, 4TH X, 6TH MAIN RD, HAALINA DAIRY HATTIRA, BASAVA NAGAR, KAVERIPURA - 960101"
AD000666,AC000516,residence,kyc_origination,2026-04-01,T3,"109/1, Blk B, Rd 5, Silvre Oak Layout, Navanagara East - 980301"
AD000667,AC000517,residence,kyc_origination,2026-04-01,T1,"476/2, 2nd Cross, 1st Main, Nehru Col, Kaveripura - 960102"
AD000668,AC000518,residence,kyc_origination,2026-04-01,T1,house 340 anche kacheri hattira vidya nagar kaveripura - 960103
AD000669,AC000519,residence,kyc_origination,2026-04-01,T1,"#462, 1st Cross, 2nd Main, behind Psot Office, Vidya Nagar, Kaveripura - 960103"
AD000670,AC000519,permanent_native,kyc_origination,2026-04-01,OUT,"Village Chikkapura, Tehsil C, District West - 994779"
AD000671,AC000520,residence,kyc_origination,2026-04-01,T3,"HOUSE 425, C BLOCK, 6TH RD, TEACHERS COLNY, NAVANAGARA EAST - 980302"
AD000672,AC000521,residence,kyc_origination,2026-04-01,T2,"453/3, GALI NO-6, NR MEDICAL STORE, AZAD MOHALLA, DEVGARH NAGAR - 970203"
AD000673,AC000522,residence,kyc_origination,2026-04-01,T2,no. 230 ration dukan ke pass devgarh nagar - 970202
AD000674,AC000523,residence,kyc_origination,2026-04-01,T2,"No. 367, गली नं. 7, बारात घर के पास, Devgarh Nagar - 970202"
AD000675,AC000523,office,kyc_origination,2026-04-01,T2,"गली नं. 7, पानी की टंकी के पास, Krishna Puri, Devgarh Nagar - 97202"
AD000676,AC000524,residence,kyc_origination,2026-04-01,T2,"House 440, Gali no-4, Community Hall ke samne, Devgarh Nagar - 970202"
AD000677,AC000524,office,kyc_origination,2026-04-01,T2,"No. 266, Gali no-12, Ward 4, nr Pharmacy, Ram Nagar, Devgarh Nagar - 970203"
AD000678,AC000525,residence,kyc_origination,2026-04-01,T3,#73 sai residency e block 2nd road teachers col navanagara east - 980302
AD000679,AC000526,residence,kyc_origination,2026-04-01,T3,"#130, Blk C, Rd 5, b/h Mdeical Store, Teachers Colony, Navanagara East - 980302"
AD000680,AC000527,residence,kyc_origination,2026-04-01,T2,gali no-5 ambedkar nagar devgarh nagr
AD000681,AC000528,residence,kyc_origination,2026-04-01,T3,"#107, Blk D, Rd 1, Royal Gardens, Navanagara East - 980303"
AD000682,AC000528,office,kyc_origination,2026-04-01,T3,"H.No. 156, Blk F, Rd 2, Teachers Colony, Navanagara East - 980320"
AD000683,AC000529,residence,kyc_origination,2026-04-01,T1,"10TH CROSS, 4TH MN, ANJANEYA BADAVANE, KAVERIPURA - 960103"
AD000684,AC000529,office,kyc_origination,2026-04-01,T1,"NO. 270, 5TH X, 7TH MAIN, NR MILK BOOTH, NEHRU COLNY, KAVERIPURA - 960102"
AD000685,AC000530,residence,kyc_origination,2026-04-01,T2,304/2 gali no. 5 ward 1 shivaji nagar devgarh nagar - 970203
AD000686,AC000531,residence,kyc_origination,2026-04-01,T2,"No. 343, Gali No. 11, Tanki ke pass, Nehru Colony, Devgarh Nagar - 970203"
AD000687,AC000532,residence,kyc_origination,2026-04-01,T1,"#275, 5TH CRS, 7TH MN, NR RATION SHOP, VIDYA NAGAR, KAVERIPURA - 960103"
AD000688,AC000533,residence,kyc_origination,2026-04-01,T1,"5th Cross, 7th Mn, nr Ganapathi Temple, Gandhi Nagar, Kaveripura - 960102"
AD000689,AC000534,residence,kyc_origination,2026-04-01,T1,#90 nr. medical store nehru colony kaveripura - 960102
AD000690,AC000535,residence,kyc_origination,2026-04-01,T1,"10th Cross, 2nd Main, Church hattira, Ashoka Layout, Kaveripura - 960104"
AD000691,AC000535,permanent_native,kyc_origination,2026-04-01,OUT,"Village Devipur, Taluk A, District East - 995213"
AD000692,AC000536,residence,kyc_origination,2026-04-01,T3,"D BLK, 5TH ROAD, DEFENCE COLONY, NAVANAGARA EAST - 980301"
AD000693,AC000537,residence,kyc_origination,2026-04-01,T1,house 35 4th cross 2nd main rd ಮೆಡಿಕಲ್ ಶಾಪ್ ಹತ್ತಿರ kuvempu layout kaveripura - 960102
AD000694,AC000538,residence,kyc_origination,2026-04-01,T2,"H.NO. 391, GALI NO-5, PSOT OFFICE KE PASS, SUBHASH NAGAR, DEVGARH NAGR - 970201"
AD000695,AC000538,office,kyc_origination,2026-04-01,T2,"#71, GALI NO. 12, HANUMAN MANDIR KE PAAS, SHASTRI NAGR, DEVGARH NAGAR - 970201"
AD000696,AC000539,residence,kyc_origination,2026-04-01,T1,"85/1, 7th Cross, 3rd Main, Vidya Nagar, Kaveripura - 960103"
AD000697,AC000540,residence,kyc_origination,2026-04-01,T2,no. 56 gali no-5 dawai ki dukaan ke pass ambedkar nagar devgarh nagr - 970204
AD000698,AC000540,office,kyc_origination,2026-04-01,T2,"Post Office ke samne, Gandhi Basti, Devgarh Ngr - 970203"
AD000699,AC000541,residence,kyc_origination,2026-04-01,T1,Kaveripura - 960102
AD000700,AC000542,residence,kyc_origination,2026-04-01,T1,"8TH CR, 2ND MAIN, SAMUDAYA BHAVANA HATTIRA, ANJANEYA BADAVANE, KAVERIPURA - 960103"
AD000701,AC000543,residence,kyc_origination,2026-04-01,T2,"b/h PDS Shop, Indira Col, Devgarh Nagar - 970202"
AD000702,AC000544,residence,kyc_origination,2026-04-01,T1,"#375, 1ST CROSS, 5TH MAIN, DOODH DAIRY KE PASS, NEHRU COL, KAVERIPURA - 960102"
AD000703,AC000545,residence,kyc_origination,2026-04-01,T2,h.no. 197 nr. church indira colony devgarh nagar - 970202
AD000704,AC000546,residence,kyc_origination,2026-04-01,T2,"#17, Gali No. 1, Krishna Puri, Devgarh Nagar - 970202"
AD000705,AC000547,residence,kyc_origination,2026-04-01,T3,"#66, B Block, 5th Rd., nr Park, Palm Meadows, Navanagara East"
AD000706,AC000547,office,kyc_origination,2026-04-01,T3,"House 6, F Blk., 4th Rooad, Neerina Tank hattira, Sunrise Enclave, Navanagara East - 980304"
AD000707,AC000548,residence,kyc_origination,2026-04-01,T2,shastri ngr devgrah nagar
AD000708,AC000549,residence,kyc_origination,2026-04-01,T2,"48/3, Gali 2, Nehru Colony, Devgarh Nagar - 970203"
AD000709,AC000549,office,kyc_origination,2026-04-01,T2,"Gali no-2, Dak Ghar ke paas, Shivaji Ngr, Devgarh Nagar - 970201"
AD000710,AC000550,residence,kyc_origination,2026-04-01,T2,#177 गली नं. 3 सरकारी स्कूल के पास gandhi basti devgarh nagar - 970204
AD000711,AC000551,residence,kyc_origination,2026-04-01,T2,"NR. RATION SHOP, AZAD MOHALLA, DEVAGRH NAGAR - 970203"
AD000712,AC000552,residence,kyc_origination,2026-04-01,T2,"314/2, गली नं. 8, Ward 5, दूध डेयरी के पास, Subhash Nagar, Devgarh Nagar - 970201"
AD000713,AC000553,residence,kyc_origination,2026-04-01,T2,house 7 gali no-2 ward 8 nr. children park azad mohalla devgarh nagar - 970203
AD000714,AC000553,permanent_native,kyc_origination,2026-04-01,OUT,"Village Rampura Kalan, Tehsil D, District North - 999495"
AD000715,AC000554,residence,kyc_origination,2026-04-01,T2,"Gali no-9, Church ke paas, Patel Nagr, Devgarh Nagr - 970202"
AD000716,AC000554,permanent_native,kyc_origination,2026-04-01,OUT,"Village Hosahalli, Tehsil C, District East - 996700"
AD000717,AC000555,residence,kyc_origination,2026-04-01,T3,"#309, B Blk., 3rd Rd., nr. Pharmacy, HMT Colony, Navanagara East - 98304"
AD000718,AC000556,residence,kyc_origination,2026-04-01,T2,"Gali 7, Ward 8, nr. Church, Azad Mohalla, Devgarh Nagar - 970203"
AD000719,AC000557,residence,kyc_origination,2026-04-01,T1,"201/2, 11TH CR, 3RD MAIN, NEXT TO GANESH TEMPLE, NEHRU COLONY, KAVERIPURA - 960102"
AD000720,AC000558,residence,kyc_origination,2026-04-01,T2,"H.No. 115, Gali no-6, Indira Colony, Devgarh Ngr - 97002"
AD000721,AC000559,residence,kyc_origination,2026-04-01,T3,"H.NO. 89, BHD MILK BOOTH, SILVER OAK LAYT, NAVANAGARA EST - 980301"
AD000722,AC000560,residence,kyc_origination,2026-04-01,T3,"C Block, 6th Road, opp. Hanuman Temple, Lakeview Phase 2, Navanagara East - 980303"
AD000723,AC000561,residence,kyc_origination,2026-04-01,T1,"4TH CROSS, 5TH MN, NR. POST OFFICE, VINAYAKA NAGAR, KAVERIPURA - 960104"
AD000724,AC000561,permanent_native,kyc_origination,2026-04-01,OUT,"Village Mallapura, Tehsil D, District East - 997202"
AD000725,AC000562,residence,kyc_origination,2026-04-01,T2,no. 101 gali no-1 मेडिकल स्टोर के पास ambedkar nagar devgarh nagar
AD000726,AC000562,permanent_native,kyc_origination,2026-04-01,OUT,"Village Hosahalli, Taluk B, District West - 991630"
AD000727,AC000563,residence,kyc_origination,2026-04-01,T3,302/3 sai residency blk b rd 5 near petrol bunk silver oak layt navanagara east - 980301
AD000728,AC000564,residence,kyc_origination,2026-04-01,T1,sai residency 1st cross 8th main basava nagar kaveripura - 960101
AD000729,AC000564,permanent_native,kyc_origination,2026-04-01,OUT,"Village Kodihalli, Tehsil D, District North - 994526"
AD000730,AC000565,residence,kyc_origination,2026-04-01,T2,"No. 395, Gali no-5, close to Pharmacy, Indira Colony, Devgarh Ngr - 970202"
AD000731,AC000566,residence,kyc_origination,2026-04-01,T1,"No. 338, 2nd Cross, 8th Main Rd, near Millk Dairy, Nehru Colony, Kaveripura - 960102"
AD000732,AC000567,residence,kyc_origination,2026-04-01,T3,4/2 blk a rd 4 defence colony navanagara east - 980301
AD000733,AC000568,residence,kyc_origination,2026-04-01,T1,"H.No. 187, 6th Cross, 5th Main, opp. Kalyana Mantapa, Nehru Colony, Kaveripura - 960102"
AD000734,AC000569,residence,kyc_origination,2026-04-01,T3,"Blk F, Rd 2, bhd Bus Stand, Lakeview Phase 2, Navanagara East - 980303"
AD000735,AC000570,residence,kyc_origination,2026-04-01,T1,"H.NO. 94, 4TH CROSS, 4TH MAIN, NEHRU COL, KAVERPURA - 960102"
AD000736,AC000571,residence,kyc_origination,2026-04-01,T1,"4th Cros,s 2nd Main Rd, b/h Medicals, Vidya Nagar, Kaveripura - 960103"
AD000737,AC000571,office,kyc_origination,2026-04-01,T1,"No. 67, nr Church, Basava Nagar, Kaveripura - 960101"
AD000738,AC000572,residence,kyc_origination,2026-04-01,T1,"190/3, 10th X, 7th Main, opp. Govt School, Hosa Badavane, Kaveripura - 960101"
AD000739,AC000573,residence,kyc_origination,2026-04-01,T1,"174/1, 4th Cross, 4th Mn, nr Kalyana Mantapa, Gandhi Nagar, Kaveripura - 960102"
AD000740,AC000573,office,kyc_origination,2026-04-01,T1,"Ganga Apartment,s 7th Crs, 4th Mn, Park eduru, Siddeshwara Col, Kaveriprua - 960102"
AD000741,AC000574,residence,kyc_origination,2026-04-01,T3,no. 180 a blk. 3rd road sunrise enclave navanagara east - 980304
AD000742,AC000575,residence,kyc_origination,2026-04-01,T1,"No. 213, 4th Cross, 6th Main Rd, Ration ki Dukaan ke saamne, Anjaneya Badavane, Kaveripura - 960103"
AD000743,AC000576,residence,kyc_origination,2026-04-01,T1,307/1 10th cross 8th mn nr. church shanthi nagar kaveripura - 960101
AD000744,AC000577,residence,kyc_origination,2026-04-01,T3,"H.NO. 290, B BLK., 1ST ROAD, MEDICAL SHOP HATTIRA, TEACHERS COLONY, NAVANAGARA EAST - 980302"
AD000745,AC000578,residence,kyc_origination,2026-04-01,T2,"#110, GALI 8, NEAR HANUMAN TEMPLLE, SUBHASH NAGAR, DEVGARH NAGR - 970201"
AD000746,AC000579,residence,kyc_origination,2026-04-01,T2,"House 71, Gali no-12, opp. PDS Shop, Nehru Colony, Devgarh Nagar - 970203"
AD000747,AC000579,permanent_native,kyc_origination,2026-04-01,OUT,"Village Chikkapura, Taluk B, District West - 994229"
AD000748,AC000580,residence,kyc_origination,2026-04-01,T1,"H.No. 138, 6th Crs, 5th Main, ಚರ್ಚ್ ಹತ್ತಿರ, Kuvempu Lyt, Kaveripura - 960102"
AD000749,AC000581,residence,kyc_origination,2026-04-01,T3,no. 330 blk f rd 3 nr. kalynaa mantapa orchid enclave navanaagara east - 980301
AD000750,AC000581,office,kyc_origination,2026-04-01,T3,blk f rd 1 sunrise enclave navanagara east - 980304
AD000751,AC000582,residence,kyc_origination,2026-04-01,T2,no. 388 nr. pharmacy gandhi basti devgarh nagar - 970203
AD000752,AC000582,office,kyc_origination,2026-04-01,T2,"No. 472, Lakshmi Nilaya, Gali 5, nr. Medical Store, Ambedkar Nagar, Devgarh Nagar - 970204"
AD000753,AC000583,residence,kyc_origination,2026-04-01,T1,13/1 doodh dairy ke paas nehru col kaveripura
AD000754,AC000584,residence,kyc_origination,2026-04-01,T2,"NO. 351, GALI NO-9, GAANESH MANDIR KE PICHE, DEVGARH NAGR - 970203"
AD000755,AC000585,residence,kyc_origination,2026-04-01,T2,"NO. 317, GALI NO. 3, मेडिकल स्टोर के पास, SHIVAJI NAGAR, DEVGARH NGR - 970202"
AD000756,AC000586,residence,kyc_origination,2026-04-01,T2,house 263 gali no-7 doodh dairy ke samne patel nagar devgarh nagar - 970202
AD000757,AC000587,residence,kyc_origination,2026-04-01,T2,gali no. 12 गणेश मंदिर के पास krishna puri devgarh nagar - 970202
AD000758,AC000588,residence,kyc_origination,2026-04-01,T2,#166 shivaji nagar devgarh nagar - 970202
AD000759,AC000589,residence,kyc_origination,2026-04-01,T2,"#371, GALI 6, WADR 6, NEHRU COL, DEVGARH NAGAR - 970203"
AD000760,AC000590,residence,kyc_origination,2026-04-01,T1,#375 3rd cross 5th main nehru colny kaveripura - 960102
AD000761,AC000590,office,kyc_origination,2026-04-01,T1,"Huse 317, 7th X, 6th Mian, close to Masjid, Vidya Ngr, Kaveripura - 960103"
AD000762,AC000591,residence,kyc_origination,2026-04-01,T3,"BLK B, RD 3, NR POST OFFICE, SILVER OAK LYT, NAVANAGARA EAST - 980301"
AD000763,AC000591,office,kyc_origination,2026-04-01,T3,"H.NO. 162, BLK D, RD 6, NR POST OFFICE, PALM MEADOWS, NAVANAGARA EAST - 980302"
AD000764,AC000592,residence,kyc_origination,2026-04-01,T1,"#375, 9TH CROSS, 3RD MAIN, ನ್ಯಾಯಬೆಲೆ ಅಂಗಡಿ ಹಿಂದೆ, GANDHI NAGAR, KAVERIPURA - 960102"
AD000765,AC000593,residence,kyc_origination,2026-04-01,T3,blk b rd 6 opp pds shop hmt colony navanagara east - 980301
AD000766,AC000593,office,kyc_origination,2026-04-01,T3,h.no. 77 near post office palm meadows navanagara east - 980302
AD000767,AC000594,residence,kyc_origination,2026-04-01,T1,no. 36 8th cross 5th main ಗಣಪತಿ ದೇವಸ್ಥಾನ ಎದುರು gandhi nagar kaveripura - 960102
AD000768,AC000595,residence,kyc_origination,2026-04-01,T2,"H.NO. 113, GALI 3, WARD 10, CLOSE TO PDS SHOP, KRISHNA PURI, DEGVARH NAGAR - 970202"
AD000769,AC000596,residence,kyc_origination,2026-04-01,T2,house 476 गली नं. 11 पेट्रोल पंप के सामने tilak nagr devgarh nagar - 970204
AD000770,AC000597,residence,kyc_origination,2026-04-01,T2,lakshmi nilaya gali no-12 krishna puri devgarh nagr - 970202
AD000771,AC000598,residence,kyc_origination,2026-04-01,T3,blk e rd 4 bus adda ke passs teachers colny navanagara east - 980302
AD000772,AC000598,office,kyc_origination,2026-04-01,T3,"#452, Blk C, Rd 8, nr. Overhead Tank, Sunrise Enclave, Navanagara East - 980304"
AD000773,AC000599,residence,kyc_origination,2026-04-01,T2,"#74, Gali no-1, Jama Masjid ke paas, Patel Ngr, Devgarh Nagar - 970202"
AD000774,AC000600,residence,kyc_origination,2026-04-01,T3,"H.NO. 107, D BLOCK, 2ND RD, SARKARI SCHOOL KE PASS, RAILWAY COLONY, NAVANAGARA EAST - 980304"
AD000775,AC000601,residence,kyc_origination,2026-04-01,T3,"No. 419, E Blk., 5th Rd, HMT Colony, Navanagara East - 980301"
AD000776,AC000602,residence,kyc_origination,2026-04-01,T3,no. 121 blk a rd 6 lakeview phase 2 navanagara east - 980303
AD000777,AC000602,permanent_native,kyc_origination,2026-04-01,OUT,"Village Hosahalli, Taluk A, District South - 996756"
AD000778,AC000603,residence,kyc_origination,2026-04-01,T1,"House 476, 10th Cr, 6th Main, opp. Petrol Pump, Siddeshwara Colny, Kaveripura - 960102"
AD000779,AC000604,residence,kyc_origination,2026-04-01,T1,"SARKARI SCHOOL KE PAAS, VIDYA NAGAR, KVERIPURA - 960103"
AD000780,AC000604,office,kyc_origination,2026-04-01,T1,"H.NO. 206, 3RD CR, 5TH MAIN, NR CHURCH, GANDHI NAGAR, KAVERIPURA - 960102"
AD000781,AC000605,residence,kyc_origination,2026-04-01,T3,"House 165, Blk E, Rd 2, near Bus Stand, Lakeview Phase 2, Navanagara East - 980303"
AD000782,AC000606,residence,kyc_origination,2026-04-01,T1,"NO. 33, 12TH CRS, 4TH MAIN, ಸರ್ಕಾರಿ ಶಾಲೆ ಎದುರು, GANDHI NAGAR, KAVERIPURA - 960102"
AD000783,AC000606,office,kyc_origination,2026-04-01,T1,"#268, 12TH CR, 5TH MAIN, GANDHI NGR, KAVERIPURA - 960102"
AD000784,AC000607,residence,kyc_origination,2026-04-01,T3,"A Block, 1st Rd., Defence Colny, Navanagara East - 980301"
AD000785,AC000608,residence,kyc_origination,2026-04-01,T1,"No. 46, ಮಸೀದಿ ಹತ್ತಿರ, Kaveripura - 960102"
AD000786,AC000608,permanent_native,kyc_origination,2026-04-01,OUT,"Village Mallapura, Taluk B, District North - 997388"
AD000787,AC000609,residence,kyc_origination,2026-04-01,T3,"H.No. 232, B Block, 2nd Rd, nr Church, Teachers Col, Navanagara East - 980302"
AD000788,AC000610,residence,kyc_origination,2026-04-01,T1,"H.No. 102, 10th Cross, 3rd Main, nr. Community Hlal, Kuvempu Layout, Kaveripura - 960102"
AD000789,AC000611,residence,kyc_origination,2026-04-01,T3,"Blk E, Rd 4, Silver Oak Layout, Navanagara East - 980301"
AD000790,AC000612,residence,kyc_origination,2026-04-01,T2,"Gali No. 8, Ward 8, Bus Adda ke pass, Azad Mohalla, Devgarh Nagar - 970203"
AD000791,AC000613,residence,kyc_origination,2026-04-01,T1,341/2 7th cr 7th main hanuman mandir ke pass nehru colony kaveripura - 960102
AD000792,AC000614,residence,kyc_origination,2026-04-01,T2,"187/2, GALI NO. 4, GANDHI BASTI, DEVGARH NAGAR - 970203"
AD000793,AC000614,office,kyc_origination,2026-04-01,T2,"#400, GALI NO. 2, OPPOSITE MASJID, TILAK NAGAR, DAVGARH NAGIR - 970204"
AD000794,AC000615,residence,kyc_origination,2026-04-01,T2,gali no. 11 ward 4 sarkari school ke pass ram nagar devgarh ngr - 970204
AD000795,AC000616,residence,kyc_origination,2026-04-01,T3,"Blk D, Rd 5, Neerina Tank edhuru, Silver Oak Layout, Navanagara East - 980301"
AD000796,AC000616,permanent_native,kyc_origination,2026-04-01,OUT,"Village Hosahalli, Taluk B, District South - 995938"
AD000797,AC000617,residence,kyc_origination,2026-04-01,T2,250/1 gali no. 7 ward 10 post office ke samne krishna puri devgarh nagr - 970202
AD000798,AC000618,residence,kyc_origination,2026-04-01,T2,no. 37 gandhi basti devgarh nagar - 970203
AD000799,AC000618,office,kyc_origination,2026-04-01,T2,"House 330, Gali no-4, Ward 2, बस स्टॉप के पीछे, Indira Colony, Devgarh Nagar - 970202"
AD000800,AC000619,residence,kyc_origination,2026-04-01,T1,"3rd Crs, 3rd Main, Kuvempu Layout, Kaveripura"
AD000801,AC000620,residence,kyc_origination,2026-04-01,T3,"F Block, 3rd Road, nr. Mosque, Teachers Col, Navanagara East - 980302"
AD000802,AC000621,residence,kyc_origination,2026-04-01,T1,185/3 om sai complex sarkari shaale hattira kuvempu layout kaveripura - 960102
AD000803,AC000621,office,kyc_origination,2026-04-01,T1,"No. 422, 4th Cross, 5th Main, ಮೆಡಿಕಲ್ ಶಾಪ್ ಹತ್ತಿರ, Hosa Badavane, Kaveripura - 960101"
AD000804,AC000622,residence,kyc_origination,2026-04-01,T3,#118 f blk. 5th rd. silver oak layout navanagara east - 980301
AD000805,AC000622,office,kyc_origination,2026-04-01,T3,house 313 blk e rd 5 close to petrol bunk green park layout navnagara east - 980301
AD000806,AC000623,residence,kyc_origination,2026-04-01,T2,"House 171, Gali No. 3, Ram Nagar, Devgarh Nagar - 970203"
AD000807,AC000624,residence,kyc_origination,2026-04-01,T3,b blk. 4th rd opp. church defence colony navanagara east - 980304
AD000808,AC000625,residence,kyc_origination,2026-04-01,T3,#264 blk d rd 5 opp children park sunrise enclave navanagara east - 980304
AD000809,AC000626,residence,kyc_origination,2026-04-01,T1,"H.NO. 335, 11TH CR, 1ST MAIN, ಬಸ್ ನಿಲ್ದಾಣ ಪಕ್ಕ, KUVEMPU LAYOUT, KAVERIPURA - 960102"
AD000810,AC000627,residence,kyc_origination,2026-04-01,T1,"H.No. 67, 4th Cross, 8th Main, Gandhi Nagr, Kaveripura - 960102"
AD000811,AC000627,permanent_native,kyc_origination,2026-04-01,OUT,"Village Mallapura, Tehsil D, District North - 997926"
AD000812,AC000628,residence,kyc_origination,2026-04-01,T1,"NO. 209, 12TH CROOSS, 2ND MAIN RD, ANJANEYA GUID HATTIRA, KAVERIPURA - 960101"
AD000813,AC000629,residence,kyc_origination,2026-04-01,T1,"154/1, 7TH CROSS, 7TH MN, RATION ANGADI HATTIRA, NEHRU COLONY, KAVERIPURA - 960102"
AD000814,AC000630,residence,kyc_origination,2026-04-01,T1,10th cross 1st main kaveripura - 960101
AD000815,AC000631,residence,kyc_origination,2026-04-01,T3,"HOUSE 455, A BLK, 5TH RD., PALM MEADOWS, NAVANAGARA EAST - 980302"
AD000816,AC000632,residence,kyc_origination,2026-04-01,T2,"GALI NO. 8, NR. BUS STAND, AZAD MOHALLA, DEVGARH NAGAR - 970203"
AD000817,AC000633,residence,kyc_origination,2026-04-01,T2,"Annapoorna Nilaya, bhd Milk Dairy, Patel Nagar, Devgarh Nagar - 970202"
AD000818,AC000634,residence,kyc_origination,2026-04-01,T2,"NO. 428, GALI NO-,2 INDIRA COLONY, DEVGARH NAGAR - 970220"
AD000819,AC000634,office,kyc_origination,2026-04-01,T2,"GALI NO-9, WARD 10, GANESH MANDIR KE PAAS, KRISHNA PURI, DEVGARH NGR - 970202"
AD000820,AC000635,residence,kyc_origination,2026-04-01,T1,"H.NO. 209, 7TH CROSS, 1ST MAIN, NEAR GANAPATHI TEMPLE, NEHRU COLONY, KAVERIPURA - 960102"
AD000821,AC000636,residence,kyc_origination,2026-04-01,T2,no. 421 gali 10 ward 11 ration ki dukaan ke samne patel nagar devgarh nagar
AD000822,AC000637,residence,kyc_origination,2026-04-01,T1,"#219, 9TH CROSS, 2ND MAIN, NR. RATION SHOP, GANDHI NGR, KAVERIPURA - 960102"
AD000823,AC000637,office,kyc_origination,2026-04-01,T1,"11TH CROSS, 3RD MAIN, OPPOSITE COMMUNITY HALL, VINAYAKA NAGAR, KAVERIPURA - 960104"
AD000824,AC000638,residence,kyc_origination,2026-04-01,T3,"H.NO. 284, BLK A, RD 3, NAVANAGARA EAST - 980302"
AD000825,AC000639,residence,kyc_origination,2026-04-01,T3,"Blk C, Rd 2, near Community Hall, Railway Colony, Navanagara East - 980304"
AD000826,AC000640,residence,kyc_origination,2026-04-01,T1,"4th Cross, 7th Main, Basava Ngr, Kaveripura - 960101"
AD000827,AC000641,residence,kyc_origination,2026-04-01,T3,"Green View Apts, Doodh Dairy ke samne, Palm Meadows, Navanagara East - 980303"
AD000828,AC000641,office,kyc_origination,2026-04-01,T3,"129/1, E Block, 6th Road, Navanagara East - 980301"
AD000829,AC000642,residence,kyc_origination,2026-04-01,T2,"H.NO. 351, LAKSHMI NILAYA, GALI NO-8, GANESH MANDIR KE PAAS, DEVGARH NAGR"
AD000830,AC000643,residence,kyc_origination,2026-04-01,T1,"H.NO. 104, 2ND X, 4TH MAIN, CLOSE TO MASJID, VIDYA NAGAR, KAVERIPURA - 960103"
AD000831,AC000644,residence,kyc_origination,2026-04-01,T1,"10th Cross, 2nd Main, near Petrol Pump, Ashoka Layt, Kaveripura - 960104"
AD000832,AC000645,residence,kyc_origination,2026-04-01,T1,"No. 454, 10th Cr, 8th Main, Bus Nildana hattira, Nehru Colony, Kaveripura - 9601102"
AD000833,AC000646,residence,kyc_origination,2026-04-01,T3,"#384, B Blk., 1st Road, nr. Bus Stop, Silver Oak Layout, Navanagara East - 980301"
AD000834,AC000647,residence,kyc_origination,2026-04-01,T3,"No. 297, Blk D, Rd 1, Polm Meadows, Navanagara East - 980302"
AD000835,AC000648,residence,kyc_origination,2026-04-01,T2,"House 187, Gali No. 3, Indira Colony, Devgarh Ngr - 970202"
AD000836,AC000649,residence,kyc_origination,2026-04-01,T1,"Green View Apts, close to Hanuman Temple, Kuvempu Lyt, Kaveripura - 960102"
AD000837,AC000650,residence,kyc_origination,2026-04-01,T1,"No. 110, 1st Crs, 2nd Main, ಬಸ್ ನಿಲ್ದಾಣ ಎದುರು, Kaveripura - 960101"
AD000838,AC000650,office,kyc_origination,2026-04-01,T1,"9th Cross, 7th Main Rd, Petrol Bunk hattira, Vinayaka Nagar, Kaveripura - 960104"
AD000839,AC000651,residence,kyc_origination,2026-04-01,T2,384/2 opp. church azad mohalla devgarh nagar - 970203
AD000840,AC000652,residence,kyc_origination,2026-04-01,T1,"5th Cross, 8th Main, close to Milk Booth, Kaveripura - 960102"
AD000841,AC000653,residence,kyc_origination,2026-04-01,T2,"Gali No. 2, close to Medicals, Patel Nagar, Devgarh Nagar"
AD000842,AC000653,office,kyc_origination,2026-04-01,T2,"No. 135, Gali 8, Ward 7, Ganesh Mandir ke bagal me, Gandhi Basti, Devgarh Nagar - 970023"
AD000843,AC000654,residence,kyc_origination,2026-04-01,T1,"H.No. 55, 1st Cross, 5th Main, Kaveripura - 960102"
AD000844,AC000655,residence,kyc_origination,2026-04-01,T1,house 352 4th cross 2nd main anjaneya swamy temple hattira sidddeshwara colny kaveripura - 960102
AD000845,AC000655,office,kyc_origination,2026-04-01,T1,#282 sai residency 8th x 5th main kaveripura - 960102
AD000846,AC000656,residence,kyc_origination,2026-04-01,T2,"House 218, Gali 2, Post Office ke paas, Devgarh Nagar - 970201"
AD000847,AC000657,residence,kyc_origination,2026-04-01,T1,"8th Cross, 7th Main Rd, ಗಣಪತಿ ದೇವಸ್ಥಾನ ಹತ್ತಿರ, Gandhi Ngr, Kaveripura - 960102"
AD000848,AC000658,residence,kyc_origination,2026-04-01,T3,"301/1, E Block, 4th Road, ಉದ್ಯಾನವನ ಹತ್ತಿರ, Orchid Enclave, Navanagara East - 980301"
AD000849,AC000658,office,kyc_origination,2026-04-01,T3,close to community hall green park layout navanagara east - 980301
AD000850,AC000659,residence,kyc_origination,2026-04-01,T3,blk b rd 6 lakeview phase 2 navanagara east - 980302
AD000851,AC000660,residence,kyc_origination,2026-04-01,T2,"House 41, Gali no-1, nr Kalyana Mantapa, Nehru Colny, Devgarh Nagar - 970203"
AD000852,AC000661,residence,kyc_origination,2026-04-01,T3,"H.No. 115, Om Sai Complex, Blk E, Rd 6, close to Milk Dairy, Green Park Layt, Navanagara East - 980302"
AD000853,AC000661,office,kyc_origination,2026-04-01,T3,"Blk A, Rd 2, behind Milk Dairy, Green Park Lyt, Navanagara East - 980301"
AD000854,AC000662,residence,kyc_origination,2026-04-01,T2,"#469, Jama Masjid ke pass, Patel Nagar, Devgarh Ngr - 970202"
AD000855,AC000662,office,kyc_origination,2026-04-01,T2,"House 50, Shanti Kunj, गली नं. 6, Ward 8, सरकारी स्कूल के पास, Azad Mohalla, Devgarh Nagar - 970203"
AD000856,AC000663,residence,kyc_origination,2026-04-01,T3,"#399, C Block, 4th Road, nr Masjid, HMT Colony, Navanagara East - 980301"
AD000857,AC000664,residence,kyc_origination,2026-04-01,T2,#61 gali no. 1 behind park indira colony devgarh ngr - 970202
AD000858,AC000665,residence,kyc_origination,2026-04-01,T3,"E BLK, 1ST ROAD, BEHIND GANESH TEMPLE, DEFENCE COLONY, NAVANAGARA EAST - 980301"
AD000859,AC000665,permanent_native,kyc_origination,2026-04-01,OUT,"Village Rampura Kalan, Taluk A, District East - 994567"
AD000860,AC000666,residence,kyc_origination,2026-04-01,T2,"263/3, Gali no-10, हनुमान मंदिर के पास, Patel Nagr, Devgarh Nagar - 970202"
AD000861,AC000667,residence,kyc_origination,2026-04-01,T2,"गली नं. 12, Ward 6, मेडिकल स्टोर के पास, Nehru Colony, Devgarh Nagar - 970203"
AD000862,AC000668,residence,kyc_origination,2026-04-01,T1,house 259 opposite overhead tannk kalyana nagar kaveripura - 960104
AD000863,AC000669,residence,kyc_origination,2026-04-01,T2,gali no-11 ward 11 behind ganesh temple patel nagar devgarh nagar - 970202
AD000864,AC000670,residence,kyc_origination,2026-04-01,T2,house 366 गली नं. 4 मेडिकल स्टोर के पास subhash nagar devgarh nagar - 970201
AD000865,AC000671,residence,kyc_origination,2026-04-01,T3,"BLK E, RD 6, CLOSE TO PETROL PUMP, RAILWAY COL, NAVANAGARA EAST - 980304"
AD000866,AC000672,residence,kyc_origination,2026-04-01,T2,"#369, GALI NO-5, WARD 11, PATEL NAGAR, DEVGARH NAGR - 970202"
AD000867,AC000673,residence,kyc_origination,2026-04-01,T1,257/1 3rd crs 7th main haalina dairy hinde nehru colony kaveripura - 960102
AD000868,AC000674,residence,kyc_origination,2026-04-01,T2,"#256, Gali no-12, Ward 2, Indira Col, Devgarh Nagar - 970202"
AD000869,AC000675,residence,kyc_origination,2026-04-01,T3,"F BLK., 2ND ROAD, NR GANESH TEMPLE, RAILWAY COLNY, NAVANAGARA EAST - 980304"
AD000870,AC000676,residence,kyc_origination,2026-04-01,T3,"Blk B, Rd 1, nr. Water Tank, Palm Meadows, Navanagara East - 980302"
AD000871,AC000677,residence,kyc_origination,2026-04-01,T2,"Gali No. 7, सरकारी स्कूल के पास, Krishna Puri, Devgarh Ngr - 970202"
AD000872,AC000677,office,kyc_origination,2026-04-01,T2,"House 207, Gali no-10, opp. Government School, Ram Nagar, Devgarh Nagar - 970203"
AD000873,AC000678,residence,kyc_origination,2026-04-01,T1,h.no. 13 om sai complex 3rd cross 8th mn vinayaka nagr kaveripura - 960104
AD000874,AC000679,residence,kyc_origination,2026-04-01,T3,#85 nr. medicals green park layout navanagara east - 980301
AD000875,AC000680,residence,kyc_origination,2026-04-01,T3,"C Blk., 4th Road, Lakeview Phase 2, Navanagara East - 980303"
AD000876,AC000681,residence,kyc_origination,2026-04-01,T3,h.no. 377 f block 5th rd. medical store ke paas navanagara east - 980301
AD000877,AC000682,residence,kyc_origination,2026-04-01,T3,no. 479 blk f rd 1 b/h masjid navanagara east - 980302
AD000878,AC000683,residence,kyc_origination,2026-04-01,T1,"No. 250, 5th Cross, 5th Main Rd, opposite Government School, Kalyana Nagr, Kaveripura - 960104"
AD000879,AC000684,residence,kyc_origination,2026-04-01,T3,"#379, Blk E, Rd 3, opp Government School, Orchid Enclave, Navanagara East - 980302"
AD000880,AC000685,residence,kyc_origination,2026-04-01,T1,"H.NO. 26, 5TH CROSS, 1ST MAIN, MASJID KE PASS, NEHRU COLONY, KAVERIPURA - 960102"
AD000881,AC000686,residence,kyc_origination,2026-04-01,T1,"H.No. 192, ಮೆಡಿಕಲ್ ಶಾಪ್ ಹತ್ತಿರ, Anjaneya Badavane, Kaveripura - 960103"
AD000882,AC000686,office,kyc_origination,2026-04-01,T1,"No. 370, 8th Crs, 5th Mn, opp Ganesh Temple, Anjaneya Badavane, Kaveripura - 960103"
AD000883,AC000687,residence,kyc_origination,2026-04-01,T2,"H.No. 89, Gali No. 7, Ward 6, nr Milk Dairy, Nehru Colony, Devgarh Nagar - 970203"
AD000884,AC000688,residence,kyc_origination,2026-04-01,T2,"House 467, Gali no-7, Sarkari School ke paas, Azad Mohalla, Devgarh Nagar - 970203"
AD000885,AC000689,residence,kyc_origination,2026-04-01,T3,"A Blk, 3rd Road, b/h Milk Dairy, Palm Meadows, Navanagara East - 980302"
AD000886,AC000690,residence,kyc_origination,2026-04-01,T2,"Gali 8, Ward 2, Indira Colony, Devgarh Nagar"
AD000887,AC000690,permanent_native,kyc_origination,2026-04-01,OUT,"Village Devipur, Tehsil C, District West - 992740"
AD000888,AC000691,residence,kyc_origination,2026-04-01,T1,house 264 6th cross 4th main kalyana mantapa eduru gandhi nagr kaveripura - 960102
AD000889,AC000691,office,kyc_origination,2026-04-01,T1,h.no. 411 4th cross 7th main nehru colony kaveripura - 960102
AD000890,AC000692,residence,kyc_origination,2026-04-01,T2,112/1 गली नं. 12 हनुमान मंदिर के पास ambedkar nagar devgarh nagar - 970204
AD000891,AC000692,office,kyc_origination,2026-04-01,T2,"No. 170, गली नं. 6, Ward 9, डाकघर के पास, Devgarh Nagar - 970201"
AD000892,AC000693,residence,kyc_origination,2026-04-01,T3,"H.No. 162, Blk E, Rd 6, near Govt School, Orchid Enclave, Navanagara East - 980301"
AD000893,AC000693,permanent_native,kyc_origination,2026-04-01,OUT,"Village Devipur, Tehsil C, District East - 991658"
AD000894,AC000694,residence,kyc_origination,2026-04-01,T3,blk b rd 3 teachers col navanagara east - 980302
AD000895,AC000695,residence,kyc_origination,2026-04-01,T1,#30 6th cross 5th main bhd pds shop anjaneya badavane kaveripura - 960103
AD000896,AC000695,permanent_native,kyc_origination,2026-04-01,OUT,"Village Sundarpur, Taluk A, District West - 993321"
AD000897,AC000696,residence,kyc_origination,2026-04-01,T2,"NO. 113, GALI 2, MEDICAL STORE KE PEECHE, PATEL NAGR, DEVGARH NAGAR - 970202"
AD000898,AC000697,residence,kyc_origination,2026-04-01,T1,"#281, 2nd Cross, 8th Main Rd, Gandhi Nagar, Kaveripura - 960102"
AD000899,AC000698,residence,kyc_origination,2026-04-01,T3,"#432, A Blk, 6th Road, nr Milk Dairy, Navanagara East - 980302"
AD000900,AC000698,office,kyc_origination,2026-04-01,T3,"H.No. 252, F Blk., 1st Road, oposite Government School, Silver Oak Layout, Navanagara East - 980301"
AD000901,AC000699,residence,kyc_origination,2026-04-01,T2,patel nagar devgarh nagar - 970202
AD000902,AC000700,residence,kyc_origination,2026-04-01,T2,"#63, near Petrol Bunk, Azad Mohalla, Devgarh Nagar - 970203"
AD000903,AC000701,residence,kyc_origination,2026-04-01,T1,"#78, 1st Cross, 8th Main Rd, opp Milk Booth, Nehru Colony, Kaveripura - 960012"
AD000904,AC000701,office,kyc_origination,2026-04-01,T1,no. 267 10th cross 6th main nr ganesh temple gandhi nagar kaveripura - 960102
AD000905,AC000702,residence,kyc_origination,2026-04-01,T3,no. 196 blk d rd 1 ration ki dukkaan ke paas royal gardens navanagara east - 980303
AD000906,AC000702,office,kyc_origination,2026-04-01,T3,"No. 319, Blk E, Rd 2, Lakeview Phase 2, Navanagara East - 980303"
AD000907,AC000703,residence,kyc_origination,2026-04-01,T3,"No. 315, Blk C, Rd 4, Bagicha ke samne, Palm Meadowss, Navanagara East - 980302"
AD000908,AC000704,residence,kyc_origination,2026-04-01,T2,"RAM NAGAR, DEVGARH NAGAR - 970203"
AD000909,AC000704,permanent_native,kyc_origination,2026-04-01,OUT,"Village Mallapura, Taluk A, District West - 996162"
AD000910,AC000705,residence,kyc_origination,2026-04-01,T1,"2nd Cross, 4th Main, Hanuman Mandir ke pass, Nehru Colony, Kaveripura - 960102"
AD000911,AC000705,office,kyc_origination,2026-04-01,T1,"No. 281, 2nd Cross, 1st Main, near Park, Hosa Badavane, Kaveripura - 960101"
AD000912,AC000706,residence,kyc_origination,2026-04-01,T2,"No. 148, Gali No. 12, Patel Nagr, Devarh Nagar"
AD000913,AC000707,residence,kyc_origination,2026-04-01,T3,"BLK D, RD 4, NR. BUS STOP, TEACHERS COLONY, NAVANAGARA EAST - 980302"
AD000914,AC000708,residence,kyc_origination,2026-04-01,T2,gali no. 4 patel ngr devgarh nagar - 970202
AD000915,AC000709,residence,kyc_origination,2026-04-01,T3,"near Post Office, Defence Colony, Navanagara East - 980301"
AD000916,AC000710,residence,kyc_origination,2026-04-01,T1,"11TH CROSS, 1ST MAIN RD, RATION ANGADI HINDHE, SIDDESHWARA COLONY, KAVERIPURA - 960102"
AD000917,AC000711,residence,kyc_origination,2026-04-01,T2,"Gali 2, Azad Mohalla, Devgarh Nagar - 970203"
AD000918,AC000711,office,kyc_origination,2026-04-01,T2,"Green View Apts, Gali 5, behind Community Hall, Ram Nagar, Dvgarh Nagar - 970203"
AD000919,AC000712,residence,kyc_origination,2026-04-01,T1,nr hanuman temple nehru colony kaveripura - 960101
AD000920,AC000712,office,kyc_origination,2026-04-01,T1,"H.No. 401, 8th X, 4th Main Rd, Petrol Pump ke pass, Kaveripura - 960104"
AD000921,AC000713,residence,kyc_origination,2026-04-01,T2,gali no. 3 patel nagar devgarh nagar - 970202
AD000922,AC000713,office,kyc_origination,2026-04-01,T2,"175/1, गली नं. 2, डाकघर के पास, Subhash Nagr, Devgarh Nagar - 970201"
AD000923,AC000714,residence,kyc_origination,2026-04-01,T1,h.no. 457 ganga apartments 2nd cross 2nd main nr church gandhi nagar kaveripura - 960102
AD000924,AC000715,residence,kyc_origination,2026-04-01,T2,"H.No. 220, Geli no-12, near Medicals, Shivai Nagar, Devgarh Nagar - 970202"
AD000925,AC000716,residence,kyc_origination,2026-04-01,T2,house 71 gali no-12 barat ghar ke saamne patel nagar devgarh nagar - 970202
AD000926,AC000717,residence,kyc_origination,2026-04-01,T3,"#178, F BLOCK, 3RD ROAD, CLOSE TO GANAPATHI TEMPLE, TEACHERS COLNY, NAVANAGARA EAST - 980302"
AD000927,AC000718,residence,kyc_origination,2026-04-01,T2,"NO. 362, पानी की टंकी के पास, KRISHNA PURI, DEVGARH NAGR - 970202"
AD000928,AC000719,residence,kyc_origination,2026-04-01,T1,"2ND CR, 6TH MAIN, OPP PDS SHOP, VIDYA NGR, KAVERIPURA - 960103"
AD000929,AC000720,residence,kyc_origination,2026-04-01,T1,"H.No. 278, 12th Cross, 1st Main, Kaveripura - 960102"
AD000930,AC000721,residence,kyc_origination,2026-04-01,T1,"364/2, 10th Cross, 8th Main, Petrol Bunk hattira, Vinayaka Ngr, Kaveripura - 960104"
AD000931,AC000721,permanent_native,kyc_origination,2026-04-01,OUT,"Village Kodihalli, Tehsil C, District East - 995959"
AD000932,AC000722,residence,kyc_origination,2026-04-01,T3,#133 petrol pump ke peeche green parrk layout navanagara east - 980303
AD000933,AC000723,residence,kyc_origination,2026-04-01,T2,#73 gali no-7 ward 11 nr church patel nagar devgarh nagar - 9770202
AD000934,AC000724,residence,kyc_origination,2026-04-01,T2,"Gali No. 1, near Kalyana Mantapa, Azad Mohalla, Devgarh Nagar - 970203"
AD000935,AC000725,residence,kyc_origination,2026-04-01,T3,356/1 f block 6th rd orchid enclave navanagara east - 980301
AD000936,AC000726,residence,kyc_origination,2026-04-01,T1,"House 272, close to Ganapathi Temple, Gandhi Nagar, Kaveripura - 960102"
AD000937,AC000727,residence,kyc_origination,2026-04-01,T2,"323/1, Ambedkar Ngr, Devgarh Nagr - 970204"
AD000938,AC000728,residence,kyc_origination,2026-04-01,T1,#300 1st cross 4th main rd near hnuman temple siddeshwara colony kaveripura - 960102
AD000939,AC000728,office,kyc_origination,2026-04-01,T1,"House 78, 12th Cross, 6th Main, Vidya Nagar, Kaveripura - 960103"
AD000940,AC000729,residence,kyc_origination,2026-04-01,T1,"Bus Nildana hattira, Ganddhi Nagr, Kaveripura - 960102"
AD000941,AC000729,permanent_native,kyc_origination,2026-04-01,OUT,"Village Hosahalli, Tehsil D, District West - 999036"
AD000942,AC000730,residence,kyc_origination,2026-04-01,T2,"H.NO. 261, गली नं. 12, AZAD MOHALLA, DEVGARH NAGAR - 970203"
AD000943,AC000731,residence,kyc_origination,2026-04-01,T3,#42 blk b rd 5 opp church silver oak layout navanagara east - 980301
AD000944,AC000732,residence,kyc_origination,2026-04-01,T3,"behind Mosque, Railway Colony, Navanagara East - 980304"
AD000945,AC000733,residence,kyc_origination,2026-04-01,T1,"2nd Cross, 7th Mn, opp Ration Shop, Vidya Nagar, Kaveripura - 960103"
AD000946,AC000733,office,kyc_origination,2026-04-01,T1,"8th Cr, 5th Main, nr Petrol Pump, Vinayaka Nagr, Kaveripura - 960104"
AD000947,AC000734,residence,kyc_origination,2026-04-01,T2,"H.No. 51, Gali no-10, Sarkari School ke paas, Azad Mohalla, Devgarh Nagar - 970203"
AD000948,AC000735,residence,kyc_origination,2026-04-01,T3,"No. 15, Lakshmi Nilaya, E Blk., 2nd Rd, Teachers Colony, Navanagara East - 980302"
AD000949,AC000736,residence,kyc_origination,2026-04-01,T3,"300/1, Annapoorna Nilaya, Blk E, Rd 3, opp Post Office, HMT Colny, Naanagara East - 980301"
AD000950,AC000737,residence,kyc_origination,2026-04-01,T3,"H.No. 74, Blk D, Rd 1, Silver Oak Layout, Navanagara East - 980301"
AD000951,AC000738,residence,kyc_origination,2026-04-01,T2,house 252 गली नं. 7 मेडिकल स्टोर के पास indira colony devgarh nagr - 970202
AD000952,AC000738,office,kyc_origination,2026-04-01,T2,gali no-12 near church ambedkar nagar devgarh nagar - 970204
AD000953,AC000739,residence,kyc_origination,2026-04-01,T2,"GALI 6, CLOSE TO PDS SHOP, SHIVAJI NGR, DEVGARH NAGAR - 970202"
AD000954,AC000740,residence,kyc_origination,2026-04-01,T3,"457/2, Blk B, Rd 1, close to Masjid, Railway Colony, Navanagara East - 980303"
AD000955,AC000741,residence,kyc_origination,2026-04-01,T1,"H.No. 249, 12th Cr, 6th Mn, Ganapathi Gudi hattira, Nehru Colny, Kaveripura - 960102"
AD000956,AC000741,permanent_native,kyc_origination,2026-04-01,OUT,"Village Kodihalli, Taluk B, District North - 991759"
AD000957,AC000742,residence,kyc_origination,2026-04-01,T2,"Gali no-2, Nehru Colony, Devgarh Nagr - 970203"
AD000958,AC000742,office,kyc_origination,2026-04-01,T2,"438/3, Gali 8, Krishna Puri, Devgarh Nagar - 970202"
AD000959,AC000743,residence,kyc_origination,2026-04-01,T1,17/2 1st cross 8th main ಹಾಲಿನ ಡೈರಿ ಹತ್ತಿರ nehru colony kaveripura - 960102
AD000960,AC000743,permanent_native,kyc_origination,2026-04-01,OUT,"Village Chikkapura, Tehsil C, District East - 992498"
AD000961,AC000744,residence,kyc_origination,2026-04-01,T2,"Gali 7, पानी की टंकी के पास, Nehru Colony, Devgarh Ngr - 970203"
AD000962,AC000745,residence,kyc_origination,2026-04-01,T2,"NO. 435, गली नं. 4, RAM NGR, DEVGARH NAGR - 970203"
AD000963,AC000746,residence,kyc_origination,2026-04-01,T1,"House 247, 12th X, 3rd Main, bhd Ganapathi Temple, Kaveripura - 960102"
AD000964,AC000747,residence,kyc_origination,2026-04-01,T2,"GALI NO. 8, OPP. PDS SHOP, PATEL NAGAR, DEVGARH NAGR - 970202"
AD000965,AC000748,residence,kyc_origination,2026-04-01,T1,3rd crs 5th mn anche kacheri hattira shanthi ngr kaveripura - 960101
AD000966,AC000748,permanent_native,kyc_origination,2026-04-01,OUT,"Village Mallapura, Tehsil C, District East - 998245"
AD000967,AC000749,residence,kyc_origination,2026-04-01,T3,"near Masjid, Silver Oak Lyt, Navanagara East - 980301"
AD000968,AC000750,residence,kyc_origination,2026-04-01,T3,b blk 6th road railway colony navanagara east - 980304
AD000969,AC000751,residence,kyc_origination,2026-04-01,T1,6th crs 1st main medical shop edhuru vidya nagar kaveripura - 960103
AD000970,AC000751,office,kyc_origination,2026-04-01,T1,"#217, 12th Crs, 6th Main, Vidya Nagar, Kaveripura - 960103"
AD000971,AC000752,residence,kyc_origination,2026-04-01,T1,"House 197, 7th Cross, 5th Mn, near Ganesh Temple, Gandhi Nagar, Kaveripura - 960102"
AD000972,AC000753,residence,kyc_origination,2026-04-01,T3,house 275 blk c rd 6 ಹಾಲಿನ ಡೈರಿ ಹತ್ತಿರ navanagara east - 980301
AD000973,AC000754,residence,kyc_origination,2026-04-01,T3,"252/3, Lakeview Phase 2, Navanagara East - 980303"
AD000974,AC000755,residence,kyc_origination,2026-04-01,T3,"H.No. 258, F Block, 6th Rd., bhd Ganapathi Temple, Navanagara East - 980302"
AD000975,AC000756,residence,kyc_origination,2026-04-01,T2,"No. 48, Gali 6, Ward 9, nr. Milk Booth, Shastri Nagar, Devgarh Nagr - 970201"
AD000976,AC000757,residence,kyc_origination,2026-04-01,T1,nr. hanuman temple basava nagar kaveripura - 960101
AD000977,AC000757,permanent_native,kyc_origination,2026-04-01,OUT,"Village Rampura Kalan, Tehsil D, District North - 997209"
AD000978,AC000758,residence,kyc_origination,2026-04-01,T3,"No. 47, Blk A, Rd 6, close to Government School, HMT Colony, Navanagara East - 980301"
AD000979,AC000759,residence,kyc_origination,2026-04-01,T2,"No. 80, Gali 7, Ward 8, Azda Mohalla, Devgarh Ngr - 970203"
AD000980,AC000760,residence,kyc_origination,2026-04-01,T2,"House 378, Gali 7, Ward 2, near Bus Stand, Indira Colony, Devgarh Nagr - 970202"
AD000981,AC000761,residence,kyc_origination,2026-04-01,T3,"H.NO. 42, E BLK., 3RD ROAD, NEAR GOVERNMENT SCHOOL, SILVER OAK LAYOUT, NAVANAGARA EAST - 980301"
AD000982,AC000762,residence,kyc_origination,2026-04-01,T3,"BLK F, RD 6, NR. PHARMACY, LAKEVIEW PHASE 2, NAVANAGARA EAST - 980302"
AD000983,AC000762,permanent_native,kyc_origination,2026-04-01,OUT,"Village Rampura Kalan, Tehsil D, District West - 999467"
AD000984,AC000763,residence,kyc_origination,2026-04-01,T1,"H.NO. 417, CLOSE TO OVERHEAD TANK, SHANTHI NAGAR, KAVERIPURA - 960101"
AD000985,AC000764,residence,kyc_origination,2026-04-01,T3,"NO. 36, F BLK., 6TH RD, SARKARI SCHOOL KE PASS, SILVER OAK LAYT, NAVANAGARA EAST - 980301"
AD000986,AC000765,residence,kyc_origination,2026-04-01,T2,41/2 gali no. 6 adj. pharmacy azad mohalla devgarh nagar - 970203
AD000987,AC000766,residence,kyc_origination,2026-04-01,T1,"H.No. 102, 8th Cross, 8th Main, near Mosque, Vidya Nagar, Kaveripura - 960103"
AD000988,AC000767,residence,kyc_origination,2026-04-01,T1,"#459, 8th Cross, 5th Main, bhd Petrol Pump, Vinayaka Nagar, Kaveripura - 960104"
AD000989,AC000768,residence,kyc_origination,2026-04-01,T2,no. 250 gali no. 12 ward 10 krishna puri devgarh nagar - 970202
AD000990,AC000768,office,kyc_origination,2026-04-01,T2,"House 219, Gali 8, Ration ki Dukaan ke pass, Indira Colony, Devgarh Nagar - 970202"
AD000991,AC000769,residence,kyc_origination,2026-04-01,T2,h.no. 435 gali 10 दूध डेयरी के पास ambedkar nagr devgarh nagar - 970204
AD000992,AC000769,office,kyc_origination,2026-04-01,T2,h.no. 72 gali 6 opposite water tank krishna puri devgarh nagar - 970202
AD000993,AC000770,residence,kyc_origination,2026-04-01,T1,361/2 bus stop hattira nehru colony kaveripura - 960102
AD000994,AC000771,residence,kyc_origination,2026-04-01,T2,"Glai no-5, Ambedkar Ngr, Devgarh Nagar - 970204"
AD000995,AC000771,office,kyc_origination,2026-04-01,T2,"H.No. 252, Gali No. 10, nr. Kalyana Mantapa, Shivaji Nagr, Devgarh Nagar - 970203"
AD000996,AC000772,residence,kyc_origination,2026-04-01,T2,"H.No. 394, Green View Apts, near Ration Sho, Patel Ngr, Devgarh Ngr - 970202"
AD000997,AC000773,residence,kyc_origination,2026-04-01,T2,gali 8 subhash ngr devgarh nagar - 970201
AD000998,AC000773,office,kyc_origination,2026-04-01,T2,house 253 annapoorna nilaya ambedkar nagar devgarh nagar - 970204
AD000999,AC000774,residence,kyc_origination,2026-04-01,T3,"Samudaya Bhavana hattira, Orchid Enclave, Naavnagara East - 980301"
AD001000,AC000775,residence,kyc_origination,2026-04-01,T1,"#146, 2nd Cr, 7th Man, Bagicha ke paas, Siddeshwara Colony, Kaveripura - 960102"
AD001001,AC000776,residence,kyc_origination,2026-04-01,T3,house 273 sai residency e block 5th road ganesh mandir ke pass lakeview phase 2 navanagara east - 980303
AD001002,AC000776,office,kyc_origination,2026-04-01,T3,446/3 blk f rd 4 behind ganapathi temple railway colony navanagara east - 980304
AD001003,AC000777,residence,kyc_origination,2026-04-01,T2,"No. 258, Gali No. 9, Shastri Ngr, Devgarh Naar - 970201"
AD001004,AC000778,residence,kyc_origination,2026-04-01,T1,"2ND CROSS, 2ND MAIN, CLOSE TO HANUMAN TEMPLE, KUVEMPU LAYT, KAVEIPURA - 960102"
AD001005,AC000779,residence,kyc_origination,2026-04-01,T1,"nr Milk Dairy, Kaveripura - 960101"
AD001006,AC000780,residence,kyc_origination,2026-04-01,T3,"374/2, B Blk., 1st Rd, Teachers Colony, Navanagara East - 980302"
AD001007,AC000781,residence,kyc_origination,2026-04-01,T1,"114/2, 3RD CR, 3RD MN, SARKARI SHAALE HATTIRA, VINAYAKA NAGR, KAVERIPURA - 960104"
AD001008,AC000782,residence,kyc_origination,2026-04-01,T1,"4th Cr, 2nd Main Rd, ಸರ್ಕಾರಿ ಶಾಲೆ ಹತ್ತಿರ, Kalyana Nagar, Kaveripura - 960104"
AD001009,AC000783,residence,kyc_origination,2026-04-01,T2,h.no. 232 gali no. 3 behind medicals devgarh nagar - 970202
AD001010,AC000784,residence,kyc_origination,2026-04-01,T2,"#286, Gali 2, Indira Colony, Devgarh Nagr - 970202"
AD001011,AC000785,residence,kyc_origination,2026-04-01,T2,"House 340, Doodh Dairy ke pass, Ambedkar Nagr, Devgarh Nagar - 970204"
AD001012,AC000786,residence,kyc_origination,2026-04-01,T1,3rd x 5th mn kalyana mantapa hattira gandhi nagar kaveripura - 960102
AD001013,AC000787,residence,kyc_origination,2026-04-01,T2,"148/1, GALI NO. 7, CLOSE TO KALYANA MANTAPA, PATEL NAGAR, DEVGARH NGR - 970202"
AD001014,AC000787,permanent_native,kyc_origination,2026-04-01,OUT,"Village Bilagi, Tehsil C, District East - 999178"
AD001015,AC000788,residence,kyc_origination,2026-04-01,T3,"355/2, Blk D, Rd 1, nr. Ration Shop, Lakeview Phase 2, Navanagara East - 980303"
AD001016,AC000788,office,kyc_origination,2026-04-01,T3,"No. 121, E Block, 4th Road, Tanki ke pass, Royal Gardens, Navanagara East - 980303"
AD001017,AC000789,residence,kyc_origination,2026-04-01,T3,"B/H RATION SHOP, HMT COLONY, NAVANAGARA EAST - 980301"
AD001018,AC000790,residence,kyc_origination,2026-04-01,T3,"H.No. 223, Blk A, Rd 6, Sarkari School ke pass, HMT Colony, Navanagara East - 980303"
AD001019,AC000791,residence,kyc_origination,2026-04-01,T2,"HOUSE 461, GALI 10, OPP. POST OFFICE, NEHRU COLNY, DEVGARH NAGAR - 970203"
AD001020,AC000792,residence,kyc_origination,2026-04-01,T1,"144/1, 11th Cross, 1st Main, ಗಣಪತಿ ದೇವಸ್ಥಾನ ಎದುರು, Nehru Colony, Kaveripura - 960102"
AD001021,AC000793,residence,kyc_origination,2026-04-01,T1,"34/02, Sarkari Shaale eduru, Hosa Badavane, Kaveripura - 960101"
AD001022,AC000793,office,kyc_origination,2026-04-01,T1,"103/2, 5th Crs, 5th Main, Anjjaneya Gudi hattira, Siddeshwara Colny, Kaveripura - 960102"
AD001023,AC000794,residence,kyc_origination,2026-04-01,T3,"BLK E, RD 6, BUS STOP HATTIRA, NAVANAGARA EIST - 980301"
AD001024,AC000795,residence,kyc_origination,2026-04-01,T3,"No. 111, Sarkari Shaaale hindhe, Royal Gardens, Navanagara East - 980303"
AD001025,AC000796,residence,kyc_origination,2026-04-01,T2,"H.No. 425, Gali No. 4, behind Church, Shastri Nagr, Devgarh Nagar - 970201"
AD001026,AC000797,residence,kyc_origination,2026-04-01,T2,गली नं. 1 azad mohalla devgarh nagar - 970203
AD001027,AC000797,office,kyc_origination,2026-04-01,T2,"H.No. 460, Gali No. 9, Ward 8, nr Petrol Bunk, Azad Mohalla, Devgarh Nagar - 970203"
AD001028,AC000798,residence,kyc_origination,2026-04-01,T2,"GALI NO. 9, SARKARI SCHOOL KE PASS, DEVGARH NAGAR - 970203"
AD001029,AC000799,residence,kyc_origination,2026-04-01,T2,h.no. 268 gali no. 1 sarkari school ke paas azad mohalla devgarh nagr - 970203
AD001030,AC000799,permanent_native,kyc_origination,2026-04-01,OUT,"Village Rampura Kalan, Tehsil C, District South - 999706"
AD001031,AC000800,residence,kyc_origination,2026-04-01,T2,gali no-6 मेडिकल स्टोर के पास patel nagr devgarh nagar - 970202
AD001032,AC000801,residence,kyc_origination,2026-04-01,T2,"333/3, SHANTI KUNJ, GALI NO-11, SHASTRI NGR, DEVGARH NAGAR - 970204"
AD001033,AC000802,residence,kyc_origination,2026-04-01,T1,"H.No. 195, 1st Cross, 3rd Main, ಸರ್ಕಾರಿ ಶಾಲೆ ಎದುರು, Basava Nagar, Kaveeripura - 960102"
AD001034,AC000803,residence,kyc_origination,2026-04-01,T1,"H.No. 22, Sri Krishna Nivas, 11th X, 7th Main, Nyayabele Angadi hattira, Nehru Colony, Kaveripura"
AD001035,AC000804,residence,kyc_origination,2026-04-01,T1,"#148, ANJANEYA SWAMY TEMPLE EDHURU, KUVEMUP LAYUOT, KAVERIPURA - 960102"
AD001036,AC000805,residence,kyc_origination,2026-04-01,T3,"No. 63, close to Petrol Bunk, Silver Oak Layout, Navanagara East - 980304"
AD001037,AC000806,residence,kyc_origination,2026-04-01,T3,"E BLOCK, 1ST RD, NR. MILK BOOTH, RAILWAY COL, NAVANAGARA EAST - 980304"
AD001038,AC000806,permanent_native,kyc_origination,2026-04-01,OUT,"Village Hosahalli, Taluk A, District South - 991847"
AD001039,AC000807,residence,kyc_origination,2026-04-01,T3,"A BLOCK, 4TH ROAD, NR. HANUMAN TEMPLE, PALM MEADOWS, NAVANAGARA EAST - 980302"
AD001040,AC000808,residence,kyc_origination,2026-04-01,T3,"House 427, Blk A, Rd 6, opp. Church, Teachers Colony, Navanagara East"
AD001041,AC000809,residence,kyc_origination,2026-04-01,T1,"6th Cross, 5th Main, close to Mosque, Kaveripura - 960103"
AD001042,AC000810,residence,kyc_origination,2026-04-01,T1,"2ND CROSS, 2ND MAIN, VINAYAKA NGR, KAVERIPURA - 960104"
AD001043,AC000810,office,kyc_origination,2026-04-01,T1,"4TH CR, 7TH MAIN, VINAYAKA NAGAR, KAVERIPURA - 960104"
AD001044,AC000811,residence,kyc_origination,2026-04-01,T1,house 88 9th cross 3rd mn nehru colony kaveripura - 960102
AD001045,AC000812,residence,kyc_origination,2026-04-01,T1,"H.No. 217, 12th Cr, 6th Mn, Vidya Nagar, Kaveripura - 960103"
AD001046,AC000813,residence,kyc_origination,2026-04-01,T3,"BLK D, RD 2, CLOSE TO MILK DAIRY, SILVER OAK LAYOUT, NAVANAGARA EAST"
AD001047,AC000814,residence,kyc_origination,2026-04-01,T1,"6/2, 12th Cross, 2nd Main, Nehru Colony, Kaveripura - 960102"
AD001048,AC000814,office,kyc_origination,2026-04-01,T1,"House 89, 4th Cross, 1st Main, near Masjid, Nehru Col, Kaveripura - 960102"
AD001049,AC000815,residence,kyc_origination,2026-04-01,T3,212/3 d block 4th road nr. government school hmt colny navanagara east - 980301
AD001050,AC000816,residence,kyc_origination,2026-04-01,T2,no. 116 nr post office nehru colony devgarh nagr - 970203
AD001051,AC000816,permanent_native,kyc_origination,2026-04-01,OUT,"Village Hosahalli, Taluk B, District South - 995733"
AD001052,AC000817,residence,kyc_origination,2026-04-01,T1,"456/2, 1st Cross, 6th Main, nr. Milk Dairy, Nehru Colony, Kaveripura - 960102"
AD001053,AC000818,residence,kyc_origination,2026-04-01,T3,e block 3rd road close to govt school teachers colony navanagara east - 980302
AD001054,AC000819,residence,kyc_origination,2026-04-01,T3,"#375, OM SAI COMPLEX, BLK C, RD 1, SUNRISE ENCLAVE, NAVANAGARA EAST - 980304"
AD001055,AC000820,residence,kyc_origination,2026-04-01,T2,"H.NO. 186, GALI 5, NR POST OFFICE, SHIVAJI NAGAR, DEVGARH NAGAR - 970202"
AD001056,AC000820,permanent_native,kyc_origination,2026-04-01,OUT,"Village Chikkapura, Taluk A, District West - 997217"
AD001057,AC000821,residence,kyc_origination,2026-04-01,T1,"#58, 8th Cross, 8th Mn, ಗಣಪತಿ ದೇವಸ್ಥಾನ ಹತ್ತಿರ, Gandhi Nagr, Kaveripura - 960102"
AD001058,AC000821,office,kyc_origination,2026-04-01,T1,"#57, 1st Cross, 8th Mn, Nehru Colny, Kaveripura - 960102"
AD001059,AC000822,residence,kyc_origination,2026-04-01,T2,"House 102, nr. Govt School, Indira Colony, Devgarh Nagar - 970201"
AD001060,AC000823,residence,kyc_origination,2026-04-01,T2,"H.No. 477, close to Communitty Hall, Patel Nagar, Devgarh Ngr - 970202"
AD001061,AC000823,permanent_native,kyc_origination,2026-04-01,OUT,"Village Kodihalli, Taluk A, District West - 997079"
AD001062,AC000824,residence,kyc_origination,2026-04-01,T3,"Green View Apts, D Blk, 3rd Road, Ganesh Mandir ke pass, Lakeview Phase 2, Navanagara East - 980303"
AD001063,AC000825,residence,kyc_origination,2026-04-01,T1,"NO. 239, NR. KALYANA MANTAPA, NEHRU COL, KAVERIPURA - 960102"
AD001064,AC000826,residence,kyc_origination,2026-04-01,T3,"Hoase 1666, Blk D, Rd 5, opp. Milk Dairy, Green Park Layout, Navanagara East - 980301"
AD001065,AC000827,residence,kyc_origination,2026-04-01,T1,"HOUSE 214, 8TH X, 3RD MAIN RD, NEAR MEDICAL STORE, KAVERIPURA - 960102"
AD001066,AC000828,residence,kyc_origination,2026-04-01,T3,"#237, BLK C, RD 2, GREEN PARK LAYOUT, NAVANAGARA EAST"
AD001067,AC000829,residence,kyc_origination,2026-04-01,T1,"213/1, 8TH X, 8TH MAIN, KAVERIPURA - 960102"
AD001068,AC000830,residence,kyc_origination,2026-04-01,T3,"HOUSE 3, BLK C, RD 1, NR PETROL PUMP, ROYAL GARDENS, NAVANAGARA EAST - 980304"
AD001069,AC000830,office,kyc_origination,2026-04-01,T3,"H.NO. 29, A BLOCK, 4TH ROAD, B/H GANAPATHI TEMPLE, NAVANAGARA EAST"
AD001070,AC000831,residence,kyc_origination,2026-04-01,T1,9th cross 3rd main bus stop hattira shanthi ngr kaveriipura - 960101
AD001071,AC000832,residence,kyc_origination,2026-04-01,T3,h.no. 400 hmt colny navanagara east - 980301
AD001072,AC000832,permanent_native,kyc_origination,2026-04-01,OUT,"Village Kodihalli, Tehsil C, District East - 999474"
AD001073,AC000833,residence,kyc_origination,2026-04-01,T3,c block 2nd rd. close to pharmacy teachers colony navanagara east - 980302
AD001074,AC000834,residence,kyc_origination,2026-04-01,T1,no. 14 9th cross 1st main nr ganapathi temple nehru colony kaveripura - 960102
AD001075,AC000835,residence,kyc_origination,2026-04-01,T1,"H.No. 315, 5th Cross, 2nd Main, Anche Kacheri hattira, Vinayaka Nagar, Kaveripura - 960104"
AD001076,AC000836,residence,kyc_origination,2026-04-01,T3,"468/1, BHD MEDICAL STORE, HMT COLONY, NAVANAGARA EAST - 980301"
AD001077,AC000836,permanent_native,kyc_origination,2026-04-01,OUT,"Village Rampura Kalan, Taluk A, District South - 997126"
AD001078,AC000837,residence,kyc_origination,2026-04-01,T3,"House 464, D Block, 1st Road, nr Post Office, Palm Meadows, Navanagara Eat - 980301"
AD001079,AC000838,residence,kyc_origination,2026-04-01,T3,"NO. 63, BLK F, RD 4, OPPOSITE GOVERNMENT SCHHOOL, NAVANAGARA EAST - 980301"
AD001080,AC000838,office,kyc_origination,2026-04-01,T3,"BLK F, RD 2, SILVR OAK LAYOUT, NAVANAGARA EAST - 980301"
AD001081,AC000839,residence,kyc_origination,2026-04-01,T2,gali 5 nr pharmacy indira colony devgarh nagar - 970202
AD001082,AC000839,office,kyc_origination,2026-04-01,T2,no. 449 gali no-2 ward 8 ration ki dukaan ke paas azad mohalla devgarh nagr - 90203
AD001083,AC000840,residence,kyc_origination,2026-04-01,T1,no. 207 sai residency 3rd crs 5th main gandhi ngr kaveripura - 960102
AD001084,AC000841,residence,kyc_origination,2026-04-01,T2,"86/1, Gali no-8, Sarkari School ke paas, Subhash Nagar, Devgarh Nagar - 970201"
AD001085,AC000841,permanent_native,kyc_origination,2026-04-01,OUT,"Village Chikkapura, Tehsil D, District South - 995307"
AD001086,AC000842,residence,kyc_origination,2026-04-01,T3,"F Block, 4th Rd, HMT Colny, Navanagara East - 980301"
AD001087,AC000843,residence,kyc_origination,2026-04-01,T1,"#10, 11th Cross, 7th Main, close to Ganapathi Temple, Kaveripura - 960102"
AD001088,AC000844,residence,kyc_origination,2026-04-01,T1,"#122, 5th Cross, 6th Main, nr Milk Dairy, Kuvempu Layout, Kaveripura - 960102"
AD001089,AC000845,residence,kyc_origination,2026-04-01,T3,"nr Milk Dairy, Lakeveiw Phase 2, Navanagara East - 980303"
AD001090,AC000845,permanent_native,kyc_origination,2026-04-01,OUT,"Village Hosahalli, Taluk A, District West - 994378"
AD001091,AC000846,residence,kyc_origination,2026-04-01,T3,"#320, Blk E, Rd 4, near Petrol Bunk, Green Park Lyt, Navanagara East - 980301"
AD001092,AC000847,residence,kyc_origination,2026-04-01,T3,h.no. 3226 blk d rd 3 sarkari school ke paas hmt colony navanagara east - 980301
AD001093,AC000847,permanent_native,kyc_origination,2026-04-01,OUT,"Village Kodihalli, Taluk A, District West - 997281"
AD001094,AC000848,residence,kyc_origination,2026-04-01,T3,"H.No. 436, Blk E, Rd 4, nr. Overhead Tannk, Railway Colny, Navanagara East - 980304"
AD001095,AC000849,residence,kyc_origination,2026-04-01,T2,"Gali 1, Ward 1, Devgarh Nagar - 970202"
AD001096,AC000850,residence,kyc_origination,2026-04-01,T1,"5th Cross, 6th Main, Masidi hattira, Vidya Ngr, Kaveripura - 960102"
AD001097,AC000850,office,kyc_origination,2026-04-01,T1,"House 152, 6th X, 4th Main, close to Hanuman Temple, Siddeshwara Colony, Kaveripura - 960102"
AD001098,AC000851,residence,kyc_origination,2026-04-01,T3,"Blk A, Rd 4, Navanagara East - 980302"
AD001099,AC000852,residence,kyc_origination,2026-04-01,T3,"H.NO. 230, BLK E, RD 5, NEAR BUS STAND, GREEN PARK LAYOUT, NAVANAGARA EAST - 980301"
AD001100,AC000853,residence,kyc_origination,2026-04-01,T1,"164/2, ಹಾಲಿನ ಡೈರಿ ಎದುರು, Nehru Colony, Kaveripura - 960102"
AD001101,AC000854,residence,kyc_origination,2026-04-01,T1,"#200, 12TH CROSS, 7TH MAIN, NR. GOVERNEMNT SCHOOL, GANDHI NAGAR, KAVERIPURA - 960102"
AD001102,AC000855,residence,kyc_origination,2026-04-01,T2,"Sai Residency, Gali No. 2, Ward 8, near Bus Stand, Azad Mohalla, Devgarh Nagar - 970203"
AD001103,AC000856,residence,kyc_origination,2026-04-01,T1,"268/3, 11th Cross, 8th Main Rd, Bus Nildana hattira, Kaveripura"
AD001104,AC000856,office,kyc_origination,2026-04-01,T1,"H.No. 114, 7th Cross, 5th Mn, bhd Ganesh Temple, Kaveripura - 960103"
AD001105,AC000857,residence,kyc_origination,2026-04-01,T1,"#467, SRI KRISHNA NIVAS, 6TH CROSS, 5TH MAIN, ಆಂಜನೇಯ ದೇವಸ್ಥಾನ ಎದುರು, NEHRU COLONY, KAVERIPURA - 960102"
AD001106,AC000857,permanent_native,kyc_origination,2026-04-01,OUT,"Village Devipur, Tehsil D, District South - 999863"
AD001107,AC000858,residence,kyc_origination,2026-04-01,T1,"House 254, 2nd X, 4th Main Rd, Anjaneya Swamy Temple hattira, Kaveripura - 960102"
AD001108,AC000858,office,kyc_origination,2026-04-01,T1,"No. 120, 9th Cross, 4th Main, close to Govt Schol, Anjaneya Badavane, Kaveripura - 960103"
AD001109,AC000859,residence,kyc_origination,2026-04-01,T3,"Sarkari Shaale edhuru, Silver Oak Layout, Navanagara East - 980301"
AD001110,AC000860,residence,kyc_origination,2026-04-01,T1,#23 7th cross 6th main hosa badavane kaveripura - 960101
AD001111,AC000860,permanent_native,kyc_origination,2026-04-01,OUT,"Village Hosahalli, Tehsil D, District South - 996558"
AD001112,AC000861,residence,kyc_origination,2026-04-01,T3,"#237, Blk F, Rd 2, ಗಣಪತಿ ದೇವಸ್ಥಾನ ಹತ್ತಿರ, Defence Colony, Navanagara East - 980301"
AD001113,AC000861,office,kyc_origination,2026-04-01,T3,"H.No. 81, E Block, 4th Road, close to Bus Stand, Teachers Colony, Navanagara East - 980302"
AD001114,AC000862,residence,kyc_origination,2026-04-01,T2,"403/1, Gali no-9, Paani ki Tanki ke pass, Krishna Puri, Devgarh Nagr - 970202"
AD001115,AC000863,residence,kyc_origination,2026-04-01,T2,no. 193 gali 12 beside hanuman temple ambedkar ngr devgarh nagar - 970204
AD001116,AC000864,residence,kyc_origination,2026-04-01,T3,"No. 162, E Blk, 2nd Rd., close to Post Office, Palm Meadows, Navanagara East - 980302"
AD001117,AC000865,residence,kyc_origination,2026-04-01,T2,"H.NO. 262, गली नं. 12, गणेश मंदिर के पास, KRISHNA PURI, DEVGARH NGAR - 970202"
AD001118,AC000866,residence,kyc_origination,2026-04-01,T3,"HOUSE 62, C BLK, 1ST ROAD, RAILWAY COLNY, NAVANAGARA EAST - 980304"
AD001119,AC000866,office,kyc_origination,2026-04-01,T3,"LAKSHMI NILAYA, BLK F, RD 2, HANUMAN MANDIR KE PAAS, LAKEVIEW PHASE 2, NAVAANGARA EAST - 980303"
AD001120,AC000867,residence,kyc_origination,2026-04-01,T3,31/2 b block 3rd rd. nr. hanuman temple green park layout navanagara east - 980301
AD001121,AC000868,residence,kyc_origination,2026-04-01,T3,"Blk E, Rd 5, opposite PDS Shop, Lakeview Phase 2, Navanagara East - 908303"
AD001122,AC000869,residence,kyc_origination,2026-04-01,T3,"Blk D, Rd 5, opp. Community Hall, Lakeview Phase 2, Navanagara East - 980303"
AD001123,AC000870,residence,kyc_origination,2026-04-01,T3,"H.NO. 380, D BLOCK, 6TH RD, SILVER OAK LAYOUT, NAVANAGARA EAST - 980301"
AD001124,AC000871,residence,kyc_origination,2026-04-01,T2,"गली नं. 12, चर्च के पास, Patel Nagr, Devgarh Nagar - 970202"
AD001125,AC000872,residence,kyc_origination,2026-04-01,T2,"No. 31, Gali 5, nr Bus Stop, Gandhi Basti, Devgarh Nagar - 970201"
AD001126,AC000872,office,kyc_origination,2026-04-01,T2,"House 306, Gali no-9, Medical Store ke paas, Nehru Colony, Devgarh Nagar - 970203"
AD001127,AC000873,residence,kyc_origination,2026-04-01,T2,"No. 151, Shivaji Nagr, Devgarh Nagr - 970202"
AD001128,AC000874,residence,kyc_origination,2026-04-01,T3,h.no. 27 lakshmi nilaya a blk 1st road nr. ration shop teachers colony navanagara east - 980302
AD001129,AC000875,residence,kyc_origination,2026-04-01,T2,"House 138, Gali no-10, Sarkari School ke paas, Ambedkar Nagar, Devgarh Nagr - 970204"
AD001130,AC000876,residence,kyc_origination,2026-04-01,T1,#311 4th cross 7th main nr. water tank basava ngr kaveripura - 960101
AD001131,AC000877,residence,kyc_origination,2026-04-01,T2,"No. 343, Gali 12, opp Kalyana Mantapa, Patel Nagar, Devgarh Nagr - 970202"
AD001132,AC000877,office,kyc_origination,2026-04-01,T2,house 96 gali 1 ration dukan ke bagal me krishna puri devgarh nagar - 970202
AD001133,AC000878,residence,kyc_origination,2026-04-01,T2,"NR. GOVT SCHOOL, KRISHNA PURI, DEVGARH NAGAR - 970202"
AD001134,AC000878,office,kyc_origination,2026-04-01,T2,"383/3, GALI NO-5, WARD 5, DAK GHAR KE PAAS, SHIVAJI NAGR, DEVGARH NGR"
AD001135,AC000879,residence,kyc_origination,2026-04-01,T2,"House 210, गली नं. 6, सरकारी स्कूल के पास, Ambedkar Nagr, Devgarh Nagar - 970204"
AD001136,AC000880,residence,kyc_origination,2026-04-01,T2,"Sri Krishna Nivas, Gali 3, Ward 2, nr Children Park, Indira Col, Devgarh Nagar - 970202"
AD001137,AC000880,office,kyc_origination,2026-04-01,T2,no. 134 गली नं. 5 दूध डेयरी के पास devgarh ngr - 970204
AD001138,AC000881,residence,kyc_origination,2026-04-01,T3,429/2 blk e rd 5 nr children park orchid enclave navanagara east - 980301
AD001139,AC000882,residence,kyc_origination,2026-04-01,T1,"9th Cross, 8th Main, close to Park, Kaveripura - 960102"
AD001140,AC000882,office,kyc_origination,2026-04-01,T1,"H.No. 77, 10th Crs, 6th Main, Milk Dairy hattira, Hosa Badavane, Kaveripura - 960101"
AD001141,AC000883,residence,kyc_origination,2026-04-01,T3,"H.No. 231, F Block, 1st Rd., ಪೆಟ್ರೋಲ್ ಬಂಕ್ ಹತ್ತಿರ, Orchid Enclave, Navanagara East - 9803001"
AD001142,AC000883,office,kyc_origination,2026-04-01,T3,d block 6th rd hmt colony navanagara east - 980301
AD001143,AC000884,residence,kyc_origination,2026-04-01,T3,"No. 109, Blk F, Rd 6, near PDS Shop, Palm Meadows, Navanagara East - 980302"
AD001144,AC000885,residence,kyc_origination,2026-04-01,T1,"#351, 7th Crs, 4th Main, Church hattira, Hosa Badavane, Kaveripura - 960101"
AD001145,AC000886,residence,kyc_origination,2026-04-01,T1,"13/3, 5th Cross, 6th Main, Anjaneya Badavane, Kaveripura - 960103"
AD001146,AC000887,residence,kyc_origination,2026-04-01,T3,"No. 122, nr Mosque, Navanagara East"
AD001147,AC000888,residence,kyc_origination,2026-04-01,T3,"H.No. 242, Blk E, Rd 1, next to Bus Stop, Navanagara East - 980304"
AD001148,AC000889,residence,kyc_origination,2026-04-01,T1,"House 91, Ashoka Layout, Kaveripura - 960104"
AD001149,AC000890,residence,kyc_origination,2026-04-01,T2,"#109, Gali no-12, Ward 11, Patel Nagar, Devgarh Ngr - 970204"
AD001150,AC000890,office,kyc_origination,2026-04-01,T2,"Gali No. 2, Ward 4, Bagicha ke paas, Devgarh Ngr - 970203"
AD001151,AC000891,residence,kyc_origination,2026-04-01,T1,"#202, behind Bus Stand, Gandhi Nagr, Kaveripura - 960102"
AD001152,AC000892,residence,kyc_origination,2026-04-01,T2,"Gali No. 12, near Hanuman Temple, Indira Colony, Devgarh Nagar - 970202"
AD001153,AC000892,office,kyc_origination,2026-04-01,T2,"Gali no-9, Hanuman Mandir ke passs, Devgarh Nagar - 970204"
AD001154,AC000893,residence,kyc_origination,2026-04-01,T1,"#467, 12th X, 8th Main, Petrol Bunk hattira, Vinayaka Ngr, Kaveripura - 960104"
AD001155,AC000894,residence,kyc_origination,2026-04-01,T2,"378/1, Gali No. 4, opp Mosque, Gandhi Basti, Devgarh Nagar - 970203"
AD001156,AC000895,residence,kyc_origination,2026-04-01,T2,"NO. 179, GALI NO-2, पार्क के पास, INIRA COLONY, DEVGARH NAGAR - 970202"
AD001157,AC000895,office,kyc_origination,2026-04-01,T2,"290/1, GALI NO-6, WARD 5, SUBHASH NGR, DEVGARH NAGAR - 970201"
AD001158,AC000896,residence,kyc_origination,2026-04-01,T2,house 123 gali no. 5 ward 8 beside government school azad mohalla devgarh nagr
AD001159,AC000896,permanent_native,kyc_origination,2026-04-01,OUT,"Village Kodihalli, Taluk A, District North - 994675"
AD001160,AC000897,residence,kyc_origination,2026-04-01,T1,house 303 12th cross 6th main vinayaka nagar kaveripura - 960104
AD001161,AC000898,residence,kyc_origination,2026-04-01,T3,"HOUSE 164, BLK D, RD 4, BESIDE KALYNA MANTAPA, LAKEVIEW PHASE 2, NAVANAGARA EAST - 980303"
AD001162,AC000899,residence,kyc_origination,2026-04-01,T3,"Blk F, Rd 1, Community Hall ke pass, Orchid Enclave, Navanagara East - 980301"
AD001163,AC000900,residence,kyc_origination,2026-04-01,T2,"#406, Gali No. 7, Sarkari School ke pass, Subhash Nagar, Devgarh Nagar - 970201"
AD001164,AC000901,residence,kyc_origination,2026-04-01,T3,"476/3, ಅಂಚೆ ಕಚೇರಿ ಹತ್ತಿರ, HMT Colony, Navanagara East - 980301"
AD001165,AC000902,residence,kyc_origination,2026-04-01,T3,h.no. 142 blk c rd 3 surise enclave navanagara east - 980304
AD001166,AC000903,residence,kyc_origination,2026-04-01,T1,"97/1, 9TH CROSS, 7TH MAIN, VINAYAKA NAGAR, KAVERIPURA - 960104"
AD001167,AC000904,residence,kyc_origination,2026-04-01,T1,#340 anjaneya gudi hattira kaveripura - 960102
AD001168,AC000905,residence,kyc_origination,2026-04-01,T2,no. 473 gali no-13 doodh dairy ke paas shastri ngr devgarh nagar - 970201
AD001169,AC000905,permanent_native,kyc_origination,2026-04-01,OUT,"Village Bilagi, Taluk A, District East - 993859"
AD001170,AC000906,residence,kyc_origination,2026-04-01,T3,"BLK F, RD 2, PALM MEADOWS, NAVANAGARA EAST - 980302"
AD001171,AC000907,residence,kyc_origination,2026-04-01,T3,"House 97, Blk B, Rd 2, Petrol Bunk hattira, Silver Oak Layt, Navanagara East - 980301"
AD001172,AC000908,residence,kyc_origination,2026-04-01,T1,"HOUSE 376, 9TH CROSS, 7TH MAIN RD, ನ್ಯಾಯಬೆಲೆ ಅಂಗಡಿ ಹಿಂದೆ, NEHRU COLNY, KAVERIPURA - 960102"
AD001173,AC000908,office,kyc_origination,2026-04-01,T1,"2ND CROSS, 5TH MAIN, VIDYA NAGAR, KAVERIPURA - 960103"
AD001174,AC000909,residence,kyc_origination,2026-04-01,T1,186/1 9th cross 2nd main close to ganesh temple nehru colony kaveripura - 960102
AD001175,AC000910,residence,kyc_origination,2026-04-01,T3,"H.NO. 142, E BLOCK, 2ND ROAD, TEACHERS COLONY, NAVANAGARA EAST - 980302"
AD001176,AC000911,residence,kyc_origination,2026-04-01,T3,"Shanti Kunj, A Block, 2nd Rd, Lakeview Phase 2, Navanagara East - 980303"
AD001177,AC000912,residence,kyc_origination,2026-04-01,T2,206/3 गली नं. 6 ward 8 azad mohalla devgarh nagar - 970203
AD001178,AC000913,residence,kyc_origination,2026-04-01,T2,"#209, Gali No. 6, Patel Nagr, Devgarh Nagar - 970202"
AD001179,AC000913,permanent_native,kyc_origination,2026-04-01,OUT,"Village Bilagi, Tehsil C, District South - 997407"
AD001180,AC000914,residence,kyc_origination,2026-04-01,T3,"No. 68, E Blk., 5th Road, Unity Nagr, Navanagara Easst - 98302"
AD001181,AC000914,office,kyc_origination,2026-04-01,T3,"House 194, Blk A, Rd 1, Orchid Enclave, Navanagara East - 980301"
AD001182,AC000915,residence,kyc_origination,2026-04-01,T2,344/1 gali no-2 ward 7 near hanuman temple gandhi basti devgarh nagar - 970203
AD001183,AC000916,residence,kyc_origination,2026-04-01,T3,"H.NO. 19, E BLOCK, 5TH RD, CLOSE TO MASJAD, LAKEVIEW PHASE 2, NAVANAGARA ESAT"
AD001184,AC000917,residence,kyc_origination,2026-04-01,T3,"#354, A BLOCK, 5TH RD, NR CHURCH, TEACHERS COLNY, NAVANAGARA EAST - 980302"
AD001185,AC000917,permanent_native,kyc_origination,2026-04-01,OUT,"Village Sundarpur, Taluk A, District East - 998961"
AD001186,AC000918,residence,kyc_origination,2026-04-01,T1,"HOUSE 228, 9TH CROSS, 4TH MAIN, NEHRU COLONY, KAVERIPURA"
AD001187,AC000919,residence,kyc_origination,2026-04-01,T1,"#135, 4th Cross, 6th Main, Church ke pass, Kuvempu Layout, Kaveripura - 960104"
AD001188,AC000920,residence,kyc_origination,2026-04-01,T3,lakshmi nilaya lakeview phase 2 navanagara east - 980303
AD001189,AC000921,residence,kyc_origination,2026-04-01,T2,"H.Ne. 178, Abedkar Nagar, Devgarh Nagar - 970204"
AD001190,AC000921,office,kyc_origination,2026-04-01,T2,"No. 204, Gali No. 11, opp. Church, Indira Col, Devgarh Nagar - 970202"
AD001191,AC000922,residence,kyc_origination,2026-04-01,T1,#4 12th x 5th main rd ಚರ್ಚ್ ಹಿಂದೆ anjaneya badavane kaveripura - 960103
AD001192,AC000922,office,kyc_origination,2026-04-01,T1,h.no. 35 10th cross 1st main ಮಸೀದಿ ಹಿಂದೆ basava nagar kaveripura - 960101
AD001193,AC000923,residence,kyc_origination,2026-04-01,T2,house 182 gali 12 nr pds shop ambedkar nagar devgarh nagr - 970204
AD001194,AC000924,residence,kyc_origination,2026-04-01,T2,"Gali no-6, Hanuman Mandir ke peeche, Krishna Puri, Devgarh Nagar - 970202"
AD001195,AC000924,office,kyc_origination,2026-04-01,T2,"H.No. 423, Gali No. 10, डाकघर के पास, Krishna Puri, Devgarh Nagar - 970202"
AD001196,AC000925,residence,kyc_origination,2026-04-01,T1,"No. 225, 9th Cross, 2nd Main Rd, nr Community Halll, Kaveripura - 960102"
AD001197,AC000926,residence,kyc_origination,2026-04-01,T3,a block 4th road ration ki dukaan ke paas teachers colony navanagara east - 980302
AD001198,AC000927,residence,kyc_origination,2026-04-01,T1,"10th Cross, 4th Main, next to PDS Shop, Kaveripura - 960102"
AD001199,AC000928,residence,kyc_origination,2026-04-01,T1,"House 53, 4th Crs, 5th Main, nr Medical Store, Kuvempu Lyt, Kaveripura - 960102"
AD001200,AC000929,residence,kyc_origination,2026-04-01,T1,"332/3, 2nd Cross, 4th Main, close to Bus Stand, Vinayaka Ngr, Kaveripura"
AD001201,AC000929,office,kyc_origination,2026-04-01,T1,"89/1, 12th Cross, 4th Main, Gandhi Nagar, Kaveripura - 960102"
AD001202,AC000930,residence,kyc_origination,2026-04-01,T2,"190/1, NR. HANUMAN TEMPLE, SUBHASH NAGAR, DEVGARH NAGAR - 970201"
AD001203,AC000931,residence,kyc_origination,2026-04-01,T3,"House 463, Blk B, Rd 5, Orchid Enclaev, Navanagara Eat - 980301"
AD001204,AC000932,residence,kyc_origination,2026-04-01,T2,"353/3, JAMA MASJID KE BAGAL ME, PATEL NAGAR, DEVGARH NAGAR - 970202"
AD001205,AC000932,permanent_native,kyc_origination,2026-04-01,OUT,"Village Kodihalli, Tehsil C, District West - 994618"
AD001206,AC000933,residence,kyc_origination,2026-04-01,T3,"H.No. 63, F Blk., 4th Road, close to Govt School, Silver Oak Layout, Navanagara East - 980301"
AD001207,AC000934,residence,kyc_origination,2026-04-01,T1,5th cross 4th main close to masjid vidya nagr kaveripura - 960103
AD001208,AC000934,office,kyc_origination,2026-04-01,T1,"No. 452, ಮೆಡಿಕಲ್ ಶಾಪ್ ಹತ್ತಿರ, Siddeshwara Colony, Kaveripura - 960104"
AD001209,AC000935,residence,kyc_origination,2026-04-01,T2,"473/3, GALI 8, NEAR GOVT SCHOOL, AMBEDKAR NAGAR, DEVGARH NAGAR"
AD001210,AC000936,residence,kyc_origination,2026-04-01,T2,"111/3, Gali no-9, close to Petrol Bunk, Azad Mohalla, Devgarh Nagar - 970203"
AD001211,AC000936,office,kyc_origination,2026-04-01,T2,"House 299, Gali No. 12, near Masjid, Indira Colony, Devgarh Nagr - 970202"
AD001212,AC000937,residence,kyc_origination,2026-04-01,T3,"H.No. 250, close to Milk Dairy, Navanagara East - 980304"
AD001213,AC000937,office,kyc_origination,2026-04-01,T3,"463/3, Om Sai Complex, Blk C, Rd 5, Royal Gardens, Navanagara East - 980304"
AD001214,AC000938,residence,kyc_origination,2026-04-01,T2,"गली नं. 5, राशन की दुकान के पास, Krishna Puri, Devgarh Nagr - 970202"
AD001215,AC000938,office,kyc_origination,2026-04-01,T2,h.no. 363 ram nagr devgarh nagar - 970203
AD001216,AC000939,residence,kyc_origination,2026-04-01,T3,"470/3, E Block, 2nd Road, nr Government School, Teachers Colony, Navanagara East - 980302"
AD001217,AC000939,office,kyc_origination,2026-04-01,T3,"Blk C, Rd 3, opp. Pharmacy, Teachers Colny, Navanagara East - 980302"
AD001218,AC000940,residence,kyc_origination,2026-04-01,T1,"#196, 3RD X, 8TH MN, ASHOKA LAYOUT, KAVERIPURA - 960104"
AD001219,AC000941,residence,kyc_origination,2026-04-01,T3,b block 5th road nr. mosque unity nagar navanagara east - 980301
AD001220,AC000942,residence,kyc_origination,2026-04-01,T3,no. 411 blk f rd 5 railway colony navanagara east - 980304
AD001221,AC000942,permanent_native,kyc_origination,2026-04-01,OUT,"Village Rampura Kalan, Taluk B, District South - 991143"
AD001222,AC000943,residence,kyc_origination,2026-04-01,T3,"#251, Lakeview Phase 2, Navanagara East - 980303"
AD001223,AC000944,residence,kyc_origination,2026-04-01,T1,"NO. 383, 7TH CRS, 4TH MN, GANDHI NAGAR, KAVERIPURA - 960102"
AD001224,AC000945,residence,kyc_origination,2026-04-01,T1,"H.NO. 284, 3RD CROSS, 8TH MAIN, NEHRU COLONY, KAVERIPURA - 960102"
AD001225,AC000946,residence,kyc_origination,2026-04-01,T2,"#150, Gali No. 6, behind Ganapathi Temple, Shivaji Ngr, Devgarh Nagar - 970202"
AD001226,AC000947,residence,kyc_origination,2026-04-01,T2,"GALI NO. 1, WARD 6, DEVGARH NAGAR - 970203"
AD001227,AC000948,residence,kyc_origination,2026-04-01,T3,"H.No. 147, Blk E, Rd 6, Palm Meadows, Navanagara East - 980302"
AD001228,AC000949,residence,kyc_origination,2026-04-01,T1,"#290, 3RD CROSS, 6TH MAIN RD, BASAVA NAGAR, KAVERIPURA"
AD001229,AC000949,permanent_native,kyc_origination,2026-04-01,OUT,"Village Kodihalli, Taluk A, District North - 996377"
AD001230,AC000950,residence,kyc_origination,2026-04-01,T2,"H.NO. 35, GALI NO-10, WARD 7, मेडिकल स्टोर के पास, GANDHI BASTI, DEVGARH NGR - 970203"
AD001231,AC000951,residence,kyc_origination,2026-04-01,T1,"H.No. 404, 9th Cross, 6th Main, Nehru Colony, Kaveripura - 960102"
AD001232,AC000952,residence,kyc_origination,2026-04-01,T2,"HOUSE 321, SHIVAJI NAGAR, DEVGARH NAGR - 970202"
AD001233,AC000953,residence,kyc_origination,2026-04-01,T1,"428/2, Masidi hattira, Nehru Colny, Kaveripura - 960103"
AD001234,AC000954,residence,kyc_origination,2026-04-01,T3,"#17, Blk D, Rd 1, close to Church, Navanagaar East - 980301"
AD001235,AC000954,permanent_native,kyc_origination,2026-04-01,OUT,"Village Chikkapura, Tehsil D, District South - 993495"
AD001236,AC000955,residence,kyc_origination,2026-04-01,T1,no. 377 ಹಾಲಿನ ಡೈರಿ ಎದುರು nehru col kaveripura - 960102
AD001237,AC000956,residence,kyc_origination,2026-04-01,T2,"Gali 11, Dak Ghar ke paas, Nehru Col, Devgarh Nagar - 970203"
AD001238,AC000956,office,kyc_origination,2026-04-01,T2,"H.No. 24, Gail no-7, Church ke pass, Patel Nagar, Devgarh Ngr - 970202"
AD001239,AC000957,residence,kyc_origination,2026-04-01,T1,no. 90 7th cross 7th main near church basava nagr kaveripura - 960101
AD001240,AC000958,residence,kyc_origination,2026-04-01,T1,h.no. 298 5th cross 6th main kuvempu layt kaveripura - 960102
AD001241,AC000958,permanent_native,kyc_origination,2026-04-01,OUT,"Village Chikkapura, Tehsil D, District West - 995686"
AD001242,AC000959,residence,kyc_origination,2026-04-01,T2,"No. 257, Gali no-9, nr Hanuman Temple, Patel Nagar, Devgarh Nagar - 970202"
AD001243,AC000960,residence,kyc_origination,2026-04-01,T1,"4TH CRS, 6TH MAIN, ANJANEYA SWAMY TEMPLE HATTIRA, NEHRU COLONY, KAVERIPURA - 960102"
AD001244,AC000960,permanent_native,kyc_origination,2026-04-01,OUT,"Village Hosahalli, Tehsil C, District East - 994844"
AD001245,AC000961,residence,kyc_origination,2026-04-01,T2,gali 7 ward 11 next to church patel ngr devgarh ngr - 970202
AD001246,AC000962,residence,kyc_origination,2026-04-01,T1,"No. 471, Nehru Col, Kaveripura - 960102"
AD001247,AC000963,residence,kyc_origination,2026-04-01,T3,"H.No. 279, Blk E, Rd 3, nr Post Office, HMT Colony, Navanagara East - 980301"
AD001248,AC000964,residence,kyc_origination,2026-04-01,T3,"H.NO. 219, C BLOCK, 6TH ROAD, ಮೆಡಿಕಲ್ ಶಾಪ್ ಹತ್ತಿರ, TEACHERS COLNY, NAVANAGARA EAST - 980302"
AD001249,AC000965,residence,kyc_origination,2026-04-01,T3,"HOUSE 237, BLK A, RD 1, NEAR GOVT SCHOOL, TEACHERS COLNY, NAVANAGARA EAST - 980302"
AD001250,AC000966,residence,kyc_origination,2026-04-01,T1,"Lakshmi Nilaya, 9th Cross, 7th Main, nr. PDS Shop, Nehru Colony, Kaveripura - 960102"
AD001251,AC000966,office,kyc_origination,2026-04-01,T1,"#470, Gannapathi Gudi hattira, Ashoka Layout, Kaveripura - 960104"
AD001252,AC000967,residence,kyc_origination,2026-04-01,T2,"Gali no-4, Dawai ki Dukaan ke paas, Shivaji Nagr, Devgarh Nagar - 970201"
AD001253,AC000968,residence,kyc_origination,2026-04-01,T1,"NO. 191, 4TH CR, 6TH MAIN RD, NR. CHURCH, BASAVA NAGAR, KAVERIPURA"
AD001254,AC000969,residence,kyc_origination,2026-04-01,T2,"474/1, Gali no-4, nr. Bus Stop, Nehru Colony, Devgarh Nagar - 970203"
AD001255,AC000970,residence,kyc_origination,2026-04-01,T3,house 63 blk e rd 5 lakeview phase 2 navanagara east - 980303
AD001256,AC000971,residence,kyc_origination,2026-04-01,T1,"close to Bus Stand, Nehru Col, Kaveripura - 960102"
AD001257,AC000972,residence,kyc_origination,2026-04-01,T1,12th cross 3rd main vidya nagar kaveripura - 960103
AD001258,AC000972,office,kyc_origination,2026-04-01,T1,h.no. 128 1st cross 1st mn anjaneya badavane kaveripura - 960103
AD001259,AC000973,residence,kyc_origination,2026-04-01,T3,"#241, nr. Post Office, Silver Oak Layout, Navanagara East - 980304"
AD001260,AC000974,residence,kyc_origination,2026-04-01,T2,house 427 हनुमान मंदिर के पास krishna puri devgarh nagr
AD001261,AC000975,residence,kyc_origination,2026-04-01,T1,"H.NO. 363, 5TH X, 1ST MAIN, ಚರ್ಚ್ ಹಿಂದೆ, GANDHI NAGAR, KAVERIPURA - 960102"
AD001262,AC000976,residence,kyc_origination,2026-04-01,T3,h.no. 459 d block 1st road near ganesh temple hmt colony navanagara east - 980301
AD001263,AC000977,residence,kyc_origination,2026-04-01,T1,"#370, LAKSHMI NILAYA, 12TH CROSS, 2ND MAIN, NEERINA TANK HATTIRA, SHANTHI NAGAR, KAVERIPURA - 960101"
AD001264,AC000978,residence,kyc_origination,2026-04-01,T3,h.no. 378 blk e rd 6 close to park defence colny navanagara east - 980301
AD001265,AC000978,office,kyc_origination,2026-04-01,T3,"D Block, 6th Road, Defence Colony, Navanagara East - 980301"
AD001266,AC000979,residence,kyc_origination,2026-04-01,T1,"No. 53, 1st Cr, 2nd Main, nr Mosque, Nehru Colny, Kaveripura - 960102"
AD001267,AC000979,office,kyc_origination,2026-04-01,T1,11h crs 4th main near overhead tank shanthi nagar kaveripura - 960101
AD001268,AC000980,residence,kyc_origination,2026-04-01,T3,no. 148 blk c rd 6 hmt colony navanagara east - 980301
AD001269,AC000981,residence,kyc_origination,2026-04-01,T3,"HOUE 218, SILVER OAK LAYOUT, NAVANAGARA EAST - 980301"
AD001270,AC000982,residence,kyc_origination,2026-04-01,T1,"7th Cross, 1st Main, Hosa Badavane, Kaveripura - 960101"
AD001271,AC000982,office,kyc_origination,2026-04-01,T1,"No. 196, 12th Cross, 4th Main, Ganapathi Gudi hattira, Nehru Colony, Kaveripura"
AD001272,AC000983,residence,kyc_origination,2026-04-01,T3,"House 437, A Block, 4th Rd., Haalina Dairy hattiraa, Palm Meadows, Navanagara East - 980302"
AD001273,AC000984,residence,kyc_origination,2026-04-01,T1,"279/3, 4TH CROSS, 1ST MAN, CLOSE TO MOSQUE, NEHRU COLONY, KAVERIPURA - 960102"
AD001274,AC000985,residence,kyc_origination,2026-04-01,T3,"#114, D Blk., 2nd Road, opposite Government School, Teachers Col, Navanagara East - 980302"
AD001275,AC000986,residence,kyc_origination,2026-04-01,T3,"H.No. 44, E Block, 4th Rd, Paani ki Tanki ke paas, Silver Oak Layout, Navanagara East - 980301"
AD001276,AC000987,residence,kyc_origination,2026-04-01,T1,"Siddeshwara Colony, Kaveripura - 960102"
AD001277,AC000988,residence,kyc_origination,2026-04-01,T2,"Gali no-7, Paani ki Taanki ke pass, Krishna Puri, Devgarh Nagr"
AD001278,AC000989,residence,kyc_origination,2026-04-01,T1,"2nd Crs, 8th Main, Anjaneya Badavane, Kaveripura - 960103"
AD001279,AC000990,residence,kyc_origination,2026-04-01,T2,"#28, Gali No. 5, Sarkari School ke pass, Indira Colony, Devgarh Nagar - 970202"
AD001280,AC000991,residence,kyc_origination,2026-04-01,T2,"Gali no-10, Ward 8, Azad Mohalla, Devgarh Ngr - 970203"
AD001281,AC000992,residence,kyc_origination,2026-04-01,T2,"H.No. 268, Gali No. 3, near Milk Booth, Patel Nagar, Devgarh Nagar - 970202"
AD001282,AC000993,residence,kyc_origination,2026-04-01,T3,"#444, A Blk, 5th Road, close to Ration Shop, Teachers Colny, Navanagara East - 980302"
AD001283,AC000994,residence,kyc_origination,2026-04-01,T3,f blk. 4th road nr. hanuman temlpe lakeview phase 2 navanagara east - 980304
AD001284,AC000995,residence,kyc_origination,2026-04-01,T2,"Gali No. 6, Patel Ngr, Devgarh Nagr - 970202"
AD001285,AC000995,office,kyc_origination,2026-04-01,T2,"Gali No. 3, Ambedkar Ngr, Devgarh Nagr - 970204"
AD001286,AC000996,residence,kyc_origination,2026-04-01,T3,#443 c blk. 3rd road unity nagar navanagara east - 980304
AD001287,AC000996,office,kyc_origination,2026-04-01,T3,h.no. 179 blk f rd 3 green park layt navanagara east - 980301
AD001288,AC000997,residence,kyc_origination,2026-04-01,T1,4th cross 4th main behind church kuvempu layt kaveripura - 960102
AD001289,AC000998,residence,kyc_origination,2026-04-01,T3,"House 6, Annapoorna Nilaya, F Blk, 4th Road, close to Hanuman Temple, Lakeview Phase 2, Navanagara East - 98003"
AD001290,AC000999,residence,kyc_origination,2026-04-01,T3,"B Block, 5th Road, Teachers Colony, Navanagara East - 980302"
AD001291,AC001000,residence,kyc_origination,2026-04-01,T3,"E Block, 2nd Rd, near Govt School, Teachers Col, Navanagra East - 980302"
AD001292,AC001000,permanent_native,kyc_origination,2026-04-01,OUT,"Village Hosahalli, Taluk A, District West - 998827"
AD001293,AC001001,residence,kyc_origination,2026-04-01,T3,"232/2, Green View Apts, D Block, 6th Rd., HMT Colony, Navanagara East - 980301"
AD001294,AC001002,residence,kyc_origination,2026-04-01,T1,"HOUSE 286, 3RD CROSS, 5TH MAIN, CLOSE TO HANUMAN TEMPLE, KAVERIPURA - 960102"
AD001295,AC001003,residence,kyc_origination,2026-04-01,T1,"Gandhi Nagar, Kaveripura - 960102"
AD001296,AC001004,residence,kyc_origination,2026-04-01,T2,gali 7 close to medicals nehru colony devgarh ngr - 970203
AD001297,AC001004,office,kyc_origination,2026-04-01,T2,"House 371, Gali No. 5, Ration ki Dukaan ke pass, Ram Nagar, Devgarh Nagar - 970203"
AD001298,AC001005,residence,kyc_origination,2026-04-01,T1,"8th Cross, 6th Main Rd, beside Church, Basava Nagar, Kaveripura - 960101"
AD001299,AC001005,office,kyc_origination,2026-04-01,T1,"6th X, 4th Main, Church hindhe, Hosa Badavane, Kaveripura"
AD001300,AC001006,residence,kyc_origination,2026-04-01,T2,h.no. 64 gali 4 behind pharmacy patel nagar devgarh nagar - 970202
AD001301,AC001007,residence,kyc_origination,2026-04-01,T2,"H.No. 396, Gali No. 4, Dak Ghar ke peeche, Subhash Nagar, Devgarh Nagr - 970201"
AD001302,AC001008,residence,kyc_origination,2026-04-01,T3,"Blk A, Rd 5, bhd Pharmacy, Green Park Layout, Navanagara East - 980301"
AD001303,AC001009,residence,kyc_origination,2026-04-01,T2,"293/2, Ganga Apartments, Gali No. 7, Krishna Puri, Devgarh Nagar - 970202"
AD001304,AC001010,residence,kyc_origination,2026-04-01,T1,"142/1, 2nd Cross, 5th Main, opp Ration Shop, Shanthi Nagar, Kaveripura - 960101"
AD001305,AC001011,residence,kyc_origination,2026-04-01,T3,"H.No. 227, bhd Church, Silver Oak Layout, Navanagara East - 980301"
AD001306,AC001012,residence,kyc_origination,2026-04-01,T1,"nr Community Hall, Nehru Colny, Kaveripura - 960102"
AD001307,AC001012,office,kyc_origination,2026-04-01,T1,"H.No. 220, 6th Cross, 1st Main, adj. Water Tank, Gandhi Nagar, Kaveripura - 960102"
AD001308,AC001013,residence,kyc_origination,2026-04-01,T1,"7TH CROSS, 7TH MAIN, NR BUS STOP, VINAYAKA NAGAR, KAVERIPURA - 960104"
AD001309,AC001013,office,kyc_origination,2026-04-01,T1,"HOUSE 15, CLOSE TO BUS STOP, HOSA BADAVANE, KAVERIPURA - 960101"
AD001310,AC001014,residence,kyc_origination,2026-04-01,T2,"#375, Gali no-10, Ram Ngr, Devgarh Nagar - 970203"
AD001311,AC001015,residence,kyc_origination,2026-04-01,T1,"#330, 3rd Cross, 1st Main Rd, opp Ganesh Temple, Vinayaka Ngr, Kaveripura - 960104"
AD001312,AC001016,residence,kyc_origination,2026-04-01,T1,231/1 5th cross 8th main near government school vinayaka ngr kaveripura - 960104
AD001313,AC001016,permanent_native,kyc_origination,2026-04-01,OUT,"Village Bilagi, Tehsil D, District North - 994649"
AD001314,AC001017,residence,kyc_origination,2026-04-01,T1,"HOUSE 258, 6TH CR, 8TH MN, VINAYAKA NGR, KAVERIPURA - 960104"
AD001315,AC001018,residence,kyc_origination,2026-04-01,T1,"NR GANAPATHI TEMPLE, VINAYAKA NAGAR, KAVERIPURA - 960104"
AD001316,AC001018,office,kyc_origination,2026-04-01,T1,"45/3, 11TH CROSS, 6TH MAIN, ಚರ್ಚ್ ಹತ್ತಿರ, BASAVA NAGR, KAVERIPUURA - 960101"
AD001317,AC001019,residence,kyc_origination,2026-04-01,T1,"House 202, 4th Cross, 4th Main, Siddeshwara Colony, Kaveripura"
AD001318,AC001020,residence,kyc_origination,2026-04-01,T2,"HOUSE 119, GALI NO-7, NR BUS STAND, INDIRA COL, DEVGARH NAGAR - 970202"
AD001319,AC001021,residence,kyc_origination,2026-04-01,T3,"H.No. 118, near Children Park, Sunrise Enclave, Navanagara East - 980304"
AD001320,AC001022,residence,kyc_origination,2026-04-01,T1,"NO. 229, 9TH CROSS, 4TH MAIN RD, NR. CHURCH, HOSA BADAVANE, KAVERIPURA - 960101"
AD001321,AC001022,office,kyc_origination,2026-04-01,T1,"7TH CROSS, 6TH MN, NYAYABEE ANGADI HATTIRA, ANJANEYA BADAVANE, KAVERIPURA - 960103"
AD001322,AC001023,residence,kyc_origination,2026-04-01,T1,"3rd X, 1st Main, Kaveripura - 960103"
AD001323,AC001024,residence,kyc_origination,2026-04-01,T1,"10TH X, 4TH MAIN, BESIDE RATION SHOP, GANDHI NOGAR, KAVERIPURA - 960102"
AD001324,AC001025,residence,kyc_origination,2026-04-01,T1,"9TH CROSS, 2ND MAIN, NEHRU COLONY, KAVERIPURA - 960102"
AD001325,AC001026,residence,kyc_origination,2026-04-01,T2,"Gali no-4, Subhash Nagar, Devagrh Nagar - 970201"
AD001326,AC001026,office,kyc_origination,2026-04-01,T2,gali no-1 ward 7 bhd park gandhi basti devgarh nagar - 970202
AD001327,AC001027,residence,kyc_origination,2026-04-01,T2,"H.NO. 441, SHANTI KUNJ, GALI 10, WARD 11, PATEL NAGAR, DEVGARH NAGAR - 970202"
AD001328,AC001027,office,kyc_origination,2026-04-01,T2,"H.NO. 464, DOODH DAIRY KE PAAS, AZAD MOHALLA, DEVGARH NAGR - 970204"
AD001329,AC001028,residence,kyc_origination,2026-04-01,T3,"Blk E, Rd 3, nr Masjid, Teachers Col, Navangara East - 980302"
AD001330,AC001029,residence,kyc_origination,2026-04-01,T3,"Blk C, Rd 4, near Church, Green Park Layout, Navanagara East - 980301"
AD001331,AC001030,residence,kyc_origination,2026-04-01,T3,"#134, Blk D, Rd 5, Silver Oak Layout, Navanagara East - 980301"
AD001332,AC001030,office,kyc_origination,2026-04-01,T3,"#103, D Block, 6th Rd., nr Masjid, Defence Colony, Navanagara Est - 980301"
AD001333,AC001031,residence,kyc_origination,2026-04-01,T3,"close to Petrol Pump, Silver Oak Layout, Navanagara East"
AD001334,AC001031,permanent_native,kyc_origination,2026-04-01,OUT,"Village Kodihalli, Tehsil C, District East - 992153"
AD001335,AC001032,residence,kyc_origination,2026-04-01,T1,3rd cross 3rd main rd neerina tank hattira shanthi ngr kaveripura - 960101
AD001336,AC001033,residence,kyc_origination,2026-04-01,T1,"No. 176, 11th Cr, 2nd Mn, nr Ganesh Temple, Nehru Collony, Kaveriprua - 960102"
AD001337,AC001034,residence,kyc_origination,2026-04-01,T2,"मस्जिद के बगल में, PATEL NAGAR, DEVGARH NAGAR - 970202"
AD001338,AC001035,residence,kyc_origination,2026-04-01,T2,"House 453, Gali 8, Tanki ke piche, Nehru Colony, Devgarh Nagar - 970203"
AD001339,AC001036,residence,kyc_origination,2026-04-01,T2,"H.NO. 86, GALI NO-7, CLOSE TO PARK, AZAD MOHALLA, DEVGARH NAGRA - 970203"
AD001340,AC001037,residence,kyc_origination,2026-04-01,T2,#383 gali no. 6 near bus stop azad mohalla devgarh nagar - 970203
AD001341,AC001038,residence,kyc_origination,2026-04-01,T3,"431/2, Lakshmi Nilaya, Blk F, Rd 6, Defence Colny, Navanagara East - 980301"
AD001342,AC001039,residence,kyc_origination,2026-04-01,T2,"House 28, Gali 3, Nehru Colny, Devgarh Nagar - 970203"
AD001343,AC001040,residence,kyc_origination,2026-04-01,T3,"H.No. 339, Blk D, Rd 1, nr. Govt School, HMT Colony, Navanagara East - 980301"
AD001344,AC001041,residence,kyc_origination,2026-04-01,T3,"No. 96, E Block, 5th Road, opp. Children Park, Defence Colony, Navanagara East - 980301"
AD001345,AC001041,permanent_native,kyc_origination,2026-04-01,OUT,"Village Mallapura, Taluk A, District North - 997550"
AD001346,AC001042,residence,kyc_origination,2026-04-01,T2,"House 161, Gali no-2, मस्जिद के पास, Shastri Nagr, Devgarh Ngr - 970201"
AD001347,AC001042,permanent_native,kyc_origination,2026-04-01,OUT,"Village Rampura Kalan, Taluk A, District East - 998926"
AD001348,AC001043,residence,kyc_origination,2026-04-01,T1,"#232, 1ST CR, 6TH MAIN, MILK DAIRY HATTIRA, NEHRU COL, KAVERIPURA - 960102"
AD001349,AC001044,residence,kyc_origination,2026-04-01,T1,"1st X, 4th Main Rd, Anjaneya Gudi hinde, Siddeshwara Colony, Kaveripura"
AD001350,AC001045,residence,kyc_origination,2026-04-01,T2,"#346, near Medical Store, Subhash Nagr, Devgarh Ngr"
AD001351,AC001045,office,kyc_origination,2026-04-01,T2,"House 309, Hanuman Mandir ke paas, Indira Colony, Devgarh Nagar - 970202"
AD001352,AC001046,residence,kyc_origination,2026-04-01,T3,"#96, C Block, 6th Road, nr Bus Stop, Lakeview Phase 2, Navanagara East"
AD001353,AC001047,residence,kyc_origination,2026-04-01,T3,"D Block, 3rd Road, nr. Hanuman Temple, Lakeview Phaes 2, Navanagara East - 980032"
AD001354,AC001048,residence,kyc_origination,2026-04-01,T1,"317/3, 9th Cross, 5th Main Rd, b/h Bus Stop, Nehru Col, Kaveripura - 960101"
AD001355,AC001049,residence,kyc_origination,2026-04-01,T1,"12TH CROSS, 4TH MAIN RD, NEXT TO GOVT SCHOOL, GANDHI NAGR, KAVERIPURA - 960102"
AD001356,AC001049,office,kyc_origination,2026-04-01,T1,"2ND CROSS, 4TH MN, ANJANEYA BADAVANE, KAVERIPURA - 960102"
AD001357,AC001050,residence,kyc_origination,2026-04-01,T3,"House 176, Sunrise Enclave, Navanagara East - 980302"
AD001358,AC001050,permanent_native,kyc_origination,2026-04-01,OUT,"Village Chikkapura, Taluk B, District West - 992726"
AD001359,AC001051,residence,kyc_origination,2026-04-01,T2,"H.No. 107, near Medicals, Ambedkar Nagar, Devgarh Nagar"
AD001360,AC001052,residence,kyc_origination,2026-04-01,T3,"Blk C, Rd 3, near Ganesh Temple, Railway Colony, Navanagara East - 980304"
AD001361,AC001053,residence,kyc_origination,2026-04-01,T1,"11TH CROSS, 8TH MAIN RD, CLOSE TO CHURCH, BASAVA NAGAR, KAVERIPURA - 960101"
AD001362,AC001054,residence,kyc_origination,2026-04-01,T1,"12h Cross, 2nd Main, nr. Pharmacy, Kaveripura - 960104"
AD001363,AC001055,residence,kyc_origination,2026-04-01,T1,"H.NO. 457, GREEN VIEW APTS, BUS NILDANA HATTIRA, NEHRU COLONY, KAVERIPURA - 960102"
AD001364,AC001056,residence,kyc_origination,2026-04-01,T1,"H.No. 222, 4th X, 5th Main, b/h Hanuman Temple, Nehru Colony, Kaveripura - 960102"
AD001365,AC001057,residence,kyc_origination,2026-04-01,T2,"गली नं. 10, Ward 10, गणेश मंदिर के पीछे, Devgarh Nagar - 970202"
AD001366,AC001058,residence,kyc_origination,2026-04-01,T1,"232/2, 9th Cross, 1st Main, ಹಾಲಿನ ಡೈರಿ ಪಕ್ಕ, Siddeshwara Colony, Kaveripura - 960102"
AD001367,AC001058,office,kyc_origination,2026-04-01,T1,"136/2, 12th X, 8th Main, Anjaneya Badavane, Kaveripura - 960103"
AD001368,AC001059,residence,kyc_origination,2026-04-01,T2,"Gail no-8, Azad Mohalla, Devgarh Nagr - 970203"
AD001369,AC001060,residence,kyc_origination,2026-04-01,T3,house 179 blk f rd 2 paani ki tanki ke bagal me hmt col navanagara east - 980302
AD001370,AC001061,residence,kyc_origination,2026-04-01,T1,"#94, 12th Cross, 5th Main, nr Bus Stand, Kaveripura - 960103"
AD001371,AC001062,residence,kyc_origination,2026-04-01,T3,no. 228 blk a rd 1 silver oak layout navanagara east - 980301
AD001372,AC001063,residence,kyc_origination,2026-04-01,T1,"451/2, 4TH CROSS, 7TH MAIN RD, NEAR HANUMAN TEMPLE, NEHRU COLONY, KAVERIPURA - 960102"
AD001373,AC001064,residence,kyc_origination,2026-04-01,T2,"House 289, गली नं. 1, Ward 4, पार्क के पास, Ram Nagar, Devgarh Nagar - 970203"
AD001374,AC001065,residence,kyc_origination,2026-04-01,T1,#218 hanumn mandir ke piche siddeshwara colony kaveripura - 960102
AD001375,AC001065,office,kyc_origination,2026-04-01,T1,no. 455 ganapathi gudi hinde vinayaka nagar kaveripura - 960104
AD001376,AC001066,residence,kyc_origination,2026-04-01,T3,"#279, Blk B, Rd 1, nr Mosque, HMT Colony, Navanagara East - 980301"
AD001377,AC001066,office,kyc_origination,2026-04-01,T3,"H.No. 237, Blk A, Rd 3, close to Government School, Teachers Colony, Navanagara East - 980302"
AD001378,AC001067,residence,kyc_origination,2026-04-01,T1,"close to Ganesh Temple, Siddeshwara Colony, Kaveripura - 960102"
AD001379,AC001067,permanent_native,kyc_origination,2026-04-01,OUT,"Village Bilagi, Tehsil D, District West - 992982"
AD001380,AC001068,residence,kyc_origination,2026-04-01,T2,"No. 360, गली नं. 9, Ward 11, चर्च के पीछे, Patel Nagr, Devgarh Nagar - 970202"
AD001381,AC001068,office,kyc_origination,2026-04-01,T2,"No. 25, Gali No. 1, Park ke samne, Indira Colony, Devgarh Nagr - 970202"
AD001382,AC001069,residence,kyc_origination,2026-04-01,T3,"NO. 453, PARK KE PASS, ORCHID ENCLAVE, NAVANAGARA EAST - 980301"
AD001383,AC001070,residence,kyc_origination,2026-04-01,T1,"7th Cross, 5th Min, Kaveripura - 960102"
AD001384,AC001071,residence,kyc_origination,2026-04-01,T3,"#144, GANGA APARTMENTS, BLK B, RD 5, CHURCH KE PAAS, SILVER OAK LYT, NAVANAGARA EAST - 980301"
AD001385,AC001071,office,kyc_origination,2026-04-01,T3,"#461, F BLOCK, 4TH ROAD, COMMUNITY HALL KE BAGAL MEIN, UNITY NAGAR, NAVANAGARA EAST - 980302"
AD001386,AC001072,residence,kyc_origination,2026-04-01,T3,"NO. 446, BLK E, RD 3, CLOSE TO MASJID, ORCHID ENCLAVE, NAVANAGARA EAST - 980301"
AD001387,AC001073,residence,kyc_origination,2026-04-01,T1,248/1 bus nildana hatitra nehru col kaveripura - 960102
AD001388,AC001073,office,kyc_origination,2026-04-01,T1,"H.No. 436, 2nd Cross, 8th Mn, Kaveripura - 960102"
AD001389,AC001074,residence,kyc_origination,2026-04-01,T1,"#328, 6th Cross, 6th Main, Anjaneya Badavane, Kaveripura - 960103"
AD001390,AC001075,residence,kyc_origination,2026-04-01,T3,"#137, D Blk, 5th Road, Orchid Enclave, Navanagara East - 980301"
AD001391,AC001076,residence,kyc_origination,2026-04-01,T3,"#156, Blk E, Rd 5, opp. Govt School, Silver Oak Layt, Navanagara East"
AD001392,AC001076,office,kyc_origination,2026-04-01,T3,"#104, Blk F, Rd 4, close to Ganesh Temple, Green Park Layout, Navanagara East"
AD001393,AC001077,residence,kyc_origination,2026-04-01,T1,"7th X, 3rd Main, Ashoka Lyt, Kaveripura - 960104"
AD001394,AC001078,residence,kyc_origination,2026-04-01,T3,"H.No. 138, Blk A, Rd 1, behind Milk Booth, Palm Meadows, Navanagara East - 980302"
AD001395,AC001079,residence,kyc_origination,2026-04-01,T3,"No. 102, C Blk, 1st Road, Medical Store ke paas, Teachers Colony, Navanagara East - 980302"
AD001396,AC001079,office,kyc_origination,2026-04-01,T3,"H.No. 450, Blk D, Rd 2, Orchid Enclave, Navanagara East - 980301"
AD001397,AC001080,residence,kyc_origination,2026-04-01,T2,57/3 om sai complex gali no. 11 ganesh mandir ke bagal mein patel nagar devgarh nagar - 970202
AD001398,AC001080,permanent_native,kyc_origination,2026-04-01,OUT,"Village Hosahalli, Taluk A, District East - 991761"
AD001399,AC001081,residence,kyc_origination,2026-04-01,T3,"Blk F, Rd 5, Railway Col, Navanagara East - 980304"
AD001400,AC001081,permanent_native,kyc_origination,2026-04-01,OUT,"Village Chikkapura, Taluk A, District South - 999344"
AD001401,AC001082,residence,kyc_origination,2026-04-01,T1,49/1 3rd cross 3rd main rd close to pharmacy basava nagar kaveripura - 960101
AD001402,AC001082,office,kyc_origination,2026-04-01,T1,9th cross 2nd main opp kalyana mantapa anjaneya badavane kaveripura - 960103
AD001403,AC001083,residence,kyc_origination,2026-04-01,T2,"Gali No. 5, Ration ki Dukaan ke bagal me, Indira Colony, Devgarh Naagr - 970202"
AD001404,AC001083,office,kyc_origination,2026-04-01,T2,"Gali 3, nr. Post Office, Subhash Ngr, Devgarh Ngr - 970201"
AD001405,AC001084,residence,kyc_origination,2026-04-01,T3,"#202, F Blk, 1st Rd, Green Park Layt, Navanagara East - 980301"
AD001406,AC001084,office,kyc_origination,2026-04-01,T3,"H.No. 88, E Blk, 6th Rd., near Bus Stand, Green Park Layout, Navanagara East - 980301"
AD001407,AC001085,residence,kyc_origination,2026-04-01,T3,"Blk B, Rd 6, Sunrise Enclave, Navanagara East - 980304"
AD001408,AC001086,residence,kyc_origination,2026-04-01,T1,5th cross 6th main next to mosque vidya nagar kaveripura - 960103
AD001409,AC001087,residence,kyc_origination,2026-04-01,T2,"Ganga Apartments, Gali No. 2, Subhash Nagar, Devgarh Naagr - 970201"
AD001410,AC001087,office,kyc_origination,2026-04-01,T2,"#190, Green View Apts, Gali 3, Ward 3, Ambedkar Nagar, Devgarh Nagar - 970202"
AD001411,AC001088,residence,kyc_origination,2026-04-01,T1,6th x 6th main bhd hanuman temple nehru colony kaveripura - 960102
AD001412,AC001089,residence,kyc_origination,2026-04-01,T1,"No. 161, 4th Cross, 4th Mn, Vinayaka Ngr, Kaveripura - 960104"
AD001413,AC001089,office,kyc_origination,2026-04-01,T1,"No. 400, 2nd Cross, 3rd Main, nr Ganesh Temple, Vinayaka Nagar, Kaveripura - 960104"
AD001414,AC001090,residence,kyc_origination,2026-04-01,T1,"No. 83, 12th Cross, 3rd Main, b/h Govt School, Gandhi Nagar, Kaveripura - 960102"
AD001415,AC001090,office,kyc_origination,2026-04-01,T1,"H.No. 200, 4th Cros, 8th Main, Jama Masjid ke pass, Vidya Nagar, Kaveripura - 960103"
AD001416,AC001091,residence,kyc_origination,2026-04-01,T1,"#161, 12TH CROSS, 1ST MAIN RD, CLOSE TO GANAPATHI TEMPLE, NEHRU COLONY, KAVERIPURA - 960102"
AD001417,AC001092,residence,kyc_origination,2026-04-01,T2,#233 gali no-1 near children park indira colony devgarh ngr
AD001418,AC001092,permanent_native,kyc_origination,2026-04-01,OUT,"Village Kodihalli, Tehsil D, District South - 991193"
AD001419,AC001093,residence,kyc_origination,2026-04-01,T1,"1ST CROSS, 7TH MN, KAVERIPURA - 960102"
AD001420,AC001093,office,kyc_origination,2026-04-01,T1,"H.NO. 356, 11TH CROSS, 5TH MN, GANAPATHI GUDI HATTIRA, SHANTHI NAGAR, KAVERIPURA - 960101"
AD001421,AC001094,residence,kyc_origination,2026-04-01,T3,"Blk B, Rd 5, Silver Oak Layout, Navanagara East - 980301"
AD001422,AC001095,residence,kyc_origination,2026-04-01,T3,"House 113, F Block, 4th Rd., Lakeview Phase 2, Navanagara East - 980303"
AD001423,AC001095,permanent_native,kyc_origination,2026-04-01,OUT,"Village Hosahalli, Taluk A, District East - 998020"
AD001424,AC001096,residence,kyc_origination,2026-04-01,T2,"H.No. 254, Gali No. 3, Ward 8, Sarkari School ke paas, Azad Mohalla, Devgarh Nagar - 970203"
AD001425,AC001096,office,kyc_origination,2026-04-01,T2,"Gali 3, Ward 1, हनुमान मंदिर के पास, Shivaji Nagar, Devgarh Nagar - 970202"
AD001426,AC001097,residence,kyc_origination,2026-04-01,T1,house 435 9th cross 8th main kaveripura - 960104
AD001427,AC001098,residence,kyc_origination,2026-04-01,T3,"A Block, 6th Road, close to Church, Teachers Col, Navanagara East - 980302"
AD001428,AC001099,residence,kyc_origination,2026-04-01,T1,"#163, 1ST CROSS, 4TH MAIN RD, POST OFFICE EDURU, VINAYAKA NAGAR, KAVEROPURA - 960104"
AD001429,AC001099,permanent_native,kyc_origination,2026-04-01,OUT,"Village Rampura Kalan, Tehsil D, District South - 993161"
AD001430,AC001100,residence,kyc_origination,2026-04-01,T2,"House 449, Ganga Apartments, Gali no-12, Ward 8, Bus Adda ke paas, Azad Mohalla, Devgarh Nagar - 970203"
AD001431,AC001101,residence,kyc_origination,2026-04-01,T1,"2ND CRS, 6TH MAIN, NR. HANUMAN TEMPLE, KUVEMPU LYT, KAVERIPURA - 960102"
AD001432,AC001102,residence,kyc_origination,2026-04-01,T3,66/3 blk e rd 3 orchid enclave navanagara east - 980301
AD001433,AC001103,residence,kyc_origination,2026-04-01,T1,2/2 3rd crs 5th main anjaneya swamy temple hattira nehru colony kaveripura - 960102
AD001434,AC001104,residence,kyc_origination,2026-04-01,T3,"D Block, 3rd Road, Teachers Col, Navanagara East - 980302"
AD001435,AC001104,office,kyc_origination,2026-04-01,T3,"No. 350, Blk C, Rd 5, opp Petrol Pump, Sunrise Enclave, Navanagara East - 980303"
AD001436,AC001105,residence,kyc_origination,2026-04-01,T3,39/1 c blk. 3rd road nr mosque raiwlay colny navanagara east
AD001437,AC001106,residence,kyc_origination,2026-04-01,T3,"No. 173, Masjid ke samne, Silver Oak Layout, Navanagara East - 980301"
AD001438,AC001107,residence,kyc_origination,2026-04-01,T3,"No. 12, A Blk., 2nd Road, Railway Colny, Navanagara East - 980304"
AD001439,AC001108,residence,kyc_origination,2026-04-01,T3,"Blk B, Rd 5, Orchid Enclave, Navanagara East - 980301"
AD001440,AC001108,office,kyc_origination,2026-04-01,T3,"#437, Blk D, Rd 6, HMT Colony, Navanagara East - 980301"
AD001441,AC001109,residence,kyc_origination,2026-04-01,T3,"HNO. 110, A BLK., 4TH RD., LAKEVIEW PHASE 2, NAVANAGARA EAST - 980303"
AD001442,AC001110,residence,kyc_origination,2026-04-01,T1,no. 187 opp milk booth kaveripura - 960102
AD001443,AC001111,residence,kyc_origination,2026-04-01,T3,"nr Hanuman Temple, Orchid Enclave, Navanagara East - 980301"
AD001444,AC001112,residence,kyc_origination,2026-04-01,T1,"No. 147, Kuvempu Layout, Kaveripura - 960102"
AD001445,AC001113,residence,kyc_origination,2026-04-01,T2,gandhi basti devgarh nagar
AD001446,AC001113,office,kyc_origination,2026-04-01,T2,no. 322 gali no. 1 ward 11 close to medicals devgarh nagar - 970202
AD001447,AC001114,residence,kyc_origination,2026-04-01,T2,"145/1, GALI NO. 4, WARD 5, DOODH DAIRY KE PASS, SUBHASH NAGAR, DEVGARH NAGAR - 970201"
AD001448,AC001115,residence,kyc_origination,2026-04-01,T3,"No. 254, B Block, 6th Road, opp Church, Silver Oak Layout, Navanagara East - 980301"
AD001449,AC001116,residence,kyc_origination,2026-04-01,T1,363/3 3rd x 4th main samudaya bhavana hattira kaveripura - 960102
AD001450,AC001117,residence,kyc_origination,2026-04-01,T2,ganga apartments gali no. 8 krishna puri devgarh nagar - 9702002
AD001451,AC001118,residence,kyc_origination,2026-04-01,T2,"NO. 197, GALI 5, POTS OFFICE KE PASS, SHASTRI NAGAR, DEVGARH NAGAR - 970201"
AD001452,AC001118,permanent_native,kyc_origination,2026-04-01,OUT,"Village Chikkapura, Taluk A, District West - 999767"
AD001453,AC001119,residence,kyc_origination,2026-04-01,T3,"BLK D, RD 1, NEAR PETROL BUNK, RAILWAY COLONY, NAVANAGARA EAST"
AD001454,AC001120,residence,kyc_origination,2026-04-01,T1,"265/2, 12TH CROSS, 6TH MAI,N NR. CHURCH, BASAVA NAGAR, KAVERIPURA - 960101"
AD001455,AC001121,residence,kyc_origination,2026-04-01,T2,"GALI 7, DOODH DAIRY KE BAGAL ME, PATEL NAGAR, DEVGARH NAGAR - 970202"
AD001456,AC001121,office,kyc_origination,2026-04-01,T2,"HOUSE 90, सरकारी स्कूल के पास, INDIRA COLONY, DEVGARH NAGAR - 970202"
AD001457,AC001122,residence,kyc_origination,2026-04-01,T2,"Gali no-6, opposite Government School, Azad Mohalla, Devgarh Nagar - 970203"
AD001458,AC001123,residence,kyc_origination,2026-04-01,T3,43/1 blk a rd 5 close to medical store silver oak layt navanagara east - 980301
AD001459,AC001123,permanent_native,kyc_origination,2026-04-01,OUT,"Village Bilagi, Tehsil C, District West - 994563"
AD001460,AC001124,residence,kyc_origination,2026-04-01,T3,blk e rd 3 nr. post office palm meadows navanagraa east - 980302
AD001461,AC001125,residence,kyc_origination,2026-04-01,T1,h.no. 439 3rd cross 5th main nr. post office vinayaka nagar kaveripura
AD001462,AC001126,residence,kyc_origination,2026-04-01,T1,"2nd X, 6th Mn, near Community Hall, Gandhi Nagar, Kaveripura - 960102"
AD001463,AC001127,residence,kyc_origination,2026-04-01,T3,community hall ke pass railway colony navanagara east - 980303
AD001464,AC001127,permanent_native,kyc_origination,2026-04-01,OUT,"Village Sundarpur, Tehsil C, District West - 996541"
AD001465,AC001128,residence,kyc_origination,2026-04-01,T2,"459/3, Gali No. 1, close to Masjid, Shastri Nagar, Devgarh Nagar - 970201"
AD001466,AC001129,residence,kyc_origination,2026-04-01,T3,232/1 blk a rd 2 lakeview phase 2 navanagara east
AD001467,AC001130,residence,kyc_origination,2026-04-01,T3,"463/1, D Blk, 4th Road, near Post Office, Palm Meadows, Navanagara East - 908302"
AD001468,AC001131,residence,kyc_origination,2026-04-01,T1,"4th Cross, 1st Main, Gandhi Nagar, Kaveripura - 960102"
AD001469,AC001132,residence,kyc_origination,2026-04-01,T3,house 98 b block 6th rd railway col navanagara east - 980304
AD001470,AC001132,office,kyc_origination,2026-04-01,T3,house 148 green view apts blk d rd 4 opp pds shop royal gardens navanagara east - 980303
AD001471,AC001133,residence,kyc_origination,2026-04-01,T1,11th cross 6th main opp. ration shop nehru colony kaveripura - 960102
AD001472,AC001134,residence,kyc_origination,2026-04-01,T3,"No. 402, Blk B, Rd 1, Unity Nagar, Navanagara East - 980301"
AD001473,AC001134,office,kyc_origination,2026-04-01,T3,"No. 110, C Block, 5th Road, nr. Petrol Bunk, Royal Gardens, Navanagara East - 980303"
AD001474,AC001135,residence,kyc_origination,2026-04-01,T2,"Sai Residency, Gali no-8, Sarkari School ke samne, Patel Nagar, Devgarh Nagar - 970202"
AD001475,AC001135,office,kyc_origination,2026-04-01,T2,"Om Sai Complex, Indira Colony, Devgarh Ngr - 970202"
AD001476,AC001136,residence,kyc_origination,2026-04-01,T3,#257 blk d rd 5 opposite children park sunrise enclave navanagara east - 980304
AD001477,AC001137,residence,kyc_origination,2026-04-01,T1,"H.No. 145, 10th Cr, 6th Mn, Hosa Badavane, Kaveripura - 960101"
AD001478,AC001138,residence,kyc_origination,2026-04-01,T2,"#311, Gali 3, Masjid ke bagal mein, Tilak Nagar, Devgarh Nagar - 970204"
AD001479,AC001139,residence,kyc_origination,2026-04-01,T1,"MILK DAIRY HATTIRA, NEHRU COLONY, KAVERIPURA - 960102"
AD001480,AC001140,residence,kyc_origination,2026-04-01,T3,312/1 nr mosque palm meadows navanagara east - 980302
AD001481,AC001141,residence,kyc_origination,2026-04-01,T3,d block 6th road palm meadows navanagara east - 980302
AD001482,AC001142,residence,kyc_origination,2026-04-01,T3,"293/2, Ganesh Mandir ke peeche, Palm Meadows, Navanagara East - 980302"
AD001483,AC001143,residence,kyc_origination,2026-04-01,T3,"HOUSE 396, A BLOCK, 6TH RD, AD. CHURCH, SUNRISE ENCLAVE, NAVANAGARA EAST - 980303"
AD001484,AC001144,residence,kyc_origination,2026-04-01,T1,"H.No. 149, Ganapathi Gudi hattira, Nehru Colony, Kaveripura - 960102"
AD001485,AC001144,office,kyc_origination,2026-04-01,T1,"#295, Ganapathi Gudi eduru, Gandhi Nagar, Kaveripura - 960102"
AD001486,AC001145,residence,kyc_origination,2026-04-01,T3,"#214, Blk B, Rd 6, nr Mosque, Navanagara East"
AD001487,AC001146,residence,kyc_origination,2026-04-01,T2,"गली नं. 12, हनुमान मंदिर के पास, Patel Nagar, Devgarh Ngr - 970202"
AD001488,AC001146,office,kyc_origination,2026-04-01,T2,gali no. 5 warrd 5 subhash ngr devgarh nagar - 970201
AD001489,AC001147,residence,kyc_origination,2026-04-01,T2,"गली नं. 11, चर्च के पास, Patel Nagr, Devgarh Nagar - 970202"
AD001490,AC001148,residence,kyc_origination,2026-04-01,T1,house 78 ashoka layout kaveripura - 960104
AD001491,AC001149,residence,kyc_origination,2026-04-01,T3,no. 273 c blk. 2nd road bhd park palm meadows navanagara east - 980302
AD001492,AC001149,permanent_native,kyc_origination,2026-04-01,OUT,"Village Rampura Kalan, Taluk B, District North - 998875"
AD001493,AC001150,residence,kyc_origination,2026-04-01,T2,"Gali 8, Shivaji Nagar, Devgarh Nagr - 970203"
AD001494,AC001150,office,kyc_origination,2026-04-01,T2,"Gali No. 6, nr. Church, Shivaji Ngr, Devgarh Ngr - 970202"
AD001495,AC001151,residence,kyc_origination,2026-04-01,T2,"Gali No. 10, opp Community Hall, Devgarh Nagar - 970202"
AD001496,AC001152,residence,kyc_origination,2026-04-01,T1,"H.No. 169, 3rd Cross, 3rd Main Rd, ಮಸೀದಿ ಹತ್ತಿರ, Siddeshwara Colony, Kaveripura - 960102"
AD001497,AC001153,residence,kyc_origination,2026-04-01,T2,"142/1, GALI NO. 7, NEAR GANAPATHI TEMPLE, PATEL NGR, DEVGARH NAGAR - 970202"
AD001498,AC001154,residence,kyc_origination,2026-04-01,T1,"89/3, 3rd Cross, 7th Main, ಕಲ್ಯಾಣ ಮಂಟಪ ಹತ್ತಿರ, Nehru Col, Kaveripura - 960102"
AD001499,AC001155,residence,kyc_origination,2026-04-01,T3,"165/2, A Block, 3rd Road, Lakeview Phase 2, Navanagara East - 980303"
AD001500,AC001156,residence,kyc_origination,2026-04-01,T3,"217/1, A Block, 4th Rd, Milk Dairy hattira, Railway Colny, Navanagara East - 980304"
AD001501,AC001156,office,kyc_origination,2026-04-01,T3,"House 54, Blk E, Rd 4, ಅಂಚೆ ಕಚೇರಿ ಹಿಂದೆ, Navanagara East - 980302"
AD001502,AC001157,residence,kyc_origination,2026-04-01,T3,"B BLK., 5TH RD, GANAPATHI GUDI HATTIRA, NAVANAGARA EAST - 980301"
AD001503,AC001158,residence,kyc_origination,2026-04-01,T2,38/2 gali no. 6 ganesh mandir ke pass krishna puri devgarh ngr - 970202
AD001504,AC001159,residence,kyc_origination,2026-04-01,T2,"H.No. 114, Gali no-11, near Church, Azad Mohalla, Devgarh Nagar - 970203"
AD001505,AC001160,residence,kyc_origination,2026-04-01,T2,"Gali no-7, बस स्टॉप के पीछे, Azad Mohalla, Devgarh Nagar - 970203"
AD001506,AC001160,office,kyc_origination,2026-04-01,T2,"Gali No. 10, Ward 3, Ambedkar Nagar, Devgarh Nagar - 970204"
AD001507,AC001161,residence,kyc_origination,2026-04-01,T3,railway colony navanagara east - 980304
AD001508,AC001162,residence,kyc_origination,2026-04-01,T1,"203/1, NEAR GOVERNMENT SCHOOL, SHANTHI NAGR, KAVERIPURA - 960101"
AD001509,AC001163,residence,kyc_origination,2026-04-01,T1,"4TH CRS, 8TH MAIN RD, NEHRU COLONY, KAVERIPURA - 960101"
AD001510,AC001164,residence,kyc_origination,2026-04-01,T2,gali no-4 ward 2 indira colony devgarh nagar - 970202
AD001511,AC001165,residence,kyc_origination,2026-04-01,T2,no. 36 gali no-9 post office ke pass gandhhi basti devgarh nagar - 970203
AD001512,AC001166,residence,kyc_origination,2026-04-01,T3,377/3 blk e rd 3 nr post office hmt colony navanagara east - 980301
AD001513,AC001166,office,kyc_origination,2026-04-01,T3,3/1 e blk. 5th road royal gardens navanagara east - 980303
AD001514,AC001167,residence,kyc_origination,2026-04-01,T1,"#325, 5TH CROSS, 5TH MN, CLOSE TO WATER TANK, KAVERIPURA - 960101"
AD001515,AC001168,residence,kyc_origination,2026-04-01,T2,"H.No. 278, Gali No. 2, Ward 11, Dawai ki Dukaan ke peeche, Patel Nagar, Devgarh Nagar - 970202"
AD001516,AC001169,residence,kyc_origination,2026-04-01,T1,"GANGA APARTMENTS, 12TH CROSS, 4TH MAIN, SARKARI SCHOOL KE BAGAL MEIN, KAVERIPURA - 960102"
AD001517,AC001170,residence,kyc_origination,2026-04-01,T1,"Ganga Apartments, 5th Cross, 8th Main, nr. Ganesh Temple, Gandhi Nagar, Kaveripura - 960102"
AD001518,AC001170,permanent_native,kyc_origination,2026-04-01,OUT,"Village Devipur, Tehsil D, District North - 999148"
AD001519,AC001171,residence,kyc_origination,2026-04-01,T3,"H.No. 218, Blk C, Rd 3, opposite Government Schaol, Unity Nagr, Navanagaara East"
AD001520,AC001172,residence,kyc_origination,2026-04-01,T3,121/1 a blk. 5th road orchid enclave navanagara east - 980301
AD001521,AC001173,residence,kyc_origination,2026-04-01,T3,"No. 418, Blk D, Rd 3, Barat Ghhar ke saamne, Sunrise Enclave, Navanagara East - 980304"
AD001522,AC001173,permanent_native,kyc_origination,2026-04-01,OUT,"Village Chikkapura, Taluk A, District North - 999928"
AD001523,AC001174,residence,kyc_origination,2026-04-01,T2,"NO. 433, GALI 3, WARD 6, OPP KALYANA MANTAPA, NEHRU COLONY, DEVGARH NAGAR - 970203"
AD001524,AC001175,residence,kyc_origination,2026-04-01,T3,"No. 264, Blk C, Rd 1, Lakeview Phase 2, Navanagara East - 980303"
AD001525,AC001175,office,kyc_origination,2026-04-01,T3,"H.No. 232, Sri Krishna Nivas, B Block, 2nd Road, nr PDS Shop, HMT Colony, Navanagara East - 980301"
AD001526,AC001176,residence,kyc_origination,2026-04-01,T2,"Gali no-8, बारात घर के पास, Shivaji Nagr, Devgarh Nagar - 970202"
AD001527,AC001176,permanent_native,kyc_origination,2026-04-01,OUT,"Village Kodihalli, Taluk B, District South - 993104"
AD001528,AC001177,residence,kyc_origination,2026-04-01,T2,"GALI NO. 1, NR MASJID, PATEL NGR, DEVGARH NAGAR - 970202"
AD001529,AC001177,permanent_native,kyc_origination,2026-04-01,OUT,"Village Sundarpur, Taluk B, District East - 996386"
AD001530,AC001178,residence,kyc_origination,2026-04-01,T1,house 367 green view apts 4th crs 4th main kuvempu layout kaveripura - 960102
AD001531,AC001178,office,kyc_origination,2026-04-01,T1,#211 1st cross 4th main rd near ganesh temple kaveripura - 960104
AD001532,AC001179,residence,kyc_origination,2026-04-01,T1,"4th Crs, 1st Main Rd, close to Community Hall, Kaveripura - 960101"
AD001533,AC001180,residence,kyc_origination,2026-04-01,T1,"211/2, BEHIND GANESH TEMPLE, GANDHI NAGAR, KAVERIPURA - 960102"
AD001534,AC001181,residence,kyc_origination,2026-04-01,T3,no. 431 blk e rd 2 navanagara east - 980301
AD001535,AC001181,office,kyc_origination,2026-04-01,T3,house 474 b block 6th road sunrise enclave navanagara east - 980304
AD001536,AC001182,residence,kyc_origination,2026-04-01,T3,no. 79 railway colony navanagara east - 980302
AD001537,AC001183,residence,kyc_origination,2026-04-01,T2,"#204, Gali 9, Hanuman Mandir ke paas, Subhash Nagar, Devgarh Nagar - 970201"
AD001538,AC001183,office,kyc_origination,2026-04-01,T2,house 199 गली नं. 12 ward 7 gandhi basti devgarh nagar - 970203
AD001539,AC001184,residence,kyc_origination,2026-04-01,T1,"8/1, 2nd X, 2nd Main, Milk Dairy hattira, Anjaneya Badavane, Kaveripura - 960103"
AD001540,AC001185,residence,kyc_origination,2026-04-01,T3,"House 99, E Blk., 6th Road, b/h Petrol Puump, Railway Colony, Navanagara East - 980304"
AD001541,AC001186,residence,kyc_origination,2026-04-01,T1,no. 23 nr. ganesh temple kalyana nagir kaveripura - 960104
AD001542,AC001187,residence,kyc_origination,2026-04-01,T3,#220 blk d rd 4 orchid enclave navanagara east - 980301
AD001543,AC001188,residence,kyc_origination,2026-04-01,T2,house 269 gali no-7 near water tank krishna puri devgarh nagar - 970202
AD001544,AC001189,residence,kyc_origination,2026-04-01,T3,"Blk B, Rd 3, Sunrise Enclave, Navanagara East - 980304"
AD001545,AC001189,office,kyc_origination,2026-04-01,T3,"#336, Annapoorna Nilaya, Blk C, Rd 6, nr Park, Palm Meadows, Navanagara East - 980302"
AD001546,AC001190,residence,kyc_origination,2026-04-01,T1,"1st Cross, 2nd Main, Basava Nagar, Kaveripura - 960101"
AD001547,AC001190,permanent_native,kyc_origination,2026-04-01,OUT,"Village Rampura Kalan, Tehsil C, District South - 996393"
AD001548,AC001191,residence,kyc_origination,2026-04-01,T1,"33/1, 3rd Crs, 2nd Main Rd, Siddeshwara Colony, Kaveripura - 960102"
AD001549,AC001192,residence,kyc_origination,2026-04-01,T2,"No. 16, Gali No. 4, nr Govvt School, Krishna Puri, Devgrh Nagar - 970202"
AD001550,AC001192,permanent_native,kyc_origination,2026-04-01,OUT,"Village Chikkapura, Tehsil C, District North - 995466"
AD001551,AC001193,residence,kyc_origination,2026-04-01,T2,"385/3, Lakshmi Nilaya, Gali 1, Patel Nagar, Devgarh Nagar - 970202"
AD001552,AC001194,residence,kyc_origination,2026-04-01,T1,"#175, 1st X, 6th Main, ನ್ಯಾಯಬೆಲೆ ಅಂಗಡಿ ಹತ್ತಿರ, Vidya Ngr, Kaveripura - 960103"
AD001553,AC001195,residence,kyc_origination,2026-04-01,T2,"#304, Gali no-9, Ward 8, nr. Ganesh Temple, Azad Mohalla, Devgarh Nagar - 970203"
AD001554,AC001196,residence,kyc_origination,2026-04-01,T1,"H.No. 55, 6th Crs, 3rd Main, Nehru Colny, Kaveripura - 960102"
AD001555,AC001197,residence,kyc_origination,2026-04-01,T3,"H.No. 157, Blk D, Rd 4, opp. Petrol Pump, Railway Colny, Navanaggara East - 980304"
AD001556,AC001198,residence,kyc_origination,2026-04-01,T2,bus stop ke pass azad mohalla devgarh nagar - 970203
AD001557,AC001199,residence,kyc_origination,2026-04-01,T2,"H.No. 391, गली नं. 11, Patel Nagr, Devagrh Nagar - 970202"
AD001558,AC001199,office,kyc_origination,2026-04-01,T2,गली नं. 9 ward 6 पानी की टंकी के सामने devgarh ngr - 970203
AD001559,AC001200,residence,kyc_origination,2026-04-01,T2,292/3 gali 1 ward 10 krishna puri devgarh nagar - 970202
AD001560,AC001201,residence,kyc_origination,2026-04-01,T3,"#463, B BLOCKK, 4TH RD, OPP. HANUMAN TEMPLE, GREEN PARK LAYOUT, NAVANAGARA EAST - 980301"
AD001561,AC001202,residence,kyc_origination,2026-04-01,T1,"House 242, 8th Cross, 5th Mn, Medical Stare ke paas, Kuvempu Layout, Kaveripura - 960104"
AD001562,AC001202,permanent_native,kyc_origination,2026-04-01,OUT,"Village Mallapura, Taluk A, District North - 999125"
AD001563,AC001203,residence,kyc_origination,2026-04-01,T3,"H.NO. 263, BLK B, RD 6, NR. MILK BOOTH, HMT COLONY, NAVANAGARA EAST - 980301"
AD001564,AC001204,residence,kyc_origination,2026-04-01,T3,"D Blk., 6th Rd, near Hanuman Temple, Orchid Enclave, Navanagara East - 980301"
AD001565,AC001204,office,kyc_origination,2026-04-01,T3,#458 blk f rd 6 sunrise enclave navanagara east - 980304
AD001566,AC001205,residence,kyc_origination,2026-04-01,T2,gali no-7 near ganapathi temple patel nagr devgarh nagar - 970202
AD001567,AC001206,residence,kyc_origination,2026-04-01,T1,8th cross 5th main adj. community hall nehru colony kaveripura - 960102
AD001568,AC001207,residence,kyc_origination,2026-04-01,T1,house 391 11th cr 5th main ಗಣಪತಿ ದೇವಸ್ಥಾನ ಹತ್ತಿರ nehru colony kaveripura - 960102
AD001569,AC001208,residence,kyc_origination,2026-04-01,T3,257/2 f block 6th road navanagara east - 980302
AD001570,AC001209,residence,kyc_origination,2026-04-01,T1,"185/2, 9th Cross, 6th Main, Vidya Nagar, Kaveripura - 960103"
AD001571,AC001210,residence,kyc_origination,2026-04-01,T1,"8th Crs, 2nd Main Rd, ಮೆಡಿಕಲ್ ಶಾಪ್ ಹತ್ತಿರ, Vidya Nagar, Kaveripura - 960103"
AD001572,AC001211,residence,kyc_origination,2026-04-01,T3,467/2 f block 4th road defence colny navanagara east - 980301
AD001573,AC001211,office,kyc_origination,2026-04-01,T3,house 189 om sai complex blk f rd 2 jama masjid ke paas teachers colony navanagara east - 980302
AD001574,AC001212,residence,kyc_origination,2026-04-01,T3,"No. 314, B Block, 1st Road, Lakeview Phase 2, Navanagara East - 980303"
AD001575,AC001213,residence,kyc_origination,2026-04-01,T2,"Gali No. 10, Ward 1, close to Kalyana Mantapa, Shivaji Nagar, Devgarh Nagr"
AD001576,AC001214,residence,kyc_origination,2026-04-01,T1,380/3 3rd cross 6th mn gandhi nagar kaveripura - 960102
AD001577,AC001215,residence,kyc_origination,2026-04-01,T2,"House 245, Gali No. 12, Indira Colny, Devgarh Nagar"
AD001578,AC001216,residence,kyc_origination,2026-04-01,T3,no. 258 f blk 4th road near ganapathi temple railway colny navanagara east - 980304
AD001579,AC001217,residence,kyc_origination,2026-04-01,T1,"#194, 4th Cross, 3rd Mn, Nehru Colony, Kaveripura - 960102"
AD001580,AC001217,permanent_native,kyc_origination,2026-04-01,OUT,"Village Bilagi, Tehsil D, District North - 997774"
AD001581,AC001218,residence,kyc_origination,2026-04-01,T1,"HOUSE 300, 11TH CROSS, 2ND MAIN, NR. CHILDREN PURK, NEHRU COLONY, KAVERIPURA - 960102"
AD001582,AC001219,residence,kyc_origination,2026-04-01,T3,house 19 blk a rd 5 teachers colony navanagara east - 980302
AD001583,AC001220,residence,kyc_origination,2026-04-01,T3,"Blk E, Rd 2, nr Millk Dairy, HMT Colony, Navanagara East"
AD001584,AC001221,residence,kyc_origination,2026-04-01,T2,"Gali no-7, Patel Naagr, Devgarh Ngr - 970202"
AD001585,AC001222,residence,kyc_origination,2026-04-01,T3,367/2 nr mosque teachers colony navanagara east - 980302
AD001586,AC001223,residence,kyc_origination,2026-04-01,T2,"#288, GALI 10, दूध डेयरी के पास, PATEL NAGR, DVEGARH NAGAR - 970202"
AD001587,AC001224,residence,kyc_origination,2026-04-01,T3,"#133, Annapoorna Nilaya, Sunrise Enclave, Navanagara East - 980304"
AD001588,AC001225,residence,kyc_origination,2026-04-01,T1,"233/3, 10th Cross, 6th Main, Kaveripura"
AD001589,AC001226,residence,kyc_origination,2026-04-01,T2,"Gali 10, Ward 8, nr. Petrol Bunk, Azad Mohalla, Devgarh Nagar - 970203"
AD001590,AC001227,residence,kyc_origination,2026-04-01,T3,"No. 371, close to Children Park, Orchid Enclave, Navanagara East - 980301"
AD001591,AC001228,residence,kyc_origination,2026-04-01,T2,h.no. 355 gali no. 5 dawai ki dukaan ke paas subhash nagar devgarh nagar - 970201
AD001592,AC001229,residence,kyc_origination,2026-04-01,T2,"#52, GALI NO-11, PATEL NGR, DEVAGRH NAGAR - 970201"
AD001593,AC001230,residence,kyc_origination,2026-04-01,T3,#341 blk c rd 3 nr milk dairy defence colony navangara east - 980301
AD001594,AC001231,residence,kyc_origination,2026-04-01,T2,#398 gali 8 ward 8 sarkari school ke paas azad mohalla devgarh ngr - 970203
AD001595,AC001231,permanent_native,kyc_origination,2026-04-01,OUT,"Village Mallapura, Taluk B, District South - 998658"
AD001596,AC001232,residence,kyc_origination,2026-04-01,T1,"4th Cross, 4th Main, behind Community Hall, Gandhi Nagr, Kaveripura"
AD001597,AC001233,residence,kyc_origination,2026-04-01,T2,h.no. 401 गली नं. 8 गणेश मंदिर के पास shivaji nagar devgarh nagar - 970202
AD001598,AC001234,residence,kyc_origination,2026-04-01,T3,"bhd Mosque, Navanagara East - 980302"
AD001599,AC001234,permanent_native,kyc_origination,2026-04-01,OUT,"Village Mallapura, Taluk B, District South - 991825"
AD001600,AC001235,residence,kyc_origination,2026-04-01,T2,"#110, nr Milk Dairy, Patel Ngr, Devgarh Nagar - 970202"
AD001601,AC001236,residence,kyc_origination,2026-04-01,T2,"H.NO. 231, GALI 8, OPP PETROL PUMP, TILAK NGR, DEVGARH NGR - 970202"
AD001602,AC001237,residence,kyc_origination,2026-04-01,T1,"77/2, 9th Cross, 1st Main Rd, Medical Shop hattira, Kaveripura - 960102"
AD001603,AC001237,office,kyc_origination,2026-04-01,T1,"11th Cross, 6th Main, Milk Dairy hindhe, Kuvempu Layout, Kaveripura - 960102"
AD001604,AC001238,residence,kyc_origination,2026-04-01,T1,"1st Cr, 8th Main, near Government School, Kalyana Ngr, Kaveripura"
AD001605,AC001239,residence,kyc_origination,2026-04-01,T3,"#269, E Block, 4th Road, opposite Ration Shop, Lakeview Phase 2, Navanagara East - 980303"
AD001606,AC001240,residence,kyc_origination,2026-04-01,T3,"No. 97, C Block, 3rd Road, opposite Mosque, Silver Oak Layout, Navanagara East - 980301"
AD001607,AC001240,office,kyc_origination,2026-04-01,T3,"H.No. 452, Palm Meadows, Navanagara East - 980302"
AD001608,AC001241,residence,kyc_origination,2026-04-01,T2,"#444, Park ke pass, Ambedkar Nagar, Devgarh Nagar - 970204"
AD001609,AC001242,residence,kyc_origination,2026-04-01,T2,"No. 292, Gali No. 9, Ganesh Mandir ke pass, Ram Nagar, Devgarh Nagr - 970203"
AD001610,AC001243,residence,kyc_origination,2026-04-01,T1,"NO. 177, CLOSE TO PDS SHOP, BASAVA NAGAR, KAVERIPURA - 960101"
AD001611,AC001244,residence,kyc_origination,2026-04-01,T2,"गली नं. 10, Shivaji Nagar, Devgarh Nagar - 970202"
AD001612,AC001245,residence,kyc_origination,2026-04-01,T2,"House 26, Gali no-3, Ward 2, Park ke saamne, Devgarh Nagar - 970202"
AD001613,AC001245,office,kyc_origination,2026-04-01,T2,"Sai Residency, Galli No. 8, Indira Colony, Devgarh Nagar - 970202"
AD001614,AC001246,residence,kyc_origination,2026-04-01,T2,"No. 202, Gali no-9, Ward 10, Ganesh Mandir ke saamne, Krishna Puri, Devgarh Nagar - 970202"
AD001615,AC001247,residence,kyc_origination,2026-04-01,T1,"1ST X, 2ND MN, SARKARI SCHOOL KE PAAS, KALYANA NAGAR, KAVERIPURA - 960104"
AD001616,AC001248,residence,kyc_origination,2026-04-01,T1,"11th Cross, 5th Main Rd, nr Bus Stand, Vidya Nagar, Kaveripura - 960103"
AD001617,AC001248,office,kyc_origination,2026-04-01,T1,"Anjaneya Badavane, Kaveripura - 960103"
AD001618,AC001249,residence,kyc_origination,2026-04-01,T3,"200/2, Blk F, Rd 6, Jama Masjid ke samne, Teachers Colony, Navanagara East - 9803002"
AD001619,AC001250,residence,kyc_origination,2026-04-01,T2,"NO. 283, GALI NO-9, DAK GHAR KE PAAS, KRISHNA PURI, DEVGARH NAGAR - 970202"
AD001620,AC001251,residence,kyc_origination,2026-04-01,T3,"No. 472, Blk F, Rd 3, close to Government School, Orchid Enclave, Navanagara East - 980301"
AD001621,AC001252,residence,kyc_origination,2026-04-01,T3,"F BLOCK, 2ND ROAD, SUNRISE ENCCLAVE, NAVANAGARA EAST - 980304"
AD001622,AC001253,residence,kyc_origination,2026-04-01,T3,322/2 lakshmi nilaya blk b rd 6 nr. medical store teachers colony navanagara east - 980302
AD001623,AC001254,residence,kyc_origination,2026-04-01,T1,"Om Sai Complex, 4th Crs, 8th Main, nr Milk Dairy, Nehru Colny, Kiveripura - 960102"
AD001624,AC001254,office,kyc_origination,2026-04-01,T1,"3rd Cross, 3rd Main Rd, Post Office ke pass, Vinayaka Nagar, Kaveripura - 960104"
AD001625,AC001255,residence,kyc_origination,2026-04-01,T1,"No. 325, nr. Govt School, Vinayaka Nagar, Kaveripura - 960104"
AD001626,AC001255,office,kyc_origination,2026-04-01,T1,"#104, 8th Cross, 7th Main, Basava Nagar, Kaveripura - 960101"
AD001627,AC001256,residence,kyc_origination,2026-04-01,T2,"HOUSE 330, BESIDE MILK BOOTH, DEVGARH NAGAR - 970202"
AD001628,AC001257,residence,kyc_origination,2026-04-01,T2,"NO. 66, GALI 8, AZAD MOHALLA, DEVGARH NAGAR - 970203"
AD001629,AC001258,residence,kyc_origination,2026-04-01,T1,no. 417 7th cross 3rd main nr. overhead tank gandhi ngr kaveripura - 9601102
AD001630,AC001258,office,kyc_origination,2026-04-01,T1,house 223 12th cross 7th main rd anjaneya badavane kaveripura - 960103
AD001631,AC001259,residence,kyc_origination,2026-04-01,T2,"#283, Gali no-7, Ward 6, Devgarh Ngr - 970203"
AD001632,AC001259,permanent_native,kyc_origination,2026-04-01,OUT,"Village Hosahalli, Taluk B, District East - 991924"
AD001633,AC001260,residence,kyc_origination,2026-04-01,T1,215/1 12th cross 1st main nyayabele angadi hattira siddeshwara colny kaveripura - 960102
AD001634,AC001261,residence,kyc_origination,2026-04-01,T1,41/2 9th cr 3rd main bhd bus stand gandhi nagr kaveripura - 960102
AD001635,AC001262,residence,kyc_origination,2026-04-01,T3,"BLK E, RD 1, RAILWAY COLNY, NAVANAGARA EAST - 980304"
AD001636,AC001262,permanent_native,kyc_origination,2026-04-01,OUT,"Village Rampura Kalan, Tehsil C, District West - 999517"
AD001637,AC001263,residence,kyc_origination,2026-04-01,T2,"269/2, Gali no-1, Dawai ki Dukaan ke paas, Shivaji Ngr, Devgarh Nagr - 970202"
AD001638,AC001264,residence,kyc_origination,2026-04-01,T1,no. 407 gandhi nagar kaveripura - 960102
AD001639,AC001265,residence,kyc_origination,2026-04-01,T1,"H.NO. 179, 6TH CROSS, 8TH MAIN, NR. PDS SHOP, ANJANEYA BADAVANE, KAVERIPURA - 960104"
AD001640,AC001266,residence,kyc_origination,2026-04-01,T3,h.no. 245 unity nagar navanagara east - 980302
AD001641,AC001267,residence,kyc_origination,2026-04-01,T3,"#283, Shanti Kunj, D Blk., 2nd Road, nr Kalyana Mantapa, Lakeview Phase 2, Navanagara East - 980303"
AD001642,AC001268,residence,kyc_origination,2026-04-01,T1,house 362 9th cross 3rd main close to ration shop kaveripura - 960102
AD001643,AC001269,residence,kyc_origination,2026-04-01,T2,गली नं. 4 ward 11 patel nagar devgarh nagar - 970202
AD001644,AC001270,residence,kyc_origination,2026-04-01,T2,"BAGICHA KE PAAS, AZAD MOHALLA, DEVGARH NGR - 970203"
AD001645,AC001271,residence,kyc_origination,2026-04-01,T1,"7TH CRS, 1ST MAIN, NEHRU COLONY, KAVERIPURA - 960102"
AD001646,AC001271,office,kyc_origination,2026-04-01,T1,"NO. 290, 11TH X, 6TH MAIN, NEAR MILK DAIRY, KUVEMPU LYT, KAVERIPURA - 960102"
AD001647,AC001272,residence,kyc_origination,2026-04-01,T2,"225/2, Gali No. 5, close to Milk Booth, Subhash Naggar, Devgarh Nagar - 970201"
AD001648,AC001272,permanent_native,kyc_origination,2026-04-01,OUT,"Village Rampura Kalan, Taluk B, District West - 995140"
AD001649,AC001273,residence,kyc_origination,2026-04-01,T1,"H.NO. 198, 1ST CROSS, 1ST MAIN RD, NEHRU COLONY, KAVERIPURA - 960102"
AD001650,AC001273,permanent_native,kyc_origination,2026-04-01,OUT,"Village Sundarpur, Taluk B, District West - 995739"
AD001651,AC001274,residence,kyc_origination,2026-04-01,T1,"10th Cross, 6th Main, Basava Nagar, Kaveripura - 960101"
AD001652,AC001275,residence,kyc_origination,2026-04-01,T2,"Gali 2, Jama Masjid ke saamne, Patel Nagar, Devgarh Nagar - 970202"
AD001653,AC001276,residence,kyc_origination,2026-04-01,T1,h.no. 269 12th crs 4th main ನ್ಯಾಯಬೆಲೆ ಅಂಗಡಿ ಹತ್ತಿರ kuvempu layout kaevripura - 960102
AD001654,AC001277,residence,kyc_origination,2026-04-01,T2,h.no. 430 ration ki dukaan ke paas azad mohalla devgarh nagar - 970202
AD001655,AC001278,residence,kyc_origination,2026-04-01,T1,"#273, 9TH CROSS, 3RD MN, NR WATER TANK, SHATHI NAGAR, KAVERIPURA - 960101"
AD001656,AC001279,residence,kyc_origination,2026-04-01,T2,"H.No. 246, Gali no-6, nr. PDS Shop, Indira Colny, Devgaarh Nagar - 970202"
AD001657,AC001279,office,kyc_origination,2026-04-01,T2,bagicha ke piche devgarh ngr - 970203
AD001658,AC001280,residence,kyc_origination,2026-04-01,T3,"No. 378, Blk F, Rd 5, Hanuman Mandir ke paas, Sunrise Enclave, Navanagara East"
AD001659,AC001280,office,kyc_origination,2026-04-01,T3,"427/3, D Block, 6th Rd, ಸರ್ಕಾರಿ ಶಾಲೆ ಹತ್ತಿರ, Railway Colony, Navanagara East - 980304"
AD001660,AC001281,residence,kyc_origination,2026-04-01,T2,"78/1, GALI NO-4, AZAD MOHALLA, DEVGARH NAGAR - 970203"
AD001661,AC001281,permanent_native,kyc_origination,2026-04-01,OUT,"Village Bilagi, Tehsil C, District West - 996765"
AD001662,AC001282,residence,kyc_origination,2026-04-01,T2,"H.No. 302, गली नं. 12, Ambedkar Nagar, Devgarh Nagar - 970204"
AD001663,AC001282,office,kyc_origination,2026-04-01,T2,"House 238, Gali no-1, close to Mosque, Shastri Nagr, Devgarh Nagar - 970201"
AD001664,AC001283,residence,kyc_origination,2026-04-01,T2,"Sri Krishna Nivas, close to Milk Dairy, Patel Nagar, Devgarh Nagar - 970202"
AD001665,AC001284,residence,kyc_origination,2026-04-01,T3,"MILK DAIRY PAKKADALLI, SUNRISE ENCLAVE, NAVANAGARA EAST - 980304"
AD001666,AC001284,office,kyc_origination,2026-04-01,T3,"NO. 434, NR. MILK BOOTH, PALM MEADOWS, NAVANAGARA EAST - 980302"
AD001667,AC001285,residence,kyc_origination,2026-04-01,T3,"House 469, Blk D, Rd 3, nr. PDS Shop, Royal Gardens, Navanagara East - 980303"
AD001668,AC001285,permanent_native,kyc_origination,2026-04-01,OUT,"Village Chikkapura, Taluk B, District South - 998734"
AD001669,AC001286,residence,kyc_origination,2026-04-01,T1,no. 153 nehru colny kaveripura - 960102
AD001670,AC001286,permanent_native,kyc_origination,2026-04-01,OUT,"Village Chikkapura, Taluk B, District West - 991658"
AD001671,AC001287,residence,kyc_origination,2026-04-01,T1,"3RD CROSS, 7TH MAIN, VIDYA NGR, KAVERIPURA - 960103"
AD001672,AC001287,permanent_native,kyc_origination,2026-04-01,OUT,"Village Bilagi, Taluk B, District South - 991425"
AD001673,AC001288,residence,kyc_origination,2026-04-01,T2,"No. 329, Gali 12, Patel Nagar, Devgarh Nagr"
AD001674,AC001289,residence,kyc_origination,2026-04-01,T3,"H.NO. 293, SHANTI KUNJ, A BLOCK, 1ST ROAD, PALM MEADOWS, NAVANAGARA EAST - 980302"
AD001675,AC001289,permanent_native,kyc_origination,2026-04-01,OUT,"Village Devipur, Taluk B, District North - 999331"
AD001676,AC001290,residence,kyc_origination,2026-04-01,T1,"HOUSE 248, OM SAI COMPLEX, KAVERIPURA - 960102"
AD001677,AC001290,office,kyc_origination,2026-04-01,T1,"#254, 12TH CROSS, 6TH MN, CLOSE TO CHURCH, BASAVA NAGAR, KAVERIPURA - 960101"
AD001678,AC001291,residence,kyc_origination,2026-04-01,T2,"गली नं. 3, WARD 2, मेडिकल स्टोर के पास, INDIRA COL, DEVGARH NAGR - 970202"
AD001679,AC001292,residence,kyc_origination,2026-04-01,T2,house 433 gali 5 opp. milk booth subhash nagar devgarh nagar - 970201
AD001680,AC001293,residence,kyc_origination,2026-04-01,T2,"Gali No. 2, Masjid ke pass, Patel Nagar, Devgarh Nagar - 970202"
AD001681,AC001294,residence,kyc_origination,2026-04-01,T3,"Blk C, Rd 5, close to Water Tank, Navanagara East - 980304"
AD001682,AC001295,residence,kyc_origination,2026-04-01,T2,"#215, Shastri Nagar, Devgarh Nagar - 970201"
AD001683,AC001296,residence,kyc_origination,2026-04-01,T2,"House 18, गली नं. 6, पानी की टंकी के पास, Krishna Puri, Devgarh Nagar - 970202"
AD001684,AC001296,office,kyc_origination,2026-04-01,T2,"142/3, Gali 11, Ward 8, Azaad Mohalla, Devgarh Nagar - 970203"
AD001685,AC001297,residence,kyc_origination,2026-04-01,T3,"BLK E, RD 4, NR BUS STOP, ROYAL GARDENS, NAVANAGARA EAST - 980303"
AD001686,AC001297,office,kyc_origination,2026-04-01,T3,"HOUSE 462, GANGA APARTMENTS, ROYAL GARDENS, NAVANAGARA EAST - 980303"
AD001687,AC001298,residence,kyc_origination,2026-04-01,T3,"35/3, BLK A, RD 2, RAILWAY COL, NAVANAGARA EAST - 980304"
AD001688,AC001298,permanent_native,kyc_origination,2026-04-01,OUT,"Village Sundarpur, Tehsil C, District South - 994593"
AD001689,AC001299,residence,kyc_origination,2026-04-01,T2,"HOUSE 314, गली नं. 4, चर्च के पीछे, SHASTRI NGR, DEVGARH NGR"
AD001690,AC001300,residence,kyc_origination,2026-04-01,T2,"Shivaji Nagar, Devgarh Nagar - 970202"
AD001691,AC001301,residence,kyc_origination,2026-04-01,T3,"#238, Blk A, Rd 2, Ration Angdi edhuru, Unity Nagar, Navanagara East - 980302"
AD001692,AC001302,residence,kyc_origination,2026-04-01,T3,"OM SAI COMPLEX, A BLOCK, 4TH ROAD, RAILWAY COLONY, NAVANAGARA EAST - 980304"
AD001693,AC001303,residence,kyc_origination,2026-04-01,T2,"130/1, Glai No. 12, Hanuman Mandir ke samne, Ambedkar Nagar, Devgarh Ngr - 970204"
AD001694,AC001304,residence,kyc_origination,2026-04-01,T2,"H.No. 322, Gali no-5, Ward 11, opposite Pharmacy, Patel Nagar, Devgarh Nagar - 970202"
AD001695,AC001305,residence,kyc_origination,2026-04-01,T1,"No. 18, Nehru Colony, Kaveripura"
AD001696,AC001306,residence,kyc_origination,2026-04-01,T3,"Blk F, Rd 5, Railway Colony, Navanagara East - 980301"
AD001697,AC001307,residence,kyc_origination,2026-04-01,T2,no. 148 gai no-12 petrol pump ke samne azad mohalla devgarh nagar - 970203
AD001698,AC001308,residence,kyc_origination,2026-04-01,T1,"Om Sai Complex, 2nd Cross, 6th Main, Anjaneya Swamy Temple hattira, Kuvempu Lyt, Kaveripura - 960102"
AD001699,AC001308,office,kyc_origination,2026-04-01,T1,"#96, 12th Cross, 4th Main Rd, Ashoka Layout, Kaveripura - 960104"
AD001700,AC001309,residence,kyc_origination,2026-04-01,T2,"GALI NO-5, COMMUNITY HALL KE PASS, NEHRU COLONY, DEVGARH NAGR - 970203"
AD001701,AC001310,residence,kyc_origination,2026-04-01,T3,"B Block, 5th Road, ಬಸ್ ನಿಲ್ದಾಣ ಹತ್ತಿರ, Royal Gardens, Navanagara East - 980303"
AD001702,AC001311,residence,kyc_origination,2026-04-01,T1,"4th X, 2nd Main, nr Masjid, Nehru Colony, Kaveripura - 960102"
AD001703,AC001312,residence,kyc_origination,2026-04-01,T2,"Gali 5, Post Office ke pass, Subhash Nagar, Devgarh Nagar - 970204"
AD001704,AC001312,office,kyc_origination,2026-04-01,T2,"251/2, Shastri Nagr, Devgarh Ngr - 970201"
AD001705,AC001313,residence,kyc_origination,2026-04-01,T3,"F BLOCK, 2ND ROAD, NR WATER TANK, DEFENCE COL, NAVANAGARA EAST - 980301"
AD001706,AC001314,residence,kyc_origination,2026-04-01,T3,"House 28, Blk B, Rd 3, near Overhead Tank, Palm Meadows, Navanagara East"
AD001707,AC001315,residence,kyc_origination,2026-04-01,T2,"No. 346, Gali no-3, Ganesh Mandir ke paas, Ambedkar Nagar, Devgarh Ngr - 970204"
AD001708,AC001315,permanent_native,kyc_origination,2026-04-01,OUT,"Village Devipur, Tehsil D, District South - 996566"
AD001709,AC001316,residence,kyc_origination,2026-04-01,T1,house 386 behind church basava ngr kaveripura - 960102
AD001710,AC001317,residence,kyc_origination,2026-04-01,T2,"109/3, Gali No. 3, nr. Masjid, Tilak Nagar, Devgarh Nagr - 970204"
AD001711,AC001318,residence,kyc_origination,2026-04-01,T1,"H.No. 314, 2nd Cross, 1st Main, Gandhi Nagar, Kaveripura - 960102"
AD001712,AC001319,residence,kyc_origination,2026-04-01,T2,"#90, Gali 9, bhd Medical Store, Nehru Col, Devgarh Nagaar - 970203"
AD001713,AC001320,residence,kyc_origination,2026-04-01,T2,"#222, Gali 6, nr Medical Store, Patel Nagar, Devgarh Ngr - 970202"
AD001714,AC001320,office,kyc_origination,2026-04-01,T2,"#71, Green View Apts, Gali 10, Ram Ngr, Devgarh Nagar - 970203"
AD001715,AC001321,residence,kyc_origination,2026-04-01,T3,no. 197 blk e rd 3 navaangara east - 980301
AD001716,AC001322,residence,kyc_origination,2026-04-01,T2,no. 404 gali no-8 near post office patel nagr devgarh nagar - 970202
AD001717,AC001322,office,kyc_origination,2026-04-01,T2,"No. 174, Gali no-12, Dawai ki Dukaan ke paas, Ram Nagar, Devgarh Nagar - 970203"
AD001718,AC001323,residence,kyc_origination,2026-04-01,T3,"House 212, E Blk, 5th Road, nr Milk Dairy, Sunrise Enclave, Navanagara East - 980304"
AD001719,AC001324,residence,kyc_origination,2026-04-01,T3,"Blk C, Rd 4, Sunrise Enclave, Navanagara East - 980304"
AD001720,AC001325,residence,kyc_origination,2026-04-01,T2,"41/2, Gali no-11, Ward 2, Dak Ghar ke pass, Idnira Colony, Devgarh Nagar - 970202"
AD001721,AC001326,residence,kyc_origination,2026-04-01,T1,"3RD X, 2ND MAIN, ಚರ್ಚ್ ಹಿಂದೆ, GANDHI NAGRA, KAVERIPURA - 960102"
AD001722,AC001327,residence,kyc_origination,2026-04-01,T3,272/3 blk c rd 5 navanagara east - 980304
AD001723,AC001328,residence,kyc_origination,2026-04-01,T3,"H.No. 297, A Block, 4th Road, near Church, Teachers Colony, Navanagara East - 980302"
AD001724,AC001329,residence,kyc_origination,2026-04-01,T1,"Siddeshwara Colny, Kaveripura - 960102"
AD001725,AC001330,residence,kyc_origination,2026-04-01,T1,"#427, 8th Cross, 6th Main, behind PDS Shop, Kaveripura - 960102"
AD001726,AC001331,residence,kyc_origination,2026-04-01,T2,"Gali 11, Nehru Colony, Devgarh Nagar - 970203"
AD001727,AC001332,residence,kyc_origination,2026-04-01,T1,"HOUSE 342, SRI KRISHNA NIVAS, KAVERIPURA - 960103"
AD001728,AC001332,permanent_native,kyc_origination,2026-04-01,OUT,"Village Mallapura, Taluk A, District West - 996788"
AD001729,AC001333,residence,kyc_origination,2026-04-01,T3,396/3 blk d rd 3 masidi hattira defence colony navanagara east - 980301
AD001730,AC001334,residence,kyc_origination,2026-04-01,T1,3rd cross 7th mn vinayaka nagr kaveripura - 960104
AD001731,AC001335,residence,kyc_origination,2026-04-01,T2,160/2 gali 9 barat ghar ke pass patel nagar devgarh nagr - 970202
AD001732,AC001336,residence,kyc_origination,2026-04-01,T1,h.no. 323 lakshmi nilaya 1st cross 4th main nyayabele angadi hattira shanthi nagar kaveripura - 960101
AD001733,AC001337,residence,kyc_origination,2026-04-01,T2,"Gali no-8, Hanuman Mandir ke piche, Subhash Ngr, Devgarh Nagar - 970201"
AD001734,AC001338,residence,kyc_origination,2026-04-01,T3,"#212, BLK A, RD 4, CLOSE TO MILK DAIRY, RAILWAY COLONY, NAVANAGARA EAST"
AD001735,AC001339,residence,kyc_origination,2026-04-01,T1,h.no. 470 opp. govt school vinayaka ngr kaveripura - 960104
AD001736,AC001340,residence,kyc_origination,2026-04-01,T1,"7TH CROSS, 7TH MAIN, NR GOVT SCHOOL, HOSA BADAVANE, KAVERIPURA - 960101"
AD001737,AC001340,permanent_native,kyc_origination,2026-04-01,OUT,"Village Devipur, Taluk A, District West - 991812"
AD001738,AC001341,residence,kyc_origination,2026-04-01,T1,6th crs 1st main ಚರ್ಚ್ ಹತ್ತಿರ hosa badavane kaveripura - 960101
AD001739,AC001342,residence,kyc_origination,2026-04-01,T1,"H.NO. 421, 2ND CROSS, 2ND MAIN, KAVERIPURA"
AD001740,AC001342,office,kyc_origination,2026-04-01,T1,"7TH CROSS, 8TH MAIN, NEAR MASJID, ANJANEYA BADAVANE, KAVERIPURA - 960103"
AD001741,AC001343,residence,kyc_origination,2026-04-01,T2,no. 141 gali 9 hanuman mandir ke paas patel nagar devgarh nagar - 972002
AD001742,AC001344,residence,kyc_origination,2026-04-01,T1,70/2 7th crss 1st main near mosque basava ngr kaveripura - 960101
AD001743,AC001345,residence,kyc_origination,2026-04-01,T2,"433//2, Gali 10, Ganesh Mandir ke pass, Azad Mohalla, Devgarh Nagar"
AD001744,AC001346,residence,kyc_origination,2026-04-01,T3,#28 blk e rd 1 ಪೆಟ್ರೋಲ್ ಬಂಕ್ ಹತ್ತಿರ railway colony navanagara east
AD001745,AC001347,residence,kyc_origination,2026-04-01,T3,"#196, Blk E, Rd 4, Orchid Enclave, Navanagara East - 980301"
AD001746,AC001348,residence,kyc_origination,2026-04-01,T1,"10th Cross, 6th Main, Ration Dukan ke bagal mein, Nehru Colony, Kaveripura - 960102"
AD001747,AC001349,residence,kyc_origination,2026-04-01,T3,"#239, Blk F, Rd 6, opp. Park, Defence Colony, Navanagara East - 980301"
AD001748,AC001350,residence,kyc_origination,2026-04-01,T3,419/3 b block 3rd road near hanuman temple lakeview phase 2 navanagara east - 980303
AD001749,AC001350,office,kyc_origination,2026-04-01,T3,f block 5th rd. near medicals navanagara east - 980303
AD001750,AC001351,residence,kyc_origination,2026-04-01,T2,"nr Ganapathi Temple, Gandhi Basti, Devgarh Nagar - 970203"
AD001751,AC001352,residence,kyc_origination,2026-04-01,T3,"370/2, Blk C, Rd 3, nr. Mosque, HMT Colny, Navanagara East - 980301"
AD001752,AC001353,residence,kyc_origination,2026-04-01,T2,#40 gali no-4 ward 11 masjid ke pass patel ngr devgarh ngr - 970202
AD001753,AC001354,residence,kyc_origination,2026-04-01,T1,296/3 8th cross 6th main nr community hall gandhi ngr kaveripura - 960102
AD001754,AC001355,residence,kyc_origination,2026-04-01,T3,"H.No. 185, Shanti Kunj, Blk F, Rd 4, Silver Oak Layout, Navanagara East - 980301"
AD001755,AC001356,residence,kyc_origination,2026-04-01,T3,"H.No. 20, Blk D, Rd 4, near Bus Stand, Navanagara East - 980302"
AD001756,AC001356,office,kyc_origination,2026-04-01,T3,"A Block, 6th Road, close to Church, Defence Colony, Navanagara East - 980302"
AD001757,AC001357,residence,kyc_origination,2026-04-01,T1,"#255, 7th Cross, 1st Main, Shanthi Nagar, Kaveripura - 960101"
AD001758,AC001358,residence,kyc_origination,2026-04-01,T1,h.no. 98 1st cross 5th main medical store ke paas hosa badavane kaveripura - 960101
AD001759,AC001358,office,kyc_origination,2026-04-01,T1,no. 209 10th cross 2nd main samudaya bhavana hindhe vinayaka nagar kaveripura - 960104
AD001760,AC001359,residence,kyc_origination,2026-04-01,T1,house 186 4th cross 8th main rd nr ration shop nehru colony kaveripura - 960102
AD001761,AC001360,residence,kyc_origination,2026-04-01,T2,"No. 262, Gali no-9, Subhash Nagar, Devgarh Ngr - 970201"
AD001762,AC001360,permanent_native,kyc_origination,2026-04-01,OUT,"Village Hosahalli, Tehsil C, District East - 995352"
AD001763,AC001361,residence,kyc_origination,2026-04-01,T3,"C BLOCK, 3RD RD, NR POST OFFICE, SILVER OAK LAYOUT, NAVANAGARA EAST - 980301"
AD001764,AC001362,residence,kyc_origination,2026-04-01,T1,"#123, 10TH CROSS, 6TH MAIN, BEHIND PETROL PUMP, VINAYAKA NAGAR, KAVERIPURA - 960104"
AD001765,AC001363,residence,kyc_origination,2026-04-01,T2,"218/1, Gali 6, Krishna Puri, Devgarh Nagar - 970202"
AD001766,AC001364,residence,kyc_origination,2026-04-01,T3,"239/3, Blk D, Rd 3, close to Hanuman Temple, Palm Meadows, Navanagara East - 980302"
AD001767,AC001365,residence,kyc_origination,2026-04-01,T2,"GALI 4, WARD 8, NR GOVERNMENT SCHOOL, AZAD MOHALLA, DEVGARH NAGAR - 970203"
AD001768,AC001366,residence,kyc_origination,2026-04-01,T2,"Gali No. 1, close to Government School, Azad Mohalla, Devgarh Nagar - 970203"
AD001769,AC001367,residence,kyc_origination,2026-04-01,T2,"No. 38, Gali 9, Ward 2, राशन की दुकान के पास, Indira Colny, Devgarh Nagar - 970202"
AD001770,AC001368,residence,kyc_origination,2026-04-01,T1,"nr. Masjid, Nehru Colny, Kaveripura - 960102"
AD001771,AC001369,residence,kyc_origination,2026-04-01,T2,"Gali No. 10, opposite Post Office, Indira Colony, Devgarh Nagar - 970202"
AD001772,AC001370,residence,kyc_origination,2026-04-01,T1,"opp Milk Dairy, Nehru Col, Kaveripura - 960102"
AD001773,AC001370,office,kyc_origination,2026-04-01,T1,"House 308, Om Sai Complex, 2nd Cross, 4th Main, Hanuman Mandir ke samne, Siddeshwara Colony, Kaveripura - 960102"
AD001774,AC001371,residence,kyc_origination,2026-04-01,T3,"House 112, Green View Apts, C Block, 2nd Roadd, Kalyana Mantapa hattira, Railway Colony, Navanagara East - 980304"
AD001775,AC001372,residence,kyc_origination,2026-04-01,T1,"#172, 5th Crs, 6th Main Rd, near Hanuman Temple, Nehru Col, Kaveripura - 960102"
AD001776,AC001373,residence,kyc_origination,2026-04-01,T3,#141 e block 5th road petrol pump ke pss green park layout navanagara east - 980301
AD001777,AC001374,residence,kyc_origination,2026-04-01,T2,"GALI NO-11, SUBHASH NGR, DEVGARH NAGAR - 970201"
AD001778,AC001375,residence,kyc_origination,2026-04-01,T3,170/2 blk c rd 5 orchid enclave navanagara east - 980301
AD001779,AC001376,residence,kyc_origination,2026-04-01,T3,"Blk E, Rd 5, Palm Meadows, Navanagara East - 980302"
AD001780,AC001377,residence,kyc_origination,2026-04-01,T3,"No. 38, Blk F, Rd 1, next to Ganesh Temple, Green Park Layout, Navanagara East - 980301"
AD001781,AC001377,office,kyc_origination,2026-04-01,T3,#57 sai residency blk c rd 3 nr ganesh temple orchid enclave navanagara eats - 980301
AD001782,AC001378,residence,kyc_origination,2026-04-01,T1,"HOUSE 192, 12TH CROSS, 7TH MN, CLOSE TO GOVERNMENT SCHOOL, GANDHI NAGAR, KAVERIPURA - 960102"
AD001783,AC001378,office,kyc_origination,2026-04-01,T1,"H.NO. 377, 1ST CROSS, 6TH MAIN, HOSA BADAVANE, KAVERIPURA - 960104"
AD001784,AC001379,residence,kyc_origination,2026-04-01,T2,"#456, Gali no-9, close to Hanuman Temple, Ram Nagar, Devgarh Nagar - 97003"
AD001785,AC001380,residence,kyc_origination,2026-04-01,T3,"#426, F BLOCK, 4TH RD, NR. MASJID, TEACHERS COLONY, NAVANAGARA EAST - 980302"
AD001786,AC001381,residence,kyc_origination,2026-04-01,T3,"Sai Residency, Blk A, Rd 3, Doodh Dairy ke bagal mein, Green Park Layout, Navanagara East - 983001"
AD001787,AC001382,residence,kyc_origination,2026-04-01,T3,"#104, nr PDS Shop, Sunrise Enclave, Navanagara East - 98304"
AD001788,AC001383,residence,kyc_origination,2026-04-01,T1,#243 11th cross 5th main rd close to water tank ashoka lyt kaveripura - 960104
AD001789,AC001384,residence,kyc_origination,2026-04-01,T1,"HOUSE 72, 6TH CROSS, 7TH MAIN, CLOSE TO MILK BOOTH, BASAVA NAGAR, KAVERIPURA - 960101"
AD001790,AC001385,residence,kyc_origination,2026-04-01,T1,56/1 14th cross 3rd main nr kalyana mantapa vinayaka nagar kaveripura - 960104
AD001791,AC001386,residence,kyc_origination,2026-04-01,T1,h.no. 300 sai residency 5th crs 5th main bus stop hattira vinayaka nagar kaveripura - 960104
AD001792,AC001387,residence,kyc_origination,2026-04-01,T3,blk a rd 5 nr. medicals silveer oak layout navanagara east - 980301
AD001793,AC001387,permanent_native,kyc_origination,2026-04-01,OUT,"Village Bilagi, Taluk A, District South - 999415"
AD001794,AC001388,residence,kyc_origination,2026-04-01,T2,house 313 gali 7 doodh dairy ke pass shivaji nagaar devgarh nagr - 970202
AD001795,AC001389,residence,kyc_origination,2026-04-01,T2,"HOUSE 325, COMMUNITY HALL KE PASS, DEVGARH NAGAR - 970203"
AD001796,AC001389,permanent_native,kyc_origination,2026-04-01,OUT,"Village Chikkapura, Tehsil D, District South - 991251"
AD001797,AC001390,residence,kyc_origination,2026-04-01,T1,"4th Cross, 1st Main, nr. Masjid, Nehru Colny, Kaveripura - 960102"
AD001798,AC001391,residence,kyc_origination,2026-04-01,T3,"House 80, Blk B, Rd 4, Green Park Layt, Navanagara East - 980301"
AD001799,AC001392,residence,kyc_origination,2026-04-01,T1,"No. 199, 11th Cross, 8th Main Rd, near Ration Shop, Nehru Colny, Kaveripura - 960102"
AD001800,AC001393,residence,kyc_origination,2026-04-01,T1,house 428 5th cross 2nd main nr park nehru colony kaveripura - 960102
AD001801,AC001394,residence,kyc_origination,2026-04-01,T3,"NO. 471, BLK A, RD 2, LAKEVIEW PHASE 2, NAVANAGARA EAST - 980303"
AD001802,AC001395,residence,kyc_origination,2026-04-01,T3,"16/3, BLK E, RD 6, ADJ. RATION SHOP, PALM MEADOWS, NAVANAGARA EAST - 980302"
AD001803,AC001396,residence,kyc_origination,2026-04-01,T1,"445/2, 4th Crs, 6th Main, Vinayaka Nagar, Kaveripura"
AD001804,AC001397,residence,kyc_origination,2026-04-01,T1,no. 341 1st x 7th main anjaneya badavane kavreipura - 960103
AD001805,AC001398,residence,kyc_origination,2026-04-01,T2,gali 11 krishna puri devgarh ngr - 970202
AD001806,AC001398,office,kyc_origination,2026-04-01,T2,डाकघर के सामने indira col devgarh nagar - 970202
AD001807,AC001399,residence,kyc_origination,2026-04-01,T2,"#28, GALI NO. 12, WARD 8, AZED MOHALLA, DEVGARH NAGAR - 970203"
AD001808,AC001400,residence,kyc_origination,2026-04-01,T1,178/1 gandhi nagr kaveripura - 960102
AD001809,AC001401,residence,kyc_origination,2026-04-01,T2,#176 gali 11 adj. hanuman temple indira colony devgarh nagar - 970202
AD001810,AC001402,residence,kyc_origination,2026-04-01,T2,"बस स्टॉप के पास, Azad Mohalla, Devgarh Ngr - 970203"
AD001811,AC001403,residence,kyc_origination,2026-04-01,T2,"416/1, Gali no-11, Petrol Pump ke bagal me, Azad Mohalla, Devgarh Nagar - 970203"
AD001812,AC001404,residence,kyc_origination,2026-04-01,T3,"#389, close to Bus Stand, Lakeview Phase 2, Navanagara East - 980303"
AD001813,AC001405,residence,kyc_origination,2026-04-01,T3,c block 4th road palm meadows navanagara east - 980302
AD001814,AC001405,permanent_native,kyc_origination,2026-04-01,OUT,"Village Hosahalli, Tehsil C, District South - 993483"
AD001815,AC001406,residence,kyc_origination,2026-04-01,T1,h.no. 42 bus nildana hatira vinayaka ngr kaveripura - 960104
AD001816,AC001407,residence,kyc_origination,2026-04-01,T1,"7th Cross, 4th Main, Kalyana Mantapa hindhe, Kaveripura - 960104"
AD001817,AC001408,residence,kyc_origination,2026-04-01,T1,"HOUSE 431, 7TH CROSS, 1ST MAIN RD, COMMUNITY HAALL KE SAAMNE, KALYANA NAGAR, KAVERIPURA - 960104"
AD001818,AC001409,residence,kyc_origination,2026-04-01,T1,"4th Cross, 1st Main Rd, near Mosque, Kaveripura"
AD001819,AC001409,permanent_native,kyc_origination,2026-04-01,OUT,"Village Bilagi, Tehsil C, District South - 999071"
AD001820,AC001410,residence,kyc_origination,2026-04-01,T1,"NO. 329, ಪೆಟ್ರೋಲ್ ಬಂಕ್ ಹತ್ತಿರ, KALYANA NAGAR, KAVERIPURA - 960104"
AD001821,AC001411,residence,kyc_origination,2026-04-01,T1,"House 395, Sai Residency, 2nd Cross, 3rd Main, near Masjid, Nehru Colny, Kaveripura - 960102"
AD001822,AC001412,residence,kyc_origination,2026-04-01,T3,"BLK B, RD 4, NR PETROL PUMP, SILVER OAK LAYOUT, NAVANAGARA EAST - 980301"
AD001823,AC001413,residence,kyc_origination,2026-04-01,T3,"NO. 349, B BLOCK, 1ST ROAD, NAVANAGARA EAST - 980302"
AD001824,AC001414,residence,kyc_origination,2026-04-01,T3,"BLK C, RD 5, NEAR MOSQUE, SILVER OAK LAYOUT, NAVANAGAARA EAST - 980301"
AD001825,AC001415,residence,kyc_origination,2026-04-01,T2,"#142, गली नं. 9, पानी की टंकी के सामने, NEHRU COLONY, DEVGARH NAGAR - 970203"
AD001826,AC001415,permanent_native,kyc_origination,2026-04-01,OUT,"Village Sundarpur, Taluk B, District West - 995185"
AD001827,AC001416,residence,kyc_origination,2026-04-01,T3,"261/1, Blk F, Rd 1, close to Water Tank, Unity Nagar, Navanagara East - 980302"
AD001828,AC001416,permanent_native,kyc_origination,2026-04-01,OUT,"Village Kodihalli, Tehsil C, District North - 994892"
AD001829,AC001417,residence,kyc_origination,2026-04-01,T2,"SRI KRISHNA NIVAS, GALI NO. 12, WARD 4, सरकारी स्कूल के पास, RAM NAGAR, DEVGARH NAGAR"
AD001830,AC001418,residence,kyc_origination,2026-04-01,T2,gali no-10 azad mohalla devgarh nagar - 970203
AD001831,AC001419,residence,kyc_origination,2026-04-01,T1,"House 404, 6th Cross, 7th Mn, near Mosque, Kalyana Nagar, Kaveripura - 960104"
AD001832,AC001420,residence,kyc_origination,2026-04-01,T3,"Blk C, Rd 2, behind Church, Lakeview Phase 2, Navanagara East - 980303"
AD001833,AC001421,residence,kyc_origination,2026-04-01,T2,"Gali no-2, मस्जिद के पास, Patel Ngr, Devgarh Nagar - 970202"
AD001834,AC001422,residence,kyc_origination,2026-04-01,T1,h.no. 203 4th cross 7th main rd nr. ganapathi temple gandhi ngr kaveripura - 960102
AD001835,AC001423,residence,kyc_origination,2026-04-01,T2,"447/2, GALI 2, NR PARK, AZAD MOHALLA, DEVGARH NAGAR - 970230"
AD001836,AC001424,residence,kyc_origination,2026-04-01,T1,"9th Cross, 7th Main, bhd Petrol Bunk, Vinayaka Ngr, Kaveripura - 960104"
AD001837,AC001424,office,kyc_origination,2026-04-01,T1,"House 425, 6th Cross, 7th Maiin, b/h Masji, Kalyana Ngr, Kaveripura - 960104"
AD001838,AC001425,residence,kyc_origination,2026-04-01,T3,"69/2, B Block, 6th Rd., Orchid Enclave, Navanagara East - 980301"
AD001839,AC001426,residence,kyc_origination,2026-04-01,T2,"Gali no-4, Shastri Nagr, Devgarh Nagar - 970201"
AD001840,AC001427,residence,kyc_origination,2026-04-01,T3,"#227, SAI RESIDENCY, D BLOCK, 4TH ROAD, NEAR GOVERNMENT SCHOOL, TEACHERS COLNY, NAVANAGARA EAST - 980302"
AD001841,AC001427,office,kyc_origination,2026-04-01,T3,"HOUSE 411, BLK F, RD 4, LAKEVIEW PHASE 2, NAVANAGARA EAST - 980303"
AD001842,AC001428,residence,kyc_origination,2026-04-01,T3,"SAI RESIDENCY, BLK E, RD 4, NEAR BUS STAND, GREEN PARK LYT, NAVANAGARA EAST - 980301"
AD001843,AC001428,permanent_native,kyc_origination,2026-04-01,OUT,"Village Sundarpur, Tehsil D, District South - 993953"
AD001844,AC001429,residence,kyc_origination,2026-04-01,T2,"GALI NO-12, HANUMAN MANDIR KE PAAS, SHASTRI NAGAR, DEVGARH NAGAR - 970201"
AD001845,AC001430,residence,kyc_origination,2026-04-01,T3,no. 329 blk a rd 3 lakeview phase 2 navanagara east - 980303
AD001846,AC001430,office,kyc_origination,2026-04-01,T3,green park layout navanagara east - 980301
AD001847,AC001431,residence,kyc_origination,2026-04-01,T3,c blk. 1st road masidi hattira railway colny navanagara east - 980303
AD001848,AC001431,office,kyc_origination,2026-04-01,T3,244/3 f block 6th rd. nr bus stand green park lyt navanagara east - 980301
AD001849,AC001432,residence,kyc_origination,2026-04-01,T1,"HOUSE 467, 11TH CROSS, 6TH MAIN, SARKARI SHAALE HATTIRA, ANJANEYA BADAVANE, KAVERIPURA - 960103"
AD001850,AC001433,residence,kyc_origination,2026-04-01,T1,3rd cross 4th main neerina tank hattira basava nagar kaveripura - 960101
AD001851,AC001434,residence,kyc_origination,2026-04-01,T2,gali 8 close to kalyana mantapa devgarh nagar - 970202
AD001852,AC001435,residence,kyc_origination,2026-04-01,T2,"No. 238, गली नं. 3, राशन की दुकान के पास, Shivaji Nagar, Devgarh Nagar - 970202"
AD001853,AC001435,office,kyc_origination,2026-04-01,T2,"House 12, Shastri Nagr, Devagrh Nagar - 970201"
AD001854,AC001436,residence,kyc_origination,2026-04-01,T3,"H.NO. 405, BLK E, RD 2, NR. GOVT SCHOOL, TEACHERS COLONY, NAVANAGARA EAST - 980302"
AD001855,AC001437,residence,kyc_origination,2026-04-01,T2,h.no. 420 gali no-6 opposite government school krishna puri devgarh nagar - 97022
AD001856,AC001438,residence,kyc_origination,2026-04-01,T3,"D BLOCK, 4TH RD., CLOSE TO GOVT SCHOOL, HMT COL, NAVANAGARA EAST - 980301"
AD001857,AC001439,residence,kyc_origination,2026-04-01,T2,"NO. 251, GALI NO. 4, DAWAI KI DUKAAN KE PEECHE, PATEL NAGAR, DEVGARH NAGR - 970202"
AD001858,AC001440,residence,kyc_origination,2026-04-01,T2,"GALI NO. 6, BESIDE OVERHEAD TANK, DEVGARH NAGAR - 970202"
AD001859,AC001441,residence,kyc_origination,2026-04-01,T3,"Blk C, Rd 2, Sunrise Enclave, Navanagara East - 980304"
AD001860,AC001442,residence,kyc_origination,2026-04-01,T3,"H.No. 358, Blk B, Rd 5, close to Post Office, Silver Oak Layout, Navanagara East - 980301"
AD001861,AC001442,office,kyc_origination,2026-04-01,T3,"Hoouse 352, Blk D, Rd 4, Palm Meadows, Navanagara East - 980302"
AD001862,AC001443,residence,kyc_origination,2026-04-01,T1,no. 429 9th cross 1st main rd masidi hattira kaveripura - 960104
AD001863,AC001444,residence,kyc_origination,2026-04-01,T2,"407/1, GALI NO-7, WARD 9, NEAR MILK BOOTH, DEVGARH NGAAR - 970201"
AD001864,AC001445,residence,kyc_origination,2026-04-01,T3,"#259, Lakshmi Nilaya, Blk C, Rd 2, near Petrol Bunk, Orchid Enclave, Navanagara East - 980301"
AD001865,AC001445,office,kyc_origination,2026-04-01,T3,"ಬಸ್ ನಿಲ್ದಾಣ ಹತ್ತಿರ, Royal Gardens, Navanagara East - 980303"
AD001866,AC001446,residence,kyc_origination,2026-04-01,T2,"459/1, गली नं. 1, SHIVAJI NAGAR, DEVGARH NAGAR - 970202"
AD001867,AC001447,residence,kyc_origination,2026-04-01,T1,"8th Cross, 7th Main Rd, Vidya Ngr, Kaveripura - 960103"
AD001868,AC001448,residence,kyc_origination,2026-04-01,T3,"H.No. 136, Blk F, Rd 2, nr Post Office, Silver Oak Layt, Navanagara East - 980301"
AD001869,AC001448,permanent_native,kyc_origination,2026-04-01,OUT,"Village Hosahalli, Taluk A, District West - 994575"
AD001870,AC001449,residence,kyc_origination,2026-04-01,T1,"No. 251, 8th Cross, 2nd Main Rd, opposite Medical Store, Kaveripura - 960103"
AD001871,AC001450,residence,kyc_origination,2026-04-01,T1,h.no. 339 5th cross 3rd main rd near medical store kaveripura - 960102
AD001872,AC001451,residence,kyc_origination,2026-04-01,T3,"#365, F Blick, 3rd Road, Ganesh Mandir ke paas, Silver Oak Layout, Navanagara East - 980304"
AD001873,AC001451,office,kyc_origination,2026-04-01,T3,"House 251, C Block, 4th Road, Defence Colny, Navanagara East - 980301"
AD001874,AC001452,residence,kyc_origination,2026-04-01,T2,"NO. 139, GALI NO-6, NEXT TO POST OFFICE, SHASTRI NAGR, DEVGARH NAGAR - 970201"
AD001875,AC001453,residence,kyc_origination,2026-04-01,T2,"GALI 5, KRISHNA PURI, DEVGARH NAGAR - 970202"
AD001876,AC001453,office,kyc_origination,2026-04-01,T2,"GALI NO-9, CLOSE TO HANUMAN TEMPLE, TILAK NAGR, DEVGARH NAGAR - 970203"
AD001877,AC001454,residence,kyc_origination,2026-04-01,T2,"Gali 12, Krishna Puri, Devgarh Nagar - 970202"
AD001878,AC001455,residence,kyc_origination,2026-04-01,T1,"1ST CROSS, 4TH MAI, OPPOSITE POST OFFICE, VINAYAKA NAGAR, KAVERIPURA - 960104"
AD001879,AC001456,residence,kyc_origination,2026-04-01,T1,"H.o. 431, Om Sai Complex, 9th X, 3rd Main, Gandhi Nagar, Kaveripura - 960102"
AD001880,AC001457,residence,kyc_origination,2026-04-01,T3,"Blk A, Rd 6, Nyayabele Angadi hattira, Lakeview Phase 2, Navanagara East - 980303"
AD001881,AC001458,residence,kyc_origination,2026-04-01,T1,"House 33, close to PDS Shop, Kuvempu Layout, Kaveripura - 960101"
AD001882,AC001458,office,kyc_origination,2026-04-01,T1,#123 7th cross 4th main gandhi nagar kaveripura - 960102
AD001883,AC001459,residence,kyc_origination,2026-04-01,T1,"2ND CROSS, 5TH MAIN, NEHRU COL, KAVERIPURA - 906102"
AD001884,AC001460,residence,kyc_origination,2026-04-01,T3,no. 274 blk d rd 1 unity nagar navanagara east - 980302
AD001885,AC001461,residence,kyc_origination,2026-04-01,T3,"No. 471, Sai Residency, Blk F, Rd 5, near Pharmacy, Navaangara East"
AD001886,AC001462,residence,kyc_origination,2026-04-01,T3,"H.NO. 355, BLK C, RD 5, PALM MEADOWS, NAVANAGARA EAST - 980302"
AD001887,AC001462,permanent_native,kyc_origination,2026-04-01,OUT,"Village Kodihalli, Tehsil D, District South - 999856"
AD001888,AC001463,residence,kyc_origination,2026-04-01,T1,ಬಸ್ ನಿಲ್ದಾಣ ಹಿಂದೆ hosa badvane kaveripura - 960101
AD001889,AC001464,residence,kyc_origination,2026-04-01,T1,"6TH CROSS, 5TH MAIN, SHANTHI NAGAR, KAVERIPURA - 960101"
AD001890,AC001465,residence,kyc_origination,2026-04-01,T3,"#363, Blk F, Rd 5, Teachers Colony, Navanagara East - 980302"
AD001891,AC001466,residence,kyc_origination,2026-04-01,T3,"Blk D, Rd 6, near Petrol Pump, Silver Oak Lyt, Navanagara East - 980301"
AD001892,AC001467,residence,kyc_origination,2026-04-01,T3,"House 200, Annapoorna Nilaya, E Block, 6th Road, ಮೆಡಿಕಲ್ ಶಾಪ್ ಹತ್ತಿರ, HMT Colony, Navanagara East - 980301"
AD001893,AC001467,permanent_native,kyc_origination,2026-04-01,OUT,"Village Devipur, Tehsil D, District West - 993792"
AD001894,AC001468,residence,kyc_origination,2026-04-01,T2,"NO. 1, GALI NO-5, DAK GHAR KE PAAS, NEHRU COL, DEVGARH NAGAR - 970203"
AD001895,AC001469,residence,kyc_origination,2026-04-01,T3,"NO. 72, A BLK., 6TH RD, B/H RATION SHOP, UNITY NAGAR, NAVANAGARA EAST - 980302"
AD001896,AC001470,residence,kyc_origination,2026-04-01,T3,"239/1, F Block, 4th Road, Silver Oak Layout, Navanagara East - 980301"
AD001897,AC001470,office,kyc_origination,2026-04-01,T3,"House 386, Blk C, Rd 6, opposite Ganapathi Temple, Orchid Enclave, Navanagara East - 980301"
AD001898,AC001471,residence,kyc_origination,2026-04-01,T2,"64/1, Devgarh Nagr - 970203"
AD001899,AC001472,residence,kyc_origination,2026-04-01,T1,"No. 441, Haalina Daory hattira, Nehru Colny, Kaveripura - 960102"
AD001900,AC001473,residence,kyc_origination,2026-04-01,T1,"#137, 11TH CROSS, 4TH MAIN, OPP. GOVT SCHOOL, BASAVA NAGAR, KAVERIPURA"
AD001901,AC001474,residence,kyc_origination,2026-04-01,T3,"383/3, Blk E, Rd 3, close to Community Hall, Green Park Layout, Navanagara East - 980301"
AD001902,AC001474,office,kyc_origination,2026-04-01,T3,"House 127, Blk A, Rd 5, opp. Ganesh Temple, HMT Colony, Navanagara East - 980302"
AD001903,AC001475,residence,kyc_origination,2026-04-01,T1,house 437 8th cr 3rd main bhd ratoin shop kaveripura - 960103
AD001904,AC001476,residence,kyc_origination,2026-04-01,T1,"H.No. 284, 2nd Cross, 2nd Main, Basava Nagar, Kaveripura - 960101"
AD001905,AC001477,residence,kyc_origination,2026-04-01,T2,h.no. 359 gali no. 2 indira colony devgarh nagar - 970201
AD001906,AC001478,residence,kyc_origination,2026-04-01,T3,"#433, B Blk., 6th Road, nr. Bus Stop, Navanagara East - 980301"
AD001907,AC001479,residence,kyc_origination,2026-04-01,T2,house 469 gali no. 3 ward 10 nr. ration shop krishna puri devgarh nagar - 970202
AD001908,AC001480,residence,kyc_origination,2026-04-01,T3,"No. 173, Blk F, Rd 5, ಸರ್ಕಾರಿ ಶಾಲೆ ಹತ್ತಿರ, Silver Oak Layout, Navanagara East - 980301"
AD001909,AC001481,residence,kyc_origination,2026-04-01,T1,#448 6th cr 8th mn kaveripura - 960104
AD001910,AC001481,office,kyc_origination,2026-04-01,T1,"10th X, 4th Main Rd, Bus Stop edhuru, Hosa Badavane, Kaveripura - 960101"
AD001911,AC001482,residence,kyc_origination,2026-04-01,T2,"151/2, Gali 2, Ward 2, nr. Park, Devgarh Nagar - 970202"
AD001912,AC001483,residence,kyc_origination,2026-04-01,T2,no. 222 nehru colony devgarh nagar - 970203
AD001913,AC001483,office,kyc_origination,2026-04-01,T2,"Gali 7, opp Hanuman Temple, Subhash Nagr, Devgarh Nagar - 970201"
AD001914,AC001484,residence,kyc_origination,2026-04-01,T2,"Om Sai Complex, opp Mosque, Tilak Nagar, Devgarh Nagar - 970203"
AD001915,AC001484,permanent_native,kyc_origination,2026-04-01,OUT,"Village Chikkapura, Taluk A, District East - 999909"
AD001916,AC001485,residence,kyc_origination,2026-04-01,T2,"opposite Hanman Temple, Shastri Nagr, Devgarh Nagar - 970201"
AD001917,AC001485,office,kyc_origination,2026-04-01,T2,"House 252, गली नं. 6, बस स्टॉप के पास, Indira Col, Devgarh Nagr - 970202"
AD001918,AC001486,residence,kyc_origination,2026-04-01,T2,"H.No. 196, गली नं. 11, Ward 3, राशन की दुकान के पीछे, Ambedkar Nagar, Devgarh Nagar - 970204"
AD001919,AC001487,residence,kyc_origination,2026-04-01,T3,"H.No. 473, F Block, 7th Road, Sarkari Shaale hattira, Orchid Enclave, Navanagara East - 980301"
AD001920,AC001488,residence,kyc_origination,2026-04-01,T3,"E Block, 6th Rd, close to PDS Shop, Lakeview Phase 2, Navanagara East - 980303"
AD001921,AC001489,residence,kyc_origination,2026-04-01,T3,blk f rd 6 close to masjid teachers colony navanagara east - 980302
AD001922,AC001490,residence,kyc_origination,2026-04-01,T3,house 112 a blk. 4th road nyayabele angadi eduru ocrhid enclave navanagara esat - 980304
AD001923,AC001491,residence,kyc_origination,2026-04-01,T2,"Gali 10, Ganesh Mandir ke peeche, Azad Mohalla, Devgarh Nagar - 970203"
AD001924,AC001491,office,kyc_origination,2026-04-01,T2,"बस स्टॉप के सामने, Gandhi Basti, Devgarh Nagar - 970203"
AD001925,AC001492,residence,kyc_origination,2026-04-01,T3,#335 blk a rd 5 ration ki dukaan ke samne orchid enclave navanagara east - 980301
AD001926,AC001492,office,kyc_origination,2026-04-01,T3,h.no. 247 blk c rd 1 nr. petrol pump royal gardens navanagara east - 980303
AD001927,AC001493,residence,kyc_origination,2026-04-01,T2,"No. 177, Green View Apts, Gali no-4, Bus Stop ke pass, Devgarh Nagar - 970203"
AD001928,AC001493,office,kyc_origination,2026-04-01,T2,"House 108, गली नं. 7, Ward 8, सरकारी स्कूल के सामने, Azad Mohalla, Devgarh Nagar - 970203"
AD001929,AC001494,residence,kyc_origination,2026-04-01,T2,"#31, Gali no-2, Ward 6, Nehru Colony, Devgarh Nagar - 970203"
AD001930,AC001495,residence,kyc_origination,2026-04-01,T1,"NO. 56, 2ND CROSS, 6TH MAIN RD, CLOSE TO MILK BOOTH, NEHRU COLONY, KAVERIPURA - 960101"
AD001931,AC001496,residence,kyc_origination,2026-04-01,T2,"House 224, गली नं. 1, Ward 9, Devgarh Nagar - 970201"
AD001932,AC001497,residence,kyc_origination,2026-04-01,T3,"Blk E, Rd 3, bhd Park, Orchid Enclave, Navanagara East - 980301"
AD001933,AC001498,residence,kyc_origination,2026-04-01,T3,"NO. 26, C BLK, 5TH RD, UDYANAVANA EDHURU, PALM MEADOWS, NAVANAGARA EAST - 980302"
AD001934,AC001498,office,kyc_origination,2026-04-01,T3,"HOUSE 223, BLK A, RD 1, SILVER OAK LAYOUT, NAVANAGARA EAT - 980301"
AD001935,AC001499,residence,kyc_origination,2026-04-01,T1,"#466, nr Ganessh Temple, Vinayaka Nagar, Kaveripura - 960104"
AD001936,AC001499,permanent_native,kyc_origination,2026-04-01,OUT,"Village Kodihalli, Tehsil C, District West - 998136"
AD001937,AC001500,residence,kyc_origination,2026-04-01,T2,"HOUSE 342, GALI 10, WARD 8, PETROL PUMP KE PASS, AZAD MOHALLA, DEVGARH NAGAR - 970203"
AD001938,AC001501,residence,kyc_origination,2026-04-01,T2,no. 188 gali 3 adj. church shastri nagra devgarh nagar - 970201
AD001939,AC001502,residence,kyc_origination,2026-04-01,T3,"40/1, Doodh Dairy ke pass, Green Park Layout, Navanagara East - 980301"
AD001940,AC001503,residence,kyc_origination,2026-04-01,T1,no. 445 1st cross 8th main vidya nagar kaveripura - 960103
AD001941,AC001503,office,kyc_origination,2026-04-01,T1,"H.No. 184, 6th Crs, 1st Main, Haalina Dairy hattira, Anjaneya Badavane, Kaveripura - 960103"
AD001942,AC001504,residence,kyc_origination,2026-04-01,T2,nr. milk booth shastri nagr devgarh nagar - 970201
AD001943,AC001505,residence,kyc_origination,2026-04-01,T3,houe 411 blk e rd 1 palm meadows navanagara east - 980303
AD001944,AC001506,residence,kyc_origination,2026-04-01,T2,"Gali 12, Krishna Puri, Devgarh Nagar - 970202"
AD001945,AC001507,residence,kyc_origination,2026-04-01,T1,"1st Crs, 2nd Main, nr Ganapathi Temple, Vinayaka Nagar, Kaveripura - 960104"
AD001946,AC001508,residence,kyc_origination,2026-04-01,T3,no. 98 blk c rd 2 nr milk booth hmt colny navanagara east - 980301
AD001947,AC001509,residence,kyc_origination,2026-04-01,T3,blk e rd 4 nr petrol pump orchid enclave navanagara east - 980301
AD001948,AC001510,residence,kyc_origination,2026-04-01,T2,"H.No. 339, Gali No. 2, Ward 9, Shastri Nagar, Devgarh Nagar"
AD001949,AC001511,residence,kyc_origination,2026-04-01,T1,"#389, 1st Cr, 6th Main, nr. Milk Dairy, Nehru Col, Kaveripura - 960102"
AD001950,AC001512,residence,kyc_origination,2026-04-01,T2,"#80, opp Govt School, Patel Nagar, Devgarh Nagar - 970202"
AD001951,AC001513,residence,kyc_origination,2026-04-01,T2,"Sri Krishna Nivas, Gali no-2, Ward 12, Tilak Nagar, Devgarh Nagar - 970204"
AD001952,AC001514,residence,kyc_origination,2026-04-01,T2,"#233, Gali 6, Ward 8, Azad Mohaalla, Devgarh Nagar - 970203"
AD001953,AC001515,residence,kyc_origination,2026-04-01,T2,gali no. 12 medical store ke paas shastri nagr devgarh nagar
AD001954,AC001516,residence,kyc_origination,2026-04-01,T2,"गली नं. 11, राशन की दुकान के पास, Patel Nagr, Devgarh Nagar - 970203"
AD001955,AC001516,office,kyc_origination,2026-04-01,T2,house 70 gali 7 ward 6 medical store ke pass nehru colony devgarh nagar - 970203
AD001956,AC001517,residence,kyc_origination,2026-04-01,T3,"BLK A, RD 2, UNITY NAGR, NAVANAGARA EAST - 980302"
AD001957,AC001518,residence,kyc_origination,2026-04-01,T3,"447/, B BLOCK, 7TH ROAD, ನೀರಿನ ಟ್ಯಾಂಕ್ ಹತ್ತಿರ, TEACHERS COLNY, NAVANAGARA EAST - 980302"
AD001958,AC001519,residence,kyc_origination,2026-04-01,T3,house 454 blk e rd 3 nr. ration shop lakeview phase 2 navanagara east - 980303
AD001959,AC001520,residence,kyc_origination,2026-04-01,T1,h.no. 27 3rd cross 5th main anjaneya gudi edhuru siddeshwara colony kaveripura - 960102
AD001960,AC001521,residence,kyc_origination,2026-04-01,T1,"#428, Om Sai Complex, 7th X, 2nd Mn, Udyanavana hattira, Nehru Colony, Kaveripura - 960102"
AD001961,AC001522,residence,kyc_origination,2026-04-01,T1,"109/2, 10TH X, 8TH MAIN, NEAR PETROL BUNK, VINAYAKA NGR, KAVERIPURA - 960104"
AD001962,AC001523,residence,kyc_origination,2026-04-01,T2,gali no. 8 ward 11 girja ghar ke pass patel nagar devgarh nagar
AD001963,AC001524,residence,kyc_origination,2026-04-01,T2,"GALI 2, WARD 9, GIRJA GHAR KE PASS, SHASTRI NAGAR, DEVGRAH NAGAR - 970201"
AD001964,AC001525,residence,kyc_origination,2026-04-01,T3,"E Block, 1st Road, near Post Office, Palm Meadows, Navanagara East - 980302"
AD001965,AC001526,residence,kyc_origination,2026-04-01,T2,"Ganga Apartments, गली नं. 12, मेडिकल स्टोर के पास, Gandhi Basti, Devgarh Nagar - 970203"
AD001966,AC001526,office,kyc_origination,2026-04-01,T2,"H.No. 8, Annapoorna Nilaya, Gali no-2, Ward 10, Bus Adda ke pass, Krishna Puri, Devgarh Nagar - 970204"
AD001967,AC001527,residence,kyc_origination,2026-04-01,T1,"No. 59, 4th Cr, 2nd Main, Kalyana Ngr, Kaveripura - 960104"
AD001968,AC001528,residence,kyc_origination,2026-04-01,T2,gali no-10 ward 6 opposite water tank nehru colony devgarh nagar
AD001969,AC001529,residence,kyc_origination,2026-04-01,T2,"NO. 364, GALI NO. 1, BHD BUS STAND, SUBHASH NAGAR, DEVGARH NGR - 970201"
AD001970,AC001530,residence,kyc_origination,2026-04-01,T1,"H.No. 316, nera Ganapathi Temple, Vinayaka Ngr, Kaveripura"
AD001971,AC001531,residence,kyc_origination,2026-04-01,T2,"No. 42, Gali 8, Krishna Puri, Devgarh Nagar - 970202"
AD001972,AC001532,residence,kyc_origination,2026-04-01,T1,"HOUSE 252, 9TH X, 4TH MAIN RD, GANAPATHI GUDI HATTIRA, GANDHI NAGAR, KAVERIPURA - 960101"
AD001973,AC001533,residence,kyc_origination,2026-04-01,T1,annapoorna nilaya 4th cross 2nd min near church kaveripura - 960102
AD001974,AC001534,residence,kyc_origination,2026-04-01,T2,432/2 gali 9 b/h gvt school gandhi basti devgarh nagar
AD001975,AC001534,permanent_native,kyc_origination,2026-04-01,OUT,"Village Rampura Kalan, Taluk A, District East - 992010"
AD001976,AC001535,residence,kyc_origination,2026-04-01,T3,"F Block, 4th Roadd, Jama Masjid ke paas, Palm Meadows, Navanagara East - 980302"
AD001977,AC001536,residence,kyc_origination,2026-04-01,T3,"E Blk., 2nd Road, Lakeview Phase 2, Navanagara East"
AD001978,AC001537,residence,kyc_origination,2026-04-01,T1,"#336, 4th Cr, 8th Mn, behind Milk Dairy, Nehru Col, Kaveripura - 960102"
AD001979,AC001537,permanent_native,kyc_origination,2026-04-01,OUT,"Village Devipur, Taluk A, District North - 991289"
AD001980,AC001538,residence,kyc_origination,2026-04-01,T2,"Gali no-11, Dawai ki Dukaan ke pass, Shivaji Ngar, Devgarh Nagar - 970202"
AD001981,AC001538,permanent_native,kyc_origination,2026-04-01,OUT,"Village Sundarpur, Taluk A, District North - 995319"
AD001982,AC001539,residence,kyc_origination,2026-04-01,T3,"No. 321, B Blk., 5th Rd, Jama Masjid ke peeche, Silver Oak Lyt, Navanagara East - 980301"
AD001983,AC001540,residence,kyc_origination,2026-04-01,T3,"HOUSE 417, LAKEVIEW PHASE 2, NAVANAGARA EAST - 980302"
AD001984,AC001540,office,kyc_origination,2026-04-01,T3,"F BLOCK, 2ND ROAD, NR OVERHEAD TANK, DEFENCE COLNY, NAVANAGARA EAST - 980301"
AD001985,AC001541,residence,kyc_origination,2026-04-01,T3,"H.No. 85, Blk F, Rd 3, Medical Shop hattira, Orchid Enclave, Navanagara East - 980301"
AD001986,AC001541,office,kyc_origination,2026-04-01,T3,"House 105, Blk A, Rd 2, opp. Milk Booth, Navanagara East - 980302"
AD001987,AC001542,residence,kyc_origination,2026-04-01,T2,"103/2, Gali No. 1, मस्जिद के पास, Devgarh Nagar - 970202"
AD001988,AC001543,residence,kyc_origination,2026-04-01,T3,no. 230 f block 5th road nr post office railway colony navanagara east - 980304
AD001989,AC001543,office,kyc_origination,2026-04-01,T3,no. 230 a block 6th rd palm meadows navanagara east - 980302
AD001990,AC001544,residence,kyc_origination,2026-04-01,T3,"111/3, Blk A, Rd 5, Railway Colny, Navanagara Est - 9803304"
AD001991,AC001545,residence,kyc_origination,2026-04-01,T1,"#455, 4th X, 1st Main, Gandhi Ngr, Kaveripura - 960102"
AD001992,AC001546,residence,kyc_origination,2026-04-01,T1,"#182, opp PDS Shop, Nehru Colony, Kaveripura - 960102"
AD001993,AC001546,office,kyc_origination,2026-04-01,T1,"House 184, 2nd Cross, 8th Main Rd, Gandhi Nagar, Kaveripura"
AD001994,AC001547,residence,kyc_origination,2026-04-01,T3,a block 2nd rd palm meadows navanagara east - 980302
AD001995,AC001548,residence,kyc_origination,2026-04-01,T3,"House 34, Blk E, Rd 2, near Mosque, Teachers Colony, Navanagara East - 980302"
AD001996,AC001549,residence,kyc_origination,2026-04-01,T2,217/3 gali no. 10 ward 11 near ganesh temple devgarh nagar - 970202
AD001997,AC001549,permanent_native,kyc_origination,2026-04-01,OUT,"Village Rampura Kalan, Taluk A, District South - 995315"
AD001998,AC001550,residence,kyc_origination,2026-04-01,T2,154/1 gali no-5 bagicha ke paas nehru colony devgahr nagar - 970203
AD001999,AC001551,residence,kyc_origination,2026-04-01,T1,"#284, 3RD CROSS, 3RD MAIN, CLOSE TO POST OFFICE, KAVERIPURA - 960104"
AD002000,AC001552,residence,kyc_origination,2026-04-01,T3,"H.No. 327, ಬಸ್ ನಿಲ್ದಾಣ ಎದುರು, Silver Oak Layt, Navanagara East - 980301"
AD002001,AC001552,office,kyc_origination,2026-04-01,T3,"288/1, Blk F, Rd 6, next to Community Hall, Defence Colony, Navanagara East - 980301"
AD002002,AC001553,residence,kyc_origination,2026-04-01,T2,"#251, GALI 4, WARD 1, NEAR BUS STOP, SHIVAJI NAGAR, DEVGARH NAGAR - 970204"
AD002003,AC001554,residence,kyc_origination,2026-04-01,T2,"#6, Gali No. 9, मस्जिद के पास, Subhash Ngr, Devgarh Nagr - 970201"
AD002004,AC001554,office,kyc_origination,2026-04-01,T2,"Gali No. 1, Community Hall ke pass, Nehru Colny, Devgarh Nagar - 970203"
AD002005,AC001555,residence,kyc_origination,2026-04-01,T2,"House 76, Gali no-12, Ration ki Dukaan ke samne, Ambedkar Nagar, Devgarh Nagar - 970204"
AD002006,AC001555,permanent_native,kyc_origination,2026-04-01,OUT,"Village Bilagi, Tehsil C, District South - 992342"
AD002007,AC001556,residence,kyc_origination,2026-04-01,T2,"No. 63, Gali no-7, Sarkari School ke saamne, Patel Nagar, Devgarh Nagar - 970202"
AD002008,AC001557,residence,kyc_origination,2026-04-01,T3,"H.No. 428, Blk B, Rd 1, Royal Gardens, Navanagara East - 980304"
AD002009,AC001558,residence,kyc_origination,2026-04-01,T3,"H.NO. 134, A BLOCK, 4TH RD., BEHIND GANAPATHI TEMPLE, HMT COLONY, NAVANAGARA EAST - 980301"
AD002010,AC001558,permanent_native,kyc_origination,2026-04-01,OUT,"Village Bilagi, Taluk B, District South - 991983"
AD002011,AC001559,residence,kyc_origination,2026-04-01,T1,"House 467, 9th Cross, 6th Main, Girja Ghar ke pass, Kaveripura - 960101"
AD002012,AC001559,permanent_native,kyc_origination,2026-04-01,OUT,"Village Rampura Kalan, Taluk B, District East - 998280"
AD002013,AC001560,residence,kyc_origination,2026-04-01,T1,"4th Cross, 4th Main Rd, Vidya Nagr, Kaveripura - 960104"
AD002014,AC001560,office,kyc_origination,2026-04-01,T1,"11th X, 1st Main, Neerina Tank hattira, Shanthi Nagar, Kaveripura - 960101"
AD002015,AC001561,residence,kyc_origination,2026-04-01,T1,"148/3, 122th Cross, 1st Main, Basava Nagr, Kaveripura - 960110"
AD002016,AC001562,residence,kyc_origination,2026-04-01,T1,#475 ಆಂಜನೇಯ ದೇವಸ್ಥಾನ ಹತ್ತಿರ nehru colony kaveripura - 960102
AD002017,AC001562,permanent_native,kyc_origination,2026-04-01,OUT,"Village Devipur, Taluk B, District South - 992207"
AD002018,AC001563,residence,kyc_origination,2026-04-01,T2,"#323, Gali 6, Ward 7, nr. Govt School, Ganhdi Basti, Devgarh Nagar - 970203"
AD002019,AC001564,residence,kyc_origination,2026-04-01,T2,"SARKARI SCHOOL KE PASS, PATEL NAGAR, DEVGARH NGR - 970202"
AD002020,AC001564,permanent_native,kyc_origination,2026-04-01,OUT,"Village Sundarpur, Tehsil D, District West - 996205"
AD002021,AC001565,residence,kyc_origination,2026-04-01,T1,"H.No. 392, 5th Cross, 8th Main, Haalina Dairy hattira, Nehru Colny, Kaveripura - 960102"
AD002022,AC001566,residence,kyc_origination,2026-04-01,T3,blk c rd 5 nr. pds shop hmt colony navanagara east - 980301
AD002023,AC001567,residence,kyc_origination,2026-04-01,T3,"close to Milk Booth, Railway Colny, Navanagara East - 980304"
AD002024,AC001568,residence,kyc_origination,2026-04-01,T1,"H.No. 41, 10th Cross, 7th Mn, Siddeshwara Colny, Kaveripura - 960102"
AD002025,AC001569,residence,kyc_origination,2026-04-01,T3,"428/3, C Block, 1st Road, Railway Col, Navanagara East - 980304"
AD002026,AC001570,residence,kyc_origination,2026-04-01,T2,subhash ngr devgarh nagar - 970201
AD002027,AC001571,residence,kyc_origination,2026-04-01,T2,"गली नं. 5, Shastri Ngr, Devgarh Nagar - 970201"
AD002028,AC001572,residence,kyc_origination,2026-04-01,T2,"House 410, Gali No. 9, Ward 12, Petrol Pump ke pass, Tilak Ngr, Devgarh Ngr - 970204"
AD002029,AC001573,residence,kyc_origination,2026-04-01,T1,"H.No. 389, 12th X, 6th Mn, Vidya Nagar, Kaveripura - 960103"
AD002030,AC001574,residence,kyc_origination,2026-04-01,T2,"281/1, NEAR PARK, RAM NAGAR, DEVGARH NAGAR - 970203"
AD002031,AC001575,residence,kyc_origination,2026-04-01,T3,"F Blk., 5th Road, Ration Angadi hattira, Lakeview Phase 2, Navanagara East - 980303"
AD002032,AC001575,permanent_native,kyc_origination,2026-04-01,OUT,"Village Rampura Kalan, Taluk A, District South - 994001"
AD002033,AC001576,residence,kyc_origination,2026-04-01,T3,"A Block, 1st Road, Bus Stop ke paas, Silver Oak Layout, Navanagara East - 980304"
AD002034,AC001577,residence,kyc_origination,2026-04-01,T2,"H.No. 391, Gali No. 5, opp. Post Ofifce, Devgarh Ngr - 970202"
AD002035,AC001578,residence,kyc_origination,2026-04-01,T3,"A BLOCK, 5TH RD., NEXT TO GANAPATHI TEMPLE, HMT COLONY, NAVANAGARA EAST - 980301"
AD002036,AC001579,residence,kyc_origination,2026-04-01,T3,"431/3, B Block, 1st Road, ಚರ್ಚ್ ಪಕ್ಕ, Defence Colony, Navanagara East - 980301"
AD002037,AC001580,residence,kyc_origination,2026-04-01,T3,"opposite Petrol Pump, Unity Nagar, Navanagara East - 980302"
AD002038,AC001581,residence,kyc_origination,2026-04-01,T1,"H.No. 437, 5th Cross, 7th Mn, near Milk Dairy, Nehru Colony, Kaveripura - 906102"
AD002039,AC001582,residence,kyc_origination,2026-04-01,T1,"#459, 3rd Cross, 5th Main, Haalina Dairy hattira, Nehru Colny, Kaveripura - 960102"
AD002040,AC001583,residence,kyc_origination,2026-04-01,T3,"House 174, Blk D, Rd 3, Green Park Layout, Navanagara East - 980301"
AD002041,AC001583,permanent_native,kyc_origination,2026-04-01,OUT,"Village Bilagi, Tehsil C, District East - 999146"
AD002042,AC001584,residence,kyc_origination,2026-04-01,T3,"No. 409, Blk C, Rd 2, Silver Oak Layt, Navanagara East - 980301"
AD002043,AC001585,residence,kyc_origination,2026-04-01,T2,gali no. 1 nehru colony devgarh nagr - 970203
AD002044,AC001586,residence,kyc_origination,2026-04-01,T3,doodh dairy ke pass palm meadows navanagara east - 980302
AD002045,AC001587,residence,kyc_origination,2026-04-01,T2,"#471, GALI 2, WARD 9, NR. MASJID, SHASTRI NAGAR, DEVGARH NAGR - 970201"
AD002046,AC001588,residence,kyc_origination,2026-04-01,T1,"1st X, 5th Main Rd, nr Milk Dairy, Basava Nagar, Kaveripura - 960101"
AD002047,AC001589,residence,kyc_origination,2026-04-01,T3,"H.No. 199, nr. Overhead Tank, Silver Oak Lyt, Navanagara East - 980301"
AD002048,AC001590,residence,kyc_origination,2026-04-01,T3,"House 273, C Blk., 6th Road, Teachers Colony, Navanagara East - 980302"
AD002049,AC001590,office,kyc_origination,2026-04-01,T3,"C Block, 1st Road, opp. Church, Lakeview Phase 2, Navanagara East - 980303"
AD002050,AC001591,residence,kyc_origination,2026-04-01,T2,"H.NO. 390, GALI NO. 5, दूध डेयरी के पास, AMBEDKAR NGR, DEVGARH NAGAR - 970204"
AD002051,AC001592,residence,kyc_origination,2026-04-01,T3,"C Block, 4th Rd, Sarkari School ke pass, Orchid Enclave, Navanagara East - 980303"
AD002052,AC001593,residence,kyc_origination,2026-04-01,T2,"Gali 7, nr Petrol Bunk, Tilak Ngr, Devgarh Nagar - 970204"
AD002053,AC001593,office,kyc_origination,2026-04-01,T2,"#106, Gali 10, Ward 12, Hanuman Mandir ke pasa, Tilak Nagar, Devgarh Nagar - 970204"
AD002054,AC001594,residence,kyc_origination,2026-04-01,T2,"GALI 6, WARD 2, BEHIND MEDICAL STORE, INDIRA COLONY, DEVGARH NAGR - 970202"
AD002055,AC001594,office,kyc_origination,2026-04-01,T2,"HOUSE 419, GALI 4, WARD 6, BUS ADDA KE PASS, NEHRU COL, DEVGARH NGR - 970203"
AD002056,AC001595,residence,kyc_origination,2026-04-01,T2,#24 gali 7 nehru colny devgarh nagar - 970203
AD002057,AC001596,residence,kyc_origination,2026-04-01,T2,h.no. 396 gali no-11 ganesh mandir ke paas devgarh nagar - 9702203
AD002058,AC001596,permanent_native,kyc_origination,2026-04-01,OUT,"Village Mallapura, Taluk A, District East - 991469"
AD002059,AC001597,residence,kyc_origination,2026-04-01,T2,"Gali No. 8, सरकारी स्कूल के सामने, Patel Nagr, Devgarh Nagr - 970202"
AD002060,AC001598,residence,kyc_origination,2026-04-01,T1,"No. 110, 5th Cross, 1st Mn, Hanuman Mandir ke paas, Kuvempu Layt, Kaveripura - 960102"
AD002061,AC001599,residence,kyc_origination,2026-04-01,T1,"7th Cross, 5th Main, Gandhi Ngr, Kaveripura - 960102"
AD002062,AC001600,residence,kyc_origination,2026-04-01,T1,"H.No. 293, 8th Cross, 3rd Main Rd, Ganesh Mandir ke samne, Siddeshwara Colony, Kaveripura - 960102"
AD002063,AC001601,residence,kyc_origination,2026-04-01,T2,"Gali 1, Park ke paas, Indira Colony, Devgarh Nagar - 970202"
AD002064,AC001602,residence,kyc_origination,2026-04-01,T2,"Gali no-5, nr. Ganapathi Temple, Shivaji Nagar, Devgarh Nagar - 90203"
AD002065,AC001603,residence,kyc_origination,2026-04-01,T2,"#157, GALI NO. 12, NR. RATION SHOP, NEHRU COLNY, DEVGARH NAGAR - 970203"
AD002066,AC001604,residence,kyc_origination,2026-04-01,T2,"472/2, GALI NO-4, DAWAI KI DUKAAN KE PAAS, PATEL NAGAR, DEVGARH NAGR"
AD002067,AC001605,residence,kyc_origination,2026-04-01,T1,113/3 4th cr 3rd main kuvempu layt kaveripura - 960102
AD002068,AC001606,residence,kyc_origination,2026-04-01,T3,"near Mosque, Railway Col, Navanagara East - 980304"
AD002069,AC001607,residence,kyc_origination,2026-04-01,T3,"House 274, F Blk., 2nd Road, opposite Bus Stand, Lakeview Phase 2, Navanagara East - 980303"
AD002070,AC001607,office,kyc_origination,2026-04-01,T3,"C Block, 3rd Rd., Orchid Enclave, Navanagara East - 980301"
AD002071,AC001608,residence,kyc_origination,2026-04-01,T3,h.no. 402 om sai complex c block 1st rd. palm meadows navanagara east - 980302
AD002072,AC001608,office,kyc_origination,2026-04-01,T3,"#382, Annapoorna Nilaya, D Block, 5th Road, nr. Hanuman Temple, Orchid Enclave, Navanagara East"
AD002073,AC001609,residence,kyc_origination,2026-04-01,T1,"9th Crs, 3rd Main, close to Ganesh Temple, Shanthi Nagr, Kaveripura - 960101"
AD002074,AC001610,residence,kyc_origination,2026-04-01,T2,"H.No. 140, Gali 11, opp. Ganesh Temple, Patel Nagar, Devgarh Ngr - 970202"
AD002075,AC001611,residence,kyc_origination,2026-04-01,T2,"202/3, Gali No. 3, Ward 11, Patel Nagar, Devgarh Nagar - 970202"
AD002076,AC001611,permanent_native,kyc_origination,2026-04-01,OUT,"Village Bilagi, Taluk B, District North - 994114"
AD002077,AC001612,residence,kyc_origination,2026-04-01,T3,"B Blk, 2nd Road, Girja Ghar ke pass, Navanagara East - 980302"
AD002078,AC001612,office,kyc_origination,2026-04-01,T3,"No. 404, B Block, 3rd Rd, nr PDS Shop, Teachers Colony, Navanagara East - 980303"
AD002079,AC001613,residence,kyc_origination,2026-04-01,T1,"10th Cross, 6th Main, ಮಸೀದಿ ಹತ್ತಿರ, Shanthi Nagar, Kaveripura - 960101"
AD002080,AC001613,office,kyc_origination,2026-04-01,T1,"No. 62, 8th Cross, 3rd Main, Gandhi Nagr, Kaveripura - 960102"
AD002081,AC001614,residence,kyc_origination,2026-04-01,T3,house 300 blk a rd 3 nr. pds shop teachers colony navanagara east - 980302
AD002082,AC001614,office,kyc_origination,2026-04-01,T3,house 159 a blk. 2nd rd. palm meadows navanagara east - 980302
AD002083,AC001615,residence,kyc_origination,2026-04-01,T3,"H.NO. 176, B BLOCK, 1ST RD., ORCHID ENCLAVE, NAVANAGARA EAST - 980301"
AD002084,AC001615,permanent_native,kyc_origination,2026-04-01,OUT,"Village Mallapura, Tehsil C, District East - 991070"
AD002085,AC001616,residence,kyc_origination,2026-04-01,T3,"House 441, D Block, 6th Road, Lakeview Phase 2, Navanagara East - 980303"
AD002086,AC001616,office,kyc_origination,2026-04-01,T3,"No. 286, Blk F, Rd 4, nr. PDS Shop, Navanagara East - 980302"
AD002087,AC001617,residence,kyc_origination,2026-04-01,T3,"No. 340, Bagicha ke samne, Orchid Enclave, Navanagara East - 980301"
AD002088,AC001618,residence,kyc_origination,2026-04-01,T1,no. 61 bhd pds shop nehru colony kaveripura - 960102
AD002089,AC001619,residence,kyc_origination,2026-04-01,T2,"203/2, गली नं. 10, चर्च के पीछे, Indira Colny, Devgarh Nagar - 970202"
AD002090,AC001620,residence,kyc_origination,2026-04-01,T1,5th cross 7th main ಗಣಪತಿ ದೇವಸ್ಥಾನ ಹತ್ತಿರ gandhi nagr kaveripura - 960102
AD002091,AC001621,residence,kyc_origination,2026-04-01,T2,"#397, Gali No. 4, Ward 11, Patel Nagr, Devgarh Nagar - 970202"
AD002092,AC001622,residence,kyc_origination,2026-04-01,T3,"Lkeview Phase 2, Navanagara East - 980302"
AD002093,AC001622,permanent_native,kyc_origination,2026-04-01,OUT,"Village Mallapura, Taluk A, District North - 997186"
AD002094,AC001623,residence,kyc_origination,2026-04-01,T3,"H.No. 48, F Block, 3rd Road, close to Ganesh Temple, Railway Colony, Navanagara East - 980304"
AD002095,AC001624,residence,kyc_origination,2026-04-01,T3,62/1 blk d rd 3 opposite community hall green park layout navanagara east - 980301
AD002096,AC001625,residence,kyc_origination,2026-04-01,T3,"#173, E Block, 6th Road, nr. Ration Shop, Lakeview Phase 2, Navanagara East - 980303"
AD002097,AC001626,residence,kyc_origination,2026-04-01,T1,"2nd Cross, 7th Main, nr Hanuman Temple, Kuvempu Layout, Kaveripura - 960102"
AD002098,AC001627,residence,kyc_origination,2026-04-01,T3,"No. 169, Blk B, Rd 3, opp Hanuman Temple, Green Park Layt, Navanagara East - 980301"
AD002099,AC001627,office,kyc_origination,2026-04-01,T3,"No. 160, Blk D, Rd 3, Defecne Colny, Navanagara East - 980301"
AD002100,AC001628,residence,kyc_origination,2026-04-01,T3,"b/h Bus Stop, Navanagara East - 980301"
AD002101,AC001628,office,kyc_origination,2026-04-01,T3,"H.No. 396, E Block, 2nd Road, Sunrise Enclave, Navanagara East - 9803304"
AD002102,AC001629,residence,kyc_origination,2026-04-01,T3,"218/1, Blk D, Rd 6, Post Office ke pass, Palm Meadows, Navanagara East - 980302"
AD002103,AC001630,residence,kyc_origination,2026-04-01,T1,"OPPOSITE CHILDREN PARK, GANDHI NAGAR, KAVERIPURA - 960102"
AD002104,AC001631,residence,kyc_origination,2026-04-01,T1,"317/1, 3RD CROSS, 6TH MAIN, OPP. RATION SHOP, VIDYA NAGR, KAVERIPURA - 960103"
AD002105,AC001632,residence,kyc_origination,2026-04-01,T2,"H.No. 243, Gali no-12, Ward 6, Ration ki Dukaan ke paas, Nehru Colony, Devgarh Nagar - 970203"
AD002106,AC001632,office,kyc_origination,2026-04-01,T2,"Sarkari School ke pass, Krishna Puri, Devgarh Ngr - 970202"
AD002107,AC001633,residence,kyc_origination,2026-04-01,T1,"10th Cross, 1st Mai,n close to Ration Shop, Hosa Badavane, Kaveripura - 960101"
AD002108,AC001634,residence,kyc_origination,2026-04-01,T1,"ಮಸೀದಿ ಎದುರು, NEHRU COL, KAVERIPURA - 960102"
AD002109,AC001634,permanent_native,kyc_origination,2026-04-01,OUT,"Village Mallapura, Tehsil D, District South - 996231"
AD002110,AC001635,residence,kyc_origination,2026-04-01,T1,#155 1st cross 4th main sidedshwara col kaveripura - 960102
AD002111,AC001636,residence,kyc_origination,2026-04-01,T2,"House 316, Gali 10, Ganesh Mandir ke pass, Devgarh Ngr - 970202"
AD002112,AC001637,residence,kyc_origination,2026-04-01,T2,"House 249, Gali 12, close to Hanuman Temple, Ambedkar Nagr, Devgarh Nagr - 970204"
AD002113,AC001638,residence,kyc_origination,2026-04-01,T1,"H.No. 343, close to Community Hall, Gandhi Nagr, Kaveripura - 960102"
AD002114,AC001639,residence,kyc_origination,2026-04-01,T3,"D Blok, 4th Road, near Govt Scheol, HMT Colony, Navanagara East - 980301"
AD002115,AC001639,office,kyc_origination,2026-04-01,T3,"C Block, 5th Rd., close to Mosque, Orchid Enclave, Navanagara East - 980301"
AD002116,AC001640,residence,kyc_origination,2026-04-01,T1,"#335, 5th Cross, 5th Main, Ganapathi Gudi hinde, Gandhi Nagar, Kaveripura - 960102"
AD002117,AC001641,residence,kyc_origination,2026-04-01,T2,"ANNAPOORNA NILAYA, GALI NO. 1, CLOSE TO MOSQUE, RAM NGR, DEVGARH NAGAR - 970203"
AD002118,AC001642,residence,kyc_origination,2026-04-01,T2,"Gali 3, Medical Store ke pass, Patel Nagar, Devgarh Nagar - 970202"
AD002119,AC001643,residence,kyc_origination,2026-04-01,T2,gali no. 3 bhd masjid devgarh nagar - 970201
AD002120,AC001643,office,kyc_origination,2026-04-01,T2,gali no-6 ward 8 bhd park azad mohalla devgarh nagar - 970203
AD002121,AC001644,residence,kyc_origination,2026-04-01,T1,"78/3, 4th Cr, 5th Main Rd, Nehru Collony, Kaveripura - 960102"
AD002122,AC001645,residence,kyc_origination,2026-04-01,T3,"#12, E BLK, 4TH ROAD, TEACHERS COLONY, NAVANAGARA EAST - 980302"
AD002123,AC001646,residence,kyc_origination,2026-04-01,T2,"#300, Gali 11, Indira Colony, Devgarh Ngr - 970202"
AD002124,AC001647,residence,kyc_origination,2026-04-01,T1,28/2 shanti kunj 3rd x 1st main nehru colony kaveripura
AD002125,AC001647,office,kyc_origination,2026-04-01,T1,h.no. 44 5th cross 5th main kuvempu lyaout kaveripura - 960102
AD002126,AC001648,residence,kyc_origination,2026-04-01,T2,"गली नं. 1, बारात घर के पास, Krishna Puri, Devgarh Nagar - 970202"
AD002127,AC001648,office,kyc_origination,2026-04-01,T2,"No. 83, मेडिकल स्टोर के पास, Ram Nagar, Devgarh Nagar - 970203"
AD002128,AC001649,residence,kyc_origination,2026-04-01,T1,"367/2, 7th Cross, 6th Main, bhd Bus Stand, Vinayaka Nagr, Kaveripura - 960104"
AD002129,AC001649,office,kyc_origination,2026-04-01,T1,"H.No. 153, 5th Crs, 3rd Main, Kuempu Layout, Kaveripura - 960102"
AD002130,AC001650,residence,kyc_origination,2026-04-01,T3,"NO. 313, BLK F, RD 5, SUNRISE ENCLAVE, NAVANAGARA EAST - 980304"
AD002131,AC001651,residence,kyc_origination,2026-04-01,T2,"Gali No. 9, Subhash Nagr, Devgarh Nagr - 970201"
AD002132,AC001651,office,kyc_origination,2026-04-01,T2,gali no-3 ward 4 ration ki dukaan ke saamne ram nagar devgarh nagar - 970203
AD002133,AC001652,residence,kyc_origination,2026-04-01,T1,"6th Cross, 3rd Main, opp Petrol Bunk, Ashoka Layout, Kaveripura - 960104"
AD002134,AC001653,residence,kyc_origination,2026-04-01,T3,"H.No. 78, Blk E, Rd 3, nr Bus Stand, Palm Meadows, Navanagara East - 980302"
AD002135,AC001654,residence,kyc_origination,2026-04-01,T3,#442 om sai complex medical shop hattira teachers col navanagara east - 980302
AD002136,AC001655,residence,kyc_origination,2026-04-01,T2,"H.NO. 25, गली नं. 2, WRAD 11, PATEL NAGAR, DEVGARH NAGAR - 970202"
AD002137,AC001655,permanent_native,kyc_origination,2026-04-01,OUT,"Village Devipur, Tehsil C, District South - 992456"
AD002138,AC001656,residence,kyc_origination,2026-04-01,T3,"H.NO. 419, BLK F, RD 3, CLOSE TO BUS STOP, LAKEVIEW PHASE 2, NAVANAGARA EAST - 980303"
AD002139,AC001656,office,kyc_origination,2026-04-01,T3,"H.NO. 317, GREEN PARK LAYOUT, NAVANAGARA EAST - 980301"
AD002140,AC001657,residence,kyc_origination,2026-04-01,T2,"GALI NO-5, सरकारी स्कूल के पीछे, INDIRA COLONY, DEVGARH NAGAR - 970202"
AD002141,AC001657,office,kyc_origination,2026-04-01,T2,"HOUSE 169, GALI NO-8, SARKARI SCHOOL KE PEECHE, SUBHASH NAGR, DEVGARH NAGAR - 970201"
AD002142,AC001658,residence,kyc_origination,2026-04-01,T1,"House 111, Annapoorna Nilaya, 6th Crs, 6th Main, behind Overhead Tank, Basava Nagar, Kaveripura - 960101"
AD002143,AC001659,residence,kyc_origination,2026-04-01,T3,"49/1, BLK B, RD 6, CLOSE TO MOSQUE, RAILWAY COLONY, NAVANAGARA EAST - 980304"
AD002144,AC001659,permanent_native,kyc_origination,2026-04-01,OUT,"Village Rampura Kalan, Taluk A, District East - 998138"
AD002145,AC001660,residence,kyc_origination,2026-04-01,T3,h.o. 411 ganga apartments sunrise enclave navanagara east
AD002146,AC001660,office,kyc_origination,2026-04-01,T3,"283/3, Navanagara East - 980303"
AD002147,AC001661,residence,kyc_origination,2026-04-01,T1,"191/1, 3rd Cr, 2nd Main Rd, Medical Shop edhuru, Ashoka Layt, Kaveripura"
AD002148,AC001662,residence,kyc_origination,2026-04-01,T1,"Ashoka Layout, Kaveripura - 960104"
AD002149,AC001663,residence,kyc_origination,2026-04-01,T2,"No. 419, Gali No. 8, Gandhi Basti, Devgarh Nagar - 970203"
AD002150,AC001664,residence,kyc_origination,2026-04-01,T3,no. 438 f block 1st rd. nr. hanuman temple lakeview phase 2 navanagara east - 980303
AD002151,AC001665,residence,kyc_origination,2026-04-01,T1,#147 5th crs 8th main close to ganapathi temple gandhi nagar kaveripura - 960102
AD002152,AC001665,office,kyc_origination,2026-04-01,T1,nr medicals hosa badavane kaveripura - 960104
AD002153,AC001666,residence,kyc_origination,2026-04-01,T3,"NO. 350, BLK F, RD 4, PALM MEADOWS, NAVANAGARA EAST - 980302"
AD002154,AC001667,residence,kyc_origination,2026-04-01,T1,"11th Cross, 5th Mn, opposite Government School, Gandhi Nagr, Kaveripura - 960103"
AD002155,AC001668,residence,kyc_origination,2026-04-01,T3,b block 4th road nr masjid railay colny navanagara east - 9880304
AD002156,AC001668,permanent_native,kyc_origination,2026-04-01,OUT,"Village Rampura Kalan, Tehsil D, District West - 992747"
AD002157,AC001669,residence,kyc_origination,2026-04-01,T3,"Hiuse 42,0 Blk D, Rd 4, Teachers Col, Navanagara East - 980302"
AD002158,AC001670,residence,kyc_origination,2026-04-01,T1,"H.No. 109, Ration Angadi hattira, Kaveripura - 960102"
AD002159,AC001671,residence,kyc_origination,2026-04-01,T2,"Gali No. 12, nr Haanuman Temple, Ambedkar Nagar, Devgarh Nagar - 970204"
AD002160,AC001671,office,kyc_origination,2026-04-01,T2,house 135 gali no-11 close to hanuman temple tilak nagar devgarh nagr - 970204
AD002161,AC001672,residence,kyc_origination,2026-04-01,T1,"402/2, BEHIND GOVERNMENT SCHOOL, SIDDESHWARA COLNY, KAVERIPURA - 960102"
AD002162,AC001673,residence,kyc_origination,2026-04-01,T2,"No. 18, Patel Nagar, Devgarh Ngr - 970202"
AD002163,AC001674,residence,kyc_origination,2026-04-01,T2,h.no. 136 gali no-6 girja ghar ke pass devgarh ngr - 970202
AD002164,AC001675,residence,kyc_origination,2026-04-01,T3,"Blk C, Rd 2, Orchid Enclave, Navanagara East - 980301"
AD002165,AC001675,office,kyc_origination,2026-04-01,T3,neerina tank hattira silvver oak lyaout navanagara east - 980301
AD002166,AC001676,residence,kyc_origination,2026-04-01,T2,"No. 143, Doodh Dairy ke paas, Ambedkar Nagr, Devgarh Nagar - 970204"
AD002167,AC001677,residence,kyc_origination,2026-04-01,T2,h.no. 319 gali nu-1 ambedkar ngr devgarh nagar - 970204
AD002168,AC001677,permanent_native,kyc_origination,2026-04-01,OUT,"Village Hosahalli, Tehsil C, District South - 993411"
AD002169,AC001678,residence,kyc_origination,2026-04-01,T1,434/3 6th crs 5th mn nr. milk dairy kuvempu layout kaveripura - 960102
AD002170,AC001678,office,kyc_origination,2026-04-01,T1,"#446, nr. Children Park, Nehru Colny, Kaveripura - 960102"
AD002171,AC001679,residence,kyc_origination,2026-04-01,T1,"No. 461, 1st Cross, 1st Mn, Church hattira, Gandhi Nagar, Kaveripura - 960102"
AD002172,AC001680,residence,kyc_origination,2026-04-01,T2,"#359, GLAI 4, OPPOSITE BUS STAND, AZAD MOHALLA, DEVGARH NAGAR - 970203"
AD002173,AC001681,residence,kyc_origination,2026-04-01,T3,"Blk A, Rd 1, near Milk Dairy, Palm Meadows, Navanagara Est - 980302"
AD002174,AC001681,office,kyc_origination,2026-04-01,T3,"near Mosque, HMT Colony, Navanagara East - 980301"
AD002175,AC001682,residence,kyc_origination,2026-04-01,T3,sri krishna nivas a blk. 2nd road teachers col navanagaa east - 980302
AD002176,AC001683,residence,kyc_origination,2026-04-01,T2,#141 gali no. 3 azad mohalla devgarh naagr - 970203
AD002177,AC001683,office,kyc_origination,2026-04-01,T2,no. 388 gali 1 ward 5 b/h pharmacy subhash ngr devgarh nagar - 970201
AD002178,AC001684,residence,kyc_origination,2026-04-01,T3,"A Block, 3rd Road, b/h Milk Booth, Palm Meadows, Navanagara East - 980304"
AD002179,AC001685,residence,kyc_origination,2026-04-01,T1,11th cross 3rd main rd behind government school kaveripura - 960102
AD002180,AC001685,office,kyc_origination,2026-04-01,T1,462/1 11th crs 5th main bhd government school gandhi nagar kaveripura - 960102
AD002181,AC001686,residence,kyc_origination,2026-04-01,T3,"#37, Blk F, Rd 6, Tanki ke paas, Silver Oak Layout, Navanagara East - 980301"
AD002182,AC001687,residence,kyc_origination,2026-04-01,T1,8th cross 8th main anjanyea gudi hattira nehru colony kaveripura - 960102
AD002183,AC001688,residence,kyc_origination,2026-04-01,T1,house 243 sarkari shaale eduru shanthi nagar kaveripura - 960101
AD002184,AC001688,office,kyc_origination,2026-04-01,T1,house 183 5th x 5th main sarkari shaale edhuru shanthi nagar kaveripura - 960101
AD002185,AC001689,residence,kyc_origination,2026-04-01,T3,"E Blk., 6th Road, Railway Colny, Navanagara East - 980304"
AD002186,AC001690,residence,kyc_origination,2026-04-01,T2,#379 gali 6 indira colny devgarh nagar - 970201
AD002187,AC001691,residence,kyc_origination,2026-04-01,T3,"H.No. 264, A Blk., 5th Road, Green Park Layout, Navanagara East - 980301"
AD002188,AC001692,residence,kyc_origination,2026-04-01,T3,"H.No. 304, Blk F, Rd 6, close to Community Hall, Orchid Enclave, Navanagara East - 980301"
AD002189,AC001693,residence,kyc_origination,2026-04-01,T1,"7th Cross, 2nd Main Rd, close to Government School, Gandhi Nagar, Kaveripura - 960102"
AD002190,AC001694,residence,kyc_origination,2026-04-01,T1,"H.No. 83, Ashoka Layout, Kaveripura - 960104"
AD002191,AC001694,office,kyc_origination,2026-04-01,T1,"10th Cross, 5th Main, Nehru Colony, Kaveripura - 960120"
AD002192,AC001695,residence,kyc_origination,2026-04-01,T2,"AMBEDKAR NAGAR, DEVGARH NAGR - 970204"
AD002193,AC001696,residence,kyc_origination,2026-04-01,T2,424/2 gali no-11 nr church patel nagar devgarh nagar - 970202
AD002194,AC001697,residence,kyc_origination,2026-04-01,T2,223/1 gali no. 10 patel nagar devgarh nagar - 970202
AD002195,AC001698,residence,kyc_origination,2026-04-01,T1,"9TH CRS, 8TH MAIN, KAVERIPURA - 960101"
AD002196,AC001699,residence,kyc_origination,2026-04-01,T1,"6th Cross, 3rd Mn, ನ್ಯಾಯಬೆಲೆ ಅಂಗಡಿ ಹತ್ತಿರ, Anjaneya Badavane, Kaveripura - 960103"
AD002197,AC001700,residence,kyc_origination,2026-04-01,T2,"H.No. 207, Gali 3, near Park, Indira Col, Devgarh Nagar - 970202"
AD002198,AC001701,residence,kyc_origination,2026-04-01,T1,"3rd Cross, 4th Main, Milk Dairy hattira, Nehru Colony, Kaveripura - 960104"
AD002199,AC001701,office,kyc_origination,2026-04-01,T1,"13th Cross, 7th Main Rd, close to Bus Stand, Kaveripura - 960102"
AD002200,AC001702,residence,kyc_origination,2026-04-01,T2,"No. 254, Gali No. 7, Nehru Colony, Devgarh Ngr"
AD002201,AC001702,office,kyc_origination,2026-04-01,T2,"Gali No. 4, close to Ganapathi Temple, Tilak Nagar, Devgarh Ngr"
AD002202,AC001703,residence,kyc_origination,2026-04-01,T1,"2990/1, 9TH CR, 5TH MAIN, BUS NILDANA HATTIRA, SHANTHI NAGAR, KAVERIPURA - 960101"
AD002203,AC001703,permanent_native,kyc_origination,2026-04-01,OUT,"Village Hosahalli, Tehsil D, District South - 999315"
AD002204,AC001704,residence,kyc_origination,2026-04-01,T3,"A Blk., 2nd Road, ನ್ಯಾಯಬೆಲೆ ಅಂಗಡಿ ಹತ್ತಿರ, Teachers Colony, Navanagara East - 980302"
AD002205,AC001704,office,kyc_origination,2026-04-01,T3,"379/2, E Block, 6th Rd., HMT Colony, Navanagara East - 980301"
AD002206,AC001705,residence,kyc_origination,2026-04-01,T2,"H.NO. 380, GALI NO-10, GANESH MANDIR KE PAAS, AZAD MOHALLA, DEVGARH NAGAR - 970203"
AD002207,AC001706,residence,kyc_origination,2026-04-01,T1,shanti kunj 9th cross 6th main rd close to milk dairy kaveripura - 960101
AD002208,AC001706,permanent_native,kyc_origination,2026-04-01,OUT,"Village Kodihalli, Tehsil D, District East - 998619"
AD002209,AC001707,residence,kyc_origination,2026-04-01,T3,"99/1, Om Sai Complex, Orchid Enclave, Navanagara East - 980301"
AD002210,AC001708,residence,kyc_origination,2026-04-01,T2,"424/3, Gali No. 12, Patel Nagar, Devgarh Ngr - 970202"
AD002211,AC001709,residence,kyc_origination,2026-04-01,T2,"Gali no-3, near Bus Stop, Devgarh Nagar - 970203"
AD002212,AC001710,residence,kyc_origination,2026-04-01,T1,h.no. 22 10th cross 3rd mn hanuman mandir ke piche ashoka layt kaveripura - 960104
AD002213,AC001711,residence,kyc_origination,2026-04-01,T2,gali 8 पानी की टंकी के सामने nehru col devgarh nagar - 970203
AD002214,AC001712,residence,kyc_origination,2026-04-01,T3,"H.No. 94, A Blockk, 3rd Rd., adj. Petrol Pump, Unity Nagr, Navanagara East - 980302"
AD002215,AC001713,residence,kyc_origination,2026-04-01,T1,h.no. 361 12th cross 8th main gandhi nagar kaveripura - 960102
AD002216,AC001714,residence,kyc_origination,2026-04-01,T2,house 11 gali no-2 ward 6 nehru col devgarh nagar - 970203
AD002217,AC001715,residence,kyc_origination,2026-04-01,T1,"#223, 8th Cross, 6th Main Rd, opp Overhead Tank, Basava Nagar, Kaveripura - 960101"
AD002218,AC001716,residence,kyc_origination,2026-04-01,T2,gali no-6 sarkari school ke pass azad mohalla devgarh nagar - 970203
AD002219,AC001716,permanent_native,kyc_origination,2026-04-01,OUT,"Village Bilagi, Tehsil C, District East - 998267"
AD002220,AC001717,residence,kyc_origination,2026-04-01,T2,"NO. 393, GALI NO-, DOODH DAIRY KE PAAS, AMBEDKAR NAGR, DEVGARH NAGAR - 970204"
AD002221,AC001718,residence,kyc_origination,2026-04-01,T1,"10th Cross, 7th Main, near Masjid, Vidya Nagr, Kaveripura - 960103"
AD002222,AC001719,residence,kyc_origination,2026-04-01,T1,"10th Cr, 1st Main, near Church, Kaveripura - 960104"
AD002223,AC001719,office,kyc_origination,2026-04-01,T1,"11th Cross, 7th Main Rd, nr Govt School, Kuvempu Layout, Kaveripura - 960102"
AD002224,AC001720,residence,kyc_origination,2026-04-01,T2,gali no-9 bhd hanuman temple devgarh nagr - 970202
AD002225,AC001720,office,kyc_origination,2026-04-01,T2,h.no. 336 gali 3 nr. govt school shaastri nagar devgarh nagar - 970201
AD002226,AC001721,residence,kyc_origination,2026-04-01,T2,"H.No. 475, Gali 6, Abmedkar Ngr, Devgarh Nagar - 970204"
AD002227,AC001722,residence,kyc_origination,2026-04-01,T3,"NO. 102, D BLK., 1ST ROAD, HMT COLONY, NAVANAGARA EAT - 980301"
AD002228,AC001723,residence,kyc_origination,2026-04-01,T3,"352/3, B Block, 4th Road, close to Church, Sunrise Enclave, Navanagara East - 980304"
AD002229,AC001724,residence,kyc_origination,2026-04-01,T3,"BLK C, RD 5, OPPOSITE MASJID, RAILWAY COLONY, NAVANAGARA EAAST - 980304"
AD002230,AC001725,residence,kyc_origination,2026-04-01,T3,house 263 blk f rd 3 b/h mosque palm meadows navanagara east - 980302
AD002231,AC001726,residence,kyc_origination,2026-04-01,T1,house 249 12th cross 6th main vidya ngr kaveripura - 960103
AD002232,AC001726,office,kyc_origination,2026-04-01,T1,"8th Cross, 8th Main, nr. Church, Basava Nagar, Kaveripura - 960101"
AD002233,AC001727,residence,kyc_origination,2026-04-01,T3,h.no. 137 b blk 4th road nr. bus stand silver oak lyt navanagara east - 980301
AD002234,AC001728,residence,kyc_origination,2026-04-01,T3,"Blk E, Rd 2, next to Government School, Orchid Enclave, Navanagara East - 980301"
AD002235,AC001729,residence,kyc_origination,2026-04-01,T2,"गली नं. 11, Nehru Colony, Devgarh Nagar - 9700203"
AD002236,AC001730,residence,kyc_origination,2026-04-01,T2,"H.No. 288, Gali no-6, Ward 9, Shastri Ngr, Devgarh Nagar - 970201"
AD002237,AC001731,residence,kyc_origination,2026-04-01,T2,"NO. 241, MEDCIAL STORE KE SAMNE, DEVGARH NAGAR - 970202"
AD002238,AC001732,residence,kyc_origination,2026-04-01,T1,"No. 4, nr. Masjid, Vinayaka Nagr, Kaveripura - 960104"
AD002239,AC001733,residence,kyc_origination,2026-04-01,T1,"12TH CRS, 4TH MAIN RD, BUS NILDANA HATTIRA, KAVERIPURA - 960103"
AD002240,AC001733,office,kyc_origination,2026-04-01,T1,"NO. 292, GANAPATHI GUDI HATTIRA, GANDHI NAGAR, KAVERIPURA"
AD002241,AC001734,residence,kyc_origination,2026-04-01,T1,"#287, 8th X, 8th Main Rd, Hosa Badavane, Kaveripura - 960101"
AD002242,AC001735,residence,kyc_origination,2026-04-01,T2,"No. 221, हनुमान मंदिर के बगल में, Shastri Nagr, Devgarh Ngr - 970202"
AD002243,AC001735,office,kyc_origination,2026-04-01,T2,"No. 459, Gali No. 10, Ward 5, nr Ration Shop, Subhash Nagar, Devgarh Ngr - 970201"
AD002244,AC001736,residence,kyc_origination,2026-04-01,T2,"HOUSE 222, COMMUNITY HALL KE PEECHE, SHIVAJI NAGAR, DEVGARH NAGAR - 970202"
AD002245,AC001737,residence,kyc_origination,2026-04-01,T1,"NO. 370, 10TH CROSS, 3RD MAIN RD, BHD GANESH TEMPLE, NEHRU COLONY, KAVERIPURA - 960102"
AD002246,AC001738,residence,kyc_origination,2026-04-01,T1,"HOUSE 441, ANNAPOORNA NILAYA, 3RD CROSS, 2ND MAIN, NEHRU COLONY, KAVERIPURA - 960102"
AD002247,AC001739,residence,kyc_origination,2026-04-01,T1,no. 159 13th x 2nd mn samudaya bhavana hattira siddeshwara colny kaveripura - 960102
AD002248,AC001740,residence,kyc_origination,2026-04-01,T3,h.no. 477 blk b rd 3 nr. church navanagara east
AD002249,AC001741,residence,kyc_origination,2026-04-01,T3,h.no. 363 a blk. 1st rd. royal gardens navanagara east - 980303
AD002250,AC001742,residence,kyc_origination,2026-04-01,T1,house 180 opp. ration shop shanthi nagar kaveripura - 960101
AD002251,AC001743,residence,kyc_origination,2026-04-01,T3,"456/2, A BLOCK, 2ND ROAD, GREEN PARK LAYOUT, NAVANAGARA EAST - 980301"
AD002252,AC001744,residence,kyc_origination,2026-04-01,T3,silver oak lyt navanagara east - 980301
AD002253,AC001745,residence,kyc_origination,2026-04-01,T3,"House 329, Blk C, Rd 6, Cuhrch hattira, Silver Oak Lyt, Navanagara East - 980301"
AD002254,AC001746,residence,kyc_origination,2026-04-01,T3,#27 f block 6th road neerina tank hattira hmt colony navanagara east - 980301
AD002255,AC001747,residence,kyc_origination,2026-04-01,T2,"Gali no-1, Barat Ghar ke paas, Azad Mohalla, Devgarh Nagr - 970203"
AD002256,AC001748,residence,kyc_origination,2026-04-01,T1,"House 90, 8th Cross, 4th Mn, nr Bus Stand, Ashoka Layout, Kaveripura - 960101"
AD002257,AC001748,office,kyc_origination,2026-04-01,T1,"#133, beside Government School, Anjaneya Badavane, Kaveripura - 960103"
AD002258,AC001749,residence,kyc_origination,2026-04-01,T3,house 133 b blk 6th road sarkari school ke paas teachers colony navanagara east - 980302
AD002259,AC001750,residence,kyc_origination,2026-04-01,T3,"HOUSE 108, D BLOCK, 7TH ROAD, PALM MEADOWS, NAVANAGARA EAST"
AD002260,AC001751,residence,kyc_origination,2026-04-01,T1,"3rd Cross, 1st Main, nr Hanuman Temple, Siddeshwara Colny, Kaveripura - 960102"
AD002261,AC001752,residence,kyc_origination,2026-04-01,T2,380/1 lakshmi nilaya गली नं. 2 ward 6 बस स्टॉप के पास nehru col devgarh nagr - 970203
AD002262,AC001753,residence,kyc_origination,2026-04-01,T2,"#132, Gali 1, Ration ki Dukaan ke paas, Krishna Puri, Devgarh Naggar - 970202"
AD002263,AC001754,residence,kyc_origination,2026-04-01,T2,"GALI NO. 1, PATEL NAGAR, DEVGARH NAGAR - 970202"
AD002264,AC001755,residence,kyc_origination,2026-04-01,T2,"No. 391, Gali 3, close to Ration Shop, Azad Mohalla, Devgarh Nagr"
AD002265,AC001756,residence,kyc_origination,2026-04-01,T1,"42/3, 6TH CROSS, 1ST MAIN, CHURCH HATTIRA, BASAVA NGR, KAVERIPURA"
AD002266,AC001756,office,kyc_origination,2026-04-01,T1,"NO. 472, 3RD CROSS, 7TH MAIN, KALYANA NAGAR, KAVERIPURA - 960104"
AD002267,AC001757,residence,kyc_origination,2026-04-01,T2,"H.NO. 439, GALI 8, AZAD MOHALLA, DEVGARH NAGAR - 970203"
AD002268,AC001757,permanent_native,kyc_origination,2026-04-01,OUT,"Village Devipur, Tehsil C, District North - 995088"
AD002269,AC001758,residence,kyc_origination,2026-04-01,T1,"124/2, close to Medical Store, Kuvempu Layout, Kaveripura - 960102"
AD002270,AC001759,residence,kyc_origination,2026-04-01,T1,"8th Cross, 3rd Main, beside Bus Stop, Gandhi Ngr, Kaveripura - 960102"
AD002271,AC001760,residence,kyc_origination,2026-04-01,T2,"H.No. 104, Gali No. 1, Patel Nagar, Devgarh Nagar - 970202"
AD002272,AC001761,residence,kyc_origination,2026-04-01,T2,"Ganga Apartments, Gali No. 9, Ward 6, nr Bus Stand, Nehru Colny, Devgarh Nagr - 970203"
AD002273,AC001761,office,kyc_origination,2026-04-01,T2,gali no. 11 close to water tank krishna puri devgarh ngr - 970202
AD002274,AC001762,residence,kyc_origination,2026-04-01,T2,h.no. 88 gali 11 ward 1 medical store ke bagal mein shivaji nagr devgarh ngr - 970202
AD002275,AC001762,office,kyc_origination,2026-04-01,T2,gali no. 9 bus stop ke paas azad mohalla devgarh nagr - 970203
AD002276,AC001763,residence,kyc_origination,2026-04-01,T1,"215/1, Lakshmi Nilaya, 3rd Cross, 6th Main Rd, Sarkari Shaale pakkadalli, Vinayaka Nagar, Kaveripura - 960104"
AD002277,AC001764,residence,kyc_origination,2026-04-01,T2,"GALI 5, WARD 11, PATEL NAGR, DEVGARH NGR - 970202"
AD002278,AC001764,office,kyc_origination,2026-04-01,T2,"NO. 293, GALI NO-10, GANDHI BASTI, DEVGARH NAGAR - 970203"
AD002279,AC001765,residence,kyc_origination,2026-04-01,T1,#207 3rd crs 2nd main ನ್ಯಾಯಬೆಲೆ ಅಂಗಡಿ ಹತ್ತಿರ hosa badavane kaveripura - 960101
AD002280,AC001765,office,kyc_origination,2026-04-01,T1,10th cross 5th mn nr. pds shop gandhi nagar kaveripura - 960102
AD002281,AC001766,residence,kyc_origination,2026-04-01,T1,"3rd Cross, 6th Mn, Vinayaka Nagar, Kaveripura - 960104"
AD002282,AC001767,residence,kyc_origination,2026-04-01,T3,"House 419, HMT Colny, Navanagara East - 980301"
AD002283,AC001767,office,kyc_origination,2026-04-01,T3,"A Blk., 3rd Road, Orchid Enclave, Navanagara East - 980301"
AD002284,AC001768,residence,kyc_origination,2026-04-01,T2,"No. 98, Gali No. 6, close to Government School, Indira Colony, Devgarh Nagar - 970202"
AD002285,AC001768,permanent_native,kyc_origination,2026-04-01,OUT,"Village Rampura Kalan, Taluk B, District North - 993733"
AD002286,AC001769,residence,kyc_origination,2026-04-01,T2,"#284, SAI RESIDENCY, GALI NO-3, WARD 6, BARAT GHAR KE PASS, RAM NAGR, DEVGARH NAGAR - 970203"
AD002287,AC001770,residence,kyc_origination,2026-04-01,T2,gali no. 7 ward 11 close to church patel nagar devgarh nagr - 970202
AD002288,AC001771,residence,kyc_origination,2026-04-01,T1,"329/3, Haalina Dairy hattira, Kaveripura - 960102"
AD002289,AC001772,residence,kyc_origination,2026-04-01,T1,"#433, 7th Cross, 3rd Main, close to Hanuman Temple, Nehru Colony, Kaveripura - 960104"
AD002290,AC001772,permanent_native,kyc_origination,2026-04-01,OUT,"Village Mallapura, Tehsil D, District East - 999991"
AD002291,AC001773,residence,kyc_origination,2026-04-01,T2,"257/2, गली नं. 1, डाकघर के पास, Subhash Nagar, Devgarh Nagar - 970201"
AD002292,AC001774,residence,kyc_origination,2026-04-01,T3,"HOUSE 416, F BLOCK, 3RD ROAD, GREEN PARK LYT, NAVANAGARA EAST - 980301"
AD002293,AC001774,office,kyc_origination,2026-04-01,T3,"#322, BLK B, RD 1, CLOSE TO MILK BOOTH, HMT COLONY, NAVANAGARA EASST - 980301"
AD002294,AC001775,residence,kyc_origination,2026-04-01,T2,"310/3, Gali No. 10, Patel Nagar, Devgarh Nagar - 970202"
AD002295,AC001776,residence,kyc_origination,2026-04-01,T3,"Shanti Kunj, Blk A, Rd 4, Navanagara East - 980301"
AD002296,AC001777,residence,kyc_origination,2026-04-01,T3,"No. 372, Palm Meadows, Naavnagara East - 980302"
AD002297,AC001778,residence,kyc_origination,2026-04-01,T1,"#361, 2nd Cross, 6th Mn, nr Hanuman Temple, Siddeshwara Colony, Kaveripura - 960102"
AD002298,AC001779,residence,kyc_origination,2026-04-01,T3,"H.NO. 128, BLK D, RD 1, PALM MEADOWS, NAVONAGARA EAST - 980302"
AD002299,AC001780,residence,kyc_origination,2026-04-01,T2,"Azad Mohalla, Devgarh Naagar - 970203"
AD002300,AC001781,residence,kyc_origination,2026-04-01,T2,"Gali No. 6, Medical Store ke pass, Nehru Colny, Devgarh Nagar - 970203"
AD002301,AC001782,residence,kyc_origination,2026-04-01,T2,gali no-3 ward 11 nr. masjid patel nagr devgarh nagar - 970201
AD002302,AC001783,residence,kyc_origination,2026-04-01,T2,"No. 41, opp Bus Stop, Azad Mohalla, Devgarh Ngr"
AD002303,AC001784,residence,kyc_origination,2026-04-01,T1,h.no. 218 3rd cross 8th main kaveripura - 960101
AD002304,AC001785,residence,kyc_origination,2026-04-01,T1,no. 419 2nd cross 5th main nr hanuman temple nehru colony kaveripura - 960102
AD002305,AC001786,residence,kyc_origination,2026-04-01,T1,"#358, 9TH CROSS, 2ND MAIN, B/H BUS STOP, VIDYA NAGR, KAVERIPURA - 960103"
AD002306,AC001787,residence,kyc_origination,2026-04-01,T1,"No. 82, Annapoorna Nilaya, 9th Cross, 4th Main, Nehru Colny, Kaveripura - 960102"
AD002307,AC001788,residence,kyc_origination,2026-04-01,T1,"House 54, 3rd Crs, 2nd Main, Maasidi hattira, Nehru Col, Kaveripura - 960102"
AD002308,AC001789,residence,kyc_origination,2026-04-01,T1,"neor Hanuman Temple, Neru Colony, Kaveripura - 960102"
AD002309,AC001790,residence,kyc_origination,2026-04-01,T3,no. 146 e block 2nd road navanagara east - 980303
AD002310,AC001791,residence,kyc_origination,2026-04-01,T1,"80/1, 2ND CRS, 4TH MAIN, POST OFFICE HATTIRA, VIDYA NAGAR, KAVERIPURA - 960103"
AD002311,AC001792,residence,kyc_origination,2026-04-01,T3,"#55, Palm Meadows, Navanagara East - 980303"
AD002312,AC001793,residence,kyc_origination,2026-04-01,T2,"NO. 425, GALI 3, पार्क के पास, INDIRA COLONY, DEVGARH NGR - 970202"
AD002313,AC001793,permanent_native,kyc_origination,2026-04-01,OUT,"Village Hosahalli, Tehsil C, District South - 996235"
AD002314,AC001794,residence,kyc_origination,2026-04-01,T1,"House 474, 6th Cross, 4th Main, Neerina Tank hattira, Basava Nagar, Kaveripura - 960101"
AD002315,AC001794,office,kyc_origination,2026-04-01,T1,house 30 11th cr 5th mn beside church ajaneya badavane kaveripura - 960103
AD002316,AC001795,residence,kyc_origination,2026-04-01,T1,"H.No. 377, Ganga Apartments, Siddeshwara Colny, Kaveripura - 9601002"
AD002317,AC001796,residence,kyc_origination,2026-04-01,T1,"134/1, 12th Cross, 4th Main, Shanthi Nagar, Kaveripura - 960101"
AD002318,AC001797,residence,kyc_origination,2026-04-01,T2,"House 187, Gali No. 1, Tilak Nagar, Devgarh Nagr - 970204"
AD002319,AC001798,residence,kyc_origination,2026-04-01,T1,"House 404, 11th Cross, 4th Main Rd, close to Ganapathi Temple, Nehru Colony, Kaveripura - 960102"
AD002320,AC001798,permanent_native,kyc_origination,2026-04-01,OUT,"Village Sundarpur, Tehsil C, District West - 992228"
AD002321,AC001799,residence,kyc_origination,2026-04-01,T3,"HOUSE 257, F BLK, 2ND RD, OPPOSITE BUS STAND, PALM MEADOWS, NAVANAGARA EAST - 980302"
AD002322,AC001800,residence,kyc_origination,2026-04-01,T2,"331/3, बस स्टॉप के पास, Azad Mohalla, Devgarh Nagr - 970203"
AD002323,AC001801,residence,kyc_origination,2026-04-01,T2,"#8, Gali no-2, Devgarh Nagar - 970204"
AD002324,AC001801,office,kyc_origination,2026-04-01,T2,"286/1, Gali 11, Ward 5, opp. Masjid, Subhash Nagar, Devgarh Ngr"
AD002325,AC001802,residence,kyc_origination,2026-04-01,T2,house 259 ganga apartments gali no5 ward 6 nehru colony devgarh nagar - 970203
AD002326,AC001802,permanent_native,kyc_origination,2026-04-01,OUT,"Village Bilagi, Taluk B, District East - 993375"
AD002327,AC001803,residence,kyc_origination,2026-04-01,T2,"House 161, Gali 1, Devgarh Ngr - 970203"
AD002328,AC001804,residence,kyc_origination,2026-04-01,T3,"H.No. 304, C Blk, 2nd Road, nr Ganapathi Temple, Orchid Enclave, Navanagara East - 980301"
AD002329,AC001804,permanent_native,kyc_origination,2026-04-01,OUT,"Village Mallapura, Taluk A, District East - 991183"
AD002330,AC001805,residence,kyc_origination,2026-04-01,T2,"Gali 5, दूध डेयरी के पास, Patel Nagar, Devgarh Nagar - 970202"
AD002331,AC001805,permanent_native,kyc_origination,2026-04-01,OUT,"Village Rampura Kalan, Tehsil D, District East - 998565"
AD002332,AC001806,residence,kyc_origination,2026-04-01,T1,house 83 10th cross 7th mn close to bus stop kaveripura - 960102
AD002333,AC001807,residence,kyc_origination,2026-04-01,T3,"H.No. 246, Blk C, Rd 4, b/h Post Office, Silvr Oak Layout, Navanagara East - 980301"
AD002334,AC001808,residence,kyc_origination,2026-04-01,T3,"HOUSE 135, BEHIND MILK BOOTH, RAILWAY COLONY, NAVANAGARA EAST - 980304"
AD002335,AC001809,residence,kyc_origination,2026-04-01,T3,h.no. 435 d block 5th road palm meadows navanagara east - 980302
AD002336,AC001810,residence,kyc_origination,2026-04-01,T3,no. 394 f blk. 6th road nr. medical store lakeview phase 2 navanagara east - 980303
AD002337,AC001811,residence,kyc_origination,2026-04-01,T2,"HOUSE 262, GALI NO. 3, RAM NAGAR, DEVGARH NAGAR - 970202"
AD002338,AC001811,permanent_native,kyc_origination,2026-04-01,OUT,"Village Bilagi, Taluk B, District South - 997414"
AD002339,AC001812,residence,kyc_origination,2026-04-01,T2,"No. 414, Gali no-11, Ward 8, bhd Ganapathi Temple, Azad Mohalla, Devgarh Nagar - 970203"
AD002340,AC001812,office,kyc_origination,2026-04-01,T2,"No. 273, Gali No. 8, close to Bus Stop, Devgarh Nagar - 970203"
AD002341,AC001813,residence,kyc_origination,2026-04-01,T2,"#346, Gali no-3, Ward 3, पार्क के सामने, Azad Mohalla, Devgarh Nagar - 970204"
AD002342,AC001814,residence,kyc_origination,2026-04-01,T2,"nr. Government School, Tilk Nagar, Devgarh Nagar - 970203"
AD002343,AC001815,residence,kyc_origination,2026-04-01,T3,"C Block, 3rd Road, nr Kalyana Mantapa, Navanagara East - 980304"
AD002344,AC001816,residence,kyc_origination,2026-04-01,T2,"HOUSE 88, GALI 10, WARD 4, CLOSE TO CHURCH, DEVGARH NAGAR - 970203"
AD002345,AC001817,residence,kyc_origination,2026-04-01,T2,"296/2, Gali 11, Bagicha ke piche, Gandhi Basti, Devgarh Nagar - 970202"
AD002346,AC001818,residence,kyc_origination,2026-04-01,T3,"391/1, D BLOCK, 3RD ROAD, CLOSE TO BUS STAND, TEACHERS COL, NAVANAGARA EAST - 980302"
AD002347,AC001818,office,kyc_origination,2026-04-01,T3,"H.NO. 277, C BLOCK, 1ST ROAD, NR. GANESH TEMPLE, ORCHID ENCLAVE, NAVANAGARA EAST - 980301"
AD002348,AC001819,residence,kyc_origination,2026-04-01,T1,"10TH CROSS, 8TH MAIN, GANDHI NAGAR, KAVERIPURA - 960102"
AD002349,AC001820,residence,kyc_origination,2026-04-01,T2,"#293, Gali 3, Ward 9, b/h Masjid, Shastri Nagra, Devgarh Nagar - 970201"
AD002350,AC001821,residence,kyc_origination,2026-04-01,T3,"#397, D Block, 2nd Road, nr. Peetrol Pump, Green Park Layout, Navanagara East - 980301"
AD002351,AC001821,office,kyc_origination,2026-04-01,T3,"House 366, Blk F, Rd 6, adj. Ganesh Temple, Palm Meadowws, Navanagara East - 980302"
AD002352,AC001822,residence,kyc_origination,2026-04-01,T1,"12th Cr, 1st Main Rd, Anjaneya Badavane, Kaveripura - 960103"
AD002353,AC001823,residence,kyc_origination,2026-04-01,T1,"1ST X, 8TH MAIN RD, ASHOKA LAYOUT, KAVERIPURA - 960104"
AD002354,AC001824,residence,kyc_origination,2026-04-01,T1,"H.NO. 95, NR. POST OFFICE, VINAYAKA NAGR, KAVERIPURA - 960104"
AD002355,AC001825,residence,kyc_origination,2026-04-01,T1,h.no. 239 8th cross 8th main near pds shop nehru colony kaveripura - 960102
AD002356,AC001825,office,kyc_origination,2026-04-01,T1,h.no. 77 1st cr 7th mn kaveripura - 960104
AD002357,AC001826,residence,kyc_origination,2026-04-01,T2,#34 ganga apartments gali 11 ward 2 indira col devgarh nagar - 970202
AD002358,AC001827,residence,kyc_origination,2026-04-01,T3,"Sri Krishna Nivvas, Bus Stop ke paas, Navanagara East - 980303"
AD002359,AC001828,residence,kyc_origination,2026-04-01,T2,"H.No. 4773, Gali 12, bhd Ganesh Temple, Patel Nagr, Devgarh Nagr - 970202"
AD002360,AC001829,residence,kyc_origination,2026-04-01,T2,"No. 410, Gali No. 12, Ward 3, Ambedkar Nagar, Devgarh Nagar - 970204"
AD002361,AC001829,office,kyc_origination,2026-04-01,T2,"197/2, Annapoorna Nilaya, Gali No. 7, Ganesh Madnir ke paass, Shivaji Nagr, Devgarh Nagar - 970202"
AD002362,AC001830,residence,kyc_origination,2026-04-01,T1,no. 393 park ke paas nehru colony kaveripura - 960102
AD002363,AC001831,residence,kyc_origination,2026-04-01,T3,"H.No. 351, F Block, 3rd Road, nr. Ganapathi Temple, Palm Meadows, Navanagara East - 980303"
AD002364,AC001832,residence,kyc_origination,2026-04-01,T2,"297/3, GALI 9, WARD 4, MEDICAL STORE KE PASS, RAM NAGAR, DEVGARH NAGAR - 970203"
AD002365,AC001833,residence,kyc_origination,2026-04-01,T3,"E Block, 4th Rd, nr. Government School, Teachers Colony, Navanagara East - 980302"
AD002366,AC001833,office,kyc_origination,2026-04-01,T3,"Unity Nagar, Navanagara East - 980302"
AD002367,AC001834,residence,kyc_origination,2026-04-01,T1,"456/2, 3rd Cross, 1st Main Rd, opp. Park, Vidya Nagar, Kaveripura - 960103"
AD002368,AC001835,residence,kyc_origination,2026-04-01,T3,342/3 blk f rd 3 near mosque teachers col navanagara east - 980302
AD002369,AC001836,residence,kyc_origination,2026-04-01,T2,"House 256, Gali No. 9, Ward 5, Subhash Nagar, Devgarh Nagr - 970202"
AD002370,AC001837,residence,kyc_origination,2026-04-01,T3,"NO. 240, BLK F, RD 6, BARAT GHAR KE PASS, RAILWAY COLONY, NAVANAGARA EAST - 980304"
AD002371,AC001838,residence,kyc_origination,2026-04-01,T2,no. 446 gali no. 11 bhd post office indira colny devgarh nagar - 970201
AD002372,AC001839,residence,kyc_origination,2026-04-01,T3,"#156, Blk D, Rd 5, nr. Hanuman Temple, Palm Meadows, Navanagara Eat - 980302"
AD002373,AC001840,residence,kyc_origination,2026-04-01,T2,#60 गली नं. 8 हनुमान मंदिर के पास subhash nagar devgarh nagar - 970203
AD002374,AC001841,residence,kyc_origination,2026-04-01,T1,h.no. 79 12th cross 6th main rd vidya ngr kaveripura - 960103
AD002375,AC001842,residence,kyc_origination,2026-04-01,T3,house 155 blk f rd 3 unity ngr navanagara east - 980302
AD002376,AC001843,residence,kyc_origination,2026-04-01,T1,near ganapathi temple ashoka layout kaveripura - 960104
AD002377,AC001844,residence,kyc_origination,2026-04-01,T3,109/3 e blk. 3rd rd paani ki tanki ke paas uinty nogar navanagara east - 980302
AD002378,AC001845,residence,kyc_origination,2026-04-01,T1,"Ganga Apartments, 4th Cross, 4th Main, ಅಂಚೆ ಕಚೇರಿ ಹಿಂದೆ, Vinayaka Nagr, Kaveripura - 960104"
AD002379,AC001845,permanent_native,kyc_origination,2026-04-01,OUT,"Village Bilagi, Taluk B, District West - 992287"
AD002380,AC001846,residence,kyc_origination,2026-04-01,T3,"BLK A, RD 2, PALM MEADOWS, NAVANAGARA EAST - 980302"
AD002381,AC001847,residence,kyc_origination,2026-04-01,T2,"Gali 2, Park ke bagal mein, Indira Colony, Devgarh Nagar - 9702202"
AD002382,AC001848,residence,kyc_origination,2026-04-01,T2,"गली नं. 2, राशन की दुकान के पास, Indira Colny, Devgarh Nagar - 970202"
AD002383,AC001849,residence,kyc_origination,2026-04-01,T3,"H.No. 214, nr Water Tank, Orchid Enclave, Navanagara East - 980302"
AD002384,AC001850,residence,kyc_origination,2026-04-01,T2,h.no. 191 gali no. 2 girja ghar ke saamne shastri ngr devgarh ngr - 970201
AD002385,AC001851,residence,kyc_origination,2026-04-01,T2,"GALI 6, CLOSE TO MEDICALS, SHASTRI NAGAR, DEVGARH NAGAR - 970201"
AD002386,AC001851,permanent_native,kyc_origination,2026-04-01,OUT,"Village Devipur, Taluk A, District North - 996686"
AD002387,AC001852,residence,kyc_origination,2026-04-01,T2,h.no. 12 gali no. 12 oppposite mosque subhash nagar devgarh nagar - 970201
AD002388,AC001852,office,kyc_origination,2026-04-01,T2,gali no. 9 ward 2 bhd hanuman temple devgarh nagar - 970202
AD002389,AC001853,residence,kyc_origination,2026-04-01,T2,gali 14 ward 3 sarkari school ke paas devgarh nagar - 970204
AD002390,AC001853,permanent_native,kyc_origination,2026-04-01,OUT,"Village Hosahalli, Tehsil D, District East - 992473"
AD002391,AC001854,residence,kyc_origination,2026-04-01,T3,h.no. 18 blk f rd 4 close to hanuman temple sunrise enclave navanagara east - 980304
AD002392,AC001855,residence,kyc_origination,2026-04-01,T1,"6th X, 3rd Mn, Anche Kacheri hattira, Vidya Nagr, Kaveripura - 960103"
AD002393,AC001856,residence,kyc_origination,2026-04-01,T1,h.no. 413 9th cross 2nd mn ಬಸ್ ನಿಲ್ದಾಣ ಎದುರು gandhi nagar kaveripura - 960102
AD002394,AC001856,office,kyc_origination,2026-04-01,T1,93/2 3rd cr 2nd main nr. ganesh temple kalyana ngr kaveripura - 960104
AD002395,AC001857,residence,kyc_origination,2026-04-01,T3,"19/1, BLK C, RD 2, MASIDI HATTIRA, HMT COLONY, NAVANAGARA EAST"
AD002396,AC001858,residence,kyc_origination,2026-04-01,T2,"near Ganapathi Temple, Krishna Puri, Devgarh Nagar"
AD002397,AC001859,residence,kyc_origination,2026-04-01,T3,h.no. 56 nr. overhead tank green park layout navanagara east - 980301
AD002398,AC001859,office,kyc_origination,2026-04-01,T3,"No. 377, Blk D, Rd 2, opp Government School, Teachers Colony, Navanagara East - 980302"
AD002399,AC001860,residence,kyc_origination,2026-04-01,T3,"E Block, 6th Rad, nr. Bus Stand, Unity Ngr, Navanagara East - 980302"
AD002400,AC001861,residence,kyc_origination,2026-04-01,T3,"C Block, 1st Road, nr Kalyana Mantapa, Railway Colony, Navanagara East - 980301"
AD002401,AC001862,residence,kyc_origination,2026-04-01,T2,gali 1 nr bus stand shivaji nagar devgarh ngr - 970202
AD002402,AC001863,residence,kyc_origination,2026-04-01,T3,"H.NO. 69, GANAPATHI GUDI HINDE, UNITY NAGAR, NAVANAGARA EAST - 980301"
AD002403,AC001864,residence,kyc_origination,2026-04-01,T1,"House 92, 5th Crs, 3rd Main Rd, nr. Govt School, Vidya Nagr, Kaveripura - 960103"
AD002404,AC001865,residence,kyc_origination,2026-04-01,T1,"11th Crs, 6th Main, behind Bus Stand, Nehru Colony, Kaveripura - 960102"
AD002405,AC001866,residence,kyc_origination,2026-04-01,T3,"B Blk, 2nd Road, near Milk Booth, HMT Colony, Navanagara East - 980301"
AD002406,AC001866,permanent_native,kyc_origination,2026-04-01,OUT,"Village Hosahalli, Tehsil C, District East - 991969"
AD002407,AC001867,residence,kyc_origination,2026-04-01,T3,"Blk C, Rd 6, Lakeview Phase 2, Navanagara East - 980303"
AD002408,AC001868,residence,kyc_origination,2026-04-01,T1,"#327, 5th Cross, 3rd Mn, bhd Petrol Bunk, Ashoka Layout, Kaveripura - 960104"
AD002409,AC001868,permanent_native,kyc_origination,2026-04-01,OUT,"Village Bilagi, Taluk B, District North - 997794"
AD002410,AC001869,residence,kyc_origination,2026-04-01,T3,"House 410, B Blk., 1st Road, close to Milk Booth, Teachers Collony, Navanagara East - 980302"
AD002411,AC001869,office,kyc_origination,2026-04-01,T3,"No. 437, Teachers Col, Navanagara East - 980302"
AD002412,AC001870,residence,kyc_origination,2026-04-01,T3,"36/2, Blk E, Rd 3, nr. Govt School, Silver Oak Lyt, Navanagara East - 980301"
AD002413,AC001871,residence,kyc_origination,2026-04-01,T1,house 103 nr. bus stop nehru colony kaveripura - 960102
AD002414,AC001872,residence,kyc_origination,2026-04-01,T1,"H.NO. 399, GANGA APARTMENTS, 12TH CRS, 4TH MAIN, NEHRU COLONY, KAVERIPURA - 960102"
AD002415,AC001873,residence,kyc_origination,2026-04-01,T3,"Blk E, Rd 5, nr Govt School, Silver Oak Layout, Navanagara East - 980301"
AD002416,AC001873,office,kyc_origination,2026-04-01,T3,"359/1, C Blk., 4th Road, beside Ganesh Temple, Orchid Enclave, Navanagara East - 980301"
AD002417,AC001874,residence,kyc_origination,2026-04-01,T1,"H.No. 354, 3rd Cross, 4th Main Rd, nr. Medical Store, Hosa Badavane, Kaveripura - 960101"
AD002418,AC001874,office,kyc_origination,2026-04-01,T1,"No. 268, Sai Residency, 1st Cross, 6th Main, close to Ration Shop, Kaveripura - 960102"
AD002419,AC001875,residence,kyc_origination,2026-04-01,T1,house 453 5th cross 5th main rd behind hanuman temple nehru colony kaveripura - 960104
AD002420,AC001875,permanent_native,kyc_origination,2026-04-01,OUT,"Village Hosahalli, Taluk A, District North - 996244"
AD002421,AC001876,residence,kyc_origination,2026-04-01,T2,no. 306 shivaji nagr devgarh nagr - 970203
AD002422,AC001877,residence,kyc_origination,2026-04-01,T3,a blk. 4th rd. bhd pds shop unity nagar navanagara east - 980302
AD002423,AC001878,residence,kyc_origination,2026-04-01,T3,"A Block, 4th Road, Jama Masjid ke paas, Railway Colony, Navanagara East - 980304"
AD002424,AC001879,residence,kyc_origination,2026-04-01,T3,e block 4th rd. orchid enclave navanagara east - 980301
AD002425,AC001880,residence,kyc_origination,2026-04-01,T3,"154/1, Blk D, Rd 5, ಕಲ್ಯಾಣ ಮಂಟಪ ಹತ್ತಿರ, Green Park Layout, Navanagara Esat - 980301"
AD002426,AC001880,permanent_native,kyc_origination,2026-04-01,OUT,"Village Sundarpur, Taluk B, District West - 997028"
AD002427,AC001881,residence,kyc_origination,2026-04-01,T3,"No. 86, Om Sai Complex, Blk E, Rd 3, opp. Government School, Orchid Enclave, Navanagara East - 980301"
AD002428,AC001882,residence,kyc_origination,2026-04-01,T2,house 358 near bus stop indira colony devgarh nagar - 970202
AD002429,AC001883,residence,kyc_origination,2026-04-01,T1,shanti kunj 4th cr 3rd mn anche kacheri hattira vidya nagar kaveripura - 960101
AD002430,AC001883,office,kyc_origination,2026-04-01,T1,"House 45, Annapoorna Nilaya, 8th Cross, 2nd Mn, nr Children Park, Nehru Colony, Kaveripura - 960102"
AD002431,AC001884,residence,kyc_origination,2026-04-01,T2,"गली नं. 9, Ward 10, Krishna Puri, Devgarh Nagar - 970202"
AD002432,AC001884,office,kyc_origination,2026-04-01,T2,"#285, Gali no-3, Ward 8, Azad Mohalla, Devgarh Ngr - 970203"
AD002433,AC001885,residence,kyc_origination,2026-04-01,T2,"#431, Gali 12, Ward 1, nr. Medicals, Shivaji Ngr, Devgarh Ngr - 970202"
AD002434,AC001886,residence,kyc_origination,2026-04-01,T1,house 441 5th cross 4th main vinayeka nagr kaveripura - 960104
AD002435,AC001886,office,kyc_origination,2026-04-01,T1,2nd cross 7th main rd close to hanuman temple siddeshwara colony kaveripura - 960102
AD002436,AC001887,residence,kyc_origination,2026-04-01,T2,"394/2, Gali No. 6, Ward 8, near Cimmunity Hall, Azad Mohalla, Devgarh Nagar - 970203"
AD002437,AC001887,office,kyc_origination,2026-04-01,T2,"#57, Gali No. 6, Ward 11, close to Church, Patel Nagar, Devgarh Nagar - 970202"
AD002438,AC001888,residence,kyc_origination,2026-04-01,T1,"opp. PDS Shop, Vidya Nagar, Kaveripura - 960103"
AD002439,AC001889,residence,kyc_origination,2026-04-01,T1,"HOUSE 256, 4TH CR, 8TH MN, RATION ANGADI HINDE, VIDYA NGR, KAVERIPURA - 960103"
AD002440,AC001890,residence,kyc_origination,2026-04-01,T2,"H.No. 249, Sri Krishna Nivas, Gali No. 11, Ration ki Dukaan ke paas, Devgarh Nagr - 970202"
AD002441,AC001890,office,kyc_origination,2026-04-01,T2,"320/2, Gali 6, nr Milk Booth, Shastri Ngr, Devgarh Nagar - 970201"
AD002442,AC001891,residence,kyc_origination,2026-04-01,T1,h.no. 292 3rd cross 3rd main vinayaka nagar kaveripura - 960104
AD002443,AC001891,permanent_native,kyc_origination,2026-04-01,OUT,"Village Bilagi, Tehsil C, District East - 991588"
AD002444,AC001892,residence,kyc_origination,2026-04-01,T1,no. 350 green view apts kalyana mantapa eduru vinayaka ngr kaveripura - 960104
AD002445,AC001893,residence,kyc_origination,2026-04-01,T3,"F BLOCK, 3RD RD., TEACHERS COLNY, NAVANAARA EAST - 980302"
AD002446,AC001893,permanent_native,kyc_origination,2026-04-01,OUT,"Village Chikkapura, Tehsil D, District East - 998266"
AD002447,AC001894,residence,kyc_origination,2026-04-01,T3,blk e rd 2 teachers col navanagara east - 980302
AD002448,AC001894,office,kyc_origination,2026-04-01,T3,house 266 e blk 2nd road lakeview phase 2 navanagara east - 980303
AD002449,AC001895,residence,kyc_origination,2026-04-01,T2,"House 256, Gali no-2, close to Community Hall, Ram Nagar, Devgarh Nagar - 970203"
AD002450,AC001895,office,kyc_origination,2026-04-01,T2,no. 222 gali no-2 पार्क के पास indira colony devgarh nagar - 90202
AD002451,AC001896,residence,kyc_origination,2026-04-01,T1,h.no. 269 12th cross 4th main ashoka layout kaveripura - 960104
AD002452,AC001896,office,kyc_origination,2026-04-01,T1,3rd cross 1st main basava ngr kaveripura - 960101
AD002453,AC001897,residence,kyc_origination,2026-04-01,T2,"No. 350, Gali no-8, Ward 11, Patel Nagr, Devgarh Nagar - 970202"
AD002454,AC001898,residence,kyc_origination,2026-04-01,T3,"Blk C, Rd 2, Community Hll ke pass, Railway Colny, Navanagara East - 980304"
AD002455,AC001898,permanent_native,kyc_origination,2026-04-01,OUT,"Village Hosahalli, Taluk B, District North - 995268"
AD002456,AC001899,residence,kyc_origination,2026-04-01,T1,"3rd Cross, 7th Main, near Hanuman Temple, Siddeshwara Colony, Kaveripura - 960102"
AD002457,AC001900,residence,kyc_origination,2026-04-01,T1,"#340, 10th Cross, 2nd Main, opp Ganapathi Temple, Nehru Colny, Kaveripura - 960101"
AD002458,AC001901,residence,kyc_origination,2026-04-01,T2,"Gali No. 4, next to Hanuman Temple, Shivaji Nagar, Devgarh Nagar - 970202"
AD002459,AC001902,residence,kyc_origination,2026-04-01,T2,"House 167, Gali 5, near Medical Store, Patel Nagar, Devgarh Nagar - 970202"
AD002460,AC001902,permanent_native,kyc_origination,2026-04-01,OUT,"Village Devipur, Taluk A, District West - 993334"
AD002461,AC001903,residence,kyc_origination,2026-04-01,T1,"3rd Cross, 2nd Main, near Mosque, Kaveripura - 960102"
AD002462,AC001904,residence,kyc_origination,2026-04-01,T1,"#377, b/h Mosque, Nehru Colny, Kaveripura - 960102"
AD002463,AC001905,residence,kyc_origination,2026-04-01,T2,gali no. 1 bus stop ke paas shivaji nagar devgarh nagr - 970202
AD002464,AC001906,residence,kyc_origination,2026-04-01,T2,"Gali 2, near Kalyana Mantapa, Nehru Colny, Devgarh Nagar - 970202"
AD002465,AC001906,office,kyc_origination,2026-04-01,T2,"No. 443, Gali no-1, Devgarh Nagr - 970203"
AD002466,AC001907,residence,kyc_origination,2026-04-01,T2,"185/2, Green View Aptss, Gali no-5, nr Medical Store, Patel Ngr, Devgarh Nagar - 970202"
AD002467,AC001908,residence,kyc_origination,2026-04-01,T3,blk d rd 1 ಹಾಲಿನ ಡೈರಿ ಹತ್ತಿರ palm meadows navanagara east - 980302
AD002468,AC001909,residence,kyc_origination,2026-04-01,T1,#365 11th cross 3rd main rd vinayaka nagar kaveripura - 960104
AD002469,AC001910,residence,kyc_origination,2026-04-01,T3,224/3 b blk. 4th rd near water tank sunrise enclave navanagara east - 980304
AD002470,AC001911,residence,kyc_origination,2026-04-01,T2,"Gali 3, close to Ration Shop, Krishna Puri, Devgarh Ngr - 970202"
AD002471,AC001912,residence,kyc_origination,2026-04-01,T3,"House 91, Blk B, Rd 1, Palm Meadows, Navanagara East - 980302"
AD002472,AC001913,residence,kyc_origination,2026-04-01,T3,"F Block, 4th Road, Green Park Lyt, Navanagara East - 980301"
AD002473,AC001914,residence,kyc_origination,2026-04-01,T2,#407 gali 12 ward 11 बारात घर के पास patel nagar devgarh ngr - 970202
AD002474,AC001915,residence,kyc_origination,2026-04-01,T2,"Gali No. 11, opp. Water Tank, Nehru Colony, Devgarh Nagar"
AD002475,AC001916,residence,kyc_origination,2026-04-01,T2,209/3 bhd mosque gandhi bastii devgarh nagar - 970201
AD002476,AC001916,office,kyc_origination,2026-04-01,T2,#381 gali no. 5 nr. bus stand gandhi basti devgarh nagar - 970203
AD002477,AC001917,residence,kyc_origination,2026-04-01,T3,blk a rd 6 railway colony navanagara east - 980304
AD002478,AC001917,office,kyc_origination,2026-04-01,T3,h.no. 66 blk e rd 1 post office edhuru hmt colony navanagara east - 980301
AD002479,AC001918,residence,kyc_origination,2026-04-01,T1,"7th Cross, 5th Main Rd, close to Medical Store, Nehru Colony, Kaveripura - 960102"
AD002480,AC001919,residence,kyc_origination,2026-04-01,T2,"H.No. 183, Gali No. 6, Ward 11, Church ke paas, Patel Ngr, Devgarh Ngr - 970202"
AD002481,AC001920,residence,kyc_origination,2026-04-01,T3,"H.No. 220, Blk C, Rd 4, Teachers Colony, Navanagara East - 980302"
AD002482,AC001920,office,kyc_origination,2026-04-01,T3,"nr Children Park, Navanagara East"
AD002483,AC001921,residence,kyc_origination,2026-04-01,T2,"#440, बारात घर के पीछे, Shivaji Ngr, Devgarh Nagar - 970202"
AD002484,AC001922,residence,kyc_origination,2026-04-01,T1,"H.No. 384, 9th Cross, 3rd Main, Ganapathi Gudi hattira, Nehru Colony, Kaveripura - 960102"
AD002485,AC001923,residence,kyc_origination,2026-04-01,T3,"BLK E, RD 3, NEAR PETROL PUMP, NAVANAGARA EAST - 980301"
AD002486,AC001924,residence,kyc_origination,2026-04-01,T3,house 18 palm meadows navanagara eost - 9803302
AD002487,AC001925,residence,kyc_origination,2026-04-01,T2,"Gali No. 9, Ward 8, Azad Mohalla, Devgarh Nagar - 970203"
AD002488,AC001925,office,kyc_origination,2026-04-01,T2,"H.No. 1744, Gali 2, Ward 2, Indira Colny, Devgarh Nagar - 970202"
AD002489,AC001926,residence,kyc_origination,2026-04-01,T2,"Gali 8, दूध डेयरी के पास, Shastri Nagar, Devgarh Nagar - 970201"
AD002490,AC001927,residence,kyc_origination,2026-04-01,T1,#371 hosa badavane kaveripura - 960101
AD002491,AC001927,office,kyc_origination,2026-04-01,T1,#263 11th cross 1st main ಕಲ್ಯಾಣ ಮಂಟಪ ಹಿಂದೆ anjaneya badavane kaveripura - 960103
AD002492,AC001928,residence,kyc_origination,2026-04-01,T2,"Shastri Nagar, Devgarh Nagar"
AD002493,AC001929,residence,kyc_origination,2026-04-01,T3,"H.No. 64, Blk F, Rd 4, close to Government School, Silver Oak Layout, Navanagara East - 9880301"
AD002494,AC001930,residence,kyc_origination,2026-04-01,T1,"11th Cross, 3rd Main Rd, Bus Stop ke peeche, Hosa Badavane, Kaveripura - 960101"
AD002495,AC001931,residence,kyc_origination,2026-04-01,T1,"#1, 7th Crs, 3rd Main, Kaveripura - 960101"
AD002496,AC001931,office,kyc_origination,2026-04-01,T1,"479/2, 6th Cr, 5th Main, near Government School, Basava Nagar, Kaveripura"
AD002497,AC001932,residence,kyc_origination,2026-04-01,T3,"BLK C, RD 5, NEAR MILK BOOTH, HMT COLONY, NAVANAGARA EAST - 980301"
AD002498,AC001932,office,kyc_origination,2026-04-01,T3,"HNO. 263, C BLK., 5TH ROAD, UNITY NAGAR, NAVANAGARA EAST - 980304"
AD002499,AC001933,residence,kyc_origination,2026-04-01,T2,"NO. 440, गली नं. 7, WADR 8, सरकारी स्कूल के पास, AZAD MOHALLA, DEVGARH NAGAR - 970203"
AD002500,AC001934,residence,kyc_origination,2026-04-01,T3,"H.No. 34, Blk F, Rd 3, Church eduru, Royal Gardens, Navanagara East - 980303"
AD002501,AC001935,residence,kyc_origination,2026-04-01,T2,"No. 349, near Petrol Pump, Azad Mohalla, Devgarh Nagar - 970203"
AD002502,AC001936,residence,kyc_origination,2026-04-01,T1,"#25,4 1ST CROSS, 6TH MAIN, NR KALYANA MANTAPA, GANDHI NAGR, KAVERIPURA - 960102"
AD002503,AC001936,permanent_native,kyc_origination,2026-04-01,OUT,"Village Devipur, Tehsil D, District North - 996737"
AD002504,AC001937,residence,kyc_origination,2026-04-01,T3,c block 5th roaad close to kalyana mantapa railway colony navanagara east - 980340
AD002505,AC001938,residence,kyc_origination,2026-04-01,T1,"70/2, 2nd Cross, 7th Mn, nr Hanuman Temple, Nehru Col, Kaveripura - 960102"
AD002506,AC001939,residence,kyc_origination,2026-04-01,T3,"#338, SARKARI SHAALE EDHURU, TEACHERS COLONY, NAVANAGARA EAST - 980302"
AD002507,AC001939,permanent_native,kyc_origination,2026-04-01,OUT,"Village Kodihalli, Tehsil D, District South - 996459"
AD002508,AC001940,residence,kyc_origination,2026-04-01,T1,"#126, 8th Cross, 3rd Main, Anjaneya Badavane, Kaveripura - 960101"
AD002509,AC001941,residence,kyc_origination,2026-04-01,T3,"No. 461, Om Sai Complex, Blk C, Rd 2, near Mosque, Silver Oak Lyt, Navanagara East - 980301"
AD002510,AC001942,residence,kyc_origination,2026-04-01,T1,"11th Cross, 6th Main, nr Petrol Pump, Kalyana Nagar, Kaveripura - 960104"
AD002511,AC001943,residence,kyc_origination,2026-04-01,T3,"H.No. 201, Om Sai Complex, D Block, 5th Road, bhd Bus Stand, Navanagara East - 980302"
AD002512,AC001943,office,kyc_origination,2026-04-01,T3,h.no. 153 close to hanuman temple lakeview phase 2 navanagara east - 980303
AD002513,AC001944,residence,kyc_origination,2026-04-01,T3,"Blk E, Rd 3, near Government School, HMT Colony, Navanagara East - 980301"
AD002514,AC001945,residence,kyc_origination,2026-04-01,T1,"#7, 3RD CROSS, 4TH MAIN RD, NR KALYANA MANTAPA, KAVERIPURA - 960102"
AD002515,AC001945,office,kyc_origination,2026-04-01,T1,"#141, SAI RESIDENCY, NR GOVERNMENT SCHOOL, SIDDESHWARA COLONY, KAVERIPURA - 960102"
AD002516,AC001946,residence,kyc_origination,2026-04-01,T2,"Gali No. 5, close to Community Hall, Azad Mohalla, Devgarh Ngr - 970203"
AD002517,AC001946,office,kyc_origination,2026-04-01,T2,"No. 49, Sri Krishna Nivas, Gali no-1, Ward 7, Masjid ke paas, Gandhi Basti, Devgarh Nagar - 970203"
AD002518,AC001947,residence,kyc_origination,2026-04-01,T3,no. 147 b block 6th road close to government school orchid enclave navanagara east - 980301
AD002519,AC001947,office,kyc_origination,2026-04-01,T3,house 9 blk c rd 4 close to water tank sunrise enclave navanagara east - 980304
AD002520,AC001948,residence,kyc_origination,2026-04-01,T3,"Blk D, Rd 4, nr. Ration Shop, Teachers Colony, Navanagara East - 980302"
AD002521,AC001949,residence,kyc_origination,2026-04-01,T2,"No. 469, गली नं. 2, Ward 11, चर्च के पास, Patel Nagr, Devgarh Nagar - 970202"
AD002522,AC001950,residence,kyc_origination,2026-04-01,T3,"H.NO. 344, F BLOCK, 4TH RD, NEAR GOVERNMENT SCHOOL, SILVER OAK LAYOUT, NAVANAGARA EAST - 980301"
AD002523,AC001951,residence,kyc_origination,2026-04-01,T3,"Blk C, Rd 6, Palm Meadows, Navanagara East - 980302"
AD002524,AC001952,residence,kyc_origination,2026-04-01,T3,"D Block, 3rd Rd., Royal Gardens, Navanagara East - 980303"
AD002525,AC001953,residence,kyc_origination,2026-04-01,T2,"nr. Petrol Pump, Azad Mohalla, Devgarh Nagr - 970203"
AD002526,AC001954,residence,kyc_origination,2026-04-01,T2,"Gali 6, Doodh Dairy ke paas, Patel Nagar, Devgarh Nagr - 970202"
AD002527,AC001954,office,kyc_origination,2026-04-01,T2,azad mohalla devgarh nagr - 970203
AD002528,AC001955,residence,kyc_origination,2026-04-01,T3,"No. 9, A Block, 2nd Rd, Silver Oak Layt, Navanagara East - 9803301"
AD002529,AC001956,residence,kyc_origination,2026-04-01,T3,h.no. 338 blk e rd 2 close to bus stand navanagara east - 980303
AD002530,AC001957,residence,kyc_origination,2026-04-01,T1,"H.No. 188, 6th Cross, 5th Mn, opp Hanuman Temple, Kaveripura - 960102"
AD002531,AC001958,residence,kyc_origination,2026-04-01,T2,"H.No. 262, Gali No. 9, Gandhi Basti, Devgarh Nagr - 970202"
AD002532,AC001959,residence,kyc_origination,2026-04-01,T3,house 392 bus nildana hattira railway colony navanagara east - 980304
AD002533,AC001960,residence,kyc_origination,2026-04-01,T2,"Gali no-7, Ward 8, nr Gotv School, Azad Mohalla, Devgarh Nagar - 970203"
AD002534,AC001960,office,kyc_origination,2026-04-01,T2,"No. 43, Gali No. 5, Indira Colny, Devgarh Ngr - 970202"
AD002535,AC001961,residence,kyc_origination,2026-04-01,T2,"House 141, Gali no-14, nr Children Park, Nehru Colony, Devgarh Nagar - 970203"
AD002536,AC001962,residence,kyc_origination,2026-04-01,T1,"159/2, 3RD CROSS, 8TH MAIN, OPPOSITE PDS SHOP, VIDYA NAGAR, KAVERIPURA - 960104"
AD002537,AC001963,residence,kyc_origination,2026-04-01,T1,"4th Crs, 5th Main, Udyanavana hattira, Kaveripura - 960102"
AD002538,AC001963,permanent_native,kyc_origination,2026-04-01,OUT,"Village Kodihalli, Tehsil C, District North - 999894"
AD002539,AC001964,residence,kyc_origination,2026-04-01,T1,vinayaka nagar kaveripura - 960104
AD002540,AC001965,residence,kyc_origination,2026-04-01,T2,"#5, LAKSHMI NILAYA, PAANI KI TANKI KE PASS, KRISHNA PURI, DEVGARH NAGAR - 970202"
AD002541,AC001966,residence,kyc_origination,2026-04-01,T2,no. 178 gali 9 nr hanuman temple indira col devgarh nagar - 970202
AD002542,AC001967,residence,kyc_origination,2026-04-01,T3,a block 5th road bhd milk booth palm meadows navanagara east - 980302
AD002543,AC001968,residence,kyc_origination,2026-04-01,T1,"#77, 7th Cross, 3rd Mn, close to Kalyana Mantapa, Hosa Badavane, Kaveripura - 960101"
AD002544,AC001969,residence,kyc_origination,2026-04-01,T1,no. 47 ration angadi eduru gandhi nagar kaveripura - 960102
AD002545,AC001969,office,kyc_origination,2026-04-01,T1,#452 7th cross 8th main kaveripura - 960104
AD002546,AC001970,residence,kyc_origination,2026-04-01,T3,"House 241, Blk C, Rd 6, opp. Post Office, Silver Oak Layt, Navanagara East - 980301"
AD002547,AC001970,office,kyc_origination,2026-04-01,T3,"H.No. 442, Sai Residency, B Block, 2nd Road, nr. Bus Stand, Royal Gardens, Navanagara East - 980303"
AD002548,AC001971,residence,kyc_origination,2026-04-01,T1,8th cross 4th main ganapathi gudi hattira gandhi nagar kaveripura - 960102
AD002549,AC001972,residence,kyc_origination,2026-04-01,T3,no. 162 a block 1st road nr government school teachers colony navanagara east - 980302
AD002550,AC001973,residence,kyc_origination,2026-04-01,T2,"nr. Water Tank, Nehru Colony, Devgarh Nagar - 970203"
AD002551,AC001974,residence,kyc_origination,2026-04-01,T3,"H.No. 55, Blk D, Rd 5, near Masjid, Palm Meadows, Navanagara East - 980303"
AD002552,AC001975,residence,kyc_origination,2026-04-01,T3,"Blk C, Rd 6, close to Mosque, Silver Oak Layt, Navanagara East - 980304"
AD002553,AC001976,residence,kyc_origination,2026-04-01,T3,"HOUSE 179, BLK C, RD 2, UDYANAVANA EDURU, PALM MEADOWS, NAVANAGARA EAST - 980302"
AD002554,AC001976,permanent_native,kyc_origination,2026-04-01,OUT,"Village Sundarpur, Taluk B, District South - 996556"
AD002555,AC001977,residence,kyc_origination,2026-04-01,T2,h.no. 13 gali no. 4 ward 10 behind community hall krishna puri devgarh nagar - 970201
AD002556,AC001978,residence,kyc_origination,2026-04-01,T1,"2nd Cross, 1st Main, close to Children Park, Hosa Badavane, Kaveripura - 960101"
AD002557,AC001979,residence,kyc_origination,2026-04-01,T3,"#138, Blk E, Rd 6, close to Medical Store, Unity Nagar, Navanagara East"
AD002558,AC001980,residence,kyc_origination,2026-04-01,T1,"438/1, 4th Cross, 3rd Main Rd, Masjid ke pass, Siddeshwara Colny, Kaveripura - 960102"
AD002559,AC001980,office,kyc_origination,2026-04-01,T1,"#401, 8th Cross, 2nd Main, Samudaya Bhavana hattira, Kalyana Nagr, Kaveripura - 960104"
AD002560,AC001981,residence,kyc_origination,2026-04-01,T2,"No. 2118, Om Sai Complex, Gali no-8, Ward 6, Doodh Dairy ke paas, Nehru Colony, Devgarh Nagar - 970203"
AD002561,AC001982,residence,kyc_origination,2026-04-01,T2,"Shanti Kunj, Gali No. 11, Petrol Pump ke piche, Tilak Nagar, Devgarh Nagar - 970204"
AD002562,AC001983,residence,kyc_origination,2026-04-01,T3,no. 66 blk b rd 1 nr. medicals teachers colony navanagara east - 9880302
AD002563,AC001984,residence,kyc_origination,2026-04-01,T3,"NO. 104, BLK C, RD 6, NEAR PETROL BUNK, ORCHID ENCLAVE, NAVANAGARA EAST - 980301"
AD002564,AC001985,residence,kyc_origination,2026-04-01,T3,"No. 128, B Block, 6th Road, nr Church, Sunrise Enclave, Navanagara East - 980304"
AD002565,AC001986,residence,kyc_origination,2026-04-01,T1,"House 220, 12th Cross, 5th Main, ಬಸ್ ನಿಲ್ದಾಣ ಹತ್ತಿರ, Vidya Nagar, Kaveripura - 960103"
AD002566,AC001987,residence,kyc_origination,2026-04-01,T3,"H.No. 85, E Block, 4th Road, nr. Petrol Pump, Silver Oak Layout, Navanagara East - 980301"
AD002567,AC001988,residence,kyc_origination,2026-04-01,T3,no. 7 ganga apartments close to overhead tank hmt col navanagara east - 980302
AD002568,AC001989,residence,kyc_origination,2026-04-01,T2,"Gali 3, Ward 6, Nehru Col, Devgarh Nagar - 970203"
AD002569,AC001990,residence,kyc_origination,2026-04-01,T1,"H.No. 278, 11th Crs, 6th Main, Anjaneya Badavane, Kaveripura - 960103"
AD002570,AC001991,residence,kyc_origination,2026-04-01,T2,h.no. 184 gali 5 ram nagar devgarh nagar - 970203
AD002571,AC001992,residence,kyc_origination,2026-04-01,T1,h.no. 263 annapoorna nilaya 6th cross 5th main sarkari shaale edhuru shanthi nagar kaveripura - 960101
AD002572,AC001993,residence,kyc_origination,2026-04-01,T2,"GALI NO. 6, WARD 7, NEAR MEDICAL STORE, GANDHI BASTI, DEVGARH NAGAR - 970203"
AD002573,AC001994,residence,kyc_origination,2026-04-01,T1,no. 80 5th cross 5th main rd vinayaka nagar kaveripura - 960104
AD002574,AC001995,residence,kyc_origination,2026-04-01,T2,"HOUSE 420, GALI NO. 4, MEDICAL STORE KE PASS, PATEL NAGR, DEVGARH NAGAR - 970202"
AD002575,AC001996,residence,kyc_origination,2026-04-01,T2,"Gali No. 7, nr. Water Tank, Krishna Puri, Devgarh Nagar - 970202"
AD002576,AC001997,residence,kyc_origination,2026-04-01,T2,h.no. 243 गली नं. 3 ward 11 patel nagar devgarh ngr - 970202
AD002577,AC001998,residence,kyc_origination,2026-04-01,T3,"No. 389, Blk F, Rd 4, nr Overhead Tank, Sunrise Enclave, Navanagara Eats - 980304"
AD002578,AC001998,office,kyc_origination,2026-04-01,T3,"House 178, Blk F, Rd 2, nar Mosque, Railway Colony, Navanagara East - 980304"
AD002579,AC001999,residence,kyc_origination,2026-04-01,T1,h.no. 77 shanthi nagar kaveripura
AD002580,AC002000,residence,kyc_origination,2026-04-01,T2,"No. 79, Gali No. 3, Ward 5, Subhash Nagr, Devgarh Nagar - 970201"
AD002581,AC002001,residence,kyc_origination,2026-04-01,T3,"House 55, E Block, 4th Rd., Sunrise Enclave, Navanagara East - 980304"
AD002582,AC002001,office,kyc_origination,2026-04-01,T3,"House 130, Railway Colony, Navanagara East - 980304"
AD002583,AC002002,residence,kyc_origination,2026-04-01,T2,"438/3, Gali 5, Nehru Colny, Devgarh Nagar"
AD002584,AC002002,office,kyc_origination,2026-04-01,T2,"#22, सरकारी स्कूल के पास, Devgarh Nagar - 970203"
AD002585,AC002003,residence,kyc_origination,2026-04-01,T2,"Gali No. 2, Ration ki Dukaan ke peeche, Ram Nagar, Devgarh Nagar - 970203"
AD002586,AC002004,residence,kyc_origination,2026-04-01,T3,"Blk E, Rd 3, close to Church, Teachers Colony, Navanagara East - 980303"
AD002587,AC002004,office,kyc_origination,2026-04-01,T3,#368 b block 4th road palm meadows navanagara east - 980302
AD002588,AC002005,residence,kyc_origination,2026-04-01,T2,"GALI NO-3, WARD 1, OPPOSITE BUS STAND, SHIVAJI NAGAR, DEVGARH NAGAR - 970202"
AD002589,AC002005,permanent_native,kyc_origination,2026-04-01,OUT,"Village Sundarpur, Taluk A, District East - 993325"
AD002590,AC002006,residence,kyc_origination,2026-04-01,T3,"House 188, Blk F, Rd 2, Silver Oak Layt, Navanagara East - 980301"
AD002591,AC002006,office,kyc_origination,2026-04-01,T3,"Blk A, Rd 2, nr. Church, Sunrise Enclave, Navanagara East - 980304"
AD002592,AC002007,residence,kyc_origination,2026-04-01,T3,"No. 379, C Block, 3rd Road, near Hanuman Temple, Lakeview Phase 2, Navanagara East - 980303"
AD002593,AC002008,residence,kyc_origination,2026-04-01,T1,"NO. 147, CLOSE TO MEDICAL STORE, VIDYA NAGAR, KAVERIPURA - 960103"
AD002594,AC002009,residence,kyc_origination,2026-04-01,T3,"Hoouse 221, Ganga Apartments, Blk A, Rd 6, Defence Colony, Navanagara East - 980301"
AD002595,AC002010,residence,kyc_origination,2026-04-01,T2,"NO. 398, PAANI KI TANKI KE PASS, SHASTRI NGR, DEVGARH NAGR - 970203"
AD002596,AC002011,residence,kyc_origination,2026-04-01,T3,"NO. 191, A BLOCK, 2ND RD, OPPOSITE PDS SHOP, SUNRISE ENCLAVE, NAVANAGARA EAST - 980304"
AD002597,AC002011,permanent_native,kyc_origination,2026-04-01,OUT,"Village Sundarpur, Tehsil D, District West - 993613"
AD002598,AC002012,residence,kyc_origination,2026-04-01,T2,gali 8 doodh dairy ke peeche patel nagar devgarh nagr - 970202
AD002599,AC002013,residence,kyc_origination,2026-04-01,T3,no. 25 b blk 4th road nr. gvot school teachers colony navanagara east - 980302
AD002600,AC002013,office,kyc_origination,2026-04-01,T3,no. 26 blk a rd 2 opp bus stand silver oak layout navanaara east - 980301
AD002601,AC002014,residence,kyc_origination,2026-04-01,T2,masjid ke paas indira col devgarh nagar - 970202
AD002602,AC002015,residence,kyc_origination,2026-04-01,T2,"No. 72, Gali 1, near Mosquee, Shastri Nagar, Devgarh Nagar - 970201"
AD002603,AC002016,residence,kyc_origination,2026-04-01,T3,#120 blk b rd 4 near bus stop navanagara east - 980303
AD002604,AC002016,permanent_native,kyc_origination,2026-04-01,OUT,"Village Kodihalli, Taluk B, District South - 995473"
AD002605,AC002017,residence,kyc_origination,2026-04-01,T3,"Blk D, Rd 2, next to Petrol Pump, Green Park Layout, Navanagara East - 980301"
AD002606,AC002018,residence,kyc_origination,2026-04-01,T1,"NO. 329, 6TH CROSS, 5TH MAIN, KUVEMPU LAYOUT, KAVERIPURA - 960102"
AD002607,AC002019,residence,kyc_origination,2026-04-01,T1,#155 lakshmi nilaya 10th crs 2nd mainn ganapathi gudi hinde kaveripura - 960104
AD002608,AC002019,office,kyc_origination,2026-04-01,T1,h.no. 446 10th cr 8th mn hosa badavane kaveripura - 960104
AD002609,AC002020,residence,kyc_origination,2026-04-01,T3,"No. 238, Blk F, Rd 6, Navanagara East - 980302"
AD002610,AC002020,office,kyc_origination,2026-04-01,T3,"237/1, Blk B, Rd 3, nr Children Park, Palm Meadows, Navanagara East - 980303"
AD002611,AC002021,residence,kyc_origination,2026-04-01,T2,"NO. 231, NR. OVERHEAD TANK, NEHRU COLNY, DEVGARH NGR - 970204"
AD002612,AC002022,residence,kyc_origination,2026-04-01,T1,"H.No. 196, 7th Cross, 4th Mn, Basava Nagar, Kaveripura - 960101"
AD002613,AC002023,residence,kyc_origination,2026-04-01,T2,gali no. 1 near pds shop shivaji nagar devgarh nagar - 970202
AD002614,AC002024,residence,kyc_origination,2026-04-01,T3,"D Block, 4th Road, Bus Stop ke piche, Teachers Colny, Navanagara East - 980302"
AD002615,AC002025,residence,kyc_origination,2026-04-01,T3,"E Block, 3rd Road, near Overhead Tank, Unity Nagar, Navanagara East - 980302"
AD002616,AC002026,residence,kyc_origination,2026-04-01,T1,"H.NO. 441, 5TH CROSS, 5TH MAIN, CHURCH KE SAMNE, HOSA BADAVANE, KAVERIPURA - 960101"
AD002617,AC002027,residence,kyc_origination,2026-04-01,T3,"Blk C, Rd 1, Railway Colony, Navanagara East - 980304"
AD002618,AC002028,residence,kyc_origination,2026-04-01,T2,#380 gali no-9 ward 10 nr. ganesh temple krishnna puri devgarh nagr - 970202
AD002619,AC002029,residence,kyc_origination,2026-04-01,T2,"No. 46, Gali no-2, Gandhi Basti, Devgarh Nagar - 970203"
AD002620,AC002030,residence,kyc_origination,2026-04-01,T3,c block 5th rd. hmt colny navanagara east - 980302
AD002621,AC002031,residence,kyc_origination,2026-04-01,T1,"NO. 217, 5TH CROSS, 5TH MAIN, NEAR GANESH TEMPLE, GANDHI NAGAR, KAVERIPURA - 960102"
AD002622,AC002032,residence,kyc_origination,2026-04-01,T2,"Gali no-5, near Mosque, Shastri Nagar, Devgarh Ngr"
AD002623,AC002033,residence,kyc_origination,2026-04-01,T1,"#398, 12TH CROSS, 4TH MAIN, KAVERIPURA - 960102"
AD002624,AC002034,residence,kyc_origination,2026-04-01,T1,"HOUSE 241, 1ST CROSS, 2ND MN, NEEIRNA TANK HATTIRA, GANDHI NGR, KAVERIPUA - 960102"
AD002625,AC002034,permanent_native,kyc_origination,2026-04-01,OUT,"Village Mallapura, Tehsil D, District South - 991107"
AD002626,AC002035,residence,kyc_origination,2026-04-01,T2,no. 107 nr. kalyana mantaa nehru colny devgarh nagar - 970203
AD002627,AC002036,residence,kyc_origination,2026-04-01,T3,"No. 170, A Blk., 3rd Rd., Navanagara East"
AD002628,AC002037,residence,kyc_origination,2026-04-01,T2,"House 191, Annapoorna Nilaya, Gali no-6, Shivaji Ngr, Devgarh Nagar - 970202"
AD002629,AC002038,residence,kyc_origination,2026-04-01,T3,214/1 blk a rd 3 near hanuman temple unity nagar navanagara east - 980302
AD002630,AC002038,permanent_native,kyc_origination,2026-04-01,OUT,"Village Hosahalli, Taluk B, District South - 999818"
AD002631,AC002039,residence,kyc_origination,2026-04-01,T1,no. 318 7th cross 1st main paani ki tanki ke saaamne gandhi nagar kaveripura - 960102
AD002632,AC002040,residence,kyc_origination,2026-04-01,T3,"BLK A, RD 6, TEACHERS COLNY, NAVANAGARA EAST - 980302"
AD002633,AC002041,residence,kyc_origination,2026-04-01,T2,"#28, Gali No. 8, Wrd 6, nr Milk Booth, Nehru Col, Devgarh Nagr - 970203"
AD002634,AC002041,office,kyc_origination,2026-04-01,T2,"#162, Gali No. 3, Dak Ghar ke samne, Shivaji Nagr, Devgarh Nagar - 970202"
AD002635,AC002042,residence,kyc_origination,2026-04-01,T3,"No. 136, nr Milk Dairy, Palm Meadows, Navanagara East"
AD002636,AC002042,office,kyc_origination,2026-04-01,T3,"H.No. 87, E Block, 3rd Road, bhd Bus Stand, Railway Colony, Navanagara East - 980304"
AD002637,AC002043,residence,kyc_origination,2026-04-01,T1,"5th Cross, 4th Main, Basvaa Nagar, Kaveripura - 960101"
AD002638,AC002044,residence,kyc_origination,2026-04-01,T2,"29/3, Gali No. 2, Krishna Puri, Devgarh Nagr - 970202"
AD002639,AC002044,office,kyc_origination,2026-04-01,T2,"Gali 11, Girja Ghar ke paas, Azad Mohalla, Devgarh Nagr - 970203"
AD002640,AC002045,residence,kyc_origination,2026-04-01,T1,8th cross 3rd main opposite bus stand gandhi nagar kaveripura - 960102
AD002641,AC002046,residence,kyc_origination,2026-04-01,T1,"2nd Cross, 4th Main, nr Post Office, Vinayaka Nagar, Kaveripura - 960104"
AD002642,AC002047,residence,kyc_origination,2026-04-01,T2,"House 399, Gali 4, Krishna Puri, Devgarh Nagar - 970202"
AD002643,AC002048,residence,kyc_origination,2026-04-01,T3,"B Blk, 2nd Road, close to Milk Booth, Defence Colony, Navanagara East - 980301"
AD002644,AC002048,permanent_native,kyc_origination,2026-04-01,OUT,"Village Mallapura, Tehsil C, District East - 991842"
AD002645,AC002049,residence,kyc_origination,2026-04-01,T1,#337 ಮಸೀದಿ ಹತ್ತಿರ vidya nagar kaveripura - 960103
AD002646,AC002049,permanent_native,kyc_origination,2026-04-01,OUT,"Village Mallapura, Tehsil C, District South - 992449"
AD002647,AC002050,residence,kyc_origination,2026-04-01,T3,"Blk D, Rd 1, nr. Hanuman Temple, Navanagara East - 980302"
AD002648,AC002051,residence,kyc_origination,2026-04-01,T3,"Blk D, Rd 3, close to Hanuman Temple, Palm Meadows, Navanagara East - 980302"
AD002649,AC002051,office,kyc_origination,2026-04-01,T3,blk d rd 2 close to kalyana mantapa sunrise enclave navenagara east - 980304
AD002650,AC002052,residence,kyc_origination,2026-04-01,T2,"H.NO. 105, GALI 11, PATEL NAGAR, DEVGARH NAGAR - 970202"
AD002651,AC002053,residence,kyc_origination,2026-04-01,T3,"H.No. 267, Blk B, Rd 4, nr Church, Sunrise Enclave, Navanagara East - 980304"
AD002652,AC002053,office,kyc_origination,2026-04-01,T3,"42/1, A Block, 3rd Road, nr. Milk Booth, HMT Col, Navanagara East - 980301"
AD002653,AC002054,residence,kyc_origination,2026-04-01,T2,गली नं. 11 डाकघर के पीछे gandhi basti devgarh nagar - 97203
AD002654,AC002055,residence,kyc_origination,2026-04-01,T3,"NO. 418, B BLK, 5TH ROAD, NEAR BUS STOP, LAKEVIEW PHASE 2, NAVANAGARA EAST - 980303"
AD002655,AC002056,residence,kyc_origination,2026-04-01,T3,"Blk D, Rd 6, nr. Overhead Tank, Silver Oak Lyt, Navanagara East - 980301"
AD002656,AC002057,residence,kyc_origination,2026-04-01,T3,e blk. 6th rd. perol bunk hattira railway col navanagara east - 980304
AD002657,AC002058,residence,kyc_origination,2026-04-01,T2,gali 1 ward 11 patel ngaar devgarh nagar - 970202
AD002658,AC002059,residence,kyc_origination,2026-04-01,T3,"No. 84, Blk A, Rd 4, Ration Angadi hattira, HMT Colony, Navanagara East - 980301"
AD002659,AC002060,residence,kyc_origination,2026-04-01,T3,e block 6th road near pharmacy hmt colony navanagara east - 980301
AD002660,AC002061,residence,kyc_origination,2026-04-01,T1,"#12, 12TH CROSS, 2ND MAIN, TANKI KE PAAS, SHANTHI NAGAR, KAVERIPURA - 960101"
AD002661,AC002062,residence,kyc_origination,2026-04-01,T2,128/1 gali no-10 devgarh ngr - 970202
AD002662,AC002063,residence,kyc_origination,2026-04-01,T3,"H.NO. 299, BLK C, RD 6, GREEN PARK LAYOUT, NAVANAGARA EAST - 980301"
AD002663,AC002064,residence,kyc_origination,2026-04-01,T2,"No. 10, Gali No. 8, Ward 11, b/h Chruch, Shivaji Nagar, Devgarh Nagar - 970202"
AD002664,AC002065,residence,kyc_origination,2026-04-01,T2,"No. 313, Gali no-3, Patel Nagar, Devgarh Nagar - 970202"
AD002665,AC002065,office,kyc_origination,2026-04-01,T2,"#278, Gali No. 4, nr Masjid, Tilak Nagar, Devgarh Ngr - 970203"
AD002666,AC002066,residence,kyc_origination,2026-04-01,T3,"#262, D Block, 4th Road, behind Water Tank, Navanagara East - 980301"
AD002667,AC002067,residence,kyc_origination,2026-04-01,T3,no. 2 blk a rd 6 close to government school hmt colony navanagara east - 980301
AD002668,AC002068,residence,kyc_origination,2026-04-01,T1,"418/1, close to Ganapathi Temple, Ashoka Lyt, Kaveripura - 960104"
AD002669,AC002069,residence,kyc_origination,2026-04-01,T2,Devgarh Ngr
AD002670,AC002070,residence,kyc_origination,2026-04-01,T2,no. 348 gali no-1 ward 6 ram nagar devgarh naagr - 970203
AD002671,AC002070,office,kyc_origination,2026-04-01,T2,"412/1, Gali 5, near Masjid, Tilak Nagar, Devgarh Nagar - 970204"
AD002672,AC002071,residence,kyc_origination,2026-04-01,T1,3rd cross 1st main udyanavana eduru vidya naagar kaveripura - 960103
AD002673,AC002072,residence,kyc_origination,2026-04-01,T1,"H.No. 7, 4th Cross, 3rd Main, Park hattira, Nehru Colony, Kaveripura - 960102"
AD002674,AC002073,residence,kyc_origination,2026-04-01,T3,"#18, E BLOCK, 6TH ROAD, NEAR GOVERNMENT SCHOOL, NAVANAGARA EAST - 980301"
AD002675,AC002074,residence,kyc_origination,2026-04-01,T3,house 274 blk d rd 1 nr community hall sunrise enclave navanagara east - 980304
AD002676,AC002075,residence,kyc_origination,2026-04-01,T3,house 369 e blk 2nd road close to pds shop lakeview phase 2 navanagara east - 980303
AD002677,AC002075,permanent_native,kyc_origination,2026-04-01,OUT,"Village Devipur, Tehsil D, District East - 998910"
AD002678,AC002076,residence,kyc_origination,2026-04-01,T3,"House 100, Blk C, Rd 4, near Ganapathi Temple, Green Park Layt, Navanagara East - 980301"
AD002679,AC002076,permanent_native,kyc_origination,2026-04-01,OUT,"Village Sundarpur, Taluk B, District North - 991666"
AD002680,AC002077,residence,kyc_origination,2026-04-01,T3,"#248, Blk C, Rd 3, nr. Ganesh Temple, Navanagara East - 980301"
AD002681,AC002078,residence,kyc_origination,2026-04-01,T1,"No. 335, 12th Cross, 2nd Main, Nehru Colony, Kaveripura - 960102"
AD002682,AC002079,residence,kyc_origination,2026-04-01,T2,house 311 gali no. 1 nr. ration shop azad mohalla devgarh ngr
AD002683,AC002080,residence,kyc_origination,2026-04-01,T1,"H.No. 112, 11th Cross, 8th Main, Gandhi Nagr, Kaveripura - 960102"
AD002684,AC002081,residence,kyc_origination,2026-04-01,T3,house 278 b block 5th road bhd church silver oak lyt navanagara east - 980301
AD002685,AC002082,residence,kyc_origination,2026-04-01,T3,"Blk F, Rd 3, ಬಸ್ ನಿಲ್ದಾಣ ಹತ್ತಿರ, Lakeview Phase 2, Navanagara East - 980303"
AD002686,AC002082,permanent_native,kyc_origination,2026-04-01,OUT,"Village Mallapura, Tehsil D, District East - 993820"
AD002687,AC002083,residence,kyc_origination,2026-04-01,T1,"457/2, 11th Cross, 2nd Main Rd, nr. Government School, Anjaneay Badavane, Kaveripura - 960103"
AD002688,AC002084,residence,kyc_origination,2026-04-01,T2,"Gali No. 3, Ward 11, beside Medical Store, Patel Nagar, Devgarh Nagar - 970202"
AD002689,AC002084,office,kyc_origination,2026-04-01,T2,gali 10 close to gvt school subhash nagr devgarh nagr
AD002690,AC002085,residence,kyc_origination,2026-04-01,T2,"336/3, Patel Nagar, Devgarh Nagar - 970202"
AD002691,AC002086,residence,kyc_origination,2026-04-01,T1,"346/2, 10th Cross, 7th Main, b/h Bus Stop, Kaveripura - 960102"
AD002692,AC002087,residence,kyc_origination,2026-04-01,T3,"#28, BLK E, RD 3, OPP GOVT SCHOOL, ORCHID ENCLAVE, NAVANAGARA EAST"
AD002693,AC002088,residence,kyc_origination,2026-04-01,T2,house 148 gali 12 हनुमान मंदिर के सामने shastri ngr devgarh nagr - 970201
AD002694,AC002089,residence,kyc_origination,2026-04-01,T2,"#177, गली नं. 8, Ward 1, डाकघर के पास, Devgarh Nagar - 970202"
AD002695,AC002089,office,kyc_origination,2026-04-01,T2,"No. 211, Gali no-8, Nehru Colony, Devgarh Ngr - 970203"
AD002696,AC002090,residence,kyc_origination,2026-04-01,T3,"#362, B BLOCK, 2ND RD., NR. MOSQUE, RIALWAY COL, NAVANAGARA EAST - 980304"
AD002697,AC002091,residence,kyc_origination,2026-04-01,T1,"HOUSE 86, BEHIND MEDICAL STORE, ANJANEYA BADAVANE, KAVERIPURA - 960103"
AD002698,AC002091,office,kyc_origination,2026-04-01,T1,"405/3, 2ND CROSS, 7TH MAIN RD, KALYANA NAGR, KAVERIPURA - 960104"
AD002699,AC002092,residence,kyc_origination,2026-04-01,T2,"H.No. 78, Gali no-1, Indira Colny, Devgarh Nagar - 970202"
AD002700,AC002093,residence,kyc_origination,2026-04-01,T3,"HOUSE 398, SHANTI KUNJ, A BLOCK, 4TH ROAD, NR CHURCH, DEFENCE COLNY, NAVANAGARA EAST - 980301"
AD002701,AC002094,residence,kyc_origination,2026-04-01,T2,"293/2, Gali 9, near Petrol Pump, Devgarh Ngr - 970203"
AD002702,AC002094,office,kyc_origination,2026-04-01,T2,"H.No. 456, गली नं. 5, Ward 1, गणेश मंदिर के सामने, Shivaji Nagar, Devgarh Nagr - 970202"
AD002703,AC002095,residence,kyc_origination,2026-04-01,T2,343/2 gali 4 b/h post office shivaji ngr devgarh nagar - 970202
AD002704,AC002096,residence,kyc_origination,2026-04-01,T2,"Green View Apts, Gali No. 8, b/h Government School, Indira Colony, Devgarh Nagr - 970202"
AD002705,AC002096,office,kyc_origination,2026-04-01,T2,"#146, Gali no--12, Ward 3, Ambedkar Nagar, Devgarh Nagar"
AD002706,AC002097,residence,kyc_origination,2026-04-01,T1,"82/3, 11th Cross, 6th Main, Kuvempu Layout, Kaveripura - 960102"
AD002707,AC002098,residence,kyc_origination,2026-04-01,T1,"#208, 3rd Cr, 2nd Main, nr Mosque, Kaveripura - 960102"
AD002708,AC002099,residence,kyc_origination,2026-04-01,T3,"H.No. 376, Annapoorna Nilaya, Blk A, Rd 6, HMT Colony, Navanagara East - 980301"
AD002709,AC002100,residence,kyc_origination,2026-04-01,T1,"H.NO. 150, 3RD CR, 2ND MAIN RD, B/H MASJID, NEHRU COLONY, KAVERIPURA - 960102"
AD002710,AC002101,residence,kyc_origination,2026-04-01,T3,"H.No. 266, D Block, 4th Road, near Ganesh Temple, Defence Colony, Navanagara East - 980301"
AD002711,AC002102,residence,kyc_origination,2026-04-01,T1,"NO. 275, 4TH CROSS, 8TH MAIN, CLOSE TO GANESH TEMPLE, GANDHI NAGAR, KAVEERIPURA - 960102"
AD002712,AC002103,residence,kyc_origination,2026-04-01,T3,"House 390, Blk A, Rd 4, Hanuman Mandir ke paas, Orchid Enclave, Navanagara East - 980304"
AD002713,AC002103,office,kyc_origination,2026-04-01,T3,"No. 94, Blk E, Rd 2, Silver Oak Layt, Navanagara Eat"
AD002714,AC002104,residence,kyc_origination,2026-04-01,T3,331/3 blk c rd 1 palm meadows navanagara east - 980302
AD002715,AC002105,residence,kyc_origination,2026-04-01,T1,297/3 4th cross 7th main nr ganapathi temple gandhi nagar kaveripura
AD002716,AC002106,residence,kyc_origination,2026-04-01,T2,gali no. 1 bus adda ke pass devgarh nagar - 970201
AD002717,AC002106,office,kyc_origination,2026-04-01,T2,"H.No. 133, Krishna Pur, Devgarh Nagar - 970202"
AD002718,AC002107,residence,kyc_origination,2026-04-01,T3,"436/2, BLK C, RD 1, SUNRISE ENCLAVE, NAVANAGARA EAST - 980304"
AD002719,AC002108,residence,kyc_origination,2026-04-01,T2,"Gali no-11, Ward 9, सरकारी स्कूल के पास, Shastri Ngr, Devgarh Nagr - 970201"
AD002720,AC002109,residence,kyc_origination,2026-04-01,T3,"NR. MASJID, ORCHID ENCLAVE, NAVANAGARA EAST - 980301"
AD002721,AC002110,residence,kyc_origination,2026-04-01,T1,"H.NO. 381, 1ST CR, 8TH MAIN, PETROL BUNK HATTIRA, KALYANA NAGAR, KAVERIPURA - 960104"
AD002722,AC002111,residence,kyc_origination,2026-04-01,T3,"No. 247, A Bloc,k 3rd Road, bhd PDS Shop, Navanagara East - 980301"
AD002723,AC002112,residence,kyc_origination,2026-04-01,T2,"No. 174, Glai no-4, Subhash Nagar, Devgarh Nagar - 970201"
AD002724,AC002113,residence,kyc_origination,2026-04-01,T2,"House 114, Gali no-3, nr Post Office, Subhash Nagar, Devgarh Nagar - 970201"
AD002725,AC002114,residence,kyc_origination,2026-04-01,T2,"Gali 10, गणेश मंदिर के सामने, Azad Mohalla, Devgarh Nagar - 970203"
AD002726,AC002114,office,kyc_origination,2026-04-01,T2,"House 234, Gali No. 2, Ward 7, Gandhi Basti, Devgarh Nagar - 970203"
AD002727,AC002115,residence,kyc_origination,2026-04-01,T1,"House 176, 11th Cr, 2nd Main, Nyayabele Angadi hindhe, Kuvempu Layout, Kaveripura"
AD002728,AC002116,residence,kyc_origination,2026-04-01,T2,"H.oN. 268, Gali 7, close to Petrol Bunk, Azad Mohalla, Devgarh Nagar - 970203"
AD002729,AC002117,residence,kyc_origination,2026-04-01,T1,"H.NO. 166, 9TH CRS, 5TH MAIN, ANJANEYA BADAVANE, KAVERIPURA - 960103"
AD002730,AC002118,residence,kyc_origination,2026-04-01,T3,"No. 5, F Blk., 4th Road, nr. Mosque, Navanagara East - 980302"
AD002731,AC002118,office,kyc_origination,2026-04-01,T3,"Blk F, Rd 3, Royal Gardens, Navanagara East - 980303"
AD002732,AC002119,residence,kyc_origination,2026-04-01,T2,"HOUSE 37,6 CLOSE TO GOVT SCHOOL, TILAK NAGAR, DEVGARH NAGAR - 970204"
AD002733,AC002120,residence,kyc_origination,2026-04-01,T2,"House 287, near Ganesh Temple, Azad Mohalla, Devgarh Nagar - 970203"
AD002734,AC002120,office,kyc_origination,2026-04-01,T2,446/1 gali no. 6 barat ghar ke pass azad mohalla devgarh nagar - 970230
AD002735,AC002121,residence,kyc_origination,2026-04-01,T3,h.no. 385 blk a rd 1 lakeview phase 2 navanagara east - 980304
AD002736,AC002122,residence,kyc_origination,2026-04-01,T3,"#87, Blk C, Rd 4, Sarkari School ke paas, Unity Nagar, Navanagara East - 980304"
AD002737,AC002123,residence,kyc_origination,2026-04-01,T3,"nr Bus Stop, Lakeview Phase 2, Navanagara East - 980303"
AD002738,AC002124,residence,kyc_origination,2026-04-01,T1,"No. 80, 4th Cross, 1st Main Rd, Medical Shop hattira, Ashoka Lyt, Kaveripura - 960104"
AD002739,AC002125,residence,kyc_origination,2026-04-01,T3,h.ni. 397 annapoorna nilaya bus stop hinde teachers colony navanagara east - 980302
AD002740,AC002126,residence,kyc_origination,2026-04-01,T1,"#215, 10TH CROSS, 7TH MAIN, VINAYAKA NAGR, KAVERIPURA - 960104"
AD002741,AC002127,residence,kyc_origination,2026-04-01,T2,"Hiuse 187, Gali 5, near Govt School, Indira Colony, Devgarh Nagar - 970202"
AD002742,AC002127,office,kyc_origination,2026-04-01,T2,"House 115, Gali no-12, मेडिकल स्टोर के सामने, Shivaji Nagar, Devgarh Nagar - 970202"
AD002743,AC002128,residence,kyc_origination,2026-04-01,T3,"#392, B Block, 6th Roda, near Ganesh Temple, Defence Colony, Navanagara East - 980301"
AD002744,AC002129,residence,kyc_origination,2026-04-01,T1,"#215, 4th Cross, 1st Main Rd, Vidya Nagar, Kaveripura - 960103"
AD002745,AC002129,permanent_native,kyc_origination,2026-04-01,OUT,"Village Rampura Kalan, Tehsil D, District West - 993873"
AD002746,AC002130,residence,kyc_origination,2026-04-01,T1,house 40 4th cross 3rd main park hattira nehru colny kaveripura - 960102
AD002747,AC002130,permanent_native,kyc_origination,2026-04-01,OUT,"Village Devipur, Taluk A, District South - 994087"
AD002748,AC002131,residence,kyc_origination,2026-04-01,T2,"House 204, Gali 10, Patel Ngr, Devgarh Ngr - 970202"
AD002749,AC002131,office,kyc_origination,2026-04-01,T2,"5/2, गली नं. 3, मस्जिद के पास, Shastri Nagar, Devgarh Nagar - 970201"
AD002750,AC002132,residence,kyc_origination,2026-04-01,T2,"465/2, GALI NO-7, PARK KE PAAS, AZAD MOHALLA, DEVGARH NGR - 970203"
AD002751,AC002133,residence,kyc_origination,2026-04-01,T2,"H.NO. 15, गली नं. 3, बारात घर के पास, NEHRU COL, DEVGARH NGR - 970203"
AD002752,AC002133,office,kyc_origination,2026-04-01,T2,"#179, GALI NO. 1, WARD 7, BUS ADDA KE SAAMNE, GANDHI BASTI, DEVGARH NAGAR - 970203"
AD002753,AC002134,residence,kyc_origination,2026-04-01,T3,"F Block, 4th Rd., nr Bus Stop, Lakeview Phase 2, Navanagara East - 980303"
AD002754,AC002134,office,kyc_origination,2026-04-01,T3,"142/3, Sai Residency, Blk F, Rd 2, nr. Masjid, Sunrise Enclave, Navanagara East - 980301"
AD002755,AC002135,residence,kyc_origination,2026-04-01,T3,house 168 blk b rd 6 close to hanuman temple green park layt navanagara east - 980301
AD002756,AC002136,residence,kyc_origination,2026-04-01,T3,"Blk B, Rd 6, Bus Adda ke paas, Navanagara East - 980304"
AD002757,AC002137,residence,kyc_origination,2026-04-01,T1,"#352, 5TH CROSS, 1ST MAIN, NEAR MASJID, NEHRU COLONY, KAVERIPURA"
AD002758,AC002138,residence,kyc_origination,2026-04-01,T3,no. 96 a block 4th road bus nildana edhuru silver oak layout navanagara east - 980302
AD002759,AC002138,office,kyc_origination,2026-04-01,T3,#269 blk d rd 1 unity nagar navanagara east - 980302
AD002760,AC002139,residence,kyc_origination,2026-04-01,T3,"254/2, Blk B, Rd 6, b/h Mosque, Orchid Enclave, Navaanagara East - 980301"
AD002761,AC002139,office,kyc_origination,2026-04-01,T3,"House 307, Petrol Bunk hattira, Green Park Layout, Navanagara East - 980301"
AD002762,AC002140,residence,kyc_origination,2026-04-01,T1,"159/3, 3RD CROS, 2ND MAIN, CLOSE TO MEDICAL STORE, ASHOKA LAYOUT, KAVERIPURA - 960104"
AD002763,AC002141,residence,kyc_origination,2026-04-01,T2,"GALI NO. 4, PATEL NAGAR, DEVGARH NAGR - 970203"
AD002764,AC002142,residence,kyc_origination,2026-04-01,T1,"HOUSE 219, SHANTI KUNJ, 3RD CROSS, 2ND MAIN RD, OPP CHURCH, GANDHI NAGAR, KOVERIPURA - 960102"
AD002765,AC002142,office,kyc_origination,2026-04-01,T1,"#208, 3RD CROSS, 2ND MN, KUVEMPU LAYOUT, KAVERIPURA - 960102"
AD002766,AC002143,residence,kyc_origination,2026-04-01,T1,"#75, 10th Cross, 3rd Main, Ganesh Mandir ke piche, Nehru Colony, Kaveripura - 960102"
AD002767,AC002144,residence,kyc_origination,2026-04-01,T1,"NO. 421, LAKSHMI NILAYA, 2ND CROSS, 7TH MAAIN, KAVERIPURA - 960104"
AD002768,AC002145,residence,kyc_origination,2026-04-01,T3,"No. 419, Blk F, Rd 5, close to Medicals, Orchid Enclave, Navanagara East - 980301"
AD002769,AC002145,office,kyc_origination,2026-04-01,T3,"67/3, D Block, 1st Road, Royal Gardens, Navanagara East - 980303"
AD002770,AC002146,residence,kyc_origination,2026-04-01,T2,"338/2, GALI NO-5, WARD 5, डाकघर के पास, SUBHASH NAGAR, DEVGARH NAGR"
AD002771,AC002147,residence,kyc_origination,2026-04-01,T1,"No. 308, nr. Masjid, Kaveripura - 960102"
AD002772,AC002148,residence,kyc_origination,2026-04-01,T2,"House 142, Gali 10, Ward 10, close to Post Office, Krishna Puri, Devgarh Nagar - 970202"
AD002773,AC002149,residence,kyc_origination,2026-04-01,T1,"176/3, Basava Nagar, Kaveripura - 960101"
AD002774,AC002150,residence,kyc_origination,2026-04-01,T1,"#11, CHURCH HATTIRA, KUVOMPU LAYT, KAVERIPURA - 960103"
AD002775,AC002150,office,kyc_origination,2026-04-01,T1,"NO. 91, 12TH CROSS, 7TH MAIN, NR GOVT SCHOL, GANDHI NAGAR, KAVERIPURA - 960102"
AD002776,AC002151,residence,kyc_origination,2026-04-01,T3,tanki ke pas defence colony navanagara east - 980301
AD002777,AC002152,residence,kyc_origination,2026-04-01,T2,"No. 168, गली नं. 1, Ward 7, Gandhi Basti, Devgarh Nagar - 970203"
AD002778,AC002153,residence,kyc_origination,2026-04-01,T3,girja ghar ke paas sunrise enclave navanagara east - 980304
AD002779,AC002154,residence,kyc_origination,2026-04-01,T1,h.no. 398 sarkari school ke paas shanthi nagar kaveripura - 960101
AD002780,AC002154,permanent_native,kyc_origination,2026-04-01,OUT,"Village Devipur, Tehsil C, District West - 991274"
AD002781,AC002155,residence,kyc_origination,2026-04-01,T1,"H.NO. 333, 2ND CROSS, 8TH MAIN, NEHRU COL, KAVERIPURA - 960102"
AD002782,AC002156,residence,kyc_origination,2026-04-01,T3,"House 70, Blk A, Rd 6, Unity Nagar, Navanagara East - 980302"
AD002783,AC002157,residence,kyc_origination,2026-04-01,T1,house 359 near hanuman temple nehru colony kaveripura - 960102
AD002784,AC002158,residence,kyc_origination,2026-04-01,T2,283/1 gali 2 opposite mosque shastri nagr devgarh nagar - 970201
AD002785,AC002159,residence,kyc_origination,2026-04-01,T3,blk d rd 1 palm meadows navanagara east - 980302
AD002786,AC002159,office,kyc_origination,2026-04-01,T3,"H.No. 221, Doodh Dairy ke pass, Railway Colony, Navanagara East - 980304"
AD002787,AC002160,residence,kyc_origination,2026-04-01,T2,"#346, Gali No. 2, Ward 1, behind Hanuman Teemple, Shivaji Ngr, Devgarh Nagar - 970201"
AD002788,AC002160,office,kyc_origination,2026-04-01,T2,"#211, Gali No. 3, बारात घर के सामने, Azad Mohalla, Devgarh Nagr - 970203"
AD002789,AC002161,residence,kyc_origination,2026-04-01,T3,"186/1, Blk D, Rd 4, close to Petrol Bunk, Railway Colny, Navanagara East - 980304"
AD002790,AC002161,permanent_native,kyc_origination,2026-04-01,OUT,"Village Kodihalli, Tehsil D, District East - 997375"
AD002791,AC002162,residence,kyc_origination,2026-04-01,T3,house 366 d block 1st road navanagara east
AD002792,AC002163,residence,kyc_origination,2026-04-01,T1,#362 12th cross 8th main near mosque ashoka layout kaveripura - 96014
AD002793,AC002164,residence,kyc_origination,2026-04-01,T1,"H.No. 391, 3rd Cross, 4th Main, ಗಣಪತಿ ದೇವಸ್ಥಾನ ಹತ್ತಿರ, Kaveripura - 960104"
AD002794,AC002165,residence,kyc_origination,2026-04-01,T2,"NO. 333, GALI 3, MEDICAL STORE KE PASS, PATEL NAGAR, DEVGARH NAGAR - 970202"
AD002795,AC002166,residence,kyc_origination,2026-04-01,T1,"H.No. 289, 11th Cross, 5th Main, opp. Church, Anjaneya Badavane, Kaveripura - 960103"
AD002796,AC002167,residence,kyc_origination,2026-04-01,T2,#37 gali no-12 devgarh nagar
AD002797,AC002167,permanent_native,kyc_origination,2026-04-01,OUT,"Village Bilagi, Tehsil C, District West - 996383"
AD002798,AC002168,residence,kyc_origination,2026-04-01,T2,"467/2, GALI NO. 8, AZAD MOHALLA, DEVGARH NAGR - 970203"
AD002799,AC002169,residence,kyc_origination,2026-04-01,T3,"House 92, Sri Krishna Nivas, Blk A, Rd 3, Lakeview Phase 2, Navanagara East - 980303"
AD002800,AC002170,residence,kyc_origination,2026-04-01,T3,"149/2, A Block, 4th Road, Anjaneya Gudi hattia, Green Park Layout, Navanagara East - 980301"
AD002801,AC002171,residence,kyc_origination,2026-04-01,T1,3rd cross 1st main ಉದ್ಯಾನವನ ಹತ್ತಿರ hosa badavane kaveripura - 960101
AD002802,AC002172,residence,kyc_origination,2026-04-01,T1,no. 231 10th crs 4th mn opp pds shop gandhi nagar kaveripura - 960102
AD002803,AC002172,office,kyc_origination,2026-04-01,T1,"H.No. 145, 2nd Cross, 7th Main, Ganapathi Gudi hinde, Hosa Badavane, Kaveripura - 960101"
AD002804,AC002173,residence,kyc_origination,2026-04-01,T3,"House 80, Sunrise Enclave, Navanagara East - 980302"
AD002805,AC002173,permanent_native,kyc_origination,2026-04-01,OUT,"Village Bilagi, Taluk A, District South - 998311"
AD002806,AC002174,residence,kyc_origination,2026-04-01,T1,"224/1, 12th Cross, 3rd Main, ಬಸ್ ನಿಲ್ದಾಣ ಹತ್ತಿರ, Nehru Colny, Kaveripura - 960102"
AD002807,AC002174,office,kyc_origination,2026-04-01,T1,"220/2, 6th Cross, 1st Main Rd, ಗಣಪತಿ ದೇವಸ್ಥಾನ ಹಿಂದೆ, Siddeshwara Colony, Kaveripura - 960102"
AD002808,AC002175,residence,kyc_origination,2026-04-01,T1,"4TH CROSS, 2ND MN, NEAR MASJID, NEHRU COL, KAVERIPURA - 960102"
AD002809,AC002176,residence,kyc_origination,2026-04-01,T1,#363 ಉದ್ಯಾನವನ ಹಿಂದೆ siddeshwara colny kaveripura - 960102
AD002810,AC002176,permanent_native,kyc_origination,2026-04-01,OUT,"Village Sundarpur, Taluk B, District West - 995400"
AD002811,AC002177,residence,kyc_origination,2026-04-01,T2,"Park ke pass, Ambedkar Nagr, Devgarh Nagar - 970204"
AD002812,AC002178,residence,kyc_origination,2026-04-01,T1,"12th Cross, 1st Main, close to Bus Stand, Hosa Badavane, Kaveripura - 960101"
AD002813,AC002178,office,kyc_origination,2026-04-01,T1,"393/2, 3rd Cross, 4th Main Rd, near Ganapathi Temple, Ashoka Layout, Kaveripura - 960104"
AD002814,AC002179,residence,kyc_origination,2026-04-01,T1,"House 74, 1st Cross, 6th Main, Milk Dairy hattira, Basava Nagar, Kaveripura - 960101"
AD002815,AC002180,residence,kyc_origination,2026-04-01,T1,10th cross 5th main rd opposite bus stop kaveripura - 960102
AD002816,AC002181,residence,kyc_origination,2026-04-01,T3,"Blk E, Rd 5, nr. Mosque, Navanagara Eust - 980304"
AD002817,AC002181,office,kyc_origination,2026-04-01,T3,"close to Pharmacy, Teachers Colony, Navanagara East - 980302"
AD002818,AC002182,residence,kyc_origination,2026-04-01,T1,h.no. 113 medical shop eduru anjaneya badavane kaveripura - 960103
AD002819,AC002183,residence,kyc_origination,2026-04-01,T3,"NO. 330, BLK C, RD 4, ಮೆಡಿಕಲ್ ಶಾಪ್ ಎದುರು, NAVANAGARA EAST - 980302"
AD002820,AC002184,residence,kyc_origination,2026-04-01,T2,"House 188, गली नं. 8, Ward 11, गणेश मंदिर के पास, Patel Nagar, Devgarh Nagar - 970202"
AD002821,AC002185,residence,kyc_origination,2026-04-01,T2,no. 89 gali no-5 ward 11 near milk dairy patel nagar devgarh nagr - 970202
AD002822,AC002186,residence,kyc_origination,2026-04-01,T3,"No. 356, Blk E, Rd 6, Teachers Col, Navanagara East - 980302"
AD002823,AC002187,residence,kyc_origination,2026-04-01,T2,gali no-10 ward 5 subhash nagar devgarh nagar - 970201
AD002824,AC002187,office,kyc_origination,2026-04-01,T2,h.no. 210 opposite bus stand azad mohalla devgarh ngr - 970203
AD002825,AC002188,residence,kyc_origination,2026-04-01,T1,no. 183 green view apts 5th cross 4th main rd church ke pass gandhi nagar kaveripura - 960102
AD002826,AC002189,residence,kyc_origination,2026-04-01,T2,"#47, Gali 5, Ward 12, near Water Tank, Tilak Ngr, Devgarh Nagar"
AD002827,AC002190,residence,kyc_origination,2026-04-01,T1,"10TH CROSS, 4TH MN, COMMUNITY HALL KE PASS, ASHOKA LAYOUT, KAVERIPURA - 960103"
AD002828,AC002191,residence,kyc_origination,2026-04-01,T1,"1ST CROSS, 2ND MN, NEAR GANESH TEMPLE, KAVERIPURA - 960104"
AD002829,AC002192,residence,kyc_origination,2026-04-01,T3,"246/2, F BLK, 4TH RD, SILVER OAK LAYT, NAVANAGARA EAST - 980301"
AD002830,AC002193,residence,kyc_origination,2026-04-01,T3,"NO. 258, BLK B, RD 6, NEERINA TANK HINDHE, PALM MEADOWS, NAVANAGARA EAST - 9800302"
AD002831,AC002194,residence,kyc_origination,2026-04-01,T2,#320 gai 2 ration ki dukaan ke paas azad mohalla devgarh nagar - 970203
AD002832,AC002195,residence,kyc_origination,2026-04-01,T2,"NO. 52, GALI NO. 10, NEAR OVERHEAD TANK, KRISHNA PURI, DEVGARH NAGAR - 970202"
AD002833,AC002195,office,kyc_origination,2026-04-01,T2,"NO. 475, GREEN VIEW ATPS, TILAK NAGR, DEVGARH NAGAR - 970204"
AD002834,AC002196,residence,kyc_origination,2026-04-01,T2,"325/3, Shanti Kunj, Ganesh Mandir ke pass, Devgarh Nagar - 970203"
AD002835,AC002197,residence,kyc_origination,2026-04-01,T1,no. 370 nr. milk dairy nehru colony kaveripura - 960102
AD002836,AC002197,office,kyc_origination,2026-04-01,T1,house 406 ration angadi hattira kaveripura - 960102
AD002837,AC002198,residence,kyc_origination,2026-04-01,T1,"3RD CRS, 4TH MAIN, NR. COMMUNITY HALL, GANDHI NAGR, KAVERIPURA - 960104"
AD002838,AC002199,residence,kyc_origination,2026-04-01,T2,"No. 431, Gali No. 10, near Overhead Tank, Krishna Puri, Devgarh Nagar - 970202"
AD002839,AC002199,office,kyc_origination,2026-04-01,T2,"No. 361, Gali No. 10, nr Government School, Shastri Ngr, Devgarh Nagar - 970201"
AD002840,AC002200,residence,kyc_origination,2026-04-01,T1,"310/2, 9th Crs, 3rd Main Rd, Kuvempu Layout, Kaveripura - 960102"
AD002841,AC002201,residence,kyc_origination,2026-04-01,T1,"339/3, 11th Cross, 8th Main, ಪೆಟ್ರೋಲ್ ಬಂಕ್ ಹತ್ತಿರ, Siddeshwara Colony, Kaveripura - 960102"
AD002842,AC002202,residence,kyc_origination,2026-04-01,T2,"H.NO. 40,0 GALI 11, SARKARI SCHOOL KE PAAS, SHASTRI NAGAR, DEVGARH NGR - 970201"
AD002843,AC002203,residence,kyc_origination,2026-04-01,T2,144/1 gali no-5 shastri nagar devgarh nagar - 970201
AD002844,AC002203,office,kyc_origination,2026-04-01,T2,shivaji nagar devgarh nagar - 970202
AD002845,AC002204,residence,kyc_origination,2026-04-01,T1,"#406, 3rd Cross, 2nd Mn, Shanthi Ngr, Kaveripura - 960101"
AD002846,AC002204,office,kyc_origination,2026-04-01,T1,"11th Cross, 3rd Mn, Vidya Nagar, Kaveripura - 960103"
AD002847,AC002205,residence,kyc_origination,2026-04-01,T3,"198/2, C Blk., 1st Rd., opposite Medicals, Teachers Colony, Navanagara East - 980302"
AD002848,AC002206,residence,kyc_origination,2026-04-01,T3,"#274, Blk E, Rd 1, nr. Government School, Teachers Colony, Navanagara East - 980302"
AD002849,AC002207,residence,kyc_origination,2026-04-01,T2,"453/1, GANGA APARTMENTS, गली नं. 2, मेडिकल स्टोर के सामने, PATEL NGR, DEVGARH NGR - 970202"
AD002850,AC002208,residence,kyc_origination,2026-04-01,T1,"12th Cross, 8th Main, Anjaneya Badavane, Kaveripura - 960103"
AD002851,AC002209,residence,kyc_origination,2026-04-01,T2,"161/2, Gali No. 8, cose to Hanuman Temple, Shastir Nagr, Devgarh Ngr - 970201"
AD002852,AC002210,residence,kyc_origination,2026-04-01,T3,house 38 c block 3rd road neerina tank hattira sunrise enclave navanagara east - 980304
AD002853,AC002211,residence,kyc_origination,2026-04-01,T2,"#161, Gali No. 5, Ward 12, Tilak Nagar, Devgarh Nagar - 970204"
AD002854,AC002212,residence,kyc_origination,2026-04-01,T2,314/2 gali no-5 ward 11 girja ghar ke paas patel nagar devgarh nagar - 970202
AD002855,AC002213,residence,kyc_origination,2026-04-01,T1,"7th Cross, 8th Main, ಮಸೀದಿ ಹತ್ತಿರ, Vidya Nagar, Kaveripura - 960103"
AD002856,AC002214,residence,kyc_origination,2026-04-01,T1,community hall ke paas kaveripura - 960102
AD002857,AC002215,residence,kyc_origination,2026-04-01,T3,"C Block, 2nd Road, near Overhead Tank, Teachers Colony, Navanagara East - 980302"
AD002858,AC002216,residence,kyc_origination,2026-04-01,T1,"House 307, 8th Cross, 8th Main Rd, Gandhi Ngr, Kaveripura - 960102"
AD002859,AC002217,residence,kyc_origination,2026-04-01,T2,"HOUSE 179, AZAD MOHALLA, DEVGARH NAGAR - 970203"
AD002860,AC002218,residence,kyc_origination,2026-04-01,T3,"#163, C Block, 5th Road, ಚರ್ಚ್ ಹತ್ತಿರ, Lakeview Phase 2, Navanagara East - 980303"
AD002861,AC002219,residence,kyc_origination,2026-04-01,T1,h.no. 62 10th cross 3rd main sarkari school ke pass anjaneya badavane kaveripura - 960103
AD002862,AC002220,residence,kyc_origination,2026-04-01,T3,house 221 blk f rd 2 near mosque palm meadows navanagara east - 980302
AD002863,AC002221,residence,kyc_origination,2026-04-01,T3,"186/3, Blk E, Rd 5, close to Pharmacy, Orchid Enclave, Navanagara East - 980301"
AD002864,AC002221,office,kyc_origination,2026-04-01,T3,"House 242, Blk D, Rd 5, Hanuman Mandir ke saamne, Nevanagara East - 980301"
AD002865,AC002222,residence,kyc_origination,2026-04-01,T3,house 130 blk d rd 1 b/h milk dairy silver oak layout navanagara east - 980301
AD002866,AC002223,residence,kyc_origination,2026-04-01,T3,house 287 blk f rd 3 nr. hanuman temple lakeview phase 2 navanagara east - 980303
AD002867,AC002224,residence,kyc_origination,2026-04-01,T3,"HOUSE 2, PETROL BUK HATTIRA, RAILWAY COLONY, NAVANAGARA EAST - 980304"
AD002868,AC002225,residence,kyc_origination,2026-04-01,T1,"9th Cross, 7th Main Rd, Sarkari Shaale hattira, Hosa Badavane, Kaveripura - 960101"
AD002869,AC002226,residence,kyc_origination,2026-04-01,T3,"H.No. 193, D Block, 1st Rd., Ration Dukan ke piche, HMT Colony, Navanagara East - 980301"
AD002870,AC002227,residence,kyc_origination,2026-04-01,T2,"H.No. 75, गली नं. 4, Patel Nagar, Devgarh Nagar - 970202"
AD002871,AC002228,residence,kyc_origination,2026-04-01,T3,"A BLOCK, 4TH ROAD, TEACHERS COLONY, NAVANAGARA EAST - 980302"
AD002872,AC002229,residence,kyc_origination,2026-04-01,T2,"H.NO. 187, GALI NO. 2, CLOSE TO MILK DAIRY, NEHRU COLONY, DEVGARH NAGAR - 970203"
AD002873,AC002230,residence,kyc_origination,2026-04-01,T3,"No. 226, B Block, 1st Road, Church ke peechhe, Silver Oak Layou,t Navanagara East - 980301"
AD002874,AC002230,office,kyc_origination,2026-04-01,T3,"#138, Blk A, Rd 2, Lakeview Phase 2, Navanagara East - 980303"
AD002875,AC002231,residence,kyc_origination,2026-04-01,T1,"House 333, 11th Crs, 8th Main, near Government School, Kuvempu Layt, Kaveripura - 96002"
AD002876,AC002232,residence,kyc_origination,2026-04-01,T1,"2ND CROSS, 2ND MAIN, KALYANA MANTAPA HATTIRA, GANDHI NGR, KAVERIPURA - 960102"
AD002877,AC002233,residence,kyc_origination,2026-04-01,T3,"HOUSE 78, OM SAI COMPLEX, BLK E, RD 2, PAANI KI TANKI KE PEECHE, HMT COLNY, NAVANAGARA EAST - 980301"
AD002878,AC002234,residence,kyc_origination,2026-04-01,T2,#419 gali 12 krishna puri devgarh nagar - 970202
AD002879,AC002235,residence,kyc_origination,2026-04-01,T2,house 353 gali 3 ward 10 krishna puri devgarh nagar - 970202
AD002880,AC002236,residence,kyc_origination,2026-04-01,T3,"H.No. 4, B Block, 5th Road, Sunrise Enclave, Navanagara East - 980304"
AD002881,AC002237,residence,kyc_origination,2026-04-01,T1,no. 359 12th crs 3rd main bus nildna hattira kaveripura - 960103
AD002882,AC002238,residence,kyc_origination,2026-04-01,T1,lakshmi nilaya 4th cross 5th main b/h church kaveripura - 960102
AD002883,AC002239,residence,kyc_origination,2026-04-01,T1,no. 297 ganga apartments 4th cross 7th main near ganapathi temple gandhi nagr kaveripura - 960102
AD002884,AC002240,residence,kyc_origination,2026-04-01,T3,"3/1, E BLK, 5TH RD., ORCHID ENCLAVE, NAVANAGARA EAST - 980301"
AD002885,AC002240,permanent_native,kyc_origination,2026-04-01,OUT,"Village Bilagi, Taluk A, District East - 994403"
AD002886,AC002241,residence,kyc_origination,2026-04-01,T1,house 47 3rd cross 7th main near ganapathi temple gandhi nagar kaveripura - 960102
AD002887,AC002241,office,kyc_origination,2026-04-01,T1,"close to Masjid, Vidya Naagar, Kaveripura - 960103"
AD002888,AC002242,residence,kyc_origination,2026-04-01,T2,"GALI NO. 12, WARD 6, CLOSE TO RATION SHOP, NEHRU COL, DEVGARH NAGR - 970203"
AD002889,AC002243,residence,kyc_origination,2026-04-01,T3,"206/2, BLK C, RD 1, BEHIND CHORCH, LAKEVIEW PHASE 2, NAVANAGARA EAST - 980303"
AD002890,AC002243,office,kyc_origination,2026-04-01,T3,"#298, C BLOCK, 3RD RD., CLOSE TO BUS STAND, NAVANAGARA EAST - 980304"
AD002891,AC002244,residence,kyc_origination,2026-04-01,T3,"191/2, D Block, 3rd Road, near Bus Stop, Teachers Colony, Navanagara East - 980302"
AD002892,AC002245,residence,kyc_origination,2026-04-01,T3,"H.NO. 186, GREEN VIEW APTS, F BLK, 3RD ROAD, RAILWAY COLONY, NAVANAGARA EAST - 980304"
AD002893,AC002246,residence,kyc_origination,2026-04-01,T2,#363 gali no-1 ward 11 close to medicals patel ngr devgarh ngr - 970202
AD002894,AC002247,residence,kyc_origination,2026-04-01,T3,"No. 134, Blk B, Rd 1, close to Bus Stop, Royal Gardens, Navanagara East - 980303"
AD002895,AC002247,permanent_native,kyc_origination,2026-04-01,OUT,"Village Kodihalli, Tehsil C, District West - 993106"
AD002896,AC002248,residence,kyc_origination,2026-04-01,T3,"Blk F, Rd 6, bhd Mossque, Teachers Colny, Navanagara East - 9800302"
AD002897,AC002248,permanent_native,kyc_origination,2026-04-01,OUT,"Village Chikkapura, Tehsil C, District North - 996395"
AD002898,AC002249,residence,kyc_origination,2026-04-01,T3,74/2 blk d rd 3 orchid enclave navanagara east - 980304
AD002899,AC002250,residence,kyc_origination,2026-04-01,T2,#469 गली नं. 9 ward 6 डाकघर के पीछे nehru colony devgarh nagar - 970203
AD002900,AC002251,residence,kyc_origination,2026-04-01,T3,"Blk F, Rd 6, Palm Meadows, Navanagara East - 980302"
AD002901,AC002252,residence,kyc_origination,2026-04-01,T3,blk a rd 3 near pds shop teachers colony navanagara east - 980302
AD002902,AC002253,residence,kyc_origination,2026-04-01,T3,"160/2, BLK C, RD 5, SUNRISE ENCLAVE, NAVANAGARA EAST"
AD002903,AC002254,residence,kyc_origination,2026-04-01,T3,"163/3, Blk F, Rd 3, Railway Colony, Navanagara East - 980304"
AD002904,AC002255,residence,kyc_origination,2026-04-01,T1,"H.No. 306, 4th X, 7th Mn, Nehru Colony, Kaveripura - 960102"
AD002905,AC002256,residence,kyc_origination,2026-04-01,T3,blk f rd 1 near pharmacy teachers colny navanagara east - 980302
AD002906,AC002257,residence,kyc_origination,2026-04-01,T2,"#204, Gali no-5, Ward 9, Medical Store ke paas, Shastri Ngr, Devgarh Nagar - 970201"
AD002907,AC002257,office,kyc_origination,2026-04-01,T2,"Ration Dukan ke paas, Azad Mohalla, Devgarh Nagar - 970203"
AD002908,AC002258,residence,kyc_origination,2026-04-01,T1,"6th X, 5th Main, Anjaneya Swamy Temple hattiar, Nehru Colony, Kaveripura - 960102"
AD002909,AC002258,permanent_native,kyc_origination,2026-04-01,OUT,"Village Rampura Kalan, Taluk A, District West - 999580"
AD002910,AC002259,residence,kyc_origination,2026-04-01,T1,house 252 12th cr 2nd main bus nildana hattira hsa badavane kaveripura - 960101
AD002911,AC002260,residence,kyc_origination,2026-04-01,T1,"No. 377, 7th Cross, 5th Mainn, Kalyana Mantapa hinde, Nehru Colny, Kaveripura - 960102"
AD002912,AC002261,residence,kyc_origination,2026-04-01,T2,"H.No. 209, Gali no-6, Ward 6, Bus Adda ke saamne, Devgarh Ngr - 970203"
AD002913,AC002261,office,kyc_origination,2026-04-01,T2,"H.No. 289, Gali no-10, Tilak Nagar, Devgarh Nagr - 970204"
AD002914,AC002262,residence,kyc_origination,2026-04-01,T1,no. 335 1st cross 3rd main niar children park ashoka lyt kaveripura - 960101
AD002915,AC002263,residence,kyc_origination,2026-04-01,T2,"b/h Bus Stand, Shastri Nagar, Devgarh Nagar - 970201"
AD002916,AC002264,residence,kyc_origination,2026-04-01,T3,"#8, B BLOCK, 4TH ROAD, NEAR PETROL PUMP, ORCHID ENCLAVE, NAVANAGARA EAST - 980301"
AD002917,AC002265,residence,kyc_origination,2026-04-01,T1,369/2 10th cross 7th main rd church hattira basava nagr kaveripura - 960101
AD002918,AC002266,residence,kyc_origination,2026-04-01,T1,h.no. 196 near children park nehru colony kaveripuar - 960102
AD002919,AC002266,permanent_native,kyc_origination,2026-04-01,OUT,"Village Rampura Kalan, Tehsil D, District West - 991828"
AD002920,AC002267,residence,kyc_origination,2026-04-01,T1,"1st Cross, 5th Main, Nehru Colony, Kaveripura - 960102"
AD002921,AC002268,residence,kyc_origination,2026-04-01,T3,"HOUSE 33, BLK A, RD 2, RAILWAY COLONY, NAVANAGARA EAST - 980304"
AD002922,AC002269,residence,kyc_origination,2026-04-01,T1,"11TH CRS, 5TH MAIN, CLOSE TO GOVT SCHOOL, GANDHI NGR, KAVERIPURA - 960102"
AD002923,AC002270,residence,kyc_origination,2026-04-01,T1,"#23, 3rd Cross, 2nd Main, Nehru Colony, Kaveripura"
AD002924,AC002271,residence,kyc_origination,2026-04-01,T1,"H.No. 451, 11th Cross, 1st Main, bhd PDS Shop, Siddeshwara Colony, Kaveripura - 960102"
AD002925,AC002272,residence,kyc_origination,2026-04-01,T1,"No. 216, 8th X, 2nd Main, close to Community Hall, Nehru Colony, Kaveripura - 960102"
AD002926,AC002273,residence,kyc_origination,2026-04-01,T3,"329/2, Blk A, Rd 1, Green Park Layt, Navanagara East - 980301"
AD002927,AC002274,residence,kyc_origination,2026-04-01,T3,"#249, opp Bus Stop, Navanagara East - 980301"
AD002928,AC002275,residence,kyc_origination,2026-04-01,T1,"#311, 4th X, 8th Main, near Ganesh Temple, Gandhi Nagar, Kaveripura - 960102"
AD002929,AC002275,office,kyc_origination,2026-04-01,T1,house 286 1st cross 6th main ಆಂಜನೇಯ ದೇವಸ್ಥಾನ ಹತ್ತಿರ kuvempu layout kaveripura - 960102
AD002930,AC002276,residence,kyc_origination,2026-04-01,T2,house 435 gali 3 next to overhead taank ambedkar nagar devgarh nagar - 970204
AD002931,AC002277,residence,kyc_origination,2026-04-01,T2,"HOUSE 373, GALI NO-11, WARD 10, NR GANAPATHI TEMPLE, KRISHNA PURI, DEVGARH NAGAR - 970202"
AD002932,AC002278,residence,kyc_origination,2026-04-01,T3,"No. 21, Blk D, Rd 1, Hanuman Mandir ke saamne, Orchid Enclave, Navanagara East - 980301"
AD002933,AC002279,residence,kyc_origination,2026-04-01,T3,"#43, BLK E, RD 3, NR GANAPATHI TEMPLE, TEACHERS COLONY, NAVANAGARA EAST - 980302"
AD002934,AC002280,residence,kyc_origination,2026-04-01,T3,"#143, near Chruch, Navanagara East - 980302"
AD002935,AC002281,residence,kyc_origination,2026-04-01,T3,"BLK E, RD 3, ORCHID ENCLAEV, NAVANAGARA EAST - 980301"
AD002936,AC002282,residence,kyc_origination,2026-04-01,T2,"Gali no-11, Azad Mohalla, Devgarh Nagar - 970203"
AD002937,AC002282,permanent_native,kyc_origination,2026-04-01,OUT,"Village Sundarpur, Taluk A, District East - 997028"
AD002938,AC002283,residence,kyc_origination,2026-04-01,T1,"H.No. 81, near Park, Vidya Ngr, Kaveripura"
AD002939,AC002284,residence,kyc_origination,2026-04-01,T3,railway colony navanagara east - 980304
AD002940,AC002285,residence,kyc_origination,2026-04-01,T1,422/1 12th x 5th main hosa badavane kaveripura - 960101
AD002941,AC002285,office,kyc_origination,2026-04-01,T1,"H.No. 134, 12th Cross, 6th Main Rd, ಸರ್ಕಾರಿ ಶಾಲೆ ಹತ್ತಿರ, Gandhi Nagar, Kaveripura"
AD002942,AC002286,residence,kyc_origination,2026-04-01,T2,"Gali No. 9, Gandhi Basti, Devgarh Nagar - 970203"
AD002943,AC002287,residence,kyc_origination,2026-04-01,T3,"F BLOCK, 4TH ROAD, SILVER OAK LAYOUT, NAVANAGARA EAST - 980301"
AD002944,AC002287,office,kyc_origination,2026-04-01,T3,"E BLOCK, 2ND ROAD, SILVER OAK LAYT, NAVANAGARA EAST - 980304"
AD002945,AC002288,residence,kyc_origination,2026-04-01,T2,#23 gali no-1 near community hall nehru colony devgarh nagar
AD002946,AC002288,permanent_native,kyc_origination,2026-04-01,OUT,"Village Devipur, Taluk B, District West - 996476"
AD002947,AC002289,residence,kyc_origination,2026-04-01,T2,"No. 416, Gali no-10, behind Pots Office, Indira Colony, Devgarh Nagr - 9702002"
AD002948,AC002290,residence,kyc_origination,2026-04-01,T2,"#283, behind Ganesh Temple, Krishna Puri, Devgarh Ngr - 970202"
AD002949,AC002290,office,kyc_origination,2026-04-01,T2,"Indira Col, Devgarh Ngr - 970202"
AD002950,AC002291,residence,kyc_origination,2026-04-01,T1,"NEERINA TANK HINDE, BASAVA NAGAR, KAVERIPURA - 961001"
AD002951,AC002291,permanent_native,kyc_origination,2026-04-01,OUT,"Village Chikkapura, Tehsil C, District South - 994907"
AD002952,AC002292,residence,kyc_origination,2026-04-01,T1,b/h milk booth siddeshwara colony kaveripura
AD002953,AC002293,residence,kyc_origination,2026-04-01,T2,"No. 128, Gali No. 1, Ward 10, बस स्टॉप के पास, Devgarh Nagar - 970202"
AD002954,AC002294,residence,kyc_origination,2026-04-01,T1,"4th X, 6th Main, bhd Water Tank, Basava Nagar, Kaveripura - 960101"
AD002955,AC002294,office,kyc_origination,2026-04-01,T1,"1st Cross, 3rd Main, clsoe to Masjid, Kaveripura - 960102"
AD002956,AC002295,residence,kyc_origination,2026-04-01,T3,#56 blk d rd 2 doodh dairy ke samne silver oak layout navanagara east - 980301
AD002957,AC002296,residence,kyc_origination,2026-04-01,T2,#464 gali no-12 ward 1 shivaji nagar devgarh nagr - 9770202
AD002958,AC002296,office,kyc_origination,2026-04-01,T2,"House 453, Gali No. 4, nr. Bus Stop, Deevgarh Nagr - 970203"
AD002959,AC002297,residence,kyc_origination,2026-04-01,T3,"No. 3, Blk C, Rd 4, opposite Masjid, Silver Oak Layout, Navanagara East - 980301"
AD002960,AC002298,residence,kyc_origination,2026-04-01,T3,"E Blk., 2nd Road, adj. Govt School, Orchid Enclave, Navanagara East - 980301"
AD002961,AC002299,residence,kyc_origination,2026-04-01,T2,"Gali No. 5, Bagicha ke paas, Azad Mohalla, Devgarh Ngr - 970203"
AD002962,AC002300,residence,kyc_origination,2026-04-01,T2,"LAKSHMI NILAYA, GALI NO-12, AZAD MOHALLA, DEVGARH NAGAR - 970203"
AD002963,AC002300,permanent_native,kyc_origination,2026-04-01,OUT,"Village Mallapura, Tehsil C, District South - 994288"
AD002964,AC002301,residence,kyc_origination,2026-04-01,T3,"Blk D, Rd 6, Railwy Colony, Navanagara East - 980304"
AD002965,AC002302,residence,kyc_origination,2026-04-01,T1,"No. 237, 11th Cross, 1st Main, Bus Stop hattira, Hosa Badavane, Kaveripura - 960101"
AD002966,AC002303,residence,kyc_origination,2026-04-01,T2,house 375 gali no-2 ward 8 बारात घर के सामने azad mohalla devgarh ngar - 970203
AD002967,AC002304,residence,kyc_origination,2026-04-01,T1,"#253, 2ND CROSS, 2ND MAIN, OP. MEDICALS, ASHOKA LAYOUT, KAVERIPURA - 960104"
AD002968,AC002305,residence,kyc_origination,2026-04-01,T3,"#379, F BLOCK, 3RD ROAD, CLOSE TO HANUMAN TEMPLE, LAKEVIEW PHASE 2, NAVANAGARA EAST - 980303"
AD002969,AC002306,residence,kyc_origination,2026-04-01,T3,"Unity Nagar, Navanagara East - 980301"
AD002970,AC002306,office,kyc_origination,2026-04-01,T3,#103 blk a rd 1 church ke pass defence colony navanagara east - 980301
AD002971,AC002307,residence,kyc_origination,2026-04-01,T2,"मस्जिद के पीछे, Krishna Puri, Devgarh Nagr - 970202"
AD002972,AC002307,office,kyc_origination,2026-04-01,T2,"House 330, Gali No. 5, b/h Community Hall, Ram Nagar, Devgarh Nagar - 970203"
AD002973,AC002308,residence,kyc_origination,2026-04-01,T2,"NO. 286, GALI NO-6, WARD 11, B/H GOVERNMENT SCHOOL, DEVGARH NAGAR - 970202"
AD002974,AC002309,residence,kyc_origination,2026-04-01,T2,"Gali no-9, bhd Church, Ptael Nagar, Devgarh Nagar - 970202"
AD002975,AC002310,residence,kyc_origination,2026-04-01,T2,"GALI NO. 7, RAM NGR, DEVGARH NAGAR - 970203"
AD002976,AC002311,residence,kyc_origination,2026-04-01,T2,"H.No. 36, Gali No. 12, near Community Hall, Patel Nagr, Devgarh Nagar - 970202"
AD002977,AC002312,residence,kyc_origination,2026-04-01,T3,"H.NO. 342, B BLK., 5TH ROAD, GREEN PARK LAYOUT, NAVANGARA EAST - 980301"
AD002978,AC002313,residence,kyc_origination,2026-04-01,T1,"99/2, ANJANEYA GUDI HINDHE, NEHRU COLONY, KAVERIPURA - 960102"
AD002979,AC002314,residence,kyc_origination,2026-04-01,T1,"NO. 217, ಸರ್ಕಾರಿ ಶಾಲೆ ಹಿಂದೆ, KAVERIPURA"
AD002980,AC002315,residence,kyc_origination,2026-04-01,T1,"House 384, 3rd Cr, 6th Main Rd, Gandhi Ngr, Kaveripura - 960102"
AD002981,AC002316,residence,kyc_origination,2026-04-01,T3,"H.No. 429, Blk F, Rd 2, Anjaneya Gudi hattira, Lakeview Phase 2, Navanagara East - 980303"
AD002982,AC002317,residence,kyc_origination,2026-04-01,T3,"Blk A, Rd 4, opp. Milk Dairy, Palm Meadows, Navanagara East - 980302"
AD002983,AC002318,residence,kyc_origination,2026-04-01,T1,"#352, 2ND CRS, 4TH MAIN RD, BUS STOP KE PASS, KAVERIPURA - 960104"
AD002984,AC002319,residence,kyc_origination,2026-04-01,T2,gali no. 8 azad mohalla devgarh nagar - 970203
AD002985,AC002319,permanent_native,kyc_origination,2026-04-01,OUT,"Village Hosahalli, Taluk A, District South - 993588"
AD002986,AC002320,residence,kyc_origination,2026-04-01,T3,"#326, B BLOCK, 3RD ROAD, LAKEVIEW PHASE 2, NAVANAGARA EAST - 980303"
AD002987,AC002321,residence,kyc_origination,2026-04-01,T1,3rd cross 4th mn kalyana mantapa hattira gandhi nagr kaveripura - 960102
AD002988,AC002322,residence,kyc_origination,2026-04-01,T3,blk a rd 1 palm meadows navanaggara east - 980302
AD002989,AC002323,residence,kyc_origination,2026-04-01,T3,h.no. 42 blk d rd 2 railway colony navanagara east - 980304
AD002990,AC002324,residence,kyc_origination,2026-04-01,T3,"D BLK, 4TH ROD, HMT COLONY, NAVANAGARA EAST - 980301"
AD002991,AC002325,residence,kyc_origination,2026-04-01,T1,h.no. 265 5th cross 2nd main rd udyanavana hattira nehru colony kaveripura - 960102
AD002992,AC002326,residence,kyc_origination,2026-04-01,T2,h.no. 61 gali no-3 ward 9 masjid ke paas shastri nagar devgarh nagar - 970201
AD002993,AC002327,residence,kyc_origination,2026-04-01,T1,"House 466, 11th Crs, 1st Main, opposite Hanuman Temple, Gandhi Nagar, Kaveripura - 960102"
AD002994,AC002328,residence,kyc_origination,2026-04-01,T1,no. 477 close to bus stand shanthi nagar kaveripura - 960101
AD002995,AC002329,residence,kyc_origination,2026-04-01,T1,"12TH X, 4TH MAIN, NR. PDS SHOP, KUVEMPU LAYOUT, KAVERIPURA - 960102"
AD002996,AC002330,residence,kyc_origination,2026-04-01,T1,"5TH CROSS, 2ND MAIN, COMMUNITY HALL KE PASS, HOSA BADAVANE, KAVERIPURA - 960101"
AD002997,AC002331,residence,kyc_origination,2026-04-01,T3,"near Hanuman Temple, Palm Meadows, Navanagara East - 980302"
AD002998,AC002331,permanent_native,kyc_origination,2026-04-01,OUT,"Village Mallapura, Tehsil D, District West - 999490"
AD002999,AC002332,residence,kyc_origination,2026-04-01,T2,"House 371, Gali 5, Ambedkar Nagar, Devgarh Nagar"
AD003000,AC002333,residence,kyc_origination,2026-04-01,T1,1st cross 7th main ನ್ಯಾಯಬೆಲೆ ಅಂಗಡಿ ಹತ್ತಿರ kuvempu layout kaveripura - 960102
AD003001,AC002333,permanent_native,kyc_origination,2026-04-01,OUT,"Village Rampura Kalan, Taluk A, District South - 993879"
AD003002,AC002334,residence,kyc_origination,2026-04-01,T2,"Gali 8, गणेश मंदिर के पास, Patel Nagar, Devgarh Nagar - 970202"
AD003003,AC002335,residence,kyc_origination,2026-04-01,T2,"389/1, Devgarh Nagar - 970202"
AD003004,AC002336,residence,kyc_origination,2026-04-01,T1,"#46, near Milk Booth, Nehru Colony, Kaveripura - 960102"
AD003005,AC002336,office,kyc_origination,2026-04-01,T1,"ಬಸ್ ನಿಲ್ದಾಣ ಎದುರು, Kaveripura - 960101"
AD003006,AC002337,residence,kyc_origination,2026-04-01,T1,"ಗಣಪತಿ ದೇವಸ್ಥಾನ ಹತ್ತಿರ, Gandhi Nagar, Kaveripura - 961002"
AD003007,AC002338,residence,kyc_origination,2026-04-01,T2,"Sarkari School ke pass, Azad Mohalla, Devgarh Nagar - 970203"
AD003008,AC002338,office,kyc_origination,2026-04-01,T2,"Gali no-5, Indira Colony, Devgarh Nagar - 970202"
AD003009,AC002339,residence,kyc_origination,2026-04-01,T3,"H.NO. 48, F BLOCK, 5TH ROAD, NEAR HANUMAN TEMPLE, SUNRISE ENCLAVE, NAVANAGARA EAST"
AD003010,AC002340,residence,kyc_origination,2026-04-01,T1,"7th Cross, 4th Main, Basava Nagar, Kaveripura - 960101"
AD003011,AC002340,office,kyc_origination,2026-04-01,T1,"11th Cross, 2nd Main, close to PDS Shop, Siddeshwara Colony, Kaveripura - 960102"
AD003012,AC002341,residence,kyc_origination,2026-04-01,T3,house 477 a blk. 2nd rd. orchid enclave navanagara east - 980301
AD003013,AC002342,residence,kyc_origination,2026-04-01,T2,h.no. 337 gali no-1 dawai ki dukaan ke pass patel nagar devgarh nagar - 970202
AD003014,AC002342,office,kyc_origination,2026-04-01,T2,"No. 57, Gali 7, Ward 6, nr. Children Park, Nehru Colony, Devgarh Ngr - 970203"
AD003015,AC002343,residence,kyc_origination,2026-04-01,T2,house 199 ration ki dukaan ke samne azad mohalla devgarh nagar - 970203
AD003016,AC002344,residence,kyc_origination,2026-04-01,T1,h.no. 74 1st cross 4th main ಮಸೀದಿ ಹತ್ತಿರ vidya nagar kaveripura - 960103
AD003017,AC002345,residence,kyc_origination,2026-04-01,T2,"Krishna Puri, Devgarh Nagar - 970202"
AD003018,AC002345,office,kyc_origination,2026-04-01,T2,"Gali no-3, near Medical Store, Azad Mohalla, Devgarh Nagr - 970203"
AD003019,AC002346,residence,kyc_origination,2026-04-01,T2,house 478 gali 6 azad mohalla devgarh nagar - 970203
AD003020,AC002347,residence,kyc_origination,2026-04-01,T1,"465/2, 10TH CROSS, 3RD MAIN, ANJANEYA SWAMY TEMPLE HINDE, HOSA BADAVANE, KAVERIPURA - 960104"
AD003021,AC002347,permanent_native,kyc_origination,2026-04-01,OUT,"Village Devipur, Taluk B, District North - 996584"
AD003022,AC002348,residence,kyc_origination,2026-04-01,T3,"BLK A, RD 1, CLOSE TO CHURCH, TEACHERS COLONY, NAVANAGARA EAST"
AD003023,AC002348,permanent_native,kyc_origination,2026-04-01,OUT,"Village Hosahalli, Taluk B, District South - 996375"
AD003024,AC002349,residence,kyc_origination,2026-04-01,T2,"Gali No. 7, Azad Mohalla, Devgarh Nagar - 970203"
AD003025,AC002349,office,kyc_origination,2026-04-01,T2,"Gali 3, Ward 11, Patel Nagar, Devgarh Nagar - 970201"
AD003026,AC002350,residence,kyc_origination,2026-04-01,T1,"#269, 4TH CRSS, 6TH MAIN, NR. PDS SHOP, NEHRU COL, KAVERIPURA - 960102"
AD003027,AC002351,residence,kyc_origination,2026-04-01,T1,h.no. 365 close to medicals vidya nagar kaveripura - 960103
AD003028,AC002352,residence,kyc_origination,2026-04-01,T1,"#447, 6th Crs, 6th Main, Ganapathi Gudi hattira, Ashoka Lyt, Kaveripura - 960104"
AD003029,AC002353,residence,kyc_origination,2026-04-01,T3,"Blk D, Rd 1, Anjaneya Gdi hattira, Orchid Enclave, Navanagara East - 980301"
AD003030,AC002354,residence,kyc_origination,2026-04-01,T1,"#266, Green View Apts, close to Kalyana Mantapa, Nehru Colony, Kaveripura - 960102"
AD003031,AC002354,office,kyc_origination,2026-04-01,T1,"#87, 9th Cross, 5th Main, close to Bus Stand, Kaveripura - 960101"
AD003032,AC002355,residence,kyc_origination,2026-04-01,T2,"248/3, GALI NO. 10, डाकघर के पास, KRISHNA PURI, DEVGARH NAGAR - 970202"
AD003033,AC002355,permanent_native,kyc_origination,2026-04-01,OUT,"Village Bilagi, Tehsil C, District East - 997473"
AD003034,AC002356,residence,kyc_origination,2026-04-01,T3,"House 271, Blk F, Rd 3, nr Water Tank, Teachers Colonny, Navanagara East - 980302"
AD003035,AC002357,residence,kyc_origination,2026-04-01,T1,nr. bus stand vidya ngr kaveripura - 960103
AD003036,AC002357,office,kyc_origination,2026-04-01,T1,"#3, 9th Cr, 4th Main, nr Medical Store, Vidya Nagar, Kaveripura - 960103"
AD003037,AC002358,residence,kyc_origination,2026-04-01,T2,"#225, GALI 6, NEAR POST OFFICE, NEHRU COLONY, DEVGARH NGR - 970203"
AD003038,AC002359,residence,kyc_origination,2026-04-01,T2,"Gli 11, पार्क के पीछे, Nehru Colony, Devgarh Nagar - 970203"
AD003039,AC002360,residence,kyc_origination,2026-04-01,T3,"NO. 415, RAILWAY COLONY, NAVANAGARA EAST"
AD003040,AC002361,residence,kyc_origination,2026-04-01,T2,"GALI 5, WARD 5, OPP MIKL BOOTH, SUBHASH NAGAR, DEVGARH NAGAR - 970201"
AD003041,AC002362,residence,kyc_origination,2026-04-01,T1,"HOUSE 356, 7TH CR, 1ST MAIN, NR GANAPATHI TEMPLE, KUVEMPU LAYOUT, KAVERIPURA - 960104"
AD003042,AC002362,office,kyc_origination,2026-04-01,T1,"10TH X, 6TH MAIN, KUVEMPU LAYOUT, KAVERIPURA - 960103"
AD003043,AC002363,residence,kyc_origination,2026-04-01,T1,"10th Cross, 6th Main, ಚರ್ಚ್ ಹತ್ತಿರ, Anjaneya Badavane, Kaveripura - 960103"
AD003044,AC002364,residence,kyc_origination,2026-04-01,T2,"H.No. 105, Gali No. 1, Ward 11, opposite Mosque, Patel Nagar, Devgarh Nagar - 970202"
AD003045,AC002365,residence,kyc_origination,2026-04-01,T2,no. 300 gali 9 ganesh mandir ke samne krishna puri devgarh nagar - 970202
AD003046,AC002366,residence,kyc_origination,2026-04-01,T3,blk a rd 3 nr hanuman temple grreen park layout navanagara east
AD003047,AC002366,office,kyc_origination,2026-04-01,T3,"E Block, 2nd Road, Green Park Layout, Navanagara East - 980301"
AD003048,AC002367,residence,kyc_origination,2026-04-01,T1,"#458, 12th Cross, 2nd Mn, Shanthi Nagar, Kaveripura - 90101"
AD003049,AC002368,residence,kyc_origination,2026-04-01,T1,"No. 266, 7th Cr, 1st Main, Neerina Tank hattira, Shanthi Nagar, Kaveripura - 960101"
AD003050,AC002369,residence,kyc_origination,2026-04-01,T2,"#208, बस स्टॉप के पास, Azad Mohalla, Devgarh Nagar - 970203"
AD003051,AC002370,residence,kyc_origination,2026-04-01,T1,4th x 4th main rd anjaneya gudi hattira nehru colony kaveripura - 960102
AD003052,AC002371,residence,kyc_origination,2026-04-01,T2,"Gali 4, Shivaji Nagar, Devgarh Nagar - 970202"
AD003053,AC002372,residence,kyc_origination,2026-04-01,T1,"No. 95, Green View Apts, 9th Cress, 8th Main, Ration Angadi hattira, Nehru Colny, Kaveripura - 960102"
AD003054,AC002372,office,kyc_origination,2026-04-01,T1,"H.No. 120, 11th Cross, 8th Main, Vinayaka Ngr, Kavreipura - 960104"
AD003055,AC002373,residence,kyc_origination,2026-04-01,T3,"No. 215, F Block, 6th Road, Lakeview Phase 2, Navanagara East - 980303"
AD003056,AC002374,residence,kyc_origination,2026-04-01,T1,"#396, 7th Cross, 7th Main Rd, Kaveripura - 960101"
AD003057,AC002375,residence,kyc_origination,2026-04-01,T2,gali no-4 nr. mosque tilak ngr devgarh nagar - 970204
AD003058,AC002376,residence,kyc_origination,2026-04-01,T2,196/3 gali no-7 close to petrol bunk tilak nagar devgarh nagar - 970204
AD003059,AC002377,residence,kyc_origination,2026-04-01,T1,"76/2, 7TH CROSS, 8TH MAIN RD, NR. PDS SHOP, NEHRU COLONY, KAVERIPURA - 960102"
AD003060,AC002378,residence,kyc_origination,2026-04-01,T2,"H.No. 210, Gali noo-7, Ward 8, nr Govt School, Azad Mohalla, Devgarh Nagr - 970203"
AD003061,AC002378,permanent_native,kyc_origination,2026-04-01,OUT,"Village Devipur, Tehsil C, District South - 991141"
AD003062,AC002379,residence,kyc_origination,2026-04-01,T2,"Gali 8, Ward 2, behind PDS Shop, Indira Colony, Devgarh Nagar - 970202"
AD003063,AC002380,residence,kyc_origination,2026-04-01,T3,"Blk E, Rd 4, Teachers Col, Navanagara East - 980302"
AD003064,AC002380,office,kyc_origination,2026-04-01,T3,e block 3rd road nr. ration shop palm meadows navanagara east - 980302
AD003065,AC002381,residence,kyc_origination,2026-04-01,T2,"near Park, Azad Mohalla, Devgarh Nagar - 970203"
AD003066,AC002381,office,kyc_origination,2026-04-01,T2,"53/3, Glai No. 7, opp Post Office, Krishna Puri, Devgarh Nagar - 970202"
AD003067,AC002382,residence,kyc_origination,2026-04-01,T2,"H.NO. 221, GALI 12, NR COMMUNITY HALL, PATEL NAGAR, DEVGARH NGR"
AD003068,AC002382,office,kyc_origination,2026-04-01,T2,"NO. 1222, चर्च के पीछे, SHASTRI NAGAR, DEVVGARH NAGAR - 970201"
AD003069,AC002383,residence,kyc_origination,2026-04-01,T2,"H.No. 256, Gali 3, nr. Masjid, Gandhi Basti, Devgarh Nagar - 970203"
AD003070,AC002384,residence,kyc_origination,2026-04-01,T2,"No. 368, Gali 3, Ration ki Dukaan ke piche, Ram Nagar, Devgarh Nagar - 970203"
AD003071,AC002385,residence,kyc_origination,2026-04-01,T3,"BLK B, RD 3, NR GOVERNMENT SCHOOL, ORCHAD ENCLAVE, NAVANAGARA EAST - 980031"
AD003072,AC002385,office,kyc_origination,2026-04-01,T3,"B BLOCK, 5TH RD, HMT COLNY, NAVANAGARA EAST - 980031"
AD003073,AC002386,residence,kyc_origination,2026-04-01,T1,"HOUSE 113, 9TH CROSS, 7TH MAIN RD, KAVERIPURA - 960102"
AD003074,AC002387,residence,kyc_origination,2026-04-01,T2,"#215, Devgarh Nagar - 970202"
AD003075,AC002388,residence,kyc_origination,2026-04-01,T3,"H.NO. 362, GANESH MANDIR KE PAAS, HMT COLNY, NAVANAGARA EAST - 980301"
AD003076,AC002388,office,kyc_origination,2026-04-01,T3,"H.NO. 42, A BLOCK, 2ND ROAD, CLOSE TO CHURCH, HMT COLONY, NAVANAGARA EAST - 980302"
AD003077,AC002389,residence,kyc_origination,2026-04-01,T2,"#274, Gali No. 6, Krishna Puri, Dvegarh Nagar - 970202"
AD003078,AC002390,residence,kyc_origination,2026-04-01,T2,"nr. Overhead Tank, Nehru Colony, Devgarh Nagar - 970203"
AD003079,AC002390,permanent_native,kyc_origination,2026-04-01,OUT,"Village Mallapura, Tehsil D, District North - 997972"
AD003080,AC002391,residence,kyc_origination,2026-04-01,T3,"186/1, E Block, 5th Rd, nr. Ganapathi Temple, Teachers Colony, Navanagara East - 980302"
AD003081,AC002392,residence,kyc_origination,2026-04-01,T2,"Lakshmi Nilaya, Gali no-1, Shivaji Ngr, Devgarh Nagar - 970202"
AD003082,AC002393,residence,kyc_origination,2026-04-01,T2,"H.No. 424, Gali 9, मेडिकल स्टोर के बगल में, Nehru Colny, Devgarh Nagar - 970203"
AD003083,AC002394,residence,kyc_origination,2026-04-01,T1,"No. 352, Basava Nagar, Kaveripura - 960101"
AD003084,AC002395,residence,kyc_origination,2026-04-01,T1,"H.NO. 416, 3RD CROSS, 6TH MAIN, VINAYAKA NAGAR, KAVERIPURA - 960104"
AD003085,AC002396,residence,kyc_origination,2026-04-01,T1,"House 56, Om Sai Complex, 11th Cross, 8th Mn, Nehru Colony, Kaveripura - 960102"
AD003086,AC002397,residence,kyc_origination,2026-04-01,T3,"133/1, D Blk., 3rd Rd, Teachers Colony, Navanagara East - 980302"
AD003087,AC002398,residence,kyc_origination,2026-04-01,T2,"Tanki ke piche, Krishna Puri, Devgarh Nagr - 970204"
AD003088,AC002399,residence,kyc_origination,2026-04-01,T3,"274/2, E Block, 4th Road, adj. Ration Shop, Palm Meadows, Navanagara East - 980303"
AD003089,AC002399,permanent_native,kyc_origination,2026-04-01,OUT,"Village Sundarpur, Tehsil C, District South - 993714"
AD003090,AC002400,residence,kyc_origination,2026-04-01,T1,"7th Cross, 6th Main, Samudaya Bhavana hattira, Gandhi Nagr, Kaveripura - 960102"
AD003091,AC001083,residence,skip_trace,2026-04-23,OUT,"Village Rampura Kalan, Taluk A, District North - 998850"
AD003092,AC001768,residence,skip_trace,2026-04-24,T2,#101 annapoorna nilaya गली नं. 1 ram nagar devgarh ngr - 970203
AD003093,AC000317,residence,skip_trace,2026-04-27,OUT,"Village Bilagi, Tehsil D, District South - 996507"
AD003094,AC002225,residence,skip_trace,2026-04-30,T1,"6th Crs, 2nd Main, beside Ganesh Temple, Kuvempu Layout, Kaveripura - 960102"
AD003095,AC002341,residence,skip_trace,2026-05-01,OUT,"Village Kodihalli, Tehsil D, District East - 998580"
AD003096,AC001013,residence,skip_trace,2026-05-10,T1,"9TH CROSS, 2ND MAIN RD, KALYANA NGR, KAVERIPURA - 960104"
AD003097,AC001191,residence,skip_trace,2026-05-19,OUT,"Village Mallapura, Taluk A, District South - 995787"
AD003098,AC001529,residence,skip_trace,2026-05-20,T2,"HOUSE 213, SHANTI KUNJ, NR PETROL PUMP, AZAD MOHALLA, DEVGARH NAGAR - 970203"
AD003099,AC001408,residence,skip_trace,2026-05-24,T1,"6TH CROSS, 4TH MAIN, OPP. CHILDREN PARK, NEHRU COLONY, KAVERIPURA - 960102"
AD003100,AC001748,residence,skip_trace,2026-05-24,T1,"House 399, 1t2h Cross, 4th Mn, nr. Govt School, Kuvempu Lyt, Kaveripura - 960102"
AD003101,AC000232,residence,skip_trace,2026-05-27,OUT,"Village Mallapura, Taluk A, District East - 998315"
AD003102,AC001232,residence,skip_trace,2026-05-29,T1,"#372, 6th X, 7th Mn, Gandhi Nagar, Kaveripura"
AD003103,AC001162,residence,skip_trace,2026-05-30,OUT,"Village Mallapura, Tehsil C, District West - 995699"
AD003104,AC001882,residence,skip_trace,2026-05-30,T2,h.no. 387 gali 10 opposite petrol pump tilak nagar devgarh nagr - 970204
AD003105,AC001373,residence,skip_trace,2026-06-01,T3,no. 149 blk f rd 1 near overhead tank sunrise enclave navanagara east - 980304
AD003106,AC002288,residence,skip_trace,2026-06-01,T2,no. 315 gali 10 ward 2 indira col devgarh nagr - 970202
AD003107,AC001202,residence,skip_trace,2026-06-06,T1,"6th Cross, 3rd Mn, Bus Stop hattira, Kaveripura - 960102"
AD003108,AC002174,residence,skip_trace,2026-06-10,OUT,"Village Sundarpur, Tehsil C, District South - 993233"
AD003109,AC000775,residence,skip_trace,2026-06-11,OUT,"Village Kodihalli, Taluk B, District West - 994477"
AD003110,AC000542,residence,skip_trace,2026-06-14,T1,"H.NNO. 273, 12TH CROSSS, 8TH MAIN, HOSA BADAVANE, KAVERIPURA - 960101"
AD003111,AC000602,residence,skip_trace,2026-06-18,T3,h.no. 61 b block 3rd rd. church hattira sunrise enclave navanagara east - 980304
AD003112,AC000523,residence,skip_trace,2026-06-19,OUT,"Village Kodihalli, Tehsil D, District South - 993021"
AD003113,AC002368,residence,skip_trace,2026-06-20,T1,"3rd Cross, 5th Main, close to Ganesh Temple, Ashoka Layout, Kaveripura - 960104"
AD003114,AC000505,residence,skip_trace,2026-06-23,OUT,"Village Rampura Kalan, Taluk B, District South - 997536"
AD003115,AC001755,residence,skip_trace,2026-06-25,T2,"opposite Hanuman Temple, Shivaaji Nagar, Devgarh Nagar - 970202"
AD003116,AC002060,residence,skip_trace,2026-06-25,OUT,"Village Rampura Kalan, Tehsil C, District South - 991666"
AD003117,AC000977,residence,skip_trace,2026-06-29,T1,"NO. 284, 1ST CROSS, 8TH MAIN, KAVERIPURA - 960102"
