payment_id,account_id,payment_ts,amount,channel
PY0000001,AC000457,2026-04-01 19:57:52,3800.0,branch_cash
PY0000002,AC000067,2026-04-01 13:50:03,38700.0,nach_represent
PY0000003,AC000106,2026-04-01 15:54:08,2350.0,neft
PY0000004,AC000468,2026-04-01 19:21:32,3450.0,nach_represent
PY0000005,AC000471,2026-04-01 20:25:12,31600.0,bbps
PY0000006,AC000936,2026-04-01 21:25:13,20500.0,branch_cash
PY0000007,AC001037,2026-04-01 15:54:15,33800.0,upi_app
PY0000008,AC001165,2026-04-01 12:22:00,1300.0,upi_app
PY0000009,AC001370,2026-04-01 11:51:01,11400.0,upi_app
PY0000010,AC001407,2026-04-01 19:22:15,11200.0,nach_represent
PY0000011,AC001695,2026-04-01 10:56:35,2900.0,upi_app
PY0000012,AC001765,2026-04-01 22:45:05,14000.0,bbps
PY0000013,AC001805,2026-04-01 22:06:01,1400.0,upi_app
PY0000014,AC001835,2026-04-01 20:59:25,23100.0,neft
PY0000015,AC001838,2026-04-01 20:35:48,2350.0,nach_represent
PY0000016,AC001910,2026-04-01 16:11:18,800.0,branch_cash
PY0000017,AC001914,2026-04-01 21:54:08,2350.0,nach_represent
PY0000018,AC001979,2026-04-01 20:36:42,6550.0,nach_represent
PY0000019,AC002004,2026-04-01 16:29:09,3100.0,branch_cash
PY0000020,AC002092,2026-04-01 13:24:16,6800.0,nach_represent
PY0000021,AC002395,2026-04-01 15:34:19,2000.0,nach_represent
PY0000022,AC001369,2026-04-02 19:21:26,13650.0,neft
PY0000023,AC001841,2026-04-02 19:38:04,8400.0,branch_cash
PY0000024,AC000002,2026-04-02 17:10:51,9800.0,nach_represent
PY0000025,AC000167,2026-04-02 21:03:03,5000.0,nach_represent
PY0000026,AC000245,2026-04-02 17:41:30,3150.0,nach_represent
PY0000027,AC000263,2026-04-02 20:05:31,600.0,bbps
PY0000028,AC000344,2026-04-02 11:17:10,11650.0,upi_app
PY0000029,AC000382,2026-04-02 17:52:13,5600.0,nach_represent
PY0000030,AC000592,2026-04-02 11:07:27,3600.0,nach_represent
PY0000031,AC000716,2026-04-02 14:59:33,2800.0,nach_represent
PY0000032,AC000749,2026-04-02 09:13:59,9650.0,upi_app
PY0000033,AC000867,2026-04-02 12:44:17,2550.0,bbps
PY0000034,AC000904,2026-04-02 20:22:02,2100.0,nach_represent
PY0000035,AC000943,2026-04-02 18:34:31,40650.0,bbps
PY0000036,AC001237,2026-04-02 20:17:50,11900.0,neft
PY0000037,AC001324,2026-04-02 15:30:58,1300.0,nach_represent
PY0000038,AC001468,2026-04-02 17:40:05,3000.0,nach_represent
PY0000039,AC001932,2026-04-02 16:45:15,3650.0,upi_app
PY0000040,AC002029,2026-04-02 17:02:50,6850.0,upi_app
PY0000041,AC000328,2026-04-03 15:53:13,4600.0,upi_link
PY0000042,AC000080,2026-04-03 22:52:36,7500.0,upi_link
PY0000043,AC002124,2026-04-03 15:26:04,3250.0,upi_app
PY0000044,AC001088,2026-04-03 08:01:32,19500.0,upi_link
PY0000045,AC002012,2026-04-03 22:54:36,7650.0,upi_app
PY0000046,AC001894,2026-04-03 13:15:59,21000.0,upi_link
PY0000047,AC000099,2026-04-03 21:56:14,7300.0,branch_cash
PY0000048,AC000241,2026-04-03 10:25:34,3550.0,neft
PY0000049,AC000495,2026-04-03 17:00:58,900.0,branch_cash
PY0000050,AC001171,2026-04-03 19:16:51,4250.0,nach_represent
PY0000051,AC001289,2026-04-03 13:04:17,1500.0,nach_represent
PY0000052,AC001361,2026-04-03 19:11:39,3300.0,upi_app
PY0000053,AC001840,2026-04-03 16:11:59,1300.0,upi_app
PY0000054,AC001943,2026-04-03 19:41:56,800.0,nach_represent
PY0000055,AC002081,2026-04-03 19:00:10,9000.0,nach_represent
PY0000056,AC002310,2026-04-03 12:09:51,4150.0,upi_app
PY0000057,AC001850,2026-04-04 12:23:18,6200.0,upi_app
PY0000058,AC002292,2026-04-04 22:53:10,10650.0,upi_app
PY0000059,AC000175,2026-04-04 18:47:19,13000.0,upi_link
PY0000060,AC000630,2026-04-04 15:42:20,14100.0,neft
PY0000061,AC000459,2026-04-04 13:02:52,5700.0,bbps
PY0000062,AC001559,2026-04-04 22:08:24,800.0,nach_represent
PY0000063,AC000173,2026-04-04 15:31:20,45600.0,upi_app
PY0000064,AC001390,2026-04-04 20:21:58,8900.0,bbps
PY0000065,AC000096,2026-04-04 09:37:36,3400.0,bbps
PY0000066,AC000098,2026-04-04 18:35:18,25000.0,nach_represent
PY0000067,AC000148,2026-04-04 21:38:23,10850.0,upi_app
PY0000068,AC000365,2026-04-04 18:52:40,1050.0,upi_app
PY0000069,AC000482,2026-04-04 08:29:16,14650.0,bbps
PY0000070,AC000535,2026-04-04 14:22:36,1100.0,upi_app
PY0000071,AC000666,2026-04-04 13:40:16,10900.0,nach_represent
PY0000072,AC000671,2026-04-04 19:49:01,73200.0,nach_represent
PY0000073,AC001342,2026-04-04 21:07:29,1400.0,neft
PY0000074,AC001046,2026-04-05 18:00:53,5600.0,cash_field
PY0000075,AC000660,2026-04-05 18:07:45,16200.0,upi_link
PY0000076,AC001552,2026-04-05 19:44:25,19300.0,upi_link
PY0000077,AC002307,2026-04-05 10:58:15,4700.0,upi_app
PY0000078,AC000068,2026-04-05 08:07:08,1100.0,upi_link
PY0000079,AC001614,2026-04-05 18:40:18,27300.0,branch_cash
PY0000080,AC000273,2026-04-05 16:14:23,9200.0,branch_cash
PY0000081,AC000280,2026-04-05 13:21:16,2650.0,upi_app
PY0000082,AC000412,2026-04-05 09:03:45,17500.0,branch_cash
PY0000083,AC000509,2026-04-05 16:48:17,1250.0,nach_represent
PY0000084,AC000579,2026-04-05 12:59:10,600.0,nach_represent
PY0000085,AC000613,2026-04-05 10:22:39,16650.0,upi_app
PY0000086,AC000623,2026-04-05 16:13:05,7950.0,branch_cash
PY0000087,AC001115,2026-04-05 20:32:12,13300.0,upi_app
PY0000088,AC001137,2026-04-05 21:20:47,8200.0,upi_app
PY0000089,AC001246,2026-04-05 18:09:42,3600.0,neft
PY0000090,AC001479,2026-04-05 10:48:50,8900.0,upi_app
PY0000091,AC001560,2026-04-05 17:14:10,5800.0,nach_represent
PY0000092,AC002014,2026-04-05 12:38:17,3250.0,nach_represent
PY0000093,AC002200,2026-04-05 15:56:42,2600.0,nach_represent
PY0000094,AC002237,2026-04-05 19:25:52,23500.0,nach_represent
PY0000095,AC002345,2026-04-05 17:27:57,7200.0,upi_app
PY0000096,AC000081,2026-04-06 09:12:08,6450.0,neft
PY0000097,AC000310,2026-04-06 18:58:56,1600.0,upi_link
PY0000098,AC001268,2026-04-06 09:36:40,12450.0,upi_link
PY0000099,AC000779,2026-04-06 20:26:37,39600.0,neft
PY0000100,AC000701,2026-04-06 19:00:59,9700.0,bbps
PY0000101,AC000016,2026-04-06 15:44:18,25300.0,neft
PY0000102,AC000206,2026-04-06 09:05:05,1500.0,upi_link
PY0000103,AC002087,2026-04-06 14:00:25,4100.0,upi_app
PY0000104,AC001322,2026-04-06 15:31:58,97500.0,upi_link
PY0000105,AC000790,2026-04-06 09:00:44,1000.0,upi_link
PY0000106,AC001443,2026-04-06 14:41:53,75500.0,upi_link
PY0000107,AC000003,2026-04-06 18:38:48,67650.0,upi_app
PY0000108,AC000984,2026-04-06 13:49:56,4800.0,upi_link
PY0000109,AC001781,2026-04-06 14:41:51,15600.0,nach_represent
PY0000110,AC002037,2026-04-06 15:55:46,1000.0,upi_link
PY0000111,AC001889,2026-04-06 13:32:51,4300.0,nach_represent
PY0000112,AC001143,2026-04-06 21:36:57,27900.0,upi_link
PY0000113,AC000007,2026-04-06 16:33:55,29550.0,neft
PY0000114,AC000268,2026-04-06 08:28:22,4550.0,branch_cash
PY0000115,AC000368,2026-04-06 21:04:01,10550.0,upi_app
PY0000116,AC000780,2026-04-06 09:04:54,35200.0,branch_cash
PY0000117,AC001377,2026-04-06 20:56:25,1700.0,bbps
PY0000118,AC001477,2026-04-06 08:59:14,73950.0,upi_app
PY0000119,AC001592,2026-04-06 21:40:37,6000.0,nach_represent
PY0000120,AC001605,2026-04-06 17:27:34,22800.0,upi_app
PY0000121,AC001613,2026-04-06 18:19:49,6000.0,branch_cash
PY0000122,AC001800,2026-04-06 19:36:03,3050.0,nach_represent
PY0000123,AC001815,2026-04-06 10:10:57,1200.0,nach_represent
PY0000124,AC002021,2026-04-06 21:57:27,2450.0,nach_represent
PY0000125,AC002051,2026-04-06 17:26:11,5900.0,neft
PY0000126,AC002259,2026-04-06 12:08:55,800.0,nach_represent
PY0000127,AC002356,2026-04-07 18:49:20,28650.0,nach_represent
PY0000128,AC000347,2026-04-07 10:38:08,13950.0,upi_app
PY0000129,AC001531,2026-04-07 13:40:17,12500.0,nach_represent
PY0000130,AC001324,2026-04-07 14:37:42,350.0,upi_link
PY0000131,AC001261,2026-04-07 22:48:19,19200.0,upi_link
PY0000132,AC001286,2026-04-07 18:07:48,2800.0,upi_link
PY0000133,AC000299,2026-04-07 22:59:41,2900.0,upi_app
PY0000134,AC000426,2026-04-07 14:56:51,10200.0,nach_represent
PY0000135,AC001004,2026-04-07 11:01:00,9400.0,nach_represent
PY0000136,AC001386,2026-04-07 13:47:41,1000.0,branch_cash
PY0000137,AC001603,2026-04-07 16:28:31,28950.0,upi_app
PY0000138,AC001668,2026-04-07 09:36:44,1000.0,branch_cash
PY0000139,AC000371,2026-04-08 17:56:15,18800.0,upi_link
PY0000140,AC001082,2026-04-08 20:01:20,8200.0,neft
PY0000141,AC000871,2026-04-08 16:26:08,11700.0,cash_field
PY0000142,AC000838,2026-04-08 16:50:36,14200.0,cash_field
PY0000143,AC002232,2026-04-08 13:07:10,9900.0,upi_link
PY0000144,AC001380,2026-04-08 17:49:38,7400.0,neft
PY0000145,AC000260,2026-04-08 12:27:43,500.0,nach_represent
PY0000146,AC001492,2026-04-08 14:50:43,3300.0,nach_represent
PY0000147,AC001978,2026-04-08 17:51:57,300.0,upi_link
PY0000148,AC000249,2026-04-08 20:31:02,2000.0,nach_represent
PY0000149,AC000954,2026-04-08 20:49:26,1400.0,upi_app
PY0000150,AC001628,2026-04-08 22:28:01,12000.0,nach_represent
PY0000151,AC000498,2026-04-08 20:20:21,1100.0,upi_link
PY0000152,AC000590,2026-04-08 12:07:55,15700.0,upi_link
PY0000153,AC001207,2026-04-08 13:24:53,6700.0,nach_represent
PY0000154,AC000978,2026-04-08 16:55:30,2900.0,nach_represent
PY0000155,AC001790,2026-04-08 18:51:43,20600.0,branch_cash
PY0000156,AC000044,2026-04-08 22:47:05,7300.0,nach_represent
PY0000157,AC000311,2026-04-08 09:30:47,21900.0,nach_represent
PY0000158,AC000757,2026-04-08 15:29:36,4200.0,nach_represent
PY0000159,AC001413,2026-04-08 08:10:57,3200.0,nach_represent
PY0000160,AC001528,2026-04-08 16:26:53,2850.0,bbps
PY0000161,AC001814,2026-04-08 13:05:45,12850.0,nach_represent
PY0000162,AC002080,2026-04-08 15:44:36,32100.0,nach_represent
PY0000163,AC002126,2026-04-08 19:00:37,4100.0,upi_app
PY0000164,AC002190,2026-04-08 09:00:40,16900.0,branch_cash
PY0000165,AC000904,2026-04-09 09:02:10,650.0,upi_link
PY0000166,AC001195,2026-04-09 09:10:16,2100.0,upi_app
PY0000167,AC001482,2026-04-09 19:36:52,9400.0,upi_link
PY0000168,AC001936,2026-04-09 17:16:22,5000.0,nach_represent
PY0000169,AC001180,2026-04-09 17:38:27,5200.0,upi_link
PY0000170,AC002038,2026-04-09 09:23:09,16850.0,upi_app
PY0000171,AC000361,2026-04-09 17:33:08,65400.0,upi_link
PY0000172,AC000309,2026-04-09 19:55:52,8100.0,nach_represent
PY0000173,AC002266,2026-04-09 20:35:13,900.0,upi_link
PY0000174,AC001380,2026-04-09 18:08:30,11400.0,upi_link
PY0000175,AC001794,2026-04-09 19:40:37,14500.0,upi_app
PY0000176,AC000533,2026-04-09 11:15:34,3250.0,upi_link
PY0000177,AC001538,2026-04-09 15:40:01,1800.0,upi_link
PY0000178,AC002190,2026-04-09 16:28:28,1200.0,neft
PY0000179,AC000794,2026-04-09 22:33:00,4200.0,branch_cash
PY0000180,AC001638,2026-04-09 22:41:17,15200.0,upi_link
PY0000181,AC001878,2026-04-09 15:12:59,9000.0,branch_cash
PY0000182,AC000358,2026-04-09 19:22:30,1400.0,neft
PY0000183,AC000813,2026-04-09 21:41:05,1450.0,upi_app
PY0000184,AC000973,2026-04-09 12:27:12,5200.0,bbps
PY0000185,AC001662,2026-04-09 12:29:52,14200.0,upi_app
PY0000186,AC001719,2026-04-09 22:04:41,9800.0,bbps
PY0000187,AC001829,2026-04-09 13:47:50,1800.0,upi_app
PY0000188,AC002353,2026-04-09 10:30:56,20700.0,branch_cash
PY0000189,AC000884,2026-04-10 10:18:31,2300.0,upi_link
PY0000190,AC000529,2026-04-10 09:35:49,200.0,nach_represent
PY0000191,AC000632,2026-04-10 08:03:19,34350.0,upi_link
PY0000192,AC001159,2026-04-10 18:57:55,8000.0,neft
PY0000193,AC001250,2026-04-10 11:27:41,14800.0,nach_represent
PY0000194,AC001291,2026-04-10 12:30:01,17900.0,upi_link
PY0000195,AC000275,2026-04-10 17:08:13,1600.0,upi_link
PY0000196,AC001427,2026-04-10 09:50:24,3700.0,upi_link
PY0000197,AC002039,2026-04-10 11:00:09,2400.0,upi_link
PY0000198,AC000261,2026-04-10 11:07:57,84600.0,upi_app
PY0000199,AC002100,2026-04-10 22:36:07,12600.0,upi_link
PY0000200,AC002390,2026-04-10 08:07:55,4300.0,upi_link
PY0000201,AC001269,2026-04-10 13:14:34,1500.0,nach_represent
PY0000202,AC001547,2026-04-10 10:11:08,2900.0,upi_app
PY0000203,AC001365,2026-04-10 19:07:02,10800.0,upi_link
PY0000204,AC002389,2026-04-10 20:00:31,3200.0,cash_field
PY0000205,AC002309,2026-04-10 19:12:18,2350.0,upi_link
PY0000206,AC002354,2026-04-10 08:30:16,2800.0,upi_link
PY0000207,AC000102,2026-04-10 20:34:11,10800.0,upi_link
PY0000208,AC000031,2026-04-10 14:59:05,2100.0,upi_link
PY0000209,AC000366,2026-04-10 12:11:59,14300.0,upi_app
PY0000210,AC000434,2026-04-10 19:10:50,4150.0,upi_app
PY0000211,AC000596,2026-04-10 21:12:25,25700.0,nach_represent
PY0000212,AC000607,2026-04-10 16:13:49,21200.0,bbps
PY0000213,AC001538,2026-04-10 19:16:30,900.0,branch_cash
PY0000214,AC001674,2026-04-10 22:43:10,10500.0,branch_cash
PY0000215,AC001847,2026-04-10 20:49:24,300.0,nach_represent
PY0000216,AC002245,2026-04-10 21:55:42,34150.0,nach_represent
PY0000217,AC002353,2026-04-11 19:40:23,26100.0,bbps
PY0000218,AC001058,2026-04-11 10:41:51,3100.0,upi_link
PY0000219,AC000665,2026-04-11 22:06:51,4500.0,bbps
PY0000220,AC000027,2026-04-11 09:51:56,3600.0,branch_cash
PY0000221,AC001632,2026-04-11 11:26:18,15900.0,branch_cash
PY0000222,AC000450,2026-04-11 17:02:01,3650.0,upi_link
PY0000223,AC000323,2026-04-11 19:06:57,11250.0,neft
PY0000224,AC001595,2026-04-11 11:35:17,7950.0,nach_represent
PY0000225,AC000262,2026-04-11 18:55:14,15050.0,upi_link
PY0000226,AC000411,2026-04-11 18:37:39,1500.0,bbps
PY0000227,AC000759,2026-04-11 13:12:01,17100.0,upi_link
PY0000228,AC001379,2026-04-11 15:05:52,18000.0,upi_link
PY0000229,AC001278,2026-04-11 13:59:18,101550.0,upi_link
PY0000230,AC000018,2026-04-11 14:24:04,20200.0,nach_represent
PY0000231,AC000406,2026-04-11 19:39:07,29100.0,nach_represent
PY0000232,AC000480,2026-04-11 08:04:49,5400.0,bbps
PY0000233,AC001772,2026-04-11 12:01:19,400.0,bbps
PY0000234,AC001887,2026-04-11 21:57:19,2000.0,upi_app
PY0000235,AC002196,2026-04-11 18:51:07,6950.0,neft
PY0000236,AC002319,2026-04-11 15:02:52,1600.0,nach_represent
PY0000237,AC000577,2026-04-12 21:30:33,109550.0,cash_field
PY0000238,AC001972,2026-04-12 12:14:14,27400.0,nach_represent
PY0000239,AC000857,2026-04-12 10:57:17,9700.0,nach_represent
PY0000240,AC000697,2026-04-12 21:41:43,12000.0,nach_represent
PY0000241,AC001837,2026-04-12 14:32:03,109650.0,upi_app
PY0000242,AC001953,2026-04-12 22:05:28,9150.0,upi_link
PY0000243,AC001710,2026-04-12 13:35:34,23900.0,upi_link
PY0000244,AC000831,2026-04-12 14:58:00,28950.0,nach_represent
PY0000245,AC001133,2026-04-12 18:30:33,8900.0,bbps
PY0000246,AC001481,2026-04-12 08:03:34,19050.0,upi_link
PY0000247,AC001855,2026-04-12 12:16:24,14600.0,upi_link
PY0000248,AC001845,2026-04-12 13:37:51,8600.0,cash_field
PY0000249,AC001214,2026-04-12 21:52:34,800.0,upi_app
PY0000250,AC001270,2026-04-12 08:16:55,3950.0,upi_link
PY0000251,AC001613,2026-04-12 18:44:59,4150.0,nach_represent
PY0000252,AC001950,2026-04-12 21:18:53,12300.0,upi_link
PY0000253,AC002246,2026-04-12 08:26:57,3300.0,nach_represent
PY0000254,AC001487,2026-04-12 15:54:28,10300.0,upi_link
PY0000255,AC002371,2026-04-12 12:45:48,14650.0,upi_link
PY0000256,AC001099,2026-04-12 20:34:11,18800.0,upi_link
PY0000257,AC002130,2026-04-12 08:07:09,1750.0,upi_link
PY0000258,AC002348,2026-04-12 11:18:08,147800.0,upi_link
PY0000259,AC002164,2026-04-12 19:39:59,57600.0,cash_field
PY0000260,AC000534,2026-04-12 15:07:48,2500.0,upi_app
PY0000261,AC001495,2026-04-12 16:49:28,4650.0,upi_app
PY0000262,AC002228,2026-04-12 17:23:41,28800.0,upi_link
PY0000263,AC000554,2026-04-12 19:08:10,8300.0,nach_represent
PY0000264,AC001005,2026-04-12 13:55:25,49500.0,bbps
PY0000265,AC001015,2026-04-12 16:25:56,4000.0,branch_cash
PY0000266,AC001225,2026-04-12 14:22:01,22000.0,nach_represent
PY0000267,AC001361,2026-04-12 14:07:18,1500.0,upi_app
PY0000268,AC001512,2026-04-12 18:25:34,9200.0,nach_represent
PY0000269,AC001520,2026-04-12 16:06:46,1850.0,upi_app
PY0000270,AC001557,2026-04-12 13:30:31,26950.0,upi_app
PY0000271,AC001565,2026-04-12 10:54:46,10000.0,neft
PY0000272,AC001611,2026-04-12 08:29:02,800.0,upi_app
PY0000273,AC001831,2026-04-12 15:24:53,2150.0,branch_cash
PY0000274,AC002186,2026-04-12 14:59:42,5600.0,upi_app
PY0000275,AC002306,2026-04-12 10:51:54,31900.0,neft
PY0000276,AC000847,2026-04-13 08:47:08,3500.0,upi_link
PY0000277,AC001034,2026-04-13 12:08:54,5400.0,upi_link
PY0000278,AC002332,2026-04-13 22:01:53,7750.0,branch_cash
PY0000279,AC000362,2026-04-13 19:32:42,4700.0,upi_link
PY0000280,AC001125,2026-04-13 21:36:10,5500.0,neft
PY0000281,AC001913,2026-04-13 22:46:28,1400.0,upi_link
PY0000282,AC002287,2026-04-13 22:22:57,4400.0,upi_link
PY0000283,AC000373,2026-04-13 18:28:02,51300.0,upi_app
PY0000284,AC001819,2026-04-13 19:32:57,3400.0,upi_app
PY0000285,AC001549,2026-04-13 19:41:00,1200.0,upi_link
PY0000286,AC002213,2026-04-13 08:37:18,2550.0,upi_app
PY0000287,AC001142,2026-04-13 13:37:29,2150.0,upi_link
PY0000288,AC001358,2026-04-13 16:21:13,4900.0,branch_cash
PY0000289,AC002214,2026-04-13 15:55:04,8900.0,upi_link
PY0000290,AC000140,2026-04-13 18:34:10,134900.0,bbps
PY0000291,AC000264,2026-04-13 18:57:40,800.0,branch_cash
PY0000292,AC000359,2026-04-13 10:11:03,4800.0,neft
PY0000293,AC000383,2026-04-13 08:22:35,3900.0,upi_app
PY0000294,AC000603,2026-04-13 18:45:32,5700.0,neft
PY0000295,AC000834,2026-04-13 09:01:38,12900.0,branch_cash
PY0000296,AC000925,2026-04-13 09:02:46,10100.0,branch_cash
PY0000297,AC000966,2026-04-13 11:30:29,13850.0,upi_app
PY0000298,AC001468,2026-04-13 18:36:54,800.0,branch_cash
PY0000299,AC001538,2026-04-13 15:36:23,200.0,branch_cash
PY0000300,AC001732,2026-04-13 12:15:16,900.0,nach_represent
PY0000301,AC001820,2026-04-13 13:41:18,6300.0,nach_represent
PY0000302,AC002208,2026-04-13 12:16:42,4200.0,upi_app
PY0000303,AC002217,2026-04-13 13:02:49,2050.0,nach_represent
PY0000304,AC002271,2026-04-13 16:20:07,850.0,branch_cash
PY0000305,AC001471,2026-04-14 10:02:03,22200.0,branch_cash
PY0000306,AC000127,2026-04-14 10:57:58,2200.0,upi_link
PY0000307,AC001990,2026-04-14 14:25:41,57250.0,neft
PY0000308,AC001902,2026-04-14 20:04:51,8600.0,branch_cash
PY0000309,AC001564,2026-04-14 14:39:42,4700.0,bbps
PY0000310,AC000997,2026-04-14 08:09:14,2400.0,upi_link
PY0000311,AC002337,2026-04-14 12:54:12,6400.0,upi_app
PY0000312,AC001051,2026-04-14 16:39:18,2200.0,upi_link
PY0000313,AC001016,2026-04-14 16:32:42,900.0,nach_represent
PY0000314,AC001269,2026-04-14 17:34:39,2000.0,branch_cash
PY0000315,AC001640,2026-04-14 17:05:32,6400.0,nach_represent
PY0000316,AC000017,2026-04-14 22:05:46,14200.0,nach_represent
PY0000317,AC000119,2026-04-14 10:32:38,4450.0,bbps
PY0000318,AC000331,2026-04-14 21:25:14,7800.0,upi_app
PY0000319,AC001538,2026-04-14 11:21:43,50.0,branch_cash
PY0000320,AC001572,2026-04-14 21:33:16,2600.0,branch_cash
PY0000321,AC001712,2026-04-14 16:11:46,26650.0,upi_app
PY0000322,AC001978,2026-04-14 19:23:34,200.0,nach_represent
PY0000323,AC002259,2026-04-14 14:20:00,550.0,nach_represent
PY0000324,AC002335,2026-04-14 21:42:51,3150.0,nach_represent
PY0000325,AC002222,2026-04-15 18:54:28,85650.0,upi_link
PY0000326,AC000460,2026-04-15 16:08:09,11900.0,nach_represent
PY0000327,AC000051,2026-04-15 18:10:54,4800.0,upi_link
PY0000328,AC001101,2026-04-15 18:10:17,2200.0,upi_link
PY0000329,AC000724,2026-04-15 21:51:05,8800.0,upi_link
PY0000330,AC000041,2026-04-15 16:30:43,74100.0,neft
PY0000331,AC001698,2026-04-15 22:12:40,1700.0,upi_link
PY0000332,AC000004,2026-04-15 20:27:15,13350.0,nach_represent
PY0000333,AC000851,2026-04-15 09:35:37,200.0,branch_cash
PY0000334,AC001212,2026-04-15 10:53:53,4900.0,upi_app
PY0000335,AC001080,2026-04-15 12:13:33,800.0,nach_represent
PY0000336,AC000689,2026-04-15 22:41:07,32850.0,branch_cash
PY0000337,AC001180,2026-04-15 18:22:46,4700.0,neft
PY0000338,AC001210,2026-04-15 14:36:39,3300.0,branch_cash
PY0000339,AC001397,2026-04-15 10:23:19,1900.0,upi_link
PY0000340,AC001499,2026-04-15 15:34:22,5600.0,upi_app
PY0000341,AC000569,2026-04-15 22:24:05,10500.0,neft
PY0000342,AC000703,2026-04-15 17:41:32,9950.0,nach_represent
PY0000343,AC001389,2026-04-15 12:58:33,4050.0,nach_represent
PY0000344,AC001472,2026-04-15 13:23:58,10200.0,nach_represent
PY0000345,AC001922,2026-04-15 11:30:03,3700.0,nach_represent
PY0000346,AC001976,2026-04-16 22:53:12,3050.0,upi_link
PY0000347,AC000548,2026-04-16 15:34:20,56900.0,upi_link
PY0000348,AC001141,2026-04-16 10:21:21,30800.0,nach_represent
PY0000349,AC000083,2026-04-16 18:51:59,1400.0,upi_link
PY0000350,AC000189,2026-04-16 08:52:43,75200.0,cash_field
PY0000351,AC000327,2026-04-16 14:29:47,41300.0,cash_field
PY0000352,AC000590,2026-04-16 13:32:50,5000.0,upi_link
PY0000353,AC001957,2026-04-16 13:40:30,900.0,upi_link
PY0000354,AC000274,2026-04-16 14:22:24,15500.0,upi_link
PY0000355,AC000855,2026-04-16 16:31:05,3150.0,upi_link
PY0000356,AC002157,2026-04-16 20:50:09,4050.0,upi_link
PY0000357,AC000174,2026-04-16 15:11:33,3250.0,branch_cash
PY0000358,AC000184,2026-04-16 19:44:40,7050.0,upi_app
PY0000359,AC000275,2026-04-16 15:18:39,2300.0,bbps
PY0000360,AC000448,2026-04-16 14:55:40,10900.0,nach_represent
PY0000361,AC000592,2026-04-16 21:33:00,800.0,upi_app
PY0000362,AC000764,2026-04-16 11:27:49,4050.0,nach_represent
PY0000363,AC001476,2026-04-16 13:29:28,10600.0,nach_represent
PY0000364,AC002289,2026-04-16 14:44:50,8950.0,upi_app
PY0000365,AC001788,2026-04-17 17:41:24,11500.0,branch_cash
PY0000366,AC002078,2026-04-17 10:01:00,23700.0,cash_field
PY0000367,AC000996,2026-04-17 14:01:36,11400.0,bbps
PY0000368,AC002250,2026-04-17 14:36:39,2000.0,branch_cash
PY0000369,AC000711,2026-04-17 11:58:08,7400.0,upi_app
PY0000370,AC000267,2026-04-17 10:49:37,21600.0,upi_link
PY0000371,AC001043,2026-04-17 20:50:09,1600.0,nach_represent
PY0000372,AC001411,2026-04-17 10:53:26,6600.0,upi_link
PY0000373,AC000918,2026-04-17 22:23:53,55600.0,upi_app
PY0000374,AC002276,2026-04-17 09:01:09,1600.0,upi_app
PY0000375,AC001632,2026-04-17 22:27:49,2700.0,upi_link
PY0000376,AC000730,2026-04-17 21:05:14,282400.0,cash_field
PY0000377,AC001219,2026-04-17 10:51:02,14400.0,upi_app
PY0000378,AC000411,2026-04-17 16:19:10,700.0,nach_represent
PY0000379,AC001238,2026-04-17 17:38:29,13900.0,upi_link
PY0000380,AC002109,2026-04-17 11:33:58,40200.0,upi_app
PY0000381,AC000376,2026-04-17 09:18:18,5600.0,upi_link
PY0000382,AC001215,2026-04-17 17:00:32,5700.0,bbps
PY0000383,AC000233,2026-04-17 08:56:19,2650.0,neft
PY0000384,AC000378,2026-04-17 11:45:53,9600.0,nach_represent
PY0000385,AC000978,2026-04-17 18:52:03,5600.0,upi_app
PY0000386,AC001010,2026-04-17 22:37:42,1450.0,nach_represent
PY0000387,AC001202,2026-04-17 15:35:03,2000.0,branch_cash
PY0000388,AC002058,2026-04-17 11:12:55,2400.0,upi_app
PY0000389,AC001373,2026-04-18 18:08:17,4800.0,bbps
PY0000390,AC001284,2026-04-18 22:16:31,34500.0,upi_app
PY0000391,AC000975,2026-04-18 09:48:14,13700.0,upi_link
PY0000392,AC000095,2026-04-18 15:22:35,1200.0,upi_link
PY0000393,AC001936,2026-04-18 11:01:48,1300.0,upi_app
PY0000394,AC000698,2026-04-18 14:02:12,2700.0,upi_app
PY0000395,AC001784,2026-04-18 09:37:44,2000.0,upi_link
PY0000396,AC001691,2026-04-18 20:53:28,5400.0,nach_represent
PY0000397,AC002110,2026-04-18 21:44:03,2700.0,upi_link
PY0000398,AC001067,2026-04-18 18:51:54,4700.0,bbps
PY0000399,AC000428,2026-04-18 08:11:31,35700.0,upi_app
PY0000400,AC000782,2026-04-18 10:00:35,8500.0,upi_link
PY0000401,AC000357,2026-04-18 22:47:23,79300.0,bbps
PY0000402,AC000030,2026-04-18 12:16:29,2700.0,neft
PY0000403,AC000090,2026-04-18 13:50:19,13650.0,branch_cash
PY0000404,AC000684,2026-04-18 11:53:32,4000.0,nach_represent
PY0000405,AC001951,2026-04-18 11:10:06,3600.0,upi_app
PY0000406,AC002127,2026-04-18 20:25:23,33600.0,nach_represent
PY0000407,AC002134,2026-04-18 09:21:18,17350.0,upi_app
PY0000408,AC002321,2026-04-19 15:23:38,2200.0,branch_cash
PY0000409,AC000827,2026-04-19 18:24:58,8200.0,upi_app
PY0000410,AC001670,2026-04-19 17:16:43,4100.0,bbps
PY0000411,AC001888,2026-04-19 22:36:08,3900.0,upi_link
PY0000412,AC000744,2026-04-19 15:21:36,6200.0,upi_link
PY0000413,AC000806,2026-04-19 16:43:39,2200.0,upi_link
PY0000414,AC001658,2026-04-19 19:56:57,9400.0,cash_field
PY0000415,AC001848,2026-04-19 10:31:21,2600.0,neft
PY0000416,AC001339,2026-04-19 15:01:41,1250.0,upi_link
PY0000417,AC001116,2026-04-19 13:55:56,2800.0,upi_link
PY0000418,AC001496,2026-04-19 11:25:00,4300.0,upi_link
PY0000419,AC002180,2026-04-19 20:13:06,45600.0,upi_link
PY0000420,AC000023,2026-04-19 08:50:26,8900.0,cash_field
PY0000421,AC001264,2026-04-19 20:23:14,5100.0,branch_cash
PY0000422,AC001246,2026-04-19 15:24:46,500.0,branch_cash
PY0000423,AC002169,2026-04-19 18:22:33,1600.0,nach_represent
PY0000424,AC002284,2026-04-19 18:38:27,39950.0,upi_link
PY0000425,AC000888,2026-04-19 12:28:02,5300.0,upi_link
PY0000426,AC000496,2026-04-19 15:57:43,10300.0,nach_represent
PY0000427,AC001028,2026-04-19 17:03:48,3900.0,branch_cash
PY0000428,AC001887,2026-04-19 13:27:36,1900.0,upi_app
PY0000429,AC000611,2026-04-20 12:14:49,8600.0,upi_link
PY0000430,AC001320,2026-04-20 13:02:15,15000.0,cash_field
PY0000431,AC000448,2026-04-20 14:15:42,3350.0,upi_link
PY0000432,AC000362,2026-04-20 14:28:02,7300.0,upi_link
PY0000433,AC001505,2026-04-20 19:49:52,3100.0,upi_link
PY0000434,AC002362,2026-04-20 11:39:51,5800.0,cash_field
PY0000435,AC001689,2026-04-20 16:21:47,4100.0,bbps
PY0000436,AC001415,2026-04-20 08:58:33,21650.0,upi_app
PY0000437,AC000870,2026-04-20 14:01:08,2700.0,upi_app
PY0000438,AC001453,2026-04-20 19:16:15,5700.0,neft
PY0000439,AC001627,2026-04-20 17:40:33,3700.0,bbps
PY0000440,AC000024,2026-04-21 16:16:35,6300.0,nach_represent
PY0000441,AC002247,2026-04-21 09:05:33,2050.0,branch_cash
PY0000442,AC000052,2026-04-21 17:08:45,3650.0,upi_link
PY0000443,AC000655,2026-04-21 15:31:24,6900.0,upi_app
PY0000444,AC000502,2026-04-21 18:54:47,1200.0,upi_app
PY0000445,AC000578,2026-04-21 13:32:00,4400.0,upi_link
PY0000446,AC001530,2026-04-21 09:12:15,600.0,upi_link
PY0000447,AC001494,2026-04-21 21:53:29,38600.0,cash_field
PY0000448,AC000537,2026-04-21 20:19:17,300.0,upi_app
PY0000449,AC001730,2026-04-21 16:17:32,1900.0,upi_link
PY0000450,AC000823,2026-04-21 14:28:29,4300.0,upi_app
PY0000451,AC001645,2026-04-21 14:56:55,1300.0,upi_link
PY0000452,AC000157,2026-04-21 13:55:16,27400.0,upi_app
PY0000453,AC000343,2026-04-21 17:43:20,2900.0,nach_represent
PY0000454,AC000353,2026-04-21 13:20:09,16850.0,nach_represent
PY0000455,AC000544,2026-04-21 09:50:33,22000.0,nach_represent
PY0000456,AC001045,2026-04-21 19:05:11,8100.0,upi_app
PY0000457,AC002270,2026-04-22 09:50:37,19200.0,nach_represent
PY0000458,AC000173,2026-04-22 16:00:39,35900.0,upi_link
PY0000459,AC000101,2026-04-22 13:09:55,10750.0,nach_represent
PY0000460,AC002370,2026-04-22 08:33:39,16700.0,bbps
PY0000461,AC001566,2026-04-22 21:51:15,7950.0,branch_cash
PY0000462,AC001367,2026-04-22 13:54:22,7700.0,nach_represent
PY0000463,AC001428,2026-04-22 22:12:28,194000.0,upi_link
PY0000464,AC001778,2026-04-22 21:38:42,2400.0,upi_link
PY0000465,AC001848,2026-04-22 22:51:12,1600.0,neft
PY0000466,AC001064,2026-04-22 22:37:52,2200.0,nach_represent
PY0000467,AC000811,2026-04-22 21:54:45,1500.0,upi_app
PY0000468,AC000961,2026-04-22 20:45:28,3300.0,nach_represent
PY0000469,AC001153,2026-04-22 11:27:56,3000.0,neft
PY0000470,AC001187,2026-04-22 10:56:33,2300.0,bbps
PY0000471,AC002022,2026-04-22 13:27:24,4550.0,bbps
PY0000472,AC001759,2026-04-23 12:52:14,1000.0,neft
PY0000473,AC000772,2026-04-23 16:55:34,1500.0,upi_link
PY0000474,AC001009,2026-04-23 09:38:33,14150.0,upi_link
PY0000475,AC000087,2026-04-23 17:31:53,22600.0,branch_cash
PY0000476,AC001075,2026-04-23 15:10:55,7100.0,upi_link
PY0000477,AC000104,2026-04-23 13:12:53,51750.0,cash_field
PY0000478,AC000290,2026-04-23 09:36:37,12750.0,upi_link
PY0000479,AC002291,2026-04-23 21:18:49,10900.0,bbps
PY0000480,AC001537,2026-04-23 19:19:18,4650.0,neft
PY0000481,AC001575,2026-04-23 08:26:35,2400.0,neft
PY0000482,AC001544,2026-04-23 16:00:36,13000.0,upi_app
PY0000483,AC001669,2026-04-23 11:55:24,3200.0,cash_field
PY0000484,AC001359,2026-04-23 18:51:54,4400.0,bbps
PY0000485,AC000451,2026-04-23 09:47:18,10500.0,cash_field
PY0000486,AC000322,2026-04-23 19:09:32,17800.0,neft
PY0000487,AC002153,2026-04-23 10:33:05,14100.0,nach_represent
PY0000488,AC001281,2026-04-23 15:19:47,2100.0,branch_cash
PY0000489,AC000952,2026-04-23 16:14:08,11200.0,upi_link
PY0000490,AC002272,2026-04-23 19:22:43,6300.0,cash_field
PY0000491,AC000400,2026-04-23 18:33:37,5000.0,upi_link
PY0000492,AC000665,2026-04-23 13:12:12,7600.0,upi_link
PY0000493,AC002104,2026-04-23 09:52:28,23900.0,upi_app
PY0000494,AC000124,2026-04-23 08:12:28,3300.0,neft
PY0000495,AC000303,2026-04-23 22:30:54,12400.0,upi_app
PY0000496,AC000429,2026-04-23 13:51:33,31350.0,nach_represent
PY0000497,AC001059,2026-04-23 12:39:33,400.0,branch_cash
PY0000498,AC001593,2026-04-23 16:06:47,21300.0,nach_represent
PY0000499,AC001857,2026-04-23 13:41:11,8700.0,nach_represent
PY0000500,AC001919,2026-04-23 21:23:40,18100.0,upi_app
PY0000501,AC002194,2026-04-23 19:03:09,3100.0,nach_represent
PY0000502,AC002363,2026-04-23 22:12:39,2600.0,bbps
PY0000503,AC000707,2026-04-24 18:17:02,260050.0,upi_link
PY0000504,AC000681,2026-04-24 20:52:56,3900.0,upi_app
PY0000505,AC001157,2026-04-24 22:03:26,3350.0,upi_link
PY0000506,AC000956,2026-04-24 16:49:05,20250.0,cash_field
PY0000507,AC002177,2026-04-24 11:42:51,2900.0,upi_link
PY0000508,AC000917,2026-04-24 21:35:19,2850.0,upi_app
PY0000509,AC000141,2026-04-24 09:25:00,2200.0,bbps
PY0000510,AC001824,2026-04-24 18:55:43,3700.0,upi_app
PY0000511,AC000950,2026-04-24 08:08:00,3100.0,upi_link
PY0000512,AC001469,2026-04-24 18:34:03,4000.0,upi_link
PY0000513,AC000931,2026-04-24 18:21:31,4300.0,nach_represent
PY0000514,AC001440,2026-04-24 14:26:20,15200.0,nach_represent
PY0000515,AC000608,2026-04-24 13:43:53,3400.0,cash_field
PY0000516,AC001678,2026-04-24 18:20:25,11550.0,upi_link
PY0000517,AC001068,2026-04-24 15:35:38,14200.0,cash_field
PY0000518,AC000525,2026-04-24 17:03:05,3500.0,upi_app
PY0000519,AC000539,2026-04-24 15:07:29,600.0,nach_represent
PY0000520,AC000635,2026-04-24 21:18:31,2450.0,nach_represent
PY0000521,AC000678,2026-04-24 17:44:22,14650.0,nach_represent
PY0000522,AC000939,2026-04-24 10:48:32,23700.0,nach_represent
PY0000523,AC001090,2026-04-24 13:17:23,15500.0,neft
PY0000524,AC001098,2026-04-24 14:24:40,1500.0,nach_represent
PY0000525,AC001201,2026-04-24 13:07:12,3800.0,neft
PY0000526,AC001240,2026-04-24 16:32:54,7350.0,nach_represent
PY0000527,AC001782,2026-04-24 11:30:49,24800.0,bbps
PY0000528,AC002197,2026-04-24 17:43:42,4400.0,branch_cash
PY0000529,AC002392,2026-04-24 10:03:43,7150.0,nach_represent
PY0000530,AC001665,2026-04-25 21:59:24,12100.0,upi_link
PY0000531,AC000925,2026-04-25 22:53:09,7300.0,nach_represent
PY0000532,AC000687,2026-04-25 12:07:58,18150.0,nach_represent
PY0000533,AC002242,2026-04-25 20:59:59,2100.0,nach_represent
PY0000534,AC001459,2026-04-25 09:14:29,21250.0,upi_link
PY0000535,AC000714,2026-04-25 10:47:37,63600.0,cash_field
PY0000536,AC000997,2026-04-25 14:25:55,400.0,upi_link
PY0000537,AC000667,2026-04-25 17:49:37,4700.0,upi_app
PY0000538,AC000807,2026-04-25 13:01:40,20700.0,upi_link
PY0000539,AC001050,2026-04-25 14:48:38,1700.0,upi_app
PY0000540,AC000854,2026-04-25 15:31:30,107400.0,branch_cash
PY0000541,AC002244,2026-04-25 20:41:57,1100.0,neft
PY0000542,AC000531,2026-04-25 10:39:20,27800.0,nach_represent
PY0000543,AC000607,2026-04-25 22:26:47,2600.0,upi_link
PY0000544,AC002291,2026-04-25 18:29:37,7650.0,upi_link
PY0000545,AC001809,2026-04-25 12:48:44,7000.0,upi_app
PY0000546,AC000721,2026-04-25 18:02:32,24800.0,nach_represent
PY0000547,AC001067,2026-04-25 14:28:04,2300.0,upi_link
PY0000548,AC001633,2026-04-25 18:27:46,900.0,upi_link
PY0000549,AC001645,2026-04-25 22:58:27,1300.0,upi_link
PY0000550,AC001271,2026-04-25 18:19:29,5300.0,bbps
PY0000551,AC000097,2026-04-25 14:25:14,1200.0,nach_represent
PY0000552,AC000580,2026-04-25 22:34:12,2900.0,neft
PY0000553,AC001200,2026-04-25 10:35:28,1000.0,nach_represent
PY0000554,AC001265,2026-04-25 10:46:06,7600.0,bbps
PY0000555,AC001414,2026-04-25 22:16:48,1600.0,nach_represent
PY0000556,AC001422,2026-04-25 17:19:46,5400.0,bbps
PY0000557,AC001423,2026-04-25 20:23:35,13100.0,upi_app
PY0000558,AC001490,2026-04-25 21:27:00,15750.0,bbps
PY0000559,AC001818,2026-04-25 14:10:33,3550.0,upi_app
PY0000560,AC001904,2026-04-25 12:35:29,7400.0,upi_app
PY0000561,AC001006,2026-04-26 08:09:18,26700.0,nach_represent
PY0000562,AC002126,2026-04-26 19:57:36,1700.0,nach_represent
PY0000563,AC001510,2026-04-26 08:16:45,34000.0,upi_link
PY0000564,AC001049,2026-04-26 22:48:35,39500.0,upi_link
PY0000565,AC001156,2026-04-26 08:37:33,11950.0,neft
PY0000566,AC001681,2026-04-26 10:37:10,19200.0,upi_link
PY0000567,AC001414,2026-04-26 21:03:35,2900.0,upi_app
PY0000568,AC001478,2026-04-26 13:31:01,35500.0,upi_link
PY0000569,AC000960,2026-04-26 15:55:31,6600.0,nach_represent
PY0000570,AC000575,2026-04-26 15:10:02,1150.0,upi_link
PY0000571,AC001742,2026-04-26 15:49:06,11050.0,upi_link
PY0000572,AC000188,2026-04-26 21:52:43,12000.0,upi_link
PY0000573,AC000340,2026-04-26 16:01:00,4400.0,branch_cash
PY0000574,AC001804,2026-04-26 11:54:51,2750.0,upi_app
PY0000575,AC000491,2026-04-26 11:36:33,23700.0,upi_link
PY0000576,AC001188,2026-04-26 16:47:21,750.0,neft
PY0000577,AC001777,2026-04-26 20:20:09,16000.0,upi_link
PY0000578,AC002072,2026-04-26 19:38:14,4100.0,upi_app
PY0000579,AC000281,2026-04-26 18:59:17,42600.0,upi_link
PY0000580,AC000553,2026-04-26 14:16:28,1300.0,branch_cash
PY0000581,AC001519,2026-04-26 11:32:23,22000.0,nach_represent
PY0000582,AC001946,2026-04-26 20:21:13,4400.0,branch_cash
PY0000583,AC000549,2026-04-27 16:58:47,12900.0,upi_link
PY0000584,AC002045,2026-04-27 08:32:06,12050.0,neft
PY0000585,AC000811,2026-04-27 11:42:38,3150.0,upi_app
PY0000586,AC001718,2026-04-27 21:54:00,13000.0,branch_cash
PY0000587,AC001283,2026-04-27 15:01:37,9300.0,upi_link
PY0000588,AC001442,2026-04-27 12:37:01,3200.0,upi_link
PY0000589,AC000088,2026-04-27 12:34:27,16800.0,upi_app
PY0000590,AC000990,2026-04-27 09:11:22,10200.0,upi_link
PY0000591,AC000234,2026-04-27 19:30:20,4050.0,upi_link
PY0000592,AC001763,2026-04-27 15:29:48,75600.0,upi_link
PY0000593,AC001933,2026-04-27 08:13:26,1900.0,upi_link
PY0000594,AC000300,2026-04-27 10:52:29,3750.0,upi_app
PY0000595,AC002146,2026-04-27 14:31:00,7400.0,branch_cash
PY0000596,AC000159,2026-04-27 14:42:30,19400.0,neft
PY0000597,AC000251,2026-04-27 20:33:08,1200.0,cash_field
PY0000598,AC000162,2026-04-27 14:07:22,1400.0,neft
PY0000599,AC001365,2026-04-27 08:54:15,5300.0,neft
PY0000600,AC001707,2026-04-27 13:38:19,21750.0,cash_field
PY0000601,AC002221,2026-04-27 08:31:55,18400.0,cash_field
PY0000602,AC000727,2026-04-27 14:10:47,900.0,upi_link
PY0000603,AC000888,2026-04-27 14:20:11,7300.0,nach_represent
PY0000604,AC002215,2026-04-27 19:19:01,1500.0,upi_link
PY0000605,AC000047,2026-04-27 14:47:59,6200.0,upi_app
PY0000606,AC000454,2026-04-27 16:15:24,3500.0,upi_app
PY0000607,AC000694,2026-04-27 22:04:34,4400.0,upi_app
PY0000608,AC001061,2026-04-27 09:15:37,4700.0,nach_represent
PY0000609,AC001271,2026-04-27 16:55:39,3900.0,upi_app
PY0000610,AC001530,2026-04-27 11:51:25,700.0,branch_cash
PY0000611,AC002057,2026-04-27 19:55:15,5600.0,nach_represent
PY0000612,AC002338,2026-04-27 22:20:26,14000.0,nach_represent
PY0000613,AC002355,2026-04-27 16:34:12,39400.0,nach_represent
PY0000614,AC000991,2026-04-28 09:53:11,12100.0,upi_app
PY0000615,AC001923,2026-04-28 14:03:02,13400.0,nach_represent
PY0000616,AC000476,2026-04-28 21:31:22,3450.0,upi_link
PY0000617,AC000349,2026-04-28 13:15:02,3600.0,upi_link
PY0000618,AC001131,2026-04-28 16:42:31,19400.0,branch_cash
PY0000619,AC000334,2026-04-28 13:29:35,3450.0,upi_link
PY0000620,AC000601,2026-04-28 17:23:20,4650.0,cash_field
PY0000621,AC001543,2026-04-28 13:28:00,17900.0,upi_link
PY0000622,AC000036,2026-04-28 12:35:25,2500.0,branch_cash
PY0000623,AC001975,2026-04-28 20:54:19,37000.0,upi_link
PY0000624,AC000082,2026-04-28 12:00:58,27600.0,nach_represent
PY0000625,AC000699,2026-04-28 19:12:42,1400.0,nach_represent
PY0000626,AC000754,2026-04-28 08:43:52,900.0,upi_link
PY0000627,AC000198,2026-04-28 08:46:54,2400.0,nach_represent
PY0000628,AC002377,2026-04-28 12:56:35,4500.0,upi_link
PY0000629,AC002113,2026-04-28 08:38:09,20200.0,nach_represent
PY0000630,AC001452,2026-04-28 16:47:13,900.0,neft
PY0000631,AC002000,2026-04-28 15:59:49,4700.0,upi_link
PY0000632,AC001081,2026-04-28 19:36:12,11850.0,upi_link
PY0000633,AC002331,2026-04-28 17:00:04,25500.0,nach_represent
PY0000634,AC000717,2026-04-28 19:16:57,1600.0,nach_represent
PY0000635,AC001110,2026-04-28 21:52:26,39400.0,nach_represent
PY0000636,AC000495,2026-04-28 11:21:44,200.0,upi_app
PY0000637,AC001070,2026-04-28 08:15:01,10950.0,branch_cash
PY0000638,AC000776,2026-04-28 13:39:52,500.0,neft
PY0000639,AC002098,2026-04-28 22:04:02,18100.0,upi_link
PY0000640,AC002334,2026-04-28 21:39:53,5500.0,upi_link
PY0000641,AC002328,2026-04-28 14:01:39,14450.0,upi_link
PY0000642,AC000563,2026-04-28 13:47:25,1900.0,upi_app
PY0000643,AC001694,2026-04-28 16:51:27,3000.0,nach_represent
PY0000644,AC000143,2026-04-28 11:42:02,1800.0,upi_app
PY0000645,AC000175,2026-04-28 15:41:05,14900.0,bbps
PY0000646,AC000197,2026-04-28 16:32:28,10500.0,branch_cash
PY0000647,AC000259,2026-04-28 12:16:49,31650.0,nach_represent
PY0000648,AC000315,2026-04-28 19:00:17,2600.0,upi_app
PY0000649,AC000426,2026-04-28 13:35:23,2400.0,nach_represent
PY0000650,AC001302,2026-04-28 18:02:42,9150.0,nach_represent
PY0000651,AC001750,2026-04-28 15:19:27,3750.0,branch_cash
PY0000652,AC002219,2026-04-28 15:30:40,4800.0,bbps
PY0000653,AC001230,2026-04-29 20:35:30,800.0,upi_link
PY0000654,AC002241,2026-04-29 17:34:01,1400.0,upi_link
PY0000655,AC000914,2026-04-29 16:49:27,19400.0,bbps
PY0000656,AC001602,2026-04-29 13:19:09,5600.0,upi_link
PY0000657,AC001820,2026-04-29 12:56:28,2450.0,branch_cash
PY0000658,AC000574,2026-04-29 15:10:08,6500.0,nach_represent
PY0000659,AC000912,2026-04-29 20:31:44,5400.0,upi_app
PY0000660,AC000778,2026-04-29 22:36:52,10500.0,nach_represent
PY0000661,AC002200,2026-04-29 14:40:54,1700.0,upi_link
PY0000662,AC002066,2026-04-29 09:40:57,9450.0,branch_cash
PY0000663,AC000993,2026-04-29 20:02:48,3900.0,upi_link
PY0000664,AC000789,2026-04-29 08:30:54,51300.0,upi_link
PY0000665,AC002368,2026-04-29 22:52:23,2200.0,upi_link
PY0000666,AC000536,2026-04-29 14:30:01,1100.0,upi_app
PY0000667,AC000806,2026-04-29 12:12:38,1900.0,bbps
PY0000668,AC000493,2026-04-29 09:13:20,2500.0,neft
PY0000669,AC001879,2026-04-29 22:44:33,21600.0,upi_link
PY0000670,AC000518,2026-04-29 08:20:57,19000.0,upi_link
PY0000671,AC000618,2026-04-29 12:19:50,21150.0,nach_represent
PY0000672,AC001246,2026-04-29 15:40:58,200.0,upi_app
PY0000673,AC002121,2026-04-29 11:17:37,1800.0,upi_app
PY0000674,AC000263,2026-04-29 20:50:32,300.0,upi_app
PY0000675,AC001881,2026-04-29 22:05:51,22300.0,upi_app
PY0000676,AC000560,2026-04-29 21:30:19,13600.0,nach_represent
PY0000677,AC000738,2026-04-29 12:39:27,3100.0,upi_app
PY0000678,AC000213,2026-04-29 14:49:01,89550.0,upi_app
PY0000679,AC000744,2026-04-29 09:21:04,5200.0,upi_link
PY0000680,AC001127,2026-04-29 08:30:05,1300.0,upi_app
PY0000681,AC001187,2026-04-29 19:12:22,500.0,bbps
PY0000682,AC001467,2026-04-29 20:24:27,600.0,upi_link
PY0000683,AC000157,2026-04-29 16:57:27,7600.0,upi_link
PY0000684,AC000566,2026-04-29 17:54:46,1200.0,nach_represent
PY0000685,AC000783,2026-04-29 11:36:05,700.0,nach_represent
PY0000686,AC000881,2026-04-29 16:43:17,10700.0,branch_cash
PY0000687,AC001774,2026-04-29 11:54:56,10200.0,upi_app
PY0000688,AC001895,2026-04-29 16:31:08,1100.0,bbps
PY0000689,AC002379,2026-04-29 12:05:52,10800.0,upi_app
PY0000690,AC000651,2026-04-30 22:27:14,43900.0,upi_link
PY0000691,AC001946,2026-04-30 14:53:53,4700.0,upi_link
PY0000692,AC000049,2026-04-30 13:42:56,9600.0,upi_link
PY0000693,AC001967,2026-04-30 09:18:40,18000.0,upi_link
PY0000694,AC000437,2026-04-30 21:15:12,6700.0,upi_link
PY0000695,AC000547,2026-04-30 18:19:54,68400.0,bbps
PY0000696,AC000824,2026-04-30 21:02:35,6400.0,upi_link
PY0000697,AC001018,2026-04-30 18:41:07,2100.0,upi_app
PY0000698,AC000702,2026-04-30 19:15:19,17250.0,nach_represent
PY0000699,AC001074,2026-04-30 16:29:40,78600.0,upi_link
PY0000700,AC000590,2026-04-30 09:55:11,9300.0,upi_link
PY0000701,AC001760,2026-04-30 10:31:32,5600.0,upi_app
PY0000702,AC000045,2026-04-30 21:52:41,900.0,upi_link
PY0000703,AC000772,2026-04-30 09:45:54,600.0,nach_represent
PY0000704,AC001012,2026-04-30 19:59:29,81500.0,cash_field
PY0000705,AC000415,2026-04-30 15:42:32,2900.0,cash_field
PY0000706,AC002047,2026-04-30 13:29:07,9400.0,upi_link
PY0000707,AC000978,2026-04-30 21:17:52,7400.0,upi_link
PY0000708,AC000236,2026-04-30 14:06:25,1700.0,upi_link
PY0000709,AC001530,2026-04-30 11:10:51,300.0,branch_cash
PY0000710,AC002125,2026-04-30 16:58:03,700.0,bbps
PY0000711,AC000578,2026-04-30 18:02:22,2800.0,upi_link
PY0000712,AC001518,2026-04-30 08:08:16,36750.0,upi_link
PY0000713,AC002279,2026-04-30 16:51:55,4800.0,neft
PY0000714,AC000348,2026-04-30 17:40:45,3700.0,upi_app
PY0000715,AC000321,2026-04-30 11:04:20,5500.0,bbps
PY0000716,AC001295,2026-04-30 08:42:36,5400.0,nach_represent
PY0000717,AC001231,2026-04-30 17:43:49,2800.0,upi_link
PY0000718,AC000276,2026-04-30 22:38:12,1900.0,upi_app
PY0000719,AC001897,2026-04-30 16:03:26,1100.0,neft
PY0000720,AC001982,2026-04-30 17:30:20,13200.0,bbps
PY0000721,AC001984,2026-04-30 10:09:16,34400.0,nach_represent
PY0000722,AC000058,2026-05-01 12:10:46,19800.0,upi_app
PY0000723,AC001652,2026-05-01 21:27:30,52950.0,nach_represent
PY0000724,AC002301,2026-05-01 19:10:13,50000.0,cash_field
PY0000725,AC001945,2026-05-01 10:54:13,4700.0,upi_link
PY0000726,AC001497,2026-05-01 20:34:21,13750.0,upi_link
PY0000727,AC001582,2026-05-01 20:29:15,5800.0,cash_field
PY0000728,AC002263,2026-05-01 22:21:04,11200.0,upi_link
PY0000729,AC000705,2026-05-01 21:22:25,6300.0,upi_link
PY0000730,AC000042,2026-05-01 13:40:26,5300.0,upi_app
PY0000731,AC001904,2026-05-01 11:33:27,4900.0,neft
PY0000732,AC000706,2026-05-01 18:56:38,9000.0,upi_link
PY0000733,AC000634,2026-05-01 16:13:46,1200.0,upi_link
PY0000734,AC001402,2026-05-01 12:17:33,600.0,upi_app
PY0000735,AC001456,2026-05-01 15:10:45,6900.0,nach_represent
PY0000736,AC001441,2026-05-01 08:37:30,2100.0,branch_cash
PY0000737,AC000489,2026-05-01 11:13:55,20400.0,upi_app
PY0000738,AC002085,2026-05-01 14:39:42,6150.0,neft
PY0000739,AC002019,2026-05-01 11:14:37,3000.0,branch_cash
PY0000740,AC001865,2026-05-01 18:24:05,3200.0,upi_link
PY0000741,AC000825,2026-05-01 10:35:47,9150.0,upi_link
PY0000742,AC002046,2026-05-01 13:05:29,12200.0,branch_cash
PY0000743,AC000695,2026-05-01 14:59:28,2200.0,upi_link
PY0000744,AC000836,2026-05-01 10:43:50,36400.0,nach_represent
PY0000745,AC002298,2026-05-01 22:50:00,8000.0,upi_link
PY0000746,AC000425,2026-05-01 10:38:34,17000.0,upi_link
PY0000747,AC001296,2026-05-01 15:33:16,4400.0,nach_represent
PY0000748,AC001378,2026-05-01 14:56:43,1600.0,nach_represent
PY0000749,AC000136,2026-05-01 11:33:26,11600.0,upi_link
PY0000750,AC002305,2026-05-01 18:48:33,3800.0,nach_represent
PY0000751,AC001598,2026-05-01 19:25:04,2700.0,upi_app
PY0000752,AC001227,2026-05-01 20:26:11,12100.0,upi_link
PY0000753,AC002386,2026-05-01 12:42:13,67400.0,upi_link
PY0000754,AC001996,2026-05-01 15:10:52,7400.0,branch_cash
PY0000755,AC002128,2026-05-01 22:20:08,1000.0,upi_link
PY0000756,AC000115,2026-05-01 16:56:07,3200.0,branch_cash
PY0000757,AC000403,2026-05-01 20:30:47,1200.0,neft
PY0000758,AC000532,2026-05-01 16:10:34,58600.0,upi_app
PY0000759,AC000573,2026-05-01 17:08:22,4200.0,upi_app
PY0000760,AC000708,2026-05-01 15:04:19,1000.0,upi_app
PY0000761,AC000733,2026-05-01 16:13:05,5900.0,upi_app
PY0000762,AC001084,2026-05-01 09:59:57,3450.0,nach_represent
PY0000763,AC001235,2026-05-01 15:18:07,1600.0,nach_represent
PY0000764,AC001762,2026-05-01 22:28:55,12750.0,branch_cash
PY0000765,AC001773,2026-05-01 21:54:04,1850.0,branch_cash
PY0000766,AC001839,2026-05-01 14:33:43,7100.0,nach_represent
PY0000767,AC001880,2026-05-01 21:50:26,1000.0,upi_app
PY0000768,AC001028,2026-05-02 12:04:36,3100.0,upi_link
PY0000769,AC000172,2026-05-02 13:04:38,500.0,branch_cash
PY0000770,AC000903,2026-05-02 13:54:00,2500.0,upi_link
PY0000771,AC000973,2026-05-02 14:42:10,2500.0,upi_app
PY0000772,AC000035,2026-05-02 19:07:19,1700.0,upi_link
PY0000773,AC000379,2026-05-02 12:39:02,4700.0,neft
PY0000774,AC000734,2026-05-02 20:12:54,900.0,upi_link
PY0000775,AC001709,2026-05-02 09:08:02,1500.0,upi_link
PY0000776,AC001360,2026-05-02 09:18:11,44400.0,upi_link
PY0000777,AC001450,2026-05-02 15:23:43,1650.0,upi_app
PY0000778,AC002054,2026-05-02 12:33:33,800.0,nach_represent
PY0000779,AC000076,2026-05-02 16:18:37,51450.0,upi_link
PY0000780,AC000212,2026-05-02 09:15:40,74200.0,upi_link
PY0000781,AC002050,2026-05-02 13:03:35,1900.0,upi_link
PY0000782,AC000006,2026-05-02 08:08:49,4250.0,branch_cash
PY0000783,AC000408,2026-05-02 22:08:34,3600.0,upi_app
PY0000784,AC001568,2026-05-02 16:46:44,15400.0,neft
PY0000785,AC000541,2026-05-02 13:20:14,2500.0,upi_link
PY0000786,AC002190,2026-05-02 11:04:14,3300.0,upi_app
PY0000787,AC001349,2026-05-02 17:49:59,4900.0,neft
PY0000788,AC000161,2026-05-02 11:09:55,9000.0,cash_field
PY0000789,AC000222,2026-05-02 17:31:37,10550.0,nach_represent
PY0000790,AC001901,2026-05-02 14:52:58,4100.0,upi_link
PY0000791,AC000258,2026-05-02 09:23:17,3800.0,upi_app
PY0000792,AC000404,2026-05-02 17:00:05,2900.0,cash_field
PY0000793,AC001754,2026-05-02 09:37:06,54800.0,upi_link
PY0000794,AC001456,2026-05-02 13:59:29,5900.0,bbps
PY0000795,AC001091,2026-05-02 13:25:10,22050.0,branch_cash
PY0000796,AC001038,2026-05-02 15:50:14,8200.0,upi_link
PY0000797,AC001413,2026-05-02 19:41:38,800.0,upi_link
PY0000798,AC000094,2026-05-02 09:15:10,2800.0,upi_app
PY0000799,AC000238,2026-05-02 14:26:49,2700.0,upi_app
PY0000800,AC002119,2026-05-02 12:29:34,1700.0,nach_represent
PY0000801,AC000552,2026-05-03 17:17:12,18800.0,upi_link
PY0000802,AC000422,2026-05-03 21:02:20,7650.0,neft
PY0000803,AC002251,2026-05-03 09:41:45,7600.0,upi_link
PY0000804,AC001844,2026-05-03 12:11:44,34800.0,bbps
PY0000805,AC000859,2026-05-03 09:17:41,21000.0,upi_link
PY0000806,AC001858,2026-05-03 11:20:56,26400.0,upi_link
PY0000807,AC001789,2026-05-03 08:52:41,11100.0,upi_link
PY0000808,AC000283,2026-05-03 14:44:53,7600.0,upi_link
PY0000809,AC001939,2026-05-03 11:35:10,83700.0,upi_link
PY0000810,AC001729,2026-05-03 19:14:13,3200.0,upi_link
PY0000811,AC001276,2026-05-03 08:50:22,10900.0,upi_app
PY0000812,AC000194,2026-05-03 22:10:22,8600.0,nach_represent
PY0000813,AC001561,2026-05-03 13:54:42,4350.0,neft
PY0000814,AC001906,2026-05-03 17:50:05,8200.0,upi_link
PY0000815,AC000350,2026-05-03 15:48:57,2000.0,upi_link
PY0000816,AC000761,2026-05-03 11:19:35,38200.0,bbps
PY0000817,AC002009,2026-05-03 20:49:19,1600.0,upi_link
PY0000818,AC002111,2026-05-03 13:01:42,3200.0,nach_represent
PY0000819,AC001397,2026-05-03 09:34:14,900.0,upi_app
PY0000820,AC000031,2026-05-03 17:53:17,2650.0,branch_cash
PY0000821,AC001098,2026-05-03 19:46:41,700.0,upi_app
PY0000822,AC001508,2026-05-03 08:30:59,61100.0,nach_represent
PY0000823,AC001578,2026-05-03 12:25:12,1600.0,branch_cash
PY0000824,AC001794,2026-05-03 15:29:05,19100.0,upi_app
PY0000825,AC001975,2026-05-03 16:46:21,28550.0,upi_app
PY0000826,AC000071,2026-05-04 18:49:48,16100.0,upi_app
PY0000827,AC002007,2026-05-04 11:46:59,9500.0,upi_link
PY0000828,AC001189,2026-05-04 18:05:36,9600.0,upi_link
PY0000829,AC001121,2026-05-04 08:13:59,11400.0,bbps
PY0000830,AC000097,2026-05-04 16:23:47,1900.0,neft
PY0000831,AC000105,2026-05-04 22:25:48,9600.0,upi_app
PY0000832,AC000795,2026-05-04 19:58:52,7650.0,neft
PY0000833,AC000753,2026-05-04 13:37:25,9500.0,upi_link
PY0000834,AC000979,2026-05-04 08:21:23,34200.0,cash_field
PY0000835,AC001326,2026-05-04 08:12:46,400.0,upi_link
PY0000836,AC000521,2026-05-04 15:58:17,7300.0,nach_represent
PY0000837,AC001915,2026-05-04 13:53:37,10200.0,nach_represent
PY0000838,AC002249,2026-05-04 21:35:01,3200.0,upi_link
PY0000839,AC000647,2026-05-04 09:00:50,5500.0,upi_link
PY0000840,AC001547,2026-05-04 19:46:08,10450.0,branch_cash
PY0000841,AC000130,2026-05-04 15:41:27,94800.0,upi_link
PY0000842,AC000247,2026-05-04 16:11:22,900.0,upi_app
PY0000843,AC001633,2026-05-04 16:17:36,900.0,upi_link
PY0000844,AC002030,2026-05-04 20:22:08,3900.0,bbps
PY0000845,AC001974,2026-05-04 18:16:21,10200.0,neft
PY0000846,AC000239,2026-05-04 11:47:09,1400.0,upi_link
PY0000847,AC000524,2026-05-04 21:19:46,12100.0,neft
PY0000848,AC000868,2026-05-04 13:51:54,2100.0,upi_app
PY0000849,AC001935,2026-05-04 20:01:00,3200.0,nach_represent
PY0000850,AC001329,2026-05-04 08:16:54,14000.0,nach_represent
PY0000851,AC000993,2026-05-04 22:03:39,1500.0,upi_link
PY0000852,AC000043,2026-05-04 20:13:30,6600.0,nach_represent
PY0000853,AC002013,2026-05-04 13:30:31,1300.0,bbps
PY0000854,AC000026,2026-05-04 13:30:54,7250.0,nach_represent
PY0000855,AC000042,2026-05-04 21:45:48,2400.0,nach_represent
PY0000856,AC000970,2026-05-04 15:01:17,4700.0,bbps
PY0000857,AC001402,2026-05-04 11:00:40,3250.0,branch_cash
PY0000858,AC001617,2026-05-04 17:06:14,3800.0,upi_app
PY0000859,AC001954,2026-05-04 12:33:25,2700.0,bbps
PY0000860,AC002059,2026-05-04 20:49:40,600.0,nach_represent
PY0000861,AC001884,2026-05-05 11:18:55,2400.0,upi_link
PY0000862,AC001735,2026-05-05 09:14:16,4400.0,upi_link
PY0000863,AC000342,2026-05-05 10:55:15,9750.0,upi_link
PY0000864,AC000459,2026-05-05 18:50:19,2000.0,upi_link
PY0000865,AC000145,2026-05-05 11:31:50,1000.0,upi_link
PY0000866,AC001222,2026-05-05 15:55:26,9400.0,upi_link
PY0000867,AC001052,2026-05-05 18:20:13,23450.0,branch_cash
PY0000868,AC001779,2026-05-05 12:22:05,20400.0,upi_app
PY0000869,AC000946,2026-05-05 17:19:26,4700.0,neft
PY0000870,AC000986,2026-05-05 17:41:39,11950.0,upi_link
PY0000871,AC001535,2026-05-05 15:54:50,7600.0,upi_link
PY0000872,AC002155,2026-05-05 19:44:26,4050.0,neft
PY0000873,AC002117,2026-05-05 08:11:04,4700.0,upi_link
PY0000874,AC001854,2026-05-05 22:20:49,2500.0,upi_link
PY0000875,AC000845,2026-05-05 17:43:31,400.0,upi_link
PY0000876,AC001969,2026-05-05 09:27:25,77800.0,upi_link
PY0000877,AC000403,2026-05-05 15:17:36,500.0,bbps
PY0000878,AC001057,2026-05-05 11:54:33,4700.0,branch_cash
PY0000879,AC001099,2026-05-05 09:56:58,9000.0,branch_cash
PY0000880,AC000077,2026-05-05 11:44:27,13200.0,upi_app
PY0000881,AC000736,2026-05-05 19:05:44,8700.0,upi_app
PY0000882,AC001452,2026-05-05 14:36:45,1900.0,nach_represent
PY0000883,AC000883,2026-05-06 15:51:53,5700.0,upi_link
PY0000884,AC000719,2026-05-06 11:59:31,7400.0,nach_represent
PY0000885,AC001120,2026-05-06 21:13:05,7350.0,nach_represent
PY0000886,AC001470,2026-05-06 15:38:42,42200.0,cash_field
PY0000887,AC000129,2026-05-06 15:37:35,13900.0,upi_link
PY0000888,AC000126,2026-05-06 20:45:34,12100.0,bbps
PY0000889,AC001664,2026-05-06 16:44:15,3100.0,upi_link
PY0000890,AC001913,2026-05-06 15:09:22,5300.0,upi_app
PY0000891,AC001321,2026-05-06 09:04:08,8800.0,cash_field
PY0000892,AC000134,2026-05-06 14:29:51,2300.0,upi_app
PY0000893,AC001039,2026-05-06 21:29:44,8100.0,upi_link
PY0000894,AC001588,2026-05-06 16:21:08,3500.0,branch_cash
PY0000895,AC000761,2026-05-06 08:22:31,40800.0,neft
PY0000896,AC002210,2026-05-06 10:18:59,3100.0,upi_app
PY0000897,AC000030,2026-05-06 15:18:00,2900.0,upi_link
PY0000898,AC000894,2026-05-06 13:36:27,700.0,upi_link
PY0000899,AC002358,2026-05-06 11:05:52,4500.0,upi_link
PY0000900,AC001651,2026-05-06 08:37:38,26300.0,cash_field
PY0000901,AC001416,2026-05-06 14:13:02,7000.0,branch_cash
PY0000902,AC001328,2026-05-06 15:35:49,2500.0,upi_link
PY0000903,AC000829,2026-05-06 11:30:01,3700.0,upi_app
PY0000904,AC001457,2026-05-06 19:27:02,175600.0,nach_represent
PY0000905,AC001087,2026-05-06 16:50:50,24800.0,upi_link
PY0000906,AC001385,2026-05-06 15:24:45,21300.0,upi_link
PY0000907,AC000776,2026-05-06 18:59:30,1700.0,nach_represent
PY0000908,AC000912,2026-05-06 11:36:24,1600.0,upi_link
PY0000909,AC001440,2026-05-06 21:03:45,8700.0,branch_cash
PY0000910,AC001735,2026-05-06 22:04:27,3450.0,bbps
PY0000911,AC000537,2026-05-06 18:17:32,500.0,neft
PY0000912,AC000199,2026-05-06 13:40:16,12200.0,upi_link
PY0000913,AC002258,2026-05-06 14:40:56,8200.0,upi_link
PY0000914,AC000111,2026-05-06 11:12:11,2900.0,upi_app
PY0000915,AC000302,2026-05-06 22:46:34,3200.0,nach_represent
PY0000916,AC002159,2026-05-06 16:42:40,11300.0,upi_app
PY0000917,AC001719,2026-05-07 08:06:47,3100.0,upi_app
PY0000918,AC000417,2026-05-07 08:59:33,5400.0,upi_link
PY0000919,AC001311,2026-05-07 15:37:12,20100.0,neft
PY0000920,AC000278,2026-05-07 16:06:51,6550.0,bbps
PY0000921,AC001887,2026-05-07 20:14:28,1650.0,upi_app
PY0000922,AC001011,2026-05-07 11:26:02,2700.0,branch_cash
PY0000923,AC001751,2026-05-07 22:40:30,12000.0,upi_link
PY0000924,AC000249,2026-05-07 13:11:30,2300.0,upi_link
PY0000925,AC001362,2026-05-07 21:26:01,2100.0,nach_represent
PY0000926,AC002385,2026-05-07 09:48:31,3600.0,neft
PY0000927,AC000266,2026-05-07 22:14:58,1700.0,upi_link
PY0000928,AC000180,2026-05-07 09:21:35,8550.0,bbps
PY0000929,AC000728,2026-05-07 21:06:42,3700.0,upi_link
PY0000930,AC001436,2026-05-07 21:35:09,2800.0,branch_cash
PY0000931,AC001564,2026-05-07 19:50:18,1000.0,upi_link
PY0000932,AC002166,2026-05-07 21:36:04,4500.0,nach_represent
PY0000933,AC002169,2026-05-07 14:33:32,600.0,branch_cash
PY0000934,AC000125,2026-05-07 18:41:49,4000.0,upi_link
PY0000935,AC001698,2026-05-07 20:38:57,600.0,upi_link
PY0000936,AC000947,2026-05-07 16:55:50,2800.0,upi_link
PY0000937,AC001711,2026-05-07 22:24:58,22800.0,nach_represent
PY0000938,AC001294,2026-05-07 10:26:18,1200.0,upi_link
PY0000939,AC001345,2026-05-07 10:23:53,33500.0,bbps
PY0000940,AC001427,2026-05-07 11:27:55,1100.0,upi_link
PY0000941,AC000636,2026-05-07 10:02:29,4800.0,upi_link
PY0000942,AC000772,2026-05-07 12:39:41,50.0,upi_link
PY0000943,AC000948,2026-05-07 19:09:20,6600.0,nach_represent
PY0000944,AC000664,2026-05-07 22:03:01,3500.0,upi_link
PY0000945,AC001054,2026-05-07 11:23:49,1000.0,upi_link
PY0000946,AC000252,2026-05-07 13:12:02,2100.0,neft
PY0000947,AC000436,2026-05-07 21:06:49,26500.0,nach_represent
PY0000948,AC000585,2026-05-07 20:42:02,10200.0,nach_represent
PY0000949,AC001124,2026-05-07 16:41:05,5400.0,nach_represent
PY0000950,AC001584,2026-05-07 16:24:03,700.0,upi_app
PY0000951,AC001888,2026-05-07 14:06:16,6000.0,nach_represent
PY0000952,AC000920,2026-05-08 15:58:32,57200.0,upi_link
PY0000953,AC001255,2026-05-08 18:29:39,7600.0,nach_represent
PY0000954,AC002315,2026-05-08 21:18:14,21200.0,upi_link
PY0000955,AC000022,2026-05-08 08:52:34,11600.0,upi_app
PY0000956,AC002120,2026-05-08 15:50:49,2600.0,upi_link
PY0000957,AC001130,2026-05-08 18:42:05,31800.0,upi_app
PY0000958,AC000817,2026-05-08 20:45:51,1500.0,upi_link
PY0000959,AC001214,2026-05-08 12:34:05,400.0,upi_link
PY0000960,AC001040,2026-05-08 11:31:55,79500.0,neft
PY0000961,AC001795,2026-05-08 21:14:11,2300.0,upi_link
PY0000962,AC000008,2026-05-08 09:02:17,11700.0,upi_app
PY0000963,AC001840,2026-05-08 22:31:37,400.0,upi_link
PY0000964,AC001889,2026-05-08 20:08:58,600.0,neft
PY0000965,AC000850,2026-05-08 21:12:15,4600.0,nach_represent
PY0000966,AC000329,2026-05-08 15:24:06,48150.0,upi_link
PY0000967,AC001869,2026-05-08 18:05:07,2500.0,upi_app
PY0000968,AC001002,2026-05-08 21:42:51,18800.0,upi_app
PY0000969,AC002282,2026-05-08 13:52:54,4700.0,upi_link
PY0000970,AC001998,2026-05-08 21:06:13,13800.0,upi_app
PY0000971,AC001247,2026-05-08 09:31:43,40400.0,upi_link
PY0000972,AC000019,2026-05-08 14:20:58,1850.0,upi_link
PY0000973,AC000976,2026-05-08 10:58:50,44500.0,upi_link
PY0000974,AC000272,2026-05-08 13:58:46,1100.0,upi_app
PY0000975,AC000187,2026-05-08 11:16:43,8200.0,upi_link
PY0000976,AC001008,2026-05-08 14:21:42,1300.0,upi_link
PY0000977,AC001432,2026-05-08 20:07:33,12900.0,upi_app
PY0000978,AC000735,2026-05-08 17:39:21,1100.0,neft
PY0000979,AC001934,2026-05-08 21:23:22,3900.0,branch_cash
PY0000980,AC002193,2026-05-08 20:45:59,2850.0,upi_app
PY0000981,AC000383,2026-05-08 20:09:57,3100.0,upi_link
PY0000982,AC000219,2026-05-08 13:00:08,9700.0,branch_cash
PY0000983,AC000431,2026-05-08 15:00:58,17500.0,branch_cash
PY0000984,AC001569,2026-05-08 13:27:59,2800.0,branch_cash
PY0000985,AC001825,2026-05-08 15:51:05,1200.0,upi_app
PY0000986,AC002391,2026-05-08 14:08:09,500.0,nach_represent
PY0000987,AC002400,2026-05-09 16:37:20,96300.0,bbps
PY0000988,AC001589,2026-05-09 17:26:00,5000.0,upi_link
PY0000989,AC002063,2026-05-09 13:00:17,700.0,upi_link
PY0000990,AC000620,2026-05-09 20:52:32,18500.0,cash_field
PY0000991,AC002141,2026-05-09 19:45:14,4600.0,nach_represent
PY0000992,AC001135,2026-05-09 11:16:39,1550.0,upi_link
PY0000993,AC000526,2026-05-09 15:44:41,27900.0,upi_link
PY0000994,AC001756,2026-05-09 16:09:58,1100.0,upi_link
PY0000995,AC001680,2026-05-09 08:40:18,27500.0,upi_link
PY0000996,AC000880,2026-05-09 13:37:42,25500.0,bbps
PY0000997,AC000530,2026-05-09 19:17:47,28650.0,branch_cash
PY0000998,AC001590,2026-05-09 22:34:42,14600.0,bbps
PY0000999,AC001455,2026-05-09 22:59:46,30500.0,upi_app
PY0001000,AC002316,2026-05-09 16:33:27,27600.0,upi_app
PY0001001,AC001154,2026-05-09 10:00:43,1050.0,upi_link
PY0001002,AC001056,2026-05-09 14:58:15,18300.0,cash_field
PY0001003,AC002330,2026-05-09 22:53:57,9000.0,cash_field
PY0001004,AC001170,2026-05-09 18:18:47,4500.0,branch_cash
PY0001005,AC001246,2026-05-09 12:35:50,550.0,upi_app
PY0001006,AC002378,2026-05-09 20:25:51,1500.0,upi_link
PY0001007,AC001970,2026-05-09 20:09:11,10100.0,bbps
PY0001008,AC000492,2026-05-09 09:02:59,18700.0,nach_represent
PY0001009,AC001852,2026-05-09 18:44:20,2200.0,upi_link
PY0001010,AC001281,2026-05-09 08:11:12,1000.0,upi_link
PY0001011,AC001684,2026-05-09 16:13:36,26300.0,nach_represent
PY0001012,AC001542,2026-05-09 22:34:11,5700.0,upi_app
PY0001013,AC001761,2026-05-09 21:30:26,4900.0,upi_link
PY0001014,AC002064,2026-05-09 20:28:39,7500.0,upi_link
PY0001015,AC001798,2026-05-09 10:12:34,1700.0,nach_represent
PY0001016,AC002202,2026-05-09 22:13:41,2300.0,upi_link
PY0001017,AC000846,2026-05-09 22:33:30,31800.0,upi_link
PY0001018,AC002201,2026-05-09 20:15:36,72300.0,upi_app
PY0001019,AC000247,2026-05-09 10:48:15,500.0,upi_link
PY0001020,AC001517,2026-05-09 17:12:17,2500.0,nach_represent
PY0001021,AC001889,2026-05-09 14:05:54,2300.0,upi_link
PY0001022,AC002380,2026-05-09 11:42:14,13000.0,upi_link
PY0001023,AC001803,2026-05-09 11:42:12,18000.0,upi_app
PY0001024,AC001379,2026-05-10 18:52:43,12500.0,upi_link
PY0001025,AC000131,2026-05-10 08:10:29,15700.0,neft
PY0001026,AC002296,2026-05-10 09:07:24,7900.0,branch_cash
PY0001027,AC000346,2026-05-10 21:57:28,42250.0,upi_link
PY0001028,AC001618,2026-05-10 21:07:52,1550.0,upi_link
PY0001029,AC000736,2026-05-10 12:51:17,7500.0,upi_link
PY0001030,AC001822,2026-05-10 12:53:00,78600.0,upi_link
PY0001031,AC000875,2026-05-10 16:09:26,11600.0,upi_link
PY0001032,AC000444,2026-05-10 09:57:09,8800.0,branch_cash
PY0001033,AC000589,2026-05-10 19:25:03,1400.0,upi_link
PY0001034,AC001540,2026-05-10 22:50:56,3750.0,upi_link
PY0001035,AC002044,2026-05-10 13:24:10,5400.0,upi_link
PY0001036,AC001788,2026-05-10 18:11:49,11400.0,upi_app
PY0001037,AC002023,2026-05-10 09:42:46,7800.0,upi_link
PY0001038,AC000141,2026-05-10 08:13:18,1200.0,upi_app
PY0001039,AC001496,2026-05-10 16:59:10,500.0,neft
PY0001040,AC001405,2026-05-10 20:34:59,4400.0,upi_link
PY0001041,AC000665,2026-05-10 17:10:26,6500.0,upi_app
PY0001042,AC002027,2026-05-10 09:26:57,9900.0,nach_represent
PY0001043,AC000647,2026-05-10 17:16:24,1000.0,upi_link
PY0001044,AC002125,2026-05-10 08:18:33,3000.0,bbps
PY0001045,AC000021,2026-05-10 22:03:23,2350.0,branch_cash
PY0001046,AC002161,2026-05-10 11:02:04,300.0,upi_app
PY0001047,AC002382,2026-05-10 14:28:13,9300.0,upi_link
PY0001048,AC000690,2026-05-10 15:28:15,1400.0,upi_link
PY0001049,AC000704,2026-05-10 11:41:11,9500.0,bbps
PY0001050,AC001166,2026-05-10 15:44:35,2050.0,bbps
PY0001051,AC001682,2026-05-10 11:45:50,3200.0,bbps
PY0001052,AC002267,2026-05-10 16:11:16,1600.0,nach_represent
PY0001053,AC000150,2026-05-11 16:33:10,19300.0,upi_link
PY0001054,AC000034,2026-05-11 22:34:24,30000.0,cash_field
PY0001055,AC000242,2026-05-11 12:24:06,1400.0,upi_app
PY0001056,AC000713,2026-05-11 20:03:23,7000.0,upi_app
PY0001057,AC002337,2026-05-11 18:27:18,11600.0,upi_link
PY0001058,AC000224,2026-05-11 11:58:49,12500.0,upi_link
PY0001059,AC002302,2026-05-11 18:50:12,6200.0,bbps
PY0001060,AC000396,2026-05-11 20:03:23,700.0,upi_link
PY0001061,AC000519,2026-05-11 17:25:09,9300.0,nach_represent
PY0001062,AC002007,2026-05-11 13:52:54,6600.0,nach_represent
PY0001063,AC002395,2026-05-11 19:26:05,1500.0,upi_link
PY0001064,AC000340,2026-05-11 20:32:52,12400.0,nach_represent
PY0001065,AC001352,2026-05-11 13:47:51,3450.0,upi_link
PY0001066,AC001525,2026-05-11 16:14:50,7400.0,upi_app
PY0001067,AC001548,2026-05-11 21:02:17,13500.0,branch_cash
PY0001068,AC000499,2026-05-11 12:53:57,17550.0,cash_field
PY0001069,AC001619,2026-05-11 17:27:09,5400.0,upi_app
PY0001070,AC001170,2026-05-11 11:00:59,1400.0,upi_link
PY0001071,AC001028,2026-05-11 18:23:00,2900.0,branch_cash
PY0001072,AC002003,2026-05-11 11:43:22,2450.0,branch_cash
PY0001073,AC002044,2026-05-11 16:36:27,8100.0,upi_app
PY0001074,AC002215,2026-05-11 20:51:41,1700.0,bbps
PY0001075,AC001256,2026-05-12 16:49:30,49800.0,upi_link
PY0001076,AC002218,2026-05-12 18:20:10,19800.0,upi_link
PY0001077,AC000399,2026-05-12 14:36:08,3550.0,upi_link
PY0001078,AC000100,2026-05-12 21:46:47,2800.0,neft
PY0001079,AC000691,2026-05-12 20:33:01,15100.0,nach_represent
PY0001080,AC000746,2026-05-12 14:22:32,3200.0,upi_link
PY0001081,AC001118,2026-05-12 14:24:44,29250.0,branch_cash
PY0001082,AC001853,2026-05-12 19:29:28,22400.0,upi_link
PY0001083,AC000899,2026-05-12 11:00:18,25350.0,upi_link
PY0001084,AC002138,2026-05-12 15:04:41,1400.0,upi_link
PY0001085,AC001036,2026-05-12 10:53:07,22300.0,upi_link
PY0001086,AC002324,2026-05-12 14:06:18,1900.0,nach_represent
PY0001087,AC001690,2026-05-12 13:17:05,2300.0,upi_link
PY0001088,AC002071,2026-05-12 16:06:24,3300.0,upi_app
PY0001089,AC002391,2026-05-12 16:17:57,350.0,nach_represent
PY0001090,AC001886,2026-05-13 21:29:37,4500.0,upi_link
PY0001091,AC000965,2026-05-13 13:20:18,800.0,branch_cash
PY0001092,AC001917,2026-05-13 20:34:27,8900.0,upi_app
PY0001093,AC001634,2026-05-13 21:53:42,9000.0,upi_link
PY0001094,AC001959,2026-05-13 08:07:08,1700.0,cash_field
PY0001095,AC000644,2026-05-13 17:40:54,400.0,upi_link
PY0001096,AC001194,2026-05-13 21:50:47,1100.0,upi_link
PY0001097,AC000690,2026-05-13 20:51:58,1400.0,upi_link
PY0001098,AC001253,2026-05-13 16:49:22,10800.0,nach_represent
PY0001099,AC001695,2026-05-13 22:00:50,2800.0,branch_cash
PY0001100,AC002313,2026-05-13 10:02:27,45400.0,upi_link
PY0001101,AC000473,2026-05-13 18:21:47,72300.0,upi_link
PY0001102,AC000866,2026-05-13 14:24:38,4800.0,upi_link
PY0001103,AC002268,2026-05-13 12:54:27,2300.0,upi_app
PY0001104,AC000032,2026-05-13 21:17:54,17000.0,nach_represent
PY0001105,AC000223,2026-05-13 12:38:49,4400.0,nach_represent
PY0001106,AC001131,2026-05-13 19:38:41,14850.0,upi_app
PY0001107,AC001287,2026-05-13 15:00:46,1800.0,branch_cash
PY0001108,AC001817,2026-05-13 08:23:03,2850.0,nach_represent
PY0001109,AC001648,2026-05-14 15:37:05,14800.0,nach_represent
PY0001110,AC000293,2026-05-14 10:52:41,4500.0,neft
PY0001111,AC000393,2026-05-14 22:04:21,3200.0,nach_represent
PY0001112,AC000648,2026-05-14 15:23:20,5300.0,upi_link
PY0001113,AC001730,2026-05-14 22:47:33,950.0,upi_app
PY0001114,AC001089,2026-05-14 08:39:15,900.0,upi_app
PY0001115,AC000498,2026-05-14 22:24:40,2800.0,upi_link
PY0001116,AC000065,2026-05-14 13:26:19,6000.0,nach_represent
PY0001117,AC002384,2026-05-14 14:07:29,15450.0,branch_cash
PY0001118,AC001501,2026-05-14 11:18:15,2000.0,upi_link
PY0001119,AC002242,2026-05-14 19:32:06,400.0,upi_link
PY0001120,AC000427,2026-05-14 16:49:33,2000.0,upi_link
PY0001121,AC000056,2026-05-14 20:35:57,23200.0,nach_represent
PY0001122,AC001960,2026-05-14 11:01:57,3300.0,neft
PY0001123,AC001247,2026-05-14 20:38:17,35500.0,neft
PY0001124,AC001686,2026-05-14 14:44:31,800.0,cash_field
PY0001125,AC001986,2026-05-14 09:40:52,300.0,upi_link
PY0001126,AC000593,2026-05-14 12:10:53,1300.0,neft
PY0001127,AC001630,2026-05-14 11:21:51,5200.0,upi_app
PY0001128,AC002268,2026-05-14 14:54:28,600.0,upi_app
PY0001129,AC001101,2026-05-15 22:37:31,900.0,branch_cash
PY0001130,AC002058,2026-05-15 18:39:13,1100.0,upi_app
PY0001131,AC000566,2026-05-15 09:23:49,200.0,upi_link
PY0001132,AC002207,2026-05-15 19:32:18,101800.0,upi_app
PY0001133,AC001230,2026-05-15 14:26:09,2300.0,branch_cash
PY0001134,AC001663,2026-05-15 20:03:38,3500.0,nach_represent
PY0001135,AC001692,2026-05-15 17:45:41,2600.0,nach_represent
PY0001136,AC001048,2026-05-15 14:31:54,5800.0,upi_app
PY0001137,AC000723,2026-05-15 12:11:32,3250.0,upi_link
PY0001138,AC000011,2026-05-15 14:28:42,500.0,upi_link
PY0001139,AC000366,2026-05-15 08:55:47,4900.0,upi_app
PY0001140,AC000997,2026-05-15 16:18:12,1200.0,bbps
PY0001141,AC000055,2026-05-15 18:06:39,7000.0,cash_field
PY0001142,AC000046,2026-05-15 16:43:43,200.0,nach_represent
PY0001143,AC002387,2026-05-15 14:50:13,11200.0,cash_field
PY0001144,AC002267,2026-05-15 19:54:30,900.0,upi_link
PY0001145,AC000403,2026-05-15 17:34:52,250.0,bbps
PY0001146,AC001747,2026-05-15 19:53:22,6500.0,upi_app
PY0001147,AC001224,2026-05-15 13:43:27,11500.0,upi_link
PY0001148,AC000248,2026-05-15 19:20:17,12100.0,branch_cash
PY0001149,AC000380,2026-05-15 20:14:17,6800.0,upi_app
PY0001150,AC000995,2026-05-15 15:37:57,8200.0,nach_represent
PY0001151,AC001406,2026-05-15 19:36:12,142000.0,branch_cash
PY0001152,AC001511,2026-05-15 15:04:53,3250.0,nach_represent
PY0001153,AC002212,2026-05-15 09:58:22,16900.0,upi_app
PY0001154,AC000080,2026-05-16 22:42:24,2200.0,upi_link
PY0001155,AC000488,2026-05-16 12:22:05,17350.0,upi_link
PY0001156,AC000243,2026-05-16 20:58:50,4050.0,upi_link
PY0001157,AC002223,2026-05-16 10:21:04,5200.0,upi_link
PY0001158,AC001279,2026-05-16 13:32:55,5100.0,bbps
PY0001159,AC001391,2026-05-16 09:47:21,19100.0,upi_app
PY0001160,AC002083,2026-05-16 16:01:51,41400.0,upi_link
PY0001161,AC000894,2026-05-16 15:54:39,1000.0,upi_link
PY0001162,AC002244,2026-05-16 11:45:45,700.0,upi_link
PY0001163,AC001830,2026-05-16 10:07:33,31300.0,cash_field
PY0001164,AC001179,2026-05-16 08:24:13,5300.0,branch_cash
PY0001165,AC001213,2026-05-16 20:05:26,1200.0,nach_represent
PY0001166,AC000898,2026-05-16 11:54:13,8200.0,upi_link
PY0001167,AC001216,2026-05-16 13:43:03,40500.0,cash_field
PY0001168,AC001729,2026-05-16 19:07:58,2700.0,nach_represent
PY0001169,AC000856,2026-05-16 13:45:23,2500.0,nach_represent
PY0001170,AC000647,2026-05-16 12:50:20,1600.0,upi_app
PY0001171,AC001200,2026-05-16 11:44:38,2000.0,upi_link
PY0001172,AC002334,2026-05-16 16:33:10,4900.0,neft
PY0001173,AC001264,2026-05-16 20:43:14,5100.0,cash_field
PY0001174,AC001062,2026-05-16 17:01:35,6150.0,upi_app
PY0001175,AC002082,2026-05-16 13:43:10,31500.0,nach_represent
PY0001176,AC000203,2026-05-16 15:11:29,12800.0,upi_app
PY0001177,AC000619,2026-05-16 18:42:22,4600.0,nach_represent
PY0001178,AC000908,2026-05-16 17:10:18,1800.0,nach_represent
PY0001179,AC001594,2026-05-16 10:17:52,3950.0,upi_app
PY0001180,AC000866,2026-05-17 10:37:39,4350.0,branch_cash
PY0001181,AC000930,2026-05-17 09:32:13,600.0,upi_link
PY0001182,AC000561,2026-05-17 16:04:41,7600.0,upi_link
PY0001183,AC000683,2026-05-17 13:03:58,9300.0,upi_link
PY0001184,AC000872,2026-05-17 21:28:38,40950.0,bbps
PY0001185,AC001242,2026-05-17 17:17:00,1100.0,upi_link
PY0001186,AC002317,2026-05-17 15:32:47,3000.0,nach_represent
PY0001187,AC001260,2026-05-17 22:59:48,33600.0,cash_field
PY0001188,AC001119,2026-05-17 22:37:02,2200.0,upi_link
PY0001189,AC002011,2026-05-17 12:22:17,86500.0,upi_link
PY0001190,AC000171,2026-05-17 12:02:40,10200.0,upi_link
PY0001191,AC001234,2026-05-17 22:07:39,12750.0,upi_link
PY0001192,AC000542,2026-05-17 22:36:12,2700.0,nach_represent
PY0001193,AC000495,2026-05-17 12:00:24,150.0,upi_link
PY0001194,AC001397,2026-05-17 11:13:45,700.0,upi_link
PY0001195,AC000531,2026-05-17 09:35:52,100900.0,cash_field
PY0001196,AC001071,2026-05-17 14:56:43,14000.0,upi_link
PY0001197,AC001128,2026-05-17 16:43:44,21000.0,upi_link
PY0001198,AC001564,2026-05-17 20:22:26,1050.0,upi_link
PY0001199,AC001496,2026-05-17 14:18:47,3750.0,nach_represent
PY0001200,AC001600,2026-05-17 12:33:32,3500.0,upi_app
PY0001201,AC000287,2026-05-17 20:03:57,600.0,cash_field
PY0001202,AC000580,2026-05-17 21:00:55,4500.0,upi_app
PY0001203,AC001168,2026-05-17 12:48:15,8300.0,branch_cash
PY0001204,AC001164,2026-05-18 12:51:58,39300.0,upi_link
PY0001205,AC002150,2026-05-18 21:36:58,3350.0,upi_link
PY0001206,AC000642,2026-05-18 12:35:30,7200.0,neft
PY0001207,AC000622,2026-05-18 08:04:14,6400.0,upi_link
PY0001208,AC001907,2026-05-18 14:38:18,76200.0,neft
PY0001209,AC000839,2026-05-18 16:19:29,4000.0,upi_link
PY0001210,AC001521,2026-05-18 09:59:31,1300.0,upi_link
PY0001211,AC000555,2026-05-18 19:08:36,3250.0,branch_cash
PY0001212,AC001263,2026-05-18 08:08:27,6200.0,upi_app
PY0001213,AC000502,2026-05-18 15:16:03,2300.0,bbps
PY0001214,AC002173,2026-05-18 16:42:13,1800.0,upi_link
PY0001215,AC001732,2026-05-18 18:17:42,2150.0,nach_represent
PY0001216,AC001891,2026-05-18 11:22:57,800.0,upi_app
PY0001217,AC001683,2026-05-18 10:18:14,3700.0,nach_represent
PY0001218,AC001673,2026-05-18 18:52:52,1150.0,upi_app
PY0001219,AC000010,2026-05-18 10:06:32,9150.0,neft
PY0001220,AC000404,2026-05-18 22:05:47,6250.0,nach_represent
PY0001221,AC000426,2026-05-18 14:21:59,4150.0,nach_represent
PY0001222,AC000619,2026-05-18 18:37:58,7300.0,bbps
PY0001223,AC000851,2026-05-18 10:30:09,500.0,upi_app
PY0001224,AC001929,2026-05-18 18:45:29,3550.0,branch_cash
PY0001225,AC001028,2026-05-19 19:08:50,2900.0,upi_link
PY0001226,AC000637,2026-05-19 09:07:24,4350.0,upi_link
PY0001227,AC001041,2026-05-19 19:46:40,63300.0,nach_represent
PY0001228,AC002283,2026-05-19 15:07:55,2700.0,upi_link
PY0001229,AC000236,2026-05-19 08:36:11,500.0,upi_link
PY0001230,AC000527,2026-05-19 14:11:17,15600.0,branch_cash
PY0001231,AC000910,2026-05-19 21:24:08,2200.0,upi_app
PY0001232,AC001563,2026-05-19 12:46:49,4000.0,upi_link
PY0001233,AC001806,2026-05-19 14:44:24,8800.0,upi_link
PY0001234,AC001714,2026-05-19 15:44:27,1400.0,upi_link
PY0001235,AC001859,2026-05-19 21:24:58,3700.0,nach_represent
PY0001236,AC000890,2026-05-19 11:54:01,11200.0,upi_link
PY0001237,AC001195,2026-05-19 16:46:04,1800.0,upi_link
PY0001238,AC001285,2026-05-19 15:03:12,4100.0,upi_app
PY0001239,AC000777,2026-05-19 21:33:43,5600.0,upi_app
PY0001240,AC001328,2026-05-19 21:02:59,2600.0,neft
PY0001241,AC001546,2026-05-19 14:03:02,4800.0,nach_represent
PY0001242,AC001962,2026-05-19 09:37:51,1800.0,upi_app
PY0001243,AC002145,2026-05-19 10:05:15,3700.0,branch_cash
PY0001244,AC002333,2026-05-19 15:11:08,700.0,nach_represent
PY0001245,AC000884,2026-05-20 16:39:10,4400.0,upi_link
PY0001246,AC002341,2026-05-20 14:59:04,3300.0,neft
PY0001247,AC001836,2026-05-20 15:11:21,700.0,nach_represent
PY0001248,AC000823,2026-05-20 10:16:59,4000.0,upi_link
PY0001249,AC001981,2026-05-20 20:38:51,7600.0,bbps
PY0001250,AC000175,2026-05-20 09:38:25,3850.0,neft
PY0001251,AC000680,2026-05-20 19:42:26,2150.0,upi_link
PY0001252,AC001885,2026-05-20 11:16:35,3400.0,upi_link
PY0001253,AC000627,2026-05-20 08:27:19,15400.0,upi_link
PY0001254,AC002175,2026-05-20 08:21:23,9000.0,neft
PY0001255,AC000605,2026-05-20 09:38:58,32000.0,cash_field
PY0001256,AC000463,2026-05-20 19:34:46,3100.0,upi_link
PY0001257,AC000765,2026-05-20 21:52:28,11200.0,nach_represent
PY0001258,AC000954,2026-05-20 17:02:46,3150.0,upi_link
PY0001259,AC002132,2026-05-20 12:20:15,2200.0,upi_link
PY0001260,AC000478,2026-05-20 16:57:51,9100.0,nach_represent
PY0001261,AC000537,2026-05-20 16:30:41,600.0,nach_represent
PY0001262,AC000698,2026-05-20 22:44:22,2200.0,nach_represent
PY0001263,AC001753,2026-05-20 21:59:12,24500.0,upi_app
PY0001264,AC002079,2026-05-20 19:50:43,700.0,branch_cash
PY0001265,AC001193,2026-05-20 20:40:08,20900.0,cash_field
PY0001266,AC001522,2026-05-20 16:46:58,1500.0,nach_represent
PY0001267,AC001359,2026-05-20 11:46:18,31000.0,upi_link
PY0001268,AC000025,2026-05-20 15:16:17,8900.0,nach_represent
PY0001269,AC000272,2026-05-20 18:19:24,1100.0,nach_represent
PY0001270,AC000693,2026-05-20 12:34:22,1000.0,nach_represent
PY0001271,AC001855,2026-05-20 08:06:08,3600.0,neft
PY0001272,AC002020,2026-05-21 09:36:01,39100.0,branch_cash
PY0001273,AC002349,2026-05-21 15:38:15,7900.0,upi_link
PY0001274,AC000865,2026-05-21 18:32:27,50700.0,upi_link
PY0001275,AC000711,2026-05-21 18:20:31,9600.0,upi_link
PY0001276,AC001096,2026-05-21 08:03:06,48300.0,upi_link
PY0001277,AC002281,2026-05-21 08:30:38,2650.0,upi_link
PY0001278,AC001514,2026-05-21 13:40:29,300.0,upi_link
PY0001279,AC000887,2026-05-21 14:00:13,5800.0,upi_link
PY0001280,AC001531,2026-05-21 14:30:42,45400.0,upi_app
PY0001281,AC002089,2026-05-21 20:59:22,9700.0,bbps
PY0001282,AC002186,2026-05-21 15:11:56,600.0,upi_app
PY0001283,AC001854,2026-05-21 13:31:07,1400.0,upi_link
PY0001284,AC002336,2026-05-21 19:51:57,9500.0,branch_cash
PY0001285,AC002314,2026-05-21 20:05:07,33000.0,upi_app
PY0001286,AC000198,2026-05-21 09:34:40,1900.0,nach_represent
PY0001287,AC001737,2026-05-21 10:28:28,2350.0,upi_link
PY0001288,AC000735,2026-05-21 22:13:07,600.0,nach_represent
PY0001289,AC000390,2026-05-21 12:37:20,5300.0,upi_link
PY0001290,AC000799,2026-05-21 08:51:23,1200.0,upi_app
PY0001291,AC001411,2026-05-21 12:47:14,5400.0,upi_app
PY0001292,AC001058,2026-05-21 18:27:38,2300.0,bbps
PY0001293,AC000250,2026-05-22 21:24:46,23600.0,upi_app
PY0001294,AC001980,2026-05-22 15:22:40,17250.0,upi_link
PY0001295,AC002235,2026-05-22 16:23:15,4350.0,branch_cash
PY0001296,AC000706,2026-05-22 08:40:25,10700.0,nach_represent
PY0001297,AC000615,2026-05-22 20:19:15,5100.0,upi_link
PY0001298,AC002383,2026-05-22 11:08:19,5700.0,upi_link
PY0001299,AC002207,2026-05-22 11:58:30,45200.0,cash_field
PY0001300,AC001387,2026-05-22 19:55:06,10500.0,cash_field
PY0001301,AC002031,2026-05-22 12:44:51,6600.0,cash_field
PY0001302,AC001772,2026-05-22 22:00:34,450.0,branch_cash
PY0001303,AC000665,2026-05-22 08:52:09,6300.0,upi_link
PY0001304,AC001292,2026-05-22 18:18:17,1600.0,upi_app
PY0001305,AC000218,2026-05-22 17:16:36,10500.0,upi_link
PY0001306,AC001911,2026-05-22 11:53:22,3600.0,nach_represent
PY0001307,AC001160,2026-05-22 19:17:26,2400.0,bbps
PY0001308,AC000421,2026-05-22 11:51:23,3900.0,bbps
PY0001309,AC000136,2026-05-22 17:38:42,26250.0,neft
PY0001310,AC000785,2026-05-22 10:48:01,5250.0,branch_cash
PY0001311,AC001167,2026-05-22 16:28:49,79500.0,nach_represent
PY0001312,AC001591,2026-05-22 10:00:39,10700.0,branch_cash
PY0001313,AC001060,2026-05-23 13:38:46,113300.0,branch_cash
PY0001314,AC001874,2026-05-23 15:02:16,8150.0,upi_app
PY0001315,AC002068,2026-05-23 15:42:04,3800.0,upi_link
PY0001316,AC001357,2026-05-23 17:46:58,13300.0,upi_app
PY0001317,AC000767,2026-05-23 10:18:06,13450.0,branch_cash
PY0001318,AC000153,2026-05-23 11:51:29,3950.0,branch_cash
PY0001319,AC000503,2026-05-23 13:23:50,22500.0,upi_link
PY0001320,AC002241,2026-05-23 15:20:36,2900.0,upi_link
PY0001321,AC002346,2026-05-23 11:35:25,900.0,branch_cash
PY0001322,AC000455,2026-05-24 20:42:22,10100.0,upi_link
PY0001323,AC000770,2026-05-24 17:52:43,11750.0,upi_app
PY0001324,AC001503,2026-05-24 13:57:35,11700.0,upi_link
PY0001325,AC001562,2026-05-24 13:00:59,17550.0,nach_represent
PY0001326,AC000083,2026-05-24 18:55:57,1700.0,upi_app
PY0001327,AC000709,2026-05-24 09:08:37,9500.0,upi_link
PY0001328,AC000242,2026-05-24 16:06:34,2500.0,bbps
PY0001329,AC001578,2026-05-24 17:29:17,300.0,nach_represent
PY0001330,AC001988,2026-05-24 22:06:54,199750.0,upi_app
PY0001331,AC001793,2026-05-24 12:35:08,14100.0,upi_link
PY0001332,AC000139,2026-05-24 18:58:05,1900.0,cash_field
PY0001333,AC000932,2026-05-24 22:28:24,3700.0,upi_link
PY0001334,AC001288,2026-05-24 15:38:23,31900.0,upi_app
PY0001335,AC001404,2026-05-24 17:34:20,2700.0,upi_link
PY0001336,AC000792,2026-05-24 08:33:38,1000.0,nach_represent
PY0001337,AC000411,2026-05-24 17:54:41,200.0,upi_link
PY0001338,AC000432,2026-05-24 18:54:01,10800.0,upi_app
PY0001339,AC001282,2026-05-24 14:07:20,4200.0,nach_represent
PY0001340,AC000386,2026-05-24 21:39:14,4700.0,nach_represent
PY0001341,AC000725,2026-05-24 13:27:17,2550.0,nach_represent
PY0001342,AC001872,2026-05-24 20:41:41,4500.0,nach_represent
PY0001343,AC001393,2026-05-25 19:19:14,33750.0,upi_link
PY0001344,AC000545,2026-05-25 10:39:20,5100.0,neft
PY0001345,AC000483,2026-05-25 09:11:19,3250.0,nach_represent
PY0001346,AC000862,2026-05-25 08:54:11,5800.0,nach_represent
PY0001347,AC001336,2026-05-25 16:40:46,93750.0,branch_cash
PY0001348,AC000215,2026-05-25 21:34:07,17150.0,branch_cash
PY0001349,AC001553,2026-05-25 14:13:36,61000.0,nach_represent
PY0001350,AC001978,2026-05-25 08:45:44,200.0,upi_link
PY0001351,AC000551,2026-05-25 18:26:30,34000.0,cash_field
PY0001352,AC000370,2026-05-25 16:39:29,16850.0,nach_represent
PY0001353,AC000263,2026-05-25 10:57:31,350.0,upi_app
PY0001354,AC000991,2026-05-25 20:39:21,8200.0,branch_cash
PY0001355,AC000868,2026-05-25 08:31:57,10500.0,neft
PY0001356,AC001391,2026-05-25 14:53:18,16600.0,nach_represent
PY0001357,AC001776,2026-05-25 11:15:43,1200.0,upi_app
PY0001358,AC002337,2026-05-25 13:51:42,3200.0,upi_app
PY0001359,AC000657,2026-05-25 22:31:06,2700.0,upi_app
PY0001360,AC000237,2026-05-25 11:10:54,3800.0,nach_represent
PY0001361,AC000420,2026-05-25 19:51:02,41500.0,branch_cash
PY0001362,AC000596,2026-05-25 17:56:42,7400.0,branch_cash
PY0001363,AC002198,2026-05-25 08:35:33,1500.0,bbps
PY0001364,AC001346,2026-05-26 12:34:43,10000.0,upi_link
PY0001365,AC001254,2026-05-26 12:15:11,11000.0,bbps
PY0001366,AC001749,2026-05-26 19:53:48,14200.0,branch_cash
PY0001367,AC001159,2026-05-26 10:22:39,11050.0,neft
PY0001368,AC000524,2026-05-26 14:34:08,4100.0,upi_link
PY0001369,AC000379,2026-05-26 19:40:06,1300.0,nach_represent
PY0001370,AC000750,2026-05-26 15:31:13,1100.0,upi_app
PY0001371,AC001228,2026-05-26 18:25:45,1800.0,nach_represent
PY0001372,AC001462,2026-05-26 22:41:24,288000.0,upi_app
PY0001373,AC000235,2026-05-26 19:58:19,4700.0,upi_link
PY0001374,AC001570,2026-05-26 16:41:46,700.0,branch_cash
PY0001375,AC000863,2026-05-26 12:50:44,1550.0,upi_link
PY0001376,AC001686,2026-05-26 18:37:02,2400.0,upi_app
PY0001377,AC001854,2026-05-26 11:07:06,900.0,upi_link
PY0001378,AC000394,2026-05-26 14:46:57,9500.0,upi_link
PY0001379,AC000149,2026-05-26 08:06:34,1300.0,upi_app
PY0001380,AC001000,2026-05-26 11:07:29,19200.0,nach_represent
PY0001381,AC001687,2026-05-26 12:13:38,11450.0,nach_represent
PY0001382,AC001749,2026-05-26 17:00:55,20000.0,upi_app
PY0001383,AC000999,2026-05-27 14:01:39,88500.0,upi_link
PY0001384,AC001905,2026-05-27 17:28:49,4100.0,branch_cash
PY0001385,AC000592,2026-05-27 16:33:13,400.0,upi_link
PY0001386,AC001860,2026-05-27 20:17:52,9200.0,branch_cash
PY0001387,AC000018,2026-05-27 17:29:44,6500.0,upi_link
PY0001388,AC001262,2026-05-27 13:55:08,2500.0,branch_cash
PY0001389,AC001959,2026-05-27 22:04:44,1200.0,nach_represent
PY0001390,AC002206,2026-05-27 15:08:02,12800.0,upi_link
PY0001391,AC000410,2026-05-27 22:58:34,5900.0,cash_field
PY0001392,AC001138,2026-05-27 20:21:56,12500.0,bbps
PY0001393,AC002269,2026-05-27 10:54:12,1200.0,upi_link
PY0001394,AC002017,2026-05-27 18:39:32,31950.0,upi_link
PY0001395,AC002140,2026-05-27 09:06:24,900.0,upi_link
PY0001396,AC001325,2026-05-27 12:00:49,5700.0,upi_link
PY0001397,AC001486,2026-05-27 14:44:34,2850.0,upi_link
PY0001398,AC000485,2026-05-27 17:35:07,2300.0,nach_represent
PY0001399,AC000809,2026-05-27 16:14:44,4800.0,upi_app
PY0001400,AC001288,2026-05-27 17:38:25,48200.0,nach_represent
PY0001401,AC001313,2026-05-27 13:05:20,2550.0,upi_app
PY0001402,AC001544,2026-05-28 19:33:06,21050.0,upi_app
PY0001403,AC001896,2026-05-28 08:01:30,7600.0,upi_app
PY0001404,AC000853,2026-05-28 17:32:23,5900.0,upi_link
PY0001405,AC000631,2026-05-28 17:42:25,13050.0,upi_app
PY0001406,AC001315,2026-05-28 17:11:09,1450.0,upi_link
PY0001407,AC001551,2026-05-28 08:18:59,5600.0,nach_represent
PY0001408,AC001329,2026-05-28 19:50:57,14900.0,upi_app
PY0001409,AC001344,2026-05-28 10:19:45,23300.0,upi_link
PY0001410,AC001840,2026-05-28 13:09:20,500.0,neft
PY0001411,AC000157,2026-05-28 14:25:32,7100.0,upi_link
PY0001412,AC000892,2026-05-28 12:17:22,15500.0,upi_app
PY0001413,AC000500,2026-05-28 10:25:06,10200.0,upi_app
PY0001414,AC001591,2026-05-28 12:19:10,8050.0,upi_app
PY0001415,AC002149,2026-05-28 18:47:45,500.0,upi_link
PY0001416,AC000521,2026-05-28 14:29:19,1400.0,upi_link
PY0001417,AC000510,2026-05-28 16:47:26,800.0,upi_link
PY0001418,AC000964,2026-05-28 19:25:37,1600.0,upi_link
PY0001419,AC000771,2026-05-28 10:40:52,3900.0,upi_app
PY0001420,AC000801,2026-05-28 10:32:46,5500.0,upi_link
PY0001421,AC001519,2026-05-28 11:33:15,11100.0,neft
PY0001422,AC001767,2026-05-28 22:37:50,4700.0,upi_app
PY0001423,AC000379,2026-05-28 09:36:16,200.0,bbps
PY0001424,AC001077,2026-05-28 11:46:22,8600.0,upi_app
PY0001425,AC000255,2026-05-28 15:27:38,300.0,upi_app
PY0001426,AC000797,2026-05-28 15:45:53,2100.0,upi_link
PY0001427,AC000949,2026-05-28 14:32:25,8900.0,upi_link
PY0001428,AC000045,2026-05-28 16:34:26,2000.0,branch_cash
PY0001429,AC000685,2026-05-28 13:51:16,4500.0,neft
PY0001430,AC001991,2026-05-29 14:43:18,700.0,upi_app
PY0001431,AC001378,2026-05-29 10:21:16,1100.0,upi_link
PY0001432,AC001612,2026-05-29 21:40:53,2400.0,neft
PY0001433,AC000253,2026-05-29 08:57:00,18300.0,cash_field
PY0001434,AC001330,2026-05-29 20:53:53,13200.0,upi_link
PY0001435,AC000645,2026-05-29 20:33:05,9400.0,nach_represent
PY0001436,AC002055,2026-05-29 21:10:20,9200.0,upi_link
PY0001437,AC000046,2026-05-29 19:50:17,300.0,neft
PY0001438,AC001802,2026-05-29 20:50:10,1800.0,upi_link
PY0001439,AC001463,2026-05-29 17:29:00,1950.0,upi_link
PY0001440,AC001513,2026-05-29 19:10:06,7200.0,upi_app
PY0001441,AC000792,2026-05-29 17:48:33,3800.0,neft
PY0001442,AC000159,2026-05-29 08:05:31,11800.0,upi_link
PY0001443,AC001554,2026-05-29 15:03:25,7700.0,upi_link
PY0001444,AC000605,2026-05-29 09:41:01,60000.0,bbps
PY0001445,AC000355,2026-05-29 18:29:58,300.0,nach_represent
PY0001446,AC000085,2026-05-29 18:19:03,9400.0,bbps
PY0001447,AC000828,2026-05-29 14:49:10,700.0,nach_represent
PY0001448,AC000968,2026-05-29 14:17:26,3200.0,upi_app
PY0001449,AC001102,2026-05-29 10:00:04,5500.0,nach_represent
PY0001450,AC001107,2026-05-29 22:21:40,400.0,nach_represent
PY0001451,AC001986,2026-05-29 13:28:22,1850.0,upi_app
PY0001452,AC002258,2026-05-29 11:35:54,9450.0,upi_app
PY0001453,AC000591,2026-05-30 14:53:11,2500.0,upi_link
PY0001454,AC000546,2026-05-30 15:25:12,31800.0,upi_app
PY0001455,AC002015,2026-05-30 20:52:01,8900.0,upi_link
PY0001456,AC001760,2026-05-30 11:36:07,3650.0,neft
PY0001457,AC000313,2026-05-30 17:55:38,9650.0,upi_link
PY0001458,AC001267,2026-05-30 08:45:27,8300.0,upi_link
PY0001459,AC001731,2026-05-30 11:27:50,2350.0,upi_link
PY0001460,AC000054,2026-05-30 19:32:39,1100.0,upi_app
PY0001461,AC000928,2026-05-30 11:21:27,8100.0,upi_app
PY0001462,AC001242,2026-05-30 13:23:45,500.0,bbps
PY0001463,AC001266,2026-05-30 12:41:25,182600.0,upi_app
PY0001464,AC001683,2026-05-30 08:06:23,1550.0,bbps
PY0001465,AC000350,2026-05-30 10:02:39,1200.0,neft
PY0001466,AC002123,2026-05-30 13:29:45,6300.0,branch_cash
PY0001467,AC000095,2026-05-30 10:42:56,1100.0,upi_app
PY0001468,AC000529,2026-05-30 16:34:07,2800.0,upi_app
PY0001469,AC000435,2026-05-30 14:44:22,4300.0,cash_field
PY0001470,AC000147,2026-05-30 11:33:45,500.0,upi_link
PY0001471,AC001078,2026-05-30 22:58:36,2100.0,bbps
PY0001472,AC001604,2026-05-30 17:29:54,300.0,upi_link
PY0001473,AC001335,2026-05-30 13:43:08,1200.0,upi_link
PY0001474,AC001362,2026-05-30 18:29:02,1050.0,upi_link
PY0001475,AC000205,2026-05-30 20:27:14,17700.0,upi_link
PY0001476,AC000646,2026-05-30 13:07:49,1350.0,branch_cash
PY0001477,AC001198,2026-05-30 16:56:21,3700.0,upi_app
PY0001478,AC000924,2026-05-31 16:06:33,10100.0,neft
PY0001479,AC001879,2026-05-31 22:07:35,13800.0,nach_represent
PY0001480,AC002139,2026-05-31 11:21:48,35600.0,upi_link
PY0001481,AC000459,2026-05-31 17:14:20,3200.0,branch_cash
PY0001482,AC002396,2026-05-31 14:13:58,14850.0,cash_field
PY0001483,AC001709,2026-05-31 10:09:57,3600.0,branch_cash
PY0001484,AC000430,2026-05-31 18:42:33,11800.0,cash_field
PY0001485,AC001483,2026-05-31 13:32:01,2000.0,nach_represent
PY0001486,AC001458,2026-05-31 21:19:24,7000.0,upi_link
PY0001487,AC001631,2026-05-31 19:02:19,500.0,upi_link
PY0001488,AC000658,2026-05-31 22:52:57,5350.0,upi_link
PY0001489,AC001833,2026-05-31 15:38:05,1000.0,upi_app
PY0001490,AC000170,2026-05-31 19:31:35,7450.0,upi_link
PY0001491,AC002115,2026-05-31 21:30:13,2100.0,upi_app
PY0001492,AC000506,2026-05-31 21:25:58,16300.0,upi_app
PY0001493,AC000990,2026-05-31 08:09:33,11700.0,neft
PY0001494,AC001374,2026-05-31 08:58:21,24400.0,neft
PY0001495,AC000158,2026-05-31 09:17:55,57400.0,upi_app
PY0001496,AC000178,2026-05-31 14:09:30,37100.0,upi_app
PY0001497,AC001252,2026-05-31 18:12:20,2000.0,upi_link
PY0001498,AC002104,2026-05-31 08:35:04,17000.0,upi_link
PY0001499,AC000452,2026-05-31 11:39:30,1300.0,upi_link
PY0001500,AC000166,2026-05-31 15:12:38,3900.0,upi_link
PY0001501,AC001294,2026-05-31 09:28:14,1000.0,upi_link
PY0001502,AC000735,2026-05-31 18:33:51,600.0,upi_link
PY0001503,AC000851,2026-05-31 11:28:59,750.0,upi_link
PY0001504,AC000829,2026-05-31 19:07:43,2200.0,upi_app
PY0001505,AC001646,2026-05-31 16:08:50,8500.0,cash_field
PY0001506,AC001050,2026-05-31 22:07:48,4300.0,upi_app
PY0001507,AC002382,2026-05-31 11:55:26,1900.0,upi_app
PY0001508,AC001531,2026-05-31 11:18:19,27300.0,nach_represent
PY0001509,AC000144,2026-06-01 14:53:20,61200.0,neft
PY0001510,AC001877,2026-06-01 13:58:26,3650.0,upi_app
PY0001511,AC000963,2026-06-01 08:43:22,23200.0,neft
PY0001512,AC001377,2026-06-01 20:13:54,3100.0,upi_link
PY0001513,AC002290,2026-06-01 10:52:27,1800.0,upi_app
PY0001514,AC001146,2026-06-01 08:42:01,2400.0,cash_field
PY0001515,AC001186,2026-06-01 18:53:13,3650.0,upi_app
PY0001516,AC001610,2026-06-01 18:26:49,6500.0,upi_link
PY0001517,AC000929,2026-06-01 16:38:17,8550.0,cash_field
PY0001518,AC001403,2026-06-01 19:50:31,3900.0,upi_app
PY0001519,AC000587,2026-06-01 13:46:42,400.0,upi_link
PY0001520,AC000137,2026-06-01 15:23:29,38500.0,cash_field
PY0001521,AC000029,2026-06-01 22:49:27,7600.0,neft
PY0001522,AC000073,2026-06-01 08:54:15,800.0,upi_app
PY0001523,AC001218,2026-06-01 20:20:08,19750.0,upi_app
PY0001524,AC002067,2026-06-01 21:39:32,4950.0,upi_link
PY0001525,AC000964,2026-06-01 17:42:11,1450.0,upi_app
PY0001526,AC000915,2026-06-01 21:02:38,3600.0,upi_link
PY0001527,AC000304,2026-06-01 21:10:21,9600.0,nach_represent
PY0001528,AC000446,2026-06-01 21:05:38,3500.0,neft
PY0001529,AC001397,2026-06-01 16:56:40,1100.0,upi_link
PY0001530,AC001786,2026-06-01 17:57:22,2600.0,nach_represent
PY0001531,AC001821,2026-06-01 15:21:05,1700.0,upi_link
PY0001532,AC000391,2026-06-01 09:18:54,25300.0,upi_app
PY0001533,AC002330,2026-06-01 16:11:08,15100.0,upi_app
PY0001534,AC000247,2026-06-01 08:37:10,200.0,upi_app
PY0001535,AC002305,2026-06-01 15:54:22,900.0,neft
PY0001536,AC000397,2026-06-01 20:46:46,3500.0,nach_represent
PY0001537,AC002172,2026-06-02 19:35:02,18200.0,cash_field
PY0001538,AC002195,2026-06-02 15:45:29,1100.0,cash_field
PY0001539,AC002295,2026-06-02 09:08:52,12300.0,branch_cash
PY0001540,AC002280,2026-06-02 17:35:41,4300.0,upi_link
PY0001541,AC000306,2026-06-02 16:21:01,7300.0,neft
PY0001542,AC000626,2026-06-02 16:45:03,52800.0,branch_cash
PY0001543,AC001931,2026-06-02 16:57:17,4850.0,upi_app
PY0001544,AC000246,2026-06-02 09:30:23,27600.0,upi_app
PY0001545,AC001275,2026-06-02 15:06:30,4600.0,upi_app
PY0001546,AC000214,2026-06-02 12:02:04,3900.0,nach_represent
PY0001547,AC001960,2026-06-02 13:46:03,1300.0,upi_link
PY0001548,AC002312,2026-06-02 22:23:30,6000.0,nach_represent
PY0001549,AC000856,2026-06-02 19:33:32,2600.0,upi_link
PY0001550,AC001245,2026-06-02 19:45:12,10300.0,bbps
PY0001551,AC000038,2026-06-02 16:52:26,1600.0,upi_link
PY0001552,AC001766,2026-06-02 20:48:14,1000.0,upi_link
PY0001553,AC000743,2026-06-02 17:04:18,8200.0,upi_link
PY0001554,AC000332,2026-06-02 09:22:07,9200.0,upi_app
PY0001555,AC000456,2026-06-02 10:25:54,2700.0,bbps
PY0001556,AC000908,2026-06-02 14:05:51,1650.0,upi_link
PY0001557,AC002397,2026-06-02 08:06:09,1900.0,nach_represent
PY0001558,AC001948,2026-06-03 17:12:36,2400.0,cash_field
PY0001559,AC000558,2026-06-03 14:54:24,6800.0,nach_represent
PY0001560,AC000383,2026-06-03 22:43:27,4550.0,upi_app
PY0001561,AC000367,2026-06-03 20:10:27,12700.0,upi_link
PY0001562,AC000132,2026-06-03 15:09:59,3100.0,upi_link
PY0001563,AC000528,2026-06-03 10:20:06,2800.0,upi_link
PY0001564,AC000653,2026-06-03 17:33:49,9450.0,nach_represent
PY0001565,AC002298,2026-06-03 20:29:01,18600.0,bbps
PY0001566,AC002323,2026-06-03 13:12:55,2100.0,upi_link
PY0001567,AC001693,2026-06-03 08:06:53,2450.0,upi_app
PY0001568,AC002224,2026-06-03 14:21:19,438000.0,upi_link
PY0001569,AC001758,2026-06-03 14:08:41,800.0,upi_link
PY0001570,AC001865,2026-06-03 15:41:30,900.0,upi_app
PY0001571,AC000407,2026-06-03 15:17:59,1300.0,neft
PY0001572,AC001918,2026-06-03 12:39:46,6000.0,upi_link
PY0001573,AC000940,2026-06-03 13:25:55,9100.0,upi_link
PY0001574,AC002043,2026-06-03 17:23:29,6400.0,nach_represent
PY0001575,AC000113,2026-06-03 08:56:42,35600.0,cash_field
PY0001576,AC000949,2026-06-03 19:45:15,13850.0,upi_link
PY0001577,AC001866,2026-06-03 12:34:12,1200.0,upi_link
PY0001578,AC000269,2026-06-03 09:53:40,800.0,nach_represent
PY0001579,AC000814,2026-06-03 16:28:55,53800.0,neft
PY0001580,AC001671,2026-06-03 19:30:20,900.0,branch_cash
PY0001581,AC002200,2026-06-04 14:50:12,1650.0,nach_represent
PY0001582,AC001144,2026-06-04 19:51:19,33600.0,neft
PY0001583,AC002063,2026-06-04 10:28:01,700.0,upi_link
PY0001584,AC000910,2026-06-04 16:21:37,1750.0,upi_link
PY0001585,AC000931,2026-06-04 21:14:43,1200.0,upi_link
PY0001586,AC001492,2026-06-04 13:15:39,2000.0,upi_link
PY0001587,AC000441,2026-06-04 09:59:58,12700.0,branch_cash
PY0001588,AC002305,2026-06-04 21:45:51,1300.0,upi_link
PY0001589,AC000737,2026-06-04 18:22:36,38850.0,cash_field
PY0001590,AC000225,2026-06-04 09:31:54,29600.0,upi_link
PY0001591,AC002105,2026-06-04 08:49:49,8750.0,neft
PY0001592,AC000193,2026-06-04 18:52:06,1300.0,branch_cash
PY0001593,AC000320,2026-06-04 13:59:25,3800.0,upi_app
PY0001594,AC000333,2026-06-04 12:59:32,3700.0,upi_link
PY0001595,AC001598,2026-06-04 21:37:02,1900.0,upi_app
PY0001596,AC002110,2026-06-04 08:01:06,4500.0,upi_link
PY0001597,AC001383,2026-06-04 20:16:55,28700.0,upi_app
PY0001598,AC000549,2026-06-04 08:22:05,6200.0,upi_link
PY0001599,AC001065,2026-06-04 18:11:26,4100.0,upi_link
PY0001600,AC000461,2026-06-04 10:46:36,800.0,nach_represent
PY0001601,AC000394,2026-06-04 12:56:00,6650.0,upi_app
PY0001602,AC001791,2026-06-04 09:55:23,4350.0,upi_app
PY0001603,AC001854,2026-06-04 17:25:37,1100.0,upi_link
PY0001604,AC001031,2026-06-04 17:12:09,2200.0,branch_cash
PY0001605,AC001293,2026-06-04 21:01:04,1300.0,nach_represent
PY0001606,AC001493,2026-06-04 13:29:08,33000.0,neft
PY0001607,AC002167,2026-06-04 19:48:04,72000.0,upi_link
PY0001608,AC001199,2026-06-04 14:19:23,2000.0,upi_app
PY0001609,AC001690,2026-06-04 11:53:29,1150.0,nach_represent
PY0001610,AC002285,2026-06-04 21:24:36,2600.0,bbps
PY0001611,AC001968,2026-06-05 11:05:18,7100.0,upi_app
PY0001612,AC000884,2026-06-05 08:40:01,2100.0,upi_app
PY0001613,AC000297,2026-06-05 10:16:06,6400.0,upi_link
PY0001614,AC000768,2026-06-05 20:44:52,1100.0,upi_link
PY0001615,AC001054,2026-06-05 20:20:40,500.0,upi_app
PY0001616,AC002226,2026-06-05 16:07:39,1300.0,branch_cash
PY0001617,AC002283,2026-06-05 16:31:00,400.0,upi_link
PY0001618,AC000388,2026-06-05 22:51:38,12250.0,upi_link
PY0001619,AC001079,2026-06-05 15:36:53,11800.0,upi_link
PY0001620,AC001119,2026-06-05 20:10:15,2250.0,branch_cash
PY0001621,AC002013,2026-06-05 21:06:29,500.0,branch_cash
PY0001622,AC001621,2026-06-05 14:54:27,1900.0,upi_app
PY0001623,AC000072,2026-06-05 09:16:10,700.0,upi_link
PY0001624,AC001587,2026-06-05 15:27:21,11700.0,cash_field
PY0001625,AC000366,2026-06-05 19:19:44,1400.0,branch_cash
PY0001626,AC000267,2026-06-05 22:02:37,7800.0,branch_cash
PY0001627,AC001981,2026-06-05 20:39:38,11400.0,upi_link
PY0001628,AC000845,2026-06-05 09:26:38,200.0,upi_link
PY0001629,AC001506,2026-06-05 17:45:20,7400.0,upi_app
PY0001630,AC000599,2026-06-05 12:56:31,5300.0,upi_link
PY0001631,AC001396,2026-06-05 19:41:15,2700.0,upi_link
PY0001632,AC002338,2026-06-05 10:18:30,31650.0,upi_link
PY0001633,AC000377,2026-06-05 11:01:40,26400.0,upi_app
PY0001634,AC000343,2026-06-05 12:43:10,500.0,upi_link
PY0001635,AC001446,2026-06-05 11:43:51,7500.0,nach_represent
PY0001636,AC002118,2026-06-05 09:47:56,28000.0,branch_cash
PY0001637,AC000043,2026-06-06 16:23:27,400.0,nach_represent
PY0001638,AC002242,2026-06-06 16:14:54,1400.0,upi_link
PY0001639,AC001248,2026-06-06 18:05:38,29100.0,neft
PY0001640,AC000896,2026-06-06 15:32:17,3900.0,upi_app
PY0001641,AC002395,2026-06-06 22:12:16,600.0,nach_represent
PY0001642,AC001375,2026-06-06 16:30:00,4500.0,upi_app
PY0001643,AC000128,2026-06-06 09:36:25,800.0,neft
PY0001644,AC002114,2026-06-06 22:51:10,13800.0,bbps
PY0001645,AC000023,2026-06-06 21:11:17,12900.0,upi_link
PY0001646,AC002183,2026-06-06 21:22:14,13800.0,nach_represent
PY0001647,AC000652,2026-06-06 18:31:02,51600.0,upi_link
PY0001648,AC001489,2026-06-06 10:56:47,20100.0,upi_link
PY0001649,AC001720,2026-06-06 11:29:35,12900.0,nach_represent
PY0001650,AC002226,2026-06-06 19:20:35,1050.0,nach_represent
PY0001651,AC000046,2026-06-06 11:02:42,450.0,upi_link
PY0001652,AC000994,2026-06-06 22:52:51,800.0,upi_app
PY0001653,AC001108,2026-06-06 09:38:39,2900.0,upi_app
PY0001654,AC001297,2026-06-06 19:32:52,2300.0,upi_link
PY0001655,AC001675,2026-06-06 10:16:00,6300.0,upi_link
PY0001656,AC001601,2026-06-06 20:26:59,4900.0,upi_app
PY0001657,AC001716,2026-06-06 08:06:03,1300.0,nach_represent
PY0001658,AC002176,2026-06-06 09:26:18,78000.0,upi_app
PY0001659,AC000405,2026-06-07 19:06:06,4650.0,upi_app
PY0001660,AC000536,2026-06-07 12:01:09,500.0,upi_link
PY0001661,AC000625,2026-06-07 17:49:58,24800.0,upi_link
PY0001662,AC001901,2026-06-07 08:25:59,600.0,upi_app
PY0001663,AC000776,2026-06-07 14:34:17,700.0,upi_app
PY0001664,AC000762,2026-06-07 13:13:09,8550.0,upi_app
PY0001665,AC001796,2026-06-07 12:23:14,29500.0,upi_app
PY0001666,AC002274,2026-06-07 12:19:55,1550.0,upi_app
PY0001667,AC000612,2026-06-07 13:49:52,1900.0,upi_link
PY0001668,AC000238,2026-06-07 14:04:19,900.0,upi_link
PY0001669,AC001318,2026-06-07 17:32:23,300.0,bbps
PY0001670,AC001701,2026-06-07 21:41:08,7950.0,upi_link
PY0001671,AC001114,2026-06-07 13:06:40,37700.0,upi_app
PY0001672,AC000285,2026-06-07 20:47:14,4200.0,upi_link
PY0001673,AC000068,2026-06-07 16:24:53,2700.0,upi_link
PY0001674,AC001008,2026-06-07 09:31:40,2900.0,nach_represent
PY0001675,AC001849,2026-06-08 14:23:44,12150.0,upi_link
PY0001676,AC000001,2026-06-08 20:59:03,50250.0,neft
PY0001677,AC000292,2026-06-08 12:48:24,60800.0,upi_link
PY0001678,AC000784,2026-06-08 16:56:45,8450.0,upi_link
PY0001679,AC001667,2026-06-08 18:25:55,14500.0,nach_represent
PY0001680,AC000020,2026-06-08 13:11:04,55400.0,cash_field
PY0001681,AC002376,2026-06-08 22:48:42,4150.0,branch_cash
PY0001682,AC002052,2026-06-08 21:05:23,1800.0,nach_represent
PY0001683,AC001799,2026-06-08 18:56:52,1700.0,cash_field
PY0001684,AC001969,2026-06-08 20:59:09,56100.0,nach_represent
PY0001685,AC001488,2026-06-08 20:57:20,1300.0,cash_field
PY0001686,AC002343,2026-06-08 21:01:17,6500.0,bbps
PY0001687,AC001677,2026-06-08 15:11:01,1600.0,upi_app
PY0001688,AC000345,2026-06-08 22:34:35,7900.0,bbps
PY0001689,AC001417,2026-06-08 16:40:03,4100.0,nach_represent
PY0001690,AC000256,2026-06-09 11:28:02,150200.0,cash_field
PY0001691,AC000909,2026-06-09 19:07:51,5800.0,neft
PY0001692,AC001969,2026-06-09 19:00:26,33600.0,upi_link
PY0001693,AC002156,2026-06-09 15:13:31,6700.0,bbps
PY0001694,AC000178,2026-06-09 22:15:12,15900.0,upi_link
PY0001695,AC000054,2026-06-09 17:40:52,500.0,upi_link
PY0001696,AC001596,2026-06-09 13:23:39,67500.0,bbps
PY0001697,AC001812,2026-06-09 14:01:57,5200.0,upi_link
PY0001698,AC002251,2026-06-09 15:14:02,1400.0,neft
PY0001699,AC001430,2026-06-09 14:40:39,4400.0,branch_cash
PY0001700,AC001527,2026-06-09 16:19:22,2200.0,nach_represent
PY0001701,AC001922,2026-06-09 10:48:35,500.0,upi_link
PY0001702,AC002074,2026-06-09 18:43:42,28200.0,upi_link
PY0001703,AC002269,2026-06-09 18:35:42,2500.0,upi_app
PY0001704,AC000192,2026-06-09 21:04:25,2250.0,nach_represent
PY0001705,AC000665,2026-06-09 16:05:02,9700.0,upi_link
PY0001706,AC001262,2026-06-09 15:45:51,800.0,nach_represent
PY0001707,AC000486,2026-06-09 18:04:41,13000.0,branch_cash
PY0001708,AC002131,2026-06-09 12:34:49,14000.0,upi_link
PY0001709,AC000517,2026-06-09 19:00:49,58400.0,cash_field
PY0001710,AC002279,2026-06-09 11:04:34,10400.0,neft
PY0001711,AC000919,2026-06-09 20:51:33,16200.0,upi_app
PY0001712,AC000224,2026-06-09 13:20:54,11200.0,upi_app
PY0001713,AC000953,2026-06-09 10:54:07,83600.0,upi_app
PY0001714,AC001032,2026-06-09 10:49:42,32400.0,branch_cash
PY0001715,AC001101,2026-06-09 10:45:15,850.0,upi_app
PY0001716,AC001419,2026-06-09 17:58:39,2300.0,upi_app
PY0001717,AC000314,2026-06-10 17:34:04,2800.0,upi_app
PY0001718,AC001108,2026-06-10 10:55:35,3200.0,neft
PY0001719,AC001643,2026-06-10 13:47:33,22600.0,upi_app
PY0001720,AC001427,2026-06-10 12:34:11,2400.0,branch_cash
PY0001721,AC001830,2026-06-10 21:28:19,128700.0,neft
PY0001722,AC001434,2026-06-10 12:06:54,2400.0,nach_represent
PY0001723,AC001650,2026-06-10 17:43:41,5600.0,neft
PY0001724,AC001057,2026-06-10 15:00:03,4100.0,nach_represent
PY0001725,AC001036,2026-06-10 18:59:16,80750.0,upi_app
PY0001726,AC000641,2026-06-10 15:54:24,12600.0,bbps
PY0001727,AC000748,2026-06-10 09:31:49,3700.0,nach_represent
PY0001728,AC001307,2026-06-10 18:51:09,9800.0,cash_field
PY0001729,AC000673,2026-06-10 18:15:09,9900.0,upi_link
PY0001730,AC001698,2026-06-10 10:06:33,650.0,upi_link
PY0001731,AC000140,2026-06-10 14:14:58,76400.0,upi_link
PY0001732,AC001244,2026-06-10 08:50:25,6500.0,upi_link
PY0001733,AC001973,2026-06-10 12:37:15,4500.0,upi_link
PY0001734,AC000202,2026-06-10 11:23:24,1900.0,bbps
PY0001735,AC000439,2026-06-10 21:01:17,2150.0,upi_link
PY0001736,AC000566,2026-06-10 18:08:37,150.0,branch_cash
PY0001737,AC002102,2026-06-10 17:24:03,7700.0,upi_link
PY0001738,AC001588,2026-06-10 16:48:04,800.0,upi_app
PY0001739,AC001770,2026-06-10 19:52:59,8500.0,upi_app
PY0001740,AC001948,2026-06-10 21:54:26,7250.0,upi_app
PY0001741,AC000790,2026-06-11 20:30:13,1400.0,upi_app
PY0001742,AC000582,2026-06-11 18:46:09,5800.0,upi_link
PY0001743,AC001825,2026-06-11 15:59:50,2600.0,upi_app
PY0001744,AC000852,2026-06-11 13:22:11,700.0,upi_link
PY0001745,AC001311,2026-06-11 16:54:04,3300.0,nach_represent
PY0001746,AC001126,2026-06-11 16:04:18,10800.0,upi_app
PY0001747,AC001255,2026-06-11 14:38:51,6100.0,upi_link
PY0001748,AC000572,2026-06-11 22:57:57,77700.0,upi_link
PY0001749,AC001466,2026-06-11 21:01:56,387600.0,cash_field
PY0001750,AC001229,2026-06-11 09:54:12,6800.0,upi_link
PY0001751,AC001738,2026-06-11 17:27:45,75900.0,upi_app
PY0001752,AC001542,2026-06-11 17:41:20,2750.0,upi_link
PY0001753,AC000699,2026-06-11 11:21:47,2550.0,upi_link
PY0001754,AC001739,2026-06-11 13:16:03,2500.0,upi_link
PY0001755,AC001125,2026-06-11 20:35:30,2100.0,upi_app
PY0001756,AC001694,2026-06-11 15:25:19,2000.0,upi_app
PY0001757,AC001498,2026-06-11 11:43:49,2000.0,upi_app
PY0001758,AC000411,2026-06-11 17:56:44,300.0,upi_link
PY0001759,AC001394,2026-06-11 14:02:18,2850.0,upi_app
PY0001760,AC000706,2026-06-12 20:48:18,5200.0,upi_link
PY0001761,AC002142,2026-06-12 10:23:04,6000.0,neft
PY0001762,AC001356,2026-06-12 11:12:36,43200.0,upi_link
PY0001763,AC002229,2026-06-12 09:07:29,9300.0,nach_represent
PY0001764,AC000494,2026-06-12 12:14:03,5700.0,nach_represent
PY0001765,AC001293,2026-06-12 22:35:45,300.0,upi_link
PY0001766,AC001228,2026-06-12 17:05:52,2600.0,upi_link
PY0001767,AC001570,2026-06-12 22:09:58,200.0,nach_represent
PY0001768,AC000881,2026-06-12 08:22:51,5900.0,upi_app
PY0001769,AC001927,2026-06-13 11:03:54,12750.0,upi_link
PY0001770,AC000382,2026-06-13 13:35:27,3800.0,upi_link
PY0001771,AC002151,2026-06-13 21:28:29,3600.0,branch_cash
PY0001772,AC001885,2026-06-13 09:31:11,5750.0,upi_link
PY0001773,AC002025,2026-06-13 20:25:22,20400.0,upi_link
PY0001774,AC001790,2026-06-13 22:12:12,23000.0,upi_link
PY0001775,AC001433,2026-06-13 18:24:05,4700.0,upi_link
PY0001776,AC000083,2026-06-13 13:52:54,1100.0,branch_cash
PY0001777,AC000804,2026-06-13 14:55:35,17600.0,nach_represent
PY0001778,AC001759,2026-06-13 10:42:30,2150.0,upi_link
PY0001779,AC001241,2026-06-13 22:12:27,2100.0,neft
PY0001780,AC001117,2026-06-13 13:25:33,2700.0,upi_link
PY0001781,AC002152,2026-06-13 13:38:03,1600.0,branch_cash
PY0001782,AC001743,2026-06-13 12:28:32,26100.0,upi_app
PY0001783,AC002253,2026-06-13 14:55:53,4600.0,upi_link
PY0001784,AC001169,2026-06-13 14:06:47,7700.0,upi_link
PY0001785,AC000226,2026-06-13 08:12:40,6700.0,bbps
PY0001786,AC001434,2026-06-13 13:09:16,3000.0,upi_link
PY0001787,AC000718,2026-06-13 13:37:57,1250.0,nach_represent
PY0001788,AC001030,2026-06-13 22:37:35,4000.0,bbps
PY0001789,AC001106,2026-06-13 12:36:16,5200.0,nach_represent
PY0001790,AC000235,2026-06-14 13:57:48,3350.0,upi_app
PY0001791,AC002075,2026-06-14 17:56:25,23600.0,upi_app
PY0001792,AC000988,2026-06-14 17:55:57,7100.0,upi_link
PY0001793,AC001622,2026-06-14 15:50:33,2550.0,branch_cash
PY0001794,AC000535,2026-06-14 09:32:49,200.0,upi_app
PY0001795,AC000622,2026-06-14 10:29:41,4700.0,upi_app
PY0001796,AC002333,2026-06-14 09:43:52,500.0,neft
PY0001797,AC002287,2026-06-14 22:05:02,800.0,upi_app
PY0001798,AC001035,2026-06-14 09:10:54,300.0,neft
PY0001799,AC000128,2026-06-14 09:15:28,2200.0,upi_link
PY0001800,AC001489,2026-06-14 17:36:46,7500.0,upi_link
PY0001801,AC001447,2026-06-14 17:20:55,54250.0,upi_link
PY0001802,AC001024,2026-06-14 17:30:18,2200.0,neft
PY0001803,AC001425,2026-06-14 22:51:19,6300.0,neft
PY0001804,AC001654,2026-06-15 09:15:03,3050.0,upi_link
PY0001805,AC002079,2026-06-15 11:11:51,300.0,bbps
PY0001806,AC000511,2026-06-15 13:27:58,3500.0,nach_represent
PY0001807,AC000527,2026-06-15 09:15:59,2900.0,nach_represent
PY0001808,AC000607,2026-06-15 12:50:32,5800.0,upi_link
PY0001809,AC000270,2026-06-15 14:19:12,800.0,nach_represent
PY0001810,AC000616,2026-06-15 19:55:46,700.0,upi_app
PY0001811,AC000657,2026-06-15 19:26:41,1400.0,upi_link
PY0001812,AC001295,2026-06-15 20:57:21,9800.0,branch_cash
PY0001813,AC001816,2026-06-15 20:44:36,9300.0,upi_link
PY0001814,AC001854,2026-06-15 08:27:07,400.0,upi_link
PY0001815,AC000307,2026-06-15 18:54:47,5000.0,cash_field
PY0001816,AC001387,2026-06-15 22:52:42,6900.0,cash_field
PY0001817,AC001533,2026-06-15 14:15:27,14900.0,upi_link
PY0001818,AC002195,2026-06-15 21:27:02,2950.0,nach_represent
PY0001819,AC002090,2026-06-15 19:03:41,56900.0,upi_app
PY0001820,AC001267,2026-06-15 09:47:04,4900.0,nach_represent
PY0001821,AC001094,2026-06-15 16:43:59,2300.0,upi_link
PY0001822,AC001076,2026-06-15 17:03:15,6300.0,branch_cash
PY0001823,AC000080,2026-06-16 13:21:14,2500.0,upi_link
PY0001824,AC000666,2026-06-16 19:20:44,10300.0,branch_cash
PY0001825,AC000541,2026-06-16 13:44:15,2300.0,branch_cash
PY0001826,AC001588,2026-06-16 08:10:41,900.0,upi_link
PY0001827,AC001158,2026-06-16 16:00:41,6000.0,upi_link
PY0001828,AC001717,2026-06-16 12:50:38,2500.0,upi_link
PY0001829,AC002071,2026-06-16 10:16:11,900.0,upi_app
PY0001830,AC000918,2026-06-16 12:48:37,57700.0,cash_field
PY0001831,AC000493,2026-06-16 15:35:06,1600.0,upi_link
PY0001832,AC000695,2026-06-16 08:29:44,2600.0,neft
PY0001833,AC000515,2026-06-16 12:20:33,1400.0,upi_link
PY0001834,AC001233,2026-06-16 19:06:05,2400.0,upi_link
PY0001835,AC000164,2026-06-16 11:26:29,17200.0,upi_app
PY0001836,AC000354,2026-06-16 18:13:22,22300.0,branch_cash
PY0001837,AC001918,2026-06-16 10:35:49,3400.0,neft
PY0001838,AC002106,2026-06-17 20:40:09,14350.0,upi_link
PY0001839,AC001950,2026-06-17 12:53:13,5200.0,upi_link
PY0001840,AC000085,2026-06-17 21:46:44,4650.0,upi_link
PY0001841,AC001847,2026-06-17 19:20:17,200.0,upi_app
PY0001842,AC000661,2026-06-17 21:36:01,6700.0,branch_cash
PY0001843,AC001140,2026-06-17 18:34:08,11400.0,upi_link
PY0001844,AC001549,2026-06-17 15:46:33,1300.0,bbps
PY0001845,AC001335,2026-06-17 17:55:58,1700.0,nach_represent
PY0001846,AC000606,2026-06-17 08:06:33,8200.0,upi_link
PY0001847,AC001669,2026-06-17 15:44:29,400.0,upi_app
PY0001848,AC001534,2026-06-17 18:26:54,5700.0,nach_represent
PY0001849,AC000181,2026-06-17 12:12:13,2300.0,neft
PY0001850,AC001583,2026-06-17 20:14:22,19400.0,upi_link
PY0001851,AC000037,2026-06-17 16:49:54,3500.0,nach_represent
PY0001852,AC000830,2026-06-17 15:41:35,17400.0,upi_app
PY0001853,AC001333,2026-06-17 15:34:20,10500.0,nach_represent
PY0001854,AC002357,2026-06-18 19:18:23,10200.0,upi_link
PY0001855,AC000946,2026-06-18 17:50:52,3800.0,upi_link
PY0001856,AC002345,2026-06-18 08:47:09,1950.0,upi_app
PY0001857,AC001532,2026-06-18 21:57:18,4900.0,cash_field
PY0001858,AC000169,2026-06-18 08:20:43,1800.0,branch_cash
PY0001859,AC001197,2026-06-18 19:25:38,10400.0,upi_link
PY0001860,AC000676,2026-06-18 15:53:50,25800.0,upi_link
PY0001861,AC001004,2026-06-18 22:13:00,2200.0,nach_represent
PY0001862,AC001174,2026-06-18 16:22:36,4350.0,neft
PY0001863,AC001242,2026-06-18 12:18:34,500.0,upi_link
PY0001864,AC001318,2026-06-18 11:41:40,300.0,branch_cash
PY0001865,AC001578,2026-06-18 19:39:48,200.0,upi_app
PY0001866,AC001624,2026-06-18 21:34:31,3800.0,nach_represent
PY0001867,AC000955,2026-06-18 19:35:49,7500.0,nach_represent
PY0001868,AC000506,2026-06-18 14:29:44,5600.0,cash_field
PY0001869,AC000375,2026-06-18 15:08:14,2000.0,branch_cash
PY0001870,AC001223,2026-06-18 19:58:25,13900.0,nach_represent
PY0001871,AC000617,2026-06-18 14:40:25,196800.0,upi_app
PY0001872,AC001704,2026-06-19 21:25:40,16450.0,upi_link
PY0001873,AC001911,2026-06-19 21:25:11,2000.0,upi_link
PY0001874,AC000992,2026-06-19 14:56:00,850.0,cash_field
PY0001875,AC000752,2026-06-19 21:04:23,1800.0,nach_represent
PY0001876,AC002304,2026-06-19 13:32:56,17800.0,upi_link
PY0001877,AC000540,2026-06-19 19:35:21,2100.0,upi_link
PY0001878,AC002119,2026-06-19 17:33:19,2700.0,upi_app
PY0001879,AC000733,2026-06-19 08:00:59,2000.0,upi_app
PY0001880,AC000172,2026-06-19 20:06:25,250.0,nach_represent
PY0001881,AC000560,2026-06-19 13:34:13,7800.0,bbps
PY0001882,AC000089,2026-06-19 16:43:32,14100.0,nach_represent
PY0001883,AC000880,2026-06-20 12:49:36,25100.0,upi_link
PY0001884,AC000853,2026-06-20 18:26:24,4000.0,cash_field
PY0001885,AC000410,2026-06-20 10:27:04,10300.0,cash_field
PY0001886,AC001515,2026-06-20 11:28:29,32300.0,upi_link
PY0001887,AC001545,2026-06-20 17:38:26,2900.0,upi_app
PY0001888,AC000140,2026-06-20 21:02:14,22800.0,upi_link
PY0001889,AC001484,2026-06-20 16:24:35,161000.0,upi_app
PY0001890,AC000615,2026-06-20 09:29:01,1700.0,neft
PY0001891,AC000913,2026-06-20 11:30:02,600.0,upi_link
PY0001892,AC002036,2026-06-20 18:33:11,3200.0,upi_link
PY0001893,AC001059,2026-06-20 13:58:32,650.0,branch_cash
PY0001894,AC002077,2026-06-20 21:27:25,4800.0,nach_represent
PY0001895,AC002191,2026-06-20 10:41:13,900.0,bbps
PY0001896,AC000597,2026-06-21 22:08:56,8000.0,upi_link
PY0001897,AC002131,2026-06-21 17:26:42,27850.0,cash_field
PY0001898,AC002227,2026-06-21 08:33:03,1100.0,cash_field
PY0001899,AC000649,2026-06-21 22:56:39,70800.0,upi_app
PY0001900,AC001898,2026-06-21 21:34:47,1600.0,bbps
PY0001901,AC002041,2026-06-21 18:47:59,1800.0,upi_app
PY0001902,AC002319,2026-06-21 14:25:52,600.0,upi_link
PY0001903,AC002239,2026-06-21 12:10:58,13100.0,upi_app
PY0001904,AC002158,2026-06-21 13:33:04,9750.0,upi_app
PY0001905,AC001679,2026-06-21 19:16:52,7200.0,upi_app
PY0001906,AC001792,2026-06-21 11:37:03,64600.0,upi_link
PY0001907,AC002103,2026-06-21 20:52:14,29400.0,upi_link
PY0001908,AC001876,2026-06-21 22:53:36,1900.0,upi_app
PY0001909,AC001297,2026-06-21 13:19:02,500.0,upi_link
PY0001910,AC002242,2026-06-21 21:08:52,800.0,upi_link
PY0001911,AC000745,2026-06-21 18:35:21,19600.0,upi_app
PY0001912,AC000514,2026-06-22 15:07:40,6150.0,upi_link
PY0001913,AC000941,2026-06-22 20:27:09,4000.0,upi_link
PY0001914,AC000541,2026-06-22 10:15:58,1200.0,nach_represent
PY0001915,AC002225,2026-06-22 11:25:19,5300.0,cash_field
PY0001916,AC002192,2026-06-22 20:58:51,12100.0,upi_app
PY0001917,AC001488,2026-06-22 08:34:12,1200.0,bbps
PY0001918,AC002256,2026-06-22 15:44:31,2850.0,upi_app
PY0001919,AC001363,2026-06-22 20:22:40,71400.0,branch_cash
PY0001920,AC001399,2026-06-22 21:33:21,1700.0,nach_represent
PY0001921,AC001955,2026-06-22 14:43:57,2700.0,branch_cash
PY0001922,AC002206,2026-06-22 12:34:32,16900.0,nach_represent
PY0001923,AC002393,2026-06-23 11:34:32,8100.0,upi_link
PY0001924,AC001546,2026-06-23 12:25:25,1200.0,neft
PY0001925,AC000127,2026-06-23 19:32:09,2500.0,branch_cash
PY0001926,AC001902,2026-06-23 17:44:07,10200.0,upi_app
PY0001927,AC002186,2026-06-23 20:25:30,2300.0,upi_app
PY0001928,AC002149,2026-06-23 13:30:43,3150.0,branch_cash
PY0001929,AC001321,2026-06-23 14:26:47,3000.0,branch_cash
PY0001930,AC002161,2026-06-23 08:57:54,500.0,neft
PY0001931,AC002187,2026-06-23 15:44:35,19100.0,upi_app
PY0001932,AC000858,2026-06-24 09:44:31,17800.0,cash_field
PY0001933,AC002156,2026-06-24 18:31:48,8050.0,upi_link
PY0001934,AC000984,2026-06-24 12:24:54,2800.0,nach_represent
PY0001935,AC002389,2026-06-24 10:53:01,3100.0,upi_link
PY0001936,AC000343,2026-06-24 10:00:46,500.0,upi_app
PY0001937,AC001267,2026-06-24 18:42:32,3000.0,nach_represent
PY0001938,AC000366,2026-06-24 16:33:09,2800.0,upi_app
PY0001939,AC001077,2026-06-24 18:39:08,17350.0,upi_link
PY0001940,AC002239,2026-06-24 10:18:05,5900.0,upi_app
PY0001941,AC001300,2026-06-24 14:30:46,3300.0,bbps
PY0001942,AC001715,2026-06-24 22:47:16,24600.0,nach_represent
PY0001943,AC001439,2026-06-24 10:10:45,4500.0,upi_app
PY0001944,AC001522,2026-06-24 22:33:45,1000.0,upi_link
PY0001945,AC002299,2026-06-24 16:57:32,1900.0,nach_represent
PY0001946,AC002096,2026-06-25 21:28:31,18200.0,upi_link
PY0001947,AC001400,2026-06-25 14:46:34,84350.0,upi_link
PY0001948,AC001290,2026-06-25 12:12:20,2000.0,upi_link
PY0001949,AC001458,2026-06-25 18:32:53,6800.0,bbps
PY0001950,AC001717,2026-06-25 22:23:32,5600.0,nach_represent
PY0001951,AC000873,2026-06-25 19:49:13,12400.0,upi_app
PY0001952,AC000374,2026-06-25 21:59:27,900.0,nach_represent
PY0001953,AC000836,2026-06-25 08:06:48,72200.0,upi_app
PY0001954,AC001833,2026-06-25 11:18:10,1400.0,upi_link
PY0001955,AC000669,2026-06-25 11:12:25,2500.0,neft
PY0001956,AC002075,2026-06-25 20:22:48,16550.0,branch_cash
PY0001957,AC000481,2026-06-25 18:01:56,4500.0,neft
PY0001958,AC000995,2026-06-25 19:53:21,1000.0,upi_app
PY0001959,AC001513,2026-06-25 20:15:19,7550.0,upi_link
PY0001960,AC001999,2026-06-25 21:03:53,11600.0,upi_app
PY0001961,AC001883,2026-06-25 19:07:43,5600.0,neft
PY0001962,AC001187,2026-06-26 21:16:30,200.0,upi_link
PY0001963,AC001684,2026-06-26 20:43:22,20650.0,upi_link
PY0001964,AC001404,2026-06-26 15:28:33,1600.0,upi_app
PY0001965,AC001916,2026-06-26 19:50:29,17450.0,upi_app
PY0001966,AC001783,2026-06-26 11:56:49,9050.0,upi_link
PY0001967,AC000293,2026-06-26 18:54:58,2900.0,upi_app
PY0001968,AC002347,2026-06-26 15:52:42,1100.0,upi_app
PY0001969,AC000675,2026-06-26 14:45:59,7000.0,cash_field
PY0001970,AC000916,2026-06-26 22:40:25,25100.0,nach_represent
PY0001971,AC000287,2026-06-26 16:56:37,400.0,upi_app
PY0001972,AC000600,2026-06-26 19:41:26,2900.0,upi_link
PY0001973,AC001043,2026-06-26 10:57:23,800.0,upi_link
PY0001974,AC000292,2026-06-26 20:56:43,52600.0,upi_link
PY0001975,AC000012,2026-06-26 16:47:20,3950.0,upi_link
PY0001976,AC001177,2026-06-26 22:57:29,5000.0,cash_field
PY0001977,AC000989,2026-06-26 15:28:31,500.0,upi_link
PY0001978,AC002199,2026-06-26 21:52:03,3200.0,neft
PY0001979,AC000118,2026-06-26 14:06:10,13950.0,nach_represent
PY0001980,AC000206,2026-06-26 14:13:48,5300.0,nach_represent
PY0001981,AC000828,2026-06-27 21:42:03,1200.0,upi_app
PY0001982,AC001027,2026-06-27 21:24:10,2100.0,upi_link
PY0001983,AC001644,2026-06-27 18:13:22,3650.0,nach_represent
PY0001984,AC000316,2026-06-27 11:18:58,45200.0,upi_link
PY0001985,AC000822,2026-06-27 09:50:55,10400.0,nach_represent
PY0001986,AC002230,2026-06-27 17:18:12,900.0,upi_link
PY0001987,AC001086,2026-06-27 12:23:27,33300.0,cash_field
PY0001988,AC001103,2026-06-27 16:25:03,38200.0,upi_link
PY0001989,AC000662,2026-06-27 19:36:34,14200.0,cash_field
PY0001990,AC001301,2026-06-27 11:45:01,32550.0,upi_app
PY0001991,AC001047,2026-06-27 22:49:23,1800.0,branch_cash
PY0001992,AC000510,2026-06-27 17:52:47,600.0,upi_link
PY0001993,AC002032,2026-06-27 16:16:53,15050.0,upi_link
PY0001994,AC002344,2026-06-27 19:19:42,70000.0,upi_link
PY0001995,AC001573,2026-06-27 08:47:21,12200.0,upi_app
PY0001996,AC001215,2026-06-27 11:12:31,5600.0,upi_link
PY0001997,AC001125,2026-06-27 17:45:03,2900.0,upi_app
PY0001998,AC001367,2026-06-27 13:56:50,5100.0,upi_app
PY0001999,AC002123,2026-06-27 09:35:29,10200.0,branch_cash
PY0002000,AC001653,2026-06-28 13:06:24,30000.0,upi_link
PY0002001,AC001716,2026-06-28 15:54:18,900.0,upi_link
PY0002002,AC000747,2026-06-28 15:08:28,6300.0,branch_cash
PY0002003,AC000230,2026-06-28 18:08:44,3700.0,branch_cash
PY0002004,AC000327,2026-06-28 12:28:06,55900.0,upi_app
PY0002005,AC001574,2026-06-28 18:40:31,21200.0,upi_link
PY0002006,AC000265,2026-06-28 17:02:36,4100.0,nach_represent
PY0002007,AC000435,2026-06-28 16:12:01,4300.0,upi_link
PY0002008,AC001621,2026-06-28 11:47:14,500.0,neft
PY0002009,AC002168,2026-06-28 17:44:16,6300.0,cash_field
PY0002010,AC001223,2026-06-28 18:22:11,6000.0,branch_cash
PY0002011,AC001209,2026-06-28 09:51:24,13550.0,branch_cash
PY0002012,AC000837,2026-06-28 20:12:27,18900.0,upi_link
PY0002013,AC000503,2026-06-29 08:23:01,11200.0,upi_link
PY0002014,AC000291,2026-06-29 08:03:17,10100.0,cash_field
PY0002015,AC000688,2026-06-29 16:30:43,13950.0,upi_link
PY0002016,AC001685,2026-06-29 19:39:30,73800.0,branch_cash
PY0002017,AC001204,2026-06-29 08:26:47,58400.0,nach_represent
PY0002018,AC000696,2026-06-29 18:28:42,15750.0,upi_link
PY0002019,AC002107,2026-06-29 10:14:53,7000.0,upi_link
PY0002020,AC001775,2026-06-29 18:34:09,300.0,upi_app
PY0002021,AC001604,2026-06-29 09:14:12,2200.0,upi_link
PY0002022,AC001983,2026-06-29 18:01:05,3000.0,cash_field
PY0002023,AC001739,2026-06-29 08:15:25,700.0,upi_app
PY0002024,AC001554,2026-06-30 11:13:19,2800.0,bbps
PY0002025,AC001220,2026-06-30 13:02:37,9050.0,branch_cash
PY0002026,AC001840,2026-06-30 09:23:49,150.0,nach_represent
PY0002027,AC000373,2026-06-30 17:26:19,25500.0,upi_link
PY0002028,AC001873,2026-06-30 13:58:37,12700.0,upi_link
PY0002029,AC001351,2026-06-30 19:12:13,1700.0,upi_app
PY0002030,AC001971,2026-06-30 17:38:44,9100.0,upi_link
PY0002031,AC001018,2026-06-30 21:36:09,1450.0,upi_link
PY0002032,AC001775,2026-06-30 19:53:23,800.0,upi_link
PY0002033,AC000701,2026-06-30 16:57:04,5400.0,cash_field
PY0002034,AC002398,2026-06-30 19:41:37,5900.0,upi_link
PY0002035,AC000754,2026-06-30 22:15:36,350.0,nach_represent
PY0002036,AC001997,2026-06-30 19:16:31,53200.0,nach_represent
PY0002037,AC001854,2026-06-30 19:24:22,500.0,bbps
PY0002038,AC002327,2026-06-30 19:54:04,1200.0,upi_link
PY0002039,AC001475,2026-07-01 17:50:04,10900.0,neft
PY0002040,AC000116,2026-07-01 15:22:16,12100.0,upi_app
PY0002041,AC000664,2026-07-01 15:12:55,3400.0,upi_app
PY0002042,AC002198,2026-07-01 19:51:54,1550.0,upi_link
PY0002043,AC001766,2026-07-01 15:22:30,2800.0,cash_field
PY0002044,AC000060,2026-07-01 08:50:20,17500.0,upi_app
PY0002045,AC001991,2026-07-01 12:05:45,700.0,nach_represent
PY0002046,AC001609,2026-07-01 21:51:09,6100.0,upi_app
PY0002047,AC001961,2026-07-01 11:43:38,180000.0,neft
PY0002048,AC001228,2026-07-01 19:22:16,800.0,upi_link
PY0002049,AC002069,2026-07-01 22:07:30,78100.0,upi_link
PY0002050,AC000091,2026-07-02 10:36:39,11900.0,upi_app
PY0002051,AC002311,2026-07-02 08:09:42,3600.0,upi_link
PY0002052,AC000728,2026-07-02 14:58:30,4200.0,branch_cash
PY0002053,AC000088,2026-07-02 08:45:28,11150.0,nach_represent
PY0002054,AC000209,2026-07-02 10:10:30,1400.0,upi_app
PY0002055,AC001198,2026-07-02 09:46:45,7700.0,neft
PY0002056,AC002300,2026-07-02 21:20:21,4700.0,branch_cash
PY0002057,AC001642,2026-07-02 22:06:25,11300.0,upi_link
PY0002058,AC001950,2026-07-02 12:41:36,2100.0,upi_link
PY0002059,AC000442,2026-07-02 21:24:39,17000.0,bbps
PY0002060,AC001492,2026-07-02 11:48:20,2600.0,nach_represent
PY0002061,AC001746,2026-07-03 12:33:29,12600.0,nach_represent
PY0002062,AC002203,2026-07-03 16:16:57,4100.0,nach_represent
PY0002063,AC001812,2026-07-03 12:00:44,60200.0,cash_field
PY0002064,AC002294,2026-07-03 20:31:24,6300.0,neft
PY0002065,AC002172,2026-07-03 19:07:09,4700.0,upi_app
PY0002066,AC001460,2026-07-03 18:35:18,22600.0,nach_represent
PY0002067,AC001938,2026-07-03 11:46:22,4550.0,upi_link
PY0002068,AC001383,2026-07-03 11:18:42,34400.0,cash_field
PY0002069,AC001727,2026-07-03 17:12:09,31600.0,nach_represent
PY0002070,AC001815,2026-07-03 18:48:29,500.0,upi_link
PY0002071,AC001326,2026-07-03 20:30:40,2100.0,upi_link
PY0002072,AC001897,2026-07-03 14:50:15,1000.0,cash_field
PY0002073,AC000134,2026-07-03 19:09:25,4400.0,upi_link
PY0002074,AC000244,2026-07-03 20:48:26,15050.0,neft
PY0002075,AC000273,2026-07-04 20:36:09,2400.0,upi_link
PY0002076,AC000198,2026-07-04 12:50:06,1700.0,upi_link
PY0002077,AC000621,2026-07-04 08:26:17,15000.0,cash_field
PY0002078,AC000317,2026-07-04 11:49:16,24500.0,upi_link
PY0002079,AC000883,2026-07-04 14:27:35,2700.0,branch_cash
PY0002080,AC000109,2026-07-04 22:55:45,3200.0,upi_link
PY0002081,AC001571,2026-07-04 18:12:52,41300.0,bbps
PY0002082,AC001185,2026-07-04 10:36:22,2700.0,upi_link
PY0002083,AC001870,2026-07-04 09:15:00,2500.0,cash_field
PY0002084,AC000557,2026-07-05 11:51:28,3300.0,nach_represent
PY0002085,AC000545,2026-07-05 10:56:57,21300.0,upi_link
PY0002086,AC001836,2026-07-05 08:39:12,650.0,nach_represent
PY0002087,AC000666,2026-07-05 12:38:47,14400.0,upi_link
PY0002088,AC000351,2026-07-05 09:43:46,7600.0,upi_app
PY0002089,AC001147,2026-07-05 10:10:32,6900.0,upi_link
PY0002090,AC000009,2026-07-05 16:21:45,17400.0,upi_link
PY0002091,AC000221,2026-07-05 15:08:07,13200.0,upi_link
PY0002092,AC001021,2026-07-05 14:13:43,6550.0,upi_app
PY0002093,AC001686,2026-07-05 10:42:52,300.0,branch_cash
PY0002094,AC000379,2026-07-05 18:10:02,300.0,upi_app
PY0002095,AC001480,2026-07-05 09:45:05,1200.0,upi_link
PY0002096,AC001532,2026-07-05 16:00:18,10600.0,bbps
PY0002097,AC001373,2026-07-05 14:02:19,6600.0,upi_app
PY0002098,AC002116,2026-07-05 11:37:09,5600.0,upi_link
PY0002099,AC000568,2026-07-05 10:50:25,2700.0,upi_app
PY0002100,AC000538,2026-07-06 21:08:27,3500.0,neft
PY0002101,AC001327,2026-07-06 21:01:41,20000.0,upi_link
PY0002102,AC002360,2026-07-06 13:17:28,1600.0,upi_link
PY0002103,AC000965,2026-07-06 14:15:37,1200.0,upi_link
PY0002104,AC002205,2026-07-06 21:20:01,3700.0,upi_link
PY0002105,AC001104,2026-07-06 11:10:03,5500.0,upi_link
PY0002106,AC001723,2026-07-06 16:31:53,28350.0,nach_represent
PY0002107,AC001190,2026-07-06 16:55:24,700.0,upi_app
PY0002108,AC000842,2026-07-06 12:47:48,13900.0,upi_link
PY0002109,AC001337,2026-07-06 13:33:59,5200.0,upi_link
PY0002110,AC002282,2026-07-06 21:54:37,1700.0,upi_link
PY0002111,AC000479,2026-07-07 19:36:49,2300.0,cash_field
PY0002112,AC000893,2026-07-07 18:24:15,143000.0,upi_link
PY0002113,AC001435,2026-07-07 19:08:18,26250.0,nach_represent
PY0002114,AC000459,2026-07-07 10:57:51,2350.0,upi_link
PY0002115,AC001078,2026-07-07 22:02:52,3000.0,neft
PY0002116,AC000193,2026-07-07 16:51:17,500.0,neft
PY0002117,AC000852,2026-07-07 10:46:59,1100.0,upi_link
PY0002118,AC000151,2026-07-07 20:55:39,2800.0,upi_link
PY0002119,AC000415,2026-07-08 17:37:58,9850.0,upi_link
PY0002120,AC002056,2026-07-08 13:31:39,3800.0,upi_link
PY0002121,AC001536,2026-07-08 19:51:49,14400.0,upi_app
PY0002122,AC001607,2026-07-08 08:38:58,171600.0,upi_app
PY0002123,AC002065,2026-07-08 16:32:11,48600.0,upi_link
PY0002124,AC000314,2026-07-08 08:06:52,1450.0,upi_link
PY0002125,AC001570,2026-07-08 12:55:02,300.0,upi_app
PY0002126,AC002357,2026-07-08 22:37:04,6100.0,upi_link
PY0002127,AC000746,2026-07-08 09:48:54,6400.0,upi_link
PY0002128,AC002299,2026-07-09 20:39:07,2400.0,upi_link
PY0002129,AC002177,2026-07-09 14:04:31,600.0,upi_app
PY0002130,AC000674,2026-07-09 14:13:24,25700.0,nach_represent
PY0002131,AC001350,2026-07-09 14:53:28,30900.0,bbps
PY0002132,AC001516,2026-07-09 11:06:34,12200.0,branch_cash
PY0002133,AC001827,2026-07-10 15:42:54,800.0,upi_link
PY0002134,AC000938,2026-07-10 15:46:16,2950.0,upi_app
PY0002135,AC001079,2026-07-10 13:28:46,13850.0,nach_represent
PY0002136,AC001170,2026-07-10 18:23:41,500.0,upi_app
PY0002137,AC001255,2026-07-10 14:17:32,5400.0,upi_app
PY0002138,AC002233,2026-07-10 18:19:42,2900.0,upi_link
PY0002139,AC000040,2026-07-10 19:19:42,47900.0,bbps
PY0002140,AC000570,2026-07-10 18:13:18,10050.0,nach_represent
PY0002141,AC000838,2026-07-11 21:53:32,39800.0,upi_app
PY0002142,AC000885,2026-07-11 16:33:53,8700.0,upi_app
PY0002143,AC002040,2026-07-11 21:51:19,4450.0,upi_link
PY0002144,AC001406,2026-07-11 18:37:04,57800.0,cash_field
PY0002145,AC000953,2026-07-12 13:39:42,94000.0,cash_field
PY0002146,AC000769,2026-07-12 22:47:30,6750.0,upi_link
PY0002147,AC001008,2026-07-12 11:06:29,500.0,nach_represent
PY0002148,AC001671,2026-07-12 15:15:59,650.0,branch_cash
PY0002149,AC000361,2026-07-12 19:59:34,33600.0,upi_link
PY0002150,AC001657,2026-07-13 19:25:56,8250.0,nach_represent
PY0002151,AC000629,2026-07-13 17:04:33,1700.0,nach_represent
PY0002152,AC000519,2026-07-14 08:10:26,8300.0,upi_link
PY0002153,AC000382,2026-07-14 12:28:59,1100.0,branch_cash
PY0002154,AC000802,2026-07-14 19:29:47,1700.0,upi_link
PY0002155,AC001658,2026-07-16 18:37:43,7550.0,cash_field
PY0002156,AC001632,2026-07-16 10:21:34,2800.0,branch_cash
PY0002157,AC001994,2026-07-17 22:13:15,3600.0,neft
PY0002158,AC000787,2026-07-17 20:07:04,22400.0,nach_represent
PY0002159,AC002073,2026-07-18 12:33:37,1650.0,upi_link
PY0002160,AC000433,2026-07-20 11:48:23,1100.0,upi_link
PY0002161,AC000206,2026-07-20 18:34:38,1350.0,upi_link
PY0002162,AC000190,2026-07-24 19:38:32,27900.0,cash_field
